========================================
Job ID: 723386
Node: andreas-h100-1
GPUs: 1
Mode: ns2_ftrl_eta0p1
Start Time: Fri Apr 24 08:32:20 EDT 2026
========================================
Fri Apr 24 08:32:20 2026       
+-----------------------------------------------------------------------------------------+
| NVIDIA-SMI 575.57.08              Driver Version: 575.57.08      CUDA Version: 12.9     |
|-----------------------------------------+------------------------+----------------------+
| GPU  Name                 Persistence-M | Bus-Id          Disp.A | Volatile Uncorr. ECC |
| Fan  Temp   Perf          Pwr:Usage/Cap |           Memory-Usage | GPU-Util  Compute M. |
|                                         |                        |               MIG M. |
|=========================================+========================+======================|
|   0  NVIDIA H100 NVL                On  |   00000000:21:00.0 Off |                    0 |
| N/A   47C    P0             63W /  400W |       0MiB /  95830MiB |      0%      Default |
|                                         |                        |             Disabled |
+-----------------------------------------+------------------------+----------------------+
                                                                                         
+-----------------------------------------------------------------------------------------+
| Processes:                                                                              |
|  GPU   GI   CI              PID   Type   Process name                        GPU Memory |
|        ID   ID                                                               Usage      |
|=========================================================================================|
|  No running processes found                                                             |
+-----------------------------------------------------------------------------------------+
Starting ablation mode: ns2_ftrl_eta0p1 (matrix-lr=0.02)

                                                       █████                █████
                                                      ░░███                ░░███
     ████████    ██████   ████████    ██████   ██████  ░███████    ██████  ███████
    ░░███░░███  ░░░░░███ ░░███░░███  ███░░███ ███░░███ ░███░░███  ░░░░░███░░░███░
     ░███ ░███   ███████  ░███ ░███ ░███ ░███░███ ░░░  ░███ ░███   ███████  ░███
     ░███ ░███  ███░░███  ░███ ░███ ░███ ░███░███  ███ ░███ ░███  ███░░███  ░███ ███
     ████ █████░░████████ ████ █████░░██████ ░░██████  ████ █████░░███████  ░░█████
    ░░░░ ░░░░░  ░░░░░░░░ ░░░░ ░░░░░  ░░░░░░   ░░░░░░  ░░░░ ░░░░░  ░░░░░░░░   ░░░░░
    
Update mode: ns2_ftrl_eta0p1
Autodetected device type: cuda
GPU: NVIDIA H100 NVL | Peak FLOPS (BF16): 8.35e+14
✓ Using Flash Attention 3 (Hopper GPU detected)
Vocab size: 65,536
Model config:
{
  "sequence_len": 2048,
  "vocab_size": 65536,
  "n_layer": 12,
  "n_head": 6,
  "n_kv_head": 6,
  "n_embd": 768,
  "window_pattern": "SSSL"
}
Parameter counts:
wte                     : 50,331,648
value_embeds            : 301,989,888
lm_head                 : 50,331,648
transformer_matrices    : 84,935,808
scalars                 : 24
total                   : 487,589,016
Auto-computed optimal batch size: 524,288 tokens
dmodel_lr_scale: 1.000000
Using user-provided number of iterations: 2,205
Total training tokens: 1,156,055,040
Tokens:Scaling params ratio: 8.55
Total FLOPs estimate: 1.101908e+18
Grad accum steps: 8
Step 00000 | val bpb: 3.254653
step 00000/02205 (0.00%) [ns2_ftrl_eta0p1] | loss: 11.090001 | lrm: 1.00 | dt: 20329.86ms | tok/s: 25,789 | mfu: 2.94 | epoch: 1
step 00001/02205 (0.05%) [ns2_ftrl_eta0p1] | loss: 10.841042 | lrm: 1.00 | dt: 1596.87ms | tok/s: 328,322 | mfu: 37.48 | epoch: 1
step 00002/02205 (0.09%) [ns2_ftrl_eta0p1] | loss: 10.133711 | lrm: 1.00 | dt: 1598.26ms | tok/s: 328,036 | mfu: 37.45 | epoch: 1
step 00003/02205 (0.14%) [ns2_ftrl_eta0p1] | loss: 9.592337 | lrm: 1.00 | dt: 1590.87ms | tok/s: 329,559 | mfu: 37.62 | epoch: 1
step 00004/02205 (0.18%) [ns2_ftrl_eta0p1] | loss: 9.049885 | lrm: 1.00 | dt: 1593.49ms | tok/s: 329,019 | mfu: 37.56 | epoch: 1
step 00005/02205 (0.23%) [ns2_ftrl_eta0p1] | loss: 8.633488 | lrm: 1.00 | dt: 1601.06ms | tok/s: 327,462 | mfu: 37.38 | epoch: 1
step 00006/02205 (0.27%) [ns2_ftrl_eta0p1] | loss: 8.324736 | lrm: 1.00 | dt: 1596.57ms | tok/s: 328,383 | mfu: 37.49 | epoch: 1
step 00007/02205 (0.32%) [ns2_ftrl_eta0p1] | loss: 8.072425 | lrm: 1.00 | dt: 1593.30ms | tok/s: 329,057 | mfu: 37.56 | epoch: 1
step 00008/02205 (0.36%) [ns2_ftrl_eta0p1] | loss: 7.867109 | lrm: 1.00 | dt: 1602.50ms | tok/s: 327,169 | mfu: 37.35 | epoch: 1
step 00009/02205 (0.41%) [ns2_ftrl_eta0p1] | loss: 7.679778 | lrm: 1.00 | dt: 1601.52ms | tok/s: 327,368 | mfu: 37.37 | epoch: 1
step 00010/02205 (0.45%) [ns2_ftrl_eta0p1] | loss: 7.506889 | lrm: 1.00 | dt: 1608.18ms | tok/s: 326,014 | mfu: 37.21 | epoch: 1
step 00011/02205 (0.50%) [ns2_ftrl_eta0p1] | loss: 7.366120 | lrm: 1.00 | dt: 1605.03ms | tok/s: 326,652 | mfu: 37.29 | epoch: 1 | eta: 58.7m
step 00012/02205 (0.54%) [ns2_ftrl_eta0p1] | loss: 7.244447 | lrm: 1.00 | dt: 1611.66ms | tok/s: 325,309 | mfu: 37.13 | epoch: 1 | eta: 58.8m
step 00013/02205 (0.59%) [ns2_ftrl_eta0p1] | loss: 7.124333 | lrm: 1.00 | dt: 1616.18ms | tok/s: 324,399 | mfu: 37.03 | epoch: 1 | eta: 58.9m
step 00014/02205 (0.63%) [ns2_ftrl_eta0p1] | loss: 7.031304 | lrm: 1.00 | dt: 1606.76ms | tok/s: 326,301 | mfu: 37.25 | epoch: 1 | eta: 58.8m
step 00015/02205 (0.68%) [ns2_ftrl_eta0p1] | loss: 6.928491 | lrm: 1.00 | dt: 1620.94ms | tok/s: 323,446 | mfu: 36.92 | epoch: 1 | eta: 58.8m
step 00016/02205 (0.73%) [ns2_ftrl_eta0p1] | loss: 6.846368 | lrm: 1.00 | dt: 1610.81ms | tok/s: 325,481 | mfu: 37.15 | epoch: 1 | eta: 58.8m
step 00017/02205 (0.77%) [ns2_ftrl_eta0p1] | loss: 6.773906 | lrm: 1.00 | dt: 1612.29ms | tok/s: 325,181 | mfu: 37.12 | epoch: 1 | eta: 58.8m
step 00018/02205 (0.82%) [ns2_ftrl_eta0p1] | loss: 6.714907 | lrm: 1.00 | dt: 1622.14ms | tok/s: 323,208 | mfu: 36.89 | epoch: 1 | eta: 58.8m
step 00019/02205 (0.86%) [ns2_ftrl_eta0p1] | loss: 6.651638 | lrm: 1.00 | dt: 1624.54ms | tok/s: 322,729 | mfu: 36.84 | epoch: 1 | eta: 58.8m
step 00020/02205 (0.91%) [ns2_ftrl_eta0p1] | loss: 6.597440 | lrm: 1.00 | dt: 1616.82ms | tok/s: 324,271 | mfu: 37.02 | epoch: 1 | eta: 58.8m
step 00021/02205 (0.95%) [ns2_ftrl_eta0p1] | loss: 6.543363 | lrm: 1.00 | dt: 1609.58ms | tok/s: 325,729 | mfu: 37.18 | epoch: 1 | eta: 58.8m
step 00022/02205 (1.00%) [ns2_ftrl_eta0p1] | loss: 6.495433 | lrm: 1.00 | dt: 1621.18ms | tok/s: 323,399 | mfu: 36.92 | epoch: 1 | eta: 58.8m
step 00023/02205 (1.04%) [ns2_ftrl_eta0p1] | loss: 6.461532 | lrm: 1.00 | dt: 1638.66ms | tok/s: 319,949 | mfu: 36.52 | epoch: 1 | eta: 58.8m
step 00024/02205 (1.09%) [ns2_ftrl_eta0p1] | loss: 6.417649 | lrm: 1.00 | dt: 1616.77ms | tok/s: 324,281 | mfu: 37.02 | epoch: 1 | eta: 58.8m
step 00025/02205 (1.13%) [ns2_ftrl_eta0p1] | loss: 6.386526 | lrm: 1.00 | dt: 1633.90ms | tok/s: 320,880 | mfu: 36.63 | epoch: 1 | eta: 58.8m
step 00026/02205 (1.18%) [ns2_ftrl_eta0p1] | loss: 6.343964 | lrm: 1.00 | dt: 1632.35ms | tok/s: 321,185 | mfu: 36.66 | epoch: 1 | eta: 58.8m
step 00027/02205 (1.22%) [ns2_ftrl_eta0p1] | loss: 6.317090 | lrm: 1.00 | dt: 1624.87ms | tok/s: 322,664 | mfu: 36.83 | epoch: 1 | eta: 58.8m
step 00028/02205 (1.27%) [ns2_ftrl_eta0p1] | loss: 6.284370 | lrm: 1.00 | dt: 1640.93ms | tok/s: 319,505 | mfu: 36.47 | epoch: 1 | eta: 58.8m
step 00029/02205 (1.32%) [ns2_ftrl_eta0p1] | loss: 6.250533 | lrm: 1.00 | dt: 1631.27ms | tok/s: 321,397 | mfu: 36.69 | epoch: 1 | eta: 58.8m
step 00030/02205 (1.36%) [ns2_ftrl_eta0p1] | loss: 6.218409 | lrm: 1.00 | dt: 1638.18ms | tok/s: 320,043 | mfu: 36.53 | epoch: 1 | eta: 58.8m
step 00031/02205 (1.41%) [ns2_ftrl_eta0p1] | loss: 6.185695 | lrm: 1.00 | dt: 1646.37ms | tok/s: 318,451 | mfu: 36.35 | epoch: 1 | eta: 58.8m
step 00032/02205 (1.45%) [ns2_ftrl_eta0p1] | loss: 6.155052 | lrm: 1.00 | dt: 1645.97ms | tok/s: 318,528 | mfu: 36.36 | epoch: 1 | eta: 58.8m
step 00033/02205 (1.50%) [ns2_ftrl_eta0p1] | loss: 6.126888 | lrm: 1.00 | dt: 1643.99ms | tok/s: 318,911 | mfu: 36.40 | epoch: 1 | eta: 58.8m
step 00034/02205 (1.54%) [ns2_ftrl_eta0p1] | loss: 6.097692 | lrm: 1.00 | dt: 1648.34ms | tok/s: 318,070 | mfu: 36.31 | epoch: 1 | eta: 58.8m
step 00035/02205 (1.59%) [ns2_ftrl_eta0p1] | loss: 6.076177 | lrm: 1.00 | dt: 1635.66ms | tok/s: 320,535 | mfu: 36.59 | epoch: 1 | eta: 58.8m
step 00036/02205 (1.63%) [ns2_ftrl_eta0p1] | loss: 6.047458 | lrm: 1.00 | dt: 1650.96ms | tok/s: 317,565 | mfu: 36.25 | epoch: 1 | eta: 58.8m
step 00037/02205 (1.68%) [ns2_ftrl_eta0p1] | loss: 6.022350 | lrm: 1.00 | dt: 1632.86ms | tok/s: 321,085 | mfu: 36.65 | epoch: 1 | eta: 58.8m
step 00038/02205 (1.72%) [ns2_ftrl_eta0p1] | loss: 5.996214 | lrm: 1.00 | dt: 1640.57ms | tok/s: 319,576 | mfu: 36.48 | epoch: 1 | eta: 58.8m
step 00039/02205 (1.77%) [ns2_ftrl_eta0p1] | loss: 5.976153 | lrm: 1.00 | dt: 1642.30ms | tok/s: 319,240 | mfu: 36.44 | epoch: 1 | eta: 58.8m
step 00040/02205 (1.81%) [ns2_ftrl_eta0p1] | loss: 5.944590 | lrm: 1.00 | dt: 1645.10ms | tok/s: 318,697 | mfu: 36.38 | epoch: 1 | eta: 58.8m
step 00041/02205 (1.86%) [ns2_ftrl_eta0p1] | loss: 5.913274 | lrm: 1.00 | dt: 1645.73ms | tok/s: 318,575 | mfu: 36.37 | epoch: 1 | eta: 58.8m
step 00042/02205 (1.90%) [ns2_ftrl_eta0p1] | loss: 5.887302 | lrm: 1.00 | dt: 1650.20ms | tok/s: 317,712 | mfu: 36.27 | epoch: 1 | eta: 58.8m
step 00043/02205 (1.95%) [ns2_ftrl_eta0p1] | loss: 5.864969 | lrm: 1.00 | dt: 1645.92ms | tok/s: 318,537 | mfu: 36.36 | epoch: 1 | eta: 58.8m
step 00044/02205 (2.00%) [ns2_ftrl_eta0p1] | loss: 5.847276 | lrm: 1.00 | dt: 1648.01ms | tok/s: 318,134 | mfu: 36.32 | epoch: 1 | eta: 58.7m
step 00045/02205 (2.04%) [ns2_ftrl_eta0p1] | loss: 5.823424 | lrm: 1.00 | dt: 1656.78ms | tok/s: 316,449 | mfu: 36.12 | epoch: 1 | eta: 58.7m
step 00046/02205 (2.09%) [ns2_ftrl_eta0p1] | loss: 5.793487 | lrm: 1.00 | dt: 1654.18ms | tok/s: 316,946 | mfu: 36.18 | epoch: 1 | eta: 58.7m
step 00047/02205 (2.13%) [ns2_ftrl_eta0p1] | loss: 5.771496 | lrm: 1.00 | dt: 1654.77ms | tok/s: 316,834 | mfu: 36.17 | epoch: 1 | eta: 58.7m
step 00048/02205 (2.18%) [ns2_ftrl_eta0p1] | loss: 5.750866 | lrm: 1.00 | dt: 1655.11ms | tok/s: 316,770 | mfu: 36.16 | epoch: 1 | eta: 58.7m
step 00049/02205 (2.22%) [ns2_ftrl_eta0p1] | loss: 5.730267 | lrm: 1.00 | dt: 1653.25ms | tok/s: 317,125 | mfu: 36.20 | epoch: 1 | eta: 58.7m
step 00050/02205 (2.27%) [ns2_ftrl_eta0p1] | loss: 5.706014 | lrm: 1.00 | dt: 1653.70ms | tok/s: 317,038 | mfu: 36.19 | epoch: 1 | eta: 58.7m
step 00051/02205 (2.31%) [ns2_ftrl_eta0p1] | loss: 5.674473 | lrm: 1.00 | dt: 1653.23ms | tok/s: 317,129 | mfu: 36.20 | epoch: 1 | eta: 58.7m
step 00052/02205 (2.36%) [ns2_ftrl_eta0p1] | loss: 5.648678 | lrm: 1.00 | dt: 1652.74ms | tok/s: 317,223 | mfu: 36.21 | epoch: 1 | eta: 58.7m
step 00053/02205 (2.40%) [ns2_ftrl_eta0p1] | loss: 5.631893 | lrm: 1.00 | dt: 1656.76ms | tok/s: 316,454 | mfu: 36.12 | epoch: 1 | eta: 58.7m
step 00054/02205 (2.45%) [ns2_ftrl_eta0p1] | loss: 5.621140 | lrm: 1.00 | dt: 1666.02ms | tok/s: 314,695 | mfu: 35.92 | epoch: 1 | eta: 58.7m
step 00055/02205 (2.49%) [ns2_ftrl_eta0p1] | loss: 5.603375 | lrm: 1.00 | dt: 1660.43ms | tok/s: 315,753 | mfu: 36.04 | epoch: 1 | eta: 58.7m
step 00056/02205 (2.54%) [ns2_ftrl_eta0p1] | loss: 5.586330 | lrm: 1.00 | dt: 1665.38ms | tok/s: 314,815 | mfu: 35.94 | epoch: 1 | eta: 58.7m
step 00057/02205 (2.59%) [ns2_ftrl_eta0p1] | loss: 5.563426 | lrm: 1.00 | dt: 1661.69ms | tok/s: 315,514 | mfu: 36.02 | epoch: 1 | eta: 58.7m
step 00058/02205 (2.63%) [ns2_ftrl_eta0p1] | loss: 5.549673 | lrm: 1.00 | dt: 1663.15ms | tok/s: 315,238 | mfu: 35.98 | epoch: 1 | eta: 58.6m
step 00059/02205 (2.68%) [ns2_ftrl_eta0p1] | loss: 5.539107 | lrm: 1.00 | dt: 1661.91ms | tok/s: 315,473 | mfu: 36.01 | epoch: 1 | eta: 58.6m
step 00060/02205 (2.72%) [ns2_ftrl_eta0p1] | loss: 5.514374 | lrm: 1.00 | dt: 1668.90ms | tok/s: 314,151 | mfu: 35.86 | epoch: 1 | eta: 58.6m
step 00061/02205 (2.77%) [ns2_ftrl_eta0p1] | loss: 5.498334 | lrm: 1.00 | dt: 1663.25ms | tok/s: 315,218 | mfu: 35.98 | epoch: 1 | eta: 58.6m
step 00062/02205 (2.81%) [ns2_ftrl_eta0p1] | loss: 5.489206 | lrm: 1.00 | dt: 1660.95ms | tok/s: 315,654 | mfu: 36.03 | epoch: 1 | eta: 58.6m
step 00063/02205 (2.86%) [ns2_ftrl_eta0p1] | loss: 5.482165 | lrm: 1.00 | dt: 1670.38ms | tok/s: 313,874 | mfu: 35.83 | epoch: 1 | eta: 58.6m
step 00064/02205 (2.90%) [ns2_ftrl_eta0p1] | loss: 5.473778 | lrm: 1.00 | dt: 1667.69ms | tok/s: 314,378 | mfu: 35.89 | epoch: 1 | eta: 58.6m
step 00065/02205 (2.95%) [ns2_ftrl_eta0p1] | loss: 5.467886 | lrm: 1.00 | dt: 1664.69ms | tok/s: 314,946 | mfu: 35.95 | epoch: 1 | eta: 58.6m
step 00066/02205 (2.99%) [ns2_ftrl_eta0p1] | loss: 5.442184 | lrm: 1.00 | dt: 1666.57ms | tok/s: 314,591 | mfu: 35.91 | epoch: 1 | eta: 58.6m
step 00067/02205 (3.04%) [ns2_ftrl_eta0p1] | loss: 5.421886 | lrm: 1.00 | dt: 1668.76ms | tok/s: 314,178 | mfu: 35.86 | epoch: 1 | eta: 58.5m
step 00068/02205 (3.08%) [ns2_ftrl_eta0p1] | loss: 5.404584 | lrm: 1.00 | dt: 1665.47ms | tok/s: 314,798 | mfu: 35.93 | epoch: 1 | eta: 58.5m
step 00069/02205 (3.13%) [ns2_ftrl_eta0p1] | loss: 5.384820 | lrm: 1.00 | dt: 1668.09ms | tok/s: 314,303 | mfu: 35.88 | epoch: 1 | eta: 58.5m
step 00070/02205 (3.17%) [ns2_ftrl_eta0p1] | loss: 5.367473 | lrm: 1.00 | dt: 1670.80ms | tok/s: 313,794 | mfu: 35.82 | epoch: 1 | eta: 58.5m
step 00071/02205 (3.22%) [ns2_ftrl_eta0p1] | loss: 5.365162 | lrm: 1.00 | dt: 1673.42ms | tok/s: 313,302 | mfu: 35.76 | epoch: 1 | eta: 58.5m
step 00072/02205 (3.27%) [ns2_ftrl_eta0p1] | loss: 5.346654 | lrm: 1.00 | dt: 1666.66ms | tok/s: 314,574 | mfu: 35.91 | epoch: 1 | eta: 58.5m
step 00073/02205 (3.31%) [ns2_ftrl_eta0p1] | loss: 5.324613 | lrm: 1.00 | dt: 1668.72ms | tok/s: 314,185 | mfu: 35.86 | epoch: 1 | eta: 58.5m
step 00074/02205 (3.36%) [ns2_ftrl_eta0p1] | loss: 5.302500 | lrm: 1.00 | dt: 1664.96ms | tok/s: 314,895 | mfu: 35.95 | epoch: 1 | eta: 58.5m
step 00075/02205 (3.40%) [ns2_ftrl_eta0p1] | loss: 5.283865 | lrm: 1.00 | dt: 1677.75ms | tok/s: 312,494 | mfu: 35.67 | epoch: 1 | eta: 58.4m
step 00076/02205 (3.45%) [ns2_ftrl_eta0p1] | loss: 5.272341 | lrm: 1.00 | dt: 1674.27ms | tok/s: 313,143 | mfu: 35.75 | epoch: 1 | eta: 58.4m
step 00077/02205 (3.49%) [ns2_ftrl_eta0p1] | loss: 5.257905 | lrm: 1.00 | dt: 1675.90ms | tok/s: 312,840 | mfu: 35.71 | epoch: 1 | eta: 58.4m
step 00078/02205 (3.54%) [ns2_ftrl_eta0p1] | loss: 5.242946 | lrm: 1.00 | dt: 1673.00ms | tok/s: 313,382 | mfu: 35.77 | epoch: 1 | eta: 58.4m
step 00079/02205 (3.58%) [ns2_ftrl_eta0p1] | loss: 5.225328 | lrm: 1.00 | dt: 1673.81ms | tok/s: 313,230 | mfu: 35.76 | epoch: 1 | eta: 58.4m
step 00080/02205 (3.63%) [ns2_ftrl_eta0p1] | loss: 5.215878 | lrm: 1.00 | dt: 1670.65ms | tok/s: 313,821 | mfu: 35.82 | epoch: 1 | eta: 58.4m
step 00081/02205 (3.67%) [ns2_ftrl_eta0p1] | loss: 5.210304 | lrm: 1.00 | dt: 1674.41ms | tok/s: 313,117 | mfu: 35.74 | epoch: 1 | eta: 58.4m
step 00082/02205 (3.72%) [ns2_ftrl_eta0p1] | loss: 5.198648 | lrm: 1.00 | dt: 1669.21ms | tok/s: 314,094 | mfu: 35.85 | epoch: 1 | eta: 58.3m
step 00083/02205 (3.76%) [ns2_ftrl_eta0p1] | loss: 5.189983 | lrm: 1.00 | dt: 1674.88ms | tok/s: 313,029 | mfu: 35.73 | epoch: 1 | eta: 58.3m
step 00084/02205 (3.81%) [ns2_ftrl_eta0p1] | loss: 5.185167 | lrm: 1.00 | dt: 1674.17ms | tok/s: 313,163 | mfu: 35.75 | epoch: 1 | eta: 58.3m
step 00085/02205 (3.85%) [ns2_ftrl_eta0p1] | loss: 5.171890 | lrm: 1.00 | dt: 1674.78ms | tok/s: 313,048 | mfu: 35.73 | epoch: 1 | eta: 58.3m
step 00086/02205 (3.90%) [ns2_ftrl_eta0p1] | loss: 5.153986 | lrm: 1.00 | dt: 1677.08ms | tok/s: 312,619 | mfu: 35.69 | epoch: 1 | eta: 58.3m
step 00087/02205 (3.95%) [ns2_ftrl_eta0p1] | loss: 5.142044 | lrm: 1.00 | dt: 1673.79ms | tok/s: 313,234 | mfu: 35.76 | epoch: 1 | eta: 58.3m
step 00088/02205 (3.99%) [ns2_ftrl_eta0p1] | loss: 5.127258 | lrm: 1.00 | dt: 1680.16ms | tok/s: 312,047 | mfu: 35.62 | epoch: 1 | eta: 58.3m
step 00089/02205 (4.04%) [ns2_ftrl_eta0p1] | loss: 5.110660 | lrm: 1.00 | dt: 1671.87ms | tok/s: 313,592 | mfu: 35.80 | epoch: 1 | eta: 58.2m
step 00090/02205 (4.08%) [ns2_ftrl_eta0p1] | loss: 5.101977 | lrm: 1.00 | dt: 1676.92ms | tok/s: 312,648 | mfu: 35.69 | epoch: 1 | eta: 58.2m
step 00091/02205 (4.13%) [ns2_ftrl_eta0p1] | loss: 5.088821 | lrm: 1.00 | dt: 1677.16ms | tok/s: 312,605 | mfu: 35.68 | epoch: 1 | eta: 58.2m
step 00092/02205 (4.17%) [ns2_ftrl_eta0p1] | loss: 5.087215 | lrm: 1.00 | dt: 1675.83ms | tok/s: 312,852 | mfu: 35.71 | epoch: 1 | eta: 58.2m
step 00093/02205 (4.22%) [ns2_ftrl_eta0p1] | loss: 5.075770 | lrm: 1.00 | dt: 1683.43ms | tok/s: 311,439 | mfu: 35.55 | epoch: 1 | eta: 58.2m
step 00094/02205 (4.26%) [ns2_ftrl_eta0p1] | loss: 5.068546 | lrm: 1.00 | dt: 1676.93ms | tok/s: 312,646 | mfu: 35.69 | epoch: 1 | eta: 58.2m
step 00095/02205 (4.31%) [ns2_ftrl_eta0p1] | loss: 5.064986 | lrm: 1.00 | dt: 1685.02ms | tok/s: 311,146 | mfu: 35.52 | epoch: 1 | eta: 58.1m
step 00096/02205 (4.35%) [ns2_ftrl_eta0p1] | loss: 5.058832 | lrm: 1.00 | dt: 1674.03ms | tok/s: 313,188 | mfu: 35.75 | epoch: 1 | eta: 58.1m
step 00097/02205 (4.40%) [ns2_ftrl_eta0p1] | loss: 5.041777 | lrm: 1.00 | dt: 1676.25ms | tok/s: 312,774 | mfu: 35.70 | epoch: 1 | eta: 58.1m
step 00098/02205 (4.44%) [ns2_ftrl_eta0p1] | loss: 5.029530 | lrm: 1.00 | dt: 1679.37ms | tok/s: 312,194 | mfu: 35.64 | epoch: 1 | eta: 58.1m
step 00099/02205 (4.49%) [ns2_ftrl_eta0p1] | loss: 5.014677 | lrm: 1.00 | dt: 1684.36ms | tok/s: 311,268 | mfu: 35.53 | epoch: 1 | eta: 58.1m
step 00100/02205 (4.54%) [ns2_ftrl_eta0p1] | loss: 5.012251 | lrm: 1.00 | dt: 1675.67ms | tok/s: 312,882 | mfu: 35.72 | epoch: 1 | eta: 58.0m
step 00101/02205 (4.58%) [ns2_ftrl_eta0p1] | loss: 5.001514 | lrm: 1.00 | dt: 1678.04ms | tok/s: 312,441 | mfu: 35.67 | epoch: 1 | eta: 58.0m
step 00102/02205 (4.63%) [ns2_ftrl_eta0p1] | loss: 4.986176 | lrm: 1.00 | dt: 1680.70ms | tok/s: 311,945 | mfu: 35.61 | epoch: 1 | eta: 58.0m
step 00103/02205 (4.67%) [ns2_ftrl_eta0p1] | loss: 4.973267 | lrm: 1.00 | dt: 1679.75ms | tok/s: 312,122 | mfu: 35.63 | epoch: 1 | eta: 58.0m
step 00104/02205 (4.72%) [ns2_ftrl_eta0p1] | loss: 4.963136 | lrm: 1.00 | dt: 1673.84ms | tok/s: 313,224 | mfu: 35.75 | epoch: 1 | eta: 58.0m
step 00105/02205 (4.76%) [ns2_ftrl_eta0p1] | loss: 4.957842 | lrm: 1.00 | dt: 1684.78ms | tok/s: 311,190 | mfu: 35.52 | epoch: 1 | eta: 58.0m
step 00106/02205 (4.81%) [ns2_ftrl_eta0p1] | loss: 4.945111 | lrm: 1.00 | dt: 1680.32ms | tok/s: 312,016 | mfu: 35.62 | epoch: 1 | eta: 57.9m
step 00107/02205 (4.85%) [ns2_ftrl_eta0p1] | loss: 4.937485 | lrm: 1.00 | dt: 1677.22ms | tok/s: 312,593 | mfu: 35.68 | epoch: 1 | eta: 57.9m
step 00108/02205 (4.90%) [ns2_ftrl_eta0p1] | loss: 4.926043 | lrm: 1.00 | dt: 1674.72ms | tok/s: 313,060 | mfu: 35.74 | epoch: 1 | eta: 57.9m
step 00109/02205 (4.94%) [ns2_ftrl_eta0p1] | loss: 4.913308 | lrm: 1.00 | dt: 1682.49ms | tok/s: 311,614 | mfu: 35.57 | epoch: 1 | eta: 57.9m
step 00110/02205 (4.99%) [ns2_ftrl_eta0p1] | loss: 4.907243 | lrm: 1.00 | dt: 1683.11ms | tok/s: 311,498 | mfu: 35.56 | epoch: 1 | eta: 57.9m
step 00111/02205 (5.03%) [ns2_ftrl_eta0p1] | loss: 4.893083 | lrm: 1.00 | dt: 1677.19ms | tok/s: 312,599 | mfu: 35.68 | epoch: 1 | eta: 57.8m
step 00112/02205 (5.08%) [ns2_ftrl_eta0p1] | loss: 4.885363 | lrm: 1.00 | dt: 1674.85ms | tok/s: 313,036 | mfu: 35.73 | epoch: 1 | eta: 57.8m
step 00113/02205 (5.12%) [ns2_ftrl_eta0p1] | loss: 4.874216 | lrm: 1.00 | dt: 1675.65ms | tok/s: 312,885 | mfu: 35.72 | epoch: 1 | eta: 57.8m
step 00114/02205 (5.17%) [ns2_ftrl_eta0p1] | loss: 4.862393 | lrm: 1.00 | dt: 1682.51ms | tok/s: 311,611 | mfu: 35.57 | epoch: 1 | eta: 57.8m
step 00115/02205 (5.22%) [ns2_ftrl_eta0p1] | loss: 4.860367 | lrm: 1.00 | dt: 1675.53ms | tok/s: 312,908 | mfu: 35.72 | epoch: 1 | eta: 57.8m
step 00116/02205 (5.26%) [ns2_ftrl_eta0p1] | loss: 4.848453 | lrm: 1.00 | dt: 1682.48ms | tok/s: 311,616 | mfu: 35.57 | epoch: 1 | eta: 57.7m
step 00117/02205 (5.31%) [ns2_ftrl_eta0p1] | loss: 4.828209 | lrm: 1.00 | dt: 1688.81ms | tok/s: 310,447 | mfu: 35.44 | epoch: 1 | eta: 57.7m
step 00118/02205 (5.35%) [ns2_ftrl_eta0p1] | loss: 4.820967 | lrm: 1.00 | dt: 1684.19ms | tok/s: 311,300 | mfu: 35.54 | epoch: 1 | eta: 57.7m
step 00119/02205 (5.40%) [ns2_ftrl_eta0p1] | loss: 4.812779 | lrm: 1.00 | dt: 1676.85ms | tok/s: 312,663 | mfu: 35.69 | epoch: 1 | eta: 57.7m
step 00120/02205 (5.44%) [ns2_ftrl_eta0p1] | loss: 4.803420 | lrm: 1.00 | dt: 1682.47ms | tok/s: 311,618 | mfu: 35.57 | epoch: 1 | eta: 57.7m
step 00121/02205 (5.49%) [ns2_ftrl_eta0p1] | loss: 4.791046 | lrm: 1.00 | dt: 1681.02ms | tok/s: 311,887 | mfu: 35.60 | epoch: 1 | eta: 57.6m
step 00122/02205 (5.53%) [ns2_ftrl_eta0p1] | loss: 4.778163 | lrm: 1.00 | dt: 1679.79ms | tok/s: 312,115 | mfu: 35.63 | epoch: 1 | eta: 57.6m
step 00123/02205 (5.58%) [ns2_ftrl_eta0p1] | loss: 4.778989 | lrm: 1.00 | dt: 1689.47ms | tok/s: 310,326 | mfu: 35.42 | epoch: 1 | eta: 57.6m
step 00124/02205 (5.62%) [ns2_ftrl_eta0p1] | loss: 4.775941 | lrm: 1.00 | dt: 1679.76ms | tok/s: 312,120 | mfu: 35.63 | epoch: 1 | eta: 57.6m
step 00125/02205 (5.67%) [ns2_ftrl_eta0p1] | loss: 4.767478 | lrm: 1.00 | dt: 1679.72ms | tok/s: 312,127 | mfu: 35.63 | epoch: 1 | eta: 57.6m
step 00126/02205 (5.71%) [ns2_ftrl_eta0p1] | loss: 4.753981 | lrm: 1.00 | dt: 1682.37ms | tok/s: 311,635 | mfu: 35.57 | epoch: 1 | eta: 57.5m
step 00127/02205 (5.76%) [ns2_ftrl_eta0p1] | loss: 4.746289 | lrm: 1.00 | dt: 1684.48ms | tok/s: 311,246 | mfu: 35.53 | epoch: 1 | eta: 57.5m
step 00128/02205 (5.80%) [ns2_ftrl_eta0p1] | loss: 4.756601 | lrm: 1.00 | dt: 1686.66ms | tok/s: 310,844 | mfu: 35.48 | epoch: 1 | eta: 57.5m
step 00129/02205 (5.85%) [ns2_ftrl_eta0p1] | loss: 4.747223 | lrm: 1.00 | dt: 1676.62ms | tok/s: 312,705 | mfu: 35.70 | epoch: 1 | eta: 57.5m
step 00130/02205 (5.90%) [ns2_ftrl_eta0p1] | loss: 4.744222 | lrm: 1.00 | dt: 1683.41ms | tok/s: 311,443 | mfu: 35.55 | epoch: 1 | eta: 57.4m
step 00131/02205 (5.94%) [ns2_ftrl_eta0p1] | loss: 4.734919 | lrm: 1.00 | dt: 1686.72ms | tok/s: 310,832 | mfu: 35.48 | epoch: 1 | eta: 57.4m
step 00132/02205 (5.99%) [ns2_ftrl_eta0p1] | loss: 4.730275 | lrm: 1.00 | dt: 1682.36ms | tok/s: 311,638 | mfu: 35.57 | epoch: 1 | eta: 57.4m
step 00133/02205 (6.03%) [ns2_ftrl_eta0p1] | loss: 4.732187 | lrm: 1.00 | dt: 1682.50ms | tok/s: 311,612 | mfu: 35.57 | epoch: 1 | eta: 57.4m
step 00134/02205 (6.08%) [ns2_ftrl_eta0p1] | loss: 4.712563 | lrm: 1.00 | dt: 1681.81ms | tok/s: 311,740 | mfu: 35.59 | epoch: 1 | eta: 57.4m
step 00135/02205 (6.12%) [ns2_ftrl_eta0p1] | loss: 4.701569 | lrm: 1.00 | dt: 1685.40ms | tok/s: 311,076 | mfu: 35.51 | epoch: 1 | eta: 57.3m
step 00136/02205 (6.17%) [ns2_ftrl_eta0p1] | loss: 4.692112 | lrm: 1.00 | dt: 1682.85ms | tok/s: 311,547 | mfu: 35.56 | epoch: 1 | eta: 57.3m
step 00137/02205 (6.21%) [ns2_ftrl_eta0p1] | loss: 4.680314 | lrm: 1.00 | dt: 1688.68ms | tok/s: 310,471 | mfu: 35.44 | epoch: 1 | eta: 57.3m
step 00138/02205 (6.26%) [ns2_ftrl_eta0p1] | loss: 4.673003 | lrm: 1.00 | dt: 1688.04ms | tok/s: 310,588 | mfu: 35.45 | epoch: 1 | eta: 57.3m
step 00139/02205 (6.30%) [ns2_ftrl_eta0p1] | loss: 4.676356 | lrm: 1.00 | dt: 1687.65ms | tok/s: 310,661 | mfu: 35.46 | epoch: 1 | eta: 57.3m
step 00140/02205 (6.35%) [ns2_ftrl_eta0p1] | loss: 4.659956 | lrm: 1.00 | dt: 1687.68ms | tok/s: 310,655 | mfu: 35.46 | epoch: 1 | eta: 57.2m
step 00141/02205 (6.39%) [ns2_ftrl_eta0p1] | loss: 4.645560 | lrm: 1.00 | dt: 1685.53ms | tok/s: 311,053 | mfu: 35.51 | epoch: 1 | eta: 57.2m
step 00142/02205 (6.44%) [ns2_ftrl_eta0p1] | loss: 4.648074 | lrm: 1.00 | dt: 1679.02ms | tok/s: 312,258 | mfu: 35.64 | epoch: 1 | eta: 57.2m
step 00143/02205 (6.49%) [ns2_ftrl_eta0p1] | loss: 4.653206 | lrm: 1.00 | dt: 1683.48ms | tok/s: 311,431 | mfu: 35.55 | epoch: 1 | eta: 57.2m
step 00144/02205 (6.53%) [ns2_ftrl_eta0p1] | loss: 4.641875 | lrm: 1.00 | dt: 1689.85ms | tok/s: 310,256 | mfu: 35.42 | epoch: 1 | eta: 57.1m
step 00145/02205 (6.58%) [ns2_ftrl_eta0p1] | loss: 4.633987 | lrm: 1.00 | dt: 1695.70ms | tok/s: 309,187 | mfu: 35.29 | epoch: 1 | eta: 57.1m
step 00146/02205 (6.62%) [ns2_ftrl_eta0p1] | loss: 4.618946 | lrm: 1.00 | dt: 1680.10ms | tok/s: 312,057 | mfu: 35.62 | epoch: 1 | eta: 57.1m
step 00147/02205 (6.67%) [ns2_ftrl_eta0p1] | loss: 4.612150 | lrm: 1.00 | dt: 1681.86ms | tok/s: 311,731 | mfu: 35.58 | epoch: 1 | eta: 57.1m
step 00148/02205 (6.71%) [ns2_ftrl_eta0p1] | loss: 4.598411 | lrm: 1.00 | dt: 1686.66ms | tok/s: 310,843 | mfu: 35.48 | epoch: 1 | eta: 57.1m
step 00149/02205 (6.76%) [ns2_ftrl_eta0p1] | loss: 4.581089 | lrm: 1.00 | dt: 1686.86ms | tok/s: 310,806 | mfu: 35.48 | epoch: 1 | eta: 57.0m
step 00150/02205 (6.80%) [ns2_ftrl_eta0p1] | loss: 4.564771 | lrm: 1.00 | dt: 1683.96ms | tok/s: 311,341 | mfu: 35.54 | epoch: 1 | eta: 57.0m
step 00151/02205 (6.85%) [ns2_ftrl_eta0p1] | loss: 4.551345 | lrm: 1.00 | dt: 1686.22ms | tok/s: 310,924 | mfu: 35.49 | epoch: 1 | eta: 57.0m
step 00152/02205 (6.89%) [ns2_ftrl_eta0p1] | loss: 4.539972 | lrm: 1.00 | dt: 1685.22ms | tok/s: 311,110 | mfu: 35.51 | epoch: 1 | eta: 57.0m
step 00153/02205 (6.94%) [ns2_ftrl_eta0p1] | loss: 4.540829 | lrm: 1.00 | dt: 1690.56ms | tok/s: 310,127 | mfu: 35.40 | epoch: 1 | eta: 56.9m
step 00154/02205 (6.98%) [ns2_ftrl_eta0p1] | loss: 4.524073 | lrm: 1.00 | dt: 1690.79ms | tok/s: 310,084 | mfu: 35.40 | epoch: 1 | eta: 56.9m
step 00155/02205 (7.03%) [ns2_ftrl_eta0p1] | loss: 4.509640 | lrm: 1.00 | dt: 1692.92ms | tok/s: 309,694 | mfu: 35.35 | epoch: 1 | eta: 56.9m
step 00156/02205 (7.07%) [ns2_ftrl_eta0p1] | loss: 4.500254 | lrm: 1.00 | dt: 1687.57ms | tok/s: 310,676 | mfu: 35.46 | epoch: 1 | eta: 56.9m
step 00157/02205 (7.12%) [ns2_ftrl_eta0p1] | loss: 4.501152 | lrm: 1.00 | dt: 1692.64ms | tok/s: 309,746 | mfu: 35.36 | epoch: 1 | eta: 56.9m
step 00158/02205 (7.17%) [ns2_ftrl_eta0p1] | loss: 4.491671 | lrm: 1.00 | dt: 1688.41ms | tok/s: 310,522 | mfu: 35.45 | epoch: 1 | eta: 56.8m
step 00159/02205 (7.21%) [ns2_ftrl_eta0p1] | loss: 4.487944 | lrm: 1.00 | dt: 1690.61ms | tok/s: 310,117 | mfu: 35.40 | epoch: 1 | eta: 56.8m
step 00160/02205 (7.26%) [ns2_ftrl_eta0p1] | loss: 4.477826 | lrm: 1.00 | dt: 1685.84ms | tok/s: 310,995 | mfu: 35.50 | epoch: 1 | eta: 56.8m
step 00161/02205 (7.30%) [ns2_ftrl_eta0p1] | loss: 4.462433 | lrm: 1.00 | dt: 1693.24ms | tok/s: 309,635 | mfu: 35.35 | epoch: 1 | eta: 56.8m
step 00162/02205 (7.35%) [ns2_ftrl_eta0p1] | loss: 4.470395 | lrm: 1.00 | dt: 1691.33ms | tok/s: 309,986 | mfu: 35.39 | epoch: 1 | eta: 56.7m
step 00163/02205 (7.39%) [ns2_ftrl_eta0p1] | loss: 4.465120 | lrm: 1.00 | dt: 1693.21ms | tok/s: 309,642 | mfu: 35.35 | epoch: 1 | eta: 56.7m
step 00164/02205 (7.44%) [ns2_ftrl_eta0p1] | loss: 4.450450 | lrm: 1.00 | dt: 1691.13ms | tok/s: 310,022 | mfu: 35.39 | epoch: 1 | eta: 56.7m
step 00165/02205 (7.48%) [ns2_ftrl_eta0p1] | loss: 4.445031 | lrm: 1.00 | dt: 1693.78ms | tok/s: 309,536 | mfu: 35.33 | epoch: 1 | eta: 56.7m
step 00166/02205 (7.53%) [ns2_ftrl_eta0p1] | loss: 4.433643 | lrm: 1.00 | dt: 1685.77ms | tok/s: 311,008 | mfu: 35.50 | epoch: 1 | eta: 56.7m
step 00167/02205 (7.57%) [ns2_ftrl_eta0p1] | loss: 4.432918 | lrm: 1.00 | dt: 1687.38ms | tok/s: 310,710 | mfu: 35.47 | epoch: 1 | eta: 56.6m
step 00168/02205 (7.62%) [ns2_ftrl_eta0p1] | loss: 4.421470 | lrm: 1.00 | dt: 1684.00ms | tok/s: 311,335 | mfu: 35.54 | epoch: 1 | eta: 56.6m
step 00169/02205 (7.66%) [ns2_ftrl_eta0p1] | loss: 4.419336 | lrm: 1.00 | dt: 1685.99ms | tok/s: 310,967 | mfu: 35.50 | epoch: 1 | eta: 56.6m
step 00170/02205 (7.71%) [ns2_ftrl_eta0p1] | loss: 4.425028 | lrm: 1.00 | dt: 1695.31ms | tok/s: 309,258 | mfu: 35.30 | epoch: 1 | eta: 56.6m
step 00171/02205 (7.76%) [ns2_ftrl_eta0p1] | loss: 4.421160 | lrm: 1.00 | dt: 1690.05ms | tok/s: 310,220 | mfu: 35.41 | epoch: 1 | eta: 56.5m
step 00172/02205 (7.80%) [ns2_ftrl_eta0p1] | loss: 4.415839 | lrm: 1.00 | dt: 1692.15ms | tok/s: 309,834 | mfu: 35.37 | epoch: 1 | eta: 56.5m
step 00173/02205 (7.85%) [ns2_ftrl_eta0p1] | loss: 4.416403 | lrm: 1.00 | dt: 1692.37ms | tok/s: 309,795 | mfu: 35.36 | epoch: 1 | eta: 56.5m
step 00174/02205 (7.89%) [ns2_ftrl_eta0p1] | loss: 4.405197 | lrm: 1.00 | dt: 1694.39ms | tok/s: 309,425 | mfu: 35.32 | epoch: 1 | eta: 56.5m
step 00175/02205 (7.94%) [ns2_ftrl_eta0p1] | loss: 4.387763 | lrm: 1.00 | dt: 1687.68ms | tok/s: 310,655 | mfu: 35.46 | epoch: 1 | eta: 56.4m
step 00176/02205 (7.98%) [ns2_ftrl_eta0p1] | loss: 4.382280 | lrm: 1.00 | dt: 1687.48ms | tok/s: 310,692 | mfu: 35.47 | epoch: 1 | eta: 56.4m
step 00177/02205 (8.03%) [ns2_ftrl_eta0p1] | loss: 4.381200 | lrm: 1.00 | dt: 1688.67ms | tok/s: 310,474 | mfu: 35.44 | epoch: 1 | eta: 56.4m
step 00178/02205 (8.07%) [ns2_ftrl_eta0p1] | loss: 4.384293 | lrm: 1.00 | dt: 1684.85ms | tok/s: 311,177 | mfu: 35.52 | epoch: 1 | eta: 56.4m
step 00179/02205 (8.12%) [ns2_ftrl_eta0p1] | loss: 4.376684 | lrm: 1.00 | dt: 1693.01ms | tok/s: 309,677 | mfu: 35.35 | epoch: 1 | eta: 56.4m
step 00180/02205 (8.16%) [ns2_ftrl_eta0p1] | loss: 4.367574 | lrm: 1.00 | dt: 1692.98ms | tok/s: 309,682 | mfu: 35.35 | epoch: 1 | eta: 56.3m
step 00181/02205 (8.21%) [ns2_ftrl_eta0p1] | loss: 4.359866 | lrm: 1.00 | dt: 1692.72ms | tok/s: 309,731 | mfu: 35.36 | epoch: 1 | eta: 56.3m
step 00182/02205 (8.25%) [ns2_ftrl_eta0p1] | loss: 4.355307 | lrm: 1.00 | dt: 1687.85ms | tok/s: 310,624 | mfu: 35.46 | epoch: 1 | eta: 56.3m
step 00183/02205 (8.30%) [ns2_ftrl_eta0p1] | loss: 4.350384 | lrm: 1.00 | dt: 1692.76ms | tok/s: 309,723 | mfu: 35.36 | epoch: 1 | eta: 56.3m
step 00184/02205 (8.34%) [ns2_ftrl_eta0p1] | loss: 4.351406 | lrm: 1.00 | dt: 1693.66ms | tok/s: 309,558 | mfu: 35.34 | epoch: 1 | eta: 56.2m
step 00185/02205 (8.39%) [ns2_ftrl_eta0p1] | loss: 4.347859 | lrm: 1.00 | dt: 1691.92ms | tok/s: 309,877 | mfu: 35.37 | epoch: 1 | eta: 56.2m
step 00186/02205 (8.44%) [ns2_ftrl_eta0p1] | loss: 4.345819 | lrm: 1.00 | dt: 1690.48ms | tok/s: 310,141 | mfu: 35.40 | epoch: 1 | eta: 56.2m
step 00187/02205 (8.48%) [ns2_ftrl_eta0p1] | loss: 4.352099 | lrm: 1.00 | dt: 1692.32ms | tok/s: 309,804 | mfu: 35.36 | epoch: 1 | eta: 56.2m
step 00188/02205 (8.53%) [ns2_ftrl_eta0p1] | loss: 4.348598 | lrm: 1.00 | dt: 1691.17ms | tok/s: 310,015 | mfu: 35.39 | epoch: 1 | eta: 56.1m
step 00189/02205 (8.57%) [ns2_ftrl_eta0p1] | loss: 4.334913 | lrm: 1.00 | dt: 1697.09ms | tok/s: 308,934 | mfu: 35.27 | epoch: 1 | eta: 56.1m
step 00190/02205 (8.62%) [ns2_ftrl_eta0p1] | loss: 4.332296 | lrm: 1.00 | dt: 1689.16ms | tok/s: 310,383 | mfu: 35.43 | epoch: 1 | eta: 56.1m
step 00191/02205 (8.66%) [ns2_ftrl_eta0p1] | loss: 4.328556 | lrm: 1.00 | dt: 1695.02ms | tok/s: 309,310 | mfu: 35.31 | epoch: 1 | eta: 56.1m
step 00192/02205 (8.71%) [ns2_ftrl_eta0p1] | loss: 4.322324 | lrm: 1.00 | dt: 1692.92ms | tok/s: 309,694 | mfu: 35.35 | epoch: 1 | eta: 56.0m
step 00193/02205 (8.75%) [ns2_ftrl_eta0p1] | loss: 4.316047 | lrm: 1.00 | dt: 1691.66ms | tok/s: 309,925 | mfu: 35.38 | epoch: 1 | eta: 56.0m
step 00194/02205 (8.80%) [ns2_ftrl_eta0p1] | loss: 4.301425 | lrm: 1.00 | dt: 1695.31ms | tok/s: 309,258 | mfu: 35.30 | epoch: 1 | eta: 56.0m
step 00195/02205 (8.84%) [ns2_ftrl_eta0p1] | loss: 4.298255 | lrm: 1.00 | dt: 1692.59ms | tok/s: 309,755 | mfu: 35.36 | epoch: 1 | eta: 56.0m
step 00196/02205 (8.89%) [ns2_ftrl_eta0p1] | loss: 4.285855 | lrm: 1.00 | dt: 1691.90ms | tok/s: 309,880 | mfu: 35.37 | epoch: 1 | eta: 56.0m
step 00197/02205 (8.93%) [ns2_ftrl_eta0p1] | loss: 4.277372 | lrm: 1.00 | dt: 1686.83ms | tok/s: 310,813 | mfu: 35.48 | epoch: 1 | eta: 55.9m
step 00198/02205 (8.98%) [ns2_ftrl_eta0p1] | loss: 4.272059 | lrm: 1.00 | dt: 1690.10ms | tok/s: 310,210 | mfu: 35.41 | epoch: 1 | eta: 55.9m
step 00199/02205 (9.02%) [ns2_ftrl_eta0p1] | loss: 4.255034 | lrm: 1.00 | dt: 1693.17ms | tok/s: 309,648 | mfu: 35.35 | epoch: 1 | eta: 55.9m
step 00200/02205 (9.07%) [ns2_ftrl_eta0p1] | loss: 4.247591 | lrm: 1.00 | dt: 1693.25ms | tok/s: 309,633 | mfu: 35.35 | epoch: 1 | eta: 55.9m
step 00201/02205 (9.12%) [ns2_ftrl_eta0p1] | loss: 4.231732 | lrm: 1.00 | dt: 1694.69ms | tok/s: 309,371 | mfu: 35.32 | epoch: 1 | eta: 55.8m
step 00202/02205 (9.16%) [ns2_ftrl_eta0p1] | loss: 4.243213 | lrm: 1.00 | dt: 1682.70ms | tok/s: 311,574 | mfu: 35.57 | epoch: 1 | eta: 55.8m
step 00203/02205 (9.21%) [ns2_ftrl_eta0p1] | loss: 4.242076 | lrm: 1.00 | dt: 1693.73ms | tok/s: 309,545 | mfu: 35.33 | epoch: 1 | eta: 55.8m
step 00204/02205 (9.25%) [ns2_ftrl_eta0p1] | loss: 4.229304 | lrm: 1.00 | dt: 1687.60ms | tok/s: 310,669 | mfu: 35.46 | epoch: 1 | eta: 55.8m
step 00205/02205 (9.30%) [ns2_ftrl_eta0p1] | loss: 4.226086 | lrm: 1.00 | dt: 1688.20ms | tok/s: 310,561 | mfu: 35.45 | epoch: 1 | eta: 55.7m
step 00206/02205 (9.34%) [ns2_ftrl_eta0p1] | loss: 4.229765 | lrm: 1.00 | dt: 1689.34ms | tok/s: 310,351 | mfu: 35.43 | epoch: 1 | eta: 55.7m
step 00207/02205 (9.39%) [ns2_ftrl_eta0p1] | loss: 4.221788 | lrm: 1.00 | dt: 1689.23ms | tok/s: 310,371 | mfu: 35.43 | epoch: 1 | eta: 55.7m
step 00208/02205 (9.43%) [ns2_ftrl_eta0p1] | loss: 4.210801 | lrm: 1.00 | dt: 1687.39ms | tok/s: 310,708 | mfu: 35.47 | epoch: 1 | eta: 55.7m
step 00209/02205 (9.48%) [ns2_ftrl_eta0p1] | loss: 4.220912 | lrm: 1.00 | dt: 1694.34ms | tok/s: 309,434 | mfu: 35.32 | epoch: 1 | eta: 55.6m
step 00210/02205 (9.52%) [ns2_ftrl_eta0p1] | loss: 4.217040 | lrm: 1.00 | dt: 1687.36ms | tok/s: 310,715 | mfu: 35.47 | epoch: 1 | eta: 55.6m
step 00211/02205 (9.57%) [ns2_ftrl_eta0p1] | loss: 4.212434 | lrm: 1.00 | dt: 1689.03ms | tok/s: 310,408 | mfu: 35.43 | epoch: 1 | eta: 55.6m
step 00212/02205 (9.61%) [ns2_ftrl_eta0p1] | loss: 4.207435 | lrm: 1.00 | dt: 1687.70ms | tok/s: 310,651 | mfu: 35.46 | epoch: 1 | eta: 55.6m
step 00213/02205 (9.66%) [ns2_ftrl_eta0p1] | loss: 4.202880 | lrm: 1.00 | dt: 1691.92ms | tok/s: 309,877 | mfu: 35.37 | epoch: 1 | eta: 55.5m
step 00214/02205 (9.71%) [ns2_ftrl_eta0p1] | loss: 4.197085 | lrm: 1.00 | dt: 1689.11ms | tok/s: 310,392 | mfu: 35.43 | epoch: 1 | eta: 55.5m
step 00215/02205 (9.75%) [ns2_ftrl_eta0p1] | loss: 4.191724 | lrm: 1.00 | dt: 1689.90ms | tok/s: 310,248 | mfu: 35.42 | epoch: 1 | eta: 55.5m
step 00216/02205 (9.80%) [ns2_ftrl_eta0p1] | loss: 4.181250 | lrm: 1.00 | dt: 1693.36ms | tok/s: 309,613 | mfu: 35.34 | epoch: 1 | eta: 55.5m
step 00217/02205 (9.84%) [ns2_ftrl_eta0p1] | loss: 4.171520 | lrm: 1.00 | dt: 1687.81ms | tok/s: 310,632 | mfu: 35.46 | epoch: 1 | eta: 55.4m
step 00218/02205 (9.89%) [ns2_ftrl_eta0p1] | loss: 4.157743 | lrm: 1.00 | dt: 1693.47ms | tok/s: 309,593 | mfu: 35.34 | epoch: 1 | eta: 55.4m
step 00219/02205 (9.93%) [ns2_ftrl_eta0p1] | loss: 4.153210 | lrm: 1.00 | dt: 1693.54ms | tok/s: 309,581 | mfu: 35.34 | epoch: 1 | eta: 55.4m
step 00220/02205 (9.98%) [ns2_ftrl_eta0p1] | loss: 4.149910 | lrm: 1.00 | dt: 1689.41ms | tok/s: 310,337 | mfu: 35.43 | epoch: 1 | eta: 55.4m
step 00221/02205 (10.02%) [ns2_ftrl_eta0p1] | loss: 4.143039 | lrm: 1.00 | dt: 1693.38ms | tok/s: 309,611 | mfu: 35.34 | epoch: 1 | eta: 55.3m
step 00222/02205 (10.07%) [ns2_ftrl_eta0p1] | loss: 4.145005 | lrm: 1.00 | dt: 1696.38ms | tok/s: 309,063 | mfu: 35.28 | epoch: 1 | eta: 55.3m
step 00223/02205 (10.11%) [ns2_ftrl_eta0p1] | loss: 4.134751 | lrm: 1.00 | dt: 1694.78ms | tok/s: 309,355 | mfu: 35.31 | epoch: 1 | eta: 55.3m
step 00224/02205 (10.16%) [ns2_ftrl_eta0p1] | loss: 4.130691 | lrm: 1.00 | dt: 1690.86ms | tok/s: 310,070 | mfu: 35.39 | epoch: 1 | eta: 55.3m
step 00225/02205 (10.20%) [ns2_ftrl_eta0p1] | loss: 4.122894 | lrm: 1.00 | dt: 1688.50ms | tok/s: 310,505 | mfu: 35.44 | epoch: 1 | eta: 55.2m
step 00226/02205 (10.25%) [ns2_ftrl_eta0p1] | loss: 4.123949 | lrm: 1.00 | dt: 1696.28ms | tok/s: 309,080 | mfu: 35.28 | epoch: 1 | eta: 55.2m
step 00227/02205 (10.29%) [ns2_ftrl_eta0p1] | loss: 4.121011 | lrm: 1.00 | dt: 1690.29ms | tok/s: 310,177 | mfu: 35.41 | epoch: 1 | eta: 55.2m
step 00228/02205 (10.34%) [ns2_ftrl_eta0p1] | loss: 4.112510 | lrm: 1.00 | dt: 1693.60ms | tok/s: 309,570 | mfu: 35.34 | epoch: 1 | eta: 55.2m
step 00229/02205 (10.39%) [ns2_ftrl_eta0p1] | loss: 4.102877 | lrm: 1.00 | dt: 1692.57ms | tok/s: 309,758 | mfu: 35.36 | epoch: 1 | eta: 55.1m
step 00230/02205 (10.43%) [ns2_ftrl_eta0p1] | loss: 4.108252 | lrm: 1.00 | dt: 1690.04ms | tok/s: 310,221 | mfu: 35.41 | epoch: 1 | eta: 55.1m
step 00231/02205 (10.48%) [ns2_ftrl_eta0p1] | loss: 4.120408 | lrm: 1.00 | dt: 1690.33ms | tok/s: 310,168 | mfu: 35.41 | epoch: 1 | eta: 55.1m
step 00232/02205 (10.52%) [ns2_ftrl_eta0p1] | loss: 4.118735 | lrm: 1.00 | dt: 1695.55ms | tok/s: 309,214 | mfu: 35.30 | epoch: 1 | eta: 55.1m
step 00233/02205 (10.57%) [ns2_ftrl_eta0p1] | loss: 4.108842 | lrm: 1.00 | dt: 1690.38ms | tok/s: 310,160 | mfu: 35.41 | epoch: 1 | eta: 55.0m
step 00234/02205 (10.61%) [ns2_ftrl_eta0p1] | loss: 4.111839 | lrm: 1.00 | dt: 1691.20ms | tok/s: 310,009 | mfu: 35.39 | epoch: 1 | eta: 55.0m
step 00235/02205 (10.66%) [ns2_ftrl_eta0p1] | loss: 4.120856 | lrm: 1.00 | dt: 1693.18ms | tok/s: 309,646 | mfu: 35.35 | epoch: 1 | eta: 55.0m
step 00236/02205 (10.70%) [ns2_ftrl_eta0p1] | loss: 4.121676 | lrm: 1.00 | dt: 1689.81ms | tok/s: 310,263 | mfu: 35.42 | epoch: 1 | eta: 55.0m
step 00237/02205 (10.75%) [ns2_ftrl_eta0p1] | loss: 4.107757 | lrm: 1.00 | dt: 1692.87ms | tok/s: 309,704 | mfu: 35.35 | epoch: 1 | eta: 54.9m
step 00238/02205 (10.79%) [ns2_ftrl_eta0p1] | loss: 4.100545 | lrm: 1.00 | dt: 1691.74ms | tok/s: 309,910 | mfu: 35.38 | epoch: 1 | eta: 54.9m
step 00239/02205 (10.84%) [ns2_ftrl_eta0p1] | loss: 4.095449 | lrm: 1.00 | dt: 1693.09ms | tok/s: 309,663 | mfu: 35.35 | epoch: 1 | eta: 54.9m
step 00240/02205 (10.88%) [ns2_ftrl_eta0p1] | loss: 4.101207 | lrm: 1.00 | dt: 1689.60ms | tok/s: 310,303 | mfu: 35.42 | epoch: 1 | eta: 54.9m
step 00241/02205 (10.93%) [ns2_ftrl_eta0p1] | loss: 4.089404 | lrm: 1.00 | dt: 1693.74ms | tok/s: 309,544 | mfu: 35.33 | epoch: 1 | eta: 54.8m
step 00242/02205 (10.98%) [ns2_ftrl_eta0p1] | loss: 4.087889 | lrm: 1.00 | dt: 1692.92ms | tok/s: 309,694 | mfu: 35.35 | epoch: 1 | eta: 54.8m
step 00243/02205 (11.02%) [ns2_ftrl_eta0p1] | loss: 4.083999 | lrm: 1.00 | dt: 1691.35ms | tok/s: 309,982 | mfu: 35.38 | epoch: 1 | eta: 54.8m
step 00244/02205 (11.07%) [ns2_ftrl_eta0p1] | loss: 4.076886 | lrm: 1.00 | dt: 1693.59ms | tok/s: 309,572 | mfu: 35.34 | epoch: 1 | eta: 54.8m
step 00245/02205 (11.11%) [ns2_ftrl_eta0p1] | loss: 4.074115 | lrm: 1.00 | dt: 1691.35ms | tok/s: 309,981 | mfu: 35.38 | epoch: 1 | eta: 54.7m
step 00246/02205 (11.16%) [ns2_ftrl_eta0p1] | loss: 4.064154 | lrm: 1.00 | dt: 1692.50ms | tok/s: 309,770 | mfu: 35.36 | epoch: 1 | eta: 54.7m
step 00247/02205 (11.20%) [ns2_ftrl_eta0p1] | loss: 4.054982 | lrm: 1.00 | dt: 1692.89ms | tok/s: 309,699 | mfu: 35.35 | epoch: 1 | eta: 54.7m
step 00248/02205 (11.25%) [ns2_ftrl_eta0p1] | loss: 4.044170 | lrm: 1.00 | dt: 1692.18ms | tok/s: 309,830 | mfu: 35.37 | epoch: 1 | eta: 54.6m
step 00249/02205 (11.29%) [ns2_ftrl_eta0p1] | loss: 4.043828 | lrm: 1.00 | dt: 1692.84ms | tok/s: 309,708 | mfu: 35.35 | epoch: 1 | eta: 54.6m
Step 00250 | val bpb: 1.183376
step 00250/02205 (11.34%) [ns2_ftrl_eta0p1] | loss: 4.037962 | lrm: 1.00 | dt: 1661.37ms | tok/s: 315,576 | mfu: 36.02 | epoch: 1 | eta: 54.6m
step 00251/02205 (11.38%) [ns2_ftrl_eta0p1] | loss: 4.040198 | lrm: 1.00 | dt: 1681.85ms | tok/s: 311,732 | mfu: 35.58 | epoch: 1 | eta: 54.6m
step 00252/02205 (11.43%) [ns2_ftrl_eta0p1] | loss: 4.040968 | lrm: 1.00 | dt: 1682.75ms | tok/s: 311,565 | mfu: 35.57 | epoch: 1 | eta: 54.5m
step 00253/02205 (11.47%) [ns2_ftrl_eta0p1] | loss: 4.040625 | lrm: 1.00 | dt: 1672.91ms | tok/s: 313,399 | mfu: 35.77 | epoch: 1 | eta: 54.5m
step 00254/02205 (11.52%) [ns2_ftrl_eta0p1] | loss: 4.042734 | lrm: 1.00 | dt: 1680.73ms | tok/s: 311,940 | mfu: 35.61 | epoch: 1 | eta: 54.5m
step 00255/02205 (11.56%) [ns2_ftrl_eta0p1] | loss: 4.036257 | lrm: 1.00 | dt: 1685.86ms | tok/s: 310,992 | mfu: 35.50 | epoch: 1 | eta: 54.5m
step 00256/02205 (11.61%) [ns2_ftrl_eta0p1] | loss: 4.040804 | lrm: 1.00 | dt: 1685.74ms | tok/s: 311,014 | mfu: 35.50 | epoch: 1 | eta: 54.4m
step 00257/02205 (11.66%) [ns2_ftrl_eta0p1] | loss: 4.034361 | lrm: 1.00 | dt: 1687.73ms | tok/s: 310,647 | mfu: 35.46 | epoch: 1 | eta: 54.4m
step 00258/02205 (11.70%) [ns2_ftrl_eta0p1] | loss: 4.031127 | lrm: 1.00 | dt: 1685.54ms | tok/s: 311,051 | mfu: 35.51 | epoch: 1 | eta: 54.4m
step 00259/02205 (11.75%) [ns2_ftrl_eta0p1] | loss: 4.022672 | lrm: 1.00 | dt: 1685.82ms | tok/s: 310,999 | mfu: 35.50 | epoch: 1 | eta: 54.4m
step 00260/02205 (11.79%) [ns2_ftrl_eta0p1] | loss: 4.026484 | lrm: 1.00 | dt: 1681.34ms | tok/s: 311,827 | mfu: 35.60 | epoch: 1 | eta: 54.3m
step 00261/02205 (11.84%) [ns2_ftrl_eta0p1] | loss: 4.021597 | lrm: 1.00 | dt: 1692.10ms | tok/s: 309,843 | mfu: 35.37 | epoch: 1 | eta: 54.3m
step 00262/02205 (11.88%) [ns2_ftrl_eta0p1] | loss: 4.012846 | lrm: 1.00 | dt: 1687.32ms | tok/s: 310,721 | mfu: 35.47 | epoch: 1 | eta: 54.3m
step 00263/02205 (11.93%) [ns2_ftrl_eta0p1] | loss: 4.014612 | lrm: 1.00 | dt: 1687.37ms | tok/s: 310,712 | mfu: 35.47 | epoch: 1 | eta: 54.2m
step 00264/02205 (11.97%) [ns2_ftrl_eta0p1] | loss: 4.012097 | lrm: 1.00 | dt: 1686.60ms | tok/s: 310,854 | mfu: 35.48 | epoch: 1 | eta: 54.2m
step 00265/02205 (12.02%) [ns2_ftrl_eta0p1] | loss: 3.998664 | lrm: 1.00 | dt: 1685.74ms | tok/s: 311,012 | mfu: 35.50 | epoch: 1 | eta: 54.2m
step 00266/02205 (12.06%) [ns2_ftrl_eta0p1] | loss: 3.989105 | lrm: 1.00 | dt: 1688.87ms | tok/s: 310,436 | mfu: 35.44 | epoch: 1 | eta: 54.2m
step 00267/02205 (12.11%) [ns2_ftrl_eta0p1] | loss: 3.965755 | lrm: 1.00 | dt: 1689.11ms | tok/s: 310,393 | mfu: 35.43 | epoch: 1 | eta: 54.1m
step 00268/02205 (12.15%) [ns2_ftrl_eta0p1] | loss: 3.968783 | lrm: 1.00 | dt: 1688.30ms | tok/s: 310,542 | mfu: 35.45 | epoch: 1 | eta: 54.1m
step 00269/02205 (12.20%) [ns2_ftrl_eta0p1] | loss: 3.965373 | lrm: 1.00 | dt: 1689.92ms | tok/s: 310,243 | mfu: 35.41 | epoch: 1 | eta: 54.1m
step 00270/02205 (12.24%) [ns2_ftrl_eta0p1] | loss: 3.963314 | lrm: 1.00 | dt: 1680.46ms | tok/s: 311,990 | mfu: 35.61 | epoch: 1 | eta: 54.1m
step 00271/02205 (12.29%) [ns2_ftrl_eta0p1] | loss: 3.967414 | lrm: 1.00 | dt: 1690.76ms | tok/s: 310,089 | mfu: 35.40 | epoch: 1 | eta: 54.0m
step 00272/02205 (12.34%) [ns2_ftrl_eta0p1] | loss: 3.962593 | lrm: 1.00 | dt: 1688.34ms | tok/s: 310,533 | mfu: 35.45 | epoch: 1 | eta: 54.0m
step 00273/02205 (12.38%) [ns2_ftrl_eta0p1] | loss: 3.962090 | lrm: 1.00 | dt: 1689.79ms | tok/s: 310,268 | mfu: 35.42 | epoch: 1 | eta: 54.0m
step 00274/02205 (12.43%) [ns2_ftrl_eta0p1] | loss: 3.964241 | lrm: 1.00 | dt: 1691.94ms | tok/s: 309,873 | mfu: 35.37 | epoch: 1 | eta: 54.0m
step 00275/02205 (12.47%) [ns2_ftrl_eta0p1] | loss: 3.968500 | lrm: 1.00 | dt: 1694.82ms | tok/s: 309,347 | mfu: 35.31 | epoch: 1 | eta: 53.9m
step 00276/02205 (12.52%) [ns2_ftrl_eta0p1] | loss: 3.972453 | lrm: 1.00 | dt: 1692.69ms | tok/s: 309,735 | mfu: 35.36 | epoch: 1 | eta: 53.9m
step 00277/02205 (12.56%) [ns2_ftrl_eta0p1] | loss: 3.973549 | lrm: 1.00 | dt: 1693.03ms | tok/s: 309,674 | mfu: 35.35 | epoch: 1 | eta: 53.9m
step 00278/02205 (12.61%) [ns2_ftrl_eta0p1] | loss: 3.972779 | lrm: 1.00 | dt: 1692.90ms | tok/s: 309,698 | mfu: 35.35 | epoch: 1 | eta: 53.9m
step 00279/02205 (12.65%) [ns2_ftrl_eta0p1] | loss: 3.965398 | lrm: 1.00 | dt: 1694.33ms | tok/s: 309,436 | mfu: 35.32 | epoch: 1 | eta: 53.8m
step 00280/02205 (12.70%) [ns2_ftrl_eta0p1] | loss: 3.975439 | lrm: 1.00 | dt: 1688.51ms | tok/s: 310,504 | mfu: 35.44 | epoch: 1 | eta: 53.8m
step 00281/02205 (12.74%) [ns2_ftrl_eta0p1] | loss: 3.982623 | lrm: 1.00 | dt: 1688.87ms | tok/s: 310,436 | mfu: 35.44 | epoch: 1 | eta: 53.8m
step 00282/02205 (12.79%) [ns2_ftrl_eta0p1] | loss: 3.992172 | lrm: 1.00 | dt: 1696.55ms | tok/s: 309,031 | mfu: 35.28 | epoch: 1 | eta: 53.7m
step 00283/02205 (12.83%) [ns2_ftrl_eta0p1] | loss: 3.997638 | lrm: 1.00 | dt: 1693.85ms | tok/s: 309,523 | mfu: 35.33 | epoch: 1 | eta: 53.7m
step 00284/02205 (12.88%) [ns2_ftrl_eta0p1] | loss: 3.992849 | lrm: 1.00 | dt: 1693.45ms | tok/s: 309,596 | mfu: 35.34 | epoch: 1 | eta: 53.7m
step 00285/02205 (12.93%) [ns2_ftrl_eta0p1] | loss: 3.989498 | lrm: 1.00 | dt: 1691.70ms | tok/s: 309,918 | mfu: 35.38 | epoch: 1 | eta: 53.7m
step 00286/02205 (12.97%) [ns2_ftrl_eta0p1] | loss: 3.986188 | lrm: 1.00 | dt: 1689.31ms | tok/s: 310,356 | mfu: 35.43 | epoch: 1 | eta: 53.6m
step 00287/02205 (13.02%) [ns2_ftrl_eta0p1] | loss: 3.974479 | lrm: 1.00 | dt: 1691.71ms | tok/s: 309,916 | mfu: 35.38 | epoch: 1 | eta: 53.6m
step 00288/02205 (13.06%) [ns2_ftrl_eta0p1] | loss: 3.969174 | lrm: 1.00 | dt: 1692.20ms | tok/s: 309,826 | mfu: 35.37 | epoch: 1 | eta: 53.6m
step 00289/02205 (13.11%) [ns2_ftrl_eta0p1] | loss: 3.965350 | lrm: 1.00 | dt: 1693.72ms | tok/s: 309,547 | mfu: 35.34 | epoch: 1 | eta: 53.6m
step 00290/02205 (13.15%) [ns2_ftrl_eta0p1] | loss: 3.957385 | lrm: 1.00 | dt: 1689.61ms | tok/s: 310,300 | mfu: 35.42 | epoch: 1 | eta: 53.5m
step 00291/02205 (13.20%) [ns2_ftrl_eta0p1] | loss: 3.950848 | lrm: 1.00 | dt: 1695.07ms | tok/s: 309,302 | mfu: 35.31 | epoch: 1 | eta: 53.5m
step 00292/02205 (13.24%) [ns2_ftrl_eta0p1] | loss: 3.945099 | lrm: 1.00 | dt: 1691.76ms | tok/s: 309,906 | mfu: 35.38 | epoch: 1 | eta: 53.5m
step 00293/02205 (13.29%) [ns2_ftrl_eta0p1] | loss: 3.944331 | lrm: 1.00 | dt: 1693.36ms | tok/s: 309,614 | mfu: 35.34 | epoch: 1 | eta: 53.5m
step 00294/02205 (13.33%) [ns2_ftrl_eta0p1] | loss: 3.939012 | lrm: 1.00 | dt: 1693.41ms | tok/s: 309,604 | mfu: 35.34 | epoch: 1 | eta: 53.4m
step 00295/02205 (13.38%) [ns2_ftrl_eta0p1] | loss: 3.934409 | lrm: 1.00 | dt: 1691.63ms | tok/s: 309,930 | mfu: 35.38 | epoch: 1 | eta: 53.4m
step 00296/02205 (13.42%) [ns2_ftrl_eta0p1] | loss: 3.929924 | lrm: 1.00 | dt: 1687.94ms | tok/s: 310,607 | mfu: 35.46 | epoch: 1 | eta: 53.4m
step 00297/02205 (13.47%) [ns2_ftrl_eta0p1] | loss: 3.936879 | lrm: 1.00 | dt: 1692.40ms | tok/s: 309,789 | mfu: 35.36 | epoch: 1 | eta: 53.4m
step 00298/02205 (13.51%) [ns2_ftrl_eta0p1] | loss: 3.932387 | lrm: 1.00 | dt: 1692.83ms | tok/s: 309,710 | mfu: 35.35 | epoch: 1 | eta: 53.3m
step 00299/02205 (13.56%) [ns2_ftrl_eta0p1] | loss: 3.933024 | lrm: 1.00 | dt: 1690.87ms | tok/s: 310,069 | mfu: 35.39 | epoch: 1 | eta: 53.3m
step 00300/02205 (13.61%) [ns2_ftrl_eta0p1] | loss: 3.930175 | lrm: 1.00 | dt: 1692.63ms | tok/s: 309,746 | mfu: 35.36 | epoch: 1 | eta: 53.3m
step 00301/02205 (13.65%) [ns2_ftrl_eta0p1] | loss: 3.928155 | lrm: 1.00 | dt: 1694.87ms | tok/s: 309,337 | mfu: 35.31 | epoch: 1 | eta: 53.2m
step 00302/02205 (13.70%) [ns2_ftrl_eta0p1] | loss: 3.924751 | lrm: 1.00 | dt: 1692.93ms | tok/s: 309,693 | mfu: 35.35 | epoch: 1 | eta: 53.2m
step 00303/02205 (13.74%) [ns2_ftrl_eta0p1] | loss: 3.930591 | lrm: 1.00 | dt: 1693.45ms | tok/s: 309,598 | mfu: 35.34 | epoch: 1 | eta: 53.2m
step 00304/02205 (13.79%) [ns2_ftrl_eta0p1] | loss: 3.921760 | lrm: 1.00 | dt: 1692.38ms | tok/s: 309,792 | mfu: 35.36 | epoch: 1 | eta: 53.2m
step 00305/02205 (13.83%) [ns2_ftrl_eta0p1] | loss: 3.914205 | lrm: 1.00 | dt: 1690.78ms | tok/s: 310,087 | mfu: 35.40 | epoch: 1 | eta: 53.1m
step 00306/02205 (13.88%) [ns2_ftrl_eta0p1] | loss: 3.907010 | lrm: 1.00 | dt: 1695.29ms | tok/s: 309,261 | mfu: 35.30 | epoch: 1 | eta: 53.1m
step 00307/02205 (13.92%) [ns2_ftrl_eta0p1] | loss: 3.911141 | lrm: 1.00 | dt: 1690.05ms | tok/s: 310,220 | mfu: 35.41 | epoch: 1 | eta: 53.1m
step 00308/02205 (13.97%) [ns2_ftrl_eta0p1] | loss: 3.917991 | lrm: 1.00 | dt: 1694.15ms | tok/s: 309,469 | mfu: 35.33 | epoch: 1 | eta: 53.1m
step 00309/02205 (14.01%) [ns2_ftrl_eta0p1] | loss: 3.917837 | lrm: 1.00 | dt: 1691.44ms | tok/s: 309,965 | mfu: 35.38 | epoch: 1 | eta: 53.0m
step 00310/02205 (14.06%) [ns2_ftrl_eta0p1] | loss: 3.916617 | lrm: 1.00 | dt: 1694.93ms | tok/s: 309,328 | mfu: 35.31 | epoch: 1 | eta: 53.0m
step 00311/02205 (14.10%) [ns2_ftrl_eta0p1] | loss: 3.913249 | lrm: 1.00 | dt: 1686.93ms | tok/s: 310,794 | mfu: 35.48 | epoch: 1 | eta: 53.0m
step 00312/02205 (14.15%) [ns2_ftrl_eta0p1] | loss: 3.909573 | lrm: 1.00 | dt: 1691.80ms | tok/s: 309,899 | mfu: 35.38 | epoch: 1 | eta: 53.0m
step 00313/02205 (14.20%) [ns2_ftrl_eta0p1] | loss: 3.909406 | lrm: 1.00 | dt: 1696.95ms | tok/s: 308,958 | mfu: 35.27 | epoch: 1 | eta: 52.9m
step 00314/02205 (14.24%) [ns2_ftrl_eta0p1] | loss: 3.892512 | lrm: 1.00 | dt: 1689.77ms | tok/s: 310,272 | mfu: 35.42 | epoch: 1 | eta: 52.9m
step 00315/02205 (14.29%) [ns2_ftrl_eta0p1] | loss: 3.890711 | lrm: 1.00 | dt: 1691.99ms | tok/s: 309,864 | mfu: 35.37 | epoch: 1 | eta: 52.9m
step 00316/02205 (14.33%) [ns2_ftrl_eta0p1] | loss: 3.883639 | lrm: 1.00 | dt: 1688.73ms | tok/s: 310,463 | mfu: 35.44 | epoch: 1 | eta: 52.8m
step 00317/02205 (14.38%) [ns2_ftrl_eta0p1] | loss: 3.889210 | lrm: 1.00 | dt: 1694.97ms | tok/s: 309,320 | mfu: 35.31 | epoch: 1 | eta: 52.8m
step 00318/02205 (14.42%) [ns2_ftrl_eta0p1] | loss: 3.887459 | lrm: 1.00 | dt: 1689.68ms | tok/s: 310,288 | mfu: 35.42 | epoch: 1 | eta: 52.8m
step 00319/02205 (14.47%) [ns2_ftrl_eta0p1] | loss: 3.884822 | lrm: 1.00 | dt: 1694.11ms | tok/s: 309,477 | mfu: 35.33 | epoch: 1 | eta: 52.8m
step 00320/02205 (14.51%) [ns2_ftrl_eta0p1] | loss: 3.886664 | lrm: 1.00 | dt: 1690.77ms | tok/s: 310,088 | mfu: 35.40 | epoch: 1 | eta: 52.7m
step 00321/02205 (14.56%) [ns2_ftrl_eta0p1] | loss: 3.893960 | lrm: 1.00 | dt: 1687.53ms | tok/s: 310,683 | mfu: 35.46 | epoch: 1 | eta: 52.7m
step 00322/02205 (14.60%) [ns2_ftrl_eta0p1] | loss: 3.885610 | lrm: 1.00 | dt: 1698.31ms | tok/s: 308,710 | mfu: 35.24 | epoch: 1 | eta: 52.7m
step 00323/02205 (14.65%) [ns2_ftrl_eta0p1] | loss: 3.892270 | lrm: 1.00 | dt: 1684.02ms | tok/s: 311,330 | mfu: 35.54 | epoch: 1 | eta: 52.7m
step 00324/02205 (14.69%) [ns2_ftrl_eta0p1] | loss: 3.879364 | lrm: 1.00 | dt: 1701.28ms | tok/s: 308,173 | mfu: 35.18 | epoch: 1 | eta: 52.6m
step 00325/02205 (14.74%) [ns2_ftrl_eta0p1] | loss: 3.884281 | lrm: 1.00 | dt: 1687.09ms | tok/s: 310,763 | mfu: 35.47 | epoch: 1 | eta: 52.6m
step 00326/02205 (14.78%) [ns2_ftrl_eta0p1] | loss: 3.885552 | lrm: 1.00 | dt: 1699.72ms | tok/s: 308,455 | mfu: 35.21 | epoch: 1 | eta: 52.6m
step 00327/02205 (14.83%) [ns2_ftrl_eta0p1] | loss: 3.883635 | lrm: 1.00 | dt: 1690.05ms | tok/s: 310,219 | mfu: 35.41 | epoch: 1 | eta: 52.6m
step 00328/02205 (14.88%) [ns2_ftrl_eta0p1] | loss: 3.872791 | lrm: 1.00 | dt: 1693.18ms | tok/s: 309,646 | mfu: 35.35 | epoch: 1 | eta: 52.5m
step 00329/02205 (14.92%) [ns2_ftrl_eta0p1] | loss: 3.876125 | lrm: 1.00 | dt: 1691.87ms | tok/s: 309,886 | mfu: 35.37 | epoch: 1 | eta: 52.5m
step 00330/02205 (14.97%) [ns2_ftrl_eta0p1] | loss: 3.870552 | lrm: 1.00 | dt: 1694.34ms | tok/s: 309,434 | mfu: 35.32 | epoch: 1 | eta: 52.5m
step 00331/02205 (15.01%) [ns2_ftrl_eta0p1] | loss: 3.854732 | lrm: 1.00 | dt: 1693.43ms | tok/s: 309,600 | mfu: 35.34 | epoch: 1 | eta: 52.4m
step 00332/02205 (15.06%) [ns2_ftrl_eta0p1] | loss: 3.850264 | lrm: 1.00 | dt: 1691.29ms | tok/s: 309,992 | mfu: 35.39 | epoch: 1 | eta: 52.4m
step 00333/02205 (15.10%) [ns2_ftrl_eta0p1] | loss: 3.842050 | lrm: 1.00 | dt: 1695.52ms | tok/s: 309,218 | mfu: 35.30 | epoch: 1 | eta: 52.4m
step 00334/02205 (15.15%) [ns2_ftrl_eta0p1] | loss: 3.842962 | lrm: 1.00 | dt: 1689.72ms | tok/s: 310,280 | mfu: 35.42 | epoch: 1 | eta: 52.4m
step 00335/02205 (15.19%) [ns2_ftrl_eta0p1] | loss: 3.848892 | lrm: 1.00 | dt: 1691.65ms | tok/s: 309,926 | mfu: 35.38 | epoch: 1 | eta: 52.3m
step 00336/02205 (15.24%) [ns2_ftrl_eta0p1] | loss: 3.850994 | lrm: 1.00 | dt: 1692.83ms | tok/s: 309,711 | mfu: 35.35 | epoch: 1 | eta: 52.3m
step 00337/02205 (15.28%) [ns2_ftrl_eta0p1] | loss: 3.850601 | lrm: 1.00 | dt: 1696.55ms | tok/s: 309,031 | mfu: 35.28 | epoch: 1 | eta: 52.3m
step 00338/02205 (15.33%) [ns2_ftrl_eta0p1] | loss: 3.838365 | lrm: 1.00 | dt: 1690.28ms | tok/s: 310,178 | mfu: 35.41 | epoch: 1 | eta: 52.3m
step 00339/02205 (15.37%) [ns2_ftrl_eta0p1] | loss: 3.850574 | lrm: 1.00 | dt: 1693.84ms | tok/s: 309,525 | mfu: 35.33 | epoch: 1 | eta: 52.2m
step 00340/02205 (15.42%) [ns2_ftrl_eta0p1] | loss: 3.857480 | lrm: 1.00 | dt: 1690.92ms | tok/s: 310,060 | mfu: 35.39 | epoch: 1 | eta: 52.2m
step 00341/02205 (15.46%) [ns2_ftrl_eta0p1] | loss: 3.846850 | lrm: 1.00 | dt: 1690.56ms | tok/s: 310,127 | mfu: 35.40 | epoch: 1 | eta: 52.2m
step 00342/02205 (15.51%) [ns2_ftrl_eta0p1] | loss: 3.848212 | lrm: 1.00 | dt: 1690.03ms | tok/s: 310,224 | mfu: 35.41 | epoch: 1 | eta: 52.2m
step 00343/02205 (15.56%) [ns2_ftrl_eta0p1] | loss: 3.846617 | lrm: 1.00 | dt: 1695.51ms | tok/s: 309,221 | mfu: 35.30 | epoch: 1 | eta: 52.1m
step 00344/02205 (15.60%) [ns2_ftrl_eta0p1] | loss: 3.851776 | lrm: 1.00 | dt: 1694.76ms | tok/s: 309,359 | mfu: 35.31 | epoch: 1 | eta: 52.1m
step 00345/02205 (15.65%) [ns2_ftrl_eta0p1] | loss: 3.843046 | lrm: 1.00 | dt: 1689.49ms | tok/s: 310,323 | mfu: 35.42 | epoch: 1 | eta: 52.1m
step 00346/02205 (15.69%) [ns2_ftrl_eta0p1] | loss: 3.837630 | lrm: 1.00 | dt: 1689.96ms | tok/s: 310,236 | mfu: 35.41 | epoch: 1 | eta: 52.0m
step 00347/02205 (15.74%) [ns2_ftrl_eta0p1] | loss: 3.833199 | lrm: 1.00 | dt: 1691.50ms | tok/s: 309,955 | mfu: 35.38 | epoch: 1 | eta: 52.0m
step 00348/02205 (15.78%) [ns2_ftrl_eta0p1] | loss: 3.833419 | lrm: 1.00 | dt: 1688.97ms | tok/s: 310,418 | mfu: 35.43 | epoch: 1 | eta: 52.0m
step 00349/02205 (15.83%) [ns2_ftrl_eta0p1] | loss: 3.825450 | lrm: 1.00 | dt: 1693.28ms | tok/s: 309,628 | mfu: 35.34 | epoch: 1 | eta: 52.0m
step 00350/02205 (15.87%) [ns2_ftrl_eta0p1] | loss: 3.827241 | lrm: 1.00 | dt: 1695.60ms | tok/s: 309,205 | mfu: 35.30 | epoch: 1 | eta: 51.9m
step 00351/02205 (15.92%) [ns2_ftrl_eta0p1] | loss: 3.823383 | lrm: 1.00 | dt: 1692.06ms | tok/s: 309,851 | mfu: 35.37 | epoch: 1 | eta: 51.9m
step 00352/02205 (15.96%) [ns2_ftrl_eta0p1] | loss: 3.816240 | lrm: 1.00 | dt: 1689.72ms | tok/s: 310,281 | mfu: 35.42 | epoch: 1 | eta: 51.9m
step 00353/02205 (16.01%) [ns2_ftrl_eta0p1] | loss: 3.832093 | lrm: 1.00 | dt: 1692.72ms | tok/s: 309,730 | mfu: 35.36 | epoch: 1 | eta: 51.9m
step 00354/02205 (16.05%) [ns2_ftrl_eta0p1] | loss: 3.827185 | lrm: 1.00 | dt: 1693.68ms | tok/s: 309,555 | mfu: 35.34 | epoch: 1 | eta: 51.8m
step 00355/02205 (16.10%) [ns2_ftrl_eta0p1] | loss: 3.840914 | lrm: 1.00 | dt: 1688.15ms | tok/s: 310,569 | mfu: 35.45 | epoch: 1 | eta: 51.8m
step 00356/02205 (16.15%) [ns2_ftrl_eta0p1] | loss: 3.849367 | lrm: 1.00 | dt: 1690.73ms | tok/s: 310,095 | mfu: 35.40 | epoch: 1 | eta: 51.8m
step 00357/02205 (16.19%) [ns2_ftrl_eta0p1] | loss: 3.844582 | lrm: 1.00 | dt: 1695.22ms | tok/s: 309,274 | mfu: 35.30 | epoch: 1 | eta: 51.8m
step 00358/02205 (16.24%) [ns2_ftrl_eta0p1] | loss: 3.844461 | lrm: 1.00 | dt: 1689.86ms | tok/s: 310,254 | mfu: 35.42 | epoch: 1 | eta: 51.7m
step 00359/02205 (16.28%) [ns2_ftrl_eta0p1] | loss: 3.845623 | lrm: 1.00 | dt: 1688.73ms | tok/s: 310,463 | mfu: 35.44 | epoch: 1 | eta: 51.7m
step 00360/02205 (16.33%) [ns2_ftrl_eta0p1] | loss: 3.833020 | lrm: 1.00 | dt: 1693.41ms | tok/s: 309,605 | mfu: 35.34 | epoch: 1 | eta: 51.7m
step 00361/02205 (16.37%) [ns2_ftrl_eta0p1] | loss: 3.830657 | lrm: 1.00 | dt: 1690.16ms | tok/s: 310,200 | mfu: 35.41 | epoch: 1 | eta: 51.6m
step 00362/02205 (16.42%) [ns2_ftrl_eta0p1] | loss: 3.823101 | lrm: 1.00 | dt: 1694.21ms | tok/s: 309,458 | mfu: 35.33 | epoch: 1 | eta: 51.6m
step 00363/02205 (16.46%) [ns2_ftrl_eta0p1] | loss: 3.829749 | lrm: 1.00 | dt: 1694.88ms | tok/s: 309,336 | mfu: 35.31 | epoch: 1 | eta: 51.6m
step 00364/02205 (16.51%) [ns2_ftrl_eta0p1] | loss: 3.834467 | lrm: 1.00 | dt: 1691.77ms | tok/s: 309,904 | mfu: 35.38 | epoch: 1 | eta: 51.6m
step 00365/02205 (16.55%) [ns2_ftrl_eta0p1] | loss: 3.828569 | lrm: 1.00 | dt: 1691.84ms | tok/s: 309,892 | mfu: 35.37 | epoch: 1 | eta: 51.5m
step 00366/02205 (16.60%) [ns2_ftrl_eta0p1] | loss: 3.830619 | lrm: 1.00 | dt: 1693.13ms | tok/s: 309,656 | mfu: 35.35 | epoch: 1 | eta: 51.5m
step 00367/02205 (16.64%) [ns2_ftrl_eta0p1] | loss: 3.835386 | lrm: 1.00 | dt: 1694.55ms | tok/s: 309,395 | mfu: 35.32 | epoch: 1 | eta: 51.5m
step 00368/02205 (16.69%) [ns2_ftrl_eta0p1] | loss: 3.840727 | lrm: 1.00 | dt: 1691.41ms | tok/s: 309,970 | mfu: 35.38 | epoch: 1 | eta: 51.5m
step 00369/02205 (16.73%) [ns2_ftrl_eta0p1] | loss: 3.836403 | lrm: 1.00 | dt: 1690.60ms | tok/s: 310,119 | mfu: 35.40 | epoch: 1 | eta: 51.4m
step 00370/02205 (16.78%) [ns2_ftrl_eta0p1] | loss: 3.843284 | lrm: 1.00 | dt: 1691.64ms | tok/s: 309,928 | mfu: 35.38 | epoch: 1 | eta: 51.4m
step 00371/02205 (16.83%) [ns2_ftrl_eta0p1] | loss: 3.838990 | lrm: 1.00 | dt: 1691.77ms | tok/s: 309,905 | mfu: 35.38 | epoch: 1 | eta: 51.4m
step 00372/02205 (16.87%) [ns2_ftrl_eta0p1] | loss: 3.844601 | lrm: 1.00 | dt: 1691.23ms | tok/s: 310,003 | mfu: 35.39 | epoch: 1 | eta: 51.3m
step 00373/02205 (16.92%) [ns2_ftrl_eta0p1] | loss: 3.838230 | lrm: 1.00 | dt: 1693.49ms | tok/s: 309,590 | mfu: 35.34 | epoch: 1 | eta: 51.3m
step 00374/02205 (16.96%) [ns2_ftrl_eta0p1] | loss: 3.837836 | lrm: 1.00 | dt: 1691.65ms | tok/s: 309,926 | mfu: 35.38 | epoch: 1 | eta: 51.3m
step 00375/02205 (17.01%) [ns2_ftrl_eta0p1] | loss: 3.838755 | lrm: 1.00 | dt: 1695.94ms | tok/s: 309,143 | mfu: 35.29 | epoch: 1 | eta: 51.3m
step 00376/02205 (17.05%) [ns2_ftrl_eta0p1] | loss: 3.829626 | lrm: 1.00 | dt: 1691.63ms | tok/s: 309,930 | mfu: 35.38 | epoch: 1 | eta: 51.2m
step 00377/02205 (17.10%) [ns2_ftrl_eta0p1] | loss: 3.811976 | lrm: 1.00 | dt: 1688.82ms | tok/s: 310,447 | mfu: 35.44 | epoch: 1 | eta: 51.2m
step 00378/02205 (17.14%) [ns2_ftrl_eta0p1] | loss: 3.812271 | lrm: 1.00 | dt: 1694.26ms | tok/s: 309,449 | mfu: 35.32 | epoch: 1 | eta: 51.2m
step 00379/02205 (17.19%) [ns2_ftrl_eta0p1] | loss: 3.812202 | lrm: 1.00 | dt: 1688.23ms | tok/s: 310,555 | mfu: 35.45 | epoch: 1 | eta: 51.2m
step 00380/02205 (17.23%) [ns2_ftrl_eta0p1] | loss: 3.806875 | lrm: 1.00 | dt: 1693.02ms | tok/s: 309,676 | mfu: 35.35 | epoch: 1 | eta: 51.1m
step 00381/02205 (17.28%) [ns2_ftrl_eta0p1] | loss: 3.813125 | lrm: 1.00 | dt: 1690.58ms | tok/s: 310,122 | mfu: 35.40 | epoch: 1 | eta: 51.1m
step 00382/02205 (17.32%) [ns2_ftrl_eta0p1] | loss: 3.812085 | lrm: 1.00 | dt: 1693.02ms | tok/s: 309,675 | mfu: 35.35 | epoch: 1 | eta: 51.1m
step 00383/02205 (17.37%) [ns2_ftrl_eta0p1] | loss: 3.804653 | lrm: 1.00 | dt: 1690.22ms | tok/s: 310,189 | mfu: 35.41 | epoch: 1 | eta: 51.0m
step 00384/02205 (17.41%) [ns2_ftrl_eta0p1] | loss: 3.794064 | lrm: 1.00 | dt: 1696.56ms | tok/s: 309,030 | mfu: 35.28 | epoch: 1 | eta: 51.0m
step 00385/02205 (17.46%) [ns2_ftrl_eta0p1] | loss: 3.791360 | lrm: 1.00 | dt: 1689.98ms | tok/s: 310,233 | mfu: 35.41 | epoch: 1 | eta: 51.0m
step 00386/02205 (17.51%) [ns2_ftrl_eta0p1] | loss: 3.791313 | lrm: 1.00 | dt: 1693.36ms | tok/s: 309,613 | mfu: 35.34 | epoch: 1 | eta: 51.0m
step 00387/02205 (17.55%) [ns2_ftrl_eta0p1] | loss: 3.796139 | lrm: 1.00 | dt: 1689.80ms | tok/s: 310,266 | mfu: 35.42 | epoch: 1 | eta: 50.9m
step 00388/02205 (17.60%) [ns2_ftrl_eta0p1] | loss: 3.781762 | lrm: 1.00 | dt: 1690.95ms | tok/s: 310,054 | mfu: 35.39 | epoch: 1 | eta: 50.9m
step 00389/02205 (17.64%) [ns2_ftrl_eta0p1] | loss: 3.780684 | lrm: 1.00 | dt: 1692.03ms | tok/s: 309,857 | mfu: 35.37 | epoch: 1 | eta: 50.9m
step 00390/02205 (17.69%) [ns2_ftrl_eta0p1] | loss: 3.779240 | lrm: 1.00 | dt: 1694.06ms | tok/s: 309,486 | mfu: 35.33 | epoch: 1 | eta: 50.9m
step 00391/02205 (17.73%) [ns2_ftrl_eta0p1] | loss: 3.772478 | lrm: 1.00 | dt: 1692.41ms | tok/s: 309,788 | mfu: 35.36 | epoch: 1 | eta: 50.8m
step 00392/02205 (17.78%) [ns2_ftrl_eta0p1] | loss: 3.760786 | lrm: 1.00 | dt: 1692.37ms | tok/s: 309,795 | mfu: 35.36 | epoch: 1 | eta: 50.8m
step 00393/02205 (17.82%) [ns2_ftrl_eta0p1] | loss: 3.756270 | lrm: 1.00 | dt: 1696.66ms | tok/s: 309,012 | mfu: 35.27 | epoch: 1 | eta: 50.8m
step 00394/02205 (17.87%) [ns2_ftrl_eta0p1] | loss: 3.752643 | lrm: 1.00 | dt: 1688.48ms | tok/s: 310,509 | mfu: 35.45 | epoch: 1 | eta: 50.7m
step 00395/02205 (17.91%) [ns2_ftrl_eta0p1] | loss: 3.749674 | lrm: 1.00 | dt: 1689.36ms | tok/s: 310,347 | mfu: 35.43 | epoch: 1 | eta: 50.7m
step 00396/02205 (17.96%) [ns2_ftrl_eta0p1] | loss: 3.757749 | lrm: 1.00 | dt: 1694.04ms | tok/s: 309,490 | mfu: 35.33 | epoch: 1 | eta: 50.7m
step 00397/02205 (18.00%) [ns2_ftrl_eta0p1] | loss: 3.760148 | lrm: 1.00 | dt: 1687.10ms | tok/s: 310,762 | mfu: 35.47 | epoch: 1 | eta: 50.7m
step 00398/02205 (18.05%) [ns2_ftrl_eta0p1] | loss: 3.758319 | lrm: 1.00 | dt: 1695.43ms | tok/s: 309,235 | mfu: 35.30 | epoch: 1 | eta: 50.6m
step 00399/02205 (18.10%) [ns2_ftrl_eta0p1] | loss: 3.761326 | lrm: 1.00 | dt: 1694.71ms | tok/s: 309,366 | mfu: 35.31 | epoch: 1 | eta: 50.6m
step 00400/02205 (18.14%) [ns2_ftrl_eta0p1] | loss: 3.755816 | lrm: 1.00 | dt: 1687.33ms | tok/s: 310,721 | mfu: 35.47 | epoch: 1 | eta: 50.6m
step 00401/02205 (18.19%) [ns2_ftrl_eta0p1] | loss: 3.756320 | lrm: 1.00 | dt: 1694.19ms | tok/s: 309,461 | mfu: 35.33 | epoch: 1 | eta: 50.6m
step 00402/02205 (18.23%) [ns2_ftrl_eta0p1] | loss: 3.756072 | lrm: 1.00 | dt: 1695.81ms | tok/s: 309,166 | mfu: 35.29 | epoch: 1 | eta: 50.5m
step 00403/02205 (18.28%) [ns2_ftrl_eta0p1] | loss: 3.753430 | lrm: 1.00 | dt: 1692.73ms | tok/s: 309,728 | mfu: 35.36 | epoch: 1 | eta: 50.5m
step 00404/02205 (18.32%) [ns2_ftrl_eta0p1] | loss: 3.748005 | lrm: 1.00 | dt: 1686.29ms | tok/s: 310,912 | mfu: 35.49 | epoch: 1 | eta: 50.5m
step 00405/02205 (18.37%) [ns2_ftrl_eta0p1] | loss: 3.743221 | lrm: 1.00 | dt: 1698.24ms | tok/s: 308,723 | mfu: 35.24 | epoch: 1 | eta: 50.5m
step 00406/02205 (18.41%) [ns2_ftrl_eta0p1] | loss: 3.735972 | lrm: 1.00 | dt: 1687.07ms | tok/s: 310,768 | mfu: 35.47 | epoch: 1 | eta: 50.4m
step 00407/02205 (18.46%) [ns2_ftrl_eta0p1] | loss: 3.737473 | lrm: 1.00 | dt: 1690.17ms | tok/s: 310,198 | mfu: 35.41 | epoch: 1 | eta: 50.4m
step 00408/02205 (18.50%) [ns2_ftrl_eta0p1] | loss: 3.741764 | lrm: 1.00 | dt: 1689.81ms | tok/s: 310,265 | mfu: 35.42 | epoch: 1 | eta: 50.4m
step 00409/02205 (18.55%) [ns2_ftrl_eta0p1] | loss: 3.744425 | lrm: 1.00 | dt: 1691.26ms | tok/s: 309,997 | mfu: 35.39 | epoch: 1 | eta: 50.3m
step 00410/02205 (18.59%) [ns2_ftrl_eta0p1] | loss: 3.743179 | lrm: 1.00 | dt: 1688.36ms | tok/s: 310,531 | mfu: 35.45 | epoch: 1 | eta: 50.3m
step 00411/02205 (18.64%) [ns2_ftrl_eta0p1] | loss: 3.747251 | lrm: 1.00 | dt: 1688.77ms | tok/s: 310,455 | mfu: 35.44 | epoch: 1 | eta: 50.3m
step 00412/02205 (18.68%) [ns2_ftrl_eta0p1] | loss: 3.744416 | lrm: 1.00 | dt: 1690.58ms | tok/s: 310,122 | mfu: 35.40 | epoch: 1 | eta: 50.3m
step 00413/02205 (18.73%) [ns2_ftrl_eta0p1] | loss: 3.747928 | lrm: 1.00 | dt: 1692.27ms | tok/s: 309,813 | mfu: 35.37 | epoch: 1 | eta: 50.2m
step 00414/02205 (18.78%) [ns2_ftrl_eta0p1] | loss: 3.753348 | lrm: 1.00 | dt: 1678.18ms | tok/s: 312,415 | mfu: 35.66 | epoch: 1 | eta: 50.2m
step 00415/02205 (18.82%) [ns2_ftrl_eta0p1] | loss: 3.756246 | lrm: 1.00 | dt: 1686.56ms | tok/s: 310,862 | mfu: 35.49 | epoch: 1 | eta: 50.2m
step 00416/02205 (18.87%) [ns2_ftrl_eta0p1] | loss: 3.754602 | lrm: 1.00 | dt: 1685.22ms | tok/s: 311,109 | mfu: 35.51 | epoch: 1 | eta: 50.1m
step 00417/02205 (18.91%) [ns2_ftrl_eta0p1] | loss: 3.746360 | lrm: 1.00 | dt: 1689.39ms | tok/s: 310,341 | mfu: 35.43 | epoch: 1 | eta: 50.1m
step 00418/02205 (18.96%) [ns2_ftrl_eta0p1] | loss: 3.747608 | lrm: 1.00 | dt: 1686.45ms | tok/s: 310,883 | mfu: 35.49 | epoch: 1 | eta: 50.1m
step 00419/02205 (19.00%) [ns2_ftrl_eta0p1] | loss: 3.744410 | lrm: 1.00 | dt: 1685.22ms | tok/s: 311,109 | mfu: 35.51 | epoch: 1 | eta: 50.1m
step 00420/02205 (19.05%) [ns2_ftrl_eta0p1] | loss: 3.756444 | lrm: 1.00 | dt: 1690.51ms | tok/s: 310,136 | mfu: 35.40 | epoch: 1 | eta: 50.0m
step 00421/02205 (19.09%) [ns2_ftrl_eta0p1] | loss: 3.752275 | lrm: 1.00 | dt: 1687.84ms | tok/s: 310,626 | mfu: 35.46 | epoch: 1 | eta: 50.0m
step 00422/02205 (19.14%) [ns2_ftrl_eta0p1] | loss: 3.760937 | lrm: 1.00 | dt: 1690.61ms | tok/s: 310,118 | mfu: 35.40 | epoch: 1 | eta: 50.0m
step 00423/02205 (19.18%) [ns2_ftrl_eta0p1] | loss: 3.770400 | lrm: 1.00 | dt: 1687.99ms | tok/s: 310,599 | mfu: 35.46 | epoch: 1 | eta: 50.0m
step 00424/02205 (19.23%) [ns2_ftrl_eta0p1] | loss: 3.769419 | lrm: 1.00 | dt: 1680.99ms | tok/s: 311,891 | mfu: 35.60 | epoch: 1 | eta: 49.9m
step 00425/02205 (19.27%) [ns2_ftrl_eta0p1] | loss: 3.760987 | lrm: 1.00 | dt: 1685.40ms | tok/s: 311,076 | mfu: 35.51 | epoch: 1 | eta: 49.9m
step 00426/02205 (19.32%) [ns2_ftrl_eta0p1] | loss: 3.755053 | lrm: 1.00 | dt: 1690.36ms | tok/s: 310,163 | mfu: 35.41 | epoch: 1 | eta: 49.9m
step 00427/02205 (19.37%) [ns2_ftrl_eta0p1] | loss: 3.746202 | lrm: 1.00 | dt: 1694.17ms | tok/s: 309,465 | mfu: 35.33 | epoch: 1 | eta: 49.8m
step 00428/02205 (19.41%) [ns2_ftrl_eta0p1] | loss: 3.748469 | lrm: 1.00 | dt: 1689.52ms | tok/s: 310,318 | mfu: 35.42 | epoch: 1 | eta: 49.8m
step 00429/02205 (19.46%) [ns2_ftrl_eta0p1] | loss: 3.742841 | lrm: 1.00 | dt: 1681.82ms | tok/s: 311,738 | mfu: 35.59 | epoch: 1 | eta: 49.8m
step 00430/02205 (19.50%) [ns2_ftrl_eta0p1] | loss: 3.741550 | lrm: 1.00 | dt: 1691.84ms | tok/s: 309,892 | mfu: 35.37 | epoch: 1 | eta: 49.8m
step 00431/02205 (19.55%) [ns2_ftrl_eta0p1] | loss: 3.740643 | lrm: 1.00 | dt: 1686.95ms | tok/s: 310,790 | mfu: 35.48 | epoch: 1 | eta: 49.7m
step 00432/02205 (19.59%) [ns2_ftrl_eta0p1] | loss: 3.736817 | lrm: 1.00 | dt: 1692.48ms | tok/s: 309,775 | mfu: 35.36 | epoch: 1 | eta: 49.7m
step 00433/02205 (19.64%) [ns2_ftrl_eta0p1] | loss: 3.738434 | lrm: 1.00 | dt: 1691.15ms | tok/s: 310,018 | mfu: 35.39 | epoch: 1 | eta: 49.7m
step 00434/02205 (19.68%) [ns2_ftrl_eta0p1] | loss: 3.741616 | lrm: 1.00 | dt: 1689.32ms | tok/s: 310,354 | mfu: 35.43 | epoch: 1 | eta: 49.7m
step 00435/02205 (19.73%) [ns2_ftrl_eta0p1] | loss: 3.746536 | lrm: 1.00 | dt: 1688.53ms | tok/s: 310,499 | mfu: 35.44 | epoch: 1 | eta: 49.6m
step 00436/02205 (19.77%) [ns2_ftrl_eta0p1] | loss: 3.750743 | lrm: 1.00 | dt: 1691.84ms | tok/s: 309,892 | mfu: 35.37 | epoch: 1 | eta: 49.6m
step 00437/02205 (19.82%) [ns2_ftrl_eta0p1] | loss: 3.744398 | lrm: 1.00 | dt: 1693.29ms | tok/s: 309,626 | mfu: 35.34 | epoch: 1 | eta: 49.6m
step 00438/02205 (19.86%) [ns2_ftrl_eta0p1] | loss: 3.746684 | lrm: 1.00 | dt: 1689.36ms | tok/s: 310,347 | mfu: 35.43 | epoch: 1 | eta: 49.5m
step 00439/02205 (19.91%) [ns2_ftrl_eta0p1] | loss: 3.739918 | lrm: 1.00 | dt: 1695.22ms | tok/s: 309,274 | mfu: 35.30 | epoch: 1 | eta: 49.5m
step 00440/02205 (19.95%) [ns2_ftrl_eta0p1] | loss: 3.738601 | lrm: 1.00 | dt: 1678.29ms | tok/s: 312,393 | mfu: 35.66 | epoch: 1 | eta: 49.5m
step 00441/02205 (20.00%) [ns2_ftrl_eta0p1] | loss: 3.730328 | lrm: 1.00 | dt: 1691.79ms | tok/s: 309,901 | mfu: 35.38 | epoch: 1 | eta: 49.5m
step 00442/02205 (20.05%) [ns2_ftrl_eta0p1] | loss: 3.735701 | lrm: 1.00 | dt: 1684.51ms | tok/s: 311,240 | mfu: 35.53 | epoch: 1 | eta: 49.4m
step 00443/02205 (20.09%) [ns2_ftrl_eta0p1] | loss: 3.734757 | lrm: 1.00 | dt: 1694.83ms | tok/s: 309,346 | mfu: 35.31 | epoch: 1 | eta: 49.4m
step 00444/02205 (20.14%) [ns2_ftrl_eta0p1] | loss: 3.732297 | lrm: 1.00 | dt: 1689.57ms | tok/s: 310,308 | mfu: 35.42 | epoch: 1 | eta: 49.4m
step 00445/02205 (20.18%) [ns2_ftrl_eta0p1] | loss: 3.726080 | lrm: 1.00 | dt: 1693.99ms | tok/s: 309,499 | mfu: 35.33 | epoch: 1 | eta: 49.3m
step 00446/02205 (20.23%) [ns2_ftrl_eta0p1] | loss: 3.719587 | lrm: 1.00 | dt: 1692.05ms | tok/s: 309,853 | mfu: 35.37 | epoch: 1 | eta: 49.3m
step 00447/02205 (20.27%) [ns2_ftrl_eta0p1] | loss: 3.710084 | lrm: 1.00 | dt: 1691.36ms | tok/s: 309,979 | mfu: 35.38 | epoch: 1 | eta: 49.3m
step 00448/02205 (20.32%) [ns2_ftrl_eta0p1] | loss: 3.712957 | lrm: 1.00 | dt: 1690.16ms | tok/s: 310,200 | mfu: 35.41 | epoch: 1 | eta: 49.3m
step 00449/02205 (20.36%) [ns2_ftrl_eta0p1] | loss: 3.712107 | lrm: 1.00 | dt: 1691.85ms | tok/s: 309,890 | mfu: 35.37 | epoch: 1 | eta: 49.2m
step 00450/02205 (20.41%) [ns2_ftrl_eta0p1] | loss: 3.722684 | lrm: 1.00 | dt: 1686.99ms | tok/s: 310,782 | mfu: 35.48 | epoch: 1 | eta: 49.2m
step 00451/02205 (20.45%) [ns2_ftrl_eta0p1] | loss: 3.717745 | lrm: 1.00 | dt: 1685.80ms | tok/s: 311,001 | mfu: 35.50 | epoch: 1 | eta: 49.2m
step 00452/02205 (20.50%) [ns2_ftrl_eta0p1] | loss: 3.721356 | lrm: 1.00 | dt: 1689.61ms | tok/s: 310,301 | mfu: 35.42 | epoch: 1 | eta: 49.2m
step 00453/02205 (20.54%) [ns2_ftrl_eta0p1] | loss: 3.721546 | lrm: 1.00 | dt: 1692.96ms | tok/s: 309,686 | mfu: 35.35 | epoch: 1 | eta: 49.1m
step 00454/02205 (20.59%) [ns2_ftrl_eta0p1] | loss: 3.709311 | lrm: 1.00 | dt: 1691.99ms | tok/s: 309,864 | mfu: 35.37 | epoch: 1 | eta: 49.1m
step 00455/02205 (20.63%) [ns2_ftrl_eta0p1] | loss: 3.716064 | lrm: 1.00 | dt: 1691.05ms | tok/s: 310,036 | mfu: 35.39 | epoch: 1 | eta: 49.1m
step 00456/02205 (20.68%) [ns2_ftrl_eta0p1] | loss: 3.723449 | lrm: 1.00 | dt: 1690.93ms | tok/s: 310,058 | mfu: 35.39 | epoch: 1 | eta: 49.0m
step 00457/02205 (20.73%) [ns2_ftrl_eta0p1] | loss: 3.715765 | lrm: 1.00 | dt: 1693.48ms | tok/s: 309,592 | mfu: 35.34 | epoch: 1 | eta: 49.0m
step 00458/02205 (20.77%) [ns2_ftrl_eta0p1] | loss: 3.722147 | lrm: 1.00 | dt: 1693.16ms | tok/s: 309,651 | mfu: 35.35 | epoch: 1 | eta: 49.0m
step 00459/02205 (20.82%) [ns2_ftrl_eta0p1] | loss: 3.729791 | lrm: 1.00 | dt: 1691.85ms | tok/s: 309,891 | mfu: 35.37 | epoch: 1 | eta: 49.0m
step 00460/02205 (20.86%) [ns2_ftrl_eta0p1] | loss: 3.724961 | lrm: 1.00 | dt: 1693.74ms | tok/s: 309,545 | mfu: 35.33 | epoch: 1 | eta: 48.9m
step 00461/02205 (20.91%) [ns2_ftrl_eta0p1] | loss: 3.723714 | lrm: 1.00 | dt: 1690.17ms | tok/s: 310,198 | mfu: 35.41 | epoch: 1 | eta: 48.9m
step 00462/02205 (20.95%) [ns2_ftrl_eta0p1] | loss: 3.719826 | lrm: 1.00 | dt: 1691.32ms | tok/s: 309,986 | mfu: 35.39 | epoch: 1 | eta: 48.9m
step 00463/02205 (21.00%) [ns2_ftrl_eta0p1] | loss: 3.708256 | lrm: 1.00 | dt: 1687.88ms | tok/s: 310,618 | mfu: 35.46 | epoch: 1 | eta: 48.9m
step 00464/02205 (21.04%) [ns2_ftrl_eta0p1] | loss: 3.710274 | lrm: 1.00 | dt: 1688.71ms | tok/s: 310,467 | mfu: 35.44 | epoch: 1 | eta: 48.8m
step 00465/02205 (21.09%) [ns2_ftrl_eta0p1] | loss: 3.704013 | lrm: 1.00 | dt: 1679.86ms | tok/s: 312,102 | mfu: 35.63 | epoch: 1 | eta: 48.8m
step 00466/02205 (21.13%) [ns2_ftrl_eta0p1] | loss: 3.711922 | lrm: 1.00 | dt: 1684.05ms | tok/s: 311,326 | mfu: 35.54 | epoch: 1 | eta: 48.8m
step 00467/02205 (21.18%) [ns2_ftrl_eta0p1] | loss: 3.722740 | lrm: 1.00 | dt: 1684.10ms | tok/s: 311,316 | mfu: 35.54 | epoch: 1 | eta: 48.7m
step 00468/02205 (21.22%) [ns2_ftrl_eta0p1] | loss: 3.727832 | lrm: 1.00 | dt: 1693.34ms | tok/s: 309,617 | mfu: 35.34 | epoch: 1 | eta: 48.7m
step 00469/02205 (21.27%) [ns2_ftrl_eta0p1] | loss: 3.727815 | lrm: 1.00 | dt: 1685.66ms | tok/s: 311,028 | mfu: 35.50 | epoch: 1 | eta: 48.7m
step 00470/02205 (21.32%) [ns2_ftrl_eta0p1] | loss: 3.724867 | lrm: 1.00 | dt: 1685.49ms | tok/s: 311,060 | mfu: 35.51 | epoch: 1 | eta: 48.7m
step 00471/02205 (21.36%) [ns2_ftrl_eta0p1] | loss: 3.729832 | lrm: 1.00 | dt: 1684.96ms | tok/s: 311,156 | mfu: 35.52 | epoch: 1 | eta: 48.6m
step 00472/02205 (21.41%) [ns2_ftrl_eta0p1] | loss: 3.735162 | lrm: 1.00 | dt: 1694.27ms | tok/s: 309,446 | mfu: 35.32 | epoch: 1 | eta: 48.6m
step 00473/02205 (21.45%) [ns2_ftrl_eta0p1] | loss: 3.722902 | lrm: 1.00 | dt: 1691.97ms | tok/s: 309,867 | mfu: 35.37 | epoch: 1 | eta: 48.6m
step 00474/02205 (21.50%) [ns2_ftrl_eta0p1] | loss: 3.723672 | lrm: 1.00 | dt: 1687.91ms | tok/s: 310,613 | mfu: 35.46 | epoch: 1 | eta: 48.5m
step 00475/02205 (21.54%) [ns2_ftrl_eta0p1] | loss: 3.713607 | lrm: 1.00 | dt: 1683.71ms | tok/s: 311,387 | mfu: 35.55 | epoch: 1 | eta: 48.5m
step 00476/02205 (21.59%) [ns2_ftrl_eta0p1] | loss: 3.711212 | lrm: 1.00 | dt: 1686.65ms | tok/s: 310,844 | mfu: 35.48 | epoch: 1 | eta: 48.5m
step 00477/02205 (21.63%) [ns2_ftrl_eta0p1] | loss: 3.712609 | lrm: 1.00 | dt: 1688.68ms | tok/s: 310,471 | mfu: 35.44 | epoch: 1 | eta: 48.5m
step 00478/02205 (21.68%) [ns2_ftrl_eta0p1] | loss: 3.709234 | lrm: 1.00 | dt: 1692.95ms | tok/s: 309,689 | mfu: 35.35 | epoch: 1 | eta: 48.4m
step 00479/02205 (21.72%) [ns2_ftrl_eta0p1] | loss: 3.705640 | lrm: 1.00 | dt: 1694.34ms | tok/s: 309,434 | mfu: 35.32 | epoch: 1 | eta: 48.4m
step 00480/02205 (21.77%) [ns2_ftrl_eta0p1] | loss: 3.707436 | lrm: 1.00 | dt: 1687.81ms | tok/s: 310,631 | mfu: 35.46 | epoch: 1 | eta: 48.4m
step 00481/02205 (21.81%) [ns2_ftrl_eta0p1] | loss: 3.702279 | lrm: 1.00 | dt: 1694.91ms | tok/s: 309,330 | mfu: 35.31 | epoch: 1 | eta: 48.4m
step 00482/02205 (21.86%) [ns2_ftrl_eta0p1] | loss: 3.696684 | lrm: 1.00 | dt: 1684.61ms | tok/s: 311,221 | mfu: 35.53 | epoch: 1 | eta: 48.3m
step 00483/02205 (21.90%) [ns2_ftrl_eta0p1] | loss: 3.692979 | lrm: 1.00 | dt: 1689.07ms | tok/s: 310,400 | mfu: 35.43 | epoch: 1 | eta: 48.3m
step 00484/02205 (21.95%) [ns2_ftrl_eta0p1] | loss: 3.692327 | lrm: 1.00 | dt: 1687.85ms | tok/s: 310,624 | mfu: 35.46 | epoch: 1 | eta: 48.3m
step 00485/02205 (22.00%) [ns2_ftrl_eta0p1] | loss: 3.690035 | lrm: 1.00 | dt: 1687.76ms | tok/s: 310,641 | mfu: 35.46 | epoch: 1 | eta: 48.2m
step 00486/02205 (22.04%) [ns2_ftrl_eta0p1] | loss: 3.688774 | lrm: 1.00 | dt: 1693.07ms | tok/s: 309,667 | mfu: 35.35 | epoch: 1 | eta: 48.2m
step 00487/02205 (22.09%) [ns2_ftrl_eta0p1] | loss: 3.685494 | lrm: 1.00 | dt: 1691.00ms | tok/s: 310,046 | mfu: 35.39 | epoch: 1 | eta: 48.2m
step 00488/02205 (22.13%) [ns2_ftrl_eta0p1] | loss: 3.687194 | lrm: 1.00 | dt: 1694.76ms | tok/s: 309,357 | mfu: 35.31 | epoch: 1 | eta: 48.2m
step 00489/02205 (22.18%) [ns2_ftrl_eta0p1] | loss: 3.691795 | lrm: 1.00 | dt: 1687.63ms | tok/s: 310,665 | mfu: 35.46 | epoch: 1 | eta: 48.1m
step 00490/02205 (22.22%) [ns2_ftrl_eta0p1] | loss: 3.687536 | lrm: 1.00 | dt: 1685.44ms | tok/s: 311,068 | mfu: 35.51 | epoch: 1 | eta: 48.1m
step 00491/02205 (22.27%) [ns2_ftrl_eta0p1] | loss: 3.682652 | lrm: 1.00 | dt: 1690.24ms | tok/s: 310,184 | mfu: 35.41 | epoch: 1 | eta: 48.1m
step 00492/02205 (22.31%) [ns2_ftrl_eta0p1] | loss: 3.682360 | lrm: 1.00 | dt: 1690.15ms | tok/s: 310,201 | mfu: 35.41 | epoch: 1 | eta: 48.1m
step 00493/02205 (22.36%) [ns2_ftrl_eta0p1] | loss: 3.669746 | lrm: 1.00 | dt: 1691.56ms | tok/s: 309,943 | mfu: 35.38 | epoch: 1 | eta: 48.0m
step 00494/02205 (22.40%) [ns2_ftrl_eta0p1] | loss: 3.663281 | lrm: 1.00 | dt: 1685.97ms | tok/s: 310,971 | mfu: 35.50 | epoch: 1 | eta: 48.0m
step 00495/02205 (22.45%) [ns2_ftrl_eta0p1] | loss: 3.656753 | lrm: 1.00 | dt: 1691.46ms | tok/s: 309,960 | mfu: 35.38 | epoch: 1 | eta: 48.0m
step 00496/02205 (22.49%) [ns2_ftrl_eta0p1] | loss: 3.654945 | lrm: 1.00 | dt: 1683.85ms | tok/s: 311,363 | mfu: 35.54 | epoch: 1 | eta: 47.9m
step 00497/02205 (22.54%) [ns2_ftrl_eta0p1] | loss: 3.658879 | lrm: 1.00 | dt: 1688.15ms | tok/s: 310,569 | mfu: 35.45 | epoch: 1 | eta: 47.9m
step 00498/02205 (22.59%) [ns2_ftrl_eta0p1] | loss: 3.652011 | lrm: 1.00 | dt: 1682.22ms | tok/s: 311,663 | mfu: 35.58 | epoch: 1 | eta: 47.9m
step 00499/02205 (22.63%) [ns2_ftrl_eta0p1] | loss: 3.660322 | lrm: 1.00 | dt: 1691.11ms | tok/s: 310,025 | mfu: 35.39 | epoch: 1 | eta: 47.9m
Step 00500 | val bpb: 1.072982
step 00500/02205 (22.68%) [ns2_ftrl_eta0p1] | loss: 3.656844 | lrm: 1.00 | dt: 1661.24ms | tok/s: 315,600 | mfu: 36.03 | epoch: 1 | eta: 47.8m
step 00501/02205 (22.72%) [ns2_ftrl_eta0p1] | loss: 3.666559 | lrm: 1.00 | dt: 1678.69ms | tok/s: 312,318 | mfu: 35.65 | epoch: 1 | eta: 47.8m
step 00502/02205 (22.77%) [ns2_ftrl_eta0p1] | loss: 3.669236 | lrm: 1.00 | dt: 1673.26ms | tok/s: 313,334 | mfu: 35.77 | epoch: 1 | eta: 47.8m
step 00503/02205 (22.81%) [ns2_ftrl_eta0p1] | loss: 3.672674 | lrm: 1.00 | dt: 1681.13ms | tok/s: 311,866 | mfu: 35.60 | epoch: 1 | eta: 47.7m
step 00504/02205 (22.86%) [ns2_ftrl_eta0p1] | loss: 3.674964 | lrm: 1.00 | dt: 1683.38ms | tok/s: 311,449 | mfu: 35.55 | epoch: 1 | eta: 47.7m
step 00505/02205 (22.90%) [ns2_ftrl_eta0p1] | loss: 3.661223 | lrm: 1.00 | dt: 1674.54ms | tok/s: 313,093 | mfu: 35.74 | epoch: 1 | eta: 47.7m
step 00506/02205 (22.95%) [ns2_ftrl_eta0p1] | loss: 3.660197 | lrm: 1.00 | dt: 1678.52ms | tok/s: 312,351 | mfu: 35.66 | epoch: 1 | eta: 47.7m
step 00507/02205 (22.99%) [ns2_ftrl_eta0p1] | loss: 3.667140 | lrm: 1.00 | dt: 1683.39ms | tok/s: 311,447 | mfu: 35.55 | epoch: 1 | eta: 47.6m
step 00508/02205 (23.04%) [ns2_ftrl_eta0p1] | loss: 3.664820 | lrm: 1.00 | dt: 1676.81ms | tok/s: 312,669 | mfu: 35.69 | epoch: 1 | eta: 47.6m
step 00509/02205 (23.08%) [ns2_ftrl_eta0p1] | loss: 3.665366 | lrm: 1.00 | dt: 1678.53ms | tok/s: 312,349 | mfu: 35.66 | epoch: 1 | eta: 47.6m
step 00510/02205 (23.13%) [ns2_ftrl_eta0p1] | loss: 3.652462 | lrm: 1.00 | dt: 1677.58ms | tok/s: 312,525 | mfu: 35.68 | epoch: 1 | eta: 47.5m
step 00511/02205 (23.17%) [ns2_ftrl_eta0p1] | loss: 3.660948 | lrm: 1.00 | dt: 1683.41ms | tok/s: 311,443 | mfu: 35.55 | epoch: 1 | eta: 47.5m
step 00512/02205 (23.22%) [ns2_ftrl_eta0p1] | loss: 3.661570 | lrm: 1.00 | dt: 1688.09ms | tok/s: 310,581 | mfu: 35.45 | epoch: 1 | eta: 47.5m
step 00513/02205 (23.27%) [ns2_ftrl_eta0p1] | loss: 3.667143 | lrm: 1.00 | dt: 1680.76ms | tok/s: 311,935 | mfu: 35.61 | epoch: 1 | eta: 47.5m
step 00514/02205 (23.31%) [ns2_ftrl_eta0p1] | loss: 3.663341 | lrm: 1.00 | dt: 1678.88ms | tok/s: 312,285 | mfu: 35.65 | epoch: 1 | eta: 47.4m
step 00515/02205 (23.36%) [ns2_ftrl_eta0p1] | loss: 3.657156 | lrm: 1.00 | dt: 1683.99ms | tok/s: 311,336 | mfu: 35.54 | epoch: 1 | eta: 47.4m
step 00516/02205 (23.40%) [ns2_ftrl_eta0p1] | loss: 3.655783 | lrm: 1.00 | dt: 1684.23ms | tok/s: 311,292 | mfu: 35.53 | epoch: 1 | eta: 47.4m
step 00517/02205 (23.45%) [ns2_ftrl_eta0p1] | loss: 3.647219 | lrm: 1.00 | dt: 1685.41ms | tok/s: 311,073 | mfu: 35.51 | epoch: 1 | eta: 47.3m
step 00518/02205 (23.49%) [ns2_ftrl_eta0p1] | loss: 3.641199 | lrm: 1.00 | dt: 1686.20ms | tok/s: 310,928 | mfu: 35.49 | epoch: 1 | eta: 47.3m
step 00519/02205 (23.54%) [ns2_ftrl_eta0p1] | loss: 3.632342 | lrm: 1.00 | dt: 1684.92ms | tok/s: 311,165 | mfu: 35.52 | epoch: 1 | eta: 47.3m
step 00520/02205 (23.58%) [ns2_ftrl_eta0p1] | loss: 3.629029 | lrm: 1.00 | dt: 1686.60ms | tok/s: 310,855 | mfu: 35.48 | epoch: 1 | eta: 47.3m
step 00521/02205 (23.63%) [ns2_ftrl_eta0p1] | loss: 3.631322 | lrm: 1.00 | dt: 1681.98ms | tok/s: 311,708 | mfu: 35.58 | epoch: 1 | eta: 47.2m
step 00522/02205 (23.67%) [ns2_ftrl_eta0p1] | loss: 3.634092 | lrm: 1.00 | dt: 1691.12ms | tok/s: 310,023 | mfu: 35.39 | epoch: 1 | eta: 47.2m
step 00523/02205 (23.72%) [ns2_ftrl_eta0p1] | loss: 3.644317 | lrm: 1.00 | dt: 1686.18ms | tok/s: 310,933 | mfu: 35.49 | epoch: 1 | eta: 47.2m
step 00524/02205 (23.76%) [ns2_ftrl_eta0p1] | loss: 3.643369 | lrm: 1.00 | dt: 1690.72ms | tok/s: 310,097 | mfu: 35.40 | epoch: 1 | eta: 47.2m
step 00525/02205 (23.81%) [ns2_ftrl_eta0p1] | loss: 3.640725 | lrm: 1.00 | dt: 1686.72ms | tok/s: 310,833 | mfu: 35.48 | epoch: 1 | eta: 47.1m
step 00526/02205 (23.85%) [ns2_ftrl_eta0p1] | loss: 3.636856 | lrm: 1.00 | dt: 1686.37ms | tok/s: 310,897 | mfu: 35.49 | epoch: 1 | eta: 47.1m
step 00527/02205 (23.90%) [ns2_ftrl_eta0p1] | loss: 3.641727 | lrm: 1.00 | dt: 1696.75ms | tok/s: 308,995 | mfu: 35.27 | epoch: 1 | eta: 47.1m
step 00528/02205 (23.95%) [ns2_ftrl_eta0p1] | loss: 3.649783 | lrm: 1.00 | dt: 1687.04ms | tok/s: 310,774 | mfu: 35.48 | epoch: 1 | eta: 47.0m
step 00529/02205 (23.99%) [ns2_ftrl_eta0p1] | loss: 3.640288 | lrm: 1.00 | dt: 1685.96ms | tok/s: 310,972 | mfu: 35.50 | epoch: 1 | eta: 47.0m
step 00530/02205 (24.04%) [ns2_ftrl_eta0p1] | loss: 3.643779 | lrm: 1.00 | dt: 1686.39ms | tok/s: 310,894 | mfu: 35.49 | epoch: 1 | eta: 47.0m
step 00531/02205 (24.08%) [ns2_ftrl_eta0p1] | loss: 3.635810 | lrm: 1.00 | dt: 1688.03ms | tok/s: 310,591 | mfu: 35.45 | epoch: 1 | eta: 47.0m
step 00532/02205 (24.13%) [ns2_ftrl_eta0p1] | loss: 3.638163 | lrm: 1.00 | dt: 1685.42ms | tok/s: 311,072 | mfu: 35.51 | epoch: 1 | eta: 46.9m
step 00533/02205 (24.17%) [ns2_ftrl_eta0p1] | loss: 3.632035 | lrm: 1.00 | dt: 1687.14ms | tok/s: 310,755 | mfu: 35.47 | epoch: 1 | eta: 46.9m
step 00534/02205 (24.22%) [ns2_ftrl_eta0p1] | loss: 3.632791 | lrm: 1.00 | dt: 1691.82ms | tok/s: 309,896 | mfu: 35.38 | epoch: 1 | eta: 46.9m
step 00535/02205 (24.26%) [ns2_ftrl_eta0p1] | loss: 3.631589 | lrm: 1.00 | dt: 1691.62ms | tok/s: 309,932 | mfu: 35.38 | epoch: 1 | eta: 46.8m
step 00536/02205 (24.31%) [ns2_ftrl_eta0p1] | loss: 3.637495 | lrm: 1.00 | dt: 1695.21ms | tok/s: 309,276 | mfu: 35.30 | epoch: 1 | eta: 46.8m
step 00537/02205 (24.35%) [ns2_ftrl_eta0p1] | loss: 3.641260 | lrm: 1.00 | dt: 1692.91ms | tok/s: 309,696 | mfu: 35.35 | epoch: 1 | eta: 46.8m
step 00538/02205 (24.40%) [ns2_ftrl_eta0p1] | loss: 3.637270 | lrm: 1.00 | dt: 1689.02ms | tok/s: 310,409 | mfu: 35.43 | epoch: 1 | eta: 46.8m
step 00539/02205 (24.44%) [ns2_ftrl_eta0p1] | loss: 3.631674 | lrm: 1.00 | dt: 1692.60ms | tok/s: 309,752 | mfu: 35.36 | epoch: 1 | eta: 46.7m
step 00540/02205 (24.49%) [ns2_ftrl_eta0p1] | loss: 3.624501 | lrm: 1.00 | dt: 1692.33ms | tok/s: 309,802 | mfu: 35.36 | epoch: 1 | eta: 46.7m
step 00541/02205 (24.54%) [ns2_ftrl_eta0p1] | loss: 3.637328 | lrm: 1.00 | dt: 1690.14ms | tok/s: 310,203 | mfu: 35.41 | epoch: 1 | eta: 46.7m
step 00542/02205 (24.58%) [ns2_ftrl_eta0p1] | loss: 3.640461 | lrm: 1.00 | dt: 1694.73ms | tok/s: 309,362 | mfu: 35.31 | epoch: 1 | eta: 46.7m
step 00543/02205 (24.63%) [ns2_ftrl_eta0p1] | loss: 3.636373 | lrm: 1.00 | dt: 1692.26ms | tok/s: 309,815 | mfu: 35.37 | epoch: 1 | eta: 46.6m
step 00544/02205 (24.67%) [ns2_ftrl_eta0p1] | loss: 3.632787 | lrm: 1.00 | dt: 1692.21ms | tok/s: 309,825 | mfu: 35.37 | epoch: 1 | eta: 46.6m
step 00545/02205 (24.72%) [ns2_ftrl_eta0p1] | loss: 3.628234 | lrm: 1.00 | dt: 1692.87ms | tok/s: 309,703 | mfu: 35.35 | epoch: 1 | eta: 46.6m
step 00546/02205 (24.76%) [ns2_ftrl_eta0p1] | loss: 3.632599 | lrm: 1.00 | dt: 1695.04ms | tok/s: 309,306 | mfu: 35.31 | epoch: 1 | eta: 46.5m
step 00547/02205 (24.81%) [ns2_ftrl_eta0p1] | loss: 3.623371 | lrm: 1.00 | dt: 1689.20ms | tok/s: 310,376 | mfu: 35.43 | epoch: 1 | eta: 46.5m
step 00548/02205 (24.85%) [ns2_ftrl_eta0p1] | loss: 3.618535 | lrm: 1.00 | dt: 1684.96ms | tok/s: 311,157 | mfu: 35.52 | epoch: 1 | eta: 46.5m
step 00549/02205 (24.90%) [ns2_ftrl_eta0p1] | loss: 3.616621 | lrm: 1.00 | dt: 1690.72ms | tok/s: 310,097 | mfu: 35.40 | epoch: 1 | eta: 46.5m
step 00550/02205 (24.94%) [ns2_ftrl_eta0p1] | loss: 3.614258 | lrm: 1.00 | dt: 1689.38ms | tok/s: 310,344 | mfu: 35.43 | epoch: 1 | eta: 46.4m
step 00551/02205 (24.99%) [ns2_ftrl_eta0p1] | loss: 3.615757 | lrm: 1.00 | dt: 1692.19ms | tok/s: 309,827 | mfu: 35.37 | epoch: 1 | eta: 46.4m
step 00552/02205 (25.03%) [ns2_ftrl_eta0p1] | loss: 3.613839 | lrm: 1.00 | dt: 1688.20ms | tok/s: 310,561 | mfu: 35.45 | epoch: 1 | eta: 46.4m
step 00553/02205 (25.08%) [ns2_ftrl_eta0p1] | loss: 3.617938 | lrm: 1.00 | dt: 1693.69ms | tok/s: 309,553 | mfu: 35.34 | epoch: 1 | eta: 46.4m
step 00554/02205 (25.12%) [ns2_ftrl_eta0p1] | loss: 3.618986 | lrm: 1.00 | dt: 1691.32ms | tok/s: 309,987 | mfu: 35.39 | epoch: 1 | eta: 46.3m
step 00555/02205 (25.17%) [ns2_ftrl_eta0p1] | loss: 3.609754 | lrm: 1.00 | dt: 1686.18ms | tok/s: 310,932 | mfu: 35.49 | epoch: 1 | eta: 46.3m
step 00556/02205 (25.22%) [ns2_ftrl_eta0p1] | loss: 3.607635 | lrm: 1.00 | dt: 1692.26ms | tok/s: 309,814 | mfu: 35.37 | epoch: 1 | eta: 46.3m
step 00557/02205 (25.26%) [ns2_ftrl_eta0p1] | loss: 3.613919 | lrm: 1.00 | dt: 1694.08ms | tok/s: 309,482 | mfu: 35.33 | epoch: 1 | eta: 46.2m
step 00558/02205 (25.31%) [ns2_ftrl_eta0p1] | loss: 3.615700 | lrm: 1.00 | dt: 1694.61ms | tok/s: 309,384 | mfu: 35.32 | epoch: 1 | eta: 46.2m
step 00559/02205 (25.35%) [ns2_ftrl_eta0p1] | loss: 3.604213 | lrm: 1.00 | dt: 1691.77ms | tok/s: 309,905 | mfu: 35.38 | epoch: 1 | eta: 46.2m
step 00560/02205 (25.40%) [ns2_ftrl_eta0p1] | loss: 3.605014 | lrm: 1.00 | dt: 1691.12ms | tok/s: 310,024 | mfu: 35.39 | epoch: 1 | eta: 46.2m
step 00561/02205 (25.44%) [ns2_ftrl_eta0p1] | loss: 3.610784 | lrm: 1.00 | dt: 1691.40ms | tok/s: 309,972 | mfu: 35.38 | epoch: 1 | eta: 46.1m
step 00562/02205 (25.49%) [ns2_ftrl_eta0p1] | loss: 3.607319 | lrm: 1.00 | dt: 1694.39ms | tok/s: 309,425 | mfu: 35.32 | epoch: 1 | eta: 46.1m
step 00563/02205 (25.53%) [ns2_ftrl_eta0p1] | loss: 3.599879 | lrm: 1.00 | dt: 1691.76ms | tok/s: 309,906 | mfu: 35.38 | epoch: 1 | eta: 46.1m
step 00564/02205 (25.58%) [ns2_ftrl_eta0p1] | loss: 3.591118 | lrm: 1.00 | dt: 1692.76ms | tok/s: 309,724 | mfu: 35.36 | epoch: 1 | eta: 46.0m
step 00565/02205 (25.62%) [ns2_ftrl_eta0p1] | loss: 3.590003 | lrm: 1.00 | dt: 1691.37ms | tok/s: 309,978 | mfu: 35.38 | epoch: 1 | eta: 46.0m
step 00566/02205 (25.67%) [ns2_ftrl_eta0p1] | loss: 3.596155 | lrm: 1.00 | dt: 1693.83ms | tok/s: 309,528 | mfu: 35.33 | epoch: 1 | eta: 46.0m
step 00567/02205 (25.71%) [ns2_ftrl_eta0p1] | loss: 3.594203 | lrm: 1.00 | dt: 1690.93ms | tok/s: 310,058 | mfu: 35.39 | epoch: 1 | eta: 46.0m
step 00568/02205 (25.76%) [ns2_ftrl_eta0p1] | loss: 3.597193 | lrm: 1.00 | dt: 1694.06ms | tok/s: 309,486 | mfu: 35.33 | epoch: 1 | eta: 45.9m
step 00569/02205 (25.80%) [ns2_ftrl_eta0p1] | loss: 3.595774 | lrm: 1.00 | dt: 1691.65ms | tok/s: 309,926 | mfu: 35.38 | epoch: 1 | eta: 45.9m
step 00570/02205 (25.85%) [ns2_ftrl_eta0p1] | loss: 3.605036 | lrm: 1.00 | dt: 1696.26ms | tok/s: 309,085 | mfu: 35.28 | epoch: 1 | eta: 45.9m
step 00571/02205 (25.90%) [ns2_ftrl_eta0p1] | loss: 3.613984 | lrm: 1.00 | dt: 1696.15ms | tok/s: 309,104 | mfu: 35.28 | epoch: 1 | eta: 45.9m
step 00572/02205 (25.94%) [ns2_ftrl_eta0p1] | loss: 3.615128 | lrm: 1.00 | dt: 1691.81ms | tok/s: 309,896 | mfu: 35.38 | epoch: 1 | eta: 45.8m
step 00573/02205 (25.99%) [ns2_ftrl_eta0p1] | loss: 3.613186 | lrm: 1.00 | dt: 1691.48ms | tok/s: 309,957 | mfu: 35.38 | epoch: 1 | eta: 45.8m
step 00574/02205 (26.03%) [ns2_ftrl_eta0p1] | loss: 3.629273 | lrm: 1.00 | dt: 1695.84ms | tok/s: 309,160 | mfu: 35.29 | epoch: 1 | eta: 45.8m
step 00575/02205 (26.08%) [ns2_ftrl_eta0p1] | loss: 3.616340 | lrm: 1.00 | dt: 1702.11ms | tok/s: 308,021 | mfu: 35.16 | epoch: 1 | eta: 45.7m
step 00576/02205 (26.12%) [ns2_ftrl_eta0p1] | loss: 3.609447 | lrm: 1.00 | dt: 1695.82ms | tok/s: 309,165 | mfu: 35.29 | epoch: 1 | eta: 45.7m
step 00577/02205 (26.17%) [ns2_ftrl_eta0p1] | loss: 3.611306 | lrm: 1.00 | dt: 1695.37ms | tok/s: 309,246 | mfu: 35.30 | epoch: 1 | eta: 45.7m
step 00578/02205 (26.21%) [ns2_ftrl_eta0p1] | loss: 3.612671 | lrm: 1.00 | dt: 1693.54ms | tok/s: 309,581 | mfu: 35.34 | epoch: 1 | eta: 45.7m
step 00579/02205 (26.26%) [ns2_ftrl_eta0p1] | loss: 3.611588 | lrm: 1.00 | dt: 1694.96ms | tok/s: 309,321 | mfu: 35.31 | epoch: 1 | eta: 45.6m
step 00580/02205 (26.30%) [ns2_ftrl_eta0p1] | loss: 3.598697 | lrm: 1.00 | dt: 1696.54ms | tok/s: 309,033 | mfu: 35.28 | epoch: 1 | eta: 45.6m
step 00581/02205 (26.35%) [ns2_ftrl_eta0p1] | loss: 3.599902 | lrm: 1.00 | dt: 1691.27ms | tok/s: 309,997 | mfu: 35.39 | epoch: 1 | eta: 45.6m
step 00582/02205 (26.39%) [ns2_ftrl_eta0p1] | loss: 3.591603 | lrm: 1.00 | dt: 1691.10ms | tok/s: 310,028 | mfu: 35.39 | epoch: 1 | eta: 45.6m
step 00583/02205 (26.44%) [ns2_ftrl_eta0p1] | loss: 3.601696 | lrm: 1.00 | dt: 1690.90ms | tok/s: 310,064 | mfu: 35.39 | epoch: 1 | eta: 45.5m
step 00584/02205 (26.49%) [ns2_ftrl_eta0p1] | loss: 3.594957 | lrm: 1.00 | dt: 1692.13ms | tok/s: 309,838 | mfu: 35.37 | epoch: 1 | eta: 45.5m
step 00585/02205 (26.53%) [ns2_ftrl_eta0p1] | loss: 3.600278 | lrm: 1.00 | dt: 1693.41ms | tok/s: 309,605 | mfu: 35.34 | epoch: 1 | eta: 45.5m
step 00586/02205 (26.58%) [ns2_ftrl_eta0p1] | loss: 3.598669 | lrm: 1.00 | dt: 1693.63ms | tok/s: 309,564 | mfu: 35.34 | epoch: 1 | eta: 45.4m
step 00587/02205 (26.62%) [ns2_ftrl_eta0p1] | loss: 3.594107 | lrm: 1.00 | dt: 1694.20ms | tok/s: 309,460 | mfu: 35.33 | epoch: 1 | eta: 45.4m
step 00588/02205 (26.67%) [ns2_ftrl_eta0p1] | loss: 3.591849 | lrm: 1.00 | dt: 1690.91ms | tok/s: 310,062 | mfu: 35.39 | epoch: 1 | eta: 45.4m
step 00589/02205 (26.71%) [ns2_ftrl_eta0p1] | loss: 3.591033 | lrm: 1.00 | dt: 1692.74ms | tok/s: 309,726 | mfu: 35.36 | epoch: 1 | eta: 45.4m
step 00590/02205 (26.76%) [ns2_ftrl_eta0p1] | loss: 3.588979 | lrm: 1.00 | dt: 1693.13ms | tok/s: 309,656 | mfu: 35.35 | epoch: 1 | eta: 45.3m
step 00591/02205 (26.80%) [ns2_ftrl_eta0p1] | loss: 3.577388 | lrm: 1.00 | dt: 1692.48ms | tok/s: 309,774 | mfu: 35.36 | epoch: 1 | eta: 45.3m
step 00592/02205 (26.85%) [ns2_ftrl_eta0p1] | loss: 3.576620 | lrm: 1.00 | dt: 1693.82ms | tok/s: 309,530 | mfu: 35.33 | epoch: 1 | eta: 45.3m
step 00593/02205 (26.89%) [ns2_ftrl_eta0p1] | loss: 3.565288 | lrm: 1.00 | dt: 1689.55ms | tok/s: 310,311 | mfu: 35.42 | epoch: 1 | eta: 45.2m
step 00594/02205 (26.94%) [ns2_ftrl_eta0p1] | loss: 3.569267 | lrm: 1.00 | dt: 1693.91ms | tok/s: 309,513 | mfu: 35.33 | epoch: 1 | eta: 45.2m
step 00595/02205 (26.98%) [ns2_ftrl_eta0p1] | loss: 3.579712 | lrm: 1.00 | dt: 1696.77ms | tok/s: 308,991 | mfu: 35.27 | epoch: 1 | eta: 45.2m
step 00596/02205 (27.03%) [ns2_ftrl_eta0p1] | loss: 3.590654 | lrm: 1.00 | dt: 1687.05ms | tok/s: 310,771 | mfu: 35.47 | epoch: 1 | eta: 45.2m
step 00597/02205 (27.07%) [ns2_ftrl_eta0p1] | loss: 3.590926 | lrm: 1.00 | dt: 1694.06ms | tok/s: 309,486 | mfu: 35.33 | epoch: 1 | eta: 45.1m
step 00598/02205 (27.12%) [ns2_ftrl_eta0p1] | loss: 3.591464 | lrm: 1.00 | dt: 1693.83ms | tok/s: 309,527 | mfu: 35.33 | epoch: 1 | eta: 45.1m
step 00599/02205 (27.17%) [ns2_ftrl_eta0p1] | loss: 3.591044 | lrm: 1.00 | dt: 1689.19ms | tok/s: 310,379 | mfu: 35.43 | epoch: 1 | eta: 45.1m
step 00600/02205 (27.21%) [ns2_ftrl_eta0p1] | loss: 3.583933 | lrm: 1.00 | dt: 1691.64ms | tok/s: 309,928 | mfu: 35.38 | epoch: 1 | eta: 45.1m
step 00601/02205 (27.26%) [ns2_ftrl_eta0p1] | loss: 3.581260 | lrm: 1.00 | dt: 1693.28ms | tok/s: 309,627 | mfu: 35.34 | epoch: 1 | eta: 45.0m
step 00602/02205 (27.30%) [ns2_ftrl_eta0p1] | loss: 3.578081 | lrm: 1.00 | dt: 1688.42ms | tok/s: 310,519 | mfu: 35.45 | epoch: 1 | eta: 45.0m
step 00603/02205 (27.35%) [ns2_ftrl_eta0p1] | loss: 3.568777 | lrm: 1.00 | dt: 1696.57ms | tok/s: 309,028 | mfu: 35.28 | epoch: 1 | eta: 45.0m
step 00604/02205 (27.39%) [ns2_ftrl_eta0p1] | loss: 3.569865 | lrm: 1.00 | dt: 1694.14ms | tok/s: 309,471 | mfu: 35.33 | epoch: 1 | eta: 44.9m
step 00605/02205 (27.44%) [ns2_ftrl_eta0p1] | loss: 3.570182 | lrm: 1.00 | dt: 1685.03ms | tok/s: 311,143 | mfu: 35.52 | epoch: 1 | eta: 44.9m
step 00606/02205 (27.48%) [ns2_ftrl_eta0p1] | loss: 3.578668 | lrm: 1.00 | dt: 1699.79ms | tok/s: 308,442 | mfu: 35.21 | epoch: 1 | eta: 44.9m
step 00607/02205 (27.53%) [ns2_ftrl_eta0p1] | loss: 3.584733 | lrm: 1.00 | dt: 1690.25ms | tok/s: 310,183 | mfu: 35.41 | epoch: 1 | eta: 44.9m
step 00608/02205 (27.57%) [ns2_ftrl_eta0p1] | loss: 3.579497 | lrm: 1.00 | dt: 1686.50ms | tok/s: 310,872 | mfu: 35.49 | epoch: 1 | eta: 44.8m
step 00609/02205 (27.62%) [ns2_ftrl_eta0p1] | loss: 3.589939 | lrm: 1.00 | dt: 1692.48ms | tok/s: 309,775 | mfu: 35.36 | epoch: 1 | eta: 44.8m
step 00610/02205 (27.66%) [ns2_ftrl_eta0p1] | loss: 3.586192 | lrm: 1.00 | dt: 1690.55ms | tok/s: 310,129 | mfu: 35.40 | epoch: 1 | eta: 44.8m
step 00611/02205 (27.71%) [ns2_ftrl_eta0p1] | loss: 3.587520 | lrm: 1.00 | dt: 1692.14ms | tok/s: 309,836 | mfu: 35.37 | epoch: 1 | eta: 44.7m
step 00612/02205 (27.76%) [ns2_ftrl_eta0p1] | loss: 3.588372 | lrm: 1.00 | dt: 1691.84ms | tok/s: 309,892 | mfu: 35.37 | epoch: 1 | eta: 44.7m
step 00613/02205 (27.80%) [ns2_ftrl_eta0p1] | loss: 3.587839 | lrm: 1.00 | dt: 1688.53ms | tok/s: 310,500 | mfu: 35.44 | epoch: 1 | eta: 44.7m
step 00614/02205 (27.85%) [ns2_ftrl_eta0p1] | loss: 3.588684 | lrm: 1.00 | dt: 1692.82ms | tok/s: 309,712 | mfu: 35.35 | epoch: 1 | eta: 44.7m
step 00615/02205 (27.89%) [ns2_ftrl_eta0p1] | loss: 3.593645 | lrm: 1.00 | dt: 1695.82ms | tok/s: 309,164 | mfu: 35.29 | epoch: 1 | eta: 44.6m
step 00616/02205 (27.94%) [ns2_ftrl_eta0p1] | loss: 3.590881 | lrm: 1.00 | dt: 1697.02ms | tok/s: 308,946 | mfu: 35.27 | epoch: 1 | eta: 44.6m
step 00617/02205 (27.98%) [ns2_ftrl_eta0p1] | loss: 3.584256 | lrm: 1.00 | dt: 1689.59ms | tok/s: 310,305 | mfu: 35.42 | epoch: 1 | eta: 44.6m
step 00618/02205 (28.03%) [ns2_ftrl_eta0p1] | loss: 3.585155 | lrm: 1.00 | dt: 1689.52ms | tok/s: 310,317 | mfu: 35.42 | epoch: 1 | eta: 44.6m
step 00619/02205 (28.07%) [ns2_ftrl_eta0p1] | loss: 3.579210 | lrm: 1.00 | dt: 1692.47ms | tok/s: 309,777 | mfu: 35.36 | epoch: 1 | eta: 44.5m
step 00620/02205 (28.12%) [ns2_ftrl_eta0p1] | loss: 3.567084 | lrm: 1.00 | dt: 1691.39ms | tok/s: 309,974 | mfu: 35.38 | epoch: 1 | eta: 44.5m
step 00621/02205 (28.16%) [ns2_ftrl_eta0p1] | loss: 3.564366 | lrm: 1.00 | dt: 1695.16ms | tok/s: 309,286 | mfu: 35.31 | epoch: 1 | eta: 44.5m
step 00622/02205 (28.21%) [ns2_ftrl_eta0p1] | loss: 3.574249 | lrm: 1.00 | dt: 1691.69ms | tok/s: 309,920 | mfu: 35.38 | epoch: 1 | eta: 44.4m
step 00623/02205 (28.25%) [ns2_ftrl_eta0p1] | loss: 3.570114 | lrm: 1.00 | dt: 1685.12ms | tok/s: 311,127 | mfu: 35.52 | epoch: 1 | eta: 44.4m
step 00624/02205 (28.30%) [ns2_ftrl_eta0p1] | loss: 3.566675 | lrm: 1.00 | dt: 1693.81ms | tok/s: 309,532 | mfu: 35.33 | epoch: 1 | eta: 44.4m
step 00625/02205 (28.34%) [ns2_ftrl_eta0p1] | loss: 3.554374 | lrm: 1.00 | dt: 1692.38ms | tok/s: 309,793 | mfu: 35.36 | epoch: 1 | eta: 44.4m
step 00626/02205 (28.39%) [ns2_ftrl_eta0p1] | loss: 3.551207 | lrm: 1.00 | dt: 1698.74ms | tok/s: 308,633 | mfu: 35.23 | epoch: 1 | eta: 44.3m
step 00627/02205 (28.44%) [ns2_ftrl_eta0p1] | loss: 3.556783 | lrm: 1.00 | dt: 1689.81ms | tok/s: 310,264 | mfu: 35.42 | epoch: 1 | eta: 44.3m
step 00628/02205 (28.48%) [ns2_ftrl_eta0p1] | loss: 3.551189 | lrm: 1.00 | dt: 1688.59ms | tok/s: 310,489 | mfu: 35.44 | epoch: 1 | eta: 44.3m
step 00629/02205 (28.53%) [ns2_ftrl_eta0p1] | loss: 3.561938 | lrm: 1.00 | dt: 1692.19ms | tok/s: 309,827 | mfu: 35.37 | epoch: 1 | eta: 44.2m
step 00630/02205 (28.57%) [ns2_ftrl_eta0p1] | loss: 3.552764 | lrm: 1.00 | dt: 1692.54ms | tok/s: 309,763 | mfu: 35.36 | epoch: 1 | eta: 44.2m
step 00631/02205 (28.62%) [ns2_ftrl_eta0p1] | loss: 3.549472 | lrm: 1.00 | dt: 1693.23ms | tok/s: 309,638 | mfu: 35.35 | epoch: 1 | eta: 44.2m
step 00632/02205 (28.66%) [ns2_ftrl_eta0p1] | loss: 3.552826 | lrm: 1.00 | dt: 1685.85ms | tok/s: 310,993 | mfu: 35.50 | epoch: 1 | eta: 44.2m
step 00633/02205 (28.71%) [ns2_ftrl_eta0p1] | loss: 3.561533 | lrm: 1.00 | dt: 1690.18ms | tok/s: 310,195 | mfu: 35.41 | epoch: 1 | eta: 44.1m
step 00634/02205 (28.75%) [ns2_ftrl_eta0p1] | loss: 3.553689 | lrm: 1.00 | dt: 1687.49ms | tok/s: 310,690 | mfu: 35.47 | epoch: 1 | eta: 44.1m
step 00635/02205 (28.80%) [ns2_ftrl_eta0p1] | loss: 3.560379 | lrm: 1.00 | dt: 1690.78ms | tok/s: 310,086 | mfu: 35.40 | epoch: 1 | eta: 44.1m
step 00636/02205 (28.84%) [ns2_ftrl_eta0p1] | loss: 3.556009 | lrm: 1.00 | dt: 1692.85ms | tok/s: 309,707 | mfu: 35.35 | epoch: 1 | eta: 44.1m
step 00637/02205 (28.89%) [ns2_ftrl_eta0p1] | loss: 3.558144 | lrm: 1.00 | dt: 1689.94ms | tok/s: 310,240 | mfu: 35.41 | epoch: 1 | eta: 44.0m
step 00638/02205 (28.93%) [ns2_ftrl_eta0p1] | loss: 3.559928 | lrm: 1.00 | dt: 1694.16ms | tok/s: 309,467 | mfu: 35.33 | epoch: 1 | eta: 44.0m
step 00639/02205 (28.98%) [ns2_ftrl_eta0p1] | loss: 3.558137 | lrm: 1.00 | dt: 1692.20ms | tok/s: 309,826 | mfu: 35.37 | epoch: 1 | eta: 44.0m
step 00640/02205 (29.02%) [ns2_ftrl_eta0p1] | loss: 3.558825 | lrm: 1.00 | dt: 1695.47ms | tok/s: 309,228 | mfu: 35.30 | epoch: 1 | eta: 43.9m
step 00641/02205 (29.07%) [ns2_ftrl_eta0p1] | loss: 3.558542 | lrm: 1.00 | dt: 1691.06ms | tok/s: 310,034 | mfu: 35.39 | epoch: 1 | eta: 43.9m
step 00642/02205 (29.12%) [ns2_ftrl_eta0p1] | loss: 3.552446 | lrm: 1.00 | dt: 1692.84ms | tok/s: 309,709 | mfu: 35.35 | epoch: 1 | eta: 43.9m
step 00643/02205 (29.16%) [ns2_ftrl_eta0p1] | loss: 3.549194 | lrm: 1.00 | dt: 1692.07ms | tok/s: 309,850 | mfu: 35.37 | epoch: 1 | eta: 43.9m
step 00644/02205 (29.21%) [ns2_ftrl_eta0p1] | loss: 3.549789 | lrm: 1.00 | dt: 1688.44ms | tok/s: 310,515 | mfu: 35.45 | epoch: 1 | eta: 43.8m
step 00645/02205 (29.25%) [ns2_ftrl_eta0p1] | loss: 3.552281 | lrm: 1.00 | dt: 1694.47ms | tok/s: 309,410 | mfu: 35.32 | epoch: 1 | eta: 43.8m
step 00646/02205 (29.30%) [ns2_ftrl_eta0p1] | loss: 3.550381 | lrm: 1.00 | dt: 1690.80ms | tok/s: 310,081 | mfu: 35.40 | epoch: 1 | eta: 43.8m
step 00647/02205 (29.34%) [ns2_ftrl_eta0p1] | loss: 3.546863 | lrm: 1.00 | dt: 1693.90ms | tok/s: 309,516 | mfu: 35.33 | epoch: 1 | eta: 43.7m
step 00648/02205 (29.39%) [ns2_ftrl_eta0p1] | loss: 3.539622 | lrm: 1.00 | dt: 1696.08ms | tok/s: 309,117 | mfu: 35.29 | epoch: 1 | eta: 43.7m
step 00649/02205 (29.43%) [ns2_ftrl_eta0p1] | loss: 3.543424 | lrm: 1.00 | dt: 1690.92ms | tok/s: 310,060 | mfu: 35.39 | epoch: 1 | eta: 43.7m
step 00650/02205 (29.48%) [ns2_ftrl_eta0p1] | loss: 3.536569 | lrm: 1.00 | dt: 1692.41ms | tok/s: 309,787 | mfu: 35.36 | epoch: 1 | eta: 43.7m
step 00651/02205 (29.52%) [ns2_ftrl_eta0p1] | loss: 3.524687 | lrm: 1.00 | dt: 1692.62ms | tok/s: 309,750 | mfu: 35.36 | epoch: 1 | eta: 43.6m
step 00652/02205 (29.57%) [ns2_ftrl_eta0p1] | loss: 3.534715 | lrm: 1.00 | dt: 1690.94ms | tok/s: 310,057 | mfu: 35.39 | epoch: 1 | eta: 43.6m
step 00653/02205 (29.61%) [ns2_ftrl_eta0p1] | loss: 3.545114 | lrm: 1.00 | dt: 1689.09ms | tok/s: 310,396 | mfu: 35.43 | epoch: 1 | eta: 43.6m
step 00654/02205 (29.66%) [ns2_ftrl_eta0p1] | loss: 3.547098 | lrm: 1.00 | dt: 1693.82ms | tok/s: 309,530 | mfu: 35.33 | epoch: 1 | eta: 43.6m
step 00655/02205 (29.71%) [ns2_ftrl_eta0p1] | loss: 3.548696 | lrm: 1.00 | dt: 1691.58ms | tok/s: 309,938 | mfu: 35.38 | epoch: 1 | eta: 43.5m
step 00656/02205 (29.75%) [ns2_ftrl_eta0p1] | loss: 3.548879 | lrm: 1.00 | dt: 1681.24ms | tok/s: 311,846 | mfu: 35.60 | epoch: 1 | eta: 43.5m
step 00657/02205 (29.80%) [ns2_ftrl_eta0p1] | loss: 3.547002 | lrm: 1.00 | dt: 1693.31ms | tok/s: 309,623 | mfu: 35.34 | epoch: 1 | eta: 43.5m
step 00658/02205 (29.84%) [ns2_ftrl_eta0p1] | loss: 3.547773 | lrm: 1.00 | dt: 1691.71ms | tok/s: 309,915 | mfu: 35.38 | epoch: 1 | eta: 43.4m
step 00659/02205 (29.89%) [ns2_ftrl_eta0p1] | loss: 3.550329 | lrm: 1.00 | dt: 1690.13ms | tok/s: 310,206 | mfu: 35.41 | epoch: 1 | eta: 43.4m
step 00660/02205 (29.93%) [ns2_ftrl_eta0p1] | loss: 3.550275 | lrm: 1.00 | dt: 1691.26ms | tok/s: 309,999 | mfu: 35.39 | epoch: 1 | eta: 43.4m
step 00661/02205 (29.98%) [ns2_ftrl_eta0p1] | loss: 3.541173 | lrm: 1.00 | dt: 1688.21ms | tok/s: 310,559 | mfu: 35.45 | epoch: 1 | eta: 43.4m
step 00662/02205 (30.02%) [ns2_ftrl_eta0p1] | loss: 3.543183 | lrm: 1.00 | dt: 1691.05ms | tok/s: 310,036 | mfu: 35.39 | epoch: 1 | eta: 43.3m
step 00663/02205 (30.07%) [ns2_ftrl_eta0p1] | loss: 3.540385 | lrm: 1.00 | dt: 1692.06ms | tok/s: 309,852 | mfu: 35.37 | epoch: 1 | eta: 43.3m
step 00664/02205 (30.11%) [ns2_ftrl_eta0p1] | loss: 3.542694 | lrm: 1.00 | dt: 1681.30ms | tok/s: 311,834 | mfu: 35.60 | epoch: 1 | eta: 43.3m
step 00665/02205 (30.16%) [ns2_ftrl_eta0p1] | loss: 3.544024 | lrm: 1.00 | dt: 1683.98ms | tok/s: 311,338 | mfu: 35.54 | epoch: 1 | eta: 43.2m
step 00666/02205 (30.20%) [ns2_ftrl_eta0p1] | loss: 3.533843 | lrm: 1.00 | dt: 1689.89ms | tok/s: 310,248 | mfu: 35.42 | epoch: 1 | eta: 43.2m
step 00667/02205 (30.25%) [ns2_ftrl_eta0p1] | loss: 3.530016 | lrm: 1.00 | dt: 1695.17ms | tok/s: 309,283 | mfu: 35.31 | epoch: 1 | eta: 43.2m
step 00668/02205 (30.29%) [ns2_ftrl_eta0p1] | loss: 3.532011 | lrm: 1.00 | dt: 1686.85ms | tok/s: 310,808 | mfu: 35.48 | epoch: 1 | eta: 43.2m
step 00669/02205 (30.34%) [ns2_ftrl_eta0p1] | loss: 3.539240 | lrm: 1.00 | dt: 1693.26ms | tok/s: 309,632 | mfu: 35.34 | epoch: 1 | eta: 43.1m
step 00670/02205 (30.39%) [ns2_ftrl_eta0p1] | loss: 3.550900 | lrm: 1.00 | dt: 1690.72ms | tok/s: 310,096 | mfu: 35.40 | epoch: 1 | eta: 43.1m
step 00671/02205 (30.43%) [ns2_ftrl_eta0p1] | loss: 3.555510 | lrm: 1.00 | dt: 1685.76ms | tok/s: 311,009 | mfu: 35.50 | epoch: 1 | eta: 43.1m
step 00672/02205 (30.48%) [ns2_ftrl_eta0p1] | loss: 3.567765 | lrm: 1.00 | dt: 1689.87ms | tok/s: 310,253 | mfu: 35.42 | epoch: 1 | eta: 43.1m
step 00673/02205 (30.52%) [ns2_ftrl_eta0p1] | loss: 3.566921 | lrm: 1.00 | dt: 1686.12ms | tok/s: 310,942 | mfu: 35.49 | epoch: 1 | eta: 43.0m
step 00674/02205 (30.57%) [ns2_ftrl_eta0p1] | loss: 3.559239 | lrm: 1.00 | dt: 1686.51ms | tok/s: 310,871 | mfu: 35.49 | epoch: 1 | eta: 43.0m
step 00675/02205 (30.61%) [ns2_ftrl_eta0p1] | loss: 3.552572 | lrm: 1.00 | dt: 1689.54ms | tok/s: 310,313 | mfu: 35.42 | epoch: 1 | eta: 43.0m
step 00676/02205 (30.66%) [ns2_ftrl_eta0p1] | loss: 3.555518 | lrm: 1.00 | dt: 1686.62ms | tok/s: 310,851 | mfu: 35.48 | epoch: 1 | eta: 42.9m
step 00677/02205 (30.70%) [ns2_ftrl_eta0p1] | loss: 3.554208 | lrm: 1.00 | dt: 1684.04ms | tok/s: 311,328 | mfu: 35.54 | epoch: 1 | eta: 42.9m
step 00678/02205 (30.75%) [ns2_ftrl_eta0p1] | loss: 3.547777 | lrm: 1.00 | dt: 1685.01ms | tok/s: 311,148 | mfu: 35.52 | epoch: 1 | eta: 42.9m
step 00679/02205 (30.79%) [ns2_ftrl_eta0p1] | loss: 3.545072 | lrm: 1.00 | dt: 1685.36ms | tok/s: 311,083 | mfu: 35.51 | epoch: 1 | eta: 42.9m
step 00680/02205 (30.84%) [ns2_ftrl_eta0p1] | loss: 3.543732 | lrm: 1.00 | dt: 1677.47ms | tok/s: 312,546 | mfu: 35.68 | epoch: 1 | eta: 42.8m
step 00681/02205 (30.88%) [ns2_ftrl_eta0p1] | loss: 3.540457 | lrm: 1.00 | dt: 1688.99ms | tok/s: 310,415 | mfu: 35.43 | epoch: 1 | eta: 42.8m
step 00682/02205 (30.93%) [ns2_ftrl_eta0p1] | loss: 3.542273 | lrm: 1.00 | dt: 1688.61ms | tok/s: 310,484 | mfu: 35.44 | epoch: 1 | eta: 42.8m
step 00683/02205 (30.98%) [ns2_ftrl_eta0p1] | loss: 3.539357 | lrm: 1.00 | dt: 1689.34ms | tok/s: 310,351 | mfu: 35.43 | epoch: 1 | eta: 42.7m
step 00684/02205 (31.02%) [ns2_ftrl_eta0p1] | loss: 3.545526 | lrm: 1.00 | dt: 1692.27ms | tok/s: 309,813 | mfu: 35.37 | epoch: 1 | eta: 42.7m
step 00685/02205 (31.07%) [ns2_ftrl_eta0p1] | loss: 3.533115 | lrm: 1.00 | dt: 1693.31ms | tok/s: 309,622 | mfu: 35.34 | epoch: 1 | eta: 42.7m
step 00686/02205 (31.11%) [ns2_ftrl_eta0p1] | loss: 3.537748 | lrm: 1.00 | dt: 1690.51ms | tok/s: 310,136 | mfu: 35.40 | epoch: 1 | eta: 42.7m
step 00687/02205 (31.16%) [ns2_ftrl_eta0p1] | loss: 3.548564 | lrm: 1.00 | dt: 1694.36ms | tok/s: 309,430 | mfu: 35.32 | epoch: 1 | eta: 42.6m
step 00688/02205 (31.20%) [ns2_ftrl_eta0p1] | loss: 3.548203 | lrm: 1.00 | dt: 1692.45ms | tok/s: 309,780 | mfu: 35.36 | epoch: 1 | eta: 42.6m
step 00689/02205 (31.25%) [ns2_ftrl_eta0p1] | loss: 3.557548 | lrm: 1.00 | dt: 1691.94ms | tok/s: 309,873 | mfu: 35.37 | epoch: 1 | eta: 42.6m
step 00690/02205 (31.29%) [ns2_ftrl_eta0p1] | loss: 3.553933 | lrm: 1.00 | dt: 1691.83ms | tok/s: 309,894 | mfu: 35.37 | epoch: 1 | eta: 42.5m
step 00691/02205 (31.34%) [ns2_ftrl_eta0p1] | loss: 3.566051 | lrm: 1.00 | dt: 1695.64ms | tok/s: 309,197 | mfu: 35.30 | epoch: 1 | eta: 42.5m
step 00692/02205 (31.38%) [ns2_ftrl_eta0p1] | loss: 3.557185 | lrm: 1.00 | dt: 1689.29ms | tok/s: 310,359 | mfu: 35.43 | epoch: 1 | eta: 42.5m
step 00693/02205 (31.43%) [ns2_ftrl_eta0p1] | loss: 3.554719 | lrm: 1.00 | dt: 1693.16ms | tok/s: 309,651 | mfu: 35.35 | epoch: 1 | eta: 42.5m
step 00694/02205 (31.47%) [ns2_ftrl_eta0p1] | loss: 3.555212 | lrm: 1.00 | dt: 1693.58ms | tok/s: 309,574 | mfu: 35.34 | epoch: 1 | eta: 42.4m
step 00695/02205 (31.52%) [ns2_ftrl_eta0p1] | loss: 3.553084 | lrm: 1.00 | dt: 1687.19ms | tok/s: 310,746 | mfu: 35.47 | epoch: 1 | eta: 42.4m
step 00696/02205 (31.56%) [ns2_ftrl_eta0p1] | loss: 3.544236 | lrm: 1.00 | dt: 1694.47ms | tok/s: 309,411 | mfu: 35.32 | epoch: 1 | eta: 42.4m
step 00697/02205 (31.61%) [ns2_ftrl_eta0p1] | loss: 3.546572 | lrm: 1.00 | dt: 1693.08ms | tok/s: 309,665 | mfu: 35.35 | epoch: 1 | eta: 42.4m
step 00698/02205 (31.66%) [ns2_ftrl_eta0p1] | loss: 3.540891 | lrm: 1.00 | dt: 1687.36ms | tok/s: 310,714 | mfu: 35.47 | epoch: 1 | eta: 42.3m
step 00699/02205 (31.70%) [ns2_ftrl_eta0p1] | loss: 3.551192 | lrm: 1.00 | dt: 1691.95ms | tok/s: 309,871 | mfu: 35.37 | epoch: 1 | eta: 42.3m
step 00700/02205 (31.75%) [ns2_ftrl_eta0p1] | loss: 3.549573 | lrm: 1.00 | dt: 1691.10ms | tok/s: 310,027 | mfu: 35.39 | epoch: 1 | eta: 42.3m
step 00701/02205 (31.79%) [ns2_ftrl_eta0p1] | loss: 3.548026 | lrm: 1.00 | dt: 1696.94ms | tok/s: 308,961 | mfu: 35.27 | epoch: 1 | eta: 42.2m
step 00702/02205 (31.84%) [ns2_ftrl_eta0p1] | loss: 3.558949 | lrm: 1.00 | dt: 1688.94ms | tok/s: 310,424 | mfu: 35.44 | epoch: 1 | eta: 42.2m
step 00703/02205 (31.88%) [ns2_ftrl_eta0p1] | loss: 3.564567 | lrm: 1.00 | dt: 1694.02ms | tok/s: 309,493 | mfu: 35.33 | epoch: 1 | eta: 42.2m
step 00704/02205 (31.93%) [ns2_ftrl_eta0p1] | loss: 3.561846 | lrm: 1.00 | dt: 1689.41ms | tok/s: 310,337 | mfu: 35.43 | epoch: 1 | eta: 42.2m
step 00705/02205 (31.97%) [ns2_ftrl_eta0p1] | loss: 3.564540 | lrm: 1.00 | dt: 1692.07ms | tok/s: 309,850 | mfu: 35.37 | epoch: 1 | eta: 42.1m
step 00706/02205 (32.02%) [ns2_ftrl_eta0p1] | loss: 3.571429 | lrm: 1.00 | dt: 1691.29ms | tok/s: 309,993 | mfu: 35.39 | epoch: 1 | eta: 42.1m
step 00707/02205 (32.06%) [ns2_ftrl_eta0p1] | loss: 3.571782 | lrm: 1.00 | dt: 1694.17ms | tok/s: 309,465 | mfu: 35.33 | epoch: 1 | eta: 42.1m
step 00708/02205 (32.11%) [ns2_ftrl_eta0p1] | loss: 3.566623 | lrm: 1.00 | dt: 1693.34ms | tok/s: 309,617 | mfu: 35.34 | epoch: 1 | eta: 42.0m
step 00709/02205 (32.15%) [ns2_ftrl_eta0p1] | loss: 3.566064 | lrm: 1.00 | dt: 1692.87ms | tok/s: 309,702 | mfu: 35.35 | epoch: 1 | eta: 42.0m
step 00710/02205 (32.20%) [ns2_ftrl_eta0p1] | loss: 3.563304 | lrm: 1.00 | dt: 1689.87ms | tok/s: 310,253 | mfu: 35.42 | epoch: 1 | eta: 42.0m
step 00711/02205 (32.24%) [ns2_ftrl_eta0p1] | loss: 3.568753 | lrm: 1.00 | dt: 1694.92ms | tok/s: 309,329 | mfu: 35.31 | epoch: 1 | eta: 42.0m
step 00712/02205 (32.29%) [ns2_ftrl_eta0p1] | loss: 3.572592 | lrm: 1.00 | dt: 1693.64ms | tok/s: 309,563 | mfu: 35.34 | epoch: 1 | eta: 41.9m
step 00713/02205 (32.34%) [ns2_ftrl_eta0p1] | loss: 3.568964 | lrm: 1.00 | dt: 1690.80ms | tok/s: 310,082 | mfu: 35.40 | epoch: 1 | eta: 41.9m
step 00714/02205 (32.38%) [ns2_ftrl_eta0p1] | loss: 3.557120 | lrm: 1.00 | dt: 1688.12ms | tok/s: 310,574 | mfu: 35.45 | epoch: 1 | eta: 41.9m
step 00715/02205 (32.43%) [ns2_ftrl_eta0p1] | loss: 3.551236 | lrm: 1.00 | dt: 1693.65ms | tok/s: 309,560 | mfu: 35.34 | epoch: 1 | eta: 41.9m
step 00716/02205 (32.47%) [ns2_ftrl_eta0p1] | loss: 3.554047 | lrm: 1.00 | dt: 1688.04ms | tok/s: 310,589 | mfu: 35.45 | epoch: 1 | eta: 41.8m
step 00717/02205 (32.52%) [ns2_ftrl_eta0p1] | loss: 3.540823 | lrm: 1.00 | dt: 1695.66ms | tok/s: 309,194 | mfu: 35.29 | epoch: 1 | eta: 41.8m
step 00718/02205 (32.56%) [ns2_ftrl_eta0p1] | loss: 3.530091 | lrm: 1.00 | dt: 1690.14ms | tok/s: 310,203 | mfu: 35.41 | epoch: 1 | eta: 41.8m
step 00719/02205 (32.61%) [ns2_ftrl_eta0p1] | loss: 3.532649 | lrm: 1.00 | dt: 1690.50ms | tok/s: 310,137 | mfu: 35.40 | epoch: 1 | eta: 41.7m
step 00720/02205 (32.65%) [ns2_ftrl_eta0p1] | loss: 3.522645 | lrm: 1.00 | dt: 1693.54ms | tok/s: 309,580 | mfu: 35.34 | epoch: 1 | eta: 41.7m
step 00721/02205 (32.70%) [ns2_ftrl_eta0p1] | loss: 3.520865 | lrm: 1.00 | dt: 1692.59ms | tok/s: 309,754 | mfu: 35.36 | epoch: 1 | eta: 41.7m
step 00722/02205 (32.74%) [ns2_ftrl_eta0p1] | loss: 3.515612 | lrm: 1.00 | dt: 1692.65ms | tok/s: 309,744 | mfu: 35.36 | epoch: 1 | eta: 41.7m
step 00723/02205 (32.79%) [ns2_ftrl_eta0p1] | loss: 3.517671 | lrm: 1.00 | dt: 1696.62ms | tok/s: 309,018 | mfu: 35.27 | epoch: 1 | eta: 41.6m
step 00724/02205 (32.83%) [ns2_ftrl_eta0p1] | loss: 3.506913 | lrm: 1.00 | dt: 1698.57ms | tok/s: 308,664 | mfu: 35.23 | epoch: 1 | eta: 41.6m
step 00725/02205 (32.88%) [ns2_ftrl_eta0p1] | loss: 3.508224 | lrm: 1.00 | dt: 1692.28ms | tok/s: 309,811 | mfu: 35.37 | epoch: 1 | eta: 41.6m
step 00726/02205 (32.93%) [ns2_ftrl_eta0p1] | loss: 3.495419 | lrm: 1.00 | dt: 1695.29ms | tok/s: 309,261 | mfu: 35.30 | epoch: 1 | eta: 41.5m
step 00727/02205 (32.97%) [ns2_ftrl_eta0p1] | loss: 3.503545 | lrm: 1.00 | dt: 1688.36ms | tok/s: 310,530 | mfu: 35.45 | epoch: 1 | eta: 41.5m
step 00728/02205 (33.02%) [ns2_ftrl_eta0p1] | loss: 3.500101 | lrm: 1.00 | dt: 1696.01ms | tok/s: 309,129 | mfu: 35.29 | epoch: 1 | eta: 41.5m
step 00729/02205 (33.06%) [ns2_ftrl_eta0p1] | loss: 3.492100 | lrm: 1.00 | dt: 1689.10ms | tok/s: 310,394 | mfu: 35.43 | epoch: 1 | eta: 41.5m
step 00730/02205 (33.11%) [ns2_ftrl_eta0p1] | loss: 3.499127 | lrm: 1.00 | dt: 1693.18ms | tok/s: 309,647 | mfu: 35.35 | epoch: 1 | eta: 41.4m
step 00731/02205 (33.15%) [ns2_ftrl_eta0p1] | loss: 3.501904 | lrm: 1.00 | dt: 1691.76ms | tok/s: 309,906 | mfu: 35.38 | epoch: 1 | eta: 41.4m
step 00732/02205 (33.20%) [ns2_ftrl_eta0p1] | loss: 3.504409 | lrm: 1.00 | dt: 1693.81ms | tok/s: 309,531 | mfu: 35.33 | epoch: 1 | eta: 41.4m
step 00733/02205 (33.24%) [ns2_ftrl_eta0p1] | loss: 3.513356 | lrm: 1.00 | dt: 1692.08ms | tok/s: 309,847 | mfu: 35.37 | epoch: 1 | eta: 41.4m
step 00734/02205 (33.29%) [ns2_ftrl_eta0p1] | loss: 3.522449 | lrm: 1.00 | dt: 1696.96ms | tok/s: 308,957 | mfu: 35.27 | epoch: 1 | eta: 41.3m
step 00735/02205 (33.33%) [ns2_ftrl_eta0p1] | loss: 3.522187 | lrm: 1.00 | dt: 1693.79ms | tok/s: 309,536 | mfu: 35.33 | epoch: 1 | eta: 41.3m
step 00736/02205 (33.38%) [ns2_ftrl_eta0p1] | loss: 3.510433 | lrm: 1.00 | dt: 1699.62ms | tok/s: 308,474 | mfu: 35.21 | epoch: 1 | eta: 41.3m
step 00737/02205 (33.42%) [ns2_ftrl_eta0p1] | loss: 3.510417 | lrm: 1.00 | dt: 1690.52ms | tok/s: 310,134 | mfu: 35.40 | epoch: 1 | eta: 41.2m
step 00738/02205 (33.47%) [ns2_ftrl_eta0p1] | loss: 3.510183 | lrm: 1.00 | dt: 1697.43ms | tok/s: 308,870 | mfu: 35.26 | epoch: 1 | eta: 41.2m
step 00739/02205 (33.51%) [ns2_ftrl_eta0p1] | loss: 3.509765 | lrm: 1.00 | dt: 1688.81ms | tok/s: 310,447 | mfu: 35.44 | epoch: 1 | eta: 41.2m
step 00740/02205 (33.56%) [ns2_ftrl_eta0p1] | loss: 3.501809 | lrm: 1.00 | dt: 1695.15ms | tok/s: 309,287 | mfu: 35.31 | epoch: 1 | eta: 41.2m
step 00741/02205 (33.61%) [ns2_ftrl_eta0p1] | loss: 3.505277 | lrm: 1.00 | dt: 1690.64ms | tok/s: 310,112 | mfu: 35.40 | epoch: 1 | eta: 41.1m
step 00742/02205 (33.65%) [ns2_ftrl_eta0p1] | loss: 3.501399 | lrm: 1.00 | dt: 1693.79ms | tok/s: 309,535 | mfu: 35.33 | epoch: 1 | eta: 41.1m
step 00743/02205 (33.70%) [ns2_ftrl_eta0p1] | loss: 3.500520 | lrm: 1.00 | dt: 1692.68ms | tok/s: 309,738 | mfu: 35.36 | epoch: 1 | eta: 41.1m
step 00744/02205 (33.74%) [ns2_ftrl_eta0p1] | loss: 3.505195 | lrm: 1.00 | dt: 1692.85ms | tok/s: 309,706 | mfu: 35.35 | epoch: 1 | eta: 41.0m
step 00745/02205 (33.79%) [ns2_ftrl_eta0p1] | loss: 3.510392 | lrm: 1.00 | dt: 1689.43ms | tok/s: 310,334 | mfu: 35.43 | epoch: 1 | eta: 41.0m
step 00746/02205 (33.83%) [ns2_ftrl_eta0p1] | loss: 3.511395 | lrm: 1.00 | dt: 1690.45ms | tok/s: 310,147 | mfu: 35.40 | epoch: 1 | eta: 41.0m
step 00747/02205 (33.88%) [ns2_ftrl_eta0p1] | loss: 3.519009 | lrm: 1.00 | dt: 1688.74ms | tok/s: 310,461 | mfu: 35.44 | epoch: 1 | eta: 41.0m
step 00748/02205 (33.92%) [ns2_ftrl_eta0p1] | loss: 3.514125 | lrm: 1.00 | dt: 1694.53ms | tok/s: 309,399 | mfu: 35.32 | epoch: 1 | eta: 40.9m
step 00749/02205 (33.97%) [ns2_ftrl_eta0p1] | loss: 3.508934 | lrm: 1.00 | dt: 1689.26ms | tok/s: 310,364 | mfu: 35.43 | epoch: 1 | eta: 40.9m
Step 00750 | val bpb: 1.033704
step 00750/02205 (34.01%) [ns2_ftrl_eta0p1] | loss: 3.510648 | lrm: 1.00 | dt: 1669.21ms | tok/s: 314,093 | mfu: 35.85 | epoch: 1 | eta: 40.9m
step 00751/02205 (34.06%) [ns2_ftrl_eta0p1] | loss: 3.520209 | lrm: 1.00 | dt: 1683.51ms | tok/s: 311,425 | mfu: 35.55 | epoch: 1 | eta: 40.8m
step 00752/02205 (34.10%) [ns2_ftrl_eta0p1] | loss: 3.510916 | lrm: 1.00 | dt: 1674.72ms | tok/s: 313,060 | mfu: 35.74 | epoch: 1 | eta: 40.8m
step 00753/02205 (34.15%) [ns2_ftrl_eta0p1] | loss: 3.527825 | lrm: 1.00 | dt: 1688.98ms | tok/s: 310,416 | mfu: 35.43 | epoch: 1 | eta: 40.8m
step 00754/02205 (34.20%) [ns2_ftrl_eta0p1] | loss: 3.527212 | lrm: 1.00 | dt: 1674.63ms | tok/s: 313,076 | mfu: 35.74 | epoch: 1 | eta: 40.8m
step 00755/02205 (34.24%) [ns2_ftrl_eta0p1] | loss: 3.528520 | lrm: 1.00 | dt: 1688.84ms | tok/s: 310,441 | mfu: 35.44 | epoch: 1 | eta: 40.7m
step 00756/02205 (34.29%) [ns2_ftrl_eta0p1] | loss: 3.519787 | lrm: 1.00 | dt: 1680.45ms | tok/s: 311,992 | mfu: 35.61 | epoch: 1 | eta: 40.7m
step 00757/02205 (34.33%) [ns2_ftrl_eta0p1] | loss: 3.513985 | lrm: 1.00 | dt: 1690.30ms | tok/s: 310,174 | mfu: 35.41 | epoch: 1 | eta: 40.7m
step 00758/02205 (34.38%) [ns2_ftrl_eta0p1] | loss: 3.517451 | lrm: 1.00 | dt: 1687.82ms | tok/s: 310,630 | mfu: 35.46 | epoch: 1 | eta: 40.7m
step 00759/02205 (34.42%) [ns2_ftrl_eta0p1] | loss: 3.518095 | lrm: 1.00 | dt: 1679.46ms | tok/s: 312,176 | mfu: 35.64 | epoch: 1 | eta: 40.6m
step 00760/02205 (34.47%) [ns2_ftrl_eta0p1] | loss: 3.522018 | lrm: 1.00 | dt: 1687.41ms | tok/s: 310,704 | mfu: 35.47 | epoch: 1 | eta: 40.6m
step 00761/02205 (34.51%) [ns2_ftrl_eta0p1] | loss: 3.521332 | lrm: 1.00 | dt: 1683.89ms | tok/s: 311,355 | mfu: 35.54 | epoch: 1 | eta: 40.6m
step 00762/02205 (34.56%) [ns2_ftrl_eta0p1] | loss: 3.512860 | lrm: 1.00 | dt: 1691.78ms | tok/s: 309,902 | mfu: 35.38 | epoch: 1 | eta: 40.5m
step 00763/02205 (34.60%) [ns2_ftrl_eta0p1] | loss: 3.501967 | lrm: 1.00 | dt: 1682.23ms | tok/s: 311,662 | mfu: 35.58 | epoch: 1 | eta: 40.5m
step 00764/02205 (34.65%) [ns2_ftrl_eta0p1] | loss: 3.503687 | lrm: 1.00 | dt: 1687.55ms | tok/s: 310,680 | mfu: 35.46 | epoch: 1 | eta: 40.5m
step 00765/02205 (34.69%) [ns2_ftrl_eta0p1] | loss: 3.490506 | lrm: 1.00 | dt: 1685.61ms | tok/s: 311,037 | mfu: 35.51 | epoch: 1 | eta: 40.5m
step 00766/02205 (34.74%) [ns2_ftrl_eta0p1] | loss: 3.486596 | lrm: 1.00 | dt: 1688.95ms | tok/s: 310,422 | mfu: 35.44 | epoch: 1 | eta: 40.4m
step 00767/02205 (34.78%) [ns2_ftrl_eta0p1] | loss: 3.491163 | lrm: 1.00 | dt: 1685.83ms | tok/s: 310,997 | mfu: 35.50 | epoch: 1 | eta: 40.4m
step 00768/02205 (34.83%) [ns2_ftrl_eta0p1] | loss: 3.488918 | lrm: 1.00 | dt: 1688.06ms | tok/s: 310,586 | mfu: 35.45 | epoch: 1 | eta: 40.4m
step 00769/02205 (34.88%) [ns2_ftrl_eta0p1] | loss: 3.490815 | lrm: 1.00 | dt: 1687.77ms | tok/s: 310,640 | mfu: 35.46 | epoch: 1 | eta: 40.3m
step 00770/02205 (34.92%) [ns2_ftrl_eta0p1] | loss: 3.496398 | lrm: 1.00 | dt: 1682.31ms | tok/s: 311,646 | mfu: 35.57 | epoch: 1 | eta: 40.3m
step 00771/02205 (34.97%) [ns2_ftrl_eta0p1] | loss: 3.494707 | lrm: 1.00 | dt: 1690.74ms | tok/s: 310,094 | mfu: 35.40 | epoch: 1 | eta: 40.3m
step 00772/02205 (35.01%) [ns2_ftrl_eta0p1] | loss: 3.482250 | lrm: 1.00 | dt: 1687.38ms | tok/s: 310,712 | mfu: 35.47 | epoch: 1 | eta: 40.3m
step 00773/02205 (35.06%) [ns2_ftrl_eta0p1] | loss: 3.491907 | lrm: 1.00 | dt: 1688.36ms | tok/s: 310,530 | mfu: 35.45 | epoch: 1 | eta: 40.2m
step 00774/02205 (35.10%) [ns2_ftrl_eta0p1] | loss: 3.499543 | lrm: 1.00 | dt: 1693.39ms | tok/s: 309,609 | mfu: 35.34 | epoch: 1 | eta: 40.2m
step 00775/02205 (35.15%) [ns2_ftrl_eta0p1] | loss: 3.502005 | lrm: 1.00 | dt: 1691.89ms | tok/s: 309,883 | mfu: 35.37 | epoch: 1 | eta: 40.2m
step 00776/02205 (35.19%) [ns2_ftrl_eta0p1] | loss: 3.497850 | lrm: 1.00 | dt: 1691.52ms | tok/s: 309,950 | mfu: 35.38 | epoch: 1 | eta: 40.1m
step 00777/02205 (35.24%) [ns2_ftrl_eta0p1] | loss: 3.486722 | lrm: 1.00 | dt: 1694.33ms | tok/s: 309,437 | mfu: 35.32 | epoch: 1 | eta: 40.1m
step 00778/02205 (35.28%) [ns2_ftrl_eta0p1] | loss: 3.492664 | lrm: 1.00 | dt: 1685.76ms | tok/s: 311,009 | mfu: 35.50 | epoch: 1 | eta: 40.1m
step 00779/02205 (35.33%) [ns2_ftrl_eta0p1] | loss: 3.498356 | lrm: 1.00 | dt: 1692.29ms | tok/s: 309,809 | mfu: 35.37 | epoch: 1 | eta: 40.1m
step 00780/02205 (35.37%) [ns2_ftrl_eta0p1] | loss: 3.497799 | lrm: 1.00 | dt: 1689.71ms | tok/s: 310,282 | mfu: 35.42 | epoch: 1 | eta: 40.0m
step 00781/02205 (35.42%) [ns2_ftrl_eta0p1] | loss: 3.493498 | lrm: 1.00 | dt: 1689.65ms | tok/s: 310,293 | mfu: 35.42 | epoch: 1 | eta: 40.0m
step 00782/02205 (35.46%) [ns2_ftrl_eta0p1] | loss: 3.492851 | lrm: 1.00 | dt: 1694.73ms | tok/s: 309,362 | mfu: 35.31 | epoch: 1 | eta: 40.0m
step 00783/02205 (35.51%) [ns2_ftrl_eta0p1] | loss: 3.483091 | lrm: 1.00 | dt: 1689.71ms | tok/s: 310,282 | mfu: 35.42 | epoch: 1 | eta: 40.0m
step 00784/02205 (35.56%) [ns2_ftrl_eta0p1] | loss: 3.491555 | lrm: 1.00 | dt: 1687.72ms | tok/s: 310,648 | mfu: 35.46 | epoch: 1 | eta: 39.9m
step 00785/02205 (35.60%) [ns2_ftrl_eta0p1] | loss: 3.493539 | lrm: 1.00 | dt: 1685.69ms | tok/s: 311,022 | mfu: 35.50 | epoch: 1 | eta: 39.9m
step 00786/02205 (35.65%) [ns2_ftrl_eta0p1] | loss: 3.489395 | lrm: 1.00 | dt: 1694.38ms | tok/s: 309,427 | mfu: 35.32 | epoch: 1 | eta: 39.9m
step 00787/02205 (35.69%) [ns2_ftrl_eta0p1] | loss: 3.490367 | lrm: 1.00 | dt: 1688.93ms | tok/s: 310,426 | mfu: 35.44 | epoch: 1 | eta: 39.8m
step 00788/02205 (35.74%) [ns2_ftrl_eta0p1] | loss: 3.496640 | lrm: 1.00 | dt: 1693.56ms | tok/s: 309,577 | mfu: 35.34 | epoch: 1 | eta: 39.8m
step 00789/02205 (35.78%) [ns2_ftrl_eta0p1] | loss: 3.489675 | lrm: 1.00 | dt: 1693.56ms | tok/s: 309,577 | mfu: 35.34 | epoch: 1 | eta: 39.8m
step 00790/02205 (35.83%) [ns2_ftrl_eta0p1] | loss: 3.492960 | lrm: 1.00 | dt: 1691.56ms | tok/s: 309,943 | mfu: 35.38 | epoch: 1 | eta: 39.8m
step 00791/02205 (35.87%) [ns2_ftrl_eta0p1] | loss: 3.493645 | lrm: 1.00 | dt: 1691.30ms | tok/s: 309,990 | mfu: 35.39 | epoch: 1 | eta: 39.7m
step 00792/02205 (35.92%) [ns2_ftrl_eta0p1] | loss: 3.499949 | lrm: 1.00 | dt: 1694.05ms | tok/s: 309,487 | mfu: 35.33 | epoch: 1 | eta: 39.7m
step 00793/02205 (35.96%) [ns2_ftrl_eta0p1] | loss: 3.496147 | lrm: 1.00 | dt: 1691.77ms | tok/s: 309,905 | mfu: 35.38 | epoch: 1 | eta: 39.7m
step 00794/02205 (36.01%) [ns2_ftrl_eta0p1] | loss: 3.491002 | lrm: 1.00 | dt: 1692.98ms | tok/s: 309,683 | mfu: 35.35 | epoch: 1 | eta: 39.6m
step 00795/02205 (36.05%) [ns2_ftrl_eta0p1] | loss: 3.490812 | lrm: 1.00 | dt: 1693.00ms | tok/s: 309,680 | mfu: 35.35 | epoch: 1 | eta: 39.6m
step 00796/02205 (36.10%) [ns2_ftrl_eta0p1] | loss: 3.485802 | lrm: 1.00 | dt: 1694.39ms | tok/s: 309,425 | mfu: 35.32 | epoch: 1 | eta: 39.6m
step 00797/02205 (36.15%) [ns2_ftrl_eta0p1] | loss: 3.480260 | lrm: 1.00 | dt: 1689.84ms | tok/s: 310,258 | mfu: 35.42 | epoch: 1 | eta: 39.6m
step 00798/02205 (36.19%) [ns2_ftrl_eta0p1] | loss: 3.483348 | lrm: 1.00 | dt: 1695.03ms | tok/s: 309,308 | mfu: 35.31 | epoch: 1 | eta: 39.5m
step 00799/02205 (36.24%) [ns2_ftrl_eta0p1] | loss: 3.499469 | lrm: 1.00 | dt: 1690.40ms | tok/s: 310,157 | mfu: 35.40 | epoch: 1 | eta: 39.5m
step 00800/02205 (36.28%) [ns2_ftrl_eta0p1] | loss: 3.501629 | lrm: 1.00 | dt: 1692.54ms | tok/s: 309,764 | mfu: 35.36 | epoch: 1 | eta: 39.5m
step 00801/02205 (36.33%) [ns2_ftrl_eta0p1] | loss: 3.499079 | lrm: 1.00 | dt: 1693.15ms | tok/s: 309,653 | mfu: 35.35 | epoch: 1 | eta: 39.4m
step 00802/02205 (36.37%) [ns2_ftrl_eta0p1] | loss: 3.493542 | lrm: 1.00 | dt: 1690.06ms | tok/s: 310,218 | mfu: 35.41 | epoch: 1 | eta: 39.4m
step 00803/02205 (36.42%) [ns2_ftrl_eta0p1] | loss: 3.490337 | lrm: 1.00 | dt: 1692.98ms | tok/s: 309,683 | mfu: 35.35 | epoch: 1 | eta: 39.4m
step 00804/02205 (36.46%) [ns2_ftrl_eta0p1] | loss: 3.488285 | lrm: 1.00 | dt: 1695.16ms | tok/s: 309,285 | mfu: 35.31 | epoch: 1 | eta: 39.4m
step 00805/02205 (36.51%) [ns2_ftrl_eta0p1] | loss: 3.494198 | lrm: 1.00 | dt: 1694.24ms | tok/s: 309,453 | mfu: 35.32 | epoch: 1 | eta: 39.3m
step 00806/02205 (36.55%) [ns2_ftrl_eta0p1] | loss: 3.486594 | lrm: 1.00 | dt: 1683.17ms | tok/s: 311,489 | mfu: 35.56 | epoch: 1 | eta: 39.3m
step 00807/02205 (36.60%) [ns2_ftrl_eta0p1] | loss: 3.481255 | lrm: 1.00 | dt: 1692.88ms | tok/s: 309,701 | mfu: 35.35 | epoch: 1 | eta: 39.3m
step 00808/02205 (36.64%) [ns2_ftrl_eta0p1] | loss: 3.490374 | lrm: 1.00 | dt: 1693.61ms | tok/s: 309,567 | mfu: 35.34 | epoch: 1 | eta: 39.3m
step 00809/02205 (36.69%) [ns2_ftrl_eta0p1] | loss: 3.483245 | lrm: 1.00 | dt: 1690.84ms | tok/s: 310,075 | mfu: 35.40 | epoch: 1 | eta: 39.2m
step 00810/02205 (36.73%) [ns2_ftrl_eta0p1] | loss: 3.486452 | lrm: 1.00 | dt: 1694.55ms | tok/s: 309,396 | mfu: 35.32 | epoch: 1 | eta: 39.2m
step 00811/02205 (36.78%) [ns2_ftrl_eta0p1] | loss: 3.487809 | lrm: 1.00 | dt: 1692.83ms | tok/s: 309,711 | mfu: 35.35 | epoch: 1 | eta: 39.2m
step 00812/02205 (36.83%) [ns2_ftrl_eta0p1] | loss: 3.483850 | lrm: 1.00 | dt: 1697.40ms | tok/s: 308,877 | mfu: 35.26 | epoch: 1 | eta: 39.1m
step 00813/02205 (36.87%) [ns2_ftrl_eta0p1] | loss: 3.487918 | lrm: 1.00 | dt: 1692.96ms | tok/s: 309,687 | mfu: 35.35 | epoch: 1 | eta: 39.1m
step 00814/02205 (36.92%) [ns2_ftrl_eta0p1] | loss: 3.493141 | lrm: 1.00 | dt: 1696.05ms | tok/s: 309,122 | mfu: 35.29 | epoch: 1 | eta: 39.1m
step 00815/02205 (36.96%) [ns2_ftrl_eta0p1] | loss: 3.491335 | lrm: 1.00 | dt: 1694.19ms | tok/s: 309,461 | mfu: 35.33 | epoch: 1 | eta: 39.1m
step 00816/02205 (37.01%) [ns2_ftrl_eta0p1] | loss: 3.491395 | lrm: 1.00 | dt: 1694.67ms | tok/s: 309,374 | mfu: 35.32 | epoch: 1 | eta: 39.0m
step 00817/02205 (37.05%) [ns2_ftrl_eta0p1] | loss: 3.485020 | lrm: 1.00 | dt: 1695.43ms | tok/s: 309,235 | mfu: 35.30 | epoch: 1 | eta: 39.0m
step 00818/02205 (37.10%) [ns2_ftrl_eta0p1] | loss: 3.479498 | lrm: 1.00 | dt: 1692.31ms | tok/s: 309,806 | mfu: 35.36 | epoch: 1 | eta: 39.0m
step 00819/02205 (37.14%) [ns2_ftrl_eta0p1] | loss: 3.484284 | lrm: 1.00 | dt: 1692.43ms | tok/s: 309,784 | mfu: 35.36 | epoch: 1 | eta: 38.9m
step 00820/02205 (37.19%) [ns2_ftrl_eta0p1] | loss: 3.484638 | lrm: 1.00 | dt: 1691.96ms | tok/s: 309,870 | mfu: 35.37 | epoch: 1 | eta: 38.9m
step 00821/02205 (37.23%) [ns2_ftrl_eta0p1] | loss: 3.482855 | lrm: 1.00 | dt: 1693.14ms | tok/s: 309,654 | mfu: 35.35 | epoch: 1 | eta: 38.9m
step 00822/02205 (37.28%) [ns2_ftrl_eta0p1] | loss: 3.477846 | lrm: 1.00 | dt: 1689.82ms | tok/s: 310,263 | mfu: 35.42 | epoch: 1 | eta: 38.9m
step 00823/02205 (37.32%) [ns2_ftrl_eta0p1] | loss: 3.485141 | lrm: 1.00 | dt: 1691.11ms | tok/s: 310,026 | mfu: 35.39 | epoch: 1 | eta: 38.8m
step 00824/02205 (37.37%) [ns2_ftrl_eta0p1] | loss: 3.490139 | lrm: 1.00 | dt: 1692.00ms | tok/s: 309,862 | mfu: 35.37 | epoch: 1 | eta: 38.8m
step 00825/02205 (37.41%) [ns2_ftrl_eta0p1] | loss: 3.481863 | lrm: 1.00 | dt: 1691.42ms | tok/s: 309,968 | mfu: 35.38 | epoch: 1 | eta: 38.8m
step 00826/02205 (37.46%) [ns2_ftrl_eta0p1] | loss: 3.483477 | lrm: 1.00 | dt: 1691.83ms | tok/s: 309,894 | mfu: 35.37 | epoch: 1 | eta: 38.8m
step 00827/02205 (37.51%) [ns2_ftrl_eta0p1] | loss: 3.481463 | lrm: 1.00 | dt: 1692.21ms | tok/s: 309,824 | mfu: 35.37 | epoch: 1 | eta: 38.7m
step 00828/02205 (37.55%) [ns2_ftrl_eta0p1] | loss: 3.478019 | lrm: 1.00 | dt: 1689.82ms | tok/s: 310,263 | mfu: 35.42 | epoch: 1 | eta: 38.7m
step 00829/02205 (37.60%) [ns2_ftrl_eta0p1] | loss: 3.478907 | lrm: 1.00 | dt: 1694.58ms | tok/s: 309,390 | mfu: 35.32 | epoch: 1 | eta: 38.7m
step 00830/02205 (37.64%) [ns2_ftrl_eta0p1] | loss: 3.485053 | lrm: 1.00 | dt: 1691.89ms | tok/s: 309,883 | mfu: 35.37 | epoch: 1 | eta: 38.6m
step 00831/02205 (37.69%) [ns2_ftrl_eta0p1] | loss: 3.487565 | lrm: 1.00 | dt: 1692.45ms | tok/s: 309,780 | mfu: 35.36 | epoch: 1 | eta: 38.6m
step 00832/02205 (37.73%) [ns2_ftrl_eta0p1] | loss: 3.489627 | lrm: 1.00 | dt: 1687.36ms | tok/s: 310,714 | mfu: 35.47 | epoch: 1 | eta: 38.6m
step 00833/02205 (37.78%) [ns2_ftrl_eta0p1] | loss: 3.487675 | lrm: 1.00 | dt: 1700.09ms | tok/s: 308,388 | mfu: 35.20 | epoch: 1 | eta: 38.6m
step 00834/02205 (37.82%) [ns2_ftrl_eta0p1] | loss: 3.488878 | lrm: 1.00 | dt: 1690.68ms | tok/s: 310,103 | mfu: 35.40 | epoch: 1 | eta: 38.5m
step 00835/02205 (37.87%) [ns2_ftrl_eta0p1] | loss: 3.487137 | lrm: 1.00 | dt: 1687.87ms | tok/s: 310,620 | mfu: 35.46 | epoch: 1 | eta: 38.5m
step 00836/02205 (37.91%) [ns2_ftrl_eta0p1] | loss: 3.474976 | lrm: 1.00 | dt: 1695.70ms | tok/s: 309,186 | mfu: 35.29 | epoch: 1 | eta: 38.5m
step 00837/02205 (37.96%) [ns2_ftrl_eta0p1] | loss: 3.475727 | lrm: 1.00 | dt: 1686.14ms | tok/s: 310,939 | mfu: 35.49 | epoch: 1 | eta: 38.4m
step 00838/02205 (38.00%) [ns2_ftrl_eta0p1] | loss: 3.473743 | lrm: 1.00 | dt: 1696.84ms | tok/s: 308,979 | mfu: 35.27 | epoch: 1 | eta: 38.4m
step 00839/02205 (38.05%) [ns2_ftrl_eta0p1] | loss: 3.465832 | lrm: 1.00 | dt: 1692.94ms | tok/s: 309,690 | mfu: 35.35 | epoch: 1 | eta: 38.4m
step 00840/02205 (38.10%) [ns2_ftrl_eta0p1] | loss: 3.471490 | lrm: 1.00 | dt: 1690.50ms | tok/s: 310,137 | mfu: 35.40 | epoch: 1 | eta: 38.4m
step 00841/02205 (38.14%) [ns2_ftrl_eta0p1] | loss: 3.469058 | lrm: 1.00 | dt: 1694.28ms | tok/s: 309,446 | mfu: 35.32 | epoch: 1 | eta: 38.3m
step 00842/02205 (38.19%) [ns2_ftrl_eta0p1] | loss: 3.466039 | lrm: 1.00 | dt: 1690.63ms | tok/s: 310,114 | mfu: 35.40 | epoch: 1 | eta: 38.3m
step 00843/02205 (38.23%) [ns2_ftrl_eta0p1] | loss: 3.477040 | lrm: 1.00 | dt: 1694.97ms | tok/s: 309,319 | mfu: 35.31 | epoch: 1 | eta: 38.3m
step 00844/02205 (38.28%) [ns2_ftrl_eta0p1] | loss: 3.490841 | lrm: 1.00 | dt: 1691.89ms | tok/s: 309,882 | mfu: 35.37 | epoch: 1 | eta: 38.2m
step 00845/02205 (38.32%) [ns2_ftrl_eta0p1] | loss: 3.491321 | lrm: 1.00 | dt: 1692.83ms | tok/s: 309,710 | mfu: 35.35 | epoch: 1 | eta: 38.2m
step 00846/02205 (38.37%) [ns2_ftrl_eta0p1] | loss: 3.483595 | lrm: 1.00 | dt: 1691.82ms | tok/s: 309,895 | mfu: 35.37 | epoch: 1 | eta: 38.2m
step 00847/02205 (38.41%) [ns2_ftrl_eta0p1] | loss: 3.491634 | lrm: 1.00 | dt: 1693.84ms | tok/s: 309,527 | mfu: 35.33 | epoch: 1 | eta: 38.2m
step 00848/02205 (38.46%) [ns2_ftrl_eta0p1] | loss: 3.481123 | lrm: 1.00 | dt: 1690.71ms | tok/s: 310,099 | mfu: 35.40 | epoch: 1 | eta: 38.1m
step 00849/02205 (38.50%) [ns2_ftrl_eta0p1] | loss: 3.485500 | lrm: 1.00 | dt: 1692.70ms | tok/s: 309,734 | mfu: 35.36 | epoch: 1 | eta: 38.1m
step 00850/02205 (38.55%) [ns2_ftrl_eta0p1] | loss: 3.480976 | lrm: 1.00 | dt: 1691.76ms | tok/s: 309,907 | mfu: 35.38 | epoch: 1 | eta: 38.1m
step 00851/02205 (38.59%) [ns2_ftrl_eta0p1] | loss: 3.485860 | lrm: 1.00 | dt: 1689.88ms | tok/s: 310,252 | mfu: 35.42 | epoch: 1 | eta: 38.1m
step 00852/02205 (38.64%) [ns2_ftrl_eta0p1] | loss: 3.488237 | lrm: 1.00 | dt: 1690.29ms | tok/s: 310,175 | mfu: 35.41 | epoch: 1 | eta: 38.0m
step 00853/02205 (38.68%) [ns2_ftrl_eta0p1] | loss: 3.477534 | lrm: 1.00 | dt: 1697.39ms | tok/s: 308,878 | mfu: 35.26 | epoch: 1 | eta: 38.0m
step 00854/02205 (38.73%) [ns2_ftrl_eta0p1] | loss: 3.484014 | lrm: 1.00 | dt: 1689.84ms | tok/s: 310,259 | mfu: 35.42 | epoch: 1 | eta: 38.0m
step 00855/02205 (38.78%) [ns2_ftrl_eta0p1] | loss: 3.488330 | lrm: 1.00 | dt: 1694.32ms | tok/s: 309,438 | mfu: 35.32 | epoch: 1 | eta: 37.9m
step 00856/02205 (38.82%) [ns2_ftrl_eta0p1] | loss: 3.485515 | lrm: 1.00 | dt: 1689.64ms | tok/s: 310,294 | mfu: 35.42 | epoch: 1 | eta: 37.9m
step 00857/02205 (38.87%) [ns2_ftrl_eta0p1] | loss: 3.490025 | lrm: 1.00 | dt: 1692.42ms | tok/s: 309,785 | mfu: 35.36 | epoch: 1 | eta: 37.9m
step 00858/02205 (38.91%) [ns2_ftrl_eta0p1] | loss: 3.495648 | lrm: 1.00 | dt: 1692.53ms | tok/s: 309,765 | mfu: 35.36 | epoch: 1 | eta: 37.9m
step 00859/02205 (38.96%) [ns2_ftrl_eta0p1] | loss: 3.491892 | lrm: 1.00 | dt: 1692.84ms | tok/s: 309,708 | mfu: 35.35 | epoch: 1 | eta: 37.8m
step 00860/02205 (39.00%) [ns2_ftrl_eta0p1] | loss: 3.487686 | lrm: 1.00 | dt: 1691.38ms | tok/s: 309,977 | mfu: 35.38 | epoch: 1 | eta: 37.8m
step 00861/02205 (39.05%) [ns2_ftrl_eta0p1] | loss: 3.487401 | lrm: 1.00 | dt: 1686.99ms | tok/s: 310,783 | mfu: 35.48 | epoch: 1 | eta: 37.8m
step 00862/02205 (39.09%) [ns2_ftrl_eta0p1] | loss: 3.487768 | lrm: 1.00 | dt: 1695.84ms | tok/s: 309,160 | mfu: 35.29 | epoch: 1 | eta: 37.7m
step 00863/02205 (39.14%) [ns2_ftrl_eta0p1] | loss: 3.481578 | lrm: 1.00 | dt: 1686.32ms | tok/s: 310,906 | mfu: 35.49 | epoch: 1 | eta: 37.7m
step 00864/02205 (39.18%) [ns2_ftrl_eta0p1] | loss: 3.478922 | lrm: 1.00 | dt: 1695.47ms | tok/s: 309,229 | mfu: 35.30 | epoch: 1 | eta: 37.7m
step 00865/02205 (39.23%) [ns2_ftrl_eta0p1] | loss: 3.474155 | lrm: 1.00 | dt: 1673.76ms | tok/s: 313,239 | mfu: 35.76 | epoch: 1 | eta: 37.7m
step 00866/02205 (39.27%) [ns2_ftrl_eta0p1] | loss: 3.466692 | lrm: 1.00 | dt: 1690.67ms | tok/s: 310,106 | mfu: 35.40 | epoch: 1 | eta: 37.6m
step 00867/02205 (39.32%) [ns2_ftrl_eta0p1] | loss: 3.474508 | lrm: 1.00 | dt: 1692.80ms | tok/s: 309,717 | mfu: 35.35 | epoch: 1 | eta: 37.6m
step 00868/02205 (39.37%) [ns2_ftrl_eta0p1] | loss: 3.475468 | lrm: 1.00 | dt: 1685.45ms | tok/s: 311,066 | mfu: 35.51 | epoch: 1 | eta: 37.6m
step 00869/02205 (39.41%) [ns2_ftrl_eta0p1] | loss: 3.468947 | lrm: 1.00 | dt: 1690.11ms | tok/s: 310,209 | mfu: 35.41 | epoch: 1 | eta: 37.5m
step 00870/02205 (39.46%) [ns2_ftrl_eta0p1] | loss: 3.482327 | lrm: 1.00 | dt: 1692.24ms | tok/s: 309,818 | mfu: 35.37 | epoch: 1 | eta: 37.5m
step 00871/02205 (39.50%) [ns2_ftrl_eta0p1] | loss: 3.480884 | lrm: 1.00 | dt: 1689.07ms | tok/s: 310,400 | mfu: 35.43 | epoch: 1 | eta: 37.5m
step 00872/02205 (39.55%) [ns2_ftrl_eta0p1] | loss: 3.471506 | lrm: 1.00 | dt: 1690.91ms | tok/s: 310,062 | mfu: 35.39 | epoch: 1 | eta: 37.5m
step 00873/02205 (39.59%) [ns2_ftrl_eta0p1] | loss: 3.477964 | lrm: 1.00 | dt: 1690.55ms | tok/s: 310,127 | mfu: 35.40 | epoch: 1 | eta: 37.4m
step 00874/02205 (39.64%) [ns2_ftrl_eta0p1] | loss: 3.486043 | lrm: 1.00 | dt: 1689.33ms | tok/s: 310,353 | mfu: 35.43 | epoch: 1 | eta: 37.4m
step 00875/02205 (39.68%) [ns2_ftrl_eta0p1] | loss: 3.482243 | lrm: 1.00 | dt: 1683.91ms | tok/s: 311,351 | mfu: 35.54 | epoch: 1 | eta: 37.4m
step 00876/02205 (39.73%) [ns2_ftrl_eta0p1] | loss: 3.486367 | lrm: 1.00 | dt: 1692.17ms | tok/s: 309,832 | mfu: 35.37 | epoch: 1 | eta: 37.4m
step 00877/02205 (39.77%) [ns2_ftrl_eta0p1] | loss: 3.493189 | lrm: 1.00 | dt: 1685.85ms | tok/s: 310,993 | mfu: 35.50 | epoch: 1 | eta: 37.3m
step 00878/02205 (39.82%) [ns2_ftrl_eta0p1] | loss: 3.492759 | lrm: 1.00 | dt: 1688.11ms | tok/s: 310,576 | mfu: 35.45 | epoch: 1 | eta: 37.3m
step 00879/02205 (39.86%) [ns2_ftrl_eta0p1] | loss: 3.493454 | lrm: 1.00 | dt: 1692.58ms | tok/s: 309,756 | mfu: 35.36 | epoch: 1 | eta: 37.3m
step 00880/02205 (39.91%) [ns2_ftrl_eta0p1] | loss: 3.485603 | lrm: 1.00 | dt: 1691.43ms | tok/s: 309,968 | mfu: 35.38 | epoch: 1 | eta: 37.2m
step 00881/02205 (39.95%) [ns2_ftrl_eta0p1] | loss: 3.489866 | lrm: 1.00 | dt: 1691.86ms | tok/s: 309,888 | mfu: 35.37 | epoch: 1 | eta: 37.2m
step 00882/02205 (40.00%) [ns2_ftrl_eta0p1] | loss: 3.497498 | lrm: 1.00 | dt: 1694.39ms | tok/s: 309,426 | mfu: 35.32 | epoch: 1 | eta: 37.2m
step 00883/02205 (40.05%) [ns2_ftrl_eta0p1] | loss: 3.501356 | lrm: 1.00 | dt: 1696.51ms | tok/s: 309,038 | mfu: 35.28 | epoch: 1 | eta: 37.2m
step 00884/02205 (40.09%) [ns2_ftrl_eta0p1] | loss: 3.501440 | lrm: 1.00 | dt: 1688.94ms | tok/s: 310,424 | mfu: 35.44 | epoch: 1 | eta: 37.1m
step 00885/02205 (40.14%) [ns2_ftrl_eta0p1] | loss: 3.494845 | lrm: 1.00 | dt: 1690.39ms | tok/s: 310,158 | mfu: 35.40 | epoch: 1 | eta: 37.1m
step 00886/02205 (40.18%) [ns2_ftrl_eta0p1] | loss: 3.491250 | lrm: 1.00 | dt: 1696.81ms | tok/s: 308,984 | mfu: 35.27 | epoch: 1 | eta: 37.1m
step 00887/02205 (40.23%) [ns2_ftrl_eta0p1] | loss: 3.486425 | lrm: 1.00 | dt: 1686.23ms | tok/s: 310,923 | mfu: 35.49 | epoch: 1 | eta: 37.0m
step 00888/02205 (40.27%) [ns2_ftrl_eta0p1] | loss: 3.484805 | lrm: 1.00 | dt: 1691.80ms | tok/s: 309,899 | mfu: 35.38 | epoch: 1 | eta: 37.0m
step 00889/02205 (40.32%) [ns2_ftrl_eta0p1] | loss: 3.486471 | lrm: 1.00 | dt: 1691.19ms | tok/s: 310,010 | mfu: 35.39 | epoch: 1 | eta: 37.0m
step 00890/02205 (40.36%) [ns2_ftrl_eta0p1] | loss: 3.485158 | lrm: 1.00 | dt: 1693.13ms | tok/s: 309,656 | mfu: 35.35 | epoch: 1 | eta: 37.0m
step 00891/02205 (40.41%) [ns2_ftrl_eta0p1] | loss: 3.485876 | lrm: 1.00 | dt: 1693.36ms | tok/s: 309,613 | mfu: 35.34 | epoch: 1 | eta: 36.9m
step 00892/02205 (40.45%) [ns2_ftrl_eta0p1] | loss: 3.481378 | lrm: 1.00 | dt: 1692.28ms | tok/s: 309,811 | mfu: 35.37 | epoch: 1 | eta: 36.9m
step 00893/02205 (40.50%) [ns2_ftrl_eta0p1] | loss: 3.478533 | lrm: 1.00 | dt: 1691.12ms | tok/s: 310,023 | mfu: 35.39 | epoch: 1 | eta: 36.9m
step 00894/02205 (40.54%) [ns2_ftrl_eta0p1] | loss: 3.479963 | lrm: 1.00 | dt: 1690.05ms | tok/s: 310,219 | mfu: 35.41 | epoch: 1 | eta: 36.8m
step 00895/02205 (40.59%) [ns2_ftrl_eta0p1] | loss: 3.481197 | lrm: 1.00 | dt: 1691.65ms | tok/s: 309,927 | mfu: 35.38 | epoch: 1 | eta: 36.8m
step 00896/02205 (40.63%) [ns2_ftrl_eta0p1] | loss: 3.476005 | lrm: 1.00 | dt: 1691.94ms | tok/s: 309,873 | mfu: 35.37 | epoch: 1 | eta: 36.8m
step 00897/02205 (40.68%) [ns2_ftrl_eta0p1] | loss: 3.484428 | lrm: 1.00 | dt: 1692.40ms | tok/s: 309,790 | mfu: 35.36 | epoch: 1 | eta: 36.8m
step 00898/02205 (40.73%) [ns2_ftrl_eta0p1] | loss: 3.478349 | lrm: 1.00 | dt: 1693.92ms | tok/s: 309,511 | mfu: 35.33 | epoch: 1 | eta: 36.7m
step 00899/02205 (40.77%) [ns2_ftrl_eta0p1] | loss: 3.477898 | lrm: 1.00 | dt: 1691.23ms | tok/s: 310,004 | mfu: 35.39 | epoch: 1 | eta: 36.7m
step 00900/02205 (40.82%) [ns2_ftrl_eta0p1] | loss: 3.474638 | lrm: 1.00 | dt: 1689.53ms | tok/s: 310,315 | mfu: 35.42 | epoch: 1 | eta: 36.7m
step 00901/02205 (40.86%) [ns2_ftrl_eta0p1] | loss: 3.477324 | lrm: 1.00 | dt: 1692.46ms | tok/s: 309,778 | mfu: 35.36 | epoch: 1 | eta: 36.7m
step 00902/02205 (40.91%) [ns2_ftrl_eta0p1] | loss: 3.469106 | lrm: 1.00 | dt: 1691.76ms | tok/s: 309,906 | mfu: 35.38 | epoch: 1 | eta: 36.6m
step 00903/02205 (40.95%) [ns2_ftrl_eta0p1] | loss: 3.452924 | lrm: 1.00 | dt: 1691.20ms | tok/s: 310,009 | mfu: 35.39 | epoch: 1 | eta: 36.6m
step 00904/02205 (41.00%) [ns2_ftrl_eta0p1] | loss: 3.460913 | lrm: 1.00 | dt: 1690.36ms | tok/s: 310,163 | mfu: 35.41 | epoch: 1 | eta: 36.6m
step 00905/02205 (41.04%) [ns2_ftrl_eta0p1] | loss: 3.467169 | lrm: 1.00 | dt: 1692.40ms | tok/s: 309,790 | mfu: 35.36 | epoch: 1 | eta: 36.5m
step 00906/02205 (41.09%) [ns2_ftrl_eta0p1] | loss: 3.471458 | lrm: 1.00 | dt: 1684.49ms | tok/s: 311,244 | mfu: 35.53 | epoch: 1 | eta: 36.5m
step 00907/02205 (41.13%) [ns2_ftrl_eta0p1] | loss: 3.467669 | lrm: 1.00 | dt: 1688.83ms | tok/s: 310,444 | mfu: 35.44 | epoch: 1 | eta: 36.5m
step 00908/02205 (41.18%) [ns2_ftrl_eta0p1] | loss: 3.466245 | lrm: 1.00 | dt: 1696.97ms | tok/s: 308,954 | mfu: 35.27 | epoch: 1 | eta: 36.5m
step 00909/02205 (41.22%) [ns2_ftrl_eta0p1] | loss: 3.470098 | lrm: 1.00 | dt: 1689.19ms | tok/s: 310,378 | mfu: 35.43 | epoch: 1 | eta: 36.4m
step 00910/02205 (41.27%) [ns2_ftrl_eta0p1] | loss: 3.468197 | lrm: 1.00 | dt: 1687.48ms | tok/s: 310,693 | mfu: 35.47 | epoch: 1 | eta: 36.4m
step 00911/02205 (41.32%) [ns2_ftrl_eta0p1] | loss: 3.468830 | lrm: 1.00 | dt: 1698.62ms | tok/s: 308,654 | mfu: 35.23 | epoch: 1 | eta: 36.4m
step 00912/02205 (41.36%) [ns2_ftrl_eta0p1] | loss: 3.476798 | lrm: 1.00 | dt: 1689.40ms | tok/s: 310,339 | mfu: 35.43 | epoch: 1 | eta: 36.3m
step 00913/02205 (41.41%) [ns2_ftrl_eta0p1] | loss: 3.469017 | lrm: 1.00 | dt: 1693.93ms | tok/s: 309,509 | mfu: 35.33 | epoch: 1 | eta: 36.3m
step 00914/02205 (41.45%) [ns2_ftrl_eta0p1] | loss: 3.454452 | lrm: 1.00 | dt: 1689.57ms | tok/s: 310,309 | mfu: 35.42 | epoch: 1 | eta: 36.3m
step 00915/02205 (41.50%) [ns2_ftrl_eta0p1] | loss: 3.458943 | lrm: 1.00 | dt: 1691.96ms | tok/s: 309,870 | mfu: 35.37 | epoch: 1 | eta: 36.3m
step 00916/02205 (41.54%) [ns2_ftrl_eta0p1] | loss: 3.463229 | lrm: 1.00 | dt: 1689.36ms | tok/s: 310,346 | mfu: 35.43 | epoch: 1 | eta: 36.2m
step 00917/02205 (41.59%) [ns2_ftrl_eta0p1] | loss: 3.457486 | lrm: 1.00 | dt: 1694.44ms | tok/s: 309,416 | mfu: 35.32 | epoch: 1 | eta: 36.2m
step 00918/02205 (41.63%) [ns2_ftrl_eta0p1] | loss: 3.464885 | lrm: 1.00 | dt: 1688.86ms | tok/s: 310,439 | mfu: 35.44 | epoch: 1 | eta: 36.2m
step 00919/02205 (41.68%) [ns2_ftrl_eta0p1] | loss: 3.467900 | lrm: 1.00 | dt: 1692.58ms | tok/s: 309,756 | mfu: 35.36 | epoch: 1 | eta: 36.1m
step 00920/02205 (41.72%) [ns2_ftrl_eta0p1] | loss: 3.463132 | lrm: 1.00 | dt: 1694.03ms | tok/s: 309,491 | mfu: 35.33 | epoch: 1 | eta: 36.1m
step 00921/02205 (41.77%) [ns2_ftrl_eta0p1] | loss: 3.464838 | lrm: 1.00 | dt: 1694.05ms | tok/s: 309,487 | mfu: 35.33 | epoch: 1 | eta: 36.1m
step 00922/02205 (41.81%) [ns2_ftrl_eta0p1] | loss: 3.460375 | lrm: 1.00 | dt: 1688.21ms | tok/s: 310,558 | mfu: 35.45 | epoch: 1 | eta: 36.1m
step 00923/02205 (41.86%) [ns2_ftrl_eta0p1] | loss: 3.461377 | lrm: 1.00 | dt: 1690.18ms | tok/s: 310,196 | mfu: 35.41 | epoch: 1 | eta: 36.0m
step 00924/02205 (41.90%) [ns2_ftrl_eta0p1] | loss: 3.463001 | lrm: 1.00 | dt: 1693.41ms | tok/s: 309,604 | mfu: 35.34 | epoch: 1 | eta: 36.0m
step 00925/02205 (41.95%) [ns2_ftrl_eta0p1] | loss: 3.463229 | lrm: 1.00 | dt: 1692.23ms | tok/s: 309,820 | mfu: 35.37 | epoch: 1 | eta: 36.0m
step 00926/02205 (42.00%) [ns2_ftrl_eta0p1] | loss: 3.459439 | lrm: 1.00 | dt: 1690.41ms | tok/s: 310,153 | mfu: 35.40 | epoch: 1 | eta: 36.0m
step 00927/02205 (42.04%) [ns2_ftrl_eta0p1] | loss: 3.454941 | lrm: 1.00 | dt: 1695.99ms | tok/s: 309,133 | mfu: 35.29 | epoch: 1 | eta: 35.9m
step 00928/02205 (42.09%) [ns2_ftrl_eta0p1] | loss: 3.455540 | lrm: 1.00 | dt: 1693.38ms | tok/s: 309,609 | mfu: 35.34 | epoch: 1 | eta: 35.9m
step 00929/02205 (42.13%) [ns2_ftrl_eta0p1] | loss: 3.451213 | lrm: 1.00 | dt: 1689.92ms | tok/s: 310,243 | mfu: 35.41 | epoch: 1 | eta: 35.9m
step 00930/02205 (42.18%) [ns2_ftrl_eta0p1] | loss: 3.467965 | lrm: 1.00 | dt: 1694.80ms | tok/s: 309,351 | mfu: 35.31 | epoch: 1 | eta: 35.8m
step 00931/02205 (42.22%) [ns2_ftrl_eta0p1] | loss: 3.471161 | lrm: 1.00 | dt: 1689.32ms | tok/s: 310,354 | mfu: 35.43 | epoch: 1 | eta: 35.8m
step 00932/02205 (42.27%) [ns2_ftrl_eta0p1] | loss: 3.462478 | lrm: 1.00 | dt: 1690.95ms | tok/s: 310,055 | mfu: 35.39 | epoch: 1 | eta: 35.8m
step 00933/02205 (42.31%) [ns2_ftrl_eta0p1] | loss: 3.451013 | lrm: 1.00 | dt: 1692.09ms | tok/s: 309,845 | mfu: 35.37 | epoch: 1 | eta: 35.8m
step 00934/02205 (42.36%) [ns2_ftrl_eta0p1] | loss: 3.449356 | lrm: 1.00 | dt: 1692.82ms | tok/s: 309,713 | mfu: 35.35 | epoch: 1 | eta: 35.7m
step 00935/02205 (42.40%) [ns2_ftrl_eta0p1] | loss: 3.441851 | lrm: 1.00 | dt: 1693.01ms | tok/s: 309,677 | mfu: 35.35 | epoch: 1 | eta: 35.7m
step 00936/02205 (42.45%) [ns2_ftrl_eta0p1] | loss: 3.431613 | lrm: 1.00 | dt: 1692.71ms | tok/s: 309,732 | mfu: 35.36 | epoch: 1 | eta: 35.7m
step 00937/02205 (42.49%) [ns2_ftrl_eta0p1] | loss: 3.434150 | lrm: 1.00 | dt: 1693.95ms | tok/s: 309,505 | mfu: 35.33 | epoch: 1 | eta: 35.6m
step 00938/02205 (42.54%) [ns2_ftrl_eta0p1] | loss: 3.434726 | lrm: 1.00 | dt: 1693.71ms | tok/s: 309,549 | mfu: 35.34 | epoch: 1 | eta: 35.6m
step 00939/02205 (42.59%) [ns2_ftrl_eta0p1] | loss: 3.433117 | lrm: 1.00 | dt: 1692.63ms | tok/s: 309,747 | mfu: 35.36 | epoch: 1 | eta: 35.6m
step 00940/02205 (42.63%) [ns2_ftrl_eta0p1] | loss: 3.435352 | lrm: 1.00 | dt: 1689.66ms | tok/s: 310,291 | mfu: 35.42 | epoch: 1 | eta: 35.6m
step 00941/02205 (42.68%) [ns2_ftrl_eta0p1] | loss: 3.432272 | lrm: 1.00 | dt: 1694.84ms | tok/s: 309,344 | mfu: 35.31 | epoch: 1 | eta: 35.5m
step 00942/02205 (42.72%) [ns2_ftrl_eta0p1] | loss: 3.435214 | lrm: 1.00 | dt: 1692.78ms | tok/s: 309,719 | mfu: 35.35 | epoch: 1 | eta: 35.5m
step 00943/02205 (42.77%) [ns2_ftrl_eta0p1] | loss: 3.441429 | lrm: 1.00 | dt: 1686.73ms | tok/s: 310,831 | mfu: 35.48 | epoch: 1 | eta: 35.5m
step 00944/02205 (42.81%) [ns2_ftrl_eta0p1] | loss: 3.437794 | lrm: 1.00 | dt: 1692.16ms | tok/s: 309,833 | mfu: 35.37 | epoch: 1 | eta: 35.4m
step 00945/02205 (42.86%) [ns2_ftrl_eta0p1] | loss: 3.443251 | lrm: 1.00 | dt: 1689.10ms | tok/s: 310,394 | mfu: 35.43 | epoch: 1 | eta: 35.4m
step 00946/02205 (42.90%) [ns2_ftrl_eta0p1] | loss: 3.453373 | lrm: 1.00 | dt: 1691.21ms | tok/s: 310,007 | mfu: 35.39 | epoch: 1 | eta: 35.4m
step 00947/02205 (42.95%) [ns2_ftrl_eta0p1] | loss: 3.464417 | lrm: 1.00 | dt: 1694.40ms | tok/s: 309,424 | mfu: 35.32 | epoch: 1 | eta: 35.4m
step 00948/02205 (42.99%) [ns2_ftrl_eta0p1] | loss: 3.462001 | lrm: 1.00 | dt: 1694.36ms | tok/s: 309,430 | mfu: 35.32 | epoch: 1 | eta: 35.3m
step 00949/02205 (43.04%) [ns2_ftrl_eta0p1] | loss: 3.460758 | lrm: 1.00 | dt: 1693.60ms | tok/s: 309,569 | mfu: 35.34 | epoch: 1 | eta: 35.3m
step 00950/02205 (43.08%) [ns2_ftrl_eta0p1] | loss: 3.453991 | lrm: 1.00 | dt: 1690.49ms | tok/s: 310,140 | mfu: 35.40 | epoch: 1 | eta: 35.3m
step 00951/02205 (43.13%) [ns2_ftrl_eta0p1] | loss: 3.447427 | lrm: 1.00 | dt: 1692.26ms | tok/s: 309,815 | mfu: 35.37 | epoch: 1 | eta: 35.3m
step 00952/02205 (43.17%) [ns2_ftrl_eta0p1] | loss: 3.434929 | lrm: 1.00 | dt: 1694.02ms | tok/s: 309,494 | mfu: 35.33 | epoch: 1 | eta: 35.2m
step 00953/02205 (43.22%) [ns2_ftrl_eta0p1] | loss: 3.427086 | lrm: 1.00 | dt: 1692.46ms | tok/s: 309,778 | mfu: 35.36 | epoch: 1 | eta: 35.2m
step 00954/02205 (43.27%) [ns2_ftrl_eta0p1] | loss: 3.428397 | lrm: 1.00 | dt: 1690.08ms | tok/s: 310,213 | mfu: 35.41 | epoch: 1 | eta: 35.2m
step 00955/02205 (43.31%) [ns2_ftrl_eta0p1] | loss: 3.433676 | lrm: 1.00 | dt: 1692.49ms | tok/s: 309,773 | mfu: 35.36 | epoch: 1 | eta: 35.1m
step 00956/02205 (43.36%) [ns2_ftrl_eta0p1] | loss: 3.444404 | lrm: 1.00 | dt: 1692.78ms | tok/s: 309,720 | mfu: 35.35 | epoch: 1 | eta: 35.1m
step 00957/02205 (43.40%) [ns2_ftrl_eta0p1] | loss: 3.443488 | lrm: 1.00 | dt: 1692.84ms | tok/s: 309,708 | mfu: 35.35 | epoch: 1 | eta: 35.1m
step 00958/02205 (43.45%) [ns2_ftrl_eta0p1] | loss: 3.437349 | lrm: 1.00 | dt: 1693.90ms | tok/s: 309,514 | mfu: 35.33 | epoch: 1 | eta: 35.1m
step 00959/02205 (43.49%) [ns2_ftrl_eta0p1] | loss: 3.449559 | lrm: 1.00 | dt: 1689.88ms | tok/s: 310,251 | mfu: 35.42 | epoch: 1 | eta: 35.0m
step 00960/02205 (43.54%) [ns2_ftrl_eta0p1] | loss: 3.435747 | lrm: 1.00 | dt: 1696.28ms | tok/s: 309,080 | mfu: 35.28 | epoch: 1 | eta: 35.0m
step 00961/02205 (43.58%) [ns2_ftrl_eta0p1] | loss: 3.435814 | lrm: 1.00 | dt: 1694.12ms | tok/s: 309,474 | mfu: 35.33 | epoch: 1 | eta: 35.0m
step 00962/02205 (43.63%) [ns2_ftrl_eta0p1] | loss: 3.438097 | lrm: 1.00 | dt: 1688.96ms | tok/s: 310,420 | mfu: 35.43 | epoch: 1 | eta: 34.9m
step 00963/02205 (43.67%) [ns2_ftrl_eta0p1] | loss: 3.434225 | lrm: 1.00 | dt: 1692.50ms | tok/s: 309,772 | mfu: 35.36 | epoch: 1 | eta: 34.9m
step 00964/02205 (43.72%) [ns2_ftrl_eta0p1] | loss: 3.432624 | lrm: 1.00 | dt: 1691.66ms | tok/s: 309,925 | mfu: 35.38 | epoch: 1 | eta: 34.9m
step 00965/02205 (43.76%) [ns2_ftrl_eta0p1] | loss: 3.437039 | lrm: 1.00 | dt: 1691.80ms | tok/s: 309,900 | mfu: 35.38 | epoch: 1 | eta: 34.9m
step 00966/02205 (43.81%) [ns2_ftrl_eta0p1] | loss: 3.437455 | lrm: 1.00 | dt: 1690.82ms | tok/s: 310,078 | mfu: 35.40 | epoch: 1 | eta: 34.8m
step 00967/02205 (43.85%) [ns2_ftrl_eta0p1] | loss: 3.434016 | lrm: 1.00 | dt: 1692.81ms | tok/s: 309,715 | mfu: 35.35 | epoch: 1 | eta: 34.8m
step 00968/02205 (43.90%) [ns2_ftrl_eta0p1] | loss: 3.447866 | lrm: 1.00 | dt: 1694.67ms | tok/s: 309,374 | mfu: 35.32 | epoch: 1 | eta: 34.8m
step 00969/02205 (43.95%) [ns2_ftrl_eta0p1] | loss: 3.450440 | lrm: 1.00 | dt: 1687.82ms | tok/s: 310,630 | mfu: 35.46 | epoch: 1 | eta: 34.7m
step 00970/02205 (43.99%) [ns2_ftrl_eta0p1] | loss: 3.446133 | lrm: 1.00 | dt: 1693.53ms | tok/s: 309,583 | mfu: 35.34 | epoch: 1 | eta: 34.7m
step 00971/02205 (44.04%) [ns2_ftrl_eta0p1] | loss: 3.446328 | lrm: 1.00 | dt: 1692.52ms | tok/s: 309,767 | mfu: 35.36 | epoch: 1 | eta: 34.7m
step 00972/02205 (44.08%) [ns2_ftrl_eta0p1] | loss: 3.453016 | lrm: 1.00 | dt: 1685.88ms | tok/s: 310,988 | mfu: 35.50 | epoch: 1 | eta: 34.7m
step 00973/02205 (44.13%) [ns2_ftrl_eta0p1] | loss: 3.454254 | lrm: 1.00 | dt: 1685.14ms | tok/s: 311,123 | mfu: 35.52 | epoch: 1 | eta: 34.6m
step 00974/02205 (44.17%) [ns2_ftrl_eta0p1] | loss: 3.453612 | lrm: 1.00 | dt: 1690.62ms | tok/s: 310,115 | mfu: 35.40 | epoch: 1 | eta: 34.6m
step 00975/02205 (44.22%) [ns2_ftrl_eta0p1] | loss: 3.443432 | lrm: 1.00 | dt: 1688.28ms | tok/s: 310,545 | mfu: 35.45 | epoch: 1 | eta: 34.6m
step 00976/02205 (44.26%) [ns2_ftrl_eta0p1] | loss: 3.443572 | lrm: 1.00 | dt: 1690.95ms | tok/s: 310,054 | mfu: 35.39 | epoch: 1 | eta: 34.6m
step 00977/02205 (44.31%) [ns2_ftrl_eta0p1] | loss: 3.446965 | lrm: 1.00 | dt: 1690.33ms | tok/s: 310,168 | mfu: 35.41 | epoch: 1 | eta: 34.5m
step 00978/02205 (44.35%) [ns2_ftrl_eta0p1] | loss: 3.447189 | lrm: 1.00 | dt: 1682.27ms | tok/s: 311,655 | mfu: 35.58 | epoch: 1 | eta: 34.5m
step 00979/02205 (44.40%) [ns2_ftrl_eta0p1] | loss: 3.442610 | lrm: 1.00 | dt: 1691.32ms | tok/s: 309,986 | mfu: 35.39 | epoch: 1 | eta: 34.5m
step 00980/02205 (44.44%) [ns2_ftrl_eta0p1] | loss: 3.446198 | lrm: 1.00 | dt: 1685.89ms | tok/s: 310,985 | mfu: 35.50 | epoch: 1 | eta: 34.4m
step 00981/02205 (44.49%) [ns2_ftrl_eta0p1] | loss: 3.451958 | lrm: 1.00 | dt: 1686.98ms | tok/s: 310,785 | mfu: 35.48 | epoch: 1 | eta: 34.4m
step 00982/02205 (44.54%) [ns2_ftrl_eta0p1] | loss: 3.457257 | lrm: 1.00 | dt: 1693.61ms | tok/s: 309,568 | mfu: 35.34 | epoch: 1 | eta: 34.4m
step 00983/02205 (44.58%) [ns2_ftrl_eta0p1] | loss: 3.454935 | lrm: 1.00 | dt: 1685.42ms | tok/s: 311,072 | mfu: 35.51 | epoch: 1 | eta: 34.4m
step 00984/02205 (44.63%) [ns2_ftrl_eta0p1] | loss: 3.444507 | lrm: 1.00 | dt: 1689.50ms | tok/s: 310,320 | mfu: 35.42 | epoch: 1 | eta: 34.3m
step 00985/02205 (44.67%) [ns2_ftrl_eta0p1] | loss: 3.438880 | lrm: 1.00 | dt: 1687.86ms | tok/s: 310,622 | mfu: 35.46 | epoch: 1 | eta: 34.3m
step 00986/02205 (44.72%) [ns2_ftrl_eta0p1] | loss: 3.439124 | lrm: 1.00 | dt: 1691.07ms | tok/s: 310,033 | mfu: 35.39 | epoch: 1 | eta: 34.3m
step 00987/02205 (44.76%) [ns2_ftrl_eta0p1] | loss: 3.440892 | lrm: 1.00 | dt: 1691.48ms | tok/s: 309,958 | mfu: 35.38 | epoch: 1 | eta: 34.2m
step 00988/02205 (44.81%) [ns2_ftrl_eta0p1] | loss: 3.445861 | lrm: 1.00 | dt: 1692.59ms | tok/s: 309,755 | mfu: 35.36 | epoch: 1 | eta: 34.2m
step 00989/02205 (44.85%) [ns2_ftrl_eta0p1] | loss: 3.453782 | lrm: 1.00 | dt: 1692.94ms | tok/s: 309,691 | mfu: 35.35 | epoch: 1 | eta: 34.2m
step 00990/02205 (44.90%) [ns2_ftrl_eta0p1] | loss: 3.439936 | lrm: 1.00 | dt: 1691.64ms | tok/s: 309,928 | mfu: 35.38 | epoch: 1 | eta: 34.2m
step 00991/02205 (44.94%) [ns2_ftrl_eta0p1] | loss: 3.429630 | lrm: 1.00 | dt: 1690.58ms | tok/s: 310,123 | mfu: 35.40 | epoch: 1 | eta: 34.1m
step 00992/02205 (44.99%) [ns2_ftrl_eta0p1] | loss: 3.430905 | lrm: 1.00 | dt: 1693.59ms | tok/s: 309,571 | mfu: 35.34 | epoch: 1 | eta: 34.1m
step 00993/02205 (45.03%) [ns2_ftrl_eta0p1] | loss: 3.438144 | lrm: 1.00 | dt: 1688.47ms | tok/s: 310,510 | mfu: 35.45 | epoch: 1 | eta: 34.1m
step 00994/02205 (45.08%) [ns2_ftrl_eta0p1] | loss: 3.439101 | lrm: 1.00 | dt: 1691.39ms | tok/s: 309,974 | mfu: 35.38 | epoch: 1 | eta: 34.0m
step 00995/02205 (45.12%) [ns2_ftrl_eta0p1] | loss: 3.444928 | lrm: 1.00 | dt: 1695.29ms | tok/s: 309,260 | mfu: 35.30 | epoch: 1 | eta: 34.0m
step 00996/02205 (45.17%) [ns2_ftrl_eta0p1] | loss: 3.439551 | lrm: 1.00 | dt: 1693.20ms | tok/s: 309,644 | mfu: 35.35 | epoch: 1 | eta: 34.0m
step 00997/02205 (45.22%) [ns2_ftrl_eta0p1] | loss: 3.441854 | lrm: 1.00 | dt: 1689.48ms | tok/s: 310,325 | mfu: 35.42 | epoch: 1 | eta: 34.0m
step 00998/02205 (45.26%) [ns2_ftrl_eta0p1] | loss: 3.430776 | lrm: 1.00 | dt: 1695.94ms | tok/s: 309,142 | mfu: 35.29 | epoch: 1 | eta: 33.9m
step 00999/02205 (45.31%) [ns2_ftrl_eta0p1] | loss: 3.433231 | lrm: 1.00 | dt: 1694.14ms | tok/s: 309,471 | mfu: 35.33 | epoch: 1 | eta: 33.9m
Step 01000 | val bpb: 1.002931
step 01000/02205 (45.35%) [ns2_ftrl_eta0p1] | loss: 3.423538 | lrm: 1.00 | dt: 1666.85ms | tok/s: 314,538 | mfu: 35.90 | epoch: 1 | eta: 33.9m
step 01001/02205 (45.40%) [ns2_ftrl_eta0p1] | loss: 3.422301 | lrm: 1.00 | dt: 1627.99ms | tok/s: 322,046 | mfu: 36.76 | epoch: 1 | eta: 33.9m
step 01002/02205 (45.44%) [ns2_ftrl_eta0p1] | loss: 3.426521 | lrm: 1.00 | dt: 1650.96ms | tok/s: 317,565 | mfu: 36.25 | epoch: 1 | eta: 33.8m
step 01003/02205 (45.49%) [ns2_ftrl_eta0p1] | loss: 3.432366 | lrm: 1.00 | dt: 1646.30ms | tok/s: 318,465 | mfu: 36.35 | epoch: 1 | eta: 33.8m
step 01004/02205 (45.53%) [ns2_ftrl_eta0p1] | loss: 3.431309 | lrm: 1.00 | dt: 1648.44ms | tok/s: 318,051 | mfu: 36.31 | epoch: 1 | eta: 33.8m
step 01005/02205 (45.58%) [ns2_ftrl_eta0p1] | loss: 3.426238 | lrm: 1.00 | dt: 1659.07ms | tok/s: 316,012 | mfu: 36.07 | epoch: 1 | eta: 33.7m
step 01006/02205 (45.62%) [ns2_ftrl_eta0p1] | loss: 3.431768 | lrm: 1.00 | dt: 1660.16ms | tok/s: 315,805 | mfu: 36.05 | epoch: 1 | eta: 33.7m
step 01007/02205 (45.67%) [ns2_ftrl_eta0p1] | loss: 3.446931 | lrm: 1.00 | dt: 1657.26ms | tok/s: 316,358 | mfu: 36.11 | epoch: 1 | eta: 33.7m
step 01008/02205 (45.71%) [ns2_ftrl_eta0p1] | loss: 3.451129 | lrm: 1.00 | dt: 1655.64ms | tok/s: 316,666 | mfu: 36.15 | epoch: 1 | eta: 33.6m
step 01009/02205 (45.76%) [ns2_ftrl_eta0p1] | loss: 3.432806 | lrm: 1.00 | dt: 1665.55ms | tok/s: 314,784 | mfu: 35.93 | epoch: 1 | eta: 33.6m
step 01010/02205 (45.80%) [ns2_ftrl_eta0p1] | loss: 3.438487 | lrm: 1.00 | dt: 1671.08ms | tok/s: 313,741 | mfu: 35.81 | epoch: 1 | eta: 33.6m
step 01011/02205 (45.85%) [ns2_ftrl_eta0p1] | loss: 3.431436 | lrm: 1.00 | dt: 1660.32ms | tok/s: 315,774 | mfu: 36.05 | epoch: 1 | eta: 33.6m
step 01012/02205 (45.90%) [ns2_ftrl_eta0p1] | loss: 3.426922 | lrm: 1.00 | dt: 1653.63ms | tok/s: 317,052 | mfu: 36.19 | epoch: 1 | eta: 33.5m
step 01013/02205 (45.94%) [ns2_ftrl_eta0p1] | loss: 3.431706 | lrm: 1.00 | dt: 1669.47ms | tok/s: 314,044 | mfu: 35.85 | epoch: 1 | eta: 33.5m
step 01014/02205 (45.99%) [ns2_ftrl_eta0p1] | loss: 3.427562 | lrm: 1.00 | dt: 1672.16ms | tok/s: 313,539 | mfu: 35.79 | epoch: 1 | eta: 33.5m
step 01015/02205 (46.03%) [ns2_ftrl_eta0p1] | loss: 3.431602 | lrm: 1.00 | dt: 1662.49ms | tok/s: 315,362 | mfu: 36.00 | epoch: 1 | eta: 33.4m
step 01016/02205 (46.08%) [ns2_ftrl_eta0p1] | loss: 3.424897 | lrm: 1.00 | dt: 1678.87ms | tok/s: 312,286 | mfu: 35.65 | epoch: 1 | eta: 33.4m
step 01017/02205 (46.12%) [ns2_ftrl_eta0p1] | loss: 3.421253 | lrm: 1.00 | dt: 1677.56ms | tok/s: 312,529 | mfu: 35.68 | epoch: 1 | eta: 33.4m
step 01018/02205 (46.17%) [ns2_ftrl_eta0p1] | loss: 3.412536 | lrm: 1.00 | dt: 1672.70ms | tok/s: 313,437 | mfu: 35.78 | epoch: 1 | eta: 33.4m
step 01019/02205 (46.21%) [ns2_ftrl_eta0p1] | loss: 3.419525 | lrm: 1.00 | dt: 1675.67ms | tok/s: 312,882 | mfu: 35.72 | epoch: 1 | eta: 33.3m
step 01020/02205 (46.26%) [ns2_ftrl_eta0p1] | loss: 3.408900 | lrm: 1.00 | dt: 1674.10ms | tok/s: 313,176 | mfu: 35.75 | epoch: 1 | eta: 33.3m
step 01021/02205 (46.30%) [ns2_ftrl_eta0p1] | loss: 3.411020 | lrm: 1.00 | dt: 1668.25ms | tok/s: 314,275 | mfu: 35.87 | epoch: 1 | eta: 33.3m
step 01022/02205 (46.35%) [ns2_ftrl_eta0p1] | loss: 3.411776 | lrm: 1.00 | dt: 1678.11ms | tok/s: 312,427 | mfu: 35.66 | epoch: 1 | eta: 33.3m
step 01023/02205 (46.39%) [ns2_ftrl_eta0p1] | loss: 3.414294 | lrm: 1.00 | dt: 1675.87ms | tok/s: 312,844 | mfu: 35.71 | epoch: 1 | eta: 33.2m
step 01024/02205 (46.44%) [ns2_ftrl_eta0p1] | loss: 3.423078 | lrm: 1.00 | dt: 1674.47ms | tok/s: 313,105 | mfu: 35.74 | epoch: 1 | eta: 33.2m
step 01025/02205 (46.49%) [ns2_ftrl_eta0p1] | loss: 3.421823 | lrm: 1.00 | dt: 1677.49ms | tok/s: 312,543 | mfu: 35.68 | epoch: 1 | eta: 33.2m
step 01026/02205 (46.53%) [ns2_ftrl_eta0p1] | loss: 3.413002 | lrm: 1.00 | dt: 1669.38ms | tok/s: 314,062 | mfu: 35.85 | epoch: 1 | eta: 33.1m
step 01027/02205 (46.58%) [ns2_ftrl_eta0p1] | loss: 3.415779 | lrm: 1.00 | dt: 1674.50ms | tok/s: 313,100 | mfu: 35.74 | epoch: 1 | eta: 33.1m
step 01028/02205 (46.62%) [ns2_ftrl_eta0p1] | loss: 3.416426 | lrm: 1.00 | dt: 1673.98ms | tok/s: 313,198 | mfu: 35.75 | epoch: 1 | eta: 33.1m
step 01029/02205 (46.67%) [ns2_ftrl_eta0p1] | loss: 3.410073 | lrm: 1.00 | dt: 1676.75ms | tok/s: 312,681 | mfu: 35.69 | epoch: 1 | eta: 33.1m
step 01030/02205 (46.71%) [ns2_ftrl_eta0p1] | loss: 3.424266 | lrm: 1.00 | dt: 1673.53ms | tok/s: 313,282 | mfu: 35.76 | epoch: 1 | eta: 33.0m
step 01031/02205 (46.76%) [ns2_ftrl_eta0p1] | loss: 3.417260 | lrm: 1.00 | dt: 1683.06ms | tok/s: 311,508 | mfu: 35.56 | epoch: 1 | eta: 33.0m
step 01032/02205 (46.80%) [ns2_ftrl_eta0p1] | loss: 3.411185 | lrm: 1.00 | dt: 1669.57ms | tok/s: 314,025 | mfu: 35.85 | epoch: 1 | eta: 33.0m
step 01033/02205 (46.85%) [ns2_ftrl_eta0p1] | loss: 3.412729 | lrm: 1.00 | dt: 1675.38ms | tok/s: 312,937 | mfu: 35.72 | epoch: 1 | eta: 32.9m
step 01034/02205 (46.89%) [ns2_ftrl_eta0p1] | loss: 3.409926 | lrm: 1.00 | dt: 1686.67ms | tok/s: 310,841 | mfu: 35.48 | epoch: 1 | eta: 32.9m
step 01035/02205 (46.94%) [ns2_ftrl_eta0p1] | loss: 3.407848 | lrm: 1.00 | dt: 1675.42ms | tok/s: 312,929 | mfu: 35.72 | epoch: 1 | eta: 32.9m
step 01036/02205 (46.98%) [ns2_ftrl_eta0p1] | loss: 3.412918 | lrm: 1.00 | dt: 1682.16ms | tok/s: 311,675 | mfu: 35.58 | epoch: 1 | eta: 32.9m
step 01037/02205 (47.03%) [ns2_ftrl_eta0p1] | loss: 3.423200 | lrm: 1.00 | dt: 1685.64ms | tok/s: 311,032 | mfu: 35.50 | epoch: 1 | eta: 32.8m
step 01038/02205 (47.07%) [ns2_ftrl_eta0p1] | loss: 3.428057 | lrm: 1.00 | dt: 1681.06ms | tok/s: 311,878 | mfu: 35.60 | epoch: 1 | eta: 32.8m
step 01039/02205 (47.12%) [ns2_ftrl_eta0p1] | loss: 3.437491 | lrm: 1.00 | dt: 1678.83ms | tok/s: 312,293 | mfu: 35.65 | epoch: 1 | eta: 32.8m
step 01040/02205 (47.17%) [ns2_ftrl_eta0p1] | loss: 3.437033 | lrm: 1.00 | dt: 1672.29ms | tok/s: 313,514 | mfu: 35.79 | epoch: 1 | eta: 32.7m
step 01041/02205 (47.21%) [ns2_ftrl_eta0p1] | loss: 3.432494 | lrm: 1.00 | dt: 1679.25ms | tok/s: 312,215 | mfu: 35.64 | epoch: 1 | eta: 32.7m
step 01042/02205 (47.26%) [ns2_ftrl_eta0p1] | loss: 3.428899 | lrm: 1.00 | dt: 1684.71ms | tok/s: 311,203 | mfu: 35.52 | epoch: 1 | eta: 32.7m
step 01043/02205 (47.30%) [ns2_ftrl_eta0p1] | loss: 3.428920 | lrm: 1.00 | dt: 1675.87ms | tok/s: 312,845 | mfu: 35.71 | epoch: 1 | eta: 32.7m
step 01044/02205 (47.35%) [ns2_ftrl_eta0p1] | loss: 3.422621 | lrm: 1.00 | dt: 1680.76ms | tok/s: 311,935 | mfu: 35.61 | epoch: 1 | eta: 32.6m
step 01045/02205 (47.39%) [ns2_ftrl_eta0p1] | loss: 3.419432 | lrm: 1.00 | dt: 1679.27ms | tok/s: 312,211 | mfu: 35.64 | epoch: 1 | eta: 32.6m
step 01046/02205 (47.44%) [ns2_ftrl_eta0p1] | loss: 3.414934 | lrm: 1.00 | dt: 1677.05ms | tok/s: 312,624 | mfu: 35.69 | epoch: 1 | eta: 32.6m
step 01047/02205 (47.48%) [ns2_ftrl_eta0p1] | loss: 3.414542 | lrm: 1.00 | dt: 1687.67ms | tok/s: 310,657 | mfu: 35.46 | epoch: 1 | eta: 32.5m
step 01048/02205 (47.53%) [ns2_ftrl_eta0p1] | loss: 3.419621 | lrm: 1.00 | dt: 1677.50ms | tok/s: 312,541 | mfu: 35.68 | epoch: 1 | eta: 32.5m
step 01049/02205 (47.57%) [ns2_ftrl_eta0p1] | loss: 3.414254 | lrm: 1.00 | dt: 1685.61ms | tok/s: 311,038 | mfu: 35.51 | epoch: 1 | eta: 32.5m
step 01050/02205 (47.62%) [ns2_ftrl_eta0p1] | loss: 3.417482 | lrm: 1.00 | dt: 1682.53ms | tok/s: 311,606 | mfu: 35.57 | epoch: 1 | eta: 32.5m
step 01051/02205 (47.66%) [ns2_ftrl_eta0p1] | loss: 3.413086 | lrm: 1.00 | dt: 1683.13ms | tok/s: 311,496 | mfu: 35.56 | epoch: 1 | eta: 32.4m
step 01052/02205 (47.71%) [ns2_ftrl_eta0p1] | loss: 3.419433 | lrm: 1.00 | dt: 1688.76ms | tok/s: 310,457 | mfu: 35.44 | epoch: 1 | eta: 32.4m
step 01053/02205 (47.76%) [ns2_ftrl_eta0p1] | loss: 3.417844 | lrm: 1.00 | dt: 1687.69ms | tok/s: 310,654 | mfu: 35.46 | epoch: 1 | eta: 32.4m
step 01054/02205 (47.80%) [ns2_ftrl_eta0p1] | loss: 3.418440 | lrm: 1.00 | dt: 1680.50ms | tok/s: 311,983 | mfu: 35.61 | epoch: 1 | eta: 32.3m
step 01055/02205 (47.85%) [ns2_ftrl_eta0p1] | loss: 3.426461 | lrm: 1.00 | dt: 1685.15ms | tok/s: 311,123 | mfu: 35.52 | epoch: 1 | eta: 32.3m
step 01056/02205 (47.89%) [ns2_ftrl_eta0p1] | loss: 3.423582 | lrm: 1.00 | dt: 1675.17ms | tok/s: 312,975 | mfu: 35.73 | epoch: 1 | eta: 32.3m
step 01057/02205 (47.94%) [ns2_ftrl_eta0p1] | loss: 3.425291 | lrm: 1.00 | dt: 1685.71ms | tok/s: 311,019 | mfu: 35.50 | epoch: 1 | eta: 32.3m
step 01058/02205 (47.98%) [ns2_ftrl_eta0p1] | loss: 3.416439 | lrm: 1.00 | dt: 1683.85ms | tok/s: 311,362 | mfu: 35.54 | epoch: 1 | eta: 32.2m
step 01059/02205 (48.03%) [ns2_ftrl_eta0p1] | loss: 3.403682 | lrm: 1.00 | dt: 1688.22ms | tok/s: 310,555 | mfu: 35.45 | epoch: 1 | eta: 32.2m
step 01060/02205 (48.07%) [ns2_ftrl_eta0p1] | loss: 3.391161 | lrm: 1.00 | dt: 1684.22ms | tok/s: 311,294 | mfu: 35.53 | epoch: 1 | eta: 32.2m
step 01061/02205 (48.12%) [ns2_ftrl_eta0p1] | loss: 3.395302 | lrm: 1.00 | dt: 1678.84ms | tok/s: 312,292 | mfu: 35.65 | epoch: 1 | eta: 32.2m
step 01062/02205 (48.16%) [ns2_ftrl_eta0p1] | loss: 3.396923 | lrm: 1.00 | dt: 1685.71ms | tok/s: 311,019 | mfu: 35.50 | epoch: 1 | eta: 32.1m
step 01063/02205 (48.21%) [ns2_ftrl_eta0p1] | loss: 3.398122 | lrm: 1.00 | dt: 1682.75ms | tok/s: 311,565 | mfu: 35.57 | epoch: 1 | eta: 32.1m
step 01064/02205 (48.25%) [ns2_ftrl_eta0p1] | loss: 3.397690 | lrm: 1.00 | dt: 1687.84ms | tok/s: 310,625 | mfu: 35.46 | epoch: 1 | eta: 32.1m
step 01065/02205 (48.30%) [ns2_ftrl_eta0p1] | loss: 3.385753 | lrm: 1.00 | dt: 1684.42ms | tok/s: 311,257 | mfu: 35.53 | epoch: 1 | eta: 32.0m
step 01066/02205 (48.34%) [ns2_ftrl_eta0p1] | loss: 3.389093 | lrm: 1.00 | dt: 1682.45ms | tok/s: 311,621 | mfu: 35.57 | epoch: 1 | eta: 32.0m
step 01067/02205 (48.39%) [ns2_ftrl_eta0p1] | loss: 3.386899 | lrm: 1.00 | dt: 1685.96ms | tok/s: 310,972 | mfu: 35.50 | epoch: 1 | eta: 32.0m
step 01068/02205 (48.44%) [ns2_ftrl_eta0p1] | loss: 3.392777 | lrm: 1.00 | dt: 1682.16ms | tok/s: 311,674 | mfu: 35.58 | epoch: 1 | eta: 32.0m
step 01069/02205 (48.48%) [ns2_ftrl_eta0p1] | loss: 3.386104 | lrm: 1.00 | dt: 1689.74ms | tok/s: 310,277 | mfu: 35.42 | epoch: 1 | eta: 31.9m
step 01070/02205 (48.53%) [ns2_ftrl_eta0p1] | loss: 3.390486 | lrm: 1.00 | dt: 1683.42ms | tok/s: 311,442 | mfu: 35.55 | epoch: 1 | eta: 31.9m
step 01071/02205 (48.57%) [ns2_ftrl_eta0p1] | loss: 3.403576 | lrm: 1.00 | dt: 1684.41ms | tok/s: 311,259 | mfu: 35.53 | epoch: 1 | eta: 31.9m
step 01072/02205 (48.62%) [ns2_ftrl_eta0p1] | loss: 3.389606 | lrm: 1.00 | dt: 1686.39ms | tok/s: 310,894 | mfu: 35.49 | epoch: 1 | eta: 31.8m
step 01073/02205 (48.66%) [ns2_ftrl_eta0p1] | loss: 3.393486 | lrm: 1.00 | dt: 1687.38ms | tok/s: 310,712 | mfu: 35.47 | epoch: 1 | eta: 31.8m
step 01074/02205 (48.71%) [ns2_ftrl_eta0p1] | loss: 3.396113 | lrm: 1.00 | dt: 1678.59ms | tok/s: 312,338 | mfu: 35.65 | epoch: 1 | eta: 31.8m
step 01075/02205 (48.75%) [ns2_ftrl_eta0p1] | loss: 3.392793 | lrm: 1.00 | dt: 1686.87ms | tok/s: 310,804 | mfu: 35.48 | epoch: 1 | eta: 31.8m
step 01076/02205 (48.80%) [ns2_ftrl_eta0p1] | loss: 3.397183 | lrm: 1.00 | dt: 1686.21ms | tok/s: 310,926 | mfu: 35.49 | epoch: 1 | eta: 31.7m
step 01077/02205 (48.84%) [ns2_ftrl_eta0p1] | loss: 3.404920 | lrm: 1.00 | dt: 1685.90ms | tok/s: 310,983 | mfu: 35.50 | epoch: 1 | eta: 31.7m
step 01078/02205 (48.89%) [ns2_ftrl_eta0p1] | loss: 3.401118 | lrm: 1.00 | dt: 1687.52ms | tok/s: 310,685 | mfu: 35.47 | epoch: 1 | eta: 31.7m
step 01079/02205 (48.93%) [ns2_ftrl_eta0p1] | loss: 3.396317 | lrm: 1.00 | dt: 1689.73ms | tok/s: 310,279 | mfu: 35.42 | epoch: 1 | eta: 31.6m
step 01080/02205 (48.98%) [ns2_ftrl_eta0p1] | loss: 3.395988 | lrm: 1.00 | dt: 1682.41ms | tok/s: 311,629 | mfu: 35.57 | epoch: 1 | eta: 31.6m
step 01081/02205 (49.02%) [ns2_ftrl_eta0p1] | loss: 3.396156 | lrm: 1.00 | dt: 1679.35ms | tok/s: 312,196 | mfu: 35.64 | epoch: 1 | eta: 31.6m
step 01082/02205 (49.07%) [ns2_ftrl_eta0p1] | loss: 3.395315 | lrm: 1.00 | dt: 1683.60ms | tok/s: 311,409 | mfu: 35.55 | epoch: 1 | eta: 31.6m
step 01083/02205 (49.12%) [ns2_ftrl_eta0p1] | loss: 3.391242 | lrm: 1.00 | dt: 1677.19ms | tok/s: 312,599 | mfu: 35.68 | epoch: 1 | eta: 31.5m
step 01084/02205 (49.16%) [ns2_ftrl_eta0p1] | loss: 3.385900 | lrm: 1.00 | dt: 1680.53ms | tok/s: 311,977 | mfu: 35.61 | epoch: 1 | eta: 31.5m
step 01085/02205 (49.21%) [ns2_ftrl_eta0p1] | loss: 3.386045 | lrm: 1.00 | dt: 1686.32ms | tok/s: 310,906 | mfu: 35.49 | epoch: 1 | eta: 31.5m
step 01086/02205 (49.25%) [ns2_ftrl_eta0p1] | loss: 3.392650 | lrm: 1.00 | dt: 1685.53ms | tok/s: 311,053 | mfu: 35.51 | epoch: 1 | eta: 31.4m
step 01087/02205 (49.30%) [ns2_ftrl_eta0p1] | loss: 3.388478 | lrm: 1.00 | dt: 1679.02ms | tok/s: 312,258 | mfu: 35.64 | epoch: 1 | eta: 31.4m
step 01088/02205 (49.34%) [ns2_ftrl_eta0p1] | loss: 3.392719 | lrm: 1.00 | dt: 1685.35ms | tok/s: 311,086 | mfu: 35.51 | epoch: 1 | eta: 31.4m
step 01089/02205 (49.39%) [ns2_ftrl_eta0p1] | loss: 3.389309 | lrm: 1.00 | dt: 1676.67ms | tok/s: 312,696 | mfu: 35.69 | epoch: 1 | eta: 31.4m
step 01090/02205 (49.43%) [ns2_ftrl_eta0p1] | loss: 3.388608 | lrm: 1.00 | dt: 1685.81ms | tok/s: 311,000 | mfu: 35.50 | epoch: 1 | eta: 31.3m
step 01091/02205 (49.48%) [ns2_ftrl_eta0p1] | loss: 3.393788 | lrm: 1.00 | dt: 1678.84ms | tok/s: 312,290 | mfu: 35.65 | epoch: 1 | eta: 31.3m
step 01092/02205 (49.52%) [ns2_ftrl_eta0p1] | loss: 3.388967 | lrm: 1.00 | dt: 1678.78ms | tok/s: 312,302 | mfu: 35.65 | epoch: 1 | eta: 31.3m
step 01093/02205 (49.57%) [ns2_ftrl_eta0p1] | loss: 3.390449 | lrm: 1.00 | dt: 1676.83ms | tok/s: 312,666 | mfu: 35.69 | epoch: 1 | eta: 31.2m
step 01094/02205 (49.61%) [ns2_ftrl_eta0p1] | loss: 3.390964 | lrm: 1.00 | dt: 1677.92ms | tok/s: 312,463 | mfu: 35.67 | epoch: 1 | eta: 31.2m
step 01095/02205 (49.66%) [ns2_ftrl_eta0p1] | loss: 3.398738 | lrm: 1.00 | dt: 1684.92ms | tok/s: 311,164 | mfu: 35.52 | epoch: 1 | eta: 31.2m
step 01096/02205 (49.71%) [ns2_ftrl_eta0p1] | loss: 3.401892 | lrm: 1.00 | dt: 1682.13ms | tok/s: 311,681 | mfu: 35.58 | epoch: 1 | eta: 31.2m
step 01097/02205 (49.75%) [ns2_ftrl_eta0p1] | loss: 3.397880 | lrm: 1.00 | dt: 1683.52ms | tok/s: 311,422 | mfu: 35.55 | epoch: 1 | eta: 31.1m
step 01098/02205 (49.80%) [ns2_ftrl_eta0p1] | loss: 3.393962 | lrm: 1.00 | dt: 1683.79ms | tok/s: 311,373 | mfu: 35.54 | epoch: 1 | eta: 31.1m
step 01099/02205 (49.84%) [ns2_ftrl_eta0p1] | loss: 3.398574 | lrm: 1.00 | dt: 1688.40ms | tok/s: 310,523 | mfu: 35.45 | epoch: 1 | eta: 31.1m
step 01100/02205 (49.89%) [ns2_ftrl_eta0p1] | loss: 3.396639 | lrm: 1.00 | dt: 1690.02ms | tok/s: 310,226 | mfu: 35.41 | epoch: 1 | eta: 31.1m
step 01101/02205 (49.93%) [ns2_ftrl_eta0p1] | loss: 3.401932 | lrm: 1.00 | dt: 1684.88ms | tok/s: 311,173 | mfu: 35.52 | epoch: 1 | eta: 31.0m
step 01102/02205 (49.98%) [ns2_ftrl_eta0p1] | loss: 3.383417 | lrm: 1.00 | dt: 1688.59ms | tok/s: 310,487 | mfu: 35.44 | epoch: 1 | eta: 31.0m
step 01103/02205 (50.02%) [ns2_ftrl_eta0p1] | loss: 3.380341 | lrm: 1.00 | dt: 1691.39ms | tok/s: 309,974 | mfu: 35.38 | epoch: 1 | eta: 31.0m
step 01104/02205 (50.07%) [ns2_ftrl_eta0p1] | loss: 3.383525 | lrm: 1.00 | dt: 1686.21ms | tok/s: 310,926 | mfu: 35.49 | epoch: 1 | eta: 30.9m
step 01105/02205 (50.11%) [ns2_ftrl_eta0p1] | loss: 3.379830 | lrm: 1.00 | dt: 1681.25ms | tok/s: 311,843 | mfu: 35.60 | epoch: 1 | eta: 30.9m
step 01106/02205 (50.16%) [ns2_ftrl_eta0p1] | loss: 3.369717 | lrm: 1.00 | dt: 1685.01ms | tok/s: 311,147 | mfu: 35.52 | epoch: 1 | eta: 30.9m
step 01107/02205 (50.20%) [ns2_ftrl_eta0p1] | loss: 3.385629 | lrm: 1.00 | dt: 1684.49ms | tok/s: 311,244 | mfu: 35.53 | epoch: 1 | eta: 30.9m
step 01108/02205 (50.25%) [ns2_ftrl_eta0p1] | loss: 3.390739 | lrm: 1.00 | dt: 1684.79ms | tok/s: 311,188 | mfu: 35.52 | epoch: 1 | eta: 30.8m
step 01109/02205 (50.29%) [ns2_ftrl_eta0p1] | loss: 3.397642 | lrm: 0.99 | dt: 1683.25ms | tok/s: 311,473 | mfu: 35.56 | epoch: 1 | eta: 30.8m
step 01110/02205 (50.34%) [ns2_ftrl_eta0p1] | loss: 3.389163 | lrm: 0.99 | dt: 1688.99ms | tok/s: 310,414 | mfu: 35.43 | epoch: 1 | eta: 30.8m
step 01111/02205 (50.39%) [ns2_ftrl_eta0p1] | loss: 3.389609 | lrm: 0.99 | dt: 1689.69ms | tok/s: 310,285 | mfu: 35.42 | epoch: 1 | eta: 30.7m
step 01112/02205 (50.43%) [ns2_ftrl_eta0p1] | loss: 3.394101 | lrm: 0.99 | dt: 1689.53ms | tok/s: 310,315 | mfu: 35.42 | epoch: 1 | eta: 30.7m
step 01113/02205 (50.48%) [ns2_ftrl_eta0p1] | loss: 3.392929 | lrm: 0.99 | dt: 1681.40ms | tok/s: 311,815 | mfu: 35.59 | epoch: 1 | eta: 30.7m
step 01114/02205 (50.52%) [ns2_ftrl_eta0p1] | loss: 3.400126 | lrm: 0.99 | dt: 1689.48ms | tok/s: 310,325 | mfu: 35.42 | epoch: 1 | eta: 30.7m
step 01115/02205 (50.57%) [ns2_ftrl_eta0p1] | loss: 3.399974 | lrm: 0.99 | dt: 1690.14ms | tok/s: 310,204 | mfu: 35.41 | epoch: 1 | eta: 30.6m
step 01116/02205 (50.61%) [ns2_ftrl_eta0p1] | loss: 3.405075 | lrm: 0.99 | dt: 1685.80ms | tok/s: 311,003 | mfu: 35.50 | epoch: 1 | eta: 30.6m
step 01117/02205 (50.66%) [ns2_ftrl_eta0p1] | loss: 3.401296 | lrm: 0.99 | dt: 1688.10ms | tok/s: 310,578 | mfu: 35.45 | epoch: 1 | eta: 30.6m
step 01118/02205 (50.70%) [ns2_ftrl_eta0p1] | loss: 3.389201 | lrm: 0.99 | dt: 1694.25ms | tok/s: 309,451 | mfu: 35.32 | epoch: 1 | eta: 30.5m
step 01119/02205 (50.75%) [ns2_ftrl_eta0p1] | loss: 3.392152 | lrm: 0.99 | dt: 1690.42ms | tok/s: 310,152 | mfu: 35.40 | epoch: 1 | eta: 30.5m
step 01120/02205 (50.79%) [ns2_ftrl_eta0p1] | loss: 3.390966 | lrm: 0.98 | dt: 1691.75ms | tok/s: 309,908 | mfu: 35.38 | epoch: 1 | eta: 30.5m
step 01121/02205 (50.84%) [ns2_ftrl_eta0p1] | loss: 3.399724 | lrm: 0.98 | dt: 1691.39ms | tok/s: 309,974 | mfu: 35.38 | epoch: 1 | eta: 30.5m
step 01122/02205 (50.88%) [ns2_ftrl_eta0p1] | loss: 3.404479 | lrm: 0.98 | dt: 1686.20ms | tok/s: 310,927 | mfu: 35.49 | epoch: 1 | eta: 30.4m
step 01123/02205 (50.93%) [ns2_ftrl_eta0p1] | loss: 3.402403 | lrm: 0.98 | dt: 1689.29ms | tok/s: 310,360 | mfu: 35.43 | epoch: 1 | eta: 30.4m
step 01124/02205 (50.98%) [ns2_ftrl_eta0p1] | loss: 3.395265 | lrm: 0.98 | dt: 1692.86ms | tok/s: 309,704 | mfu: 35.35 | epoch: 1 | eta: 30.4m
step 01125/02205 (51.02%) [ns2_ftrl_eta0p1] | loss: 3.393102 | lrm: 0.98 | dt: 1690.02ms | tok/s: 310,225 | mfu: 35.41 | epoch: 1 | eta: 30.4m
step 01126/02205 (51.07%) [ns2_ftrl_eta0p1] | loss: 3.392022 | lrm: 0.98 | dt: 1686.98ms | tok/s: 310,784 | mfu: 35.48 | epoch: 1 | eta: 30.3m
step 01127/02205 (51.11%) [ns2_ftrl_eta0p1] | loss: 3.393808 | lrm: 0.98 | dt: 1688.65ms | tok/s: 310,478 | mfu: 35.44 | epoch: 1 | eta: 30.3m
step 01128/02205 (51.16%) [ns2_ftrl_eta0p1] | loss: 3.392355 | lrm: 0.98 | dt: 1693.06ms | tok/s: 309,668 | mfu: 35.35 | epoch: 1 | eta: 30.3m
step 01129/02205 (51.20%) [ns2_ftrl_eta0p1] | loss: 3.390569 | lrm: 0.98 | dt: 1693.12ms | tok/s: 309,658 | mfu: 35.35 | epoch: 1 | eta: 30.2m
step 01130/02205 (51.25%) [ns2_ftrl_eta0p1] | loss: 3.388444 | lrm: 0.98 | dt: 1688.48ms | tok/s: 310,508 | mfu: 35.44 | epoch: 1 | eta: 30.2m
step 01131/02205 (51.29%) [ns2_ftrl_eta0p1] | loss: 3.392115 | lrm: 0.97 | dt: 1694.73ms | tok/s: 309,362 | mfu: 35.31 | epoch: 1 | eta: 30.2m
step 01132/02205 (51.34%) [ns2_ftrl_eta0p1] | loss: 3.393823 | lrm: 0.97 | dt: 1690.75ms | tok/s: 310,092 | mfu: 35.40 | epoch: 1 | eta: 30.2m
step 01133/02205 (51.38%) [ns2_ftrl_eta0p1] | loss: 3.406166 | lrm: 0.97 | dt: 1683.85ms | tok/s: 311,362 | mfu: 35.54 | epoch: 1 | eta: 30.1m
step 01134/02205 (51.43%) [ns2_ftrl_eta0p1] | loss: 3.403861 | lrm: 0.97 | dt: 1693.10ms | tok/s: 309,660 | mfu: 35.35 | epoch: 1 | eta: 30.1m
step 01135/02205 (51.47%) [ns2_ftrl_eta0p1] | loss: 3.388642 | lrm: 0.97 | dt: 1686.40ms | tok/s: 310,892 | mfu: 35.49 | epoch: 1 | eta: 30.1m
step 01136/02205 (51.52%) [ns2_ftrl_eta0p1] | loss: 3.386084 | lrm: 0.97 | dt: 1689.38ms | tok/s: 310,343 | mfu: 35.43 | epoch: 1 | eta: 30.0m
step 01137/02205 (51.56%) [ns2_ftrl_eta0p1] | loss: 3.380620 | lrm: 0.97 | dt: 1690.43ms | tok/s: 310,150 | mfu: 35.40 | epoch: 1 | eta: 30.0m
step 01138/02205 (51.61%) [ns2_ftrl_eta0p1] | loss: 3.378512 | lrm: 0.97 | dt: 1692.45ms | tok/s: 309,781 | mfu: 35.36 | epoch: 1 | eta: 30.0m
step 01139/02205 (51.66%) [ns2_ftrl_eta0p1] | loss: 3.383556 | lrm: 0.97 | dt: 1692.26ms | tok/s: 309,815 | mfu: 35.37 | epoch: 1 | eta: 30.0m
step 01140/02205 (51.70%) [ns2_ftrl_eta0p1] | loss: 3.381410 | lrm: 0.97 | dt: 1691.84ms | tok/s: 309,891 | mfu: 35.37 | epoch: 1 | eta: 29.9m
step 01141/02205 (51.75%) [ns2_ftrl_eta0p1] | loss: 3.382138 | lrm: 0.97 | dt: 1692.32ms | tok/s: 309,803 | mfu: 35.36 | epoch: 1 | eta: 29.9m
step 01142/02205 (51.79%) [ns2_ftrl_eta0p1] | loss: 3.380071 | lrm: 0.96 | dt: 1692.80ms | tok/s: 309,716 | mfu: 35.35 | epoch: 1 | eta: 29.9m
step 01143/02205 (51.84%) [ns2_ftrl_eta0p1] | loss: 3.384664 | lrm: 0.96 | dt: 1693.56ms | tok/s: 309,577 | mfu: 35.34 | epoch: 1 | eta: 29.8m
step 01144/02205 (51.88%) [ns2_ftrl_eta0p1] | loss: 3.379626 | lrm: 0.96 | dt: 1689.84ms | tok/s: 310,259 | mfu: 35.42 | epoch: 1 | eta: 29.8m
step 01145/02205 (51.93%) [ns2_ftrl_eta0p1] | loss: 3.390192 | lrm: 0.96 | dt: 1679.82ms | tok/s: 312,108 | mfu: 35.63 | epoch: 1 | eta: 29.8m
step 01146/02205 (51.97%) [ns2_ftrl_eta0p1] | loss: 3.390625 | lrm: 0.96 | dt: 1686.47ms | tok/s: 310,878 | mfu: 35.49 | epoch: 1 | eta: 29.8m
step 01147/02205 (52.02%) [ns2_ftrl_eta0p1] | loss: 3.392152 | lrm: 0.96 | dt: 1679.61ms | tok/s: 312,148 | mfu: 35.63 | epoch: 1 | eta: 29.7m
step 01148/02205 (52.06%) [ns2_ftrl_eta0p1] | loss: 3.393811 | lrm: 0.96 | dt: 1685.80ms | tok/s: 311,002 | mfu: 35.50 | epoch: 1 | eta: 29.7m
step 01149/02205 (52.11%) [ns2_ftrl_eta0p1] | loss: 3.383446 | lrm: 0.96 | dt: 1684.39ms | tok/s: 311,263 | mfu: 35.53 | epoch: 1 | eta: 29.7m
step 01150/02205 (52.15%) [ns2_ftrl_eta0p1] | loss: 3.379564 | lrm: 0.96 | dt: 1685.30ms | tok/s: 311,095 | mfu: 35.51 | epoch: 1 | eta: 29.6m
step 01151/02205 (52.20%) [ns2_ftrl_eta0p1] | loss: 3.372812 | lrm: 0.96 | dt: 1681.28ms | tok/s: 311,838 | mfu: 35.60 | epoch: 1 | eta: 29.6m
step 01152/02205 (52.24%) [ns2_ftrl_eta0p1] | loss: 3.366724 | lrm: 0.96 | dt: 1685.56ms | tok/s: 311,046 | mfu: 35.51 | epoch: 1 | eta: 29.6m
step 01153/02205 (52.29%) [ns2_ftrl_eta0p1] | loss: 3.356156 | lrm: 0.95 | dt: 1686.29ms | tok/s: 310,911 | mfu: 35.49 | epoch: 1 | eta: 29.6m
step 01154/02205 (52.34%) [ns2_ftrl_eta0p1] | loss: 3.361557 | lrm: 0.95 | dt: 1680.94ms | tok/s: 311,901 | mfu: 35.60 | epoch: 1 | eta: 29.5m
step 01155/02205 (52.38%) [ns2_ftrl_eta0p1] | loss: 3.367307 | lrm: 0.95 | dt: 1689.25ms | tok/s: 310,366 | mfu: 35.43 | epoch: 1 | eta: 29.5m
step 01156/02205 (52.43%) [ns2_ftrl_eta0p1] | loss: 3.369643 | lrm: 0.95 | dt: 1688.28ms | tok/s: 310,545 | mfu: 35.45 | epoch: 1 | eta: 29.5m
step 01157/02205 (52.47%) [ns2_ftrl_eta0p1] | loss: 3.374349 | lrm: 0.95 | dt: 1687.74ms | tok/s: 310,644 | mfu: 35.46 | epoch: 1 | eta: 29.5m
step 01158/02205 (52.52%) [ns2_ftrl_eta0p1] | loss: 3.380156 | lrm: 0.95 | dt: 1680.09ms | tok/s: 312,059 | mfu: 35.62 | epoch: 1 | eta: 29.4m
step 01159/02205 (52.56%) [ns2_ftrl_eta0p1] | loss: 3.378717 | lrm: 0.95 | dt: 1683.36ms | tok/s: 311,452 | mfu: 35.55 | epoch: 1 | eta: 29.4m
step 01160/02205 (52.61%) [ns2_ftrl_eta0p1] | loss: 3.378838 | lrm: 0.95 | dt: 1678.73ms | tok/s: 312,312 | mfu: 35.65 | epoch: 1 | eta: 29.4m
step 01161/02205 (52.65%) [ns2_ftrl_eta0p1] | loss: 3.372382 | lrm: 0.95 | dt: 1685.45ms | tok/s: 311,066 | mfu: 35.51 | epoch: 1 | eta: 29.3m
step 01162/02205 (52.70%) [ns2_ftrl_eta0p1] | loss: 3.366450 | lrm: 0.95 | dt: 1686.36ms | tok/s: 310,899 | mfu: 35.49 | epoch: 1 | eta: 29.3m
step 01163/02205 (52.74%) [ns2_ftrl_eta0p1] | loss: 3.359666 | lrm: 0.95 | dt: 1681.42ms | tok/s: 311,812 | mfu: 35.59 | epoch: 1 | eta: 29.3m
step 01164/02205 (52.79%) [ns2_ftrl_eta0p1] | loss: 3.352746 | lrm: 0.94 | dt: 1676.63ms | tok/s: 312,703 | mfu: 35.70 | epoch: 1 | eta: 29.3m
step 01165/02205 (52.83%) [ns2_ftrl_eta0p1] | loss: 3.344183 | lrm: 0.94 | dt: 1684.98ms | tok/s: 311,153 | mfu: 35.52 | epoch: 1 | eta: 29.2m
step 01166/02205 (52.88%) [ns2_ftrl_eta0p1] | loss: 3.347508 | lrm: 0.94 | dt: 1678.25ms | tok/s: 312,401 | mfu: 35.66 | epoch: 1 | eta: 29.2m
step 01167/02205 (52.93%) [ns2_ftrl_eta0p1] | loss: 3.350249 | lrm: 0.94 | dt: 1687.35ms | tok/s: 310,717 | mfu: 35.47 | epoch: 1 | eta: 29.2m
step 01168/02205 (52.97%) [ns2_ftrl_eta0p1] | loss: 3.359218 | lrm: 0.94 | dt: 1674.10ms | tok/s: 313,175 | mfu: 35.75 | epoch: 1 | eta: 29.1m
step 01169/02205 (53.02%) [ns2_ftrl_eta0p1] | loss: 3.360785 | lrm: 0.94 | dt: 1670.60ms | tok/s: 313,832 | mfu: 35.82 | epoch: 1 | eta: 29.1m
step 01170/02205 (53.06%) [ns2_ftrl_eta0p1] | loss: 3.355927 | lrm: 0.94 | dt: 1679.53ms | tok/s: 312,164 | mfu: 35.63 | epoch: 1 | eta: 29.1m
step 01171/02205 (53.11%) [ns2_ftrl_eta0p1] | loss: 3.351746 | lrm: 0.94 | dt: 1686.55ms | tok/s: 310,864 | mfu: 35.49 | epoch: 1 | eta: 29.1m
step 01172/02205 (53.15%) [ns2_ftrl_eta0p1] | loss: 3.358187 | lrm: 0.94 | dt: 1670.73ms | tok/s: 313,807 | mfu: 35.82 | epoch: 1 | eta: 29.0m
step 01173/02205 (53.20%) [ns2_ftrl_eta0p1] | loss: 3.365578 | lrm: 0.94 | dt: 1684.93ms | tok/s: 311,163 | mfu: 35.52 | epoch: 1 | eta: 29.0m
step 01174/02205 (53.24%) [ns2_ftrl_eta0p1] | loss: 3.371553 | lrm: 0.94 | dt: 1674.59ms | tok/s: 313,083 | mfu: 35.74 | epoch: 1 | eta: 29.0m
step 01175/02205 (53.29%) [ns2_ftrl_eta0p1] | loss: 3.382278 | lrm: 0.93 | dt: 1676.41ms | tok/s: 312,743 | mfu: 35.70 | epoch: 1 | eta: 28.9m
step 01176/02205 (53.33%) [ns2_ftrl_eta0p1] | loss: 3.389472 | lrm: 0.93 | dt: 1684.44ms | tok/s: 311,254 | mfu: 35.53 | epoch: 1 | eta: 28.9m
step 01177/02205 (53.38%) [ns2_ftrl_eta0p1] | loss: 3.386395 | lrm: 0.93 | dt: 1673.94ms | tok/s: 313,206 | mfu: 35.75 | epoch: 1 | eta: 28.9m
step 01178/02205 (53.42%) [ns2_ftrl_eta0p1] | loss: 3.388702 | lrm: 0.93 | dt: 1676.76ms | tok/s: 312,679 | mfu: 35.69 | epoch: 1 | eta: 28.9m
step 01179/02205 (53.47%) [ns2_ftrl_eta0p1] | loss: 3.384769 | lrm: 0.93 | dt: 1678.72ms | tok/s: 312,314 | mfu: 35.65 | epoch: 1 | eta: 28.8m
step 01180/02205 (53.51%) [ns2_ftrl_eta0p1] | loss: 3.373840 | lrm: 0.93 | dt: 1669.40ms | tok/s: 314,056 | mfu: 35.85 | epoch: 1 | eta: 28.8m
step 01181/02205 (53.56%) [ns2_ftrl_eta0p1] | loss: 3.375681 | lrm: 0.93 | dt: 1682.82ms | tok/s: 311,553 | mfu: 35.56 | epoch: 1 | eta: 28.8m
step 01182/02205 (53.61%) [ns2_ftrl_eta0p1] | loss: 3.377886 | lrm: 0.93 | dt: 1671.80ms | tok/s: 313,606 | mfu: 35.80 | epoch: 1 | eta: 28.7m
step 01183/02205 (53.65%) [ns2_ftrl_eta0p1] | loss: 3.381554 | lrm: 0.93 | dt: 1674.24ms | tok/s: 313,149 | mfu: 35.75 | epoch: 1 | eta: 28.7m
step 01184/02205 (53.70%) [ns2_ftrl_eta0p1] | loss: 3.381589 | lrm: 0.93 | dt: 1677.47ms | tok/s: 312,547 | mfu: 35.68 | epoch: 1 | eta: 28.7m
step 01185/02205 (53.74%) [ns2_ftrl_eta0p1] | loss: 3.390939 | lrm: 0.93 | dt: 1680.99ms | tok/s: 311,892 | mfu: 35.60 | epoch: 1 | eta: 28.7m
step 01186/02205 (53.79%) [ns2_ftrl_eta0p1] | loss: 3.386502 | lrm: 0.92 | dt: 1669.15ms | tok/s: 314,104 | mfu: 35.86 | epoch: 1 | eta: 28.6m
step 01187/02205 (53.83%) [ns2_ftrl_eta0p1] | loss: 3.379474 | lrm: 0.92 | dt: 1682.37ms | tok/s: 311,636 | mfu: 35.57 | epoch: 1 | eta: 28.6m
step 01188/02205 (53.88%) [ns2_ftrl_eta0p1] | loss: 3.382809 | lrm: 0.92 | dt: 1678.87ms | tok/s: 312,285 | mfu: 35.65 | epoch: 1 | eta: 28.6m
step 01189/02205 (53.92%) [ns2_ftrl_eta0p1] | loss: 3.379787 | lrm: 0.92 | dt: 1678.98ms | tok/s: 312,266 | mfu: 35.65 | epoch: 1 | eta: 28.5m
step 01190/02205 (53.97%) [ns2_ftrl_eta0p1] | loss: 3.372888 | lrm: 0.92 | dt: 1671.20ms | tok/s: 313,720 | mfu: 35.81 | epoch: 1 | eta: 28.5m
step 01191/02205 (54.01%) [ns2_ftrl_eta0p1] | loss: 3.380324 | lrm: 0.92 | dt: 1684.92ms | tok/s: 311,165 | mfu: 35.52 | epoch: 1 | eta: 28.5m
step 01192/02205 (54.06%) [ns2_ftrl_eta0p1] | loss: 3.382093 | lrm: 0.92 | dt: 1676.17ms | tok/s: 312,789 | mfu: 35.71 | epoch: 1 | eta: 28.5m
step 01193/02205 (54.10%) [ns2_ftrl_eta0p1] | loss: 3.376001 | lrm: 0.92 | dt: 1682.77ms | tok/s: 311,563 | mfu: 35.57 | epoch: 1 | eta: 28.4m
step 01194/02205 (54.15%) [ns2_ftrl_eta0p1] | loss: 3.374584 | lrm: 0.92 | dt: 1673.54ms | tok/s: 313,280 | mfu: 35.76 | epoch: 1 | eta: 28.4m
step 01195/02205 (54.20%) [ns2_ftrl_eta0p1] | loss: 3.378583 | lrm: 0.92 | dt: 1673.49ms | tok/s: 313,290 | mfu: 35.76 | epoch: 1 | eta: 28.4m
step 01196/02205 (54.24%) [ns2_ftrl_eta0p1] | loss: 3.375800 | lrm: 0.92 | dt: 1675.14ms | tok/s: 312,982 | mfu: 35.73 | epoch: 1 | eta: 28.4m
step 01197/02205 (54.29%) [ns2_ftrl_eta0p1] | loss: 3.373259 | lrm: 0.91 | dt: 1683.38ms | tok/s: 311,450 | mfu: 35.55 | epoch: 1 | eta: 28.3m
step 01198/02205 (54.33%) [ns2_ftrl_eta0p1] | loss: 3.380370 | lrm: 0.91 | dt: 1682.07ms | tok/s: 311,691 | mfu: 35.58 | epoch: 1 | eta: 28.3m
step 01199/02205 (54.38%) [ns2_ftrl_eta0p1] | loss: 3.376238 | lrm: 0.91 | dt: 1672.70ms | tok/s: 313,437 | mfu: 35.78 | epoch: 1 | eta: 28.3m
step 01200/02205 (54.42%) [ns2_ftrl_eta0p1] | loss: 3.368008 | lrm: 0.91 | dt: 1677.49ms | tok/s: 312,542 | mfu: 35.68 | epoch: 1 | eta: 28.2m
step 01201/02205 (54.47%) [ns2_ftrl_eta0p1] | loss: 3.366260 | lrm: 0.91 | dt: 1681.82ms | tok/s: 311,738 | mfu: 35.59 | epoch: 1 | eta: 28.2m
step 01202/02205 (54.51%) [ns2_ftrl_eta0p1] | loss: 3.361387 | lrm: 0.91 | dt: 1676.03ms | tok/s: 312,816 | mfu: 35.71 | epoch: 1 | eta: 28.2m
step 01203/02205 (54.56%) [ns2_ftrl_eta0p1] | loss: 3.364808 | lrm: 0.91 | dt: 1675.70ms | tok/s: 312,877 | mfu: 35.72 | epoch: 1 | eta: 28.2m
step 01204/02205 (54.60%) [ns2_ftrl_eta0p1] | loss: 3.356854 | lrm: 0.91 | dt: 1675.84ms | tok/s: 312,851 | mfu: 35.71 | epoch: 1 | eta: 28.1m
step 01205/02205 (54.65%) [ns2_ftrl_eta0p1] | loss: 3.363812 | lrm: 0.91 | dt: 1681.09ms | tok/s: 311,873 | mfu: 35.60 | epoch: 1 | eta: 28.1m
step 01206/02205 (54.69%) [ns2_ftrl_eta0p1] | loss: 3.366419 | lrm: 0.91 | dt: 1680.80ms | tok/s: 311,927 | mfu: 35.61 | epoch: 1 | eta: 28.1m
step 01207/02205 (54.74%) [ns2_ftrl_eta0p1] | loss: 3.369848 | lrm: 0.91 | dt: 1678.53ms | tok/s: 312,350 | mfu: 35.66 | epoch: 1 | eta: 28.0m
step 01208/02205 (54.78%) [ns2_ftrl_eta0p1] | loss: 3.367164 | lrm: 0.90 | dt: 1690.57ms | tok/s: 310,124 | mfu: 35.40 | epoch: 1 | eta: 28.0m
step 01209/02205 (54.83%) [ns2_ftrl_eta0p1] | loss: 3.373946 | lrm: 0.90 | dt: 1685.98ms | tok/s: 310,970 | mfu: 35.50 | epoch: 1 | eta: 28.0m
step 01210/02205 (54.88%) [ns2_ftrl_eta0p1] | loss: 3.380651 | lrm: 0.90 | dt: 1687.41ms | tok/s: 310,706 | mfu: 35.47 | epoch: 1 | eta: 28.0m
step 01211/02205 (54.92%) [ns2_ftrl_eta0p1] | loss: 3.385266 | lrm: 0.90 | dt: 1681.26ms | tok/s: 311,841 | mfu: 35.60 | epoch: 1 | eta: 27.9m
step 01212/02205 (54.97%) [ns2_ftrl_eta0p1] | loss: 3.386089 | lrm: 0.90 | dt: 1686.56ms | tok/s: 310,861 | mfu: 35.49 | epoch: 1 | eta: 27.9m
step 01213/02205 (55.01%) [ns2_ftrl_eta0p1] | loss: 3.375990 | lrm: 0.90 | dt: 1680.06ms | tok/s: 312,065 | mfu: 35.62 | epoch: 1 | eta: 27.9m
step 01214/02205 (55.06%) [ns2_ftrl_eta0p1] | loss: 3.370592 | lrm: 0.90 | dt: 1686.51ms | tok/s: 310,871 | mfu: 35.49 | epoch: 1 | eta: 27.8m
step 01215/02205 (55.10%) [ns2_ftrl_eta0p1] | loss: 3.368325 | lrm: 0.90 | dt: 1684.83ms | tok/s: 311,182 | mfu: 35.52 | epoch: 1 | eta: 27.8m
step 01216/02205 (55.15%) [ns2_ftrl_eta0p1] | loss: 3.365225 | lrm: 0.90 | dt: 1686.30ms | tok/s: 310,909 | mfu: 35.49 | epoch: 1 | eta: 27.8m
step 01217/02205 (55.19%) [ns2_ftrl_eta0p1] | loss: 3.360409 | lrm: 0.90 | dt: 1686.49ms | tok/s: 310,874 | mfu: 35.49 | epoch: 1 | eta: 27.8m
step 01218/02205 (55.24%) [ns2_ftrl_eta0p1] | loss: 3.362236 | lrm: 0.90 | dt: 1679.65ms | tok/s: 312,141 | mfu: 35.63 | epoch: 1 | eta: 27.7m
step 01219/02205 (55.28%) [ns2_ftrl_eta0p1] | loss: 3.356147 | lrm: 0.89 | dt: 1684.73ms | tok/s: 311,199 | mfu: 35.52 | epoch: 1 | eta: 27.7m
step 01220/02205 (55.33%) [ns2_ftrl_eta0p1] | loss: 3.364676 | lrm: 0.89 | dt: 1686.88ms | tok/s: 310,802 | mfu: 35.48 | epoch: 1 | eta: 27.7m
step 01221/02205 (55.37%) [ns2_ftrl_eta0p1] | loss: 3.372118 | lrm: 0.89 | dt: 1681.59ms | tok/s: 311,781 | mfu: 35.59 | epoch: 1 | eta: 27.6m
step 01222/02205 (55.42%) [ns2_ftrl_eta0p1] | loss: 3.367365 | lrm: 0.89 | dt: 1686.52ms | tok/s: 310,869 | mfu: 35.49 | epoch: 1 | eta: 27.6m
step 01223/02205 (55.46%) [ns2_ftrl_eta0p1] | loss: 3.360332 | lrm: 0.89 | dt: 1689.70ms | tok/s: 310,284 | mfu: 35.42 | epoch: 1 | eta: 27.6m
step 01224/02205 (55.51%) [ns2_ftrl_eta0p1] | loss: 3.356362 | lrm: 0.89 | dt: 1681.53ms | tok/s: 311,792 | mfu: 35.59 | epoch: 1 | eta: 27.6m
step 01225/02205 (55.56%) [ns2_ftrl_eta0p1] | loss: 3.357945 | lrm: 0.89 | dt: 1685.67ms | tok/s: 311,025 | mfu: 35.50 | epoch: 1 | eta: 27.5m
step 01226/02205 (55.60%) [ns2_ftrl_eta0p1] | loss: 3.362521 | lrm: 0.89 | dt: 1689.47ms | tok/s: 310,326 | mfu: 35.42 | epoch: 1 | eta: 27.5m
step 01227/02205 (55.65%) [ns2_ftrl_eta0p1] | loss: 3.359864 | lrm: 0.89 | dt: 1690.84ms | tok/s: 310,076 | mfu: 35.40 | epoch: 1 | eta: 27.5m
step 01228/02205 (55.69%) [ns2_ftrl_eta0p1] | loss: 3.346344 | lrm: 0.89 | dt: 1690.11ms | tok/s: 310,209 | mfu: 35.41 | epoch: 1 | eta: 27.5m
step 01229/02205 (55.74%) [ns2_ftrl_eta0p1] | loss: 3.345696 | lrm: 0.89 | dt: 1687.39ms | tok/s: 310,709 | mfu: 35.47 | epoch: 1 | eta: 27.4m
step 01230/02205 (55.78%) [ns2_ftrl_eta0p1] | loss: 3.344481 | lrm: 0.88 | dt: 1684.24ms | tok/s: 311,290 | mfu: 35.53 | epoch: 1 | eta: 27.4m
step 01231/02205 (55.83%) [ns2_ftrl_eta0p1] | loss: 3.327225 | lrm: 0.88 | dt: 1691.42ms | tok/s: 309,969 | mfu: 35.38 | epoch: 1 | eta: 27.4m
step 01232/02205 (55.87%) [ns2_ftrl_eta0p1] | loss: 3.334459 | lrm: 0.88 | dt: 1691.69ms | tok/s: 309,919 | mfu: 35.38 | epoch: 1 | eta: 27.3m
step 01233/02205 (55.92%) [ns2_ftrl_eta0p1] | loss: 3.339123 | lrm: 0.88 | dt: 1688.59ms | tok/s: 310,489 | mfu: 35.44 | epoch: 1 | eta: 27.3m
step 01234/02205 (55.96%) [ns2_ftrl_eta0p1] | loss: 3.340730 | lrm: 0.88 | dt: 1690.57ms | tok/s: 310,124 | mfu: 35.40 | epoch: 1 | eta: 27.3m
step 01235/02205 (56.01%) [ns2_ftrl_eta0p1] | loss: 3.351205 | lrm: 0.88 | dt: 1688.24ms | tok/s: 310,553 | mfu: 35.45 | epoch: 1 | eta: 27.3m
step 01236/02205 (56.05%) [ns2_ftrl_eta0p1] | loss: 3.354468 | lrm: 0.88 | dt: 1689.31ms | tok/s: 310,356 | mfu: 35.43 | epoch: 1 | eta: 27.2m
step 01237/02205 (56.10%) [ns2_ftrl_eta0p1] | loss: 3.355594 | lrm: 0.88 | dt: 1687.81ms | tok/s: 310,632 | mfu: 35.46 | epoch: 1 | eta: 27.2m
step 01238/02205 (56.15%) [ns2_ftrl_eta0p1] | loss: 3.356183 | lrm: 0.88 | dt: 1687.68ms | tok/s: 310,656 | mfu: 35.46 | epoch: 1 | eta: 27.2m
step 01239/02205 (56.19%) [ns2_ftrl_eta0p1] | loss: 3.344780 | lrm: 0.88 | dt: 1687.15ms | tok/s: 310,754 | mfu: 35.47 | epoch: 1 | eta: 27.1m
step 01240/02205 (56.24%) [ns2_ftrl_eta0p1] | loss: 3.343174 | lrm: 0.88 | dt: 1688.61ms | tok/s: 310,485 | mfu: 35.44 | epoch: 1 | eta: 27.1m
step 01241/02205 (56.28%) [ns2_ftrl_eta0p1] | loss: 3.356771 | lrm: 0.87 | dt: 1687.40ms | tok/s: 310,708 | mfu: 35.47 | epoch: 1 | eta: 27.1m
step 01242/02205 (56.33%) [ns2_ftrl_eta0p1] | loss: 3.353910 | lrm: 0.87 | dt: 1691.62ms | tok/s: 309,933 | mfu: 35.38 | epoch: 1 | eta: 27.1m
step 01243/02205 (56.37%) [ns2_ftrl_eta0p1] | loss: 3.344167 | lrm: 0.87 | dt: 1687.25ms | tok/s: 310,735 | mfu: 35.47 | epoch: 1 | eta: 27.0m
step 01244/02205 (56.42%) [ns2_ftrl_eta0p1] | loss: 3.341841 | lrm: 0.87 | dt: 1694.24ms | tok/s: 309,452 | mfu: 35.32 | epoch: 1 | eta: 27.0m
step 01245/02205 (56.46%) [ns2_ftrl_eta0p1] | loss: 3.345324 | lrm: 0.87 | dt: 1696.09ms | tok/s: 309,115 | mfu: 35.29 | epoch: 1 | eta: 27.0m
step 01246/02205 (56.51%) [ns2_ftrl_eta0p1] | loss: 3.343114 | lrm: 0.87 | dt: 1691.66ms | tok/s: 309,924 | mfu: 35.38 | epoch: 1 | eta: 26.9m
step 01247/02205 (56.55%) [ns2_ftrl_eta0p1] | loss: 3.328297 | lrm: 0.87 | dt: 1692.38ms | tok/s: 309,792 | mfu: 35.36 | epoch: 1 | eta: 26.9m
step 01248/02205 (56.60%) [ns2_ftrl_eta0p1] | loss: 3.334492 | lrm: 0.87 | dt: 1694.07ms | tok/s: 309,484 | mfu: 35.33 | epoch: 1 | eta: 26.9m
step 01249/02205 (56.64%) [ns2_ftrl_eta0p1] | loss: 3.341833 | lrm: 0.87 | dt: 1690.73ms | tok/s: 310,095 | mfu: 35.40 | epoch: 1 | eta: 26.9m
Step 01250 | val bpb: 0.982793
step 01250/02205 (56.69%) [ns2_ftrl_eta0p1] | loss: 3.346227 | lrm: 0.87 | dt: 1668.11ms | tok/s: 314,299 | mfu: 35.88 | epoch: 1 | eta: 26.8m
step 01251/02205 (56.73%) [ns2_ftrl_eta0p1] | loss: 3.351635 | lrm: 0.87 | dt: 1686.66ms | tok/s: 310,843 | mfu: 35.48 | epoch: 1 | eta: 26.8m
step 01252/02205 (56.78%) [ns2_ftrl_eta0p1] | loss: 3.335805 | lrm: 0.86 | dt: 1670.35ms | tok/s: 313,879 | mfu: 35.83 | epoch: 1 | eta: 26.8m
step 01253/02205 (56.83%) [ns2_ftrl_eta0p1] | loss: 3.339102 | lrm: 0.86 | dt: 1675.37ms | tok/s: 312,939 | mfu: 35.72 | epoch: 1 | eta: 26.7m
step 01254/02205 (56.87%) [ns2_ftrl_eta0p1] | loss: 3.339914 | lrm: 0.86 | dt: 1685.71ms | tok/s: 311,018 | mfu: 35.50 | epoch: 1 | eta: 26.7m
step 01255/02205 (56.92%) [ns2_ftrl_eta0p1] | loss: 3.350299 | lrm: 0.86 | dt: 1680.63ms | tok/s: 311,958 | mfu: 35.61 | epoch: 1 | eta: 26.7m
step 01256/02205 (56.96%) [ns2_ftrl_eta0p1] | loss: 3.348776 | lrm: 0.86 | dt: 1688.30ms | tok/s: 310,541 | mfu: 35.45 | epoch: 1 | eta: 26.7m
step 01257/02205 (57.01%) [ns2_ftrl_eta0p1] | loss: 3.351754 | lrm: 0.86 | dt: 1672.88ms | tok/s: 313,405 | mfu: 35.78 | epoch: 1 | eta: 26.6m
step 01258/02205 (57.05%) [ns2_ftrl_eta0p1] | loss: 3.359203 | lrm: 0.86 | dt: 1681.64ms | tok/s: 311,771 | mfu: 35.59 | epoch: 1 | eta: 26.6m
step 01259/02205 (57.10%) [ns2_ftrl_eta0p1] | loss: 3.353399 | lrm: 0.86 | dt: 1689.84ms | tok/s: 310,258 | mfu: 35.42 | epoch: 1 | eta: 26.6m
step 01260/02205 (57.14%) [ns2_ftrl_eta0p1] | loss: 3.359181 | lrm: 0.86 | dt: 1687.65ms | tok/s: 310,660 | mfu: 35.46 | epoch: 1 | eta: 26.6m
step 01261/02205 (57.19%) [ns2_ftrl_eta0p1] | loss: 3.355871 | lrm: 0.86 | dt: 1688.57ms | tok/s: 310,492 | mfu: 35.44 | epoch: 1 | eta: 26.5m
step 01262/02205 (57.23%) [ns2_ftrl_eta0p1] | loss: 3.358230 | lrm: 0.86 | dt: 1688.88ms | tok/s: 310,434 | mfu: 35.44 | epoch: 1 | eta: 26.5m
step 01263/02205 (57.28%) [ns2_ftrl_eta0p1] | loss: 3.355528 | lrm: 0.85 | dt: 1685.03ms | tok/s: 311,144 | mfu: 35.52 | epoch: 1 | eta: 26.5m
step 01264/02205 (57.32%) [ns2_ftrl_eta0p1] | loss: 3.362352 | lrm: 0.85 | dt: 1686.41ms | tok/s: 310,889 | mfu: 35.49 | epoch: 1 | eta: 26.4m
step 01265/02205 (57.37%) [ns2_ftrl_eta0p1] | loss: 3.351487 | lrm: 0.85 | dt: 1690.98ms | tok/s: 310,050 | mfu: 35.39 | epoch: 1 | eta: 26.4m
step 01266/02205 (57.41%) [ns2_ftrl_eta0p1] | loss: 3.350335 | lrm: 0.85 | dt: 1688.90ms | tok/s: 310,431 | mfu: 35.44 | epoch: 1 | eta: 26.4m
step 01267/02205 (57.46%) [ns2_ftrl_eta0p1] | loss: 3.346929 | lrm: 0.85 | dt: 1687.15ms | tok/s: 310,753 | mfu: 35.47 | epoch: 1 | eta: 26.4m
step 01268/02205 (57.51%) [ns2_ftrl_eta0p1] | loss: 3.352293 | lrm: 0.85 | dt: 1691.05ms | tok/s: 310,037 | mfu: 35.39 | epoch: 1 | eta: 26.3m
step 01269/02205 (57.55%) [ns2_ftrl_eta0p1] | loss: 3.360801 | lrm: 0.85 | dt: 1690.68ms | tok/s: 310,105 | mfu: 35.40 | epoch: 1 | eta: 26.3m
step 01270/02205 (57.60%) [ns2_ftrl_eta0p1] | loss: 3.357301 | lrm: 0.85 | dt: 1693.69ms | tok/s: 309,553 | mfu: 35.34 | epoch: 1 | eta: 26.3m
step 01271/02205 (57.64%) [ns2_ftrl_eta0p1] | loss: 3.351800 | lrm: 0.85 | dt: 1690.24ms | tok/s: 310,184 | mfu: 35.41 | epoch: 1 | eta: 26.2m
step 01272/02205 (57.69%) [ns2_ftrl_eta0p1] | loss: 3.354653 | lrm: 0.85 | dt: 1694.27ms | tok/s: 309,448 | mfu: 35.32 | epoch: 1 | eta: 26.2m
step 01273/02205 (57.73%) [ns2_ftrl_eta0p1] | loss: 3.353448 | lrm: 0.85 | dt: 1697.28ms | tok/s: 308,899 | mfu: 35.26 | epoch: 1 | eta: 26.2m
step 01274/02205 (57.78%) [ns2_ftrl_eta0p1] | loss: 3.351325 | lrm: 0.84 | dt: 1691.94ms | tok/s: 309,873 | mfu: 35.37 | epoch: 1 | eta: 26.2m
step 01275/02205 (57.82%) [ns2_ftrl_eta0p1] | loss: 3.342748 | lrm: 0.84 | dt: 1692.43ms | tok/s: 309,784 | mfu: 35.36 | epoch: 1 | eta: 26.1m
step 01276/02205 (57.87%) [ns2_ftrl_eta0p1] | loss: 3.346880 | lrm: 0.84 | dt: 1691.33ms | tok/s: 309,985 | mfu: 35.39 | epoch: 1 | eta: 26.1m
step 01277/02205 (57.91%) [ns2_ftrl_eta0p1] | loss: 3.357709 | lrm: 0.84 | dt: 1693.67ms | tok/s: 309,557 | mfu: 35.34 | epoch: 1 | eta: 26.1m
step 01278/02205 (57.96%) [ns2_ftrl_eta0p1] | loss: 3.357601 | lrm: 0.84 | dt: 1691.35ms | tok/s: 309,982 | mfu: 35.38 | epoch: 1 | eta: 26.0m
step 01279/02205 (58.00%) [ns2_ftrl_eta0p1] | loss: 3.352410 | lrm: 0.84 | dt: 1692.82ms | tok/s: 309,712 | mfu: 35.35 | epoch: 1 | eta: 26.0m
step 01280/02205 (58.05%) [ns2_ftrl_eta0p1] | loss: 3.357757 | lrm: 0.84 | dt: 1691.09ms | tok/s: 310,029 | mfu: 35.39 | epoch: 1 | eta: 26.0m
step 01281/02205 (58.10%) [ns2_ftrl_eta0p1] | loss: 3.354622 | lrm: 0.84 | dt: 1691.65ms | tok/s: 309,927 | mfu: 35.38 | epoch: 1 | eta: 26.0m
step 01282/02205 (58.14%) [ns2_ftrl_eta0p1] | loss: 3.349293 | lrm: 0.84 | dt: 1693.27ms | tok/s: 309,631 | mfu: 35.34 | epoch: 1 | eta: 25.9m
step 01283/02205 (58.19%) [ns2_ftrl_eta0p1] | loss: 3.338716 | lrm: 0.84 | dt: 1695.91ms | tok/s: 309,147 | mfu: 35.29 | epoch: 1 | eta: 25.9m
step 01284/02205 (58.23%) [ns2_ftrl_eta0p1] | loss: 3.337605 | lrm: 0.84 | dt: 1690.98ms | tok/s: 310,049 | mfu: 35.39 | epoch: 1 | eta: 25.9m
step 01285/02205 (58.28%) [ns2_ftrl_eta0p1] | loss: 3.328111 | lrm: 0.83 | dt: 1692.52ms | tok/s: 309,768 | mfu: 35.36 | epoch: 1 | eta: 25.9m
step 01286/02205 (58.32%) [ns2_ftrl_eta0p1] | loss: 3.333172 | lrm: 0.83 | dt: 1694.89ms | tok/s: 309,335 | mfu: 35.31 | epoch: 1 | eta: 25.8m
step 01287/02205 (58.37%) [ns2_ftrl_eta0p1] | loss: 3.336876 | lrm: 0.83 | dt: 1690.51ms | tok/s: 310,135 | mfu: 35.40 | epoch: 1 | eta: 25.8m
step 01288/02205 (58.41%) [ns2_ftrl_eta0p1] | loss: 3.347491 | lrm: 0.83 | dt: 1696.06ms | tok/s: 309,120 | mfu: 35.29 | epoch: 1 | eta: 25.8m
step 01289/02205 (58.46%) [ns2_ftrl_eta0p1] | loss: 3.346994 | lrm: 0.83 | dt: 1691.64ms | tok/s: 309,927 | mfu: 35.38 | epoch: 1 | eta: 25.7m
step 01290/02205 (58.50%) [ns2_ftrl_eta0p1] | loss: 3.351057 | lrm: 0.83 | dt: 1690.68ms | tok/s: 310,104 | mfu: 35.40 | epoch: 1 | eta: 25.7m
step 01291/02205 (58.55%) [ns2_ftrl_eta0p1] | loss: 3.357497 | lrm: 0.83 | dt: 1696.28ms | tok/s: 309,081 | mfu: 35.28 | epoch: 1 | eta: 25.7m
step 01292/02205 (58.59%) [ns2_ftrl_eta0p1] | loss: 3.366167 | lrm: 0.83 | dt: 1692.73ms | tok/s: 309,729 | mfu: 35.36 | epoch: 1 | eta: 25.7m
step 01293/02205 (58.64%) [ns2_ftrl_eta0p1] | loss: 3.365513 | lrm: 0.83 | dt: 1689.26ms | tok/s: 310,365 | mfu: 35.43 | epoch: 1 | eta: 25.6m
step 01294/02205 (58.68%) [ns2_ftrl_eta0p1] | loss: 3.361744 | lrm: 0.83 | dt: 1693.51ms | tok/s: 309,586 | mfu: 35.34 | epoch: 1 | eta: 25.6m
step 01295/02205 (58.73%) [ns2_ftrl_eta0p1] | loss: 3.364356 | lrm: 0.83 | dt: 1692.52ms | tok/s: 309,767 | mfu: 35.36 | epoch: 1 | eta: 25.6m
step 01296/02205 (58.78%) [ns2_ftrl_eta0p1] | loss: 3.358911 | lrm: 0.82 | dt: 1691.97ms | tok/s: 309,869 | mfu: 35.37 | epoch: 1 | eta: 25.5m
step 01297/02205 (58.82%) [ns2_ftrl_eta0p1] | loss: 3.361631 | lrm: 0.82 | dt: 1689.94ms | tok/s: 310,241 | mfu: 35.41 | epoch: 1 | eta: 25.5m
step 01298/02205 (58.87%) [ns2_ftrl_eta0p1] | loss: 3.368619 | lrm: 0.82 | dt: 1691.06ms | tok/s: 310,035 | mfu: 35.39 | epoch: 1 | eta: 25.5m
step 01299/02205 (58.91%) [ns2_ftrl_eta0p1] | loss: 3.365277 | lrm: 0.82 | dt: 1690.93ms | tok/s: 310,058 | mfu: 35.39 | epoch: 1 | eta: 25.5m
step 01300/02205 (58.96%) [ns2_ftrl_eta0p1] | loss: 3.354783 | lrm: 0.82 | dt: 1692.38ms | tok/s: 309,793 | mfu: 35.36 | epoch: 1 | eta: 25.4m
step 01301/02205 (59.00%) [ns2_ftrl_eta0p1] | loss: 3.347973 | lrm: 0.82 | dt: 1692.02ms | tok/s: 309,859 | mfu: 35.37 | epoch: 1 | eta: 25.4m
step 01302/02205 (59.05%) [ns2_ftrl_eta0p1] | loss: 3.347298 | lrm: 0.82 | dt: 1692.60ms | tok/s: 309,753 | mfu: 35.36 | epoch: 1 | eta: 25.4m
step 01303/02205 (59.09%) [ns2_ftrl_eta0p1] | loss: 3.332692 | lrm: 0.82 | dt: 1695.19ms | tok/s: 309,280 | mfu: 35.30 | epoch: 1 | eta: 25.3m
step 01304/02205 (59.14%) [ns2_ftrl_eta0p1] | loss: 3.331033 | lrm: 0.82 | dt: 1690.64ms | tok/s: 310,112 | mfu: 35.40 | epoch: 1 | eta: 25.3m
step 01305/02205 (59.18%) [ns2_ftrl_eta0p1] | loss: 3.332198 | lrm: 0.82 | dt: 1693.95ms | tok/s: 309,505 | mfu: 35.33 | epoch: 1 | eta: 25.3m
step 01306/02205 (59.23%) [ns2_ftrl_eta0p1] | loss: 3.334432 | lrm: 0.82 | dt: 1694.97ms | tok/s: 309,320 | mfu: 35.31 | epoch: 1 | eta: 25.3m
step 01307/02205 (59.27%) [ns2_ftrl_eta0p1] | loss: 3.331960 | lrm: 0.81 | dt: 1695.47ms | tok/s: 309,228 | mfu: 35.30 | epoch: 1 | eta: 25.2m
step 01308/02205 (59.32%) [ns2_ftrl_eta0p1] | loss: 3.343147 | lrm: 0.81 | dt: 1685.54ms | tok/s: 311,051 | mfu: 35.51 | epoch: 1 | eta: 25.2m
step 01309/02205 (59.37%) [ns2_ftrl_eta0p1] | loss: 3.333697 | lrm: 0.81 | dt: 1692.84ms | tok/s: 309,708 | mfu: 35.35 | epoch: 1 | eta: 25.2m
step 01310/02205 (59.41%) [ns2_ftrl_eta0p1] | loss: 3.333409 | lrm: 0.81 | dt: 1692.85ms | tok/s: 309,707 | mfu: 35.35 | epoch: 1 | eta: 25.2m
step 01311/02205 (59.46%) [ns2_ftrl_eta0p1] | loss: 3.337194 | lrm: 0.81 | dt: 1693.86ms | tok/s: 309,522 | mfu: 35.33 | epoch: 1 | eta: 25.1m
step 01312/02205 (59.50%) [ns2_ftrl_eta0p1] | loss: 3.339120 | lrm: 0.81 | dt: 1698.62ms | tok/s: 308,654 | mfu: 35.23 | epoch: 1 | eta: 25.1m
step 01313/02205 (59.55%) [ns2_ftrl_eta0p1] | loss: 3.341530 | lrm: 0.81 | dt: 1692.11ms | tok/s: 309,841 | mfu: 35.37 | epoch: 1 | eta: 25.1m
step 01314/02205 (59.59%) [ns2_ftrl_eta0p1] | loss: 3.340625 | lrm: 0.81 | dt: 1692.26ms | tok/s: 309,815 | mfu: 35.37 | epoch: 1 | eta: 25.0m
step 01315/02205 (59.64%) [ns2_ftrl_eta0p1] | loss: 3.337836 | lrm: 0.81 | dt: 1692.58ms | tok/s: 309,756 | mfu: 35.36 | epoch: 1 | eta: 25.0m
step 01316/02205 (59.68%) [ns2_ftrl_eta0p1] | loss: 3.332828 | lrm: 0.81 | dt: 1690.43ms | tok/s: 310,150 | mfu: 35.40 | epoch: 1 | eta: 25.0m
step 01317/02205 (59.73%) [ns2_ftrl_eta0p1] | loss: 3.329586 | lrm: 0.81 | dt: 1690.24ms | tok/s: 310,185 | mfu: 35.41 | epoch: 1 | eta: 25.0m
step 01318/02205 (59.77%) [ns2_ftrl_eta0p1] | loss: 3.328204 | lrm: 0.80 | dt: 1693.88ms | tok/s: 309,518 | mfu: 35.33 | epoch: 1 | eta: 24.9m
step 01319/02205 (59.82%) [ns2_ftrl_eta0p1] | loss: 3.325726 | lrm: 0.80 | dt: 1691.03ms | tok/s: 310,041 | mfu: 35.39 | epoch: 1 | eta: 24.9m
step 01320/02205 (59.86%) [ns2_ftrl_eta0p1] | loss: 3.331177 | lrm: 0.80 | dt: 1693.51ms | tok/s: 309,586 | mfu: 35.34 | epoch: 1 | eta: 24.9m
step 01321/02205 (59.91%) [ns2_ftrl_eta0p1] | loss: 3.321966 | lrm: 0.80 | dt: 1691.82ms | tok/s: 309,896 | mfu: 35.38 | epoch: 1 | eta: 24.8m
step 01322/02205 (59.95%) [ns2_ftrl_eta0p1] | loss: 3.321480 | lrm: 0.80 | dt: 1691.45ms | tok/s: 309,963 | mfu: 35.38 | epoch: 1 | eta: 24.8m
step 01323/02205 (60.00%) [ns2_ftrl_eta0p1] | loss: 3.322693 | lrm: 0.80 | dt: 1693.10ms | tok/s: 309,661 | mfu: 35.35 | epoch: 1 | eta: 24.8m
step 01324/02205 (60.05%) [ns2_ftrl_eta0p1] | loss: 3.313925 | lrm: 0.80 | dt: 1690.92ms | tok/s: 310,060 | mfu: 35.39 | epoch: 1 | eta: 24.8m
step 01325/02205 (60.09%) [ns2_ftrl_eta0p1] | loss: 3.321723 | lrm: 0.80 | dt: 1693.13ms | tok/s: 309,655 | mfu: 35.35 | epoch: 1 | eta: 24.7m
step 01326/02205 (60.14%) [ns2_ftrl_eta0p1] | loss: 3.320308 | lrm: 0.80 | dt: 1693.10ms | tok/s: 309,662 | mfu: 35.35 | epoch: 1 | eta: 24.7m
step 01327/02205 (60.18%) [ns2_ftrl_eta0p1] | loss: 3.323659 | lrm: 0.80 | dt: 1692.77ms | tok/s: 309,721 | mfu: 35.36 | epoch: 1 | eta: 24.7m
step 01328/02205 (60.23%) [ns2_ftrl_eta0p1] | loss: 3.315977 | lrm: 0.80 | dt: 1692.13ms | tok/s: 309,839 | mfu: 35.37 | epoch: 1 | eta: 24.6m
step 01329/02205 (60.27%) [ns2_ftrl_eta0p1] | loss: 3.312431 | lrm: 0.79 | dt: 1691.69ms | tok/s: 309,919 | mfu: 35.38 | epoch: 1 | eta: 24.6m
step 01330/02205 (60.32%) [ns2_ftrl_eta0p1] | loss: 3.308328 | lrm: 0.79 | dt: 1692.52ms | tok/s: 309,767 | mfu: 35.36 | epoch: 1 | eta: 24.6m
step 01331/02205 (60.36%) [ns2_ftrl_eta0p1] | loss: 3.313831 | lrm: 0.79 | dt: 1692.61ms | tok/s: 309,751 | mfu: 35.36 | epoch: 1 | eta: 24.6m
step 01332/02205 (60.41%) [ns2_ftrl_eta0p1] | loss: 3.311592 | lrm: 0.79 | dt: 1692.62ms | tok/s: 309,749 | mfu: 35.36 | epoch: 1 | eta: 24.5m
step 01333/02205 (60.45%) [ns2_ftrl_eta0p1] | loss: 3.303751 | lrm: 0.79 | dt: 1693.66ms | tok/s: 309,559 | mfu: 35.34 | epoch: 1 | eta: 24.5m
step 01334/02205 (60.50%) [ns2_ftrl_eta0p1] | loss: 3.299979 | lrm: 0.79 | dt: 1689.66ms | tok/s: 310,291 | mfu: 35.42 | epoch: 1 | eta: 24.5m
step 01335/02205 (60.54%) [ns2_ftrl_eta0p1] | loss: 3.308838 | lrm: 0.79 | dt: 1692.50ms | tok/s: 309,772 | mfu: 35.36 | epoch: 1 | eta: 24.5m
step 01336/02205 (60.59%) [ns2_ftrl_eta0p1] | loss: 3.308878 | lrm: 0.79 | dt: 1697.62ms | tok/s: 308,837 | mfu: 35.25 | epoch: 1 | eta: 24.4m
step 01337/02205 (60.63%) [ns2_ftrl_eta0p1] | loss: 3.308803 | lrm: 0.79 | dt: 1693.35ms | tok/s: 309,616 | mfu: 35.34 | epoch: 1 | eta: 24.4m
step 01338/02205 (60.68%) [ns2_ftrl_eta0p1] | loss: 3.313963 | lrm: 0.79 | dt: 1689.29ms | tok/s: 310,360 | mfu: 35.43 | epoch: 1 | eta: 24.4m
step 01339/02205 (60.73%) [ns2_ftrl_eta0p1] | loss: 3.311347 | lrm: 0.79 | dt: 1695.56ms | tok/s: 309,211 | mfu: 35.30 | epoch: 1 | eta: 24.3m
step 01340/02205 (60.77%) [ns2_ftrl_eta0p1] | loss: 3.319045 | lrm: 0.78 | dt: 1691.39ms | tok/s: 309,975 | mfu: 35.38 | epoch: 1 | eta: 24.3m
step 01341/02205 (60.82%) [ns2_ftrl_eta0p1] | loss: 3.315885 | lrm: 0.78 | dt: 1686.46ms | tok/s: 310,879 | mfu: 35.49 | epoch: 1 | eta: 24.3m
step 01342/02205 (60.86%) [ns2_ftrl_eta0p1] | loss: 3.302994 | lrm: 0.78 | dt: 1691.89ms | tok/s: 309,883 | mfu: 35.37 | epoch: 1 | eta: 24.3m
step 01343/02205 (60.91%) [ns2_ftrl_eta0p1] | loss: 3.302013 | lrm: 0.78 | dt: 1693.27ms | tok/s: 309,631 | mfu: 35.34 | epoch: 1 | eta: 24.2m
step 01344/02205 (60.95%) [ns2_ftrl_eta0p1] | loss: 3.288342 | lrm: 0.78 | dt: 1693.05ms | tok/s: 309,670 | mfu: 35.35 | epoch: 1 | eta: 24.2m
step 01345/02205 (61.00%) [ns2_ftrl_eta0p1] | loss: 3.288721 | lrm: 0.78 | dt: 1695.01ms | tok/s: 309,312 | mfu: 35.31 | epoch: 1 | eta: 24.2m
step 01346/02205 (61.04%) [ns2_ftrl_eta0p1] | loss: 3.289600 | lrm: 0.78 | dt: 1696.74ms | tok/s: 308,997 | mfu: 35.27 | epoch: 1 | eta: 24.1m
step 01347/02205 (61.09%) [ns2_ftrl_eta0p1] | loss: 3.296461 | lrm: 0.78 | dt: 1691.88ms | tok/s: 309,884 | mfu: 35.37 | epoch: 1 | eta: 24.1m
step 01348/02205 (61.13%) [ns2_ftrl_eta0p1] | loss: 3.307792 | lrm: 0.78 | dt: 1697.63ms | tok/s: 308,836 | mfu: 35.25 | epoch: 1 | eta: 24.1m
step 01349/02205 (61.18%) [ns2_ftrl_eta0p1] | loss: 3.309150 | lrm: 0.78 | dt: 1694.38ms | tok/s: 309,428 | mfu: 35.32 | epoch: 1 | eta: 24.1m
step 01350/02205 (61.22%) [ns2_ftrl_eta0p1] | loss: 3.309111 | lrm: 0.78 | dt: 1691.95ms | tok/s: 309,871 | mfu: 35.37 | epoch: 1 | eta: 24.0m
step 01351/02205 (61.27%) [ns2_ftrl_eta0p1] | loss: 3.310629 | lrm: 0.77 | dt: 1695.84ms | tok/s: 309,160 | mfu: 35.29 | epoch: 1 | eta: 24.0m
step 01352/02205 (61.32%) [ns2_ftrl_eta0p1] | loss: 3.317359 | lrm: 0.77 | dt: 1694.70ms | tok/s: 309,368 | mfu: 35.31 | epoch: 1 | eta: 24.0m
step 01353/02205 (61.36%) [ns2_ftrl_eta0p1] | loss: 3.312320 | lrm: 0.77 | dt: 1692.96ms | tok/s: 309,686 | mfu: 35.35 | epoch: 1 | eta: 23.9m
step 01354/02205 (61.41%) [ns2_ftrl_eta0p1] | loss: 3.307225 | lrm: 0.77 | dt: 1696.99ms | tok/s: 308,951 | mfu: 35.27 | epoch: 1 | eta: 23.9m
step 01355/02205 (61.45%) [ns2_ftrl_eta0p1] | loss: 3.304688 | lrm: 0.77 | dt: 1693.40ms | tok/s: 309,607 | mfu: 35.34 | epoch: 1 | eta: 23.9m
step 01356/02205 (61.50%) [ns2_ftrl_eta0p1] | loss: 3.306963 | lrm: 0.77 | dt: 1692.77ms | tok/s: 309,722 | mfu: 35.36 | epoch: 1 | eta: 23.9m
step 01357/02205 (61.54%) [ns2_ftrl_eta0p1] | loss: 3.317363 | lrm: 0.77 | dt: 1691.50ms | tok/s: 309,954 | mfu: 35.38 | epoch: 1 | eta: 23.8m
step 01358/02205 (61.59%) [ns2_ftrl_eta0p1] | loss: 3.317357 | lrm: 0.77 | dt: 1693.23ms | tok/s: 309,637 | mfu: 35.35 | epoch: 1 | eta: 23.8m
step 01359/02205 (61.63%) [ns2_ftrl_eta0p1] | loss: 3.310475 | lrm: 0.77 | dt: 1693.68ms | tok/s: 309,556 | mfu: 35.34 | epoch: 1 | eta: 23.8m
step 01360/02205 (61.68%) [ns2_ftrl_eta0p1] | loss: 3.294171 | lrm: 0.77 | dt: 1692.46ms | tok/s: 309,778 | mfu: 35.36 | epoch: 1 | eta: 23.7m
step 01361/02205 (61.72%) [ns2_ftrl_eta0p1] | loss: 3.299700 | lrm: 0.77 | dt: 1691.07ms | tok/s: 310,032 | mfu: 35.39 | epoch: 1 | eta: 23.7m
step 01362/02205 (61.77%) [ns2_ftrl_eta0p1] | loss: 3.295573 | lrm: 0.76 | dt: 1692.13ms | tok/s: 309,838 | mfu: 35.37 | epoch: 1 | eta: 23.7m
step 01363/02205 (61.81%) [ns2_ftrl_eta0p1] | loss: 3.296809 | lrm: 0.76 | dt: 1691.50ms | tok/s: 309,954 | mfu: 35.38 | epoch: 1 | eta: 23.7m
step 01364/02205 (61.86%) [ns2_ftrl_eta0p1] | loss: 3.300280 | lrm: 0.76 | dt: 1690.34ms | tok/s: 310,166 | mfu: 35.41 | epoch: 1 | eta: 23.6m
step 01365/02205 (61.90%) [ns2_ftrl_eta0p1] | loss: 3.294096 | lrm: 0.76 | dt: 1695.29ms | tok/s: 309,262 | mfu: 35.30 | epoch: 1 | eta: 23.6m
step 01366/02205 (61.95%) [ns2_ftrl_eta0p1] | loss: 3.286560 | lrm: 0.76 | dt: 1689.74ms | tok/s: 310,277 | mfu: 35.42 | epoch: 1 | eta: 23.6m
step 01367/02205 (62.00%) [ns2_ftrl_eta0p1] | loss: 3.280351 | lrm: 0.76 | dt: 1690.87ms | tok/s: 310,069 | mfu: 35.39 | epoch: 1 | eta: 23.6m
step 01368/02205 (62.04%) [ns2_ftrl_eta0p1] | loss: 3.286590 | lrm: 0.76 | dt: 1694.59ms | tok/s: 309,389 | mfu: 35.32 | epoch: 1 | eta: 23.5m
step 01369/02205 (62.09%) [ns2_ftrl_eta0p1] | loss: 3.308356 | lrm: 0.76 | dt: 1691.86ms | tok/s: 309,888 | mfu: 35.37 | epoch: 1 | eta: 23.5m
step 01370/02205 (62.13%) [ns2_ftrl_eta0p1] | loss: 3.310466 | lrm: 0.76 | dt: 1693.31ms | tok/s: 309,622 | mfu: 35.34 | epoch: 1 | eta: 23.5m
step 01371/02205 (62.18%) [ns2_ftrl_eta0p1] | loss: 3.305601 | lrm: 0.76 | dt: 1692.75ms | tok/s: 309,726 | mfu: 35.36 | epoch: 1 | eta: 23.4m
step 01372/02205 (62.22%) [ns2_ftrl_eta0p1] | loss: 3.315450 | lrm: 0.76 | dt: 1691.70ms | tok/s: 309,917 | mfu: 35.38 | epoch: 1 | eta: 23.4m
step 01373/02205 (62.27%) [ns2_ftrl_eta0p1] | loss: 3.297912 | lrm: 0.75 | dt: 1691.63ms | tok/s: 309,931 | mfu: 35.38 | epoch: 1 | eta: 23.4m
step 01374/02205 (62.31%) [ns2_ftrl_eta0p1] | loss: 3.294481 | lrm: 0.75 | dt: 1688.36ms | tok/s: 310,531 | mfu: 35.45 | epoch: 1 | eta: 23.4m
step 01375/02205 (62.36%) [ns2_ftrl_eta0p1] | loss: 3.300921 | lrm: 0.75 | dt: 1694.16ms | tok/s: 309,467 | mfu: 35.33 | epoch: 1 | eta: 23.3m
step 01376/02205 (62.40%) [ns2_ftrl_eta0p1] | loss: 3.311805 | lrm: 0.75 | dt: 1692.63ms | tok/s: 309,747 | mfu: 35.36 | epoch: 1 | eta: 23.3m
step 01377/02205 (62.45%) [ns2_ftrl_eta0p1] | loss: 3.304357 | lrm: 0.75 | dt: 1695.54ms | tok/s: 309,216 | mfu: 35.30 | epoch: 1 | eta: 23.3m
step 01378/02205 (62.49%) [ns2_ftrl_eta0p1] | loss: 3.298784 | lrm: 0.75 | dt: 1693.53ms | tok/s: 309,583 | mfu: 35.34 | epoch: 1 | eta: 23.2m
step 01379/02205 (62.54%) [ns2_ftrl_eta0p1] | loss: 3.304853 | lrm: 0.75 | dt: 1692.43ms | tok/s: 309,783 | mfu: 35.36 | epoch: 1 | eta: 23.2m
step 01380/02205 (62.59%) [ns2_ftrl_eta0p1] | loss: 3.301378 | lrm: 0.75 | dt: 1691.51ms | tok/s: 309,953 | mfu: 35.38 | epoch: 1 | eta: 23.2m
step 01381/02205 (62.63%) [ns2_ftrl_eta0p1] | loss: 3.300145 | lrm: 0.75 | dt: 1693.37ms | tok/s: 309,612 | mfu: 35.34 | epoch: 1 | eta: 23.2m
step 01382/02205 (62.68%) [ns2_ftrl_eta0p1] | loss: 3.296873 | lrm: 0.75 | dt: 1696.76ms | tok/s: 308,993 | mfu: 35.27 | epoch: 1 | eta: 23.1m
step 01383/02205 (62.72%) [ns2_ftrl_eta0p1] | loss: 3.301797 | lrm: 0.75 | dt: 1689.75ms | tok/s: 310,276 | mfu: 35.42 | epoch: 1 | eta: 23.1m
step 01384/02205 (62.77%) [ns2_ftrl_eta0p1] | loss: 3.299809 | lrm: 0.75 | dt: 1694.87ms | tok/s: 309,338 | mfu: 35.31 | epoch: 1 | eta: 23.1m
step 01385/02205 (62.81%) [ns2_ftrl_eta0p1] | loss: 3.308059 | lrm: 0.74 | dt: 1698.85ms | tok/s: 308,614 | mfu: 35.23 | epoch: 1 | eta: 23.0m
step 01386/02205 (62.86%) [ns2_ftrl_eta0p1] | loss: 3.299788 | lrm: 0.74 | dt: 1692.28ms | tok/s: 309,812 | mfu: 35.37 | epoch: 1 | eta: 23.0m
step 01387/02205 (62.90%) [ns2_ftrl_eta0p1] | loss: 3.299961 | lrm: 0.74 | dt: 1691.72ms | tok/s: 309,913 | mfu: 35.38 | epoch: 1 | eta: 23.0m
step 01388/02205 (62.95%) [ns2_ftrl_eta0p1] | loss: 3.295006 | lrm: 0.74 | dt: 1691.56ms | tok/s: 309,944 | mfu: 35.38 | epoch: 1 | eta: 23.0m
step 01389/02205 (62.99%) [ns2_ftrl_eta0p1] | loss: 3.295439 | lrm: 0.74 | dt: 1692.32ms | tok/s: 309,803 | mfu: 35.36 | epoch: 1 | eta: 22.9m
step 01390/02205 (63.04%) [ns2_ftrl_eta0p1] | loss: 3.297968 | lrm: 0.74 | dt: 1691.21ms | tok/s: 310,007 | mfu: 35.39 | epoch: 1 | eta: 22.9m
step 01391/02205 (63.08%) [ns2_ftrl_eta0p1] | loss: 3.296758 | lrm: 0.74 | dt: 1691.09ms | tok/s: 310,030 | mfu: 35.39 | epoch: 1 | eta: 22.9m
step 01392/02205 (63.13%) [ns2_ftrl_eta0p1] | loss: 3.293261 | lrm: 0.74 | dt: 1690.79ms | tok/s: 310,084 | mfu: 35.40 | epoch: 1 | eta: 22.9m
step 01393/02205 (63.17%) [ns2_ftrl_eta0p1] | loss: 3.288738 | lrm: 0.74 | dt: 1688.98ms | tok/s: 310,416 | mfu: 35.43 | epoch: 1 | eta: 22.8m
step 01394/02205 (63.22%) [ns2_ftrl_eta0p1] | loss: 3.288871 | lrm: 0.74 | dt: 1693.11ms | tok/s: 309,659 | mfu: 35.35 | epoch: 1 | eta: 22.8m
step 01395/02205 (63.27%) [ns2_ftrl_eta0p1] | loss: 3.278973 | lrm: 0.74 | dt: 1692.40ms | tok/s: 309,790 | mfu: 35.36 | epoch: 1 | eta: 22.8m
step 01396/02205 (63.31%) [ns2_ftrl_eta0p1] | loss: 3.278111 | lrm: 0.73 | dt: 1690.34ms | tok/s: 310,166 | mfu: 35.41 | epoch: 1 | eta: 22.7m
step 01397/02205 (63.36%) [ns2_ftrl_eta0p1] | loss: 3.278949 | lrm: 0.73 | dt: 1694.56ms | tok/s: 309,394 | mfu: 35.32 | epoch: 1 | eta: 22.7m
step 01398/02205 (63.40%) [ns2_ftrl_eta0p1] | loss: 3.282011 | lrm: 0.73 | dt: 1690.27ms | tok/s: 310,179 | mfu: 35.41 | epoch: 1 | eta: 22.7m
step 01399/02205 (63.45%) [ns2_ftrl_eta0p1] | loss: 3.288883 | lrm: 0.73 | dt: 1695.60ms | tok/s: 309,204 | mfu: 35.30 | epoch: 1 | eta: 22.7m
step 01400/02205 (63.49%) [ns2_ftrl_eta0p1] | loss: 3.288349 | lrm: 0.73 | dt: 1689.74ms | tok/s: 310,276 | mfu: 35.42 | epoch: 1 | eta: 22.6m
step 01401/02205 (63.54%) [ns2_ftrl_eta0p1] | loss: 3.289649 | lrm: 0.73 | dt: 1693.38ms | tok/s: 309,610 | mfu: 35.34 | epoch: 1 | eta: 22.6m
step 01402/02205 (63.58%) [ns2_ftrl_eta0p1] | loss: 3.297036 | lrm: 0.73 | dt: 1687.22ms | tok/s: 310,740 | mfu: 35.47 | epoch: 1 | eta: 22.6m
step 01403/02205 (63.63%) [ns2_ftrl_eta0p1] | loss: 3.293893 | lrm: 0.73 | dt: 1692.32ms | tok/s: 309,804 | mfu: 35.36 | epoch: 1 | eta: 22.5m
step 01404/02205 (63.67%) [ns2_ftrl_eta0p1] | loss: 3.287662 | lrm: 0.73 | dt: 1690.36ms | tok/s: 310,164 | mfu: 35.41 | epoch: 1 | eta: 22.5m
step 01405/02205 (63.72%) [ns2_ftrl_eta0p1] | loss: 3.291314 | lrm: 0.73 | dt: 1689.77ms | tok/s: 310,272 | mfu: 35.42 | epoch: 1 | eta: 22.5m
step 01406/02205 (63.76%) [ns2_ftrl_eta0p1] | loss: 3.289914 | lrm: 0.73 | dt: 1689.76ms | tok/s: 310,273 | mfu: 35.42 | epoch: 1 | eta: 22.5m
step 01407/02205 (63.81%) [ns2_ftrl_eta0p1] | loss: 3.291670 | lrm: 0.72 | dt: 1690.31ms | tok/s: 310,172 | mfu: 35.41 | epoch: 1 | eta: 22.4m
step 01408/02205 (63.85%) [ns2_ftrl_eta0p1] | loss: 3.295281 | lrm: 0.72 | dt: 1690.58ms | tok/s: 310,123 | mfu: 35.40 | epoch: 1 | eta: 22.4m
step 01409/02205 (63.90%) [ns2_ftrl_eta0p1] | loss: 3.305861 | lrm: 0.72 | dt: 1695.16ms | tok/s: 309,284 | mfu: 35.31 | epoch: 1 | eta: 22.4m
step 01410/02205 (63.95%) [ns2_ftrl_eta0p1] | loss: 3.305880 | lrm: 0.72 | dt: 1695.42ms | tok/s: 309,237 | mfu: 35.30 | epoch: 1 | eta: 22.3m
step 01411/02205 (63.99%) [ns2_ftrl_eta0p1] | loss: 3.301191 | lrm: 0.72 | dt: 1698.95ms | tok/s: 308,595 | mfu: 35.23 | epoch: 1 | eta: 22.3m
step 01412/02205 (64.04%) [ns2_ftrl_eta0p1] | loss: 3.309332 | lrm: 0.72 | dt: 1691.03ms | tok/s: 310,039 | mfu: 35.39 | epoch: 1 | eta: 22.3m
step 01413/02205 (64.08%) [ns2_ftrl_eta0p1] | loss: 3.297120 | lrm: 0.72 | dt: 1693.24ms | tok/s: 309,636 | mfu: 35.35 | epoch: 1 | eta: 22.3m
step 01414/02205 (64.13%) [ns2_ftrl_eta0p1] | loss: 3.293292 | lrm: 0.72 | dt: 1691.72ms | tok/s: 309,914 | mfu: 35.38 | epoch: 1 | eta: 22.2m
step 01415/02205 (64.17%) [ns2_ftrl_eta0p1] | loss: 3.288685 | lrm: 0.72 | dt: 1693.05ms | tok/s: 309,671 | mfu: 35.35 | epoch: 1 | eta: 22.2m
step 01416/02205 (64.22%) [ns2_ftrl_eta0p1] | loss: 3.281544 | lrm: 0.72 | dt: 1691.63ms | tok/s: 309,931 | mfu: 35.38 | epoch: 1 | eta: 22.2m
step 01417/02205 (64.26%) [ns2_ftrl_eta0p1] | loss: 3.276160 | lrm: 0.72 | dt: 1694.41ms | tok/s: 309,421 | mfu: 35.32 | epoch: 1 | eta: 22.2m
step 01418/02205 (64.31%) [ns2_ftrl_eta0p1] | loss: 3.279514 | lrm: 0.71 | dt: 1690.21ms | tok/s: 310,191 | mfu: 35.41 | epoch: 1 | eta: 22.1m
step 01419/02205 (64.35%) [ns2_ftrl_eta0p1] | loss: 3.290097 | lrm: 0.71 | dt: 1693.17ms | tok/s: 309,648 | mfu: 35.35 | epoch: 1 | eta: 22.1m
step 01420/02205 (64.40%) [ns2_ftrl_eta0p1] | loss: 3.286862 | lrm: 0.71 | dt: 1690.32ms | tok/s: 310,171 | mfu: 35.41 | epoch: 1 | eta: 22.1m
step 01421/02205 (64.44%) [ns2_ftrl_eta0p1] | loss: 3.289354 | lrm: 0.71 | dt: 1692.85ms | tok/s: 309,707 | mfu: 35.35 | epoch: 1 | eta: 22.0m
step 01422/02205 (64.49%) [ns2_ftrl_eta0p1] | loss: 3.287584 | lrm: 0.71 | dt: 1692.39ms | tok/s: 309,792 | mfu: 35.36 | epoch: 1 | eta: 22.0m
step 01423/02205 (64.54%) [ns2_ftrl_eta0p1] | loss: 3.291041 | lrm: 0.71 | dt: 1692.92ms | tok/s: 309,695 | mfu: 35.35 | epoch: 1 | eta: 22.0m
step 01424/02205 (64.58%) [ns2_ftrl_eta0p1] | loss: 3.294646 | lrm: 0.71 | dt: 1696.00ms | tok/s: 309,132 | mfu: 35.29 | epoch: 1 | eta: 22.0m
step 01425/02205 (64.63%) [ns2_ftrl_eta0p1] | loss: 3.294094 | lrm: 0.71 | dt: 1687.66ms | tok/s: 310,660 | mfu: 35.46 | epoch: 1 | eta: 21.9m
step 01426/02205 (64.67%) [ns2_ftrl_eta0p1] | loss: 3.294628 | lrm: 0.71 | dt: 1692.13ms | tok/s: 309,838 | mfu: 35.37 | epoch: 1 | eta: 21.9m
step 01427/02205 (64.72%) [ns2_ftrl_eta0p1] | loss: 3.301808 | lrm: 0.71 | dt: 1689.62ms | tok/s: 310,298 | mfu: 35.42 | epoch: 1 | eta: 21.9m
step 01428/02205 (64.76%) [ns2_ftrl_eta0p1] | loss: 3.299962 | lrm: 0.71 | dt: 1696.04ms | tok/s: 309,125 | mfu: 35.29 | epoch: 1 | eta: 21.8m
step 01429/02205 (64.81%) [ns2_ftrl_eta0p1] | loss: 3.313483 | lrm: 0.70 | dt: 1689.18ms | tok/s: 310,379 | mfu: 35.43 | epoch: 1 | eta: 21.8m
step 01430/02205 (64.85%) [ns2_ftrl_eta0p1] | loss: 3.302612 | lrm: 0.70 | dt: 1694.87ms | tok/s: 309,338 | mfu: 35.31 | epoch: 1 | eta: 21.8m
step 01431/02205 (64.90%) [ns2_ftrl_eta0p1] | loss: 3.297777 | lrm: 0.70 | dt: 1694.40ms | tok/s: 309,423 | mfu: 35.32 | epoch: 1 | eta: 21.8m
step 01432/02205 (64.94%) [ns2_ftrl_eta0p1] | loss: 3.299734 | lrm: 0.70 | dt: 1690.64ms | tok/s: 310,111 | mfu: 35.40 | epoch: 1 | eta: 21.7m
step 01433/02205 (64.99%) [ns2_ftrl_eta0p1] | loss: 3.292879 | lrm: 0.70 | dt: 1692.64ms | tok/s: 309,745 | mfu: 35.36 | epoch: 1 | eta: 21.7m
step 01434/02205 (65.03%) [ns2_ftrl_eta0p1] | loss: 3.293666 | lrm: 0.70 | dt: 1689.50ms | tok/s: 310,321 | mfu: 35.42 | epoch: 1 | eta: 21.7m
step 01435/02205 (65.08%) [ns2_ftrl_eta0p1] | loss: 3.293859 | lrm: 0.70 | dt: 1695.25ms | tok/s: 309,269 | mfu: 35.30 | epoch: 1 | eta: 21.6m
step 01436/02205 (65.12%) [ns2_ftrl_eta0p1] | loss: 3.291773 | lrm: 0.70 | dt: 1695.11ms | tok/s: 309,294 | mfu: 35.31 | epoch: 1 | eta: 21.6m
step 01437/02205 (65.17%) [ns2_ftrl_eta0p1] | loss: 3.288070 | lrm: 0.70 | dt: 1691.50ms | tok/s: 309,954 | mfu: 35.38 | epoch: 1 | eta: 21.6m
step 01438/02205 (65.22%) [ns2_ftrl_eta0p1] | loss: 3.287687 | lrm: 0.70 | dt: 1691.95ms | tok/s: 309,872 | mfu: 35.37 | epoch: 1 | eta: 21.6m
step 01439/02205 (65.26%) [ns2_ftrl_eta0p1] | loss: 3.292191 | lrm: 0.70 | dt: 1691.14ms | tok/s: 310,021 | mfu: 35.39 | epoch: 1 | eta: 21.5m
step 01440/02205 (65.31%) [ns2_ftrl_eta0p1] | loss: 3.289032 | lrm: 0.69 | dt: 1692.18ms | tok/s: 309,829 | mfu: 35.37 | epoch: 1 | eta: 21.5m
step 01441/02205 (65.35%) [ns2_ftrl_eta0p1] | loss: 3.288091 | lrm: 0.69 | dt: 1693.82ms | tok/s: 309,530 | mfu: 35.33 | epoch: 1 | eta: 21.5m
step 01442/02205 (65.40%) [ns2_ftrl_eta0p1] | loss: 3.290419 | lrm: 0.69 | dt: 1686.85ms | tok/s: 310,809 | mfu: 35.48 | epoch: 1 | eta: 21.4m
step 01443/02205 (65.44%) [ns2_ftrl_eta0p1] | loss: 3.289757 | lrm: 0.69 | dt: 1691.67ms | tok/s: 309,922 | mfu: 35.38 | epoch: 1 | eta: 21.4m
step 01444/02205 (65.49%) [ns2_ftrl_eta0p1] | loss: 3.287623 | lrm: 0.69 | dt: 1694.18ms | tok/s: 309,464 | mfu: 35.33 | epoch: 1 | eta: 21.4m
step 01445/02205 (65.53%) [ns2_ftrl_eta0p1] | loss: 3.287861 | lrm: 0.69 | dt: 1686.95ms | tok/s: 310,790 | mfu: 35.48 | epoch: 1 | eta: 21.4m
step 01446/02205 (65.58%) [ns2_ftrl_eta0p1] | loss: 3.281428 | lrm: 0.69 | dt: 1690.21ms | tok/s: 310,191 | mfu: 35.41 | epoch: 1 | eta: 21.3m
step 01447/02205 (65.62%) [ns2_ftrl_eta0p1] | loss: 3.278817 | lrm: 0.69 | dt: 1690.59ms | tok/s: 310,121 | mfu: 35.40 | epoch: 1 | eta: 21.3m
step 01448/02205 (65.67%) [ns2_ftrl_eta0p1] | loss: 3.281649 | lrm: 0.69 | dt: 1691.45ms | tok/s: 309,963 | mfu: 35.38 | epoch: 1 | eta: 21.3m
step 01449/02205 (65.71%) [ns2_ftrl_eta0p1] | loss: 3.292328 | lrm: 0.69 | dt: 1692.35ms | tok/s: 309,798 | mfu: 35.36 | epoch: 1 | eta: 21.3m
step 01450/02205 (65.76%) [ns2_ftrl_eta0p1] | loss: 3.295504 | lrm: 0.69 | dt: 1691.98ms | tok/s: 309,866 | mfu: 35.37 | epoch: 1 | eta: 21.2m
step 01451/02205 (65.80%) [ns2_ftrl_eta0p1] | loss: 3.301433 | lrm: 0.68 | dt: 1688.59ms | tok/s: 310,488 | mfu: 35.44 | epoch: 1 | eta: 21.2m
step 01452/02205 (65.85%) [ns2_ftrl_eta0p1] | loss: 3.296620 | lrm: 0.68 | dt: 1685.30ms | tok/s: 311,095 | mfu: 35.51 | epoch: 1 | eta: 21.2m
step 01453/02205 (65.90%) [ns2_ftrl_eta0p1] | loss: 3.293164 | lrm: 0.68 | dt: 1693.05ms | tok/s: 309,670 | mfu: 35.35 | epoch: 1 | eta: 21.1m
step 01454/02205 (65.94%) [ns2_ftrl_eta0p1] | loss: 3.284998 | lrm: 0.68 | dt: 1686.65ms | tok/s: 310,845 | mfu: 35.48 | epoch: 1 | eta: 21.1m
step 01455/02205 (65.99%) [ns2_ftrl_eta0p1] | loss: 3.277952 | lrm: 0.68 | dt: 1685.65ms | tok/s: 311,029 | mfu: 35.50 | epoch: 1 | eta: 21.1m
step 01456/02205 (66.03%) [ns2_ftrl_eta0p1] | loss: 3.282025 | lrm: 0.68 | dt: 1686.35ms | tok/s: 310,901 | mfu: 35.49 | epoch: 1 | eta: 21.1m
step 01457/02205 (66.08%) [ns2_ftrl_eta0p1] | loss: 3.284225 | lrm: 0.68 | dt: 1694.57ms | tok/s: 309,392 | mfu: 35.32 | epoch: 1 | eta: 21.0m
step 01458/02205 (66.12%) [ns2_ftrl_eta0p1] | loss: 3.280933 | lrm: 0.68 | dt: 1687.73ms | tok/s: 310,647 | mfu: 35.46 | epoch: 1 | eta: 21.0m
step 01459/02205 (66.17%) [ns2_ftrl_eta0p1] | loss: 3.281394 | lrm: 0.68 | dt: 1688.37ms | tok/s: 310,528 | mfu: 35.45 | epoch: 1 | eta: 21.0m
step 01460/02205 (66.21%) [ns2_ftrl_eta0p1] | loss: 3.288547 | lrm: 0.68 | dt: 1691.55ms | tok/s: 309,945 | mfu: 35.38 | epoch: 1 | eta: 20.9m
step 01461/02205 (66.26%) [ns2_ftrl_eta0p1] | loss: 3.288595 | lrm: 0.68 | dt: 1688.91ms | tok/s: 310,429 | mfu: 35.44 | epoch: 1 | eta: 20.9m
step 01462/02205 (66.30%) [ns2_ftrl_eta0p1] | loss: 3.284396 | lrm: 0.67 | dt: 1688.56ms | tok/s: 310,494 | mfu: 35.44 | epoch: 1 | eta: 20.9m
step 01463/02205 (66.35%) [ns2_ftrl_eta0p1] | loss: 3.284482 | lrm: 0.67 | dt: 1684.40ms | tok/s: 311,261 | mfu: 35.53 | epoch: 1 | eta: 20.9m
step 01464/02205 (66.39%) [ns2_ftrl_eta0p1] | loss: 3.277194 | lrm: 0.67 | dt: 1685.02ms | tok/s: 311,146 | mfu: 35.52 | epoch: 1 | eta: 20.8m
step 01465/02205 (66.44%) [ns2_ftrl_eta0p1] | loss: 3.280557 | lrm: 0.67 | dt: 1682.06ms | tok/s: 311,693 | mfu: 35.58 | epoch: 1 | eta: 20.8m
step 01466/02205 (66.49%) [ns2_ftrl_eta0p1] | loss: 3.287549 | lrm: 0.67 | dt: 1685.28ms | tok/s: 311,097 | mfu: 35.51 | epoch: 1 | eta: 20.8m
step 01467/02205 (66.53%) [ns2_ftrl_eta0p1] | loss: 3.285765 | lrm: 0.67 | dt: 1686.75ms | tok/s: 310,827 | mfu: 35.48 | epoch: 1 | eta: 20.7m
step 01468/02205 (66.58%) [ns2_ftrl_eta0p1] | loss: 3.286143 | lrm: 0.67 | dt: 1675.57ms | tok/s: 312,901 | mfu: 35.72 | epoch: 1 | eta: 20.7m
step 01469/02205 (66.62%) [ns2_ftrl_eta0p1] | loss: 3.284306 | lrm: 0.67 | dt: 1684.63ms | tok/s: 311,218 | mfu: 35.53 | epoch: 1 | eta: 20.7m
step 01470/02205 (66.67%) [ns2_ftrl_eta0p1] | loss: 3.286231 | lrm: 0.67 | dt: 1680.13ms | tok/s: 312,051 | mfu: 35.62 | epoch: 1 | eta: 20.7m
step 01471/02205 (66.71%) [ns2_ftrl_eta0p1] | loss: 3.290422 | lrm: 0.67 | dt: 1682.98ms | tok/s: 311,522 | mfu: 35.56 | epoch: 1 | eta: 20.6m
step 01472/02205 (66.76%) [ns2_ftrl_eta0p1] | loss: 3.294066 | lrm: 0.67 | dt: 1685.37ms | tok/s: 311,081 | mfu: 35.51 | epoch: 1 | eta: 20.6m
step 01473/02205 (66.80%) [ns2_ftrl_eta0p1] | loss: 3.288253 | lrm: 0.66 | dt: 1687.25ms | tok/s: 310,734 | mfu: 35.47 | epoch: 1 | eta: 20.6m
step 01474/02205 (66.85%) [ns2_ftrl_eta0p1] | loss: 3.289414 | lrm: 0.66 | dt: 1680.98ms | tok/s: 311,894 | mfu: 35.60 | epoch: 1 | eta: 20.6m
step 01475/02205 (66.89%) [ns2_ftrl_eta0p1] | loss: 3.285720 | lrm: 0.66 | dt: 1678.35ms | tok/s: 312,383 | mfu: 35.66 | epoch: 1 | eta: 20.5m
step 01476/02205 (66.94%) [ns2_ftrl_eta0p1] | loss: 3.285252 | lrm: 0.66 | dt: 1681.23ms | tok/s: 311,848 | mfu: 35.60 | epoch: 1 | eta: 20.5m
step 01477/02205 (66.98%) [ns2_ftrl_eta0p1] | loss: 3.284553 | lrm: 0.66 | dt: 1674.81ms | tok/s: 313,042 | mfu: 35.73 | epoch: 1 | eta: 20.5m
step 01478/02205 (67.03%) [ns2_ftrl_eta0p1] | loss: 3.286576 | lrm: 0.66 | dt: 1681.98ms | tok/s: 311,709 | mfu: 35.58 | epoch: 1 | eta: 20.4m
step 01479/02205 (67.07%) [ns2_ftrl_eta0p1] | loss: 3.291683 | lrm: 0.66 | dt: 1683.68ms | tok/s: 311,394 | mfu: 35.55 | epoch: 1 | eta: 20.4m
step 01480/02205 (67.12%) [ns2_ftrl_eta0p1] | loss: 3.283526 | lrm: 0.66 | dt: 1673.75ms | tok/s: 313,242 | mfu: 35.76 | epoch: 1 | eta: 20.4m
step 01481/02205 (67.17%) [ns2_ftrl_eta0p1] | loss: 3.278862 | lrm: 0.66 | dt: 1685.33ms | tok/s: 311,088 | mfu: 35.51 | epoch: 1 | eta: 20.4m
step 01482/02205 (67.21%) [ns2_ftrl_eta0p1] | loss: 3.276077 | lrm: 0.66 | dt: 1686.08ms | tok/s: 310,950 | mfu: 35.50 | epoch: 1 | eta: 20.3m
step 01483/02205 (67.26%) [ns2_ftrl_eta0p1] | loss: 3.267530 | lrm: 0.66 | dt: 1684.74ms | tok/s: 311,198 | mfu: 35.52 | epoch: 1 | eta: 20.3m
step 01484/02205 (67.30%) [ns2_ftrl_eta0p1] | loss: 3.263122 | lrm: 0.65 | dt: 1683.33ms | tok/s: 311,459 | mfu: 35.55 | epoch: 1 | eta: 20.3m
step 01485/02205 (67.35%) [ns2_ftrl_eta0p1] | loss: 3.266551 | lrm: 0.65 | dt: 1681.91ms | tok/s: 311,721 | mfu: 35.58 | epoch: 1 | eta: 20.2m
step 01486/02205 (67.39%) [ns2_ftrl_eta0p1] | loss: 3.268540 | lrm: 0.65 | dt: 1674.96ms | tok/s: 313,014 | mfu: 35.73 | epoch: 1 | eta: 20.2m
step 01487/02205 (67.44%) [ns2_ftrl_eta0p1] | loss: 3.266233 | lrm: 0.65 | dt: 1675.78ms | tok/s: 312,861 | mfu: 35.71 | epoch: 1 | eta: 20.2m
step 01488/02205 (67.48%) [ns2_ftrl_eta0p1] | loss: 3.274211 | lrm: 0.65 | dt: 1686.98ms | tok/s: 310,784 | mfu: 35.48 | epoch: 1 | eta: 20.2m
step 01489/02205 (67.53%) [ns2_ftrl_eta0p1] | loss: 3.278533 | lrm: 0.65 | dt: 1681.06ms | tok/s: 311,880 | mfu: 35.60 | epoch: 1 | eta: 20.1m
step 01490/02205 (67.57%) [ns2_ftrl_eta0p1] | loss: 3.275187 | lrm: 0.65 | dt: 1686.69ms | tok/s: 310,838 | mfu: 35.48 | epoch: 1 | eta: 20.1m
step 01491/02205 (67.62%) [ns2_ftrl_eta0p1] | loss: 3.277104 | lrm: 0.65 | dt: 1679.93ms | tok/s: 312,089 | mfu: 35.63 | epoch: 1 | eta: 20.1m
step 01492/02205 (67.66%) [ns2_ftrl_eta0p1] | loss: 3.271897 | lrm: 0.65 | dt: 1684.13ms | tok/s: 311,311 | mfu: 35.54 | epoch: 1 | eta: 20.0m
step 01493/02205 (67.71%) [ns2_ftrl_eta0p1] | loss: 3.264943 | lrm: 0.65 | dt: 1684.52ms | tok/s: 311,238 | mfu: 35.53 | epoch: 1 | eta: 20.0m
step 01494/02205 (67.76%) [ns2_ftrl_eta0p1] | loss: 3.262924 | lrm: 0.65 | dt: 1677.61ms | tok/s: 312,520 | mfu: 35.67 | epoch: 1 | eta: 20.0m
step 01495/02205 (67.80%) [ns2_ftrl_eta0p1] | loss: 3.268008 | lrm: 0.64 | dt: 1683.62ms | tok/s: 311,405 | mfu: 35.55 | epoch: 1 | eta: 20.0m
step 01496/02205 (67.85%) [ns2_ftrl_eta0p1] | loss: 3.268969 | lrm: 0.64 | dt: 1684.93ms | tok/s: 311,163 | mfu: 35.52 | epoch: 1 | eta: 19.9m
step 01497/02205 (67.89%) [ns2_ftrl_eta0p1] | loss: 3.259856 | lrm: 0.64 | dt: 1680.42ms | tok/s: 311,997 | mfu: 35.61 | epoch: 1 | eta: 19.9m
step 01498/02205 (67.94%) [ns2_ftrl_eta0p1] | loss: 3.267469 | lrm: 0.64 | dt: 1681.13ms | tok/s: 311,866 | mfu: 35.60 | epoch: 1 | eta: 19.9m
step 01499/02205 (67.98%) [ns2_ftrl_eta0p1] | loss: 3.259045 | lrm: 0.64 | dt: 1682.48ms | tok/s: 311,615 | mfu: 35.57 | epoch: 1 | eta: 19.8m
Step 01500 | val bpb: 0.958944
step 01500/02205 (68.03%) [ns2_ftrl_eta0p1] | loss: 3.250129 | lrm: 0.64 | dt: 1649.58ms | tok/s: 317,830 | mfu: 36.28 | epoch: 1 | eta: 19.8m
step 01501/02205 (68.07%) [ns2_ftrl_eta0p1] | loss: 3.246304 | lrm: 0.64 | dt: 1679.26ms | tok/s: 312,212 | mfu: 35.64 | epoch: 1 | eta: 19.8m
step 01502/02205 (68.12%) [ns2_ftrl_eta0p1] | loss: 3.251033 | lrm: 0.64 | dt: 1674.03ms | tok/s: 313,188 | mfu: 35.75 | epoch: 1 | eta: 19.8m
step 01503/02205 (68.16%) [ns2_ftrl_eta0p1] | loss: 3.246008 | lrm: 0.64 | dt: 1677.70ms | tok/s: 312,503 | mfu: 35.67 | epoch: 1 | eta: 19.7m
step 01504/02205 (68.21%) [ns2_ftrl_eta0p1] | loss: 3.241906 | lrm: 0.64 | dt: 1663.40ms | tok/s: 315,191 | mfu: 35.98 | epoch: 1 | eta: 19.7m
step 01505/02205 (68.25%) [ns2_ftrl_eta0p1] | loss: 3.229885 | lrm: 0.64 | dt: 1668.08ms | tok/s: 314,307 | mfu: 35.88 | epoch: 1 | eta: 19.7m
step 01506/02205 (68.30%) [ns2_ftrl_eta0p1] | loss: 3.233445 | lrm: 0.63 | dt: 1670.44ms | tok/s: 313,861 | mfu: 35.83 | epoch: 1 | eta: 19.6m
step 01507/02205 (68.34%) [ns2_ftrl_eta0p1] | loss: 3.232185 | lrm: 0.63 | dt: 1673.22ms | tok/s: 313,340 | mfu: 35.77 | epoch: 1 | eta: 19.6m
step 01508/02205 (68.39%) [ns2_ftrl_eta0p1] | loss: 3.246392 | lrm: 0.63 | dt: 1668.82ms | tok/s: 314,167 | mfu: 35.86 | epoch: 1 | eta: 19.6m
step 01509/02205 (68.44%) [ns2_ftrl_eta0p1] | loss: 3.241940 | lrm: 0.63 | dt: 1675.09ms | tok/s: 312,990 | mfu: 35.73 | epoch: 1 | eta: 19.6m
step 01510/02205 (68.48%) [ns2_ftrl_eta0p1] | loss: 3.231103 | lrm: 0.63 | dt: 1671.58ms | tok/s: 313,647 | mfu: 35.80 | epoch: 1 | eta: 19.5m
step 01511/02205 (68.53%) [ns2_ftrl_eta0p1] | loss: 3.232934 | lrm: 0.63 | dt: 1674.04ms | tok/s: 313,187 | mfu: 35.75 | epoch: 1 | eta: 19.5m
step 01512/02205 (68.57%) [ns2_ftrl_eta0p1] | loss: 3.240881 | lrm: 0.63 | dt: 1677.67ms | tok/s: 312,508 | mfu: 35.67 | epoch: 1 | eta: 19.5m
step 01513/02205 (68.62%) [ns2_ftrl_eta0p1] | loss: 3.240375 | lrm: 0.63 | dt: 1684.52ms | tok/s: 311,238 | mfu: 35.53 | epoch: 1 | eta: 19.5m
step 01514/02205 (68.66%) [ns2_ftrl_eta0p1] | loss: 3.234057 | lrm: 0.63 | dt: 1673.44ms | tok/s: 313,298 | mfu: 35.76 | epoch: 1 | eta: 19.4m
step 01515/02205 (68.71%) [ns2_ftrl_eta0p1] | loss: 3.233540 | lrm: 0.63 | dt: 1678.47ms | tok/s: 312,361 | mfu: 35.66 | epoch: 1 | eta: 19.4m
step 01516/02205 (68.75%) [ns2_ftrl_eta0p1] | loss: 3.239080 | lrm: 0.63 | dt: 1680.42ms | tok/s: 311,998 | mfu: 35.61 | epoch: 1 | eta: 19.4m
step 01517/02205 (68.80%) [ns2_ftrl_eta0p1] | loss: 3.251158 | lrm: 0.62 | dt: 1680.19ms | tok/s: 312,041 | mfu: 35.62 | epoch: 1 | eta: 19.3m
step 01518/02205 (68.84%) [ns2_ftrl_eta0p1] | loss: 3.243624 | lrm: 0.62 | dt: 1669.61ms | tok/s: 314,018 | mfu: 35.85 | epoch: 1 | eta: 19.3m
step 01519/02205 (68.89%) [ns2_ftrl_eta0p1] | loss: 3.242112 | lrm: 0.62 | dt: 1676.65ms | tok/s: 312,699 | mfu: 35.70 | epoch: 1 | eta: 19.3m
step 01520/02205 (68.93%) [ns2_ftrl_eta0p1] | loss: 3.237316 | lrm: 0.62 | dt: 1685.74ms | tok/s: 311,012 | mfu: 35.50 | epoch: 1 | eta: 19.3m
step 01521/02205 (68.98%) [ns2_ftrl_eta0p1] | loss: 3.244546 | lrm: 0.62 | dt: 1676.54ms | tok/s: 312,719 | mfu: 35.70 | epoch: 1 | eta: 19.2m
step 01522/02205 (69.02%) [ns2_ftrl_eta0p1] | loss: 3.246344 | lrm: 0.62 | dt: 1680.18ms | tok/s: 312,042 | mfu: 35.62 | epoch: 1 | eta: 19.2m
step 01523/02205 (69.07%) [ns2_ftrl_eta0p1] | loss: 3.260004 | lrm: 0.62 | dt: 1687.16ms | tok/s: 310,752 | mfu: 35.47 | epoch: 1 | eta: 19.2m
step 01524/02205 (69.12%) [ns2_ftrl_eta0p1] | loss: 3.266334 | lrm: 0.62 | dt: 1686.95ms | tok/s: 310,791 | mfu: 35.48 | epoch: 1 | eta: 19.1m
step 01525/02205 (69.16%) [ns2_ftrl_eta0p1] | loss: 3.263457 | lrm: 0.62 | dt: 1685.17ms | tok/s: 311,118 | mfu: 35.51 | epoch: 1 | eta: 19.1m
step 01526/02205 (69.21%) [ns2_ftrl_eta0p1] | loss: 3.261479 | lrm: 0.62 | dt: 1678.95ms | tok/s: 312,271 | mfu: 35.65 | epoch: 1 | eta: 19.1m
step 01527/02205 (69.25%) [ns2_ftrl_eta0p1] | loss: 3.255753 | lrm: 0.62 | dt: 1677.30ms | tok/s: 312,579 | mfu: 35.68 | epoch: 1 | eta: 19.1m
step 01528/02205 (69.30%) [ns2_ftrl_eta0p1] | loss: 3.253125 | lrm: 0.61 | dt: 1682.77ms | tok/s: 311,561 | mfu: 35.57 | epoch: 1 | eta: 19.0m
step 01529/02205 (69.34%) [ns2_ftrl_eta0p1] | loss: 3.255774 | lrm: 0.61 | dt: 1685.28ms | tok/s: 311,099 | mfu: 35.51 | epoch: 1 | eta: 19.0m
step 01530/02205 (69.39%) [ns2_ftrl_eta0p1] | loss: 3.252795 | lrm: 0.61 | dt: 1682.29ms | tok/s: 311,651 | mfu: 35.58 | epoch: 1 | eta: 19.0m
step 01531/02205 (69.43%) [ns2_ftrl_eta0p1] | loss: 3.253055 | lrm: 0.61 | dt: 1679.21ms | tok/s: 312,223 | mfu: 35.64 | epoch: 1 | eta: 18.9m
step 01532/02205 (69.48%) [ns2_ftrl_eta0p1] | loss: 3.247323 | lrm: 0.61 | dt: 1685.09ms | tok/s: 311,133 | mfu: 35.52 | epoch: 1 | eta: 18.9m
step 01533/02205 (69.52%) [ns2_ftrl_eta0p1] | loss: 3.246124 | lrm: 0.61 | dt: 1680.79ms | tok/s: 311,929 | mfu: 35.61 | epoch: 1 | eta: 18.9m
step 01534/02205 (69.57%) [ns2_ftrl_eta0p1] | loss: 3.251874 | lrm: 0.61 | dt: 1694.50ms | tok/s: 309,405 | mfu: 35.32 | epoch: 1 | eta: 18.9m
step 01535/02205 (69.61%) [ns2_ftrl_eta0p1] | loss: 3.252946 | lrm: 0.61 | dt: 1678.62ms | tok/s: 312,333 | mfu: 35.65 | epoch: 1 | eta: 18.8m
step 01536/02205 (69.66%) [ns2_ftrl_eta0p1] | loss: 3.251644 | lrm: 0.61 | dt: 1685.77ms | tok/s: 311,008 | mfu: 35.50 | epoch: 1 | eta: 18.8m
step 01537/02205 (69.71%) [ns2_ftrl_eta0p1] | loss: 3.261563 | lrm: 0.61 | dt: 1682.76ms | tok/s: 311,564 | mfu: 35.57 | epoch: 1 | eta: 18.8m
step 01538/02205 (69.75%) [ns2_ftrl_eta0p1] | loss: 3.266822 | lrm: 0.61 | dt: 1689.46ms | tok/s: 310,328 | mfu: 35.42 | epoch: 1 | eta: 18.7m
step 01539/02205 (69.80%) [ns2_ftrl_eta0p1] | loss: 3.270350 | lrm: 0.60 | dt: 1686.96ms | tok/s: 310,788 | mfu: 35.48 | epoch: 1 | eta: 18.7m
step 01540/02205 (69.84%) [ns2_ftrl_eta0p1] | loss: 3.269775 | lrm: 0.60 | dt: 1683.99ms | tok/s: 311,336 | mfu: 35.54 | epoch: 1 | eta: 18.7m
step 01541/02205 (69.89%) [ns2_ftrl_eta0p1] | loss: 3.263773 | lrm: 0.60 | dt: 1685.69ms | tok/s: 311,022 | mfu: 35.50 | epoch: 1 | eta: 18.7m
step 01542/02205 (69.93%) [ns2_ftrl_eta0p1] | loss: 3.267585 | lrm: 0.60 | dt: 1685.99ms | tok/s: 310,967 | mfu: 35.50 | epoch: 1 | eta: 18.6m
step 01543/02205 (69.98%) [ns2_ftrl_eta0p1] | loss: 3.265679 | lrm: 0.60 | dt: 1684.25ms | tok/s: 311,288 | mfu: 35.53 | epoch: 1 | eta: 18.6m
step 01544/02205 (70.02%) [ns2_ftrl_eta0p1] | loss: 3.281444 | lrm: 0.60 | dt: 1686.39ms | tok/s: 310,893 | mfu: 35.49 | epoch: 1 | eta: 18.6m
step 01545/02205 (70.07%) [ns2_ftrl_eta0p1] | loss: 3.276604 | lrm: 0.60 | dt: 1688.48ms | tok/s: 310,509 | mfu: 35.45 | epoch: 1 | eta: 18.6m
step 01546/02205 (70.11%) [ns2_ftrl_eta0p1] | loss: 3.279573 | lrm: 0.60 | dt: 1684.88ms | tok/s: 311,171 | mfu: 35.52 | epoch: 1 | eta: 18.5m
step 01547/02205 (70.16%) [ns2_ftrl_eta0p1] | loss: 3.274131 | lrm: 0.60 | dt: 1685.70ms | tok/s: 311,021 | mfu: 35.50 | epoch: 1 | eta: 18.5m
step 01548/02205 (70.20%) [ns2_ftrl_eta0p1] | loss: 3.266869 | lrm: 0.60 | dt: 1682.87ms | tok/s: 311,543 | mfu: 35.56 | epoch: 1 | eta: 18.5m
step 01549/02205 (70.25%) [ns2_ftrl_eta0p1] | loss: 3.268814 | lrm: 0.60 | dt: 1688.00ms | tok/s: 310,597 | mfu: 35.46 | epoch: 1 | eta: 18.4m
step 01550/02205 (70.29%) [ns2_ftrl_eta0p1] | loss: 3.269990 | lrm: 0.59 | dt: 1694.88ms | tok/s: 309,336 | mfu: 35.31 | epoch: 1 | eta: 18.4m
step 01551/02205 (70.34%) [ns2_ftrl_eta0p1] | loss: 3.262480 | lrm: 0.59 | dt: 1686.91ms | tok/s: 310,796 | mfu: 35.48 | epoch: 1 | eta: 18.4m
step 01552/02205 (70.39%) [ns2_ftrl_eta0p1] | loss: 3.256510 | lrm: 0.59 | dt: 1685.25ms | tok/s: 311,103 | mfu: 35.51 | epoch: 1 | eta: 18.4m
step 01553/02205 (70.43%) [ns2_ftrl_eta0p1] | loss: 3.252890 | lrm: 0.59 | dt: 1691.56ms | tok/s: 309,944 | mfu: 35.38 | epoch: 1 | eta: 18.3m
step 01554/02205 (70.48%) [ns2_ftrl_eta0p1] | loss: 3.259852 | lrm: 0.59 | dt: 1685.81ms | tok/s: 311,001 | mfu: 35.50 | epoch: 1 | eta: 18.3m
step 01555/02205 (70.52%) [ns2_ftrl_eta0p1] | loss: 3.264283 | lrm: 0.59 | dt: 1691.89ms | tok/s: 309,882 | mfu: 35.37 | epoch: 1 | eta: 18.3m
step 01556/02205 (70.57%) [ns2_ftrl_eta0p1] | loss: 3.267491 | lrm: 0.59 | dt: 1690.66ms | tok/s: 310,107 | mfu: 35.40 | epoch: 1 | eta: 18.2m
step 01557/02205 (70.61%) [ns2_ftrl_eta0p1] | loss: 3.271614 | lrm: 0.59 | dt: 1679.42ms | tok/s: 312,183 | mfu: 35.64 | epoch: 1 | eta: 18.2m
step 01558/02205 (70.66%) [ns2_ftrl_eta0p1] | loss: 3.273547 | lrm: 0.59 | dt: 1685.58ms | tok/s: 311,043 | mfu: 35.51 | epoch: 1 | eta: 18.2m
step 01559/02205 (70.70%) [ns2_ftrl_eta0p1] | loss: 3.268621 | lrm: 0.59 | dt: 1689.59ms | tok/s: 310,305 | mfu: 35.42 | epoch: 1 | eta: 18.2m
step 01560/02205 (70.75%) [ns2_ftrl_eta0p1] | loss: 3.267679 | lrm: 0.59 | dt: 1691.03ms | tok/s: 310,041 | mfu: 35.39 | epoch: 1 | eta: 18.1m
step 01561/02205 (70.79%) [ns2_ftrl_eta0p1] | loss: 3.262558 | lrm: 0.58 | dt: 1690.32ms | tok/s: 310,170 | mfu: 35.41 | epoch: 1 | eta: 18.1m
step 01562/02205 (70.84%) [ns2_ftrl_eta0p1] | loss: 3.262164 | lrm: 0.58 | dt: 1686.42ms | tok/s: 310,888 | mfu: 35.49 | epoch: 1 | eta: 18.1m
step 01563/02205 (70.88%) [ns2_ftrl_eta0p1] | loss: 3.259415 | lrm: 0.58 | dt: 1684.00ms | tok/s: 311,335 | mfu: 35.54 | epoch: 1 | eta: 18.0m
step 01564/02205 (70.93%) [ns2_ftrl_eta0p1] | loss: 3.257756 | lrm: 0.58 | dt: 1690.95ms | tok/s: 310,054 | mfu: 35.39 | epoch: 1 | eta: 18.0m
step 01565/02205 (70.98%) [ns2_ftrl_eta0p1] | loss: 3.252488 | lrm: 0.58 | dt: 1689.44ms | tok/s: 310,332 | mfu: 35.42 | epoch: 1 | eta: 18.0m
step 01566/02205 (71.02%) [ns2_ftrl_eta0p1] | loss: 3.255418 | lrm: 0.58 | dt: 1692.60ms | tok/s: 309,753 | mfu: 35.36 | epoch: 1 | eta: 18.0m
step 01567/02205 (71.07%) [ns2_ftrl_eta0p1] | loss: 3.253268 | lrm: 0.58 | dt: 1688.79ms | tok/s: 310,452 | mfu: 35.44 | epoch: 1 | eta: 17.9m
step 01568/02205 (71.11%) [ns2_ftrl_eta0p1] | loss: 3.250379 | lrm: 0.58 | dt: 1686.55ms | tok/s: 310,864 | mfu: 35.49 | epoch: 1 | eta: 17.9m
step 01569/02205 (71.16%) [ns2_ftrl_eta0p1] | loss: 3.249325 | lrm: 0.58 | dt: 1683.07ms | tok/s: 311,507 | mfu: 35.56 | epoch: 1 | eta: 17.9m
step 01570/02205 (71.20%) [ns2_ftrl_eta0p1] | loss: 3.240247 | lrm: 0.58 | dt: 1690.79ms | tok/s: 310,084 | mfu: 35.40 | epoch: 1 | eta: 17.8m
step 01571/02205 (71.25%) [ns2_ftrl_eta0p1] | loss: 3.239254 | lrm: 0.58 | dt: 1689.10ms | tok/s: 310,394 | mfu: 35.43 | epoch: 1 | eta: 17.8m
step 01572/02205 (71.29%) [ns2_ftrl_eta0p1] | loss: 3.243300 | lrm: 0.57 | dt: 1683.28ms | tok/s: 311,467 | mfu: 35.55 | epoch: 1 | eta: 17.8m
step 01573/02205 (71.34%) [ns2_ftrl_eta0p1] | loss: 3.236822 | lrm: 0.57 | dt: 1686.36ms | tok/s: 310,898 | mfu: 35.49 | epoch: 1 | eta: 17.8m
step 01574/02205 (71.38%) [ns2_ftrl_eta0p1] | loss: 3.239587 | lrm: 0.57 | dt: 1690.00ms | tok/s: 310,229 | mfu: 35.41 | epoch: 1 | eta: 17.7m
step 01575/02205 (71.43%) [ns2_ftrl_eta0p1] | loss: 3.242999 | lrm: 0.57 | dt: 1690.73ms | tok/s: 310,096 | mfu: 35.40 | epoch: 1 | eta: 17.7m
step 01576/02205 (71.47%) [ns2_ftrl_eta0p1] | loss: 3.238424 | lrm: 0.57 | dt: 1688.52ms | tok/s: 310,501 | mfu: 35.44 | epoch: 1 | eta: 17.7m
step 01577/02205 (71.52%) [ns2_ftrl_eta0p1] | loss: 3.241807 | lrm: 0.57 | dt: 1691.77ms | tok/s: 309,904 | mfu: 35.38 | epoch: 1 | eta: 17.7m
step 01578/02205 (71.56%) [ns2_ftrl_eta0p1] | loss: 3.230539 | lrm: 0.57 | dt: 1690.94ms | tok/s: 310,056 | mfu: 35.39 | epoch: 1 | eta: 17.6m
step 01579/02205 (71.61%) [ns2_ftrl_eta0p1] | loss: 3.236276 | lrm: 0.57 | dt: 1689.14ms | tok/s: 310,386 | mfu: 35.43 | epoch: 1 | eta: 17.6m
step 01580/02205 (71.66%) [ns2_ftrl_eta0p1] | loss: 3.234028 | lrm: 0.57 | dt: 1690.44ms | tok/s: 310,148 | mfu: 35.40 | epoch: 1 | eta: 17.6m
step 01581/02205 (71.70%) [ns2_ftrl_eta0p1] | loss: 3.225611 | lrm: 0.57 | dt: 1692.02ms | tok/s: 309,859 | mfu: 35.37 | epoch: 1 | eta: 17.5m
step 01582/02205 (71.75%) [ns2_ftrl_eta0p1] | loss: 3.228022 | lrm: 0.57 | dt: 1691.33ms | tok/s: 309,985 | mfu: 35.39 | epoch: 1 | eta: 17.5m
step 01583/02205 (71.79%) [ns2_ftrl_eta0p1] | loss: 3.229095 | lrm: 0.56 | dt: 1689.49ms | tok/s: 310,323 | mfu: 35.42 | epoch: 1 | eta: 17.5m
step 01584/02205 (71.84%) [ns2_ftrl_eta0p1] | loss: 3.231324 | lrm: 0.56 | dt: 1693.08ms | tok/s: 309,665 | mfu: 35.35 | epoch: 1 | eta: 17.5m
step 01585/02205 (71.88%) [ns2_ftrl_eta0p1] | loss: 3.237176 | lrm: 0.56 | dt: 1691.73ms | tok/s: 309,911 | mfu: 35.38 | epoch: 1 | eta: 17.4m
step 01586/02205 (71.93%) [ns2_ftrl_eta0p1] | loss: 3.237273 | lrm: 0.56 | dt: 1694.90ms | tok/s: 309,333 | mfu: 35.31 | epoch: 1 | eta: 17.4m
step 01587/02205 (71.97%) [ns2_ftrl_eta0p1] | loss: 3.228118 | lrm: 0.56 | dt: 1689.75ms | tok/s: 310,275 | mfu: 35.42 | epoch: 1 | eta: 17.4m
step 01588/02205 (72.02%) [ns2_ftrl_eta0p1] | loss: 3.233370 | lrm: 0.56 | dt: 1690.25ms | tok/s: 310,183 | mfu: 35.41 | epoch: 1 | eta: 17.3m
step 01589/02205 (72.06%) [ns2_ftrl_eta0p1] | loss: 3.235129 | lrm: 0.56 | dt: 1682.85ms | tok/s: 311,548 | mfu: 35.56 | epoch: 1 | eta: 17.3m
step 01590/02205 (72.11%) [ns2_ftrl_eta0p1] | loss: 3.238495 | lrm: 0.56 | dt: 1685.70ms | tok/s: 311,020 | mfu: 35.50 | epoch: 1 | eta: 17.3m
step 01591/02205 (72.15%) [ns2_ftrl_eta0p1] | loss: 3.254687 | lrm: 0.56 | dt: 1689.91ms | tok/s: 310,245 | mfu: 35.41 | epoch: 1 | eta: 17.3m
step 01592/02205 (72.20%) [ns2_ftrl_eta0p1] | loss: 3.253193 | lrm: 0.56 | dt: 1693.72ms | tok/s: 309,548 | mfu: 35.34 | epoch: 1 | eta: 17.2m
step 01593/02205 (72.24%) [ns2_ftrl_eta0p1] | loss: 3.243743 | lrm: 0.56 | dt: 1689.84ms | tok/s: 310,259 | mfu: 35.42 | epoch: 1 | eta: 17.2m
step 01594/02205 (72.29%) [ns2_ftrl_eta0p1] | loss: 3.240867 | lrm: 0.55 | dt: 1694.61ms | tok/s: 309,386 | mfu: 35.32 | epoch: 1 | eta: 17.2m
step 01595/02205 (72.34%) [ns2_ftrl_eta0p1] | loss: 3.230100 | lrm: 0.55 | dt: 1692.46ms | tok/s: 309,779 | mfu: 35.36 | epoch: 1 | eta: 17.1m
step 01596/02205 (72.38%) [ns2_ftrl_eta0p1] | loss: 3.232664 | lrm: 0.55 | dt: 1690.07ms | tok/s: 310,216 | mfu: 35.41 | epoch: 1 | eta: 17.1m
step 01597/02205 (72.43%) [ns2_ftrl_eta0p1] | loss: 3.244187 | lrm: 0.55 | dt: 1695.71ms | tok/s: 309,184 | mfu: 35.29 | epoch: 1 | eta: 17.1m
step 01598/02205 (72.47%) [ns2_ftrl_eta0p1] | loss: 3.242982 | lrm: 0.55 | dt: 1691.27ms | tok/s: 309,996 | mfu: 35.39 | epoch: 1 | eta: 17.1m
step 01599/02205 (72.52%) [ns2_ftrl_eta0p1] | loss: 3.236929 | lrm: 0.55 | dt: 1693.68ms | tok/s: 309,556 | mfu: 35.34 | epoch: 1 | eta: 17.0m
step 01600/02205 (72.56%) [ns2_ftrl_eta0p1] | loss: 3.237632 | lrm: 0.55 | dt: 1691.81ms | tok/s: 309,898 | mfu: 35.38 | epoch: 1 | eta: 17.0m
step 01601/02205 (72.61%) [ns2_ftrl_eta0p1] | loss: 3.233034 | lrm: 0.55 | dt: 1690.90ms | tok/s: 310,065 | mfu: 35.39 | epoch: 1 | eta: 17.0m
step 01602/02205 (72.65%) [ns2_ftrl_eta0p1] | loss: 3.238324 | lrm: 0.55 | dt: 1691.83ms | tok/s: 309,893 | mfu: 35.37 | epoch: 1 | eta: 16.9m
step 01603/02205 (72.70%) [ns2_ftrl_eta0p1] | loss: 3.238824 | lrm: 0.55 | dt: 1686.19ms | tok/s: 310,930 | mfu: 35.49 | epoch: 1 | eta: 16.9m
step 01604/02205 (72.74%) [ns2_ftrl_eta0p1] | loss: 3.245949 | lrm: 0.55 | dt: 1688.99ms | tok/s: 310,414 | mfu: 35.43 | epoch: 1 | eta: 16.9m
step 01605/02205 (72.79%) [ns2_ftrl_eta0p1] | loss: 3.247764 | lrm: 0.54 | dt: 1687.40ms | tok/s: 310,707 | mfu: 35.47 | epoch: 1 | eta: 16.9m
step 01606/02205 (72.83%) [ns2_ftrl_eta0p1] | loss: 3.249709 | lrm: 0.54 | dt: 1686.64ms | tok/s: 310,848 | mfu: 35.48 | epoch: 1 | eta: 16.8m
step 01607/02205 (72.88%) [ns2_ftrl_eta0p1] | loss: 3.245228 | lrm: 0.54 | dt: 1687.06ms | tok/s: 310,770 | mfu: 35.47 | epoch: 1 | eta: 16.8m
step 01608/02205 (72.93%) [ns2_ftrl_eta0p1] | loss: 3.245870 | lrm: 0.54 | dt: 1693.05ms | tok/s: 309,671 | mfu: 35.35 | epoch: 1 | eta: 16.8m
step 01609/02205 (72.97%) [ns2_ftrl_eta0p1] | loss: 3.247869 | lrm: 0.54 | dt: 1688.06ms | tok/s: 310,586 | mfu: 35.45 | epoch: 1 | eta: 16.8m
step 01610/02205 (73.02%) [ns2_ftrl_eta0p1] | loss: 3.234714 | lrm: 0.54 | dt: 1691.57ms | tok/s: 309,942 | mfu: 35.38 | epoch: 1 | eta: 16.7m
step 01611/02205 (73.06%) [ns2_ftrl_eta0p1] | loss: 3.241683 | lrm: 0.54 | dt: 1690.21ms | tok/s: 310,191 | mfu: 35.41 | epoch: 1 | eta: 16.7m
step 01612/02205 (73.11%) [ns2_ftrl_eta0p1] | loss: 3.240884 | lrm: 0.54 | dt: 1687.94ms | tok/s: 310,607 | mfu: 35.46 | epoch: 1 | eta: 16.7m
step 01613/02205 (73.15%) [ns2_ftrl_eta0p1] | loss: 3.230777 | lrm: 0.54 | dt: 1683.33ms | tok/s: 311,458 | mfu: 35.55 | epoch: 1 | eta: 16.6m
step 01614/02205 (73.20%) [ns2_ftrl_eta0p1] | loss: 3.235049 | lrm: 0.54 | dt: 1692.37ms | tok/s: 309,795 | mfu: 35.36 | epoch: 1 | eta: 16.6m
step 01615/02205 (73.24%) [ns2_ftrl_eta0p1] | loss: 3.240473 | lrm: 0.54 | dt: 1687.05ms | tok/s: 310,772 | mfu: 35.48 | epoch: 1 | eta: 16.6m
step 01616/02205 (73.29%) [ns2_ftrl_eta0p1] | loss: 3.249205 | lrm: 0.53 | dt: 1689.00ms | tok/s: 310,412 | mfu: 35.43 | epoch: 1 | eta: 16.6m
step 01617/02205 (73.33%) [ns2_ftrl_eta0p1] | loss: 3.253689 | lrm: 0.53 | dt: 1686.79ms | tok/s: 310,819 | mfu: 35.48 | epoch: 1 | eta: 16.5m
step 01618/02205 (73.38%) [ns2_ftrl_eta0p1] | loss: 3.247403 | lrm: 0.53 | dt: 1693.18ms | tok/s: 309,647 | mfu: 35.35 | epoch: 1 | eta: 16.5m
step 01619/02205 (73.42%) [ns2_ftrl_eta0p1] | loss: 3.238067 | lrm: 0.53 | dt: 1691.07ms | tok/s: 310,033 | mfu: 35.39 | epoch: 1 | eta: 16.5m
step 01620/02205 (73.47%) [ns2_ftrl_eta0p1] | loss: 3.236029 | lrm: 0.53 | dt: 1692.64ms | tok/s: 309,745 | mfu: 35.36 | epoch: 1 | eta: 16.4m
step 01621/02205 (73.51%) [ns2_ftrl_eta0p1] | loss: 3.233924 | lrm: 0.53 | dt: 1690.76ms | tok/s: 310,089 | mfu: 35.40 | epoch: 1 | eta: 16.4m
step 01622/02205 (73.56%) [ns2_ftrl_eta0p1] | loss: 3.233839 | lrm: 0.53 | dt: 1693.12ms | tok/s: 309,657 | mfu: 35.35 | epoch: 1 | eta: 16.4m
step 01623/02205 (73.61%) [ns2_ftrl_eta0p1] | loss: 3.236918 | lrm: 0.53 | dt: 1684.89ms | tok/s: 311,171 | mfu: 35.52 | epoch: 1 | eta: 16.4m
step 01624/02205 (73.65%) [ns2_ftrl_eta0p1] | loss: 3.241443 | lrm: 0.53 | dt: 1690.67ms | tok/s: 310,106 | mfu: 35.40 | epoch: 1 | eta: 16.3m
step 01625/02205 (73.70%) [ns2_ftrl_eta0p1] | loss: 3.247869 | lrm: 0.53 | dt: 1694.96ms | tok/s: 309,320 | mfu: 35.31 | epoch: 1 | eta: 16.3m
step 01626/02205 (73.74%) [ns2_ftrl_eta0p1] | loss: 3.239466 | lrm: 0.53 | dt: 1691.22ms | tok/s: 310,005 | mfu: 35.39 | epoch: 1 | eta: 16.3m
step 01627/02205 (73.79%) [ns2_ftrl_eta0p1] | loss: 3.244646 | lrm: 0.52 | dt: 1686.65ms | tok/s: 310,845 | mfu: 35.48 | epoch: 1 | eta: 16.2m
step 01628/02205 (73.83%) [ns2_ftrl_eta0p1] | loss: 3.247709 | lrm: 0.52 | dt: 1692.19ms | tok/s: 309,827 | mfu: 35.37 | epoch: 1 | eta: 16.2m
step 01629/02205 (73.88%) [ns2_ftrl_eta0p1] | loss: 3.244359 | lrm: 0.52 | dt: 1688.87ms | tok/s: 310,437 | mfu: 35.44 | epoch: 1 | eta: 16.2m
step 01630/02205 (73.92%) [ns2_ftrl_eta0p1] | loss: 3.244473 | lrm: 0.52 | dt: 1687.37ms | tok/s: 310,713 | mfu: 35.47 | epoch: 1 | eta: 16.2m
step 01631/02205 (73.97%) [ns2_ftrl_eta0p1] | loss: 3.244689 | lrm: 0.52 | dt: 1694.10ms | tok/s: 309,479 | mfu: 35.33 | epoch: 1 | eta: 16.1m
step 01632/02205 (74.01%) [ns2_ftrl_eta0p1] | loss: 3.229302 | lrm: 0.52 | dt: 1691.56ms | tok/s: 309,944 | mfu: 35.38 | epoch: 1 | eta: 16.1m
step 01633/02205 (74.06%) [ns2_ftrl_eta0p1] | loss: 3.226739 | lrm: 0.52 | dt: 1692.50ms | tok/s: 309,770 | mfu: 35.36 | epoch: 1 | eta: 16.1m
step 01634/02205 (74.10%) [ns2_ftrl_eta0p1] | loss: 3.227381 | lrm: 0.52 | dt: 1688.82ms | tok/s: 310,446 | mfu: 35.44 | epoch: 1 | eta: 16.1m
step 01635/02205 (74.15%) [ns2_ftrl_eta0p1] | loss: 3.218893 | lrm: 0.52 | dt: 1695.84ms | tok/s: 309,160 | mfu: 35.29 | epoch: 1 | eta: 16.0m
step 01636/02205 (74.20%) [ns2_ftrl_eta0p1] | loss: 3.215742 | lrm: 0.52 | dt: 1688.69ms | tok/s: 310,470 | mfu: 35.44 | epoch: 1 | eta: 16.0m
step 01637/02205 (74.24%) [ns2_ftrl_eta0p1] | loss: 3.220387 | lrm: 0.52 | dt: 1688.10ms | tok/s: 310,579 | mfu: 35.45 | epoch: 1 | eta: 16.0m
step 01638/02205 (74.29%) [ns2_ftrl_eta0p1] | loss: 3.222891 | lrm: 0.51 | dt: 1683.82ms | tok/s: 311,368 | mfu: 35.54 | epoch: 1 | eta: 15.9m
step 01639/02205 (74.33%) [ns2_ftrl_eta0p1] | loss: 3.228487 | lrm: 0.51 | dt: 1686.32ms | tok/s: 310,906 | mfu: 35.49 | epoch: 1 | eta: 15.9m
step 01640/02205 (74.38%) [ns2_ftrl_eta0p1] | loss: 3.220302 | lrm: 0.51 | dt: 1689.53ms | tok/s: 310,315 | mfu: 35.42 | epoch: 1 | eta: 15.9m
step 01641/02205 (74.42%) [ns2_ftrl_eta0p1] | loss: 3.223412 | lrm: 0.51 | dt: 1689.86ms | tok/s: 310,256 | mfu: 35.42 | epoch: 1 | eta: 15.9m
step 01642/02205 (74.47%) [ns2_ftrl_eta0p1] | loss: 3.223680 | lrm: 0.51 | dt: 1686.92ms | tok/s: 310,795 | mfu: 35.48 | epoch: 1 | eta: 15.8m
step 01643/02205 (74.51%) [ns2_ftrl_eta0p1] | loss: 3.228392 | lrm: 0.51 | dt: 1689.60ms | tok/s: 310,303 | mfu: 35.42 | epoch: 1 | eta: 15.8m
step 01644/02205 (74.56%) [ns2_ftrl_eta0p1] | loss: 3.238316 | lrm: 0.51 | dt: 1687.44ms | tok/s: 310,701 | mfu: 35.47 | epoch: 1 | eta: 15.8m
step 01645/02205 (74.60%) [ns2_ftrl_eta0p1] | loss: 3.235353 | lrm: 0.51 | dt: 1687.57ms | tok/s: 310,676 | mfu: 35.46 | epoch: 1 | eta: 15.7m
step 01646/02205 (74.65%) [ns2_ftrl_eta0p1] | loss: 3.239753 | lrm: 0.51 | dt: 1691.29ms | tok/s: 309,993 | mfu: 35.39 | epoch: 1 | eta: 15.7m
step 01647/02205 (74.69%) [ns2_ftrl_eta0p1] | loss: 3.224976 | lrm: 0.51 | dt: 1689.24ms | tok/s: 310,368 | mfu: 35.43 | epoch: 1 | eta: 15.7m
step 01648/02205 (74.74%) [ns2_ftrl_eta0p1] | loss: 3.222221 | lrm: 0.51 | dt: 1695.33ms | tok/s: 309,253 | mfu: 35.30 | epoch: 1 | eta: 15.7m
step 01649/02205 (74.78%) [ns2_ftrl_eta0p1] | loss: 3.212526 | lrm: 0.50 | dt: 1687.20ms | tok/s: 310,744 | mfu: 35.47 | epoch: 1 | eta: 15.6m
step 01650/02205 (74.83%) [ns2_ftrl_eta0p1] | loss: 3.212304 | lrm: 0.50 | dt: 1691.10ms | tok/s: 310,027 | mfu: 35.39 | epoch: 1 | eta: 15.6m
step 01651/02205 (74.88%) [ns2_ftrl_eta0p1] | loss: 3.205626 | lrm: 0.50 | dt: 1691.79ms | tok/s: 309,901 | mfu: 35.38 | epoch: 1 | eta: 15.6m
step 01652/02205 (74.92%) [ns2_ftrl_eta0p1] | loss: 3.195753 | lrm: 0.50 | dt: 1692.35ms | tok/s: 309,799 | mfu: 35.36 | epoch: 1 | eta: 15.5m
step 01653/02205 (74.97%) [ns2_ftrl_eta0p1] | loss: 3.195476 | lrm: 0.50 | dt: 1692.81ms | tok/s: 309,715 | mfu: 35.35 | epoch: 1 | eta: 15.5m
step 01654/02205 (75.01%) [ns2_ftrl_eta0p1] | loss: 3.197145 | lrm: 0.50 | dt: 1687.93ms | tok/s: 310,610 | mfu: 35.46 | epoch: 1 | eta: 15.5m
step 01655/02205 (75.06%) [ns2_ftrl_eta0p1] | loss: 3.186181 | lrm: 0.50 | dt: 1691.49ms | tok/s: 309,956 | mfu: 35.38 | epoch: 1 | eta: 15.5m
step 01656/02205 (75.10%) [ns2_ftrl_eta0p1] | loss: 3.191945 | lrm: 0.50 | dt: 1690.11ms | tok/s: 310,209 | mfu: 35.41 | epoch: 1 | eta: 15.4m
step 01657/02205 (75.15%) [ns2_ftrl_eta0p1] | loss: 3.200170 | lrm: 0.50 | dt: 1691.43ms | tok/s: 309,966 | mfu: 35.38 | epoch: 1 | eta: 15.4m
step 01658/02205 (75.19%) [ns2_ftrl_eta0p1] | loss: 3.196972 | lrm: 0.50 | dt: 1688.37ms | tok/s: 310,528 | mfu: 35.45 | epoch: 1 | eta: 15.4m
step 01659/02205 (75.24%) [ns2_ftrl_eta0p1] | loss: 3.200424 | lrm: 0.50 | dt: 1682.81ms | tok/s: 311,555 | mfu: 35.56 | epoch: 1 | eta: 15.3m
step 01660/02205 (75.28%) [ns2_ftrl_eta0p1] | loss: 3.195100 | lrm: 0.49 | dt: 1691.34ms | tok/s: 309,983 | mfu: 35.38 | epoch: 1 | eta: 15.3m
step 01661/02205 (75.33%) [ns2_ftrl_eta0p1] | loss: 3.204253 | lrm: 0.49 | dt: 1685.11ms | tok/s: 311,129 | mfu: 35.52 | epoch: 1 | eta: 15.3m
step 01662/02205 (75.37%) [ns2_ftrl_eta0p1] | loss: 3.204152 | lrm: 0.49 | dt: 1683.48ms | tok/s: 311,430 | mfu: 35.55 | epoch: 1 | eta: 15.3m
step 01663/02205 (75.42%) [ns2_ftrl_eta0p1] | loss: 3.203581 | lrm: 0.49 | dt: 1687.58ms | tok/s: 310,674 | mfu: 35.46 | epoch: 1 | eta: 15.2m
step 01664/02205 (75.46%) [ns2_ftrl_eta0p1] | loss: 3.210097 | lrm: 0.49 | dt: 1692.55ms | tok/s: 309,762 | mfu: 35.36 | epoch: 1 | eta: 15.2m
step 01665/02205 (75.51%) [ns2_ftrl_eta0p1] | loss: 3.222264 | lrm: 0.49 | dt: 1692.35ms | tok/s: 309,798 | mfu: 35.36 | epoch: 1 | eta: 15.2m
step 01666/02205 (75.56%) [ns2_ftrl_eta0p1] | loss: 3.228455 | lrm: 0.49 | dt: 1686.68ms | tok/s: 310,840 | mfu: 35.48 | epoch: 1 | eta: 15.2m
step 01667/02205 (75.60%) [ns2_ftrl_eta0p1] | loss: 3.222233 | lrm: 0.49 | dt: 1689.98ms | tok/s: 310,233 | mfu: 35.41 | epoch: 1 | eta: 15.1m
step 01668/02205 (75.65%) [ns2_ftrl_eta0p1] | loss: 3.224114 | lrm: 0.49 | dt: 1693.93ms | tok/s: 309,508 | mfu: 35.33 | epoch: 1 | eta: 15.1m
step 01669/02205 (75.69%) [ns2_ftrl_eta0p1] | loss: 3.228075 | lrm: 0.49 | dt: 1692.96ms | tok/s: 309,687 | mfu: 35.35 | epoch: 1 | eta: 15.1m
step 01670/02205 (75.74%) [ns2_ftrl_eta0p1] | loss: 3.226889 | lrm: 0.49 | dt: 1678.59ms | tok/s: 312,338 | mfu: 35.65 | epoch: 1 | eta: 15.0m
step 01671/02205 (75.78%) [ns2_ftrl_eta0p1] | loss: 3.216695 | lrm: 0.48 | dt: 1690.13ms | tok/s: 310,206 | mfu: 35.41 | epoch: 1 | eta: 15.0m
step 01672/02205 (75.83%) [ns2_ftrl_eta0p1] | loss: 3.214323 | lrm: 0.48 | dt: 1686.01ms | tok/s: 310,964 | mfu: 35.50 | epoch: 1 | eta: 15.0m
step 01673/02205 (75.87%) [ns2_ftrl_eta0p1] | loss: 3.222867 | lrm: 0.48 | dt: 1686.97ms | tok/s: 310,786 | mfu: 35.48 | epoch: 1 | eta: 15.0m
step 01674/02205 (75.92%) [ns2_ftrl_eta0p1] | loss: 3.212361 | lrm: 0.48 | dt: 1685.27ms | tok/s: 311,100 | mfu: 35.51 | epoch: 1 | eta: 14.9m
step 01675/02205 (75.96%) [ns2_ftrl_eta0p1] | loss: 3.194495 | lrm: 0.48 | dt: 1691.04ms | tok/s: 310,038 | mfu: 35.39 | epoch: 1 | eta: 14.9m
step 01676/02205 (76.01%) [ns2_ftrl_eta0p1] | loss: 3.197408 | lrm: 0.48 | dt: 1687.98ms | tok/s: 310,600 | mfu: 35.46 | epoch: 1 | eta: 14.9m
step 01677/02205 (76.05%) [ns2_ftrl_eta0p1] | loss: 3.203077 | lrm: 0.48 | dt: 1691.39ms | tok/s: 309,974 | mfu: 35.38 | epoch: 1 | eta: 14.8m
step 01678/02205 (76.10%) [ns2_ftrl_eta0p1] | loss: 3.209172 | lrm: 0.48 | dt: 1689.40ms | tok/s: 310,339 | mfu: 35.43 | epoch: 1 | eta: 14.8m
step 01679/02205 (76.15%) [ns2_ftrl_eta0p1] | loss: 3.207633 | lrm: 0.48 | dt: 1694.15ms | tok/s: 309,469 | mfu: 35.33 | epoch: 1 | eta: 14.8m
step 01680/02205 (76.19%) [ns2_ftrl_eta0p1] | loss: 3.210872 | lrm: 0.48 | dt: 1687.55ms | tok/s: 310,680 | mfu: 35.46 | epoch: 1 | eta: 14.8m
step 01681/02205 (76.24%) [ns2_ftrl_eta0p1] | loss: 3.208021 | lrm: 0.48 | dt: 1687.83ms | tok/s: 310,628 | mfu: 35.46 | epoch: 1 | eta: 14.7m
step 01682/02205 (76.28%) [ns2_ftrl_eta0p1] | loss: 3.211821 | lrm: 0.47 | dt: 1689.23ms | tok/s: 310,371 | mfu: 35.43 | epoch: 1 | eta: 14.7m
step 01683/02205 (76.33%) [ns2_ftrl_eta0p1] | loss: 3.213562 | lrm: 0.47 | dt: 1688.61ms | tok/s: 310,484 | mfu: 35.44 | epoch: 1 | eta: 14.7m
step 01684/02205 (76.37%) [ns2_ftrl_eta0p1] | loss: 3.213425 | lrm: 0.47 | dt: 1690.49ms | tok/s: 310,139 | mfu: 35.40 | epoch: 1 | eta: 14.6m
step 01685/02205 (76.42%) [ns2_ftrl_eta0p1] | loss: 3.216303 | lrm: 0.47 | dt: 1685.52ms | tok/s: 311,054 | mfu: 35.51 | epoch: 1 | eta: 14.6m
step 01686/02205 (76.46%) [ns2_ftrl_eta0p1] | loss: 3.210909 | lrm: 0.47 | dt: 1685.53ms | tok/s: 311,051 | mfu: 35.51 | epoch: 1 | eta: 14.6m
step 01687/02205 (76.51%) [ns2_ftrl_eta0p1] | loss: 3.208903 | lrm: 0.47 | dt: 1688.49ms | tok/s: 310,507 | mfu: 35.44 | epoch: 1 | eta: 14.6m
step 01688/02205 (76.55%) [ns2_ftrl_eta0p1] | loss: 3.216343 | lrm: 0.47 | dt: 1682.96ms | tok/s: 311,527 | mfu: 35.56 | epoch: 1 | eta: 14.5m
step 01689/02205 (76.60%) [ns2_ftrl_eta0p1] | loss: 3.217238 | lrm: 0.47 | dt: 1695.44ms | tok/s: 309,235 | mfu: 35.30 | epoch: 1 | eta: 14.5m
step 01690/02205 (76.64%) [ns2_ftrl_eta0p1] | loss: 3.207648 | lrm: 0.47 | dt: 1690.65ms | tok/s: 310,109 | mfu: 35.40 | epoch: 1 | eta: 14.5m
step 01691/02205 (76.69%) [ns2_ftrl_eta0p1] | loss: 3.212414 | lrm: 0.47 | dt: 1688.43ms | tok/s: 310,517 | mfu: 35.45 | epoch: 1 | eta: 14.4m
step 01692/02205 (76.73%) [ns2_ftrl_eta0p1] | loss: 3.207473 | lrm: 0.47 | dt: 1688.27ms | tok/s: 310,548 | mfu: 35.45 | epoch: 1 | eta: 14.4m
step 01693/02205 (76.78%) [ns2_ftrl_eta0p1] | loss: 3.203907 | lrm: 0.46 | dt: 1696.57ms | tok/s: 309,028 | mfu: 35.28 | epoch: 1 | eta: 14.4m
step 01694/02205 (76.83%) [ns2_ftrl_eta0p1] | loss: 3.202070 | lrm: 0.46 | dt: 1692.43ms | tok/s: 309,783 | mfu: 35.36 | epoch: 1 | eta: 14.4m
step 01695/02205 (76.87%) [ns2_ftrl_eta0p1] | loss: 3.197634 | lrm: 0.46 | dt: 1688.98ms | tok/s: 310,416 | mfu: 35.43 | epoch: 1 | eta: 14.3m
step 01696/02205 (76.92%) [ns2_ftrl_eta0p1] | loss: 3.200536 | lrm: 0.46 | dt: 1688.52ms | tok/s: 310,502 | mfu: 35.44 | epoch: 1 | eta: 14.3m
step 01697/02205 (76.96%) [ns2_ftrl_eta0p1] | loss: 3.195674 | lrm: 0.46 | dt: 1686.75ms | tok/s: 310,827 | mfu: 35.48 | epoch: 1 | eta: 14.3m
step 01698/02205 (77.01%) [ns2_ftrl_eta0p1] | loss: 3.200546 | lrm: 0.46 | dt: 1690.30ms | tok/s: 310,174 | mfu: 35.41 | epoch: 1 | eta: 14.3m
step 01699/02205 (77.05%) [ns2_ftrl_eta0p1] | loss: 3.203988 | lrm: 0.46 | dt: 1693.08ms | tok/s: 309,664 | mfu: 35.35 | epoch: 1 | eta: 14.2m
step 01700/02205 (77.10%) [ns2_ftrl_eta0p1] | loss: 3.197413 | lrm: 0.46 | dt: 1692.81ms | tok/s: 309,715 | mfu: 35.35 | epoch: 1 | eta: 14.2m
step 01701/02205 (77.14%) [ns2_ftrl_eta0p1] | loss: 3.197706 | lrm: 0.46 | dt: 1691.25ms | tok/s: 309,999 | mfu: 35.39 | epoch: 1 | eta: 14.2m
step 01702/02205 (77.19%) [ns2_ftrl_eta0p1] | loss: 3.200360 | lrm: 0.46 | dt: 1692.52ms | tok/s: 309,767 | mfu: 35.36 | epoch: 1 | eta: 14.1m
step 01703/02205 (77.23%) [ns2_ftrl_eta0p1] | loss: 3.209414 | lrm: 0.46 | dt: 1693.86ms | tok/s: 309,522 | mfu: 35.33 | epoch: 1 | eta: 14.1m
step 01704/02205 (77.28%) [ns2_ftrl_eta0p1] | loss: 3.215933 | lrm: 0.45 | dt: 1690.77ms | tok/s: 310,087 | mfu: 35.40 | epoch: 1 | eta: 14.1m
step 01705/02205 (77.32%) [ns2_ftrl_eta0p1] | loss: 3.222320 | lrm: 0.45 | dt: 1693.60ms | tok/s: 309,569 | mfu: 35.34 | epoch: 1 | eta: 14.1m
step 01706/02205 (77.37%) [ns2_ftrl_eta0p1] | loss: 3.216800 | lrm: 0.45 | dt: 1692.44ms | tok/s: 309,781 | mfu: 35.36 | epoch: 1 | eta: 14.0m
step 01707/02205 (77.41%) [ns2_ftrl_eta0p1] | loss: 3.203956 | lrm: 0.45 | dt: 1693.03ms | tok/s: 309,674 | mfu: 35.35 | epoch: 1 | eta: 14.0m
step 01708/02205 (77.46%) [ns2_ftrl_eta0p1] | loss: 3.212192 | lrm: 0.45 | dt: 1691.20ms | tok/s: 310,008 | mfu: 35.39 | epoch: 1 | eta: 14.0m
step 01709/02205 (77.51%) [ns2_ftrl_eta0p1] | loss: 3.211589 | lrm: 0.45 | dt: 1692.95ms | tok/s: 309,688 | mfu: 35.35 | epoch: 1 | eta: 13.9m
step 01710/02205 (77.55%) [ns2_ftrl_eta0p1] | loss: 3.210285 | lrm: 0.45 | dt: 1693.45ms | tok/s: 309,597 | mfu: 35.34 | epoch: 1 | eta: 13.9m
step 01711/02205 (77.60%) [ns2_ftrl_eta0p1] | loss: 3.204496 | lrm: 0.45 | dt: 1692.54ms | tok/s: 309,764 | mfu: 35.36 | epoch: 1 | eta: 13.9m
step 01712/02205 (77.64%) [ns2_ftrl_eta0p1] | loss: 3.207312 | lrm: 0.45 | dt: 1691.62ms | tok/s: 309,933 | mfu: 35.38 | epoch: 1 | eta: 13.9m
step 01713/02205 (77.69%) [ns2_ftrl_eta0p1] | loss: 3.204286 | lrm: 0.45 | dt: 1692.31ms | tok/s: 309,806 | mfu: 35.36 | epoch: 1 | eta: 13.8m
step 01714/02205 (77.73%) [ns2_ftrl_eta0p1] | loss: 3.209909 | lrm: 0.45 | dt: 1692.59ms | tok/s: 309,755 | mfu: 35.36 | epoch: 1 | eta: 13.8m
step 01715/02205 (77.78%) [ns2_ftrl_eta0p1] | loss: 3.208342 | lrm: 0.44 | dt: 1694.35ms | tok/s: 309,432 | mfu: 35.32 | epoch: 1 | eta: 13.8m
step 01716/02205 (77.82%) [ns2_ftrl_eta0p1] | loss: 3.216506 | lrm: 0.44 | dt: 1689.35ms | tok/s: 310,348 | mfu: 35.43 | epoch: 1 | eta: 13.7m
step 01717/02205 (77.87%) [ns2_ftrl_eta0p1] | loss: 3.219301 | lrm: 0.44 | dt: 1691.84ms | tok/s: 309,892 | mfu: 35.37 | epoch: 1 | eta: 13.7m
step 01718/02205 (77.91%) [ns2_ftrl_eta0p1] | loss: 3.220196 | lrm: 0.44 | dt: 1692.02ms | tok/s: 309,859 | mfu: 35.37 | epoch: 1 | eta: 13.7m
step 01719/02205 (77.96%) [ns2_ftrl_eta0p1] | loss: 3.216127 | lrm: 0.44 | dt: 1692.73ms | tok/s: 309,729 | mfu: 35.36 | epoch: 1 | eta: 13.7m
step 01720/02205 (78.00%) [ns2_ftrl_eta0p1] | loss: 3.209981 | lrm: 0.44 | dt: 1691.99ms | tok/s: 309,865 | mfu: 35.37 | epoch: 1 | eta: 13.6m
step 01721/02205 (78.05%) [ns2_ftrl_eta0p1] | loss: 3.223532 | lrm: 0.44 | dt: 1694.26ms | tok/s: 309,449 | mfu: 35.32 | epoch: 1 | eta: 13.6m
step 01722/02205 (78.10%) [ns2_ftrl_eta0p1] | loss: 3.216949 | lrm: 0.44 | dt: 1687.15ms | tok/s: 310,753 | mfu: 35.47 | epoch: 1 | eta: 13.6m
step 01723/02205 (78.14%) [ns2_ftrl_eta0p1] | loss: 3.218364 | lrm: 0.44 | dt: 1694.46ms | tok/s: 309,413 | mfu: 35.32 | epoch: 1 | eta: 13.6m
step 01724/02205 (78.19%) [ns2_ftrl_eta0p1] | loss: 3.214443 | lrm: 0.44 | dt: 1691.76ms | tok/s: 309,906 | mfu: 35.38 | epoch: 1 | eta: 13.5m
step 01725/02205 (78.23%) [ns2_ftrl_eta0p1] | loss: 3.209097 | lrm: 0.44 | dt: 1689.96ms | tok/s: 310,237 | mfu: 35.41 | epoch: 1 | eta: 13.5m
step 01726/02205 (78.28%) [ns2_ftrl_eta0p1] | loss: 3.210789 | lrm: 0.43 | dt: 1690.99ms | tok/s: 310,047 | mfu: 35.39 | epoch: 1 | eta: 13.5m
step 01727/02205 (78.32%) [ns2_ftrl_eta0p1] | loss: 3.210890 | lrm: 0.43 | dt: 1691.86ms | tok/s: 309,887 | mfu: 35.37 | epoch: 1 | eta: 13.4m
step 01728/02205 (78.37%) [ns2_ftrl_eta0p1] | loss: 3.211991 | lrm: 0.43 | dt: 1688.17ms | tok/s: 310,566 | mfu: 35.45 | epoch: 1 | eta: 13.4m
step 01729/02205 (78.41%) [ns2_ftrl_eta0p1] | loss: 3.229549 | lrm: 0.43 | dt: 1695.26ms | tok/s: 309,266 | mfu: 35.30 | epoch: 1 | eta: 13.4m
step 01730/02205 (78.46%) [ns2_ftrl_eta0p1] | loss: 3.235373 | lrm: 0.43 | dt: 1692.69ms | tok/s: 309,736 | mfu: 35.36 | epoch: 1 | eta: 13.4m
step 01731/02205 (78.50%) [ns2_ftrl_eta0p1] | loss: 3.227945 | lrm: 0.43 | dt: 1690.27ms | tok/s: 310,179 | mfu: 35.41 | epoch: 1 | eta: 13.3m
step 01732/02205 (78.55%) [ns2_ftrl_eta0p1] | loss: 3.221330 | lrm: 0.43 | dt: 1692.60ms | tok/s: 309,753 | mfu: 35.36 | epoch: 1 | eta: 13.3m
step 01733/02205 (78.59%) [ns2_ftrl_eta0p1] | loss: 3.221137 | lrm: 0.43 | dt: 1690.50ms | tok/s: 310,137 | mfu: 35.40 | epoch: 1 | eta: 13.3m
step 01734/02205 (78.64%) [ns2_ftrl_eta0p1] | loss: 3.224701 | lrm: 0.43 | dt: 1690.61ms | tok/s: 310,116 | mfu: 35.40 | epoch: 1 | eta: 13.2m
step 01735/02205 (78.68%) [ns2_ftrl_eta0p1] | loss: 3.225099 | lrm: 0.43 | dt: 1694.01ms | tok/s: 309,495 | mfu: 35.33 | epoch: 1 | eta: 13.2m
step 01736/02205 (78.73%) [ns2_ftrl_eta0p1] | loss: 3.223270 | lrm: 0.43 | dt: 1692.12ms | tok/s: 309,841 | mfu: 35.37 | epoch: 1 | eta: 13.2m
step 01737/02205 (78.78%) [ns2_ftrl_eta0p1] | loss: 3.223910 | lrm: 0.42 | dt: 1690.83ms | tok/s: 310,076 | mfu: 35.40 | epoch: 1 | eta: 13.2m
step 01738/02205 (78.82%) [ns2_ftrl_eta0p1] | loss: 3.218529 | lrm: 0.42 | dt: 1693.48ms | tok/s: 309,592 | mfu: 35.34 | epoch: 1 | eta: 13.1m
step 01739/02205 (78.87%) [ns2_ftrl_eta0p1] | loss: 3.221515 | lrm: 0.42 | dt: 1693.08ms | tok/s: 309,666 | mfu: 35.35 | epoch: 1 | eta: 13.1m
step 01740/02205 (78.91%) [ns2_ftrl_eta0p1] | loss: 3.215732 | lrm: 0.42 | dt: 1692.07ms | tok/s: 309,850 | mfu: 35.37 | epoch: 1 | eta: 13.1m
step 01741/02205 (78.96%) [ns2_ftrl_eta0p1] | loss: 3.218056 | lrm: 0.42 | dt: 1695.38ms | tok/s: 309,245 | mfu: 35.30 | epoch: 1 | eta: 13.0m
step 01742/02205 (79.00%) [ns2_ftrl_eta0p1] | loss: 3.207748 | lrm: 0.42 | dt: 1690.11ms | tok/s: 310,209 | mfu: 35.41 | epoch: 1 | eta: 13.0m
step 01743/02205 (79.05%) [ns2_ftrl_eta0p1] | loss: 3.197582 | lrm: 0.42 | dt: 1693.96ms | tok/s: 309,504 | mfu: 35.33 | epoch: 1 | eta: 13.0m
step 01744/02205 (79.09%) [ns2_ftrl_eta0p1] | loss: 3.192374 | lrm: 0.42 | dt: 1690.95ms | tok/s: 310,055 | mfu: 35.39 | epoch: 1 | eta: 13.0m
step 01745/02205 (79.14%) [ns2_ftrl_eta0p1] | loss: 3.178483 | lrm: 0.42 | dt: 1693.06ms | tok/s: 309,668 | mfu: 35.35 | epoch: 1 | eta: 12.9m
step 01746/02205 (79.18%) [ns2_ftrl_eta0p1] | loss: 3.179988 | lrm: 0.42 | dt: 1690.93ms | tok/s: 310,058 | mfu: 35.39 | epoch: 1 | eta: 12.9m
step 01747/02205 (79.23%) [ns2_ftrl_eta0p1] | loss: 3.195323 | lrm: 0.42 | dt: 1692.13ms | tok/s: 309,838 | mfu: 35.37 | epoch: 1 | eta: 12.9m
step 01748/02205 (79.27%) [ns2_ftrl_eta0p1] | loss: 3.188994 | lrm: 0.41 | dt: 1688.03ms | tok/s: 310,591 | mfu: 35.45 | epoch: 1 | eta: 12.8m
step 01749/02205 (79.32%) [ns2_ftrl_eta0p1] | loss: 3.177506 | lrm: 0.41 | dt: 1693.39ms | tok/s: 309,608 | mfu: 35.34 | epoch: 1 | eta: 12.8m
Step 01750 | val bpb: 0.938714
step 01750/02205 (79.37%) [ns2_ftrl_eta0p1] | loss: 3.183152 | lrm: 0.41 | dt: 1656.29ms | tok/s: 316,543 | mfu: 36.13 | epoch: 1 | eta: 12.8m
step 01751/02205 (79.41%) [ns2_ftrl_eta0p1] | loss: 3.187713 | lrm: 0.41 | dt: 1682.39ms | tok/s: 311,633 | mfu: 35.57 | epoch: 1 | eta: 12.8m
step 01752/02205 (79.46%) [ns2_ftrl_eta0p1] | loss: 3.182208 | lrm: 0.41 | dt: 1677.93ms | tok/s: 312,460 | mfu: 35.67 | epoch: 1 | eta: 12.7m
step 01753/02205 (79.50%) [ns2_ftrl_eta0p1] | loss: 3.184859 | lrm: 0.41 | dt: 1675.39ms | tok/s: 312,935 | mfu: 35.72 | epoch: 1 | eta: 12.7m
step 01754/02205 (79.55%) [ns2_ftrl_eta0p1] | loss: 3.185552 | lrm: 0.41 | dt: 1676.95ms | tok/s: 312,644 | mfu: 35.69 | epoch: 1 | eta: 12.7m
step 01755/02205 (79.59%) [ns2_ftrl_eta0p1] | loss: 3.191781 | lrm: 0.41 | dt: 1678.64ms | tok/s: 312,328 | mfu: 35.65 | epoch: 1 | eta: 12.7m
step 01756/02205 (79.64%) [ns2_ftrl_eta0p1] | loss: 3.188521 | lrm: 0.41 | dt: 1672.53ms | tok/s: 313,469 | mfu: 35.78 | epoch: 1 | eta: 12.6m
step 01757/02205 (79.68%) [ns2_ftrl_eta0p1] | loss: 3.196899 | lrm: 0.41 | dt: 1679.95ms | tok/s: 312,085 | mfu: 35.62 | epoch: 1 | eta: 12.6m
step 01758/02205 (79.73%) [ns2_ftrl_eta0p1] | loss: 3.203097 | lrm: 0.41 | dt: 1676.35ms | tok/s: 312,755 | mfu: 35.70 | epoch: 1 | eta: 12.6m
step 01759/02205 (79.77%) [ns2_ftrl_eta0p1] | loss: 3.202359 | lrm: 0.40 | dt: 1682.38ms | tok/s: 311,634 | mfu: 35.57 | epoch: 1 | eta: 12.5m
step 01760/02205 (79.82%) [ns2_ftrl_eta0p1] | loss: 3.209314 | lrm: 0.40 | dt: 1673.40ms | tok/s: 313,307 | mfu: 35.76 | epoch: 1 | eta: 12.5m
step 01761/02205 (79.86%) [ns2_ftrl_eta0p1] | loss: 3.210976 | lrm: 0.40 | dt: 1685.08ms | tok/s: 311,136 | mfu: 35.52 | epoch: 1 | eta: 12.5m
step 01762/02205 (79.91%) [ns2_ftrl_eta0p1] | loss: 3.210535 | lrm: 0.40 | dt: 1687.48ms | tok/s: 310,693 | mfu: 35.47 | epoch: 1 | eta: 12.5m
step 01763/02205 (79.95%) [ns2_ftrl_eta0p1] | loss: 3.202412 | lrm: 0.40 | dt: 1677.85ms | tok/s: 312,476 | mfu: 35.67 | epoch: 1 | eta: 12.4m
step 01764/02205 (80.00%) [ns2_ftrl_eta0p1] | loss: 3.205466 | lrm: 0.40 | dt: 1684.71ms | tok/s: 311,203 | mfu: 35.52 | epoch: 1 | eta: 12.4m
step 01765/02205 (80.05%) [ns2_ftrl_eta0p1] | loss: 3.197498 | lrm: 0.40 | dt: 1688.24ms | tok/s: 310,553 | mfu: 35.45 | epoch: 1 | eta: 12.4m
step 01766/02205 (80.09%) [ns2_ftrl_eta0p1] | loss: 3.205058 | lrm: 0.40 | dt: 1687.66ms | tok/s: 310,660 | mfu: 35.46 | epoch: 1 | eta: 12.3m
step 01767/02205 (80.14%) [ns2_ftrl_eta0p1] | loss: 3.206146 | lrm: 0.40 | dt: 1683.90ms | tok/s: 311,354 | mfu: 35.54 | epoch: 1 | eta: 12.3m
step 01768/02205 (80.18%) [ns2_ftrl_eta0p1] | loss: 3.204201 | lrm: 0.40 | dt: 1686.48ms | tok/s: 310,877 | mfu: 35.49 | epoch: 1 | eta: 12.3m
step 01769/02205 (80.23%) [ns2_ftrl_eta0p1] | loss: 3.208681 | lrm: 0.40 | dt: 1686.85ms | tok/s: 310,808 | mfu: 35.48 | epoch: 1 | eta: 12.3m
step 01770/02205 (80.27%) [ns2_ftrl_eta0p1] | loss: 3.217176 | lrm: 0.39 | dt: 1682.31ms | tok/s: 311,647 | mfu: 35.57 | epoch: 1 | eta: 12.2m
step 01771/02205 (80.32%) [ns2_ftrl_eta0p1] | loss: 3.216153 | lrm: 0.39 | dt: 1684.72ms | tok/s: 311,201 | mfu: 35.52 | epoch: 1 | eta: 12.2m
step 01772/02205 (80.36%) [ns2_ftrl_eta0p1] | loss: 3.209154 | lrm: 0.39 | dt: 1683.49ms | tok/s: 311,428 | mfu: 35.55 | epoch: 1 | eta: 12.2m
step 01773/02205 (80.41%) [ns2_ftrl_eta0p1] | loss: 3.205477 | lrm: 0.39 | dt: 1685.82ms | tok/s: 310,999 | mfu: 35.50 | epoch: 1 | eta: 12.1m
step 01774/02205 (80.45%) [ns2_ftrl_eta0p1] | loss: 3.209366 | lrm: 0.39 | dt: 1685.92ms | tok/s: 310,980 | mfu: 35.50 | epoch: 1 | eta: 12.1m
step 01775/02205 (80.50%) [ns2_ftrl_eta0p1] | loss: 3.216416 | lrm: 0.39 | dt: 1691.49ms | tok/s: 309,956 | mfu: 35.38 | epoch: 1 | eta: 12.1m
step 01776/02205 (80.54%) [ns2_ftrl_eta0p1] | loss: 3.213158 | lrm: 0.39 | dt: 1686.35ms | tok/s: 310,900 | mfu: 35.49 | epoch: 1 | eta: 12.1m
step 01777/02205 (80.59%) [ns2_ftrl_eta0p1] | loss: 3.217901 | lrm: 0.39 | dt: 1686.56ms | tok/s: 310,862 | mfu: 35.49 | epoch: 1 | eta: 12.0m
step 01778/02205 (80.63%) [ns2_ftrl_eta0p1] | loss: 3.219611 | lrm: 0.39 | dt: 1685.72ms | tok/s: 311,018 | mfu: 35.50 | epoch: 1 | eta: 12.0m
step 01779/02205 (80.68%) [ns2_ftrl_eta0p1] | loss: 3.216355 | lrm: 0.39 | dt: 1685.44ms | tok/s: 311,069 | mfu: 35.51 | epoch: 1 | eta: 12.0m
step 01780/02205 (80.73%) [ns2_ftrl_eta0p1] | loss: 3.218396 | lrm: 0.39 | dt: 1688.61ms | tok/s: 310,484 | mfu: 35.44 | epoch: 1 | eta: 11.9m
step 01781/02205 (80.77%) [ns2_ftrl_eta0p1] | loss: 3.205350 | lrm: 0.38 | dt: 1690.97ms | tok/s: 310,052 | mfu: 35.39 | epoch: 1 | eta: 11.9m
step 01782/02205 (80.82%) [ns2_ftrl_eta0p1] | loss: 3.198402 | lrm: 0.38 | dt: 1687.24ms | tok/s: 310,736 | mfu: 35.47 | epoch: 1 | eta: 11.9m
step 01783/02205 (80.86%) [ns2_ftrl_eta0p1] | loss: 3.195729 | lrm: 0.38 | dt: 1690.22ms | tok/s: 310,189 | mfu: 35.41 | epoch: 1 | eta: 11.9m
step 01784/02205 (80.91%) [ns2_ftrl_eta0p1] | loss: 3.204134 | lrm: 0.38 | dt: 1693.04ms | tok/s: 309,672 | mfu: 35.35 | epoch: 1 | eta: 11.8m
step 01785/02205 (80.95%) [ns2_ftrl_eta0p1] | loss: 3.198778 | lrm: 0.38 | dt: 1683.41ms | tok/s: 311,443 | mfu: 35.55 | epoch: 1 | eta: 11.8m
step 01786/02205 (81.00%) [ns2_ftrl_eta0p1] | loss: 3.199462 | lrm: 0.38 | dt: 1682.77ms | tok/s: 311,561 | mfu: 35.57 | epoch: 1 | eta: 11.8m
step 01787/02205 (81.04%) [ns2_ftrl_eta0p1] | loss: 3.191135 | lrm: 0.38 | dt: 1700.99ms | tok/s: 308,224 | mfu: 35.18 | epoch: 1 | eta: 11.8m
step 01788/02205 (81.09%) [ns2_ftrl_eta0p1] | loss: 3.197025 | lrm: 0.38 | dt: 1688.17ms | tok/s: 310,565 | mfu: 35.45 | epoch: 1 | eta: 11.7m
step 01789/02205 (81.13%) [ns2_ftrl_eta0p1] | loss: 3.200681 | lrm: 0.38 | dt: 1693.38ms | tok/s: 309,610 | mfu: 35.34 | epoch: 1 | eta: 11.7m
step 01790/02205 (81.18%) [ns2_ftrl_eta0p1] | loss: 3.202155 | lrm: 0.38 | dt: 1690.31ms | tok/s: 310,172 | mfu: 35.41 | epoch: 1 | eta: 11.7m
step 01791/02205 (81.22%) [ns2_ftrl_eta0p1] | loss: 3.206207 | lrm: 0.38 | dt: 1689.01ms | tok/s: 310,411 | mfu: 35.43 | epoch: 1 | eta: 11.6m
step 01792/02205 (81.27%) [ns2_ftrl_eta0p1] | loss: 3.214492 | lrm: 0.37 | dt: 1690.89ms | tok/s: 310,066 | mfu: 35.39 | epoch: 1 | eta: 11.6m
step 01793/02205 (81.32%) [ns2_ftrl_eta0p1] | loss: 3.208078 | lrm: 0.37 | dt: 1690.86ms | tok/s: 310,072 | mfu: 35.40 | epoch: 1 | eta: 11.6m
step 01794/02205 (81.36%) [ns2_ftrl_eta0p1] | loss: 3.199199 | lrm: 0.37 | dt: 1693.71ms | tok/s: 309,550 | mfu: 35.34 | epoch: 1 | eta: 11.6m
step 01795/02205 (81.41%) [ns2_ftrl_eta0p1] | loss: 3.207592 | lrm: 0.37 | dt: 1694.52ms | tok/s: 309,402 | mfu: 35.32 | epoch: 1 | eta: 11.5m
step 01796/02205 (81.45%) [ns2_ftrl_eta0p1] | loss: 3.212811 | lrm: 0.37 | dt: 1690.93ms | tok/s: 310,058 | mfu: 35.39 | epoch: 1 | eta: 11.5m
step 01797/02205 (81.50%) [ns2_ftrl_eta0p1] | loss: 3.196233 | lrm: 0.37 | dt: 1697.25ms | tok/s: 308,904 | mfu: 35.26 | epoch: 1 | eta: 11.5m
step 01798/02205 (81.54%) [ns2_ftrl_eta0p1] | loss: 3.197335 | lrm: 0.37 | dt: 1690.70ms | tok/s: 310,100 | mfu: 35.40 | epoch: 1 | eta: 11.4m
step 01799/02205 (81.59%) [ns2_ftrl_eta0p1] | loss: 3.197613 | lrm: 0.37 | dt: 1689.56ms | tok/s: 310,309 | mfu: 35.42 | epoch: 1 | eta: 11.4m
step 01800/02205 (81.63%) [ns2_ftrl_eta0p1] | loss: 3.197219 | lrm: 0.37 | dt: 1689.76ms | tok/s: 310,273 | mfu: 35.42 | epoch: 1 | eta: 11.4m
step 01801/02205 (81.68%) [ns2_ftrl_eta0p1] | loss: 3.196417 | lrm: 0.37 | dt: 1696.44ms | tok/s: 309,052 | mfu: 35.28 | epoch: 1 | eta: 11.4m
step 01802/02205 (81.72%) [ns2_ftrl_eta0p1] | loss: 3.190545 | lrm: 0.37 | dt: 1687.88ms | tok/s: 310,618 | mfu: 35.46 | epoch: 1 | eta: 11.3m
step 01803/02205 (81.77%) [ns2_ftrl_eta0p1] | loss: 3.190180 | lrm: 0.36 | dt: 1689.59ms | tok/s: 310,304 | mfu: 35.42 | epoch: 1 | eta: 11.3m
step 01804/02205 (81.81%) [ns2_ftrl_eta0p1] | loss: 3.188996 | lrm: 0.36 | dt: 1690.06ms | tok/s: 310,219 | mfu: 35.41 | epoch: 1 | eta: 11.3m
step 01805/02205 (81.86%) [ns2_ftrl_eta0p1] | loss: 3.194635 | lrm: 0.36 | dt: 1689.53ms | tok/s: 310,316 | mfu: 35.42 | epoch: 1 | eta: 11.2m
step 01806/02205 (81.90%) [ns2_ftrl_eta0p1] | loss: 3.194846 | lrm: 0.36 | dt: 1693.30ms | tok/s: 309,624 | mfu: 35.34 | epoch: 1 | eta: 11.2m
step 01807/02205 (81.95%) [ns2_ftrl_eta0p1] | loss: 3.190162 | lrm: 0.36 | dt: 1693.07ms | tok/s: 309,667 | mfu: 35.35 | epoch: 1 | eta: 11.2m
step 01808/02205 (82.00%) [ns2_ftrl_eta0p1] | loss: 3.192723 | lrm: 0.36 | dt: 1692.31ms | tok/s: 309,806 | mfu: 35.36 | epoch: 1 | eta: 11.2m
step 01809/02205 (82.04%) [ns2_ftrl_eta0p1] | loss: 3.194758 | lrm: 0.36 | dt: 1687.54ms | tok/s: 310,682 | mfu: 35.46 | epoch: 1 | eta: 11.1m
step 01810/02205 (82.09%) [ns2_ftrl_eta0p1] | loss: 3.200253 | lrm: 0.36 | dt: 1689.76ms | tok/s: 310,273 | mfu: 35.42 | epoch: 1 | eta: 11.1m
step 01811/02205 (82.13%) [ns2_ftrl_eta0p1] | loss: 3.194346 | lrm: 0.36 | dt: 1694.82ms | tok/s: 309,346 | mfu: 35.31 | epoch: 1 | eta: 11.1m
step 01812/02205 (82.18%) [ns2_ftrl_eta0p1] | loss: 3.189551 | lrm: 0.36 | dt: 1690.22ms | tok/s: 310,188 | mfu: 35.41 | epoch: 1 | eta: 11.0m
step 01813/02205 (82.22%) [ns2_ftrl_eta0p1] | loss: 3.179648 | lrm: 0.36 | dt: 1693.99ms | tok/s: 309,499 | mfu: 35.33 | epoch: 1 | eta: 11.0m
step 01814/02205 (82.27%) [ns2_ftrl_eta0p1] | loss: 3.184979 | lrm: 0.35 | dt: 1690.51ms | tok/s: 310,136 | mfu: 35.40 | epoch: 1 | eta: 11.0m
step 01815/02205 (82.31%) [ns2_ftrl_eta0p1] | loss: 3.187103 | lrm: 0.35 | dt: 1695.92ms | tok/s: 309,147 | mfu: 35.29 | epoch: 1 | eta: 11.0m
step 01816/02205 (82.36%) [ns2_ftrl_eta0p1] | loss: 3.171222 | lrm: 0.35 | dt: 1688.69ms | tok/s: 310,469 | mfu: 35.44 | epoch: 1 | eta: 10.9m
step 01817/02205 (82.40%) [ns2_ftrl_eta0p1] | loss: 3.173205 | lrm: 0.35 | dt: 1691.59ms | tok/s: 309,938 | mfu: 35.38 | epoch: 1 | eta: 10.9m
step 01818/02205 (82.45%) [ns2_ftrl_eta0p1] | loss: 3.173240 | lrm: 0.35 | dt: 1695.04ms | tok/s: 309,307 | mfu: 35.31 | epoch: 1 | eta: 10.9m
step 01819/02205 (82.49%) [ns2_ftrl_eta0p1] | loss: 3.184250 | lrm: 0.35 | dt: 1690.19ms | tok/s: 310,194 | mfu: 35.41 | epoch: 1 | eta: 10.9m
step 01820/02205 (82.54%) [ns2_ftrl_eta0p1] | loss: 3.180032 | lrm: 0.35 | dt: 1694.11ms | tok/s: 309,476 | mfu: 35.33 | epoch: 1 | eta: 10.8m
step 01821/02205 (82.59%) [ns2_ftrl_eta0p1] | loss: 3.169135 | lrm: 0.35 | dt: 1691.24ms | tok/s: 310,001 | mfu: 35.39 | epoch: 1 | eta: 10.8m
step 01822/02205 (82.63%) [ns2_ftrl_eta0p1] | loss: 3.164315 | lrm: 0.35 | dt: 1693.35ms | tok/s: 309,615 | mfu: 35.34 | epoch: 1 | eta: 10.8m
step 01823/02205 (82.68%) [ns2_ftrl_eta0p1] | loss: 3.167425 | lrm: 0.35 | dt: 1688.40ms | tok/s: 310,522 | mfu: 35.45 | epoch: 1 | eta: 10.7m
step 01824/02205 (82.72%) [ns2_ftrl_eta0p1] | loss: 3.163080 | lrm: 0.35 | dt: 1692.34ms | tok/s: 309,799 | mfu: 35.36 | epoch: 1 | eta: 10.7m
step 01825/02205 (82.77%) [ns2_ftrl_eta0p1] | loss: 3.166224 | lrm: 0.34 | dt: 1693.77ms | tok/s: 309,539 | mfu: 35.33 | epoch: 1 | eta: 10.7m
step 01826/02205 (82.81%) [ns2_ftrl_eta0p1] | loss: 3.169711 | lrm: 0.34 | dt: 1690.26ms | tok/s: 310,182 | mfu: 35.41 | epoch: 1 | eta: 10.7m
step 01827/02205 (82.86%) [ns2_ftrl_eta0p1] | loss: 3.177651 | lrm: 0.34 | dt: 1694.46ms | tok/s: 309,413 | mfu: 35.32 | epoch: 1 | eta: 10.6m
step 01828/02205 (82.90%) [ns2_ftrl_eta0p1] | loss: 3.180451 | lrm: 0.34 | dt: 1693.54ms | tok/s: 309,581 | mfu: 35.34 | epoch: 1 | eta: 10.6m
step 01829/02205 (82.95%) [ns2_ftrl_eta0p1] | loss: 3.179886 | lrm: 0.34 | dt: 1690.49ms | tok/s: 310,138 | mfu: 35.40 | epoch: 1 | eta: 10.6m
step 01830/02205 (82.99%) [ns2_ftrl_eta0p1] | loss: 3.184814 | lrm: 0.34 | dt: 1692.84ms | tok/s: 309,708 | mfu: 35.35 | epoch: 1 | eta: 10.5m
step 01831/02205 (83.04%) [ns2_ftrl_eta0p1] | loss: 3.176386 | lrm: 0.34 | dt: 1693.43ms | tok/s: 309,600 | mfu: 35.34 | epoch: 1 | eta: 10.5m
step 01832/02205 (83.08%) [ns2_ftrl_eta0p1] | loss: 3.174506 | lrm: 0.34 | dt: 1690.75ms | tok/s: 310,092 | mfu: 35.40 | epoch: 1 | eta: 10.5m
step 01833/02205 (83.13%) [ns2_ftrl_eta0p1] | loss: 3.170005 | lrm: 0.34 | dt: 1695.03ms | tok/s: 309,308 | mfu: 35.31 | epoch: 1 | eta: 10.5m
step 01834/02205 (83.17%) [ns2_ftrl_eta0p1] | loss: 3.164898 | lrm: 0.34 | dt: 1690.69ms | tok/s: 310,102 | mfu: 35.40 | epoch: 1 | eta: 10.4m
step 01835/02205 (83.22%) [ns2_ftrl_eta0p1] | loss: 3.166309 | lrm: 0.34 | dt: 1697.08ms | tok/s: 308,935 | mfu: 35.27 | epoch: 1 | eta: 10.4m
step 01836/02205 (83.27%) [ns2_ftrl_eta0p1] | loss: 3.172069 | lrm: 0.33 | dt: 1688.97ms | tok/s: 310,418 | mfu: 35.43 | epoch: 1 | eta: 10.4m
step 01837/02205 (83.31%) [ns2_ftrl_eta0p1] | loss: 3.162348 | lrm: 0.33 | dt: 1691.76ms | tok/s: 309,906 | mfu: 35.38 | epoch: 1 | eta: 10.3m
step 01838/02205 (83.36%) [ns2_ftrl_eta0p1] | loss: 3.156222 | lrm: 0.33 | dt: 1693.68ms | tok/s: 309,555 | mfu: 35.34 | epoch: 1 | eta: 10.3m
step 01839/02205 (83.40%) [ns2_ftrl_eta0p1] | loss: 3.154714 | lrm: 0.33 | dt: 1693.28ms | tok/s: 309,627 | mfu: 35.34 | epoch: 1 | eta: 10.3m
step 01840/02205 (83.45%) [ns2_ftrl_eta0p1] | loss: 3.150185 | lrm: 0.33 | dt: 1691.08ms | tok/s: 310,032 | mfu: 35.39 | epoch: 1 | eta: 10.3m
step 01841/02205 (83.49%) [ns2_ftrl_eta0p1] | loss: 3.142601 | lrm: 0.33 | dt: 1691.82ms | tok/s: 309,895 | mfu: 35.37 | epoch: 1 | eta: 10.2m
step 01842/02205 (83.54%) [ns2_ftrl_eta0p1] | loss: 3.147242 | lrm: 0.33 | dt: 1695.56ms | tok/s: 309,212 | mfu: 35.30 | epoch: 1 | eta: 10.2m
step 01843/02205 (83.58%) [ns2_ftrl_eta0p1] | loss: 3.153627 | lrm: 0.33 | dt: 1692.80ms | tok/s: 309,717 | mfu: 35.35 | epoch: 1 | eta: 10.2m
step 01844/02205 (83.63%) [ns2_ftrl_eta0p1] | loss: 3.163070 | lrm: 0.33 | dt: 1690.06ms | tok/s: 310,218 | mfu: 35.41 | epoch: 1 | eta: 10.1m
step 01845/02205 (83.67%) [ns2_ftrl_eta0p1] | loss: 3.167492 | lrm: 0.33 | dt: 1695.37ms | tok/s: 309,246 | mfu: 35.30 | epoch: 1 | eta: 10.1m
step 01846/02205 (83.72%) [ns2_ftrl_eta0p1] | loss: 3.172705 | lrm: 0.33 | dt: 1687.24ms | tok/s: 310,736 | mfu: 35.47 | epoch: 1 | eta: 10.1m
step 01847/02205 (83.76%) [ns2_ftrl_eta0p1] | loss: 3.176352 | lrm: 0.32 | dt: 1693.59ms | tok/s: 309,571 | mfu: 35.34 | epoch: 1 | eta: 10.1m
step 01848/02205 (83.81%) [ns2_ftrl_eta0p1] | loss: 3.184146 | lrm: 0.32 | dt: 1691.45ms | tok/s: 309,964 | mfu: 35.38 | epoch: 1 | eta: 10.0m
step 01849/02205 (83.85%) [ns2_ftrl_eta0p1] | loss: 3.183457 | lrm: 0.32 | dt: 1692.76ms | tok/s: 309,724 | mfu: 35.36 | epoch: 1 | eta: 10.0m
step 01850/02205 (83.90%) [ns2_ftrl_eta0p1] | loss: 3.186625 | lrm: 0.32 | dt: 1692.06ms | tok/s: 309,852 | mfu: 35.37 | epoch: 1 | eta: 10.0m
step 01851/02205 (83.95%) [ns2_ftrl_eta0p1] | loss: 3.184931 | lrm: 0.32 | dt: 1693.72ms | tok/s: 309,549 | mfu: 35.34 | epoch: 1 | eta: 10.0m
step 01852/02205 (83.99%) [ns2_ftrl_eta0p1] | loss: 3.180348 | lrm: 0.32 | dt: 1685.42ms | tok/s: 311,072 | mfu: 35.51 | epoch: 1 | eta: 9.9m
step 01853/02205 (84.04%) [ns2_ftrl_eta0p1] | loss: 3.175144 | lrm: 0.32 | dt: 1691.39ms | tok/s: 309,974 | mfu: 35.38 | epoch: 1 | eta: 9.9m
step 01854/02205 (84.08%) [ns2_ftrl_eta0p1] | loss: 3.179011 | lrm: 0.32 | dt: 1694.01ms | tok/s: 309,495 | mfu: 35.33 | epoch: 1 | eta: 9.9m
step 01855/02205 (84.13%) [ns2_ftrl_eta0p1] | loss: 3.189984 | lrm: 0.32 | dt: 1692.57ms | tok/s: 309,758 | mfu: 35.36 | epoch: 1 | eta: 9.8m
step 01856/02205 (84.17%) [ns2_ftrl_eta0p1] | loss: 3.186557 | lrm: 0.32 | dt: 1690.96ms | tok/s: 310,053 | mfu: 35.39 | epoch: 1 | eta: 9.8m
step 01857/02205 (84.22%) [ns2_ftrl_eta0p1] | loss: 3.179370 | lrm: 0.32 | dt: 1693.86ms | tok/s: 309,522 | mfu: 35.33 | epoch: 1 | eta: 9.8m
step 01858/02205 (84.26%) [ns2_ftrl_eta0p1] | loss: 3.185252 | lrm: 0.31 | dt: 1687.53ms | tok/s: 310,684 | mfu: 35.47 | epoch: 1 | eta: 9.8m
step 01859/02205 (84.31%) [ns2_ftrl_eta0p1] | loss: 3.180802 | lrm: 0.31 | dt: 1692.79ms | tok/s: 309,717 | mfu: 35.35 | epoch: 1 | eta: 9.7m
step 01860/02205 (84.35%) [ns2_ftrl_eta0p1] | loss: 3.172451 | lrm: 0.31 | dt: 1691.55ms | tok/s: 309,944 | mfu: 35.38 | epoch: 1 | eta: 9.7m
step 01861/02205 (84.40%) [ns2_ftrl_eta0p1] | loss: 3.168071 | lrm: 0.31 | dt: 1690.32ms | tok/s: 310,171 | mfu: 35.41 | epoch: 1 | eta: 9.7m
step 01862/02205 (84.44%) [ns2_ftrl_eta0p1] | loss: 3.177252 | lrm: 0.31 | dt: 1692.61ms | tok/s: 309,750 | mfu: 35.36 | epoch: 1 | eta: 9.6m
step 01863/02205 (84.49%) [ns2_ftrl_eta0p1] | loss: 3.188994 | lrm: 0.31 | dt: 1689.57ms | tok/s: 310,308 | mfu: 35.42 | epoch: 1 | eta: 9.6m
step 01864/02205 (84.54%) [ns2_ftrl_eta0p1] | loss: 3.180366 | lrm: 0.31 | dt: 1695.31ms | tok/s: 309,257 | mfu: 35.30 | epoch: 1 | eta: 9.6m
step 01865/02205 (84.58%) [ns2_ftrl_eta0p1] | loss: 3.183335 | lrm: 0.31 | dt: 1693.59ms | tok/s: 309,572 | mfu: 35.34 | epoch: 1 | eta: 9.6m
step 01866/02205 (84.63%) [ns2_ftrl_eta0p1] | loss: 3.183447 | lrm: 0.31 | dt: 1690.78ms | tok/s: 310,087 | mfu: 35.40 | epoch: 1 | eta: 9.5m
step 01867/02205 (84.67%) [ns2_ftrl_eta0p1] | loss: 3.180479 | lrm: 0.31 | dt: 1692.97ms | tok/s: 309,685 | mfu: 35.35 | epoch: 1 | eta: 9.5m
step 01868/02205 (84.72%) [ns2_ftrl_eta0p1] | loss: 3.180224 | lrm: 0.31 | dt: 1691.98ms | tok/s: 309,866 | mfu: 35.37 | epoch: 1 | eta: 9.5m
step 01869/02205 (84.76%) [ns2_ftrl_eta0p1] | loss: 3.173958 | lrm: 0.30 | dt: 1693.29ms | tok/s: 309,626 | mfu: 35.34 | epoch: 1 | eta: 9.4m
step 01870/02205 (84.81%) [ns2_ftrl_eta0p1] | loss: 3.166114 | lrm: 0.30 | dt: 1692.04ms | tok/s: 309,855 | mfu: 35.37 | epoch: 1 | eta: 9.4m
step 01871/02205 (84.85%) [ns2_ftrl_eta0p1] | loss: 3.155509 | lrm: 0.30 | dt: 1692.10ms | tok/s: 309,845 | mfu: 35.37 | epoch: 1 | eta: 9.4m
step 01872/02205 (84.90%) [ns2_ftrl_eta0p1] | loss: 3.157966 | lrm: 0.30 | dt: 1693.03ms | tok/s: 309,674 | mfu: 35.35 | epoch: 1 | eta: 9.4m
step 01873/02205 (84.94%) [ns2_ftrl_eta0p1] | loss: 3.160324 | lrm: 0.30 | dt: 1691.97ms | tok/s: 309,869 | mfu: 35.37 | epoch: 1 | eta: 9.3m
step 01874/02205 (84.99%) [ns2_ftrl_eta0p1] | loss: 3.165031 | lrm: 0.30 | dt: 1693.70ms | tok/s: 309,552 | mfu: 35.34 | epoch: 1 | eta: 9.3m
step 01875/02205 (85.03%) [ns2_ftrl_eta0p1] | loss: 3.171097 | lrm: 0.30 | dt: 1695.19ms | tok/s: 309,279 | mfu: 35.30 | epoch: 1 | eta: 9.3m
step 01876/02205 (85.08%) [ns2_ftrl_eta0p1] | loss: 3.159095 | lrm: 0.30 | dt: 1684.81ms | tok/s: 311,185 | mfu: 35.52 | epoch: 1 | eta: 9.3m
step 01877/02205 (85.12%) [ns2_ftrl_eta0p1] | loss: 3.160153 | lrm: 0.30 | dt: 1692.80ms | tok/s: 309,716 | mfu: 35.35 | epoch: 1 | eta: 9.2m
step 01878/02205 (85.17%) [ns2_ftrl_eta0p1] | loss: 3.174246 | lrm: 0.30 | dt: 1691.83ms | tok/s: 309,893 | mfu: 35.37 | epoch: 1 | eta: 9.2m
step 01879/02205 (85.22%) [ns2_ftrl_eta0p1] | loss: 3.164523 | lrm: 0.30 | dt: 1691.58ms | tok/s: 309,940 | mfu: 35.38 | epoch: 1 | eta: 9.2m
step 01880/02205 (85.26%) [ns2_ftrl_eta0p1] | loss: 3.153568 | lrm: 0.29 | dt: 1694.07ms | tok/s: 309,484 | mfu: 35.33 | epoch: 1 | eta: 9.1m
step 01881/02205 (85.31%) [ns2_ftrl_eta0p1] | loss: 3.163177 | lrm: 0.29 | dt: 1691.76ms | tok/s: 309,907 | mfu: 35.38 | epoch: 1 | eta: 9.1m
step 01882/02205 (85.35%) [ns2_ftrl_eta0p1] | loss: 3.166824 | lrm: 0.29 | dt: 1694.08ms | tok/s: 309,482 | mfu: 35.33 | epoch: 1 | eta: 9.1m
step 01883/02205 (85.40%) [ns2_ftrl_eta0p1] | loss: 3.167655 | lrm: 0.29 | dt: 1691.43ms | tok/s: 309,967 | mfu: 35.38 | epoch: 1 | eta: 9.1m
step 01884/02205 (85.44%) [ns2_ftrl_eta0p1] | loss: 3.159331 | lrm: 0.29 | dt: 1693.49ms | tok/s: 309,589 | mfu: 35.34 | epoch: 1 | eta: 9.0m
step 01885/02205 (85.49%) [ns2_ftrl_eta0p1] | loss: 3.167667 | lrm: 0.29 | dt: 1693.12ms | tok/s: 309,657 | mfu: 35.35 | epoch: 1 | eta: 9.0m
step 01886/02205 (85.53%) [ns2_ftrl_eta0p1] | loss: 3.159675 | lrm: 0.29 | dt: 1690.97ms | tok/s: 310,051 | mfu: 35.39 | epoch: 1 | eta: 9.0m
step 01887/02205 (85.58%) [ns2_ftrl_eta0p1] | loss: 3.153539 | lrm: 0.29 | dt: 1692.57ms | tok/s: 309,758 | mfu: 35.36 | epoch: 1 | eta: 8.9m
step 01888/02205 (85.62%) [ns2_ftrl_eta0p1] | loss: 3.164698 | lrm: 0.29 | dt: 1692.16ms | tok/s: 309,834 | mfu: 35.37 | epoch: 1 | eta: 8.9m
step 01889/02205 (85.67%) [ns2_ftrl_eta0p1] | loss: 3.154137 | lrm: 0.29 | dt: 1692.77ms | tok/s: 309,722 | mfu: 35.36 | epoch: 1 | eta: 8.9m
step 01890/02205 (85.71%) [ns2_ftrl_eta0p1] | loss: 3.155238 | lrm: 0.29 | dt: 1692.82ms | tok/s: 309,712 | mfu: 35.35 | epoch: 1 | eta: 8.9m
step 01891/02205 (85.76%) [ns2_ftrl_eta0p1] | loss: 3.157722 | lrm: 0.28 | dt: 1691.75ms | tok/s: 309,908 | mfu: 35.38 | epoch: 1 | eta: 8.8m
step 01892/02205 (85.80%) [ns2_ftrl_eta0p1] | loss: 3.157627 | lrm: 0.28 | dt: 1693.08ms | tok/s: 309,665 | mfu: 35.35 | epoch: 1 | eta: 8.8m
step 01893/02205 (85.85%) [ns2_ftrl_eta0p1] | loss: 3.157326 | lrm: 0.28 | dt: 1691.56ms | tok/s: 309,942 | mfu: 35.38 | epoch: 1 | eta: 8.8m
step 01894/02205 (85.90%) [ns2_ftrl_eta0p1] | loss: 3.150012 | lrm: 0.28 | dt: 1690.87ms | tok/s: 310,070 | mfu: 35.39 | epoch: 1 | eta: 8.7m
step 01895/02205 (85.94%) [ns2_ftrl_eta0p1] | loss: 3.148954 | lrm: 0.28 | dt: 1693.10ms | tok/s: 309,661 | mfu: 35.35 | epoch: 1 | eta: 8.7m
step 01896/02205 (85.99%) [ns2_ftrl_eta0p1] | loss: 3.148191 | lrm: 0.28 | dt: 1693.80ms | tok/s: 309,534 | mfu: 35.33 | epoch: 1 | eta: 8.7m
step 01897/02205 (86.03%) [ns2_ftrl_eta0p1] | loss: 3.148456 | lrm: 0.28 | dt: 1689.22ms | tok/s: 310,373 | mfu: 35.43 | epoch: 1 | eta: 8.7m
step 01898/02205 (86.08%) [ns2_ftrl_eta0p1] | loss: 3.155156 | lrm: 0.28 | dt: 1684.95ms | tok/s: 311,159 | mfu: 35.52 | epoch: 1 | eta: 8.6m
step 01899/02205 (86.12%) [ns2_ftrl_eta0p1] | loss: 3.160189 | lrm: 0.28 | dt: 1688.40ms | tok/s: 310,523 | mfu: 35.45 | epoch: 1 | eta: 8.6m
step 01900/02205 (86.17%) [ns2_ftrl_eta0p1] | loss: 3.155845 | lrm: 0.28 | dt: 1685.55ms | tok/s: 311,048 | mfu: 35.51 | epoch: 1 | eta: 8.6m
step 01901/02205 (86.21%) [ns2_ftrl_eta0p1] | loss: 3.145491 | lrm: 0.28 | dt: 1687.84ms | tok/s: 310,626 | mfu: 35.46 | epoch: 1 | eta: 8.5m
step 01902/02205 (86.26%) [ns2_ftrl_eta0p1] | loss: 3.149815 | lrm: 0.27 | dt: 1693.65ms | tok/s: 309,560 | mfu: 35.34 | epoch: 1 | eta: 8.5m
step 01903/02205 (86.30%) [ns2_ftrl_eta0p1] | loss: 3.153268 | lrm: 0.27 | dt: 1693.44ms | tok/s: 309,598 | mfu: 35.34 | epoch: 1 | eta: 8.5m
step 01904/02205 (86.35%) [ns2_ftrl_eta0p1] | loss: 3.155067 | lrm: 0.27 | dt: 1689.65ms | tok/s: 310,293 | mfu: 35.42 | epoch: 1 | eta: 8.5m
step 01905/02205 (86.39%) [ns2_ftrl_eta0p1] | loss: 3.161743 | lrm: 0.27 | dt: 1693.76ms | tok/s: 309,540 | mfu: 35.33 | epoch: 1 | eta: 8.4m
step 01906/02205 (86.44%) [ns2_ftrl_eta0p1] | loss: 3.171745 | lrm: 0.27 | dt: 1688.56ms | tok/s: 310,493 | mfu: 35.44 | epoch: 1 | eta: 8.4m
step 01907/02205 (86.49%) [ns2_ftrl_eta0p1] | loss: 3.170787 | lrm: 0.27 | dt: 1695.28ms | tok/s: 309,263 | mfu: 35.30 | epoch: 1 | eta: 8.4m
step 01908/02205 (86.53%) [ns2_ftrl_eta0p1] | loss: 3.167504 | lrm: 0.27 | dt: 1690.88ms | tok/s: 310,068 | mfu: 35.39 | epoch: 1 | eta: 8.4m
step 01909/02205 (86.58%) [ns2_ftrl_eta0p1] | loss: 3.182952 | lrm: 0.27 | dt: 1692.38ms | tok/s: 309,794 | mfu: 35.36 | epoch: 1 | eta: 8.3m
step 01910/02205 (86.62%) [ns2_ftrl_eta0p1] | loss: 3.182332 | lrm: 0.27 | dt: 1690.82ms | tok/s: 310,078 | mfu: 35.40 | epoch: 1 | eta: 8.3m
step 01911/02205 (86.67%) [ns2_ftrl_eta0p1] | loss: 3.174847 | lrm: 0.27 | dt: 1694.69ms | tok/s: 309,371 | mfu: 35.32 | epoch: 1 | eta: 8.3m
step 01912/02205 (86.71%) [ns2_ftrl_eta0p1] | loss: 3.170752 | lrm: 0.27 | dt: 1691.66ms | tok/s: 309,924 | mfu: 35.38 | epoch: 1 | eta: 8.2m
step 01913/02205 (86.76%) [ns2_ftrl_eta0p1] | loss: 3.174464 | lrm: 0.26 | dt: 1689.86ms | tok/s: 310,255 | mfu: 35.42 | epoch: 1 | eta: 8.2m
step 01914/02205 (86.80%) [ns2_ftrl_eta0p1] | loss: 3.175032 | lrm: 0.26 | dt: 1696.49ms | tok/s: 309,042 | mfu: 35.28 | epoch: 1 | eta: 8.2m
step 01915/02205 (86.85%) [ns2_ftrl_eta0p1] | loss: 3.177219 | lrm: 0.26 | dt: 1689.11ms | tok/s: 310,392 | mfu: 35.43 | epoch: 1 | eta: 8.2m
step 01916/02205 (86.89%) [ns2_ftrl_eta0p1] | loss: 3.185107 | lrm: 0.26 | dt: 1695.95ms | tok/s: 309,141 | mfu: 35.29 | epoch: 1 | eta: 8.1m
step 01917/02205 (86.94%) [ns2_ftrl_eta0p1] | loss: 3.179543 | lrm: 0.26 | dt: 1690.67ms | tok/s: 310,106 | mfu: 35.40 | epoch: 1 | eta: 8.1m
step 01918/02205 (86.98%) [ns2_ftrl_eta0p1] | loss: 3.179583 | lrm: 0.26 | dt: 1689.78ms | tok/s: 310,269 | mfu: 35.42 | epoch: 1 | eta: 8.1m
step 01919/02205 (87.03%) [ns2_ftrl_eta0p1] | loss: 3.175097 | lrm: 0.26 | dt: 1692.94ms | tok/s: 309,691 | mfu: 35.35 | epoch: 1 | eta: 8.0m
step 01920/02205 (87.07%) [ns2_ftrl_eta0p1] | loss: 3.178009 | lrm: 0.26 | dt: 1694.85ms | tok/s: 309,342 | mfu: 35.31 | epoch: 1 | eta: 8.0m
step 01921/02205 (87.12%) [ns2_ftrl_eta0p1] | loss: 3.168122 | lrm: 0.26 | dt: 1686.78ms | tok/s: 310,821 | mfu: 35.48 | epoch: 1 | eta: 8.0m
step 01922/02205 (87.17%) [ns2_ftrl_eta0p1] | loss: 3.176348 | lrm: 0.26 | dt: 1692.59ms | tok/s: 309,754 | mfu: 35.36 | epoch: 1 | eta: 8.0m
step 01923/02205 (87.21%) [ns2_ftrl_eta0p1] | loss: 3.177963 | lrm: 0.26 | dt: 1691.21ms | tok/s: 310,007 | mfu: 35.39 | epoch: 1 | eta: 7.9m
step 01924/02205 (87.26%) [ns2_ftrl_eta0p1] | loss: 3.179524 | lrm: 0.25 | dt: 1689.39ms | tok/s: 310,341 | mfu: 35.43 | epoch: 1 | eta: 7.9m
step 01925/02205 (87.30%) [ns2_ftrl_eta0p1] | loss: 3.173469 | lrm: 0.25 | dt: 1690.21ms | tok/s: 310,190 | mfu: 35.41 | epoch: 1 | eta: 7.9m
step 01926/02205 (87.35%) [ns2_ftrl_eta0p1] | loss: 3.174661 | lrm: 0.25 | dt: 1693.46ms | tok/s: 309,596 | mfu: 35.34 | epoch: 1 | eta: 7.8m
step 01927/02205 (87.39%) [ns2_ftrl_eta0p1] | loss: 3.173738 | lrm: 0.25 | dt: 1689.36ms | tok/s: 310,347 | mfu: 35.43 | epoch: 1 | eta: 7.8m
step 01928/02205 (87.44%) [ns2_ftrl_eta0p1] | loss: 3.173333 | lrm: 0.25 | dt: 1691.44ms | tok/s: 309,965 | mfu: 35.38 | epoch: 1 | eta: 7.8m
step 01929/02205 (87.48%) [ns2_ftrl_eta0p1] | loss: 3.171893 | lrm: 0.25 | dt: 1693.48ms | tok/s: 309,592 | mfu: 35.34 | epoch: 1 | eta: 7.8m
step 01930/02205 (87.53%) [ns2_ftrl_eta0p1] | loss: 3.176639 | lrm: 0.25 | dt: 1691.05ms | tok/s: 310,036 | mfu: 35.39 | epoch: 1 | eta: 7.7m
step 01931/02205 (87.57%) [ns2_ftrl_eta0p1] | loss: 3.184114 | lrm: 0.25 | dt: 1689.14ms | tok/s: 310,387 | mfu: 35.43 | epoch: 1 | eta: 7.7m
step 01932/02205 (87.62%) [ns2_ftrl_eta0p1] | loss: 3.180692 | lrm: 0.25 | dt: 1688.30ms | tok/s: 310,541 | mfu: 35.45 | epoch: 1 | eta: 7.7m
step 01933/02205 (87.66%) [ns2_ftrl_eta0p1] | loss: 3.176586 | lrm: 0.25 | dt: 1692.87ms | tok/s: 309,704 | mfu: 35.35 | epoch: 1 | eta: 7.6m
step 01934/02205 (87.71%) [ns2_ftrl_eta0p1] | loss: 3.167467 | lrm: 0.25 | dt: 1692.95ms | tok/s: 309,688 | mfu: 35.35 | epoch: 1 | eta: 7.6m
step 01935/02205 (87.76%) [ns2_ftrl_eta0p1] | loss: 3.165640 | lrm: 0.25 | dt: 1686.71ms | tok/s: 310,833 | mfu: 35.48 | epoch: 1 | eta: 7.6m
step 01936/02205 (87.80%) [ns2_ftrl_eta0p1] | loss: 3.172203 | lrm: 0.24 | dt: 1694.56ms | tok/s: 309,395 | mfu: 35.32 | epoch: 1 | eta: 7.6m
step 01937/02205 (87.85%) [ns2_ftrl_eta0p1] | loss: 3.169948 | lrm: 0.24 | dt: 1690.33ms | tok/s: 310,169 | mfu: 35.41 | epoch: 1 | eta: 7.5m
step 01938/02205 (87.89%) [ns2_ftrl_eta0p1] | loss: 3.159967 | lrm: 0.24 | dt: 1695.13ms | tok/s: 309,290 | mfu: 35.31 | epoch: 1 | eta: 7.5m
step 01939/02205 (87.94%) [ns2_ftrl_eta0p1] | loss: 3.159644 | lrm: 0.24 | dt: 1694.30ms | tok/s: 309,442 | mfu: 35.32 | epoch: 1 | eta: 7.5m
step 01940/02205 (87.98%) [ns2_ftrl_eta0p1] | loss: 3.160858 | lrm: 0.24 | dt: 1690.95ms | tok/s: 310,054 | mfu: 35.39 | epoch: 1 | eta: 7.5m
step 01941/02205 (88.03%) [ns2_ftrl_eta0p1] | loss: 3.154007 | lrm: 0.24 | dt: 1692.63ms | tok/s: 309,747 | mfu: 35.36 | epoch: 1 | eta: 7.4m
step 01942/02205 (88.07%) [ns2_ftrl_eta0p1] | loss: 3.160749 | lrm: 0.24 | dt: 1691.50ms | tok/s: 309,954 | mfu: 35.38 | epoch: 1 | eta: 7.4m
step 01943/02205 (88.12%) [ns2_ftrl_eta0p1] | loss: 3.147970 | lrm: 0.24 | dt: 1694.15ms | tok/s: 309,470 | mfu: 35.33 | epoch: 1 | eta: 7.4m
step 01944/02205 (88.16%) [ns2_ftrl_eta0p1] | loss: 3.148818 | lrm: 0.24 | dt: 1691.82ms | tok/s: 309,896 | mfu: 35.38 | epoch: 1 | eta: 7.3m
step 01945/02205 (88.21%) [ns2_ftrl_eta0p1] | loss: 3.148948 | lrm: 0.24 | dt: 1692.81ms | tok/s: 309,713 | mfu: 35.35 | epoch: 1 | eta: 7.3m
step 01946/02205 (88.25%) [ns2_ftrl_eta0p1] | loss: 3.151911 | lrm: 0.24 | dt: 1694.90ms | tok/s: 309,332 | mfu: 35.31 | epoch: 1 | eta: 7.3m
step 01947/02205 (88.30%) [ns2_ftrl_eta0p1] | loss: 3.156684 | lrm: 0.23 | dt: 1692.97ms | tok/s: 309,685 | mfu: 35.35 | epoch: 1 | eta: 7.3m
step 01948/02205 (88.34%) [ns2_ftrl_eta0p1] | loss: 3.153076 | lrm: 0.23 | dt: 1690.48ms | tok/s: 310,141 | mfu: 35.40 | epoch: 1 | eta: 7.2m
step 01949/02205 (88.39%) [ns2_ftrl_eta0p1] | loss: 3.153908 | lrm: 0.23 | dt: 1694.89ms | tok/s: 309,334 | mfu: 35.31 | epoch: 1 | eta: 7.2m
step 01950/02205 (88.44%) [ns2_ftrl_eta0p1] | loss: 3.146599 | lrm: 0.23 | dt: 1690.04ms | tok/s: 310,221 | mfu: 35.41 | epoch: 1 | eta: 7.2m
step 01951/02205 (88.48%) [ns2_ftrl_eta0p1] | loss: 3.151240 | lrm: 0.23 | dt: 1689.29ms | tok/s: 310,360 | mfu: 35.43 | epoch: 1 | eta: 7.1m
step 01952/02205 (88.53%) [ns2_ftrl_eta0p1] | loss: 3.149774 | lrm: 0.23 | dt: 1693.95ms | tok/s: 309,506 | mfu: 35.33 | epoch: 1 | eta: 7.1m
step 01953/02205 (88.57%) [ns2_ftrl_eta0p1] | loss: 3.149510 | lrm: 0.23 | dt: 1696.53ms | tok/s: 309,036 | mfu: 35.28 | epoch: 1 | eta: 7.1m
step 01954/02205 (88.62%) [ns2_ftrl_eta0p1] | loss: 3.151618 | lrm: 0.23 | dt: 1692.81ms | tok/s: 309,714 | mfu: 35.35 | epoch: 1 | eta: 7.1m
step 01955/02205 (88.66%) [ns2_ftrl_eta0p1] | loss: 3.138416 | lrm: 0.23 | dt: 1690.86ms | tok/s: 310,072 | mfu: 35.40 | epoch: 1 | eta: 7.0m
step 01956/02205 (88.71%) [ns2_ftrl_eta0p1] | loss: 3.131635 | lrm: 0.23 | dt: 1691.70ms | tok/s: 309,917 | mfu: 35.38 | epoch: 1 | eta: 7.0m
step 01957/02205 (88.75%) [ns2_ftrl_eta0p1] | loss: 3.142305 | lrm: 0.23 | dt: 1693.57ms | tok/s: 309,574 | mfu: 35.34 | epoch: 1 | eta: 7.0m
step 01958/02205 (88.80%) [ns2_ftrl_eta0p1] | loss: 3.141242 | lrm: 0.22 | dt: 1690.99ms | tok/s: 310,047 | mfu: 35.39 | epoch: 1 | eta: 6.9m
step 01959/02205 (88.84%) [ns2_ftrl_eta0p1] | loss: 3.134694 | lrm: 0.22 | dt: 1693.57ms | tok/s: 309,575 | mfu: 35.34 | epoch: 1 | eta: 6.9m
step 01960/02205 (88.89%) [ns2_ftrl_eta0p1] | loss: 3.130555 | lrm: 0.22 | dt: 1689.23ms | tok/s: 310,370 | mfu: 35.43 | epoch: 1 | eta: 6.9m
step 01961/02205 (88.93%) [ns2_ftrl_eta0p1] | loss: 3.135880 | lrm: 0.22 | dt: 1696.63ms | tok/s: 309,018 | mfu: 35.27 | epoch: 1 | eta: 6.9m
step 01962/02205 (88.98%) [ns2_ftrl_eta0p1] | loss: 3.141629 | lrm: 0.22 | dt: 1690.21ms | tok/s: 310,190 | mfu: 35.41 | epoch: 1 | eta: 6.8m
step 01963/02205 (89.02%) [ns2_ftrl_eta0p1] | loss: 3.147361 | lrm: 0.22 | dt: 1694.33ms | tok/s: 309,436 | mfu: 35.32 | epoch: 1 | eta: 6.8m
step 01964/02205 (89.07%) [ns2_ftrl_eta0p1] | loss: 3.150419 | lrm: 0.22 | dt: 1692.94ms | tok/s: 309,690 | mfu: 35.35 | epoch: 1 | eta: 6.8m
step 01965/02205 (89.12%) [ns2_ftrl_eta0p1] | loss: 3.137796 | lrm: 0.22 | dt: 1688.12ms | tok/s: 310,575 | mfu: 35.45 | epoch: 1 | eta: 6.7m
step 01966/02205 (89.16%) [ns2_ftrl_eta0p1] | loss: 3.128008 | lrm: 0.22 | dt: 1692.78ms | tok/s: 309,719 | mfu: 35.35 | epoch: 1 | eta: 6.7m
step 01967/02205 (89.21%) [ns2_ftrl_eta0p1] | loss: 3.129650 | lrm: 0.22 | dt: 1691.48ms | tok/s: 309,958 | mfu: 35.38 | epoch: 1 | eta: 6.7m
step 01968/02205 (89.25%) [ns2_ftrl_eta0p1] | loss: 3.134382 | lrm: 0.22 | dt: 1690.09ms | tok/s: 310,212 | mfu: 35.41 | epoch: 1 | eta: 6.7m
step 01969/02205 (89.30%) [ns2_ftrl_eta0p1] | loss: 3.132615 | lrm: 0.21 | dt: 1690.93ms | tok/s: 310,058 | mfu: 35.39 | epoch: 1 | eta: 6.6m
step 01970/02205 (89.34%) [ns2_ftrl_eta0p1] | loss: 3.135448 | lrm: 0.21 | dt: 1696.43ms | tok/s: 309,054 | mfu: 35.28 | epoch: 1 | eta: 6.6m
step 01971/02205 (89.39%) [ns2_ftrl_eta0p1] | loss: 3.146068 | lrm: 0.21 | dt: 1692.44ms | tok/s: 309,782 | mfu: 35.36 | epoch: 1 | eta: 6.6m
step 01972/02205 (89.43%) [ns2_ftrl_eta0p1] | loss: 3.146925 | lrm: 0.21 | dt: 1691.09ms | tok/s: 310,029 | mfu: 35.39 | epoch: 1 | eta: 6.6m
step 01973/02205 (89.48%) [ns2_ftrl_eta0p1] | loss: 3.145010 | lrm: 0.21 | dt: 1689.43ms | tok/s: 310,334 | mfu: 35.43 | epoch: 1 | eta: 6.5m
step 01974/02205 (89.52%) [ns2_ftrl_eta0p1] | loss: 3.149348 | lrm: 0.21 | dt: 1689.98ms | tok/s: 310,232 | mfu: 35.41 | epoch: 1 | eta: 6.5m
step 01975/02205 (89.57%) [ns2_ftrl_eta0p1] | loss: 3.146083 | lrm: 0.21 | dt: 1694.44ms | tok/s: 309,417 | mfu: 35.32 | epoch: 1 | eta: 6.5m
step 01976/02205 (89.61%) [ns2_ftrl_eta0p1] | loss: 3.149360 | lrm: 0.21 | dt: 1689.32ms | tok/s: 310,355 | mfu: 35.43 | epoch: 1 | eta: 6.4m
step 01977/02205 (89.66%) [ns2_ftrl_eta0p1] | loss: 3.148585 | lrm: 0.21 | dt: 1701.15ms | tok/s: 308,195 | mfu: 35.18 | epoch: 1 | eta: 6.4m
step 01978/02205 (89.71%) [ns2_ftrl_eta0p1] | loss: 3.153053 | lrm: 0.21 | dt: 1686.03ms | tok/s: 310,960 | mfu: 35.50 | epoch: 1 | eta: 6.4m
step 01979/02205 (89.75%) [ns2_ftrl_eta0p1] | loss: 3.152776 | lrm: 0.21 | dt: 1691.55ms | tok/s: 309,945 | mfu: 35.38 | epoch: 1 | eta: 6.4m
step 01980/02205 (89.80%) [ns2_ftrl_eta0p1] | loss: 3.148364 | lrm: 0.20 | dt: 1693.76ms | tok/s: 309,541 | mfu: 35.33 | epoch: 1 | eta: 6.3m
step 01981/02205 (89.84%) [ns2_ftrl_eta0p1] | loss: 3.156090 | lrm: 0.20 | dt: 1689.06ms | tok/s: 310,402 | mfu: 35.43 | epoch: 1 | eta: 6.3m
step 01982/02205 (89.89%) [ns2_ftrl_eta0p1] | loss: 3.163607 | lrm: 0.20 | dt: 1692.71ms | tok/s: 309,733 | mfu: 35.36 | epoch: 1 | eta: 6.3m
step 01983/02205 (89.93%) [ns2_ftrl_eta0p1] | loss: 3.163021 | lrm: 0.20 | dt: 1692.85ms | tok/s: 309,706 | mfu: 35.35 | epoch: 1 | eta: 6.2m
step 01984/02205 (89.98%) [ns2_ftrl_eta0p1] | loss: 3.162559 | lrm: 0.20 | dt: 1688.29ms | tok/s: 310,543 | mfu: 35.45 | epoch: 1 | eta: 6.2m
step 01985/02205 (90.02%) [ns2_ftrl_eta0p1] | loss: 3.165339 | lrm: 0.20 | dt: 1691.14ms | tok/s: 310,020 | mfu: 35.39 | epoch: 1 | eta: 6.2m
step 01986/02205 (90.07%) [ns2_ftrl_eta0p1] | loss: 3.160100 | lrm: 0.20 | dt: 1696.66ms | tok/s: 309,011 | mfu: 35.27 | epoch: 1 | eta: 6.2m
step 01987/02205 (90.11%) [ns2_ftrl_eta0p1] | loss: 3.167538 | lrm: 0.20 | dt: 1688.14ms | tok/s: 310,571 | mfu: 35.45 | epoch: 1 | eta: 6.1m
step 01988/02205 (90.16%) [ns2_ftrl_eta0p1] | loss: 3.164448 | lrm: 0.20 | dt: 1692.43ms | tok/s: 309,783 | mfu: 35.36 | epoch: 1 | eta: 6.1m
step 01989/02205 (90.20%) [ns2_ftrl_eta0p1] | loss: 3.169198 | lrm: 0.20 | dt: 1697.54ms | tok/s: 308,852 | mfu: 35.26 | epoch: 1 | eta: 6.1m
step 01990/02205 (90.25%) [ns2_ftrl_eta0p1] | loss: 3.169572 | lrm: 0.20 | dt: 1688.46ms | tok/s: 310,513 | mfu: 35.45 | epoch: 1 | eta: 6.0m
step 01991/02205 (90.29%) [ns2_ftrl_eta0p1] | loss: 3.169323 | lrm: 0.19 | dt: 1688.53ms | tok/s: 310,498 | mfu: 35.44 | epoch: 1 | eta: 6.0m
step 01992/02205 (90.34%) [ns2_ftrl_eta0p1] | loss: 3.164010 | lrm: 0.19 | dt: 1693.56ms | tok/s: 309,577 | mfu: 35.34 | epoch: 1 | eta: 6.0m
step 01993/02205 (90.39%) [ns2_ftrl_eta0p1] | loss: 3.156406 | lrm: 0.19 | dt: 1691.69ms | tok/s: 309,919 | mfu: 35.38 | epoch: 1 | eta: 6.0m
step 01994/02205 (90.43%) [ns2_ftrl_eta0p1] | loss: 3.159277 | lrm: 0.19 | dt: 1690.78ms | tok/s: 310,086 | mfu: 35.40 | epoch: 1 | eta: 5.9m
step 01995/02205 (90.48%) [ns2_ftrl_eta0p1] | loss: 3.155048 | lrm: 0.19 | dt: 1692.49ms | tok/s: 309,773 | mfu: 35.36 | epoch: 1 | eta: 5.9m
step 01996/02205 (90.52%) [ns2_ftrl_eta0p1] | loss: 3.153509 | lrm: 0.19 | dt: 1690.70ms | tok/s: 310,101 | mfu: 35.40 | epoch: 1 | eta: 5.9m
step 01997/02205 (90.57%) [ns2_ftrl_eta0p1] | loss: 3.152701 | lrm: 0.19 | dt: 1697.79ms | tok/s: 308,805 | mfu: 35.25 | epoch: 1 | eta: 5.8m
step 01998/02205 (90.61%) [ns2_ftrl_eta0p1] | loss: 3.146269 | lrm: 0.19 | dt: 1690.10ms | tok/s: 310,210 | mfu: 35.41 | epoch: 1 | eta: 5.8m
step 01999/02205 (90.66%) [ns2_ftrl_eta0p1] | loss: 3.137252 | lrm: 0.19 | dt: 1694.37ms | tok/s: 309,429 | mfu: 35.32 | epoch: 1 | eta: 5.8m
Step 02000 | val bpb: 0.922877
Evaluating: hellaswag_zeroshot (0-shot, type: multiple_choice)... accuracy: 0.3180 | centered: 0.0907 | time: 5.24s
Evaluating: jeopardy (10-shot, type: language_modeling)... accuracy: 0.0020 | centered: 0.0020 | time: 4.81s
Evaluating: bigbench_qa_wikidata (10-shot, type: language_modeling)... accuracy: 0.3360 | centered: 0.3360 | time: 4.59s
Evaluating: arc_easy (10-shot, type: multiple_choice)... accuracy: 0.5220 | centered: 0.3627 | time: 6.18s
Evaluating: arc_challenge (10-shot, type: multiple_choice)... accuracy: 0.2640 | centered: 0.0187 | time: 5.97s
Evaluating: copa (0-shot, type: multiple_choice)... accuracy: 0.6100 | centered: 0.2200 | time: 0.91s
Evaluating: commonsense_qa (10-shot, type: multiple_choice)... accuracy: 0.2740 | centered: 0.0925 | time: 5.98s
Evaluating: piqa (10-shot, type: multiple_choice)... accuracy: 0.6460 | centered: 0.2920 | time: 5.79s
Evaluating: openbook_qa (0-shot, type: multiple_choice)... accuracy: 0.2720 | centered: 0.0293 | time: 4.39s
Evaluating: lambada_openai (0-shot, type: language_modeling)... accuracy: 0.2820 | centered: 0.2820 | time: 4.57s
Evaluating: hellaswag (10-shot, type: multiple_choice)... accuracy: 0.3160 | centered: 0.0880 | time: 8.21s
Evaluating: winograd (0-shot, type: schema)... accuracy: 0.5788 | centered: 0.1575 | time: 2.29s
Evaluating: winogrande (0-shot, type: schema)... accuracy: 0.5000 | centered: 0.0000 | time: 4.16s
Evaluating: bigbench_dyck_languages (10-shot, type: language_modeling)... accuracy: 0.1200 | centered: 0.1200 | time: 5.60s
Evaluating: agi_eval_lsat_ar (3-shot, type: multiple_choice)... accuracy: 0.2957 | centered: 0.1196 | time: 3.45s
Evaluating: bigbench_cs_algorithms (10-shot, type: language_modeling)... accuracy: 0.4480 | centered: 0.4480 | time: 4.99s
Evaluating: bigbench_operators (10-shot, type: language_modeling)... accuracy: 0.0952 | centered: 0.0952 | time: 2.12s
Evaluating: bigbench_repeat_copy_logic (10-shot, type: language_modeling)... accuracy: 0.0000 | centered: 0.0000 | time: 0.31s
Evaluating: squad (10-shot, type: language_modeling)... accuracy: 0.0460 | centered: 0.0460 | time: 7.23s
Evaluating: coqa (0-shot, type: language_modeling)... accuracy: 0.1020 | centered: 0.1020 | time: 4.93s
Evaluating: boolq (10-shot, type: multiple_choice)... accuracy: 0.5680 | centered: -0.1368 | time: 7.62s
Evaluating: bigbench_language_identification (10-shot, type: multiple_choice)... accuracy: 0.2840 | centered: 0.2123 | time: 10.57s
Step 02000 | CORE metric: 0.1353
<|bos|>The capital of France is Paris, and the capital of the French Republic is Paris. The capital of France
<|bos|>The chemical symbol of gold is the symbol of the country of origin of the country of origin of the country of
<|bos|>If yesterday was Friday, then tomorrow will be Friday. The last Friday in the week is Friday. The last Friday in the
<|bos|>If 5*x + 3 = 13, then x is the number of times the number of times the number of times the number of times
step 02000/02205 (90.70%) [ns2_ftrl_eta0p1] | loss: 3.139179 | lrm: 0.19 | dt: 1616.86ms | tok/s: 324,263 | mfu: 37.02 | epoch: 1 | eta: 5.8m
step 02001/02205 (90.75%) [ns2_ftrl_eta0p1] | loss: 3.140130 | lrm: 0.19 | dt: 1633.26ms | tok/s: 321,007 | mfu: 36.64 | epoch: 1 | eta: 5.7m
step 02002/02205 (90.79%) [ns2_ftrl_eta0p1] | loss: 3.148741 | lrm: 0.18 | dt: 1634.67ms | tok/s: 320,730 | mfu: 36.61 | epoch: 1 | eta: 5.7m
step 02003/02205 (90.84%) [ns2_ftrl_eta0p1] | loss: 3.156482 | lrm: 0.18 | dt: 1631.34ms | tok/s: 321,384 | mfu: 36.69 | epoch: 1 | eta: 5.7m
step 02004/02205 (90.88%) [ns2_ftrl_eta0p1] | loss: 3.159972 | lrm: 0.18 | dt: 1636.87ms | tok/s: 320,300 | mfu: 36.56 | epoch: 1 | eta: 5.7m
step 02005/02205 (90.93%) [ns2_ftrl_eta0p1] | loss: 3.161515 | lrm: 0.18 | dt: 1645.85ms | tok/s: 318,550 | mfu: 36.36 | epoch: 1 | eta: 5.6m
step 02006/02205 (90.98%) [ns2_ftrl_eta0p1] | loss: 3.163226 | lrm: 0.18 | dt: 1652.26ms | tok/s: 317,315 | mfu: 36.22 | epoch: 1 | eta: 5.6m
step 02007/02205 (91.02%) [ns2_ftrl_eta0p1] | loss: 3.167776 | lrm: 0.18 | dt: 1640.30ms | tok/s: 319,628 | mfu: 36.49 | epoch: 1 | eta: 5.6m
step 02008/02205 (91.07%) [ns2_ftrl_eta0p1] | loss: 3.162467 | lrm: 0.18 | dt: 1654.85ms | tok/s: 316,818 | mfu: 36.17 | epoch: 1 | eta: 5.5m
step 02009/02205 (91.11%) [ns2_ftrl_eta0p1] | loss: 3.164139 | lrm: 0.18 | dt: 1658.68ms | tok/s: 316,088 | mfu: 36.08 | epoch: 1 | eta: 5.5m
step 02010/02205 (91.16%) [ns2_ftrl_eta0p1] | loss: 3.160062 | lrm: 0.18 | dt: 1655.44ms | tok/s: 316,706 | mfu: 36.15 | epoch: 1 | eta: 5.5m
step 02011/02205 (91.20%) [ns2_ftrl_eta0p1] | loss: 3.167846 | lrm: 0.18 | dt: 1657.90ms | tok/s: 316,235 | mfu: 36.10 | epoch: 1 | eta: 5.5m
step 02012/02205 (91.25%) [ns2_ftrl_eta0p1] | loss: 3.161130 | lrm: 0.18 | dt: 1649.64ms | tok/s: 317,818 | mfu: 36.28 | epoch: 1 | eta: 5.4m
step 02013/02205 (91.29%) [ns2_ftrl_eta0p1] | loss: 3.145944 | lrm: 0.17 | dt: 1656.49ms | tok/s: 316,505 | mfu: 36.13 | epoch: 1 | eta: 5.4m
step 02014/02205 (91.34%) [ns2_ftrl_eta0p1] | loss: 3.153812 | lrm: 0.17 | dt: 1661.49ms | tok/s: 315,552 | mfu: 36.02 | epoch: 1 | eta: 5.4m
step 02015/02205 (91.38%) [ns2_ftrl_eta0p1] | loss: 3.151982 | lrm: 0.17 | dt: 1648.93ms | tok/s: 317,957 | mfu: 36.30 | epoch: 1 | eta: 5.3m
step 02016/02205 (91.43%) [ns2_ftrl_eta0p1] | loss: 3.144456 | lrm: 0.17 | dt: 1661.19ms | tok/s: 315,609 | mfu: 36.03 | epoch: 1 | eta: 5.3m
step 02017/02205 (91.47%) [ns2_ftrl_eta0p1] | loss: 3.146871 | lrm: 0.17 | dt: 1664.43ms | tok/s: 314,996 | mfu: 35.96 | epoch: 1 | eta: 5.3m
step 02018/02205 (91.52%) [ns2_ftrl_eta0p1] | loss: 3.148948 | lrm: 0.17 | dt: 1660.72ms | tok/s: 315,699 | mfu: 36.04 | epoch: 1 | eta: 5.3m
step 02019/02205 (91.56%) [ns2_ftrl_eta0p1] | loss: 3.145398 | lrm: 0.17 | dt: 1670.25ms | tok/s: 313,897 | mfu: 35.83 | epoch: 1 | eta: 5.2m
step 02020/02205 (91.61%) [ns2_ftrl_eta0p1] | loss: 3.143965 | lrm: 0.17 | dt: 1662.67ms | tok/s: 315,328 | mfu: 36.00 | epoch: 1 | eta: 5.2m
step 02021/02205 (91.66%) [ns2_ftrl_eta0p1] | loss: 3.151508 | lrm: 0.17 | dt: 1664.12ms | tok/s: 315,053 | mfu: 35.96 | epoch: 1 | eta: 5.2m
step 02022/02205 (91.70%) [ns2_ftrl_eta0p1] | loss: 3.151743 | lrm: 0.17 | dt: 1659.36ms | tok/s: 315,958 | mfu: 36.07 | epoch: 1 | eta: 5.1m
step 02023/02205 (91.75%) [ns2_ftrl_eta0p1] | loss: 3.149992 | lrm: 0.17 | dt: 1669.66ms | tok/s: 314,008 | mfu: 35.84 | epoch: 1 | eta: 5.1m
step 02024/02205 (91.79%) [ns2_ftrl_eta0p1] | loss: 3.142048 | lrm: 0.16 | dt: 1670.28ms | tok/s: 313,892 | mfu: 35.83 | epoch: 1 | eta: 5.1m
step 02025/02205 (91.84%) [ns2_ftrl_eta0p1] | loss: 3.138097 | lrm: 0.16 | dt: 1669.61ms | tok/s: 314,019 | mfu: 35.85 | epoch: 1 | eta: 5.1m
step 02026/02205 (91.88%) [ns2_ftrl_eta0p1] | loss: 3.140825 | lrm: 0.16 | dt: 1673.02ms | tok/s: 313,378 | mfu: 35.77 | epoch: 1 | eta: 5.0m
step 02027/02205 (91.93%) [ns2_ftrl_eta0p1] | loss: 3.139636 | lrm: 0.16 | dt: 1675.80ms | tok/s: 312,859 | mfu: 35.71 | epoch: 1 | eta: 5.0m
step 02028/02205 (91.97%) [ns2_ftrl_eta0p1] | loss: 3.152580 | lrm: 0.16 | dt: 1671.18ms | tok/s: 313,723 | mfu: 35.81 | epoch: 1 | eta: 5.0m
step 02029/02205 (92.02%) [ns2_ftrl_eta0p1] | loss: 3.150317 | lrm: 0.16 | dt: 1674.14ms | tok/s: 313,168 | mfu: 35.75 | epoch: 1 | eta: 4.9m
step 02030/02205 (92.06%) [ns2_ftrl_eta0p1] | loss: 3.156563 | lrm: 0.16 | dt: 1670.21ms | tok/s: 313,905 | mfu: 35.83 | epoch: 1 | eta: 4.9m
step 02031/02205 (92.11%) [ns2_ftrl_eta0p1] | loss: 3.153158 | lrm: 0.16 | dt: 1666.47ms | tok/s: 314,609 | mfu: 35.91 | epoch: 1 | eta: 4.9m
step 02032/02205 (92.15%) [ns2_ftrl_eta0p1] | loss: 3.151188 | lrm: 0.16 | dt: 1674.53ms | tok/s: 313,095 | mfu: 35.74 | epoch: 1 | eta: 4.9m
step 02033/02205 (92.20%) [ns2_ftrl_eta0p1] | loss: 3.152729 | lrm: 0.16 | dt: 1673.67ms | tok/s: 313,255 | mfu: 35.76 | epoch: 1 | eta: 4.8m
step 02034/02205 (92.24%) [ns2_ftrl_eta0p1] | loss: 3.152476 | lrm: 0.16 | dt: 1677.06ms | tok/s: 312,622 | mfu: 35.69 | epoch: 1 | eta: 4.8m
step 02035/02205 (92.29%) [ns2_ftrl_eta0p1] | loss: 3.151860 | lrm: 0.15 | dt: 1669.43ms | tok/s: 314,051 | mfu: 35.85 | epoch: 1 | eta: 4.8m
step 02036/02205 (92.34%) [ns2_ftrl_eta0p1] | loss: 3.142307 | lrm: 0.15 | dt: 1673.67ms | tok/s: 313,256 | mfu: 35.76 | epoch: 1 | eta: 4.8m
step 02037/02205 (92.38%) [ns2_ftrl_eta0p1] | loss: 3.148323 | lrm: 0.15 | dt: 1675.36ms | tok/s: 312,940 | mfu: 35.72 | epoch: 1 | eta: 4.7m
step 02038/02205 (92.43%) [ns2_ftrl_eta0p1] | loss: 3.149330 | lrm: 0.15 | dt: 1683.21ms | tok/s: 311,480 | mfu: 35.56 | epoch: 1 | eta: 4.7m
step 02039/02205 (92.47%) [ns2_ftrl_eta0p1] | loss: 3.139711 | lrm: 0.15 | dt: 1669.12ms | tok/s: 314,109 | mfu: 35.86 | epoch: 1 | eta: 4.7m
step 02040/02205 (92.52%) [ns2_ftrl_eta0p1] | loss: 3.146480 | lrm: 0.15 | dt: 1678.94ms | tok/s: 312,273 | mfu: 35.65 | epoch: 1 | eta: 4.6m
step 02041/02205 (92.56%) [ns2_ftrl_eta0p1] | loss: 3.159091 | lrm: 0.15 | dt: 1670.20ms | tok/s: 313,907 | mfu: 35.83 | epoch: 1 | eta: 4.6m
step 02042/02205 (92.61%) [ns2_ftrl_eta0p1] | loss: 3.160908 | lrm: 0.15 | dt: 1679.03ms | tok/s: 312,255 | mfu: 35.64 | epoch: 1 | eta: 4.6m
step 02043/02205 (92.65%) [ns2_ftrl_eta0p1] | loss: 3.155953 | lrm: 0.15 | dt: 1685.21ms | tok/s: 311,110 | mfu: 35.51 | epoch: 1 | eta: 4.6m
step 02044/02205 (92.70%) [ns2_ftrl_eta0p1] | loss: 3.150165 | lrm: 0.15 | dt: 1675.27ms | tok/s: 312,956 | mfu: 35.72 | epoch: 1 | eta: 4.5m
step 02045/02205 (92.74%) [ns2_ftrl_eta0p1] | loss: 3.154157 | lrm: 0.15 | dt: 1682.59ms | tok/s: 311,595 | mfu: 35.57 | epoch: 1 | eta: 4.5m
step 02046/02205 (92.79%) [ns2_ftrl_eta0p1] | loss: 3.156701 | lrm: 0.14 | dt: 1678.19ms | tok/s: 312,412 | mfu: 35.66 | epoch: 1 | eta: 4.5m
step 02047/02205 (92.83%) [ns2_ftrl_eta0p1] | loss: 3.157248 | lrm: 0.14 | dt: 1679.33ms | tok/s: 312,200 | mfu: 35.64 | epoch: 1 | eta: 4.4m
step 02048/02205 (92.88%) [ns2_ftrl_eta0p1] | loss: 3.164199 | lrm: 0.14 | dt: 1687.50ms | tok/s: 310,689 | mfu: 35.47 | epoch: 1 | eta: 4.4m
step 02049/02205 (92.93%) [ns2_ftrl_eta0p1] | loss: 3.162655 | lrm: 0.14 | dt: 1675.03ms | tok/s: 313,001 | mfu: 35.73 | epoch: 1 | eta: 4.4m
step 02050/02205 (92.97%) [ns2_ftrl_eta0p1] | loss: 3.159678 | lrm: 0.14 | dt: 1680.09ms | tok/s: 312,058 | mfu: 35.62 | epoch: 1 | eta: 4.4m
step 02051/02205 (93.02%) [ns2_ftrl_eta0p1] | loss: 3.164457 | lrm: 0.14 | dt: 1694.25ms | tok/s: 309,450 | mfu: 35.32 | epoch: 1 | eta: 4.3m
step 02052/02205 (93.06%) [ns2_ftrl_eta0p1] | loss: 3.157321 | lrm: 0.14 | dt: 1686.79ms | tok/s: 310,820 | mfu: 35.48 | epoch: 1 | eta: 4.3m
step 02053/02205 (93.11%) [ns2_ftrl_eta0p1] | loss: 3.151396 | lrm: 0.14 | dt: 1685.00ms | tok/s: 311,150 | mfu: 35.52 | epoch: 1 | eta: 4.3m
step 02054/02205 (93.15%) [ns2_ftrl_eta0p1] | loss: 3.152939 | lrm: 0.14 | dt: 1672.50ms | tok/s: 313,475 | mfu: 35.78 | epoch: 1 | eta: 4.2m
step 02055/02205 (93.20%) [ns2_ftrl_eta0p1] | loss: 3.153449 | lrm: 0.14 | dt: 1686.66ms | tok/s: 310,843 | mfu: 35.48 | epoch: 1 | eta: 4.2m
step 02056/02205 (93.24%) [ns2_ftrl_eta0p1] | loss: 3.139443 | lrm: 0.14 | dt: 1676.49ms | tok/s: 312,729 | mfu: 35.70 | epoch: 1 | eta: 4.2m
step 02057/02205 (93.29%) [ns2_ftrl_eta0p1] | loss: 3.139405 | lrm: 0.13 | dt: 1680.50ms | tok/s: 311,984 | mfu: 35.61 | epoch: 1 | eta: 4.2m
step 02058/02205 (93.33%) [ns2_ftrl_eta0p1] | loss: 3.145921 | lrm: 0.13 | dt: 1691.60ms | tok/s: 309,936 | mfu: 35.38 | epoch: 1 | eta: 4.1m
step 02059/02205 (93.38%) [ns2_ftrl_eta0p1] | loss: 3.134935 | lrm: 0.13 | dt: 1687.32ms | tok/s: 310,722 | mfu: 35.47 | epoch: 1 | eta: 4.1m
step 02060/02205 (93.42%) [ns2_ftrl_eta0p1] | loss: 3.134444 | lrm: 0.13 | dt: 1689.49ms | tok/s: 310,324 | mfu: 35.42 | epoch: 1 | eta: 4.1m
step 02061/02205 (93.47%) [ns2_ftrl_eta0p1] | loss: 3.146030 | lrm: 0.13 | dt: 1685.04ms | tok/s: 311,143 | mfu: 35.52 | epoch: 1 | eta: 4.0m
step 02062/02205 (93.51%) [ns2_ftrl_eta0p1] | loss: 3.147290 | lrm: 0.13 | dt: 1685.29ms | tok/s: 311,096 | mfu: 35.51 | epoch: 1 | eta: 4.0m
step 02063/02205 (93.56%) [ns2_ftrl_eta0p1] | loss: 3.142463 | lrm: 0.13 | dt: 1692.47ms | tok/s: 309,777 | mfu: 35.36 | epoch: 1 | eta: 4.0m
step 02064/02205 (93.61%) [ns2_ftrl_eta0p1] | loss: 3.146283 | lrm: 0.13 | dt: 1686.17ms | tok/s: 310,933 | mfu: 35.49 | epoch: 1 | eta: 4.0m
step 02065/02205 (93.65%) [ns2_ftrl_eta0p1] | loss: 3.144197 | lrm: 0.13 | dt: 1687.09ms | tok/s: 310,763 | mfu: 35.47 | epoch: 1 | eta: 3.9m
step 02066/02205 (93.70%) [ns2_ftrl_eta0p1] | loss: 3.140866 | lrm: 0.13 | dt: 1679.66ms | tok/s: 312,139 | mfu: 35.63 | epoch: 1 | eta: 3.9m
step 02067/02205 (93.74%) [ns2_ftrl_eta0p1] | loss: 3.135197 | lrm: 0.13 | dt: 1692.03ms | tok/s: 309,856 | mfu: 35.37 | epoch: 1 | eta: 3.9m
step 02068/02205 (93.79%) [ns2_ftrl_eta0p1] | loss: 3.137092 | lrm: 0.12 | dt: 1691.90ms | tok/s: 309,880 | mfu: 35.37 | epoch: 1 | eta: 3.9m
step 02069/02205 (93.83%) [ns2_ftrl_eta0p1] | loss: 3.139159 | lrm: 0.12 | dt: 1685.32ms | tok/s: 311,091 | mfu: 35.51 | epoch: 1 | eta: 3.8m
step 02070/02205 (93.88%) [ns2_ftrl_eta0p1] | loss: 3.138800 | lrm: 0.12 | dt: 1691.81ms | tok/s: 309,897 | mfu: 35.38 | epoch: 1 | eta: 3.8m
step 02071/02205 (93.92%) [ns2_ftrl_eta0p1] | loss: 3.132107 | lrm: 0.12 | dt: 1691.56ms | tok/s: 309,943 | mfu: 35.38 | epoch: 1 | eta: 3.8m
step 02072/02205 (93.97%) [ns2_ftrl_eta0p1] | loss: 3.123372 | lrm: 0.12 | dt: 1693.14ms | tok/s: 309,654 | mfu: 35.35 | epoch: 1 | eta: 3.7m
step 02073/02205 (94.01%) [ns2_ftrl_eta0p1] | loss: 3.122863 | lrm: 0.12 | dt: 1690.59ms | tok/s: 310,120 | mfu: 35.40 | epoch: 1 | eta: 3.7m
step 02074/02205 (94.06%) [ns2_ftrl_eta0p1] | loss: 3.128233 | lrm: 0.12 | dt: 1690.99ms | tok/s: 310,047 | mfu: 35.39 | epoch: 1 | eta: 3.7m
step 02075/02205 (94.10%) [ns2_ftrl_eta0p1] | loss: 3.118554 | lrm: 0.12 | dt: 1696.04ms | tok/s: 309,124 | mfu: 35.29 | epoch: 1 | eta: 3.7m
step 02076/02205 (94.15%) [ns2_ftrl_eta0p1] | loss: 3.116006 | lrm: 0.12 | dt: 1688.97ms | tok/s: 310,417 | mfu: 35.43 | epoch: 1 | eta: 3.6m
step 02077/02205 (94.20%) [ns2_ftrl_eta0p1] | loss: 3.126784 | lrm: 0.12 | dt: 1693.49ms | tok/s: 309,590 | mfu: 35.34 | epoch: 1 | eta: 3.6m
step 02078/02205 (94.24%) [ns2_ftrl_eta0p1] | loss: 3.130398 | lrm: 0.12 | dt: 1691.87ms | tok/s: 309,886 | mfu: 35.37 | epoch: 1 | eta: 3.6m
step 02079/02205 (94.29%) [ns2_ftrl_eta0p1] | loss: 3.127098 | lrm: 0.11 | dt: 1693.58ms | tok/s: 309,573 | mfu: 35.34 | epoch: 1 | eta: 3.5m
step 02080/02205 (94.33%) [ns2_ftrl_eta0p1] | loss: 3.130448 | lrm: 0.11 | dt: 1686.24ms | tok/s: 310,920 | mfu: 35.49 | epoch: 1 | eta: 3.5m
step 02081/02205 (94.38%) [ns2_ftrl_eta0p1] | loss: 3.126702 | lrm: 0.11 | dt: 1691.93ms | tok/s: 309,876 | mfu: 35.37 | epoch: 1 | eta: 3.5m
step 02082/02205 (94.42%) [ns2_ftrl_eta0p1] | loss: 3.123823 | lrm: 0.11 | dt: 1693.93ms | tok/s: 309,509 | mfu: 35.33 | epoch: 1 | eta: 3.5m
step 02083/02205 (94.47%) [ns2_ftrl_eta0p1] | loss: 3.125322 | lrm: 0.11 | dt: 1692.24ms | tok/s: 309,819 | mfu: 35.37 | epoch: 1 | eta: 3.4m
step 02084/02205 (94.51%) [ns2_ftrl_eta0p1] | loss: 3.115432 | lrm: 0.11 | dt: 1690.68ms | tok/s: 310,104 | mfu: 35.40 | epoch: 1 | eta: 3.4m
step 02085/02205 (94.56%) [ns2_ftrl_eta0p1] | loss: 3.114401 | lrm: 0.11 | dt: 1694.90ms | tok/s: 309,332 | mfu: 35.31 | epoch: 1 | eta: 3.4m
step 02086/02205 (94.60%) [ns2_ftrl_eta0p1] | loss: 3.117354 | lrm: 0.11 | dt: 1689.90ms | tok/s: 310,247 | mfu: 35.42 | epoch: 1 | eta: 3.3m
step 02087/02205 (94.65%) [ns2_ftrl_eta0p1] | loss: 3.110253 | lrm: 0.11 | dt: 1692.58ms | tok/s: 309,756 | mfu: 35.36 | epoch: 1 | eta: 3.3m
step 02088/02205 (94.69%) [ns2_ftrl_eta0p1] | loss: 3.113825 | lrm: 0.11 | dt: 1692.72ms | tok/s: 309,731 | mfu: 35.36 | epoch: 1 | eta: 3.3m
step 02089/02205 (94.74%) [ns2_ftrl_eta0p1] | loss: 3.120617 | lrm: 0.11 | dt: 1694.25ms | tok/s: 309,451 | mfu: 35.32 | epoch: 1 | eta: 3.3m
step 02090/02205 (94.78%) [ns2_ftrl_eta0p1] | loss: 3.126926 | lrm: 0.10 | dt: 1690.96ms | tok/s: 310,053 | mfu: 35.39 | epoch: 1 | eta: 3.2m
step 02091/02205 (94.83%) [ns2_ftrl_eta0p1] | loss: 3.133196 | lrm: 0.10 | dt: 1692.83ms | tok/s: 309,711 | mfu: 35.35 | epoch: 1 | eta: 3.2m
step 02092/02205 (94.88%) [ns2_ftrl_eta0p1] | loss: 3.135254 | lrm: 0.10 | dt: 1694.75ms | tok/s: 309,359 | mfu: 35.31 | epoch: 1 | eta: 3.2m
step 02093/02205 (94.92%) [ns2_ftrl_eta0p1] | loss: 3.139372 | lrm: 0.10 | dt: 1691.18ms | tok/s: 310,013 | mfu: 35.39 | epoch: 1 | eta: 3.1m
step 02094/02205 (94.97%) [ns2_ftrl_eta0p1] | loss: 3.147196 | lrm: 0.10 | dt: 1693.20ms | tok/s: 309,643 | mfu: 35.35 | epoch: 1 | eta: 3.1m
step 02095/02205 (95.01%) [ns2_ftrl_eta0p1] | loss: 3.151832 | lrm: 0.10 | dt: 1692.50ms | tok/s: 309,771 | mfu: 35.36 | epoch: 1 | eta: 3.1m
step 02096/02205 (95.06%) [ns2_ftrl_eta0p1] | loss: 3.150267 | lrm: 0.10 | dt: 1691.55ms | tok/s: 309,946 | mfu: 35.38 | epoch: 1 | eta: 3.1m
step 02097/02205 (95.10%) [ns2_ftrl_eta0p1] | loss: 3.141601 | lrm: 0.10 | dt: 1693.46ms | tok/s: 309,595 | mfu: 35.34 | epoch: 1 | eta: 3.0m
step 02098/02205 (95.15%) [ns2_ftrl_eta0p1] | loss: 3.137974 | lrm: 0.10 | dt: 1691.39ms | tok/s: 309,974 | mfu: 35.38 | epoch: 1 | eta: 3.0m
step 02099/02205 (95.19%) [ns2_ftrl_eta0p1] | loss: 3.135480 | lrm: 0.10 | dt: 1692.72ms | tok/s: 309,731 | mfu: 35.36 | epoch: 1 | eta: 3.0m
step 02100/02205 (95.24%) [ns2_ftrl_eta0p1] | loss: 3.121460 | lrm: 0.10 | dt: 1684.64ms | tok/s: 311,215 | mfu: 35.53 | epoch: 1 | eta: 3.0m
step 02101/02205 (95.28%) [ns2_ftrl_eta0p1] | loss: 3.108116 | lrm: 0.09 | dt: 1688.32ms | tok/s: 310,537 | mfu: 35.45 | epoch: 1 | eta: 2.9m
step 02102/02205 (95.33%) [ns2_ftrl_eta0p1] | loss: 3.101991 | lrm: 0.09 | dt: 1685.08ms | tok/s: 311,136 | mfu: 35.52 | epoch: 1 | eta: 2.9m
step 02103/02205 (95.37%) [ns2_ftrl_eta0p1] | loss: 3.105217 | lrm: 0.09 | dt: 1689.39ms | tok/s: 310,342 | mfu: 35.43 | epoch: 1 | eta: 2.9m
step 02104/02205 (95.42%) [ns2_ftrl_eta0p1] | loss: 3.116945 | lrm: 0.09 | dt: 1692.24ms | tok/s: 309,819 | mfu: 35.37 | epoch: 1 | eta: 2.8m
step 02105/02205 (95.46%) [ns2_ftrl_eta0p1] | loss: 3.120413 | lrm: 0.09 | dt: 1691.14ms | tok/s: 310,019 | mfu: 35.39 | epoch: 1 | eta: 2.8m
step 02106/02205 (95.51%) [ns2_ftrl_eta0p1] | loss: 3.128072 | lrm: 0.09 | dt: 1692.37ms | tok/s: 309,795 | mfu: 35.36 | epoch: 1 | eta: 2.8m
step 02107/02205 (95.56%) [ns2_ftrl_eta0p1] | loss: 3.125126 | lrm: 0.09 | dt: 1687.40ms | tok/s: 310,708 | mfu: 35.47 | epoch: 1 | eta: 2.8m
step 02108/02205 (95.60%) [ns2_ftrl_eta0p1] | loss: 3.132778 | lrm: 0.09 | dt: 1692.63ms | tok/s: 309,746 | mfu: 35.36 | epoch: 1 | eta: 2.7m
step 02109/02205 (95.65%) [ns2_ftrl_eta0p1] | loss: 3.133914 | lrm: 0.09 | dt: 1689.49ms | tok/s: 310,323 | mfu: 35.42 | epoch: 1 | eta: 2.7m
step 02110/02205 (95.69%) [ns2_ftrl_eta0p1] | loss: 3.128293 | lrm: 0.09 | dt: 1696.30ms | tok/s: 309,076 | mfu: 35.28 | epoch: 1 | eta: 2.7m
step 02111/02205 (95.74%) [ns2_ftrl_eta0p1] | loss: 3.145401 | lrm: 0.09 | dt: 1693.76ms | tok/s: 309,540 | mfu: 35.33 | epoch: 1 | eta: 2.6m
step 02112/02205 (95.78%) [ns2_ftrl_eta0p1] | loss: 3.137375 | lrm: 0.08 | dt: 1693.29ms | tok/s: 309,626 | mfu: 35.34 | epoch: 1 | eta: 2.6m
step 02113/02205 (95.83%) [ns2_ftrl_eta0p1] | loss: 3.130829 | lrm: 0.08 | dt: 1687.29ms | tok/s: 310,727 | mfu: 35.47 | epoch: 1 | eta: 2.6m
step 02114/02205 (95.87%) [ns2_ftrl_eta0p1] | loss: 3.131884 | lrm: 0.08 | dt: 1690.90ms | tok/s: 310,063 | mfu: 35.39 | epoch: 1 | eta: 2.6m
step 02115/02205 (95.92%) [ns2_ftrl_eta0p1] | loss: 3.136952 | lrm: 0.08 | dt: 1691.96ms | tok/s: 309,869 | mfu: 35.37 | epoch: 1 | eta: 2.5m
step 02116/02205 (95.96%) [ns2_ftrl_eta0p1] | loss: 3.138176 | lrm: 0.08 | dt: 1690.07ms | tok/s: 310,215 | mfu: 35.41 | epoch: 1 | eta: 2.5m
step 02117/02205 (96.01%) [ns2_ftrl_eta0p1] | loss: 3.135733 | lrm: 0.08 | dt: 1689.35ms | tok/s: 310,348 | mfu: 35.43 | epoch: 1 | eta: 2.5m
step 02118/02205 (96.05%) [ns2_ftrl_eta0p1] | loss: 3.129828 | lrm: 0.08 | dt: 1690.73ms | tok/s: 310,095 | mfu: 35.40 | epoch: 1 | eta: 2.4m
step 02119/02205 (96.10%) [ns2_ftrl_eta0p1] | loss: 3.132443 | lrm: 0.08 | dt: 1683.80ms | tok/s: 311,372 | mfu: 35.54 | epoch: 1 | eta: 2.4m
step 02120/02205 (96.15%) [ns2_ftrl_eta0p1] | loss: 3.124981 | lrm: 0.08 | dt: 1691.12ms | tok/s: 310,024 | mfu: 35.39 | epoch: 1 | eta: 2.4m
step 02121/02205 (96.19%) [ns2_ftrl_eta0p1] | loss: 3.120394 | lrm: 0.08 | dt: 1694.65ms | tok/s: 309,378 | mfu: 35.32 | epoch: 1 | eta: 2.4m
step 02122/02205 (96.24%) [ns2_ftrl_eta0p1] | loss: 3.117555 | lrm: 0.08 | dt: 1686.63ms | tok/s: 310,849 | mfu: 35.48 | epoch: 1 | eta: 2.3m
step 02123/02205 (96.28%) [ns2_ftrl_eta0p1] | loss: 3.114849 | lrm: 0.07 | dt: 1688.92ms | tok/s: 310,427 | mfu: 35.44 | epoch: 1 | eta: 2.3m
step 02124/02205 (96.33%) [ns2_ftrl_eta0p1] | loss: 3.111355 | lrm: 0.07 | dt: 1687.25ms | tok/s: 310,735 | mfu: 35.47 | epoch: 1 | eta: 2.3m
step 02125/02205 (96.37%) [ns2_ftrl_eta0p1] | loss: 3.112374 | lrm: 0.07 | dt: 1684.11ms | tok/s: 311,315 | mfu: 35.54 | epoch: 1 | eta: 2.2m
step 02126/02205 (96.42%) [ns2_ftrl_eta0p1] | loss: 3.121964 | lrm: 0.07 | dt: 1691.08ms | tok/s: 310,031 | mfu: 35.39 | epoch: 1 | eta: 2.2m
step 02127/02205 (96.46%) [ns2_ftrl_eta0p1] | loss: 3.130382 | lrm: 0.07 | dt: 1689.06ms | tok/s: 310,401 | mfu: 35.43 | epoch: 1 | eta: 2.2m
step 02128/02205 (96.51%) [ns2_ftrl_eta0p1] | loss: 3.136250 | lrm: 0.07 | dt: 1685.14ms | tok/s: 311,124 | mfu: 35.52 | epoch: 1 | eta: 2.2m
step 02129/02205 (96.55%) [ns2_ftrl_eta0p1] | loss: 3.137071 | lrm: 0.07 | dt: 1684.53ms | tok/s: 311,236 | mfu: 35.53 | epoch: 1 | eta: 2.1m
step 02130/02205 (96.60%) [ns2_ftrl_eta0p1] | loss: 3.141880 | lrm: 0.07 | dt: 1696.77ms | tok/s: 308,992 | mfu: 35.27 | epoch: 1 | eta: 2.1m
step 02131/02205 (96.64%) [ns2_ftrl_eta0p1] | loss: 3.138120 | lrm: 0.07 | dt: 1690.14ms | tok/s: 310,204 | mfu: 35.41 | epoch: 1 | eta: 2.1m
step 02132/02205 (96.69%) [ns2_ftrl_eta0p1] | loss: 3.132621 | lrm: 0.07 | dt: 1684.92ms | tok/s: 311,164 | mfu: 35.52 | epoch: 1 | eta: 2.1m
step 02133/02205 (96.73%) [ns2_ftrl_eta0p1] | loss: 3.136634 | lrm: 0.07 | dt: 1688.19ms | tok/s: 310,561 | mfu: 35.45 | epoch: 1 | eta: 2.0m
step 02134/02205 (96.78%) [ns2_ftrl_eta0p1] | loss: 3.141881 | lrm: 0.06 | dt: 1699.31ms | tok/s: 308,530 | mfu: 35.22 | epoch: 1 | eta: 2.0m
step 02135/02205 (96.83%) [ns2_ftrl_eta0p1] | loss: 3.135075 | lrm: 0.06 | dt: 1692.27ms | tok/s: 309,813 | mfu: 35.37 | epoch: 1 | eta: 2.0m
step 02136/02205 (96.87%) [ns2_ftrl_eta0p1] | loss: 3.132778 | lrm: 0.06 | dt: 1690.21ms | tok/s: 310,190 | mfu: 35.41 | epoch: 1 | eta: 1.9m
step 02137/02205 (96.92%) [ns2_ftrl_eta0p1] | loss: 3.134464 | lrm: 0.06 | dt: 1691.74ms | tok/s: 309,910 | mfu: 35.38 | epoch: 1 | eta: 1.9m
step 02138/02205 (96.96%) [ns2_ftrl_eta0p1] | loss: 3.130052 | lrm: 0.06 | dt: 1688.97ms | tok/s: 310,418 | mfu: 35.43 | epoch: 1 | eta: 1.9m
step 02139/02205 (97.01%) [ns2_ftrl_eta0p1] | loss: 3.121222 | lrm: 0.06 | dt: 1686.62ms | tok/s: 310,851 | mfu: 35.48 | epoch: 1 | eta: 1.9m
step 02140/02205 (97.05%) [ns2_ftrl_eta0p1] | loss: 3.116843 | lrm: 0.06 | dt: 1688.63ms | tok/s: 310,480 | mfu: 35.44 | epoch: 1 | eta: 1.8m
step 02141/02205 (97.10%) [ns2_ftrl_eta0p1] | loss: 3.122327 | lrm: 0.06 | dt: 1690.41ms | tok/s: 310,155 | mfu: 35.40 | epoch: 1 | eta: 1.8m
step 02142/02205 (97.14%) [ns2_ftrl_eta0p1] | loss: 3.128054 | lrm: 0.06 | dt: 1691.71ms | tok/s: 309,916 | mfu: 35.38 | epoch: 1 | eta: 1.8m
step 02143/02205 (97.19%) [ns2_ftrl_eta0p1] | loss: 3.131016 | lrm: 0.06 | dt: 1679.66ms | tok/s: 312,139 | mfu: 35.63 | epoch: 1 | eta: 1.7m
step 02144/02205 (97.23%) [ns2_ftrl_eta0p1] | loss: 3.133967 | lrm: 0.06 | dt: 1686.64ms | tok/s: 310,847 | mfu: 35.48 | epoch: 1 | eta: 1.7m
step 02145/02205 (97.28%) [ns2_ftrl_eta0p1] | loss: 3.131954 | lrm: 0.05 | dt: 1686.73ms | tok/s: 310,831 | mfu: 35.48 | epoch: 1 | eta: 1.7m
step 02146/02205 (97.32%) [ns2_ftrl_eta0p1] | loss: 3.136857 | lrm: 0.05 | dt: 1695.96ms | tok/s: 309,138 | mfu: 35.29 | epoch: 1 | eta: 1.7m
step 02147/02205 (97.37%) [ns2_ftrl_eta0p1] | loss: 3.128538 | lrm: 0.05 | dt: 1692.25ms | tok/s: 309,816 | mfu: 35.37 | epoch: 1 | eta: 1.6m
step 02148/02205 (97.41%) [ns2_ftrl_eta0p1] | loss: 3.132566 | lrm: 0.05 | dt: 1682.26ms | tok/s: 311,657 | mfu: 35.58 | epoch: 1 | eta: 1.6m
step 02149/02205 (97.46%) [ns2_ftrl_eta0p1] | loss: 3.128039 | lrm: 0.05 | dt: 1688.12ms | tok/s: 310,575 | mfu: 35.45 | epoch: 1 | eta: 1.6m
step 02150/02205 (97.51%) [ns2_ftrl_eta0p1] | loss: 3.126951 | lrm: 0.05 | dt: 1690.86ms | tok/s: 310,072 | mfu: 35.40 | epoch: 1 | eta: 1.5m
step 02151/02205 (97.55%) [ns2_ftrl_eta0p1] | loss: 3.133466 | lrm: 0.05 | dt: 1687.91ms | tok/s: 310,613 | mfu: 35.46 | epoch: 1 | eta: 1.5m
step 02152/02205 (97.60%) [ns2_ftrl_eta0p1] | loss: 3.134657 | lrm: 0.05 | dt: 1688.20ms | tok/s: 310,560 | mfu: 35.45 | epoch: 1 | eta: 1.5m
step 02153/02205 (97.64%) [ns2_ftrl_eta0p1] | loss: 3.127045 | lrm: 0.05 | dt: 1693.69ms | tok/s: 309,553 | mfu: 35.34 | epoch: 1 | eta: 1.5m
step 02154/02205 (97.69%) [ns2_ftrl_eta0p1] | loss: 3.124723 | lrm: 0.05 | dt: 1693.04ms | tok/s: 309,673 | mfu: 35.35 | epoch: 1 | eta: 1.4m
step 02155/02205 (97.73%) [ns2_ftrl_eta0p1] | loss: 3.127959 | lrm: 0.05 | dt: 1687.86ms | tok/s: 310,623 | mfu: 35.46 | epoch: 1 | eta: 1.4m
step 02156/02205 (97.78%) [ns2_ftrl_eta0p1] | loss: 3.127301 | lrm: 0.04 | dt: 1692.61ms | tok/s: 309,751 | mfu: 35.36 | epoch: 1 | eta: 1.4m
step 02157/02205 (97.82%) [ns2_ftrl_eta0p1] | loss: 3.129538 | lrm: 0.04 | dt: 1691.93ms | tok/s: 309,876 | mfu: 35.37 | epoch: 1 | eta: 1.3m
step 02158/02205 (97.87%) [ns2_ftrl_eta0p1] | loss: 3.132598 | lrm: 0.04 | dt: 1691.01ms | tok/s: 310,044 | mfu: 35.39 | epoch: 1 | eta: 1.3m
step 02159/02205 (97.91%) [ns2_ftrl_eta0p1] | loss: 3.126144 | lrm: 0.04 | dt: 1692.95ms | tok/s: 309,689 | mfu: 35.35 | epoch: 1 | eta: 1.3m
step 02160/02205 (97.96%) [ns2_ftrl_eta0p1] | loss: 3.124579 | lrm: 0.04 | dt: 1693.74ms | tok/s: 309,545 | mfu: 35.33 | epoch: 1 | eta: 1.3m
step 02161/02205 (98.00%) [ns2_ftrl_eta0p1] | loss: 3.122882 | lrm: 0.04 | dt: 1695.29ms | tok/s: 309,261 | mfu: 35.30 | epoch: 1 | eta: 1.2m
step 02162/02205 (98.05%) [ns2_ftrl_eta0p1] | loss: 3.117308 | lrm: 0.04 | dt: 1694.55ms | tok/s: 309,397 | mfu: 35.32 | epoch: 1 | eta: 1.2m
step 02163/02205 (98.10%) [ns2_ftrl_eta0p1] | loss: 3.120352 | lrm: 0.04 | dt: 1692.05ms | tok/s: 309,852 | mfu: 35.37 | epoch: 1 | eta: 1.2m
step 02164/02205 (98.14%) [ns2_ftrl_eta0p1] | loss: 3.121729 | lrm: 0.04 | dt: 1688.42ms | tok/s: 310,519 | mfu: 35.45 | epoch: 1 | eta: 1.2m
step 02165/02205 (98.19%) [ns2_ftrl_eta0p1] | loss: 3.121470 | lrm: 0.04 | dt: 1694.26ms | tok/s: 309,448 | mfu: 35.32 | epoch: 1 | eta: 1.1m
step 02166/02205 (98.23%) [ns2_ftrl_eta0p1] | loss: 3.126729 | lrm: 0.04 | dt: 1692.80ms | tok/s: 309,715 | mfu: 35.35 | epoch: 1 | eta: 1.1m
step 02167/02205 (98.28%) [ns2_ftrl_eta0p1] | loss: 3.121334 | lrm: 0.03 | dt: 1694.86ms | tok/s: 309,340 | mfu: 35.31 | epoch: 1 | eta: 1.1m
step 02168/02205 (98.32%) [ns2_ftrl_eta0p1] | loss: 3.116229 | lrm: 0.03 | dt: 1692.73ms | tok/s: 309,728 | mfu: 35.36 | epoch: 1 | eta: 1.0m
step 02169/02205 (98.37%) [ns2_ftrl_eta0p1] | loss: 3.106372 | lrm: 0.03 | dt: 1686.65ms | tok/s: 310,846 | mfu: 35.48 | epoch: 1 | eta: 1.0m
step 02170/02205 (98.41%) [ns2_ftrl_eta0p1] | loss: 3.116939 | lrm: 0.03 | dt: 1693.99ms | tok/s: 309,498 | mfu: 35.33 | epoch: 1 | eta: 1.0m
step 02171/02205 (98.46%) [ns2_ftrl_eta0p1] | loss: 3.124146 | lrm: 0.03 | dt: 1693.41ms | tok/s: 309,605 | mfu: 35.34 | epoch: 1 | eta: 1.0m
step 02172/02205 (98.50%) [ns2_ftrl_eta0p1] | loss: 3.132547 | lrm: 0.03 | dt: 1687.04ms | tok/s: 310,773 | mfu: 35.48 | epoch: 1 | eta: 0.9m
step 02173/02205 (98.55%) [ns2_ftrl_eta0p1] | loss: 3.126647 | lrm: 0.03 | dt: 1696.39ms | tok/s: 309,060 | mfu: 35.28 | epoch: 1 | eta: 0.9m
step 02174/02205 (98.59%) [ns2_ftrl_eta0p1] | loss: 3.125501 | lrm: 0.03 | dt: 1688.98ms | tok/s: 310,416 | mfu: 35.43 | epoch: 1 | eta: 0.9m
step 02175/02205 (98.64%) [ns2_ftrl_eta0p1] | loss: 3.124113 | lrm: 0.03 | dt: 1694.11ms | tok/s: 309,477 | mfu: 35.33 | epoch: 1 | eta: 0.8m
step 02176/02205 (98.68%) [ns2_ftrl_eta0p1] | loss: 3.130336 | lrm: 0.03 | dt: 1692.64ms | tok/s: 309,745 | mfu: 35.36 | epoch: 1 | eta: 0.8m
step 02177/02205 (98.73%) [ns2_ftrl_eta0p1] | loss: 3.126691 | lrm: 0.03 | dt: 1692.51ms | tok/s: 309,768 | mfu: 35.36 | epoch: 1 | eta: 0.8m
step 02178/02205 (98.78%) [ns2_ftrl_eta0p1] | loss: 3.141344 | lrm: 0.02 | dt: 1691.78ms | tok/s: 309,902 | mfu: 35.38 | epoch: 1 | eta: 0.8m
step 02179/02205 (98.82%) [ns2_ftrl_eta0p1] | loss: 3.138280 | lrm: 0.02 | dt: 1694.40ms | tok/s: 309,423 | mfu: 35.32 | epoch: 1 | eta: 0.7m
step 02180/02205 (98.87%) [ns2_ftrl_eta0p1] | loss: 3.150989 | lrm: 0.02 | dt: 1692.08ms | tok/s: 309,848 | mfu: 35.37 | epoch: 1 | eta: 0.7m
step 02181/02205 (98.91%) [ns2_ftrl_eta0p1] | loss: 3.149962 | lrm: 0.02 | dt: 1690.24ms | tok/s: 310,186 | mfu: 35.41 | epoch: 1 | eta: 0.7m
step 02182/02205 (98.96%) [ns2_ftrl_eta0p1] | loss: 3.140737 | lrm: 0.02 | dt: 1691.53ms | tok/s: 309,948 | mfu: 35.38 | epoch: 1 | eta: 0.6m
step 02183/02205 (99.00%) [ns2_ftrl_eta0p1] | loss: 3.139506 | lrm: 0.02 | dt: 1692.25ms | tok/s: 309,816 | mfu: 35.37 | epoch: 1 | eta: 0.6m
step 02184/02205 (99.05%) [ns2_ftrl_eta0p1] | loss: 3.131812 | lrm: 0.02 | dt: 1693.80ms | tok/s: 309,532 | mfu: 35.33 | epoch: 1 | eta: 0.6m
step 02185/02205 (99.09%) [ns2_ftrl_eta0p1] | loss: 3.136533 | lrm: 0.02 | dt: 1691.52ms | tok/s: 309,950 | mfu: 35.38 | epoch: 1 | eta: 0.6m
step 02186/02205 (99.14%) [ns2_ftrl_eta0p1] | loss: 3.136780 | lrm: 0.02 | dt: 1691.20ms | tok/s: 310,010 | mfu: 35.39 | epoch: 1 | eta: 0.5m
step 02187/02205 (99.18%) [ns2_ftrl_eta0p1] | loss: 3.137223 | lrm: 0.02 | dt: 1692.20ms | tok/s: 309,826 | mfu: 35.37 | epoch: 1 | eta: 0.5m
step 02188/02205 (99.23%) [ns2_ftrl_eta0p1] | loss: 3.134162 | lrm: 0.02 | dt: 1692.74ms | tok/s: 309,727 | mfu: 35.36 | epoch: 1 | eta: 0.5m
step 02189/02205 (99.27%) [ns2_ftrl_eta0p1] | loss: 3.132027 | lrm: 0.01 | dt: 1693.76ms | tok/s: 309,540 | mfu: 35.33 | epoch: 1 | eta: 0.4m
step 02190/02205 (99.32%) [ns2_ftrl_eta0p1] | loss: 3.128174 | lrm: 0.01 | dt: 1692.56ms | tok/s: 309,759 | mfu: 35.36 | epoch: 1 | eta: 0.4m
step 02191/02205 (99.37%) [ns2_ftrl_eta0p1] | loss: 3.117400 | lrm: 0.01 | dt: 1692.26ms | tok/s: 309,816 | mfu: 35.37 | epoch: 1 | eta: 0.4m
step 02192/02205 (99.41%) [ns2_ftrl_eta0p1] | loss: 3.116279 | lrm: 0.01 | dt: 1690.39ms | tok/s: 310,158 | mfu: 35.40 | epoch: 1 | eta: 0.4m
step 02193/02205 (99.46%) [ns2_ftrl_eta0p1] | loss: 3.109450 | lrm: 0.01 | dt: 1688.48ms | tok/s: 310,508 | mfu: 35.44 | epoch: 1 | eta: 0.3m
step 02194/02205 (99.50%) [ns2_ftrl_eta0p1] | loss: 3.111187 | lrm: 0.01 | dt: 1696.76ms | tok/s: 308,994 | mfu: 35.27 | epoch: 1 | eta: 0.3m
step 02195/02205 (99.55%) [ns2_ftrl_eta0p1] | loss: 3.099811 | lrm: 0.01 | dt: 1692.48ms | tok/s: 309,774 | mfu: 35.36 | epoch: 1 | eta: 0.3m
step 02196/02205 (99.59%) [ns2_ftrl_eta0p1] | loss: 3.106869 | lrm: 0.01 | dt: 1692.18ms | tok/s: 309,829 | mfu: 35.37 | epoch: 1 | eta: 0.3m
step 02197/02205 (99.64%) [ns2_ftrl_eta0p1] | loss: 3.102671 | lrm: 0.01 | dt: 1693.69ms | tok/s: 309,553 | mfu: 35.34 | epoch: 1 | eta: 0.2m
step 02198/02205 (99.68%) [ns2_ftrl_eta0p1] | loss: 3.113583 | lrm: 0.01 | dt: 1687.84ms | tok/s: 310,625 | mfu: 35.46 | epoch: 1 | eta: 0.2m
step 02199/02205 (99.73%) [ns2_ftrl_eta0p1] | loss: 3.121608 | lrm: 0.01 | dt: 1691.74ms | tok/s: 309,910 | mfu: 35.38 | epoch: 1 | eta: 0.2m
step 02200/02205 (99.77%) [ns2_ftrl_eta0p1] | loss: 3.121883 | lrm: 0.00 | dt: 1696.56ms | tok/s: 309,030 | mfu: 35.28 | epoch: 1 | eta: 0.1m
step 02201/02205 (99.82%) [ns2_ftrl_eta0p1] | loss: 3.123679 | lrm: 0.00 | dt: 1693.24ms | tok/s: 309,635 | mfu: 35.35 | epoch: 1 | eta: 0.1m
step 02202/02205 (99.86%) [ns2_ftrl_eta0p1] | loss: 3.122834 | lrm: 0.00 | dt: 1691.20ms | tok/s: 310,009 | mfu: 35.39 | epoch: 1 | eta: 0.1m
step 02203/02205 (99.91%) [ns2_ftrl_eta0p1] | loss: 3.128183 | lrm: 0.00 | dt: 1688.29ms | tok/s: 310,544 | mfu: 35.45 | epoch: 1 | eta: 0.1m
step 02204/02205 (99.95%) [ns2_ftrl_eta0p1] | loss: 3.121166 | lrm: 0.00 | dt: 1690.29ms | tok/s: 310,176 | mfu: 35.41 | epoch: 1 | eta: 0.0m
Step 02205 | val bpb: 0.915223
Evaluating: hellaswag_zeroshot (0-shot, type: multiple_choice)... accuracy: 0.3300 | centered: 0.1067 | time: 4.62s
Evaluating: jeopardy (10-shot, type: language_modeling)... accuracy: 0.0120 | centered: 0.0120 | time: 4.60s
Evaluating: bigbench_qa_wikidata (10-shot, type: language_modeling)... accuracy: 0.3220 | centered: 0.3220 | time: 4.45s
Evaluating: arc_easy (10-shot, type: multiple_choice)... accuracy: 0.5360 | centered: 0.3813 | time: 5.59s
Evaluating: arc_challenge (10-shot, type: multiple_choice)... accuracy: 0.2480 | centered: -0.0027 | time: 5.75s
Evaluating: copa (0-shot, type: multiple_choice)... accuracy: 0.6100 | centered: 0.2200 | time: 0.87s
Evaluating: commonsense_qa (10-shot, type: multiple_choice)... accuracy: 0.2680 | centered: 0.0850 | time: 5.89s
Evaluating: piqa (10-shot, type: multiple_choice)... accuracy: 0.6400 | centered: 0.2800 | time: 5.16s
Evaluating: openbook_qa (0-shot, type: multiple_choice)... accuracy: 0.2700 | centered: 0.0267 | time: 4.38s
Evaluating: lambada_openai (0-shot, type: language_modeling)... accuracy: 0.2700 | centered: 0.2700 | time: 4.37s
Evaluating: hellaswag (10-shot, type: multiple_choice)... accuracy: 0.3360 | centered: 0.1147 | time: 7.43s
Evaluating: winograd (0-shot, type: schema)... accuracy: 0.5678 | centered: 0.1355 | time: 2.26s
Evaluating: winogrande (0-shot, type: schema)... accuracy: 0.4860 | centered: -0.0280 | time: 4.14s
Evaluating: bigbench_dyck_languages (10-shot, type: language_modeling)... accuracy: 0.1220 | centered: 0.1220 | time: 4.94s
Evaluating: agi_eval_lsat_ar (3-shot, type: multiple_choice)... accuracy: 0.2783 | centered: 0.0978 | time: 3.25s
Evaluating: bigbench_cs_algorithms (10-shot, type: language_modeling)... accuracy: 0.4460 | centered: 0.4460 | time: 4.78s
Evaluating: bigbench_operators (10-shot, type: language_modeling)... accuracy: 0.0857 | centered: 0.0857 | time: 1.98s
Evaluating: bigbench_repeat_copy_logic (10-shot, type: language_modeling)... accuracy: 0.0000 | centered: 0.0000 | time: 0.31s
Evaluating: squad (10-shot, type: language_modeling)... accuracy: 0.0520 | centered: 0.0520 | time: 6.48s
Evaluating: coqa (0-shot, type: language_modeling)... accuracy: 0.1120 | centered: 0.1120 | time: 4.84s
Evaluating: boolq (10-shot, type: multiple_choice)... accuracy: 0.5560 | centered: -0.1684 | time: 7.19s
Evaluating: bigbench_language_identification (10-shot, type: multiple_choice)... accuracy: 0.2760 | centered: 0.2035 | time: 9.99s
Step 02205 | CORE metric: 0.1306
<|bos|>The capital of France is Paris, and the capital of the French Republic is Paris. The capital of France
<|bos|>The chemical symbol of gold is the symbol of the gold rush. The gold rush was a time of great prosperity
<|bos|>If yesterday was Friday, then tomorrow will be Friday. The day of the week is Friday, and the day of the week
<|bos|>If 5*x + 3 = 13, then x is the number of times the number of times the number of times the number of times
Peak memory: 38392.46MiB
Total training time: 61.69m
Min val bpb: 0.915223
========================================
[ns2_ftrl_eta0p1] Job completed at: Fri Apr 24 09:45:03 EDT 2026
========================================
