========================================
Job ID: 723737
Node: andreas-h100-1
GPUs: 1
Mode: ns3_ftrl_eta0p1
Start Time: Fri Apr 24 12:00:28 EDT 2026
========================================
Fri Apr 24 12:00:28 2026       
+-----------------------------------------------------------------------------------------+
| NVIDIA-SMI 575.57.08              Driver Version: 575.57.08      CUDA Version: 12.9     |
|-----------------------------------------+------------------------+----------------------+
| GPU  Name                 Persistence-M | Bus-Id          Disp.A | Volatile Uncorr. ECC |
| Fan  Temp   Perf          Pwr:Usage/Cap |           Memory-Usage | GPU-Util  Compute M. |
|                                         |                        |               MIG M. |
|=========================================+========================+======================|
|   0  NVIDIA H100 NVL                On  |   00000000:A1:00.0 Off |                    0 |
| N/A   57C    P0             70W /  400W |       0MiB /  95830MiB |      0%      Default |
|                                         |                        |             Disabled |
+-----------------------------------------+------------------------+----------------------+
                                                                                         
+-----------------------------------------------------------------------------------------+
| Processes:                                                                              |
|  GPU   GI   CI              PID   Type   Process name                        GPU Memory |
|        ID   ID                                                               Usage      |
|=========================================================================================|
|  No running processes found                                                             |
+-----------------------------------------------------------------------------------------+
Starting ablation mode: ns3_ftrl_eta0p1 (matrix-lr=0.02)

                                                       █████                █████
                                                      ░░███                ░░███
     ████████    ██████   ████████    ██████   ██████  ░███████    ██████  ███████
    ░░███░░███  ░░░░░███ ░░███░░███  ███░░███ ███░░███ ░███░░███  ░░░░░███░░░███░
     ░███ ░███   ███████  ░███ ░███ ░███ ░███░███ ░░░  ░███ ░███   ███████  ░███
     ░███ ░███  ███░░███  ░███ ░███ ░███ ░███░███  ███ ░███ ░███  ███░░███  ░███ ███
     ████ █████░░████████ ████ █████░░██████ ░░██████  ████ █████░░███████  ░░█████
    ░░░░ ░░░░░  ░░░░░░░░ ░░░░ ░░░░░  ░░░░░░   ░░░░░░  ░░░░ ░░░░░  ░░░░░░░░   ░░░░░
    
Update mode: ns3_ftrl_eta0p1
Autodetected device type: cuda
GPU: NVIDIA H100 NVL | Peak FLOPS (BF16): 8.35e+14
✓ Using Flash Attention 3 (Hopper GPU detected)
Vocab size: 65,536
Model config:
{
  "sequence_len": 2048,
  "vocab_size": 65536,
  "n_layer": 12,
  "n_head": 6,
  "n_kv_head": 6,
  "n_embd": 768,
  "window_pattern": "SSSL"
}
Parameter counts:
wte                     : 50,331,648
value_embeds            : 301,989,888
lm_head                 : 50,331,648
transformer_matrices    : 84,935,808
scalars                 : 24
total                   : 487,589,016
Auto-computed optimal batch size: 524,288 tokens
dmodel_lr_scale: 1.000000
Using user-provided number of iterations: 2,205
Total training tokens: 1,156,055,040
Tokens:Scaling params ratio: 8.55
Total FLOPs estimate: 1.101908e+18
Grad accum steps: 8
Step 00000 | val bpb: 3.254653
step 00000/02205 (0.00%) [ns3_ftrl_eta0p1] | loss: 11.090001 | lrm: 1.00 | dt: 20503.51ms | tok/s: 25,570 | mfu: 2.92 | epoch: 1
step 00001/02205 (0.05%) [ns3_ftrl_eta0p1] | loss: 10.842191 | lrm: 1.00 | dt: 1602.59ms | tok/s: 327,150 | mfu: 37.34 | epoch: 1
step 00002/02205 (0.09%) [ns3_ftrl_eta0p1] | loss: 10.240979 | lrm: 1.00 | dt: 1637.78ms | tok/s: 320,121 | mfu: 36.54 | epoch: 1
step 00003/02205 (0.14%) [ns3_ftrl_eta0p1] | loss: 9.624004 | lrm: 1.00 | dt: 1639.78ms | tok/s: 319,731 | mfu: 36.50 | epoch: 1
step 00004/02205 (0.18%) [ns3_ftrl_eta0p1] | loss: 9.052651 | lrm: 1.00 | dt: 1637.94ms | tok/s: 320,089 | mfu: 36.54 | epoch: 1
step 00005/02205 (0.23%) [ns3_ftrl_eta0p1] | loss: 8.605894 | lrm: 1.00 | dt: 1637.21ms | tok/s: 320,232 | mfu: 36.55 | epoch: 1
step 00006/02205 (0.27%) [ns3_ftrl_eta0p1] | loss: 8.277044 | lrm: 1.00 | dt: 1630.55ms | tok/s: 321,541 | mfu: 36.70 | epoch: 1
step 00007/02205 (0.32%) [ns3_ftrl_eta0p1] | loss: 8.015256 | lrm: 1.00 | dt: 1635.25ms | tok/s: 320,617 | mfu: 36.60 | epoch: 1
step 00008/02205 (0.36%) [ns3_ftrl_eta0p1] | loss: 7.801931 | lrm: 1.00 | dt: 1641.95ms | tok/s: 319,307 | mfu: 36.45 | epoch: 1
step 00009/02205 (0.41%) [ns3_ftrl_eta0p1] | loss: 7.611003 | lrm: 1.00 | dt: 1645.40ms | tok/s: 318,638 | mfu: 36.37 | epoch: 1
step 00010/02205 (0.45%) [ns3_ftrl_eta0p1] | loss: 7.442166 | lrm: 1.00 | dt: 1652.91ms | tok/s: 317,190 | mfu: 36.21 | epoch: 1
step 00011/02205 (0.50%) [ns3_ftrl_eta0p1] | loss: 7.313032 | lrm: 1.00 | dt: 1655.07ms | tok/s: 316,777 | mfu: 36.16 | epoch: 1 | eta: 60.5m
step 00012/02205 (0.54%) [ns3_ftrl_eta0p1] | loss: 7.196306 | lrm: 1.00 | dt: 1655.23ms | tok/s: 316,747 | mfu: 36.16 | epoch: 1 | eta: 60.5m
step 00013/02205 (0.59%) [ns3_ftrl_eta0p1] | loss: 7.078340 | lrm: 1.00 | dt: 1656.95ms | tok/s: 316,417 | mfu: 36.12 | epoch: 1 | eta: 60.5m
step 00014/02205 (0.63%) [ns3_ftrl_eta0p1] | loss: 6.986861 | lrm: 1.00 | dt: 1664.47ms | tok/s: 314,987 | mfu: 35.96 | epoch: 1 | eta: 60.5m
step 00015/02205 (0.68%) [ns3_ftrl_eta0p1] | loss: 6.886431 | lrm: 1.00 | dt: 1665.75ms | tok/s: 314,746 | mfu: 35.93 | epoch: 1 | eta: 60.6m
step 00016/02205 (0.73%) [ns3_ftrl_eta0p1] | loss: 6.805625 | lrm: 1.00 | dt: 1671.17ms | tok/s: 313,725 | mfu: 35.81 | epoch: 1 | eta: 60.6m
step 00017/02205 (0.77%) [ns3_ftrl_eta0p1] | loss: 6.735048 | lrm: 1.00 | dt: 1667.83ms | tok/s: 314,353 | mfu: 35.88 | epoch: 1 | eta: 60.6m
step 00018/02205 (0.82%) [ns3_ftrl_eta0p1] | loss: 6.676967 | lrm: 1.00 | dt: 1678.28ms | tok/s: 312,395 | mfu: 35.66 | epoch: 1 | eta: 60.7m
step 00019/02205 (0.86%) [ns3_ftrl_eta0p1] | loss: 6.614015 | lrm: 1.00 | dt: 1673.16ms | tok/s: 313,351 | mfu: 35.77 | epoch: 1 | eta: 60.7m
step 00020/02205 (0.91%) [ns3_ftrl_eta0p1] | loss: 6.558050 | lrm: 1.00 | dt: 1677.77ms | tok/s: 312,491 | mfu: 35.67 | epoch: 1 | eta: 60.7m
step 00021/02205 (0.95%) [ns3_ftrl_eta0p1] | loss: 6.503918 | lrm: 1.00 | dt: 1691.04ms | tok/s: 310,039 | mfu: 35.39 | epoch: 1 | eta: 60.7m
step 00022/02205 (1.00%) [ns3_ftrl_eta0p1] | loss: 6.456033 | lrm: 1.00 | dt: 1682.70ms | tok/s: 311,575 | mfu: 35.57 | epoch: 1 | eta: 60.8m
step 00023/02205 (1.04%) [ns3_ftrl_eta0p1] | loss: 6.422352 | lrm: 1.00 | dt: 1684.00ms | tok/s: 311,335 | mfu: 35.54 | epoch: 1 | eta: 60.8m
step 00024/02205 (1.09%) [ns3_ftrl_eta0p1] | loss: 6.377627 | lrm: 1.00 | dt: 1686.92ms | tok/s: 310,796 | mfu: 35.48 | epoch: 1 | eta: 60.8m
step 00025/02205 (1.13%) [ns3_ftrl_eta0p1] | loss: 6.344507 | lrm: 1.00 | dt: 1688.48ms | tok/s: 310,509 | mfu: 35.44 | epoch: 1 | eta: 60.8m
step 00026/02205 (1.18%) [ns3_ftrl_eta0p1] | loss: 6.299406 | lrm: 1.00 | dt: 1686.35ms | tok/s: 310,900 | mfu: 35.49 | epoch: 1 | eta: 60.8m
step 00027/02205 (1.22%) [ns3_ftrl_eta0p1] | loss: 6.269031 | lrm: 1.00 | dt: 1690.34ms | tok/s: 310,167 | mfu: 35.41 | epoch: 1 | eta: 60.8m
step 00028/02205 (1.27%) [ns3_ftrl_eta0p1] | loss: 6.234479 | lrm: 1.00 | dt: 1693.07ms | tok/s: 309,666 | mfu: 35.35 | epoch: 1 | eta: 60.8m
step 00029/02205 (1.32%) [ns3_ftrl_eta0p1] | loss: 6.196543 | lrm: 1.00 | dt: 1693.22ms | tok/s: 309,640 | mfu: 35.35 | epoch: 1 | eta: 60.8m
step 00030/02205 (1.36%) [ns3_ftrl_eta0p1] | loss: 6.159394 | lrm: 1.00 | dt: 1696.63ms | tok/s: 309,017 | mfu: 35.27 | epoch: 1 | eta: 60.8m
step 00031/02205 (1.41%) [ns3_ftrl_eta0p1] | loss: 6.123518 | lrm: 1.00 | dt: 1696.27ms | tok/s: 309,082 | mfu: 35.28 | epoch: 1 | eta: 60.8m
step 00032/02205 (1.45%) [ns3_ftrl_eta0p1] | loss: 6.089617 | lrm: 1.00 | dt: 1711.74ms | tok/s: 306,289 | mfu: 34.96 | epoch: 1 | eta: 60.9m
step 00033/02205 (1.50%) [ns3_ftrl_eta0p1] | loss: 6.058438 | lrm: 1.00 | dt: 1706.92ms | tok/s: 307,154 | mfu: 35.06 | epoch: 1 | eta: 60.9m
step 00034/02205 (1.54%) [ns3_ftrl_eta0p1] | loss: 6.025521 | lrm: 1.00 | dt: 1704.63ms | tok/s: 307,566 | mfu: 35.11 | epoch: 1 | eta: 60.9m
step 00035/02205 (1.59%) [ns3_ftrl_eta0p1] | loss: 6.000168 | lrm: 1.00 | dt: 1711.45ms | tok/s: 306,342 | mfu: 34.97 | epoch: 1 | eta: 60.9m
step 00036/02205 (1.63%) [ns3_ftrl_eta0p1] | loss: 5.967949 | lrm: 1.00 | dt: 1706.21ms | tok/s: 307,283 | mfu: 35.08 | epoch: 1 | eta: 60.9m
step 00037/02205 (1.68%) [ns3_ftrl_eta0p1] | loss: 5.938670 | lrm: 1.00 | dt: 1710.28ms | tok/s: 306,551 | mfu: 34.99 | epoch: 1 | eta: 60.9m
step 00038/02205 (1.72%) [ns3_ftrl_eta0p1] | loss: 5.908177 | lrm: 1.00 | dt: 1708.33ms | tok/s: 306,900 | mfu: 35.03 | epoch: 1 | eta: 60.9m
step 00039/02205 (1.77%) [ns3_ftrl_eta0p1] | loss: 5.885013 | lrm: 1.00 | dt: 1716.00ms | tok/s: 305,528 | mfu: 34.88 | epoch: 1 | eta: 60.9m
step 00040/02205 (1.81%) [ns3_ftrl_eta0p1] | loss: 5.848574 | lrm: 1.00 | dt: 1711.35ms | tok/s: 306,358 | mfu: 34.97 | epoch: 1 | eta: 60.9m
step 00041/02205 (1.86%) [ns3_ftrl_eta0p1] | loss: 5.812149 | lrm: 1.00 | dt: 1721.74ms | tok/s: 304,510 | mfu: 34.76 | epoch: 1 | eta: 60.9m
step 00042/02205 (1.90%) [ns3_ftrl_eta0p1] | loss: 5.782209 | lrm: 1.00 | dt: 1710.19ms | tok/s: 306,567 | mfu: 35.00 | epoch: 1 | eta: 60.9m
step 00043/02205 (1.95%) [ns3_ftrl_eta0p1] | loss: 5.757705 | lrm: 1.00 | dt: 1717.46ms | tok/s: 305,269 | mfu: 34.85 | epoch: 1 | eta: 60.9m
step 00044/02205 (2.00%) [ns3_ftrl_eta0p1] | loss: 5.737874 | lrm: 1.00 | dt: 1718.68ms | tok/s: 305,052 | mfu: 34.82 | epoch: 1 | eta: 60.9m
step 00045/02205 (2.04%) [ns3_ftrl_eta0p1] | loss: 5.709596 | lrm: 1.00 | dt: 1723.67ms | tok/s: 304,169 | mfu: 34.72 | epoch: 1 | eta: 60.9m
step 00046/02205 (2.09%) [ns3_ftrl_eta0p1] | loss: 5.675728 | lrm: 1.00 | dt: 1721.76ms | tok/s: 304,506 | mfu: 34.76 | epoch: 1 | eta: 60.9m
step 00047/02205 (2.13%) [ns3_ftrl_eta0p1] | loss: 5.651939 | lrm: 1.00 | dt: 1722.04ms | tok/s: 304,456 | mfu: 34.75 | epoch: 1 | eta: 60.9m
step 00048/02205 (2.18%) [ns3_ftrl_eta0p1] | loss: 5.629910 | lrm: 1.00 | dt: 1718.76ms | tok/s: 305,038 | mfu: 34.82 | epoch: 1 | eta: 60.9m
step 00049/02205 (2.22%) [ns3_ftrl_eta0p1] | loss: 5.606165 | lrm: 1.00 | dt: 1726.39ms | tok/s: 303,689 | mfu: 34.67 | epoch: 1 | eta: 60.9m
step 00050/02205 (2.27%) [ns3_ftrl_eta0p1] | loss: 5.578838 | lrm: 1.00 | dt: 1731.62ms | tok/s: 302,773 | mfu: 34.56 | epoch: 1 | eta: 60.9m
step 00051/02205 (2.31%) [ns3_ftrl_eta0p1] | loss: 5.544281 | lrm: 1.00 | dt: 1725.42ms | tok/s: 303,860 | mfu: 34.69 | epoch: 1 | eta: 60.9m
step 00052/02205 (2.36%) [ns3_ftrl_eta0p1] | loss: 5.515966 | lrm: 1.00 | dt: 1731.13ms | tok/s: 302,858 | mfu: 34.57 | epoch: 1 | eta: 60.9m
step 00053/02205 (2.40%) [ns3_ftrl_eta0p1] | loss: 5.496185 | lrm: 1.00 | dt: 1725.83ms | tok/s: 303,789 | mfu: 34.68 | epoch: 1 | eta: 60.9m
step 00054/02205 (2.45%) [ns3_ftrl_eta0p1] | loss: 5.483319 | lrm: 1.00 | dt: 1726.44ms | tok/s: 303,681 | mfu: 34.67 | epoch: 1 | eta: 60.9m
step 00055/02205 (2.49%) [ns3_ftrl_eta0p1] | loss: 5.465149 | lrm: 1.00 | dt: 1722.93ms | tok/s: 304,300 | mfu: 34.74 | epoch: 1 | eta: 60.9m
step 00056/02205 (2.54%) [ns3_ftrl_eta0p1] | loss: 5.446643 | lrm: 1.00 | dt: 1733.91ms | tok/s: 302,373 | mfu: 34.52 | epoch: 1 | eta: 60.9m
step 00057/02205 (2.59%) [ns3_ftrl_eta0p1] | loss: 5.420841 | lrm: 1.00 | dt: 1731.81ms | tok/s: 302,739 | mfu: 34.56 | epoch: 1 | eta: 60.9m
step 00058/02205 (2.63%) [ns3_ftrl_eta0p1] | loss: 5.404638 | lrm: 1.00 | dt: 1727.82ms | tok/s: 303,438 | mfu: 34.64 | epoch: 1 | eta: 60.9m
step 00059/02205 (2.68%) [ns3_ftrl_eta0p1] | loss: 5.391887 | lrm: 1.00 | dt: 1735.34ms | tok/s: 302,123 | mfu: 34.49 | epoch: 1 | eta: 60.9m
step 00060/02205 (2.72%) [ns3_ftrl_eta0p1] | loss: 5.364209 | lrm: 1.00 | dt: 1730.17ms | tok/s: 303,027 | mfu: 34.59 | epoch: 1 | eta: 60.9m
step 00061/02205 (2.77%) [ns3_ftrl_eta0p1] | loss: 5.345057 | lrm: 1.00 | dt: 1737.07ms | tok/s: 301,822 | mfu: 34.45 | epoch: 1 | eta: 60.9m
step 00062/02205 (2.81%) [ns3_ftrl_eta0p1] | loss: 5.332625 | lrm: 1.00 | dt: 1731.29ms | tok/s: 302,830 | mfu: 34.57 | epoch: 1 | eta: 60.9m
step 00063/02205 (2.86%) [ns3_ftrl_eta0p1] | loss: 5.322746 | lrm: 1.00 | dt: 1741.14ms | tok/s: 301,117 | mfu: 34.37 | epoch: 1 | eta: 60.9m
step 00064/02205 (2.90%) [ns3_ftrl_eta0p1] | loss: 5.312168 | lrm: 1.00 | dt: 1745.02ms | tok/s: 300,447 | mfu: 34.30 | epoch: 1 | eta: 60.9m
step 00065/02205 (2.95%) [ns3_ftrl_eta0p1] | loss: 5.305612 | lrm: 1.00 | dt: 1734.62ms | tok/s: 302,249 | mfu: 34.50 | epoch: 1 | eta: 60.8m
step 00066/02205 (2.99%) [ns3_ftrl_eta0p1] | loss: 5.277962 | lrm: 1.00 | dt: 1733.55ms | tok/s: 302,436 | mfu: 34.52 | epoch: 1 | eta: 60.8m
step 00067/02205 (3.04%) [ns3_ftrl_eta0p1] | loss: 5.257865 | lrm: 1.00 | dt: 1739.62ms | tok/s: 301,381 | mfu: 34.40 | epoch: 1 | eta: 60.8m
step 00068/02205 (3.08%) [ns3_ftrl_eta0p1] | loss: 5.240903 | lrm: 1.00 | dt: 1733.71ms | tok/s: 302,408 | mfu: 34.52 | epoch: 1 | eta: 60.8m
step 00069/02205 (3.13%) [ns3_ftrl_eta0p1] | loss: 5.219962 | lrm: 1.00 | dt: 1735.56ms | tok/s: 302,085 | mfu: 34.48 | epoch: 1 | eta: 60.8m
step 00070/02205 (3.17%) [ns3_ftrl_eta0p1] | loss: 5.200927 | lrm: 1.00 | dt: 1741.91ms | tok/s: 300,985 | mfu: 34.36 | epoch: 1 | eta: 60.8m
step 00071/02205 (3.22%) [ns3_ftrl_eta0p1] | loss: 5.196361 | lrm: 1.00 | dt: 1738.85ms | tok/s: 301,514 | mfu: 34.42 | epoch: 1 | eta: 60.8m
step 00072/02205 (3.27%) [ns3_ftrl_eta0p1] | loss: 5.175969 | lrm: 1.00 | dt: 1742.91ms | tok/s: 300,812 | mfu: 34.34 | epoch: 1 | eta: 60.8m
step 00073/02205 (3.31%) [ns3_ftrl_eta0p1] | loss: 5.152252 | lrm: 1.00 | dt: 1737.81ms | tok/s: 301,694 | mfu: 34.44 | epoch: 1 | eta: 60.8m
step 00074/02205 (3.36%) [ns3_ftrl_eta0p1] | loss: 5.128427 | lrm: 1.00 | dt: 1746.43ms | tok/s: 300,205 | mfu: 34.27 | epoch: 1 | eta: 60.8m
step 00075/02205 (3.40%) [ns3_ftrl_eta0p1] | loss: 5.106773 | lrm: 1.00 | dt: 1742.36ms | tok/s: 300,906 | mfu: 34.35 | epoch: 1 | eta: 60.7m
step 00076/02205 (3.45%) [ns3_ftrl_eta0p1] | loss: 5.093877 | lrm: 1.00 | dt: 1738.51ms | tok/s: 301,572 | mfu: 34.42 | epoch: 1 | eta: 60.7m
step 00077/02205 (3.49%) [ns3_ftrl_eta0p1] | loss: 5.077655 | lrm: 1.00 | dt: 1745.42ms | tok/s: 300,379 | mfu: 34.29 | epoch: 1 | eta: 60.7m
step 00078/02205 (3.54%) [ns3_ftrl_eta0p1] | loss: 5.059274 | lrm: 1.00 | dt: 1745.03ms | tok/s: 300,445 | mfu: 34.30 | epoch: 1 | eta: 60.7m
step 00079/02205 (3.58%) [ns3_ftrl_eta0p1] | loss: 5.039659 | lrm: 1.00 | dt: 1742.98ms | tok/s: 300,800 | mfu: 34.34 | epoch: 1 | eta: 60.7m
step 00080/02205 (3.63%) [ns3_ftrl_eta0p1] | loss: 5.029190 | lrm: 1.00 | dt: 1746.21ms | tok/s: 300,243 | mfu: 34.27 | epoch: 1 | eta: 60.7m
step 00081/02205 (3.67%) [ns3_ftrl_eta0p1] | loss: 5.023533 | lrm: 1.00 | dt: 1731.26ms | tok/s: 302,836 | mfu: 34.57 | epoch: 1 | eta: 60.7m
step 00082/02205 (3.72%) [ns3_ftrl_eta0p1] | loss: 5.010552 | lrm: 1.00 | dt: 1750.64ms | tok/s: 299,483 | mfu: 34.19 | epoch: 1 | eta: 60.7m
step 00083/02205 (3.76%) [ns3_ftrl_eta0p1] | loss: 5.000206 | lrm: 1.00 | dt: 1742.76ms | tok/s: 300,836 | mfu: 34.34 | epoch: 1 | eta: 60.6m
step 00084/02205 (3.81%) [ns3_ftrl_eta0p1] | loss: 4.994497 | lrm: 1.00 | dt: 1743.51ms | tok/s: 300,708 | mfu: 34.33 | epoch: 1 | eta: 60.6m
step 00085/02205 (3.85%) [ns3_ftrl_eta0p1] | loss: 4.979455 | lrm: 1.00 | dt: 1741.90ms | tok/s: 300,986 | mfu: 34.36 | epoch: 1 | eta: 60.6m
step 00086/02205 (3.90%) [ns3_ftrl_eta0p1] | loss: 4.961179 | lrm: 1.00 | dt: 1746.88ms | tok/s: 300,127 | mfu: 34.26 | epoch: 1 | eta: 60.6m
step 00087/02205 (3.95%) [ns3_ftrl_eta0p1] | loss: 4.948300 | lrm: 1.00 | dt: 1740.48ms | tok/s: 301,231 | mfu: 34.39 | epoch: 1 | eta: 60.6m
step 00088/02205 (3.99%) [ns3_ftrl_eta0p1] | loss: 4.934016 | lrm: 1.00 | dt: 1748.02ms | tok/s: 299,932 | mfu: 34.24 | epoch: 1 | eta: 60.6m
step 00089/02205 (4.04%) [ns3_ftrl_eta0p1] | loss: 4.916111 | lrm: 1.00 | dt: 1744.40ms | tok/s: 300,555 | mfu: 34.31 | epoch: 1 | eta: 60.5m
step 00090/02205 (4.08%) [ns3_ftrl_eta0p1] | loss: 4.904538 | lrm: 1.00 | dt: 1747.25ms | tok/s: 300,064 | mfu: 34.25 | epoch: 1 | eta: 60.5m
step 00091/02205 (4.13%) [ns3_ftrl_eta0p1] | loss: 4.889588 | lrm: 1.00 | dt: 1746.01ms | tok/s: 300,277 | mfu: 34.28 | epoch: 1 | eta: 60.5m
step 00092/02205 (4.17%) [ns3_ftrl_eta0p1] | loss: 4.886209 | lrm: 1.00 | dt: 1741.19ms | tok/s: 301,109 | mfu: 34.37 | epoch: 1 | eta: 60.5m
step 00093/02205 (4.22%) [ns3_ftrl_eta0p1] | loss: 4.872027 | lrm: 1.00 | dt: 1752.96ms | tok/s: 299,087 | mfu: 34.14 | epoch: 1 | eta: 60.5m
step 00094/02205 (4.26%) [ns3_ftrl_eta0p1] | loss: 4.863591 | lrm: 1.00 | dt: 1750.00ms | tok/s: 299,593 | mfu: 34.20 | epoch: 1 | eta: 60.5m
step 00095/02205 (4.31%) [ns3_ftrl_eta0p1] | loss: 4.858852 | lrm: 1.00 | dt: 1743.85ms | tok/s: 300,648 | mfu: 34.32 | epoch: 1 | eta: 60.5m
step 00096/02205 (4.35%) [ns3_ftrl_eta0p1] | loss: 4.852852 | lrm: 1.00 | dt: 1748.02ms | tok/s: 299,933 | mfu: 34.24 | epoch: 1 | eta: 60.4m
step 00097/02205 (4.40%) [ns3_ftrl_eta0p1] | loss: 4.836005 | lrm: 1.00 | dt: 1750.10ms | tok/s: 299,576 | mfu: 34.20 | epoch: 1 | eta: 60.4m
step 00098/02205 (4.44%) [ns3_ftrl_eta0p1] | loss: 4.822656 | lrm: 1.00 | dt: 1749.46ms | tok/s: 299,684 | mfu: 34.21 | epoch: 1 | eta: 60.4m
step 00099/02205 (4.49%) [ns3_ftrl_eta0p1] | loss: 4.807783 | lrm: 1.00 | dt: 1746.29ms | tok/s: 300,230 | mfu: 34.27 | epoch: 1 | eta: 60.4m
step 00100/02205 (4.54%) [ns3_ftrl_eta0p1] | loss: 4.804999 | lrm: 1.00 | dt: 1759.44ms | tok/s: 297,984 | mfu: 34.02 | epoch: 1 | eta: 60.4m
step 00101/02205 (4.58%) [ns3_ftrl_eta0p1] | loss: 4.793810 | lrm: 1.00 | dt: 1752.23ms | tok/s: 299,211 | mfu: 34.16 | epoch: 1 | eta: 60.4m
step 00102/02205 (4.63%) [ns3_ftrl_eta0p1] | loss: 4.774423 | lrm: 1.00 | dt: 1758.33ms | tok/s: 298,173 | mfu: 34.04 | epoch: 1 | eta: 60.3m
step 00103/02205 (4.67%) [ns3_ftrl_eta0p1] | loss: 4.759232 | lrm: 1.00 | dt: 1744.20ms | tok/s: 300,589 | mfu: 34.31 | epoch: 1 | eta: 60.3m
step 00104/02205 (4.72%) [ns3_ftrl_eta0p1] | loss: 4.747904 | lrm: 1.00 | dt: 1758.73ms | tok/s: 298,105 | mfu: 34.03 | epoch: 1 | eta: 60.3m
step 00105/02205 (4.76%) [ns3_ftrl_eta0p1] | loss: 4.743544 | lrm: 1.00 | dt: 1752.91ms | tok/s: 299,096 | mfu: 34.14 | epoch: 1 | eta: 60.3m
step 00106/02205 (4.81%) [ns3_ftrl_eta0p1] | loss: 4.730787 | lrm: 1.00 | dt: 1749.35ms | tok/s: 299,704 | mfu: 34.21 | epoch: 1 | eta: 60.3m
step 00107/02205 (4.85%) [ns3_ftrl_eta0p1] | loss: 4.723035 | lrm: 1.00 | dt: 1756.56ms | tok/s: 298,473 | mfu: 34.07 | epoch: 1 | eta: 60.3m
step 00108/02205 (4.90%) [ns3_ftrl_eta0p1] | loss: 4.709140 | lrm: 1.00 | dt: 1749.52ms | tok/s: 299,675 | mfu: 34.21 | epoch: 1 | eta: 60.2m
step 00109/02205 (4.94%) [ns3_ftrl_eta0p1] | loss: 4.695221 | lrm: 1.00 | dt: 1753.77ms | tok/s: 298,949 | mfu: 34.13 | epoch: 1 | eta: 60.2m
step 00110/02205 (4.99%) [ns3_ftrl_eta0p1] | loss: 4.686731 | lrm: 1.00 | dt: 1753.06ms | tok/s: 299,070 | mfu: 34.14 | epoch: 1 | eta: 60.2m
step 00111/02205 (5.03%) [ns3_ftrl_eta0p1] | loss: 4.671636 | lrm: 1.00 | dt: 1752.43ms | tok/s: 299,176 | mfu: 34.15 | epoch: 1 | eta: 60.2m
step 00112/02205 (5.08%) [ns3_ftrl_eta0p1] | loss: 4.663878 | lrm: 1.00 | dt: 1755.51ms | tok/s: 298,653 | mfu: 34.09 | epoch: 1 | eta: 60.2m
step 00113/02205 (5.12%) [ns3_ftrl_eta0p1] | loss: 4.652450 | lrm: 1.00 | dt: 1743.13ms | tok/s: 300,773 | mfu: 34.33 | epoch: 1 | eta: 60.1m
step 00114/02205 (5.17%) [ns3_ftrl_eta0p1] | loss: 4.637940 | lrm: 1.00 | dt: 1758.90ms | tok/s: 298,077 | mfu: 34.03 | epoch: 1 | eta: 60.1m
step 00115/02205 (5.22%) [ns3_ftrl_eta0p1] | loss: 4.632995 | lrm: 1.00 | dt: 1754.83ms | tok/s: 298,769 | mfu: 34.10 | epoch: 1 | eta: 60.1m
step 00116/02205 (5.26%) [ns3_ftrl_eta0p1] | loss: 4.619706 | lrm: 1.00 | dt: 1754.61ms | tok/s: 298,806 | mfu: 34.11 | epoch: 1 | eta: 60.1m
step 00117/02205 (5.31%) [ns3_ftrl_eta0p1] | loss: 4.598896 | lrm: 1.00 | dt: 1752.31ms | tok/s: 299,198 | mfu: 34.15 | epoch: 1 | eta: 60.1m
step 00118/02205 (5.35%) [ns3_ftrl_eta0p1] | loss: 4.591637 | lrm: 1.00 | dt: 1751.26ms | tok/s: 299,377 | mfu: 34.17 | epoch: 1 | eta: 60.0m
step 00119/02205 (5.40%) [ns3_ftrl_eta0p1] | loss: 4.580844 | lrm: 1.00 | dt: 1751.24ms | tok/s: 299,380 | mfu: 34.17 | epoch: 1 | eta: 60.0m
step 00120/02205 (5.44%) [ns3_ftrl_eta0p1] | loss: 4.569222 | lrm: 1.00 | dt: 1752.69ms | tok/s: 299,132 | mfu: 34.15 | epoch: 1 | eta: 60.0m
step 00121/02205 (5.49%) [ns3_ftrl_eta0p1] | loss: 4.555492 | lrm: 1.00 | dt: 1751.12ms | tok/s: 299,400 | mfu: 34.18 | epoch: 1 | eta: 60.0m
step 00122/02205 (5.53%) [ns3_ftrl_eta0p1] | loss: 4.539299 | lrm: 1.00 | dt: 1756.88ms | tok/s: 298,420 | mfu: 34.07 | epoch: 1 | eta: 60.0m
step 00123/02205 (5.58%) [ns3_ftrl_eta0p1] | loss: 4.539129 | lrm: 1.00 | dt: 1750.99ms | tok/s: 299,422 | mfu: 34.18 | epoch: 1 | eta: 59.9m
step 00124/02205 (5.62%) [ns3_ftrl_eta0p1] | loss: 4.536184 | lrm: 1.00 | dt: 1752.71ms | tok/s: 299,130 | mfu: 34.15 | epoch: 1 | eta: 59.9m
step 00125/02205 (5.67%) [ns3_ftrl_eta0p1] | loss: 4.528487 | lrm: 1.00 | dt: 1753.07ms | tok/s: 299,069 | mfu: 34.14 | epoch: 1 | eta: 59.9m
step 00126/02205 (5.71%) [ns3_ftrl_eta0p1] | loss: 4.515628 | lrm: 1.00 | dt: 1756.50ms | tok/s: 298,484 | mfu: 34.07 | epoch: 1 | eta: 59.9m
step 00127/02205 (5.76%) [ns3_ftrl_eta0p1] | loss: 4.506862 | lrm: 1.00 | dt: 1768.77ms | tok/s: 296,413 | mfu: 33.84 | epoch: 1 | eta: 59.9m
step 00128/02205 (5.80%) [ns3_ftrl_eta0p1] | loss: 4.514347 | lrm: 1.00 | dt: 1749.81ms | tok/s: 299,625 | mfu: 34.20 | epoch: 1 | eta: 59.8m
step 00129/02205 (5.85%) [ns3_ftrl_eta0p1] | loss: 4.504242 | lrm: 1.00 | dt: 1753.93ms | tok/s: 298,922 | mfu: 34.12 | epoch: 1 | eta: 59.8m
step 00130/02205 (5.90%) [ns3_ftrl_eta0p1] | loss: 4.500907 | lrm: 1.00 | dt: 1752.59ms | tok/s: 299,149 | mfu: 34.15 | epoch: 1 | eta: 59.8m
step 00131/02205 (5.94%) [ns3_ftrl_eta0p1] | loss: 4.490198 | lrm: 1.00 | dt: 1751.25ms | tok/s: 299,378 | mfu: 34.17 | epoch: 1 | eta: 59.8m
step 00132/02205 (5.99%) [ns3_ftrl_eta0p1] | loss: 4.484439 | lrm: 1.00 | dt: 1750.79ms | tok/s: 299,458 | mfu: 34.18 | epoch: 1 | eta: 59.7m
step 00133/02205 (6.03%) [ns3_ftrl_eta0p1] | loss: 4.485956 | lrm: 1.00 | dt: 1750.94ms | tok/s: 299,431 | mfu: 34.18 | epoch: 1 | eta: 59.7m
step 00134/02205 (6.08%) [ns3_ftrl_eta0p1] | loss: 4.465705 | lrm: 1.00 | dt: 1751.78ms | tok/s: 299,288 | mfu: 34.16 | epoch: 1 | eta: 59.7m
step 00135/02205 (6.12%) [ns3_ftrl_eta0p1] | loss: 4.454988 | lrm: 1.00 | dt: 1754.92ms | tok/s: 298,752 | mfu: 34.10 | epoch: 1 | eta: 59.7m
step 00136/02205 (6.17%) [ns3_ftrl_eta0p1] | loss: 4.443048 | lrm: 1.00 | dt: 1748.51ms | tok/s: 299,849 | mfu: 34.23 | epoch: 1 | eta: 59.7m
step 00137/02205 (6.21%) [ns3_ftrl_eta0p1] | loss: 4.428688 | lrm: 1.00 | dt: 1755.45ms | tok/s: 298,663 | mfu: 34.09 | epoch: 1 | eta: 59.6m
step 00138/02205 (6.26%) [ns3_ftrl_eta0p1] | loss: 4.421101 | lrm: 1.00 | dt: 1749.21ms | tok/s: 299,728 | mfu: 34.21 | epoch: 1 | eta: 59.6m
step 00139/02205 (6.30%) [ns3_ftrl_eta0p1] | loss: 4.422363 | lrm: 1.00 | dt: 1754.65ms | tok/s: 298,799 | mfu: 34.11 | epoch: 1 | eta: 59.6m
step 00140/02205 (6.35%) [ns3_ftrl_eta0p1] | loss: 4.405520 | lrm: 1.00 | dt: 1753.96ms | tok/s: 298,917 | mfu: 34.12 | epoch: 1 | eta: 59.6m
step 00141/02205 (6.39%) [ns3_ftrl_eta0p1] | loss: 4.390404 | lrm: 1.00 | dt: 1758.91ms | tok/s: 298,075 | mfu: 34.03 | epoch: 1 | eta: 59.5m
step 00142/02205 (6.44%) [ns3_ftrl_eta0p1] | loss: 4.393893 | lrm: 1.00 | dt: 1754.44ms | tok/s: 298,835 | mfu: 34.11 | epoch: 1 | eta: 59.5m
step 00143/02205 (6.49%) [ns3_ftrl_eta0p1] | loss: 4.398940 | lrm: 1.00 | dt: 1754.66ms | tok/s: 298,797 | mfu: 34.11 | epoch: 1 | eta: 59.5m
step 00144/02205 (6.53%) [ns3_ftrl_eta0p1] | loss: 4.386760 | lrm: 1.00 | dt: 1754.78ms | tok/s: 298,776 | mfu: 34.11 | epoch: 1 | eta: 59.5m
step 00145/02205 (6.58%) [ns3_ftrl_eta0p1] | loss: 4.378475 | lrm: 1.00 | dt: 1754.81ms | tok/s: 298,772 | mfu: 34.11 | epoch: 1 | eta: 59.5m
step 00146/02205 (6.62%) [ns3_ftrl_eta0p1] | loss: 4.360439 | lrm: 1.00 | dt: 1768.36ms | tok/s: 296,482 | mfu: 33.84 | epoch: 1 | eta: 59.4m
step 00147/02205 (6.67%) [ns3_ftrl_eta0p1] | loss: 4.353732 | lrm: 1.00 | dt: 1751.26ms | tok/s: 299,378 | mfu: 34.17 | epoch: 1 | eta: 59.4m
step 00148/02205 (6.71%) [ns3_ftrl_eta0p1] | loss: 4.340093 | lrm: 1.00 | dt: 1758.31ms | tok/s: 298,177 | mfu: 34.04 | epoch: 1 | eta: 59.4m
step 00149/02205 (6.76%) [ns3_ftrl_eta0p1] | loss: 4.324098 | lrm: 1.00 | dt: 1767.43ms | tok/s: 296,638 | mfu: 33.86 | epoch: 1 | eta: 59.4m
step 00150/02205 (6.80%) [ns3_ftrl_eta0p1] | loss: 4.306396 | lrm: 1.00 | dt: 1754.23ms | tok/s: 298,870 | mfu: 34.12 | epoch: 1 | eta: 59.3m
step 00151/02205 (6.85%) [ns3_ftrl_eta0p1] | loss: 4.293282 | lrm: 1.00 | dt: 1767.70ms | tok/s: 296,593 | mfu: 33.86 | epoch: 1 | eta: 59.3m
step 00152/02205 (6.89%) [ns3_ftrl_eta0p1] | loss: 4.282281 | lrm: 1.00 | dt: 1759.08ms | tok/s: 298,047 | mfu: 34.02 | epoch: 1 | eta: 59.3m
step 00153/02205 (6.94%) [ns3_ftrl_eta0p1] | loss: 4.285493 | lrm: 1.00 | dt: 1758.60ms | tok/s: 298,127 | mfu: 34.03 | epoch: 1 | eta: 59.3m
step 00154/02205 (6.98%) [ns3_ftrl_eta0p1] | loss: 4.269504 | lrm: 1.00 | dt: 1760.37ms | tok/s: 297,828 | mfu: 34.00 | epoch: 1 | eta: 59.3m
step 00155/02205 (7.03%) [ns3_ftrl_eta0p1] | loss: 4.255343 | lrm: 1.00 | dt: 1755.73ms | tok/s: 298,615 | mfu: 34.09 | epoch: 1 | eta: 59.2m
step 00156/02205 (7.07%) [ns3_ftrl_eta0p1] | loss: 4.242705 | lrm: 1.00 | dt: 1753.15ms | tok/s: 299,054 | mfu: 34.14 | epoch: 1 | eta: 59.2m
step 00157/02205 (7.12%) [ns3_ftrl_eta0p1] | loss: 4.243855 | lrm: 1.00 | dt: 1755.90ms | tok/s: 298,586 | mfu: 34.08 | epoch: 1 | eta: 59.2m
step 00158/02205 (7.17%) [ns3_ftrl_eta0p1] | loss: 4.233284 | lrm: 1.00 | dt: 1768.39ms | tok/s: 296,477 | mfu: 33.84 | epoch: 1 | eta: 59.2m
step 00159/02205 (7.21%) [ns3_ftrl_eta0p1] | loss: 4.230062 | lrm: 1.00 | dt: 1755.11ms | tok/s: 298,721 | mfu: 34.10 | epoch: 1 | eta: 59.1m
step 00160/02205 (7.26%) [ns3_ftrl_eta0p1] | loss: 4.221248 | lrm: 1.00 | dt: 1756.96ms | tok/s: 298,406 | mfu: 34.06 | epoch: 1 | eta: 59.1m
step 00161/02205 (7.30%) [ns3_ftrl_eta0p1] | loss: 4.206115 | lrm: 1.00 | dt: 1761.02ms | tok/s: 297,718 | mfu: 33.98 | epoch: 1 | eta: 59.1m
step 00162/02205 (7.35%) [ns3_ftrl_eta0p1] | loss: 4.213704 | lrm: 1.00 | dt: 1754.80ms | tok/s: 298,773 | mfu: 34.11 | epoch: 1 | eta: 59.1m
step 00163/02205 (7.39%) [ns3_ftrl_eta0p1] | loss: 4.207712 | lrm: 1.00 | dt: 1765.36ms | tok/s: 296,986 | mfu: 33.90 | epoch: 1 | eta: 59.0m
step 00164/02205 (7.44%) [ns3_ftrl_eta0p1] | loss: 4.193291 | lrm: 1.00 | dt: 1753.25ms | tok/s: 299,037 | mfu: 34.14 | epoch: 1 | eta: 59.0m
step 00165/02205 (7.48%) [ns3_ftrl_eta0p1] | loss: 4.187653 | lrm: 1.00 | dt: 1765.97ms | tok/s: 296,884 | mfu: 33.89 | epoch: 1 | eta: 59.0m
step 00166/02205 (7.53%) [ns3_ftrl_eta0p1] | loss: 4.174110 | lrm: 1.00 | dt: 1760.12ms | tok/s: 297,870 | mfu: 34.00 | epoch: 1 | eta: 59.0m
step 00167/02205 (7.57%) [ns3_ftrl_eta0p1] | loss: 4.171081 | lrm: 1.00 | dt: 1768.51ms | tok/s: 296,457 | mfu: 33.84 | epoch: 1 | eta: 59.0m
step 00168/02205 (7.62%) [ns3_ftrl_eta0p1] | loss: 4.159612 | lrm: 1.00 | dt: 1753.37ms | tok/s: 299,017 | mfu: 34.13 | epoch: 1 | eta: 58.9m
step 00169/02205 (7.66%) [ns3_ftrl_eta0p1] | loss: 4.158258 | lrm: 1.00 | dt: 1757.19ms | tok/s: 298,366 | mfu: 34.06 | epoch: 1 | eta: 58.9m
step 00170/02205 (7.71%) [ns3_ftrl_eta0p1] | loss: 4.162202 | lrm: 1.00 | dt: 1762.03ms | tok/s: 297,547 | mfu: 33.97 | epoch: 1 | eta: 58.9m
step 00171/02205 (7.76%) [ns3_ftrl_eta0p1] | loss: 4.158736 | lrm: 1.00 | dt: 1759.90ms | tok/s: 297,907 | mfu: 34.01 | epoch: 1 | eta: 58.9m
step 00172/02205 (7.80%) [ns3_ftrl_eta0p1] | loss: 4.153157 | lrm: 1.00 | dt: 1765.14ms | tok/s: 297,024 | mfu: 33.91 | epoch: 1 | eta: 58.8m
step 00173/02205 (7.85%) [ns3_ftrl_eta0p1] | loss: 4.156370 | lrm: 1.00 | dt: 1758.32ms | tok/s: 298,175 | mfu: 34.04 | epoch: 1 | eta: 58.8m
step 00174/02205 (7.89%) [ns3_ftrl_eta0p1] | loss: 4.149017 | lrm: 1.00 | dt: 1766.48ms | tok/s: 296,797 | mfu: 33.88 | epoch: 1 | eta: 58.8m
step 00175/02205 (7.94%) [ns3_ftrl_eta0p1] | loss: 4.134382 | lrm: 1.00 | dt: 1757.47ms | tok/s: 298,318 | mfu: 34.05 | epoch: 1 | eta: 58.8m
step 00176/02205 (7.98%) [ns3_ftrl_eta0p1] | loss: 4.131165 | lrm: 1.00 | dt: 1766.29ms | tok/s: 296,829 | mfu: 33.88 | epoch: 1 | eta: 58.7m
step 00177/02205 (8.03%) [ns3_ftrl_eta0p1] | loss: 4.132880 | lrm: 1.00 | dt: 1763.16ms | tok/s: 297,357 | mfu: 33.94 | epoch: 1 | eta: 58.7m
step 00178/02205 (8.07%) [ns3_ftrl_eta0p1] | loss: 4.136556 | lrm: 1.00 | dt: 1760.67ms | tok/s: 297,777 | mfu: 33.99 | epoch: 1 | eta: 58.7m
step 00179/02205 (8.12%) [ns3_ftrl_eta0p1] | loss: 4.132347 | lrm: 1.00 | dt: 1760.84ms | tok/s: 297,748 | mfu: 33.99 | epoch: 1 | eta: 58.7m
step 00180/02205 (8.16%) [ns3_ftrl_eta0p1] | loss: 4.127267 | lrm: 1.00 | dt: 1765.70ms | tok/s: 296,928 | mfu: 33.89 | epoch: 1 | eta: 58.6m
step 00181/02205 (8.21%) [ns3_ftrl_eta0p1] | loss: 4.120426 | lrm: 1.00 | dt: 1762.32ms | tok/s: 297,498 | mfu: 33.96 | epoch: 1 | eta: 58.6m
step 00182/02205 (8.25%) [ns3_ftrl_eta0p1] | loss: 4.116306 | lrm: 1.00 | dt: 1762.12ms | tok/s: 297,532 | mfu: 33.96 | epoch: 1 | eta: 58.6m
step 00183/02205 (8.30%) [ns3_ftrl_eta0p1] | loss: 4.111691 | lrm: 1.00 | dt: 1757.44ms | tok/s: 298,324 | mfu: 34.05 | epoch: 1 | eta: 58.6m
step 00184/02205 (8.34%) [ns3_ftrl_eta0p1] | loss: 4.111752 | lrm: 1.00 | dt: 1767.81ms | tok/s: 296,574 | mfu: 33.85 | epoch: 1 | eta: 58.5m
step 00185/02205 (8.39%) [ns3_ftrl_eta0p1] | loss: 4.105509 | lrm: 1.00 | dt: 1757.30ms | tok/s: 298,349 | mfu: 34.06 | epoch: 1 | eta: 58.5m
step 00186/02205 (8.44%) [ns3_ftrl_eta0p1] | loss: 4.102663 | lrm: 1.00 | dt: 1765.14ms | tok/s: 297,023 | mfu: 33.91 | epoch: 1 | eta: 58.5m
step 00187/02205 (8.48%) [ns3_ftrl_eta0p1] | loss: 4.109153 | lrm: 1.00 | dt: 1760.51ms | tok/s: 297,804 | mfu: 33.99 | epoch: 1 | eta: 58.5m
step 00188/02205 (8.53%) [ns3_ftrl_eta0p1] | loss: 4.108146 | lrm: 1.00 | dt: 1765.73ms | tok/s: 296,924 | mfu: 33.89 | epoch: 1 | eta: 58.4m
step 00189/02205 (8.57%) [ns3_ftrl_eta0p1] | loss: 4.097249 | lrm: 1.00 | dt: 1762.01ms | tok/s: 297,551 | mfu: 33.97 | epoch: 1 | eta: 58.4m
step 00190/02205 (8.62%) [ns3_ftrl_eta0p1] | loss: 4.098350 | lrm: 1.00 | dt: 1770.42ms | tok/s: 296,137 | mfu: 33.80 | epoch: 1 | eta: 58.4m
step 00191/02205 (8.66%) [ns3_ftrl_eta0p1] | loss: 4.097683 | lrm: 1.00 | dt: 1767.01ms | tok/s: 296,708 | mfu: 33.87 | epoch: 1 | eta: 58.4m
step 00192/02205 (8.71%) [ns3_ftrl_eta0p1] | loss: 4.091259 | lrm: 1.00 | dt: 1757.63ms | tok/s: 298,292 | mfu: 34.05 | epoch: 1 | eta: 58.4m
step 00193/02205 (8.75%) [ns3_ftrl_eta0p1] | loss: 4.083814 | lrm: 1.00 | dt: 1771.00ms | tok/s: 296,041 | mfu: 33.79 | epoch: 1 | eta: 58.3m
step 00194/02205 (8.80%) [ns3_ftrl_eta0p1] | loss: 4.069545 | lrm: 1.00 | dt: 1770.26ms | tok/s: 296,164 | mfu: 33.81 | epoch: 1 | eta: 58.3m
step 00195/02205 (8.84%) [ns3_ftrl_eta0p1] | loss: 4.068104 | lrm: 1.00 | dt: 1754.94ms | tok/s: 298,750 | mfu: 34.10 | epoch: 1 | eta: 58.3m
step 00196/02205 (8.89%) [ns3_ftrl_eta0p1] | loss: 4.057334 | lrm: 1.00 | dt: 1764.35ms | tok/s: 297,155 | mfu: 33.92 | epoch: 1 | eta: 58.3m
step 00197/02205 (8.93%) [ns3_ftrl_eta0p1] | loss: 4.051613 | lrm: 1.00 | dt: 1757.43ms | tok/s: 298,327 | mfu: 34.05 | epoch: 1 | eta: 58.2m
step 00198/02205 (8.98%) [ns3_ftrl_eta0p1] | loss: 4.046848 | lrm: 1.00 | dt: 1766.09ms | tok/s: 296,864 | mfu: 33.89 | epoch: 1 | eta: 58.2m
step 00199/02205 (9.02%) [ns3_ftrl_eta0p1] | loss: 4.028664 | lrm: 1.00 | dt: 1756.18ms | tok/s: 298,538 | mfu: 34.08 | epoch: 1 | eta: 58.2m
step 00200/02205 (9.07%) [ns3_ftrl_eta0p1] | loss: 4.020860 | lrm: 1.00 | dt: 1765.61ms | tok/s: 296,944 | mfu: 33.90 | epoch: 1 | eta: 58.2m
step 00201/02205 (9.12%) [ns3_ftrl_eta0p1] | loss: 4.005406 | lrm: 1.00 | dt: 1758.32ms | tok/s: 298,175 | mfu: 34.04 | epoch: 1 | eta: 58.1m
step 00202/02205 (9.16%) [ns3_ftrl_eta0p1] | loss: 4.017353 | lrm: 1.00 | dt: 1766.42ms | tok/s: 296,808 | mfu: 33.88 | epoch: 1 | eta: 58.1m
step 00203/02205 (9.21%) [ns3_ftrl_eta0p1] | loss: 4.017140 | lrm: 1.00 | dt: 1759.44ms | tok/s: 297,985 | mfu: 34.02 | epoch: 1 | eta: 58.1m
step 00204/02205 (9.25%) [ns3_ftrl_eta0p1] | loss: 4.004278 | lrm: 1.00 | dt: 1769.26ms | tok/s: 296,330 | mfu: 33.83 | epoch: 1 | eta: 58.1m
step 00205/02205 (9.30%) [ns3_ftrl_eta0p1] | loss: 4.001141 | lrm: 1.00 | dt: 1765.94ms | tok/s: 296,888 | mfu: 33.89 | epoch: 1 | eta: 58.0m
step 00206/02205 (9.34%) [ns3_ftrl_eta0p1] | loss: 4.006539 | lrm: 1.00 | dt: 1758.59ms | tok/s: 298,130 | mfu: 34.03 | epoch: 1 | eta: 58.0m
step 00207/02205 (9.39%) [ns3_ftrl_eta0p1] | loss: 4.001663 | lrm: 1.00 | dt: 1768.83ms | tok/s: 296,404 | mfu: 33.83 | epoch: 1 | eta: 58.0m
step 00208/02205 (9.43%) [ns3_ftrl_eta0p1] | loss: 3.991799 | lrm: 1.00 | dt: 1757.51ms | tok/s: 298,312 | mfu: 34.05 | epoch: 1 | eta: 58.0m
step 00209/02205 (9.48%) [ns3_ftrl_eta0p1] | loss: 4.002121 | lrm: 1.00 | dt: 1761.86ms | tok/s: 297,575 | mfu: 33.97 | epoch: 1 | eta: 57.9m
step 00210/02205 (9.52%) [ns3_ftrl_eta0p1] | loss: 3.997259 | lrm: 1.00 | dt: 1763.13ms | tok/s: 297,361 | mfu: 33.94 | epoch: 1 | eta: 57.9m
step 00211/02205 (9.57%) [ns3_ftrl_eta0p1] | loss: 3.995435 | lrm: 1.00 | dt: 1768.81ms | tok/s: 296,407 | mfu: 33.84 | epoch: 1 | eta: 57.9m
step 00212/02205 (9.61%) [ns3_ftrl_eta0p1] | loss: 3.990875 | lrm: 1.00 | dt: 1759.56ms | tok/s: 297,965 | mfu: 34.01 | epoch: 1 | eta: 57.9m
step 00213/02205 (9.66%) [ns3_ftrl_eta0p1] | loss: 3.987198 | lrm: 1.00 | dt: 1763.30ms | tok/s: 297,334 | mfu: 33.94 | epoch: 1 | eta: 57.8m
step 00214/02205 (9.71%) [ns3_ftrl_eta0p1] | loss: 3.982416 | lrm: 1.00 | dt: 1760.27ms | tok/s: 297,845 | mfu: 34.00 | epoch: 1 | eta: 57.8m
step 00215/02205 (9.75%) [ns3_ftrl_eta0p1] | loss: 3.977343 | lrm: 1.00 | dt: 1766.05ms | tok/s: 296,871 | mfu: 33.89 | epoch: 1 | eta: 57.8m
step 00216/02205 (9.80%) [ns3_ftrl_eta0p1] | loss: 3.967243 | lrm: 1.00 | dt: 1758.38ms | tok/s: 298,164 | mfu: 34.04 | epoch: 1 | eta: 57.7m
step 00217/02205 (9.84%) [ns3_ftrl_eta0p1] | loss: 3.957588 | lrm: 1.00 | dt: 1771.11ms | tok/s: 296,021 | mfu: 33.79 | epoch: 1 | eta: 57.7m
step 00218/02205 (9.89%) [ns3_ftrl_eta0p1] | loss: 3.944147 | lrm: 1.00 | dt: 1771.72ms | tok/s: 295,921 | mfu: 33.78 | epoch: 1 | eta: 57.7m
step 00219/02205 (9.93%) [ns3_ftrl_eta0p1] | loss: 3.940599 | lrm: 1.00 | dt: 1760.48ms | tok/s: 297,809 | mfu: 34.00 | epoch: 1 | eta: 57.7m
step 00220/02205 (9.98%) [ns3_ftrl_eta0p1] | loss: 3.939830 | lrm: 1.00 | dt: 1762.59ms | tok/s: 297,453 | mfu: 33.95 | epoch: 1 | eta: 57.6m
step 00221/02205 (10.02%) [ns3_ftrl_eta0p1] | loss: 3.935384 | lrm: 1.00 | dt: 1768.60ms | tok/s: 296,442 | mfu: 33.84 | epoch: 1 | eta: 57.6m
step 00222/02205 (10.07%) [ns3_ftrl_eta0p1] | loss: 3.938552 | lrm: 1.00 | dt: 1760.23ms | tok/s: 297,851 | mfu: 34.00 | epoch: 1 | eta: 57.6m
step 00223/02205 (10.11%) [ns3_ftrl_eta0p1] | loss: 3.930202 | lrm: 1.00 | dt: 1767.41ms | tok/s: 296,642 | mfu: 33.86 | epoch: 1 | eta: 57.6m
step 00224/02205 (10.16%) [ns3_ftrl_eta0p1] | loss: 3.927457 | lrm: 1.00 | dt: 1767.48ms | tok/s: 296,630 | mfu: 33.86 | epoch: 1 | eta: 57.5m
step 00225/02205 (10.20%) [ns3_ftrl_eta0p1] | loss: 3.920417 | lrm: 1.00 | dt: 1763.37ms | tok/s: 297,321 | mfu: 33.94 | epoch: 1 | eta: 57.5m
step 00226/02205 (10.25%) [ns3_ftrl_eta0p1] | loss: 3.921487 | lrm: 1.00 | dt: 1769.35ms | tok/s: 296,316 | mfu: 33.82 | epoch: 1 | eta: 57.5m
step 00227/02205 (10.29%) [ns3_ftrl_eta0p1] | loss: 3.918953 | lrm: 1.00 | dt: 1757.31ms | tok/s: 298,346 | mfu: 34.06 | epoch: 1 | eta: 57.5m
step 00228/02205 (10.34%) [ns3_ftrl_eta0p1] | loss: 3.911012 | lrm: 1.00 | dt: 1766.68ms | tok/s: 296,764 | mfu: 33.88 | epoch: 1 | eta: 57.4m
step 00229/02205 (10.39%) [ns3_ftrl_eta0p1] | loss: 3.901464 | lrm: 1.00 | dt: 1758.60ms | tok/s: 298,127 | mfu: 34.03 | epoch: 1 | eta: 57.4m
step 00230/02205 (10.43%) [ns3_ftrl_eta0p1] | loss: 3.906527 | lrm: 1.00 | dt: 1759.54ms | tok/s: 297,968 | mfu: 34.01 | epoch: 1 | eta: 57.4m
step 00231/02205 (10.48%) [ns3_ftrl_eta0p1] | loss: 3.919164 | lrm: 1.00 | dt: 1765.03ms | tok/s: 297,042 | mfu: 33.91 | epoch: 1 | eta: 57.4m
step 00232/02205 (10.52%) [ns3_ftrl_eta0p1] | loss: 3.917847 | lrm: 1.00 | dt: 1769.43ms | tok/s: 296,304 | mfu: 33.82 | epoch: 1 | eta: 57.3m
step 00233/02205 (10.57%) [ns3_ftrl_eta0p1] | loss: 3.907163 | lrm: 1.00 | dt: 1768.14ms | tok/s: 296,519 | mfu: 33.85 | epoch: 1 | eta: 57.3m
step 00234/02205 (10.61%) [ns3_ftrl_eta0p1] | loss: 3.910494 | lrm: 1.00 | dt: 1762.77ms | tok/s: 297,422 | mfu: 33.95 | epoch: 1 | eta: 57.3m
step 00235/02205 (10.66%) [ns3_ftrl_eta0p1] | loss: 3.920160 | lrm: 1.00 | dt: 1762.85ms | tok/s: 297,409 | mfu: 33.95 | epoch: 1 | eta: 57.3m
step 00236/02205 (10.70%) [ns3_ftrl_eta0p1] | loss: 3.920873 | lrm: 1.00 | dt: 1772.99ms | tok/s: 295,708 | mfu: 33.76 | epoch: 1 | eta: 57.2m
step 00237/02205 (10.75%) [ns3_ftrl_eta0p1] | loss: 3.907671 | lrm: 1.00 | dt: 1767.38ms | tok/s: 296,647 | mfu: 33.86 | epoch: 1 | eta: 57.2m
step 00238/02205 (10.79%) [ns3_ftrl_eta0p1] | loss: 3.901803 | lrm: 1.00 | dt: 1764.28ms | tok/s: 297,168 | mfu: 33.92 | epoch: 1 | eta: 57.2m
step 00239/02205 (10.84%) [ns3_ftrl_eta0p1] | loss: 3.896074 | lrm: 1.00 | dt: 1761.08ms | tok/s: 297,707 | mfu: 33.98 | epoch: 1 | eta: 57.2m
step 00240/02205 (10.88%) [ns3_ftrl_eta0p1] | loss: 3.901633 | lrm: 1.00 | dt: 1769.88ms | tok/s: 296,228 | mfu: 33.81 | epoch: 1 | eta: 57.1m
step 00241/02205 (10.93%) [ns3_ftrl_eta0p1] | loss: 3.889181 | lrm: 1.00 | dt: 1756.96ms | tok/s: 298,406 | mfu: 34.06 | epoch: 1 | eta: 57.1m
step 00242/02205 (10.98%) [ns3_ftrl_eta0p1] | loss: 3.887357 | lrm: 1.00 | dt: 1769.95ms | tok/s: 296,216 | mfu: 33.81 | epoch: 1 | eta: 57.1m
step 00243/02205 (11.02%) [ns3_ftrl_eta0p1] | loss: 3.883416 | lrm: 1.00 | dt: 1772.71ms | tok/s: 295,754 | mfu: 33.76 | epoch: 1 | eta: 57.1m
step 00244/02205 (11.07%) [ns3_ftrl_eta0p1] | loss: 3.876978 | lrm: 1.00 | dt: 1770.45ms | tok/s: 296,132 | mfu: 33.80 | epoch: 1 | eta: 57.0m
step 00245/02205 (11.11%) [ns3_ftrl_eta0p1] | loss: 3.875620 | lrm: 1.00 | dt: 1766.88ms | tok/s: 296,731 | mfu: 33.87 | epoch: 1 | eta: 57.0m
step 00246/02205 (11.16%) [ns3_ftrl_eta0p1] | loss: 3.867275 | lrm: 1.00 | dt: 1755.91ms | tok/s: 298,583 | mfu: 34.08 | epoch: 1 | eta: 57.0m
step 00247/02205 (11.20%) [ns3_ftrl_eta0p1] | loss: 3.860188 | lrm: 1.00 | dt: 1767.64ms | tok/s: 296,603 | mfu: 33.86 | epoch: 1 | eta: 56.9m
step 00248/02205 (11.25%) [ns3_ftrl_eta0p1] | loss: 3.849606 | lrm: 1.00 | dt: 1757.51ms | tok/s: 298,313 | mfu: 34.05 | epoch: 1 | eta: 56.9m
step 00249/02205 (11.29%) [ns3_ftrl_eta0p1] | loss: 3.848876 | lrm: 1.00 | dt: 1764.20ms | tok/s: 297,182 | mfu: 33.92 | epoch: 1 | eta: 56.9m
Step 00250 | val bpb: 1.130673
step 00250/02205 (11.34%) [ns3_ftrl_eta0p1] | loss: 3.843759 | lrm: 1.00 | dt: 1693.60ms | tok/s: 309,569 | mfu: 35.34 | epoch: 1 | eta: 56.9m
step 00251/02205 (11.38%) [ns3_ftrl_eta0p1] | loss: 3.848358 | lrm: 1.00 | dt: 1743.32ms | tok/s: 300,741 | mfu: 34.33 | epoch: 1 | eta: 56.8m
step 00252/02205 (11.43%) [ns3_ftrl_eta0p1] | loss: 3.850643 | lrm: 1.00 | dt: 1733.71ms | tok/s: 302,407 | mfu: 34.52 | epoch: 1 | eta: 56.8m
step 00253/02205 (11.47%) [ns3_ftrl_eta0p1] | loss: 3.852342 | lrm: 1.00 | dt: 1726.00ms | tok/s: 303,758 | mfu: 34.67 | epoch: 1 | eta: 56.8m
step 00254/02205 (11.52%) [ns3_ftrl_eta0p1] | loss: 3.856152 | lrm: 1.00 | dt: 1734.50ms | tok/s: 302,270 | mfu: 34.50 | epoch: 1 | eta: 56.7m
step 00255/02205 (11.56%) [ns3_ftrl_eta0p1] | loss: 3.850952 | lrm: 1.00 | dt: 1736.50ms | tok/s: 301,921 | mfu: 34.46 | epoch: 1 | eta: 56.7m
step 00256/02205 (11.61%) [ns3_ftrl_eta0p1] | loss: 3.855647 | lrm: 1.00 | dt: 1731.88ms | tok/s: 302,727 | mfu: 34.56 | epoch: 1 | eta: 56.7m
step 00257/02205 (11.66%) [ns3_ftrl_eta0p1] | loss: 3.848368 | lrm: 1.00 | dt: 1735.89ms | tok/s: 302,028 | mfu: 34.48 | epoch: 1 | eta: 56.6m
step 00258/02205 (11.70%) [ns3_ftrl_eta0p1] | loss: 3.845558 | lrm: 1.00 | dt: 1736.48ms | tok/s: 301,926 | mfu: 34.47 | epoch: 1 | eta: 56.6m
step 00259/02205 (11.75%) [ns3_ftrl_eta0p1] | loss: 3.837069 | lrm: 1.00 | dt: 1737.33ms | tok/s: 301,778 | mfu: 34.45 | epoch: 1 | eta: 56.6m
step 00260/02205 (11.79%) [ns3_ftrl_eta0p1] | loss: 3.843052 | lrm: 1.00 | dt: 1735.29ms | tok/s: 302,132 | mfu: 34.49 | epoch: 1 | eta: 56.6m
step 00261/02205 (11.84%) [ns3_ftrl_eta0p1] | loss: 3.841102 | lrm: 1.00 | dt: 1745.09ms | tok/s: 300,435 | mfu: 34.30 | epoch: 1 | eta: 56.5m
step 00262/02205 (11.88%) [ns3_ftrl_eta0p1] | loss: 3.833936 | lrm: 1.00 | dt: 1743.60ms | tok/s: 300,692 | mfu: 34.32 | epoch: 1 | eta: 56.5m
step 00263/02205 (11.93%) [ns3_ftrl_eta0p1] | loss: 3.835451 | lrm: 1.00 | dt: 1742.13ms | tok/s: 300,946 | mfu: 34.35 | epoch: 1 | eta: 56.5m
step 00264/02205 (11.97%) [ns3_ftrl_eta0p1] | loss: 3.832468 | lrm: 1.00 | dt: 1740.87ms | tok/s: 301,164 | mfu: 34.38 | epoch: 1 | eta: 56.4m
step 00265/02205 (12.02%) [ns3_ftrl_eta0p1] | loss: 3.819429 | lrm: 1.00 | dt: 1742.41ms | tok/s: 300,898 | mfu: 34.35 | epoch: 1 | eta: 56.4m
step 00266/02205 (12.06%) [ns3_ftrl_eta0p1] | loss: 3.810683 | lrm: 1.00 | dt: 1743.75ms | tok/s: 300,666 | mfu: 34.32 | epoch: 1 | eta: 56.4m
step 00267/02205 (12.11%) [ns3_ftrl_eta0p1] | loss: 3.788428 | lrm: 1.00 | dt: 1742.66ms | tok/s: 300,854 | mfu: 34.34 | epoch: 1 | eta: 56.3m
step 00268/02205 (12.15%) [ns3_ftrl_eta0p1] | loss: 3.791876 | lrm: 1.00 | dt: 1740.13ms | tok/s: 301,292 | mfu: 34.39 | epoch: 1 | eta: 56.3m
step 00269/02205 (12.20%) [ns3_ftrl_eta0p1] | loss: 3.789970 | lrm: 1.00 | dt: 1745.65ms | tok/s: 300,339 | mfu: 34.28 | epoch: 1 | eta: 56.3m
step 00270/02205 (12.24%) [ns3_ftrl_eta0p1] | loss: 3.787660 | lrm: 1.00 | dt: 1749.49ms | tok/s: 299,680 | mfu: 34.21 | epoch: 1 | eta: 56.3m
step 00271/02205 (12.29%) [ns3_ftrl_eta0p1] | loss: 3.792347 | lrm: 1.00 | dt: 1747.29ms | tok/s: 300,057 | mfu: 34.25 | epoch: 1 | eta: 56.2m
step 00272/02205 (12.34%) [ns3_ftrl_eta0p1] | loss: 3.788893 | lrm: 1.00 | dt: 1748.00ms | tok/s: 299,935 | mfu: 34.24 | epoch: 1 | eta: 56.2m
step 00273/02205 (12.38%) [ns3_ftrl_eta0p1] | loss: 3.789554 | lrm: 1.00 | dt: 1740.61ms | tok/s: 301,208 | mfu: 34.38 | epoch: 1 | eta: 56.2m
step 00274/02205 (12.43%) [ns3_ftrl_eta0p1] | loss: 3.792331 | lrm: 1.00 | dt: 1749.43ms | tok/s: 299,690 | mfu: 34.21 | epoch: 1 | eta: 56.1m
step 00275/02205 (12.47%) [ns3_ftrl_eta0p1] | loss: 3.795844 | lrm: 1.00 | dt: 1750.92ms | tok/s: 299,435 | mfu: 34.18 | epoch: 1 | eta: 56.1m
step 00276/02205 (12.52%) [ns3_ftrl_eta0p1] | loss: 3.798213 | lrm: 1.00 | dt: 1749.46ms | tok/s: 299,685 | mfu: 34.21 | epoch: 1 | eta: 56.1m
step 00277/02205 (12.56%) [ns3_ftrl_eta0p1] | loss: 3.800562 | lrm: 1.00 | dt: 1746.91ms | tok/s: 300,123 | mfu: 34.26 | epoch: 1 | eta: 56.1m
step 00278/02205 (12.61%) [ns3_ftrl_eta0p1] | loss: 3.800633 | lrm: 1.00 | dt: 1750.38ms | tok/s: 299,527 | mfu: 34.19 | epoch: 1 | eta: 56.0m
step 00279/02205 (12.65%) [ns3_ftrl_eta0p1] | loss: 3.794976 | lrm: 1.00 | dt: 1746.68ms | tok/s: 300,162 | mfu: 34.26 | epoch: 1 | eta: 56.0m
step 00280/02205 (12.70%) [ns3_ftrl_eta0p1] | loss: 3.806077 | lrm: 1.00 | dt: 1750.43ms | tok/s: 299,519 | mfu: 34.19 | epoch: 1 | eta: 56.0m
step 00281/02205 (12.74%) [ns3_ftrl_eta0p1] | loss: 3.815407 | lrm: 1.00 | dt: 1746.85ms | tok/s: 300,134 | mfu: 34.26 | epoch: 1 | eta: 55.9m
step 00282/02205 (12.79%) [ns3_ftrl_eta0p1] | loss: 3.825971 | lrm: 1.00 | dt: 1745.49ms | tok/s: 300,367 | mfu: 34.29 | epoch: 1 | eta: 55.9m
step 00283/02205 (12.83%) [ns3_ftrl_eta0p1] | loss: 3.832279 | lrm: 1.00 | dt: 1748.27ms | tok/s: 299,890 | mfu: 34.23 | epoch: 1 | eta: 55.9m
step 00284/02205 (12.88%) [ns3_ftrl_eta0p1] | loss: 3.825102 | lrm: 1.00 | dt: 1749.59ms | tok/s: 299,662 | mfu: 34.21 | epoch: 1 | eta: 55.9m
step 00285/02205 (12.93%) [ns3_ftrl_eta0p1] | loss: 3.822264 | lrm: 1.00 | dt: 1748.94ms | tok/s: 299,774 | mfu: 34.22 | epoch: 1 | eta: 55.8m
step 00286/02205 (12.97%) [ns3_ftrl_eta0p1] | loss: 3.819442 | lrm: 1.00 | dt: 1750.05ms | tok/s: 299,584 | mfu: 34.20 | epoch: 1 | eta: 55.8m
step 00287/02205 (13.02%) [ns3_ftrl_eta0p1] | loss: 3.808924 | lrm: 1.00 | dt: 1751.78ms | tok/s: 299,287 | mfu: 34.16 | epoch: 1 | eta: 55.8m
step 00288/02205 (13.06%) [ns3_ftrl_eta0p1] | loss: 3.804587 | lrm: 1.00 | dt: 1752.66ms | tok/s: 299,137 | mfu: 34.15 | epoch: 1 | eta: 55.7m
step 00289/02205 (13.11%) [ns3_ftrl_eta0p1] | loss: 3.801856 | lrm: 1.00 | dt: 1752.53ms | tok/s: 299,161 | mfu: 34.15 | epoch: 1 | eta: 55.7m
step 00290/02205 (13.15%) [ns3_ftrl_eta0p1] | loss: 3.793653 | lrm: 1.00 | dt: 1747.64ms | tok/s: 299,998 | mfu: 34.25 | epoch: 1 | eta: 55.7m
step 00291/02205 (13.20%) [ns3_ftrl_eta0p1] | loss: 3.786674 | lrm: 1.00 | dt: 1753.72ms | tok/s: 298,956 | mfu: 34.13 | epoch: 1 | eta: 55.7m
step 00292/02205 (13.24%) [ns3_ftrl_eta0p1] | loss: 3.780120 | lrm: 1.00 | dt: 1750.49ms | tok/s: 299,509 | mfu: 34.19 | epoch: 1 | eta: 55.6m
step 00293/02205 (13.29%) [ns3_ftrl_eta0p1] | loss: 3.779782 | lrm: 1.00 | dt: 1753.51ms | tok/s: 298,993 | mfu: 34.13 | epoch: 1 | eta: 55.6m
step 00294/02205 (13.33%) [ns3_ftrl_eta0p1] | loss: 3.775609 | lrm: 1.00 | dt: 1748.11ms | tok/s: 299,916 | mfu: 34.24 | epoch: 1 | eta: 55.6m
step 00295/02205 (13.38%) [ns3_ftrl_eta0p1] | loss: 3.771039 | lrm: 1.00 | dt: 1751.33ms | tok/s: 299,364 | mfu: 34.17 | epoch: 1 | eta: 55.5m
step 00296/02205 (13.42%) [ns3_ftrl_eta0p1] | loss: 3.766957 | lrm: 1.00 | dt: 1753.07ms | tok/s: 299,068 | mfu: 34.14 | epoch: 1 | eta: 55.5m
step 00297/02205 (13.47%) [ns3_ftrl_eta0p1] | loss: 3.774867 | lrm: 1.00 | dt: 1753.46ms | tok/s: 299,001 | mfu: 34.13 | epoch: 1 | eta: 55.5m
step 00298/02205 (13.51%) [ns3_ftrl_eta0p1] | loss: 3.771773 | lrm: 1.00 | dt: 1746.03ms | tok/s: 300,274 | mfu: 34.28 | epoch: 1 | eta: 55.5m
step 00299/02205 (13.56%) [ns3_ftrl_eta0p1] | loss: 3.774358 | lrm: 1.00 | dt: 1756.55ms | tok/s: 298,475 | mfu: 34.07 | epoch: 1 | eta: 55.4m
step 00300/02205 (13.61%) [ns3_ftrl_eta0p1] | loss: 3.772406 | lrm: 1.00 | dt: 1750.96ms | tok/s: 299,428 | mfu: 34.18 | epoch: 1 | eta: 55.4m
step 00301/02205 (13.65%) [ns3_ftrl_eta0p1] | loss: 3.770575 | lrm: 1.00 | dt: 1757.29ms | tok/s: 298,351 | mfu: 34.06 | epoch: 1 | eta: 55.4m
step 00302/02205 (13.70%) [ns3_ftrl_eta0p1] | loss: 3.764253 | lrm: 1.00 | dt: 1755.66ms | tok/s: 298,626 | mfu: 34.09 | epoch: 1 | eta: 55.4m
step 00303/02205 (13.74%) [ns3_ftrl_eta0p1] | loss: 3.768217 | lrm: 1.00 | dt: 1748.22ms | tok/s: 299,897 | mfu: 34.23 | epoch: 1 | eta: 55.3m
step 00304/02205 (13.79%) [ns3_ftrl_eta0p1] | loss: 3.759597 | lrm: 1.00 | dt: 1755.12ms | tok/s: 298,719 | mfu: 34.10 | epoch: 1 | eta: 55.3m
step 00305/02205 (13.83%) [ns3_ftrl_eta0p1] | loss: 3.752106 | lrm: 1.00 | dt: 1748.69ms | tok/s: 299,817 | mfu: 34.22 | epoch: 1 | eta: 55.3m
step 00306/02205 (13.88%) [ns3_ftrl_eta0p1] | loss: 3.746209 | lrm: 1.00 | dt: 1755.94ms | tok/s: 298,579 | mfu: 34.08 | epoch: 1 | eta: 55.2m
step 00307/02205 (13.92%) [ns3_ftrl_eta0p1] | loss: 3.750844 | lrm: 1.00 | dt: 1752.62ms | tok/s: 299,146 | mfu: 34.15 | epoch: 1 | eta: 55.2m
step 00308/02205 (13.97%) [ns3_ftrl_eta0p1] | loss: 3.759446 | lrm: 1.00 | dt: 1749.01ms | tok/s: 299,762 | mfu: 34.22 | epoch: 1 | eta: 55.2m
step 00309/02205 (14.01%) [ns3_ftrl_eta0p1] | loss: 3.761028 | lrm: 1.00 | dt: 1753.03ms | tok/s: 299,074 | mfu: 34.14 | epoch: 1 | eta: 55.2m
step 00310/02205 (14.06%) [ns3_ftrl_eta0p1] | loss: 3.761525 | lrm: 1.00 | dt: 1750.52ms | tok/s: 299,503 | mfu: 34.19 | epoch: 1 | eta: 55.1m
step 00311/02205 (14.10%) [ns3_ftrl_eta0p1] | loss: 3.760048 | lrm: 1.00 | dt: 1755.00ms | tok/s: 298,739 | mfu: 34.10 | epoch: 1 | eta: 55.1m
step 00312/02205 (14.15%) [ns3_ftrl_eta0p1] | loss: 3.758650 | lrm: 1.00 | dt: 1752.67ms | tok/s: 299,137 | mfu: 34.15 | epoch: 1 | eta: 55.1m
step 00313/02205 (14.20%) [ns3_ftrl_eta0p1] | loss: 3.759690 | lrm: 1.00 | dt: 1753.57ms | tok/s: 298,983 | mfu: 34.13 | epoch: 1 | eta: 55.0m
step 00314/02205 (14.24%) [ns3_ftrl_eta0p1] | loss: 3.743892 | lrm: 1.00 | dt: 1751.09ms | tok/s: 299,406 | mfu: 34.18 | epoch: 1 | eta: 55.0m
step 00315/02205 (14.29%) [ns3_ftrl_eta0p1] | loss: 3.743899 | lrm: 1.00 | dt: 1754.89ms | tok/s: 298,759 | mfu: 34.10 | epoch: 1 | eta: 55.0m
step 00316/02205 (14.33%) [ns3_ftrl_eta0p1] | loss: 3.736795 | lrm: 1.00 | dt: 1752.48ms | tok/s: 299,168 | mfu: 34.15 | epoch: 1 | eta: 55.0m
step 00317/02205 (14.38%) [ns3_ftrl_eta0p1] | loss: 3.741226 | lrm: 1.00 | dt: 1751.63ms | tok/s: 299,314 | mfu: 34.17 | epoch: 1 | eta: 54.9m
step 00318/02205 (14.42%) [ns3_ftrl_eta0p1] | loss: 3.740385 | lrm: 1.00 | dt: 1747.43ms | tok/s: 300,034 | mfu: 34.25 | epoch: 1 | eta: 54.9m
step 00319/02205 (14.47%) [ns3_ftrl_eta0p1] | loss: 3.739600 | lrm: 1.00 | dt: 1755.31ms | tok/s: 298,686 | mfu: 34.10 | epoch: 1 | eta: 54.9m
step 00320/02205 (14.51%) [ns3_ftrl_eta0p1] | loss: 3.740866 | lrm: 1.00 | dt: 1750.01ms | tok/s: 299,590 | mfu: 34.20 | epoch: 1 | eta: 54.8m
step 00321/02205 (14.56%) [ns3_ftrl_eta0p1] | loss: 3.745192 | lrm: 1.00 | dt: 1751.21ms | tok/s: 299,386 | mfu: 34.18 | epoch: 1 | eta: 54.8m
step 00322/02205 (14.60%) [ns3_ftrl_eta0p1] | loss: 3.733953 | lrm: 1.00 | dt: 1754.48ms | tok/s: 298,827 | mfu: 34.11 | epoch: 1 | eta: 54.8m
step 00323/02205 (14.65%) [ns3_ftrl_eta0p1] | loss: 3.739426 | lrm: 1.00 | dt: 1747.40ms | tok/s: 300,038 | mfu: 34.25 | epoch: 1 | eta: 54.8m
step 00324/02205 (14.69%) [ns3_ftrl_eta0p1] | loss: 3.727660 | lrm: 1.00 | dt: 1754.55ms | tok/s: 298,816 | mfu: 34.11 | epoch: 1 | eta: 54.7m
step 00325/02205 (14.74%) [ns3_ftrl_eta0p1] | loss: 3.732306 | lrm: 1.00 | dt: 1747.45ms | tok/s: 300,029 | mfu: 34.25 | epoch: 1 | eta: 54.7m
step 00326/02205 (14.78%) [ns3_ftrl_eta0p1] | loss: 3.732713 | lrm: 1.00 | dt: 1757.33ms | tok/s: 298,342 | mfu: 34.06 | epoch: 1 | eta: 54.7m
step 00327/02205 (14.83%) [ns3_ftrl_eta0p1] | loss: 3.731424 | lrm: 1.00 | dt: 1753.47ms | tok/s: 299,000 | mfu: 34.13 | epoch: 1 | eta: 54.6m
step 00328/02205 (14.88%) [ns3_ftrl_eta0p1] | loss: 3.721675 | lrm: 1.00 | dt: 1748.54ms | tok/s: 299,842 | mfu: 34.23 | epoch: 1 | eta: 54.6m
step 00329/02205 (14.92%) [ns3_ftrl_eta0p1] | loss: 3.726682 | lrm: 1.00 | dt: 1754.23ms | tok/s: 298,871 | mfu: 34.12 | epoch: 1 | eta: 54.6m
step 00330/02205 (14.97%) [ns3_ftrl_eta0p1] | loss: 3.722728 | lrm: 1.00 | dt: 1753.23ms | tok/s: 299,041 | mfu: 34.14 | epoch: 1 | eta: 54.6m
step 00331/02205 (15.01%) [ns3_ftrl_eta0p1] | loss: 3.707763 | lrm: 1.00 | dt: 1753.69ms | tok/s: 298,963 | mfu: 34.13 | epoch: 1 | eta: 54.5m
step 00332/02205 (15.06%) [ns3_ftrl_eta0p1] | loss: 3.704510 | lrm: 1.00 | dt: 1752.64ms | tok/s: 299,142 | mfu: 34.15 | epoch: 1 | eta: 54.5m
step 00333/02205 (15.10%) [ns3_ftrl_eta0p1] | loss: 3.698276 | lrm: 1.00 | dt: 1752.75ms | tok/s: 299,123 | mfu: 34.15 | epoch: 1 | eta: 54.5m
step 00334/02205 (15.15%) [ns3_ftrl_eta0p1] | loss: 3.700567 | lrm: 1.00 | dt: 1752.23ms | tok/s: 299,211 | mfu: 34.16 | epoch: 1 | eta: 54.4m
step 00335/02205 (15.19%) [ns3_ftrl_eta0p1] | loss: 3.707084 | lrm: 1.00 | dt: 1754.12ms | tok/s: 298,889 | mfu: 34.12 | epoch: 1 | eta: 54.4m
step 00336/02205 (15.24%) [ns3_ftrl_eta0p1] | loss: 3.708846 | lrm: 1.00 | dt: 1750.63ms | tok/s: 299,485 | mfu: 34.19 | epoch: 1 | eta: 54.4m
step 00337/02205 (15.28%) [ns3_ftrl_eta0p1] | loss: 3.708709 | lrm: 1.00 | dt: 1747.73ms | tok/s: 299,982 | mfu: 34.24 | epoch: 1 | eta: 54.4m
step 00338/02205 (15.33%) [ns3_ftrl_eta0p1] | loss: 3.696087 | lrm: 1.00 | dt: 1749.70ms | tok/s: 299,644 | mfu: 34.20 | epoch: 1 | eta: 54.3m
step 00339/02205 (15.37%) [ns3_ftrl_eta0p1] | loss: 3.708928 | lrm: 1.00 | dt: 1753.92ms | tok/s: 298,923 | mfu: 34.12 | epoch: 1 | eta: 54.3m
step 00340/02205 (15.42%) [ns3_ftrl_eta0p1] | loss: 3.716066 | lrm: 1.00 | dt: 1749.73ms | tok/s: 299,639 | mfu: 34.20 | epoch: 1 | eta: 54.3m
step 00341/02205 (15.46%) [ns3_ftrl_eta0p1] | loss: 3.706365 | lrm: 1.00 | dt: 1758.00ms | tok/s: 298,229 | mfu: 34.04 | epoch: 1 | eta: 54.2m
step 00342/02205 (15.51%) [ns3_ftrl_eta0p1] | loss: 3.707998 | lrm: 1.00 | dt: 1752.54ms | tok/s: 299,158 | mfu: 34.15 | epoch: 1 | eta: 54.2m
step 00343/02205 (15.56%) [ns3_ftrl_eta0p1] | loss: 3.706572 | lrm: 1.00 | dt: 1750.43ms | tok/s: 299,518 | mfu: 34.19 | epoch: 1 | eta: 54.2m
step 00344/02205 (15.60%) [ns3_ftrl_eta0p1] | loss: 3.711601 | lrm: 1.00 | dt: 1754.58ms | tok/s: 298,810 | mfu: 34.11 | epoch: 1 | eta: 54.2m
step 00345/02205 (15.65%) [ns3_ftrl_eta0p1] | loss: 3.704267 | lrm: 1.00 | dt: 1752.84ms | tok/s: 299,108 | mfu: 34.14 | epoch: 1 | eta: 54.1m
step 00346/02205 (15.69%) [ns3_ftrl_eta0p1] | loss: 3.698819 | lrm: 1.00 | dt: 1753.72ms | tok/s: 298,958 | mfu: 34.13 | epoch: 1 | eta: 54.1m
step 00347/02205 (15.74%) [ns3_ftrl_eta0p1] | loss: 3.695557 | lrm: 1.00 | dt: 1765.11ms | tok/s: 297,029 | mfu: 33.91 | epoch: 1 | eta: 54.1m
step 00348/02205 (15.78%) [ns3_ftrl_eta0p1] | loss: 3.695640 | lrm: 1.00 | dt: 1752.41ms | tok/s: 299,181 | mfu: 34.15 | epoch: 1 | eta: 54.0m
step 00349/02205 (15.83%) [ns3_ftrl_eta0p1] | loss: 3.686783 | lrm: 1.00 | dt: 1755.16ms | tok/s: 298,711 | mfu: 34.10 | epoch: 1 | eta: 54.0m
step 00350/02205 (15.87%) [ns3_ftrl_eta0p1] | loss: 3.686789 | lrm: 1.00 | dt: 1753.63ms | tok/s: 298,973 | mfu: 34.13 | epoch: 1 | eta: 54.0m
step 00351/02205 (15.92%) [ns3_ftrl_eta0p1] | loss: 3.683269 | lrm: 1.00 | dt: 1750.83ms | tok/s: 299,451 | mfu: 34.18 | epoch: 1 | eta: 54.0m
step 00352/02205 (15.96%) [ns3_ftrl_eta0p1] | loss: 3.676578 | lrm: 1.00 | dt: 1754.57ms | tok/s: 298,813 | mfu: 34.11 | epoch: 1 | eta: 53.9m
step 00353/02205 (16.01%) [ns3_ftrl_eta0p1] | loss: 3.692431 | lrm: 1.00 | dt: 1754.23ms | tok/s: 298,871 | mfu: 34.12 | epoch: 1 | eta: 53.9m
step 00354/02205 (16.05%) [ns3_ftrl_eta0p1] | loss: 3.685984 | lrm: 1.00 | dt: 1762.37ms | tok/s: 297,489 | mfu: 33.96 | epoch: 1 | eta: 53.9m
step 00355/02205 (16.10%) [ns3_ftrl_eta0p1] | loss: 3.698031 | lrm: 1.00 | dt: 1756.60ms | tok/s: 298,466 | mfu: 34.07 | epoch: 1 | eta: 53.8m
step 00356/02205 (16.15%) [ns3_ftrl_eta0p1] | loss: 3.706229 | lrm: 1.00 | dt: 1750.93ms | tok/s: 299,433 | mfu: 34.18 | epoch: 1 | eta: 53.8m
step 00357/02205 (16.19%) [ns3_ftrl_eta0p1] | loss: 3.704558 | lrm: 1.00 | dt: 1750.15ms | tok/s: 299,568 | mfu: 34.20 | epoch: 1 | eta: 53.8m
step 00358/02205 (16.24%) [ns3_ftrl_eta0p1] | loss: 3.707214 | lrm: 1.00 | dt: 1762.33ms | tok/s: 297,496 | mfu: 33.96 | epoch: 1 | eta: 53.8m
step 00359/02205 (16.28%) [ns3_ftrl_eta0p1] | loss: 3.710162 | lrm: 1.00 | dt: 1750.80ms | tok/s: 299,455 | mfu: 34.18 | epoch: 1 | eta: 53.7m
step 00360/02205 (16.33%) [ns3_ftrl_eta0p1] | loss: 3.700080 | lrm: 1.00 | dt: 1753.14ms | tok/s: 299,056 | mfu: 34.14 | epoch: 1 | eta: 53.7m
step 00361/02205 (16.37%) [ns3_ftrl_eta0p1] | loss: 3.699509 | lrm: 1.00 | dt: 1753.21ms | tok/s: 299,045 | mfu: 34.14 | epoch: 1 | eta: 53.7m
step 00362/02205 (16.42%) [ns3_ftrl_eta0p1] | loss: 3.693531 | lrm: 1.00 | dt: 1751.50ms | tok/s: 299,336 | mfu: 34.17 | epoch: 1 | eta: 53.6m
step 00363/02205 (16.46%) [ns3_ftrl_eta0p1] | loss: 3.701726 | lrm: 1.00 | dt: 1754.89ms | tok/s: 298,757 | mfu: 34.10 | epoch: 1 | eta: 53.6m
step 00364/02205 (16.51%) [ns3_ftrl_eta0p1] | loss: 3.709258 | lrm: 1.00 | dt: 1756.53ms | tok/s: 298,478 | mfu: 34.07 | epoch: 1 | eta: 53.6m
step 00365/02205 (16.55%) [ns3_ftrl_eta0p1] | loss: 3.705423 | lrm: 1.00 | dt: 1748.51ms | tok/s: 299,848 | mfu: 34.23 | epoch: 1 | eta: 53.6m
step 00366/02205 (16.60%) [ns3_ftrl_eta0p1] | loss: 3.708081 | lrm: 1.00 | dt: 1756.50ms | tok/s: 298,483 | mfu: 34.07 | epoch: 1 | eta: 53.5m
step 00367/02205 (16.64%) [ns3_ftrl_eta0p1] | loss: 3.711828 | lrm: 1.00 | dt: 1749.09ms | tok/s: 299,748 | mfu: 34.22 | epoch: 1 | eta: 53.5m
step 00368/02205 (16.69%) [ns3_ftrl_eta0p1] | loss: 3.715135 | lrm: 1.00 | dt: 1754.59ms | tok/s: 298,810 | mfu: 34.11 | epoch: 1 | eta: 53.5m
step 00369/02205 (16.73%) [ns3_ftrl_eta0p1] | loss: 3.709142 | lrm: 1.00 | dt: 1754.55ms | tok/s: 298,815 | mfu: 34.11 | epoch: 1 | eta: 53.4m
step 00370/02205 (16.78%) [ns3_ftrl_eta0p1] | loss: 3.714238 | lrm: 1.00 | dt: 1749.37ms | tok/s: 299,700 | mfu: 34.21 | epoch: 1 | eta: 53.4m
step 00371/02205 (16.83%) [ns3_ftrl_eta0p1] | loss: 3.709580 | lrm: 1.00 | dt: 1756.06ms | tok/s: 298,558 | mfu: 34.08 | epoch: 1 | eta: 53.4m
step 00372/02205 (16.87%) [ns3_ftrl_eta0p1] | loss: 3.714630 | lrm: 1.00 | dt: 1750.66ms | tok/s: 299,480 | mfu: 34.19 | epoch: 1 | eta: 53.4m
step 00373/02205 (16.92%) [ns3_ftrl_eta0p1] | loss: 3.708767 | lrm: 1.00 | dt: 1756.86ms | tok/s: 298,423 | mfu: 34.07 | epoch: 1 | eta: 53.3m
step 00374/02205 (16.96%) [ns3_ftrl_eta0p1] | loss: 3.708774 | lrm: 1.00 | dt: 1751.30ms | tok/s: 299,370 | mfu: 34.17 | epoch: 1 | eta: 53.3m
step 00375/02205 (17.01%) [ns3_ftrl_eta0p1] | loss: 3.711621 | lrm: 1.00 | dt: 1755.15ms | tok/s: 298,713 | mfu: 34.10 | epoch: 1 | eta: 53.3m
step 00376/02205 (17.05%) [ns3_ftrl_eta0p1] | loss: 3.704427 | lrm: 1.00 | dt: 1756.38ms | tok/s: 298,504 | mfu: 34.07 | epoch: 1 | eta: 53.2m
step 00377/02205 (17.10%) [ns3_ftrl_eta0p1] | loss: 3.688125 | lrm: 1.00 | dt: 1753.65ms | tok/s: 298,970 | mfu: 34.13 | epoch: 1 | eta: 53.2m
step 00378/02205 (17.14%) [ns3_ftrl_eta0p1] | loss: 3.689996 | lrm: 1.00 | dt: 1756.67ms | tok/s: 298,455 | mfu: 34.07 | epoch: 1 | eta: 53.2m
step 00379/02205 (17.19%) [ns3_ftrl_eta0p1] | loss: 3.689104 | lrm: 1.00 | dt: 1755.43ms | tok/s: 298,666 | mfu: 34.09 | epoch: 1 | eta: 53.2m
step 00380/02205 (17.23%) [ns3_ftrl_eta0p1] | loss: 3.682574 | lrm: 1.00 | dt: 1753.72ms | tok/s: 298,957 | mfu: 34.13 | epoch: 1 | eta: 53.1m
step 00381/02205 (17.28%) [ns3_ftrl_eta0p1] | loss: 3.686010 | lrm: 1.00 | dt: 1755.89ms | tok/s: 298,588 | mfu: 34.08 | epoch: 1 | eta: 53.1m
step 00382/02205 (17.32%) [ns3_ftrl_eta0p1] | loss: 3.681527 | lrm: 1.00 | dt: 1748.51ms | tok/s: 299,848 | mfu: 34.23 | epoch: 1 | eta: 53.1m
step 00383/02205 (17.37%) [ns3_ftrl_eta0p1] | loss: 3.673239 | lrm: 1.00 | dt: 1754.74ms | tok/s: 298,784 | mfu: 34.11 | epoch: 1 | eta: 53.0m
step 00384/02205 (17.41%) [ns3_ftrl_eta0p1] | loss: 3.662838 | lrm: 1.00 | dt: 1754.67ms | tok/s: 298,796 | mfu: 34.11 | epoch: 1 | eta: 53.0m
step 00385/02205 (17.46%) [ns3_ftrl_eta0p1] | loss: 3.661080 | lrm: 1.00 | dt: 1749.71ms | tok/s: 299,642 | mfu: 34.20 | epoch: 1 | eta: 53.0m
step 00386/02205 (17.51%) [ns3_ftrl_eta0p1] | loss: 3.662890 | lrm: 1.00 | dt: 1754.76ms | tok/s: 298,781 | mfu: 34.11 | epoch: 1 | eta: 53.0m
step 00387/02205 (17.55%) [ns3_ftrl_eta0p1] | loss: 3.669801 | lrm: 1.00 | dt: 1747.39ms | tok/s: 300,040 | mfu: 34.25 | epoch: 1 | eta: 52.9m
step 00388/02205 (17.60%) [ns3_ftrl_eta0p1] | loss: 3.657577 | lrm: 1.00 | dt: 1755.84ms | tok/s: 298,597 | mfu: 34.09 | epoch: 1 | eta: 52.9m
step 00389/02205 (17.64%) [ns3_ftrl_eta0p1] | loss: 3.658189 | lrm: 1.00 | dt: 1749.44ms | tok/s: 299,688 | mfu: 34.21 | epoch: 1 | eta: 52.9m
step 00390/02205 (17.69%) [ns3_ftrl_eta0p1] | loss: 3.657939 | lrm: 1.00 | dt: 1752.51ms | tok/s: 299,164 | mfu: 34.15 | epoch: 1 | eta: 52.8m
step 00391/02205 (17.73%) [ns3_ftrl_eta0p1] | loss: 3.652337 | lrm: 1.00 | dt: 1751.38ms | tok/s: 299,356 | mfu: 34.17 | epoch: 1 | eta: 52.8m
step 00392/02205 (17.78%) [ns3_ftrl_eta0p1] | loss: 3.641430 | lrm: 1.00 | dt: 1750.84ms | tok/s: 299,449 | mfu: 34.18 | epoch: 1 | eta: 52.8m
step 00393/02205 (17.82%) [ns3_ftrl_eta0p1] | loss: 3.636681 | lrm: 1.00 | dt: 1750.85ms | tok/s: 299,447 | mfu: 34.18 | epoch: 1 | eta: 52.8m
step 00394/02205 (17.87%) [ns3_ftrl_eta0p1] | loss: 3.633070 | lrm: 1.00 | dt: 1753.46ms | tok/s: 299,001 | mfu: 34.13 | epoch: 1 | eta: 52.7m
step 00395/02205 (17.91%) [ns3_ftrl_eta0p1] | loss: 3.627296 | lrm: 1.00 | dt: 1753.90ms | tok/s: 298,926 | mfu: 34.12 | epoch: 1 | eta: 52.7m
step 00396/02205 (17.96%) [ns3_ftrl_eta0p1] | loss: 3.631810 | lrm: 1.00 | dt: 1754.68ms | tok/s: 298,794 | mfu: 34.11 | epoch: 1 | eta: 52.7m
step 00397/02205 (18.00%) [ns3_ftrl_eta0p1] | loss: 3.631659 | lrm: 1.00 | dt: 1750.01ms | tok/s: 299,591 | mfu: 34.20 | epoch: 1 | eta: 52.6m
step 00398/02205 (18.05%) [ns3_ftrl_eta0p1] | loss: 3.628870 | lrm: 1.00 | dt: 1752.84ms | tok/s: 299,108 | mfu: 34.14 | epoch: 1 | eta: 52.6m
step 00399/02205 (18.10%) [ns3_ftrl_eta0p1] | loss: 3.632410 | lrm: 1.00 | dt: 1751.89ms | tok/s: 299,270 | mfu: 34.16 | epoch: 1 | eta: 52.6m
step 00400/02205 (18.14%) [ns3_ftrl_eta0p1] | loss: 3.627703 | lrm: 1.00 | dt: 1752.17ms | tok/s: 299,222 | mfu: 34.16 | epoch: 1 | eta: 52.6m
step 00401/02205 (18.19%) [ns3_ftrl_eta0p1] | loss: 3.629952 | lrm: 1.00 | dt: 1753.84ms | tok/s: 298,936 | mfu: 34.12 | epoch: 1 | eta: 52.5m
step 00402/02205 (18.23%) [ns3_ftrl_eta0p1] | loss: 3.632426 | lrm: 1.00 | dt: 1751.34ms | tok/s: 299,363 | mfu: 34.17 | epoch: 1 | eta: 52.5m
step 00403/02205 (18.28%) [ns3_ftrl_eta0p1] | loss: 3.630828 | lrm: 1.00 | dt: 1756.10ms | tok/s: 298,552 | mfu: 34.08 | epoch: 1 | eta: 52.5m
step 00404/02205 (18.32%) [ns3_ftrl_eta0p1] | loss: 3.627428 | lrm: 1.00 | dt: 1753.56ms | tok/s: 298,985 | mfu: 34.13 | epoch: 1 | eta: 52.4m
step 00405/02205 (18.37%) [ns3_ftrl_eta0p1] | loss: 3.623815 | lrm: 1.00 | dt: 1746.88ms | tok/s: 300,128 | mfu: 34.26 | epoch: 1 | eta: 52.4m
step 00406/02205 (18.41%) [ns3_ftrl_eta0p1] | loss: 3.618175 | lrm: 1.00 | dt: 1754.72ms | tok/s: 298,786 | mfu: 34.11 | epoch: 1 | eta: 52.4m
step 00407/02205 (18.46%) [ns3_ftrl_eta0p1] | loss: 3.622325 | lrm: 1.00 | dt: 1752.69ms | tok/s: 299,133 | mfu: 34.15 | epoch: 1 | eta: 52.4m
step 00408/02205 (18.50%) [ns3_ftrl_eta0p1] | loss: 3.627743 | lrm: 1.00 | dt: 1755.84ms | tok/s: 298,596 | mfu: 34.09 | epoch: 1 | eta: 52.3m
step 00409/02205 (18.55%) [ns3_ftrl_eta0p1] | loss: 3.631945 | lrm: 1.00 | dt: 1751.84ms | tok/s: 299,279 | mfu: 34.16 | epoch: 1 | eta: 52.3m
step 00410/02205 (18.59%) [ns3_ftrl_eta0p1] | loss: 3.630434 | lrm: 1.00 | dt: 1751.08ms | tok/s: 299,407 | mfu: 34.18 | epoch: 1 | eta: 52.3m
step 00411/02205 (18.64%) [ns3_ftrl_eta0p1] | loss: 3.635084 | lrm: 1.00 | dt: 1753.54ms | tok/s: 298,988 | mfu: 34.13 | epoch: 1 | eta: 52.2m
step 00412/02205 (18.68%) [ns3_ftrl_eta0p1] | loss: 3.632561 | lrm: 1.00 | dt: 1753.44ms | tok/s: 299,005 | mfu: 34.13 | epoch: 1 | eta: 52.2m
step 00413/02205 (18.73%) [ns3_ftrl_eta0p1] | loss: 3.636126 | lrm: 1.00 | dt: 1750.42ms | tok/s: 299,521 | mfu: 34.19 | epoch: 1 | eta: 52.2m
step 00414/02205 (18.78%) [ns3_ftrl_eta0p1] | loss: 3.641030 | lrm: 1.00 | dt: 1754.12ms | tok/s: 298,888 | mfu: 34.12 | epoch: 1 | eta: 52.2m
step 00415/02205 (18.82%) [ns3_ftrl_eta0p1] | loss: 3.644150 | lrm: 1.00 | dt: 1748.51ms | tok/s: 299,848 | mfu: 34.23 | epoch: 1 | eta: 52.1m
step 00416/02205 (18.87%) [ns3_ftrl_eta0p1] | loss: 3.642862 | lrm: 1.00 | dt: 1756.06ms | tok/s: 298,559 | mfu: 34.08 | epoch: 1 | eta: 52.1m
step 00417/02205 (18.91%) [ns3_ftrl_eta0p1] | loss: 3.634496 | lrm: 1.00 | dt: 1750.07ms | tok/s: 299,580 | mfu: 34.20 | epoch: 1 | eta: 52.1m
step 00418/02205 (18.96%) [ns3_ftrl_eta0p1] | loss: 3.635139 | lrm: 1.00 | dt: 1751.94ms | tok/s: 299,261 | mfu: 34.16 | epoch: 1 | eta: 52.0m
step 00419/02205 (19.00%) [ns3_ftrl_eta0p1] | loss: 3.631477 | lrm: 1.00 | dt: 1749.22ms | tok/s: 299,727 | mfu: 34.21 | epoch: 1 | eta: 52.0m
step 00420/02205 (19.05%) [ns3_ftrl_eta0p1] | loss: 3.642360 | lrm: 1.00 | dt: 1750.38ms | tok/s: 299,527 | mfu: 34.19 | epoch: 1 | eta: 52.0m
step 00421/02205 (19.09%) [ns3_ftrl_eta0p1] | loss: 3.637593 | lrm: 1.00 | dt: 1754.19ms | tok/s: 298,878 | mfu: 34.12 | epoch: 1 | eta: 52.0m
step 00422/02205 (19.14%) [ns3_ftrl_eta0p1] | loss: 3.645810 | lrm: 1.00 | dt: 1753.15ms | tok/s: 299,054 | mfu: 34.14 | epoch: 1 | eta: 51.9m
step 00423/02205 (19.18%) [ns3_ftrl_eta0p1] | loss: 3.654935 | lrm: 1.00 | dt: 1749.68ms | tok/s: 299,647 | mfu: 34.21 | epoch: 1 | eta: 51.9m
step 00424/02205 (19.23%) [ns3_ftrl_eta0p1] | loss: 3.654209 | lrm: 1.00 | dt: 1755.08ms | tok/s: 298,725 | mfu: 34.10 | epoch: 1 | eta: 51.9m
step 00425/02205 (19.27%) [ns3_ftrl_eta0p1] | loss: 3.645420 | lrm: 1.00 | dt: 1747.95ms | tok/s: 299,944 | mfu: 34.24 | epoch: 1 | eta: 51.8m
step 00426/02205 (19.32%) [ns3_ftrl_eta0p1] | loss: 3.638812 | lrm: 1.00 | dt: 1753.95ms | tok/s: 298,918 | mfu: 34.12 | epoch: 1 | eta: 51.8m
step 00427/02205 (19.37%) [ns3_ftrl_eta0p1] | loss: 3.630447 | lrm: 1.00 | dt: 1752.53ms | tok/s: 299,161 | mfu: 34.15 | epoch: 1 | eta: 51.8m
step 00428/02205 (19.41%) [ns3_ftrl_eta0p1] | loss: 3.633842 | lrm: 1.00 | dt: 1748.30ms | tok/s: 299,885 | mfu: 34.23 | epoch: 1 | eta: 51.8m
step 00429/02205 (19.46%) [ns3_ftrl_eta0p1] | loss: 3.628245 | lrm: 1.00 | dt: 1754.91ms | tok/s: 298,754 | mfu: 34.10 | epoch: 1 | eta: 51.7m
step 00430/02205 (19.50%) [ns3_ftrl_eta0p1] | loss: 3.628019 | lrm: 1.00 | dt: 1752.86ms | tok/s: 299,103 | mfu: 34.14 | epoch: 1 | eta: 51.7m
step 00431/02205 (19.55%) [ns3_ftrl_eta0p1] | loss: 3.627398 | lrm: 1.00 | dt: 1751.56ms | tok/s: 299,326 | mfu: 34.17 | epoch: 1 | eta: 51.7m
step 00432/02205 (19.59%) [ns3_ftrl_eta0p1] | loss: 3.622141 | lrm: 1.00 | dt: 1751.35ms | tok/s: 299,362 | mfu: 34.17 | epoch: 1 | eta: 51.6m
step 00433/02205 (19.64%) [ns3_ftrl_eta0p1] | loss: 3.622371 | lrm: 1.00 | dt: 1753.43ms | tok/s: 299,006 | mfu: 34.13 | epoch: 1 | eta: 51.6m
step 00434/02205 (19.68%) [ns3_ftrl_eta0p1] | loss: 3.627086 | lrm: 1.00 | dt: 1752.75ms | tok/s: 299,123 | mfu: 34.15 | epoch: 1 | eta: 51.6m
step 00435/02205 (19.73%) [ns3_ftrl_eta0p1] | loss: 3.633494 | lrm: 1.00 | dt: 1750.01ms | tok/s: 299,590 | mfu: 34.20 | epoch: 1 | eta: 51.6m
step 00436/02205 (19.77%) [ns3_ftrl_eta0p1] | loss: 3.639523 | lrm: 1.00 | dt: 1752.75ms | tok/s: 299,123 | mfu: 34.15 | epoch: 1 | eta: 51.5m
step 00437/02205 (19.82%) [ns3_ftrl_eta0p1] | loss: 3.634419 | lrm: 1.00 | dt: 1751.56ms | tok/s: 299,325 | mfu: 34.17 | epoch: 1 | eta: 51.5m
step 00438/02205 (19.86%) [ns3_ftrl_eta0p1] | loss: 3.637825 | lrm: 1.00 | dt: 1753.16ms | tok/s: 299,052 | mfu: 34.14 | epoch: 1 | eta: 51.5m
step 00439/02205 (19.91%) [ns3_ftrl_eta0p1] | loss: 3.632602 | lrm: 1.00 | dt: 1754.63ms | tok/s: 298,803 | mfu: 34.11 | epoch: 1 | eta: 51.4m
step 00440/02205 (19.95%) [ns3_ftrl_eta0p1] | loss: 3.630843 | lrm: 1.00 | dt: 1746.71ms | tok/s: 300,157 | mfu: 34.26 | epoch: 1 | eta: 51.4m
step 00441/02205 (20.00%) [ns3_ftrl_eta0p1] | loss: 3.620702 | lrm: 1.00 | dt: 1753.37ms | tok/s: 299,017 | mfu: 34.13 | epoch: 1 | eta: 51.4m
step 00442/02205 (20.05%) [ns3_ftrl_eta0p1] | loss: 3.623060 | lrm: 1.00 | dt: 1748.25ms | tok/s: 299,893 | mfu: 34.23 | epoch: 1 | eta: 51.4m
step 00443/02205 (20.09%) [ns3_ftrl_eta0p1] | loss: 3.620677 | lrm: 1.00 | dt: 1758.14ms | tok/s: 298,206 | mfu: 34.04 | epoch: 1 | eta: 51.3m
step 00444/02205 (20.14%) [ns3_ftrl_eta0p1] | loss: 3.617359 | lrm: 1.00 | dt: 1754.69ms | tok/s: 298,792 | mfu: 34.11 | epoch: 1 | eta: 51.3m
step 00445/02205 (20.18%) [ns3_ftrl_eta0p1] | loss: 3.610825 | lrm: 1.00 | dt: 1746.13ms | tok/s: 300,257 | mfu: 34.27 | epoch: 1 | eta: 51.3m
step 00446/02205 (20.23%) [ns3_ftrl_eta0p1] | loss: 3.606305 | lrm: 1.00 | dt: 1755.57ms | tok/s: 298,643 | mfu: 34.09 | epoch: 1 | eta: 51.2m
step 00447/02205 (20.27%) [ns3_ftrl_eta0p1] | loss: 3.598147 | lrm: 1.00 | dt: 1753.71ms | tok/s: 298,958 | mfu: 34.13 | epoch: 1 | eta: 51.2m
step 00448/02205 (20.32%) [ns3_ftrl_eta0p1] | loss: 3.603017 | lrm: 1.00 | dt: 1746.84ms | tok/s: 300,135 | mfu: 34.26 | epoch: 1 | eta: 51.2m
step 00449/02205 (20.36%) [ns3_ftrl_eta0p1] | loss: 3.604607 | lrm: 1.00 | dt: 1754.96ms | tok/s: 298,746 | mfu: 34.10 | epoch: 1 | eta: 51.1m
step 00450/02205 (20.41%) [ns3_ftrl_eta0p1] | loss: 3.617449 | lrm: 1.00 | dt: 1752.64ms | tok/s: 299,142 | mfu: 34.15 | epoch: 1 | eta: 51.1m
step 00451/02205 (20.45%) [ns3_ftrl_eta0p1] | loss: 3.614210 | lrm: 1.00 | dt: 1750.52ms | tok/s: 299,504 | mfu: 34.19 | epoch: 1 | eta: 51.1m
step 00452/02205 (20.50%) [ns3_ftrl_eta0p1] | loss: 3.618612 | lrm: 1.00 | dt: 1754.25ms | tok/s: 298,867 | mfu: 34.12 | epoch: 1 | eta: 51.1m
step 00453/02205 (20.54%) [ns3_ftrl_eta0p1] | loss: 3.620159 | lrm: 1.00 | dt: 1750.67ms | tok/s: 299,477 | mfu: 34.19 | epoch: 1 | eta: 51.0m
step 00454/02205 (20.59%) [ns3_ftrl_eta0p1] | loss: 3.608676 | lrm: 1.00 | dt: 1753.04ms | tok/s: 299,074 | mfu: 34.14 | epoch: 1 | eta: 51.0m
step 00455/02205 (20.63%) [ns3_ftrl_eta0p1] | loss: 3.615114 | lrm: 1.00 | dt: 1751.84ms | tok/s: 299,278 | mfu: 34.16 | epoch: 1 | eta: 51.0m
step 00456/02205 (20.68%) [ns3_ftrl_eta0p1] | loss: 3.622674 | lrm: 1.00 | dt: 1753.80ms | tok/s: 298,944 | mfu: 34.12 | epoch: 1 | eta: 50.9m
step 00457/02205 (20.73%) [ns3_ftrl_eta0p1] | loss: 3.614914 | lrm: 1.00 | dt: 1754.66ms | tok/s: 298,797 | mfu: 34.11 | epoch: 1 | eta: 50.9m
step 00458/02205 (20.77%) [ns3_ftrl_eta0p1] | loss: 3.620416 | lrm: 1.00 | dt: 1751.30ms | tok/s: 299,370 | mfu: 34.17 | epoch: 1 | eta: 50.9m
step 00459/02205 (20.82%) [ns3_ftrl_eta0p1] | loss: 3.627320 | lrm: 1.00 | dt: 1751.77ms | tok/s: 299,291 | mfu: 34.16 | epoch: 1 | eta: 50.9m
step 00460/02205 (20.86%) [ns3_ftrl_eta0p1] | loss: 3.622910 | lrm: 1.00 | dt: 1746.57ms | tok/s: 300,181 | mfu: 34.27 | epoch: 1 | eta: 50.8m
step 00461/02205 (20.91%) [ns3_ftrl_eta0p1] | loss: 3.621524 | lrm: 1.00 | dt: 1756.43ms | tok/s: 298,496 | mfu: 34.07 | epoch: 1 | eta: 50.8m
step 00462/02205 (20.95%) [ns3_ftrl_eta0p1] | loss: 3.618413 | lrm: 1.00 | dt: 1751.03ms | tok/s: 299,417 | mfu: 34.18 | epoch: 1 | eta: 50.8m
step 00463/02205 (21.00%) [ns3_ftrl_eta0p1] | loss: 3.607311 | lrm: 1.00 | dt: 1752.79ms | tok/s: 299,116 | mfu: 34.14 | epoch: 1 | eta: 50.7m
step 00464/02205 (21.04%) [ns3_ftrl_eta0p1] | loss: 3.609180 | lrm: 1.00 | dt: 1755.41ms | tok/s: 298,669 | mfu: 34.09 | epoch: 1 | eta: 50.7m
step 00465/02205 (21.09%) [ns3_ftrl_eta0p1] | loss: 3.601714 | lrm: 1.00 | dt: 1747.73ms | tok/s: 299,981 | mfu: 34.24 | epoch: 1 | eta: 50.7m
step 00466/02205 (21.13%) [ns3_ftrl_eta0p1] | loss: 3.608058 | lrm: 1.00 | dt: 1755.70ms | tok/s: 298,620 | mfu: 34.09 | epoch: 1 | eta: 50.7m
step 00467/02205 (21.18%) [ns3_ftrl_eta0p1] | loss: 3.617056 | lrm: 1.00 | dt: 1751.16ms | tok/s: 299,395 | mfu: 34.18 | epoch: 1 | eta: 50.6m
step 00468/02205 (21.22%) [ns3_ftrl_eta0p1] | loss: 3.620068 | lrm: 1.00 | dt: 1752.48ms | tok/s: 299,169 | mfu: 34.15 | epoch: 1 | eta: 50.6m
step 00469/02205 (21.27%) [ns3_ftrl_eta0p1] | loss: 3.618397 | lrm: 1.00 | dt: 1756.93ms | tok/s: 298,412 | mfu: 34.06 | epoch: 1 | eta: 50.6m
step 00470/02205 (21.32%) [ns3_ftrl_eta0p1] | loss: 3.613709 | lrm: 1.00 | dt: 1747.07ms | tok/s: 300,095 | mfu: 34.26 | epoch: 1 | eta: 50.5m
step 00471/02205 (21.36%) [ns3_ftrl_eta0p1] | loss: 3.617003 | lrm: 1.00 | dt: 1751.40ms | tok/s: 299,353 | mfu: 34.17 | epoch: 1 | eta: 50.5m
step 00472/02205 (21.41%) [ns3_ftrl_eta0p1] | loss: 3.622757 | lrm: 1.00 | dt: 1757.75ms | tok/s: 298,271 | mfu: 34.05 | epoch: 1 | eta: 50.5m
step 00473/02205 (21.45%) [ns3_ftrl_eta0p1] | loss: 3.611925 | lrm: 1.00 | dt: 1762.65ms | tok/s: 297,442 | mfu: 33.95 | epoch: 1 | eta: 50.5m
step 00474/02205 (21.50%) [ns3_ftrl_eta0p1] | loss: 3.614034 | lrm: 1.00 | dt: 1756.84ms | tok/s: 298,426 | mfu: 34.07 | epoch: 1 | eta: 50.4m
step 00475/02205 (21.54%) [ns3_ftrl_eta0p1] | loss: 3.605075 | lrm: 1.00 | dt: 1754.40ms | tok/s: 298,841 | mfu: 34.11 | epoch: 1 | eta: 50.4m
step 00476/02205 (21.59%) [ns3_ftrl_eta0p1] | loss: 3.603986 | lrm: 1.00 | dt: 1751.01ms | tok/s: 299,419 | mfu: 34.18 | epoch: 1 | eta: 50.4m
step 00477/02205 (21.63%) [ns3_ftrl_eta0p1] | loss: 3.606682 | lrm: 1.00 | dt: 1754.53ms | tok/s: 298,818 | mfu: 34.11 | epoch: 1 | eta: 50.3m
step 00478/02205 (21.68%) [ns3_ftrl_eta0p1] | loss: 3.604545 | lrm: 1.00 | dt: 1750.40ms | tok/s: 299,524 | mfu: 34.19 | epoch: 1 | eta: 50.3m
step 00479/02205 (21.72%) [ns3_ftrl_eta0p1] | loss: 3.602379 | lrm: 1.00 | dt: 1753.76ms | tok/s: 298,950 | mfu: 34.13 | epoch: 1 | eta: 50.3m
step 00480/02205 (21.77%) [ns3_ftrl_eta0p1] | loss: 3.604447 | lrm: 1.00 | dt: 1753.55ms | tok/s: 298,986 | mfu: 34.13 | epoch: 1 | eta: 50.3m
step 00481/02205 (21.81%) [ns3_ftrl_eta0p1] | loss: 3.599240 | lrm: 1.00 | dt: 1753.51ms | tok/s: 298,994 | mfu: 34.13 | epoch: 1 | eta: 50.2m
step 00482/02205 (21.86%) [ns3_ftrl_eta0p1] | loss: 3.595042 | lrm: 1.00 | dt: 1761.41ms | tok/s: 297,653 | mfu: 33.98 | epoch: 1 | eta: 50.2m
step 00483/02205 (21.90%) [ns3_ftrl_eta0p1] | loss: 3.592762 | lrm: 1.00 | dt: 1755.26ms | tok/s: 298,695 | mfu: 34.10 | epoch: 1 | eta: 50.2m
step 00484/02205 (21.95%) [ns3_ftrl_eta0p1] | loss: 3.592999 | lrm: 1.00 | dt: 1756.55ms | tok/s: 298,475 | mfu: 34.07 | epoch: 1 | eta: 50.1m
step 00485/02205 (22.00%) [ns3_ftrl_eta0p1] | loss: 3.591673 | lrm: 1.00 | dt: 1764.38ms | tok/s: 297,152 | mfu: 33.92 | epoch: 1 | eta: 50.1m
step 00486/02205 (22.04%) [ns3_ftrl_eta0p1] | loss: 3.590910 | lrm: 1.00 | dt: 1755.95ms | tok/s: 298,578 | mfu: 34.08 | epoch: 1 | eta: 50.1m
step 00487/02205 (22.09%) [ns3_ftrl_eta0p1] | loss: 3.588702 | lrm: 1.00 | dt: 1763.12ms | tok/s: 297,363 | mfu: 33.94 | epoch: 1 | eta: 50.1m
step 00488/02205 (22.13%) [ns3_ftrl_eta0p1] | loss: 3.590333 | lrm: 1.00 | dt: 1752.40ms | tok/s: 299,183 | mfu: 34.15 | epoch: 1 | eta: 50.0m
step 00489/02205 (22.18%) [ns3_ftrl_eta0p1] | loss: 3.595080 | lrm: 1.00 | dt: 1755.57ms | tok/s: 298,643 | mfu: 34.09 | epoch: 1 | eta: 50.0m
step 00490/02205 (22.22%) [ns3_ftrl_eta0p1] | loss: 3.590267 | lrm: 1.00 | dt: 1752.43ms | tok/s: 299,176 | mfu: 34.15 | epoch: 1 | eta: 50.0m
step 00491/02205 (22.27%) [ns3_ftrl_eta0p1] | loss: 3.584849 | lrm: 1.00 | dt: 1752.95ms | tok/s: 299,088 | mfu: 34.14 | epoch: 1 | eta: 49.9m
step 00492/02205 (22.31%) [ns3_ftrl_eta0p1] | loss: 3.584239 | lrm: 1.00 | dt: 1749.91ms | tok/s: 299,608 | mfu: 34.20 | epoch: 1 | eta: 49.9m
step 00493/02205 (22.36%) [ns3_ftrl_eta0p1] | loss: 3.571270 | lrm: 1.00 | dt: 1754.23ms | tok/s: 298,871 | mfu: 34.12 | epoch: 1 | eta: 49.9m
step 00494/02205 (22.40%) [ns3_ftrl_eta0p1] | loss: 3.564380 | lrm: 1.00 | dt: 1753.12ms | tok/s: 299,060 | mfu: 34.14 | epoch: 1 | eta: 49.9m
step 00495/02205 (22.45%) [ns3_ftrl_eta0p1] | loss: 3.557232 | lrm: 1.00 | dt: 1762.14ms | tok/s: 297,528 | mfu: 33.96 | epoch: 1 | eta: 49.8m
step 00496/02205 (22.49%) [ns3_ftrl_eta0p1] | loss: 3.555693 | lrm: 1.00 | dt: 1755.94ms | tok/s: 298,578 | mfu: 34.08 | epoch: 1 | eta: 49.8m
step 00497/02205 (22.54%) [ns3_ftrl_eta0p1] | loss: 3.559687 | lrm: 1.00 | dt: 1752.68ms | tok/s: 299,134 | mfu: 34.15 | epoch: 1 | eta: 49.8m
step 00498/02205 (22.59%) [ns3_ftrl_eta0p1] | loss: 3.554170 | lrm: 1.00 | dt: 1752.71ms | tok/s: 299,129 | mfu: 34.15 | epoch: 1 | eta: 49.7m
step 00499/02205 (22.63%) [ns3_ftrl_eta0p1] | loss: 3.563230 | lrm: 1.00 | dt: 1759.73ms | tok/s: 297,935 | mfu: 34.01 | epoch: 1 | eta: 49.7m
Step 00500 | val bpb: 1.046329
step 00500/02205 (22.68%) [ns3_ftrl_eta0p1] | loss: 3.560094 | lrm: 1.00 | dt: 1701.67ms | tok/s: 308,101 | mfu: 35.17 | epoch: 1 | eta: 49.7m
step 00501/02205 (22.72%) [ns3_ftrl_eta0p1] | loss: 3.569599 | lrm: 1.00 | dt: 1730.91ms | tok/s: 302,897 | mfu: 34.58 | epoch: 1 | eta: 49.6m
step 00502/02205 (22.77%) [ns3_ftrl_eta0p1] | loss: 3.572355 | lrm: 1.00 | dt: 1721.50ms | tok/s: 304,553 | mfu: 34.77 | epoch: 1 | eta: 49.6m
step 00503/02205 (22.81%) [ns3_ftrl_eta0p1] | loss: 3.575158 | lrm: 1.00 | dt: 1731.07ms | tok/s: 302,868 | mfu: 34.57 | epoch: 1 | eta: 49.6m
step 00504/02205 (22.86%) [ns3_ftrl_eta0p1] | loss: 3.576753 | lrm: 1.00 | dt: 1726.33ms | tok/s: 303,700 | mfu: 34.67 | epoch: 1 | eta: 49.6m
step 00505/02205 (22.90%) [ns3_ftrl_eta0p1] | loss: 3.563153 | lrm: 1.00 | dt: 1728.48ms | tok/s: 303,322 | mfu: 34.62 | epoch: 1 | eta: 49.5m
step 00506/02205 (22.95%) [ns3_ftrl_eta0p1] | loss: 3.561098 | lrm: 1.00 | dt: 1731.50ms | tok/s: 302,794 | mfu: 34.56 | epoch: 1 | eta: 49.5m
step 00507/02205 (22.99%) [ns3_ftrl_eta0p1] | loss: 3.568339 | lrm: 1.00 | dt: 1732.19ms | tok/s: 302,673 | mfu: 34.55 | epoch: 1 | eta: 49.5m
step 00508/02205 (23.04%) [ns3_ftrl_eta0p1] | loss: 3.566450 | lrm: 1.00 | dt: 1735.71ms | tok/s: 302,059 | mfu: 34.48 | epoch: 1 | eta: 49.4m
step 00509/02205 (23.08%) [ns3_ftrl_eta0p1] | loss: 3.568731 | lrm: 1.00 | dt: 1732.22ms | tok/s: 302,668 | mfu: 34.55 | epoch: 1 | eta: 49.4m
step 00510/02205 (23.13%) [ns3_ftrl_eta0p1] | loss: 3.557504 | lrm: 1.00 | dt: 1729.32ms | tok/s: 303,175 | mfu: 34.61 | epoch: 1 | eta: 49.4m
step 00511/02205 (23.17%) [ns3_ftrl_eta0p1] | loss: 3.567405 | lrm: 1.00 | dt: 1734.76ms | tok/s: 302,225 | mfu: 34.50 | epoch: 1 | eta: 49.3m
step 00512/02205 (23.22%) [ns3_ftrl_eta0p1] | loss: 3.568283 | lrm: 1.00 | dt: 1742.90ms | tok/s: 300,813 | mfu: 34.34 | epoch: 1 | eta: 49.3m
step 00513/02205 (23.27%) [ns3_ftrl_eta0p1] | loss: 3.573424 | lrm: 1.00 | dt: 1740.11ms | tok/s: 301,296 | mfu: 34.39 | epoch: 1 | eta: 49.3m
step 00514/02205 (23.31%) [ns3_ftrl_eta0p1] | loss: 3.568114 | lrm: 1.00 | dt: 1740.78ms | tok/s: 301,180 | mfu: 34.38 | epoch: 1 | eta: 49.3m
step 00515/02205 (23.36%) [ns3_ftrl_eta0p1] | loss: 3.561789 | lrm: 1.00 | dt: 1742.01ms | tok/s: 300,967 | mfu: 34.36 | epoch: 1 | eta: 49.2m
step 00516/02205 (23.40%) [ns3_ftrl_eta0p1] | loss: 3.560067 | lrm: 1.00 | dt: 1734.92ms | tok/s: 302,196 | mfu: 34.50 | epoch: 1 | eta: 49.2m
step 00517/02205 (23.45%) [ns3_ftrl_eta0p1] | loss: 3.550561 | lrm: 1.00 | dt: 1738.29ms | tok/s: 301,611 | mfu: 34.43 | epoch: 1 | eta: 49.2m
step 00518/02205 (23.49%) [ns3_ftrl_eta0p1] | loss: 3.543976 | lrm: 1.00 | dt: 1743.08ms | tok/s: 300,782 | mfu: 34.33 | epoch: 1 | eta: 49.1m
step 00519/02205 (23.54%) [ns3_ftrl_eta0p1] | loss: 3.534749 | lrm: 1.00 | dt: 1743.36ms | tok/s: 300,733 | mfu: 34.33 | epoch: 1 | eta: 49.1m
step 00520/02205 (23.58%) [ns3_ftrl_eta0p1] | loss: 3.532149 | lrm: 1.00 | dt: 1741.96ms | tok/s: 300,975 | mfu: 34.36 | epoch: 1 | eta: 49.1m
step 00521/02205 (23.63%) [ns3_ftrl_eta0p1] | loss: 3.536134 | lrm: 1.00 | dt: 1744.88ms | tok/s: 300,471 | mfu: 34.30 | epoch: 1 | eta: 49.1m
step 00522/02205 (23.67%) [ns3_ftrl_eta0p1] | loss: 3.540389 | lrm: 1.00 | dt: 1735.98ms | tok/s: 302,013 | mfu: 34.48 | epoch: 1 | eta: 49.0m
step 00523/02205 (23.72%) [ns3_ftrl_eta0p1] | loss: 3.551025 | lrm: 1.00 | dt: 1750.11ms | tok/s: 299,574 | mfu: 34.20 | epoch: 1 | eta: 49.0m
step 00524/02205 (23.76%) [ns3_ftrl_eta0p1] | loss: 3.550878 | lrm: 1.00 | dt: 1750.95ms | tok/s: 299,431 | mfu: 34.18 | epoch: 1 | eta: 49.0m
step 00525/02205 (23.81%) [ns3_ftrl_eta0p1] | loss: 3.548838 | lrm: 1.00 | dt: 1750.05ms | tok/s: 299,584 | mfu: 34.20 | epoch: 1 | eta: 48.9m
step 00526/02205 (23.85%) [ns3_ftrl_eta0p1] | loss: 3.543844 | lrm: 1.00 | dt: 1738.54ms | tok/s: 301,568 | mfu: 34.42 | epoch: 1 | eta: 48.9m
step 00527/02205 (23.90%) [ns3_ftrl_eta0p1] | loss: 3.548229 | lrm: 1.00 | dt: 1747.92ms | tok/s: 299,949 | mfu: 34.24 | epoch: 1 | eta: 48.9m
step 00528/02205 (23.95%) [ns3_ftrl_eta0p1] | loss: 3.554925 | lrm: 1.00 | dt: 1740.87ms | tok/s: 301,165 | mfu: 34.38 | epoch: 1 | eta: 48.8m
step 00529/02205 (23.99%) [ns3_ftrl_eta0p1] | loss: 3.544713 | lrm: 1.00 | dt: 1750.56ms | tok/s: 299,497 | mfu: 34.19 | epoch: 1 | eta: 48.8m
step 00530/02205 (24.04%) [ns3_ftrl_eta0p1] | loss: 3.548925 | lrm: 1.00 | dt: 1746.78ms | tok/s: 300,146 | mfu: 34.26 | epoch: 1 | eta: 48.8m
step 00531/02205 (24.08%) [ns3_ftrl_eta0p1] | loss: 3.540762 | lrm: 1.00 | dt: 1743.33ms | tok/s: 300,739 | mfu: 34.33 | epoch: 1 | eta: 48.8m
step 00532/02205 (24.13%) [ns3_ftrl_eta0p1] | loss: 3.543467 | lrm: 1.00 | dt: 1753.78ms | tok/s: 298,947 | mfu: 34.13 | epoch: 1 | eta: 48.7m
step 00533/02205 (24.17%) [ns3_ftrl_eta0p1] | loss: 3.538379 | lrm: 1.00 | dt: 1746.09ms | tok/s: 300,263 | mfu: 34.28 | epoch: 1 | eta: 48.7m
step 00534/02205 (24.22%) [ns3_ftrl_eta0p1] | loss: 3.539648 | lrm: 1.00 | dt: 1748.79ms | tok/s: 299,800 | mfu: 34.22 | epoch: 1 | eta: 48.7m
step 00535/02205 (24.26%) [ns3_ftrl_eta0p1] | loss: 3.539609 | lrm: 1.00 | dt: 1747.14ms | tok/s: 300,082 | mfu: 34.25 | epoch: 1 | eta: 48.6m
step 00536/02205 (24.31%) [ns3_ftrl_eta0p1] | loss: 3.546358 | lrm: 1.00 | dt: 1751.15ms | tok/s: 299,395 | mfu: 34.18 | epoch: 1 | eta: 48.6m
step 00537/02205 (24.35%) [ns3_ftrl_eta0p1] | loss: 3.551613 | lrm: 1.00 | dt: 1747.37ms | tok/s: 300,044 | mfu: 34.25 | epoch: 1 | eta: 48.6m
step 00538/02205 (24.40%) [ns3_ftrl_eta0p1] | loss: 3.548807 | lrm: 1.00 | dt: 1756.20ms | tok/s: 298,535 | mfu: 34.08 | epoch: 1 | eta: 48.6m
step 00539/02205 (24.44%) [ns3_ftrl_eta0p1] | loss: 3.544057 | lrm: 1.00 | dt: 1751.33ms | tok/s: 299,366 | mfu: 34.17 | epoch: 1 | eta: 48.5m
step 00540/02205 (24.49%) [ns3_ftrl_eta0p1] | loss: 3.537938 | lrm: 1.00 | dt: 1753.10ms | tok/s: 299,063 | mfu: 34.14 | epoch: 1 | eta: 48.5m
step 00541/02205 (24.54%) [ns3_ftrl_eta0p1] | loss: 3.550906 | lrm: 1.00 | dt: 1753.08ms | tok/s: 299,066 | mfu: 34.14 | epoch: 1 | eta: 48.5m
step 00542/02205 (24.58%) [ns3_ftrl_eta0p1] | loss: 3.552309 | lrm: 1.00 | dt: 1745.62ms | tok/s: 300,344 | mfu: 34.28 | epoch: 1 | eta: 48.4m
step 00543/02205 (24.63%) [ns3_ftrl_eta0p1] | loss: 3.546083 | lrm: 1.00 | dt: 1759.33ms | tok/s: 298,004 | mfu: 34.02 | epoch: 1 | eta: 48.4m
step 00544/02205 (24.67%) [ns3_ftrl_eta0p1] | loss: 3.541745 | lrm: 1.00 | dt: 1751.41ms | tok/s: 299,351 | mfu: 34.17 | epoch: 1 | eta: 48.4m
step 00545/02205 (24.72%) [ns3_ftrl_eta0p1] | loss: 3.536521 | lrm: 1.00 | dt: 1754.84ms | tok/s: 298,767 | mfu: 34.10 | epoch: 1 | eta: 48.4m
step 00546/02205 (24.76%) [ns3_ftrl_eta0p1] | loss: 3.540538 | lrm: 1.00 | dt: 1752.01ms | tok/s: 299,248 | mfu: 34.16 | epoch: 1 | eta: 48.3m
step 00547/02205 (24.81%) [ns3_ftrl_eta0p1] | loss: 3.531391 | lrm: 1.00 | dt: 1752.90ms | tok/s: 299,097 | mfu: 34.14 | epoch: 1 | eta: 48.3m
step 00548/02205 (24.85%) [ns3_ftrl_eta0p1] | loss: 3.526665 | lrm: 1.00 | dt: 1752.71ms | tok/s: 299,130 | mfu: 34.15 | epoch: 1 | eta: 48.3m
step 00549/02205 (24.90%) [ns3_ftrl_eta0p1] | loss: 3.524978 | lrm: 1.00 | dt: 1750.33ms | tok/s: 299,536 | mfu: 34.19 | epoch: 1 | eta: 48.2m
step 00550/02205 (24.94%) [ns3_ftrl_eta0p1] | loss: 3.522030 | lrm: 1.00 | dt: 1755.54ms | tok/s: 298,647 | mfu: 34.09 | epoch: 1 | eta: 48.2m
step 00551/02205 (24.99%) [ns3_ftrl_eta0p1] | loss: 3.522654 | lrm: 1.00 | dt: 1754.21ms | tok/s: 298,874 | mfu: 34.12 | epoch: 1 | eta: 48.2m
step 00552/02205 (25.03%) [ns3_ftrl_eta0p1] | loss: 3.519627 | lrm: 1.00 | dt: 1751.36ms | tok/s: 299,361 | mfu: 34.17 | epoch: 1 | eta: 48.2m
step 00553/02205 (25.08%) [ns3_ftrl_eta0p1] | loss: 3.523973 | lrm: 1.00 | dt: 1753.78ms | tok/s: 298,946 | mfu: 34.13 | epoch: 1 | eta: 48.1m
step 00554/02205 (25.12%) [ns3_ftrl_eta0p1] | loss: 3.525352 | lrm: 1.00 | dt: 1751.57ms | tok/s: 299,323 | mfu: 34.17 | epoch: 1 | eta: 48.1m
step 00555/02205 (25.17%) [ns3_ftrl_eta0p1] | loss: 3.515708 | lrm: 1.00 | dt: 1752.11ms | tok/s: 299,232 | mfu: 34.16 | epoch: 1 | eta: 48.1m
step 00556/02205 (25.22%) [ns3_ftrl_eta0p1] | loss: 3.514324 | lrm: 1.00 | dt: 1752.42ms | tok/s: 299,179 | mfu: 34.15 | epoch: 1 | eta: 48.0m
step 00557/02205 (25.26%) [ns3_ftrl_eta0p1] | loss: 3.521386 | lrm: 1.00 | dt: 1751.66ms | tok/s: 299,308 | mfu: 34.17 | epoch: 1 | eta: 48.0m
step 00558/02205 (25.31%) [ns3_ftrl_eta0p1] | loss: 3.524242 | lrm: 1.00 | dt: 1754.69ms | tok/s: 298,791 | mfu: 34.11 | epoch: 1 | eta: 48.0m
step 00559/02205 (25.35%) [ns3_ftrl_eta0p1] | loss: 3.513288 | lrm: 1.00 | dt: 1752.58ms | tok/s: 299,151 | mfu: 34.15 | epoch: 1 | eta: 48.0m
step 00560/02205 (25.40%) [ns3_ftrl_eta0p1] | loss: 3.514752 | lrm: 1.00 | dt: 1752.95ms | tok/s: 299,088 | mfu: 34.14 | epoch: 1 | eta: 47.9m
step 00561/02205 (25.44%) [ns3_ftrl_eta0p1] | loss: 3.521020 | lrm: 1.00 | dt: 1754.20ms | tok/s: 298,875 | mfu: 34.12 | epoch: 1 | eta: 47.9m
step 00562/02205 (25.49%) [ns3_ftrl_eta0p1] | loss: 3.518074 | lrm: 1.00 | dt: 1751.87ms | tok/s: 299,272 | mfu: 34.16 | epoch: 1 | eta: 47.9m
step 00563/02205 (25.53%) [ns3_ftrl_eta0p1] | loss: 3.512061 | lrm: 1.00 | dt: 1762.00ms | tok/s: 297,552 | mfu: 33.97 | epoch: 1 | eta: 47.8m
step 00564/02205 (25.58%) [ns3_ftrl_eta0p1] | loss: 3.504099 | lrm: 1.00 | dt: 1762.80ms | tok/s: 297,417 | mfu: 33.95 | epoch: 1 | eta: 47.8m
step 00565/02205 (25.62%) [ns3_ftrl_eta0p1] | loss: 3.504873 | lrm: 1.00 | dt: 1750.61ms | tok/s: 299,489 | mfu: 34.19 | epoch: 1 | eta: 47.8m
step 00566/02205 (25.67%) [ns3_ftrl_eta0p1] | loss: 3.512011 | lrm: 1.00 | dt: 1751.52ms | tok/s: 299,333 | mfu: 34.17 | epoch: 1 | eta: 47.7m
step 00567/02205 (25.71%) [ns3_ftrl_eta0p1] | loss: 3.510642 | lrm: 1.00 | dt: 1755.50ms | tok/s: 298,654 | mfu: 34.09 | epoch: 1 | eta: 47.7m
step 00568/02205 (25.76%) [ns3_ftrl_eta0p1] | loss: 3.512975 | lrm: 1.00 | dt: 1760.00ms | tok/s: 297,891 | mfu: 34.00 | epoch: 1 | eta: 47.7m
step 00569/02205 (25.80%) [ns3_ftrl_eta0p1] | loss: 3.509391 | lrm: 1.00 | dt: 1764.72ms | tok/s: 297,094 | mfu: 33.91 | epoch: 1 | eta: 47.7m
step 00570/02205 (25.85%) [ns3_ftrl_eta0p1] | loss: 3.517168 | lrm: 1.00 | dt: 1758.09ms | tok/s: 298,213 | mfu: 34.04 | epoch: 1 | eta: 47.6m
step 00571/02205 (25.90%) [ns3_ftrl_eta0p1] | loss: 3.525501 | lrm: 1.00 | dt: 1757.82ms | tok/s: 298,259 | mfu: 34.05 | epoch: 1 | eta: 47.6m
step 00572/02205 (25.94%) [ns3_ftrl_eta0p1] | loss: 3.526701 | lrm: 1.00 | dt: 1760.91ms | tok/s: 297,737 | mfu: 33.99 | epoch: 1 | eta: 47.6m
step 00573/02205 (25.99%) [ns3_ftrl_eta0p1] | loss: 3.524489 | lrm: 1.00 | dt: 1753.12ms | tok/s: 299,060 | mfu: 34.14 | epoch: 1 | eta: 47.5m
step 00574/02205 (26.03%) [ns3_ftrl_eta0p1] | loss: 3.541423 | lrm: 1.00 | dt: 1757.61ms | tok/s: 298,295 | mfu: 34.05 | epoch: 1 | eta: 47.5m
step 00575/02205 (26.08%) [ns3_ftrl_eta0p1] | loss: 3.529340 | lrm: 1.00 | dt: 1763.93ms | tok/s: 297,226 | mfu: 33.93 | epoch: 1 | eta: 47.5m
step 00576/02205 (26.12%) [ns3_ftrl_eta0p1] | loss: 3.522561 | lrm: 1.00 | dt: 1756.92ms | tok/s: 298,412 | mfu: 34.06 | epoch: 1 | eta: 47.5m
step 00577/02205 (26.17%) [ns3_ftrl_eta0p1] | loss: 3.523915 | lrm: 1.00 | dt: 1764.80ms | tok/s: 297,079 | mfu: 33.91 | epoch: 1 | eta: 47.4m
step 00578/02205 (26.21%) [ns3_ftrl_eta0p1] | loss: 3.526004 | lrm: 1.00 | dt: 1758.82ms | tok/s: 298,091 | mfu: 34.03 | epoch: 1 | eta: 47.4m
step 00579/02205 (26.26%) [ns3_ftrl_eta0p1] | loss: 3.523873 | lrm: 1.00 | dt: 1764.21ms | tok/s: 297,179 | mfu: 33.92 | epoch: 1 | eta: 47.4m
step 00580/02205 (26.30%) [ns3_ftrl_eta0p1] | loss: 3.510602 | lrm: 1.00 | dt: 1756.23ms | tok/s: 298,530 | mfu: 34.08 | epoch: 1 | eta: 47.3m
step 00581/02205 (26.35%) [ns3_ftrl_eta0p1] | loss: 3.511519 | lrm: 1.00 | dt: 1752.99ms | tok/s: 299,081 | mfu: 34.14 | epoch: 1 | eta: 47.3m
step 00582/02205 (26.39%) [ns3_ftrl_eta0p1] | loss: 3.504097 | lrm: 1.00 | dt: 1755.42ms | tok/s: 298,668 | mfu: 34.09 | epoch: 1 | eta: 47.3m
step 00583/02205 (26.44%) [ns3_ftrl_eta0p1] | loss: 3.514764 | lrm: 1.00 | dt: 1765.44ms | tok/s: 296,972 | mfu: 33.90 | epoch: 1 | eta: 47.3m
step 00584/02205 (26.49%) [ns3_ftrl_eta0p1] | loss: 3.508774 | lrm: 1.00 | dt: 1759.37ms | tok/s: 297,997 | mfu: 34.02 | epoch: 1 | eta: 47.2m
step 00585/02205 (26.53%) [ns3_ftrl_eta0p1] | loss: 3.516089 | lrm: 1.00 | dt: 1767.02ms | tok/s: 296,707 | mfu: 33.87 | epoch: 1 | eta: 47.2m
step 00586/02205 (26.58%) [ns3_ftrl_eta0p1] | loss: 3.517069 | lrm: 1.00 | dt: 1753.75ms | tok/s: 298,953 | mfu: 34.13 | epoch: 1 | eta: 47.2m
step 00587/02205 (26.62%) [ns3_ftrl_eta0p1] | loss: 3.514158 | lrm: 1.00 | dt: 1764.51ms | tok/s: 297,129 | mfu: 33.92 | epoch: 1 | eta: 47.1m
step 00588/02205 (26.67%) [ns3_ftrl_eta0p1] | loss: 3.512254 | lrm: 1.00 | dt: 1760.73ms | tok/s: 297,768 | mfu: 33.99 | epoch: 1 | eta: 47.1m
step 00589/02205 (26.71%) [ns3_ftrl_eta0p1] | loss: 3.511516 | lrm: 1.00 | dt: 1753.71ms | tok/s: 298,959 | mfu: 34.13 | epoch: 1 | eta: 47.1m
step 00590/02205 (26.76%) [ns3_ftrl_eta0p1] | loss: 3.509345 | lrm: 1.00 | dt: 1762.90ms | tok/s: 297,401 | mfu: 33.95 | epoch: 1 | eta: 47.1m
step 00591/02205 (26.80%) [ns3_ftrl_eta0p1] | loss: 3.497599 | lrm: 1.00 | dt: 1759.12ms | tok/s: 298,039 | mfu: 34.02 | epoch: 1 | eta: 47.0m
step 00592/02205 (26.85%) [ns3_ftrl_eta0p1] | loss: 3.495873 | lrm: 1.00 | dt: 1756.25ms | tok/s: 298,526 | mfu: 34.08 | epoch: 1 | eta: 47.0m
step 00593/02205 (26.89%) [ns3_ftrl_eta0p1] | loss: 3.483222 | lrm: 1.00 | dt: 1768.17ms | tok/s: 296,514 | mfu: 33.85 | epoch: 1 | eta: 47.0m
step 00594/02205 (26.94%) [ns3_ftrl_eta0p1] | loss: 3.485403 | lrm: 1.00 | dt: 1754.24ms | tok/s: 298,869 | mfu: 34.12 | epoch: 1 | eta: 46.9m
step 00595/02205 (26.98%) [ns3_ftrl_eta0p1] | loss: 3.495334 | lrm: 1.00 | dt: 1752.03ms | tok/s: 299,246 | mfu: 34.16 | epoch: 1 | eta: 46.9m
step 00596/02205 (27.03%) [ns3_ftrl_eta0p1] | loss: 3.506808 | lrm: 1.00 | dt: 1765.56ms | tok/s: 296,953 | mfu: 33.90 | epoch: 1 | eta: 46.9m
step 00597/02205 (27.07%) [ns3_ftrl_eta0p1] | loss: 3.507410 | lrm: 1.00 | dt: 1759.50ms | tok/s: 297,975 | mfu: 34.01 | epoch: 1 | eta: 46.9m
step 00598/02205 (27.12%) [ns3_ftrl_eta0p1] | loss: 3.507929 | lrm: 1.00 | dt: 1752.89ms | tok/s: 299,099 | mfu: 34.14 | epoch: 1 | eta: 46.8m
step 00599/02205 (27.17%) [ns3_ftrl_eta0p1] | loss: 3.507302 | lrm: 1.00 | dt: 1765.11ms | tok/s: 297,028 | mfu: 33.91 | epoch: 1 | eta: 46.8m
step 00600/02205 (27.21%) [ns3_ftrl_eta0p1] | loss: 3.500916 | lrm: 1.00 | dt: 1758.29ms | tok/s: 298,180 | mfu: 34.04 | epoch: 1 | eta: 46.8m
step 00601/02205 (27.26%) [ns3_ftrl_eta0p1] | loss: 3.498864 | lrm: 1.00 | dt: 1752.22ms | tok/s: 299,212 | mfu: 34.16 | epoch: 1 | eta: 46.7m
step 00602/02205 (27.30%) [ns3_ftrl_eta0p1] | loss: 3.496157 | lrm: 1.00 | dt: 1756.89ms | tok/s: 298,417 | mfu: 34.06 | epoch: 1 | eta: 46.7m
step 00603/02205 (27.35%) [ns3_ftrl_eta0p1] | loss: 3.487739 | lrm: 1.00 | dt: 1764.21ms | tok/s: 297,180 | mfu: 33.92 | epoch: 1 | eta: 46.7m
step 00604/02205 (27.39%) [ns3_ftrl_eta0p1] | loss: 3.490334 | lrm: 1.00 | dt: 1757.81ms | tok/s: 298,261 | mfu: 34.05 | epoch: 1 | eta: 46.7m
step 00605/02205 (27.44%) [ns3_ftrl_eta0p1] | loss: 3.490919 | lrm: 1.00 | dt: 1763.19ms | tok/s: 297,352 | mfu: 33.94 | epoch: 1 | eta: 46.6m
step 00606/02205 (27.48%) [ns3_ftrl_eta0p1] | loss: 3.500538 | lrm: 1.00 | dt: 1758.76ms | tok/s: 298,100 | mfu: 34.03 | epoch: 1 | eta: 46.6m
step 00607/02205 (27.53%) [ns3_ftrl_eta0p1] | loss: 3.506461 | lrm: 1.00 | dt: 1751.40ms | tok/s: 299,354 | mfu: 34.17 | epoch: 1 | eta: 46.6m
step 00608/02205 (27.57%) [ns3_ftrl_eta0p1] | loss: 3.501237 | lrm: 1.00 | dt: 1756.50ms | tok/s: 298,485 | mfu: 34.07 | epoch: 1 | eta: 46.5m
step 00609/02205 (27.62%) [ns3_ftrl_eta0p1] | loss: 3.510695 | lrm: 1.00 | dt: 1769.54ms | tok/s: 296,285 | mfu: 33.82 | epoch: 1 | eta: 46.5m
step 00610/02205 (27.66%) [ns3_ftrl_eta0p1] | loss: 3.507419 | lrm: 1.00 | dt: 1751.55ms | tok/s: 299,328 | mfu: 34.17 | epoch: 1 | eta: 46.5m
step 00611/02205 (27.71%) [ns3_ftrl_eta0p1] | loss: 3.508010 | lrm: 1.00 | dt: 1758.02ms | tok/s: 298,226 | mfu: 34.04 | epoch: 1 | eta: 46.5m
step 00612/02205 (27.76%) [ns3_ftrl_eta0p1] | loss: 3.507523 | lrm: 1.00 | dt: 1767.82ms | tok/s: 296,573 | mfu: 33.85 | epoch: 1 | eta: 46.4m
step 00613/02205 (27.80%) [ns3_ftrl_eta0p1] | loss: 3.505884 | lrm: 1.00 | dt: 1755.17ms | tok/s: 298,709 | mfu: 34.10 | epoch: 1 | eta: 46.4m
step 00614/02205 (27.85%) [ns3_ftrl_eta0p1] | loss: 3.506492 | lrm: 1.00 | dt: 1768.99ms | tok/s: 296,376 | mfu: 33.83 | epoch: 1 | eta: 46.4m
step 00615/02205 (27.89%) [ns3_ftrl_eta0p1] | loss: 3.510665 | lrm: 1.00 | dt: 1771.30ms | tok/s: 295,990 | mfu: 33.79 | epoch: 1 | eta: 46.3m
step 00616/02205 (27.94%) [ns3_ftrl_eta0p1] | loss: 3.507879 | lrm: 1.00 | dt: 1768.36ms | tok/s: 296,482 | mfu: 33.84 | epoch: 1 | eta: 46.3m
step 00617/02205 (27.98%) [ns3_ftrl_eta0p1] | loss: 3.501178 | lrm: 1.00 | dt: 1760.50ms | tok/s: 297,806 | mfu: 33.99 | epoch: 1 | eta: 46.3m
step 00618/02205 (28.03%) [ns3_ftrl_eta0p1] | loss: 3.501341 | lrm: 1.00 | dt: 1758.92ms | tok/s: 298,074 | mfu: 34.03 | epoch: 1 | eta: 46.3m
step 00619/02205 (28.07%) [ns3_ftrl_eta0p1] | loss: 3.495370 | lrm: 1.00 | dt: 1764.77ms | tok/s: 297,085 | mfu: 33.91 | epoch: 1 | eta: 46.2m
step 00620/02205 (28.12%) [ns3_ftrl_eta0p1] | loss: 3.484551 | lrm: 1.00 | dt: 1761.80ms | tok/s: 297,586 | mfu: 33.97 | epoch: 1 | eta: 46.2m
step 00621/02205 (28.16%) [ns3_ftrl_eta0p1] | loss: 3.484168 | lrm: 1.00 | dt: 1758.88ms | tok/s: 298,080 | mfu: 34.03 | epoch: 1 | eta: 46.2m
step 00622/02205 (28.21%) [ns3_ftrl_eta0p1] | loss: 3.495980 | lrm: 1.00 | dt: 1771.82ms | tok/s: 295,903 | mfu: 33.78 | epoch: 1 | eta: 46.1m
step 00623/02205 (28.25%) [ns3_ftrl_eta0p1] | loss: 3.493196 | lrm: 1.00 | dt: 1755.48ms | tok/s: 298,657 | mfu: 34.09 | epoch: 1 | eta: 46.1m
step 00624/02205 (28.30%) [ns3_ftrl_eta0p1] | loss: 3.490775 | lrm: 1.00 | dt: 1767.91ms | tok/s: 296,557 | mfu: 33.85 | epoch: 1 | eta: 46.1m
step 00625/02205 (28.34%) [ns3_ftrl_eta0p1] | loss: 3.479375 | lrm: 1.00 | dt: 1760.06ms | tok/s: 297,881 | mfu: 34.00 | epoch: 1 | eta: 46.1m
step 00626/02205 (28.39%) [ns3_ftrl_eta0p1] | loss: 3.476409 | lrm: 1.00 | dt: 1769.23ms | tok/s: 296,337 | mfu: 33.83 | epoch: 1 | eta: 46.0m
step 00627/02205 (28.44%) [ns3_ftrl_eta0p1] | loss: 3.482689 | lrm: 1.00 | dt: 1752.71ms | tok/s: 299,129 | mfu: 34.15 | epoch: 1 | eta: 46.0m
step 00628/02205 (28.48%) [ns3_ftrl_eta0p1] | loss: 3.477133 | lrm: 1.00 | dt: 1772.40ms | tok/s: 295,806 | mfu: 33.77 | epoch: 1 | eta: 46.0m
step 00629/02205 (28.53%) [ns3_ftrl_eta0p1] | loss: 3.485863 | lrm: 1.00 | dt: 1766.11ms | tok/s: 296,859 | mfu: 33.89 | epoch: 1 | eta: 45.9m
step 00630/02205 (28.57%) [ns3_ftrl_eta0p1] | loss: 3.474550 | lrm: 1.00 | dt: 1759.60ms | tok/s: 297,957 | mfu: 34.01 | epoch: 1 | eta: 45.9m
step 00631/02205 (28.62%) [ns3_ftrl_eta0p1] | loss: 3.469032 | lrm: 1.00 | dt: 1770.54ms | tok/s: 296,116 | mfu: 33.80 | epoch: 1 | eta: 45.9m
step 00632/02205 (28.66%) [ns3_ftrl_eta0p1] | loss: 3.471253 | lrm: 1.00 | dt: 1762.03ms | tok/s: 297,547 | mfu: 33.97 | epoch: 1 | eta: 45.9m
step 00633/02205 (28.71%) [ns3_ftrl_eta0p1] | loss: 3.480124 | lrm: 1.00 | dt: 1766.70ms | tok/s: 296,760 | mfu: 33.88 | epoch: 1 | eta: 45.8m
step 00634/02205 (28.75%) [ns3_ftrl_eta0p1] | loss: 3.473317 | lrm: 1.00 | dt: 1772.66ms | tok/s: 295,762 | mfu: 33.76 | epoch: 1 | eta: 45.8m
step 00635/02205 (28.80%) [ns3_ftrl_eta0p1] | loss: 3.480931 | lrm: 1.00 | dt: 1774.09ms | tok/s: 295,524 | mfu: 33.73 | epoch: 1 | eta: 45.8m
step 00636/02205 (28.84%) [ns3_ftrl_eta0p1] | loss: 3.477738 | lrm: 1.00 | dt: 1776.03ms | tok/s: 295,201 | mfu: 33.70 | epoch: 1 | eta: 45.7m
step 00637/02205 (28.89%) [ns3_ftrl_eta0p1] | loss: 3.481465 | lrm: 1.00 | dt: 1772.14ms | tok/s: 295,849 | mfu: 33.77 | epoch: 1 | eta: 45.7m
step 00638/02205 (28.93%) [ns3_ftrl_eta0p1] | loss: 3.484216 | lrm: 1.00 | dt: 1765.34ms | tok/s: 296,990 | mfu: 33.90 | epoch: 1 | eta: 45.7m
step 00639/02205 (28.98%) [ns3_ftrl_eta0p1] | loss: 3.482385 | lrm: 1.00 | dt: 1772.43ms | tok/s: 295,801 | mfu: 33.77 | epoch: 1 | eta: 45.7m
step 00640/02205 (29.02%) [ns3_ftrl_eta0p1] | loss: 3.481996 | lrm: 1.00 | dt: 1774.30ms | tok/s: 295,490 | mfu: 33.73 | epoch: 1 | eta: 45.6m
step 00641/02205 (29.07%) [ns3_ftrl_eta0p1] | loss: 3.480159 | lrm: 1.00 | dt: 1767.13ms | tok/s: 296,688 | mfu: 33.87 | epoch: 1 | eta: 45.6m
step 00642/02205 (29.12%) [ns3_ftrl_eta0p1] | loss: 3.473181 | lrm: 1.00 | dt: 1773.68ms | tok/s: 295,593 | mfu: 33.74 | epoch: 1 | eta: 45.6m
step 00643/02205 (29.16%) [ns3_ftrl_eta0p1] | loss: 3.471061 | lrm: 1.00 | dt: 1770.51ms | tok/s: 296,121 | mfu: 33.80 | epoch: 1 | eta: 45.6m
step 00644/02205 (29.21%) [ns3_ftrl_eta0p1] | loss: 3.472150 | lrm: 1.00 | dt: 1770.66ms | tok/s: 296,097 | mfu: 33.80 | epoch: 1 | eta: 45.5m
step 00645/02205 (29.25%) [ns3_ftrl_eta0p1] | loss: 3.475078 | lrm: 1.00 | dt: 1774.93ms | tok/s: 295,384 | mfu: 33.72 | epoch: 1 | eta: 45.5m
step 00646/02205 (29.30%) [ns3_ftrl_eta0p1] | loss: 3.473850 | lrm: 1.00 | dt: 1775.87ms | tok/s: 295,228 | mfu: 33.70 | epoch: 1 | eta: 45.5m
step 00647/02205 (29.34%) [ns3_ftrl_eta0p1] | loss: 3.471796 | lrm: 1.00 | dt: 1770.02ms | tok/s: 296,203 | mfu: 33.81 | epoch: 1 | eta: 45.4m
step 00648/02205 (29.39%) [ns3_ftrl_eta0p1] | loss: 3.465690 | lrm: 1.00 | dt: 1777.40ms | tok/s: 294,974 | mfu: 33.67 | epoch: 1 | eta: 45.4m
step 00649/02205 (29.43%) [ns3_ftrl_eta0p1] | loss: 3.470741 | lrm: 1.00 | dt: 1768.62ms | tok/s: 296,439 | mfu: 33.84 | epoch: 1 | eta: 45.4m
step 00650/02205 (29.48%) [ns3_ftrl_eta0p1] | loss: 3.464888 | lrm: 1.00 | dt: 1770.28ms | tok/s: 296,160 | mfu: 33.81 | epoch: 1 | eta: 45.4m
step 00651/02205 (29.52%) [ns3_ftrl_eta0p1] | loss: 3.453671 | lrm: 1.00 | dt: 1775.01ms | tok/s: 295,371 | mfu: 33.72 | epoch: 1 | eta: 45.3m
step 00652/02205 (29.57%) [ns3_ftrl_eta0p1] | loss: 3.462880 | lrm: 1.00 | dt: 1772.62ms | tok/s: 295,770 | mfu: 33.76 | epoch: 1 | eta: 45.3m
step 00653/02205 (29.61%) [ns3_ftrl_eta0p1] | loss: 3.473365 | lrm: 1.00 | dt: 1771.68ms | tok/s: 295,927 | mfu: 33.78 | epoch: 1 | eta: 45.3m
step 00654/02205 (29.66%) [ns3_ftrl_eta0p1] | loss: 3.475543 | lrm: 1.00 | dt: 1769.74ms | tok/s: 296,250 | mfu: 33.82 | epoch: 1 | eta: 45.2m
step 00655/02205 (29.71%) [ns3_ftrl_eta0p1] | loss: 3.476863 | lrm: 1.00 | dt: 1773.11ms | tok/s: 295,688 | mfu: 33.75 | epoch: 1 | eta: 45.2m
step 00656/02205 (29.75%) [ns3_ftrl_eta0p1] | loss: 3.476585 | lrm: 1.00 | dt: 1775.65ms | tok/s: 295,265 | mfu: 33.70 | epoch: 1 | eta: 45.2m
step 00657/02205 (29.80%) [ns3_ftrl_eta0p1] | loss: 3.473315 | lrm: 1.00 | dt: 1772.74ms | tok/s: 295,749 | mfu: 33.76 | epoch: 1 | eta: 45.2m
step 00658/02205 (29.84%) [ns3_ftrl_eta0p1] | loss: 3.472137 | lrm: 1.00 | dt: 1770.81ms | tok/s: 296,073 | mfu: 33.80 | epoch: 1 | eta: 45.1m
step 00659/02205 (29.89%) [ns3_ftrl_eta0p1] | loss: 3.474961 | lrm: 1.00 | dt: 1774.11ms | tok/s: 295,520 | mfu: 33.73 | epoch: 1 | eta: 45.1m
step 00660/02205 (29.93%) [ns3_ftrl_eta0p1] | loss: 3.475562 | lrm: 1.00 | dt: 1769.76ms | tok/s: 296,248 | mfu: 33.82 | epoch: 1 | eta: 45.1m
step 00661/02205 (29.98%) [ns3_ftrl_eta0p1] | loss: 3.466687 | lrm: 1.00 | dt: 1769.88ms | tok/s: 296,228 | mfu: 33.81 | epoch: 1 | eta: 45.0m
step 00662/02205 (30.02%) [ns3_ftrl_eta0p1] | loss: 3.469234 | lrm: 1.00 | dt: 1773.03ms | tok/s: 295,702 | mfu: 33.75 | epoch: 1 | eta: 45.0m
step 00663/02205 (30.07%) [ns3_ftrl_eta0p1] | loss: 3.466926 | lrm: 1.00 | dt: 1772.68ms | tok/s: 295,759 | mfu: 33.76 | epoch: 1 | eta: 45.0m
step 00664/02205 (30.11%) [ns3_ftrl_eta0p1] | loss: 3.469499 | lrm: 1.00 | dt: 1764.90ms | tok/s: 297,064 | mfu: 33.91 | epoch: 1 | eta: 45.0m
step 00665/02205 (30.16%) [ns3_ftrl_eta0p1] | loss: 3.471408 | lrm: 1.00 | dt: 1772.64ms | tok/s: 295,767 | mfu: 33.76 | epoch: 1 | eta: 44.9m
step 00666/02205 (30.20%) [ns3_ftrl_eta0p1] | loss: 3.461515 | lrm: 1.00 | dt: 1776.34ms | tok/s: 295,150 | mfu: 33.69 | epoch: 1 | eta: 44.9m
step 00667/02205 (30.25%) [ns3_ftrl_eta0p1] | loss: 3.457249 | lrm: 1.00 | dt: 1771.32ms | tok/s: 295,986 | mfu: 33.79 | epoch: 1 | eta: 44.9m
step 00668/02205 (30.29%) [ns3_ftrl_eta0p1] | loss: 3.459946 | lrm: 1.00 | dt: 1774.11ms | tok/s: 295,521 | mfu: 33.73 | epoch: 1 | eta: 44.8m
step 00669/02205 (30.34%) [ns3_ftrl_eta0p1] | loss: 3.466639 | lrm: 1.00 | dt: 1757.46ms | tok/s: 298,321 | mfu: 34.05 | epoch: 1 | eta: 44.8m
step 00670/02205 (30.39%) [ns3_ftrl_eta0p1] | loss: 3.477462 | lrm: 1.00 | dt: 1774.60ms | tok/s: 295,439 | mfu: 33.72 | epoch: 1 | eta: 44.8m
step 00671/02205 (30.43%) [ns3_ftrl_eta0p1] | loss: 3.480799 | lrm: 1.00 | dt: 1776.02ms | tok/s: 295,204 | mfu: 33.70 | epoch: 1 | eta: 44.8m
step 00672/02205 (30.48%) [ns3_ftrl_eta0p1] | loss: 3.490479 | lrm: 1.00 | dt: 1770.47ms | tok/s: 296,129 | mfu: 33.80 | epoch: 1 | eta: 44.7m
step 00673/02205 (30.52%) [ns3_ftrl_eta0p1] | loss: 3.487081 | lrm: 1.00 | dt: 1773.88ms | tok/s: 295,559 | mfu: 33.74 | epoch: 1 | eta: 44.7m
step 00674/02205 (30.57%) [ns3_ftrl_eta0p1] | loss: 3.477201 | lrm: 1.00 | dt: 1766.84ms | tok/s: 296,737 | mfu: 33.87 | epoch: 1 | eta: 44.7m
step 00675/02205 (30.61%) [ns3_ftrl_eta0p1] | loss: 3.469936 | lrm: 1.00 | dt: 1768.41ms | tok/s: 296,474 | mfu: 33.84 | epoch: 1 | eta: 44.6m
step 00676/02205 (30.66%) [ns3_ftrl_eta0p1] | loss: 3.473742 | lrm: 1.00 | dt: 1778.72ms | tok/s: 294,755 | mfu: 33.65 | epoch: 1 | eta: 44.6m
step 00677/02205 (30.70%) [ns3_ftrl_eta0p1] | loss: 3.473863 | lrm: 1.00 | dt: 1775.22ms | tok/s: 295,336 | mfu: 33.71 | epoch: 1 | eta: 44.6m
step 00678/02205 (30.75%) [ns3_ftrl_eta0p1] | loss: 3.469341 | lrm: 1.00 | dt: 1773.50ms | tok/s: 295,622 | mfu: 33.75 | epoch: 1 | eta: 44.6m
step 00679/02205 (30.79%) [ns3_ftrl_eta0p1] | loss: 3.469186 | lrm: 1.00 | dt: 1768.50ms | tok/s: 296,458 | mfu: 33.84 | epoch: 1 | eta: 44.5m
step 00680/02205 (30.84%) [ns3_ftrl_eta0p1] | loss: 3.470321 | lrm: 1.00 | dt: 1771.51ms | tok/s: 295,955 | mfu: 33.78 | epoch: 1 | eta: 44.5m
step 00681/02205 (30.88%) [ns3_ftrl_eta0p1] | loss: 3.469681 | lrm: 1.00 | dt: 1772.81ms | tok/s: 295,738 | mfu: 33.76 | epoch: 1 | eta: 44.5m
step 00682/02205 (30.93%) [ns3_ftrl_eta0p1] | loss: 3.473028 | lrm: 1.00 | dt: 1777.23ms | tok/s: 295,003 | mfu: 33.67 | epoch: 1 | eta: 44.4m
step 00683/02205 (30.98%) [ns3_ftrl_eta0p1] | loss: 3.471286 | lrm: 1.00 | dt: 1771.00ms | tok/s: 296,040 | mfu: 33.79 | epoch: 1 | eta: 44.4m
step 00684/02205 (31.02%) [ns3_ftrl_eta0p1] | loss: 3.477855 | lrm: 1.00 | dt: 1771.16ms | tok/s: 296,014 | mfu: 33.79 | epoch: 1 | eta: 44.4m
step 00685/02205 (31.07%) [ns3_ftrl_eta0p1] | loss: 3.466301 | lrm: 1.00 | dt: 1766.91ms | tok/s: 296,726 | mfu: 33.87 | epoch: 1 | eta: 44.4m
step 00686/02205 (31.11%) [ns3_ftrl_eta0p1] | loss: 3.472166 | lrm: 1.00 | dt: 1778.61ms | tok/s: 294,774 | mfu: 33.65 | epoch: 1 | eta: 44.3m
step 00687/02205 (31.16%) [ns3_ftrl_eta0p1] | loss: 3.483666 | lrm: 1.00 | dt: 1774.14ms | tok/s: 295,516 | mfu: 33.73 | epoch: 1 | eta: 44.3m
step 00688/02205 (31.20%) [ns3_ftrl_eta0p1] | loss: 3.483628 | lrm: 1.00 | dt: 1773.21ms | tok/s: 295,671 | mfu: 33.75 | epoch: 1 | eta: 44.3m
step 00689/02205 (31.25%) [ns3_ftrl_eta0p1] | loss: 3.491300 | lrm: 1.00 | dt: 1766.06ms | tok/s: 296,869 | mfu: 33.89 | epoch: 1 | eta: 44.2m
step 00690/02205 (31.29%) [ns3_ftrl_eta0p1] | loss: 3.485352 | lrm: 1.00 | dt: 1775.43ms | tok/s: 295,302 | mfu: 33.71 | epoch: 1 | eta: 44.2m
step 00691/02205 (31.34%) [ns3_ftrl_eta0p1] | loss: 3.495317 | lrm: 1.00 | dt: 1783.39ms | tok/s: 293,984 | mfu: 33.56 | epoch: 1 | eta: 44.2m
step 00692/02205 (31.38%) [ns3_ftrl_eta0p1] | loss: 3.485267 | lrm: 1.00 | dt: 1783.33ms | tok/s: 293,993 | mfu: 33.56 | epoch: 1 | eta: 44.2m
step 00693/02205 (31.43%) [ns3_ftrl_eta0p1] | loss: 3.481318 | lrm: 1.00 | dt: 1775.05ms | tok/s: 295,364 | mfu: 33.72 | epoch: 1 | eta: 44.1m
step 00694/02205 (31.47%) [ns3_ftrl_eta0p1] | loss: 3.481298 | lrm: 1.00 | dt: 1772.58ms | tok/s: 295,776 | mfu: 33.76 | epoch: 1 | eta: 44.1m
step 00695/02205 (31.52%) [ns3_ftrl_eta0p1] | loss: 3.478926 | lrm: 1.00 | dt: 1769.20ms | tok/s: 296,341 | mfu: 33.83 | epoch: 1 | eta: 44.1m
step 00696/02205 (31.56%) [ns3_ftrl_eta0p1] | loss: 3.468798 | lrm: 1.00 | dt: 1771.55ms | tok/s: 295,949 | mfu: 33.78 | epoch: 1 | eta: 44.1m
step 00697/02205 (31.61%) [ns3_ftrl_eta0p1] | loss: 3.469922 | lrm: 1.00 | dt: 1772.95ms | tok/s: 295,714 | mfu: 33.76 | epoch: 1 | eta: 44.0m
step 00698/02205 (31.66%) [ns3_ftrl_eta0p1] | loss: 3.463699 | lrm: 1.00 | dt: 1772.44ms | tok/s: 295,799 | mfu: 33.77 | epoch: 1 | eta: 44.0m
step 00699/02205 (31.70%) [ns3_ftrl_eta0p1] | loss: 3.474419 | lrm: 1.00 | dt: 1776.04ms | tok/s: 295,201 | mfu: 33.70 | epoch: 1 | eta: 44.0m
step 00700/02205 (31.75%) [ns3_ftrl_eta0p1] | loss: 3.473309 | lrm: 1.00 | dt: 1768.72ms | tok/s: 296,421 | mfu: 33.84 | epoch: 1 | eta: 43.9m
step 00701/02205 (31.79%) [ns3_ftrl_eta0p1] | loss: 3.472384 | lrm: 1.00 | dt: 1776.78ms | tok/s: 295,078 | mfu: 33.68 | epoch: 1 | eta: 43.9m
step 00702/02205 (31.84%) [ns3_ftrl_eta0p1] | loss: 3.483887 | lrm: 1.00 | dt: 1768.37ms | tok/s: 296,481 | mfu: 33.84 | epoch: 1 | eta: 43.9m
step 00703/02205 (31.88%) [ns3_ftrl_eta0p1] | loss: 3.490288 | lrm: 1.00 | dt: 1775.87ms | tok/s: 295,228 | mfu: 33.70 | epoch: 1 | eta: 43.9m
step 00704/02205 (31.93%) [ns3_ftrl_eta0p1] | loss: 3.488726 | lrm: 1.00 | dt: 1772.90ms | tok/s: 295,724 | mfu: 33.76 | epoch: 1 | eta: 43.8m
step 00705/02205 (31.97%) [ns3_ftrl_eta0p1] | loss: 3.491451 | lrm: 1.00 | dt: 1769.40ms | tok/s: 296,308 | mfu: 33.82 | epoch: 1 | eta: 43.8m
step 00706/02205 (32.02%) [ns3_ftrl_eta0p1] | loss: 3.498722 | lrm: 1.00 | dt: 1767.49ms | tok/s: 296,628 | mfu: 33.86 | epoch: 1 | eta: 43.8m
step 00707/02205 (32.06%) [ns3_ftrl_eta0p1] | loss: 3.499148 | lrm: 1.00 | dt: 1781.71ms | tok/s: 294,261 | mfu: 33.59 | epoch: 1 | eta: 43.7m
step 00708/02205 (32.11%) [ns3_ftrl_eta0p1] | loss: 3.493396 | lrm: 1.00 | dt: 1771.41ms | tok/s: 295,972 | mfu: 33.79 | epoch: 1 | eta: 43.7m
step 00709/02205 (32.15%) [ns3_ftrl_eta0p1] | loss: 3.492529 | lrm: 1.00 | dt: 1769.51ms | tok/s: 296,290 | mfu: 33.82 | epoch: 1 | eta: 43.7m
step 00710/02205 (32.20%) [ns3_ftrl_eta0p1] | loss: 3.489714 | lrm: 1.00 | dt: 1767.14ms | tok/s: 296,686 | mfu: 33.87 | epoch: 1 | eta: 43.7m
step 00711/02205 (32.24%) [ns3_ftrl_eta0p1] | loss: 3.495313 | lrm: 1.00 | dt: 1773.72ms | tok/s: 295,585 | mfu: 33.74 | epoch: 1 | eta: 43.6m
step 00712/02205 (32.29%) [ns3_ftrl_eta0p1] | loss: 3.499623 | lrm: 1.00 | dt: 1771.83ms | tok/s: 295,902 | mfu: 33.78 | epoch: 1 | eta: 43.6m
step 00713/02205 (32.34%) [ns3_ftrl_eta0p1] | loss: 3.496360 | lrm: 1.00 | dt: 1777.97ms | tok/s: 294,879 | mfu: 33.66 | epoch: 1 | eta: 43.6m
step 00714/02205 (32.38%) [ns3_ftrl_eta0p1] | loss: 3.484311 | lrm: 1.00 | dt: 1774.73ms | tok/s: 295,418 | mfu: 33.72 | epoch: 1 | eta: 43.5m
step 00715/02205 (32.43%) [ns3_ftrl_eta0p1] | loss: 3.478447 | lrm: 1.00 | dt: 1783.47ms | tok/s: 293,970 | mfu: 33.56 | epoch: 1 | eta: 43.5m
step 00716/02205 (32.47%) [ns3_ftrl_eta0p1] | loss: 3.480050 | lrm: 1.00 | dt: 1777.80ms | tok/s: 294,908 | mfu: 33.66 | epoch: 1 | eta: 43.5m
step 00717/02205 (32.52%) [ns3_ftrl_eta0p1] | loss: 3.466353 | lrm: 1.00 | dt: 1771.51ms | tok/s: 295,956 | mfu: 33.78 | epoch: 1 | eta: 43.5m
step 00718/02205 (32.56%) [ns3_ftrl_eta0p1] | loss: 3.455869 | lrm: 1.00 | dt: 1775.32ms | tok/s: 295,319 | mfu: 33.71 | epoch: 1 | eta: 43.4m
step 00719/02205 (32.61%) [ns3_ftrl_eta0p1] | loss: 3.459191 | lrm: 1.00 | dt: 1774.18ms | tok/s: 295,510 | mfu: 33.73 | epoch: 1 | eta: 43.4m
step 00720/02205 (32.65%) [ns3_ftrl_eta0p1] | loss: 3.449834 | lrm: 1.00 | dt: 1772.85ms | tok/s: 295,732 | mfu: 33.76 | epoch: 1 | eta: 43.4m
step 00721/02205 (32.70%) [ns3_ftrl_eta0p1] | loss: 3.449148 | lrm: 1.00 | dt: 1769.49ms | tok/s: 296,293 | mfu: 33.82 | epoch: 1 | eta: 43.3m
step 00722/02205 (32.74%) [ns3_ftrl_eta0p1] | loss: 3.445353 | lrm: 1.00 | dt: 1768.16ms | tok/s: 296,516 | mfu: 33.85 | epoch: 1 | eta: 43.3m
step 00723/02205 (32.79%) [ns3_ftrl_eta0p1] | loss: 3.448533 | lrm: 1.00 | dt: 1776.48ms | tok/s: 295,126 | mfu: 33.69 | epoch: 1 | eta: 43.3m
step 00724/02205 (32.83%) [ns3_ftrl_eta0p1] | loss: 3.439367 | lrm: 1.00 | dt: 1775.87ms | tok/s: 295,228 | mfu: 33.70 | epoch: 1 | eta: 43.3m
step 00725/02205 (32.88%) [ns3_ftrl_eta0p1] | loss: 3.441872 | lrm: 1.00 | dt: 1774.77ms | tok/s: 295,411 | mfu: 33.72 | epoch: 1 | eta: 43.2m
step 00726/02205 (32.93%) [ns3_ftrl_eta0p1] | loss: 3.430808 | lrm: 1.00 | dt: 1766.85ms | tok/s: 296,735 | mfu: 33.87 | epoch: 1 | eta: 43.2m
step 00727/02205 (32.97%) [ns3_ftrl_eta0p1] | loss: 3.440476 | lrm: 1.00 | dt: 1772.88ms | tok/s: 295,727 | mfu: 33.76 | epoch: 1 | eta: 43.2m
step 00728/02205 (33.02%) [ns3_ftrl_eta0p1] | loss: 3.437985 | lrm: 1.00 | dt: 1781.53ms | tok/s: 294,290 | mfu: 33.59 | epoch: 1 | eta: 43.1m
step 00729/02205 (33.06%) [ns3_ftrl_eta0p1] | loss: 3.430811 | lrm: 1.00 | dt: 1785.01ms | tok/s: 293,717 | mfu: 33.53 | epoch: 1 | eta: 43.1m
step 00730/02205 (33.11%) [ns3_ftrl_eta0p1] | loss: 3.436165 | lrm: 1.00 | dt: 1773.60ms | tok/s: 295,607 | mfu: 33.74 | epoch: 1 | eta: 43.1m
step 00731/02205 (33.15%) [ns3_ftrl_eta0p1] | loss: 3.437062 | lrm: 1.00 | dt: 1771.31ms | tok/s: 295,989 | mfu: 33.79 | epoch: 1 | eta: 43.1m
step 00732/02205 (33.20%) [ns3_ftrl_eta0p1] | loss: 3.437704 | lrm: 1.00 | dt: 1770.85ms | tok/s: 296,066 | mfu: 33.80 | epoch: 1 | eta: 43.0m
step 00733/02205 (33.24%) [ns3_ftrl_eta0p1] | loss: 3.444818 | lrm: 1.00 | dt: 1783.73ms | tok/s: 293,927 | mfu: 33.55 | epoch: 1 | eta: 43.0m
step 00734/02205 (33.29%) [ns3_ftrl_eta0p1] | loss: 3.453041 | lrm: 1.00 | dt: 1776.45ms | tok/s: 295,132 | mfu: 33.69 | epoch: 1 | eta: 43.0m
step 00735/02205 (33.33%) [ns3_ftrl_eta0p1] | loss: 3.452668 | lrm: 1.00 | dt: 1776.18ms | tok/s: 295,177 | mfu: 33.69 | epoch: 1 | eta: 42.9m
step 00736/02205 (33.38%) [ns3_ftrl_eta0p1] | loss: 3.441580 | lrm: 1.00 | dt: 1775.83ms | tok/s: 295,235 | mfu: 33.70 | epoch: 1 | eta: 42.9m
step 00737/02205 (33.42%) [ns3_ftrl_eta0p1] | loss: 3.442357 | lrm: 1.00 | dt: 1788.05ms | tok/s: 293,218 | mfu: 33.47 | epoch: 1 | eta: 42.9m
step 00738/02205 (33.47%) [ns3_ftrl_eta0p1] | loss: 3.442968 | lrm: 1.00 | dt: 1776.84ms | tok/s: 295,068 | mfu: 33.68 | epoch: 1 | eta: 42.9m
step 00739/02205 (33.51%) [ns3_ftrl_eta0p1] | loss: 3.443358 | lrm: 1.00 | dt: 1769.98ms | tok/s: 296,210 | mfu: 33.81 | epoch: 1 | eta: 42.8m
step 00740/02205 (33.56%) [ns3_ftrl_eta0p1] | loss: 3.436393 | lrm: 1.00 | dt: 1770.12ms | tok/s: 296,187 | mfu: 33.81 | epoch: 1 | eta: 42.8m
step 00741/02205 (33.61%) [ns3_ftrl_eta0p1] | loss: 3.440377 | lrm: 1.00 | dt: 1774.46ms | tok/s: 295,462 | mfu: 33.73 | epoch: 1 | eta: 42.8m
step 00742/02205 (33.65%) [ns3_ftrl_eta0p1] | loss: 3.437400 | lrm: 1.00 | dt: 1773.98ms | tok/s: 295,542 | mfu: 33.74 | epoch: 1 | eta: 42.7m
step 00743/02205 (33.70%) [ns3_ftrl_eta0p1] | loss: 3.437227 | lrm: 1.00 | dt: 1769.71ms | tok/s: 296,257 | mfu: 33.82 | epoch: 1 | eta: 42.7m
step 00744/02205 (33.74%) [ns3_ftrl_eta0p1] | loss: 3.442045 | lrm: 1.00 | dt: 1765.73ms | tok/s: 296,923 | mfu: 33.89 | epoch: 1 | eta: 42.7m
step 00745/02205 (33.79%) [ns3_ftrl_eta0p1] | loss: 3.447471 | lrm: 1.00 | dt: 1772.82ms | tok/s: 295,736 | mfu: 33.76 | epoch: 1 | eta: 42.7m
step 00746/02205 (33.83%) [ns3_ftrl_eta0p1] | loss: 3.447257 | lrm: 1.00 | dt: 1775.82ms | tok/s: 295,237 | mfu: 33.70 | epoch: 1 | eta: 42.6m
step 00747/02205 (33.88%) [ns3_ftrl_eta0p1] | loss: 3.453785 | lrm: 1.00 | dt: 1771.60ms | tok/s: 295,940 | mfu: 33.78 | epoch: 1 | eta: 42.6m
step 00748/02205 (33.92%) [ns3_ftrl_eta0p1] | loss: 3.446259 | lrm: 1.00 | dt: 1775.33ms | tok/s: 295,318 | mfu: 33.71 | epoch: 1 | eta: 42.6m
step 00749/02205 (33.97%) [ns3_ftrl_eta0p1] | loss: 3.440004 | lrm: 1.00 | dt: 1767.57ms | tok/s: 296,614 | mfu: 33.86 | epoch: 1 | eta: 42.5m
Step 00750 | val bpb: 1.010545
step 00750/02205 (34.01%) [ns3_ftrl_eta0p1] | loss: 3.440557 | lrm: 1.00 | dt: 1714.20ms | tok/s: 305,849 | mfu: 34.91 | epoch: 1 | eta: 42.5m
step 00751/02205 (34.06%) [ns3_ftrl_eta0p1] | loss: 3.450501 | lrm: 1.00 | dt: 1746.67ms | tok/s: 300,165 | mfu: 34.26 | epoch: 1 | eta: 42.5m
step 00752/02205 (34.10%) [ns3_ftrl_eta0p1] | loss: 3.441872 | lrm: 1.00 | dt: 1741.43ms | tok/s: 301,067 | mfu: 34.37 | epoch: 1 | eta: 42.5m
step 00753/02205 (34.15%) [ns3_ftrl_eta0p1] | loss: 3.458464 | lrm: 1.00 | dt: 1737.00ms | tok/s: 301,834 | mfu: 34.45 | epoch: 1 | eta: 42.4m
step 00754/02205 (34.20%) [ns3_ftrl_eta0p1] | loss: 3.457284 | lrm: 1.00 | dt: 1742.54ms | tok/s: 300,876 | mfu: 34.35 | epoch: 1 | eta: 42.4m
step 00755/02205 (34.24%) [ns3_ftrl_eta0p1] | loss: 3.457718 | lrm: 1.00 | dt: 1750.16ms | tok/s: 299,565 | mfu: 34.20 | epoch: 1 | eta: 42.4m
step 00756/02205 (34.29%) [ns3_ftrl_eta0p1] | loss: 3.448124 | lrm: 1.00 | dt: 1736.65ms | tok/s: 301,895 | mfu: 34.46 | epoch: 1 | eta: 42.3m
step 00757/02205 (34.33%) [ns3_ftrl_eta0p1] | loss: 3.440565 | lrm: 1.00 | dt: 1749.69ms | tok/s: 299,646 | mfu: 34.21 | epoch: 1 | eta: 42.3m
step 00758/02205 (34.38%) [ns3_ftrl_eta0p1] | loss: 3.443579 | lrm: 1.00 | dt: 1751.94ms | tok/s: 299,261 | mfu: 34.16 | epoch: 1 | eta: 42.3m
step 00759/02205 (34.42%) [ns3_ftrl_eta0p1] | loss: 3.445358 | lrm: 1.00 | dt: 1755.42ms | tok/s: 298,668 | mfu: 34.09 | epoch: 1 | eta: 42.2m
step 00760/02205 (34.47%) [ns3_ftrl_eta0p1] | loss: 3.451260 | lrm: 1.00 | dt: 1742.66ms | tok/s: 300,854 | mfu: 34.34 | epoch: 1 | eta: 42.2m
step 00761/02205 (34.51%) [ns3_ftrl_eta0p1] | loss: 3.453185 | lrm: 1.00 | dt: 1750.81ms | tok/s: 299,454 | mfu: 34.18 | epoch: 1 | eta: 42.2m
step 00762/02205 (34.56%) [ns3_ftrl_eta0p1] | loss: 3.446199 | lrm: 1.00 | dt: 1745.92ms | tok/s: 300,292 | mfu: 34.28 | epoch: 1 | eta: 42.2m
step 00763/02205 (34.60%) [ns3_ftrl_eta0p1] | loss: 3.437407 | lrm: 1.00 | dt: 1759.94ms | tok/s: 297,900 | mfu: 34.01 | epoch: 1 | eta: 42.1m
step 00764/02205 (34.65%) [ns3_ftrl_eta0p1] | loss: 3.440415 | lrm: 1.00 | dt: 1750.49ms | tok/s: 299,508 | mfu: 34.19 | epoch: 1 | eta: 42.1m
step 00765/02205 (34.69%) [ns3_ftrl_eta0p1] | loss: 3.428673 | lrm: 1.00 | dt: 1757.54ms | tok/s: 298,307 | mfu: 34.05 | epoch: 1 | eta: 42.1m
step 00766/02205 (34.74%) [ns3_ftrl_eta0p1] | loss: 3.426061 | lrm: 1.00 | dt: 1755.91ms | tok/s: 298,585 | mfu: 34.08 | epoch: 1 | eta: 42.0m
step 00767/02205 (34.78%) [ns3_ftrl_eta0p1] | loss: 3.430128 | lrm: 1.00 | dt: 1753.57ms | tok/s: 298,982 | mfu: 34.13 | epoch: 1 | eta: 42.0m
step 00768/02205 (34.83%) [ns3_ftrl_eta0p1] | loss: 3.429174 | lrm: 1.00 | dt: 1753.85ms | tok/s: 298,936 | mfu: 34.12 | epoch: 1 | eta: 42.0m
step 00769/02205 (34.88%) [ns3_ftrl_eta0p1] | loss: 3.431531 | lrm: 1.00 | dt: 1751.59ms | tok/s: 299,320 | mfu: 34.17 | epoch: 1 | eta: 42.0m
step 00770/02205 (34.92%) [ns3_ftrl_eta0p1] | loss: 3.437697 | lrm: 1.00 | dt: 1758.52ms | tok/s: 298,140 | mfu: 34.03 | epoch: 1 | eta: 41.9m
step 00771/02205 (34.97%) [ns3_ftrl_eta0p1] | loss: 3.436193 | lrm: 1.00 | dt: 1767.99ms | tok/s: 296,544 | mfu: 33.85 | epoch: 1 | eta: 41.9m
step 00772/02205 (35.01%) [ns3_ftrl_eta0p1] | loss: 3.422827 | lrm: 1.00 | dt: 1758.88ms | tok/s: 298,081 | mfu: 34.03 | epoch: 1 | eta: 41.9m
step 00773/02205 (35.06%) [ns3_ftrl_eta0p1] | loss: 3.431513 | lrm: 1.00 | dt: 1761.42ms | tok/s: 297,650 | mfu: 33.98 | epoch: 1 | eta: 41.8m
step 00774/02205 (35.10%) [ns3_ftrl_eta0p1] | loss: 3.437468 | lrm: 1.00 | dt: 1756.02ms | tok/s: 298,565 | mfu: 34.08 | epoch: 1 | eta: 41.8m
step 00775/02205 (35.15%) [ns3_ftrl_eta0p1] | loss: 3.438764 | lrm: 1.00 | dt: 1766.09ms | tok/s: 296,863 | mfu: 33.89 | epoch: 1 | eta: 41.8m
step 00776/02205 (35.19%) [ns3_ftrl_eta0p1] | loss: 3.432998 | lrm: 1.00 | dt: 1757.84ms | tok/s: 298,256 | mfu: 34.05 | epoch: 1 | eta: 41.8m
step 00777/02205 (35.24%) [ns3_ftrl_eta0p1] | loss: 3.420987 | lrm: 1.00 | dt: 1764.76ms | tok/s: 297,086 | mfu: 33.91 | epoch: 1 | eta: 41.7m
step 00778/02205 (35.28%) [ns3_ftrl_eta0p1] | loss: 3.427384 | lrm: 1.00 | dt: 1758.31ms | tok/s: 298,177 | mfu: 34.04 | epoch: 1 | eta: 41.7m
step 00779/02205 (35.33%) [ns3_ftrl_eta0p1] | loss: 3.433262 | lrm: 1.00 | dt: 1755.73ms | tok/s: 298,615 | mfu: 34.09 | epoch: 1 | eta: 41.7m
step 00780/02205 (35.37%) [ns3_ftrl_eta0p1] | loss: 3.432463 | lrm: 1.00 | dt: 1771.07ms | tok/s: 296,028 | mfu: 33.79 | epoch: 1 | eta: 41.6m
step 00781/02205 (35.42%) [ns3_ftrl_eta0p1] | loss: 3.428892 | lrm: 1.00 | dt: 1776.34ms | tok/s: 295,150 | mfu: 33.69 | epoch: 1 | eta: 41.6m
step 00782/02205 (35.46%) [ns3_ftrl_eta0p1] | loss: 3.427945 | lrm: 1.00 | dt: 1767.46ms | tok/s: 296,633 | mfu: 33.86 | epoch: 1 | eta: 41.6m
step 00783/02205 (35.51%) [ns3_ftrl_eta0p1] | loss: 3.418335 | lrm: 1.00 | dt: 1755.18ms | tok/s: 298,709 | mfu: 34.10 | epoch: 1 | eta: 41.5m
step 00784/02205 (35.56%) [ns3_ftrl_eta0p1] | loss: 3.425492 | lrm: 1.00 | dt: 1770.70ms | tok/s: 296,090 | mfu: 33.80 | epoch: 1 | eta: 41.5m
step 00785/02205 (35.60%) [ns3_ftrl_eta0p1] | loss: 3.426910 | lrm: 1.00 | dt: 1774.22ms | tok/s: 295,503 | mfu: 33.73 | epoch: 1 | eta: 41.5m
step 00786/02205 (35.65%) [ns3_ftrl_eta0p1] | loss: 3.423254 | lrm: 1.00 | dt: 1768.98ms | tok/s: 296,379 | mfu: 33.83 | epoch: 1 | eta: 41.5m
step 00787/02205 (35.69%) [ns3_ftrl_eta0p1] | loss: 3.425556 | lrm: 1.00 | dt: 1754.42ms | tok/s: 298,838 | mfu: 34.11 | epoch: 1 | eta: 41.4m
step 00788/02205 (35.74%) [ns3_ftrl_eta0p1] | loss: 3.432915 | lrm: 1.00 | dt: 1770.36ms | tok/s: 296,148 | mfu: 33.81 | epoch: 1 | eta: 41.4m
step 00789/02205 (35.78%) [ns3_ftrl_eta0p1] | loss: 3.427297 | lrm: 1.00 | dt: 1766.15ms | tok/s: 296,853 | mfu: 33.89 | epoch: 1 | eta: 41.4m
step 00790/02205 (35.83%) [ns3_ftrl_eta0p1] | loss: 3.431513 | lrm: 1.00 | dt: 1760.33ms | tok/s: 297,835 | mfu: 34.00 | epoch: 1 | eta: 41.3m
step 00791/02205 (35.87%) [ns3_ftrl_eta0p1] | loss: 3.432964 | lrm: 1.00 | dt: 1769.63ms | tok/s: 296,269 | mfu: 33.82 | epoch: 1 | eta: 41.3m
step 00792/02205 (35.92%) [ns3_ftrl_eta0p1] | loss: 3.440195 | lrm: 1.00 | dt: 1771.54ms | tok/s: 295,950 | mfu: 33.78 | epoch: 1 | eta: 41.3m
step 00793/02205 (35.96%) [ns3_ftrl_eta0p1] | loss: 3.436903 | lrm: 1.00 | dt: 1774.02ms | tok/s: 295,535 | mfu: 33.74 | epoch: 1 | eta: 41.3m
step 00794/02205 (36.01%) [ns3_ftrl_eta0p1] | loss: 3.432312 | lrm: 1.00 | dt: 1772.45ms | tok/s: 295,798 | mfu: 33.77 | epoch: 1 | eta: 41.2m
step 00795/02205 (36.05%) [ns3_ftrl_eta0p1] | loss: 3.432835 | lrm: 1.00 | dt: 1770.91ms | tok/s: 296,055 | mfu: 33.80 | epoch: 1 | eta: 41.2m
step 00796/02205 (36.10%) [ns3_ftrl_eta0p1] | loss: 3.428050 | lrm: 1.00 | dt: 1771.92ms | tok/s: 295,886 | mfu: 33.78 | epoch: 1 | eta: 41.2m
step 00797/02205 (36.15%) [ns3_ftrl_eta0p1] | loss: 3.421262 | lrm: 1.00 | dt: 1774.86ms | tok/s: 295,397 | mfu: 33.72 | epoch: 1 | eta: 41.1m
step 00798/02205 (36.19%) [ns3_ftrl_eta0p1] | loss: 3.423078 | lrm: 1.00 | dt: 1772.81ms | tok/s: 295,738 | mfu: 33.76 | epoch: 1 | eta: 41.1m
step 00799/02205 (36.24%) [ns3_ftrl_eta0p1] | loss: 3.438289 | lrm: 1.00 | dt: 1773.03ms | tok/s: 295,701 | mfu: 33.75 | epoch: 1 | eta: 41.1m
step 00800/02205 (36.28%) [ns3_ftrl_eta0p1] | loss: 3.439388 | lrm: 1.00 | dt: 1770.76ms | tok/s: 296,080 | mfu: 33.80 | epoch: 1 | eta: 41.1m
step 00801/02205 (36.33%) [ns3_ftrl_eta0p1] | loss: 3.435333 | lrm: 1.00 | dt: 1771.99ms | tok/s: 295,875 | mfu: 33.77 | epoch: 1 | eta: 41.0m
step 00802/02205 (36.37%) [ns3_ftrl_eta0p1] | loss: 3.429350 | lrm: 1.00 | dt: 1774.20ms | tok/s: 295,507 | mfu: 33.73 | epoch: 1 | eta: 41.0m
step 00803/02205 (36.42%) [ns3_ftrl_eta0p1] | loss: 3.426553 | lrm: 1.00 | dt: 1773.24ms | tok/s: 295,666 | mfu: 33.75 | epoch: 1 | eta: 41.0m
step 00804/02205 (36.46%) [ns3_ftrl_eta0p1] | loss: 3.425610 | lrm: 1.00 | dt: 1775.61ms | tok/s: 295,271 | mfu: 33.71 | epoch: 1 | eta: 40.9m
step 00805/02205 (36.51%) [ns3_ftrl_eta0p1] | loss: 3.431709 | lrm: 1.00 | dt: 1770.13ms | tok/s: 296,186 | mfu: 33.81 | epoch: 1 | eta: 40.9m
step 00806/02205 (36.55%) [ns3_ftrl_eta0p1] | loss: 3.424551 | lrm: 1.00 | dt: 1772.37ms | tok/s: 295,811 | mfu: 33.77 | epoch: 1 | eta: 40.9m
step 00807/02205 (36.60%) [ns3_ftrl_eta0p1] | loss: 3.419074 | lrm: 1.00 | dt: 1775.92ms | tok/s: 295,220 | mfu: 33.70 | epoch: 1 | eta: 40.9m
step 00808/02205 (36.64%) [ns3_ftrl_eta0p1] | loss: 3.426908 | lrm: 1.00 | dt: 1772.08ms | tok/s: 295,859 | mfu: 33.77 | epoch: 1 | eta: 40.8m
step 00809/02205 (36.69%) [ns3_ftrl_eta0p1] | loss: 3.419043 | lrm: 1.00 | dt: 1771.25ms | tok/s: 295,998 | mfu: 33.79 | epoch: 1 | eta: 40.8m
step 00810/02205 (36.73%) [ns3_ftrl_eta0p1] | loss: 3.422624 | lrm: 1.00 | dt: 1774.02ms | tok/s: 295,535 | mfu: 33.74 | epoch: 1 | eta: 40.8m
step 00811/02205 (36.78%) [ns3_ftrl_eta0p1] | loss: 3.425009 | lrm: 1.00 | dt: 1770.20ms | tok/s: 296,173 | mfu: 33.81 | epoch: 1 | eta: 40.7m
step 00812/02205 (36.83%) [ns3_ftrl_eta0p1] | loss: 3.421435 | lrm: 1.00 | dt: 1773.44ms | tok/s: 295,632 | mfu: 33.75 | epoch: 1 | eta: 40.7m
step 00813/02205 (36.87%) [ns3_ftrl_eta0p1] | loss: 3.425586 | lrm: 1.00 | dt: 1772.32ms | tok/s: 295,820 | mfu: 33.77 | epoch: 1 | eta: 40.7m
step 00814/02205 (36.92%) [ns3_ftrl_eta0p1] | loss: 3.430617 | lrm: 1.00 | dt: 1771.16ms | tok/s: 296,013 | mfu: 33.79 | epoch: 1 | eta: 40.7m
step 00815/02205 (36.96%) [ns3_ftrl_eta0p1] | loss: 3.429104 | lrm: 1.00 | dt: 1774.68ms | tok/s: 295,426 | mfu: 33.72 | epoch: 1 | eta: 40.6m
step 00816/02205 (37.01%) [ns3_ftrl_eta0p1] | loss: 3.429577 | lrm: 1.00 | dt: 1769.73ms | tok/s: 296,252 | mfu: 33.82 | epoch: 1 | eta: 40.6m
step 00817/02205 (37.05%) [ns3_ftrl_eta0p1] | loss: 3.423360 | lrm: 1.00 | dt: 1773.32ms | tok/s: 295,652 | mfu: 33.75 | epoch: 1 | eta: 40.6m
step 00818/02205 (37.10%) [ns3_ftrl_eta0p1] | loss: 3.418281 | lrm: 1.00 | dt: 1772.27ms | tok/s: 295,829 | mfu: 33.77 | epoch: 1 | eta: 40.5m
step 00819/02205 (37.14%) [ns3_ftrl_eta0p1] | loss: 3.423024 | lrm: 1.00 | dt: 1772.10ms | tok/s: 295,857 | mfu: 33.77 | epoch: 1 | eta: 40.5m
step 00820/02205 (37.19%) [ns3_ftrl_eta0p1] | loss: 3.423280 | lrm: 1.00 | dt: 1755.89ms | tok/s: 298,588 | mfu: 34.08 | epoch: 1 | eta: 40.5m
step 00821/02205 (37.23%) [ns3_ftrl_eta0p1] | loss: 3.421076 | lrm: 1.00 | dt: 1773.32ms | tok/s: 295,652 | mfu: 33.75 | epoch: 1 | eta: 40.5m
step 00822/02205 (37.28%) [ns3_ftrl_eta0p1] | loss: 3.415801 | lrm: 1.00 | dt: 1767.96ms | tok/s: 296,549 | mfu: 33.85 | epoch: 1 | eta: 40.4m
step 00823/02205 (37.32%) [ns3_ftrl_eta0p1] | loss: 3.423621 | lrm: 1.00 | dt: 1772.21ms | tok/s: 295,837 | mfu: 33.77 | epoch: 1 | eta: 40.4m
step 00824/02205 (37.37%) [ns3_ftrl_eta0p1] | loss: 3.428746 | lrm: 1.00 | dt: 1768.50ms | tok/s: 296,459 | mfu: 33.84 | epoch: 1 | eta: 40.4m
step 00825/02205 (37.41%) [ns3_ftrl_eta0p1] | loss: 3.421743 | lrm: 1.00 | dt: 1770.42ms | tok/s: 296,138 | mfu: 33.80 | epoch: 1 | eta: 40.3m
step 00826/02205 (37.46%) [ns3_ftrl_eta0p1] | loss: 3.424014 | lrm: 1.00 | dt: 1760.32ms | tok/s: 297,836 | mfu: 34.00 | epoch: 1 | eta: 40.3m
step 00827/02205 (37.51%) [ns3_ftrl_eta0p1] | loss: 3.422243 | lrm: 1.00 | dt: 1768.07ms | tok/s: 296,530 | mfu: 33.85 | epoch: 1 | eta: 40.3m
step 00828/02205 (37.55%) [ns3_ftrl_eta0p1] | loss: 3.420034 | lrm: 1.00 | dt: 1758.71ms | tok/s: 298,109 | mfu: 34.03 | epoch: 1 | eta: 40.3m
step 00829/02205 (37.60%) [ns3_ftrl_eta0p1] | loss: 3.421239 | lrm: 1.00 | dt: 1771.15ms | tok/s: 296,014 | mfu: 33.79 | epoch: 1 | eta: 40.2m
step 00830/02205 (37.64%) [ns3_ftrl_eta0p1] | loss: 3.428621 | lrm: 1.00 | dt: 1767.94ms | tok/s: 296,553 | mfu: 33.85 | epoch: 1 | eta: 40.2m
step 00831/02205 (37.69%) [ns3_ftrl_eta0p1] | loss: 3.431712 | lrm: 1.00 | dt: 1772.24ms | tok/s: 295,834 | mfu: 33.77 | epoch: 1 | eta: 40.2m
step 00832/02205 (37.73%) [ns3_ftrl_eta0p1] | loss: 3.434364 | lrm: 1.00 | dt: 1766.15ms | tok/s: 296,852 | mfu: 33.89 | epoch: 1 | eta: 40.1m
step 00833/02205 (37.78%) [ns3_ftrl_eta0p1] | loss: 3.432828 | lrm: 1.00 | dt: 1761.26ms | tok/s: 297,677 | mfu: 33.98 | epoch: 1 | eta: 40.1m
step 00834/02205 (37.82%) [ns3_ftrl_eta0p1] | loss: 3.434092 | lrm: 1.00 | dt: 1773.78ms | tok/s: 295,576 | mfu: 33.74 | epoch: 1 | eta: 40.1m
step 00835/02205 (37.87%) [ns3_ftrl_eta0p1] | loss: 3.432346 | lrm: 1.00 | dt: 1769.48ms | tok/s: 296,295 | mfu: 33.82 | epoch: 1 | eta: 40.1m
step 00836/02205 (37.91%) [ns3_ftrl_eta0p1] | loss: 3.420453 | lrm: 1.00 | dt: 1768.93ms | tok/s: 296,386 | mfu: 33.83 | epoch: 1 | eta: 40.0m
step 00837/02205 (37.96%) [ns3_ftrl_eta0p1] | loss: 3.420974 | lrm: 1.00 | dt: 1759.32ms | tok/s: 298,006 | mfu: 34.02 | epoch: 1 | eta: 40.0m
step 00838/02205 (38.00%) [ns3_ftrl_eta0p1] | loss: 3.418442 | lrm: 1.00 | dt: 1772.91ms | tok/s: 295,722 | mfu: 33.76 | epoch: 1 | eta: 40.0m
step 00839/02205 (38.05%) [ns3_ftrl_eta0p1] | loss: 3.408985 | lrm: 1.00 | dt: 1768.09ms | tok/s: 296,527 | mfu: 33.85 | epoch: 1 | eta: 39.9m
step 00840/02205 (38.10%) [ns3_ftrl_eta0p1] | loss: 3.413649 | lrm: 1.00 | dt: 1770.35ms | tok/s: 296,149 | mfu: 33.81 | epoch: 1 | eta: 39.9m
step 00841/02205 (38.14%) [ns3_ftrl_eta0p1] | loss: 3.409118 | lrm: 1.00 | dt: 1766.61ms | tok/s: 296,776 | mfu: 33.88 | epoch: 1 | eta: 39.9m
step 00842/02205 (38.19%) [ns3_ftrl_eta0p1] | loss: 3.405625 | lrm: 1.00 | dt: 1763.02ms | tok/s: 297,380 | mfu: 33.95 | epoch: 1 | eta: 39.9m
step 00843/02205 (38.23%) [ns3_ftrl_eta0p1] | loss: 3.416953 | lrm: 1.00 | dt: 1767.78ms | tok/s: 296,579 | mfu: 33.85 | epoch: 1 | eta: 39.8m
step 00844/02205 (38.28%) [ns3_ftrl_eta0p1] | loss: 3.430717 | lrm: 1.00 | dt: 1756.45ms | tok/s: 298,492 | mfu: 34.07 | epoch: 1 | eta: 39.8m
step 00845/02205 (38.32%) [ns3_ftrl_eta0p1] | loss: 3.431070 | lrm: 1.00 | dt: 1773.06ms | tok/s: 295,696 | mfu: 33.75 | epoch: 1 | eta: 39.8m
step 00846/02205 (38.37%) [ns3_ftrl_eta0p1] | loss: 3.424315 | lrm: 1.00 | dt: 1770.78ms | tok/s: 296,078 | mfu: 33.80 | epoch: 1 | eta: 39.7m
step 00847/02205 (38.41%) [ns3_ftrl_eta0p1] | loss: 3.432926 | lrm: 1.00 | dt: 1770.77ms | tok/s: 296,078 | mfu: 33.80 | epoch: 1 | eta: 39.7m
step 00848/02205 (38.46%) [ns3_ftrl_eta0p1] | loss: 3.422582 | lrm: 1.00 | dt: 1772.10ms | tok/s: 295,856 | mfu: 33.77 | epoch: 1 | eta: 39.7m
step 00849/02205 (38.50%) [ns3_ftrl_eta0p1] | loss: 3.426874 | lrm: 1.00 | dt: 1771.80ms | tok/s: 295,907 | mfu: 33.78 | epoch: 1 | eta: 39.6m
step 00850/02205 (38.55%) [ns3_ftrl_eta0p1] | loss: 3.421042 | lrm: 1.00 | dt: 1772.60ms | tok/s: 295,774 | mfu: 33.76 | epoch: 1 | eta: 39.6m
step 00851/02205 (38.59%) [ns3_ftrl_eta0p1] | loss: 3.425011 | lrm: 1.00 | dt: 1776.73ms | tok/s: 295,085 | mfu: 33.68 | epoch: 1 | eta: 39.6m
step 00852/02205 (38.64%) [ns3_ftrl_eta0p1] | loss: 3.427656 | lrm: 1.00 | dt: 1773.75ms | tok/s: 295,581 | mfu: 33.74 | epoch: 1 | eta: 39.6m
step 00853/02205 (38.68%) [ns3_ftrl_eta0p1] | loss: 3.416752 | lrm: 1.00 | dt: 1769.22ms | tok/s: 296,337 | mfu: 33.83 | epoch: 1 | eta: 39.5m
step 00854/02205 (38.73%) [ns3_ftrl_eta0p1] | loss: 3.423330 | lrm: 1.00 | dt: 1771.09ms | tok/s: 296,025 | mfu: 33.79 | epoch: 1 | eta: 39.5m
step 00855/02205 (38.78%) [ns3_ftrl_eta0p1] | loss: 3.426922 | lrm: 1.00 | dt: 1775.56ms | tok/s: 295,280 | mfu: 33.71 | epoch: 1 | eta: 39.5m
step 00856/02205 (38.82%) [ns3_ftrl_eta0p1] | loss: 3.423831 | lrm: 1.00 | dt: 1772.98ms | tok/s: 295,710 | mfu: 33.76 | epoch: 1 | eta: 39.4m
step 00857/02205 (38.87%) [ns3_ftrl_eta0p1] | loss: 3.427357 | lrm: 1.00 | dt: 1771.22ms | tok/s: 296,003 | mfu: 33.79 | epoch: 1 | eta: 39.4m
step 00858/02205 (38.91%) [ns3_ftrl_eta0p1] | loss: 3.431578 | lrm: 1.00 | dt: 1773.31ms | tok/s: 295,655 | mfu: 33.75 | epoch: 1 | eta: 39.4m
step 00859/02205 (38.96%) [ns3_ftrl_eta0p1] | loss: 3.427363 | lrm: 1.00 | dt: 1770.83ms | tok/s: 296,068 | mfu: 33.80 | epoch: 1 | eta: 39.4m
step 00860/02205 (39.00%) [ns3_ftrl_eta0p1] | loss: 3.422901 | lrm: 1.00 | dt: 1770.86ms | tok/s: 296,063 | mfu: 33.80 | epoch: 1 | eta: 39.3m
step 00861/02205 (39.05%) [ns3_ftrl_eta0p1] | loss: 3.423711 | lrm: 1.00 | dt: 1773.22ms | tok/s: 295,669 | mfu: 33.75 | epoch: 1 | eta: 39.3m
step 00862/02205 (39.09%) [ns3_ftrl_eta0p1] | loss: 3.424806 | lrm: 1.00 | dt: 1776.53ms | tok/s: 295,119 | mfu: 33.69 | epoch: 1 | eta: 39.3m
step 00863/02205 (39.14%) [ns3_ftrl_eta0p1] | loss: 3.419989 | lrm: 1.00 | dt: 1766.11ms | tok/s: 296,859 | mfu: 33.89 | epoch: 1 | eta: 39.2m
step 00864/02205 (39.18%) [ns3_ftrl_eta0p1] | loss: 3.418797 | lrm: 1.00 | dt: 1771.98ms | tok/s: 295,876 | mfu: 33.77 | epoch: 1 | eta: 39.2m
step 00865/02205 (39.23%) [ns3_ftrl_eta0p1] | loss: 3.415262 | lrm: 1.00 | dt: 1777.65ms | tok/s: 294,933 | mfu: 33.67 | epoch: 1 | eta: 39.2m
step 00866/02205 (39.27%) [ns3_ftrl_eta0p1] | loss: 3.408695 | lrm: 1.00 | dt: 1771.47ms | tok/s: 295,962 | mfu: 33.78 | epoch: 1 | eta: 39.2m
step 00867/02205 (39.32%) [ns3_ftrl_eta0p1] | loss: 3.417318 | lrm: 1.00 | dt: 1768.97ms | tok/s: 296,380 | mfu: 33.83 | epoch: 1 | eta: 39.1m
step 00868/02205 (39.37%) [ns3_ftrl_eta0p1] | loss: 3.418749 | lrm: 1.00 | dt: 1772.86ms | tok/s: 295,729 | mfu: 33.76 | epoch: 1 | eta: 39.1m
step 00869/02205 (39.41%) [ns3_ftrl_eta0p1] | loss: 3.413379 | lrm: 1.00 | dt: 1773.20ms | tok/s: 295,672 | mfu: 33.75 | epoch: 1 | eta: 39.1m
step 00870/02205 (39.46%) [ns3_ftrl_eta0p1] | loss: 3.427581 | lrm: 1.00 | dt: 1771.44ms | tok/s: 295,967 | mfu: 33.79 | epoch: 1 | eta: 39.0m
step 00871/02205 (39.50%) [ns3_ftrl_eta0p1] | loss: 3.426666 | lrm: 1.00 | dt: 1775.50ms | tok/s: 295,290 | mfu: 33.71 | epoch: 1 | eta: 39.0m
step 00872/02205 (39.55%) [ns3_ftrl_eta0p1] | loss: 3.417224 | lrm: 1.00 | dt: 1769.08ms | tok/s: 296,362 | mfu: 33.83 | epoch: 1 | eta: 39.0m
step 00873/02205 (39.59%) [ns3_ftrl_eta0p1] | loss: 3.423055 | lrm: 1.00 | dt: 1771.10ms | tok/s: 296,024 | mfu: 33.79 | epoch: 1 | eta: 39.0m
step 00874/02205 (39.64%) [ns3_ftrl_eta0p1] | loss: 3.430169 | lrm: 1.00 | dt: 1774.67ms | tok/s: 295,427 | mfu: 33.72 | epoch: 1 | eta: 38.9m
step 00875/02205 (39.68%) [ns3_ftrl_eta0p1] | loss: 3.424990 | lrm: 1.00 | dt: 1770.34ms | tok/s: 296,150 | mfu: 33.81 | epoch: 1 | eta: 38.9m
step 00876/02205 (39.73%) [ns3_ftrl_eta0p1] | loss: 3.427194 | lrm: 1.00 | dt: 1775.09ms | tok/s: 295,358 | mfu: 33.72 | epoch: 1 | eta: 38.9m
step 00877/02205 (39.77%) [ns3_ftrl_eta0p1] | loss: 3.433582 | lrm: 1.00 | dt: 1775.88ms | tok/s: 295,226 | mfu: 33.70 | epoch: 1 | eta: 38.8m
step 00878/02205 (39.82%) [ns3_ftrl_eta0p1] | loss: 3.432479 | lrm: 1.00 | dt: 1763.92ms | tok/s: 297,228 | mfu: 33.93 | epoch: 1 | eta: 38.8m
step 00879/02205 (39.86%) [ns3_ftrl_eta0p1] | loss: 3.433261 | lrm: 1.00 | dt: 1776.31ms | tok/s: 295,155 | mfu: 33.69 | epoch: 1 | eta: 38.8m
step 00880/02205 (39.91%) [ns3_ftrl_eta0p1] | loss: 3.425345 | lrm: 1.00 | dt: 1772.58ms | tok/s: 295,776 | mfu: 33.76 | epoch: 1 | eta: 38.8m
step 00881/02205 (39.95%) [ns3_ftrl_eta0p1] | loss: 3.430917 | lrm: 1.00 | dt: 1774.62ms | tok/s: 295,436 | mfu: 33.72 | epoch: 1 | eta: 38.7m
step 00882/02205 (40.00%) [ns3_ftrl_eta0p1] | loss: 3.439730 | lrm: 1.00 | dt: 1769.51ms | tok/s: 296,290 | mfu: 33.82 | epoch: 1 | eta: 38.7m
step 00883/02205 (40.05%) [ns3_ftrl_eta0p1] | loss: 3.443843 | lrm: 1.00 | dt: 1774.43ms | tok/s: 295,468 | mfu: 33.73 | epoch: 1 | eta: 38.7m
step 00884/02205 (40.09%) [ns3_ftrl_eta0p1] | loss: 3.442967 | lrm: 1.00 | dt: 1767.66ms | tok/s: 296,600 | mfu: 33.86 | epoch: 1 | eta: 38.6m
step 00885/02205 (40.14%) [ns3_ftrl_eta0p1] | loss: 3.436908 | lrm: 1.00 | dt: 1774.90ms | tok/s: 295,390 | mfu: 33.72 | epoch: 1 | eta: 38.6m
step 00886/02205 (40.18%) [ns3_ftrl_eta0p1] | loss: 3.434245 | lrm: 1.00 | dt: 1770.51ms | tok/s: 296,122 | mfu: 33.80 | epoch: 1 | eta: 38.6m
step 00887/02205 (40.23%) [ns3_ftrl_eta0p1] | loss: 3.429315 | lrm: 1.00 | dt: 1771.47ms | tok/s: 295,961 | mfu: 33.78 | epoch: 1 | eta: 38.6m
step 00888/02205 (40.27%) [ns3_ftrl_eta0p1] | loss: 3.428714 | lrm: 1.00 | dt: 1772.49ms | tok/s: 295,791 | mfu: 33.76 | epoch: 1 | eta: 38.5m
step 00889/02205 (40.32%) [ns3_ftrl_eta0p1] | loss: 3.431192 | lrm: 1.00 | dt: 1771.39ms | tok/s: 295,976 | mfu: 33.79 | epoch: 1 | eta: 38.5m
step 00890/02205 (40.36%) [ns3_ftrl_eta0p1] | loss: 3.429933 | lrm: 1.00 | dt: 1772.62ms | tok/s: 295,769 | mfu: 33.76 | epoch: 1 | eta: 38.5m
step 00891/02205 (40.41%) [ns3_ftrl_eta0p1] | loss: 3.431902 | lrm: 1.00 | dt: 1774.35ms | tok/s: 295,482 | mfu: 33.73 | epoch: 1 | eta: 38.4m
step 00892/02205 (40.45%) [ns3_ftrl_eta0p1] | loss: 3.428309 | lrm: 1.00 | dt: 1770.93ms | tok/s: 296,052 | mfu: 33.79 | epoch: 1 | eta: 38.4m
step 00893/02205 (40.50%) [ns3_ftrl_eta0p1] | loss: 3.425847 | lrm: 1.00 | dt: 1771.40ms | tok/s: 295,974 | mfu: 33.79 | epoch: 1 | eta: 38.4m
step 00894/02205 (40.54%) [ns3_ftrl_eta0p1] | loss: 3.428125 | lrm: 1.00 | dt: 1773.56ms | tok/s: 295,614 | mfu: 33.74 | epoch: 1 | eta: 38.4m
step 00895/02205 (40.59%) [ns3_ftrl_eta0p1] | loss: 3.429950 | lrm: 1.00 | dt: 1771.07ms | tok/s: 296,029 | mfu: 33.79 | epoch: 1 | eta: 38.3m
step 00896/02205 (40.63%) [ns3_ftrl_eta0p1] | loss: 3.426231 | lrm: 1.00 | dt: 1775.37ms | tok/s: 295,312 | mfu: 33.71 | epoch: 1 | eta: 38.3m
step 00897/02205 (40.68%) [ns3_ftrl_eta0p1] | loss: 3.434475 | lrm: 1.00 | dt: 1767.55ms | tok/s: 296,617 | mfu: 33.86 | epoch: 1 | eta: 38.3m
step 00898/02205 (40.73%) [ns3_ftrl_eta0p1] | loss: 3.428472 | lrm: 1.00 | dt: 1768.21ms | tok/s: 296,508 | mfu: 33.85 | epoch: 1 | eta: 38.2m
step 00899/02205 (40.77%) [ns3_ftrl_eta0p1] | loss: 3.426428 | lrm: 1.00 | dt: 1759.11ms | tok/s: 298,041 | mfu: 34.02 | epoch: 1 | eta: 38.2m
step 00900/02205 (40.82%) [ns3_ftrl_eta0p1] | loss: 3.421671 | lrm: 1.00 | dt: 1771.23ms | tok/s: 296,001 | mfu: 33.79 | epoch: 1 | eta: 38.2m
step 00901/02205 (40.86%) [ns3_ftrl_eta0p1] | loss: 3.421244 | lrm: 1.00 | dt: 1771.31ms | tok/s: 295,988 | mfu: 33.79 | epoch: 1 | eta: 38.2m
step 00902/02205 (40.91%) [ns3_ftrl_eta0p1] | loss: 3.411333 | lrm: 1.00 | dt: 1772.35ms | tok/s: 295,814 | mfu: 33.77 | epoch: 1 | eta: 38.1m
step 00903/02205 (40.95%) [ns3_ftrl_eta0p1] | loss: 3.394157 | lrm: 1.00 | dt: 1771.15ms | tok/s: 296,015 | mfu: 33.79 | epoch: 1 | eta: 38.1m
step 00904/02205 (41.00%) [ns3_ftrl_eta0p1] | loss: 3.401278 | lrm: 1.00 | dt: 1772.23ms | tok/s: 295,835 | mfu: 33.77 | epoch: 1 | eta: 38.1m
step 00905/02205 (41.04%) [ns3_ftrl_eta0p1] | loss: 3.406956 | lrm: 1.00 | dt: 1772.74ms | tok/s: 295,749 | mfu: 33.76 | epoch: 1 | eta: 38.0m
step 00906/02205 (41.09%) [ns3_ftrl_eta0p1] | loss: 3.410350 | lrm: 1.00 | dt: 1771.53ms | tok/s: 295,952 | mfu: 33.78 | epoch: 1 | eta: 38.0m
step 00907/02205 (41.13%) [ns3_ftrl_eta0p1] | loss: 3.406494 | lrm: 1.00 | dt: 1768.15ms | tok/s: 296,518 | mfu: 33.85 | epoch: 1 | eta: 38.0m
step 00908/02205 (41.18%) [ns3_ftrl_eta0p1] | loss: 3.404896 | lrm: 1.00 | dt: 1759.63ms | tok/s: 297,953 | mfu: 34.01 | epoch: 1 | eta: 37.9m
step 00909/02205 (41.22%) [ns3_ftrl_eta0p1] | loss: 3.408233 | lrm: 1.00 | dt: 1772.65ms | tok/s: 295,764 | mfu: 33.76 | epoch: 1 | eta: 37.9m
step 00910/02205 (41.27%) [ns3_ftrl_eta0p1] | loss: 3.406103 | lrm: 1.00 | dt: 1769.65ms | tok/s: 296,267 | mfu: 33.82 | epoch: 1 | eta: 37.9m
step 00911/02205 (41.32%) [ns3_ftrl_eta0p1] | loss: 3.406851 | lrm: 1.00 | dt: 1764.57ms | tok/s: 297,119 | mfu: 33.92 | epoch: 1 | eta: 37.9m
step 00912/02205 (41.36%) [ns3_ftrl_eta0p1] | loss: 3.415234 | lrm: 1.00 | dt: 1759.36ms | tok/s: 297,998 | mfu: 34.02 | epoch: 1 | eta: 37.8m
step 00913/02205 (41.41%) [ns3_ftrl_eta0p1] | loss: 3.408073 | lrm: 1.00 | dt: 1775.32ms | tok/s: 295,320 | mfu: 33.71 | epoch: 1 | eta: 37.8m
step 00914/02205 (41.45%) [ns3_ftrl_eta0p1] | loss: 3.394821 | lrm: 1.00 | dt: 1770.58ms | tok/s: 296,110 | mfu: 33.80 | epoch: 1 | eta: 37.8m
step 00915/02205 (41.50%) [ns3_ftrl_eta0p1] | loss: 3.400410 | lrm: 1.00 | dt: 1770.58ms | tok/s: 296,110 | mfu: 33.80 | epoch: 1 | eta: 37.7m
step 00916/02205 (41.54%) [ns3_ftrl_eta0p1] | loss: 3.404848 | lrm: 1.00 | dt: 1771.91ms | tok/s: 295,889 | mfu: 33.78 | epoch: 1 | eta: 37.7m
step 00917/02205 (41.59%) [ns3_ftrl_eta0p1] | loss: 3.400359 | lrm: 1.00 | dt: 1757.18ms | tok/s: 298,368 | mfu: 34.06 | epoch: 1 | eta: 37.7m
step 00918/02205 (41.63%) [ns3_ftrl_eta0p1] | loss: 3.408629 | lrm: 1.00 | dt: 1769.95ms | tok/s: 296,216 | mfu: 33.81 | epoch: 1 | eta: 37.7m
step 00919/02205 (41.68%) [ns3_ftrl_eta0p1] | loss: 3.412339 | lrm: 1.00 | dt: 1766.22ms | tok/s: 296,841 | mfu: 33.88 | epoch: 1 | eta: 37.6m
step 00920/02205 (41.72%) [ns3_ftrl_eta0p1] | loss: 3.408892 | lrm: 1.00 | dt: 1763.76ms | tok/s: 297,255 | mfu: 33.93 | epoch: 1 | eta: 37.6m
step 00921/02205 (41.77%) [ns3_ftrl_eta0p1] | loss: 3.410774 | lrm: 1.00 | dt: 1769.05ms | tok/s: 296,367 | mfu: 33.83 | epoch: 1 | eta: 37.6m
step 00922/02205 (41.81%) [ns3_ftrl_eta0p1] | loss: 3.405999 | lrm: 1.00 | dt: 1772.75ms | tok/s: 295,749 | mfu: 33.76 | epoch: 1 | eta: 37.5m
step 00923/02205 (41.86%) [ns3_ftrl_eta0p1] | loss: 3.405878 | lrm: 1.00 | dt: 1771.27ms | tok/s: 295,994 | mfu: 33.79 | epoch: 1 | eta: 37.5m
step 00924/02205 (41.90%) [ns3_ftrl_eta0p1] | loss: 3.405994 | lrm: 1.00 | dt: 1774.98ms | tok/s: 295,377 | mfu: 33.72 | epoch: 1 | eta: 37.5m
step 00925/02205 (41.95%) [ns3_ftrl_eta0p1] | loss: 3.404946 | lrm: 1.00 | dt: 1771.45ms | tok/s: 295,966 | mfu: 33.78 | epoch: 1 | eta: 37.5m
step 00926/02205 (42.00%) [ns3_ftrl_eta0p1] | loss: 3.399746 | lrm: 1.00 | dt: 1774.14ms | tok/s: 295,517 | mfu: 33.73 | epoch: 1 | eta: 37.4m
step 00927/02205 (42.04%) [ns3_ftrl_eta0p1] | loss: 3.394911 | lrm: 1.00 | dt: 1772.12ms | tok/s: 295,852 | mfu: 33.77 | epoch: 1 | eta: 37.4m
step 00928/02205 (42.09%) [ns3_ftrl_eta0p1] | loss: 3.396228 | lrm: 1.00 | dt: 1769.97ms | tok/s: 296,212 | mfu: 33.81 | epoch: 1 | eta: 37.4m
step 00929/02205 (42.13%) [ns3_ftrl_eta0p1] | loss: 3.393047 | lrm: 1.00 | dt: 1772.54ms | tok/s: 295,782 | mfu: 33.76 | epoch: 1 | eta: 37.3m
step 00930/02205 (42.18%) [ns3_ftrl_eta0p1] | loss: 3.411450 | lrm: 1.00 | dt: 1773.57ms | tok/s: 295,611 | mfu: 33.74 | epoch: 1 | eta: 37.3m
step 00931/02205 (42.22%) [ns3_ftrl_eta0p1] | loss: 3.415718 | lrm: 1.00 | dt: 1770.72ms | tok/s: 296,087 | mfu: 33.80 | epoch: 1 | eta: 37.3m
step 00932/02205 (42.27%) [ns3_ftrl_eta0p1] | loss: 3.409373 | lrm: 1.00 | dt: 1769.92ms | tok/s: 296,222 | mfu: 33.81 | epoch: 1 | eta: 37.3m
step 00933/02205 (42.31%) [ns3_ftrl_eta0p1] | loss: 3.399152 | lrm: 1.00 | dt: 1772.92ms | tok/s: 295,720 | mfu: 33.76 | epoch: 1 | eta: 37.2m
step 00934/02205 (42.36%) [ns3_ftrl_eta0p1] | loss: 3.398496 | lrm: 1.00 | dt: 1773.49ms | tok/s: 295,624 | mfu: 33.75 | epoch: 1 | eta: 37.2m
step 00935/02205 (42.40%) [ns3_ftrl_eta0p1] | loss: 3.391948 | lrm: 1.00 | dt: 1772.29ms | tok/s: 295,825 | mfu: 33.77 | epoch: 1 | eta: 37.2m
step 00936/02205 (42.45%) [ns3_ftrl_eta0p1] | loss: 3.382040 | lrm: 1.00 | dt: 1774.43ms | tok/s: 295,468 | mfu: 33.73 | epoch: 1 | eta: 37.1m
step 00937/02205 (42.49%) [ns3_ftrl_eta0p1] | loss: 3.385079 | lrm: 1.00 | dt: 1770.93ms | tok/s: 296,052 | mfu: 33.79 | epoch: 1 | eta: 37.1m
step 00938/02205 (42.54%) [ns3_ftrl_eta0p1] | loss: 3.385833 | lrm: 1.00 | dt: 1770.46ms | tok/s: 296,130 | mfu: 33.80 | epoch: 1 | eta: 37.1m
step 00939/02205 (42.59%) [ns3_ftrl_eta0p1] | loss: 3.383887 | lrm: 1.00 | dt: 1771.69ms | tok/s: 295,925 | mfu: 33.78 | epoch: 1 | eta: 37.1m
step 00940/02205 (42.63%) [ns3_ftrl_eta0p1] | loss: 3.385843 | lrm: 1.00 | dt: 1774.24ms | tok/s: 295,499 | mfu: 33.73 | epoch: 1 | eta: 37.0m
step 00941/02205 (42.68%) [ns3_ftrl_eta0p1] | loss: 3.382024 | lrm: 1.00 | dt: 1771.45ms | tok/s: 295,965 | mfu: 33.78 | epoch: 1 | eta: 37.0m
step 00942/02205 (42.72%) [ns3_ftrl_eta0p1] | loss: 3.384949 | lrm: 1.00 | dt: 1772.69ms | tok/s: 295,758 | mfu: 33.76 | epoch: 1 | eta: 37.0m
step 00943/02205 (42.77%) [ns3_ftrl_eta0p1] | loss: 3.390517 | lrm: 1.00 | dt: 1768.79ms | tok/s: 296,411 | mfu: 33.84 | epoch: 1 | eta: 36.9m
step 00944/02205 (42.81%) [ns3_ftrl_eta0p1] | loss: 3.387295 | lrm: 1.00 | dt: 1768.55ms | tok/s: 296,451 | mfu: 33.84 | epoch: 1 | eta: 36.9m
step 00945/02205 (42.86%) [ns3_ftrl_eta0p1] | loss: 3.392874 | lrm: 1.00 | dt: 1764.07ms | tok/s: 297,204 | mfu: 33.93 | epoch: 1 | eta: 36.9m
step 00946/02205 (42.90%) [ns3_ftrl_eta0p1] | loss: 3.401711 | lrm: 1.00 | dt: 1766.16ms | tok/s: 296,851 | mfu: 33.89 | epoch: 1 | eta: 36.8m
step 00947/02205 (42.95%) [ns3_ftrl_eta0p1] | loss: 3.412089 | lrm: 1.00 | dt: 1754.06ms | tok/s: 298,898 | mfu: 34.12 | epoch: 1 | eta: 36.8m
step 00948/02205 (42.99%) [ns3_ftrl_eta0p1] | loss: 3.408595 | lrm: 1.00 | dt: 1772.81ms | tok/s: 295,737 | mfu: 33.76 | epoch: 1 | eta: 36.8m
step 00949/02205 (43.04%) [ns3_ftrl_eta0p1] | loss: 3.406658 | lrm: 1.00 | dt: 1773.10ms | tok/s: 295,689 | mfu: 33.75 | epoch: 1 | eta: 36.8m
step 00950/02205 (43.08%) [ns3_ftrl_eta0p1] | loss: 3.398415 | lrm: 1.00 | dt: 1771.12ms | tok/s: 296,021 | mfu: 33.79 | epoch: 1 | eta: 36.7m
step 00951/02205 (43.13%) [ns3_ftrl_eta0p1] | loss: 3.390458 | lrm: 1.00 | dt: 1769.63ms | tok/s: 296,270 | mfu: 33.82 | epoch: 1 | eta: 36.7m
step 00952/02205 (43.17%) [ns3_ftrl_eta0p1] | loss: 3.377000 | lrm: 1.00 | dt: 1773.17ms | tok/s: 295,677 | mfu: 33.75 | epoch: 1 | eta: 36.7m
step 00953/02205 (43.22%) [ns3_ftrl_eta0p1] | loss: 3.368578 | lrm: 1.00 | dt: 1774.11ms | tok/s: 295,522 | mfu: 33.73 | epoch: 1 | eta: 36.6m
step 00954/02205 (43.27%) [ns3_ftrl_eta0p1] | loss: 3.369650 | lrm: 1.00 | dt: 1774.27ms | tok/s: 295,495 | mfu: 33.73 | epoch: 1 | eta: 36.6m
step 00955/02205 (43.31%) [ns3_ftrl_eta0p1] | loss: 3.374989 | lrm: 1.00 | dt: 1769.87ms | tok/s: 296,228 | mfu: 33.81 | epoch: 1 | eta: 36.6m
step 00956/02205 (43.36%) [ns3_ftrl_eta0p1] | loss: 3.385628 | lrm: 1.00 | dt: 1766.54ms | tok/s: 296,787 | mfu: 33.88 | epoch: 1 | eta: 36.6m
step 00957/02205 (43.40%) [ns3_ftrl_eta0p1] | loss: 3.385005 | lrm: 1.00 | dt: 1758.09ms | tok/s: 298,213 | mfu: 34.04 | epoch: 1 | eta: 36.5m
step 00958/02205 (43.45%) [ns3_ftrl_eta0p1] | loss: 3.378857 | lrm: 1.00 | dt: 1774.37ms | tok/s: 295,478 | mfu: 33.73 | epoch: 1 | eta: 36.5m
step 00959/02205 (43.49%) [ns3_ftrl_eta0p1] | loss: 3.391731 | lrm: 1.00 | dt: 1770.25ms | tok/s: 296,166 | mfu: 33.81 | epoch: 1 | eta: 36.5m
step 00960/02205 (43.54%) [ns3_ftrl_eta0p1] | loss: 3.378460 | lrm: 1.00 | dt: 1756.76ms | tok/s: 298,440 | mfu: 34.07 | epoch: 1 | eta: 36.4m
step 00961/02205 (43.58%) [ns3_ftrl_eta0p1] | loss: 3.379520 | lrm: 1.00 | dt: 1769.59ms | tok/s: 296,275 | mfu: 33.82 | epoch: 1 | eta: 36.4m
step 00962/02205 (43.63%) [ns3_ftrl_eta0p1] | loss: 3.382619 | lrm: 1.00 | dt: 1769.50ms | tok/s: 296,290 | mfu: 33.82 | epoch: 1 | eta: 36.4m
step 00963/02205 (43.67%) [ns3_ftrl_eta0p1] | loss: 3.379734 | lrm: 1.00 | dt: 1771.37ms | tok/s: 295,978 | mfu: 33.79 | epoch: 1 | eta: 36.4m
step 00964/02205 (43.72%) [ns3_ftrl_eta0p1] | loss: 3.379439 | lrm: 1.00 | dt: 1756.93ms | tok/s: 298,411 | mfu: 34.06 | epoch: 1 | eta: 36.3m
step 00965/02205 (43.76%) [ns3_ftrl_eta0p1] | loss: 3.384894 | lrm: 1.00 | dt: 1769.03ms | tok/s: 296,370 | mfu: 33.83 | epoch: 1 | eta: 36.3m
step 00966/02205 (43.81%) [ns3_ftrl_eta0p1] | loss: 3.386476 | lrm: 1.00 | dt: 1769.53ms | tok/s: 296,287 | mfu: 33.82 | epoch: 1 | eta: 36.3m
step 00967/02205 (43.85%) [ns3_ftrl_eta0p1] | loss: 3.382925 | lrm: 1.00 | dt: 1757.94ms | tok/s: 298,239 | mfu: 34.04 | epoch: 1 | eta: 36.2m
step 00968/02205 (43.90%) [ns3_ftrl_eta0p1] | loss: 3.396238 | lrm: 1.00 | dt: 1769.28ms | tok/s: 296,328 | mfu: 33.83 | epoch: 1 | eta: 36.2m
step 00969/02205 (43.95%) [ns3_ftrl_eta0p1] | loss: 3.399130 | lrm: 1.00 | dt: 1773.05ms | tok/s: 295,698 | mfu: 33.75 | epoch: 1 | eta: 36.2m
step 00970/02205 (43.99%) [ns3_ftrl_eta0p1] | loss: 3.394907 | lrm: 1.00 | dt: 1759.08ms | tok/s: 298,046 | mfu: 34.02 | epoch: 1 | eta: 36.2m
step 00971/02205 (44.04%) [ns3_ftrl_eta0p1] | loss: 3.395473 | lrm: 1.00 | dt: 1765.06ms | tok/s: 297,036 | mfu: 33.91 | epoch: 1 | eta: 36.1m
step 00972/02205 (44.08%) [ns3_ftrl_eta0p1] | loss: 3.402522 | lrm: 1.00 | dt: 1772.51ms | tok/s: 295,788 | mfu: 33.76 | epoch: 1 | eta: 36.1m
step 00973/02205 (44.13%) [ns3_ftrl_eta0p1] | loss: 3.403861 | lrm: 1.00 | dt: 1772.92ms | tok/s: 295,719 | mfu: 33.76 | epoch: 1 | eta: 36.1m
step 00974/02205 (44.17%) [ns3_ftrl_eta0p1] | loss: 3.403710 | lrm: 1.00 | dt: 1765.11ms | tok/s: 297,027 | mfu: 33.91 | epoch: 1 | eta: 36.0m
step 00975/02205 (44.22%) [ns3_ftrl_eta0p1] | loss: 3.392324 | lrm: 1.00 | dt: 1763.43ms | tok/s: 297,310 | mfu: 33.94 | epoch: 1 | eta: 36.0m
step 00976/02205 (44.26%) [ns3_ftrl_eta0p1] | loss: 3.391380 | lrm: 1.00 | dt: 1767.61ms | tok/s: 296,609 | mfu: 33.86 | epoch: 1 | eta: 36.0m
step 00977/02205 (44.31%) [ns3_ftrl_eta0p1] | loss: 3.393913 | lrm: 1.00 | dt: 1771.52ms | tok/s: 295,954 | mfu: 33.78 | epoch: 1 | eta: 36.0m
step 00978/02205 (44.35%) [ns3_ftrl_eta0p1] | loss: 3.394256 | lrm: 1.00 | dt: 1753.82ms | tok/s: 298,941 | mfu: 34.12 | epoch: 1 | eta: 35.9m
step 00979/02205 (44.40%) [ns3_ftrl_eta0p1] | loss: 3.390211 | lrm: 1.00 | dt: 1771.97ms | tok/s: 295,879 | mfu: 33.77 | epoch: 1 | eta: 35.9m
step 00980/02205 (44.44%) [ns3_ftrl_eta0p1] | loss: 3.394270 | lrm: 1.00 | dt: 1768.26ms | tok/s: 296,499 | mfu: 33.85 | epoch: 1 | eta: 35.9m
step 00981/02205 (44.49%) [ns3_ftrl_eta0p1] | loss: 3.398911 | lrm: 1.00 | dt: 1770.80ms | tok/s: 296,074 | mfu: 33.80 | epoch: 1 | eta: 35.8m
step 00982/02205 (44.54%) [ns3_ftrl_eta0p1] | loss: 3.403373 | lrm: 1.00 | dt: 1756.56ms | tok/s: 298,473 | mfu: 34.07 | epoch: 1 | eta: 35.8m
step 00983/02205 (44.58%) [ns3_ftrl_eta0p1] | loss: 3.401997 | lrm: 1.00 | dt: 1764.77ms | tok/s: 297,085 | mfu: 33.91 | epoch: 1 | eta: 35.8m
step 00984/02205 (44.63%) [ns3_ftrl_eta0p1] | loss: 3.391862 | lrm: 1.00 | dt: 1761.64ms | tok/s: 297,612 | mfu: 33.97 | epoch: 1 | eta: 35.7m
step 00985/02205 (44.67%) [ns3_ftrl_eta0p1] | loss: 3.386110 | lrm: 1.00 | dt: 1771.11ms | tok/s: 296,022 | mfu: 33.79 | epoch: 1 | eta: 35.7m
step 00986/02205 (44.72%) [ns3_ftrl_eta0p1] | loss: 3.386884 | lrm: 1.00 | dt: 1772.39ms | tok/s: 295,809 | mfu: 33.77 | epoch: 1 | eta: 35.7m
step 00987/02205 (44.76%) [ns3_ftrl_eta0p1] | loss: 3.389559 | lrm: 1.00 | dt: 1760.22ms | tok/s: 297,853 | mfu: 34.00 | epoch: 1 | eta: 35.7m
step 00988/02205 (44.81%) [ns3_ftrl_eta0p1] | loss: 3.394625 | lrm: 1.00 | dt: 1764.96ms | tok/s: 297,054 | mfu: 33.91 | epoch: 1 | eta: 35.6m
step 00989/02205 (44.85%) [ns3_ftrl_eta0p1] | loss: 3.402499 | lrm: 1.00 | dt: 1774.14ms | tok/s: 295,516 | mfu: 33.73 | epoch: 1 | eta: 35.6m
step 00990/02205 (44.90%) [ns3_ftrl_eta0p1] | loss: 3.388601 | lrm: 1.00 | dt: 1771.63ms | tok/s: 295,935 | mfu: 33.78 | epoch: 1 | eta: 35.6m
step 00991/02205 (44.94%) [ns3_ftrl_eta0p1] | loss: 3.378534 | lrm: 1.00 | dt: 1759.66ms | tok/s: 297,947 | mfu: 34.01 | epoch: 1 | eta: 35.5m
step 00992/02205 (44.99%) [ns3_ftrl_eta0p1] | loss: 3.379339 | lrm: 1.00 | dt: 1765.90ms | tok/s: 296,895 | mfu: 33.89 | epoch: 1 | eta: 35.5m
step 00993/02205 (45.03%) [ns3_ftrl_eta0p1] | loss: 3.386230 | lrm: 1.00 | dt: 1771.94ms | tok/s: 295,883 | mfu: 33.78 | epoch: 1 | eta: 35.5m
step 00994/02205 (45.08%) [ns3_ftrl_eta0p1] | loss: 3.387184 | lrm: 1.00 | dt: 1773.17ms | tok/s: 295,677 | mfu: 33.75 | epoch: 1 | eta: 35.5m
step 00995/02205 (45.12%) [ns3_ftrl_eta0p1] | loss: 3.392893 | lrm: 1.00 | dt: 1769.75ms | tok/s: 296,250 | mfu: 33.82 | epoch: 1 | eta: 35.4m
step 00996/02205 (45.17%) [ns3_ftrl_eta0p1] | loss: 3.387271 | lrm: 1.00 | dt: 1768.15ms | tok/s: 296,517 | mfu: 33.85 | epoch: 1 | eta: 35.4m
step 00997/02205 (45.22%) [ns3_ftrl_eta0p1] | loss: 3.389670 | lrm: 1.00 | dt: 1757.59ms | tok/s: 298,299 | mfu: 34.05 | epoch: 1 | eta: 35.4m
step 00998/02205 (45.26%) [ns3_ftrl_eta0p1] | loss: 3.379409 | lrm: 1.00 | dt: 1770.34ms | tok/s: 296,151 | mfu: 33.81 | epoch: 1 | eta: 35.3m
step 00999/02205 (45.31%) [ns3_ftrl_eta0p1] | loss: 3.383122 | lrm: 1.00 | dt: 1768.51ms | tok/s: 296,457 | mfu: 33.84 | epoch: 1 | eta: 35.3m
Step 01000 | val bpb: 0.990006
step 01000/02205 (45.35%) [ns3_ftrl_eta0p1] | loss: 3.374219 | lrm: 1.00 | dt: 1709.33ms | tok/s: 306,721 | mfu: 35.01 | epoch: 1 | eta: 35.3m
step 01001/02205 (45.40%) [ns3_ftrl_eta0p1] | loss: 3.374001 | lrm: 1.00 | dt: 1742.77ms | tok/s: 300,836 | mfu: 34.34 | epoch: 1 | eta: 35.3m
step 01002/02205 (45.44%) [ns3_ftrl_eta0p1] | loss: 3.377997 | lrm: 1.00 | dt: 1742.34ms | tok/s: 300,910 | mfu: 34.35 | epoch: 1 | eta: 35.2m
step 01003/02205 (45.49%) [ns3_ftrl_eta0p1] | loss: 3.385598 | lrm: 1.00 | dt: 1733.07ms | tok/s: 302,519 | mfu: 34.53 | epoch: 1 | eta: 35.2m
step 01004/02205 (45.53%) [ns3_ftrl_eta0p1] | loss: 3.385715 | lrm: 1.00 | dt: 1742.89ms | tok/s: 300,815 | mfu: 34.34 | epoch: 1 | eta: 35.2m
step 01005/02205 (45.58%) [ns3_ftrl_eta0p1] | loss: 3.380957 | lrm: 1.00 | dt: 1739.39ms | tok/s: 301,420 | mfu: 34.41 | epoch: 1 | eta: 35.1m
step 01006/02205 (45.62%) [ns3_ftrl_eta0p1] | loss: 3.386442 | lrm: 1.00 | dt: 1743.60ms | tok/s: 300,693 | mfu: 34.32 | epoch: 1 | eta: 35.1m
step 01007/02205 (45.67%) [ns3_ftrl_eta0p1] | loss: 3.401463 | lrm: 1.00 | dt: 1749.99ms | tok/s: 299,594 | mfu: 34.20 | epoch: 1 | eta: 35.1m
step 01008/02205 (45.71%) [ns3_ftrl_eta0p1] | loss: 3.405430 | lrm: 1.00 | dt: 1739.49ms | tok/s: 301,402 | mfu: 34.41 | epoch: 1 | eta: 35.0m
step 01009/02205 (45.76%) [ns3_ftrl_eta0p1] | loss: 3.386385 | lrm: 1.00 | dt: 1744.15ms | tok/s: 300,598 | mfu: 34.31 | epoch: 1 | eta: 35.0m
step 01010/02205 (45.80%) [ns3_ftrl_eta0p1] | loss: 3.390811 | lrm: 1.00 | dt: 1749.34ms | tok/s: 299,706 | mfu: 34.21 | epoch: 1 | eta: 35.0m
step 01011/02205 (45.85%) [ns3_ftrl_eta0p1] | loss: 3.382950 | lrm: 1.00 | dt: 1742.08ms | tok/s: 300,954 | mfu: 34.35 | epoch: 1 | eta: 35.0m
step 01012/02205 (45.90%) [ns3_ftrl_eta0p1] | loss: 3.377513 | lrm: 1.00 | dt: 1745.41ms | tok/s: 300,381 | mfu: 34.29 | epoch: 1 | eta: 34.9m
step 01013/02205 (45.94%) [ns3_ftrl_eta0p1] | loss: 3.381423 | lrm: 1.00 | dt: 1749.00ms | tok/s: 299,763 | mfu: 34.22 | epoch: 1 | eta: 34.9m
step 01014/02205 (45.99%) [ns3_ftrl_eta0p1] | loss: 3.376760 | lrm: 1.00 | dt: 1738.90ms | tok/s: 301,505 | mfu: 34.42 | epoch: 1 | eta: 34.9m
step 01015/02205 (46.03%) [ns3_ftrl_eta0p1] | loss: 3.381224 | lrm: 1.00 | dt: 1745.73ms | tok/s: 300,325 | mfu: 34.28 | epoch: 1 | eta: 34.8m
step 01016/02205 (46.08%) [ns3_ftrl_eta0p1] | loss: 3.373998 | lrm: 1.00 | dt: 1745.00ms | tok/s: 300,451 | mfu: 34.30 | epoch: 1 | eta: 34.8m
step 01017/02205 (46.12%) [ns3_ftrl_eta0p1] | loss: 3.370175 | lrm: 1.00 | dt: 1743.45ms | tok/s: 300,718 | mfu: 34.33 | epoch: 1 | eta: 34.8m
step 01018/02205 (46.17%) [ns3_ftrl_eta0p1] | loss: 3.361608 | lrm: 1.00 | dt: 1751.28ms | tok/s: 299,374 | mfu: 34.17 | epoch: 1 | eta: 34.7m
step 01019/02205 (46.21%) [ns3_ftrl_eta0p1] | loss: 3.369208 | lrm: 1.00 | dt: 1751.70ms | tok/s: 299,302 | mfu: 34.17 | epoch: 1 | eta: 34.7m
step 01020/02205 (46.26%) [ns3_ftrl_eta0p1] | loss: 3.357204 | lrm: 1.00 | dt: 1751.05ms | tok/s: 299,413 | mfu: 34.18 | epoch: 1 | eta: 34.7m
step 01021/02205 (46.30%) [ns3_ftrl_eta0p1] | loss: 3.358607 | lrm: 1.00 | dt: 1751.64ms | tok/s: 299,313 | mfu: 34.17 | epoch: 1 | eta: 34.7m
step 01022/02205 (46.35%) [ns3_ftrl_eta0p1] | loss: 3.358678 | lrm: 1.00 | dt: 1743.68ms | tok/s: 300,678 | mfu: 34.32 | epoch: 1 | eta: 34.6m
step 01023/02205 (46.39%) [ns3_ftrl_eta0p1] | loss: 3.360915 | lrm: 1.00 | dt: 1749.51ms | tok/s: 299,677 | mfu: 34.21 | epoch: 1 | eta: 34.6m
step 01024/02205 (46.44%) [ns3_ftrl_eta0p1] | loss: 3.368933 | lrm: 1.00 | dt: 1747.62ms | tok/s: 300,001 | mfu: 34.25 | epoch: 1 | eta: 34.6m
step 01025/02205 (46.49%) [ns3_ftrl_eta0p1] | loss: 3.366734 | lrm: 1.00 | dt: 1753.30ms | tok/s: 299,029 | mfu: 34.13 | epoch: 1 | eta: 34.5m
step 01026/02205 (46.53%) [ns3_ftrl_eta0p1] | loss: 3.357430 | lrm: 1.00 | dt: 1752.64ms | tok/s: 299,141 | mfu: 34.15 | epoch: 1 | eta: 34.5m
step 01027/02205 (46.58%) [ns3_ftrl_eta0p1] | loss: 3.360916 | lrm: 1.00 | dt: 1752.59ms | tok/s: 299,150 | mfu: 34.15 | epoch: 1 | eta: 34.5m
step 01028/02205 (46.62%) [ns3_ftrl_eta0p1] | loss: 3.362373 | lrm: 1.00 | dt: 1753.04ms | tok/s: 299,073 | mfu: 34.14 | epoch: 1 | eta: 34.5m
step 01029/02205 (46.67%) [ns3_ftrl_eta0p1] | loss: 3.356633 | lrm: 1.00 | dt: 1749.44ms | tok/s: 299,688 | mfu: 34.21 | epoch: 1 | eta: 34.4m
step 01030/02205 (46.71%) [ns3_ftrl_eta0p1] | loss: 3.371267 | lrm: 1.00 | dt: 1753.11ms | tok/s: 299,061 | mfu: 34.14 | epoch: 1 | eta: 34.4m
step 01031/02205 (46.76%) [ns3_ftrl_eta0p1] | loss: 3.365259 | lrm: 1.00 | dt: 1749.59ms | tok/s: 299,663 | mfu: 34.21 | epoch: 1 | eta: 34.4m
step 01032/02205 (46.80%) [ns3_ftrl_eta0p1] | loss: 3.360816 | lrm: 1.00 | dt: 1752.24ms | tok/s: 299,209 | mfu: 34.16 | epoch: 1 | eta: 34.3m
step 01033/02205 (46.85%) [ns3_ftrl_eta0p1] | loss: 3.362480 | lrm: 1.00 | dt: 1753.65ms | tok/s: 298,969 | mfu: 34.13 | epoch: 1 | eta: 34.3m
step 01034/02205 (46.89%) [ns3_ftrl_eta0p1] | loss: 3.360676 | lrm: 1.00 | dt: 1749.26ms | tok/s: 299,719 | mfu: 34.21 | epoch: 1 | eta: 34.3m
step 01035/02205 (46.94%) [ns3_ftrl_eta0p1] | loss: 3.359670 | lrm: 1.00 | dt: 1755.26ms | tok/s: 298,696 | mfu: 34.10 | epoch: 1 | eta: 34.2m
step 01036/02205 (46.98%) [ns3_ftrl_eta0p1] | loss: 3.365546 | lrm: 1.00 | dt: 1752.06ms | tok/s: 299,241 | mfu: 34.16 | epoch: 1 | eta: 34.2m
step 01037/02205 (47.03%) [ns3_ftrl_eta0p1] | loss: 3.376383 | lrm: 1.00 | dt: 1752.19ms | tok/s: 299,219 | mfu: 34.16 | epoch: 1 | eta: 34.2m
step 01038/02205 (47.07%) [ns3_ftrl_eta0p1] | loss: 3.381131 | lrm: 1.00 | dt: 1753.31ms | tok/s: 299,027 | mfu: 34.13 | epoch: 1 | eta: 34.2m
step 01039/02205 (47.12%) [ns3_ftrl_eta0p1] | loss: 3.390286 | lrm: 1.00 | dt: 1753.15ms | tok/s: 299,054 | mfu: 34.14 | epoch: 1 | eta: 34.1m
step 01040/02205 (47.17%) [ns3_ftrl_eta0p1] | loss: 3.389721 | lrm: 1.00 | dt: 1764.90ms | tok/s: 297,063 | mfu: 33.91 | epoch: 1 | eta: 34.1m
step 01041/02205 (47.21%) [ns3_ftrl_eta0p1] | loss: 3.385143 | lrm: 1.00 | dt: 1758.85ms | tok/s: 298,085 | mfu: 34.03 | epoch: 1 | eta: 34.1m
step 01042/02205 (47.26%) [ns3_ftrl_eta0p1] | loss: 3.380767 | lrm: 1.00 | dt: 1748.48ms | tok/s: 299,854 | mfu: 34.23 | epoch: 1 | eta: 34.0m
step 01043/02205 (47.30%) [ns3_ftrl_eta0p1] | loss: 3.380439 | lrm: 1.00 | dt: 1753.04ms | tok/s: 299,074 | mfu: 34.14 | epoch: 1 | eta: 34.0m
step 01044/02205 (47.35%) [ns3_ftrl_eta0p1] | loss: 3.374719 | lrm: 1.00 | dt: 1757.16ms | tok/s: 298,371 | mfu: 34.06 | epoch: 1 | eta: 34.0m
step 01045/02205 (47.39%) [ns3_ftrl_eta0p1] | loss: 3.371917 | lrm: 1.00 | dt: 1765.54ms | tok/s: 296,955 | mfu: 33.90 | epoch: 1 | eta: 34.0m
step 01046/02205 (47.44%) [ns3_ftrl_eta0p1] | loss: 3.365367 | lrm: 1.00 | dt: 1760.28ms | tok/s: 297,843 | mfu: 34.00 | epoch: 1 | eta: 33.9m
step 01047/02205 (47.48%) [ns3_ftrl_eta0p1] | loss: 3.364271 | lrm: 1.00 | dt: 1766.75ms | tok/s: 296,752 | mfu: 33.87 | epoch: 1 | eta: 33.9m
step 01048/02205 (47.53%) [ns3_ftrl_eta0p1] | loss: 3.368750 | lrm: 1.00 | dt: 1754.29ms | tok/s: 298,860 | mfu: 34.12 | epoch: 1 | eta: 33.9m
step 01049/02205 (47.57%) [ns3_ftrl_eta0p1] | loss: 3.362600 | lrm: 1.00 | dt: 1768.63ms | tok/s: 296,438 | mfu: 33.84 | epoch: 1 | eta: 33.8m
step 01050/02205 (47.62%) [ns3_ftrl_eta0p1] | loss: 3.364949 | lrm: 1.00 | dt: 1755.91ms | tok/s: 298,584 | mfu: 34.08 | epoch: 1 | eta: 33.8m
step 01051/02205 (47.66%) [ns3_ftrl_eta0p1] | loss: 3.359549 | lrm: 1.00 | dt: 1753.54ms | tok/s: 298,988 | mfu: 34.13 | epoch: 1 | eta: 33.8m
step 01052/02205 (47.71%) [ns3_ftrl_eta0p1] | loss: 3.366069 | lrm: 1.00 | dt: 1766.00ms | tok/s: 296,879 | mfu: 33.89 | epoch: 1 | eta: 33.8m
step 01053/02205 (47.76%) [ns3_ftrl_eta0p1] | loss: 3.363637 | lrm: 1.00 | dt: 1754.47ms | tok/s: 298,829 | mfu: 34.11 | epoch: 1 | eta: 33.7m
step 01054/02205 (47.80%) [ns3_ftrl_eta0p1] | loss: 3.363799 | lrm: 1.00 | dt: 1749.54ms | tok/s: 299,672 | mfu: 34.21 | epoch: 1 | eta: 33.7m
step 01055/02205 (47.85%) [ns3_ftrl_eta0p1] | loss: 3.371632 | lrm: 1.00 | dt: 1765.49ms | tok/s: 296,964 | mfu: 33.90 | epoch: 1 | eta: 33.7m
step 01056/02205 (47.89%) [ns3_ftrl_eta0p1] | loss: 3.370088 | lrm: 1.00 | dt: 1760.64ms | tok/s: 297,783 | mfu: 33.99 | epoch: 1 | eta: 33.6m
step 01057/02205 (47.94%) [ns3_ftrl_eta0p1] | loss: 3.372664 | lrm: 1.00 | dt: 1751.63ms | tok/s: 299,314 | mfu: 34.17 | epoch: 1 | eta: 33.6m
step 01058/02205 (47.98%) [ns3_ftrl_eta0p1] | loss: 3.364666 | lrm: 1.00 | dt: 1769.62ms | tok/s: 296,270 | mfu: 33.82 | epoch: 1 | eta: 33.6m
step 01059/02205 (48.03%) [ns3_ftrl_eta0p1] | loss: 3.352774 | lrm: 1.00 | dt: 1752.50ms | tok/s: 299,165 | mfu: 34.15 | epoch: 1 | eta: 33.5m
step 01060/02205 (48.07%) [ns3_ftrl_eta0p1] | loss: 3.341513 | lrm: 1.00 | dt: 1760.38ms | tok/s: 297,826 | mfu: 34.00 | epoch: 1 | eta: 33.5m
step 01061/02205 (48.12%) [ns3_ftrl_eta0p1] | loss: 3.346639 | lrm: 1.00 | dt: 1760.95ms | tok/s: 297,730 | mfu: 33.99 | epoch: 1 | eta: 33.5m
step 01062/02205 (48.16%) [ns3_ftrl_eta0p1] | loss: 3.348857 | lrm: 1.00 | dt: 1756.57ms | tok/s: 298,472 | mfu: 34.07 | epoch: 1 | eta: 33.5m
step 01063/02205 (48.21%) [ns3_ftrl_eta0p1] | loss: 3.349897 | lrm: 1.00 | dt: 1753.35ms | tok/s: 299,020 | mfu: 34.13 | epoch: 1 | eta: 33.4m
step 01064/02205 (48.25%) [ns3_ftrl_eta0p1] | loss: 3.349487 | lrm: 1.00 | dt: 1764.59ms | tok/s: 297,115 | mfu: 33.92 | epoch: 1 | eta: 33.4m
step 01065/02205 (48.30%) [ns3_ftrl_eta0p1] | loss: 3.338289 | lrm: 1.00 | dt: 1758.59ms | tok/s: 298,128 | mfu: 34.03 | epoch: 1 | eta: 33.4m
step 01066/02205 (48.34%) [ns3_ftrl_eta0p1] | loss: 3.342020 | lrm: 1.00 | dt: 1752.63ms | tok/s: 299,143 | mfu: 34.15 | epoch: 1 | eta: 33.3m
step 01067/02205 (48.39%) [ns3_ftrl_eta0p1] | loss: 3.340554 | lrm: 1.00 | dt: 1764.47ms | tok/s: 297,136 | mfu: 33.92 | epoch: 1 | eta: 33.3m
step 01068/02205 (48.44%) [ns3_ftrl_eta0p1] | loss: 3.346691 | lrm: 1.00 | dt: 1757.55ms | tok/s: 298,305 | mfu: 34.05 | epoch: 1 | eta: 33.3m
step 01069/02205 (48.48%) [ns3_ftrl_eta0p1] | loss: 3.340617 | lrm: 1.00 | dt: 1756.61ms | tok/s: 298,465 | mfu: 34.07 | epoch: 1 | eta: 33.3m
step 01070/02205 (48.53%) [ns3_ftrl_eta0p1] | loss: 3.346553 | lrm: 1.00 | dt: 1756.37ms | tok/s: 298,507 | mfu: 34.07 | epoch: 1 | eta: 33.2m
step 01071/02205 (48.57%) [ns3_ftrl_eta0p1] | loss: 3.359046 | lrm: 1.00 | dt: 1755.76ms | tok/s: 298,609 | mfu: 34.09 | epoch: 1 | eta: 33.2m
step 01072/02205 (48.62%) [ns3_ftrl_eta0p1] | loss: 3.344103 | lrm: 1.00 | dt: 1751.25ms | tok/s: 299,379 | mfu: 34.17 | epoch: 1 | eta: 33.2m
step 01073/02205 (48.66%) [ns3_ftrl_eta0p1] | loss: 3.346172 | lrm: 1.00 | dt: 1761.91ms | tok/s: 297,567 | mfu: 33.97 | epoch: 1 | eta: 33.1m
step 01074/02205 (48.71%) [ns3_ftrl_eta0p1] | loss: 3.347156 | lrm: 1.00 | dt: 1759.18ms | tok/s: 298,029 | mfu: 34.02 | epoch: 1 | eta: 33.1m
step 01075/02205 (48.75%) [ns3_ftrl_eta0p1] | loss: 3.343050 | lrm: 1.00 | dt: 1751.71ms | tok/s: 299,300 | mfu: 34.17 | epoch: 1 | eta: 33.1m
step 01076/02205 (48.80%) [ns3_ftrl_eta0p1] | loss: 3.346832 | lrm: 1.00 | dt: 1764.00ms | tok/s: 297,215 | mfu: 33.93 | epoch: 1 | eta: 33.1m
step 01077/02205 (48.84%) [ns3_ftrl_eta0p1] | loss: 3.353305 | lrm: 1.00 | dt: 1760.34ms | tok/s: 297,833 | mfu: 34.00 | epoch: 1 | eta: 33.0m
step 01078/02205 (48.89%) [ns3_ftrl_eta0p1] | loss: 3.350586 | lrm: 1.00 | dt: 1754.15ms | tok/s: 298,885 | mfu: 34.12 | epoch: 1 | eta: 33.0m
step 01079/02205 (48.93%) [ns3_ftrl_eta0p1] | loss: 3.346852 | lrm: 1.00 | dt: 1770.18ms | tok/s: 296,177 | mfu: 33.81 | epoch: 1 | eta: 33.0m
step 01080/02205 (48.98%) [ns3_ftrl_eta0p1] | loss: 3.347465 | lrm: 1.00 | dt: 1753.10ms | tok/s: 299,063 | mfu: 34.14 | epoch: 1 | eta: 32.9m
step 01081/02205 (49.02%) [ns3_ftrl_eta0p1] | loss: 3.348310 | lrm: 1.00 | dt: 1752.15ms | tok/s: 299,226 | mfu: 34.16 | epoch: 1 | eta: 32.9m
step 01082/02205 (49.07%) [ns3_ftrl_eta0p1] | loss: 3.347457 | lrm: 1.00 | dt: 1770.51ms | tok/s: 296,122 | mfu: 33.80 | epoch: 1 | eta: 32.9m
step 01083/02205 (49.12%) [ns3_ftrl_eta0p1] | loss: 3.343904 | lrm: 1.00 | dt: 1754.23ms | tok/s: 298,870 | mfu: 34.12 | epoch: 1 | eta: 32.8m
step 01084/02205 (49.16%) [ns3_ftrl_eta0p1] | loss: 3.338619 | lrm: 1.00 | dt: 1758.19ms | tok/s: 298,198 | mfu: 34.04 | epoch: 1 | eta: 32.8m
step 01085/02205 (49.21%) [ns3_ftrl_eta0p1] | loss: 3.338778 | lrm: 1.00 | dt: 1762.46ms | tok/s: 297,475 | mfu: 33.96 | epoch: 1 | eta: 32.8m
step 01086/02205 (49.25%) [ns3_ftrl_eta0p1] | loss: 3.345335 | lrm: 1.00 | dt: 1756.59ms | tok/s: 298,469 | mfu: 34.07 | epoch: 1 | eta: 32.8m
step 01087/02205 (49.30%) [ns3_ftrl_eta0p1] | loss: 3.340134 | lrm: 1.00 | dt: 1751.30ms | tok/s: 299,370 | mfu: 34.17 | epoch: 1 | eta: 32.7m
step 01088/02205 (49.34%) [ns3_ftrl_eta0p1] | loss: 3.344340 | lrm: 1.00 | dt: 1767.66ms | tok/s: 296,599 | mfu: 33.86 | epoch: 1 | eta: 32.7m
step 01089/02205 (49.39%) [ns3_ftrl_eta0p1] | loss: 3.340745 | lrm: 1.00 | dt: 1758.96ms | tok/s: 298,066 | mfu: 34.02 | epoch: 1 | eta: 32.7m
step 01090/02205 (49.43%) [ns3_ftrl_eta0p1] | loss: 3.340417 | lrm: 1.00 | dt: 1751.01ms | tok/s: 299,419 | mfu: 34.18 | epoch: 1 | eta: 32.6m
step 01091/02205 (49.48%) [ns3_ftrl_eta0p1] | loss: 3.345127 | lrm: 1.00 | dt: 1764.98ms | tok/s: 297,050 | mfu: 33.91 | epoch: 1 | eta: 32.6m
step 01092/02205 (49.52%) [ns3_ftrl_eta0p1] | loss: 3.339094 | lrm: 1.00 | dt: 1759.85ms | tok/s: 297,916 | mfu: 34.01 | epoch: 1 | eta: 32.6m
step 01093/02205 (49.57%) [ns3_ftrl_eta0p1] | loss: 3.340142 | lrm: 1.00 | dt: 1755.30ms | tok/s: 298,689 | mfu: 34.10 | epoch: 1 | eta: 32.6m
step 01094/02205 (49.61%) [ns3_ftrl_eta0p1] | loss: 3.341273 | lrm: 1.00 | dt: 1770.45ms | tok/s: 296,131 | mfu: 33.80 | epoch: 1 | eta: 32.5m
step 01095/02205 (49.66%) [ns3_ftrl_eta0p1] | loss: 3.349738 | lrm: 1.00 | dt: 1760.40ms | tok/s: 297,822 | mfu: 34.00 | epoch: 1 | eta: 32.5m
step 01096/02205 (49.71%) [ns3_ftrl_eta0p1] | loss: 3.353406 | lrm: 1.00 | dt: 1757.09ms | tok/s: 298,385 | mfu: 34.06 | epoch: 1 | eta: 32.5m
step 01097/02205 (49.75%) [ns3_ftrl_eta0p1] | loss: 3.350034 | lrm: 1.00 | dt: 1759.36ms | tok/s: 298,000 | mfu: 34.02 | epoch: 1 | eta: 32.4m
step 01098/02205 (49.80%) [ns3_ftrl_eta0p1] | loss: 3.345910 | lrm: 1.00 | dt: 1753.32ms | tok/s: 299,026 | mfu: 34.13 | epoch: 1 | eta: 32.4m
step 01099/02205 (49.84%) [ns3_ftrl_eta0p1] | loss: 3.350387 | lrm: 1.00 | dt: 1750.03ms | tok/s: 299,588 | mfu: 34.20 | epoch: 1 | eta: 32.4m
step 01100/02205 (49.89%) [ns3_ftrl_eta0p1] | loss: 3.347988 | lrm: 1.00 | dt: 1756.46ms | tok/s: 298,491 | mfu: 34.07 | epoch: 1 | eta: 32.3m
step 01101/02205 (49.93%) [ns3_ftrl_eta0p1] | loss: 3.353297 | lrm: 1.00 | dt: 1758.35ms | tok/s: 298,170 | mfu: 34.04 | epoch: 1 | eta: 32.3m
step 01102/02205 (49.98%) [ns3_ftrl_eta0p1] | loss: 3.334046 | lrm: 1.00 | dt: 1754.49ms | tok/s: 298,826 | mfu: 34.11 | epoch: 1 | eta: 32.3m
step 01103/02205 (50.02%) [ns3_ftrl_eta0p1] | loss: 3.331321 | lrm: 1.00 | dt: 1762.60ms | tok/s: 297,451 | mfu: 33.95 | epoch: 1 | eta: 32.3m
step 01104/02205 (50.07%) [ns3_ftrl_eta0p1] | loss: 3.335470 | lrm: 1.00 | dt: 1753.66ms | tok/s: 298,967 | mfu: 34.13 | epoch: 1 | eta: 32.2m
step 01105/02205 (50.11%) [ns3_ftrl_eta0p1] | loss: 3.332182 | lrm: 1.00 | dt: 1754.47ms | tok/s: 298,830 | mfu: 34.11 | epoch: 1 | eta: 32.2m
step 01106/02205 (50.16%) [ns3_ftrl_eta0p1] | loss: 3.321965 | lrm: 1.00 | dt: 1768.56ms | tok/s: 296,449 | mfu: 33.84 | epoch: 1 | eta: 32.2m
step 01107/02205 (50.20%) [ns3_ftrl_eta0p1] | loss: 3.337913 | lrm: 1.00 | dt: 1753.96ms | tok/s: 298,916 | mfu: 34.12 | epoch: 1 | eta: 32.1m
step 01108/02205 (50.25%) [ns3_ftrl_eta0p1] | loss: 3.341257 | lrm: 1.00 | dt: 1765.21ms | tok/s: 297,011 | mfu: 33.90 | epoch: 1 | eta: 32.1m
step 01109/02205 (50.29%) [ns3_ftrl_eta0p1] | loss: 3.346739 | lrm: 0.99 | dt: 1760.50ms | tok/s: 297,806 | mfu: 33.99 | epoch: 1 | eta: 32.1m
step 01110/02205 (50.34%) [ns3_ftrl_eta0p1] | loss: 3.336582 | lrm: 0.99 | dt: 1761.74ms | tok/s: 297,597 | mfu: 33.97 | epoch: 1 | eta: 32.1m
step 01111/02205 (50.39%) [ns3_ftrl_eta0p1] | loss: 3.335682 | lrm: 0.99 | dt: 1751.11ms | tok/s: 299,402 | mfu: 34.18 | epoch: 1 | eta: 32.0m
step 01112/02205 (50.43%) [ns3_ftrl_eta0p1] | loss: 3.339973 | lrm: 0.99 | dt: 1762.76ms | tok/s: 297,423 | mfu: 33.95 | epoch: 1 | eta: 32.0m
step 01113/02205 (50.48%) [ns3_ftrl_eta0p1] | loss: 3.338984 | lrm: 0.99 | dt: 1764.84ms | tok/s: 297,073 | mfu: 33.91 | epoch: 1 | eta: 32.0m
step 01114/02205 (50.52%) [ns3_ftrl_eta0p1] | loss: 3.347538 | lrm: 0.99 | dt: 1755.88ms | tok/s: 298,589 | mfu: 34.08 | epoch: 1 | eta: 31.9m
step 01115/02205 (50.57%) [ns3_ftrl_eta0p1] | loss: 3.347972 | lrm: 0.99 | dt: 1757.13ms | tok/s: 298,377 | mfu: 34.06 | epoch: 1 | eta: 31.9m
step 01116/02205 (50.61%) [ns3_ftrl_eta0p1] | loss: 3.354768 | lrm: 0.99 | dt: 1766.56ms | tok/s: 296,785 | mfu: 33.88 | epoch: 1 | eta: 31.9m
step 01117/02205 (50.66%) [ns3_ftrl_eta0p1] | loss: 3.352036 | lrm: 0.99 | dt: 1755.69ms | tok/s: 298,621 | mfu: 34.09 | epoch: 1 | eta: 31.9m
step 01118/02205 (50.70%) [ns3_ftrl_eta0p1] | loss: 3.341344 | lrm: 0.99 | dt: 1755.98ms | tok/s: 298,573 | mfu: 34.08 | epoch: 1 | eta: 31.8m
step 01119/02205 (50.75%) [ns3_ftrl_eta0p1] | loss: 3.345292 | lrm: 0.99 | dt: 1754.02ms | tok/s: 298,906 | mfu: 34.12 | epoch: 1 | eta: 31.8m
step 01120/02205 (50.79%) [ns3_ftrl_eta0p1] | loss: 3.344877 | lrm: 0.98 | dt: 1760.69ms | tok/s: 297,774 | mfu: 33.99 | epoch: 1 | eta: 31.8m
step 01121/02205 (50.84%) [ns3_ftrl_eta0p1] | loss: 3.354461 | lrm: 0.98 | dt: 1756.69ms | tok/s: 298,451 | mfu: 34.07 | epoch: 1 | eta: 31.7m
step 01122/02205 (50.88%) [ns3_ftrl_eta0p1] | loss: 3.359582 | lrm: 0.98 | dt: 1755.24ms | tok/s: 298,698 | mfu: 34.10 | epoch: 1 | eta: 31.7m
step 01123/02205 (50.93%) [ns3_ftrl_eta0p1] | loss: 3.358702 | lrm: 0.98 | dt: 1768.36ms | tok/s: 296,482 | mfu: 33.84 | epoch: 1 | eta: 31.7m
step 01124/02205 (50.98%) [ns3_ftrl_eta0p1] | loss: 3.352946 | lrm: 0.98 | dt: 1756.65ms | tok/s: 298,459 | mfu: 34.07 | epoch: 1 | eta: 31.6m
step 01125/02205 (51.02%) [ns3_ftrl_eta0p1] | loss: 3.350852 | lrm: 0.98 | dt: 1754.74ms | tok/s: 298,783 | mfu: 34.11 | epoch: 1 | eta: 31.6m
step 01126/02205 (51.07%) [ns3_ftrl_eta0p1] | loss: 3.350143 | lrm: 0.98 | dt: 1765.48ms | tok/s: 296,966 | mfu: 33.90 | epoch: 1 | eta: 31.6m
step 01127/02205 (51.11%) [ns3_ftrl_eta0p1] | loss: 3.351581 | lrm: 0.98 | dt: 1757.39ms | tok/s: 298,333 | mfu: 34.06 | epoch: 1 | eta: 31.6m
step 01128/02205 (51.16%) [ns3_ftrl_eta0p1] | loss: 3.350093 | lrm: 0.98 | dt: 1757.39ms | tok/s: 298,333 | mfu: 34.06 | epoch: 1 | eta: 31.5m
step 01129/02205 (51.20%) [ns3_ftrl_eta0p1] | loss: 3.347757 | lrm: 0.98 | dt: 1762.86ms | tok/s: 297,407 | mfu: 33.95 | epoch: 1 | eta: 31.5m
step 01130/02205 (51.25%) [ns3_ftrl_eta0p1] | loss: 3.345374 | lrm: 0.98 | dt: 1754.99ms | tok/s: 298,740 | mfu: 34.10 | epoch: 1 | eta: 31.5m
step 01131/02205 (51.29%) [ns3_ftrl_eta0p1] | loss: 3.346031 | lrm: 0.97 | dt: 1765.60ms | tok/s: 296,946 | mfu: 33.90 | epoch: 1 | eta: 31.4m
step 01132/02205 (51.34%) [ns3_ftrl_eta0p1] | loss: 3.345882 | lrm: 0.97 | dt: 1754.40ms | tok/s: 298,842 | mfu: 34.11 | epoch: 1 | eta: 31.4m
step 01133/02205 (51.38%) [ns3_ftrl_eta0p1] | loss: 3.357693 | lrm: 0.97 | dt: 1756.85ms | tok/s: 298,425 | mfu: 34.07 | epoch: 1 | eta: 31.4m
step 01134/02205 (51.43%) [ns3_ftrl_eta0p1] | loss: 3.355936 | lrm: 0.97 | dt: 1761.54ms | tok/s: 297,630 | mfu: 33.97 | epoch: 1 | eta: 31.4m
step 01135/02205 (51.47%) [ns3_ftrl_eta0p1] | loss: 3.341065 | lrm: 0.97 | dt: 1758.33ms | tok/s: 298,174 | mfu: 34.04 | epoch: 1 | eta: 31.3m
step 01136/02205 (51.52%) [ns3_ftrl_eta0p1] | loss: 3.339479 | lrm: 0.97 | dt: 1755.89ms | tok/s: 298,587 | mfu: 34.08 | epoch: 1 | eta: 31.3m
step 01137/02205 (51.56%) [ns3_ftrl_eta0p1] | loss: 3.333992 | lrm: 0.97 | dt: 1753.93ms | tok/s: 298,921 | mfu: 34.12 | epoch: 1 | eta: 31.3m
step 01138/02205 (51.61%) [ns3_ftrl_eta0p1] | loss: 3.331659 | lrm: 0.97 | dt: 1770.00ms | tok/s: 296,207 | mfu: 33.81 | epoch: 1 | eta: 31.2m
step 01139/02205 (51.66%) [ns3_ftrl_eta0p1] | loss: 3.336361 | lrm: 0.97 | dt: 1754.22ms | tok/s: 298,873 | mfu: 34.12 | epoch: 1 | eta: 31.2m
step 01140/02205 (51.70%) [ns3_ftrl_eta0p1] | loss: 3.334495 | lrm: 0.97 | dt: 1754.02ms | tok/s: 298,905 | mfu: 34.12 | epoch: 1 | eta: 31.2m
step 01141/02205 (51.75%) [ns3_ftrl_eta0p1] | loss: 3.335742 | lrm: 0.97 | dt: 1762.48ms | tok/s: 297,472 | mfu: 33.96 | epoch: 1 | eta: 31.1m
step 01142/02205 (51.79%) [ns3_ftrl_eta0p1] | loss: 3.334560 | lrm: 0.96 | dt: 1755.90ms | tok/s: 298,587 | mfu: 34.08 | epoch: 1 | eta: 31.1m
step 01143/02205 (51.84%) [ns3_ftrl_eta0p1] | loss: 3.340199 | lrm: 0.96 | dt: 1754.30ms | tok/s: 298,859 | mfu: 34.12 | epoch: 1 | eta: 31.1m
step 01144/02205 (51.88%) [ns3_ftrl_eta0p1] | loss: 3.335717 | lrm: 0.96 | dt: 1767.59ms | tok/s: 296,612 | mfu: 33.86 | epoch: 1 | eta: 31.1m
step 01145/02205 (51.93%) [ns3_ftrl_eta0p1] | loss: 3.346919 | lrm: 0.96 | dt: 1758.84ms | tok/s: 298,086 | mfu: 34.03 | epoch: 1 | eta: 31.0m
step 01146/02205 (51.97%) [ns3_ftrl_eta0p1] | loss: 3.347142 | lrm: 0.96 | dt: 1764.69ms | tok/s: 297,099 | mfu: 33.91 | epoch: 1 | eta: 31.0m
step 01147/02205 (52.02%) [ns3_ftrl_eta0p1] | loss: 3.349133 | lrm: 0.96 | dt: 1756.90ms | tok/s: 298,416 | mfu: 34.06 | epoch: 1 | eta: 31.0m
step 01148/02205 (52.06%) [ns3_ftrl_eta0p1] | loss: 3.351633 | lrm: 0.96 | dt: 1769.14ms | tok/s: 296,352 | mfu: 33.83 | epoch: 1 | eta: 30.9m
step 01149/02205 (52.11%) [ns3_ftrl_eta0p1] | loss: 3.341595 | lrm: 0.96 | dt: 1752.31ms | tok/s: 299,198 | mfu: 34.15 | epoch: 1 | eta: 30.9m
step 01150/02205 (52.15%) [ns3_ftrl_eta0p1] | loss: 3.338677 | lrm: 0.96 | dt: 1756.02ms | tok/s: 298,565 | mfu: 34.08 | epoch: 1 | eta: 30.9m
step 01151/02205 (52.20%) [ns3_ftrl_eta0p1] | loss: 3.332361 | lrm: 0.96 | dt: 1760.16ms | tok/s: 297,863 | mfu: 34.00 | epoch: 1 | eta: 30.9m
step 01152/02205 (52.24%) [ns3_ftrl_eta0p1] | loss: 3.326433 | lrm: 0.96 | dt: 1753.30ms | tok/s: 299,029 | mfu: 34.13 | epoch: 1 | eta: 30.8m
step 01153/02205 (52.29%) [ns3_ftrl_eta0p1] | loss: 3.315506 | lrm: 0.95 | dt: 1751.00ms | tok/s: 299,422 | mfu: 34.18 | epoch: 1 | eta: 30.8m
step 01154/02205 (52.34%) [ns3_ftrl_eta0p1] | loss: 3.320842 | lrm: 0.95 | dt: 1757.49ms | tok/s: 298,316 | mfu: 34.05 | epoch: 1 | eta: 30.8m
step 01155/02205 (52.38%) [ns3_ftrl_eta0p1] | loss: 3.325576 | lrm: 0.95 | dt: 1754.89ms | tok/s: 298,757 | mfu: 34.10 | epoch: 1 | eta: 30.7m
step 01156/02205 (52.43%) [ns3_ftrl_eta0p1] | loss: 3.325263 | lrm: 0.95 | dt: 1754.72ms | tok/s: 298,786 | mfu: 34.11 | epoch: 1 | eta: 30.7m
step 01157/02205 (52.47%) [ns3_ftrl_eta0p1] | loss: 3.328277 | lrm: 0.95 | dt: 1763.69ms | tok/s: 297,268 | mfu: 33.93 | epoch: 1 | eta: 30.7m
step 01158/02205 (52.52%) [ns3_ftrl_eta0p1] | loss: 3.332496 | lrm: 0.95 | dt: 1757.21ms | tok/s: 298,364 | mfu: 34.06 | epoch: 1 | eta: 30.7m
step 01159/02205 (52.56%) [ns3_ftrl_eta0p1] | loss: 3.330297 | lrm: 0.95 | dt: 1764.85ms | tok/s: 297,072 | mfu: 33.91 | epoch: 1 | eta: 30.6m
step 01160/02205 (52.61%) [ns3_ftrl_eta0p1] | loss: 3.330899 | lrm: 0.95 | dt: 1756.32ms | tok/s: 298,514 | mfu: 34.08 | epoch: 1 | eta: 30.6m
step 01161/02205 (52.65%) [ns3_ftrl_eta0p1] | loss: 3.324310 | lrm: 0.95 | dt: 1757.28ms | tok/s: 298,351 | mfu: 34.06 | epoch: 1 | eta: 30.6m
step 01162/02205 (52.70%) [ns3_ftrl_eta0p1] | loss: 3.318547 | lrm: 0.95 | dt: 1756.56ms | tok/s: 298,473 | mfu: 34.07 | epoch: 1 | eta: 30.5m
step 01163/02205 (52.74%) [ns3_ftrl_eta0p1] | loss: 3.312038 | lrm: 0.95 | dt: 1760.84ms | tok/s: 297,748 | mfu: 33.99 | epoch: 1 | eta: 30.5m
step 01164/02205 (52.79%) [ns3_ftrl_eta0p1] | loss: 3.305602 | lrm: 0.94 | dt: 1755.79ms | tok/s: 298,605 | mfu: 34.09 | epoch: 1 | eta: 30.5m
step 01165/02205 (52.83%) [ns3_ftrl_eta0p1] | loss: 3.297833 | lrm: 0.94 | dt: 1761.16ms | tok/s: 297,695 | mfu: 33.98 | epoch: 1 | eta: 30.4m
step 01166/02205 (52.88%) [ns3_ftrl_eta0p1] | loss: 3.302078 | lrm: 0.94 | dt: 1761.48ms | tok/s: 297,640 | mfu: 33.98 | epoch: 1 | eta: 30.4m
step 01167/02205 (52.93%) [ns3_ftrl_eta0p1] | loss: 3.305201 | lrm: 0.94 | dt: 1766.48ms | tok/s: 296,797 | mfu: 33.88 | epoch: 1 | eta: 30.4m
step 01168/02205 (52.97%) [ns3_ftrl_eta0p1] | loss: 3.314216 | lrm: 0.94 | dt: 1755.07ms | tok/s: 298,727 | mfu: 34.10 | epoch: 1 | eta: 30.4m
step 01169/02205 (53.02%) [ns3_ftrl_eta0p1] | loss: 3.316006 | lrm: 0.94 | dt: 1754.06ms | tok/s: 298,899 | mfu: 34.12 | epoch: 1 | eta: 30.3m
step 01170/02205 (53.06%) [ns3_ftrl_eta0p1] | loss: 3.312699 | lrm: 0.94 | dt: 1753.27ms | tok/s: 299,034 | mfu: 34.14 | epoch: 1 | eta: 30.3m
step 01171/02205 (53.11%) [ns3_ftrl_eta0p1] | loss: 3.309208 | lrm: 0.94 | dt: 1762.56ms | tok/s: 297,459 | mfu: 33.96 | epoch: 1 | eta: 30.3m
step 01172/02205 (53.15%) [ns3_ftrl_eta0p1] | loss: 3.315403 | lrm: 0.94 | dt: 1761.44ms | tok/s: 297,646 | mfu: 33.98 | epoch: 1 | eta: 30.2m
step 01173/02205 (53.20%) [ns3_ftrl_eta0p1] | loss: 3.322513 | lrm: 0.94 | dt: 1754.24ms | tok/s: 298,869 | mfu: 34.12 | epoch: 1 | eta: 30.2m
step 01174/02205 (53.24%) [ns3_ftrl_eta0p1] | loss: 3.328087 | lrm: 0.94 | dt: 1765.96ms | tok/s: 296,886 | mfu: 33.89 | epoch: 1 | eta: 30.2m
step 01175/02205 (53.29%) [ns3_ftrl_eta0p1] | loss: 3.338205 | lrm: 0.93 | dt: 1758.13ms | tok/s: 298,208 | mfu: 34.04 | epoch: 1 | eta: 30.2m
step 01176/02205 (53.33%) [ns3_ftrl_eta0p1] | loss: 3.346422 | lrm: 0.93 | dt: 1767.21ms | tok/s: 296,675 | mfu: 33.87 | epoch: 1 | eta: 30.1m
step 01177/02205 (53.38%) [ns3_ftrl_eta0p1] | loss: 3.342867 | lrm: 0.93 | dt: 1757.33ms | tok/s: 298,344 | mfu: 34.06 | epoch: 1 | eta: 30.1m
step 01178/02205 (53.42%) [ns3_ftrl_eta0p1] | loss: 3.345086 | lrm: 0.93 | dt: 1765.78ms | tok/s: 296,916 | mfu: 33.89 | epoch: 1 | eta: 30.1m
step 01179/02205 (53.47%) [ns3_ftrl_eta0p1] | loss: 3.340733 | lrm: 0.93 | dt: 1759.41ms | tok/s: 297,990 | mfu: 34.02 | epoch: 1 | eta: 30.0m
step 01180/02205 (53.51%) [ns3_ftrl_eta0p1] | loss: 3.329003 | lrm: 0.93 | dt: 1753.30ms | tok/s: 299,029 | mfu: 34.13 | epoch: 1 | eta: 30.0m
step 01181/02205 (53.56%) [ns3_ftrl_eta0p1] | loss: 3.329665 | lrm: 0.93 | dt: 1757.97ms | tok/s: 298,235 | mfu: 34.04 | epoch: 1 | eta: 30.0m
step 01182/02205 (53.61%) [ns3_ftrl_eta0p1] | loss: 3.332171 | lrm: 0.93 | dt: 1762.95ms | tok/s: 297,393 | mfu: 33.95 | epoch: 1 | eta: 30.0m
step 01183/02205 (53.65%) [ns3_ftrl_eta0p1] | loss: 3.334319 | lrm: 0.93 | dt: 1753.75ms | tok/s: 298,953 | mfu: 34.13 | epoch: 1 | eta: 29.9m
step 01184/02205 (53.70%) [ns3_ftrl_eta0p1] | loss: 3.335119 | lrm: 0.93 | dt: 1755.76ms | tok/s: 298,610 | mfu: 34.09 | epoch: 1 | eta: 29.9m
step 01185/02205 (53.74%) [ns3_ftrl_eta0p1] | loss: 3.344552 | lrm: 0.93 | dt: 1765.38ms | tok/s: 296,982 | mfu: 33.90 | epoch: 1 | eta: 29.9m
step 01186/02205 (53.79%) [ns3_ftrl_eta0p1] | loss: 3.339995 | lrm: 0.92 | dt: 1757.67ms | tok/s: 298,286 | mfu: 34.05 | epoch: 1 | eta: 29.8m
step 01187/02205 (53.83%) [ns3_ftrl_eta0p1] | loss: 3.331870 | lrm: 0.92 | dt: 1769.86ms | tok/s: 296,231 | mfu: 33.82 | epoch: 1 | eta: 29.8m
step 01188/02205 (53.88%) [ns3_ftrl_eta0p1] | loss: 3.334562 | lrm: 0.92 | dt: 1755.34ms | tok/s: 298,681 | mfu: 34.09 | epoch: 1 | eta: 29.8m
step 01189/02205 (53.92%) [ns3_ftrl_eta0p1] | loss: 3.330400 | lrm: 0.92 | dt: 1752.52ms | tok/s: 299,162 | mfu: 34.15 | epoch: 1 | eta: 29.7m
step 01190/02205 (53.97%) [ns3_ftrl_eta0p1] | loss: 3.323782 | lrm: 0.92 | dt: 1765.84ms | tok/s: 296,905 | mfu: 33.89 | epoch: 1 | eta: 29.7m
step 01191/02205 (54.01%) [ns3_ftrl_eta0p1] | loss: 3.330948 | lrm: 0.92 | dt: 1759.23ms | tok/s: 298,021 | mfu: 34.02 | epoch: 1 | eta: 29.7m
step 01192/02205 (54.06%) [ns3_ftrl_eta0p1] | loss: 3.332841 | lrm: 0.92 | dt: 1753.01ms | tok/s: 299,077 | mfu: 34.14 | epoch: 1 | eta: 29.7m
step 01193/02205 (54.10%) [ns3_ftrl_eta0p1] | loss: 3.327352 | lrm: 0.92 | dt: 1765.26ms | tok/s: 297,003 | mfu: 33.90 | epoch: 1 | eta: 29.6m
step 01194/02205 (54.15%) [ns3_ftrl_eta0p1] | loss: 3.327060 | lrm: 0.92 | dt: 1759.95ms | tok/s: 297,898 | mfu: 34.01 | epoch: 1 | eta: 29.6m
step 01195/02205 (54.20%) [ns3_ftrl_eta0p1] | loss: 3.332141 | lrm: 0.92 | dt: 1751.89ms | tok/s: 299,269 | mfu: 34.16 | epoch: 1 | eta: 29.6m
step 01196/02205 (54.24%) [ns3_ftrl_eta0p1] | loss: 3.330338 | lrm: 0.92 | dt: 1756.42ms | tok/s: 298,498 | mfu: 34.07 | epoch: 1 | eta: 29.5m
step 01197/02205 (54.29%) [ns3_ftrl_eta0p1] | loss: 3.328590 | lrm: 0.91 | dt: 1766.81ms | tok/s: 296,743 | mfu: 33.87 | epoch: 1 | eta: 29.5m
step 01198/02205 (54.33%) [ns3_ftrl_eta0p1] | loss: 3.337565 | lrm: 0.91 | dt: 1754.01ms | tok/s: 298,908 | mfu: 34.12 | epoch: 1 | eta: 29.5m
step 01199/02205 (54.38%) [ns3_ftrl_eta0p1] | loss: 3.334953 | lrm: 0.91 | dt: 1766.79ms | tok/s: 296,746 | mfu: 33.87 | epoch: 1 | eta: 29.5m
step 01200/02205 (54.42%) [ns3_ftrl_eta0p1] | loss: 3.327186 | lrm: 0.91 | dt: 1759.02ms | tok/s: 298,057 | mfu: 34.02 | epoch: 1 | eta: 29.4m
step 01201/02205 (54.47%) [ns3_ftrl_eta0p1] | loss: 3.325407 | lrm: 0.91 | dt: 1752.85ms | tok/s: 299,106 | mfu: 34.14 | epoch: 1 | eta: 29.4m
step 01202/02205 (54.51%) [ns3_ftrl_eta0p1] | loss: 3.321035 | lrm: 0.91 | dt: 1765.14ms | tok/s: 297,023 | mfu: 33.91 | epoch: 1 | eta: 29.4m
step 01203/02205 (54.56%) [ns3_ftrl_eta0p1] | loss: 3.323995 | lrm: 0.91 | dt: 1764.47ms | tok/s: 297,135 | mfu: 33.92 | epoch: 1 | eta: 29.3m
step 01204/02205 (54.60%) [ns3_ftrl_eta0p1] | loss: 3.316382 | lrm: 0.91 | dt: 1767.01ms | tok/s: 296,708 | mfu: 33.87 | epoch: 1 | eta: 29.3m
step 01205/02205 (54.65%) [ns3_ftrl_eta0p1] | loss: 3.323809 | lrm: 0.91 | dt: 1769.16ms | tok/s: 296,348 | mfu: 33.83 | epoch: 1 | eta: 29.3m
step 01206/02205 (54.69%) [ns3_ftrl_eta0p1] | loss: 3.326851 | lrm: 0.91 | dt: 1759.15ms | tok/s: 298,034 | mfu: 34.02 | epoch: 1 | eta: 29.2m
step 01207/02205 (54.74%) [ns3_ftrl_eta0p1] | loss: 3.330392 | lrm: 0.91 | dt: 1767.27ms | tok/s: 296,665 | mfu: 33.86 | epoch: 1 | eta: 29.2m
step 01208/02205 (54.78%) [ns3_ftrl_eta0p1] | loss: 3.326451 | lrm: 0.90 | dt: 1756.37ms | tok/s: 298,506 | mfu: 34.07 | epoch: 1 | eta: 29.2m
step 01209/02205 (54.83%) [ns3_ftrl_eta0p1] | loss: 3.331291 | lrm: 0.90 | dt: 1769.31ms | tok/s: 296,322 | mfu: 33.83 | epoch: 1 | eta: 29.2m
step 01210/02205 (54.88%) [ns3_ftrl_eta0p1] | loss: 3.337599 | lrm: 0.90 | dt: 1759.95ms | tok/s: 297,899 | mfu: 34.01 | epoch: 1 | eta: 29.1m
step 01211/02205 (54.92%) [ns3_ftrl_eta0p1] | loss: 3.340796 | lrm: 0.90 | dt: 1762.19ms | tok/s: 297,521 | mfu: 33.96 | epoch: 1 | eta: 29.1m
step 01212/02205 (54.97%) [ns3_ftrl_eta0p1] | loss: 3.340359 | lrm: 0.90 | dt: 1756.20ms | tok/s: 298,535 | mfu: 34.08 | epoch: 1 | eta: 29.1m
step 01213/02205 (55.01%) [ns3_ftrl_eta0p1] | loss: 3.330402 | lrm: 0.90 | dt: 1754.21ms | tok/s: 298,874 | mfu: 34.12 | epoch: 1 | eta: 29.0m
step 01214/02205 (55.06%) [ns3_ftrl_eta0p1] | loss: 3.325815 | lrm: 0.90 | dt: 1751.67ms | tok/s: 299,307 | mfu: 34.17 | epoch: 1 | eta: 29.0m
step 01215/02205 (55.10%) [ns3_ftrl_eta0p1] | loss: 3.323842 | lrm: 0.90 | dt: 1769.17ms | tok/s: 296,346 | mfu: 33.83 | epoch: 1 | eta: 29.0m
step 01216/02205 (55.15%) [ns3_ftrl_eta0p1] | loss: 3.321197 | lrm: 0.90 | dt: 1756.83ms | tok/s: 298,429 | mfu: 34.07 | epoch: 1 | eta: 29.0m
step 01217/02205 (55.19%) [ns3_ftrl_eta0p1] | loss: 3.316084 | lrm: 0.90 | dt: 1765.36ms | tok/s: 296,986 | mfu: 33.90 | epoch: 1 | eta: 28.9m
step 01218/02205 (55.24%) [ns3_ftrl_eta0p1] | loss: 3.318486 | lrm: 0.90 | dt: 1756.91ms | tok/s: 298,415 | mfu: 34.06 | epoch: 1 | eta: 28.9m
step 01219/02205 (55.28%) [ns3_ftrl_eta0p1] | loss: 3.312130 | lrm: 0.89 | dt: 1771.63ms | tok/s: 295,935 | mfu: 33.78 | epoch: 1 | eta: 28.9m
step 01220/02205 (55.33%) [ns3_ftrl_eta0p1] | loss: 3.319804 | lrm: 0.89 | dt: 1769.23ms | tok/s: 296,337 | mfu: 33.83 | epoch: 1 | eta: 28.8m
step 01221/02205 (55.37%) [ns3_ftrl_eta0p1] | loss: 3.326970 | lrm: 0.89 | dt: 1755.08ms | tok/s: 298,726 | mfu: 34.10 | epoch: 1 | eta: 28.8m
step 01222/02205 (55.42%) [ns3_ftrl_eta0p1] | loss: 3.321457 | lrm: 0.89 | dt: 1759.52ms | tok/s: 297,971 | mfu: 34.01 | epoch: 1 | eta: 28.8m
step 01223/02205 (55.46%) [ns3_ftrl_eta0p1] | loss: 3.314504 | lrm: 0.89 | dt: 1766.11ms | tok/s: 296,860 | mfu: 33.89 | epoch: 1 | eta: 28.8m
step 01224/02205 (55.51%) [ns3_ftrl_eta0p1] | loss: 3.310952 | lrm: 0.89 | dt: 1752.89ms | tok/s: 299,100 | mfu: 34.14 | epoch: 1 | eta: 28.7m
step 01225/02205 (55.56%) [ns3_ftrl_eta0p1] | loss: 3.312445 | lrm: 0.89 | dt: 1768.59ms | tok/s: 296,444 | mfu: 33.84 | epoch: 1 | eta: 28.7m
step 01226/02205 (55.60%) [ns3_ftrl_eta0p1] | loss: 3.317373 | lrm: 0.89 | dt: 1763.04ms | tok/s: 297,376 | mfu: 33.95 | epoch: 1 | eta: 28.7m
step 01227/02205 (55.65%) [ns3_ftrl_eta0p1] | loss: 3.315163 | lrm: 0.89 | dt: 1766.99ms | tok/s: 296,711 | mfu: 33.87 | epoch: 1 | eta: 28.6m
step 01228/02205 (55.69%) [ns3_ftrl_eta0p1] | loss: 3.301964 | lrm: 0.89 | dt: 1770.13ms | tok/s: 296,186 | mfu: 33.81 | epoch: 1 | eta: 28.6m
step 01229/02205 (55.74%) [ns3_ftrl_eta0p1] | loss: 3.302095 | lrm: 0.89 | dt: 1768.24ms | tok/s: 296,502 | mfu: 33.85 | epoch: 1 | eta: 28.6m
step 01230/02205 (55.78%) [ns3_ftrl_eta0p1] | loss: 3.301203 | lrm: 0.88 | dt: 1763.97ms | tok/s: 297,220 | mfu: 33.93 | epoch: 1 | eta: 28.5m
step 01231/02205 (55.83%) [ns3_ftrl_eta0p1] | loss: 3.284088 | lrm: 0.88 | dt: 1767.35ms | tok/s: 296,652 | mfu: 33.86 | epoch: 1 | eta: 28.5m
step 01232/02205 (55.87%) [ns3_ftrl_eta0p1] | loss: 3.291323 | lrm: 0.88 | dt: 1771.89ms | tok/s: 295,892 | mfu: 33.78 | epoch: 1 | eta: 28.5m
step 01233/02205 (55.92%) [ns3_ftrl_eta0p1] | loss: 3.295790 | lrm: 0.88 | dt: 1772.81ms | tok/s: 295,739 | mfu: 33.76 | epoch: 1 | eta: 28.5m
step 01234/02205 (55.96%) [ns3_ftrl_eta0p1] | loss: 3.297094 | lrm: 0.88 | dt: 1755.10ms | tok/s: 298,722 | mfu: 34.10 | epoch: 1 | eta: 28.4m
step 01235/02205 (56.01%) [ns3_ftrl_eta0p1] | loss: 3.307342 | lrm: 0.88 | dt: 1768.35ms | tok/s: 296,484 | mfu: 33.84 | epoch: 1 | eta: 28.4m
step 01236/02205 (56.05%) [ns3_ftrl_eta0p1] | loss: 3.309965 | lrm: 0.88 | dt: 1757.18ms | tok/s: 298,369 | mfu: 34.06 | epoch: 1 | eta: 28.4m
step 01237/02205 (56.10%) [ns3_ftrl_eta0p1] | loss: 3.309183 | lrm: 0.88 | dt: 1775.06ms | tok/s: 295,363 | mfu: 33.72 | epoch: 1 | eta: 28.3m
step 01238/02205 (56.15%) [ns3_ftrl_eta0p1] | loss: 3.309042 | lrm: 0.88 | dt: 1768.36ms | tok/s: 296,481 | mfu: 33.84 | epoch: 1 | eta: 28.3m
step 01239/02205 (56.19%) [ns3_ftrl_eta0p1] | loss: 3.297966 | lrm: 0.88 | dt: 1758.29ms | tok/s: 298,180 | mfu: 34.04 | epoch: 1 | eta: 28.3m
step 01240/02205 (56.24%) [ns3_ftrl_eta0p1] | loss: 3.295878 | lrm: 0.88 | dt: 1766.39ms | tok/s: 296,813 | mfu: 33.88 | epoch: 1 | eta: 28.3m
step 01241/02205 (56.28%) [ns3_ftrl_eta0p1] | loss: 3.310029 | lrm: 0.87 | dt: 1770.37ms | tok/s: 296,146 | mfu: 33.81 | epoch: 1 | eta: 28.2m
step 01242/02205 (56.33%) [ns3_ftrl_eta0p1] | loss: 3.308146 | lrm: 0.87 | dt: 1770.65ms | tok/s: 296,099 | mfu: 33.80 | epoch: 1 | eta: 28.2m
step 01243/02205 (56.37%) [ns3_ftrl_eta0p1] | loss: 3.298974 | lrm: 0.87 | dt: 1755.15ms | tok/s: 298,713 | mfu: 34.10 | epoch: 1 | eta: 28.2m
step 01244/02205 (56.42%) [ns3_ftrl_eta0p1] | loss: 3.297248 | lrm: 0.87 | dt: 1771.16ms | tok/s: 296,013 | mfu: 33.79 | epoch: 1 | eta: 28.1m
step 01245/02205 (56.46%) [ns3_ftrl_eta0p1] | loss: 3.301981 | lrm: 0.87 | dt: 1769.96ms | tok/s: 296,214 | mfu: 33.81 | epoch: 1 | eta: 28.1m
step 01246/02205 (56.51%) [ns3_ftrl_eta0p1] | loss: 3.300005 | lrm: 0.87 | dt: 1756.83ms | tok/s: 298,428 | mfu: 34.07 | epoch: 1 | eta: 28.1m
step 01247/02205 (56.55%) [ns3_ftrl_eta0p1] | loss: 3.285434 | lrm: 0.87 | dt: 1768.04ms | tok/s: 296,536 | mfu: 33.85 | epoch: 1 | eta: 28.1m
step 01248/02205 (56.60%) [ns3_ftrl_eta0p1] | loss: 3.291765 | lrm: 0.87 | dt: 1766.24ms | tok/s: 296,838 | mfu: 33.88 | epoch: 1 | eta: 28.0m
step 01249/02205 (56.64%) [ns3_ftrl_eta0p1] | loss: 3.298428 | lrm: 0.87 | dt: 1764.16ms | tok/s: 297,188 | mfu: 33.92 | epoch: 1 | eta: 28.0m
Step 01250 | val bpb: 0.969303
step 01250/02205 (56.69%) [ns3_ftrl_eta0p1] | loss: 3.302541 | lrm: 0.87 | dt: 1712.95ms | tok/s: 306,073 | mfu: 34.94 | epoch: 1 | eta: 28.0m
step 01251/02205 (56.73%) [ns3_ftrl_eta0p1] | loss: 3.307794 | lrm: 0.87 | dt: 1736.11ms | tok/s: 301,989 | mfu: 34.47 | epoch: 1 | eta: 27.9m
step 01252/02205 (56.78%) [ns3_ftrl_eta0p1] | loss: 3.292239 | lrm: 0.86 | dt: 1742.19ms | tok/s: 300,936 | mfu: 34.35 | epoch: 1 | eta: 27.9m
step 01253/02205 (56.83%) [ns3_ftrl_eta0p1] | loss: 3.295553 | lrm: 0.86 | dt: 1737.65ms | tok/s: 301,723 | mfu: 34.44 | epoch: 1 | eta: 27.9m
step 01254/02205 (56.87%) [ns3_ftrl_eta0p1] | loss: 3.296719 | lrm: 0.86 | dt: 1730.40ms | tok/s: 302,986 | mfu: 34.59 | epoch: 1 | eta: 27.8m
step 01255/02205 (56.92%) [ns3_ftrl_eta0p1] | loss: 3.307484 | lrm: 0.86 | dt: 1735.03ms | tok/s: 302,178 | mfu: 34.49 | epoch: 1 | eta: 27.8m
step 01256/02205 (56.96%) [ns3_ftrl_eta0p1] | loss: 3.306145 | lrm: 0.86 | dt: 1740.71ms | tok/s: 301,192 | mfu: 34.38 | epoch: 1 | eta: 27.8m
step 01257/02205 (57.01%) [ns3_ftrl_eta0p1] | loss: 3.309449 | lrm: 0.86 | dt: 1736.55ms | tok/s: 301,913 | mfu: 34.46 | epoch: 1 | eta: 27.8m
step 01258/02205 (57.05%) [ns3_ftrl_eta0p1] | loss: 3.317306 | lrm: 0.86 | dt: 1747.43ms | tok/s: 300,033 | mfu: 34.25 | epoch: 1 | eta: 27.7m
step 01259/02205 (57.10%) [ns3_ftrl_eta0p1] | loss: 3.311572 | lrm: 0.86 | dt: 1739.95ms | tok/s: 301,322 | mfu: 34.40 | epoch: 1 | eta: 27.7m
step 01260/02205 (57.14%) [ns3_ftrl_eta0p1] | loss: 3.317832 | lrm: 0.86 | dt: 1744.49ms | tok/s: 300,540 | mfu: 34.31 | epoch: 1 | eta: 27.7m
step 01261/02205 (57.19%) [ns3_ftrl_eta0p1] | loss: 3.314689 | lrm: 0.86 | dt: 1743.22ms | tok/s: 300,758 | mfu: 34.33 | epoch: 1 | eta: 27.6m
step 01262/02205 (57.23%) [ns3_ftrl_eta0p1] | loss: 3.317420 | lrm: 0.86 | dt: 1747.57ms | tok/s: 300,008 | mfu: 34.25 | epoch: 1 | eta: 27.6m
step 01263/02205 (57.28%) [ns3_ftrl_eta0p1] | loss: 3.314940 | lrm: 0.85 | dt: 1743.79ms | tok/s: 300,659 | mfu: 34.32 | epoch: 1 | eta: 27.6m
step 01264/02205 (57.32%) [ns3_ftrl_eta0p1] | loss: 3.322178 | lrm: 0.85 | dt: 1751.51ms | tok/s: 299,335 | mfu: 34.17 | epoch: 1 | eta: 27.6m
step 01265/02205 (57.37%) [ns3_ftrl_eta0p1] | loss: 3.311628 | lrm: 0.85 | dt: 1743.72ms | tok/s: 300,671 | mfu: 34.32 | epoch: 1 | eta: 27.5m
step 01266/02205 (57.41%) [ns3_ftrl_eta0p1] | loss: 3.310458 | lrm: 0.85 | dt: 1751.56ms | tok/s: 299,325 | mfu: 34.17 | epoch: 1 | eta: 27.5m
step 01267/02205 (57.46%) [ns3_ftrl_eta0p1] | loss: 3.307570 | lrm: 0.85 | dt: 1751.66ms | tok/s: 299,308 | mfu: 34.17 | epoch: 1 | eta: 27.5m
step 01268/02205 (57.51%) [ns3_ftrl_eta0p1] | loss: 3.312356 | lrm: 0.85 | dt: 1745.14ms | tok/s: 300,426 | mfu: 34.29 | epoch: 1 | eta: 27.4m
step 01269/02205 (57.55%) [ns3_ftrl_eta0p1] | loss: 3.320188 | lrm: 0.85 | dt: 1752.53ms | tok/s: 299,160 | mfu: 34.15 | epoch: 1 | eta: 27.4m
step 01270/02205 (57.60%) [ns3_ftrl_eta0p1] | loss: 3.315639 | lrm: 0.85 | dt: 1751.10ms | tok/s: 299,405 | mfu: 34.18 | epoch: 1 | eta: 27.4m
step 01271/02205 (57.64%) [ns3_ftrl_eta0p1] | loss: 3.308304 | lrm: 0.85 | dt: 1748.59ms | tok/s: 299,834 | mfu: 34.23 | epoch: 1 | eta: 27.3m
step 01272/02205 (57.69%) [ns3_ftrl_eta0p1] | loss: 3.310258 | lrm: 0.85 | dt: 1752.35ms | tok/s: 299,191 | mfu: 34.15 | epoch: 1 | eta: 27.3m
step 01273/02205 (57.73%) [ns3_ftrl_eta0p1] | loss: 3.308854 | lrm: 0.85 | dt: 1752.13ms | tok/s: 299,229 | mfu: 34.16 | epoch: 1 | eta: 27.3m
step 01274/02205 (57.78%) [ns3_ftrl_eta0p1] | loss: 3.306246 | lrm: 0.84 | dt: 1749.48ms | tok/s: 299,682 | mfu: 34.21 | epoch: 1 | eta: 27.3m
step 01275/02205 (57.82%) [ns3_ftrl_eta0p1] | loss: 3.297725 | lrm: 0.84 | dt: 1753.99ms | tok/s: 298,911 | mfu: 34.12 | epoch: 1 | eta: 27.2m
step 01276/02205 (57.87%) [ns3_ftrl_eta0p1] | loss: 3.301530 | lrm: 0.84 | dt: 1753.39ms | tok/s: 299,013 | mfu: 34.13 | epoch: 1 | eta: 27.2m
step 01277/02205 (57.91%) [ns3_ftrl_eta0p1] | loss: 3.312232 | lrm: 0.84 | dt: 1754.34ms | tok/s: 298,851 | mfu: 34.11 | epoch: 1 | eta: 27.2m
step 01278/02205 (57.96%) [ns3_ftrl_eta0p1] | loss: 3.312398 | lrm: 0.84 | dt: 1754.59ms | tok/s: 298,808 | mfu: 34.11 | epoch: 1 | eta: 27.1m
step 01279/02205 (58.00%) [ns3_ftrl_eta0p1] | loss: 3.307285 | lrm: 0.84 | dt: 1754.45ms | tok/s: 298,833 | mfu: 34.11 | epoch: 1 | eta: 27.1m
step 01280/02205 (58.05%) [ns3_ftrl_eta0p1] | loss: 3.312400 | lrm: 0.84 | dt: 1751.58ms | tok/s: 299,323 | mfu: 34.17 | epoch: 1 | eta: 27.1m
step 01281/02205 (58.10%) [ns3_ftrl_eta0p1] | loss: 3.309463 | lrm: 0.84 | dt: 1756.28ms | tok/s: 298,521 | mfu: 34.08 | epoch: 1 | eta: 27.1m
step 01282/02205 (58.14%) [ns3_ftrl_eta0p1] | loss: 3.304601 | lrm: 0.84 | dt: 1752.53ms | tok/s: 299,160 | mfu: 34.15 | epoch: 1 | eta: 27.0m
step 01283/02205 (58.19%) [ns3_ftrl_eta0p1] | loss: 3.294991 | lrm: 0.84 | dt: 1759.95ms | tok/s: 297,899 | mfu: 34.01 | epoch: 1 | eta: 27.0m
step 01284/02205 (58.23%) [ns3_ftrl_eta0p1] | loss: 3.295100 | lrm: 0.84 | dt: 1758.54ms | tok/s: 298,138 | mfu: 34.03 | epoch: 1 | eta: 27.0m
step 01285/02205 (58.28%) [ns3_ftrl_eta0p1] | loss: 3.286591 | lrm: 0.83 | dt: 1752.69ms | tok/s: 299,132 | mfu: 34.15 | epoch: 1 | eta: 26.9m
step 01286/02205 (58.32%) [ns3_ftrl_eta0p1] | loss: 3.291986 | lrm: 0.83 | dt: 1754.53ms | tok/s: 298,819 | mfu: 34.11 | epoch: 1 | eta: 26.9m
step 01287/02205 (58.37%) [ns3_ftrl_eta0p1] | loss: 3.296156 | lrm: 0.83 | dt: 1754.54ms | tok/s: 298,817 | mfu: 34.11 | epoch: 1 | eta: 26.9m
step 01288/02205 (58.41%) [ns3_ftrl_eta0p1] | loss: 3.307113 | lrm: 0.83 | dt: 1761.53ms | tok/s: 297,632 | mfu: 33.98 | epoch: 1 | eta: 26.8m
step 01289/02205 (58.46%) [ns3_ftrl_eta0p1] | loss: 3.306859 | lrm: 0.83 | dt: 1761.67ms | tok/s: 297,608 | mfu: 33.97 | epoch: 1 | eta: 26.8m
step 01290/02205 (58.50%) [ns3_ftrl_eta0p1] | loss: 3.311030 | lrm: 0.83 | dt: 1764.15ms | tok/s: 297,190 | mfu: 33.92 | epoch: 1 | eta: 26.8m
step 01291/02205 (58.55%) [ns3_ftrl_eta0p1] | loss: 3.317575 | lrm: 0.83 | dt: 1755.53ms | tok/s: 298,648 | mfu: 34.09 | epoch: 1 | eta: 26.8m
step 01292/02205 (58.59%) [ns3_ftrl_eta0p1] | loss: 3.325964 | lrm: 0.83 | dt: 1757.34ms | tok/s: 298,341 | mfu: 34.06 | epoch: 1 | eta: 26.7m
step 01293/02205 (58.64%) [ns3_ftrl_eta0p1] | loss: 3.325506 | lrm: 0.83 | dt: 1761.03ms | tok/s: 297,716 | mfu: 33.98 | epoch: 1 | eta: 26.7m
step 01294/02205 (58.68%) [ns3_ftrl_eta0p1] | loss: 3.321278 | lrm: 0.83 | dt: 1722.19ms | tok/s: 304,431 | mfu: 34.75 | epoch: 1 | eta: 26.7m
step 01295/02205 (58.73%) [ns3_ftrl_eta0p1] | loss: 3.322236 | lrm: 0.83 | dt: 1770.61ms | tok/s: 296,106 | mfu: 33.80 | epoch: 1 | eta: 26.6m
step 01296/02205 (58.78%) [ns3_ftrl_eta0p1] | loss: 3.315962 | lrm: 0.82 | dt: 1758.38ms | tok/s: 298,164 | mfu: 34.04 | epoch: 1 | eta: 26.6m
step 01297/02205 (58.82%) [ns3_ftrl_eta0p1] | loss: 3.318381 | lrm: 0.82 | dt: 1756.32ms | tok/s: 298,514 | mfu: 34.08 | epoch: 1 | eta: 26.6m
step 01298/02205 (58.87%) [ns3_ftrl_eta0p1] | loss: 3.324898 | lrm: 0.82 | dt: 1751.68ms | tok/s: 299,305 | mfu: 34.17 | epoch: 1 | eta: 26.6m
step 01299/02205 (58.91%) [ns3_ftrl_eta0p1] | loss: 3.320927 | lrm: 0.82 | dt: 1765.48ms | tok/s: 296,965 | mfu: 33.90 | epoch: 1 | eta: 26.5m
step 01300/02205 (58.96%) [ns3_ftrl_eta0p1] | loss: 3.309711 | lrm: 0.82 | dt: 1757.26ms | tok/s: 298,354 | mfu: 34.06 | epoch: 1 | eta: 26.5m
step 01301/02205 (59.00%) [ns3_ftrl_eta0p1] | loss: 3.303145 | lrm: 0.82 | dt: 1752.13ms | tok/s: 299,228 | mfu: 34.16 | epoch: 1 | eta: 26.5m
step 01302/02205 (59.05%) [ns3_ftrl_eta0p1] | loss: 3.302373 | lrm: 0.82 | dt: 1755.18ms | tok/s: 298,708 | mfu: 34.10 | epoch: 1 | eta: 26.4m
step 01303/02205 (59.09%) [ns3_ftrl_eta0p1] | loss: 3.288363 | lrm: 0.82 | dt: 1764.72ms | tok/s: 297,093 | mfu: 33.91 | epoch: 1 | eta: 26.4m
step 01304/02205 (59.14%) [ns3_ftrl_eta0p1] | loss: 3.286476 | lrm: 0.82 | dt: 1757.79ms | tok/s: 298,265 | mfu: 34.05 | epoch: 1 | eta: 26.4m
step 01305/02205 (59.18%) [ns3_ftrl_eta0p1] | loss: 3.288352 | lrm: 0.82 | dt: 1755.88ms | tok/s: 298,590 | mfu: 34.08 | epoch: 1 | eta: 26.4m
step 01306/02205 (59.23%) [ns3_ftrl_eta0p1] | loss: 3.290700 | lrm: 0.82 | dt: 1757.48ms | tok/s: 298,317 | mfu: 34.05 | epoch: 1 | eta: 26.3m
step 01307/02205 (59.27%) [ns3_ftrl_eta0p1] | loss: 3.288178 | lrm: 0.81 | dt: 1760.52ms | tok/s: 297,802 | mfu: 33.99 | epoch: 1 | eta: 26.3m
step 01308/02205 (59.32%) [ns3_ftrl_eta0p1] | loss: 3.299551 | lrm: 0.81 | dt: 1760.28ms | tok/s: 297,843 | mfu: 34.00 | epoch: 1 | eta: 26.3m
step 01309/02205 (59.37%) [ns3_ftrl_eta0p1] | loss: 3.290138 | lrm: 0.81 | dt: 1768.20ms | tok/s: 296,509 | mfu: 33.85 | epoch: 1 | eta: 26.2m
step 01310/02205 (59.41%) [ns3_ftrl_eta0p1] | loss: 3.290297 | lrm: 0.81 | dt: 1754.64ms | tok/s: 298,801 | mfu: 34.11 | epoch: 1 | eta: 26.2m
step 01311/02205 (59.46%) [ns3_ftrl_eta0p1] | loss: 3.294598 | lrm: 0.81 | dt: 1757.89ms | tok/s: 298,248 | mfu: 34.05 | epoch: 1 | eta: 26.2m
step 01312/02205 (59.50%) [ns3_ftrl_eta0p1] | loss: 3.297550 | lrm: 0.81 | dt: 1769.00ms | tok/s: 296,375 | mfu: 33.83 | epoch: 1 | eta: 26.1m
step 01313/02205 (59.55%) [ns3_ftrl_eta0p1] | loss: 3.299806 | lrm: 0.81 | dt: 1752.69ms | tok/s: 299,133 | mfu: 34.15 | epoch: 1 | eta: 26.1m
step 01314/02205 (59.59%) [ns3_ftrl_eta0p1] | loss: 3.298960 | lrm: 0.81 | dt: 1756.50ms | tok/s: 298,485 | mfu: 34.07 | epoch: 1 | eta: 26.1m
step 01315/02205 (59.64%) [ns3_ftrl_eta0p1] | loss: 3.296220 | lrm: 0.81 | dt: 1766.47ms | tok/s: 296,800 | mfu: 33.88 | epoch: 1 | eta: 26.1m
step 01316/02205 (59.68%) [ns3_ftrl_eta0p1] | loss: 3.291731 | lrm: 0.81 | dt: 1752.26ms | tok/s: 299,206 | mfu: 34.15 | epoch: 1 | eta: 26.0m
step 01317/02205 (59.73%) [ns3_ftrl_eta0p1] | loss: 3.289604 | lrm: 0.81 | dt: 1768.73ms | tok/s: 296,419 | mfu: 33.84 | epoch: 1 | eta: 26.0m
step 01318/02205 (59.77%) [ns3_ftrl_eta0p1] | loss: 3.288438 | lrm: 0.80 | dt: 1758.37ms | tok/s: 298,166 | mfu: 34.04 | epoch: 1 | eta: 26.0m
step 01319/02205 (59.82%) [ns3_ftrl_eta0p1] | loss: 3.285866 | lrm: 0.80 | dt: 1752.65ms | tok/s: 299,141 | mfu: 34.15 | epoch: 1 | eta: 25.9m
step 01320/02205 (59.86%) [ns3_ftrl_eta0p1] | loss: 3.289889 | lrm: 0.80 | dt: 1771.69ms | tok/s: 295,925 | mfu: 33.78 | epoch: 1 | eta: 25.9m
step 01321/02205 (59.91%) [ns3_ftrl_eta0p1] | loss: 3.280121 | lrm: 0.80 | dt: 1758.69ms | tok/s: 298,112 | mfu: 34.03 | epoch: 1 | eta: 25.9m
step 01322/02205 (59.95%) [ns3_ftrl_eta0p1] | loss: 3.278889 | lrm: 0.80 | dt: 1764.52ms | tok/s: 297,128 | mfu: 33.92 | epoch: 1 | eta: 25.9m
step 01323/02205 (60.00%) [ns3_ftrl_eta0p1] | loss: 3.280154 | lrm: 0.80 | dt: 1765.88ms | tok/s: 296,899 | mfu: 33.89 | epoch: 1 | eta: 25.8m
step 01324/02205 (60.05%) [ns3_ftrl_eta0p1] | loss: 3.271285 | lrm: 0.80 | dt: 1763.26ms | tok/s: 297,340 | mfu: 33.94 | epoch: 1 | eta: 25.8m
step 01325/02205 (60.09%) [ns3_ftrl_eta0p1] | loss: 3.279793 | lrm: 0.80 | dt: 1767.59ms | tok/s: 296,611 | mfu: 33.86 | epoch: 1 | eta: 25.8m
step 01326/02205 (60.14%) [ns3_ftrl_eta0p1] | loss: 3.278061 | lrm: 0.80 | dt: 1755.19ms | tok/s: 298,707 | mfu: 34.10 | epoch: 1 | eta: 25.7m
step 01327/02205 (60.18%) [ns3_ftrl_eta0p1] | loss: 3.282009 | lrm: 0.80 | dt: 1772.01ms | tok/s: 295,872 | mfu: 33.77 | epoch: 1 | eta: 25.7m
step 01328/02205 (60.23%) [ns3_ftrl_eta0p1] | loss: 3.274401 | lrm: 0.80 | dt: 1760.69ms | tok/s: 297,774 | mfu: 33.99 | epoch: 1 | eta: 25.7m
step 01329/02205 (60.27%) [ns3_ftrl_eta0p1] | loss: 3.271012 | lrm: 0.79 | dt: 1768.35ms | tok/s: 296,484 | mfu: 33.84 | epoch: 1 | eta: 25.6m
step 01330/02205 (60.32%) [ns3_ftrl_eta0p1] | loss: 3.266726 | lrm: 0.79 | dt: 1768.18ms | tok/s: 296,513 | mfu: 33.85 | epoch: 1 | eta: 25.6m
step 01331/02205 (60.36%) [ns3_ftrl_eta0p1] | loss: 3.272513 | lrm: 0.79 | dt: 1758.66ms | tok/s: 298,118 | mfu: 34.03 | epoch: 1 | eta: 25.6m
step 01332/02205 (60.41%) [ns3_ftrl_eta0p1] | loss: 3.270442 | lrm: 0.79 | dt: 1767.57ms | tok/s: 296,614 | mfu: 33.86 | epoch: 1 | eta: 25.6m
step 01333/02205 (60.45%) [ns3_ftrl_eta0p1] | loss: 3.263115 | lrm: 0.79 | dt: 1752.40ms | tok/s: 299,183 | mfu: 34.15 | epoch: 1 | eta: 25.5m
step 01334/02205 (60.50%) [ns3_ftrl_eta0p1] | loss: 3.259752 | lrm: 0.79 | dt: 1769.28ms | tok/s: 296,327 | mfu: 33.83 | epoch: 1 | eta: 25.5m
step 01335/02205 (60.54%) [ns3_ftrl_eta0p1] | loss: 3.268411 | lrm: 0.79 | dt: 1754.60ms | tok/s: 298,807 | mfu: 34.11 | epoch: 1 | eta: 25.5m
step 01336/02205 (60.59%) [ns3_ftrl_eta0p1] | loss: 3.267943 | lrm: 0.79 | dt: 1752.50ms | tok/s: 299,166 | mfu: 34.15 | epoch: 1 | eta: 25.4m
step 01337/02205 (60.63%) [ns3_ftrl_eta0p1] | loss: 3.267672 | lrm: 0.79 | dt: 1764.08ms | tok/s: 297,202 | mfu: 33.93 | epoch: 1 | eta: 25.4m
step 01338/02205 (60.68%) [ns3_ftrl_eta0p1] | loss: 3.273586 | lrm: 0.79 | dt: 1762.60ms | tok/s: 297,451 | mfu: 33.95 | epoch: 1 | eta: 25.4m
step 01339/02205 (60.73%) [ns3_ftrl_eta0p1] | loss: 3.271226 | lrm: 0.79 | dt: 1751.73ms | tok/s: 299,296 | mfu: 34.17 | epoch: 1 | eta: 25.4m
step 01340/02205 (60.77%) [ns3_ftrl_eta0p1] | loss: 3.279551 | lrm: 0.78 | dt: 1770.99ms | tok/s: 296,041 | mfu: 33.79 | epoch: 1 | eta: 25.3m
step 01341/02205 (60.82%) [ns3_ftrl_eta0p1] | loss: 3.276770 | lrm: 0.78 | dt: 1757.63ms | tok/s: 298,291 | mfu: 34.05 | epoch: 1 | eta: 25.3m
step 01342/02205 (60.86%) [ns3_ftrl_eta0p1] | loss: 3.263606 | lrm: 0.78 | dt: 1760.76ms | tok/s: 297,762 | mfu: 33.99 | epoch: 1 | eta: 25.3m
step 01343/02205 (60.91%) [ns3_ftrl_eta0p1] | loss: 3.262709 | lrm: 0.78 | dt: 1760.74ms | tok/s: 297,765 | mfu: 33.99 | epoch: 1 | eta: 25.2m
step 01344/02205 (60.95%) [ns3_ftrl_eta0p1] | loss: 3.248227 | lrm: 0.78 | dt: 1769.96ms | tok/s: 296,214 | mfu: 33.81 | epoch: 1 | eta: 25.2m
step 01345/02205 (61.00%) [ns3_ftrl_eta0p1] | loss: 3.248009 | lrm: 0.78 | dt: 1756.25ms | tok/s: 298,526 | mfu: 34.08 | epoch: 1 | eta: 25.2m
step 01346/02205 (61.04%) [ns3_ftrl_eta0p1] | loss: 3.247634 | lrm: 0.78 | dt: 1766.49ms | tok/s: 296,796 | mfu: 33.88 | epoch: 1 | eta: 25.2m
step 01347/02205 (61.09%) [ns3_ftrl_eta0p1] | loss: 3.253569 | lrm: 0.78 | dt: 1757.38ms | tok/s: 298,335 | mfu: 34.06 | epoch: 1 | eta: 25.1m
step 01348/02205 (61.13%) [ns3_ftrl_eta0p1] | loss: 3.264442 | lrm: 0.78 | dt: 1766.75ms | tok/s: 296,752 | mfu: 33.87 | epoch: 1 | eta: 25.1m
step 01349/02205 (61.18%) [ns3_ftrl_eta0p1] | loss: 3.265562 | lrm: 0.78 | dt: 1757.34ms | tok/s: 298,341 | mfu: 34.06 | epoch: 1 | eta: 25.1m
step 01350/02205 (61.22%) [ns3_ftrl_eta0p1] | loss: 3.265510 | lrm: 0.78 | dt: 1758.95ms | tok/s: 298,069 | mfu: 34.02 | epoch: 1 | eta: 25.0m
step 01351/02205 (61.27%) [ns3_ftrl_eta0p1] | loss: 3.266467 | lrm: 0.77 | dt: 1765.25ms | tok/s: 297,004 | mfu: 33.90 | epoch: 1 | eta: 25.0m
step 01352/02205 (61.32%) [ns3_ftrl_eta0p1] | loss: 3.273168 | lrm: 0.77 | dt: 1755.34ms | tok/s: 298,682 | mfu: 34.09 | epoch: 1 | eta: 25.0m
step 01353/02205 (61.36%) [ns3_ftrl_eta0p1] | loss: 3.268832 | lrm: 0.77 | dt: 1764.91ms | tok/s: 297,062 | mfu: 33.91 | epoch: 1 | eta: 24.9m
step 01354/02205 (61.41%) [ns3_ftrl_eta0p1] | loss: 3.264605 | lrm: 0.77 | dt: 1761.54ms | tok/s: 297,629 | mfu: 33.97 | epoch: 1 | eta: 24.9m
step 01355/02205 (61.45%) [ns3_ftrl_eta0p1] | loss: 3.262191 | lrm: 0.77 | dt: 1765.15ms | tok/s: 297,021 | mfu: 33.91 | epoch: 1 | eta: 24.9m
step 01356/02205 (61.50%) [ns3_ftrl_eta0p1] | loss: 3.264725 | lrm: 0.77 | dt: 1758.53ms | tok/s: 298,140 | mfu: 34.03 | epoch: 1 | eta: 24.9m
step 01357/02205 (61.54%) [ns3_ftrl_eta0p1] | loss: 3.275956 | lrm: 0.77 | dt: 1766.65ms | tok/s: 296,769 | mfu: 33.88 | epoch: 1 | eta: 24.8m
step 01358/02205 (61.59%) [ns3_ftrl_eta0p1] | loss: 3.275865 | lrm: 0.77 | dt: 1770.40ms | tok/s: 296,141 | mfu: 33.80 | epoch: 1 | eta: 24.8m
step 01359/02205 (61.63%) [ns3_ftrl_eta0p1] | loss: 3.269737 | lrm: 0.77 | dt: 1754.53ms | tok/s: 298,819 | mfu: 34.11 | epoch: 1 | eta: 24.8m
step 01360/02205 (61.68%) [ns3_ftrl_eta0p1] | loss: 3.254183 | lrm: 0.77 | dt: 1766.45ms | tok/s: 296,802 | mfu: 33.88 | epoch: 1 | eta: 24.7m
step 01361/02205 (61.72%) [ns3_ftrl_eta0p1] | loss: 3.260118 | lrm: 0.77 | dt: 1754.39ms | tok/s: 298,843 | mfu: 34.11 | epoch: 1 | eta: 24.7m
step 01362/02205 (61.77%) [ns3_ftrl_eta0p1] | loss: 3.255983 | lrm: 0.76 | dt: 1764.25ms | tok/s: 297,173 | mfu: 33.92 | epoch: 1 | eta: 24.7m
step 01363/02205 (61.81%) [ns3_ftrl_eta0p1] | loss: 3.257736 | lrm: 0.76 | dt: 1758.30ms | tok/s: 298,178 | mfu: 34.04 | epoch: 1 | eta: 24.7m
step 01364/02205 (61.86%) [ns3_ftrl_eta0p1] | loss: 3.260929 | lrm: 0.76 | dt: 1754.02ms | tok/s: 298,906 | mfu: 34.12 | epoch: 1 | eta: 24.6m
step 01365/02205 (61.90%) [ns3_ftrl_eta0p1] | loss: 3.254845 | lrm: 0.76 | dt: 1756.22ms | tok/s: 298,532 | mfu: 34.08 | epoch: 1 | eta: 24.6m
step 01366/02205 (61.95%) [ns3_ftrl_eta0p1] | loss: 3.247427 | lrm: 0.76 | dt: 1765.89ms | tok/s: 296,896 | mfu: 33.89 | epoch: 1 | eta: 24.6m
step 01367/02205 (62.00%) [ns3_ftrl_eta0p1] | loss: 3.241887 | lrm: 0.76 | dt: 1754.22ms | tok/s: 298,872 | mfu: 34.12 | epoch: 1 | eta: 24.5m
step 01368/02205 (62.04%) [ns3_ftrl_eta0p1] | loss: 3.247732 | lrm: 0.76 | dt: 1767.88ms | tok/s: 296,563 | mfu: 33.85 | epoch: 1 | eta: 24.5m
step 01369/02205 (62.09%) [ns3_ftrl_eta0p1] | loss: 3.270297 | lrm: 0.76 | dt: 1767.85ms | tok/s: 296,568 | mfu: 33.85 | epoch: 1 | eta: 24.5m
step 01370/02205 (62.13%) [ns3_ftrl_eta0p1] | loss: 3.272823 | lrm: 0.76 | dt: 1769.57ms | tok/s: 296,279 | mfu: 33.82 | epoch: 1 | eta: 24.5m
step 01371/02205 (62.18%) [ns3_ftrl_eta0p1] | loss: 3.267823 | lrm: 0.76 | dt: 1754.25ms | tok/s: 298,867 | mfu: 34.12 | epoch: 1 | eta: 24.4m
step 01372/02205 (62.22%) [ns3_ftrl_eta0p1] | loss: 3.277037 | lrm: 0.76 | dt: 1769.37ms | tok/s: 296,314 | mfu: 33.82 | epoch: 1 | eta: 24.4m
step 01373/02205 (62.27%) [ns3_ftrl_eta0p1] | loss: 3.259870 | lrm: 0.75 | dt: 1765.60ms | tok/s: 296,945 | mfu: 33.90 | epoch: 1 | eta: 24.4m
step 01374/02205 (62.31%) [ns3_ftrl_eta0p1] | loss: 3.255993 | lrm: 0.75 | dt: 1764.32ms | tok/s: 297,160 | mfu: 33.92 | epoch: 1 | eta: 24.3m
step 01375/02205 (62.36%) [ns3_ftrl_eta0p1] | loss: 3.262182 | lrm: 0.75 | dt: 1769.23ms | tok/s: 296,336 | mfu: 33.83 | epoch: 1 | eta: 24.3m
step 01376/02205 (62.40%) [ns3_ftrl_eta0p1] | loss: 3.272266 | lrm: 0.75 | dt: 1754.02ms | tok/s: 298,906 | mfu: 34.12 | epoch: 1 | eta: 24.3m
step 01377/02205 (62.45%) [ns3_ftrl_eta0p1] | loss: 3.264508 | lrm: 0.75 | dt: 1769.42ms | tok/s: 296,304 | mfu: 33.82 | epoch: 1 | eta: 24.2m
step 01378/02205 (62.49%) [ns3_ftrl_eta0p1] | loss: 3.257109 | lrm: 0.75 | dt: 1754.45ms | tok/s: 298,833 | mfu: 34.11 | epoch: 1 | eta: 24.2m
step 01379/02205 (62.54%) [ns3_ftrl_eta0p1] | loss: 3.261882 | lrm: 0.75 | dt: 1764.60ms | tok/s: 297,114 | mfu: 33.92 | epoch: 1 | eta: 24.2m
step 01380/02205 (62.59%) [ns3_ftrl_eta0p1] | loss: 3.258181 | lrm: 0.75 | dt: 1761.00ms | tok/s: 297,721 | mfu: 33.99 | epoch: 1 | eta: 24.2m
step 01381/02205 (62.63%) [ns3_ftrl_eta0p1] | loss: 3.257108 | lrm: 0.75 | dt: 1772.89ms | tok/s: 295,725 | mfu: 33.76 | epoch: 1 | eta: 24.1m
step 01382/02205 (62.68%) [ns3_ftrl_eta0p1] | loss: 3.253544 | lrm: 0.75 | dt: 1766.76ms | tok/s: 296,750 | mfu: 33.87 | epoch: 1 | eta: 24.1m
step 01383/02205 (62.72%) [ns3_ftrl_eta0p1] | loss: 3.258650 | lrm: 0.75 | dt: 1751.46ms | tok/s: 299,342 | mfu: 34.17 | epoch: 1 | eta: 24.1m
step 01384/02205 (62.77%) [ns3_ftrl_eta0p1] | loss: 3.257215 | lrm: 0.75 | dt: 1758.73ms | tok/s: 298,105 | mfu: 34.03 | epoch: 1 | eta: 24.0m
step 01385/02205 (62.81%) [ns3_ftrl_eta0p1] | loss: 3.265892 | lrm: 0.74 | dt: 1767.39ms | tok/s: 296,646 | mfu: 33.86 | epoch: 1 | eta: 24.0m
step 01386/02205 (62.86%) [ns3_ftrl_eta0p1] | loss: 3.257947 | lrm: 0.74 | dt: 1765.91ms | tok/s: 296,893 | mfu: 33.89 | epoch: 1 | eta: 24.0m
step 01387/02205 (62.90%) [ns3_ftrl_eta0p1] | loss: 3.258690 | lrm: 0.74 | dt: 1758.30ms | tok/s: 298,179 | mfu: 34.04 | epoch: 1 | eta: 24.0m
step 01388/02205 (62.95%) [ns3_ftrl_eta0p1] | loss: 3.253205 | lrm: 0.74 | dt: 1772.33ms | tok/s: 295,818 | mfu: 33.77 | epoch: 1 | eta: 23.9m
step 01389/02205 (62.99%) [ns3_ftrl_eta0p1] | loss: 3.253643 | lrm: 0.74 | dt: 1769.21ms | tok/s: 296,339 | mfu: 33.83 | epoch: 1 | eta: 23.9m
step 01390/02205 (63.04%) [ns3_ftrl_eta0p1] | loss: 3.256233 | lrm: 0.74 | dt: 1755.27ms | tok/s: 298,693 | mfu: 34.10 | epoch: 1 | eta: 23.9m
step 01391/02205 (63.08%) [ns3_ftrl_eta0p1] | loss: 3.254937 | lrm: 0.74 | dt: 1768.47ms | tok/s: 296,464 | mfu: 33.84 | epoch: 1 | eta: 23.8m
step 01392/02205 (63.13%) [ns3_ftrl_eta0p1] | loss: 3.252132 | lrm: 0.74 | dt: 1755.95ms | tok/s: 298,577 | mfu: 34.08 | epoch: 1 | eta: 23.8m
step 01393/02205 (63.17%) [ns3_ftrl_eta0p1] | loss: 3.248340 | lrm: 0.74 | dt: 1767.94ms | tok/s: 296,553 | mfu: 33.85 | epoch: 1 | eta: 23.8m
step 01394/02205 (63.22%) [ns3_ftrl_eta0p1] | loss: 3.248901 | lrm: 0.74 | dt: 1764.33ms | tok/s: 297,160 | mfu: 33.92 | epoch: 1 | eta: 23.7m
step 01395/02205 (63.27%) [ns3_ftrl_eta0p1] | loss: 3.238580 | lrm: 0.74 | dt: 1759.75ms | tok/s: 297,932 | mfu: 34.01 | epoch: 1 | eta: 23.7m
step 01396/02205 (63.31%) [ns3_ftrl_eta0p1] | loss: 3.237867 | lrm: 0.73 | dt: 1773.44ms | tok/s: 295,633 | mfu: 33.75 | epoch: 1 | eta: 23.7m
step 01397/02205 (63.36%) [ns3_ftrl_eta0p1] | loss: 3.239588 | lrm: 0.73 | dt: 1761.87ms | tok/s: 297,575 | mfu: 33.97 | epoch: 1 | eta: 23.7m
step 01398/02205 (63.40%) [ns3_ftrl_eta0p1] | loss: 3.242402 | lrm: 0.73 | dt: 1757.72ms | tok/s: 298,276 | mfu: 34.05 | epoch: 1 | eta: 23.6m
step 01399/02205 (63.45%) [ns3_ftrl_eta0p1] | loss: 3.249591 | lrm: 0.73 | dt: 1768.35ms | tok/s: 296,485 | mfu: 33.84 | epoch: 1 | eta: 23.6m
step 01400/02205 (63.49%) [ns3_ftrl_eta0p1] | loss: 3.249137 | lrm: 0.73 | dt: 1768.84ms | tok/s: 296,401 | mfu: 33.83 | epoch: 1 | eta: 23.6m
step 01401/02205 (63.54%) [ns3_ftrl_eta0p1] | loss: 3.248729 | lrm: 0.73 | dt: 1753.26ms | tok/s: 299,036 | mfu: 34.14 | epoch: 1 | eta: 23.5m
step 01402/02205 (63.58%) [ns3_ftrl_eta0p1] | loss: 3.254817 | lrm: 0.73 | dt: 1768.96ms | tok/s: 296,381 | mfu: 33.83 | epoch: 1 | eta: 23.5m
step 01403/02205 (63.63%) [ns3_ftrl_eta0p1] | loss: 3.250522 | lrm: 0.73 | dt: 1755.28ms | tok/s: 298,692 | mfu: 34.10 | epoch: 1 | eta: 23.5m
step 01404/02205 (63.67%) [ns3_ftrl_eta0p1] | loss: 3.244256 | lrm: 0.73 | dt: 1753.37ms | tok/s: 299,016 | mfu: 34.13 | epoch: 1 | eta: 23.5m
step 01405/02205 (63.72%) [ns3_ftrl_eta0p1] | loss: 3.248219 | lrm: 0.73 | dt: 1770.32ms | tok/s: 296,153 | mfu: 33.81 | epoch: 1 | eta: 23.4m
step 01406/02205 (63.76%) [ns3_ftrl_eta0p1] | loss: 3.247758 | lrm: 0.73 | dt: 1772.08ms | tok/s: 295,860 | mfu: 33.77 | epoch: 1 | eta: 23.4m
step 01407/02205 (63.81%) [ns3_ftrl_eta0p1] | loss: 3.249565 | lrm: 0.72 | dt: 1758.53ms | tok/s: 298,139 | mfu: 34.03 | epoch: 1 | eta: 23.4m
step 01408/02205 (63.85%) [ns3_ftrl_eta0p1] | loss: 3.253256 | lrm: 0.72 | dt: 1767.50ms | tok/s: 296,627 | mfu: 33.86 | epoch: 1 | eta: 23.3m
step 01409/02205 (63.90%) [ns3_ftrl_eta0p1] | loss: 3.264259 | lrm: 0.72 | dt: 1772.31ms | tok/s: 295,822 | mfu: 33.77 | epoch: 1 | eta: 23.3m
step 01410/02205 (63.95%) [ns3_ftrl_eta0p1] | loss: 3.264630 | lrm: 0.72 | dt: 1760.16ms | tok/s: 297,863 | mfu: 34.00 | epoch: 1 | eta: 23.3m
step 01411/02205 (63.99%) [ns3_ftrl_eta0p1] | loss: 3.259709 | lrm: 0.72 | dt: 1761.78ms | tok/s: 297,590 | mfu: 33.97 | epoch: 1 | eta: 23.3m
step 01412/02205 (64.04%) [ns3_ftrl_eta0p1] | loss: 3.268141 | lrm: 0.72 | dt: 1759.31ms | tok/s: 298,007 | mfu: 34.02 | epoch: 1 | eta: 23.2m
step 01413/02205 (64.08%) [ns3_ftrl_eta0p1] | loss: 3.256262 | lrm: 0.72 | dt: 1768.44ms | tok/s: 296,469 | mfu: 33.84 | epoch: 1 | eta: 23.2m
step 01414/02205 (64.13%) [ns3_ftrl_eta0p1] | loss: 3.252761 | lrm: 0.72 | dt: 1767.74ms | tok/s: 296,585 | mfu: 33.86 | epoch: 1 | eta: 23.2m
step 01415/02205 (64.17%) [ns3_ftrl_eta0p1] | loss: 3.249292 | lrm: 0.72 | dt: 1758.41ms | tok/s: 298,159 | mfu: 34.04 | epoch: 1 | eta: 23.1m
step 01416/02205 (64.22%) [ns3_ftrl_eta0p1] | loss: 3.242851 | lrm: 0.72 | dt: 1770.38ms | tok/s: 296,143 | mfu: 33.81 | epoch: 1 | eta: 23.1m
step 01417/02205 (64.26%) [ns3_ftrl_eta0p1] | loss: 3.236995 | lrm: 0.72 | dt: 1773.01ms | tok/s: 295,705 | mfu: 33.76 | epoch: 1 | eta: 23.1m
step 01418/02205 (64.31%) [ns3_ftrl_eta0p1] | loss: 3.240767 | lrm: 0.71 | dt: 1770.39ms | tok/s: 296,142 | mfu: 33.81 | epoch: 1 | eta: 23.0m
step 01419/02205 (64.35%) [ns3_ftrl_eta0p1] | loss: 3.251476 | lrm: 0.71 | dt: 1754.06ms | tok/s: 298,899 | mfu: 34.12 | epoch: 1 | eta: 23.0m
step 01420/02205 (64.40%) [ns3_ftrl_eta0p1] | loss: 3.248134 | lrm: 0.71 | dt: 1771.96ms | tok/s: 295,880 | mfu: 33.78 | epoch: 1 | eta: 23.0m
step 01421/02205 (64.44%) [ns3_ftrl_eta0p1] | loss: 3.250586 | lrm: 0.71 | dt: 1758.67ms | tok/s: 298,116 | mfu: 34.03 | epoch: 1 | eta: 23.0m
step 01422/02205 (64.49%) [ns3_ftrl_eta0p1] | loss: 3.247770 | lrm: 0.71 | dt: 1761.94ms | tok/s: 297,562 | mfu: 33.97 | epoch: 1 | eta: 22.9m
step 01423/02205 (64.54%) [ns3_ftrl_eta0p1] | loss: 3.250572 | lrm: 0.71 | dt: 1760.10ms | tok/s: 297,874 | mfu: 34.00 | epoch: 1 | eta: 22.9m
step 01424/02205 (64.58%) [ns3_ftrl_eta0p1] | loss: 3.254126 | lrm: 0.71 | dt: 1767.00ms | tok/s: 296,711 | mfu: 33.87 | epoch: 1 | eta: 22.9m
step 01425/02205 (64.63%) [ns3_ftrl_eta0p1] | loss: 3.252783 | lrm: 0.71 | dt: 1756.58ms | tok/s: 298,471 | mfu: 34.07 | epoch: 1 | eta: 22.8m
step 01426/02205 (64.67%) [ns3_ftrl_eta0p1] | loss: 3.252961 | lrm: 0.71 | dt: 1768.93ms | tok/s: 296,386 | mfu: 33.83 | epoch: 1 | eta: 22.8m
step 01427/02205 (64.72%) [ns3_ftrl_eta0p1] | loss: 3.259634 | lrm: 0.71 | dt: 1771.42ms | tok/s: 295,969 | mfu: 33.79 | epoch: 1 | eta: 22.8m
step 01428/02205 (64.76%) [ns3_ftrl_eta0p1] | loss: 3.257316 | lrm: 0.71 | dt: 1755.52ms | tok/s: 298,650 | mfu: 34.09 | epoch: 1 | eta: 22.8m
step 01429/02205 (64.81%) [ns3_ftrl_eta0p1] | loss: 3.270325 | lrm: 0.70 | dt: 1766.64ms | tok/s: 296,771 | mfu: 33.88 | epoch: 1 | eta: 22.7m
step 01430/02205 (64.85%) [ns3_ftrl_eta0p1] | loss: 3.259512 | lrm: 0.70 | dt: 1762.50ms | tok/s: 297,468 | mfu: 33.96 | epoch: 1 | eta: 22.7m
step 01431/02205 (64.90%) [ns3_ftrl_eta0p1] | loss: 3.254374 | lrm: 0.70 | dt: 1771.12ms | tok/s: 296,020 | mfu: 33.79 | epoch: 1 | eta: 22.7m
step 01432/02205 (64.94%) [ns3_ftrl_eta0p1] | loss: 3.256451 | lrm: 0.70 | dt: 1770.51ms | tok/s: 296,123 | mfu: 33.80 | epoch: 1 | eta: 22.6m
step 01433/02205 (64.99%) [ns3_ftrl_eta0p1] | loss: 3.249390 | lrm: 0.70 | dt: 1772.01ms | tok/s: 295,872 | mfu: 33.77 | epoch: 1 | eta: 22.6m
step 01434/02205 (65.03%) [ns3_ftrl_eta0p1] | loss: 3.249668 | lrm: 0.70 | dt: 1768.56ms | tok/s: 296,449 | mfu: 33.84 | epoch: 1 | eta: 22.6m
step 01435/02205 (65.08%) [ns3_ftrl_eta0p1] | loss: 3.250309 | lrm: 0.70 | dt: 1772.57ms | tok/s: 295,777 | mfu: 33.76 | epoch: 1 | eta: 22.6m
step 01436/02205 (65.12%) [ns3_ftrl_eta0p1] | loss: 3.249085 | lrm: 0.70 | dt: 1769.77ms | tok/s: 296,246 | mfu: 33.82 | epoch: 1 | eta: 22.5m
step 01437/02205 (65.17%) [ns3_ftrl_eta0p1] | loss: 3.245539 | lrm: 0.70 | dt: 1756.09ms | tok/s: 298,553 | mfu: 34.08 | epoch: 1 | eta: 22.5m
step 01438/02205 (65.22%) [ns3_ftrl_eta0p1] | loss: 3.245154 | lrm: 0.70 | dt: 1772.13ms | tok/s: 295,851 | mfu: 33.77 | epoch: 1 | eta: 22.5m
step 01439/02205 (65.26%) [ns3_ftrl_eta0p1] | loss: 3.250074 | lrm: 0.70 | dt: 1770.44ms | tok/s: 296,134 | mfu: 33.80 | epoch: 1 | eta: 22.4m
step 01440/02205 (65.31%) [ns3_ftrl_eta0p1] | loss: 3.247283 | lrm: 0.69 | dt: 1774.72ms | tok/s: 295,420 | mfu: 33.72 | epoch: 1 | eta: 22.4m
step 01441/02205 (65.35%) [ns3_ftrl_eta0p1] | loss: 3.246687 | lrm: 0.69 | dt: 1770.75ms | tok/s: 296,083 | mfu: 33.80 | epoch: 1 | eta: 22.4m
step 01442/02205 (65.40%) [ns3_ftrl_eta0p1] | loss: 3.248981 | lrm: 0.69 | dt: 1769.08ms | tok/s: 296,361 | mfu: 33.83 | epoch: 1 | eta: 22.3m
step 01443/02205 (65.44%) [ns3_ftrl_eta0p1] | loss: 3.247978 | lrm: 0.69 | dt: 1772.62ms | tok/s: 295,769 | mfu: 33.76 | epoch: 1 | eta: 22.3m
step 01444/02205 (65.49%) [ns3_ftrl_eta0p1] | loss: 3.246267 | lrm: 0.69 | dt: 1771.72ms | tok/s: 295,920 | mfu: 33.78 | epoch: 1 | eta: 22.3m
step 01445/02205 (65.53%) [ns3_ftrl_eta0p1] | loss: 3.247277 | lrm: 0.69 | dt: 1754.49ms | tok/s: 298,826 | mfu: 34.11 | epoch: 1 | eta: 22.3m
step 01446/02205 (65.58%) [ns3_ftrl_eta0p1] | loss: 3.241123 | lrm: 0.69 | dt: 1771.77ms | tok/s: 295,911 | mfu: 33.78 | epoch: 1 | eta: 22.2m
step 01447/02205 (65.62%) [ns3_ftrl_eta0p1] | loss: 3.239132 | lrm: 0.69 | dt: 1771.84ms | tok/s: 295,900 | mfu: 33.78 | epoch: 1 | eta: 22.2m
step 01448/02205 (65.67%) [ns3_ftrl_eta0p1] | loss: 3.242062 | lrm: 0.69 | dt: 1772.60ms | tok/s: 295,774 | mfu: 33.76 | epoch: 1 | eta: 22.2m
step 01449/02205 (65.71%) [ns3_ftrl_eta0p1] | loss: 3.253425 | lrm: 0.69 | dt: 1769.83ms | tok/s: 296,236 | mfu: 33.82 | epoch: 1 | eta: 22.1m
step 01450/02205 (65.76%) [ns3_ftrl_eta0p1] | loss: 3.256543 | lrm: 0.69 | dt: 1757.49ms | tok/s: 298,316 | mfu: 34.05 | epoch: 1 | eta: 22.1m
step 01451/02205 (65.80%) [ns3_ftrl_eta0p1] | loss: 3.262102 | lrm: 0.68 | dt: 1769.75ms | tok/s: 296,250 | mfu: 33.82 | epoch: 1 | eta: 22.1m
step 01452/02205 (65.85%) [ns3_ftrl_eta0p1] | loss: 3.258135 | lrm: 0.68 | dt: 1769.03ms | tok/s: 296,370 | mfu: 33.83 | epoch: 1 | eta: 22.1m
step 01453/02205 (65.90%) [ns3_ftrl_eta0p1] | loss: 3.254910 | lrm: 0.68 | dt: 1759.72ms | tok/s: 297,938 | mfu: 34.01 | epoch: 1 | eta: 22.0m
step 01454/02205 (65.94%) [ns3_ftrl_eta0p1] | loss: 3.247022 | lrm: 0.68 | dt: 1767.41ms | tok/s: 296,641 | mfu: 33.86 | epoch: 1 | eta: 22.0m
step 01455/02205 (65.99%) [ns3_ftrl_eta0p1] | loss: 3.239925 | lrm: 0.68 | dt: 1758.87ms | tok/s: 298,081 | mfu: 34.03 | epoch: 1 | eta: 22.0m
step 01456/02205 (66.03%) [ns3_ftrl_eta0p1] | loss: 3.244336 | lrm: 0.68 | dt: 1771.12ms | tok/s: 296,020 | mfu: 33.79 | epoch: 1 | eta: 21.9m
step 01457/02205 (66.08%) [ns3_ftrl_eta0p1] | loss: 3.246099 | lrm: 0.68 | dt: 1770.92ms | tok/s: 296,053 | mfu: 33.79 | epoch: 1 | eta: 21.9m
step 01458/02205 (66.12%) [ns3_ftrl_eta0p1] | loss: 3.242503 | lrm: 0.68 | dt: 1765.72ms | tok/s: 296,926 | mfu: 33.89 | epoch: 1 | eta: 21.9m
step 01459/02205 (66.17%) [ns3_ftrl_eta0p1] | loss: 3.242107 | lrm: 0.68 | dt: 1761.76ms | tok/s: 297,593 | mfu: 33.97 | epoch: 1 | eta: 21.9m
step 01460/02205 (66.21%) [ns3_ftrl_eta0p1] | loss: 3.249295 | lrm: 0.68 | dt: 1775.09ms | tok/s: 295,358 | mfu: 33.72 | epoch: 1 | eta: 21.8m
step 01461/02205 (66.26%) [ns3_ftrl_eta0p1] | loss: 3.249245 | lrm: 0.68 | dt: 1768.95ms | tok/s: 296,383 | mfu: 33.83 | epoch: 1 | eta: 21.8m
step 01462/02205 (66.30%) [ns3_ftrl_eta0p1] | loss: 3.244239 | lrm: 0.67 | dt: 1772.40ms | tok/s: 295,807 | mfu: 33.77 | epoch: 1 | eta: 21.8m
step 01463/02205 (66.35%) [ns3_ftrl_eta0p1] | loss: 3.244228 | lrm: 0.67 | dt: 1775.35ms | tok/s: 295,314 | mfu: 33.71 | epoch: 1 | eta: 21.7m
step 01464/02205 (66.39%) [ns3_ftrl_eta0p1] | loss: 3.236933 | lrm: 0.67 | dt: 1771.58ms | tok/s: 295,944 | mfu: 33.78 | epoch: 1 | eta: 21.7m
step 01465/02205 (66.44%) [ns3_ftrl_eta0p1] | loss: 3.240175 | lrm: 0.67 | dt: 1771.74ms | tok/s: 295,917 | mfu: 33.78 | epoch: 1 | eta: 21.7m
step 01466/02205 (66.49%) [ns3_ftrl_eta0p1] | loss: 3.246775 | lrm: 0.67 | dt: 1770.38ms | tok/s: 296,144 | mfu: 33.81 | epoch: 1 | eta: 21.6m
step 01467/02205 (66.53%) [ns3_ftrl_eta0p1] | loss: 3.245191 | lrm: 0.67 | dt: 1762.96ms | tok/s: 297,390 | mfu: 33.95 | epoch: 1 | eta: 21.6m
step 01468/02205 (66.58%) [ns3_ftrl_eta0p1] | loss: 3.245444 | lrm: 0.67 | dt: 1759.00ms | tok/s: 298,060 | mfu: 34.02 | epoch: 1 | eta: 21.6m
step 01469/02205 (66.62%) [ns3_ftrl_eta0p1] | loss: 3.243634 | lrm: 0.67 | dt: 1775.85ms | tok/s: 295,232 | mfu: 33.70 | epoch: 1 | eta: 21.6m
step 01470/02205 (66.67%) [ns3_ftrl_eta0p1] | loss: 3.245583 | lrm: 0.67 | dt: 1767.57ms | tok/s: 296,614 | mfu: 33.86 | epoch: 1 | eta: 21.5m
step 01471/02205 (66.71%) [ns3_ftrl_eta0p1] | loss: 3.249292 | lrm: 0.67 | dt: 1770.47ms | tok/s: 296,129 | mfu: 33.80 | epoch: 1 | eta: 21.5m
step 01472/02205 (66.76%) [ns3_ftrl_eta0p1] | loss: 3.253179 | lrm: 0.67 | dt: 1772.58ms | tok/s: 295,776 | mfu: 33.76 | epoch: 1 | eta: 21.5m
step 01473/02205 (66.80%) [ns3_ftrl_eta0p1] | loss: 3.247182 | lrm: 0.66 | dt: 1773.00ms | tok/s: 295,706 | mfu: 33.76 | epoch: 1 | eta: 21.4m
step 01474/02205 (66.85%) [ns3_ftrl_eta0p1] | loss: 3.248101 | lrm: 0.66 | dt: 1770.19ms | tok/s: 296,175 | mfu: 33.81 | epoch: 1 | eta: 21.4m
step 01475/02205 (66.89%) [ns3_ftrl_eta0p1] | loss: 3.244394 | lrm: 0.66 | dt: 1757.57ms | tok/s: 298,302 | mfu: 34.05 | epoch: 1 | eta: 21.4m
step 01476/02205 (66.94%) [ns3_ftrl_eta0p1] | loss: 3.243795 | lrm: 0.66 | dt: 1769.20ms | tok/s: 296,341 | mfu: 33.83 | epoch: 1 | eta: 21.4m
step 01477/02205 (66.98%) [ns3_ftrl_eta0p1] | loss: 3.243233 | lrm: 0.66 | dt: 1776.91ms | tok/s: 295,056 | mfu: 33.68 | epoch: 1 | eta: 21.3m
step 01478/02205 (67.03%) [ns3_ftrl_eta0p1] | loss: 3.245452 | lrm: 0.66 | dt: 1773.22ms | tok/s: 295,670 | mfu: 33.75 | epoch: 1 | eta: 21.3m
step 01479/02205 (67.07%) [ns3_ftrl_eta0p1] | loss: 3.251033 | lrm: 0.66 | dt: 1767.61ms | tok/s: 296,608 | mfu: 33.86 | epoch: 1 | eta: 21.3m
step 01480/02205 (67.12%) [ns3_ftrl_eta0p1] | loss: 3.242905 | lrm: 0.66 | dt: 1771.45ms | tok/s: 295,964 | mfu: 33.78 | epoch: 1 | eta: 21.2m
step 01481/02205 (67.17%) [ns3_ftrl_eta0p1] | loss: 3.238763 | lrm: 0.66 | dt: 1772.94ms | tok/s: 295,716 | mfu: 33.76 | epoch: 1 | eta: 21.2m
step 01482/02205 (67.21%) [ns3_ftrl_eta0p1] | loss: 3.236464 | lrm: 0.66 | dt: 1776.78ms | tok/s: 295,077 | mfu: 33.68 | epoch: 1 | eta: 21.2m
step 01483/02205 (67.26%) [ns3_ftrl_eta0p1] | loss: 3.228237 | lrm: 0.66 | dt: 1768.81ms | tok/s: 296,407 | mfu: 33.84 | epoch: 1 | eta: 21.2m
step 01484/02205 (67.30%) [ns3_ftrl_eta0p1] | loss: 3.223571 | lrm: 0.65 | dt: 1772.41ms | tok/s: 295,805 | mfu: 33.77 | epoch: 1 | eta: 21.1m
step 01485/02205 (67.35%) [ns3_ftrl_eta0p1] | loss: 3.227438 | lrm: 0.65 | dt: 1769.33ms | tok/s: 296,319 | mfu: 33.83 | epoch: 1 | eta: 21.1m
step 01486/02205 (67.39%) [ns3_ftrl_eta0p1] | loss: 3.230103 | lrm: 0.65 | dt: 1772.89ms | tok/s: 295,724 | mfu: 33.76 | epoch: 1 | eta: 21.1m
step 01487/02205 (67.44%) [ns3_ftrl_eta0p1] | loss: 3.227810 | lrm: 0.65 | dt: 1773.01ms | tok/s: 295,704 | mfu: 33.76 | epoch: 1 | eta: 21.0m
step 01488/02205 (67.48%) [ns3_ftrl_eta0p1] | loss: 3.235783 | lrm: 0.65 | dt: 1773.89ms | tok/s: 295,558 | mfu: 33.74 | epoch: 1 | eta: 21.0m
step 01489/02205 (67.53%) [ns3_ftrl_eta0p1] | loss: 3.239714 | lrm: 0.65 | dt: 1771.97ms | tok/s: 295,878 | mfu: 33.77 | epoch: 1 | eta: 21.0m
step 01490/02205 (67.57%) [ns3_ftrl_eta0p1] | loss: 3.236766 | lrm: 0.65 | dt: 1769.75ms | tok/s: 296,249 | mfu: 33.82 | epoch: 1 | eta: 20.9m
step 01491/02205 (67.62%) [ns3_ftrl_eta0p1] | loss: 3.238647 | lrm: 0.65 | dt: 1772.38ms | tok/s: 295,809 | mfu: 33.77 | epoch: 1 | eta: 20.9m
step 01492/02205 (67.66%) [ns3_ftrl_eta0p1] | loss: 3.233349 | lrm: 0.65 | dt: 1772.66ms | tok/s: 295,762 | mfu: 33.76 | epoch: 1 | eta: 20.9m
step 01493/02205 (67.71%) [ns3_ftrl_eta0p1] | loss: 3.226371 | lrm: 0.65 | dt: 1773.05ms | tok/s: 295,698 | mfu: 33.75 | epoch: 1 | eta: 20.9m
step 01494/02205 (67.76%) [ns3_ftrl_eta0p1] | loss: 3.224060 | lrm: 0.65 | dt: 1773.15ms | tok/s: 295,682 | mfu: 33.75 | epoch: 1 | eta: 20.8m
step 01495/02205 (67.80%) [ns3_ftrl_eta0p1] | loss: 3.229261 | lrm: 0.64 | dt: 1771.29ms | tok/s: 295,991 | mfu: 33.79 | epoch: 1 | eta: 20.8m
step 01496/02205 (67.85%) [ns3_ftrl_eta0p1] | loss: 3.229929 | lrm: 0.64 | dt: 1775.37ms | tok/s: 295,311 | mfu: 33.71 | epoch: 1 | eta: 20.8m
step 01497/02205 (67.89%) [ns3_ftrl_eta0p1] | loss: 3.220137 | lrm: 0.64 | dt: 1774.32ms | tok/s: 295,486 | mfu: 33.73 | epoch: 1 | eta: 20.7m
step 01498/02205 (67.94%) [ns3_ftrl_eta0p1] | loss: 3.227364 | lrm: 0.64 | dt: 1769.15ms | tok/s: 296,349 | mfu: 33.83 | epoch: 1 | eta: 20.7m
step 01499/02205 (67.98%) [ns3_ftrl_eta0p1] | loss: 3.218560 | lrm: 0.64 | dt: 1772.41ms | tok/s: 295,804 | mfu: 33.77 | epoch: 1 | eta: 20.7m
Step 01500 | val bpb: 0.946734
step 01500/02205 (68.03%) [ns3_ftrl_eta0p1] | loss: 3.209396 | lrm: 0.64 | dt: 1704.94ms | tok/s: 307,510 | mfu: 35.10 | epoch: 1 | eta: 20.7m
step 01501/02205 (68.07%) [ns3_ftrl_eta0p1] | loss: 3.205727 | lrm: 0.64 | dt: 1739.34ms | tok/s: 301,429 | mfu: 34.41 | epoch: 1 | eta: 20.6m
step 01502/02205 (68.12%) [ns3_ftrl_eta0p1] | loss: 3.210537 | lrm: 0.64 | dt: 1737.84ms | tok/s: 301,689 | mfu: 34.44 | epoch: 1 | eta: 20.6m
step 01503/02205 (68.16%) [ns3_ftrl_eta0p1] | loss: 3.205409 | lrm: 0.64 | dt: 1739.93ms | tok/s: 301,326 | mfu: 34.40 | epoch: 1 | eta: 20.6m
step 01504/02205 (68.21%) [ns3_ftrl_eta0p1] | loss: 3.201697 | lrm: 0.64 | dt: 1740.69ms | tok/s: 301,195 | mfu: 34.38 | epoch: 1 | eta: 20.5m
step 01505/02205 (68.25%) [ns3_ftrl_eta0p1] | loss: 3.189967 | lrm: 0.64 | dt: 1741.00ms | tok/s: 301,141 | mfu: 34.38 | epoch: 1 | eta: 20.5m
step 01506/02205 (68.30%) [ns3_ftrl_eta0p1] | loss: 3.194322 | lrm: 0.63 | dt: 1741.20ms | tok/s: 301,108 | mfu: 34.37 | epoch: 1 | eta: 20.5m
step 01507/02205 (68.34%) [ns3_ftrl_eta0p1] | loss: 3.193337 | lrm: 0.63 | dt: 1746.18ms | tok/s: 300,247 | mfu: 34.27 | epoch: 1 | eta: 20.4m
step 01508/02205 (68.39%) [ns3_ftrl_eta0p1] | loss: 3.208226 | lrm: 0.63 | dt: 1749.57ms | tok/s: 299,667 | mfu: 34.21 | epoch: 1 | eta: 20.4m
step 01509/02205 (68.44%) [ns3_ftrl_eta0p1] | loss: 3.203773 | lrm: 0.63 | dt: 1741.26ms | tok/s: 301,097 | mfu: 34.37 | epoch: 1 | eta: 20.4m
step 01510/02205 (68.48%) [ns3_ftrl_eta0p1] | loss: 3.192589 | lrm: 0.63 | dt: 1748.36ms | tok/s: 299,874 | mfu: 34.23 | epoch: 1 | eta: 20.4m
step 01511/02205 (68.53%) [ns3_ftrl_eta0p1] | loss: 3.194987 | lrm: 0.63 | dt: 1751.61ms | tok/s: 299,317 | mfu: 34.17 | epoch: 1 | eta: 20.3m
step 01512/02205 (68.57%) [ns3_ftrl_eta0p1] | loss: 3.202740 | lrm: 0.63 | dt: 1744.80ms | tok/s: 300,485 | mfu: 34.30 | epoch: 1 | eta: 20.3m
step 01513/02205 (68.62%) [ns3_ftrl_eta0p1] | loss: 3.201356 | lrm: 0.63 | dt: 1749.47ms | tok/s: 299,683 | mfu: 34.21 | epoch: 1 | eta: 20.3m
step 01514/02205 (68.66%) [ns3_ftrl_eta0p1] | loss: 3.194723 | lrm: 0.63 | dt: 1752.83ms | tok/s: 299,109 | mfu: 34.14 | epoch: 1 | eta: 20.2m
step 01515/02205 (68.71%) [ns3_ftrl_eta0p1] | loss: 3.194246 | lrm: 0.63 | dt: 1749.79ms | tok/s: 299,628 | mfu: 34.20 | epoch: 1 | eta: 20.2m
step 01516/02205 (68.75%) [ns3_ftrl_eta0p1] | loss: 3.199958 | lrm: 0.63 | dt: 1749.05ms | tok/s: 299,756 | mfu: 34.22 | epoch: 1 | eta: 20.2m
step 01517/02205 (68.80%) [ns3_ftrl_eta0p1] | loss: 3.212212 | lrm: 0.62 | dt: 1756.37ms | tok/s: 298,506 | mfu: 34.07 | epoch: 1 | eta: 20.2m
step 01518/02205 (68.84%) [ns3_ftrl_eta0p1] | loss: 3.204791 | lrm: 0.62 | dt: 1746.44ms | tok/s: 300,203 | mfu: 34.27 | epoch: 1 | eta: 20.1m
step 01519/02205 (68.89%) [ns3_ftrl_eta0p1] | loss: 3.203238 | lrm: 0.62 | dt: 1751.99ms | tok/s: 299,253 | mfu: 34.16 | epoch: 1 | eta: 20.1m
step 01520/02205 (68.93%) [ns3_ftrl_eta0p1] | loss: 3.199170 | lrm: 0.62 | dt: 1755.73ms | tok/s: 298,615 | mfu: 34.09 | epoch: 1 | eta: 20.1m
step 01521/02205 (68.98%) [ns3_ftrl_eta0p1] | loss: 3.206734 | lrm: 0.62 | dt: 1749.63ms | tok/s: 299,656 | mfu: 34.21 | epoch: 1 | eta: 20.0m
step 01522/02205 (69.02%) [ns3_ftrl_eta0p1] | loss: 3.208591 | lrm: 0.62 | dt: 1753.81ms | tok/s: 298,941 | mfu: 34.12 | epoch: 1 | eta: 20.0m
step 01523/02205 (69.07%) [ns3_ftrl_eta0p1] | loss: 3.221560 | lrm: 0.62 | dt: 1751.80ms | tok/s: 299,285 | mfu: 34.16 | epoch: 1 | eta: 20.0m
step 01524/02205 (69.12%) [ns3_ftrl_eta0p1] | loss: 3.227865 | lrm: 0.62 | dt: 1753.99ms | tok/s: 298,912 | mfu: 34.12 | epoch: 1 | eta: 19.9m
step 01525/02205 (69.16%) [ns3_ftrl_eta0p1] | loss: 3.224827 | lrm: 0.62 | dt: 1755.76ms | tok/s: 298,610 | mfu: 34.09 | epoch: 1 | eta: 19.9m
step 01526/02205 (69.21%) [ns3_ftrl_eta0p1] | loss: 3.222433 | lrm: 0.62 | dt: 1765.90ms | tok/s: 296,895 | mfu: 33.89 | epoch: 1 | eta: 19.9m
step 01527/02205 (69.25%) [ns3_ftrl_eta0p1] | loss: 3.216390 | lrm: 0.62 | dt: 1757.37ms | tok/s: 298,337 | mfu: 34.06 | epoch: 1 | eta: 19.9m
step 01528/02205 (69.30%) [ns3_ftrl_eta0p1] | loss: 3.214207 | lrm: 0.61 | dt: 1754.24ms | tok/s: 298,868 | mfu: 34.12 | epoch: 1 | eta: 19.8m
step 01529/02205 (69.34%) [ns3_ftrl_eta0p1] | loss: 3.217120 | lrm: 0.61 | dt: 1760.66ms | tok/s: 297,779 | mfu: 33.99 | epoch: 1 | eta: 19.8m
step 01530/02205 (69.39%) [ns3_ftrl_eta0p1] | loss: 3.214231 | lrm: 0.61 | dt: 1761.65ms | tok/s: 297,612 | mfu: 33.97 | epoch: 1 | eta: 19.8m
step 01531/02205 (69.43%) [ns3_ftrl_eta0p1] | loss: 3.214270 | lrm: 0.61 | dt: 1755.03ms | tok/s: 298,735 | mfu: 34.10 | epoch: 1 | eta: 19.7m
step 01532/02205 (69.48%) [ns3_ftrl_eta0p1] | loss: 3.209190 | lrm: 0.61 | dt: 1767.26ms | tok/s: 296,667 | mfu: 33.86 | epoch: 1 | eta: 19.7m
step 01533/02205 (69.52%) [ns3_ftrl_eta0p1] | loss: 3.207131 | lrm: 0.61 | dt: 1755.77ms | tok/s: 298,608 | mfu: 34.09 | epoch: 1 | eta: 19.7m
step 01534/02205 (69.57%) [ns3_ftrl_eta0p1] | loss: 3.212745 | lrm: 0.61 | dt: 1754.02ms | tok/s: 298,906 | mfu: 34.12 | epoch: 1 | eta: 19.7m
step 01535/02205 (69.61%) [ns3_ftrl_eta0p1] | loss: 3.214110 | lrm: 0.61 | dt: 1766.22ms | tok/s: 296,842 | mfu: 33.88 | epoch: 1 | eta: 19.6m
step 01536/02205 (69.66%) [ns3_ftrl_eta0p1] | loss: 3.213029 | lrm: 0.61 | dt: 1757.76ms | tok/s: 298,269 | mfu: 34.05 | epoch: 1 | eta: 19.6m
step 01537/02205 (69.71%) [ns3_ftrl_eta0p1] | loss: 3.222988 | lrm: 0.61 | dt: 1770.19ms | tok/s: 296,176 | mfu: 33.81 | epoch: 1 | eta: 19.6m
step 01538/02205 (69.75%) [ns3_ftrl_eta0p1] | loss: 3.228354 | lrm: 0.61 | dt: 1754.58ms | tok/s: 298,811 | mfu: 34.11 | epoch: 1 | eta: 19.5m
step 01539/02205 (69.80%) [ns3_ftrl_eta0p1] | loss: 3.231840 | lrm: 0.60 | dt: 1770.46ms | tok/s: 296,130 | mfu: 33.80 | epoch: 1 | eta: 19.5m
step 01540/02205 (69.84%) [ns3_ftrl_eta0p1] | loss: 3.231349 | lrm: 0.60 | dt: 1752.74ms | tok/s: 299,125 | mfu: 34.15 | epoch: 1 | eta: 19.5m
step 01541/02205 (69.89%) [ns3_ftrl_eta0p1] | loss: 3.225144 | lrm: 0.60 | dt: 1752.02ms | tok/s: 299,246 | mfu: 34.16 | epoch: 1 | eta: 19.5m
step 01542/02205 (69.93%) [ns3_ftrl_eta0p1] | loss: 3.228699 | lrm: 0.60 | dt: 1771.34ms | tok/s: 295,984 | mfu: 33.79 | epoch: 1 | eta: 19.4m
step 01543/02205 (69.98%) [ns3_ftrl_eta0p1] | loss: 3.227087 | lrm: 0.60 | dt: 1753.90ms | tok/s: 298,927 | mfu: 34.12 | epoch: 1 | eta: 19.4m
step 01544/02205 (70.02%) [ns3_ftrl_eta0p1] | loss: 3.242154 | lrm: 0.60 | dt: 1756.29ms | tok/s: 298,519 | mfu: 34.08 | epoch: 1 | eta: 19.4m
step 01545/02205 (70.07%) [ns3_ftrl_eta0p1] | loss: 3.236557 | lrm: 0.60 | dt: 1765.74ms | tok/s: 296,923 | mfu: 33.89 | epoch: 1 | eta: 19.3m
step 01546/02205 (70.11%) [ns3_ftrl_eta0p1] | loss: 3.239324 | lrm: 0.60 | dt: 1757.44ms | tok/s: 298,324 | mfu: 34.05 | epoch: 1 | eta: 19.3m
step 01547/02205 (70.16%) [ns3_ftrl_eta0p1] | loss: 3.232977 | lrm: 0.60 | dt: 1765.27ms | tok/s: 297,001 | mfu: 33.90 | epoch: 1 | eta: 19.3m
step 01548/02205 (70.20%) [ns3_ftrl_eta0p1] | loss: 3.226117 | lrm: 0.60 | dt: 1765.60ms | tok/s: 296,945 | mfu: 33.90 | epoch: 1 | eta: 19.2m
step 01549/02205 (70.25%) [ns3_ftrl_eta0p1] | loss: 3.227265 | lrm: 0.60 | dt: 1760.77ms | tok/s: 297,760 | mfu: 33.99 | epoch: 1 | eta: 19.2m
step 01550/02205 (70.29%) [ns3_ftrl_eta0p1] | loss: 3.228271 | lrm: 0.59 | dt: 1765.50ms | tok/s: 296,963 | mfu: 33.90 | epoch: 1 | eta: 19.2m
step 01551/02205 (70.34%) [ns3_ftrl_eta0p1] | loss: 3.220760 | lrm: 0.59 | dt: 1756.77ms | tok/s: 298,437 | mfu: 34.07 | epoch: 1 | eta: 19.2m
step 01552/02205 (70.39%) [ns3_ftrl_eta0p1] | loss: 3.214729 | lrm: 0.59 | dt: 1771.52ms | tok/s: 295,953 | mfu: 33.78 | epoch: 1 | eta: 19.1m
step 01553/02205 (70.43%) [ns3_ftrl_eta0p1] | loss: 3.210796 | lrm: 0.59 | dt: 1759.70ms | tok/s: 297,941 | mfu: 34.01 | epoch: 1 | eta: 19.1m
step 01554/02205 (70.48%) [ns3_ftrl_eta0p1] | loss: 3.217426 | lrm: 0.59 | dt: 1769.38ms | tok/s: 296,312 | mfu: 33.82 | epoch: 1 | eta: 19.1m
step 01555/02205 (70.52%) [ns3_ftrl_eta0p1] | loss: 3.221729 | lrm: 0.59 | dt: 1769.15ms | tok/s: 296,349 | mfu: 33.83 | epoch: 1 | eta: 19.0m
step 01556/02205 (70.57%) [ns3_ftrl_eta0p1] | loss: 3.224542 | lrm: 0.59 | dt: 1773.05ms | tok/s: 295,698 | mfu: 33.75 | epoch: 1 | eta: 19.0m
step 01557/02205 (70.61%) [ns3_ftrl_eta0p1] | loss: 3.228558 | lrm: 0.59 | dt: 1755.14ms | tok/s: 298,716 | mfu: 34.10 | epoch: 1 | eta: 19.0m
step 01558/02205 (70.66%) [ns3_ftrl_eta0p1] | loss: 3.230544 | lrm: 0.59 | dt: 1770.74ms | tok/s: 296,083 | mfu: 33.80 | epoch: 1 | eta: 19.0m
step 01559/02205 (70.70%) [ns3_ftrl_eta0p1] | loss: 3.225590 | lrm: 0.59 | dt: 1772.51ms | tok/s: 295,787 | mfu: 33.76 | epoch: 1 | eta: 18.9m
step 01560/02205 (70.75%) [ns3_ftrl_eta0p1] | loss: 3.224657 | lrm: 0.59 | dt: 1776.93ms | tok/s: 295,053 | mfu: 33.68 | epoch: 1 | eta: 18.9m
step 01561/02205 (70.79%) [ns3_ftrl_eta0p1] | loss: 3.220101 | lrm: 0.58 | dt: 1770.03ms | tok/s: 296,202 | mfu: 33.81 | epoch: 1 | eta: 18.9m
step 01562/02205 (70.84%) [ns3_ftrl_eta0p1] | loss: 3.219137 | lrm: 0.58 | dt: 1770.16ms | tok/s: 296,181 | mfu: 33.81 | epoch: 1 | eta: 18.8m
step 01563/02205 (70.88%) [ns3_ftrl_eta0p1] | loss: 3.216750 | lrm: 0.58 | dt: 1764.12ms | tok/s: 297,194 | mfu: 33.93 | epoch: 1 | eta: 18.8m
step 01564/02205 (70.93%) [ns3_ftrl_eta0p1] | loss: 3.215677 | lrm: 0.58 | dt: 1765.78ms | tok/s: 296,915 | mfu: 33.89 | epoch: 1 | eta: 18.8m
step 01565/02205 (70.98%) [ns3_ftrl_eta0p1] | loss: 3.210868 | lrm: 0.58 | dt: 1769.92ms | tok/s: 296,221 | mfu: 33.81 | epoch: 1 | eta: 18.7m
step 01566/02205 (71.02%) [ns3_ftrl_eta0p1] | loss: 3.214067 | lrm: 0.58 | dt: 1768.82ms | tok/s: 296,405 | mfu: 33.84 | epoch: 1 | eta: 18.7m
step 01567/02205 (71.07%) [ns3_ftrl_eta0p1] | loss: 3.211867 | lrm: 0.58 | dt: 1753.69ms | tok/s: 298,963 | mfu: 34.13 | epoch: 1 | eta: 18.7m
step 01568/02205 (71.11%) [ns3_ftrl_eta0p1] | loss: 3.209580 | lrm: 0.58 | dt: 1770.63ms | tok/s: 296,102 | mfu: 33.80 | epoch: 1 | eta: 18.7m
step 01569/02205 (71.16%) [ns3_ftrl_eta0p1] | loss: 3.208269 | lrm: 0.58 | dt: 1772.16ms | tok/s: 295,846 | mfu: 33.77 | epoch: 1 | eta: 18.6m
step 01570/02205 (71.20%) [ns3_ftrl_eta0p1] | loss: 3.199340 | lrm: 0.58 | dt: 1772.28ms | tok/s: 295,827 | mfu: 33.77 | epoch: 1 | eta: 18.6m
step 01571/02205 (71.25%) [ns3_ftrl_eta0p1] | loss: 3.198441 | lrm: 0.58 | dt: 1773.94ms | tok/s: 295,550 | mfu: 33.74 | epoch: 1 | eta: 18.6m
step 01572/02205 (71.29%) [ns3_ftrl_eta0p1] | loss: 3.202643 | lrm: 0.57 | dt: 1767.53ms | tok/s: 296,621 | mfu: 33.86 | epoch: 1 | eta: 18.5m
step 01573/02205 (71.34%) [ns3_ftrl_eta0p1] | loss: 3.196447 | lrm: 0.57 | dt: 1776.07ms | tok/s: 295,195 | mfu: 33.70 | epoch: 1 | eta: 18.5m
step 01574/02205 (71.38%) [ns3_ftrl_eta0p1] | loss: 3.199429 | lrm: 0.57 | dt: 1773.18ms | tok/s: 295,676 | mfu: 33.75 | epoch: 1 | eta: 18.5m
step 01575/02205 (71.43%) [ns3_ftrl_eta0p1] | loss: 3.203427 | lrm: 0.57 | dt: 1771.56ms | tok/s: 295,947 | mfu: 33.78 | epoch: 1 | eta: 18.5m
step 01576/02205 (71.47%) [ns3_ftrl_eta0p1] | loss: 3.199248 | lrm: 0.57 | dt: 1769.47ms | tok/s: 296,296 | mfu: 33.82 | epoch: 1 | eta: 18.4m
step 01577/02205 (71.52%) [ns3_ftrl_eta0p1] | loss: 3.202899 | lrm: 0.57 | dt: 1772.17ms | tok/s: 295,844 | mfu: 33.77 | epoch: 1 | eta: 18.4m
step 01578/02205 (71.56%) [ns3_ftrl_eta0p1] | loss: 3.191758 | lrm: 0.57 | dt: 1773.75ms | tok/s: 295,581 | mfu: 33.74 | epoch: 1 | eta: 18.4m
step 01579/02205 (71.61%) [ns3_ftrl_eta0p1] | loss: 3.197403 | lrm: 0.57 | dt: 1771.28ms | tok/s: 295,994 | mfu: 33.79 | epoch: 1 | eta: 18.3m
step 01580/02205 (71.66%) [ns3_ftrl_eta0p1] | loss: 3.195424 | lrm: 0.57 | dt: 1772.44ms | tok/s: 295,800 | mfu: 33.77 | epoch: 1 | eta: 18.3m
step 01581/02205 (71.70%) [ns3_ftrl_eta0p1] | loss: 3.187342 | lrm: 0.57 | dt: 1772.17ms | tok/s: 295,845 | mfu: 33.77 | epoch: 1 | eta: 18.3m
step 01582/02205 (71.75%) [ns3_ftrl_eta0p1] | loss: 3.189481 | lrm: 0.57 | dt: 1772.58ms | tok/s: 295,777 | mfu: 33.76 | epoch: 1 | eta: 18.3m
step 01583/02205 (71.79%) [ns3_ftrl_eta0p1] | loss: 3.190827 | lrm: 0.56 | dt: 1774.65ms | tok/s: 295,431 | mfu: 33.72 | epoch: 1 | eta: 18.2m
step 01584/02205 (71.84%) [ns3_ftrl_eta0p1] | loss: 3.192650 | lrm: 0.56 | dt: 1769.78ms | tok/s: 296,244 | mfu: 33.82 | epoch: 1 | eta: 18.2m
step 01585/02205 (71.88%) [ns3_ftrl_eta0p1] | loss: 3.198529 | lrm: 0.56 | dt: 1773.82ms | tok/s: 295,570 | mfu: 33.74 | epoch: 1 | eta: 18.2m
step 01586/02205 (71.93%) [ns3_ftrl_eta0p1] | loss: 3.198287 | lrm: 0.56 | dt: 1768.02ms | tok/s: 296,539 | mfu: 33.85 | epoch: 1 | eta: 18.1m
step 01587/02205 (71.97%) [ns3_ftrl_eta0p1] | loss: 3.189261 | lrm: 0.56 | dt: 1770.60ms | tok/s: 296,107 | mfu: 33.80 | epoch: 1 | eta: 18.1m
step 01588/02205 (72.02%) [ns3_ftrl_eta0p1] | loss: 3.194132 | lrm: 0.56 | dt: 1774.89ms | tok/s: 295,392 | mfu: 33.72 | epoch: 1 | eta: 18.1m
step 01589/02205 (72.06%) [ns3_ftrl_eta0p1] | loss: 3.196218 | lrm: 0.56 | dt: 1773.77ms | tok/s: 295,577 | mfu: 33.74 | epoch: 1 | eta: 18.0m
step 01590/02205 (72.11%) [ns3_ftrl_eta0p1] | loss: 3.199397 | lrm: 0.56 | dt: 1769.42ms | tok/s: 296,305 | mfu: 33.82 | epoch: 1 | eta: 18.0m
step 01591/02205 (72.15%) [ns3_ftrl_eta0p1] | loss: 3.215453 | lrm: 0.56 | dt: 1767.72ms | tok/s: 296,589 | mfu: 33.86 | epoch: 1 | eta: 18.0m
step 01592/02205 (72.20%) [ns3_ftrl_eta0p1] | loss: 3.214034 | lrm: 0.56 | dt: 1757.60ms | tok/s: 298,298 | mfu: 34.05 | epoch: 1 | eta: 18.0m
step 01593/02205 (72.24%) [ns3_ftrl_eta0p1] | loss: 3.204604 | lrm: 0.56 | dt: 1773.08ms | tok/s: 295,693 | mfu: 33.75 | epoch: 1 | eta: 17.9m
step 01594/02205 (72.29%) [ns3_ftrl_eta0p1] | loss: 3.201697 | lrm: 0.55 | dt: 1772.02ms | tok/s: 295,869 | mfu: 33.77 | epoch: 1 | eta: 17.9m
step 01595/02205 (72.34%) [ns3_ftrl_eta0p1] | loss: 3.191000 | lrm: 0.55 | dt: 1753.35ms | tok/s: 299,020 | mfu: 34.13 | epoch: 1 | eta: 17.9m
step 01596/02205 (72.38%) [ns3_ftrl_eta0p1] | loss: 3.193519 | lrm: 0.55 | dt: 1771.11ms | tok/s: 296,021 | mfu: 33.79 | epoch: 1 | eta: 17.8m
step 01597/02205 (72.43%) [ns3_ftrl_eta0p1] | loss: 3.205392 | lrm: 0.55 | dt: 1770.18ms | tok/s: 296,177 | mfu: 33.81 | epoch: 1 | eta: 17.8m
step 01598/02205 (72.47%) [ns3_ftrl_eta0p1] | loss: 3.204094 | lrm: 0.55 | dt: 1756.56ms | tok/s: 298,474 | mfu: 34.07 | epoch: 1 | eta: 17.8m
step 01599/02205 (72.52%) [ns3_ftrl_eta0p1] | loss: 3.198243 | lrm: 0.55 | dt: 1770.82ms | tok/s: 296,070 | mfu: 33.80 | epoch: 1 | eta: 17.8m
step 01600/02205 (72.56%) [ns3_ftrl_eta0p1] | loss: 3.198773 | lrm: 0.55 | dt: 1773.86ms | tok/s: 295,563 | mfu: 33.74 | epoch: 1 | eta: 17.7m
step 01601/02205 (72.61%) [ns3_ftrl_eta0p1] | loss: 3.194711 | lrm: 0.55 | dt: 1773.63ms | tok/s: 295,602 | mfu: 33.74 | epoch: 1 | eta: 17.7m
step 01602/02205 (72.65%) [ns3_ftrl_eta0p1] | loss: 3.199634 | lrm: 0.55 | dt: 1772.20ms | tok/s: 295,840 | mfu: 33.77 | epoch: 1 | eta: 17.7m
step 01603/02205 (72.70%) [ns3_ftrl_eta0p1] | loss: 3.200200 | lrm: 0.55 | dt: 1769.95ms | tok/s: 296,216 | mfu: 33.81 | epoch: 1 | eta: 17.6m
step 01604/02205 (72.74%) [ns3_ftrl_eta0p1] | loss: 3.207350 | lrm: 0.55 | dt: 1771.42ms | tok/s: 295,970 | mfu: 33.79 | epoch: 1 | eta: 17.6m
step 01605/02205 (72.79%) [ns3_ftrl_eta0p1] | loss: 3.208801 | lrm: 0.54 | dt: 1777.13ms | tok/s: 295,019 | mfu: 33.68 | epoch: 1 | eta: 17.6m
step 01606/02205 (72.83%) [ns3_ftrl_eta0p1] | loss: 3.210863 | lrm: 0.54 | dt: 1771.20ms | tok/s: 296,007 | mfu: 33.79 | epoch: 1 | eta: 17.6m
step 01607/02205 (72.88%) [ns3_ftrl_eta0p1] | loss: 3.205861 | lrm: 0.54 | dt: 1771.66ms | tok/s: 295,930 | mfu: 33.78 | epoch: 1 | eta: 17.5m
step 01608/02205 (72.93%) [ns3_ftrl_eta0p1] | loss: 3.205759 | lrm: 0.54 | dt: 1771.80ms | tok/s: 295,907 | mfu: 33.78 | epoch: 1 | eta: 17.5m
step 01609/02205 (72.97%) [ns3_ftrl_eta0p1] | loss: 3.207972 | lrm: 0.54 | dt: 1771.37ms | tok/s: 295,978 | mfu: 33.79 | epoch: 1 | eta: 17.5m
step 01610/02205 (73.02%) [ns3_ftrl_eta0p1] | loss: 3.194546 | lrm: 0.54 | dt: 1773.03ms | tok/s: 295,701 | mfu: 33.75 | epoch: 1 | eta: 17.4m
step 01611/02205 (73.06%) [ns3_ftrl_eta0p1] | loss: 3.201543 | lrm: 0.54 | dt: 1758.47ms | tok/s: 298,150 | mfu: 34.03 | epoch: 1 | eta: 17.4m
step 01612/02205 (73.11%) [ns3_ftrl_eta0p1] | loss: 3.200810 | lrm: 0.54 | dt: 1768.08ms | tok/s: 296,530 | mfu: 33.85 | epoch: 1 | eta: 17.4m
step 01613/02205 (73.15%) [ns3_ftrl_eta0p1] | loss: 3.190657 | lrm: 0.54 | dt: 1772.61ms | tok/s: 295,771 | mfu: 33.76 | epoch: 1 | eta: 17.3m
step 01614/02205 (73.20%) [ns3_ftrl_eta0p1] | loss: 3.195000 | lrm: 0.54 | dt: 1774.24ms | tok/s: 295,499 | mfu: 33.73 | epoch: 1 | eta: 17.3m
step 01615/02205 (73.24%) [ns3_ftrl_eta0p1] | loss: 3.200408 | lrm: 0.54 | dt: 1771.50ms | tok/s: 295,956 | mfu: 33.78 | epoch: 1 | eta: 17.3m
step 01616/02205 (73.29%) [ns3_ftrl_eta0p1] | loss: 3.209430 | lrm: 0.53 | dt: 1769.15ms | tok/s: 296,349 | mfu: 33.83 | epoch: 1 | eta: 17.3m
step 01617/02205 (73.33%) [ns3_ftrl_eta0p1] | loss: 3.214556 | lrm: 0.53 | dt: 1755.17ms | tok/s: 298,709 | mfu: 34.10 | epoch: 1 | eta: 17.2m
step 01618/02205 (73.38%) [ns3_ftrl_eta0p1] | loss: 3.208213 | lrm: 0.53 | dt: 1772.89ms | tok/s: 295,725 | mfu: 33.76 | epoch: 1 | eta: 17.2m
step 01619/02205 (73.42%) [ns3_ftrl_eta0p1] | loss: 3.199454 | lrm: 0.53 | dt: 1774.27ms | tok/s: 295,495 | mfu: 33.73 | epoch: 1 | eta: 17.2m
step 01620/02205 (73.47%) [ns3_ftrl_eta0p1] | loss: 3.197814 | lrm: 0.53 | dt: 1769.31ms | tok/s: 296,323 | mfu: 33.83 | epoch: 1 | eta: 17.1m
step 01621/02205 (73.51%) [ns3_ftrl_eta0p1] | loss: 3.195967 | lrm: 0.53 | dt: 1763.46ms | tok/s: 297,306 | mfu: 33.94 | epoch: 1 | eta: 17.1m
step 01622/02205 (73.56%) [ns3_ftrl_eta0p1] | loss: 3.196052 | lrm: 0.53 | dt: 1764.62ms | tok/s: 297,110 | mfu: 33.92 | epoch: 1 | eta: 17.1m
step 01623/02205 (73.61%) [ns3_ftrl_eta0p1] | loss: 3.199187 | lrm: 0.53 | dt: 1768.99ms | tok/s: 296,377 | mfu: 33.83 | epoch: 1 | eta: 17.1m
step 01624/02205 (73.65%) [ns3_ftrl_eta0p1] | loss: 3.203952 | lrm: 0.53 | dt: 1775.09ms | tok/s: 295,357 | mfu: 33.72 | epoch: 1 | eta: 17.0m
step 01625/02205 (73.70%) [ns3_ftrl_eta0p1] | loss: 3.210150 | lrm: 0.53 | dt: 1772.69ms | tok/s: 295,757 | mfu: 33.76 | epoch: 1 | eta: 17.0m
step 01626/02205 (73.74%) [ns3_ftrl_eta0p1] | loss: 3.201291 | lrm: 0.53 | dt: 1768.84ms | tok/s: 296,402 | mfu: 33.83 | epoch: 1 | eta: 17.0m
step 01627/02205 (73.79%) [ns3_ftrl_eta0p1] | loss: 3.207008 | lrm: 0.52 | dt: 1775.50ms | tok/s: 295,290 | mfu: 33.71 | epoch: 1 | eta: 16.9m
step 01628/02205 (73.83%) [ns3_ftrl_eta0p1] | loss: 3.209923 | lrm: 0.52 | dt: 1774.15ms | tok/s: 295,515 | mfu: 33.73 | epoch: 1 | eta: 16.9m
step 01629/02205 (73.88%) [ns3_ftrl_eta0p1] | loss: 3.205981 | lrm: 0.52 | dt: 1769.85ms | tok/s: 296,232 | mfu: 33.82 | epoch: 1 | eta: 16.9m
step 01630/02205 (73.92%) [ns3_ftrl_eta0p1] | loss: 3.206678 | lrm: 0.52 | dt: 1771.51ms | tok/s: 295,954 | mfu: 33.78 | epoch: 1 | eta: 16.9m
step 01631/02205 (73.97%) [ns3_ftrl_eta0p1] | loss: 3.206674 | lrm: 0.52 | dt: 1771.36ms | tok/s: 295,980 | mfu: 33.79 | epoch: 1 | eta: 16.8m
step 01632/02205 (74.01%) [ns3_ftrl_eta0p1] | loss: 3.191348 | lrm: 0.52 | dt: 1772.84ms | tok/s: 295,732 | mfu: 33.76 | epoch: 1 | eta: 16.8m
step 01633/02205 (74.06%) [ns3_ftrl_eta0p1] | loss: 3.189128 | lrm: 0.52 | dt: 1772.66ms | tok/s: 295,763 | mfu: 33.76 | epoch: 1 | eta: 16.8m
step 01634/02205 (74.10%) [ns3_ftrl_eta0p1] | loss: 3.189741 | lrm: 0.52 | dt: 1770.08ms | tok/s: 296,193 | mfu: 33.81 | epoch: 1 | eta: 16.7m
step 01635/02205 (74.15%) [ns3_ftrl_eta0p1] | loss: 3.181135 | lrm: 0.52 | dt: 1770.94ms | tok/s: 296,051 | mfu: 33.79 | epoch: 1 | eta: 16.7m
step 01636/02205 (74.20%) [ns3_ftrl_eta0p1] | loss: 3.178007 | lrm: 0.52 | dt: 1771.59ms | tok/s: 295,941 | mfu: 33.78 | epoch: 1 | eta: 16.7m
step 01637/02205 (74.24%) [ns3_ftrl_eta0p1] | loss: 3.183405 | lrm: 0.52 | dt: 1769.52ms | tok/s: 296,288 | mfu: 33.82 | epoch: 1 | eta: 16.6m
step 01638/02205 (74.29%) [ns3_ftrl_eta0p1] | loss: 3.186441 | lrm: 0.51 | dt: 1774.09ms | tok/s: 295,524 | mfu: 33.73 | epoch: 1 | eta: 16.6m
step 01639/02205 (74.33%) [ns3_ftrl_eta0p1] | loss: 3.192071 | lrm: 0.51 | dt: 1778.35ms | tok/s: 294,817 | mfu: 33.65 | epoch: 1 | eta: 16.6m
step 01640/02205 (74.38%) [ns3_ftrl_eta0p1] | loss: 3.183302 | lrm: 0.51 | dt: 1766.17ms | tok/s: 296,851 | mfu: 33.89 | epoch: 1 | eta: 16.6m
step 01641/02205 (74.42%) [ns3_ftrl_eta0p1] | loss: 3.186298 | lrm: 0.51 | dt: 1770.48ms | tok/s: 296,127 | mfu: 33.80 | epoch: 1 | eta: 16.5m
step 01642/02205 (74.47%) [ns3_ftrl_eta0p1] | loss: 3.186413 | lrm: 0.51 | dt: 1771.41ms | tok/s: 295,972 | mfu: 33.79 | epoch: 1 | eta: 16.5m
step 01643/02205 (74.51%) [ns3_ftrl_eta0p1] | loss: 3.191590 | lrm: 0.51 | dt: 1771.44ms | tok/s: 295,967 | mfu: 33.79 | epoch: 1 | eta: 16.5m
step 01644/02205 (74.56%) [ns3_ftrl_eta0p1] | loss: 3.201382 | lrm: 0.51 | dt: 1772.02ms | tok/s: 295,869 | mfu: 33.77 | epoch: 1 | eta: 16.4m
step 01645/02205 (74.60%) [ns3_ftrl_eta0p1] | loss: 3.198291 | lrm: 0.51 | dt: 1770.66ms | tok/s: 296,096 | mfu: 33.80 | epoch: 1 | eta: 16.4m
step 01646/02205 (74.65%) [ns3_ftrl_eta0p1] | loss: 3.203138 | lrm: 0.51 | dt: 1773.04ms | tok/s: 295,700 | mfu: 33.75 | epoch: 1 | eta: 16.4m
step 01647/02205 (74.69%) [ns3_ftrl_eta0p1] | loss: 3.188157 | lrm: 0.51 | dt: 1775.41ms | tok/s: 295,305 | mfu: 33.71 | epoch: 1 | eta: 16.4m
step 01648/02205 (74.74%) [ns3_ftrl_eta0p1] | loss: 3.185107 | lrm: 0.51 | dt: 1771.98ms | tok/s: 295,876 | mfu: 33.77 | epoch: 1 | eta: 16.3m
step 01649/02205 (74.78%) [ns3_ftrl_eta0p1] | loss: 3.175001 | lrm: 0.50 | dt: 1771.18ms | tok/s: 296,010 | mfu: 33.79 | epoch: 1 | eta: 16.3m
step 01650/02205 (74.83%) [ns3_ftrl_eta0p1] | loss: 3.174487 | lrm: 0.50 | dt: 1772.81ms | tok/s: 295,739 | mfu: 33.76 | epoch: 1 | eta: 16.3m
step 01651/02205 (74.88%) [ns3_ftrl_eta0p1] | loss: 3.167780 | lrm: 0.50 | dt: 1766.12ms | tok/s: 296,858 | mfu: 33.89 | epoch: 1 | eta: 16.2m
step 01652/02205 (74.92%) [ns3_ftrl_eta0p1] | loss: 3.158465 | lrm: 0.50 | dt: 1772.03ms | tok/s: 295,868 | mfu: 33.77 | epoch: 1 | eta: 16.2m
step 01653/02205 (74.97%) [ns3_ftrl_eta0p1] | loss: 3.157611 | lrm: 0.50 | dt: 1770.03ms | tok/s: 296,202 | mfu: 33.81 | epoch: 1 | eta: 16.2m
step 01654/02205 (75.01%) [ns3_ftrl_eta0p1] | loss: 3.159018 | lrm: 0.50 | dt: 1769.90ms | tok/s: 296,224 | mfu: 33.81 | epoch: 1 | eta: 16.1m
step 01655/02205 (75.06%) [ns3_ftrl_eta0p1] | loss: 3.148034 | lrm: 0.50 | dt: 1773.96ms | tok/s: 295,546 | mfu: 33.74 | epoch: 1 | eta: 16.1m
step 01656/02205 (75.10%) [ns3_ftrl_eta0p1] | loss: 3.153789 | lrm: 0.50 | dt: 1771.73ms | tok/s: 295,918 | mfu: 33.78 | epoch: 1 | eta: 16.1m
step 01657/02205 (75.15%) [ns3_ftrl_eta0p1] | loss: 3.161262 | lrm: 0.50 | dt: 1773.26ms | tok/s: 295,664 | mfu: 33.75 | epoch: 1 | eta: 16.1m
step 01658/02205 (75.19%) [ns3_ftrl_eta0p1] | loss: 3.157919 | lrm: 0.50 | dt: 1773.35ms | tok/s: 295,647 | mfu: 33.75 | epoch: 1 | eta: 16.0m
step 01659/02205 (75.24%) [ns3_ftrl_eta0p1] | loss: 3.161451 | lrm: 0.50 | dt: 1770.78ms | tok/s: 296,077 | mfu: 33.80 | epoch: 1 | eta: 16.0m
step 01660/02205 (75.28%) [ns3_ftrl_eta0p1] | loss: 3.156095 | lrm: 0.49 | dt: 1770.90ms | tok/s: 296,057 | mfu: 33.80 | epoch: 1 | eta: 16.0m
step 01661/02205 (75.33%) [ns3_ftrl_eta0p1] | loss: 3.165790 | lrm: 0.49 | dt: 1773.78ms | tok/s: 295,576 | mfu: 33.74 | epoch: 1 | eta: 15.9m
step 01662/02205 (75.37%) [ns3_ftrl_eta0p1] | loss: 3.165230 | lrm: 0.49 | dt: 1772.53ms | tok/s: 295,785 | mfu: 33.76 | epoch: 1 | eta: 15.9m
step 01663/02205 (75.42%) [ns3_ftrl_eta0p1] | loss: 3.164513 | lrm: 0.49 | dt: 1771.36ms | tok/s: 295,980 | mfu: 33.79 | epoch: 1 | eta: 15.9m
step 01664/02205 (75.46%) [ns3_ftrl_eta0p1] | loss: 3.171405 | lrm: 0.49 | dt: 1774.80ms | tok/s: 295,406 | mfu: 33.72 | epoch: 1 | eta: 15.9m
step 01665/02205 (75.51%) [ns3_ftrl_eta0p1] | loss: 3.182990 | lrm: 0.49 | dt: 1768.44ms | tok/s: 296,468 | mfu: 33.84 | epoch: 1 | eta: 15.8m
step 01666/02205 (75.56%) [ns3_ftrl_eta0p1] | loss: 3.189413 | lrm: 0.49 | dt: 1773.67ms | tok/s: 295,594 | mfu: 33.74 | epoch: 1 | eta: 15.8m
step 01667/02205 (75.60%) [ns3_ftrl_eta0p1] | loss: 3.183846 | lrm: 0.49 | dt: 1772.97ms | tok/s: 295,712 | mfu: 33.76 | epoch: 1 | eta: 15.8m
step 01668/02205 (75.65%) [ns3_ftrl_eta0p1] | loss: 3.185787 | lrm: 0.49 | dt: 1774.47ms | tok/s: 295,461 | mfu: 33.73 | epoch: 1 | eta: 15.7m
step 01669/02205 (75.69%) [ns3_ftrl_eta0p1] | loss: 3.189658 | lrm: 0.49 | dt: 1770.48ms | tok/s: 296,126 | mfu: 33.80 | epoch: 1 | eta: 15.7m
step 01670/02205 (75.74%) [ns3_ftrl_eta0p1] | loss: 3.188412 | lrm: 0.49 | dt: 1772.14ms | tok/s: 295,849 | mfu: 33.77 | epoch: 1 | eta: 15.7m
step 01671/02205 (75.78%) [ns3_ftrl_eta0p1] | loss: 3.177628 | lrm: 0.48 | dt: 1770.31ms | tok/s: 296,155 | mfu: 33.81 | epoch: 1 | eta: 15.7m
step 01672/02205 (75.83%) [ns3_ftrl_eta0p1] | loss: 3.175109 | lrm: 0.48 | dt: 1773.89ms | tok/s: 295,558 | mfu: 33.74 | epoch: 1 | eta: 15.6m
step 01673/02205 (75.87%) [ns3_ftrl_eta0p1] | loss: 3.183361 | lrm: 0.48 | dt: 1770.62ms | tok/s: 296,104 | mfu: 33.80 | epoch: 1 | eta: 15.6m
step 01674/02205 (75.92%) [ns3_ftrl_eta0p1] | loss: 3.172497 | lrm: 0.48 | dt: 1772.77ms | tok/s: 295,745 | mfu: 33.76 | epoch: 1 | eta: 15.6m
step 01675/02205 (75.96%) [ns3_ftrl_eta0p1] | loss: 3.154791 | lrm: 0.48 | dt: 1774.04ms | tok/s: 295,532 | mfu: 33.74 | epoch: 1 | eta: 15.5m
step 01676/02205 (76.01%) [ns3_ftrl_eta0p1] | loss: 3.158092 | lrm: 0.48 | dt: 1765.21ms | tok/s: 297,010 | mfu: 33.90 | epoch: 1 | eta: 15.5m
step 01677/02205 (76.05%) [ns3_ftrl_eta0p1] | loss: 3.163898 | lrm: 0.48 | dt: 1776.66ms | tok/s: 295,097 | mfu: 33.69 | epoch: 1 | eta: 15.5m
step 01678/02205 (76.10%) [ns3_ftrl_eta0p1] | loss: 3.169903 | lrm: 0.48 | dt: 1772.55ms | tok/s: 295,782 | mfu: 33.76 | epoch: 1 | eta: 15.4m
step 01679/02205 (76.15%) [ns3_ftrl_eta0p1] | loss: 3.168279 | lrm: 0.48 | dt: 1772.66ms | tok/s: 295,763 | mfu: 33.76 | epoch: 1 | eta: 15.4m
step 01680/02205 (76.19%) [ns3_ftrl_eta0p1] | loss: 3.171753 | lrm: 0.48 | dt: 1771.63ms | tok/s: 295,935 | mfu: 33.78 | epoch: 1 | eta: 15.4m
step 01681/02205 (76.24%) [ns3_ftrl_eta0p1] | loss: 3.169091 | lrm: 0.48 | dt: 1772.32ms | tok/s: 295,819 | mfu: 33.77 | epoch: 1 | eta: 15.4m
step 01682/02205 (76.28%) [ns3_ftrl_eta0p1] | loss: 3.173121 | lrm: 0.47 | dt: 1775.32ms | tok/s: 295,320 | mfu: 33.71 | epoch: 1 | eta: 15.3m
step 01683/02205 (76.33%) [ns3_ftrl_eta0p1] | loss: 3.175007 | lrm: 0.47 | dt: 1770.54ms | tok/s: 296,117 | mfu: 33.80 | epoch: 1 | eta: 15.3m
step 01684/02205 (76.37%) [ns3_ftrl_eta0p1] | loss: 3.175021 | lrm: 0.47 | dt: 1773.28ms | tok/s: 295,660 | mfu: 33.75 | epoch: 1 | eta: 15.3m
step 01685/02205 (76.42%) [ns3_ftrl_eta0p1] | loss: 3.177014 | lrm: 0.47 | dt: 1767.67ms | tok/s: 296,599 | mfu: 33.86 | epoch: 1 | eta: 15.2m
step 01686/02205 (76.46%) [ns3_ftrl_eta0p1] | loss: 3.171382 | lrm: 0.47 | dt: 1772.39ms | tok/s: 295,807 | mfu: 33.77 | epoch: 1 | eta: 15.2m
step 01687/02205 (76.51%) [ns3_ftrl_eta0p1] | loss: 3.169563 | lrm: 0.47 | dt: 1773.12ms | tok/s: 295,686 | mfu: 33.75 | epoch: 1 | eta: 15.2m
step 01688/02205 (76.55%) [ns3_ftrl_eta0p1] | loss: 3.176856 | lrm: 0.47 | dt: 1773.00ms | tok/s: 295,707 | mfu: 33.76 | epoch: 1 | eta: 15.2m
step 01689/02205 (76.60%) [ns3_ftrl_eta0p1] | loss: 3.176801 | lrm: 0.47 | dt: 1772.02ms | tok/s: 295,870 | mfu: 33.77 | epoch: 1 | eta: 15.1m
step 01690/02205 (76.64%) [ns3_ftrl_eta0p1] | loss: 3.167976 | lrm: 0.47 | dt: 1768.94ms | tok/s: 296,385 | mfu: 33.83 | epoch: 1 | eta: 15.1m
step 01691/02205 (76.69%) [ns3_ftrl_eta0p1] | loss: 3.173352 | lrm: 0.47 | dt: 1772.34ms | tok/s: 295,816 | mfu: 33.77 | epoch: 1 | eta: 15.1m
step 01692/02205 (76.73%) [ns3_ftrl_eta0p1] | loss: 3.168226 | lrm: 0.47 | dt: 1775.31ms | tok/s: 295,321 | mfu: 33.71 | epoch: 1 | eta: 15.0m
step 01693/02205 (76.78%) [ns3_ftrl_eta0p1] | loss: 3.164673 | lrm: 0.46 | dt: 1774.98ms | tok/s: 295,376 | mfu: 33.72 | epoch: 1 | eta: 15.0m
step 01694/02205 (76.83%) [ns3_ftrl_eta0p1] | loss: 3.162845 | lrm: 0.46 | dt: 1766.45ms | tok/s: 296,802 | mfu: 33.88 | epoch: 1 | eta: 15.0m
step 01695/02205 (76.87%) [ns3_ftrl_eta0p1] | loss: 3.158531 | lrm: 0.46 | dt: 1772.73ms | tok/s: 295,751 | mfu: 33.76 | epoch: 1 | eta: 14.9m
step 01696/02205 (76.92%) [ns3_ftrl_eta0p1] | loss: 3.161397 | lrm: 0.46 | dt: 1770.81ms | tok/s: 296,072 | mfu: 33.80 | epoch: 1 | eta: 14.9m
step 01697/02205 (76.96%) [ns3_ftrl_eta0p1] | loss: 3.156845 | lrm: 0.46 | dt: 1776.46ms | tok/s: 295,130 | mfu: 33.69 | epoch: 1 | eta: 14.9m
step 01698/02205 (77.01%) [ns3_ftrl_eta0p1] | loss: 3.161702 | lrm: 0.46 | dt: 1769.00ms | tok/s: 296,375 | mfu: 33.83 | epoch: 1 | eta: 14.9m
step 01699/02205 (77.05%) [ns3_ftrl_eta0p1] | loss: 3.165130 | lrm: 0.46 | dt: 1770.14ms | tok/s: 296,183 | mfu: 33.81 | epoch: 1 | eta: 14.8m
step 01700/02205 (77.10%) [ns3_ftrl_eta0p1] | loss: 3.158630 | lrm: 0.46 | dt: 1770.63ms | tok/s: 296,101 | mfu: 33.80 | epoch: 1 | eta: 14.8m
step 01701/02205 (77.14%) [ns3_ftrl_eta0p1] | loss: 3.158837 | lrm: 0.46 | dt: 1772.88ms | tok/s: 295,725 | mfu: 33.76 | epoch: 1 | eta: 14.8m
step 01702/02205 (77.19%) [ns3_ftrl_eta0p1] | loss: 3.161744 | lrm: 0.46 | dt: 1774.07ms | tok/s: 295,529 | mfu: 33.73 | epoch: 1 | eta: 14.7m
step 01703/02205 (77.23%) [ns3_ftrl_eta0p1] | loss: 3.171328 | lrm: 0.46 | dt: 1771.25ms | tok/s: 295,998 | mfu: 33.79 | epoch: 1 | eta: 14.7m
step 01704/02205 (77.28%) [ns3_ftrl_eta0p1] | loss: 3.177412 | lrm: 0.45 | dt: 1769.20ms | tok/s: 296,342 | mfu: 33.83 | epoch: 1 | eta: 14.7m
step 01705/02205 (77.32%) [ns3_ftrl_eta0p1] | loss: 3.183727 | lrm: 0.45 | dt: 1767.84ms | tok/s: 296,569 | mfu: 33.85 | epoch: 1 | eta: 14.7m
step 01706/02205 (77.37%) [ns3_ftrl_eta0p1] | loss: 3.177818 | lrm: 0.45 | dt: 1773.83ms | tok/s: 295,567 | mfu: 33.74 | epoch: 1 | eta: 14.6m
step 01707/02205 (77.41%) [ns3_ftrl_eta0p1] | loss: 3.164044 | lrm: 0.45 | dt: 1771.23ms | tok/s: 296,001 | mfu: 33.79 | epoch: 1 | eta: 14.6m
step 01708/02205 (77.46%) [ns3_ftrl_eta0p1] | loss: 3.171921 | lrm: 0.45 | dt: 1774.27ms | tok/s: 295,494 | mfu: 33.73 | epoch: 1 | eta: 14.6m
step 01709/02205 (77.51%) [ns3_ftrl_eta0p1] | loss: 3.171947 | lrm: 0.45 | dt: 1774.50ms | tok/s: 295,456 | mfu: 33.73 | epoch: 1 | eta: 14.5m
step 01710/02205 (77.55%) [ns3_ftrl_eta0p1] | loss: 3.170636 | lrm: 0.45 | dt: 1767.65ms | tok/s: 296,601 | mfu: 33.86 | epoch: 1 | eta: 14.5m
step 01711/02205 (77.60%) [ns3_ftrl_eta0p1] | loss: 3.165376 | lrm: 0.45 | dt: 1770.58ms | tok/s: 296,111 | mfu: 33.80 | epoch: 1 | eta: 14.5m
step 01712/02205 (77.64%) [ns3_ftrl_eta0p1] | loss: 3.168185 | lrm: 0.45 | dt: 1777.02ms | tok/s: 295,037 | mfu: 33.68 | epoch: 1 | eta: 14.5m
step 01713/02205 (77.69%) [ns3_ftrl_eta0p1] | loss: 3.165869 | lrm: 0.45 | dt: 1769.37ms | tok/s: 296,313 | mfu: 33.82 | epoch: 1 | eta: 14.4m
step 01714/02205 (77.73%) [ns3_ftrl_eta0p1] | loss: 3.171479 | lrm: 0.45 | dt: 1763.64ms | tok/s: 297,276 | mfu: 33.93 | epoch: 1 | eta: 14.4m
step 01715/02205 (77.78%) [ns3_ftrl_eta0p1] | loss: 3.169735 | lrm: 0.44 | dt: 1770.79ms | tok/s: 296,074 | mfu: 33.80 | epoch: 1 | eta: 14.4m
step 01716/02205 (77.82%) [ns3_ftrl_eta0p1] | loss: 3.178150 | lrm: 0.44 | dt: 1771.13ms | tok/s: 296,018 | mfu: 33.79 | epoch: 1 | eta: 14.3m
step 01717/02205 (77.87%) [ns3_ftrl_eta0p1] | loss: 3.180755 | lrm: 0.44 | dt: 1772.14ms | tok/s: 295,849 | mfu: 33.77 | epoch: 1 | eta: 14.3m
step 01718/02205 (77.91%) [ns3_ftrl_eta0p1] | loss: 3.181305 | lrm: 0.44 | dt: 1771.67ms | tok/s: 295,928 | mfu: 33.78 | epoch: 1 | eta: 14.3m
step 01719/02205 (77.96%) [ns3_ftrl_eta0p1] | loss: 3.176768 | lrm: 0.44 | dt: 1773.43ms | tok/s: 295,634 | mfu: 33.75 | epoch: 1 | eta: 14.2m
step 01720/02205 (78.00%) [ns3_ftrl_eta0p1] | loss: 3.170108 | lrm: 0.44 | dt: 1758.02ms | tok/s: 298,226 | mfu: 34.04 | epoch: 1 | eta: 14.2m
step 01721/02205 (78.05%) [ns3_ftrl_eta0p1] | loss: 3.183204 | lrm: 0.44 | dt: 1767.10ms | tok/s: 296,694 | mfu: 33.87 | epoch: 1 | eta: 14.2m
step 01722/02205 (78.10%) [ns3_ftrl_eta0p1] | loss: 3.176310 | lrm: 0.44 | dt: 1774.51ms | tok/s: 295,454 | mfu: 33.73 | epoch: 1 | eta: 14.2m
step 01723/02205 (78.14%) [ns3_ftrl_eta0p1] | loss: 3.177487 | lrm: 0.44 | dt: 1774.74ms | tok/s: 295,417 | mfu: 33.72 | epoch: 1 | eta: 14.1m
step 01724/02205 (78.19%) [ns3_ftrl_eta0p1] | loss: 3.173735 | lrm: 0.44 | dt: 1769.47ms | tok/s: 296,296 | mfu: 33.82 | epoch: 1 | eta: 14.1m
step 01725/02205 (78.23%) [ns3_ftrl_eta0p1] | loss: 3.169008 | lrm: 0.44 | dt: 1771.30ms | tok/s: 295,989 | mfu: 33.79 | epoch: 1 | eta: 14.1m
step 01726/02205 (78.28%) [ns3_ftrl_eta0p1] | loss: 3.170526 | lrm: 0.43 | dt: 1772.83ms | tok/s: 295,734 | mfu: 33.76 | epoch: 1 | eta: 14.0m
step 01727/02205 (78.32%) [ns3_ftrl_eta0p1] | loss: 3.170988 | lrm: 0.43 | dt: 1771.19ms | tok/s: 296,009 | mfu: 33.79 | epoch: 1 | eta: 14.0m
step 01728/02205 (78.37%) [ns3_ftrl_eta0p1] | loss: 3.171610 | lrm: 0.43 | dt: 1774.53ms | tok/s: 295,452 | mfu: 33.73 | epoch: 1 | eta: 14.0m
step 01729/02205 (78.41%) [ns3_ftrl_eta0p1] | loss: 3.188608 | lrm: 0.43 | dt: 1770.60ms | tok/s: 296,108 | mfu: 33.80 | epoch: 1 | eta: 14.0m
step 01730/02205 (78.46%) [ns3_ftrl_eta0p1] | loss: 3.194744 | lrm: 0.43 | dt: 1772.50ms | tok/s: 295,789 | mfu: 33.76 | epoch: 1 | eta: 13.9m
step 01731/02205 (78.50%) [ns3_ftrl_eta0p1] | loss: 3.187428 | lrm: 0.43 | dt: 1772.64ms | tok/s: 295,767 | mfu: 33.76 | epoch: 1 | eta: 13.9m
step 01732/02205 (78.55%) [ns3_ftrl_eta0p1] | loss: 3.181175 | lrm: 0.43 | dt: 1766.84ms | tok/s: 296,737 | mfu: 33.87 | epoch: 1 | eta: 13.9m
step 01733/02205 (78.59%) [ns3_ftrl_eta0p1] | loss: 3.180919 | lrm: 0.43 | dt: 1760.81ms | tok/s: 297,753 | mfu: 33.99 | epoch: 1 | eta: 13.8m
step 01734/02205 (78.64%) [ns3_ftrl_eta0p1] | loss: 3.184737 | lrm: 0.43 | dt: 1768.65ms | tok/s: 296,434 | mfu: 33.84 | epoch: 1 | eta: 13.8m
step 01735/02205 (78.68%) [ns3_ftrl_eta0p1] | loss: 3.185323 | lrm: 0.43 | dt: 1772.02ms | tok/s: 295,870 | mfu: 33.77 | epoch: 1 | eta: 13.8m
step 01736/02205 (78.73%) [ns3_ftrl_eta0p1] | loss: 3.183453 | lrm: 0.43 | dt: 1771.22ms | tok/s: 296,003 | mfu: 33.79 | epoch: 1 | eta: 13.8m
step 01737/02205 (78.78%) [ns3_ftrl_eta0p1] | loss: 3.184185 | lrm: 0.42 | dt: 1769.51ms | tok/s: 296,289 | mfu: 33.82 | epoch: 1 | eta: 13.7m
step 01738/02205 (78.82%) [ns3_ftrl_eta0p1] | loss: 3.178613 | lrm: 0.42 | dt: 1770.40ms | tok/s: 296,141 | mfu: 33.80 | epoch: 1 | eta: 13.7m
step 01739/02205 (78.87%) [ns3_ftrl_eta0p1] | loss: 3.181779 | lrm: 0.42 | dt: 1769.71ms | tok/s: 296,256 | mfu: 33.82 | epoch: 1 | eta: 13.7m
step 01740/02205 (78.91%) [ns3_ftrl_eta0p1] | loss: 3.175885 | lrm: 0.42 | dt: 1771.90ms | tok/s: 295,890 | mfu: 33.78 | epoch: 1 | eta: 13.6m
step 01741/02205 (78.96%) [ns3_ftrl_eta0p1] | loss: 3.178639 | lrm: 0.42 | dt: 1756.54ms | tok/s: 298,477 | mfu: 34.07 | epoch: 1 | eta: 13.6m
step 01742/02205 (79.00%) [ns3_ftrl_eta0p1] | loss: 3.168267 | lrm: 0.42 | dt: 1770.22ms | tok/s: 296,171 | mfu: 33.81 | epoch: 1 | eta: 13.6m
step 01743/02205 (79.05%) [ns3_ftrl_eta0p1] | loss: 3.157731 | lrm: 0.42 | dt: 1772.02ms | tok/s: 295,870 | mfu: 33.77 | epoch: 1 | eta: 13.5m
step 01744/02205 (79.09%) [ns3_ftrl_eta0p1] | loss: 3.152091 | lrm: 0.42 | dt: 1772.93ms | tok/s: 295,718 | mfu: 33.76 | epoch: 1 | eta: 13.5m
step 01745/02205 (79.14%) [ns3_ftrl_eta0p1] | loss: 3.138347 | lrm: 0.42 | dt: 1774.63ms | tok/s: 295,435 | mfu: 33.72 | epoch: 1 | eta: 13.5m
step 01746/02205 (79.18%) [ns3_ftrl_eta0p1] | loss: 3.139680 | lrm: 0.42 | dt: 1770.93ms | tok/s: 296,052 | mfu: 33.79 | epoch: 1 | eta: 13.5m
step 01747/02205 (79.23%) [ns3_ftrl_eta0p1] | loss: 3.155347 | lrm: 0.42 | dt: 1767.04ms | tok/s: 296,704 | mfu: 33.87 | epoch: 1 | eta: 13.4m
step 01748/02205 (79.27%) [ns3_ftrl_eta0p1] | loss: 3.148888 | lrm: 0.41 | dt: 1755.69ms | tok/s: 298,622 | mfu: 34.09 | epoch: 1 | eta: 13.4m
step 01749/02205 (79.32%) [ns3_ftrl_eta0p1] | loss: 3.137539 | lrm: 0.41 | dt: 1772.92ms | tok/s: 295,720 | mfu: 33.76 | epoch: 1 | eta: 13.4m
Step 01750 | val bpb: 0.927276
step 01750/02205 (79.37%) [ns3_ftrl_eta0p1] | loss: 3.143769 | lrm: 0.41 | dt: 1706.20ms | tok/s: 307,284 | mfu: 35.08 | epoch: 1 | eta: 13.3m
step 01751/02205 (79.41%) [ns3_ftrl_eta0p1] | loss: 3.147946 | lrm: 0.41 | dt: 1741.41ms | tok/s: 301,070 | mfu: 34.37 | epoch: 1 | eta: 13.3m
step 01752/02205 (79.46%) [ns3_ftrl_eta0p1] | loss: 3.142407 | lrm: 0.41 | dt: 1732.26ms | tok/s: 302,660 | mfu: 34.55 | epoch: 1 | eta: 13.3m
step 01753/02205 (79.50%) [ns3_ftrl_eta0p1] | loss: 3.144831 | lrm: 0.41 | dt: 1729.70ms | tok/s: 303,109 | mfu: 34.60 | epoch: 1 | eta: 13.3m
step 01754/02205 (79.55%) [ns3_ftrl_eta0p1] | loss: 3.145623 | lrm: 0.41 | dt: 1733.16ms | tok/s: 302,504 | mfu: 34.53 | epoch: 1 | eta: 13.2m
step 01755/02205 (79.59%) [ns3_ftrl_eta0p1] | loss: 3.152064 | lrm: 0.41 | dt: 1734.72ms | tok/s: 302,232 | mfu: 34.50 | epoch: 1 | eta: 13.2m
step 01756/02205 (79.64%) [ns3_ftrl_eta0p1] | loss: 3.148680 | lrm: 0.41 | dt: 1733.78ms | tok/s: 302,396 | mfu: 34.52 | epoch: 1 | eta: 13.2m
step 01757/02205 (79.68%) [ns3_ftrl_eta0p1] | loss: 3.157527 | lrm: 0.41 | dt: 1744.21ms | tok/s: 300,588 | mfu: 34.31 | epoch: 1 | eta: 13.1m
step 01758/02205 (79.73%) [ns3_ftrl_eta0p1] | loss: 3.163743 | lrm: 0.41 | dt: 1743.29ms | tok/s: 300,745 | mfu: 34.33 | epoch: 1 | eta: 13.1m
step 01759/02205 (79.77%) [ns3_ftrl_eta0p1] | loss: 3.162899 | lrm: 0.40 | dt: 1743.40ms | tok/s: 300,727 | mfu: 34.33 | epoch: 1 | eta: 13.1m
step 01760/02205 (79.82%) [ns3_ftrl_eta0p1] | loss: 3.169925 | lrm: 0.40 | dt: 1742.07ms | tok/s: 300,956 | mfu: 34.35 | epoch: 1 | eta: 13.0m
step 01761/02205 (79.86%) [ns3_ftrl_eta0p1] | loss: 3.171307 | lrm: 0.40 | dt: 1743.58ms | tok/s: 300,696 | mfu: 34.32 | epoch: 1 | eta: 13.0m
step 01762/02205 (79.91%) [ns3_ftrl_eta0p1] | loss: 3.171228 | lrm: 0.40 | dt: 1746.68ms | tok/s: 300,162 | mfu: 34.26 | epoch: 1 | eta: 13.0m
step 01763/02205 (79.95%) [ns3_ftrl_eta0p1] | loss: 3.163309 | lrm: 0.40 | dt: 1740.73ms | tok/s: 301,187 | mfu: 34.38 | epoch: 1 | eta: 13.0m
step 01764/02205 (80.00%) [ns3_ftrl_eta0p1] | loss: 3.166023 | lrm: 0.40 | dt: 1739.97ms | tok/s: 301,319 | mfu: 34.40 | epoch: 1 | eta: 12.9m
step 01765/02205 (80.05%) [ns3_ftrl_eta0p1] | loss: 3.158012 | lrm: 0.40 | dt: 1742.50ms | tok/s: 300,882 | mfu: 34.35 | epoch: 1 | eta: 12.9m
step 01766/02205 (80.09%) [ns3_ftrl_eta0p1] | loss: 3.165268 | lrm: 0.40 | dt: 1748.69ms | tok/s: 299,817 | mfu: 34.22 | epoch: 1 | eta: 12.9m
step 01767/02205 (80.14%) [ns3_ftrl_eta0p1] | loss: 3.165847 | lrm: 0.40 | dt: 1750.81ms | tok/s: 299,455 | mfu: 34.18 | epoch: 1 | eta: 12.8m
step 01768/02205 (80.18%) [ns3_ftrl_eta0p1] | loss: 3.164167 | lrm: 0.40 | dt: 1745.64ms | tok/s: 300,340 | mfu: 34.28 | epoch: 1 | eta: 12.8m
step 01769/02205 (80.23%) [ns3_ftrl_eta0p1] | loss: 3.167888 | lrm: 0.40 | dt: 1756.50ms | tok/s: 298,484 | mfu: 34.07 | epoch: 1 | eta: 12.8m
step 01770/02205 (80.27%) [ns3_ftrl_eta0p1] | loss: 3.176103 | lrm: 0.39 | dt: 1749.80ms | tok/s: 299,627 | mfu: 34.20 | epoch: 1 | eta: 12.8m
step 01771/02205 (80.32%) [ns3_ftrl_eta0p1] | loss: 3.175229 | lrm: 0.39 | dt: 1751.85ms | tok/s: 299,276 | mfu: 34.16 | epoch: 1 | eta: 12.7m
step 01772/02205 (80.36%) [ns3_ftrl_eta0p1] | loss: 3.168118 | lrm: 0.39 | dt: 1741.77ms | tok/s: 301,008 | mfu: 34.36 | epoch: 1 | eta: 12.7m
step 01773/02205 (80.41%) [ns3_ftrl_eta0p1] | loss: 3.165423 | lrm: 0.39 | dt: 1744.20ms | tok/s: 300,589 | mfu: 34.31 | epoch: 1 | eta: 12.7m
step 01774/02205 (80.45%) [ns3_ftrl_eta0p1] | loss: 3.169109 | lrm: 0.39 | dt: 1744.55ms | tok/s: 300,528 | mfu: 34.31 | epoch: 1 | eta: 12.6m
step 01775/02205 (80.50%) [ns3_ftrl_eta0p1] | loss: 3.176264 | lrm: 0.39 | dt: 1750.14ms | tok/s: 299,568 | mfu: 34.20 | epoch: 1 | eta: 12.6m
step 01776/02205 (80.54%) [ns3_ftrl_eta0p1] | loss: 3.173067 | lrm: 0.39 | dt: 1749.66ms | tok/s: 299,650 | mfu: 34.21 | epoch: 1 | eta: 12.6m
step 01777/02205 (80.59%) [ns3_ftrl_eta0p1] | loss: 3.178049 | lrm: 0.39 | dt: 1745.32ms | tok/s: 300,395 | mfu: 34.29 | epoch: 1 | eta: 12.5m
step 01778/02205 (80.63%) [ns3_ftrl_eta0p1] | loss: 3.179279 | lrm: 0.39 | dt: 1751.62ms | tok/s: 299,315 | mfu: 34.17 | epoch: 1 | eta: 12.5m
step 01779/02205 (80.68%) [ns3_ftrl_eta0p1] | loss: 3.176628 | lrm: 0.39 | dt: 1750.33ms | tok/s: 299,536 | mfu: 34.19 | epoch: 1 | eta: 12.5m
step 01780/02205 (80.73%) [ns3_ftrl_eta0p1] | loss: 3.178076 | lrm: 0.39 | dt: 1754.04ms | tok/s: 298,902 | mfu: 34.12 | epoch: 1 | eta: 12.5m
step 01781/02205 (80.77%) [ns3_ftrl_eta0p1] | loss: 3.165089 | lrm: 0.38 | dt: 1756.48ms | tok/s: 298,488 | mfu: 34.07 | epoch: 1 | eta: 12.4m
step 01782/02205 (80.82%) [ns3_ftrl_eta0p1] | loss: 3.158307 | lrm: 0.38 | dt: 1752.49ms | tok/s: 299,166 | mfu: 34.15 | epoch: 1 | eta: 12.4m
step 01783/02205 (80.86%) [ns3_ftrl_eta0p1] | loss: 3.155517 | lrm: 0.38 | dt: 1751.72ms | tok/s: 299,299 | mfu: 34.17 | epoch: 1 | eta: 12.4m
step 01784/02205 (80.91%) [ns3_ftrl_eta0p1] | loss: 3.164193 | lrm: 0.38 | dt: 1751.72ms | tok/s: 299,298 | mfu: 34.17 | epoch: 1 | eta: 12.3m
step 01785/02205 (80.95%) [ns3_ftrl_eta0p1] | loss: 3.159143 | lrm: 0.38 | dt: 1750.15ms | tok/s: 299,567 | mfu: 34.20 | epoch: 1 | eta: 12.3m
step 01786/02205 (81.00%) [ns3_ftrl_eta0p1] | loss: 3.159980 | lrm: 0.38 | dt: 1755.42ms | tok/s: 298,668 | mfu: 34.09 | epoch: 1 | eta: 12.3m
step 01787/02205 (81.04%) [ns3_ftrl_eta0p1] | loss: 3.152078 | lrm: 0.38 | dt: 1754.63ms | tok/s: 298,802 | mfu: 34.11 | epoch: 1 | eta: 12.3m
step 01788/02205 (81.09%) [ns3_ftrl_eta0p1] | loss: 3.157492 | lrm: 0.38 | dt: 1752.94ms | tok/s: 299,091 | mfu: 34.14 | epoch: 1 | eta: 12.2m
step 01789/02205 (81.13%) [ns3_ftrl_eta0p1] | loss: 3.160836 | lrm: 0.38 | dt: 1752.61ms | tok/s: 299,146 | mfu: 34.15 | epoch: 1 | eta: 12.2m
step 01790/02205 (81.18%) [ns3_ftrl_eta0p1] | loss: 3.162134 | lrm: 0.38 | dt: 1751.60ms | tok/s: 299,319 | mfu: 34.17 | epoch: 1 | eta: 12.2m
step 01791/02205 (81.22%) [ns3_ftrl_eta0p1] | loss: 3.166731 | lrm: 0.38 | dt: 1753.83ms | tok/s: 298,938 | mfu: 34.12 | epoch: 1 | eta: 12.1m
step 01792/02205 (81.27%) [ns3_ftrl_eta0p1] | loss: 3.175018 | lrm: 0.37 | dt: 1752.09ms | tok/s: 299,236 | mfu: 34.16 | epoch: 1 | eta: 12.1m
step 01793/02205 (81.32%) [ns3_ftrl_eta0p1] | loss: 3.169026 | lrm: 0.37 | dt: 1752.81ms | tok/s: 299,113 | mfu: 34.14 | epoch: 1 | eta: 12.1m
step 01794/02205 (81.36%) [ns3_ftrl_eta0p1] | loss: 3.159723 | lrm: 0.37 | dt: 1752.22ms | tok/s: 299,213 | mfu: 34.16 | epoch: 1 | eta: 12.0m
step 01795/02205 (81.41%) [ns3_ftrl_eta0p1] | loss: 3.168589 | lrm: 0.37 | dt: 1749.18ms | tok/s: 299,732 | mfu: 34.21 | epoch: 1 | eta: 12.0m
step 01796/02205 (81.45%) [ns3_ftrl_eta0p1] | loss: 3.174006 | lrm: 0.37 | dt: 1758.80ms | tok/s: 298,093 | mfu: 34.03 | epoch: 1 | eta: 12.0m
step 01797/02205 (81.50%) [ns3_ftrl_eta0p1] | loss: 3.157412 | lrm: 0.37 | dt: 1750.30ms | tok/s: 299,541 | mfu: 34.19 | epoch: 1 | eta: 12.0m
step 01798/02205 (81.54%) [ns3_ftrl_eta0p1] | loss: 3.158498 | lrm: 0.37 | dt: 1754.50ms | tok/s: 298,824 | mfu: 34.11 | epoch: 1 | eta: 11.9m
step 01799/02205 (81.59%) [ns3_ftrl_eta0p1] | loss: 3.158515 | lrm: 0.37 | dt: 1755.13ms | tok/s: 298,718 | mfu: 34.10 | epoch: 1 | eta: 11.9m
step 01800/02205 (81.63%) [ns3_ftrl_eta0p1] | loss: 3.158122 | lrm: 0.37 | dt: 1748.74ms | tok/s: 299,809 | mfu: 34.22 | epoch: 1 | eta: 11.9m
step 01801/02205 (81.68%) [ns3_ftrl_eta0p1] | loss: 3.157074 | lrm: 0.37 | dt: 1751.37ms | tok/s: 299,358 | mfu: 34.17 | epoch: 1 | eta: 11.8m
step 01802/02205 (81.72%) [ns3_ftrl_eta0p1] | loss: 3.150523 | lrm: 0.37 | dt: 1750.53ms | tok/s: 299,502 | mfu: 34.19 | epoch: 1 | eta: 11.8m
step 01803/02205 (81.77%) [ns3_ftrl_eta0p1] | loss: 3.150113 | lrm: 0.36 | dt: 1752.13ms | tok/s: 299,229 | mfu: 34.16 | epoch: 1 | eta: 11.8m
step 01804/02205 (81.81%) [ns3_ftrl_eta0p1] | loss: 3.148951 | lrm: 0.36 | dt: 1751.21ms | tok/s: 299,386 | mfu: 34.18 | epoch: 1 | eta: 11.8m
step 01805/02205 (81.86%) [ns3_ftrl_eta0p1] | loss: 3.153728 | lrm: 0.36 | dt: 1752.95ms | tok/s: 299,089 | mfu: 34.14 | epoch: 1 | eta: 11.7m
step 01806/02205 (81.90%) [ns3_ftrl_eta0p1] | loss: 3.154053 | lrm: 0.36 | dt: 1754.64ms | tok/s: 298,800 | mfu: 34.11 | epoch: 1 | eta: 11.7m
step 01807/02205 (81.95%) [ns3_ftrl_eta0p1] | loss: 3.149495 | lrm: 0.36 | dt: 1750.59ms | tok/s: 299,492 | mfu: 34.19 | epoch: 1 | eta: 11.7m
step 01808/02205 (82.00%) [ns3_ftrl_eta0p1] | loss: 3.152720 | lrm: 0.36 | dt: 1753.67ms | tok/s: 298,966 | mfu: 34.13 | epoch: 1 | eta: 11.6m
step 01809/02205 (82.04%) [ns3_ftrl_eta0p1] | loss: 3.154968 | lrm: 0.36 | dt: 1753.45ms | tok/s: 299,003 | mfu: 34.13 | epoch: 1 | eta: 11.6m
step 01810/02205 (82.09%) [ns3_ftrl_eta0p1] | loss: 3.160830 | lrm: 0.36 | dt: 1752.07ms | tok/s: 299,238 | mfu: 34.16 | epoch: 1 | eta: 11.6m
step 01811/02205 (82.13%) [ns3_ftrl_eta0p1] | loss: 3.154826 | lrm: 0.36 | dt: 1755.42ms | tok/s: 298,668 | mfu: 34.09 | epoch: 1 | eta: 11.5m
step 01812/02205 (82.18%) [ns3_ftrl_eta0p1] | loss: 3.149566 | lrm: 0.36 | dt: 1751.68ms | tok/s: 299,305 | mfu: 34.17 | epoch: 1 | eta: 11.5m
step 01813/02205 (82.22%) [ns3_ftrl_eta0p1] | loss: 3.139727 | lrm: 0.36 | dt: 1744.38ms | tok/s: 300,558 | mfu: 34.31 | epoch: 1 | eta: 11.5m
step 01814/02205 (82.27%) [ns3_ftrl_eta0p1] | loss: 3.145218 | lrm: 0.35 | dt: 1749.59ms | tok/s: 299,663 | mfu: 34.21 | epoch: 1 | eta: 11.5m
step 01815/02205 (82.31%) [ns3_ftrl_eta0p1] | loss: 3.147579 | lrm: 0.35 | dt: 1753.21ms | tok/s: 299,044 | mfu: 34.14 | epoch: 1 | eta: 11.4m
step 01816/02205 (82.36%) [ns3_ftrl_eta0p1] | loss: 3.132018 | lrm: 0.35 | dt: 1752.13ms | tok/s: 299,228 | mfu: 34.16 | epoch: 1 | eta: 11.4m
step 01817/02205 (82.40%) [ns3_ftrl_eta0p1] | loss: 3.134207 | lrm: 0.35 | dt: 1748.19ms | tok/s: 299,903 | mfu: 34.23 | epoch: 1 | eta: 11.4m
step 01818/02205 (82.45%) [ns3_ftrl_eta0p1] | loss: 3.133921 | lrm: 0.35 | dt: 1754.95ms | tok/s: 298,748 | mfu: 34.10 | epoch: 1 | eta: 11.3m
step 01819/02205 (82.49%) [ns3_ftrl_eta0p1] | loss: 3.144806 | lrm: 0.35 | dt: 1749.82ms | tok/s: 299,624 | mfu: 34.20 | epoch: 1 | eta: 11.3m
step 01820/02205 (82.54%) [ns3_ftrl_eta0p1] | loss: 3.140592 | lrm: 0.35 | dt: 1752.73ms | tok/s: 299,126 | mfu: 34.15 | epoch: 1 | eta: 11.3m
step 01821/02205 (82.59%) [ns3_ftrl_eta0p1] | loss: 3.129514 | lrm: 0.35 | dt: 1753.81ms | tok/s: 298,941 | mfu: 34.12 | epoch: 1 | eta: 11.3m
step 01822/02205 (82.63%) [ns3_ftrl_eta0p1] | loss: 3.125133 | lrm: 0.35 | dt: 1752.40ms | tok/s: 299,182 | mfu: 34.15 | epoch: 1 | eta: 11.2m
step 01823/02205 (82.68%) [ns3_ftrl_eta0p1] | loss: 3.127662 | lrm: 0.35 | dt: 1750.53ms | tok/s: 299,502 | mfu: 34.19 | epoch: 1 | eta: 11.2m
step 01824/02205 (82.72%) [ns3_ftrl_eta0p1] | loss: 3.123338 | lrm: 0.35 | dt: 1756.37ms | tok/s: 298,506 | mfu: 34.07 | epoch: 1 | eta: 11.2m
step 01825/02205 (82.77%) [ns3_ftrl_eta0p1] | loss: 3.126524 | lrm: 0.34 | dt: 1751.42ms | tok/s: 299,350 | mfu: 34.17 | epoch: 1 | eta: 11.1m
step 01826/02205 (82.81%) [ns3_ftrl_eta0p1] | loss: 3.129749 | lrm: 0.34 | dt: 1750.48ms | tok/s: 299,511 | mfu: 34.19 | epoch: 1 | eta: 11.1m
step 01827/02205 (82.86%) [ns3_ftrl_eta0p1] | loss: 3.137570 | lrm: 0.34 | dt: 1752.60ms | tok/s: 299,148 | mfu: 34.15 | epoch: 1 | eta: 11.1m
step 01828/02205 (82.90%) [ns3_ftrl_eta0p1] | loss: 3.140397 | lrm: 0.34 | dt: 1753.99ms | tok/s: 298,911 | mfu: 34.12 | epoch: 1 | eta: 11.1m
step 01829/02205 (82.95%) [ns3_ftrl_eta0p1] | loss: 3.140152 | lrm: 0.34 | dt: 1752.30ms | tok/s: 299,199 | mfu: 34.15 | epoch: 1 | eta: 11.0m
step 01830/02205 (82.99%) [ns3_ftrl_eta0p1] | loss: 3.144731 | lrm: 0.34 | dt: 1751.00ms | tok/s: 299,422 | mfu: 34.18 | epoch: 1 | eta: 11.0m
step 01831/02205 (83.04%) [ns3_ftrl_eta0p1] | loss: 3.136309 | lrm: 0.34 | dt: 1753.00ms | tok/s: 299,080 | mfu: 34.14 | epoch: 1 | eta: 11.0m
step 01832/02205 (83.08%) [ns3_ftrl_eta0p1] | loss: 3.133611 | lrm: 0.34 | dt: 1751.57ms | tok/s: 299,324 | mfu: 34.17 | epoch: 1 | eta: 10.9m
step 01833/02205 (83.13%) [ns3_ftrl_eta0p1] | loss: 3.128944 | lrm: 0.34 | dt: 1753.47ms | tok/s: 298,999 | mfu: 34.13 | epoch: 1 | eta: 10.9m
step 01834/02205 (83.17%) [ns3_ftrl_eta0p1] | loss: 3.124685 | lrm: 0.34 | dt: 1754.35ms | tok/s: 298,849 | mfu: 34.11 | epoch: 1 | eta: 10.9m
step 01835/02205 (83.22%) [ns3_ftrl_eta0p1] | loss: 3.126272 | lrm: 0.34 | dt: 1763.52ms | tok/s: 297,296 | mfu: 33.94 | epoch: 1 | eta: 10.8m
step 01836/02205 (83.27%) [ns3_ftrl_eta0p1] | loss: 3.131961 | lrm: 0.33 | dt: 1758.79ms | tok/s: 298,095 | mfu: 34.03 | epoch: 1 | eta: 10.8m
step 01837/02205 (83.31%) [ns3_ftrl_eta0p1] | loss: 3.122282 | lrm: 0.33 | dt: 1753.58ms | tok/s: 298,980 | mfu: 34.13 | epoch: 1 | eta: 10.8m
step 01838/02205 (83.36%) [ns3_ftrl_eta0p1] | loss: 3.115956 | lrm: 0.33 | dt: 1752.61ms | tok/s: 299,146 | mfu: 34.15 | epoch: 1 | eta: 10.8m
step 01839/02205 (83.40%) [ns3_ftrl_eta0p1] | loss: 3.114612 | lrm: 0.33 | dt: 1752.99ms | tok/s: 299,081 | mfu: 34.14 | epoch: 1 | eta: 10.7m
step 01840/02205 (83.45%) [ns3_ftrl_eta0p1] | loss: 3.109773 | lrm: 0.33 | dt: 1751.33ms | tok/s: 299,364 | mfu: 34.17 | epoch: 1 | eta: 10.7m
step 01841/02205 (83.49%) [ns3_ftrl_eta0p1] | loss: 3.102478 | lrm: 0.33 | dt: 1766.84ms | tok/s: 296,737 | mfu: 33.87 | epoch: 1 | eta: 10.7m
step 01842/02205 (83.54%) [ns3_ftrl_eta0p1] | loss: 3.106588 | lrm: 0.33 | dt: 1758.24ms | tok/s: 298,189 | mfu: 34.04 | epoch: 1 | eta: 10.6m
step 01843/02205 (83.58%) [ns3_ftrl_eta0p1] | loss: 3.112789 | lrm: 0.33 | dt: 1752.69ms | tok/s: 299,132 | mfu: 34.15 | epoch: 1 | eta: 10.6m
step 01844/02205 (83.63%) [ns3_ftrl_eta0p1] | loss: 3.122013 | lrm: 0.33 | dt: 1750.54ms | tok/s: 299,501 | mfu: 34.19 | epoch: 1 | eta: 10.6m
step 01845/02205 (83.67%) [ns3_ftrl_eta0p1] | loss: 3.126602 | lrm: 0.33 | dt: 1755.55ms | tok/s: 298,646 | mfu: 34.09 | epoch: 1 | eta: 10.6m
step 01846/02205 (83.72%) [ns3_ftrl_eta0p1] | loss: 3.131816 | lrm: 0.33 | dt: 1760.19ms | tok/s: 297,858 | mfu: 34.00 | epoch: 1 | eta: 10.5m
step 01847/02205 (83.76%) [ns3_ftrl_eta0p1] | loss: 3.135799 | lrm: 0.32 | dt: 1760.40ms | tok/s: 297,822 | mfu: 34.00 | epoch: 1 | eta: 10.5m
step 01848/02205 (83.81%) [ns3_ftrl_eta0p1] | loss: 3.143595 | lrm: 0.32 | dt: 1755.56ms | tok/s: 298,644 | mfu: 34.09 | epoch: 1 | eta: 10.5m
step 01849/02205 (83.85%) [ns3_ftrl_eta0p1] | loss: 3.143523 | lrm: 0.32 | dt: 1765.39ms | tok/s: 296,980 | mfu: 33.90 | epoch: 1 | eta: 10.4m
step 01850/02205 (83.90%) [ns3_ftrl_eta0p1] | loss: 3.146676 | lrm: 0.32 | dt: 1755.41ms | tok/s: 298,670 | mfu: 34.09 | epoch: 1 | eta: 10.4m
step 01851/02205 (83.95%) [ns3_ftrl_eta0p1] | loss: 3.144245 | lrm: 0.32 | dt: 1756.84ms | tok/s: 298,426 | mfu: 34.07 | epoch: 1 | eta: 10.4m
step 01852/02205 (83.99%) [ns3_ftrl_eta0p1] | loss: 3.139624 | lrm: 0.32 | dt: 1763.34ms | tok/s: 297,326 | mfu: 33.94 | epoch: 1 | eta: 10.3m
step 01853/02205 (84.04%) [ns3_ftrl_eta0p1] | loss: 3.135056 | lrm: 0.32 | dt: 1759.11ms | tok/s: 298,041 | mfu: 34.02 | epoch: 1 | eta: 10.3m
step 01854/02205 (84.08%) [ns3_ftrl_eta0p1] | loss: 3.139032 | lrm: 0.32 | dt: 1765.86ms | tok/s: 296,902 | mfu: 33.89 | epoch: 1 | eta: 10.3m
step 01855/02205 (84.13%) [ns3_ftrl_eta0p1] | loss: 3.150205 | lrm: 0.32 | dt: 1752.91ms | tok/s: 299,095 | mfu: 34.14 | epoch: 1 | eta: 10.3m
step 01856/02205 (84.17%) [ns3_ftrl_eta0p1] | loss: 3.146586 | lrm: 0.32 | dt: 1756.01ms | tok/s: 298,567 | mfu: 34.08 | epoch: 1 | eta: 10.2m
step 01857/02205 (84.22%) [ns3_ftrl_eta0p1] | loss: 3.139671 | lrm: 0.32 | dt: 1758.45ms | tok/s: 298,154 | mfu: 34.03 | epoch: 1 | eta: 10.2m
step 01858/02205 (84.26%) [ns3_ftrl_eta0p1] | loss: 3.145765 | lrm: 0.31 | dt: 1760.83ms | tok/s: 297,749 | mfu: 33.99 | epoch: 1 | eta: 10.2m
step 01859/02205 (84.31%) [ns3_ftrl_eta0p1] | loss: 3.140953 | lrm: 0.31 | dt: 1755.93ms | tok/s: 298,581 | mfu: 34.08 | epoch: 1 | eta: 10.1m
step 01860/02205 (84.35%) [ns3_ftrl_eta0p1] | loss: 3.133259 | lrm: 0.31 | dt: 1756.15ms | tok/s: 298,544 | mfu: 34.08 | epoch: 1 | eta: 10.1m
step 01861/02205 (84.40%) [ns3_ftrl_eta0p1] | loss: 3.128668 | lrm: 0.31 | dt: 1765.09ms | tok/s: 297,031 | mfu: 33.91 | epoch: 1 | eta: 10.1m
step 01862/02205 (84.44%) [ns3_ftrl_eta0p1] | loss: 3.137744 | lrm: 0.31 | dt: 1760.31ms | tok/s: 297,837 | mfu: 34.00 | epoch: 1 | eta: 10.1m
step 01863/02205 (84.49%) [ns3_ftrl_eta0p1] | loss: 3.149737 | lrm: 0.31 | dt: 1767.58ms | tok/s: 296,612 | mfu: 33.86 | epoch: 1 | eta: 10.0m
step 01864/02205 (84.54%) [ns3_ftrl_eta0p1] | loss: 3.140864 | lrm: 0.31 | dt: 1753.03ms | tok/s: 299,075 | mfu: 34.14 | epoch: 1 | eta: 10.0m
step 01865/02205 (84.58%) [ns3_ftrl_eta0p1] | loss: 3.143634 | lrm: 0.31 | dt: 1764.17ms | tok/s: 297,186 | mfu: 33.92 | epoch: 1 | eta: 10.0m
step 01866/02205 (84.63%) [ns3_ftrl_eta0p1] | loss: 3.143748 | lrm: 0.31 | dt: 1762.20ms | tok/s: 297,518 | mfu: 33.96 | epoch: 1 | eta: 9.9m
step 01867/02205 (84.67%) [ns3_ftrl_eta0p1] | loss: 3.140426 | lrm: 0.31 | dt: 1752.94ms | tok/s: 299,090 | mfu: 34.14 | epoch: 1 | eta: 9.9m
step 01868/02205 (84.72%) [ns3_ftrl_eta0p1] | loss: 3.139952 | lrm: 0.31 | dt: 1769.81ms | tok/s: 296,239 | mfu: 33.82 | epoch: 1 | eta: 9.9m
step 01869/02205 (84.76%) [ns3_ftrl_eta0p1] | loss: 3.133604 | lrm: 0.30 | dt: 1756.51ms | tok/s: 298,482 | mfu: 34.07 | epoch: 1 | eta: 9.8m
step 01870/02205 (84.81%) [ns3_ftrl_eta0p1] | loss: 3.125786 | lrm: 0.30 | dt: 1762.35ms | tok/s: 297,494 | mfu: 33.96 | epoch: 1 | eta: 9.8m
step 01871/02205 (84.85%) [ns3_ftrl_eta0p1] | loss: 3.115054 | lrm: 0.30 | dt: 1762.79ms | tok/s: 297,418 | mfu: 33.95 | epoch: 1 | eta: 9.8m
step 01872/02205 (84.90%) [ns3_ftrl_eta0p1] | loss: 3.117148 | lrm: 0.30 | dt: 1771.31ms | tok/s: 295,988 | mfu: 33.79 | epoch: 1 | eta: 9.8m
step 01873/02205 (84.94%) [ns3_ftrl_eta0p1] | loss: 3.118804 | lrm: 0.30 | dt: 1771.08ms | tok/s: 296,027 | mfu: 33.79 | epoch: 1 | eta: 9.7m
step 01874/02205 (84.99%) [ns3_ftrl_eta0p1] | loss: 3.124059 | lrm: 0.30 | dt: 1752.52ms | tok/s: 299,162 | mfu: 34.15 | epoch: 1 | eta: 9.7m
step 01875/02205 (85.03%) [ns3_ftrl_eta0p1] | loss: 3.130348 | lrm: 0.30 | dt: 1770.64ms | tok/s: 296,101 | mfu: 33.80 | epoch: 1 | eta: 9.7m
step 01876/02205 (85.08%) [ns3_ftrl_eta0p1] | loss: 3.118788 | lrm: 0.30 | dt: 1756.42ms | tok/s: 298,497 | mfu: 34.07 | epoch: 1 | eta: 9.6m
step 01877/02205 (85.12%) [ns3_ftrl_eta0p1] | loss: 3.119891 | lrm: 0.30 | dt: 1763.57ms | tok/s: 297,288 | mfu: 33.94 | epoch: 1 | eta: 9.6m
step 01878/02205 (85.17%) [ns3_ftrl_eta0p1] | loss: 3.133567 | lrm: 0.30 | dt: 1758.97ms | tok/s: 298,066 | mfu: 34.02 | epoch: 1 | eta: 9.6m
step 01879/02205 (85.22%) [ns3_ftrl_eta0p1] | loss: 3.124238 | lrm: 0.30 | dt: 1774.86ms | tok/s: 295,396 | mfu: 33.72 | epoch: 1 | eta: 9.6m
step 01880/02205 (85.26%) [ns3_ftrl_eta0p1] | loss: 3.113635 | lrm: 0.29 | dt: 1768.20ms | tok/s: 296,509 | mfu: 33.85 | epoch: 1 | eta: 9.5m
step 01881/02205 (85.31%) [ns3_ftrl_eta0p1] | loss: 3.123354 | lrm: 0.29 | dt: 1754.32ms | tok/s: 298,855 | mfu: 34.11 | epoch: 1 | eta: 9.5m
step 01882/02205 (85.35%) [ns3_ftrl_eta0p1] | loss: 3.126345 | lrm: 0.29 | dt: 1770.03ms | tok/s: 296,202 | mfu: 33.81 | epoch: 1 | eta: 9.5m
step 01883/02205 (85.40%) [ns3_ftrl_eta0p1] | loss: 3.127170 | lrm: 0.29 | dt: 1754.85ms | tok/s: 298,765 | mfu: 34.10 | epoch: 1 | eta: 9.4m
step 01884/02205 (85.44%) [ns3_ftrl_eta0p1] | loss: 3.119107 | lrm: 0.29 | dt: 1761.00ms | tok/s: 297,721 | mfu: 33.99 | epoch: 1 | eta: 9.4m
step 01885/02205 (85.49%) [ns3_ftrl_eta0p1] | loss: 3.127054 | lrm: 0.29 | dt: 1758.49ms | tok/s: 298,146 | mfu: 34.03 | epoch: 1 | eta: 9.4m
step 01886/02205 (85.53%) [ns3_ftrl_eta0p1] | loss: 3.119024 | lrm: 0.29 | dt: 1770.74ms | tok/s: 296,084 | mfu: 33.80 | epoch: 1 | eta: 9.4m
step 01887/02205 (85.58%) [ns3_ftrl_eta0p1] | loss: 3.112915 | lrm: 0.29 | dt: 1770.97ms | tok/s: 296,045 | mfu: 33.79 | epoch: 1 | eta: 9.3m
step 01888/02205 (85.62%) [ns3_ftrl_eta0p1] | loss: 3.123886 | lrm: 0.29 | dt: 1766.09ms | tok/s: 296,863 | mfu: 33.89 | epoch: 1 | eta: 9.3m
step 01889/02205 (85.67%) [ns3_ftrl_eta0p1] | loss: 3.113270 | lrm: 0.29 | dt: 1771.27ms | tok/s: 295,995 | mfu: 33.79 | epoch: 1 | eta: 9.3m
step 01890/02205 (85.71%) [ns3_ftrl_eta0p1] | loss: 3.114467 | lrm: 0.29 | dt: 1760.01ms | tok/s: 297,889 | mfu: 34.00 | epoch: 1 | eta: 9.2m
step 01891/02205 (85.76%) [ns3_ftrl_eta0p1] | loss: 3.117046 | lrm: 0.28 | dt: 1769.93ms | tok/s: 296,220 | mfu: 33.81 | epoch: 1 | eta: 9.2m
step 01892/02205 (85.80%) [ns3_ftrl_eta0p1] | loss: 3.116772 | lrm: 0.28 | dt: 1765.13ms | tok/s: 297,025 | mfu: 33.91 | epoch: 1 | eta: 9.2m
step 01893/02205 (85.85%) [ns3_ftrl_eta0p1] | loss: 3.116310 | lrm: 0.28 | dt: 1773.47ms | tok/s: 295,628 | mfu: 33.75 | epoch: 1 | eta: 9.1m
step 01894/02205 (85.90%) [ns3_ftrl_eta0p1] | loss: 3.109384 | lrm: 0.28 | dt: 1771.72ms | tok/s: 295,919 | mfu: 33.78 | epoch: 1 | eta: 9.1m
step 01895/02205 (85.94%) [ns3_ftrl_eta0p1] | loss: 3.108267 | lrm: 0.28 | dt: 1752.32ms | tok/s: 299,197 | mfu: 34.15 | epoch: 1 | eta: 9.1m
step 01896/02205 (85.99%) [ns3_ftrl_eta0p1] | loss: 3.107487 | lrm: 0.28 | dt: 1752.74ms | tok/s: 299,125 | mfu: 34.15 | epoch: 1 | eta: 9.1m
step 01897/02205 (86.03%) [ns3_ftrl_eta0p1] | loss: 3.107949 | lrm: 0.28 | dt: 1771.50ms | tok/s: 295,957 | mfu: 33.78 | epoch: 1 | eta: 9.0m
step 01898/02205 (86.08%) [ns3_ftrl_eta0p1] | loss: 3.114313 | lrm: 0.28 | dt: 1759.22ms | tok/s: 298,023 | mfu: 34.02 | epoch: 1 | eta: 9.0m
step 01899/02205 (86.12%) [ns3_ftrl_eta0p1] | loss: 3.119850 | lrm: 0.28 | dt: 1767.34ms | tok/s: 296,653 | mfu: 33.86 | epoch: 1 | eta: 9.0m
step 01900/02205 (86.17%) [ns3_ftrl_eta0p1] | loss: 3.115448 | lrm: 0.28 | dt: 1768.32ms | tok/s: 296,490 | mfu: 33.84 | epoch: 1 | eta: 8.9m
step 01901/02205 (86.21%) [ns3_ftrl_eta0p1] | loss: 3.104935 | lrm: 0.28 | dt: 1771.40ms | tok/s: 295,973 | mfu: 33.79 | epoch: 1 | eta: 8.9m
step 01902/02205 (86.26%) [ns3_ftrl_eta0p1] | loss: 3.109322 | lrm: 0.27 | dt: 1762.76ms | tok/s: 297,424 | mfu: 33.95 | epoch: 1 | eta: 8.9m
step 01903/02205 (86.30%) [ns3_ftrl_eta0p1] | loss: 3.112906 | lrm: 0.27 | dt: 1768.46ms | tok/s: 296,466 | mfu: 33.84 | epoch: 1 | eta: 8.9m
step 01904/02205 (86.35%) [ns3_ftrl_eta0p1] | loss: 3.114496 | lrm: 0.27 | dt: 1769.42ms | tok/s: 296,305 | mfu: 33.82 | epoch: 1 | eta: 8.8m
step 01905/02205 (86.39%) [ns3_ftrl_eta0p1] | loss: 3.121105 | lrm: 0.27 | dt: 1774.73ms | tok/s: 295,418 | mfu: 33.72 | epoch: 1 | eta: 8.8m
step 01906/02205 (86.44%) [ns3_ftrl_eta0p1] | loss: 3.131109 | lrm: 0.27 | dt: 1772.79ms | tok/s: 295,741 | mfu: 33.76 | epoch: 1 | eta: 8.8m
step 01907/02205 (86.49%) [ns3_ftrl_eta0p1] | loss: 3.129555 | lrm: 0.27 | dt: 1772.16ms | tok/s: 295,846 | mfu: 33.77 | epoch: 1 | eta: 8.7m
step 01908/02205 (86.53%) [ns3_ftrl_eta0p1] | loss: 3.126435 | lrm: 0.27 | dt: 1769.36ms | tok/s: 296,315 | mfu: 33.82 | epoch: 1 | eta: 8.7m
step 01909/02205 (86.58%) [ns3_ftrl_eta0p1] | loss: 3.141980 | lrm: 0.27 | dt: 1770.76ms | tok/s: 296,081 | mfu: 33.80 | epoch: 1 | eta: 8.7m
step 01910/02205 (86.62%) [ns3_ftrl_eta0p1] | loss: 3.141154 | lrm: 0.27 | dt: 1773.78ms | tok/s: 295,577 | mfu: 33.74 | epoch: 1 | eta: 8.6m
step 01911/02205 (86.67%) [ns3_ftrl_eta0p1] | loss: 3.134102 | lrm: 0.27 | dt: 1760.69ms | tok/s: 297,773 | mfu: 33.99 | epoch: 1 | eta: 8.6m
step 01912/02205 (86.71%) [ns3_ftrl_eta0p1] | loss: 3.130312 | lrm: 0.27 | dt: 1766.23ms | tok/s: 296,839 | mfu: 33.88 | epoch: 1 | eta: 8.6m
step 01913/02205 (86.76%) [ns3_ftrl_eta0p1] | loss: 3.134227 | lrm: 0.26 | dt: 1770.62ms | tok/s: 296,104 | mfu: 33.80 | epoch: 1 | eta: 8.6m
step 01914/02205 (86.80%) [ns3_ftrl_eta0p1] | loss: 3.134840 | lrm: 0.26 | dt: 1773.51ms | tok/s: 295,621 | mfu: 33.75 | epoch: 1 | eta: 8.5m
step 01915/02205 (86.85%) [ns3_ftrl_eta0p1] | loss: 3.136999 | lrm: 0.26 | dt: 1773.49ms | tok/s: 295,625 | mfu: 33.75 | epoch: 1 | eta: 8.5m
step 01916/02205 (86.89%) [ns3_ftrl_eta0p1] | loss: 3.145247 | lrm: 0.26 | dt: 1767.31ms | tok/s: 296,659 | mfu: 33.86 | epoch: 1 | eta: 8.5m
step 01917/02205 (86.94%) [ns3_ftrl_eta0p1] | loss: 3.139960 | lrm: 0.26 | dt: 1756.31ms | tok/s: 298,516 | mfu: 34.08 | epoch: 1 | eta: 8.4m
step 01918/02205 (86.98%) [ns3_ftrl_eta0p1] | loss: 3.139864 | lrm: 0.26 | dt: 1771.19ms | tok/s: 296,008 | mfu: 33.79 | epoch: 1 | eta: 8.4m
step 01919/02205 (87.03%) [ns3_ftrl_eta0p1] | loss: 3.135517 | lrm: 0.26 | dt: 1776.13ms | tok/s: 295,185 | mfu: 33.70 | epoch: 1 | eta: 8.4m
step 01920/02205 (87.07%) [ns3_ftrl_eta0p1] | loss: 3.138439 | lrm: 0.26 | dt: 1772.26ms | tok/s: 295,830 | mfu: 33.77 | epoch: 1 | eta: 8.4m
step 01921/02205 (87.12%) [ns3_ftrl_eta0p1] | loss: 3.128494 | lrm: 0.26 | dt: 1771.55ms | tok/s: 295,948 | mfu: 33.78 | epoch: 1 | eta: 8.3m
step 01922/02205 (87.17%) [ns3_ftrl_eta0p1] | loss: 3.136764 | lrm: 0.26 | dt: 1768.30ms | tok/s: 296,493 | mfu: 33.85 | epoch: 1 | eta: 8.3m
step 01923/02205 (87.21%) [ns3_ftrl_eta0p1] | loss: 3.137955 | lrm: 0.26 | dt: 1773.94ms | tok/s: 295,550 | mfu: 33.74 | epoch: 1 | eta: 8.3m
step 01924/02205 (87.26%) [ns3_ftrl_eta0p1] | loss: 3.138775 | lrm: 0.25 | dt: 1775.64ms | tok/s: 295,266 | mfu: 33.71 | epoch: 1 | eta: 8.2m
step 01925/02205 (87.30%) [ns3_ftrl_eta0p1] | loss: 3.133657 | lrm: 0.25 | dt: 1773.99ms | tok/s: 295,541 | mfu: 33.74 | epoch: 1 | eta: 8.2m
step 01926/02205 (87.35%) [ns3_ftrl_eta0p1] | loss: 3.135038 | lrm: 0.25 | dt: 1766.53ms | tok/s: 296,790 | mfu: 33.88 | epoch: 1 | eta: 8.2m
step 01927/02205 (87.39%) [ns3_ftrl_eta0p1] | loss: 3.133864 | lrm: 0.25 | dt: 1771.56ms | tok/s: 295,946 | mfu: 33.78 | epoch: 1 | eta: 8.1m
step 01928/02205 (87.44%) [ns3_ftrl_eta0p1] | loss: 3.133660 | lrm: 0.25 | dt: 1772.84ms | tok/s: 295,733 | mfu: 33.76 | epoch: 1 | eta: 8.1m
step 01929/02205 (87.48%) [ns3_ftrl_eta0p1] | loss: 3.132402 | lrm: 0.25 | dt: 1775.72ms | tok/s: 295,254 | mfu: 33.70 | epoch: 1 | eta: 8.1m
step 01930/02205 (87.53%) [ns3_ftrl_eta0p1] | loss: 3.137240 | lrm: 0.25 | dt: 1770.38ms | tok/s: 296,145 | mfu: 33.81 | epoch: 1 | eta: 8.1m
step 01931/02205 (87.57%) [ns3_ftrl_eta0p1] | loss: 3.144662 | lrm: 0.25 | dt: 1773.47ms | tok/s: 295,627 | mfu: 33.75 | epoch: 1 | eta: 8.0m
step 01932/02205 (87.62%) [ns3_ftrl_eta0p1] | loss: 3.141196 | lrm: 0.25 | dt: 1771.91ms | tok/s: 295,888 | mfu: 33.78 | epoch: 1 | eta: 8.0m
step 01933/02205 (87.66%) [ns3_ftrl_eta0p1] | loss: 3.136860 | lrm: 0.25 | dt: 1778.70ms | tok/s: 294,758 | mfu: 33.65 | epoch: 1 | eta: 8.0m
step 01934/02205 (87.71%) [ns3_ftrl_eta0p1] | loss: 3.127746 | lrm: 0.25 | dt: 1770.98ms | tok/s: 296,043 | mfu: 33.79 | epoch: 1 | eta: 7.9m
step 01935/02205 (87.76%) [ns3_ftrl_eta0p1] | loss: 3.125867 | lrm: 0.25 | dt: 1770.14ms | tok/s: 296,184 | mfu: 33.81 | epoch: 1 | eta: 7.9m
step 01936/02205 (87.80%) [ns3_ftrl_eta0p1] | loss: 3.132544 | lrm: 0.24 | dt: 1772.87ms | tok/s: 295,728 | mfu: 33.76 | epoch: 1 | eta: 7.9m
step 01937/02205 (87.85%) [ns3_ftrl_eta0p1] | loss: 3.130173 | lrm: 0.24 | dt: 1771.85ms | tok/s: 295,898 | mfu: 33.78 | epoch: 1 | eta: 7.9m
step 01938/02205 (87.89%) [ns3_ftrl_eta0p1] | loss: 3.119949 | lrm: 0.24 | dt: 1772.86ms | tok/s: 295,730 | mfu: 33.76 | epoch: 1 | eta: 7.8m
step 01939/02205 (87.94%) [ns3_ftrl_eta0p1] | loss: 3.119570 | lrm: 0.24 | dt: 1771.14ms | tok/s: 296,016 | mfu: 33.79 | epoch: 1 | eta: 7.8m
step 01940/02205 (87.98%) [ns3_ftrl_eta0p1] | loss: 3.121004 | lrm: 0.24 | dt: 1771.42ms | tok/s: 295,970 | mfu: 33.79 | epoch: 1 | eta: 7.8m
step 01941/02205 (88.03%) [ns3_ftrl_eta0p1] | loss: 3.114102 | lrm: 0.24 | dt: 1773.98ms | tok/s: 295,544 | mfu: 33.74 | epoch: 1 | eta: 7.7m
step 01942/02205 (88.07%) [ns3_ftrl_eta0p1] | loss: 3.120967 | lrm: 0.24 | dt: 1772.37ms | tok/s: 295,812 | mfu: 33.77 | epoch: 1 | eta: 7.7m
step 01943/02205 (88.12%) [ns3_ftrl_eta0p1] | loss: 3.107841 | lrm: 0.24 | dt: 1775.95ms | tok/s: 295,216 | mfu: 33.70 | epoch: 1 | eta: 7.7m
step 01944/02205 (88.16%) [ns3_ftrl_eta0p1] | loss: 3.108623 | lrm: 0.24 | dt: 1772.75ms | tok/s: 295,747 | mfu: 33.76 | epoch: 1 | eta: 7.7m
step 01945/02205 (88.21%) [ns3_ftrl_eta0p1] | loss: 3.108805 | lrm: 0.24 | dt: 1767.56ms | tok/s: 296,616 | mfu: 33.86 | epoch: 1 | eta: 7.6m
step 01946/02205 (88.25%) [ns3_ftrl_eta0p1] | loss: 3.111526 | lrm: 0.24 | dt: 1770.60ms | tok/s: 296,108 | mfu: 33.80 | epoch: 1 | eta: 7.6m
step 01947/02205 (88.30%) [ns3_ftrl_eta0p1] | loss: 3.116191 | lrm: 0.23 | dt: 1769.99ms | tok/s: 296,209 | mfu: 33.81 | epoch: 1 | eta: 7.6m
step 01948/02205 (88.34%) [ns3_ftrl_eta0p1] | loss: 3.112652 | lrm: 0.23 | dt: 1770.93ms | tok/s: 296,052 | mfu: 33.79 | epoch: 1 | eta: 7.5m
step 01949/02205 (88.39%) [ns3_ftrl_eta0p1] | loss: 3.113745 | lrm: 0.23 | dt: 1775.17ms | tok/s: 295,345 | mfu: 33.71 | epoch: 1 | eta: 7.5m
step 01950/02205 (88.44%) [ns3_ftrl_eta0p1] | loss: 3.106200 | lrm: 0.23 | dt: 1771.01ms | tok/s: 296,039 | mfu: 33.79 | epoch: 1 | eta: 7.5m
step 01951/02205 (88.48%) [ns3_ftrl_eta0p1] | loss: 3.110383 | lrm: 0.23 | dt: 1768.38ms | tok/s: 296,478 | mfu: 33.84 | epoch: 1 | eta: 7.4m
step 01952/02205 (88.53%) [ns3_ftrl_eta0p1] | loss: 3.109038 | lrm: 0.23 | dt: 1772.58ms | tok/s: 295,777 | mfu: 33.76 | epoch: 1 | eta: 7.4m
step 01953/02205 (88.57%) [ns3_ftrl_eta0p1] | loss: 3.109066 | lrm: 0.23 | dt: 1774.30ms | tok/s: 295,490 | mfu: 33.73 | epoch: 1 | eta: 7.4m
step 01954/02205 (88.62%) [ns3_ftrl_eta0p1] | loss: 3.111131 | lrm: 0.23 | dt: 1774.05ms | tok/s: 295,532 | mfu: 33.74 | epoch: 1 | eta: 7.4m
step 01955/02205 (88.66%) [ns3_ftrl_eta0p1] | loss: 3.098346 | lrm: 0.23 | dt: 1769.39ms | tok/s: 296,310 | mfu: 33.82 | epoch: 1 | eta: 7.3m
step 01956/02205 (88.71%) [ns3_ftrl_eta0p1] | loss: 3.091582 | lrm: 0.23 | dt: 1772.50ms | tok/s: 295,789 | mfu: 33.76 | epoch: 1 | eta: 7.3m
step 01957/02205 (88.75%) [ns3_ftrl_eta0p1] | loss: 3.102229 | lrm: 0.23 | dt: 1772.21ms | tok/s: 295,839 | mfu: 33.77 | epoch: 1 | eta: 7.3m
step 01958/02205 (88.80%) [ns3_ftrl_eta0p1] | loss: 3.101010 | lrm: 0.22 | dt: 1774.63ms | tok/s: 295,434 | mfu: 33.72 | epoch: 1 | eta: 7.2m
step 01959/02205 (88.84%) [ns3_ftrl_eta0p1] | loss: 3.094456 | lrm: 0.22 | dt: 1775.53ms | tok/s: 295,284 | mfu: 33.71 | epoch: 1 | eta: 7.2m
step 01960/02205 (88.89%) [ns3_ftrl_eta0p1] | loss: 3.089678 | lrm: 0.22 | dt: 1770.43ms | tok/s: 296,136 | mfu: 33.80 | epoch: 1 | eta: 7.2m
step 01961/02205 (88.93%) [ns3_ftrl_eta0p1] | loss: 3.094392 | lrm: 0.22 | dt: 1767.83ms | tok/s: 296,570 | mfu: 33.85 | epoch: 1 | eta: 7.2m
step 01962/02205 (88.98%) [ns3_ftrl_eta0p1] | loss: 3.100011 | lrm: 0.22 | dt: 1772.55ms | tok/s: 295,782 | mfu: 33.76 | epoch: 1 | eta: 7.1m
step 01963/02205 (89.02%) [ns3_ftrl_eta0p1] | loss: 3.106650 | lrm: 0.22 | dt: 1775.53ms | tok/s: 295,285 | mfu: 33.71 | epoch: 1 | eta: 7.1m
step 01964/02205 (89.07%) [ns3_ftrl_eta0p1] | loss: 3.109652 | lrm: 0.22 | dt: 1775.72ms | tok/s: 295,253 | mfu: 33.70 | epoch: 1 | eta: 7.1m
step 01965/02205 (89.12%) [ns3_ftrl_eta0p1] | loss: 3.096983 | lrm: 0.22 | dt: 1769.36ms | tok/s: 296,314 | mfu: 33.82 | epoch: 1 | eta: 7.0m
step 01966/02205 (89.16%) [ns3_ftrl_eta0p1] | loss: 3.086963 | lrm: 0.22 | dt: 1772.60ms | tok/s: 295,773 | mfu: 33.76 | epoch: 1 | eta: 7.0m
step 01967/02205 (89.21%) [ns3_ftrl_eta0p1] | loss: 3.088656 | lrm: 0.22 | dt: 1771.88ms | tok/s: 295,893 | mfu: 33.78 | epoch: 1 | eta: 7.0m
step 01968/02205 (89.25%) [ns3_ftrl_eta0p1] | loss: 3.093615 | lrm: 0.22 | dt: 1773.46ms | tok/s: 295,629 | mfu: 33.75 | epoch: 1 | eta: 6.9m
step 01969/02205 (89.30%) [ns3_ftrl_eta0p1] | loss: 3.092262 | lrm: 0.21 | dt: 1772.50ms | tok/s: 295,790 | mfu: 33.76 | epoch: 1 | eta: 6.9m
step 01970/02205 (89.34%) [ns3_ftrl_eta0p1] | loss: 3.095405 | lrm: 0.21 | dt: 1772.23ms | tok/s: 295,834 | mfu: 33.77 | epoch: 1 | eta: 6.9m
step 01971/02205 (89.39%) [ns3_ftrl_eta0p1] | loss: 3.106321 | lrm: 0.21 | dt: 1770.66ms | tok/s: 296,096 | mfu: 33.80 | epoch: 1 | eta: 6.9m
step 01972/02205 (89.43%) [ns3_ftrl_eta0p1] | loss: 3.107196 | lrm: 0.21 | dt: 1773.96ms | tok/s: 295,546 | mfu: 33.74 | epoch: 1 | eta: 6.8m
step 01973/02205 (89.48%) [ns3_ftrl_eta0p1] | loss: 3.104842 | lrm: 0.21 | dt: 1774.62ms | tok/s: 295,436 | mfu: 33.72 | epoch: 1 | eta: 6.8m
step 01974/02205 (89.52%) [ns3_ftrl_eta0p1] | loss: 3.109363 | lrm: 0.21 | dt: 1769.77ms | tok/s: 296,246 | mfu: 33.82 | epoch: 1 | eta: 6.8m
step 01975/02205 (89.57%) [ns3_ftrl_eta0p1] | loss: 3.106112 | lrm: 0.21 | dt: 1772.53ms | tok/s: 295,784 | mfu: 33.76 | epoch: 1 | eta: 6.7m
step 01976/02205 (89.61%) [ns3_ftrl_eta0p1] | loss: 3.109149 | lrm: 0.21 | dt: 1770.40ms | tok/s: 296,141 | mfu: 33.80 | epoch: 1 | eta: 6.7m
step 01977/02205 (89.66%) [ns3_ftrl_eta0p1] | loss: 3.108086 | lrm: 0.21 | dt: 1773.09ms | tok/s: 295,691 | mfu: 33.75 | epoch: 1 | eta: 6.7m
step 01978/02205 (89.71%) [ns3_ftrl_eta0p1] | loss: 3.112693 | lrm: 0.21 | dt: 1773.24ms | tok/s: 295,666 | mfu: 33.75 | epoch: 1 | eta: 6.7m
step 01979/02205 (89.75%) [ns3_ftrl_eta0p1] | loss: 3.112696 | lrm: 0.21 | dt: 1773.38ms | tok/s: 295,643 | mfu: 33.75 | epoch: 1 | eta: 6.6m
step 01980/02205 (89.80%) [ns3_ftrl_eta0p1] | loss: 3.108520 | lrm: 0.20 | dt: 1775.59ms | tok/s: 295,276 | mfu: 33.71 | epoch: 1 | eta: 6.6m
step 01981/02205 (89.84%) [ns3_ftrl_eta0p1] | loss: 3.115752 | lrm: 0.20 | dt: 1768.98ms | tok/s: 296,379 | mfu: 33.83 | epoch: 1 | eta: 6.6m
step 01982/02205 (89.89%) [ns3_ftrl_eta0p1] | loss: 3.123111 | lrm: 0.20 | dt: 1771.70ms | tok/s: 295,923 | mfu: 33.78 | epoch: 1 | eta: 6.5m
step 01983/02205 (89.93%) [ns3_ftrl_eta0p1] | loss: 3.122291 | lrm: 0.20 | dt: 1775.95ms | tok/s: 295,215 | mfu: 33.70 | epoch: 1 | eta: 6.5m
step 01984/02205 (89.98%) [ns3_ftrl_eta0p1] | loss: 3.121836 | lrm: 0.20 | dt: 1770.41ms | tok/s: 296,138 | mfu: 33.80 | epoch: 1 | eta: 6.5m
step 01985/02205 (90.02%) [ns3_ftrl_eta0p1] | loss: 3.125176 | lrm: 0.20 | dt: 1770.43ms | tok/s: 296,136 | mfu: 33.80 | epoch: 1 | eta: 6.5m
step 01986/02205 (90.07%) [ns3_ftrl_eta0p1] | loss: 3.119719 | lrm: 0.20 | dt: 1773.18ms | tok/s: 295,677 | mfu: 33.75 | epoch: 1 | eta: 6.4m
step 01987/02205 (90.11%) [ns3_ftrl_eta0p1] | loss: 3.127161 | lrm: 0.20 | dt: 1773.38ms | tok/s: 295,643 | mfu: 33.75 | epoch: 1 | eta: 6.4m
step 01988/02205 (90.16%) [ns3_ftrl_eta0p1] | loss: 3.123998 | lrm: 0.20 | dt: 1774.43ms | tok/s: 295,468 | mfu: 33.73 | epoch: 1 | eta: 6.4m
step 01989/02205 (90.20%) [ns3_ftrl_eta0p1] | loss: 3.129120 | lrm: 0.20 | dt: 1771.87ms | tok/s: 295,894 | mfu: 33.78 | epoch: 1 | eta: 6.3m
step 01990/02205 (90.25%) [ns3_ftrl_eta0p1] | loss: 3.129190 | lrm: 0.20 | dt: 1765.59ms | tok/s: 296,947 | mfu: 33.90 | epoch: 1 | eta: 6.3m
step 01991/02205 (90.29%) [ns3_ftrl_eta0p1] | loss: 3.129004 | lrm: 0.19 | dt: 1773.25ms | tok/s: 295,665 | mfu: 33.75 | epoch: 1 | eta: 6.3m
step 01992/02205 (90.34%) [ns3_ftrl_eta0p1] | loss: 3.124199 | lrm: 0.19 | dt: 1775.03ms | tok/s: 295,368 | mfu: 33.72 | epoch: 1 | eta: 6.2m
step 01993/02205 (90.39%) [ns3_ftrl_eta0p1] | loss: 3.116485 | lrm: 0.19 | dt: 1770.44ms | tok/s: 296,134 | mfu: 33.80 | epoch: 1 | eta: 6.2m
step 01994/02205 (90.43%) [ns3_ftrl_eta0p1] | loss: 3.119265 | lrm: 0.19 | dt: 1771.25ms | tok/s: 295,998 | mfu: 33.79 | epoch: 1 | eta: 6.2m
step 01995/02205 (90.48%) [ns3_ftrl_eta0p1] | loss: 3.114427 | lrm: 0.19 | dt: 1771.50ms | tok/s: 295,957 | mfu: 33.78 | epoch: 1 | eta: 6.2m
step 01996/02205 (90.52%) [ns3_ftrl_eta0p1] | loss: 3.112869 | lrm: 0.19 | dt: 1771.21ms | tok/s: 296,005 | mfu: 33.79 | epoch: 1 | eta: 6.1m
step 01997/02205 (90.57%) [ns3_ftrl_eta0p1] | loss: 3.111896 | lrm: 0.19 | dt: 1774.06ms | tok/s: 295,530 | mfu: 33.74 | epoch: 1 | eta: 6.1m
step 01998/02205 (90.61%) [ns3_ftrl_eta0p1] | loss: 3.105056 | lrm: 0.19 | dt: 1773.40ms | tok/s: 295,639 | mfu: 33.75 | epoch: 1 | eta: 6.1m
step 01999/02205 (90.66%) [ns3_ftrl_eta0p1] | loss: 3.096024 | lrm: 0.19 | dt: 1768.88ms | tok/s: 296,395 | mfu: 33.83 | epoch: 1 | eta: 6.0m
Step 02000 | val bpb: 0.910975
Evaluating: hellaswag_zeroshot (0-shot, type: multiple_choice)... accuracy: 0.3340 | centered: 0.1120 | time: 5.30s
Evaluating: jeopardy (10-shot, type: language_modeling)... accuracy: 0.0040 | centered: 0.0040 | time: 4.94s
Evaluating: bigbench_qa_wikidata (10-shot, type: language_modeling)... accuracy: 0.3520 | centered: 0.3520 | time: 4.66s
Evaluating: arc_easy (10-shot, type: multiple_choice)... accuracy: 0.5420 | centered: 0.3893 | time: 6.37s
Evaluating: arc_challenge (10-shot, type: multiple_choice)... accuracy: 0.2640 | centered: 0.0187 | time: 6.09s
Evaluating: copa (0-shot, type: multiple_choice)... accuracy: 0.6100 | centered: 0.2200 | time: 0.92s
Evaluating: commonsense_qa (10-shot, type: multiple_choice)... accuracy: 0.3760 | centered: 0.2200 | time: 6.09s
Evaluating: piqa (10-shot, type: multiple_choice)... accuracy: 0.6300 | centered: 0.2600 | time: 5.87s
Evaluating: openbook_qa (0-shot, type: multiple_choice)... accuracy: 0.2920 | centered: 0.0560 | time: 4.43s
Evaluating: lambada_openai (0-shot, type: language_modeling)... accuracy: 0.2920 | centered: 0.2920 | time: 4.65s
Evaluating: hellaswag (10-shot, type: multiple_choice)... accuracy: 0.3300 | centered: 0.1067 | time: 8.31s
Evaluating: winograd (0-shot, type: schema)... accuracy: 0.5897 | centered: 0.1795 | time: 2.32s
Evaluating: winogrande (0-shot, type: schema)... accuracy: 0.5040 | centered: 0.0080 | time: 4.25s
Evaluating: bigbench_dyck_languages (10-shot, type: language_modeling)... accuracy: 0.1240 | centered: 0.1240 | time: 5.70s
Evaluating: agi_eval_lsat_ar (3-shot, type: multiple_choice)... accuracy: 0.2478 | centered: 0.0598 | time: 3.53s
Evaluating: bigbench_cs_algorithms (10-shot, type: language_modeling)... accuracy: 0.4200 | centered: 0.4200 | time: 5.06s
Evaluating: bigbench_operators (10-shot, type: language_modeling)... accuracy: 0.0857 | centered: 0.0857 | time: 2.16s
Evaluating: bigbench_repeat_copy_logic (10-shot, type: language_modeling)... accuracy: 0.0000 | centered: 0.0000 | time: 0.32s
Evaluating: squad (10-shot, type: language_modeling)... accuracy: 0.0860 | centered: 0.0860 | time: 7.63s
Evaluating: coqa (0-shot, type: language_modeling)... accuracy: 0.1240 | centered: 0.1240 | time: 5.07s
Evaluating: boolq (10-shot, type: multiple_choice)... accuracy: 0.5280 | centered: -0.2421 | time: 8.02s
Evaluating: bigbench_language_identification (10-shot, type: multiple_choice)... accuracy: 0.2820 | centered: 0.2101 | time: 10.90s
Step 02000 | CORE metric: 0.1403
<|bos|>The capital of France is Paris. The capital is Paris, France. The capital is Paris, France.
<|bos|>The chemical symbol of gold is the letter “A” and the symbol of silver is the letter “B”.
<|bos|>If yesterday was Friday, then tomorrow will be Saturday. The first day of the week is Friday, and the second day of
<|bos|>If 5*x + 3 = 13, then x is the number of digits in the number 13. If 5*x +
step 02000/02205 (90.70%) [ns3_ftrl_eta0p1] | loss: 3.098143 | lrm: 0.19 | dt: 1665.85ms | tok/s: 314,726 | mfu: 35.93 | epoch: 1 | eta: 6.0m
step 02001/02205 (90.75%) [ns3_ftrl_eta0p1] | loss: 3.099208 | lrm: 0.19 | dt: 1690.20ms | tok/s: 310,192 | mfu: 35.41 | epoch: 1 | eta: 6.0m
step 02002/02205 (90.79%) [ns3_ftrl_eta0p1] | loss: 3.107426 | lrm: 0.18 | dt: 1676.03ms | tok/s: 312,814 | mfu: 35.71 | epoch: 1 | eta: 6.0m
step 02003/02205 (90.84%) [ns3_ftrl_eta0p1] | loss: 3.115123 | lrm: 0.18 | dt: 1689.65ms | tok/s: 310,293 | mfu: 35.42 | epoch: 1 | eta: 5.9m
step 02004/02205 (90.88%) [ns3_ftrl_eta0p1] | loss: 3.118358 | lrm: 0.18 | dt: 1690.63ms | tok/s: 310,114 | mfu: 35.40 | epoch: 1 | eta: 5.9m
step 02005/02205 (90.93%) [ns3_ftrl_eta0p1] | loss: 3.120424 | lrm: 0.18 | dt: 1687.55ms | tok/s: 310,680 | mfu: 35.46 | epoch: 1 | eta: 5.9m
step 02006/02205 (90.98%) [ns3_ftrl_eta0p1] | loss: 3.121873 | lrm: 0.18 | dt: 1695.77ms | tok/s: 309,174 | mfu: 35.29 | epoch: 1 | eta: 5.8m
step 02007/02205 (91.02%) [ns3_ftrl_eta0p1] | loss: 3.126376 | lrm: 0.18 | dt: 1696.57ms | tok/s: 309,027 | mfu: 35.28 | epoch: 1 | eta: 5.8m
step 02008/02205 (91.07%) [ns3_ftrl_eta0p1] | loss: 3.121198 | lrm: 0.18 | dt: 1691.31ms | tok/s: 309,989 | mfu: 35.39 | epoch: 1 | eta: 5.8m
step 02009/02205 (91.11%) [ns3_ftrl_eta0p1] | loss: 3.123231 | lrm: 0.18 | dt: 1701.41ms | tok/s: 308,150 | mfu: 35.18 | epoch: 1 | eta: 5.7m
step 02010/02205 (91.16%) [ns3_ftrl_eta0p1] | loss: 3.119524 | lrm: 0.18 | dt: 1699.15ms | tok/s: 308,558 | mfu: 35.22 | epoch: 1 | eta: 5.7m
step 02011/02205 (91.20%) [ns3_ftrl_eta0p1] | loss: 3.127030 | lrm: 0.18 | dt: 1704.71ms | tok/s: 307,551 | mfu: 35.11 | epoch: 1 | eta: 5.7m
step 02012/02205 (91.25%) [ns3_ftrl_eta0p1] | loss: 3.120082 | lrm: 0.18 | dt: 1712.00ms | tok/s: 306,243 | mfu: 34.96 | epoch: 1 | eta: 5.7m
step 02013/02205 (91.29%) [ns3_ftrl_eta0p1] | loss: 3.105256 | lrm: 0.17 | dt: 1702.26ms | tok/s: 307,995 | mfu: 35.16 | epoch: 1 | eta: 5.6m
step 02014/02205 (91.34%) [ns3_ftrl_eta0p1] | loss: 3.113047 | lrm: 0.17 | dt: 1705.71ms | tok/s: 307,372 | mfu: 35.09 | epoch: 1 | eta: 5.6m
step 02015/02205 (91.38%) [ns3_ftrl_eta0p1] | loss: 3.111051 | lrm: 0.17 | dt: 1713.55ms | tok/s: 305,965 | mfu: 34.93 | epoch: 1 | eta: 5.6m
step 02016/02205 (91.43%) [ns3_ftrl_eta0p1] | loss: 3.103618 | lrm: 0.17 | dt: 1708.35ms | tok/s: 306,897 | mfu: 35.03 | epoch: 1 | eta: 5.5m
step 02017/02205 (91.47%) [ns3_ftrl_eta0p1] | loss: 3.105987 | lrm: 0.17 | dt: 1709.98ms | tok/s: 306,603 | mfu: 35.00 | epoch: 1 | eta: 5.5m
step 02018/02205 (91.52%) [ns3_ftrl_eta0p1] | loss: 3.107139 | lrm: 0.17 | dt: 1713.98ms | tok/s: 305,889 | mfu: 34.92 | epoch: 1 | eta: 5.5m
step 02019/02205 (91.56%) [ns3_ftrl_eta0p1] | loss: 3.103510 | lrm: 0.17 | dt: 1712.61ms | tok/s: 306,134 | mfu: 34.95 | epoch: 1 | eta: 5.5m
step 02020/02205 (91.61%) [ns3_ftrl_eta0p1] | loss: 3.101983 | lrm: 0.17 | dt: 1716.94ms | tok/s: 305,361 | mfu: 34.86 | epoch: 1 | eta: 5.4m
step 02021/02205 (91.66%) [ns3_ftrl_eta0p1] | loss: 3.109717 | lrm: 0.17 | dt: 1717.23ms | tok/s: 305,309 | mfu: 34.85 | epoch: 1 | eta: 5.4m
step 02022/02205 (91.70%) [ns3_ftrl_eta0p1] | loss: 3.110226 | lrm: 0.17 | dt: 1718.22ms | tok/s: 305,134 | mfu: 34.83 | epoch: 1 | eta: 5.4m
step 02023/02205 (91.75%) [ns3_ftrl_eta0p1] | loss: 3.108706 | lrm: 0.17 | dt: 1724.85ms | tok/s: 303,961 | mfu: 34.70 | epoch: 1 | eta: 5.3m
step 02024/02205 (91.79%) [ns3_ftrl_eta0p1] | loss: 3.100957 | lrm: 0.16 | dt: 1717.91ms | tok/s: 305,190 | mfu: 34.84 | epoch: 1 | eta: 5.3m
step 02025/02205 (91.84%) [ns3_ftrl_eta0p1] | loss: 3.096942 | lrm: 0.16 | dt: 1724.00ms | tok/s: 304,112 | mfu: 34.71 | epoch: 1 | eta: 5.3m
step 02026/02205 (91.88%) [ns3_ftrl_eta0p1] | loss: 3.099553 | lrm: 0.16 | dt: 1725.03ms | tok/s: 303,930 | mfu: 34.69 | epoch: 1 | eta: 5.2m
step 02027/02205 (91.93%) [ns3_ftrl_eta0p1] | loss: 3.098740 | lrm: 0.16 | dt: 1727.55ms | tok/s: 303,486 | mfu: 34.64 | epoch: 1 | eta: 5.2m
step 02028/02205 (91.97%) [ns3_ftrl_eta0p1] | loss: 3.111390 | lrm: 0.16 | dt: 1732.26ms | tok/s: 302,661 | mfu: 34.55 | epoch: 1 | eta: 5.2m
step 02029/02205 (92.02%) [ns3_ftrl_eta0p1] | loss: 3.108559 | lrm: 0.16 | dt: 1732.82ms | tok/s: 302,564 | mfu: 34.54 | epoch: 1 | eta: 5.2m
step 02030/02205 (92.06%) [ns3_ftrl_eta0p1] | loss: 3.114259 | lrm: 0.16 | dt: 1737.18ms | tok/s: 301,804 | mfu: 34.45 | epoch: 1 | eta: 5.1m
step 02031/02205 (92.11%) [ns3_ftrl_eta0p1] | loss: 3.111240 | lrm: 0.16 | dt: 1737.85ms | tok/s: 301,688 | mfu: 34.44 | epoch: 1 | eta: 5.1m
step 02032/02205 (92.15%) [ns3_ftrl_eta0p1] | loss: 3.109507 | lrm: 0.16 | dt: 1732.26ms | tok/s: 302,660 | mfu: 34.55 | epoch: 1 | eta: 5.1m
step 02033/02205 (92.20%) [ns3_ftrl_eta0p1] | loss: 3.110992 | lrm: 0.16 | dt: 1738.59ms | tok/s: 301,559 | mfu: 34.42 | epoch: 1 | eta: 5.0m
step 02034/02205 (92.24%) [ns3_ftrl_eta0p1] | loss: 3.111000 | lrm: 0.16 | dt: 1737.42ms | tok/s: 301,763 | mfu: 34.45 | epoch: 1 | eta: 5.0m
step 02035/02205 (92.29%) [ns3_ftrl_eta0p1] | loss: 3.110621 | lrm: 0.15 | dt: 1737.05ms | tok/s: 301,826 | mfu: 34.45 | epoch: 1 | eta: 5.0m
step 02036/02205 (92.34%) [ns3_ftrl_eta0p1] | loss: 3.100640 | lrm: 0.15 | dt: 1735.00ms | tok/s: 302,182 | mfu: 34.49 | epoch: 1 | eta: 5.0m
step 02037/02205 (92.38%) [ns3_ftrl_eta0p1] | loss: 3.106965 | lrm: 0.15 | dt: 1735.84ms | tok/s: 302,036 | mfu: 34.48 | epoch: 1 | eta: 4.9m
step 02038/02205 (92.43%) [ns3_ftrl_eta0p1] | loss: 3.107737 | lrm: 0.15 | dt: 1744.08ms | tok/s: 300,610 | mfu: 34.32 | epoch: 1 | eta: 4.9m
step 02039/02205 (92.47%) [ns3_ftrl_eta0p1] | loss: 3.098811 | lrm: 0.15 | dt: 1740.81ms | tok/s: 301,175 | mfu: 34.38 | epoch: 1 | eta: 4.9m
step 02040/02205 (92.52%) [ns3_ftrl_eta0p1] | loss: 3.105649 | lrm: 0.15 | dt: 1745.91ms | tok/s: 300,294 | mfu: 34.28 | epoch: 1 | eta: 4.8m
step 02041/02205 (92.56%) [ns3_ftrl_eta0p1] | loss: 3.118134 | lrm: 0.15 | dt: 1740.46ms | tok/s: 301,235 | mfu: 34.39 | epoch: 1 | eta: 4.8m
step 02042/02205 (92.61%) [ns3_ftrl_eta0p1] | loss: 3.120308 | lrm: 0.15 | dt: 1750.31ms | tok/s: 299,540 | mfu: 34.19 | epoch: 1 | eta: 4.8m
step 02043/02205 (92.65%) [ns3_ftrl_eta0p1] | loss: 3.115978 | lrm: 0.15 | dt: 1749.63ms | tok/s: 299,656 | mfu: 34.21 | epoch: 1 | eta: 4.7m
step 02044/02205 (92.70%) [ns3_ftrl_eta0p1] | loss: 3.110450 | lrm: 0.15 | dt: 1747.15ms | tok/s: 300,082 | mfu: 34.25 | epoch: 1 | eta: 4.7m
step 02045/02205 (92.74%) [ns3_ftrl_eta0p1] | loss: 3.115016 | lrm: 0.15 | dt: 1749.00ms | tok/s: 299,764 | mfu: 34.22 | epoch: 1 | eta: 4.7m
step 02046/02205 (92.79%) [ns3_ftrl_eta0p1] | loss: 3.118293 | lrm: 0.14 | dt: 1747.78ms | tok/s: 299,973 | mfu: 34.24 | epoch: 1 | eta: 4.7m
step 02047/02205 (92.83%) [ns3_ftrl_eta0p1] | loss: 3.118499 | lrm: 0.14 | dt: 1748.42ms | tok/s: 299,863 | mfu: 34.23 | epoch: 1 | eta: 4.6m
step 02048/02205 (92.88%) [ns3_ftrl_eta0p1] | loss: 3.125200 | lrm: 0.14 | dt: 1750.18ms | tok/s: 299,562 | mfu: 34.20 | epoch: 1 | eta: 4.6m
step 02049/02205 (92.93%) [ns3_ftrl_eta0p1] | loss: 3.123692 | lrm: 0.14 | dt: 1753.16ms | tok/s: 299,053 | mfu: 34.14 | epoch: 1 | eta: 4.6m
step 02050/02205 (92.97%) [ns3_ftrl_eta0p1] | loss: 3.120198 | lrm: 0.14 | dt: 1749.48ms | tok/s: 299,682 | mfu: 34.21 | epoch: 1 | eta: 4.5m
step 02051/02205 (93.02%) [ns3_ftrl_eta0p1] | loss: 3.125473 | lrm: 0.14 | dt: 1752.73ms | tok/s: 299,126 | mfu: 34.15 | epoch: 1 | eta: 4.5m
step 02052/02205 (93.06%) [ns3_ftrl_eta0p1] | loss: 3.118757 | lrm: 0.14 | dt: 1753.78ms | tok/s: 298,947 | mfu: 34.13 | epoch: 1 | eta: 4.5m
step 02053/02205 (93.11%) [ns3_ftrl_eta0p1] | loss: 3.112747 | lrm: 0.14 | dt: 1753.42ms | tok/s: 299,008 | mfu: 34.13 | epoch: 1 | eta: 4.5m
step 02054/02205 (93.15%) [ns3_ftrl_eta0p1] | loss: 3.114245 | lrm: 0.14 | dt: 1750.79ms | tok/s: 299,458 | mfu: 34.18 | epoch: 1 | eta: 4.4m
step 02055/02205 (93.20%) [ns3_ftrl_eta0p1] | loss: 3.114545 | lrm: 0.14 | dt: 1751.31ms | tok/s: 299,368 | mfu: 34.17 | epoch: 1 | eta: 4.4m
step 02056/02205 (93.24%) [ns3_ftrl_eta0p1] | loss: 3.100707 | lrm: 0.14 | dt: 1759.04ms | tok/s: 298,053 | mfu: 34.02 | epoch: 1 | eta: 4.4m
step 02057/02205 (93.29%) [ns3_ftrl_eta0p1] | loss: 3.100441 | lrm: 0.13 | dt: 1749.69ms | tok/s: 299,647 | mfu: 34.21 | epoch: 1 | eta: 4.3m
step 02058/02205 (93.33%) [ns3_ftrl_eta0p1] | loss: 3.107264 | lrm: 0.13 | dt: 1752.11ms | tok/s: 299,232 | mfu: 34.16 | epoch: 1 | eta: 4.3m
step 02059/02205 (93.38%) [ns3_ftrl_eta0p1] | loss: 3.095649 | lrm: 0.13 | dt: 1754.31ms | tok/s: 298,857 | mfu: 34.11 | epoch: 1 | eta: 4.3m
step 02060/02205 (93.42%) [ns3_ftrl_eta0p1] | loss: 3.095168 | lrm: 0.13 | dt: 1754.55ms | tok/s: 298,815 | mfu: 34.11 | epoch: 1 | eta: 4.2m
step 02061/02205 (93.47%) [ns3_ftrl_eta0p1] | loss: 3.106178 | lrm: 0.13 | dt: 1752.19ms | tok/s: 299,218 | mfu: 34.16 | epoch: 1 | eta: 4.2m
step 02062/02205 (93.51%) [ns3_ftrl_eta0p1] | loss: 3.107459 | lrm: 0.13 | dt: 1752.77ms | tok/s: 299,119 | mfu: 34.14 | epoch: 1 | eta: 4.2m
step 02063/02205 (93.56%) [ns3_ftrl_eta0p1] | loss: 3.101643 | lrm: 0.13 | dt: 1760.62ms | tok/s: 297,785 | mfu: 33.99 | epoch: 1 | eta: 4.2m
step 02064/02205 (93.61%) [ns3_ftrl_eta0p1] | loss: 3.105710 | lrm: 0.13 | dt: 1757.08ms | tok/s: 298,386 | mfu: 34.06 | epoch: 1 | eta: 4.1m
step 02065/02205 (93.65%) [ns3_ftrl_eta0p1] | loss: 3.103597 | lrm: 0.13 | dt: 1756.17ms | tok/s: 298,540 | mfu: 34.08 | epoch: 1 | eta: 4.1m
step 02066/02205 (93.70%) [ns3_ftrl_eta0p1] | loss: 3.099769 | lrm: 0.13 | dt: 1761.36ms | tok/s: 297,660 | mfu: 33.98 | epoch: 1 | eta: 4.1m
step 02067/02205 (93.74%) [ns3_ftrl_eta0p1] | loss: 3.094675 | lrm: 0.13 | dt: 1765.00ms | tok/s: 297,046 | mfu: 33.91 | epoch: 1 | eta: 4.0m
step 02068/02205 (93.79%) [ns3_ftrl_eta0p1] | loss: 3.096662 | lrm: 0.12 | dt: 1756.22ms | tok/s: 298,532 | mfu: 34.08 | epoch: 1 | eta: 4.0m
step 02069/02205 (93.83%) [ns3_ftrl_eta0p1] | loss: 3.098188 | lrm: 0.12 | dt: 1761.83ms | tok/s: 297,582 | mfu: 33.97 | epoch: 1 | eta: 4.0m
step 02070/02205 (93.88%) [ns3_ftrl_eta0p1] | loss: 3.098009 | lrm: 0.12 | dt: 1759.05ms | tok/s: 298,052 | mfu: 34.02 | epoch: 1 | eta: 4.0m
step 02071/02205 (93.92%) [ns3_ftrl_eta0p1] | loss: 3.091636 | lrm: 0.12 | dt: 1765.97ms | tok/s: 296,883 | mfu: 33.89 | epoch: 1 | eta: 3.9m
step 02072/02205 (93.97%) [ns3_ftrl_eta0p1] | loss: 3.082420 | lrm: 0.12 | dt: 1753.32ms | tok/s: 299,026 | mfu: 34.13 | epoch: 1 | eta: 3.9m
step 02073/02205 (94.01%) [ns3_ftrl_eta0p1] | loss: 3.082130 | lrm: 0.12 | dt: 1755.02ms | tok/s: 298,735 | mfu: 34.10 | epoch: 1 | eta: 3.9m
step 02074/02205 (94.06%) [ns3_ftrl_eta0p1] | loss: 3.087124 | lrm: 0.12 | dt: 1758.18ms | tok/s: 298,199 | mfu: 34.04 | epoch: 1 | eta: 3.8m
step 02075/02205 (94.10%) [ns3_ftrl_eta0p1] | loss: 3.077693 | lrm: 0.12 | dt: 1761.54ms | tok/s: 297,630 | mfu: 33.97 | epoch: 1 | eta: 3.8m
step 02076/02205 (94.15%) [ns3_ftrl_eta0p1] | loss: 3.075573 | lrm: 0.12 | dt: 1758.16ms | tok/s: 298,202 | mfu: 34.04 | epoch: 1 | eta: 3.8m
step 02077/02205 (94.20%) [ns3_ftrl_eta0p1] | loss: 3.086014 | lrm: 0.12 | dt: 1766.32ms | tok/s: 296,824 | mfu: 33.88 | epoch: 1 | eta: 3.8m
step 02078/02205 (94.24%) [ns3_ftrl_eta0p1] | loss: 3.089619 | lrm: 0.12 | dt: 1755.85ms | tok/s: 298,594 | mfu: 34.08 | epoch: 1 | eta: 3.7m
step 02079/02205 (94.29%) [ns3_ftrl_eta0p1] | loss: 3.086328 | lrm: 0.11 | dt: 1768.36ms | tok/s: 296,482 | mfu: 33.84 | epoch: 1 | eta: 3.7m
step 02080/02205 (94.33%) [ns3_ftrl_eta0p1] | loss: 3.089984 | lrm: 0.11 | dt: 1757.64ms | tok/s: 298,291 | mfu: 34.05 | epoch: 1 | eta: 3.7m
step 02081/02205 (94.38%) [ns3_ftrl_eta0p1] | loss: 3.086342 | lrm: 0.11 | dt: 1766.62ms | tok/s: 296,774 | mfu: 33.88 | epoch: 1 | eta: 3.6m
step 02082/02205 (94.42%) [ns3_ftrl_eta0p1] | loss: 3.083644 | lrm: 0.11 | dt: 1770.33ms | tok/s: 296,153 | mfu: 33.81 | epoch: 1 | eta: 3.6m
step 02083/02205 (94.47%) [ns3_ftrl_eta0p1] | loss: 3.085508 | lrm: 0.11 | dt: 1757.16ms | tok/s: 298,372 | mfu: 34.06 | epoch: 1 | eta: 3.6m
step 02084/02205 (94.51%) [ns3_ftrl_eta0p1] | loss: 3.075515 | lrm: 0.11 | dt: 1767.01ms | tok/s: 296,708 | mfu: 33.87 | epoch: 1 | eta: 3.5m
step 02085/02205 (94.56%) [ns3_ftrl_eta0p1] | loss: 3.074358 | lrm: 0.11 | dt: 1755.73ms | tok/s: 298,616 | mfu: 34.09 | epoch: 1 | eta: 3.5m
step 02086/02205 (94.60%) [ns3_ftrl_eta0p1] | loss: 3.077103 | lrm: 0.11 | dt: 1755.00ms | tok/s: 298,739 | mfu: 34.10 | epoch: 1 | eta: 3.5m
step 02087/02205 (94.65%) [ns3_ftrl_eta0p1] | loss: 3.070574 | lrm: 0.11 | dt: 1767.27ms | tok/s: 296,665 | mfu: 33.86 | epoch: 1 | eta: 3.5m
step 02088/02205 (94.69%) [ns3_ftrl_eta0p1] | loss: 3.074319 | lrm: 0.11 | dt: 1755.00ms | tok/s: 298,738 | mfu: 34.10 | epoch: 1 | eta: 3.4m
step 02089/02205 (94.74%) [ns3_ftrl_eta0p1] | loss: 3.081330 | lrm: 0.11 | dt: 1766.04ms | tok/s: 296,871 | mfu: 33.89 | epoch: 1 | eta: 3.4m
step 02090/02205 (94.78%) [ns3_ftrl_eta0p1] | loss: 3.087083 | lrm: 0.10 | dt: 1768.28ms | tok/s: 296,496 | mfu: 33.85 | epoch: 1 | eta: 3.4m
step 02091/02205 (94.83%) [ns3_ftrl_eta0p1] | loss: 3.093093 | lrm: 0.10 | dt: 1729.81ms | tok/s: 303,089 | mfu: 34.60 | epoch: 1 | eta: 3.3m
step 02092/02205 (94.88%) [ns3_ftrl_eta0p1] | loss: 3.095249 | lrm: 0.10 | dt: 1725.40ms | tok/s: 303,864 | mfu: 34.69 | epoch: 1 | eta: 3.3m
step 02093/02205 (94.92%) [ns3_ftrl_eta0p1] | loss: 3.099702 | lrm: 0.10 | dt: 1764.64ms | tok/s: 297,107 | mfu: 33.92 | epoch: 1 | eta: 3.3m
step 02094/02205 (94.97%) [ns3_ftrl_eta0p1] | loss: 3.107086 | lrm: 0.10 | dt: 1763.53ms | tok/s: 297,295 | mfu: 33.94 | epoch: 1 | eta: 3.3m
step 02095/02205 (95.01%) [ns3_ftrl_eta0p1] | loss: 3.111449 | lrm: 0.10 | dt: 1739.25ms | tok/s: 301,445 | mfu: 34.41 | epoch: 1 | eta: 3.2m
step 02096/02205 (95.06%) [ns3_ftrl_eta0p1] | loss: 3.109713 | lrm: 0.10 | dt: 1766.77ms | tok/s: 296,749 | mfu: 33.87 | epoch: 1 | eta: 3.2m
step 02097/02205 (95.10%) [ns3_ftrl_eta0p1] | loss: 3.101367 | lrm: 0.10 | dt: 1771.26ms | tok/s: 295,997 | mfu: 33.79 | epoch: 1 | eta: 3.2m
step 02098/02205 (95.15%) [ns3_ftrl_eta0p1] | loss: 3.097916 | lrm: 0.10 | dt: 1755.80ms | tok/s: 298,603 | mfu: 34.09 | epoch: 1 | eta: 3.1m
step 02099/02205 (95.19%) [ns3_ftrl_eta0p1] | loss: 3.095089 | lrm: 0.10 | dt: 1773.31ms | tok/s: 295,655 | mfu: 33.75 | epoch: 1 | eta: 3.1m
step 02100/02205 (95.24%) [ns3_ftrl_eta0p1] | loss: 3.081090 | lrm: 0.10 | dt: 1764.77ms | tok/s: 297,086 | mfu: 33.91 | epoch: 1 | eta: 3.1m
step 02101/02205 (95.28%) [ns3_ftrl_eta0p1] | loss: 3.068227 | lrm: 0.09 | dt: 1764.64ms | tok/s: 297,107 | mfu: 33.92 | epoch: 1 | eta: 3.0m
step 02102/02205 (95.33%) [ns3_ftrl_eta0p1] | loss: 3.061168 | lrm: 0.09 | dt: 1766.62ms | tok/s: 296,774 | mfu: 33.88 | epoch: 1 | eta: 3.0m
step 02103/02205 (95.37%) [ns3_ftrl_eta0p1] | loss: 3.064357 | lrm: 0.09 | dt: 1769.27ms | tok/s: 296,329 | mfu: 33.83 | epoch: 1 | eta: 3.0m
step 02104/02205 (95.42%) [ns3_ftrl_eta0p1] | loss: 3.076494 | lrm: 0.09 | dt: 1766.72ms | tok/s: 296,757 | mfu: 33.88 | epoch: 1 | eta: 3.0m
step 02105/02205 (95.46%) [ns3_ftrl_eta0p1] | loss: 3.079816 | lrm: 0.09 | dt: 1770.72ms | tok/s: 296,086 | mfu: 33.80 | epoch: 1 | eta: 2.9m
step 02106/02205 (95.51%) [ns3_ftrl_eta0p1] | loss: 3.087763 | lrm: 0.09 | dt: 1769.06ms | tok/s: 296,365 | mfu: 33.83 | epoch: 1 | eta: 2.9m
step 02107/02205 (95.56%) [ns3_ftrl_eta0p1] | loss: 3.085494 | lrm: 0.09 | dt: 1772.58ms | tok/s: 295,776 | mfu: 33.76 | epoch: 1 | eta: 2.9m
step 02108/02205 (95.60%) [ns3_ftrl_eta0p1] | loss: 3.093251 | lrm: 0.09 | dt: 1772.13ms | tok/s: 295,852 | mfu: 33.77 | epoch: 1 | eta: 2.8m
step 02109/02205 (95.65%) [ns3_ftrl_eta0p1] | loss: 3.094332 | lrm: 0.09 | dt: 1772.86ms | tok/s: 295,729 | mfu: 33.76 | epoch: 1 | eta: 2.8m
step 02110/02205 (95.69%) [ns3_ftrl_eta0p1] | loss: 3.088614 | lrm: 0.09 | dt: 1775.93ms | tok/s: 295,219 | mfu: 33.70 | epoch: 1 | eta: 2.8m
step 02111/02205 (95.74%) [ns3_ftrl_eta0p1] | loss: 3.105559 | lrm: 0.09 | dt: 1769.49ms | tok/s: 296,292 | mfu: 33.82 | epoch: 1 | eta: 2.8m
step 02112/02205 (95.78%) [ns3_ftrl_eta0p1] | loss: 3.096768 | lrm: 0.08 | dt: 1775.01ms | tok/s: 295,372 | mfu: 33.72 | epoch: 1 | eta: 2.7m
step 02113/02205 (95.83%) [ns3_ftrl_eta0p1] | loss: 3.090126 | lrm: 0.08 | dt: 1768.73ms | tok/s: 296,421 | mfu: 33.84 | epoch: 1 | eta: 2.7m
step 02114/02205 (95.87%) [ns3_ftrl_eta0p1] | loss: 3.090905 | lrm: 0.08 | dt: 1776.70ms | tok/s: 295,091 | mfu: 33.69 | epoch: 1 | eta: 2.7m
step 02115/02205 (95.92%) [ns3_ftrl_eta0p1] | loss: 3.096429 | lrm: 0.08 | dt: 1770.00ms | tok/s: 296,208 | mfu: 33.81 | epoch: 1 | eta: 2.6m
step 02116/02205 (95.96%) [ns3_ftrl_eta0p1] | loss: 3.097266 | lrm: 0.08 | dt: 1768.92ms | tok/s: 296,388 | mfu: 33.83 | epoch: 1 | eta: 2.6m
step 02117/02205 (96.01%) [ns3_ftrl_eta0p1] | loss: 3.094767 | lrm: 0.08 | dt: 1763.68ms | tok/s: 297,269 | mfu: 33.93 | epoch: 1 | eta: 2.6m
step 02118/02205 (96.05%) [ns3_ftrl_eta0p1] | loss: 3.088634 | lrm: 0.08 | dt: 1764.35ms | tok/s: 297,156 | mfu: 33.92 | epoch: 1 | eta: 2.5m
step 02119/02205 (96.10%) [ns3_ftrl_eta0p1] | loss: 3.091200 | lrm: 0.08 | dt: 1772.57ms | tok/s: 295,778 | mfu: 33.76 | epoch: 1 | eta: 2.5m
step 02120/02205 (96.15%) [ns3_ftrl_eta0p1] | loss: 3.084357 | lrm: 0.08 | dt: 1767.69ms | tok/s: 296,594 | mfu: 33.86 | epoch: 1 | eta: 2.5m
step 02121/02205 (96.19%) [ns3_ftrl_eta0p1] | loss: 3.079634 | lrm: 0.08 | dt: 1765.18ms | tok/s: 297,016 | mfu: 33.90 | epoch: 1 | eta: 2.5m
step 02122/02205 (96.24%) [ns3_ftrl_eta0p1] | loss: 3.076829 | lrm: 0.08 | dt: 1757.38ms | tok/s: 298,334 | mfu: 34.06 | epoch: 1 | eta: 2.4m
step 02123/02205 (96.28%) [ns3_ftrl_eta0p1] | loss: 3.074117 | lrm: 0.07 | dt: 1765.78ms | tok/s: 296,915 | mfu: 33.89 | epoch: 1 | eta: 2.4m
step 02124/02205 (96.33%) [ns3_ftrl_eta0p1] | loss: 3.070431 | lrm: 0.07 | dt: 1762.07ms | tok/s: 297,541 | mfu: 33.96 | epoch: 1 | eta: 2.4m
step 02125/02205 (96.37%) [ns3_ftrl_eta0p1] | loss: 3.071780 | lrm: 0.07 | dt: 1764.64ms | tok/s: 297,107 | mfu: 33.92 | epoch: 1 | eta: 2.3m
step 02126/02205 (96.42%) [ns3_ftrl_eta0p1] | loss: 3.081402 | lrm: 0.07 | dt: 1768.83ms | tok/s: 296,404 | mfu: 33.83 | epoch: 1 | eta: 2.3m
step 02127/02205 (96.46%) [ns3_ftrl_eta0p1] | loss: 3.089851 | lrm: 0.07 | dt: 1763.94ms | tok/s: 297,225 | mfu: 33.93 | epoch: 1 | eta: 2.3m
step 02128/02205 (96.51%) [ns3_ftrl_eta0p1] | loss: 3.095968 | lrm: 0.07 | dt: 1768.96ms | tok/s: 296,381 | mfu: 33.83 | epoch: 1 | eta: 2.3m
step 02129/02205 (96.55%) [ns3_ftrl_eta0p1] | loss: 3.096992 | lrm: 0.07 | dt: 1765.28ms | tok/s: 297,000 | mfu: 33.90 | epoch: 1 | eta: 2.2m
step 02130/02205 (96.60%) [ns3_ftrl_eta0p1] | loss: 3.101641 | lrm: 0.07 | dt: 1765.66ms | tok/s: 296,935 | mfu: 33.90 | epoch: 1 | eta: 2.2m
step 02131/02205 (96.64%) [ns3_ftrl_eta0p1] | loss: 3.097985 | lrm: 0.07 | dt: 1767.81ms | tok/s: 296,575 | mfu: 33.85 | epoch: 1 | eta: 2.2m
step 02132/02205 (96.69%) [ns3_ftrl_eta0p1] | loss: 3.092519 | lrm: 0.07 | dt: 1764.98ms | tok/s: 297,050 | mfu: 33.91 | epoch: 1 | eta: 2.1m
step 02133/02205 (96.73%) [ns3_ftrl_eta0p1] | loss: 3.096733 | lrm: 0.07 | dt: 1766.30ms | tok/s: 296,828 | mfu: 33.88 | epoch: 1 | eta: 2.1m
step 02134/02205 (96.78%) [ns3_ftrl_eta0p1] | loss: 3.101803 | lrm: 0.06 | dt: 1767.40ms | tok/s: 296,642 | mfu: 33.86 | epoch: 1 | eta: 2.1m
step 02135/02205 (96.83%) [ns3_ftrl_eta0p1] | loss: 3.094682 | lrm: 0.06 | dt: 1767.26ms | tok/s: 296,667 | mfu: 33.86 | epoch: 1 | eta: 2.1m
step 02136/02205 (96.87%) [ns3_ftrl_eta0p1] | loss: 3.092266 | lrm: 0.06 | dt: 1764.29ms | tok/s: 297,166 | mfu: 33.92 | epoch: 1 | eta: 2.0m
step 02137/02205 (96.92%) [ns3_ftrl_eta0p1] | loss: 3.094307 | lrm: 0.06 | dt: 1762.12ms | tok/s: 297,532 | mfu: 33.96 | epoch: 1 | eta: 2.0m
step 02138/02205 (96.96%) [ns3_ftrl_eta0p1] | loss: 3.090621 | lrm: 0.06 | dt: 1768.53ms | tok/s: 296,453 | mfu: 33.84 | epoch: 1 | eta: 2.0m
step 02139/02205 (97.01%) [ns3_ftrl_eta0p1] | loss: 3.081765 | lrm: 0.06 | dt: 1766.91ms | tok/s: 296,725 | mfu: 33.87 | epoch: 1 | eta: 1.9m
step 02140/02205 (97.05%) [ns3_ftrl_eta0p1] | loss: 3.077404 | lrm: 0.06 | dt: 1728.76ms | tok/s: 303,274 | mfu: 34.62 | epoch: 1 | eta: 1.9m
step 02141/02205 (97.10%) [ns3_ftrl_eta0p1] | loss: 3.082945 | lrm: 0.06 | dt: 1759.20ms | tok/s: 298,026 | mfu: 34.02 | epoch: 1 | eta: 1.9m
step 02142/02205 (97.14%) [ns3_ftrl_eta0p1] | loss: 3.088656 | lrm: 0.06 | dt: 1769.81ms | tok/s: 296,240 | mfu: 33.82 | epoch: 1 | eta: 1.8m
step 02143/02205 (97.19%) [ns3_ftrl_eta0p1] | loss: 3.091770 | lrm: 0.06 | dt: 1734.92ms | tok/s: 302,196 | mfu: 34.50 | epoch: 1 | eta: 1.8m
step 02144/02205 (97.23%) [ns3_ftrl_eta0p1] | loss: 3.094467 | lrm: 0.06 | dt: 1778.55ms | tok/s: 294,783 | mfu: 33.65 | epoch: 1 | eta: 1.8m
step 02145/02205 (97.28%) [ns3_ftrl_eta0p1] | loss: 3.092052 | lrm: 0.05 | dt: 1764.15ms | tok/s: 297,189 | mfu: 33.92 | epoch: 1 | eta: 1.8m
step 02146/02205 (97.32%) [ns3_ftrl_eta0p1] | loss: 3.096793 | lrm: 0.05 | dt: 1765.91ms | tok/s: 296,893 | mfu: 33.89 | epoch: 1 | eta: 1.7m
step 02147/02205 (97.37%) [ns3_ftrl_eta0p1] | loss: 3.088650 | lrm: 0.05 | dt: 1770.20ms | tok/s: 296,174 | mfu: 33.81 | epoch: 1 | eta: 1.7m
step 02148/02205 (97.41%) [ns3_ftrl_eta0p1] | loss: 3.092960 | lrm: 0.05 | dt: 1775.00ms | tok/s: 295,373 | mfu: 33.72 | epoch: 1 | eta: 1.7m
step 02149/02205 (97.46%) [ns3_ftrl_eta0p1] | loss: 3.088246 | lrm: 0.05 | dt: 1772.84ms | tok/s: 295,733 | mfu: 33.76 | epoch: 1 | eta: 1.6m
step 02150/02205 (97.51%) [ns3_ftrl_eta0p1] | loss: 3.086602 | lrm: 0.05 | dt: 1769.67ms | tok/s: 296,263 | mfu: 33.82 | epoch: 1 | eta: 1.6m
step 02151/02205 (97.55%) [ns3_ftrl_eta0p1] | loss: 3.092883 | lrm: 0.05 | dt: 1772.65ms | tok/s: 295,765 | mfu: 33.76 | epoch: 1 | eta: 1.6m
step 02152/02205 (97.60%) [ns3_ftrl_eta0p1] | loss: 3.093994 | lrm: 0.05 | dt: 1773.41ms | tok/s: 295,638 | mfu: 33.75 | epoch: 1 | eta: 1.6m
step 02153/02205 (97.64%) [ns3_ftrl_eta0p1] | loss: 3.086407 | lrm: 0.05 | dt: 1766.47ms | tok/s: 296,799 | mfu: 33.88 | epoch: 1 | eta: 1.5m
step 02154/02205 (97.69%) [ns3_ftrl_eta0p1] | loss: 3.083823 | lrm: 0.05 | dt: 1764.98ms | tok/s: 297,050 | mfu: 33.91 | epoch: 1 | eta: 1.5m
step 02155/02205 (97.73%) [ns3_ftrl_eta0p1] | loss: 3.087072 | lrm: 0.05 | dt: 1769.67ms | tok/s: 296,263 | mfu: 33.82 | epoch: 1 | eta: 1.5m
step 02156/02205 (97.78%) [ns3_ftrl_eta0p1] | loss: 3.086222 | lrm: 0.04 | dt: 1688.75ms | tok/s: 310,458 | mfu: 35.44 | epoch: 1 | eta: 1.4m
step 02157/02205 (97.82%) [ns3_ftrl_eta0p1] | loss: 3.088793 | lrm: 0.04 | dt: 1723.19ms | tok/s: 304,253 | mfu: 34.73 | epoch: 1 | eta: 1.4m
step 02158/02205 (97.87%) [ns3_ftrl_eta0p1] | loss: 3.092134 | lrm: 0.04 | dt: 1714.92ms | tok/s: 305,721 | mfu: 34.90 | epoch: 1 | eta: 1.4m
step 02159/02205 (97.91%) [ns3_ftrl_eta0p1] | loss: 3.086231 | lrm: 0.04 | dt: 1720.62ms | tok/s: 304,709 | mfu: 34.78 | epoch: 1 | eta: 1.3m
step 02160/02205 (97.96%) [ns3_ftrl_eta0p1] | loss: 3.084461 | lrm: 0.04 | dt: 1718.51ms | tok/s: 305,082 | mfu: 34.83 | epoch: 1 | eta: 1.3m
step 02161/02205 (98.00%) [ns3_ftrl_eta0p1] | loss: 3.082922 | lrm: 0.04 | dt: 1722.04ms | tok/s: 304,457 | mfu: 34.75 | epoch: 1 | eta: 1.3m
step 02162/02205 (98.05%) [ns3_ftrl_eta0p1] | loss: 3.076962 | lrm: 0.04 | dt: 1723.61ms | tok/s: 304,180 | mfu: 34.72 | epoch: 1 | eta: 1.3m
step 02163/02205 (98.10%) [ns3_ftrl_eta0p1] | loss: 3.079825 | lrm: 0.04 | dt: 1726.65ms | tok/s: 303,645 | mfu: 34.66 | epoch: 1 | eta: 1.2m
step 02164/02205 (98.14%) [ns3_ftrl_eta0p1] | loss: 3.080938 | lrm: 0.04 | dt: 1734.47ms | tok/s: 302,276 | mfu: 34.51 | epoch: 1 | eta: 1.2m
step 02165/02205 (98.19%) [ns3_ftrl_eta0p1] | loss: 3.081019 | lrm: 0.04 | dt: 1735.57ms | tok/s: 302,083 | mfu: 34.48 | epoch: 1 | eta: 1.2m
step 02166/02205 (98.23%) [ns3_ftrl_eta0p1] | loss: 3.086256 | lrm: 0.04 | dt: 1735.27ms | tok/s: 302,136 | mfu: 34.49 | epoch: 1 | eta: 1.1m
step 02167/02205 (98.28%) [ns3_ftrl_eta0p1] | loss: 3.081106 | lrm: 0.03 | dt: 1735.37ms | tok/s: 302,119 | mfu: 34.49 | epoch: 1 | eta: 1.1m
step 02168/02205 (98.32%) [ns3_ftrl_eta0p1] | loss: 3.076255 | lrm: 0.03 | dt: 1738.21ms | tok/s: 301,626 | mfu: 34.43 | epoch: 1 | eta: 1.1m
step 02169/02205 (98.37%) [ns3_ftrl_eta0p1] | loss: 3.066171 | lrm: 0.03 | dt: 1737.54ms | tok/s: 301,741 | mfu: 34.44 | epoch: 1 | eta: 1.1m
step 02170/02205 (98.41%) [ns3_ftrl_eta0p1] | loss: 3.076779 | lrm: 0.03 | dt: 1737.65ms | tok/s: 301,723 | mfu: 34.44 | epoch: 1 | eta: 1.0m
step 02171/02205 (98.46%) [ns3_ftrl_eta0p1] | loss: 3.083882 | lrm: 0.03 | dt: 1746.70ms | tok/s: 300,158 | mfu: 34.26 | epoch: 1 | eta: 1.0m
step 02172/02205 (98.50%) [ns3_ftrl_eta0p1] | loss: 3.092583 | lrm: 0.03 | dt: 1738.37ms | tok/s: 301,596 | mfu: 34.43 | epoch: 1 | eta: 1.0m
step 02173/02205 (98.55%) [ns3_ftrl_eta0p1] | loss: 3.087578 | lrm: 0.03 | dt: 1749.46ms | tok/s: 299,685 | mfu: 34.21 | epoch: 1 | eta: 0.9m
step 02174/02205 (98.59%) [ns3_ftrl_eta0p1] | loss: 3.087087 | lrm: 0.03 | dt: 1751.05ms | tok/s: 299,413 | mfu: 34.18 | epoch: 1 | eta: 0.9m
step 02175/02205 (98.64%) [ns3_ftrl_eta0p1] | loss: 3.085191 | lrm: 0.03 | dt: 1752.50ms | tok/s: 299,165 | mfu: 34.15 | epoch: 1 | eta: 0.9m
step 02176/02205 (98.68%) [ns3_ftrl_eta0p1] | loss: 3.091813 | lrm: 0.03 | dt: 1756.88ms | tok/s: 298,419 | mfu: 34.06 | epoch: 1 | eta: 0.8m
step 02177/02205 (98.73%) [ns3_ftrl_eta0p1] | loss: 3.088372 | lrm: 0.03 | dt: 1749.61ms | tok/s: 299,659 | mfu: 34.21 | epoch: 1 | eta: 0.8m
step 02178/02205 (98.78%) [ns3_ftrl_eta0p1] | loss: 3.103144 | lrm: 0.02 | dt: 1758.99ms | tok/s: 298,061 | mfu: 34.02 | epoch: 1 | eta: 0.8m
step 02179/02205 (98.82%) [ns3_ftrl_eta0p1] | loss: 3.099651 | lrm: 0.02 | dt: 1754.86ms | tok/s: 298,764 | mfu: 34.10 | epoch: 1 | eta: 0.8m
step 02180/02205 (98.87%) [ns3_ftrl_eta0p1] | loss: 3.111953 | lrm: 0.02 | dt: 1763.31ms | tok/s: 297,332 | mfu: 33.94 | epoch: 1 | eta: 0.7m
step 02181/02205 (98.91%) [ns3_ftrl_eta0p1] | loss: 3.111313 | lrm: 0.02 | dt: 1755.84ms | tok/s: 298,596 | mfu: 34.09 | epoch: 1 | eta: 0.7m
step 02182/02205 (98.96%) [ns3_ftrl_eta0p1] | loss: 3.102301 | lrm: 0.02 | dt: 1753.46ms | tok/s: 299,001 | mfu: 34.13 | epoch: 1 | eta: 0.7m
step 02183/02205 (99.00%) [ns3_ftrl_eta0p1] | loss: 3.100777 | lrm: 0.02 | dt: 1751.49ms | tok/s: 299,339 | mfu: 34.17 | epoch: 1 | eta: 0.6m
step 02184/02205 (99.05%) [ns3_ftrl_eta0p1] | loss: 3.092904 | lrm: 0.02 | dt: 1756.33ms | tok/s: 298,512 | mfu: 34.08 | epoch: 1 | eta: 0.6m
step 02185/02205 (99.09%) [ns3_ftrl_eta0p1] | loss: 3.097688 | lrm: 0.02 | dt: 1754.76ms | tok/s: 298,780 | mfu: 34.11 | epoch: 1 | eta: 0.6m
step 02186/02205 (99.14%) [ns3_ftrl_eta0p1] | loss: 3.097453 | lrm: 0.02 | dt: 1767.99ms | tok/s: 296,545 | mfu: 33.85 | epoch: 1 | eta: 0.6m
step 02187/02205 (99.18%) [ns3_ftrl_eta0p1] | loss: 3.098132 | lrm: 0.02 | dt: 1757.25ms | tok/s: 298,356 | mfu: 34.06 | epoch: 1 | eta: 0.5m
step 02188/02205 (99.23%) [ns3_ftrl_eta0p1] | loss: 3.095305 | lrm: 0.02 | dt: 1762.74ms | tok/s: 297,428 | mfu: 33.95 | epoch: 1 | eta: 0.5m
step 02189/02205 (99.27%) [ns3_ftrl_eta0p1] | loss: 3.092538 | lrm: 0.01 | dt: 1758.94ms | tok/s: 298,070 | mfu: 34.03 | epoch: 1 | eta: 0.5m
step 02190/02205 (99.32%) [ns3_ftrl_eta0p1] | loss: 3.088919 | lrm: 0.01 | dt: 1767.28ms | tok/s: 296,663 | mfu: 33.86 | epoch: 1 | eta: 0.4m
step 02191/02205 (99.37%) [ns3_ftrl_eta0p1] | loss: 3.077845 | lrm: 0.01 | dt: 1752.88ms | tok/s: 299,101 | mfu: 34.14 | epoch: 1 | eta: 0.4m
step 02192/02205 (99.41%) [ns3_ftrl_eta0p1] | loss: 3.076838 | lrm: 0.01 | dt: 1755.01ms | tok/s: 298,737 | mfu: 34.10 | epoch: 1 | eta: 0.4m
step 02193/02205 (99.46%) [ns3_ftrl_eta0p1] | loss: 3.069889 | lrm: 0.01 | dt: 1771.40ms | tok/s: 295,973 | mfu: 33.79 | epoch: 1 | eta: 0.4m
step 02194/02205 (99.50%) [ns3_ftrl_eta0p1] | loss: 3.070944 | lrm: 0.01 | dt: 1753.23ms | tok/s: 299,041 | mfu: 34.14 | epoch: 1 | eta: 0.3m
step 02195/02205 (99.55%) [ns3_ftrl_eta0p1] | loss: 3.059360 | lrm: 0.01 | dt: 1753.36ms | tok/s: 299,018 | mfu: 34.13 | epoch: 1 | eta: 0.3m
step 02196/02205 (99.59%) [ns3_ftrl_eta0p1] | loss: 3.066457 | lrm: 0.01 | dt: 1763.74ms | tok/s: 297,259 | mfu: 33.93 | epoch: 1 | eta: 0.3m
step 02197/02205 (99.64%) [ns3_ftrl_eta0p1] | loss: 3.062635 | lrm: 0.01 | dt: 1759.13ms | tok/s: 298,038 | mfu: 34.02 | epoch: 1 | eta: 0.2m
step 02198/02205 (99.68%) [ns3_ftrl_eta0p1] | loss: 3.073905 | lrm: 0.01 | dt: 1757.80ms | tok/s: 298,263 | mfu: 34.05 | epoch: 1 | eta: 0.2m
step 02199/02205 (99.73%) [ns3_ftrl_eta0p1] | loss: 3.082510 | lrm: 0.01 | dt: 1764.51ms | tok/s: 297,129 | mfu: 33.92 | epoch: 1 | eta: 0.2m
step 02200/02205 (99.77%) [ns3_ftrl_eta0p1] | loss: 3.083206 | lrm: 0.00 | dt: 1757.44ms | tok/s: 298,324 | mfu: 34.05 | epoch: 1 | eta: 0.1m
step 02201/02205 (99.82%) [ns3_ftrl_eta0p1] | loss: 3.085095 | lrm: 0.00 | dt: 1770.11ms | tok/s: 296,189 | mfu: 33.81 | epoch: 1 | eta: 0.1m
step 02202/02205 (99.86%) [ns3_ftrl_eta0p1] | loss: 3.084395 | lrm: 0.00 | dt: 1754.80ms | tok/s: 298,773 | mfu: 34.11 | epoch: 1 | eta: 0.1m
step 02203/02205 (99.91%) [ns3_ftrl_eta0p1] | loss: 3.089564 | lrm: 0.00 | dt: 1765.34ms | tok/s: 296,990 | mfu: 33.90 | epoch: 1 | eta: 0.1m
step 02204/02205 (99.95%) [ns3_ftrl_eta0p1] | loss: 3.082423 | lrm: 0.00 | dt: 1766.30ms | tok/s: 296,828 | mfu: 33.88 | epoch: 1 | eta: 0.0m
Step 02205 | val bpb: 0.903527
Evaluating: hellaswag_zeroshot (0-shot, type: multiple_choice)... accuracy: 0.3380 | centered: 0.1173 | time: 4.69s
Evaluating: jeopardy (10-shot, type: language_modeling)... accuracy: 0.0020 | centered: 0.0020 | time: 4.74s
Evaluating: bigbench_qa_wikidata (10-shot, type: language_modeling)... accuracy: 0.3680 | centered: 0.3680 | time: 4.51s
Evaluating: arc_easy (10-shot, type: multiple_choice)... accuracy: 0.5460 | centered: 0.3947 | time: 5.71s
Evaluating: arc_challenge (10-shot, type: multiple_choice)... accuracy: 0.2580 | centered: 0.0107 | time: 5.89s
Evaluating: copa (0-shot, type: multiple_choice)... accuracy: 0.6100 | centered: 0.2200 | time: 0.88s
Evaluating: commonsense_qa (10-shot, type: multiple_choice)... accuracy: 0.4000 | centered: 0.2500 | time: 6.09s
Evaluating: piqa (10-shot, type: multiple_choice)... accuracy: 0.6240 | centered: 0.2480 | time: 5.13s
Evaluating: openbook_qa (0-shot, type: multiple_choice)... accuracy: 0.2920 | centered: 0.0560 | time: 4.41s
Evaluating: lambada_openai (0-shot, type: language_modeling)... accuracy: 0.2940 | centered: 0.2940 | time: 4.52s
Evaluating: hellaswag (10-shot, type: multiple_choice)... accuracy: 0.3220 | centered: 0.0960 | time: 7.86s
Evaluating: winograd (0-shot, type: schema)... accuracy: 0.5678 | centered: 0.1355 | time: 2.45s
Evaluating: winogrande (0-shot, type: schema)... accuracy: 0.4980 | centered: -0.0040 | time: 4.32s
Evaluating: bigbench_dyck_languages (10-shot, type: language_modeling)... accuracy: 0.1260 | centered: 0.1260 | time: 5.01s
Evaluating: agi_eval_lsat_ar (3-shot, type: multiple_choice)... accuracy: 0.2652 | centered: 0.0815 | time: 3.39s
Evaluating: bigbench_cs_algorithms (10-shot, type: language_modeling)... accuracy: 0.4320 | centered: 0.4320 | time: 4.83s
Evaluating: bigbench_operators (10-shot, type: language_modeling)... accuracy: 0.0952 | centered: 0.0952 | time: 2.00s
Evaluating: bigbench_repeat_copy_logic (10-shot, type: language_modeling)... accuracy: 0.0000 | centered: 0.0000 | time: 0.31s
Evaluating: squad (10-shot, type: language_modeling)... accuracy: 0.0920 | centered: 0.0920 | time: 6.52s
Evaluating: coqa (0-shot, type: language_modeling)... accuracy: 0.1260 | centered: 0.1260 | time: 4.88s
Evaluating: boolq (10-shot, type: multiple_choice)... accuracy: 0.5540 | centered: -0.1737 | time: 7.25s
Evaluating: bigbench_language_identification (10-shot, type: multiple_choice)... accuracy: 0.3020 | centered: 0.2321 | time: 10.44s
Step 02205 | CORE metric: 0.1454
<|bos|>The capital of France is Paris. The capital of the French Republic is Paris. The capital of the Republic
<|bos|>The chemical symbol of gold is the gold standard. The gold standard is a standard that is used to measure the
<|bos|>If yesterday was Friday, then tomorrow will be Saturday. The question is, what is the difference between Friday and Saturday? The
<|bos|>If 5*x + 3 = 13, then x is the number of times 5*x + 3 = 13. If
Peak memory: 38394.46MiB
Total training time: 64.30m
Min val bpb: 0.903527
========================================
[ns3_ftrl_eta0p1] Job completed at: Fri Apr 24 13:16:41 EDT 2026
========================================
