========================================
Job ID: 723387
Node: andreas-h100-1
GPUs: 1
Mode: ns2_ftrl_eta0p2
Start Time: Fri Apr 24 08:32:30 EDT 2026
========================================
Fri Apr 24 08:32:30 2026       
+-----------------------------------------------------------------------------------------+
| NVIDIA-SMI 575.57.08              Driver Version: 575.57.08      CUDA Version: 12.9     |
|-----------------------------------------+------------------------+----------------------+
| GPU  Name                 Persistence-M | Bus-Id          Disp.A | Volatile Uncorr. ECC |
| Fan  Temp   Perf          Pwr:Usage/Cap |           Memory-Usage | GPU-Util  Compute M. |
|                                         |                        |               MIG M. |
|=========================================+========================+======================|
|   0  NVIDIA H100 NVL                On  |   00000000:81:00.0 Off |                    0 |
| N/A   52C    P0             67W /  400W |       0MiB /  95830MiB |      0%      Default |
|                                         |                        |             Disabled |
+-----------------------------------------+------------------------+----------------------+
                                                                                         
+-----------------------------------------------------------------------------------------+
| Processes:                                                                              |
|  GPU   GI   CI              PID   Type   Process name                        GPU Memory |
|        ID   ID                                                               Usage      |
|=========================================================================================|
|  No running processes found                                                             |
+-----------------------------------------------------------------------------------------+
Starting ablation mode: ns2_ftrl_eta0p2 (matrix-lr=0.02)

                                                       █████                █████
                                                      ░░███                ░░███
     ████████    ██████   ████████    ██████   ██████  ░███████    ██████  ███████
    ░░███░░███  ░░░░░███ ░░███░░███  ███░░███ ███░░███ ░███░░███  ░░░░░███░░░███░
     ░███ ░███   ███████  ░███ ░███ ░███ ░███░███ ░░░  ░███ ░███   ███████  ░███
     ░███ ░███  ███░░███  ░███ ░███ ░███ ░███░███  ███ ░███ ░███  ███░░███  ░███ ███
     ████ █████░░████████ ████ █████░░██████ ░░██████  ████ █████░░███████  ░░█████
    ░░░░ ░░░░░  ░░░░░░░░ ░░░░ ░░░░░  ░░░░░░   ░░░░░░  ░░░░ ░░░░░  ░░░░░░░░   ░░░░░
    
Update mode: ns2_ftrl_eta0p2
Autodetected device type: cuda
GPU: NVIDIA H100 NVL | Peak FLOPS (BF16): 8.35e+14
✓ Using Flash Attention 3 (Hopper GPU detected)
Vocab size: 65,536
Model config:
{
  "sequence_len": 2048,
  "vocab_size": 65536,
  "n_layer": 12,
  "n_head": 6,
  "n_kv_head": 6,
  "n_embd": 768,
  "window_pattern": "SSSL"
}
Parameter counts:
wte                     : 50,331,648
value_embeds            : 301,989,888
lm_head                 : 50,331,648
transformer_matrices    : 84,935,808
scalars                 : 24
total                   : 487,589,016
Auto-computed optimal batch size: 524,288 tokens
dmodel_lr_scale: 1.000000
Using user-provided number of iterations: 2,205
Total training tokens: 1,156,055,040
Tokens:Scaling params ratio: 8.55
Total FLOPs estimate: 1.101908e+18
Grad accum steps: 8
Step 00000 | val bpb: 3.254653
step 00000/02205 (0.00%) [ns2_ftrl_eta0p2] | loss: 11.090001 | lrm: 1.00 | dt: 21149.33ms | tok/s: 24,789 | mfu: 2.83 | epoch: 1
step 00001/02205 (0.05%) [ns2_ftrl_eta0p2] | loss: 10.840937 | lrm: 1.00 | dt: 1590.36ms | tok/s: 329,665 | mfu: 37.63 | epoch: 1
step 00002/02205 (0.09%) [ns2_ftrl_eta0p2] | loss: 10.132884 | lrm: 1.00 | dt: 1619.12ms | tok/s: 323,810 | mfu: 36.96 | epoch: 1
step 00003/02205 (0.14%) [ns2_ftrl_eta0p2] | loss: 9.592583 | lrm: 1.00 | dt: 1606.07ms | tok/s: 326,442 | mfu: 37.26 | epoch: 1
step 00004/02205 (0.18%) [ns2_ftrl_eta0p2] | loss: 9.049597 | lrm: 1.00 | dt: 1609.63ms | tok/s: 325,719 | mfu: 37.18 | epoch: 1
step 00005/02205 (0.23%) [ns2_ftrl_eta0p2] | loss: 8.632518 | lrm: 1.00 | dt: 1617.34ms | tok/s: 324,166 | mfu: 37.00 | epoch: 1
step 00006/02205 (0.27%) [ns2_ftrl_eta0p2] | loss: 8.322147 | lrm: 1.00 | dt: 1614.10ms | tok/s: 324,818 | mfu: 37.08 | epoch: 1
step 00007/02205 (0.32%) [ns2_ftrl_eta0p2] | loss: 8.070277 | lrm: 1.00 | dt: 1603.76ms | tok/s: 326,912 | mfu: 37.32 | epoch: 1
step 00008/02205 (0.36%) [ns2_ftrl_eta0p2] | loss: 7.867493 | lrm: 1.00 | dt: 1625.06ms | tok/s: 322,626 | mfu: 36.83 | epoch: 1
step 00009/02205 (0.41%) [ns2_ftrl_eta0p2] | loss: 7.681639 | lrm: 1.00 | dt: 1621.03ms | tok/s: 323,429 | mfu: 36.92 | epoch: 1
step 00010/02205 (0.45%) [ns2_ftrl_eta0p2] | loss: 7.508235 | lrm: 1.00 | dt: 1627.84ms | tok/s: 322,075 | mfu: 36.77 | epoch: 1
step 00011/02205 (0.50%) [ns2_ftrl_eta0p2] | loss: 7.367060 | lrm: 1.00 | dt: 1634.74ms | tok/s: 320,716 | mfu: 36.61 | epoch: 1 | eta: 59.8m
step 00012/02205 (0.54%) [ns2_ftrl_eta0p2] | loss: 7.245033 | lrm: 1.00 | dt: 1630.41ms | tok/s: 321,567 | mfu: 36.71 | epoch: 1 | eta: 59.7m
step 00013/02205 (0.59%) [ns2_ftrl_eta0p2] | loss: 7.124871 | lrm: 1.00 | dt: 1616.93ms | tok/s: 324,248 | mfu: 37.01 | epoch: 1 | eta: 59.5m
step 00014/02205 (0.63%) [ns2_ftrl_eta0p2] | loss: 7.032108 | lrm: 1.00 | dt: 1625.52ms | tok/s: 322,534 | mfu: 36.82 | epoch: 1 | eta: 59.4m
step 00015/02205 (0.68%) [ns2_ftrl_eta0p2] | loss: 6.929139 | lrm: 1.00 | dt: 1628.26ms | tok/s: 321,992 | mfu: 36.76 | epoch: 1 | eta: 59.4m
step 00016/02205 (0.73%) [ns2_ftrl_eta0p2] | loss: 6.846743 | lrm: 1.00 | dt: 1624.25ms | tok/s: 322,788 | mfu: 36.85 | epoch: 1 | eta: 59.3m
step 00017/02205 (0.77%) [ns2_ftrl_eta0p2] | loss: 6.774219 | lrm: 1.00 | dt: 1638.93ms | tok/s: 319,895 | mfu: 36.52 | epoch: 1 | eta: 59.4m
step 00018/02205 (0.82%) [ns2_ftrl_eta0p2] | loss: 6.714879 | lrm: 1.00 | dt: 1641.41ms | tok/s: 319,412 | mfu: 36.46 | epoch: 1 | eta: 59.4m
step 00019/02205 (0.86%) [ns2_ftrl_eta0p2] | loss: 6.651317 | lrm: 1.00 | dt: 1649.06ms | tok/s: 317,930 | mfu: 36.29 | epoch: 1 | eta: 59.5m
step 00020/02205 (0.91%) [ns2_ftrl_eta0p2] | loss: 6.597322 | lrm: 1.00 | dt: 1647.30ms | tok/s: 318,271 | mfu: 36.33 | epoch: 1 | eta: 59.5m
step 00021/02205 (0.95%) [ns2_ftrl_eta0p2] | loss: 6.543243 | lrm: 1.00 | dt: 1639.31ms | tok/s: 319,822 | mfu: 36.51 | epoch: 1 | eta: 59.5m
step 00022/02205 (1.00%) [ns2_ftrl_eta0p2] | loss: 6.495584 | lrm: 1.00 | dt: 1650.99ms | tok/s: 317,559 | mfu: 36.25 | epoch: 1 | eta: 59.5m
step 00023/02205 (1.04%) [ns2_ftrl_eta0p2] | loss: 6.461814 | lrm: 1.00 | dt: 1648.21ms | tok/s: 318,094 | mfu: 36.31 | epoch: 1 | eta: 59.5m
step 00024/02205 (1.09%) [ns2_ftrl_eta0p2] | loss: 6.418019 | lrm: 1.00 | dt: 1652.03ms | tok/s: 317,360 | mfu: 36.23 | epoch: 1 | eta: 59.5m
step 00025/02205 (1.13%) [ns2_ftrl_eta0p2] | loss: 6.386838 | lrm: 1.00 | dt: 1657.41ms | tok/s: 316,330 | mfu: 36.11 | epoch: 1 | eta: 59.5m
step 00026/02205 (1.18%) [ns2_ftrl_eta0p2] | loss: 6.344547 | lrm: 1.00 | dt: 1654.11ms | tok/s: 316,960 | mfu: 36.18 | epoch: 1 | eta: 59.6m
step 00027/02205 (1.22%) [ns2_ftrl_eta0p2] | loss: 6.317630 | lrm: 1.00 | dt: 1654.30ms | tok/s: 316,923 | mfu: 36.18 | epoch: 1 | eta: 59.6m
step 00028/02205 (1.27%) [ns2_ftrl_eta0p2] | loss: 6.283931 | lrm: 1.00 | dt: 1656.13ms | tok/s: 316,573 | mfu: 36.14 | epoch: 1 | eta: 59.6m
step 00029/02205 (1.32%) [ns2_ftrl_eta0p2] | loss: 6.248990 | lrm: 1.00 | dt: 1662.74ms | tok/s: 315,316 | mfu: 35.99 | epoch: 1 | eta: 59.6m
step 00030/02205 (1.36%) [ns2_ftrl_eta0p2] | loss: 6.215776 | lrm: 1.00 | dt: 1667.87ms | tok/s: 314,345 | mfu: 35.88 | epoch: 1 | eta: 59.6m
step 00031/02205 (1.41%) [ns2_ftrl_eta0p2] | loss: 6.183693 | lrm: 1.00 | dt: 1662.12ms | tok/s: 315,434 | mfu: 36.01 | epoch: 1 | eta: 59.6m
step 00032/02205 (1.45%) [ns2_ftrl_eta0p2] | loss: 6.154859 | lrm: 1.00 | dt: 1661.59ms | tok/s: 315,533 | mfu: 36.02 | epoch: 1 | eta: 59.6m
step 00033/02205 (1.50%) [ns2_ftrl_eta0p2] | loss: 6.127393 | lrm: 1.00 | dt: 1674.59ms | tok/s: 313,084 | mfu: 35.74 | epoch: 1 | eta: 59.6m
step 00034/02205 (1.54%) [ns2_ftrl_eta0p2] | loss: 6.098425 | lrm: 1.00 | dt: 1667.22ms | tok/s: 314,468 | mfu: 35.90 | epoch: 1 | eta: 59.6m
step 00035/02205 (1.59%) [ns2_ftrl_eta0p2] | loss: 6.076938 | lrm: 1.00 | dt: 1671.55ms | tok/s: 313,654 | mfu: 35.80 | epoch: 1 | eta: 59.6m
step 00036/02205 (1.63%) [ns2_ftrl_eta0p2] | loss: 6.047917 | lrm: 1.00 | dt: 1662.73ms | tok/s: 315,316 | mfu: 35.99 | epoch: 1 | eta: 59.6m
step 00037/02205 (1.68%) [ns2_ftrl_eta0p2] | loss: 6.022878 | lrm: 1.00 | dt: 1673.00ms | tok/s: 313,382 | mfu: 35.77 | epoch: 1 | eta: 59.6m
step 00038/02205 (1.72%) [ns2_ftrl_eta0p2] | loss: 5.996622 | lrm: 1.00 | dt: 1670.84ms | tok/s: 313,786 | mfu: 35.82 | epoch: 1 | eta: 59.6m
step 00039/02205 (1.77%) [ns2_ftrl_eta0p2] | loss: 5.977183 | lrm: 1.00 | dt: 1672.43ms | tok/s: 313,487 | mfu: 35.79 | epoch: 1 | eta: 59.6m
step 00040/02205 (1.81%) [ns2_ftrl_eta0p2] | loss: 5.944917 | lrm: 1.00 | dt: 1668.55ms | tok/s: 314,217 | mfu: 35.87 | epoch: 1 | eta: 59.6m
step 00041/02205 (1.86%) [ns2_ftrl_eta0p2] | loss: 5.912765 | lrm: 1.00 | dt: 1674.10ms | tok/s: 313,175 | mfu: 35.75 | epoch: 1 | eta: 59.6m
step 00042/02205 (1.90%) [ns2_ftrl_eta0p2] | loss: 5.887683 | lrm: 1.00 | dt: 1686.00ms | tok/s: 310,965 | mfu: 35.50 | epoch: 1 | eta: 59.6m
step 00043/02205 (1.95%) [ns2_ftrl_eta0p2] | loss: 5.866133 | lrm: 1.00 | dt: 1672.47ms | tok/s: 313,482 | mfu: 35.78 | epoch: 1 | eta: 59.6m
step 00044/02205 (2.00%) [ns2_ftrl_eta0p2] | loss: 5.848072 | lrm: 1.00 | dt: 1679.68ms | tok/s: 312,135 | mfu: 35.63 | epoch: 1 | eta: 59.6m
step 00045/02205 (2.04%) [ns2_ftrl_eta0p2] | loss: 5.822349 | lrm: 1.00 | dt: 1688.57ms | tok/s: 310,492 | mfu: 35.44 | epoch: 1 | eta: 59.6m
step 00046/02205 (2.09%) [ns2_ftrl_eta0p2] | loss: 5.791073 | lrm: 1.00 | dt: 1684.90ms | tok/s: 311,169 | mfu: 35.52 | epoch: 1 | eta: 59.6m
step 00047/02205 (2.13%) [ns2_ftrl_eta0p2] | loss: 5.768876 | lrm: 1.00 | dt: 1676.40ms | tok/s: 312,746 | mfu: 35.70 | epoch: 1 | eta: 59.6m
step 00048/02205 (2.18%) [ns2_ftrl_eta0p2] | loss: 5.748353 | lrm: 1.00 | dt: 1675.94ms | tok/s: 312,831 | mfu: 35.71 | epoch: 1 | eta: 59.6m
step 00049/02205 (2.22%) [ns2_ftrl_eta0p2] | loss: 5.727312 | lrm: 1.00 | dt: 1679.41ms | tok/s: 312,185 | mfu: 35.64 | epoch: 1 | eta: 59.6m
step 00050/02205 (2.27%) [ns2_ftrl_eta0p2] | loss: 5.704841 | lrm: 1.00 | dt: 1687.59ms | tok/s: 310,671 | mfu: 35.46 | epoch: 1 | eta: 59.6m
step 00051/02205 (2.31%) [ns2_ftrl_eta0p2] | loss: 5.676166 | lrm: 1.00 | dt: 1680.41ms | tok/s: 312,000 | mfu: 35.62 | epoch: 1 | eta: 59.6m
step 00052/02205 (2.36%) [ns2_ftrl_eta0p2] | loss: 5.650111 | lrm: 1.00 | dt: 1680.63ms | tok/s: 311,958 | mfu: 35.61 | epoch: 1 | eta: 59.6m
step 00053/02205 (2.40%) [ns2_ftrl_eta0p2] | loss: 5.632158 | lrm: 1.00 | dt: 1682.64ms | tok/s: 311,586 | mfu: 35.57 | epoch: 1 | eta: 59.6m
step 00054/02205 (2.45%) [ns2_ftrl_eta0p2] | loss: 5.621005 | lrm: 1.00 | dt: 1690.85ms | tok/s: 310,073 | mfu: 35.40 | epoch: 1 | eta: 59.6m
step 00055/02205 (2.49%) [ns2_ftrl_eta0p2] | loss: 5.604077 | lrm: 1.00 | dt: 1689.47ms | tok/s: 310,326 | mfu: 35.42 | epoch: 1 | eta: 59.6m
step 00056/02205 (2.54%) [ns2_ftrl_eta0p2] | loss: 5.589420 | lrm: 1.00 | dt: 1682.99ms | tok/s: 311,521 | mfu: 35.56 | epoch: 1 | eta: 59.5m
step 00057/02205 (2.59%) [ns2_ftrl_eta0p2] | loss: 5.567488 | lrm: 1.00 | dt: 1680.77ms | tok/s: 311,933 | mfu: 35.61 | epoch: 1 | eta: 59.5m
step 00058/02205 (2.63%) [ns2_ftrl_eta0p2] | loss: 5.553675 | lrm: 1.00 | dt: 1682.75ms | tok/s: 311,565 | mfu: 35.57 | epoch: 1 | eta: 59.5m
step 00059/02205 (2.68%) [ns2_ftrl_eta0p2] | loss: 5.543473 | lrm: 1.00 | dt: 1685.79ms | tok/s: 311,004 | mfu: 35.50 | epoch: 1 | eta: 59.5m
step 00060/02205 (2.72%) [ns2_ftrl_eta0p2] | loss: 5.520092 | lrm: 1.00 | dt: 1690.52ms | tok/s: 310,134 | mfu: 35.40 | epoch: 1 | eta: 59.5m
step 00061/02205 (2.77%) [ns2_ftrl_eta0p2] | loss: 5.503032 | lrm: 1.00 | dt: 1691.94ms | tok/s: 309,874 | mfu: 35.37 | epoch: 1 | eta: 59.5m
step 00062/02205 (2.81%) [ns2_ftrl_eta0p2] | loss: 5.491463 | lrm: 1.00 | dt: 1691.84ms | tok/s: 309,892 | mfu: 35.37 | epoch: 1 | eta: 59.5m
step 00063/02205 (2.86%) [ns2_ftrl_eta0p2] | loss: 5.481066 | lrm: 1.00 | dt: 1688.33ms | tok/s: 310,535 | mfu: 35.45 | epoch: 1 | eta: 59.5m
step 00064/02205 (2.90%) [ns2_ftrl_eta0p2] | loss: 5.470614 | lrm: 1.00 | dt: 1693.77ms | tok/s: 309,538 | mfu: 35.33 | epoch: 1 | eta: 59.5m
step 00065/02205 (2.95%) [ns2_ftrl_eta0p2] | loss: 5.463503 | lrm: 1.00 | dt: 1689.56ms | tok/s: 310,309 | mfu: 35.42 | epoch: 1 | eta: 59.4m
step 00066/02205 (2.99%) [ns2_ftrl_eta0p2] | loss: 5.438020 | lrm: 1.00 | dt: 1693.04ms | tok/s: 309,672 | mfu: 35.35 | epoch: 1 | eta: 59.4m
step 00067/02205 (3.04%) [ns2_ftrl_eta0p2] | loss: 5.419030 | lrm: 1.00 | dt: 1695.71ms | tok/s: 309,184 | mfu: 35.29 | epoch: 1 | eta: 59.4m
step 00068/02205 (3.08%) [ns2_ftrl_eta0p2] | loss: 5.402766 | lrm: 1.00 | dt: 1691.66ms | tok/s: 309,925 | mfu: 35.38 | epoch: 1 | eta: 59.4m
step 00069/02205 (3.13%) [ns2_ftrl_eta0p2] | loss: 5.384305 | lrm: 1.00 | dt: 1694.54ms | tok/s: 309,397 | mfu: 35.32 | epoch: 1 | eta: 59.4m
step 00070/02205 (3.17%) [ns2_ftrl_eta0p2] | loss: 5.367599 | lrm: 1.00 | dt: 1692.02ms | tok/s: 309,858 | mfu: 35.37 | epoch: 1 | eta: 59.4m
step 00071/02205 (3.22%) [ns2_ftrl_eta0p2] | loss: 5.364422 | lrm: 1.00 | dt: 1692.39ms | tok/s: 309,792 | mfu: 35.36 | epoch: 1 | eta: 59.4m
step 00072/02205 (3.27%) [ns2_ftrl_eta0p2] | loss: 5.344543 | lrm: 1.00 | dt: 1692.39ms | tok/s: 309,791 | mfu: 35.36 | epoch: 1 | eta: 59.4m
step 00073/02205 (3.31%) [ns2_ftrl_eta0p2] | loss: 5.322444 | lrm: 1.00 | dt: 1696.24ms | tok/s: 309,088 | mfu: 35.28 | epoch: 1 | eta: 59.3m
step 00074/02205 (3.36%) [ns2_ftrl_eta0p2] | loss: 5.301459 | lrm: 1.00 | dt: 1702.00ms | tok/s: 308,043 | mfu: 35.16 | epoch: 1 | eta: 59.3m
step 00075/02205 (3.40%) [ns2_ftrl_eta0p2] | loss: 5.282844 | lrm: 1.00 | dt: 1695.10ms | tok/s: 309,297 | mfu: 35.31 | epoch: 1 | eta: 59.3m
step 00076/02205 (3.45%) [ns2_ftrl_eta0p2] | loss: 5.272096 | lrm: 1.00 | dt: 1693.54ms | tok/s: 309,580 | mfu: 35.34 | epoch: 1 | eta: 59.3m
step 00077/02205 (3.49%) [ns2_ftrl_eta0p2] | loss: 5.258315 | lrm: 1.00 | dt: 1695.96ms | tok/s: 309,138 | mfu: 35.29 | epoch: 1 | eta: 59.3m
step 00078/02205 (3.54%) [ns2_ftrl_eta0p2] | loss: 5.241396 | lrm: 1.00 | dt: 1697.56ms | tok/s: 308,848 | mfu: 35.26 | epoch: 1 | eta: 59.3m
step 00079/02205 (3.58%) [ns2_ftrl_eta0p2] | loss: 5.223029 | lrm: 1.00 | dt: 1702.36ms | tok/s: 307,976 | mfu: 35.16 | epoch: 1 | eta: 59.3m
step 00080/02205 (3.63%) [ns2_ftrl_eta0p2] | loss: 5.214341 | lrm: 1.00 | dt: 1699.37ms | tok/s: 308,519 | mfu: 35.22 | epoch: 1 | eta: 59.2m
step 00081/02205 (3.67%) [ns2_ftrl_eta0p2] | loss: 5.210235 | lrm: 1.00 | dt: 1704.86ms | tok/s: 307,525 | mfu: 35.10 | epoch: 1 | eta: 59.2m
step 00082/02205 (3.72%) [ns2_ftrl_eta0p2] | loss: 5.200697 | lrm: 1.00 | dt: 1702.48ms | tok/s: 307,955 | mfu: 35.15 | epoch: 1 | eta: 59.2m
step 00083/02205 (3.76%) [ns2_ftrl_eta0p2] | loss: 5.193774 | lrm: 1.00 | dt: 1700.43ms | tok/s: 308,327 | mfu: 35.20 | epoch: 1 | eta: 59.2m
step 00084/02205 (3.81%) [ns2_ftrl_eta0p2] | loss: 5.187601 | lrm: 1.00 | dt: 1702.55ms | tok/s: 307,943 | mfu: 35.15 | epoch: 1 | eta: 59.2m
step 00085/02205 (3.85%) [ns2_ftrl_eta0p2] | loss: 5.171208 | lrm: 1.00 | dt: 1702.91ms | tok/s: 307,877 | mfu: 35.14 | epoch: 1 | eta: 59.2m
step 00086/02205 (3.90%) [ns2_ftrl_eta0p2] | loss: 5.149905 | lrm: 1.00 | dt: 1699.95ms | tok/s: 308,412 | mfu: 35.21 | epoch: 1 | eta: 59.2m
step 00087/02205 (3.95%) [ns2_ftrl_eta0p2] | loss: 5.139034 | lrm: 1.00 | dt: 1706.41ms | tok/s: 307,246 | mfu: 35.07 | epoch: 1 | eta: 59.2m
step 00088/02205 (3.99%) [ns2_ftrl_eta0p2] | loss: 5.127272 | lrm: 1.00 | dt: 1699.58ms | tok/s: 308,481 | mfu: 35.21 | epoch: 1 | eta: 59.1m
step 00089/02205 (4.04%) [ns2_ftrl_eta0p2] | loss: 5.112118 | lrm: 1.00 | dt: 1703.60ms | tok/s: 307,753 | mfu: 35.13 | epoch: 1 | eta: 59.1m
step 00090/02205 (4.08%) [ns2_ftrl_eta0p2] | loss: 5.103454 | lrm: 1.00 | dt: 1703.65ms | tok/s: 307,743 | mfu: 35.13 | epoch: 1 | eta: 59.1m
step 00091/02205 (4.13%) [ns2_ftrl_eta0p2] | loss: 5.090370 | lrm: 1.00 | dt: 1702.81ms | tok/s: 307,895 | mfu: 35.15 | epoch: 1 | eta: 59.1m
step 00092/02205 (4.17%) [ns2_ftrl_eta0p2] | loss: 5.088886 | lrm: 1.00 | dt: 1707.33ms | tok/s: 307,079 | mfu: 35.05 | epoch: 1 | eta: 59.1m
step 00093/02205 (4.22%) [ns2_ftrl_eta0p2] | loss: 5.076722 | lrm: 1.00 | dt: 1704.90ms | tok/s: 307,519 | mfu: 35.10 | epoch: 1 | eta: 59.1m
step 00094/02205 (4.26%) [ns2_ftrl_eta0p2] | loss: 5.069200 | lrm: 1.00 | dt: 1707.16ms | tok/s: 307,111 | mfu: 35.06 | epoch: 1 | eta: 59.0m
step 00095/02205 (4.31%) [ns2_ftrl_eta0p2] | loss: 5.065267 | lrm: 1.00 | dt: 1702.55ms | tok/s: 307,943 | mfu: 35.15 | epoch: 1 | eta: 59.0m
step 00096/02205 (4.35%) [ns2_ftrl_eta0p2] | loss: 5.059219 | lrm: 1.00 | dt: 1706.72ms | tok/s: 307,190 | mfu: 35.07 | epoch: 1 | eta: 59.0m
step 00097/02205 (4.40%) [ns2_ftrl_eta0p2] | loss: 5.042407 | lrm: 1.00 | dt: 1707.32ms | tok/s: 307,082 | mfu: 35.05 | epoch: 1 | eta: 59.0m
step 00098/02205 (4.44%) [ns2_ftrl_eta0p2] | loss: 5.028852 | lrm: 1.00 | dt: 1701.40ms | tok/s: 308,151 | mfu: 35.18 | epoch: 1 | eta: 59.0m
step 00099/02205 (4.49%) [ns2_ftrl_eta0p2] | loss: 5.011630 | lrm: 1.00 | dt: 1708.88ms | tok/s: 306,802 | mfu: 35.02 | epoch: 1 | eta: 59.0m
step 00100/02205 (4.54%) [ns2_ftrl_eta0p2] | loss: 5.008003 | lrm: 1.00 | dt: 1706.72ms | tok/s: 307,189 | mfu: 35.07 | epoch: 1 | eta: 58.9m
step 00101/02205 (4.58%) [ns2_ftrl_eta0p2] | loss: 4.997604 | lrm: 1.00 | dt: 1699.75ms | tok/s: 308,450 | mfu: 35.21 | epoch: 1 | eta: 58.9m
step 00102/02205 (4.63%) [ns2_ftrl_eta0p2] | loss: 4.982848 | lrm: 1.00 | dt: 1707.34ms | tok/s: 307,078 | mfu: 35.05 | epoch: 1 | eta: 58.9m
step 00103/02205 (4.67%) [ns2_ftrl_eta0p2] | loss: 4.972548 | lrm: 1.00 | dt: 1707.52ms | tok/s: 307,046 | mfu: 35.05 | epoch: 1 | eta: 58.9m
step 00104/02205 (4.72%) [ns2_ftrl_eta0p2] | loss: 4.964584 | lrm: 1.00 | dt: 1705.52ms | tok/s: 307,407 | mfu: 35.09 | epoch: 1 | eta: 58.9m
step 00105/02205 (4.76%) [ns2_ftrl_eta0p2] | loss: 4.961091 | lrm: 1.00 | dt: 1712.29ms | tok/s: 306,190 | mfu: 34.95 | epoch: 1 | eta: 58.8m
step 00106/02205 (4.81%) [ns2_ftrl_eta0p2] | loss: 4.949820 | lrm: 1.00 | dt: 1707.79ms | tok/s: 306,998 | mfu: 35.04 | epoch: 1 | eta: 58.8m
step 00107/02205 (4.85%) [ns2_ftrl_eta0p2] | loss: 4.942905 | lrm: 1.00 | dt: 1705.88ms | tok/s: 307,342 | mfu: 35.08 | epoch: 1 | eta: 58.8m
step 00108/02205 (4.90%) [ns2_ftrl_eta0p2] | loss: 4.932209 | lrm: 1.00 | dt: 1704.11ms | tok/s: 307,661 | mfu: 35.12 | epoch: 1 | eta: 58.8m
step 00109/02205 (4.94%) [ns2_ftrl_eta0p2] | loss: 4.920563 | lrm: 1.00 | dt: 1710.53ms | tok/s: 306,506 | mfu: 34.99 | epoch: 1 | eta: 58.8m
step 00110/02205 (4.99%) [ns2_ftrl_eta0p2] | loss: 4.916292 | lrm: 1.00 | dt: 1714.63ms | tok/s: 305,773 | mfu: 34.90 | epoch: 1 | eta: 58.8m
step 00111/02205 (5.03%) [ns2_ftrl_eta0p2] | loss: 4.903850 | lrm: 1.00 | dt: 1705.69ms | tok/s: 307,375 | mfu: 35.09 | epoch: 1 | eta: 58.7m
step 00112/02205 (5.08%) [ns2_ftrl_eta0p2] | loss: 4.895747 | lrm: 1.00 | dt: 1712.69ms | tok/s: 306,120 | mfu: 34.94 | epoch: 1 | eta: 58.7m
step 00113/02205 (5.12%) [ns2_ftrl_eta0p2] | loss: 4.884539 | lrm: 1.00 | dt: 1708.36ms | tok/s: 306,896 | mfu: 35.03 | epoch: 1 | eta: 58.7m
step 00114/02205 (5.17%) [ns2_ftrl_eta0p2] | loss: 4.870401 | lrm: 1.00 | dt: 1710.61ms | tok/s: 306,491 | mfu: 34.99 | epoch: 1 | eta: 58.7m
step 00115/02205 (5.22%) [ns2_ftrl_eta0p2] | loss: 4.867869 | lrm: 1.00 | dt: 1709.95ms | tok/s: 306,610 | mfu: 35.00 | epoch: 1 | eta: 58.7m
step 00116/02205 (5.26%) [ns2_ftrl_eta0p2] | loss: 4.856822 | lrm: 1.00 | dt: 1716.68ms | tok/s: 305,407 | mfu: 34.86 | epoch: 1 | eta: 58.6m
step 00117/02205 (5.31%) [ns2_ftrl_eta0p2] | loss: 4.836856 | lrm: 1.00 | dt: 1707.20ms | tok/s: 307,103 | mfu: 35.06 | epoch: 1 | eta: 58.6m
step 00118/02205 (5.35%) [ns2_ftrl_eta0p2] | loss: 4.828588 | lrm: 1.00 | dt: 1708.66ms | tok/s: 306,840 | mfu: 35.03 | epoch: 1 | eta: 58.6m
step 00119/02205 (5.40%) [ns2_ftrl_eta0p2] | loss: 4.818960 | lrm: 1.00 | dt: 1706.57ms | tok/s: 307,217 | mfu: 35.07 | epoch: 1 | eta: 58.6m
step 00120/02205 (5.44%) [ns2_ftrl_eta0p2] | loss: 4.809517 | lrm: 1.00 | dt: 1708.85ms | tok/s: 306,807 | mfu: 35.02 | epoch: 1 | eta: 58.6m
step 00121/02205 (5.49%) [ns2_ftrl_eta0p2] | loss: 4.797806 | lrm: 1.00 | dt: 1721.23ms | tok/s: 304,599 | mfu: 34.77 | epoch: 1 | eta: 58.5m
step 00122/02205 (5.53%) [ns2_ftrl_eta0p2] | loss: 4.783866 | lrm: 1.00 | dt: 1706.89ms | tok/s: 307,159 | mfu: 35.06 | epoch: 1 | eta: 58.5m
step 00123/02205 (5.58%) [ns2_ftrl_eta0p2] | loss: 4.782503 | lrm: 1.00 | dt: 1713.65ms | tok/s: 305,948 | mfu: 34.92 | epoch: 1 | eta: 58.5m
step 00124/02205 (5.62%) [ns2_ftrl_eta0p2] | loss: 4.779049 | lrm: 1.00 | dt: 1706.85ms | tok/s: 307,166 | mfu: 35.06 | epoch: 1 | eta: 58.5m
step 00125/02205 (5.67%) [ns2_ftrl_eta0p2] | loss: 4.772275 | lrm: 1.00 | dt: 1712.52ms | tok/s: 306,150 | mfu: 34.95 | epoch: 1 | eta: 58.5m
step 00126/02205 (5.71%) [ns2_ftrl_eta0p2] | loss: 4.759714 | lrm: 1.00 | dt: 1713.37ms | tok/s: 305,997 | mfu: 34.93 | epoch: 1 | eta: 58.4m
step 00127/02205 (5.76%) [ns2_ftrl_eta0p2] | loss: 4.752255 | lrm: 1.00 | dt: 1714.67ms | tok/s: 305,765 | mfu: 34.90 | epoch: 1 | eta: 58.4m
step 00128/02205 (5.80%) [ns2_ftrl_eta0p2] | loss: 4.764318 | lrm: 1.00 | dt: 1716.02ms | tok/s: 305,525 | mfu: 34.88 | epoch: 1 | eta: 58.4m
step 00129/02205 (5.85%) [ns2_ftrl_eta0p2] | loss: 4.756013 | lrm: 1.00 | dt: 1709.21ms | tok/s: 306,743 | mfu: 35.02 | epoch: 1 | eta: 58.4m
step 00130/02205 (5.90%) [ns2_ftrl_eta0p2] | loss: 4.754557 | lrm: 1.00 | dt: 1716.49ms | tok/s: 305,441 | mfu: 34.87 | epoch: 1 | eta: 58.4m
step 00131/02205 (5.94%) [ns2_ftrl_eta0p2] | loss: 4.746331 | lrm: 1.00 | dt: 1715.68ms | tok/s: 305,586 | mfu: 34.88 | epoch: 1 | eta: 58.3m
step 00132/02205 (5.99%) [ns2_ftrl_eta0p2] | loss: 4.742846 | lrm: 1.00 | dt: 1707.73ms | tok/s: 307,009 | mfu: 35.05 | epoch: 1 | eta: 58.3m
step 00133/02205 (6.03%) [ns2_ftrl_eta0p2] | loss: 4.744244 | lrm: 1.00 | dt: 1716.23ms | tok/s: 305,488 | mfu: 34.87 | epoch: 1 | eta: 58.3m
step 00134/02205 (6.08%) [ns2_ftrl_eta0p2] | loss: 4.723858 | lrm: 1.00 | dt: 1707.89ms | tok/s: 306,980 | mfu: 35.04 | epoch: 1 | eta: 58.3m
step 00135/02205 (6.12%) [ns2_ftrl_eta0p2] | loss: 4.711261 | lrm: 1.00 | dt: 1715.10ms | tok/s: 305,689 | mfu: 34.89 | epoch: 1 | eta: 58.3m
step 00136/02205 (6.17%) [ns2_ftrl_eta0p2] | loss: 4.700031 | lrm: 1.00 | dt: 1713.84ms | tok/s: 305,913 | mfu: 34.92 | epoch: 1 | eta: 58.2m
step 00137/02205 (6.21%) [ns2_ftrl_eta0p2] | loss: 4.687317 | lrm: 1.00 | dt: 1714.19ms | tok/s: 305,851 | mfu: 34.91 | epoch: 1 | eta: 58.2m
step 00138/02205 (6.26%) [ns2_ftrl_eta0p2] | loss: 4.679545 | lrm: 1.00 | dt: 1714.06ms | tok/s: 305,875 | mfu: 34.92 | epoch: 1 | eta: 58.2m
step 00139/02205 (6.30%) [ns2_ftrl_eta0p2] | loss: 4.681238 | lrm: 1.00 | dt: 1716.13ms | tok/s: 305,506 | mfu: 34.87 | epoch: 1 | eta: 58.2m
step 00140/02205 (6.35%) [ns2_ftrl_eta0p2] | loss: 4.663364 | lrm: 1.00 | dt: 1709.99ms | tok/s: 306,603 | mfu: 35.00 | epoch: 1 | eta: 58.1m
step 00141/02205 (6.39%) [ns2_ftrl_eta0p2] | loss: 4.649218 | lrm: 1.00 | dt: 1719.77ms | tok/s: 304,859 | mfu: 34.80 | epoch: 1 | eta: 58.1m
step 00142/02205 (6.44%) [ns2_ftrl_eta0p2] | loss: 4.653141 | lrm: 1.00 | dt: 1714.06ms | tok/s: 305,875 | mfu: 34.92 | epoch: 1 | eta: 58.1m
step 00143/02205 (6.49%) [ns2_ftrl_eta0p2] | loss: 4.658378 | lrm: 1.00 | dt: 1714.29ms | tok/s: 305,833 | mfu: 34.91 | epoch: 1 | eta: 58.1m
step 00144/02205 (6.53%) [ns2_ftrl_eta0p2] | loss: 4.645396 | lrm: 1.00 | dt: 1713.60ms | tok/s: 305,956 | mfu: 34.93 | epoch: 1 | eta: 58.1m
step 00145/02205 (6.58%) [ns2_ftrl_eta0p2] | loss: 4.636196 | lrm: 1.00 | dt: 1716.76ms | tok/s: 305,393 | mfu: 34.86 | epoch: 1 | eta: 58.0m
step 00146/02205 (6.62%) [ns2_ftrl_eta0p2] | loss: 4.620481 | lrm: 1.00 | dt: 1713.43ms | tok/s: 305,987 | mfu: 34.93 | epoch: 1 | eta: 58.0m
step 00147/02205 (6.67%) [ns2_ftrl_eta0p2] | loss: 4.613290 | lrm: 1.00 | dt: 1716.43ms | tok/s: 305,452 | mfu: 34.87 | epoch: 1 | eta: 58.0m
step 00148/02205 (6.71%) [ns2_ftrl_eta0p2] | loss: 4.599167 | lrm: 1.00 | dt: 1713.95ms | tok/s: 305,895 | mfu: 34.92 | epoch: 1 | eta: 58.0m
step 00149/02205 (6.76%) [ns2_ftrl_eta0p2] | loss: 4.582491 | lrm: 1.00 | dt: 1720.29ms | tok/s: 304,766 | mfu: 34.79 | epoch: 1 | eta: 57.9m
step 00150/02205 (6.80%) [ns2_ftrl_eta0p2] | loss: 4.566301 | lrm: 1.00 | dt: 1708.19ms | tok/s: 306,925 | mfu: 35.04 | epoch: 1 | eta: 57.9m
step 00151/02205 (6.85%) [ns2_ftrl_eta0p2] | loss: 4.555023 | lrm: 1.00 | dt: 1713.10ms | tok/s: 306,046 | mfu: 34.94 | epoch: 1 | eta: 57.9m
step 00152/02205 (6.89%) [ns2_ftrl_eta0p2] | loss: 4.544853 | lrm: 1.00 | dt: 1714.45ms | tok/s: 305,805 | mfu: 34.91 | epoch: 1 | eta: 57.9m
step 00153/02205 (6.94%) [ns2_ftrl_eta0p2] | loss: 4.546521 | lrm: 1.00 | dt: 1706.37ms | tok/s: 307,252 | mfu: 35.07 | epoch: 1 | eta: 57.9m
step 00154/02205 (6.98%) [ns2_ftrl_eta0p2] | loss: 4.529936 | lrm: 1.00 | dt: 1713.94ms | tok/s: 305,896 | mfu: 34.92 | epoch: 1 | eta: 57.8m
step 00155/02205 (7.03%) [ns2_ftrl_eta0p2] | loss: 4.514897 | lrm: 1.00 | dt: 1708.26ms | tok/s: 306,913 | mfu: 35.03 | epoch: 1 | eta: 57.8m
step 00156/02205 (7.07%) [ns2_ftrl_eta0p2] | loss: 4.503042 | lrm: 1.00 | dt: 1723.18ms | tok/s: 304,256 | mfu: 34.73 | epoch: 1 | eta: 57.8m
step 00157/02205 (7.12%) [ns2_ftrl_eta0p2] | loss: 4.503433 | lrm: 1.00 | dt: 1707.93ms | tok/s: 306,971 | mfu: 35.04 | epoch: 1 | eta: 57.8m
step 00158/02205 (7.17%) [ns2_ftrl_eta0p2] | loss: 4.493471 | lrm: 1.00 | dt: 1720.85ms | tok/s: 304,668 | mfu: 34.78 | epoch: 1 | eta: 57.7m
step 00159/02205 (7.21%) [ns2_ftrl_eta0p2] | loss: 4.491906 | lrm: 1.00 | dt: 1708.95ms | tok/s: 306,789 | mfu: 35.02 | epoch: 1 | eta: 57.7m
step 00160/02205 (7.26%) [ns2_ftrl_eta0p2] | loss: 4.483284 | lrm: 1.00 | dt: 1720.63ms | tok/s: 304,706 | mfu: 34.78 | epoch: 1 | eta: 57.7m
step 00161/02205 (7.30%) [ns2_ftrl_eta0p2] | loss: 4.469079 | lrm: 1.00 | dt: 1712.37ms | tok/s: 306,177 | mfu: 34.95 | epoch: 1 | eta: 57.7m
step 00162/02205 (7.35%) [ns2_ftrl_eta0p2] | loss: 4.476139 | lrm: 1.00 | dt: 1714.60ms | tok/s: 305,778 | mfu: 34.90 | epoch: 1 | eta: 57.6m
step 00163/02205 (7.39%) [ns2_ftrl_eta0p2] | loss: 4.470705 | lrm: 1.00 | dt: 1717.19ms | tok/s: 305,316 | mfu: 34.85 | epoch: 1 | eta: 57.6m
step 00164/02205 (7.44%) [ns2_ftrl_eta0p2] | loss: 4.456134 | lrm: 1.00 | dt: 1716.20ms | tok/s: 305,494 | mfu: 34.87 | epoch: 1 | eta: 57.6m
step 00165/02205 (7.48%) [ns2_ftrl_eta0p2] | loss: 4.450770 | lrm: 1.00 | dt: 1714.35ms | tok/s: 305,823 | mfu: 34.91 | epoch: 1 | eta: 57.6m
step 00166/02205 (7.53%) [ns2_ftrl_eta0p2] | loss: 4.437887 | lrm: 1.00 | dt: 1716.80ms | tok/s: 305,386 | mfu: 34.86 | epoch: 1 | eta: 57.6m
step 00167/02205 (7.57%) [ns2_ftrl_eta0p2] | loss: 4.436079 | lrm: 1.00 | dt: 1715.13ms | tok/s: 305,683 | mfu: 34.89 | epoch: 1 | eta: 57.5m
step 00168/02205 (7.62%) [ns2_ftrl_eta0p2] | loss: 4.424268 | lrm: 1.00 | dt: 1718.74ms | tok/s: 305,041 | mfu: 34.82 | epoch: 1 | eta: 57.5m
step 00169/02205 (7.66%) [ns2_ftrl_eta0p2] | loss: 4.422247 | lrm: 1.00 | dt: 1717.77ms | tok/s: 305,214 | mfu: 34.84 | epoch: 1 | eta: 57.5m
step 00170/02205 (7.71%) [ns2_ftrl_eta0p2] | loss: 4.426151 | lrm: 1.00 | dt: 1719.25ms | tok/s: 304,950 | mfu: 34.81 | epoch: 1 | eta: 57.5m
step 00171/02205 (7.76%) [ns2_ftrl_eta0p2] | loss: 4.421227 | lrm: 1.00 | dt: 1713.43ms | tok/s: 305,987 | mfu: 34.93 | epoch: 1 | eta: 57.4m
step 00172/02205 (7.80%) [ns2_ftrl_eta0p2] | loss: 4.415749 | lrm: 1.00 | dt: 1713.34ms | tok/s: 306,003 | mfu: 34.93 | epoch: 1 | eta: 57.4m
step 00173/02205 (7.85%) [ns2_ftrl_eta0p2] | loss: 4.418376 | lrm: 1.00 | dt: 1717.87ms | tok/s: 305,196 | mfu: 34.84 | epoch: 1 | eta: 57.4m
step 00174/02205 (7.89%) [ns2_ftrl_eta0p2] | loss: 4.409727 | lrm: 1.00 | dt: 1718.45ms | tok/s: 305,092 | mfu: 34.83 | epoch: 1 | eta: 57.4m
step 00175/02205 (7.94%) [ns2_ftrl_eta0p2] | loss: 4.395833 | lrm: 1.00 | dt: 1717.88ms | tok/s: 305,195 | mfu: 34.84 | epoch: 1 | eta: 57.3m
step 00176/02205 (7.98%) [ns2_ftrl_eta0p2] | loss: 4.391729 | lrm: 1.00 | dt: 1720.44ms | tok/s: 304,740 | mfu: 34.79 | epoch: 1 | eta: 57.3m
step 00177/02205 (8.03%) [ns2_ftrl_eta0p2] | loss: 4.390587 | lrm: 1.00 | dt: 1716.83ms | tok/s: 305,380 | mfu: 34.86 | epoch: 1 | eta: 57.3m
step 00178/02205 (8.07%) [ns2_ftrl_eta0p2] | loss: 4.390963 | lrm: 1.00 | dt: 1718.63ms | tok/s: 305,061 | mfu: 34.82 | epoch: 1 | eta: 57.3m
step 00179/02205 (8.12%) [ns2_ftrl_eta0p2] | loss: 4.381808 | lrm: 1.00 | dt: 1719.92ms | tok/s: 304,832 | mfu: 34.80 | epoch: 1 | eta: 57.2m
step 00180/02205 (8.16%) [ns2_ftrl_eta0p2] | loss: 4.371078 | lrm: 1.00 | dt: 1721.14ms | tok/s: 304,616 | mfu: 34.77 | epoch: 1 | eta: 57.2m
step 00181/02205 (8.21%) [ns2_ftrl_eta0p2] | loss: 4.363795 | lrm: 1.00 | dt: 1717.74ms | tok/s: 305,220 | mfu: 34.84 | epoch: 1 | eta: 57.2m
step 00182/02205 (8.25%) [ns2_ftrl_eta0p2] | loss: 4.360088 | lrm: 1.00 | dt: 1714.64ms | tok/s: 305,771 | mfu: 34.90 | epoch: 1 | eta: 57.2m
step 00183/02205 (8.30%) [ns2_ftrl_eta0p2] | loss: 4.355607 | lrm: 1.00 | dt: 1720.07ms | tok/s: 304,805 | mfu: 34.79 | epoch: 1 | eta: 57.2m
step 00184/02205 (8.34%) [ns2_ftrl_eta0p2] | loss: 4.356396 | lrm: 1.00 | dt: 1720.10ms | tok/s: 304,800 | mfu: 34.79 | epoch: 1 | eta: 57.1m
step 00185/02205 (8.39%) [ns2_ftrl_eta0p2] | loss: 4.353185 | lrm: 1.00 | dt: 1714.67ms | tok/s: 305,765 | mfu: 34.90 | epoch: 1 | eta: 57.1m
step 00186/02205 (8.44%) [ns2_ftrl_eta0p2] | loss: 4.352960 | lrm: 1.00 | dt: 1722.82ms | tok/s: 304,318 | mfu: 34.74 | epoch: 1 | eta: 57.1m
step 00187/02205 (8.48%) [ns2_ftrl_eta0p2] | loss: 4.360257 | lrm: 1.00 | dt: 1711.08ms | tok/s: 306,408 | mfu: 34.98 | epoch: 1 | eta: 57.1m
step 00188/02205 (8.53%) [ns2_ftrl_eta0p2] | loss: 4.356765 | lrm: 1.00 | dt: 1720.91ms | tok/s: 304,658 | mfu: 34.78 | epoch: 1 | eta: 57.0m
step 00189/02205 (8.57%) [ns2_ftrl_eta0p2] | loss: 4.342696 | lrm: 1.00 | dt: 1718.30ms | tok/s: 305,120 | mfu: 34.83 | epoch: 1 | eta: 57.0m
step 00190/02205 (8.62%) [ns2_ftrl_eta0p2] | loss: 4.339803 | lrm: 1.00 | dt: 1728.81ms | tok/s: 303,264 | mfu: 34.62 | epoch: 1 | eta: 57.0m
step 00191/02205 (8.66%) [ns2_ftrl_eta0p2] | loss: 4.336843 | lrm: 1.00 | dt: 1724.45ms | tok/s: 304,031 | mfu: 34.71 | epoch: 1 | eta: 57.0m
step 00192/02205 (8.71%) [ns2_ftrl_eta0p2] | loss: 4.329583 | lrm: 1.00 | dt: 1717.43ms | tok/s: 305,274 | mfu: 34.85 | epoch: 1 | eta: 56.9m
step 00193/02205 (8.75%) [ns2_ftrl_eta0p2] | loss: 4.322611 | lrm: 1.00 | dt: 1725.11ms | tok/s: 303,915 | mfu: 34.69 | epoch: 1 | eta: 56.9m
step 00194/02205 (8.80%) [ns2_ftrl_eta0p2] | loss: 4.308492 | lrm: 1.00 | dt: 1714.67ms | tok/s: 305,766 | mfu: 34.90 | epoch: 1 | eta: 56.9m
step 00195/02205 (8.84%) [ns2_ftrl_eta0p2] | loss: 4.306816 | lrm: 1.00 | dt: 1720.56ms | tok/s: 304,719 | mfu: 34.78 | epoch: 1 | eta: 56.9m
step 00196/02205 (8.89%) [ns2_ftrl_eta0p2] | loss: 4.297784 | lrm: 1.00 | dt: 1716.57ms | tok/s: 305,427 | mfu: 34.86 | epoch: 1 | eta: 56.8m
step 00197/02205 (8.93%) [ns2_ftrl_eta0p2] | loss: 4.290916 | lrm: 1.00 | dt: 1725.58ms | tok/s: 303,833 | mfu: 34.68 | epoch: 1 | eta: 56.8m
step 00198/02205 (8.98%) [ns2_ftrl_eta0p2] | loss: 4.284302 | lrm: 1.00 | dt: 1719.42ms | tok/s: 304,921 | mfu: 34.81 | epoch: 1 | eta: 56.8m
step 00199/02205 (9.02%) [ns2_ftrl_eta0p2] | loss: 4.265425 | lrm: 1.00 | dt: 1724.15ms | tok/s: 304,084 | mfu: 34.71 | epoch: 1 | eta: 56.8m
step 00200/02205 (9.07%) [ns2_ftrl_eta0p2] | loss: 4.255647 | lrm: 1.00 | dt: 1714.05ms | tok/s: 305,877 | mfu: 34.92 | epoch: 1 | eta: 56.7m
step 00201/02205 (9.12%) [ns2_ftrl_eta0p2] | loss: 4.238967 | lrm: 1.00 | dt: 1723.48ms | tok/s: 304,203 | mfu: 34.73 | epoch: 1 | eta: 56.7m
step 00202/02205 (9.16%) [ns2_ftrl_eta0p2] | loss: 4.250161 | lrm: 1.00 | dt: 1720.12ms | tok/s: 304,796 | mfu: 34.79 | epoch: 1 | eta: 56.7m
step 00203/02205 (9.21%) [ns2_ftrl_eta0p2] | loss: 4.247503 | lrm: 1.00 | dt: 1718.94ms | tok/s: 305,005 | mfu: 34.82 | epoch: 1 | eta: 56.7m
step 00204/02205 (9.25%) [ns2_ftrl_eta0p2] | loss: 4.234418 | lrm: 1.00 | dt: 1724.57ms | tok/s: 304,011 | mfu: 34.70 | epoch: 1 | eta: 56.6m
step 00205/02205 (9.30%) [ns2_ftrl_eta0p2] | loss: 4.230920 | lrm: 1.00 | dt: 1720.76ms | tok/s: 304,683 | mfu: 34.78 | epoch: 1 | eta: 56.6m
step 00206/02205 (9.34%) [ns2_ftrl_eta0p2] | loss: 4.235599 | lrm: 1.00 | dt: 1722.97ms | tok/s: 304,293 | mfu: 34.74 | epoch: 1 | eta: 56.6m
step 00207/02205 (9.39%) [ns2_ftrl_eta0p2] | loss: 4.227673 | lrm: 1.00 | dt: 1719.24ms | tok/s: 304,953 | mfu: 34.81 | epoch: 1 | eta: 56.6m
step 00208/02205 (9.43%) [ns2_ftrl_eta0p2] | loss: 4.215923 | lrm: 1.00 | dt: 1722.00ms | tok/s: 304,464 | mfu: 34.75 | epoch: 1 | eta: 56.6m
step 00209/02205 (9.48%) [ns2_ftrl_eta0p2] | loss: 4.224912 | lrm: 1.00 | dt: 1721.74ms | tok/s: 304,511 | mfu: 34.76 | epoch: 1 | eta: 56.5m
step 00210/02205 (9.52%) [ns2_ftrl_eta0p2] | loss: 4.218228 | lrm: 1.00 | dt: 1718.12ms | tok/s: 305,152 | mfu: 34.83 | epoch: 1 | eta: 56.5m
step 00211/02205 (9.57%) [ns2_ftrl_eta0p2] | loss: 4.212902 | lrm: 1.00 | dt: 1725.88ms | tok/s: 303,780 | mfu: 34.68 | epoch: 1 | eta: 56.5m
step 00212/02205 (9.61%) [ns2_ftrl_eta0p2] | loss: 4.207602 | lrm: 1.00 | dt: 1720.16ms | tok/s: 304,789 | mfu: 34.79 | epoch: 1 | eta: 56.5m
step 00213/02205 (9.66%) [ns2_ftrl_eta0p2] | loss: 4.204411 | lrm: 1.00 | dt: 1721.94ms | tok/s: 304,474 | mfu: 34.76 | epoch: 1 | eta: 56.4m
step 00214/02205 (9.71%) [ns2_ftrl_eta0p2] | loss: 4.200733 | lrm: 1.00 | dt: 1716.34ms | tok/s: 305,468 | mfu: 34.87 | epoch: 1 | eta: 56.4m
step 00215/02205 (9.75%) [ns2_ftrl_eta0p2] | loss: 4.197435 | lrm: 1.00 | dt: 1720.08ms | tok/s: 304,805 | mfu: 34.79 | epoch: 1 | eta: 56.4m
step 00216/02205 (9.80%) [ns2_ftrl_eta0p2] | loss: 4.187862 | lrm: 1.00 | dt: 1722.16ms | tok/s: 304,436 | mfu: 34.75 | epoch: 1 | eta: 56.4m
step 00217/02205 (9.84%) [ns2_ftrl_eta0p2] | loss: 4.179118 | lrm: 1.00 | dt: 1721.69ms | tok/s: 304,519 | mfu: 34.76 | epoch: 1 | eta: 56.3m
step 00218/02205 (9.89%) [ns2_ftrl_eta0p2] | loss: 4.165941 | lrm: 1.00 | dt: 1721.12ms | tok/s: 304,619 | mfu: 34.77 | epoch: 1 | eta: 56.3m
step 00219/02205 (9.93%) [ns2_ftrl_eta0p2] | loss: 4.160943 | lrm: 1.00 | dt: 1722.81ms | tok/s: 304,320 | mfu: 34.74 | epoch: 1 | eta: 56.3m
step 00220/02205 (9.98%) [ns2_ftrl_eta0p2] | loss: 4.156502 | lrm: 1.00 | dt: 1721.18ms | tok/s: 304,608 | mfu: 34.77 | epoch: 1 | eta: 56.3m
step 00221/02205 (10.02%) [ns2_ftrl_eta0p2] | loss: 4.149421 | lrm: 1.00 | dt: 1716.28ms | tok/s: 305,478 | mfu: 34.87 | epoch: 1 | eta: 56.2m
step 00222/02205 (10.07%) [ns2_ftrl_eta0p2] | loss: 4.150873 | lrm: 1.00 | dt: 1719.87ms | tok/s: 304,841 | mfu: 34.80 | epoch: 1 | eta: 56.2m
step 00223/02205 (10.11%) [ns2_ftrl_eta0p2] | loss: 4.140878 | lrm: 1.00 | dt: 1723.58ms | tok/s: 304,186 | mfu: 34.72 | epoch: 1 | eta: 56.2m
step 00224/02205 (10.16%) [ns2_ftrl_eta0p2] | loss: 4.137012 | lrm: 1.00 | dt: 1721.06ms | tok/s: 304,631 | mfu: 34.77 | epoch: 1 | eta: 56.2m
step 00225/02205 (10.20%) [ns2_ftrl_eta0p2] | loss: 4.130309 | lrm: 1.00 | dt: 1722.72ms | tok/s: 304,337 | mfu: 34.74 | epoch: 1 | eta: 56.1m
step 00226/02205 (10.25%) [ns2_ftrl_eta0p2] | loss: 4.132508 | lrm: 1.00 | dt: 1720.32ms | tok/s: 304,762 | mfu: 34.79 | epoch: 1 | eta: 56.1m
step 00227/02205 (10.29%) [ns2_ftrl_eta0p2] | loss: 4.130711 | lrm: 1.00 | dt: 1720.93ms | tok/s: 304,653 | mfu: 34.78 | epoch: 1 | eta: 56.1m
step 00228/02205 (10.34%) [ns2_ftrl_eta0p2] | loss: 4.121362 | lrm: 1.00 | dt: 1719.65ms | tok/s: 304,880 | mfu: 34.80 | epoch: 1 | eta: 56.0m
step 00229/02205 (10.39%) [ns2_ftrl_eta0p2] | loss: 4.109545 | lrm: 1.00 | dt: 1721.94ms | tok/s: 304,474 | mfu: 34.76 | epoch: 1 | eta: 56.0m
step 00230/02205 (10.43%) [ns2_ftrl_eta0p2] | loss: 4.113201 | lrm: 1.00 | dt: 1723.45ms | tok/s: 304,207 | mfu: 34.73 | epoch: 1 | eta: 56.0m
step 00231/02205 (10.48%) [ns2_ftrl_eta0p2] | loss: 4.124399 | lrm: 1.00 | dt: 1720.84ms | tok/s: 304,670 | mfu: 34.78 | epoch: 1 | eta: 56.0m
step 00232/02205 (10.52%) [ns2_ftrl_eta0p2] | loss: 4.122923 | lrm: 1.00 | dt: 1722.49ms | tok/s: 304,377 | mfu: 34.75 | epoch: 1 | eta: 55.9m
step 00233/02205 (10.57%) [ns2_ftrl_eta0p2] | loss: 4.112371 | lrm: 1.00 | dt: 1718.48ms | tok/s: 305,087 | mfu: 34.83 | epoch: 1 | eta: 55.9m
step 00234/02205 (10.61%) [ns2_ftrl_eta0p2] | loss: 4.114895 | lrm: 1.00 | dt: 1724.07ms | tok/s: 304,098 | mfu: 34.71 | epoch: 1 | eta: 55.9m
step 00235/02205 (10.66%) [ns2_ftrl_eta0p2] | loss: 4.123329 | lrm: 1.00 | dt: 1718.70ms | tok/s: 305,048 | mfu: 34.82 | epoch: 1 | eta: 55.9m
step 00236/02205 (10.70%) [ns2_ftrl_eta0p2] | loss: 4.123026 | lrm: 1.00 | dt: 1722.47ms | tok/s: 304,381 | mfu: 34.75 | epoch: 1 | eta: 55.8m
step 00237/02205 (10.75%) [ns2_ftrl_eta0p2] | loss: 4.107150 | lrm: 1.00 | dt: 1721.60ms | tok/s: 304,534 | mfu: 34.76 | epoch: 1 | eta: 55.8m
step 00238/02205 (10.79%) [ns2_ftrl_eta0p2] | loss: 4.097192 | lrm: 1.00 | dt: 1722.49ms | tok/s: 304,377 | mfu: 34.75 | epoch: 1 | eta: 55.8m
step 00239/02205 (10.84%) [ns2_ftrl_eta0p2] | loss: 4.089590 | lrm: 1.00 | dt: 1722.15ms | tok/s: 304,438 | mfu: 34.75 | epoch: 1 | eta: 55.8m
step 00240/02205 (10.88%) [ns2_ftrl_eta0p2] | loss: 4.094003 | lrm: 1.00 | dt: 1723.66ms | tok/s: 304,170 | mfu: 34.72 | epoch: 1 | eta: 55.7m
step 00241/02205 (10.93%) [ns2_ftrl_eta0p2] | loss: 4.083744 | lrm: 1.00 | dt: 1720.22ms | tok/s: 304,779 | mfu: 34.79 | epoch: 1 | eta: 55.7m
step 00242/02205 (10.98%) [ns2_ftrl_eta0p2] | loss: 4.084145 | lrm: 1.00 | dt: 1729.92ms | tok/s: 303,070 | mfu: 34.60 | epoch: 1 | eta: 55.7m
step 00243/02205 (11.02%) [ns2_ftrl_eta0p2] | loss: 4.083269 | lrm: 1.00 | dt: 1718.42ms | tok/s: 305,098 | mfu: 34.83 | epoch: 1 | eta: 55.7m
step 00244/02205 (11.07%) [ns2_ftrl_eta0p2] | loss: 4.077814 | lrm: 1.00 | dt: 1725.64ms | tok/s: 303,822 | mfu: 34.68 | epoch: 1 | eta: 55.6m
step 00245/02205 (11.11%) [ns2_ftrl_eta0p2] | loss: 4.074817 | lrm: 1.00 | dt: 1715.87ms | tok/s: 305,552 | mfu: 34.88 | epoch: 1 | eta: 55.6m
step 00246/02205 (11.16%) [ns2_ftrl_eta0p2] | loss: 4.065055 | lrm: 1.00 | dt: 1723.97ms | tok/s: 304,116 | mfu: 34.72 | epoch: 1 | eta: 55.6m
step 00247/02205 (11.20%) [ns2_ftrl_eta0p2] | loss: 4.055593 | lrm: 1.00 | dt: 1722.54ms | tok/s: 304,368 | mfu: 34.74 | epoch: 1 | eta: 55.6m
step 00248/02205 (11.25%) [ns2_ftrl_eta0p2] | loss: 4.043554 | lrm: 1.00 | dt: 1718.84ms | tok/s: 305,023 | mfu: 34.82 | epoch: 1 | eta: 55.5m
step 00249/02205 (11.29%) [ns2_ftrl_eta0p2] | loss: 4.041836 | lrm: 1.00 | dt: 1723.31ms | tok/s: 304,233 | mfu: 34.73 | epoch: 1 | eta: 55.5m
Step 00250 | val bpb: 1.179687
step 00250/02205 (11.34%) [ns2_ftrl_eta0p2] | loss: 4.034503 | lrm: 1.00 | dt: 1699.22ms | tok/s: 308,545 | mfu: 35.22 | epoch: 1 | eta: 55.5m
step 00251/02205 (11.38%) [ns2_ftrl_eta0p2] | loss: 4.036728 | lrm: 1.00 | dt: 1707.09ms | tok/s: 307,124 | mfu: 35.06 | epoch: 1 | eta: 55.5m
step 00252/02205 (11.43%) [ns2_ftrl_eta0p2] | loss: 4.039444 | lrm: 1.00 | dt: 1713.91ms | tok/s: 305,901 | mfu: 34.92 | epoch: 1 | eta: 55.4m
step 00253/02205 (11.47%) [ns2_ftrl_eta0p2] | loss: 4.042196 | lrm: 1.00 | dt: 1707.48ms | tok/s: 307,053 | mfu: 35.05 | epoch: 1 | eta: 55.4m
step 00254/02205 (11.52%) [ns2_ftrl_eta0p2] | loss: 4.045580 | lrm: 1.00 | dt: 1713.56ms | tok/s: 305,964 | mfu: 34.93 | epoch: 1 | eta: 55.4m
step 00255/02205 (11.56%) [ns2_ftrl_eta0p2] | loss: 4.039213 | lrm: 1.00 | dt: 1716.96ms | tok/s: 305,359 | mfu: 34.86 | epoch: 1 | eta: 55.3m
step 00256/02205 (11.61%) [ns2_ftrl_eta0p2] | loss: 4.044069 | lrm: 1.00 | dt: 1709.74ms | tok/s: 306,648 | mfu: 35.00 | epoch: 1 | eta: 55.3m
step 00257/02205 (11.66%) [ns2_ftrl_eta0p2] | loss: 4.037117 | lrm: 1.00 | dt: 1714.44ms | tok/s: 305,807 | mfu: 34.91 | epoch: 1 | eta: 55.3m
step 00258/02205 (11.70%) [ns2_ftrl_eta0p2] | loss: 4.033801 | lrm: 1.00 | dt: 1719.61ms | tok/s: 304,887 | mfu: 34.80 | epoch: 1 | eta: 55.3m
step 00259/02205 (11.75%) [ns2_ftrl_eta0p2] | loss: 4.024826 | lrm: 1.00 | dt: 1712.08ms | tok/s: 306,228 | mfu: 34.96 | epoch: 1 | eta: 55.2m
step 00260/02205 (11.79%) [ns2_ftrl_eta0p2] | loss: 4.027719 | lrm: 1.00 | dt: 1715.21ms | tok/s: 305,669 | mfu: 34.89 | epoch: 1 | eta: 55.2m
step 00261/02205 (11.84%) [ns2_ftrl_eta0p2] | loss: 4.021879 | lrm: 1.00 | dt: 1714.47ms | tok/s: 305,802 | mfu: 34.91 | epoch: 1 | eta: 55.2m
step 00262/02205 (11.88%) [ns2_ftrl_eta0p2] | loss: 4.013570 | lrm: 1.00 | dt: 1714.28ms | tok/s: 305,836 | mfu: 34.91 | epoch: 1 | eta: 55.2m
step 00263/02205 (11.93%) [ns2_ftrl_eta0p2] | loss: 4.015740 | lrm: 1.00 | dt: 1717.83ms | tok/s: 305,203 | mfu: 34.84 | epoch: 1 | eta: 55.1m
step 00264/02205 (11.97%) [ns2_ftrl_eta0p2] | loss: 4.013417 | lrm: 1.00 | dt: 1714.30ms | tok/s: 305,832 | mfu: 34.91 | epoch: 1 | eta: 55.1m
step 00265/02205 (12.02%) [ns2_ftrl_eta0p2] | loss: 4.001747 | lrm: 1.00 | dt: 1717.66ms | tok/s: 305,234 | mfu: 34.84 | epoch: 1 | eta: 55.1m
step 00266/02205 (12.06%) [ns2_ftrl_eta0p2] | loss: 3.992555 | lrm: 1.00 | dt: 1710.48ms | tok/s: 306,515 | mfu: 34.99 | epoch: 1 | eta: 55.1m
step 00267/02205 (12.11%) [ns2_ftrl_eta0p2] | loss: 3.969088 | lrm: 1.00 | dt: 1717.11ms | tok/s: 305,330 | mfu: 34.85 | epoch: 1 | eta: 55.0m
step 00268/02205 (12.15%) [ns2_ftrl_eta0p2] | loss: 3.971419 | lrm: 1.00 | dt: 1716.56ms | tok/s: 305,429 | mfu: 34.87 | epoch: 1 | eta: 55.0m
step 00269/02205 (12.20%) [ns2_ftrl_eta0p2] | loss: 3.967422 | lrm: 1.00 | dt: 1720.51ms | tok/s: 304,729 | mfu: 34.79 | epoch: 1 | eta: 55.0m
step 00270/02205 (12.24%) [ns2_ftrl_eta0p2] | loss: 3.964328 | lrm: 1.00 | dt: 1715.79ms | tok/s: 305,566 | mfu: 34.88 | epoch: 1 | eta: 54.9m
step 00271/02205 (12.29%) [ns2_ftrl_eta0p2] | loss: 3.967823 | lrm: 1.00 | dt: 1719.35ms | tok/s: 304,934 | mfu: 34.81 | epoch: 1 | eta: 54.9m
step 00272/02205 (12.34%) [ns2_ftrl_eta0p2] | loss: 3.964581 | lrm: 1.00 | dt: 1721.96ms | tok/s: 304,471 | mfu: 34.76 | epoch: 1 | eta: 54.9m
step 00273/02205 (12.38%) [ns2_ftrl_eta0p2] | loss: 3.964732 | lrm: 1.00 | dt: 1715.93ms | tok/s: 305,541 | mfu: 34.88 | epoch: 1 | eta: 54.9m
step 00274/02205 (12.43%) [ns2_ftrl_eta0p2] | loss: 3.965630 | lrm: 1.00 | dt: 1724.27ms | tok/s: 304,063 | mfu: 34.71 | epoch: 1 | eta: 54.8m
step 00275/02205 (12.47%) [ns2_ftrl_eta0p2] | loss: 3.966619 | lrm: 1.00 | dt: 1715.03ms | tok/s: 305,701 | mfu: 34.90 | epoch: 1 | eta: 54.8m
step 00276/02205 (12.52%) [ns2_ftrl_eta0p2] | loss: 3.966434 | lrm: 1.00 | dt: 1720.04ms | tok/s: 304,812 | mfu: 34.79 | epoch: 1 | eta: 54.8m
step 00277/02205 (12.56%) [ns2_ftrl_eta0p2] | loss: 3.965662 | lrm: 1.00 | dt: 1721.47ms | tok/s: 304,558 | mfu: 34.77 | epoch: 1 | eta: 54.8m
step 00278/02205 (12.61%) [ns2_ftrl_eta0p2] | loss: 3.964491 | lrm: 1.00 | dt: 1721.46ms | tok/s: 304,559 | mfu: 34.77 | epoch: 1 | eta: 54.7m
step 00279/02205 (12.65%) [ns2_ftrl_eta0p2] | loss: 3.958789 | lrm: 1.00 | dt: 1720.34ms | tok/s: 304,758 | mfu: 34.79 | epoch: 1 | eta: 54.7m
step 00280/02205 (12.70%) [ns2_ftrl_eta0p2] | loss: 3.974520 | lrm: 1.00 | dt: 1720.52ms | tok/s: 304,727 | mfu: 34.78 | epoch: 1 | eta: 54.7m
step 00281/02205 (12.74%) [ns2_ftrl_eta0p2] | loss: 3.985695 | lrm: 1.00 | dt: 1718.65ms | tok/s: 305,058 | mfu: 34.82 | epoch: 1 | eta: 54.7m
step 00282/02205 (12.79%) [ns2_ftrl_eta0p2] | loss: 3.996379 | lrm: 1.00 | dt: 1716.95ms | tok/s: 305,359 | mfu: 34.86 | epoch: 1 | eta: 54.6m
step 00283/02205 (12.83%) [ns2_ftrl_eta0p2] | loss: 4.001179 | lrm: 1.00 | dt: 1724.65ms | tok/s: 303,995 | mfu: 34.70 | epoch: 1 | eta: 54.6m
step 00284/02205 (12.88%) [ns2_ftrl_eta0p2] | loss: 3.993379 | lrm: 1.00 | dt: 1714.38ms | tok/s: 305,817 | mfu: 34.91 | epoch: 1 | eta: 54.6m
step 00285/02205 (12.93%) [ns2_ftrl_eta0p2] | loss: 3.988631 | lrm: 1.00 | dt: 1717.95ms | tok/s: 305,182 | mfu: 34.84 | epoch: 1 | eta: 54.5m
step 00286/02205 (12.97%) [ns2_ftrl_eta0p2] | loss: 3.985474 | lrm: 1.00 | dt: 1722.25ms | tok/s: 304,420 | mfu: 34.75 | epoch: 1 | eta: 54.5m
step 00287/02205 (13.02%) [ns2_ftrl_eta0p2] | loss: 3.974564 | lrm: 1.00 | dt: 1719.90ms | tok/s: 304,835 | mfu: 34.80 | epoch: 1 | eta: 54.5m
step 00288/02205 (13.06%) [ns2_ftrl_eta0p2] | loss: 3.971077 | lrm: 1.00 | dt: 1720.02ms | tok/s: 304,815 | mfu: 34.80 | epoch: 1 | eta: 54.5m
step 00289/02205 (13.11%) [ns2_ftrl_eta0p2] | loss: 3.967828 | lrm: 1.00 | dt: 1722.79ms | tok/s: 304,324 | mfu: 34.74 | epoch: 1 | eta: 54.4m
step 00290/02205 (13.15%) [ns2_ftrl_eta0p2] | loss: 3.958415 | lrm: 1.00 | dt: 1724.75ms | tok/s: 303,979 | mfu: 34.70 | epoch: 1 | eta: 54.4m
step 00291/02205 (13.20%) [ns2_ftrl_eta0p2] | loss: 3.950113 | lrm: 1.00 | dt: 1716.71ms | tok/s: 305,402 | mfu: 34.86 | epoch: 1 | eta: 54.4m
step 00292/02205 (13.24%) [ns2_ftrl_eta0p2] | loss: 3.941513 | lrm: 1.00 | dt: 1722.40ms | tok/s: 304,394 | mfu: 34.75 | epoch: 1 | eta: 54.4m
step 00293/02205 (13.29%) [ns2_ftrl_eta0p2] | loss: 3.938334 | lrm: 1.00 | dt: 1722.04ms | tok/s: 304,457 | mfu: 34.75 | epoch: 1 | eta: 54.3m
step 00294/02205 (13.33%) [ns2_ftrl_eta0p2] | loss: 3.933298 | lrm: 1.00 | dt: 1719.60ms | tok/s: 304,889 | mfu: 34.80 | epoch: 1 | eta: 54.3m
step 00295/02205 (13.38%) [ns2_ftrl_eta0p2] | loss: 3.929778 | lrm: 1.00 | dt: 1721.19ms | tok/s: 304,607 | mfu: 34.77 | epoch: 1 | eta: 54.3m
step 00296/02205 (13.42%) [ns2_ftrl_eta0p2] | loss: 3.925974 | lrm: 1.00 | dt: 1721.05ms | tok/s: 304,633 | mfu: 34.77 | epoch: 1 | eta: 54.3m
step 00297/02205 (13.47%) [ns2_ftrl_eta0p2] | loss: 3.933693 | lrm: 1.00 | dt: 1720.43ms | tok/s: 304,742 | mfu: 34.79 | epoch: 1 | eta: 54.2m
step 00298/02205 (13.51%) [ns2_ftrl_eta0p2] | loss: 3.930729 | lrm: 1.00 | dt: 1719.93ms | tok/s: 304,830 | mfu: 34.80 | epoch: 1 | eta: 54.2m
step 00299/02205 (13.56%) [ns2_ftrl_eta0p2] | loss: 3.932691 | lrm: 1.00 | dt: 1720.12ms | tok/s: 304,797 | mfu: 34.79 | epoch: 1 | eta: 54.2m
step 00300/02205 (13.61%) [ns2_ftrl_eta0p2] | loss: 3.931592 | lrm: 1.00 | dt: 1722.80ms | tok/s: 304,323 | mfu: 34.74 | epoch: 1 | eta: 54.1m
step 00301/02205 (13.65%) [ns2_ftrl_eta0p2] | loss: 3.930247 | lrm: 1.00 | dt: 1722.93ms | tok/s: 304,300 | mfu: 34.74 | epoch: 1 | eta: 54.1m
step 00302/02205 (13.70%) [ns2_ftrl_eta0p2] | loss: 3.925530 | lrm: 1.00 | dt: 1719.35ms | tok/s: 304,934 | mfu: 34.81 | epoch: 1 | eta: 54.1m
step 00303/02205 (13.74%) [ns2_ftrl_eta0p2] | loss: 3.929426 | lrm: 1.00 | dt: 1721.74ms | tok/s: 304,511 | mfu: 34.76 | epoch: 1 | eta: 54.1m
step 00304/02205 (13.79%) [ns2_ftrl_eta0p2] | loss: 3.920127 | lrm: 1.00 | dt: 1717.72ms | tok/s: 305,223 | mfu: 34.84 | epoch: 1 | eta: 54.0m
step 00305/02205 (13.83%) [ns2_ftrl_eta0p2] | loss: 3.912809 | lrm: 1.00 | dt: 1724.37ms | tok/s: 304,046 | mfu: 34.71 | epoch: 1 | eta: 54.0m
step 00306/02205 (13.88%) [ns2_ftrl_eta0p2] | loss: 3.908092 | lrm: 1.00 | dt: 1714.26ms | tok/s: 305,838 | mfu: 34.91 | epoch: 1 | eta: 54.0m
step 00307/02205 (13.92%) [ns2_ftrl_eta0p2] | loss: 3.915303 | lrm: 1.00 | dt: 1724.26ms | tok/s: 304,064 | mfu: 34.71 | epoch: 1 | eta: 54.0m
step 00308/02205 (13.97%) [ns2_ftrl_eta0p2] | loss: 3.923887 | lrm: 1.00 | dt: 1716.39ms | tok/s: 305,459 | mfu: 34.87 | epoch: 1 | eta: 53.9m
step 00309/02205 (14.01%) [ns2_ftrl_eta0p2] | loss: 3.924612 | lrm: 1.00 | dt: 1719.11ms | tok/s: 304,975 | mfu: 34.81 | epoch: 1 | eta: 53.9m
step 00310/02205 (14.06%) [ns2_ftrl_eta0p2] | loss: 3.923285 | lrm: 1.00 | dt: 1726.05ms | tok/s: 303,749 | mfu: 34.67 | epoch: 1 | eta: 53.9m
step 00311/02205 (14.10%) [ns2_ftrl_eta0p2] | loss: 3.919809 | lrm: 1.00 | dt: 1716.50ms | tok/s: 305,440 | mfu: 34.87 | epoch: 1 | eta: 53.9m
step 00312/02205 (14.15%) [ns2_ftrl_eta0p2] | loss: 3.915403 | lrm: 1.00 | dt: 1722.68ms | tok/s: 304,343 | mfu: 34.74 | epoch: 1 | eta: 53.8m
step 00313/02205 (14.20%) [ns2_ftrl_eta0p2] | loss: 3.914174 | lrm: 1.00 | dt: 1721.78ms | tok/s: 304,503 | mfu: 34.76 | epoch: 1 | eta: 53.8m
step 00314/02205 (14.24%) [ns2_ftrl_eta0p2] | loss: 3.896658 | lrm: 1.00 | dt: 1715.77ms | tok/s: 305,570 | mfu: 34.88 | epoch: 1 | eta: 53.8m
step 00315/02205 (14.29%) [ns2_ftrl_eta0p2] | loss: 3.895008 | lrm: 1.00 | dt: 1725.42ms | tok/s: 303,860 | mfu: 34.69 | epoch: 1 | eta: 53.7m
step 00316/02205 (14.33%) [ns2_ftrl_eta0p2] | loss: 3.888598 | lrm: 1.00 | dt: 1718.11ms | tok/s: 305,154 | mfu: 34.83 | epoch: 1 | eta: 53.7m
step 00317/02205 (14.38%) [ns2_ftrl_eta0p2] | loss: 3.893697 | lrm: 1.00 | dt: 1722.43ms | tok/s: 304,387 | mfu: 34.75 | epoch: 1 | eta: 53.7m
step 00318/02205 (14.42%) [ns2_ftrl_eta0p2] | loss: 3.891541 | lrm: 1.00 | dt: 1722.27ms | tok/s: 304,417 | mfu: 34.75 | epoch: 1 | eta: 53.7m
step 00319/02205 (14.47%) [ns2_ftrl_eta0p2] | loss: 3.888513 | lrm: 1.00 | dt: 1719.63ms | tok/s: 304,883 | mfu: 34.80 | epoch: 1 | eta: 53.6m
step 00320/02205 (14.51%) [ns2_ftrl_eta0p2] | loss: 3.887844 | lrm: 1.00 | dt: 1723.43ms | tok/s: 304,211 | mfu: 34.73 | epoch: 1 | eta: 53.6m
step 00321/02205 (14.56%) [ns2_ftrl_eta0p2] | loss: 3.890527 | lrm: 1.00 | dt: 1718.91ms | tok/s: 305,012 | mfu: 34.82 | epoch: 1 | eta: 53.6m
step 00322/02205 (14.60%) [ns2_ftrl_eta0p2] | loss: 3.877581 | lrm: 1.00 | dt: 1725.26ms | tok/s: 303,889 | mfu: 34.69 | epoch: 1 | eta: 53.6m
step 00323/02205 (14.65%) [ns2_ftrl_eta0p2] | loss: 3.881839 | lrm: 1.00 | dt: 1717.57ms | tok/s: 305,249 | mfu: 34.84 | epoch: 1 | eta: 53.5m
step 00324/02205 (14.69%) [ns2_ftrl_eta0p2] | loss: 3.868010 | lrm: 1.00 | dt: 1726.58ms | tok/s: 303,657 | mfu: 34.66 | epoch: 1 | eta: 53.5m
step 00325/02205 (14.74%) [ns2_ftrl_eta0p2] | loss: 3.871046 | lrm: 1.00 | dt: 1720.89ms | tok/s: 304,661 | mfu: 34.78 | epoch: 1 | eta: 53.5m
step 00326/02205 (14.78%) [ns2_ftrl_eta0p2] | loss: 3.870565 | lrm: 1.00 | dt: 1721.77ms | tok/s: 304,505 | mfu: 34.76 | epoch: 1 | eta: 53.4m
step 00327/02205 (14.83%) [ns2_ftrl_eta0p2] | loss: 3.868398 | lrm: 1.00 | dt: 1716.24ms | tok/s: 305,485 | mfu: 34.87 | epoch: 1 | eta: 53.4m
step 00328/02205 (14.88%) [ns2_ftrl_eta0p2] | loss: 3.858285 | lrm: 1.00 | dt: 1723.67ms | tok/s: 304,170 | mfu: 34.72 | epoch: 1 | eta: 53.4m
step 00329/02205 (14.92%) [ns2_ftrl_eta0p2] | loss: 3.864122 | lrm: 1.00 | dt: 1723.98ms | tok/s: 304,115 | mfu: 34.72 | epoch: 1 | eta: 53.4m
step 00330/02205 (14.97%) [ns2_ftrl_eta0p2] | loss: 3.862564 | lrm: 1.00 | dt: 1716.89ms | tok/s: 305,370 | mfu: 34.86 | epoch: 1 | eta: 53.3m
step 00331/02205 (15.01%) [ns2_ftrl_eta0p2] | loss: 3.850593 | lrm: 1.00 | dt: 1724.16ms | tok/s: 304,082 | mfu: 34.71 | epoch: 1 | eta: 53.3m
step 00332/02205 (15.06%) [ns2_ftrl_eta0p2] | loss: 3.849405 | lrm: 1.00 | dt: 1721.48ms | tok/s: 304,556 | mfu: 34.77 | epoch: 1 | eta: 53.3m
step 00333/02205 (15.10%) [ns2_ftrl_eta0p2] | loss: 3.843250 | lrm: 1.00 | dt: 1722.53ms | tok/s: 304,370 | mfu: 34.74 | epoch: 1 | eta: 53.3m
step 00334/02205 (15.15%) [ns2_ftrl_eta0p2] | loss: 3.845437 | lrm: 1.00 | dt: 1717.42ms | tok/s: 305,276 | mfu: 34.85 | epoch: 1 | eta: 53.2m
step 00335/02205 (15.19%) [ns2_ftrl_eta0p2] | loss: 3.852603 | lrm: 1.00 | dt: 1722.71ms | tok/s: 304,339 | mfu: 34.74 | epoch: 1 | eta: 53.2m
step 00336/02205 (15.24%) [ns2_ftrl_eta0p2] | loss: 3.855355 | lrm: 1.00 | dt: 1721.29ms | tok/s: 304,589 | mfu: 34.77 | epoch: 1 | eta: 53.2m
step 00337/02205 (15.28%) [ns2_ftrl_eta0p2] | loss: 3.854490 | lrm: 1.00 | dt: 1717.99ms | tok/s: 305,175 | mfu: 34.84 | epoch: 1 | eta: 53.2m
step 00338/02205 (15.33%) [ns2_ftrl_eta0p2] | loss: 3.841225 | lrm: 1.00 | dt: 1726.27ms | tok/s: 303,711 | mfu: 34.67 | epoch: 1 | eta: 53.1m
step 00339/02205 (15.37%) [ns2_ftrl_eta0p2] | loss: 3.852621 | lrm: 1.00 | dt: 1724.22ms | tok/s: 304,073 | mfu: 34.71 | epoch: 1 | eta: 53.1m
step 00340/02205 (15.42%) [ns2_ftrl_eta0p2] | loss: 3.857375 | lrm: 1.00 | dt: 1718.71ms | tok/s: 305,046 | mfu: 34.82 | epoch: 1 | eta: 53.1m
step 00341/02205 (15.46%) [ns2_ftrl_eta0p2] | loss: 3.844891 | lrm: 1.00 | dt: 1724.41ms | tok/s: 304,039 | mfu: 34.71 | epoch: 1 | eta: 53.0m
step 00342/02205 (15.51%) [ns2_ftrl_eta0p2] | loss: 3.844329 | lrm: 1.00 | dt: 1719.81ms | tok/s: 304,852 | mfu: 34.80 | epoch: 1 | eta: 53.0m
step 00343/02205 (15.56%) [ns2_ftrl_eta0p2] | loss: 3.840812 | lrm: 1.00 | dt: 1717.97ms | tok/s: 305,178 | mfu: 34.84 | epoch: 1 | eta: 53.0m
step 00344/02205 (15.60%) [ns2_ftrl_eta0p2] | loss: 3.845031 | lrm: 1.00 | dt: 1721.14ms | tok/s: 304,616 | mfu: 34.77 | epoch: 1 | eta: 53.0m
step 00345/02205 (15.65%) [ns2_ftrl_eta0p2] | loss: 3.836342 | lrm: 1.00 | dt: 1718.60ms | tok/s: 305,067 | mfu: 34.82 | epoch: 1 | eta: 52.9m
step 00346/02205 (15.69%) [ns2_ftrl_eta0p2] | loss: 3.830940 | lrm: 1.00 | dt: 1719.26ms | tok/s: 304,949 | mfu: 34.81 | epoch: 1 | eta: 52.9m
step 00347/02205 (15.74%) [ns2_ftrl_eta0p2] | loss: 3.827918 | lrm: 1.00 | dt: 1720.90ms | tok/s: 304,659 | mfu: 34.78 | epoch: 1 | eta: 52.9m
step 00348/02205 (15.78%) [ns2_ftrl_eta0p2] | loss: 3.830224 | lrm: 1.00 | dt: 1717.36ms | tok/s: 305,288 | mfu: 34.85 | epoch: 1 | eta: 52.9m
step 00349/02205 (15.83%) [ns2_ftrl_eta0p2] | loss: 3.823768 | lrm: 1.00 | dt: 1720.78ms | tok/s: 304,681 | mfu: 34.78 | epoch: 1 | eta: 52.8m
step 00350/02205 (15.87%) [ns2_ftrl_eta0p2] | loss: 3.825586 | lrm: 1.00 | dt: 1726.29ms | tok/s: 303,707 | mfu: 34.67 | epoch: 1 | eta: 52.8m
step 00351/02205 (15.92%) [ns2_ftrl_eta0p2] | loss: 3.821657 | lrm: 1.00 | dt: 1717.35ms | tok/s: 305,288 | mfu: 34.85 | epoch: 1 | eta: 52.8m
step 00352/02205 (15.96%) [ns2_ftrl_eta0p2] | loss: 3.814699 | lrm: 1.00 | dt: 1723.43ms | tok/s: 304,212 | mfu: 34.73 | epoch: 1 | eta: 52.7m
step 00353/02205 (16.01%) [ns2_ftrl_eta0p2] | loss: 3.830294 | lrm: 1.00 | dt: 1721.92ms | tok/s: 304,479 | mfu: 34.76 | epoch: 1 | eta: 52.7m
step 00354/02205 (16.05%) [ns2_ftrl_eta0p2] | loss: 3.824020 | lrm: 1.00 | dt: 1719.50ms | tok/s: 304,907 | mfu: 34.81 | epoch: 1 | eta: 52.7m
step 00355/02205 (16.10%) [ns2_ftrl_eta0p2] | loss: 3.835974 | lrm: 1.00 | dt: 1717.71ms | tok/s: 305,224 | mfu: 34.84 | epoch: 1 | eta: 52.7m
step 00356/02205 (16.15%) [ns2_ftrl_eta0p2] | loss: 3.843154 | lrm: 1.00 | dt: 1719.84ms | tok/s: 304,846 | mfu: 34.80 | epoch: 1 | eta: 52.6m
step 00357/02205 (16.19%) [ns2_ftrl_eta0p2] | loss: 3.838257 | lrm: 1.00 | dt: 1725.03ms | tok/s: 303,930 | mfu: 34.69 | epoch: 1 | eta: 52.6m
step 00358/02205 (16.24%) [ns2_ftrl_eta0p2] | loss: 3.838405 | lrm: 1.00 | dt: 1720.32ms | tok/s: 304,761 | mfu: 34.79 | epoch: 1 | eta: 52.6m
step 00359/02205 (16.28%) [ns2_ftrl_eta0p2] | loss: 3.839884 | lrm: 1.00 | dt: 1724.54ms | tok/s: 304,016 | mfu: 34.70 | epoch: 1 | eta: 52.6m
step 00360/02205 (16.33%) [ns2_ftrl_eta0p2] | loss: 3.828575 | lrm: 1.00 | dt: 1722.72ms | tok/s: 304,337 | mfu: 34.74 | epoch: 1 | eta: 52.5m
step 00361/02205 (16.37%) [ns2_ftrl_eta0p2] | loss: 3.827206 | lrm: 1.00 | dt: 1721.54ms | tok/s: 304,546 | mfu: 34.76 | epoch: 1 | eta: 52.5m
step 00362/02205 (16.42%) [ns2_ftrl_eta0p2] | loss: 3.821073 | lrm: 1.00 | dt: 1716.00ms | tok/s: 305,529 | mfu: 34.88 | epoch: 1 | eta: 52.5m
step 00363/02205 (16.46%) [ns2_ftrl_eta0p2] | loss: 3.830116 | lrm: 1.00 | dt: 1721.44ms | tok/s: 304,563 | mfu: 34.77 | epoch: 1 | eta: 52.4m
step 00364/02205 (16.51%) [ns2_ftrl_eta0p2] | loss: 3.837103 | lrm: 1.00 | dt: 1721.59ms | tok/s: 304,537 | mfu: 34.76 | epoch: 1 | eta: 52.4m
step 00365/02205 (16.55%) [ns2_ftrl_eta0p2] | loss: 3.832057 | lrm: 1.00 | dt: 1716.50ms | tok/s: 305,439 | mfu: 34.87 | epoch: 1 | eta: 52.4m
step 00366/02205 (16.60%) [ns2_ftrl_eta0p2] | loss: 3.833218 | lrm: 1.00 | dt: 1726.10ms | tok/s: 303,741 | mfu: 34.67 | epoch: 1 | eta: 52.4m
step 00367/02205 (16.64%) [ns2_ftrl_eta0p2] | loss: 3.835425 | lrm: 1.00 | dt: 1721.71ms | tok/s: 304,516 | mfu: 34.76 | epoch: 1 | eta: 52.3m
step 00368/02205 (16.69%) [ns2_ftrl_eta0p2] | loss: 3.838860 | lrm: 1.00 | dt: 1719.48ms | tok/s: 304,910 | mfu: 34.81 | epoch: 1 | eta: 52.3m
step 00369/02205 (16.73%) [ns2_ftrl_eta0p2] | loss: 3.834400 | lrm: 1.00 | dt: 1719.09ms | tok/s: 304,979 | mfu: 34.81 | epoch: 1 | eta: 52.3m
step 00370/02205 (16.78%) [ns2_ftrl_eta0p2] | loss: 3.842333 | lrm: 1.00 | dt: 1717.11ms | tok/s: 305,332 | mfu: 34.85 | epoch: 1 | eta: 52.3m
step 00371/02205 (16.83%) [ns2_ftrl_eta0p2] | loss: 3.838914 | lrm: 1.00 | dt: 1724.34ms | tok/s: 304,051 | mfu: 34.71 | epoch: 1 | eta: 52.2m
step 00372/02205 (16.87%) [ns2_ftrl_eta0p2] | loss: 3.844876 | lrm: 1.00 | dt: 1714.00ms | tok/s: 305,884 | mfu: 34.92 | epoch: 1 | eta: 52.2m
step 00373/02205 (16.92%) [ns2_ftrl_eta0p2] | loss: 3.837970 | lrm: 1.00 | dt: 1723.79ms | tok/s: 304,148 | mfu: 34.72 | epoch: 1 | eta: 52.2m
step 00374/02205 (16.96%) [ns2_ftrl_eta0p2] | loss: 3.837333 | lrm: 1.00 | dt: 1710.35ms | tok/s: 306,537 | mfu: 34.99 | epoch: 1 | eta: 52.1m
step 00375/02205 (17.01%) [ns2_ftrl_eta0p2] | loss: 3.838558 | lrm: 1.00 | dt: 1723.43ms | tok/s: 304,212 | mfu: 34.73 | epoch: 1 | eta: 52.1m
step 00376/02205 (17.05%) [ns2_ftrl_eta0p2] | loss: 3.829971 | lrm: 1.00 | dt: 1714.66ms | tok/s: 305,767 | mfu: 34.90 | epoch: 1 | eta: 52.1m
step 00377/02205 (17.10%) [ns2_ftrl_eta0p2] | loss: 3.812025 | lrm: 1.00 | dt: 1716.97ms | tok/s: 305,356 | mfu: 34.86 | epoch: 1 | eta: 52.1m
step 00378/02205 (17.14%) [ns2_ftrl_eta0p2] | loss: 3.811650 | lrm: 1.00 | dt: 1715.76ms | tok/s: 305,572 | mfu: 34.88 | epoch: 1 | eta: 52.0m
step 00379/02205 (17.19%) [ns2_ftrl_eta0p2] | loss: 3.810061 | lrm: 1.00 | dt: 1717.01ms | tok/s: 305,349 | mfu: 34.86 | epoch: 1 | eta: 52.0m
step 00380/02205 (17.23%) [ns2_ftrl_eta0p2] | loss: 3.803029 | lrm: 1.00 | dt: 1715.19ms | tok/s: 305,673 | mfu: 34.89 | epoch: 1 | eta: 52.0m
step 00381/02205 (17.28%) [ns2_ftrl_eta0p2] | loss: 3.807718 | lrm: 1.00 | dt: 1722.76ms | tok/s: 304,330 | mfu: 34.74 | epoch: 1 | eta: 51.9m
step 00382/02205 (17.32%) [ns2_ftrl_eta0p2] | loss: 3.806606 | lrm: 1.00 | dt: 1719.14ms | tok/s: 304,970 | mfu: 34.81 | epoch: 1 | eta: 51.9m
step 00383/02205 (17.37%) [ns2_ftrl_eta0p2] | loss: 3.800774 | lrm: 1.00 | dt: 1716.25ms | tok/s: 305,485 | mfu: 34.87 | epoch: 1 | eta: 51.9m
step 00384/02205 (17.41%) [ns2_ftrl_eta0p2] | loss: 3.790902 | lrm: 1.00 | dt: 1723.13ms | tok/s: 304,264 | mfu: 34.73 | epoch: 1 | eta: 51.9m
step 00385/02205 (17.46%) [ns2_ftrl_eta0p2] | loss: 3.788164 | lrm: 1.00 | dt: 1714.46ms | tok/s: 305,803 | mfu: 34.91 | epoch: 1 | eta: 51.8m
step 00386/02205 (17.51%) [ns2_ftrl_eta0p2] | loss: 3.788461 | lrm: 1.00 | dt: 1715.60ms | tok/s: 305,600 | mfu: 34.88 | epoch: 1 | eta: 51.8m
step 00387/02205 (17.55%) [ns2_ftrl_eta0p2] | loss: 3.794006 | lrm: 1.00 | dt: 1721.87ms | tok/s: 304,486 | mfu: 34.76 | epoch: 1 | eta: 51.8m
step 00388/02205 (17.60%) [ns2_ftrl_eta0p2] | loss: 3.780313 | lrm: 1.00 | dt: 1717.14ms | tok/s: 305,325 | mfu: 34.85 | epoch: 1 | eta: 51.8m
step 00389/02205 (17.64%) [ns2_ftrl_eta0p2] | loss: 3.779738 | lrm: 1.00 | dt: 1714.93ms | tok/s: 305,719 | mfu: 34.90 | epoch: 1 | eta: 51.7m
step 00390/02205 (17.69%) [ns2_ftrl_eta0p2] | loss: 3.779265 | lrm: 1.00 | dt: 1717.07ms | tok/s: 305,339 | mfu: 34.85 | epoch: 1 | eta: 51.7m
step 00391/02205 (17.73%) [ns2_ftrl_eta0p2] | loss: 3.773504 | lrm: 1.00 | dt: 1713.32ms | tok/s: 306,007 | mfu: 34.93 | epoch: 1 | eta: 51.7m
step 00392/02205 (17.78%) [ns2_ftrl_eta0p2] | loss: 3.763605 | lrm: 1.00 | dt: 1716.42ms | tok/s: 305,454 | mfu: 34.87 | epoch: 1 | eta: 51.6m
step 00393/02205 (17.82%) [ns2_ftrl_eta0p2] | loss: 3.760020 | lrm: 1.00 | dt: 1717.98ms | tok/s: 305,177 | mfu: 34.84 | epoch: 1 | eta: 51.6m
step 00394/02205 (17.87%) [ns2_ftrl_eta0p2] | loss: 3.757007 | lrm: 1.00 | dt: 1715.37ms | tok/s: 305,641 | mfu: 34.89 | epoch: 1 | eta: 51.6m
step 00395/02205 (17.91%) [ns2_ftrl_eta0p2] | loss: 3.752524 | lrm: 1.00 | dt: 1712.33ms | tok/s: 306,184 | mfu: 34.95 | epoch: 1 | eta: 51.6m
step 00396/02205 (17.96%) [ns2_ftrl_eta0p2] | loss: 3.757630 | lrm: 1.00 | dt: 1718.00ms | tok/s: 305,173 | mfu: 34.84 | epoch: 1 | eta: 51.5m
step 00397/02205 (18.00%) [ns2_ftrl_eta0p2] | loss: 3.757072 | lrm: 1.00 | dt: 1713.07ms | tok/s: 306,051 | mfu: 34.94 | epoch: 1 | eta: 51.5m
step 00398/02205 (18.05%) [ns2_ftrl_eta0p2] | loss: 3.753018 | lrm: 1.00 | dt: 1712.71ms | tok/s: 306,115 | mfu: 34.94 | epoch: 1 | eta: 51.5m
step 00399/02205 (18.10%) [ns2_ftrl_eta0p2] | loss: 3.753835 | lrm: 1.00 | dt: 1714.85ms | tok/s: 305,734 | mfu: 34.90 | epoch: 1 | eta: 51.4m
step 00400/02205 (18.14%) [ns2_ftrl_eta0p2] | loss: 3.746609 | lrm: 1.00 | dt: 1710.69ms | tok/s: 306,477 | mfu: 34.98 | epoch: 1 | eta: 51.4m
step 00401/02205 (18.19%) [ns2_ftrl_eta0p2] | loss: 3.746577 | lrm: 1.00 | dt: 1713.87ms | tok/s: 305,908 | mfu: 34.92 | epoch: 1 | eta: 51.4m
step 00402/02205 (18.23%) [ns2_ftrl_eta0p2] | loss: 3.747530 | lrm: 1.00 | dt: 1718.21ms | tok/s: 305,136 | mfu: 34.83 | epoch: 1 | eta: 51.4m
step 00403/02205 (18.28%) [ns2_ftrl_eta0p2] | loss: 3.747781 | lrm: 1.00 | dt: 1705.18ms | tok/s: 307,467 | mfu: 35.10 | epoch: 1 | eta: 51.3m
step 00404/02205 (18.32%) [ns2_ftrl_eta0p2] | loss: 3.747824 | lrm: 1.00 | dt: 1718.33ms | tok/s: 305,115 | mfu: 34.83 | epoch: 1 | eta: 51.3m
step 00405/02205 (18.37%) [ns2_ftrl_eta0p2] | loss: 3.747192 | lrm: 1.00 | dt: 1711.72ms | tok/s: 306,293 | mfu: 34.96 | epoch: 1 | eta: 51.3m
step 00406/02205 (18.41%) [ns2_ftrl_eta0p2] | loss: 3.741112 | lrm: 1.00 | dt: 1714.36ms | tok/s: 305,821 | mfu: 34.91 | epoch: 1 | eta: 51.2m
step 00407/02205 (18.46%) [ns2_ftrl_eta0p2] | loss: 3.742648 | lrm: 1.00 | dt: 1711.94ms | tok/s: 306,254 | mfu: 34.96 | epoch: 1 | eta: 51.2m
step 00408/02205 (18.50%) [ns2_ftrl_eta0p2] | loss: 3.746257 | lrm: 1.00 | dt: 1706.50ms | tok/s: 307,230 | mfu: 35.07 | epoch: 1 | eta: 51.2m
step 00409/02205 (18.55%) [ns2_ftrl_eta0p2] | loss: 3.749137 | lrm: 1.00 | dt: 1714.55ms | tok/s: 305,788 | mfu: 34.91 | epoch: 1 | eta: 51.2m
step 00410/02205 (18.59%) [ns2_ftrl_eta0p2] | loss: 3.746599 | lrm: 1.00 | dt: 1707.41ms | tok/s: 307,065 | mfu: 35.05 | epoch: 1 | eta: 51.1m
step 00411/02205 (18.64%) [ns2_ftrl_eta0p2] | loss: 3.749584 | lrm: 1.00 | dt: 1708.54ms | tok/s: 306,862 | mfu: 35.03 | epoch: 1 | eta: 51.1m
step 00412/02205 (18.68%) [ns2_ftrl_eta0p2] | loss: 3.745015 | lrm: 1.00 | dt: 1709.83ms | tok/s: 306,631 | mfu: 35.00 | epoch: 1 | eta: 51.1m
step 00413/02205 (18.73%) [ns2_ftrl_eta0p2] | loss: 3.746521 | lrm: 1.00 | dt: 1710.84ms | tok/s: 306,451 | mfu: 34.98 | epoch: 1 | eta: 51.0m
step 00414/02205 (18.78%) [ns2_ftrl_eta0p2] | loss: 3.750134 | lrm: 1.00 | dt: 1702.24ms | tok/s: 307,998 | mfu: 35.16 | epoch: 1 | eta: 51.0m
step 00415/02205 (18.82%) [ns2_ftrl_eta0p2] | loss: 3.751323 | lrm: 1.00 | dt: 1712.39ms | tok/s: 306,172 | mfu: 34.95 | epoch: 1 | eta: 51.0m
step 00416/02205 (18.87%) [ns2_ftrl_eta0p2] | loss: 3.748830 | lrm: 1.00 | dt: 1708.05ms | tok/s: 306,951 | mfu: 35.04 | epoch: 1 | eta: 51.0m
step 00417/02205 (18.91%) [ns2_ftrl_eta0p2] | loss: 3.741361 | lrm: 1.00 | dt: 1705.59ms | tok/s: 307,393 | mfu: 35.09 | epoch: 1 | eta: 50.9m
step 00418/02205 (18.96%) [ns2_ftrl_eta0p2] | loss: 3.743927 | lrm: 1.00 | dt: 1705.65ms | tok/s: 307,382 | mfu: 35.09 | epoch: 1 | eta: 50.9m
step 00419/02205 (19.00%) [ns2_ftrl_eta0p2] | loss: 3.742719 | lrm: 1.00 | dt: 1710.44ms | tok/s: 306,521 | mfu: 34.99 | epoch: 1 | eta: 50.9m
step 00420/02205 (19.05%) [ns2_ftrl_eta0p2] | loss: 3.754824 | lrm: 1.00 | dt: 1707.14ms | tok/s: 307,113 | mfu: 35.06 | epoch: 1 | eta: 50.8m
step 00421/02205 (19.09%) [ns2_ftrl_eta0p2] | loss: 3.751818 | lrm: 1.00 | dt: 1715.22ms | tok/s: 305,667 | mfu: 34.89 | epoch: 1 | eta: 50.8m
step 00422/02205 (19.14%) [ns2_ftrl_eta0p2] | loss: 3.761073 | lrm: 1.00 | dt: 1706.62ms | tok/s: 307,208 | mfu: 35.07 | epoch: 1 | eta: 50.8m
step 00423/02205 (19.18%) [ns2_ftrl_eta0p2] | loss: 3.771066 | lrm: 1.00 | dt: 1709.81ms | tok/s: 306,635 | mfu: 35.00 | epoch: 1 | eta: 50.8m
step 00424/02205 (19.23%) [ns2_ftrl_eta0p2] | loss: 3.771135 | lrm: 1.00 | dt: 1709.64ms | tok/s: 306,665 | mfu: 35.01 | epoch: 1 | eta: 50.7m
step 00425/02205 (19.27%) [ns2_ftrl_eta0p2] | loss: 3.764631 | lrm: 1.00 | dt: 1712.03ms | tok/s: 306,237 | mfu: 34.96 | epoch: 1 | eta: 50.7m
step 00426/02205 (19.32%) [ns2_ftrl_eta0p2] | loss: 3.759895 | lrm: 1.00 | dt: 1702.58ms | tok/s: 307,938 | mfu: 35.15 | epoch: 1 | eta: 50.7m
step 00427/02205 (19.37%) [ns2_ftrl_eta0p2] | loss: 3.752032 | lrm: 1.00 | dt: 1716.94ms | tok/s: 305,361 | mfu: 34.86 | epoch: 1 | eta: 50.6m
step 00428/02205 (19.41%) [ns2_ftrl_eta0p2] | loss: 3.754947 | lrm: 1.00 | dt: 1708.84ms | tok/s: 306,809 | mfu: 35.02 | epoch: 1 | eta: 50.6m
step 00429/02205 (19.46%) [ns2_ftrl_eta0p2] | loss: 3.748768 | lrm: 1.00 | dt: 1712.79ms | tok/s: 306,102 | mfu: 34.94 | epoch: 1 | eta: 50.6m
step 00430/02205 (19.50%) [ns2_ftrl_eta0p2] | loss: 3.747371 | lrm: 1.00 | dt: 1709.26ms | tok/s: 306,734 | mfu: 35.01 | epoch: 1 | eta: 50.6m
step 00431/02205 (19.55%) [ns2_ftrl_eta0p2] | loss: 3.745345 | lrm: 1.00 | dt: 1711.39ms | tok/s: 306,353 | mfu: 34.97 | epoch: 1 | eta: 50.5m
step 00432/02205 (19.59%) [ns2_ftrl_eta0p2] | loss: 3.737808 | lrm: 1.00 | dt: 1711.76ms | tok/s: 306,285 | mfu: 34.96 | epoch: 1 | eta: 50.5m
step 00433/02205 (19.64%) [ns2_ftrl_eta0p2] | loss: 3.736945 | lrm: 1.00 | dt: 1710.84ms | tok/s: 306,450 | mfu: 34.98 | epoch: 1 | eta: 50.5m
step 00434/02205 (19.68%) [ns2_ftrl_eta0p2] | loss: 3.739174 | lrm: 1.00 | dt: 1715.09ms | tok/s: 305,691 | mfu: 34.90 | epoch: 1 | eta: 50.5m
step 00435/02205 (19.73%) [ns2_ftrl_eta0p2] | loss: 3.743216 | lrm: 1.00 | dt: 1711.85ms | tok/s: 306,270 | mfu: 34.96 | epoch: 1 | eta: 50.4m
step 00436/02205 (19.77%) [ns2_ftrl_eta0p2] | loss: 3.747402 | lrm: 1.00 | dt: 1713.22ms | tok/s: 306,024 | mfu: 34.93 | epoch: 1 | eta: 50.4m
step 00437/02205 (19.82%) [ns2_ftrl_eta0p2] | loss: 3.741815 | lrm: 1.00 | dt: 1712.57ms | tok/s: 306,140 | mfu: 34.95 | epoch: 1 | eta: 50.4m
step 00438/02205 (19.86%) [ns2_ftrl_eta0p2] | loss: 3.745196 | lrm: 1.00 | dt: 1709.89ms | tok/s: 306,620 | mfu: 35.00 | epoch: 1 | eta: 50.3m
step 00439/02205 (19.91%) [ns2_ftrl_eta0p2] | loss: 3.741284 | lrm: 1.00 | dt: 1714.37ms | tok/s: 305,819 | mfu: 34.91 | epoch: 1 | eta: 50.3m
step 00440/02205 (19.95%) [ns2_ftrl_eta0p2] | loss: 3.743469 | lrm: 1.00 | dt: 1713.03ms | tok/s: 306,059 | mfu: 34.94 | epoch: 1 | eta: 50.3m
step 00441/02205 (20.00%) [ns2_ftrl_eta0p2] | loss: 3.735433 | lrm: 1.00 | dt: 1713.65ms | tok/s: 305,948 | mfu: 34.92 | epoch: 1 | eta: 50.3m
step 00442/02205 (20.05%) [ns2_ftrl_eta0p2] | loss: 3.738818 | lrm: 1.00 | dt: 1708.87ms | tok/s: 306,804 | mfu: 35.02 | epoch: 1 | eta: 50.2m
step 00443/02205 (20.09%) [ns2_ftrl_eta0p2] | loss: 3.736464 | lrm: 1.00 | dt: 1710.39ms | tok/s: 306,531 | mfu: 34.99 | epoch: 1 | eta: 50.2m
step 00444/02205 (20.14%) [ns2_ftrl_eta0p2] | loss: 3.732685 | lrm: 1.00 | dt: 1713.80ms | tok/s: 305,921 | mfu: 34.92 | epoch: 1 | eta: 50.2m
step 00445/02205 (20.18%) [ns2_ftrl_eta0p2] | loss: 3.725292 | lrm: 1.00 | dt: 1715.45ms | tok/s: 305,627 | mfu: 34.89 | epoch: 1 | eta: 50.1m
step 00446/02205 (20.23%) [ns2_ftrl_eta0p2] | loss: 3.719122 | lrm: 1.00 | dt: 1709.47ms | tok/s: 306,696 | mfu: 35.01 | epoch: 1 | eta: 50.1m
step 00447/02205 (20.27%) [ns2_ftrl_eta0p2] | loss: 3.711027 | lrm: 1.00 | dt: 1712.82ms | tok/s: 306,097 | mfu: 34.94 | epoch: 1 | eta: 50.1m
step 00448/02205 (20.32%) [ns2_ftrl_eta0p2] | loss: 3.715966 | lrm: 1.00 | dt: 1709.54ms | tok/s: 306,683 | mfu: 35.01 | epoch: 1 | eta: 50.1m
step 00449/02205 (20.36%) [ns2_ftrl_eta0p2] | loss: 3.717066 | lrm: 1.00 | dt: 1709.01ms | tok/s: 306,779 | mfu: 35.02 | epoch: 1 | eta: 50.0m
step 00450/02205 (20.41%) [ns2_ftrl_eta0p2] | loss: 3.729300 | lrm: 1.00 | dt: 1712.13ms | tok/s: 306,220 | mfu: 34.96 | epoch: 1 | eta: 50.0m
step 00451/02205 (20.45%) [ns2_ftrl_eta0p2] | loss: 3.726139 | lrm: 1.00 | dt: 1713.71ms | tok/s: 305,937 | mfu: 34.92 | epoch: 1 | eta: 50.0m
step 00452/02205 (20.50%) [ns2_ftrl_eta0p2] | loss: 3.730790 | lrm: 1.00 | dt: 1711.64ms | tok/s: 306,306 | mfu: 34.97 | epoch: 1 | eta: 49.9m
step 00453/02205 (20.54%) [ns2_ftrl_eta0p2] | loss: 3.732029 | lrm: 1.00 | dt: 1711.40ms | tok/s: 306,350 | mfu: 34.97 | epoch: 1 | eta: 49.9m
step 00454/02205 (20.59%) [ns2_ftrl_eta0p2] | loss: 3.719510 | lrm: 1.00 | dt: 1712.90ms | tok/s: 306,081 | mfu: 34.94 | epoch: 1 | eta: 49.9m
step 00455/02205 (20.63%) [ns2_ftrl_eta0p2] | loss: 3.725431 | lrm: 1.00 | dt: 1720.10ms | tok/s: 304,801 | mfu: 34.79 | epoch: 1 | eta: 49.9m
step 00456/02205 (20.68%) [ns2_ftrl_eta0p2] | loss: 3.731513 | lrm: 1.00 | dt: 1715.23ms | tok/s: 305,665 | mfu: 34.89 | epoch: 1 | eta: 49.8m
step 00457/02205 (20.73%) [ns2_ftrl_eta0p2] | loss: 3.721627 | lrm: 1.00 | dt: 1710.84ms | tok/s: 306,450 | mfu: 34.98 | epoch: 1 | eta: 49.8m
step 00458/02205 (20.77%) [ns2_ftrl_eta0p2] | loss: 3.725701 | lrm: 1.00 | dt: 1708.97ms | tok/s: 306,785 | mfu: 35.02 | epoch: 1 | eta: 49.8m
step 00459/02205 (20.82%) [ns2_ftrl_eta0p2] | loss: 3.731184 | lrm: 1.00 | dt: 1713.45ms | tok/s: 305,984 | mfu: 34.93 | epoch: 1 | eta: 49.7m
step 00460/02205 (20.86%) [ns2_ftrl_eta0p2] | loss: 3.724708 | lrm: 1.00 | dt: 1715.26ms | tok/s: 305,661 | mfu: 34.89 | epoch: 1 | eta: 49.7m
step 00461/02205 (20.91%) [ns2_ftrl_eta0p2] | loss: 3.722355 | lrm: 1.00 | dt: 1709.80ms | tok/s: 306,636 | mfu: 35.00 | epoch: 1 | eta: 49.7m
step 00462/02205 (20.95%) [ns2_ftrl_eta0p2] | loss: 3.717758 | lrm: 1.00 | dt: 1712.10ms | tok/s: 306,225 | mfu: 34.96 | epoch: 1 | eta: 49.7m
step 00463/02205 (21.00%) [ns2_ftrl_eta0p2] | loss: 3.706422 | lrm: 1.00 | dt: 1711.04ms | tok/s: 306,414 | mfu: 34.98 | epoch: 1 | eta: 49.6m
step 00464/02205 (21.04%) [ns2_ftrl_eta0p2] | loss: 3.707749 | lrm: 1.00 | dt: 1712.12ms | tok/s: 306,221 | mfu: 34.96 | epoch: 1 | eta: 49.6m
step 00465/02205 (21.09%) [ns2_ftrl_eta0p2] | loss: 3.699844 | lrm: 1.00 | dt: 1715.52ms | tok/s: 305,613 | mfu: 34.89 | epoch: 1 | eta: 49.6m
step 00466/02205 (21.13%) [ns2_ftrl_eta0p2] | loss: 3.704584 | lrm: 1.00 | dt: 1705.33ms | tok/s: 307,441 | mfu: 35.09 | epoch: 1 | eta: 49.5m
step 00467/02205 (21.18%) [ns2_ftrl_eta0p2] | loss: 3.712673 | lrm: 1.00 | dt: 1717.89ms | tok/s: 305,193 | mfu: 34.84 | epoch: 1 | eta: 49.5m
step 00468/02205 (21.22%) [ns2_ftrl_eta0p2] | loss: 3.714296 | lrm: 1.00 | dt: 1714.00ms | tok/s: 305,884 | mfu: 34.92 | epoch: 1 | eta: 49.5m
step 00469/02205 (21.27%) [ns2_ftrl_eta0p2] | loss: 3.712608 | lrm: 1.00 | dt: 1715.86ms | tok/s: 305,554 | mfu: 34.88 | epoch: 1 | eta: 49.5m
step 00470/02205 (21.32%) [ns2_ftrl_eta0p2] | loss: 3.711072 | lrm: 1.00 | dt: 1713.02ms | tok/s: 306,060 | mfu: 34.94 | epoch: 1 | eta: 49.4m
step 00471/02205 (21.36%) [ns2_ftrl_eta0p2] | loss: 3.719123 | lrm: 1.00 | dt: 1715.48ms | tok/s: 305,621 | mfu: 34.89 | epoch: 1 | eta: 49.4m
step 00472/02205 (21.41%) [ns2_ftrl_eta0p2] | loss: 3.727383 | lrm: 1.00 | dt: 1711.47ms | tok/s: 306,338 | mfu: 34.97 | epoch: 1 | eta: 49.4m
step 00473/02205 (21.45%) [ns2_ftrl_eta0p2] | loss: 3.717825 | lrm: 1.00 | dt: 1717.53ms | tok/s: 305,257 | mfu: 34.85 | epoch: 1 | eta: 49.3m
step 00474/02205 (21.50%) [ns2_ftrl_eta0p2] | loss: 3.722131 | lrm: 1.00 | dt: 1718.34ms | tok/s: 305,113 | mfu: 34.83 | epoch: 1 | eta: 49.3m
step 00475/02205 (21.54%) [ns2_ftrl_eta0p2] | loss: 3.714255 | lrm: 1.00 | dt: 1715.69ms | tok/s: 305,584 | mfu: 34.88 | epoch: 1 | eta: 49.3m
step 00476/02205 (21.59%) [ns2_ftrl_eta0p2] | loss: 3.713193 | lrm: 1.00 | dt: 1710.34ms | tok/s: 306,539 | mfu: 34.99 | epoch: 1 | eta: 49.3m
step 00477/02205 (21.63%) [ns2_ftrl_eta0p2] | loss: 3.715524 | lrm: 1.00 | dt: 1716.05ms | tok/s: 305,519 | mfu: 34.88 | epoch: 1 | eta: 49.2m
step 00478/02205 (21.68%) [ns2_ftrl_eta0p2] | loss: 3.711743 | lrm: 1.00 | dt: 1718.69ms | tok/s: 305,051 | mfu: 34.82 | epoch: 1 | eta: 49.2m
step 00479/02205 (21.72%) [ns2_ftrl_eta0p2] | loss: 3.707953 | lrm: 1.00 | dt: 1706.46ms | tok/s: 307,237 | mfu: 35.07 | epoch: 1 | eta: 49.2m
step 00480/02205 (21.77%) [ns2_ftrl_eta0p2] | loss: 3.709265 | lrm: 1.00 | dt: 1716.74ms | tok/s: 305,397 | mfu: 34.86 | epoch: 1 | eta: 49.2m
step 00481/02205 (21.81%) [ns2_ftrl_eta0p2] | loss: 3.703861 | lrm: 1.00 | dt: 1716.91ms | tok/s: 305,366 | mfu: 34.86 | epoch: 1 | eta: 49.1m
step 00482/02205 (21.86%) [ns2_ftrl_eta0p2] | loss: 3.698456 | lrm: 1.00 | dt: 1711.24ms | tok/s: 306,378 | mfu: 34.97 | epoch: 1 | eta: 49.1m
step 00483/02205 (21.90%) [ns2_ftrl_eta0p2] | loss: 3.694942 | lrm: 1.00 | dt: 1718.43ms | tok/s: 305,097 | mfu: 34.83 | epoch: 1 | eta: 49.1m
step 00484/02205 (21.95%) [ns2_ftrl_eta0p2] | loss: 3.694269 | lrm: 1.00 | dt: 1717.24ms | tok/s: 305,308 | mfu: 34.85 | epoch: 1 | eta: 49.0m
step 00485/02205 (22.00%) [ns2_ftrl_eta0p2] | loss: 3.691839 | lrm: 1.00 | dt: 1711.98ms | tok/s: 306,246 | mfu: 34.96 | epoch: 1 | eta: 49.0m
step 00486/02205 (22.04%) [ns2_ftrl_eta0p2] | loss: 3.690226 | lrm: 1.00 | dt: 1715.88ms | tok/s: 305,549 | mfu: 34.88 | epoch: 1 | eta: 49.0m
step 00487/02205 (22.09%) [ns2_ftrl_eta0p2] | loss: 3.686888 | lrm: 1.00 | dt: 1712.77ms | tok/s: 306,105 | mfu: 34.94 | epoch: 1 | eta: 49.0m
step 00488/02205 (22.13%) [ns2_ftrl_eta0p2] | loss: 3.688298 | lrm: 1.00 | dt: 1709.41ms | tok/s: 306,707 | mfu: 35.01 | epoch: 1 | eta: 48.9m
step 00489/02205 (22.18%) [ns2_ftrl_eta0p2] | loss: 3.693241 | lrm: 1.00 | dt: 1711.45ms | tok/s: 306,342 | mfu: 34.97 | epoch: 1 | eta: 48.9m
step 00490/02205 (22.22%) [ns2_ftrl_eta0p2] | loss: 3.689154 | lrm: 1.00 | dt: 1716.53ms | tok/s: 305,434 | mfu: 34.87 | epoch: 1 | eta: 48.9m
step 00491/02205 (22.27%) [ns2_ftrl_eta0p2] | loss: 3.684025 | lrm: 1.00 | dt: 1715.76ms | tok/s: 305,571 | mfu: 34.88 | epoch: 1 | eta: 48.8m
step 00492/02205 (22.31%) [ns2_ftrl_eta0p2] | loss: 3.683917 | lrm: 1.00 | dt: 1715.34ms | tok/s: 305,647 | mfu: 34.89 | epoch: 1 | eta: 48.8m
step 00493/02205 (22.36%) [ns2_ftrl_eta0p2] | loss: 3.671716 | lrm: 1.00 | dt: 1714.29ms | tok/s: 305,833 | mfu: 34.91 | epoch: 1 | eta: 48.8m
step 00494/02205 (22.40%) [ns2_ftrl_eta0p2] | loss: 3.663958 | lrm: 1.00 | dt: 1718.42ms | tok/s: 305,099 | mfu: 34.83 | epoch: 1 | eta: 48.8m
step 00495/02205 (22.45%) [ns2_ftrl_eta0p2] | loss: 3.656374 | lrm: 1.00 | dt: 1716.31ms | tok/s: 305,473 | mfu: 34.87 | epoch: 1 | eta: 48.7m
step 00496/02205 (22.49%) [ns2_ftrl_eta0p2] | loss: 3.653950 | lrm: 1.00 | dt: 1721.20ms | tok/s: 304,606 | mfu: 34.77 | epoch: 1 | eta: 48.7m
step 00497/02205 (22.54%) [ns2_ftrl_eta0p2] | loss: 3.657500 | lrm: 1.00 | dt: 1715.89ms | tok/s: 305,548 | mfu: 34.88 | epoch: 1 | eta: 48.7m
step 00498/02205 (22.59%) [ns2_ftrl_eta0p2] | loss: 3.651584 | lrm: 1.00 | dt: 1713.62ms | tok/s: 305,952 | mfu: 34.92 | epoch: 1 | eta: 48.6m
step 00499/02205 (22.63%) [ns2_ftrl_eta0p2] | loss: 3.659489 | lrm: 1.00 | dt: 1720.50ms | tok/s: 304,730 | mfu: 34.79 | epoch: 1 | eta: 48.6m
Step 00500 | val bpb: 1.072352
step 00500/02205 (22.68%) [ns2_ftrl_eta0p2] | loss: 3.655957 | lrm: 1.00 | dt: 1696.60ms | tok/s: 309,022 | mfu: 35.28 | epoch: 1 | eta: 48.6m
step 00501/02205 (22.72%) [ns2_ftrl_eta0p2] | loss: 3.665260 | lrm: 1.00 | dt: 1711.84ms | tok/s: 306,272 | mfu: 34.96 | epoch: 1 | eta: 48.6m
step 00502/02205 (22.77%) [ns2_ftrl_eta0p2] | loss: 3.667513 | lrm: 1.00 | dt: 1708.73ms | tok/s: 306,829 | mfu: 35.02 | epoch: 1 | eta: 48.5m
step 00503/02205 (22.81%) [ns2_ftrl_eta0p2] | loss: 3.669830 | lrm: 1.00 | dt: 1703.16ms | tok/s: 307,831 | mfu: 35.14 | epoch: 1 | eta: 48.5m
step 00504/02205 (22.86%) [ns2_ftrl_eta0p2] | loss: 3.671740 | lrm: 1.00 | dt: 1708.52ms | tok/s: 306,866 | mfu: 35.03 | epoch: 1 | eta: 48.5m
step 00505/02205 (22.90%) [ns2_ftrl_eta0p2] | loss: 3.659487 | lrm: 1.00 | dt: 1712.54ms | tok/s: 306,147 | mfu: 34.95 | epoch: 1 | eta: 48.4m
step 00506/02205 (22.95%) [ns2_ftrl_eta0p2] | loss: 3.660660 | lrm: 1.00 | dt: 1709.70ms | tok/s: 306,654 | mfu: 35.00 | epoch: 1 | eta: 48.4m
step 00507/02205 (22.99%) [ns2_ftrl_eta0p2] | loss: 3.669009 | lrm: 1.00 | dt: 1700.54ms | tok/s: 308,307 | mfu: 35.19 | epoch: 1 | eta: 48.4m
step 00508/02205 (23.04%) [ns2_ftrl_eta0p2] | loss: 3.666365 | lrm: 1.00 | dt: 1713.03ms | tok/s: 306,059 | mfu: 34.94 | epoch: 1 | eta: 48.4m
step 00509/02205 (23.08%) [ns2_ftrl_eta0p2] | loss: 3.666867 | lrm: 1.00 | dt: 1710.59ms | tok/s: 306,495 | mfu: 34.99 | epoch: 1 | eta: 48.3m
step 00510/02205 (23.13%) [ns2_ftrl_eta0p2] | loss: 3.653410 | lrm: 1.00 | dt: 1707.58ms | tok/s: 307,036 | mfu: 35.05 | epoch: 1 | eta: 48.3m
step 00511/02205 (23.17%) [ns2_ftrl_eta0p2] | loss: 3.661602 | lrm: 1.00 | dt: 1709.53ms | tok/s: 306,685 | mfu: 35.01 | epoch: 1 | eta: 48.3m
step 00512/02205 (23.22%) [ns2_ftrl_eta0p2] | loss: 3.662206 | lrm: 1.00 | dt: 1708.95ms | tok/s: 306,788 | mfu: 35.02 | epoch: 1 | eta: 48.2m
step 00513/02205 (23.27%) [ns2_ftrl_eta0p2] | loss: 3.666417 | lrm: 1.00 | dt: 1705.15ms | tok/s: 307,472 | mfu: 35.10 | epoch: 1 | eta: 48.2m
step 00514/02205 (23.31%) [ns2_ftrl_eta0p2] | loss: 3.660583 | lrm: 1.00 | dt: 1712.05ms | tok/s: 306,233 | mfu: 34.96 | epoch: 1 | eta: 48.2m
step 00515/02205 (23.36%) [ns2_ftrl_eta0p2] | loss: 3.653307 | lrm: 1.00 | dt: 1711.82ms | tok/s: 306,274 | mfu: 34.96 | epoch: 1 | eta: 48.2m
step 00516/02205 (23.40%) [ns2_ftrl_eta0p2] | loss: 3.651890 | lrm: 1.00 | dt: 1709.81ms | tok/s: 306,635 | mfu: 35.00 | epoch: 1 | eta: 48.1m
step 00517/02205 (23.45%) [ns2_ftrl_eta0p2] | loss: 3.643071 | lrm: 1.00 | dt: 1714.33ms | tok/s: 305,826 | mfu: 34.91 | epoch: 1 | eta: 48.1m
step 00518/02205 (23.49%) [ns2_ftrl_eta0p2] | loss: 3.637206 | lrm: 1.00 | dt: 1711.11ms | tok/s: 306,402 | mfu: 34.98 | epoch: 1 | eta: 48.1m
step 00519/02205 (23.54%) [ns2_ftrl_eta0p2] | loss: 3.628636 | lrm: 1.00 | dt: 1710.76ms | tok/s: 306,465 | mfu: 34.98 | epoch: 1 | eta: 48.0m
step 00520/02205 (23.58%) [ns2_ftrl_eta0p2] | loss: 3.625988 | lrm: 1.00 | dt: 1714.83ms | tok/s: 305,737 | mfu: 34.90 | epoch: 1 | eta: 48.0m
step 00521/02205 (23.63%) [ns2_ftrl_eta0p2] | loss: 3.628981 | lrm: 1.00 | dt: 1715.73ms | tok/s: 305,577 | mfu: 34.88 | epoch: 1 | eta: 48.0m
step 00522/02205 (23.67%) [ns2_ftrl_eta0p2] | loss: 3.633246 | lrm: 1.00 | dt: 1713.56ms | tok/s: 305,965 | mfu: 34.93 | epoch: 1 | eta: 48.0m
step 00523/02205 (23.72%) [ns2_ftrl_eta0p2] | loss: 3.644730 | lrm: 1.00 | dt: 1709.00ms | tok/s: 306,781 | mfu: 35.02 | epoch: 1 | eta: 47.9m
step 00524/02205 (23.76%) [ns2_ftrl_eta0p2] | loss: 3.644241 | lrm: 1.00 | dt: 1714.99ms | tok/s: 305,709 | mfu: 34.90 | epoch: 1 | eta: 47.9m
step 00525/02205 (23.81%) [ns2_ftrl_eta0p2] | loss: 3.641547 | lrm: 1.00 | dt: 1713.64ms | tok/s: 305,949 | mfu: 34.92 | epoch: 1 | eta: 47.9m
step 00526/02205 (23.85%) [ns2_ftrl_eta0p2] | loss: 3.636955 | lrm: 1.00 | dt: 1716.24ms | tok/s: 305,486 | mfu: 34.87 | epoch: 1 | eta: 47.8m
step 00527/02205 (23.90%) [ns2_ftrl_eta0p2] | loss: 3.641121 | lrm: 1.00 | dt: 1714.72ms | tok/s: 305,756 | mfu: 34.90 | epoch: 1 | eta: 47.8m
step 00528/02205 (23.95%) [ns2_ftrl_eta0p2] | loss: 3.647869 | lrm: 1.00 | dt: 1713.34ms | tok/s: 306,003 | mfu: 34.93 | epoch: 1 | eta: 47.8m
step 00529/02205 (23.99%) [ns2_ftrl_eta0p2] | loss: 3.638411 | lrm: 1.00 | dt: 1715.78ms | tok/s: 305,568 | mfu: 34.88 | epoch: 1 | eta: 47.8m
step 00530/02205 (24.04%) [ns2_ftrl_eta0p2] | loss: 3.641947 | lrm: 1.00 | dt: 1712.84ms | tok/s: 306,092 | mfu: 34.94 | epoch: 1 | eta: 47.7m
step 00531/02205 (24.08%) [ns2_ftrl_eta0p2] | loss: 3.634628 | lrm: 1.00 | dt: 1714.54ms | tok/s: 305,789 | mfu: 34.91 | epoch: 1 | eta: 47.7m
step 00532/02205 (24.13%) [ns2_ftrl_eta0p2] | loss: 3.637705 | lrm: 1.00 | dt: 1710.58ms | tok/s: 306,496 | mfu: 34.99 | epoch: 1 | eta: 47.7m
step 00533/02205 (24.17%) [ns2_ftrl_eta0p2] | loss: 3.632207 | lrm: 1.00 | dt: 1716.60ms | tok/s: 305,422 | mfu: 34.86 | epoch: 1 | eta: 47.6m
step 00534/02205 (24.22%) [ns2_ftrl_eta0p2] | loss: 3.633660 | lrm: 1.00 | dt: 1717.68ms | tok/s: 305,230 | mfu: 34.84 | epoch: 1 | eta: 47.6m
step 00535/02205 (24.26%) [ns2_ftrl_eta0p2] | loss: 3.633567 | lrm: 1.00 | dt: 1717.09ms | tok/s: 305,335 | mfu: 34.85 | epoch: 1 | eta: 47.6m
step 00536/02205 (24.31%) [ns2_ftrl_eta0p2] | loss: 3.640006 | lrm: 1.00 | dt: 1713.24ms | tok/s: 306,020 | mfu: 34.93 | epoch: 1 | eta: 47.6m
step 00537/02205 (24.35%) [ns2_ftrl_eta0p2] | loss: 3.643925 | lrm: 1.00 | dt: 1717.91ms | tok/s: 305,189 | mfu: 34.84 | epoch: 1 | eta: 47.5m
step 00538/02205 (24.40%) [ns2_ftrl_eta0p2] | loss: 3.641554 | lrm: 1.00 | dt: 1716.84ms | tok/s: 305,379 | mfu: 34.86 | epoch: 1 | eta: 47.5m
step 00539/02205 (24.44%) [ns2_ftrl_eta0p2] | loss: 3.637829 | lrm: 1.00 | dt: 1713.11ms | tok/s: 306,045 | mfu: 34.94 | epoch: 1 | eta: 47.5m
step 00540/02205 (24.49%) [ns2_ftrl_eta0p2] | loss: 3.632679 | lrm: 1.00 | dt: 1718.08ms | tok/s: 305,159 | mfu: 34.83 | epoch: 1 | eta: 47.5m
step 00541/02205 (24.54%) [ns2_ftrl_eta0p2] | loss: 3.645343 | lrm: 1.00 | dt: 1720.25ms | tok/s: 304,773 | mfu: 34.79 | epoch: 1 | eta: 47.4m
step 00542/02205 (24.58%) [ns2_ftrl_eta0p2] | loss: 3.646960 | lrm: 1.00 | dt: 1716.58ms | tok/s: 305,426 | mfu: 34.86 | epoch: 1 | eta: 47.4m
step 00543/02205 (24.63%) [ns2_ftrl_eta0p2] | loss: 3.641255 | lrm: 1.00 | dt: 1718.77ms | tok/s: 305,037 | mfu: 34.82 | epoch: 1 | eta: 47.4m
step 00544/02205 (24.67%) [ns2_ftrl_eta0p2] | loss: 3.636548 | lrm: 1.00 | dt: 1714.31ms | tok/s: 305,830 | mfu: 34.91 | epoch: 1 | eta: 47.3m
step 00545/02205 (24.72%) [ns2_ftrl_eta0p2] | loss: 3.630842 | lrm: 1.00 | dt: 1724.00ms | tok/s: 304,110 | mfu: 34.71 | epoch: 1 | eta: 47.3m
step 00546/02205 (24.76%) [ns2_ftrl_eta0p2] | loss: 3.633859 | lrm: 1.00 | dt: 1716.03ms | tok/s: 305,523 | mfu: 34.88 | epoch: 1 | eta: 47.3m
step 00547/02205 (24.81%) [ns2_ftrl_eta0p2] | loss: 3.622939 | lrm: 1.00 | dt: 1725.08ms | tok/s: 303,920 | mfu: 34.69 | epoch: 1 | eta: 47.3m
step 00548/02205 (24.85%) [ns2_ftrl_eta0p2] | loss: 3.616596 | lrm: 1.00 | dt: 1710.96ms | tok/s: 306,428 | mfu: 34.98 | epoch: 1 | eta: 47.2m
step 00549/02205 (24.90%) [ns2_ftrl_eta0p2] | loss: 3.613546 | lrm: 1.00 | dt: 1717.08ms | tok/s: 305,336 | mfu: 34.85 | epoch: 1 | eta: 47.2m
step 00550/02205 (24.94%) [ns2_ftrl_eta0p2] | loss: 3.609858 | lrm: 1.00 | dt: 1722.79ms | tok/s: 304,325 | mfu: 34.74 | epoch: 1 | eta: 47.2m
step 00551/02205 (24.99%) [ns2_ftrl_eta0p2] | loss: 3.609962 | lrm: 1.00 | dt: 1713.13ms | tok/s: 306,041 | mfu: 34.94 | epoch: 1 | eta: 47.1m
step 00552/02205 (25.03%) [ns2_ftrl_eta0p2] | loss: 3.606876 | lrm: 1.00 | dt: 1714.33ms | tok/s: 305,826 | mfu: 34.91 | epoch: 1 | eta: 47.1m
step 00553/02205 (25.08%) [ns2_ftrl_eta0p2] | loss: 3.610707 | lrm: 1.00 | dt: 1718.05ms | tok/s: 305,164 | mfu: 34.83 | epoch: 1 | eta: 47.1m
step 00554/02205 (25.12%) [ns2_ftrl_eta0p2] | loss: 3.612131 | lrm: 1.00 | dt: 1715.14ms | tok/s: 305,682 | mfu: 34.89 | epoch: 1 | eta: 47.1m
step 00555/02205 (25.17%) [ns2_ftrl_eta0p2] | loss: 3.603928 | lrm: 1.00 | dt: 1723.51ms | tok/s: 304,197 | mfu: 34.72 | epoch: 1 | eta: 47.0m
step 00556/02205 (25.22%) [ns2_ftrl_eta0p2] | loss: 3.603526 | lrm: 1.00 | dt: 1714.60ms | tok/s: 305,778 | mfu: 34.90 | epoch: 1 | eta: 47.0m
step 00557/02205 (25.26%) [ns2_ftrl_eta0p2] | loss: 3.611159 | lrm: 1.00 | dt: 1724.63ms | tok/s: 304,000 | mfu: 34.70 | epoch: 1 | eta: 47.0m
step 00558/02205 (25.31%) [ns2_ftrl_eta0p2] | loss: 3.613914 | lrm: 1.00 | dt: 1713.92ms | tok/s: 305,900 | mfu: 34.92 | epoch: 1 | eta: 46.9m
step 00559/02205 (25.35%) [ns2_ftrl_eta0p2] | loss: 3.602577 | lrm: 1.00 | dt: 1721.16ms | tok/s: 304,612 | mfu: 34.77 | epoch: 1 | eta: 46.9m
step 00560/02205 (25.40%) [ns2_ftrl_eta0p2] | loss: 3.604067 | lrm: 1.00 | dt: 1715.59ms | tok/s: 305,602 | mfu: 34.88 | epoch: 1 | eta: 46.9m
step 00561/02205 (25.44%) [ns2_ftrl_eta0p2] | loss: 3.610741 | lrm: 1.00 | dt: 1724.47ms | tok/s: 304,027 | mfu: 34.71 | epoch: 1 | eta: 46.9m
step 00562/02205 (25.49%) [ns2_ftrl_eta0p2] | loss: 3.608193 | lrm: 1.00 | dt: 1719.56ms | tok/s: 304,896 | mfu: 34.80 | epoch: 1 | eta: 46.8m
step 00563/02205 (25.53%) [ns2_ftrl_eta0p2] | loss: 3.601889 | lrm: 1.00 | dt: 1722.47ms | tok/s: 304,380 | mfu: 34.75 | epoch: 1 | eta: 46.8m
step 00564/02205 (25.58%) [ns2_ftrl_eta0p2] | loss: 3.593455 | lrm: 1.00 | dt: 1722.90ms | tok/s: 304,304 | mfu: 34.74 | epoch: 1 | eta: 46.8m
step 00565/02205 (25.62%) [ns2_ftrl_eta0p2] | loss: 3.592222 | lrm: 1.00 | dt: 1718.80ms | tok/s: 305,030 | mfu: 34.82 | epoch: 1 | eta: 46.8m
step 00566/02205 (25.67%) [ns2_ftrl_eta0p2] | loss: 3.597591 | lrm: 1.00 | dt: 1718.91ms | tok/s: 305,012 | mfu: 34.82 | epoch: 1 | eta: 46.7m
step 00567/02205 (25.71%) [ns2_ftrl_eta0p2] | loss: 3.594749 | lrm: 1.00 | dt: 1719.40ms | tok/s: 304,924 | mfu: 34.81 | epoch: 1 | eta: 46.7m
step 00568/02205 (25.76%) [ns2_ftrl_eta0p2] | loss: 3.596137 | lrm: 1.00 | dt: 1720.53ms | tok/s: 304,725 | mfu: 34.78 | epoch: 1 | eta: 46.7m
step 00569/02205 (25.80%) [ns2_ftrl_eta0p2] | loss: 3.592219 | lrm: 1.00 | dt: 1721.87ms | tok/s: 304,488 | mfu: 34.76 | epoch: 1 | eta: 46.6m
step 00570/02205 (25.85%) [ns2_ftrl_eta0p2] | loss: 3.598723 | lrm: 1.00 | dt: 1720.71ms | tok/s: 304,693 | mfu: 34.78 | epoch: 1 | eta: 46.6m
step 00571/02205 (25.90%) [ns2_ftrl_eta0p2] | loss: 3.606699 | lrm: 1.00 | dt: 1725.79ms | tok/s: 303,795 | mfu: 34.68 | epoch: 1 | eta: 46.6m
step 00572/02205 (25.94%) [ns2_ftrl_eta0p2] | loss: 3.608147 | lrm: 1.00 | dt: 1720.64ms | tok/s: 304,705 | mfu: 34.78 | epoch: 1 | eta: 46.6m
step 00573/02205 (25.99%) [ns2_ftrl_eta0p2] | loss: 3.606456 | lrm: 1.00 | dt: 1727.70ms | tok/s: 303,459 | mfu: 34.64 | epoch: 1 | eta: 46.5m
step 00574/02205 (26.03%) [ns2_ftrl_eta0p2] | loss: 3.623352 | lrm: 1.00 | dt: 1725.70ms | tok/s: 303,812 | mfu: 34.68 | epoch: 1 | eta: 46.5m
step 00575/02205 (26.08%) [ns2_ftrl_eta0p2] | loss: 3.612727 | lrm: 1.00 | dt: 1720.54ms | tok/s: 304,722 | mfu: 34.78 | epoch: 1 | eta: 46.5m
step 00576/02205 (26.12%) [ns2_ftrl_eta0p2] | loss: 3.608316 | lrm: 1.00 | dt: 1720.34ms | tok/s: 304,758 | mfu: 34.79 | epoch: 1 | eta: 46.4m
step 00577/02205 (26.17%) [ns2_ftrl_eta0p2] | loss: 3.612012 | lrm: 1.00 | dt: 1717.91ms | tok/s: 305,189 | mfu: 34.84 | epoch: 1 | eta: 46.4m
step 00578/02205 (26.21%) [ns2_ftrl_eta0p2] | loss: 3.615262 | lrm: 1.00 | dt: 1719.87ms | tok/s: 304,841 | mfu: 34.80 | epoch: 1 | eta: 46.4m
step 00579/02205 (26.26%) [ns2_ftrl_eta0p2] | loss: 3.613417 | lrm: 1.00 | dt: 1723.08ms | tok/s: 304,273 | mfu: 34.73 | epoch: 1 | eta: 46.4m
step 00580/02205 (26.30%) [ns2_ftrl_eta0p2] | loss: 3.600134 | lrm: 1.00 | dt: 1721.32ms | tok/s: 304,585 | mfu: 34.77 | epoch: 1 | eta: 46.3m
step 00581/02205 (26.35%) [ns2_ftrl_eta0p2] | loss: 3.600436 | lrm: 1.00 | dt: 1725.35ms | tok/s: 303,872 | mfu: 34.69 | epoch: 1 | eta: 46.3m
step 00582/02205 (26.39%) [ns2_ftrl_eta0p2] | loss: 3.591088 | lrm: 1.00 | dt: 1725.82ms | tok/s: 303,790 | mfu: 34.68 | epoch: 1 | eta: 46.3m
step 00583/02205 (26.44%) [ns2_ftrl_eta0p2] | loss: 3.600492 | lrm: 1.00 | dt: 1717.71ms | tok/s: 305,224 | mfu: 34.84 | epoch: 1 | eta: 46.2m
step 00584/02205 (26.49%) [ns2_ftrl_eta0p2] | loss: 3.593632 | lrm: 1.00 | dt: 1716.11ms | tok/s: 305,509 | mfu: 34.87 | epoch: 1 | eta: 46.2m
step 00585/02205 (26.53%) [ns2_ftrl_eta0p2] | loss: 3.599326 | lrm: 1.00 | dt: 1724.86ms | tok/s: 303,959 | mfu: 34.70 | epoch: 1 | eta: 46.2m
step 00586/02205 (26.58%) [ns2_ftrl_eta0p2] | loss: 3.598207 | lrm: 1.00 | dt: 1720.45ms | tok/s: 304,738 | mfu: 34.79 | epoch: 1 | eta: 46.2m
step 00587/02205 (26.62%) [ns2_ftrl_eta0p2] | loss: 3.593311 | lrm: 1.00 | dt: 1719.72ms | tok/s: 304,867 | mfu: 34.80 | epoch: 1 | eta: 46.1m
step 00588/02205 (26.67%) [ns2_ftrl_eta0p2] | loss: 3.590733 | lrm: 1.00 | dt: 1724.16ms | tok/s: 304,082 | mfu: 34.71 | epoch: 1 | eta: 46.1m
step 00589/02205 (26.71%) [ns2_ftrl_eta0p2] | loss: 3.589682 | lrm: 1.00 | dt: 1718.42ms | tok/s: 305,099 | mfu: 34.83 | epoch: 1 | eta: 46.1m
step 00590/02205 (26.76%) [ns2_ftrl_eta0p2] | loss: 3.586819 | lrm: 1.00 | dt: 1722.27ms | tok/s: 304,417 | mfu: 34.75 | epoch: 1 | eta: 46.1m
step 00591/02205 (26.80%) [ns2_ftrl_eta0p2] | loss: 3.574160 | lrm: 1.00 | dt: 1717.14ms | tok/s: 305,326 | mfu: 34.85 | epoch: 1 | eta: 46.0m
step 00592/02205 (26.85%) [ns2_ftrl_eta0p2] | loss: 3.572238 | lrm: 1.00 | dt: 1724.93ms | tok/s: 303,948 | mfu: 34.70 | epoch: 1 | eta: 46.0m
step 00593/02205 (26.89%) [ns2_ftrl_eta0p2] | loss: 3.559821 | lrm: 1.00 | dt: 1719.60ms | tok/s: 304,888 | mfu: 34.80 | epoch: 1 | eta: 46.0m
step 00594/02205 (26.94%) [ns2_ftrl_eta0p2] | loss: 3.563579 | lrm: 1.00 | dt: 1717.48ms | tok/s: 305,265 | mfu: 34.85 | epoch: 1 | eta: 45.9m
step 00595/02205 (26.98%) [ns2_ftrl_eta0p2] | loss: 3.574527 | lrm: 1.00 | dt: 1727.92ms | tok/s: 303,421 | mfu: 34.64 | epoch: 1 | eta: 45.9m
step 00596/02205 (27.03%) [ns2_ftrl_eta0p2] | loss: 3.586237 | lrm: 1.00 | dt: 1726.67ms | tok/s: 303,641 | mfu: 34.66 | epoch: 1 | eta: 45.9m
step 00597/02205 (27.07%) [ns2_ftrl_eta0p2] | loss: 3.587154 | lrm: 1.00 | dt: 1718.74ms | tok/s: 305,041 | mfu: 34.82 | epoch: 1 | eta: 45.9m
step 00598/02205 (27.12%) [ns2_ftrl_eta0p2] | loss: 3.588616 | lrm: 1.00 | dt: 1721.95ms | tok/s: 304,473 | mfu: 34.76 | epoch: 1 | eta: 45.8m
step 00599/02205 (27.17%) [ns2_ftrl_eta0p2] | loss: 3.589685 | lrm: 1.00 | dt: 1722.56ms | tok/s: 304,365 | mfu: 34.74 | epoch: 1 | eta: 45.8m
step 00600/02205 (27.21%) [ns2_ftrl_eta0p2] | loss: 3.584276 | lrm: 1.00 | dt: 1723.55ms | tok/s: 304,191 | mfu: 34.72 | epoch: 1 | eta: 45.8m
step 00601/02205 (27.26%) [ns2_ftrl_eta0p2] | loss: 3.584387 | lrm: 1.00 | dt: 1719.29ms | tok/s: 304,944 | mfu: 34.81 | epoch: 1 | eta: 45.7m
step 00602/02205 (27.30%) [ns2_ftrl_eta0p2] | loss: 3.583580 | lrm: 1.00 | dt: 1719.15ms | tok/s: 304,969 | mfu: 34.81 | epoch: 1 | eta: 45.7m
step 00603/02205 (27.35%) [ns2_ftrl_eta0p2] | loss: 3.575961 | lrm: 1.00 | dt: 1725.30ms | tok/s: 303,881 | mfu: 34.69 | epoch: 1 | eta: 45.7m
step 00604/02205 (27.39%) [ns2_ftrl_eta0p2] | loss: 3.577718 | lrm: 1.00 | dt: 1715.76ms | tok/s: 305,571 | mfu: 34.88 | epoch: 1 | eta: 45.7m
step 00605/02205 (27.44%) [ns2_ftrl_eta0p2] | loss: 3.578273 | lrm: 1.00 | dt: 1718.69ms | tok/s: 305,051 | mfu: 34.82 | epoch: 1 | eta: 45.6m
step 00606/02205 (27.48%) [ns2_ftrl_eta0p2] | loss: 3.587567 | lrm: 1.00 | dt: 1719.99ms | tok/s: 304,820 | mfu: 34.80 | epoch: 1 | eta: 45.6m
step 00607/02205 (27.53%) [ns2_ftrl_eta0p2] | loss: 3.593748 | lrm: 1.00 | dt: 1718.27ms | tok/s: 305,126 | mfu: 34.83 | epoch: 1 | eta: 45.6m
step 00608/02205 (27.57%) [ns2_ftrl_eta0p2] | loss: 3.586366 | lrm: 1.00 | dt: 1719.00ms | tok/s: 304,995 | mfu: 34.82 | epoch: 1 | eta: 45.5m
step 00609/02205 (27.62%) [ns2_ftrl_eta0p2] | loss: 3.594724 | lrm: 1.00 | dt: 1718.92ms | tok/s: 305,010 | mfu: 34.82 | epoch: 1 | eta: 45.5m
step 00610/02205 (27.66%) [ns2_ftrl_eta0p2] | loss: 3.589719 | lrm: 1.00 | dt: 1723.39ms | tok/s: 304,218 | mfu: 34.73 | epoch: 1 | eta: 45.5m
step 00611/02205 (27.71%) [ns2_ftrl_eta0p2] | loss: 3.589333 | lrm: 1.00 | dt: 1720.65ms | tok/s: 304,703 | mfu: 34.78 | epoch: 1 | eta: 45.5m
step 00612/02205 (27.76%) [ns2_ftrl_eta0p2] | loss: 3.587495 | lrm: 1.00 | dt: 1724.71ms | tok/s: 303,986 | mfu: 34.70 | epoch: 1 | eta: 45.4m
step 00613/02205 (27.80%) [ns2_ftrl_eta0p2] | loss: 3.584195 | lrm: 1.00 | dt: 1720.22ms | tok/s: 304,780 | mfu: 34.79 | epoch: 1 | eta: 45.4m
step 00614/02205 (27.85%) [ns2_ftrl_eta0p2] | loss: 3.583715 | lrm: 1.00 | dt: 1720.68ms | tok/s: 304,697 | mfu: 34.78 | epoch: 1 | eta: 45.4m
step 00615/02205 (27.89%) [ns2_ftrl_eta0p2] | loss: 3.587655 | lrm: 1.00 | dt: 1712.49ms | tok/s: 306,156 | mfu: 34.95 | epoch: 1 | eta: 45.3m
step 00616/02205 (27.94%) [ns2_ftrl_eta0p2] | loss: 3.584622 | lrm: 1.00 | dt: 1722.59ms | tok/s: 304,359 | mfu: 34.74 | epoch: 1 | eta: 45.3m
step 00617/02205 (27.98%) [ns2_ftrl_eta0p2] | loss: 3.578019 | lrm: 1.00 | dt: 1719.68ms | tok/s: 304,875 | mfu: 34.80 | epoch: 1 | eta: 45.3m
step 00618/02205 (28.03%) [ns2_ftrl_eta0p2] | loss: 3.578453 | lrm: 1.00 | dt: 1714.53ms | tok/s: 305,791 | mfu: 34.91 | epoch: 1 | eta: 45.3m
step 00619/02205 (28.07%) [ns2_ftrl_eta0p2] | loss: 3.572628 | lrm: 1.00 | dt: 1713.75ms | tok/s: 305,930 | mfu: 34.92 | epoch: 1 | eta: 45.2m
step 00620/02205 (28.12%) [ns2_ftrl_eta0p2] | loss: 3.561651 | lrm: 1.00 | dt: 1718.78ms | tok/s: 305,034 | mfu: 34.82 | epoch: 1 | eta: 45.2m
step 00621/02205 (28.16%) [ns2_ftrl_eta0p2] | loss: 3.561531 | lrm: 1.00 | dt: 1725.60ms | tok/s: 303,828 | mfu: 34.68 | epoch: 1 | eta: 45.2m
step 00622/02205 (28.21%) [ns2_ftrl_eta0p2] | loss: 3.573455 | lrm: 1.00 | dt: 1719.04ms | tok/s: 304,989 | mfu: 34.81 | epoch: 1 | eta: 45.2m
step 00623/02205 (28.25%) [ns2_ftrl_eta0p2] | loss: 3.571770 | lrm: 1.00 | dt: 1724.23ms | tok/s: 304,071 | mfu: 34.71 | epoch: 1 | eta: 45.1m
step 00624/02205 (28.30%) [ns2_ftrl_eta0p2] | loss: 3.570408 | lrm: 1.00 | dt: 1716.41ms | tok/s: 305,455 | mfu: 34.87 | epoch: 1 | eta: 45.1m
step 00625/02205 (28.34%) [ns2_ftrl_eta0p2] | loss: 3.560240 | lrm: 1.00 | dt: 1719.38ms | tok/s: 304,928 | mfu: 34.81 | epoch: 1 | eta: 45.1m
step 00626/02205 (28.39%) [ns2_ftrl_eta0p2] | loss: 3.558068 | lrm: 1.00 | dt: 1723.64ms | tok/s: 304,175 | mfu: 34.72 | epoch: 1 | eta: 45.0m
step 00627/02205 (28.44%) [ns2_ftrl_eta0p2] | loss: 3.563787 | lrm: 1.00 | dt: 1723.96ms | tok/s: 304,118 | mfu: 34.72 | epoch: 1 | eta: 45.0m
step 00628/02205 (28.48%) [ns2_ftrl_eta0p2] | loss: 3.558101 | lrm: 1.00 | dt: 1723.16ms | tok/s: 304,259 | mfu: 34.73 | epoch: 1 | eta: 45.0m
step 00629/02205 (28.53%) [ns2_ftrl_eta0p2] | loss: 3.567161 | lrm: 1.00 | dt: 1718.43ms | tok/s: 305,096 | mfu: 34.83 | epoch: 1 | eta: 45.0m
step 00630/02205 (28.57%) [ns2_ftrl_eta0p2] | loss: 3.555737 | lrm: 1.00 | dt: 1725.22ms | tok/s: 303,896 | mfu: 34.69 | epoch: 1 | eta: 44.9m
step 00631/02205 (28.62%) [ns2_ftrl_eta0p2] | loss: 3.550361 | lrm: 1.00 | dt: 1722.23ms | tok/s: 304,423 | mfu: 34.75 | epoch: 1 | eta: 44.9m
step 00632/02205 (28.66%) [ns2_ftrl_eta0p2] | loss: 3.553694 | lrm: 1.00 | dt: 1720.09ms | tok/s: 304,803 | mfu: 34.79 | epoch: 1 | eta: 44.9m
step 00633/02205 (28.71%) [ns2_ftrl_eta0p2] | loss: 3.563521 | lrm: 1.00 | dt: 1718.27ms | tok/s: 305,125 | mfu: 34.83 | epoch: 1 | eta: 44.8m
step 00634/02205 (28.75%) [ns2_ftrl_eta0p2] | loss: 3.556631 | lrm: 1.00 | dt: 1721.94ms | tok/s: 304,475 | mfu: 34.76 | epoch: 1 | eta: 44.8m
step 00635/02205 (28.80%) [ns2_ftrl_eta0p2] | loss: 3.563901 | lrm: 1.00 | dt: 1721.98ms | tok/s: 304,468 | mfu: 34.76 | epoch: 1 | eta: 44.8m
step 00636/02205 (28.84%) [ns2_ftrl_eta0p2] | loss: 3.560080 | lrm: 1.00 | dt: 1720.55ms | tok/s: 304,721 | mfu: 34.78 | epoch: 1 | eta: 44.8m
step 00637/02205 (28.89%) [ns2_ftrl_eta0p2] | loss: 3.562508 | lrm: 1.00 | dt: 1719.98ms | tok/s: 304,822 | mfu: 34.80 | epoch: 1 | eta: 44.7m
step 00638/02205 (28.93%) [ns2_ftrl_eta0p2] | loss: 3.564577 | lrm: 1.00 | dt: 1717.19ms | tok/s: 305,316 | mfu: 34.85 | epoch: 1 | eta: 44.7m
step 00639/02205 (28.98%) [ns2_ftrl_eta0p2] | loss: 3.562975 | lrm: 1.00 | dt: 1726.10ms | tok/s: 303,740 | mfu: 34.67 | epoch: 1 | eta: 44.7m
step 00640/02205 (29.02%) [ns2_ftrl_eta0p2] | loss: 3.562954 | lrm: 1.00 | dt: 1726.15ms | tok/s: 303,732 | mfu: 34.67 | epoch: 1 | eta: 44.6m
step 00641/02205 (29.07%) [ns2_ftrl_eta0p2] | loss: 3.561158 | lrm: 1.00 | dt: 1722.92ms | tok/s: 304,301 | mfu: 34.74 | epoch: 1 | eta: 44.6m
step 00642/02205 (29.12%) [ns2_ftrl_eta0p2] | loss: 3.553555 | lrm: 1.00 | dt: 1721.35ms | tok/s: 304,580 | mfu: 34.77 | epoch: 1 | eta: 44.6m
step 00643/02205 (29.16%) [ns2_ftrl_eta0p2] | loss: 3.549219 | lrm: 1.00 | dt: 1719.43ms | tok/s: 304,919 | mfu: 34.81 | epoch: 1 | eta: 44.6m
step 00644/02205 (29.21%) [ns2_ftrl_eta0p2] | loss: 3.548711 | lrm: 1.00 | dt: 1722.21ms | tok/s: 304,426 | mfu: 34.75 | epoch: 1 | eta: 44.5m
step 00645/02205 (29.25%) [ns2_ftrl_eta0p2] | loss: 3.551469 | lrm: 1.00 | dt: 1719.97ms | tok/s: 304,823 | mfu: 34.80 | epoch: 1 | eta: 44.5m
step 00646/02205 (29.30%) [ns2_ftrl_eta0p2] | loss: 3.549851 | lrm: 1.00 | dt: 1719.44ms | tok/s: 304,917 | mfu: 34.81 | epoch: 1 | eta: 44.5m
step 00647/02205 (29.34%) [ns2_ftrl_eta0p2] | loss: 3.546726 | lrm: 1.00 | dt: 1726.06ms | tok/s: 303,748 | mfu: 34.67 | epoch: 1 | eta: 44.4m
step 00648/02205 (29.39%) [ns2_ftrl_eta0p2] | loss: 3.539457 | lrm: 1.00 | dt: 1719.13ms | tok/s: 304,972 | mfu: 34.81 | epoch: 1 | eta: 44.4m
step 00649/02205 (29.43%) [ns2_ftrl_eta0p2] | loss: 3.544021 | lrm: 1.00 | dt: 1720.05ms | tok/s: 304,809 | mfu: 34.79 | epoch: 1 | eta: 44.4m
step 00650/02205 (29.48%) [ns2_ftrl_eta0p2] | loss: 3.538714 | lrm: 1.00 | dt: 1716.04ms | tok/s: 305,522 | mfu: 34.88 | epoch: 1 | eta: 44.4m
step 00651/02205 (29.52%) [ns2_ftrl_eta0p2] | loss: 3.528867 | lrm: 1.00 | dt: 1720.28ms | tok/s: 304,769 | mfu: 34.79 | epoch: 1 | eta: 44.3m
step 00652/02205 (29.57%) [ns2_ftrl_eta0p2] | loss: 3.539044 | lrm: 1.00 | dt: 1715.12ms | tok/s: 305,686 | mfu: 34.89 | epoch: 1 | eta: 44.3m
step 00653/02205 (29.61%) [ns2_ftrl_eta0p2] | loss: 3.549108 | lrm: 1.00 | dt: 1717.53ms | tok/s: 305,256 | mfu: 34.85 | epoch: 1 | eta: 44.3m
step 00654/02205 (29.66%) [ns2_ftrl_eta0p2] | loss: 3.550587 | lrm: 1.00 | dt: 1717.79ms | tok/s: 305,211 | mfu: 34.84 | epoch: 1 | eta: 44.3m
step 00655/02205 (29.71%) [ns2_ftrl_eta0p2] | loss: 3.551500 | lrm: 1.00 | dt: 1715.44ms | tok/s: 305,628 | mfu: 34.89 | epoch: 1 | eta: 44.2m
step 00656/02205 (29.75%) [ns2_ftrl_eta0p2] | loss: 3.551173 | lrm: 1.00 | dt: 1716.21ms | tok/s: 305,491 | mfu: 34.87 | epoch: 1 | eta: 44.2m
step 00657/02205 (29.80%) [ns2_ftrl_eta0p2] | loss: 3.548158 | lrm: 1.00 | dt: 1721.70ms | tok/s: 304,517 | mfu: 34.76 | epoch: 1 | eta: 44.2m
step 00658/02205 (29.84%) [ns2_ftrl_eta0p2] | loss: 3.547989 | lrm: 1.00 | dt: 1716.76ms | tok/s: 305,394 | mfu: 34.86 | epoch: 1 | eta: 44.1m
step 00659/02205 (29.89%) [ns2_ftrl_eta0p2] | loss: 3.550505 | lrm: 1.00 | dt: 1715.70ms | tok/s: 305,583 | mfu: 34.88 | epoch: 1 | eta: 44.1m
step 00660/02205 (29.93%) [ns2_ftrl_eta0p2] | loss: 3.550828 | lrm: 1.00 | dt: 1722.03ms | tok/s: 304,459 | mfu: 34.75 | epoch: 1 | eta: 44.1m
step 00661/02205 (29.98%) [ns2_ftrl_eta0p2] | loss: 3.542177 | lrm: 1.00 | dt: 1712.17ms | tok/s: 306,212 | mfu: 34.95 | epoch: 1 | eta: 44.1m
step 00662/02205 (30.02%) [ns2_ftrl_eta0p2] | loss: 3.544559 | lrm: 1.00 | dt: 1717.05ms | tok/s: 305,342 | mfu: 34.86 | epoch: 1 | eta: 44.0m
step 00663/02205 (30.07%) [ns2_ftrl_eta0p2] | loss: 3.542252 | lrm: 1.00 | dt: 1719.33ms | tok/s: 304,937 | mfu: 34.81 | epoch: 1 | eta: 44.0m
step 00664/02205 (30.11%) [ns2_ftrl_eta0p2] | loss: 3.545581 | lrm: 1.00 | dt: 1723.20ms | tok/s: 304,253 | mfu: 34.73 | epoch: 1 | eta: 44.0m
step 00665/02205 (30.16%) [ns2_ftrl_eta0p2] | loss: 3.548624 | lrm: 1.00 | dt: 1714.96ms | tok/s: 305,714 | mfu: 34.90 | epoch: 1 | eta: 43.9m
step 00666/02205 (30.20%) [ns2_ftrl_eta0p2] | loss: 3.540901 | lrm: 1.00 | dt: 1714.11ms | tok/s: 305,865 | mfu: 34.91 | epoch: 1 | eta: 43.9m
step 00667/02205 (30.25%) [ns2_ftrl_eta0p2] | loss: 3.538860 | lrm: 1.00 | dt: 1724.54ms | tok/s: 304,016 | mfu: 34.70 | epoch: 1 | eta: 43.9m
step 00668/02205 (30.29%) [ns2_ftrl_eta0p2] | loss: 3.542108 | lrm: 1.00 | dt: 1720.99ms | tok/s: 304,643 | mfu: 34.78 | epoch: 1 | eta: 43.9m
step 00669/02205 (30.34%) [ns2_ftrl_eta0p2] | loss: 3.549220 | lrm: 1.00 | dt: 1720.85ms | tok/s: 304,667 | mfu: 34.78 | epoch: 1 | eta: 43.8m
step 00670/02205 (30.39%) [ns2_ftrl_eta0p2] | loss: 3.558932 | lrm: 1.00 | dt: 1721.97ms | tok/s: 304,469 | mfu: 34.76 | epoch: 1 | eta: 43.8m
step 00671/02205 (30.43%) [ns2_ftrl_eta0p2] | loss: 3.561606 | lrm: 1.00 | dt: 1716.29ms | tok/s: 305,477 | mfu: 34.87 | epoch: 1 | eta: 43.8m
step 00672/02205 (30.48%) [ns2_ftrl_eta0p2] | loss: 3.571378 | lrm: 1.00 | dt: 1722.87ms | tok/s: 304,311 | mfu: 34.74 | epoch: 1 | eta: 43.7m
step 00673/02205 (30.52%) [ns2_ftrl_eta0p2] | loss: 3.567803 | lrm: 1.00 | dt: 1719.58ms | tok/s: 304,893 | mfu: 34.80 | epoch: 1 | eta: 43.7m
step 00674/02205 (30.57%) [ns2_ftrl_eta0p2] | loss: 3.558323 | lrm: 1.00 | dt: 1717.96ms | tok/s: 305,181 | mfu: 34.84 | epoch: 1 | eta: 43.7m
step 00675/02205 (30.61%) [ns2_ftrl_eta0p2] | loss: 3.550799 | lrm: 1.00 | dt: 1725.24ms | tok/s: 303,892 | mfu: 34.69 | epoch: 1 | eta: 43.7m
step 00676/02205 (30.66%) [ns2_ftrl_eta0p2] | loss: 3.553707 | lrm: 1.00 | dt: 1718.24ms | tok/s: 305,130 | mfu: 34.83 | epoch: 1 | eta: 43.6m
step 00677/02205 (30.70%) [ns2_ftrl_eta0p2] | loss: 3.553004 | lrm: 1.00 | dt: 1723.32ms | tok/s: 304,231 | mfu: 34.73 | epoch: 1 | eta: 43.6m
step 00678/02205 (30.75%) [ns2_ftrl_eta0p2] | loss: 3.546945 | lrm: 1.00 | dt: 1718.17ms | tok/s: 305,143 | mfu: 34.83 | epoch: 1 | eta: 43.6m
step 00679/02205 (30.79%) [ns2_ftrl_eta0p2] | loss: 3.545569 | lrm: 1.00 | dt: 1715.40ms | tok/s: 305,636 | mfu: 34.89 | epoch: 1 | eta: 43.5m
step 00680/02205 (30.84%) [ns2_ftrl_eta0p2] | loss: 3.545311 | lrm: 1.00 | dt: 1722.57ms | tok/s: 304,363 | mfu: 34.74 | epoch: 1 | eta: 43.5m
step 00681/02205 (30.88%) [ns2_ftrl_eta0p2] | loss: 3.542842 | lrm: 1.00 | dt: 1720.33ms | tok/s: 304,760 | mfu: 34.79 | epoch: 1 | eta: 43.5m
step 00682/02205 (30.93%) [ns2_ftrl_eta0p2] | loss: 3.545333 | lrm: 1.00 | dt: 1724.15ms | tok/s: 304,084 | mfu: 34.71 | epoch: 1 | eta: 43.5m
step 00683/02205 (30.98%) [ns2_ftrl_eta0p2] | loss: 3.543133 | lrm: 1.00 | dt: 1718.66ms | tok/s: 305,056 | mfu: 34.82 | epoch: 1 | eta: 43.4m
step 00684/02205 (31.02%) [ns2_ftrl_eta0p2] | loss: 3.549585 | lrm: 1.00 | dt: 1722.20ms | tok/s: 304,429 | mfu: 34.75 | epoch: 1 | eta: 43.4m
step 00685/02205 (31.07%) [ns2_ftrl_eta0p2] | loss: 3.536923 | lrm: 1.00 | dt: 1722.74ms | tok/s: 304,334 | mfu: 34.74 | epoch: 1 | eta: 43.4m
step 00686/02205 (31.11%) [ns2_ftrl_eta0p2] | loss: 3.541584 | lrm: 1.00 | dt: 1721.68ms | tok/s: 304,521 | mfu: 34.76 | epoch: 1 | eta: 43.3m
step 00687/02205 (31.16%) [ns2_ftrl_eta0p2] | loss: 3.551893 | lrm: 1.00 | dt: 1722.10ms | tok/s: 304,447 | mfu: 34.75 | epoch: 1 | eta: 43.3m
step 00688/02205 (31.20%) [ns2_ftrl_eta0p2] | loss: 3.550671 | lrm: 1.00 | dt: 1719.53ms | tok/s: 304,901 | mfu: 34.80 | epoch: 1 | eta: 43.3m
step 00689/02205 (31.25%) [ns2_ftrl_eta0p2] | loss: 3.557712 | lrm: 1.00 | dt: 1719.96ms | tok/s: 304,825 | mfu: 34.80 | epoch: 1 | eta: 43.3m
step 00690/02205 (31.29%) [ns2_ftrl_eta0p2] | loss: 3.551216 | lrm: 1.00 | dt: 1723.88ms | tok/s: 304,131 | mfu: 34.72 | epoch: 1 | eta: 43.2m
step 00691/02205 (31.34%) [ns2_ftrl_eta0p2] | loss: 3.560831 | lrm: 1.00 | dt: 1717.75ms | tok/s: 305,217 | mfu: 34.84 | epoch: 1 | eta: 43.2m
step 00692/02205 (31.38%) [ns2_ftrl_eta0p2] | loss: 3.550160 | lrm: 1.00 | dt: 1720.93ms | tok/s: 304,654 | mfu: 34.78 | epoch: 1 | eta: 43.2m
step 00693/02205 (31.43%) [ns2_ftrl_eta0p2] | loss: 3.546536 | lrm: 1.00 | dt: 1716.18ms | tok/s: 305,497 | mfu: 34.87 | epoch: 1 | eta: 43.1m
step 00694/02205 (31.47%) [ns2_ftrl_eta0p2] | loss: 3.547664 | lrm: 1.00 | dt: 1716.65ms | tok/s: 305,413 | mfu: 34.86 | epoch: 1 | eta: 43.1m
step 00695/02205 (31.52%) [ns2_ftrl_eta0p2] | loss: 3.545917 | lrm: 1.00 | dt: 1718.65ms | tok/s: 305,058 | mfu: 34.82 | epoch: 1 | eta: 43.1m
step 00696/02205 (31.56%) [ns2_ftrl_eta0p2] | loss: 3.536749 | lrm: 1.00 | dt: 1722.38ms | tok/s: 304,397 | mfu: 34.75 | epoch: 1 | eta: 43.1m
step 00697/02205 (31.61%) [ns2_ftrl_eta0p2] | loss: 3.538271 | lrm: 1.00 | dt: 1718.06ms | tok/s: 305,163 | mfu: 34.83 | epoch: 1 | eta: 43.0m
step 00698/02205 (31.66%) [ns2_ftrl_eta0p2] | loss: 3.532147 | lrm: 1.00 | dt: 1723.17ms | tok/s: 304,257 | mfu: 34.73 | epoch: 1 | eta: 43.0m
step 00699/02205 (31.70%) [ns2_ftrl_eta0p2] | loss: 3.543503 | lrm: 1.00 | dt: 1725.14ms | tok/s: 303,910 | mfu: 34.69 | epoch: 1 | eta: 43.0m
step 00700/02205 (31.75%) [ns2_ftrl_eta0p2] | loss: 3.543840 | lrm: 1.00 | dt: 1717.28ms | tok/s: 305,301 | mfu: 34.85 | epoch: 1 | eta: 43.0m
step 00701/02205 (31.79%) [ns2_ftrl_eta0p2] | loss: 3.544290 | lrm: 1.00 | dt: 1717.60ms | tok/s: 305,244 | mfu: 34.84 | epoch: 1 | eta: 42.9m
step 00702/02205 (31.84%) [ns2_ftrl_eta0p2] | loss: 3.556872 | lrm: 1.00 | dt: 1722.59ms | tok/s: 304,360 | mfu: 34.74 | epoch: 1 | eta: 42.9m
step 00703/02205 (31.88%) [ns2_ftrl_eta0p2] | loss: 3.563862 | lrm: 1.00 | dt: 1720.11ms | tok/s: 304,799 | mfu: 34.79 | epoch: 1 | eta: 42.9m
step 00704/02205 (31.93%) [ns2_ftrl_eta0p2] | loss: 3.562140 | lrm: 1.00 | dt: 1720.08ms | tok/s: 304,804 | mfu: 34.79 | epoch: 1 | eta: 42.8m
step 00705/02205 (31.97%) [ns2_ftrl_eta0p2] | loss: 3.565318 | lrm: 1.00 | dt: 1722.40ms | tok/s: 304,394 | mfu: 34.75 | epoch: 1 | eta: 42.8m
step 00706/02205 (32.02%) [ns2_ftrl_eta0p2] | loss: 3.572235 | lrm: 1.00 | dt: 1721.29ms | tok/s: 304,590 | mfu: 34.77 | epoch: 1 | eta: 42.8m
step 00707/02205 (32.06%) [ns2_ftrl_eta0p2] | loss: 3.571519 | lrm: 1.00 | dt: 1723.40ms | tok/s: 304,217 | mfu: 34.73 | epoch: 1 | eta: 42.8m
step 00708/02205 (32.11%) [ns2_ftrl_eta0p2] | loss: 3.564659 | lrm: 1.00 | dt: 1717.70ms | tok/s: 305,226 | mfu: 34.84 | epoch: 1 | eta: 42.7m
step 00709/02205 (32.15%) [ns2_ftrl_eta0p2] | loss: 3.562745 | lrm: 1.00 | dt: 1721.42ms | tok/s: 304,566 | mfu: 34.77 | epoch: 1 | eta: 42.7m
step 00710/02205 (32.20%) [ns2_ftrl_eta0p2] | loss: 3.558492 | lrm: 1.00 | dt: 1719.19ms | tok/s: 304,961 | mfu: 34.81 | epoch: 1 | eta: 42.7m
step 00711/02205 (32.24%) [ns2_ftrl_eta0p2] | loss: 3.562726 | lrm: 1.00 | dt: 1718.93ms | tok/s: 305,009 | mfu: 34.82 | epoch: 1 | eta: 42.6m
step 00712/02205 (32.29%) [ns2_ftrl_eta0p2] | loss: 3.565924 | lrm: 1.00 | dt: 1725.02ms | tok/s: 303,930 | mfu: 34.69 | epoch: 1 | eta: 42.6m
step 00713/02205 (32.34%) [ns2_ftrl_eta0p2] | loss: 3.561414 | lrm: 1.00 | dt: 1720.69ms | tok/s: 304,696 | mfu: 34.78 | epoch: 1 | eta: 42.6m
step 00714/02205 (32.38%) [ns2_ftrl_eta0p2] | loss: 3.549295 | lrm: 1.00 | dt: 1719.01ms | tok/s: 304,994 | mfu: 34.82 | epoch: 1 | eta: 42.6m
step 00715/02205 (32.43%) [ns2_ftrl_eta0p2] | loss: 3.543112 | lrm: 1.00 | dt: 1725.55ms | tok/s: 303,838 | mfu: 34.68 | epoch: 1 | eta: 42.5m
step 00716/02205 (32.47%) [ns2_ftrl_eta0p2] | loss: 3.546570 | lrm: 1.00 | dt: 1720.36ms | tok/s: 304,753 | mfu: 34.79 | epoch: 1 | eta: 42.5m
step 00717/02205 (32.52%) [ns2_ftrl_eta0p2] | loss: 3.535985 | lrm: 1.00 | dt: 1719.25ms | tok/s: 304,951 | mfu: 34.81 | epoch: 1 | eta: 42.5m
step 00718/02205 (32.56%) [ns2_ftrl_eta0p2] | loss: 3.526055 | lrm: 1.00 | dt: 1723.14ms | tok/s: 304,263 | mfu: 34.73 | epoch: 1 | eta: 42.4m
step 00719/02205 (32.61%) [ns2_ftrl_eta0p2] | loss: 3.530006 | lrm: 1.00 | dt: 1723.47ms | tok/s: 304,204 | mfu: 34.73 | epoch: 1 | eta: 42.4m
step 00720/02205 (32.65%) [ns2_ftrl_eta0p2] | loss: 3.520103 | lrm: 1.00 | dt: 1722.62ms | tok/s: 304,355 | mfu: 34.74 | epoch: 1 | eta: 42.4m
step 00721/02205 (32.70%) [ns2_ftrl_eta0p2] | loss: 3.519158 | lrm: 1.00 | dt: 1722.31ms | tok/s: 304,410 | mfu: 34.75 | epoch: 1 | eta: 42.4m
step 00722/02205 (32.74%) [ns2_ftrl_eta0p2] | loss: 3.513850 | lrm: 1.00 | dt: 1722.29ms | tok/s: 304,413 | mfu: 34.75 | epoch: 1 | eta: 42.3m
step 00723/02205 (32.79%) [ns2_ftrl_eta0p2] | loss: 3.515751 | lrm: 1.00 | dt: 1719.23ms | tok/s: 304,954 | mfu: 34.81 | epoch: 1 | eta: 42.3m
step 00724/02205 (32.83%) [ns2_ftrl_eta0p2] | loss: 3.505597 | lrm: 1.00 | dt: 1720.47ms | tok/s: 304,734 | mfu: 34.79 | epoch: 1 | eta: 42.3m
step 00725/02205 (32.88%) [ns2_ftrl_eta0p2] | loss: 3.506575 | lrm: 1.00 | dt: 1727.06ms | tok/s: 303,571 | mfu: 34.65 | epoch: 1 | eta: 42.2m
step 00726/02205 (32.93%) [ns2_ftrl_eta0p2] | loss: 3.494352 | lrm: 1.00 | dt: 1718.82ms | tok/s: 305,027 | mfu: 34.82 | epoch: 1 | eta: 42.2m
step 00727/02205 (32.97%) [ns2_ftrl_eta0p2] | loss: 3.502868 | lrm: 1.00 | dt: 1719.21ms | tok/s: 304,959 | mfu: 34.81 | epoch: 1 | eta: 42.2m
step 00728/02205 (33.02%) [ns2_ftrl_eta0p2] | loss: 3.499569 | lrm: 1.00 | dt: 1720.24ms | tok/s: 304,776 | mfu: 34.79 | epoch: 1 | eta: 42.2m
step 00729/02205 (33.06%) [ns2_ftrl_eta0p2] | loss: 3.491266 | lrm: 1.00 | dt: 1720.21ms | tok/s: 304,781 | mfu: 34.79 | epoch: 1 | eta: 42.1m
step 00730/02205 (33.11%) [ns2_ftrl_eta0p2] | loss: 3.497687 | lrm: 1.00 | dt: 1722.25ms | tok/s: 304,420 | mfu: 34.75 | epoch: 1 | eta: 42.1m
step 00731/02205 (33.15%) [ns2_ftrl_eta0p2] | loss: 3.500524 | lrm: 1.00 | dt: 1717.36ms | tok/s: 305,286 | mfu: 34.85 | epoch: 1 | eta: 42.1m
step 00732/02205 (33.20%) [ns2_ftrl_eta0p2] | loss: 3.503832 | lrm: 1.00 | dt: 1725.71ms | tok/s: 303,810 | mfu: 34.68 | epoch: 1 | eta: 42.0m
step 00733/02205 (33.24%) [ns2_ftrl_eta0p2] | loss: 3.512305 | lrm: 1.00 | dt: 1719.62ms | tok/s: 304,885 | mfu: 34.80 | epoch: 1 | eta: 42.0m
step 00734/02205 (33.29%) [ns2_ftrl_eta0p2] | loss: 3.521158 | lrm: 1.00 | dt: 1725.89ms | tok/s: 303,778 | mfu: 34.68 | epoch: 1 | eta: 42.0m
step 00735/02205 (33.33%) [ns2_ftrl_eta0p2] | loss: 3.520954 | lrm: 1.00 | dt: 1725.02ms | tok/s: 303,931 | mfu: 34.69 | epoch: 1 | eta: 42.0m
step 00736/02205 (33.38%) [ns2_ftrl_eta0p2] | loss: 3.509410 | lrm: 1.00 | dt: 1724.11ms | tok/s: 304,092 | mfu: 34.71 | epoch: 1 | eta: 41.9m
step 00737/02205 (33.42%) [ns2_ftrl_eta0p2] | loss: 3.509671 | lrm: 1.00 | dt: 1721.08ms | tok/s: 304,627 | mfu: 34.77 | epoch: 1 | eta: 41.9m
step 00738/02205 (33.47%) [ns2_ftrl_eta0p2] | loss: 3.510029 | lrm: 1.00 | dt: 1720.55ms | tok/s: 304,720 | mfu: 34.78 | epoch: 1 | eta: 41.9m
step 00739/02205 (33.51%) [ns2_ftrl_eta0p2] | loss: 3.509683 | lrm: 1.00 | dt: 1718.21ms | tok/s: 305,136 | mfu: 34.83 | epoch: 1 | eta: 41.9m
step 00740/02205 (33.56%) [ns2_ftrl_eta0p2] | loss: 3.502143 | lrm: 1.00 | dt: 1723.41ms | tok/s: 304,214 | mfu: 34.73 | epoch: 1 | eta: 41.8m
step 00741/02205 (33.61%) [ns2_ftrl_eta0p2] | loss: 3.506119 | lrm: 1.00 | dt: 1719.73ms | tok/s: 304,867 | mfu: 34.80 | epoch: 1 | eta: 41.8m
step 00742/02205 (33.65%) [ns2_ftrl_eta0p2] | loss: 3.502267 | lrm: 1.00 | dt: 1720.36ms | tok/s: 304,754 | mfu: 34.79 | epoch: 1 | eta: 41.8m
step 00743/02205 (33.70%) [ns2_ftrl_eta0p2] | loss: 3.501216 | lrm: 1.00 | dt: 1722.89ms | tok/s: 304,307 | mfu: 34.74 | epoch: 1 | eta: 41.7m
step 00744/02205 (33.74%) [ns2_ftrl_eta0p2] | loss: 3.505755 | lrm: 1.00 | dt: 1720.79ms | tok/s: 304,678 | mfu: 34.78 | epoch: 1 | eta: 41.7m
step 00745/02205 (33.79%) [ns2_ftrl_eta0p2] | loss: 3.511398 | lrm: 1.00 | dt: 1725.78ms | tok/s: 303,796 | mfu: 34.68 | epoch: 1 | eta: 41.7m
step 00746/02205 (33.83%) [ns2_ftrl_eta0p2] | loss: 3.512458 | lrm: 1.00 | dt: 1719.19ms | tok/s: 304,962 | mfu: 34.81 | epoch: 1 | eta: 41.7m
step 00747/02205 (33.88%) [ns2_ftrl_eta0p2] | loss: 3.520362 | lrm: 1.00 | dt: 1723.01ms | tok/s: 304,285 | mfu: 34.73 | epoch: 1 | eta: 41.6m
step 00748/02205 (33.92%) [ns2_ftrl_eta0p2] | loss: 3.514297 | lrm: 1.00 | dt: 1715.57ms | tok/s: 305,605 | mfu: 34.89 | epoch: 1 | eta: 41.6m
step 00749/02205 (33.97%) [ns2_ftrl_eta0p2] | loss: 3.508819 | lrm: 1.00 | dt: 1724.77ms | tok/s: 303,975 | mfu: 34.70 | epoch: 1 | eta: 41.6m
Step 00750 | val bpb: 1.032593
step 00750/02205 (34.01%) [ns2_ftrl_eta0p2] | loss: 3.510285 | lrm: 1.00 | dt: 1693.45ms | tok/s: 309,598 | mfu: 35.34 | epoch: 1 | eta: 41.5m
step 00751/02205 (34.06%) [ns2_ftrl_eta0p2] | loss: 3.520244 | lrm: 1.00 | dt: 1715.23ms | tok/s: 305,666 | mfu: 34.89 | epoch: 1 | eta: 41.5m
step 00752/02205 (34.10%) [ns2_ftrl_eta0p2] | loss: 3.510874 | lrm: 1.00 | dt: 1715.30ms | tok/s: 305,654 | mfu: 34.89 | epoch: 1 | eta: 41.5m
step 00753/02205 (34.15%) [ns2_ftrl_eta0p2] | loss: 3.526214 | lrm: 1.00 | dt: 1709.53ms | tok/s: 306,685 | mfu: 35.01 | epoch: 1 | eta: 41.5m
step 00754/02205 (34.20%) [ns2_ftrl_eta0p2] | loss: 3.524139 | lrm: 1.00 | dt: 1712.64ms | tok/s: 306,128 | mfu: 34.94 | epoch: 1 | eta: 41.4m
step 00755/02205 (34.24%) [ns2_ftrl_eta0p2] | loss: 3.524595 | lrm: 1.00 | dt: 1715.42ms | tok/s: 305,631 | mfu: 34.89 | epoch: 1 | eta: 41.4m
step 00756/02205 (34.29%) [ns2_ftrl_eta0p2] | loss: 3.515190 | lrm: 1.00 | dt: 1716.33ms | tok/s: 305,471 | mfu: 34.87 | epoch: 1 | eta: 41.4m
step 00757/02205 (34.33%) [ns2_ftrl_eta0p2] | loss: 3.508154 | lrm: 1.00 | dt: 1717.68ms | tok/s: 305,229 | mfu: 34.84 | epoch: 1 | eta: 41.3m
step 00758/02205 (34.38%) [ns2_ftrl_eta0p2] | loss: 3.511462 | lrm: 1.00 | dt: 1717.59ms | tok/s: 305,246 | mfu: 34.84 | epoch: 1 | eta: 41.3m
step 00759/02205 (34.42%) [ns2_ftrl_eta0p2] | loss: 3.513405 | lrm: 1.00 | dt: 1712.52ms | tok/s: 306,149 | mfu: 34.95 | epoch: 1 | eta: 41.3m
step 00760/02205 (34.47%) [ns2_ftrl_eta0p2] | loss: 3.518644 | lrm: 1.00 | dt: 1715.30ms | tok/s: 305,653 | mfu: 34.89 | epoch: 1 | eta: 41.3m
step 00761/02205 (34.51%) [ns2_ftrl_eta0p2] | loss: 3.519724 | lrm: 1.00 | dt: 1716.79ms | tok/s: 305,389 | mfu: 34.86 | epoch: 1 | eta: 41.2m
step 00762/02205 (34.56%) [ns2_ftrl_eta0p2] | loss: 3.512682 | lrm: 1.00 | dt: 1725.61ms | tok/s: 303,826 | mfu: 34.68 | epoch: 1 | eta: 41.2m
step 00763/02205 (34.60%) [ns2_ftrl_eta0p2] | loss: 3.503535 | lrm: 1.00 | dt: 1713.38ms | tok/s: 305,995 | mfu: 34.93 | epoch: 1 | eta: 41.2m
step 00764/02205 (34.65%) [ns2_ftrl_eta0p2] | loss: 3.505916 | lrm: 1.00 | dt: 1727.75ms | tok/s: 303,451 | mfu: 34.64 | epoch: 1 | eta: 41.1m
step 00765/02205 (34.69%) [ns2_ftrl_eta0p2] | loss: 3.492880 | lrm: 1.00 | dt: 1715.80ms | tok/s: 305,564 | mfu: 34.88 | epoch: 1 | eta: 41.1m
step 00766/02205 (34.74%) [ns2_ftrl_eta0p2] | loss: 3.488864 | lrm: 1.00 | dt: 1715.16ms | tok/s: 305,678 | mfu: 34.89 | epoch: 1 | eta: 41.1m
step 00767/02205 (34.78%) [ns2_ftrl_eta0p2] | loss: 3.492437 | lrm: 1.00 | dt: 1720.51ms | tok/s: 304,728 | mfu: 34.79 | epoch: 1 | eta: 41.1m
step 00768/02205 (34.83%) [ns2_ftrl_eta0p2] | loss: 3.490007 | lrm: 1.00 | dt: 1718.21ms | tok/s: 305,136 | mfu: 34.83 | epoch: 1 | eta: 41.0m
step 00769/02205 (34.88%) [ns2_ftrl_eta0p2] | loss: 3.491689 | lrm: 1.00 | dt: 1716.54ms | tok/s: 305,432 | mfu: 34.87 | epoch: 1 | eta: 41.0m
step 00770/02205 (34.92%) [ns2_ftrl_eta0p2] | loss: 3.497065 | lrm: 1.00 | dt: 1718.63ms | tok/s: 305,061 | mfu: 34.82 | epoch: 1 | eta: 41.0m
step 00771/02205 (34.97%) [ns2_ftrl_eta0p2] | loss: 3.494642 | lrm: 1.00 | dt: 1714.07ms | tok/s: 305,873 | mfu: 34.92 | epoch: 1 | eta: 40.9m
step 00772/02205 (35.01%) [ns2_ftrl_eta0p2] | loss: 3.481783 | lrm: 1.00 | dt: 1721.67ms | tok/s: 304,523 | mfu: 34.76 | epoch: 1 | eta: 40.9m
step 00773/02205 (35.06%) [ns2_ftrl_eta0p2] | loss: 3.490752 | lrm: 1.00 | dt: 1720.93ms | tok/s: 304,653 | mfu: 34.78 | epoch: 1 | eta: 40.9m
step 00774/02205 (35.10%) [ns2_ftrl_eta0p2] | loss: 3.498499 | lrm: 1.00 | dt: 1718.93ms | tok/s: 305,009 | mfu: 34.82 | epoch: 1 | eta: 40.9m
step 00775/02205 (35.15%) [ns2_ftrl_eta0p2] | loss: 3.501904 | lrm: 1.00 | dt: 1725.64ms | tok/s: 303,821 | mfu: 34.68 | epoch: 1 | eta: 40.8m
step 00776/02205 (35.19%) [ns2_ftrl_eta0p2] | loss: 3.497890 | lrm: 1.00 | dt: 1717.88ms | tok/s: 305,195 | mfu: 34.84 | epoch: 1 | eta: 40.8m
step 00777/02205 (35.24%) [ns2_ftrl_eta0p2] | loss: 3.487548 | lrm: 1.00 | dt: 1720.52ms | tok/s: 304,725 | mfu: 34.78 | epoch: 1 | eta: 40.8m
step 00778/02205 (35.28%) [ns2_ftrl_eta0p2] | loss: 3.493276 | lrm: 1.00 | dt: 1723.13ms | tok/s: 304,264 | mfu: 34.73 | epoch: 1 | eta: 40.7m
step 00779/02205 (35.33%) [ns2_ftrl_eta0p2] | loss: 3.498764 | lrm: 1.00 | dt: 1719.17ms | tok/s: 304,965 | mfu: 34.81 | epoch: 1 | eta: 40.7m
step 00780/02205 (35.37%) [ns2_ftrl_eta0p2] | loss: 3.498702 | lrm: 1.00 | dt: 1725.63ms | tok/s: 303,824 | mfu: 34.68 | epoch: 1 | eta: 40.7m
step 00781/02205 (35.42%) [ns2_ftrl_eta0p2] | loss: 3.494146 | lrm: 1.00 | dt: 1721.99ms | tok/s: 304,466 | mfu: 34.76 | epoch: 1 | eta: 40.7m
step 00782/02205 (35.46%) [ns2_ftrl_eta0p2] | loss: 3.492595 | lrm: 1.00 | dt: 1722.22ms | tok/s: 304,425 | mfu: 34.75 | epoch: 1 | eta: 40.6m
step 00783/02205 (35.51%) [ns2_ftrl_eta0p2] | loss: 3.481513 | lrm: 1.00 | dt: 1725.99ms | tok/s: 303,760 | mfu: 34.67 | epoch: 1 | eta: 40.6m
step 00784/02205 (35.56%) [ns2_ftrl_eta0p2] | loss: 3.488817 | lrm: 1.00 | dt: 1717.65ms | tok/s: 305,235 | mfu: 34.84 | epoch: 1 | eta: 40.6m
step 00785/02205 (35.60%) [ns2_ftrl_eta0p2] | loss: 3.490780 | lrm: 1.00 | dt: 1717.75ms | tok/s: 305,217 | mfu: 34.84 | epoch: 1 | eta: 40.5m
step 00786/02205 (35.65%) [ns2_ftrl_eta0p2] | loss: 3.486630 | lrm: 1.00 | dt: 1723.67ms | tok/s: 304,168 | mfu: 34.72 | epoch: 1 | eta: 40.5m
step 00787/02205 (35.69%) [ns2_ftrl_eta0p2] | loss: 3.488764 | lrm: 1.00 | dt: 1722.20ms | tok/s: 304,428 | mfu: 34.75 | epoch: 1 | eta: 40.5m
step 00788/02205 (35.74%) [ns2_ftrl_eta0p2] | loss: 3.496037 | lrm: 1.00 | dt: 1728.53ms | tok/s: 303,314 | mfu: 34.62 | epoch: 1 | eta: 40.5m
step 00789/02205 (35.78%) [ns2_ftrl_eta0p2] | loss: 3.490148 | lrm: 1.00 | dt: 1724.44ms | tok/s: 304,033 | mfu: 34.71 | epoch: 1 | eta: 40.4m
step 00790/02205 (35.83%) [ns2_ftrl_eta0p2] | loss: 3.493305 | lrm: 1.00 | dt: 1724.26ms | tok/s: 304,064 | mfu: 34.71 | epoch: 1 | eta: 40.4m
step 00791/02205 (35.87%) [ns2_ftrl_eta0p2] | loss: 3.494540 | lrm: 1.00 | dt: 1727.19ms | tok/s: 303,550 | mfu: 34.65 | epoch: 1 | eta: 40.4m
step 00792/02205 (35.92%) [ns2_ftrl_eta0p2] | loss: 3.500918 | lrm: 1.00 | dt: 1726.89ms | tok/s: 303,602 | mfu: 34.66 | epoch: 1 | eta: 40.3m
step 00793/02205 (35.96%) [ns2_ftrl_eta0p2] | loss: 3.497720 | lrm: 1.00 | dt: 1723.61ms | tok/s: 304,179 | mfu: 34.72 | epoch: 1 | eta: 40.3m
step 00794/02205 (36.01%) [ns2_ftrl_eta0p2] | loss: 3.491849 | lrm: 1.00 | dt: 1727.03ms | tok/s: 303,577 | mfu: 34.65 | epoch: 1 | eta: 40.3m
step 00795/02205 (36.05%) [ns2_ftrl_eta0p2] | loss: 3.491703 | lrm: 1.00 | dt: 1725.14ms | tok/s: 303,910 | mfu: 34.69 | epoch: 1 | eta: 40.3m
step 00796/02205 (36.10%) [ns2_ftrl_eta0p2] | loss: 3.486100 | lrm: 1.00 | dt: 1723.31ms | tok/s: 304,233 | mfu: 34.73 | epoch: 1 | eta: 40.2m
step 00797/02205 (36.15%) [ns2_ftrl_eta0p2] | loss: 3.479132 | lrm: 1.00 | dt: 1722.47ms | tok/s: 304,382 | mfu: 34.75 | epoch: 1 | eta: 40.2m
step 00798/02205 (36.19%) [ns2_ftrl_eta0p2] | loss: 3.481285 | lrm: 1.00 | dt: 1719.26ms | tok/s: 304,949 | mfu: 34.81 | epoch: 1 | eta: 40.2m
step 00799/02205 (36.24%) [ns2_ftrl_eta0p2] | loss: 3.497473 | lrm: 1.00 | dt: 1717.09ms | tok/s: 305,334 | mfu: 34.85 | epoch: 1 | eta: 40.1m
step 00800/02205 (36.28%) [ns2_ftrl_eta0p2] | loss: 3.499172 | lrm: 1.00 | dt: 1728.95ms | tok/s: 303,241 | mfu: 34.62 | epoch: 1 | eta: 40.1m
step 00801/02205 (36.33%) [ns2_ftrl_eta0p2] | loss: 3.495477 | lrm: 1.00 | dt: 1730.42ms | tok/s: 302,983 | mfu: 34.59 | epoch: 1 | eta: 40.1m
step 00802/02205 (36.37%) [ns2_ftrl_eta0p2] | loss: 3.489929 | lrm: 1.00 | dt: 1720.23ms | tok/s: 304,777 | mfu: 34.79 | epoch: 1 | eta: 40.1m
step 00803/02205 (36.42%) [ns2_ftrl_eta0p2] | loss: 3.487025 | lrm: 1.00 | dt: 1726.74ms | tok/s: 303,627 | mfu: 34.66 | epoch: 1 | eta: 40.0m
step 00804/02205 (36.46%) [ns2_ftrl_eta0p2] | loss: 3.485088 | lrm: 1.00 | dt: 1729.62ms | tok/s: 303,123 | mfu: 34.60 | epoch: 1 | eta: 40.0m
step 00805/02205 (36.51%) [ns2_ftrl_eta0p2] | loss: 3.490340 | lrm: 1.00 | dt: 1720.51ms | tok/s: 304,728 | mfu: 34.79 | epoch: 1 | eta: 40.0m
step 00806/02205 (36.55%) [ns2_ftrl_eta0p2] | loss: 3.481914 | lrm: 1.00 | dt: 1728.61ms | tok/s: 303,301 | mfu: 34.62 | epoch: 1 | eta: 40.0m
step 00807/02205 (36.60%) [ns2_ftrl_eta0p2] | loss: 3.475419 | lrm: 1.00 | dt: 1728.35ms | tok/s: 303,345 | mfu: 34.63 | epoch: 1 | eta: 39.9m
step 00808/02205 (36.64%) [ns2_ftrl_eta0p2] | loss: 3.482801 | lrm: 1.00 | dt: 1727.14ms | tok/s: 303,558 | mfu: 34.65 | epoch: 1 | eta: 39.9m
step 00809/02205 (36.69%) [ns2_ftrl_eta0p2] | loss: 3.474575 | lrm: 1.00 | dt: 1723.53ms | tok/s: 304,194 | mfu: 34.72 | epoch: 1 | eta: 39.9m
step 00810/02205 (36.73%) [ns2_ftrl_eta0p2] | loss: 3.477474 | lrm: 1.00 | dt: 1727.39ms | tok/s: 303,515 | mfu: 34.65 | epoch: 1 | eta: 39.8m
step 00811/02205 (36.78%) [ns2_ftrl_eta0p2] | loss: 3.478310 | lrm: 1.00 | dt: 1721.60ms | tok/s: 304,534 | mfu: 34.76 | epoch: 1 | eta: 39.8m
step 00812/02205 (36.83%) [ns2_ftrl_eta0p2] | loss: 3.474272 | lrm: 1.00 | dt: 1726.90ms | tok/s: 303,600 | mfu: 34.66 | epoch: 1 | eta: 39.8m
step 00813/02205 (36.87%) [ns2_ftrl_eta0p2] | loss: 3.477757 | lrm: 1.00 | dt: 1729.47ms | tok/s: 303,149 | mfu: 34.60 | epoch: 1 | eta: 39.8m
step 00814/02205 (36.92%) [ns2_ftrl_eta0p2] | loss: 3.483032 | lrm: 1.00 | dt: 1721.46ms | tok/s: 304,559 | mfu: 34.77 | epoch: 1 | eta: 39.7m
step 00815/02205 (36.96%) [ns2_ftrl_eta0p2] | loss: 3.482096 | lrm: 1.00 | dt: 1724.23ms | tok/s: 304,070 | mfu: 34.71 | epoch: 1 | eta: 39.7m
step 00816/02205 (37.01%) [ns2_ftrl_eta0p2] | loss: 3.485237 | lrm: 1.00 | dt: 1729.25ms | tok/s: 303,187 | mfu: 34.61 | epoch: 1 | eta: 39.7m
step 00817/02205 (37.05%) [ns2_ftrl_eta0p2] | loss: 3.481812 | lrm: 1.00 | dt: 1730.14ms | tok/s: 303,032 | mfu: 34.59 | epoch: 1 | eta: 39.6m
step 00818/02205 (37.10%) [ns2_ftrl_eta0p2] | loss: 3.478526 | lrm: 1.00 | dt: 1725.79ms | tok/s: 303,796 | mfu: 34.68 | epoch: 1 | eta: 39.6m
step 00819/02205 (37.14%) [ns2_ftrl_eta0p2] | loss: 3.485183 | lrm: 1.00 | dt: 1728.88ms | tok/s: 303,253 | mfu: 34.62 | epoch: 1 | eta: 39.6m
step 00820/02205 (37.19%) [ns2_ftrl_eta0p2] | loss: 3.486548 | lrm: 1.00 | dt: 1730.36ms | tok/s: 302,994 | mfu: 34.59 | epoch: 1 | eta: 39.6m
step 00821/02205 (37.23%) [ns2_ftrl_eta0p2] | loss: 3.484731 | lrm: 1.00 | dt: 1720.00ms | tok/s: 304,819 | mfu: 34.80 | epoch: 1 | eta: 39.5m
step 00822/02205 (37.28%) [ns2_ftrl_eta0p2] | loss: 3.479285 | lrm: 1.00 | dt: 1727.30ms | tok/s: 303,529 | mfu: 34.65 | epoch: 1 | eta: 39.5m
step 00823/02205 (37.32%) [ns2_ftrl_eta0p2] | loss: 3.486200 | lrm: 1.00 | dt: 1727.45ms | tok/s: 303,503 | mfu: 34.65 | epoch: 1 | eta: 39.5m
step 00824/02205 (37.37%) [ns2_ftrl_eta0p2] | loss: 3.490761 | lrm: 1.00 | dt: 1721.18ms | tok/s: 304,609 | mfu: 34.77 | epoch: 1 | eta: 39.4m
step 00825/02205 (37.41%) [ns2_ftrl_eta0p2] | loss: 3.483240 | lrm: 1.00 | dt: 1727.89ms | tok/s: 303,426 | mfu: 34.64 | epoch: 1 | eta: 39.4m
step 00826/02205 (37.46%) [ns2_ftrl_eta0p2] | loss: 3.485366 | lrm: 1.00 | dt: 1726.47ms | tok/s: 303,675 | mfu: 34.66 | epoch: 1 | eta: 39.4m
step 00827/02205 (37.51%) [ns2_ftrl_eta0p2] | loss: 3.483326 | lrm: 1.00 | dt: 1717.95ms | tok/s: 305,183 | mfu: 34.84 | epoch: 1 | eta: 39.4m
step 00828/02205 (37.55%) [ns2_ftrl_eta0p2] | loss: 3.480664 | lrm: 1.00 | dt: 1726.59ms | tok/s: 303,655 | mfu: 34.66 | epoch: 1 | eta: 39.3m
step 00829/02205 (37.60%) [ns2_ftrl_eta0p2] | loss: 3.482564 | lrm: 1.00 | dt: 1722.07ms | tok/s: 304,451 | mfu: 34.75 | epoch: 1 | eta: 39.3m
step 00830/02205 (37.64%) [ns2_ftrl_eta0p2] | loss: 3.490326 | lrm: 1.00 | dt: 1721.50ms | tok/s: 304,552 | mfu: 34.77 | epoch: 1 | eta: 39.3m
step 00831/02205 (37.69%) [ns2_ftrl_eta0p2] | loss: 3.493809 | lrm: 1.00 | dt: 1728.45ms | tok/s: 303,327 | mfu: 34.63 | epoch: 1 | eta: 39.2m
step 00832/02205 (37.73%) [ns2_ftrl_eta0p2] | loss: 3.496742 | lrm: 1.00 | dt: 1722.17ms | tok/s: 304,433 | mfu: 34.75 | epoch: 1 | eta: 39.2m
step 00833/02205 (37.78%) [ns2_ftrl_eta0p2] | loss: 3.494375 | lrm: 1.00 | dt: 1723.79ms | tok/s: 304,148 | mfu: 34.72 | epoch: 1 | eta: 39.2m
step 00834/02205 (37.82%) [ns2_ftrl_eta0p2] | loss: 3.495414 | lrm: 1.00 | dt: 1732.02ms | tok/s: 302,703 | mfu: 34.55 | epoch: 1 | eta: 39.2m
step 00835/02205 (37.87%) [ns2_ftrl_eta0p2] | loss: 3.493099 | lrm: 1.00 | dt: 1723.59ms | tok/s: 304,183 | mfu: 34.72 | epoch: 1 | eta: 39.1m
step 00836/02205 (37.91%) [ns2_ftrl_eta0p2] | loss: 3.479751 | lrm: 1.00 | dt: 1720.71ms | tok/s: 304,693 | mfu: 34.78 | epoch: 1 | eta: 39.1m
step 00837/02205 (37.96%) [ns2_ftrl_eta0p2] | loss: 3.478922 | lrm: 1.00 | dt: 1727.15ms | tok/s: 303,556 | mfu: 34.65 | epoch: 1 | eta: 39.1m
step 00838/02205 (38.00%) [ns2_ftrl_eta0p2] | loss: 3.475507 | lrm: 1.00 | dt: 1728.79ms | tok/s: 303,269 | mfu: 34.62 | epoch: 1 | eta: 39.0m
step 00839/02205 (38.05%) [ns2_ftrl_eta0p2] | loss: 3.465690 | lrm: 1.00 | dt: 1725.76ms | tok/s: 303,801 | mfu: 34.68 | epoch: 1 | eta: 39.0m
step 00840/02205 (38.10%) [ns2_ftrl_eta0p2] | loss: 3.470448 | lrm: 1.00 | dt: 1723.41ms | tok/s: 304,216 | mfu: 34.73 | epoch: 1 | eta: 39.0m
step 00841/02205 (38.14%) [ns2_ftrl_eta0p2] | loss: 3.467435 | lrm: 1.00 | dt: 1726.51ms | tok/s: 303,668 | mfu: 34.66 | epoch: 1 | eta: 39.0m
step 00842/02205 (38.19%) [ns2_ftrl_eta0p2] | loss: 3.464649 | lrm: 1.00 | dt: 1723.16ms | tok/s: 304,259 | mfu: 34.73 | epoch: 1 | eta: 38.9m
step 00843/02205 (38.23%) [ns2_ftrl_eta0p2] | loss: 3.476181 | lrm: 1.00 | dt: 1727.48ms | tok/s: 303,498 | mfu: 34.64 | epoch: 1 | eta: 38.9m
step 00844/02205 (38.28%) [ns2_ftrl_eta0p2] | loss: 3.490254 | lrm: 1.00 | dt: 1725.45ms | tok/s: 303,855 | mfu: 34.69 | epoch: 1 | eta: 38.9m
step 00845/02205 (38.32%) [ns2_ftrl_eta0p2] | loss: 3.490831 | lrm: 1.00 | dt: 1718.61ms | tok/s: 305,064 | mfu: 34.82 | epoch: 1 | eta: 38.9m
step 00846/02205 (38.37%) [ns2_ftrl_eta0p2] | loss: 3.483094 | lrm: 1.00 | dt: 1727.82ms | tok/s: 303,438 | mfu: 34.64 | epoch: 1 | eta: 38.8m
step 00847/02205 (38.41%) [ns2_ftrl_eta0p2] | loss: 3.490821 | lrm: 1.00 | dt: 1726.57ms | tok/s: 303,658 | mfu: 34.66 | epoch: 1 | eta: 38.8m
step 00848/02205 (38.46%) [ns2_ftrl_eta0p2] | loss: 3.480532 | lrm: 1.00 | dt: 1723.09ms | tok/s: 304,272 | mfu: 34.73 | epoch: 1 | eta: 38.8m
step 00849/02205 (38.50%) [ns2_ftrl_eta0p2] | loss: 3.485552 | lrm: 1.00 | dt: 1726.07ms | tok/s: 303,747 | mfu: 34.67 | epoch: 1 | eta: 38.7m
step 00850/02205 (38.55%) [ns2_ftrl_eta0p2] | loss: 3.481591 | lrm: 1.00 | dt: 1726.97ms | tok/s: 303,588 | mfu: 34.65 | epoch: 1 | eta: 38.7m
step 00851/02205 (38.59%) [ns2_ftrl_eta0p2] | loss: 3.486946 | lrm: 1.00 | dt: 1720.88ms | tok/s: 304,663 | mfu: 34.78 | epoch: 1 | eta: 38.7m
step 00852/02205 (38.64%) [ns2_ftrl_eta0p2] | loss: 3.489337 | lrm: 1.00 | dt: 1726.53ms | tok/s: 303,666 | mfu: 34.66 | epoch: 1 | eta: 38.7m
step 00853/02205 (38.68%) [ns2_ftrl_eta0p2] | loss: 3.478347 | lrm: 1.00 | dt: 1723.96ms | tok/s: 304,118 | mfu: 34.72 | epoch: 1 | eta: 38.6m
step 00854/02205 (38.73%) [ns2_ftrl_eta0p2] | loss: 3.483800 | lrm: 1.00 | dt: 1699.52ms | tok/s: 308,491 | mfu: 35.21 | epoch: 1 | eta: 38.6m
step 00855/02205 (38.78%) [ns2_ftrl_eta0p2] | loss: 3.487188 | lrm: 1.00 | dt: 1726.13ms | tok/s: 303,735 | mfu: 34.67 | epoch: 1 | eta: 38.6m
step 00856/02205 (38.82%) [ns2_ftrl_eta0p2] | loss: 3.483269 | lrm: 1.00 | dt: 1717.96ms | tok/s: 305,181 | mfu: 34.84 | epoch: 1 | eta: 38.5m
step 00857/02205 (38.87%) [ns2_ftrl_eta0p2] | loss: 3.485844 | lrm: 1.00 | dt: 1713.44ms | tok/s: 305,985 | mfu: 34.93 | epoch: 1 | eta: 38.5m
step 00858/02205 (38.91%) [ns2_ftrl_eta0p2] | loss: 3.489186 | lrm: 1.00 | dt: 1723.56ms | tok/s: 304,189 | mfu: 34.72 | epoch: 1 | eta: 38.5m
step 00859/02205 (38.96%) [ns2_ftrl_eta0p2] | loss: 3.484365 | lrm: 1.00 | dt: 1715.09ms | tok/s: 305,690 | mfu: 34.89 | epoch: 1 | eta: 38.5m
step 00860/02205 (39.00%) [ns2_ftrl_eta0p2] | loss: 3.480506 | lrm: 1.00 | dt: 1720.95ms | tok/s: 304,650 | mfu: 34.78 | epoch: 1 | eta: 38.4m
step 00861/02205 (39.05%) [ns2_ftrl_eta0p2] | loss: 3.481612 | lrm: 1.00 | dt: 1719.52ms | tok/s: 304,904 | mfu: 34.81 | epoch: 1 | eta: 38.4m
step 00862/02205 (39.09%) [ns2_ftrl_eta0p2] | loss: 3.483729 | lrm: 1.00 | dt: 1725.40ms | tok/s: 303,864 | mfu: 34.69 | epoch: 1 | eta: 38.4m
step 00863/02205 (39.14%) [ns2_ftrl_eta0p2] | loss: 3.479284 | lrm: 1.00 | dt: 1717.62ms | tok/s: 305,240 | mfu: 34.84 | epoch: 1 | eta: 38.3m
step 00864/02205 (39.18%) [ns2_ftrl_eta0p2] | loss: 3.477838 | lrm: 1.00 | dt: 1715.64ms | tok/s: 305,593 | mfu: 34.88 | epoch: 1 | eta: 38.3m
step 00865/02205 (39.23%) [ns2_ftrl_eta0p2] | loss: 3.474365 | lrm: 1.00 | dt: 1716.47ms | tok/s: 305,444 | mfu: 34.87 | epoch: 1 | eta: 38.3m
step 00866/02205 (39.27%) [ns2_ftrl_eta0p2] | loss: 3.468678 | lrm: 1.00 | dt: 1718.88ms | tok/s: 305,016 | mfu: 34.82 | epoch: 1 | eta: 38.3m
step 00867/02205 (39.32%) [ns2_ftrl_eta0p2] | loss: 3.478352 | lrm: 1.00 | dt: 1723.30ms | tok/s: 304,234 | mfu: 34.73 | epoch: 1 | eta: 38.2m
step 00868/02205 (39.37%) [ns2_ftrl_eta0p2] | loss: 3.480339 | lrm: 1.00 | dt: 1719.66ms | tok/s: 304,878 | mfu: 34.80 | epoch: 1 | eta: 38.2m
step 00869/02205 (39.41%) [ns2_ftrl_eta0p2] | loss: 3.474220 | lrm: 1.00 | dt: 1718.39ms | tok/s: 305,103 | mfu: 34.83 | epoch: 1 | eta: 38.2m
step 00870/02205 (39.46%) [ns2_ftrl_eta0p2] | loss: 3.488419 | lrm: 1.00 | dt: 1724.74ms | tok/s: 303,981 | mfu: 34.70 | epoch: 1 | eta: 38.1m
step 00871/02205 (39.50%) [ns2_ftrl_eta0p2] | loss: 3.487677 | lrm: 1.00 | dt: 1717.68ms | tok/s: 305,229 | mfu: 34.84 | epoch: 1 | eta: 38.1m
step 00872/02205 (39.55%) [ns2_ftrl_eta0p2] | loss: 3.478286 | lrm: 1.00 | dt: 1715.94ms | tok/s: 305,540 | mfu: 34.88 | epoch: 1 | eta: 38.1m
step 00873/02205 (39.59%) [ns2_ftrl_eta0p2] | loss: 3.484314 | lrm: 1.00 | dt: 1723.89ms | tok/s: 304,131 | mfu: 34.72 | epoch: 1 | eta: 38.1m
step 00874/02205 (39.64%) [ns2_ftrl_eta0p2] | loss: 3.491056 | lrm: 1.00 | dt: 1719.50ms | tok/s: 304,906 | mfu: 34.81 | epoch: 1 | eta: 38.0m
step 00875/02205 (39.68%) [ns2_ftrl_eta0p2] | loss: 3.485752 | lrm: 1.00 | dt: 1714.48ms | tok/s: 305,800 | mfu: 34.91 | epoch: 1 | eta: 38.0m
step 00876/02205 (39.73%) [ns2_ftrl_eta0p2] | loss: 3.489140 | lrm: 1.00 | dt: 1726.68ms | tok/s: 303,639 | mfu: 34.66 | epoch: 1 | eta: 38.0m
step 00877/02205 (39.77%) [ns2_ftrl_eta0p2] | loss: 3.494952 | lrm: 1.00 | dt: 1725.11ms | tok/s: 303,914 | mfu: 34.69 | epoch: 1 | eta: 37.9m
step 00878/02205 (39.82%) [ns2_ftrl_eta0p2] | loss: 3.492622 | lrm: 1.00 | dt: 1718.96ms | tok/s: 305,003 | mfu: 34.82 | epoch: 1 | eta: 37.9m
step 00879/02205 (39.86%) [ns2_ftrl_eta0p2] | loss: 3.492011 | lrm: 1.00 | dt: 1726.60ms | tok/s: 303,652 | mfu: 34.66 | epoch: 1 | eta: 37.9m
step 00880/02205 (39.91%) [ns2_ftrl_eta0p2] | loss: 3.482429 | lrm: 1.00 | dt: 1723.54ms | tok/s: 304,192 | mfu: 34.72 | epoch: 1 | eta: 37.9m
step 00881/02205 (39.95%) [ns2_ftrl_eta0p2] | loss: 3.485793 | lrm: 1.00 | dt: 1720.62ms | tok/s: 304,708 | mfu: 34.78 | epoch: 1 | eta: 37.8m
step 00882/02205 (40.00%) [ns2_ftrl_eta0p2] | loss: 3.491852 | lrm: 1.00 | dt: 1727.30ms | tok/s: 303,529 | mfu: 34.65 | epoch: 1 | eta: 37.8m
step 00883/02205 (40.05%) [ns2_ftrl_eta0p2] | loss: 3.494382 | lrm: 1.00 | dt: 1722.76ms | tok/s: 304,330 | mfu: 34.74 | epoch: 1 | eta: 37.8m
step 00884/02205 (40.09%) [ns2_ftrl_eta0p2] | loss: 3.494140 | lrm: 1.00 | dt: 1722.80ms | tok/s: 304,323 | mfu: 34.74 | epoch: 1 | eta: 37.7m
step 00885/02205 (40.14%) [ns2_ftrl_eta0p2] | loss: 3.488625 | lrm: 1.00 | dt: 1718.96ms | tok/s: 305,002 | mfu: 34.82 | epoch: 1 | eta: 37.7m
step 00886/02205 (40.18%) [ns2_ftrl_eta0p2] | loss: 3.487011 | lrm: 1.00 | dt: 1720.02ms | tok/s: 304,814 | mfu: 34.79 | epoch: 1 | eta: 37.7m
step 00887/02205 (40.23%) [ns2_ftrl_eta0p2] | loss: 3.484600 | lrm: 1.00 | dt: 1719.22ms | tok/s: 304,957 | mfu: 34.81 | epoch: 1 | eta: 37.7m
step 00888/02205 (40.27%) [ns2_ftrl_eta0p2] | loss: 3.485054 | lrm: 1.00 | dt: 1721.87ms | tok/s: 304,486 | mfu: 34.76 | epoch: 1 | eta: 37.6m
step 00889/02205 (40.32%) [ns2_ftrl_eta0p2] | loss: 3.487758 | lrm: 1.00 | dt: 1725.28ms | tok/s: 303,886 | mfu: 34.69 | epoch: 1 | eta: 37.6m
step 00890/02205 (40.36%) [ns2_ftrl_eta0p2] | loss: 3.487486 | lrm: 1.00 | dt: 1721.08ms | tok/s: 304,627 | mfu: 34.77 | epoch: 1 | eta: 37.6m
step 00891/02205 (40.41%) [ns2_ftrl_eta0p2] | loss: 3.489373 | lrm: 1.00 | dt: 1722.19ms | tok/s: 304,431 | mfu: 34.75 | epoch: 1 | eta: 37.5m
step 00892/02205 (40.45%) [ns2_ftrl_eta0p2] | loss: 3.484903 | lrm: 1.00 | dt: 1718.58ms | tok/s: 305,070 | mfu: 34.82 | epoch: 1 | eta: 37.5m
step 00893/02205 (40.50%) [ns2_ftrl_eta0p2] | loss: 3.481626 | lrm: 1.00 | dt: 1723.38ms | tok/s: 304,221 | mfu: 34.73 | epoch: 1 | eta: 37.5m
step 00894/02205 (40.54%) [ns2_ftrl_eta0p2] | loss: 3.482879 | lrm: 1.00 | dt: 1717.86ms | tok/s: 305,198 | mfu: 34.84 | epoch: 1 | eta: 37.5m
step 00895/02205 (40.59%) [ns2_ftrl_eta0p2] | loss: 3.483373 | lrm: 1.00 | dt: 1721.15ms | tok/s: 304,615 | mfu: 34.77 | epoch: 1 | eta: 37.4m
step 00896/02205 (40.63%) [ns2_ftrl_eta0p2] | loss: 3.478371 | lrm: 1.00 | dt: 1723.50ms | tok/s: 304,199 | mfu: 34.72 | epoch: 1 | eta: 37.4m
step 00897/02205 (40.68%) [ns2_ftrl_eta0p2] | loss: 3.486947 | lrm: 1.00 | dt: 1718.88ms | tok/s: 305,017 | mfu: 34.82 | epoch: 1 | eta: 37.4m
step 00898/02205 (40.73%) [ns2_ftrl_eta0p2] | loss: 3.479905 | lrm: 1.00 | dt: 1718.20ms | tok/s: 305,137 | mfu: 34.83 | epoch: 1 | eta: 37.3m
step 00899/02205 (40.77%) [ns2_ftrl_eta0p2] | loss: 3.477662 | lrm: 1.00 | dt: 1717.44ms | tok/s: 305,272 | mfu: 34.85 | epoch: 1 | eta: 37.3m
step 00900/02205 (40.82%) [ns2_ftrl_eta0p2] | loss: 3.472457 | lrm: 1.00 | dt: 1722.96ms | tok/s: 304,295 | mfu: 34.74 | epoch: 1 | eta: 37.3m
step 00901/02205 (40.86%) [ns2_ftrl_eta0p2] | loss: 3.472257 | lrm: 1.00 | dt: 1723.01ms | tok/s: 304,286 | mfu: 34.73 | epoch: 1 | eta: 37.3m
step 00902/02205 (40.91%) [ns2_ftrl_eta0p2] | loss: 3.462331 | lrm: 1.00 | dt: 1721.15ms | tok/s: 304,614 | mfu: 34.77 | epoch: 1 | eta: 37.2m
step 00903/02205 (40.95%) [ns2_ftrl_eta0p2] | loss: 3.445192 | lrm: 1.00 | dt: 1721.48ms | tok/s: 304,556 | mfu: 34.77 | epoch: 1 | eta: 37.2m
step 00904/02205 (41.00%) [ns2_ftrl_eta0p2] | loss: 3.452836 | lrm: 1.00 | dt: 1719.76ms | tok/s: 304,860 | mfu: 34.80 | epoch: 1 | eta: 37.2m
step 00905/02205 (41.04%) [ns2_ftrl_eta0p2] | loss: 3.458619 | lrm: 1.00 | dt: 1717.43ms | tok/s: 305,275 | mfu: 34.85 | epoch: 1 | eta: 37.1m
step 00906/02205 (41.09%) [ns2_ftrl_eta0p2] | loss: 3.462538 | lrm: 1.00 | dt: 1718.26ms | tok/s: 305,126 | mfu: 34.83 | epoch: 1 | eta: 37.1m
step 00907/02205 (41.13%) [ns2_ftrl_eta0p2] | loss: 3.458356 | lrm: 1.00 | dt: 1718.89ms | tok/s: 305,015 | mfu: 34.82 | epoch: 1 | eta: 37.1m
step 00908/02205 (41.18%) [ns2_ftrl_eta0p2] | loss: 3.456626 | lrm: 1.00 | dt: 1722.41ms | tok/s: 304,391 | mfu: 34.75 | epoch: 1 | eta: 37.1m
step 00909/02205 (41.22%) [ns2_ftrl_eta0p2] | loss: 3.459520 | lrm: 1.00 | dt: 1715.73ms | tok/s: 305,577 | mfu: 34.88 | epoch: 1 | eta: 37.0m
step 00910/02205 (41.27%) [ns2_ftrl_eta0p2] | loss: 3.456643 | lrm: 1.00 | dt: 1717.01ms | tok/s: 305,349 | mfu: 34.86 | epoch: 1 | eta: 37.0m
step 00911/02205 (41.32%) [ns2_ftrl_eta0p2] | loss: 3.457195 | lrm: 1.00 | dt: 1717.48ms | tok/s: 305,266 | mfu: 34.85 | epoch: 1 | eta: 37.0m
step 00912/02205 (41.36%) [ns2_ftrl_eta0p2] | loss: 3.465281 | lrm: 1.00 | dt: 1719.95ms | tok/s: 304,827 | mfu: 34.80 | epoch: 1 | eta: 36.9m
step 00913/02205 (41.41%) [ns2_ftrl_eta0p2] | loss: 3.458366 | lrm: 1.00 | dt: 1714.03ms | tok/s: 305,879 | mfu: 34.92 | epoch: 1 | eta: 36.9m
step 00914/02205 (41.45%) [ns2_ftrl_eta0p2] | loss: 3.445541 | lrm: 1.00 | dt: 1726.84ms | tok/s: 303,610 | mfu: 34.66 | epoch: 1 | eta: 36.9m
step 00915/02205 (41.50%) [ns2_ftrl_eta0p2] | loss: 3.452125 | lrm: 1.00 | dt: 1721.80ms | tok/s: 304,500 | mfu: 34.76 | epoch: 1 | eta: 36.9m
step 00916/02205 (41.54%) [ns2_ftrl_eta0p2] | loss: 3.458622 | lrm: 1.00 | dt: 1718.61ms | tok/s: 305,064 | mfu: 34.82 | epoch: 1 | eta: 36.8m
step 00917/02205 (41.59%) [ns2_ftrl_eta0p2] | loss: 3.454636 | lrm: 1.00 | dt: 1716.12ms | tok/s: 305,507 | mfu: 34.87 | epoch: 1 | eta: 36.8m
step 00918/02205 (41.63%) [ns2_ftrl_eta0p2] | loss: 3.462779 | lrm: 1.00 | dt: 1721.68ms | tok/s: 304,520 | mfu: 34.76 | epoch: 1 | eta: 36.8m
step 00919/02205 (41.68%) [ns2_ftrl_eta0p2] | loss: 3.466416 | lrm: 1.00 | dt: 1721.18ms | tok/s: 304,609 | mfu: 34.77 | epoch: 1 | eta: 36.7m
step 00920/02205 (41.72%) [ns2_ftrl_eta0p2] | loss: 3.462505 | lrm: 1.00 | dt: 1716.91ms | tok/s: 305,367 | mfu: 34.86 | epoch: 1 | eta: 36.7m
step 00921/02205 (41.77%) [ns2_ftrl_eta0p2] | loss: 3.465143 | lrm: 1.00 | dt: 1726.03ms | tok/s: 303,753 | mfu: 34.67 | epoch: 1 | eta: 36.7m
step 00922/02205 (41.81%) [ns2_ftrl_eta0p2] | loss: 3.461830 | lrm: 1.00 | dt: 1718.89ms | tok/s: 305,015 | mfu: 34.82 | epoch: 1 | eta: 36.7m
step 00923/02205 (41.86%) [ns2_ftrl_eta0p2] | loss: 3.463048 | lrm: 1.00 | dt: 1721.87ms | tok/s: 304,488 | mfu: 34.76 | epoch: 1 | eta: 36.6m
step 00924/02205 (41.90%) [ns2_ftrl_eta0p2] | loss: 3.463774 | lrm: 1.00 | dt: 1717.91ms | tok/s: 305,189 | mfu: 34.84 | epoch: 1 | eta: 36.6m
step 00925/02205 (41.95%) [ns2_ftrl_eta0p2] | loss: 3.462789 | lrm: 1.00 | dt: 1722.17ms | tok/s: 304,434 | mfu: 34.75 | epoch: 1 | eta: 36.6m
step 00926/02205 (42.00%) [ns2_ftrl_eta0p2] | loss: 3.458069 | lrm: 1.00 | dt: 1719.31ms | tok/s: 304,941 | mfu: 34.81 | epoch: 1 | eta: 36.5m
step 00927/02205 (42.04%) [ns2_ftrl_eta0p2] | loss: 3.453551 | lrm: 1.00 | dt: 1720.11ms | tok/s: 304,798 | mfu: 34.79 | epoch: 1 | eta: 36.5m
step 00928/02205 (42.09%) [ns2_ftrl_eta0p2] | loss: 3.454346 | lrm: 1.00 | dt: 1722.73ms | tok/s: 304,334 | mfu: 34.74 | epoch: 1 | eta: 36.5m
step 00929/02205 (42.13%) [ns2_ftrl_eta0p2] | loss: 3.450287 | lrm: 1.00 | dt: 1719.67ms | tok/s: 304,877 | mfu: 34.80 | epoch: 1 | eta: 36.5m
step 00930/02205 (42.18%) [ns2_ftrl_eta0p2] | loss: 3.466462 | lrm: 1.00 | dt: 1716.83ms | tok/s: 305,381 | mfu: 34.86 | epoch: 1 | eta: 36.4m
step 00931/02205 (42.22%) [ns2_ftrl_eta0p2] | loss: 3.469376 | lrm: 1.00 | dt: 1723.96ms | tok/s: 304,118 | mfu: 34.72 | epoch: 1 | eta: 36.4m
step 00932/02205 (42.27%) [ns2_ftrl_eta0p2] | loss: 3.460887 | lrm: 1.00 | dt: 1718.28ms | tok/s: 305,123 | mfu: 34.83 | epoch: 1 | eta: 36.4m
step 00933/02205 (42.31%) [ns2_ftrl_eta0p2] | loss: 3.449384 | lrm: 1.00 | dt: 1724.23ms | tok/s: 304,071 | mfu: 34.71 | epoch: 1 | eta: 36.4m
step 00934/02205 (42.36%) [ns2_ftrl_eta0p2] | loss: 3.447507 | lrm: 1.00 | dt: 1713.99ms | tok/s: 305,886 | mfu: 34.92 | epoch: 1 | eta: 36.3m
step 00935/02205 (42.40%) [ns2_ftrl_eta0p2] | loss: 3.440333 | lrm: 1.00 | dt: 1725.05ms | tok/s: 303,925 | mfu: 34.69 | epoch: 1 | eta: 36.3m
step 00936/02205 (42.45%) [ns2_ftrl_eta0p2] | loss: 3.430547 | lrm: 1.00 | dt: 1720.08ms | tok/s: 304,803 | mfu: 34.79 | epoch: 1 | eta: 36.3m
step 00937/02205 (42.49%) [ns2_ftrl_eta0p2] | loss: 3.433956 | lrm: 1.00 | dt: 1720.58ms | tok/s: 304,715 | mfu: 34.78 | epoch: 1 | eta: 36.2m
step 00938/02205 (42.54%) [ns2_ftrl_eta0p2] | loss: 3.435193 | lrm: 1.00 | dt: 1716.62ms | tok/s: 305,418 | mfu: 34.86 | epoch: 1 | eta: 36.2m
step 00939/02205 (42.59%) [ns2_ftrl_eta0p2] | loss: 3.433610 | lrm: 1.00 | dt: 1719.53ms | tok/s: 304,901 | mfu: 34.80 | epoch: 1 | eta: 36.2m
step 00940/02205 (42.63%) [ns2_ftrl_eta0p2] | loss: 3.435777 | lrm: 1.00 | dt: 1723.09ms | tok/s: 304,272 | mfu: 34.73 | epoch: 1 | eta: 36.2m
step 00941/02205 (42.68%) [ns2_ftrl_eta0p2] | loss: 3.432837 | lrm: 1.00 | dt: 1720.79ms | tok/s: 304,679 | mfu: 34.78 | epoch: 1 | eta: 36.1m
step 00942/02205 (42.72%) [ns2_ftrl_eta0p2] | loss: 3.435479 | lrm: 1.00 | dt: 1724.50ms | tok/s: 304,023 | mfu: 34.70 | epoch: 1 | eta: 36.1m
step 00943/02205 (42.77%) [ns2_ftrl_eta0p2] | loss: 3.441858 | lrm: 1.00 | dt: 1719.76ms | tok/s: 304,861 | mfu: 34.80 | epoch: 1 | eta: 36.1m
step 00944/02205 (42.81%) [ns2_ftrl_eta0p2] | loss: 3.437786 | lrm: 1.00 | dt: 1718.48ms | tok/s: 305,088 | mfu: 34.83 | epoch: 1 | eta: 36.0m
step 00945/02205 (42.86%) [ns2_ftrl_eta0p2] | loss: 3.442481 | lrm: 1.00 | dt: 1720.70ms | tok/s: 304,694 | mfu: 34.78 | epoch: 1 | eta: 36.0m
step 00946/02205 (42.90%) [ns2_ftrl_eta0p2] | loss: 3.450964 | lrm: 1.00 | dt: 1719.37ms | tok/s: 304,929 | mfu: 34.81 | epoch: 1 | eta: 36.0m
step 00947/02205 (42.95%) [ns2_ftrl_eta0p2] | loss: 3.460563 | lrm: 1.00 | dt: 1722.98ms | tok/s: 304,291 | mfu: 34.74 | epoch: 1 | eta: 36.0m
step 00948/02205 (42.99%) [ns2_ftrl_eta0p2] | loss: 3.456991 | lrm: 1.00 | dt: 1714.30ms | tok/s: 305,831 | mfu: 34.91 | epoch: 1 | eta: 35.9m
step 00949/02205 (43.04%) [ns2_ftrl_eta0p2] | loss: 3.454229 | lrm: 1.00 | dt: 1724.08ms | tok/s: 304,097 | mfu: 34.71 | epoch: 1 | eta: 35.9m
step 00950/02205 (43.08%) [ns2_ftrl_eta0p2] | loss: 3.446750 | lrm: 1.00 | dt: 1718.79ms | tok/s: 305,033 | mfu: 34.82 | epoch: 1 | eta: 35.9m
step 00951/02205 (43.13%) [ns2_ftrl_eta0p2] | loss: 3.439565 | lrm: 1.00 | dt: 1720.52ms | tok/s: 304,727 | mfu: 34.78 | epoch: 1 | eta: 35.8m
step 00952/02205 (43.17%) [ns2_ftrl_eta0p2] | loss: 3.427882 | lrm: 1.00 | dt: 1723.96ms | tok/s: 304,118 | mfu: 34.72 | epoch: 1 | eta: 35.8m
step 00953/02205 (43.22%) [ns2_ftrl_eta0p2] | loss: 3.421882 | lrm: 1.00 | dt: 1718.17ms | tok/s: 305,142 | mfu: 34.83 | epoch: 1 | eta: 35.8m
step 00954/02205 (43.27%) [ns2_ftrl_eta0p2] | loss: 3.423298 | lrm: 1.00 | dt: 1715.17ms | tok/s: 305,676 | mfu: 34.89 | epoch: 1 | eta: 35.8m
step 00955/02205 (43.31%) [ns2_ftrl_eta0p2] | loss: 3.428138 | lrm: 1.00 | dt: 1718.75ms | tok/s: 305,039 | mfu: 34.82 | epoch: 1 | eta: 35.7m
step 00956/02205 (43.36%) [ns2_ftrl_eta0p2] | loss: 3.438015 | lrm: 1.00 | dt: 1719.61ms | tok/s: 304,888 | mfu: 34.80 | epoch: 1 | eta: 35.7m
step 00957/02205 (43.40%) [ns2_ftrl_eta0p2] | loss: 3.437432 | lrm: 1.00 | dt: 1721.68ms | tok/s: 304,521 | mfu: 34.76 | epoch: 1 | eta: 35.7m
step 00958/02205 (43.45%) [ns2_ftrl_eta0p2] | loss: 3.431943 | lrm: 1.00 | dt: 1720.73ms | tok/s: 304,688 | mfu: 34.78 | epoch: 1 | eta: 35.6m
step 00959/02205 (43.49%) [ns2_ftrl_eta0p2] | loss: 3.445123 | lrm: 1.00 | dt: 1715.85ms | tok/s: 305,555 | mfu: 34.88 | epoch: 1 | eta: 35.6m
step 00960/02205 (43.54%) [ns2_ftrl_eta0p2] | loss: 3.432245 | lrm: 1.00 | dt: 1724.49ms | tok/s: 304,024 | mfu: 34.70 | epoch: 1 | eta: 35.6m
step 00961/02205 (43.58%) [ns2_ftrl_eta0p2] | loss: 3.432839 | lrm: 1.00 | dt: 1721.35ms | tok/s: 304,579 | mfu: 34.77 | epoch: 1 | eta: 35.6m
step 00962/02205 (43.63%) [ns2_ftrl_eta0p2] | loss: 3.436263 | lrm: 1.00 | dt: 1716.75ms | tok/s: 305,395 | mfu: 34.86 | epoch: 1 | eta: 35.5m
step 00963/02205 (43.67%) [ns2_ftrl_eta0p2] | loss: 3.433567 | lrm: 1.00 | dt: 1719.52ms | tok/s: 304,904 | mfu: 34.81 | epoch: 1 | eta: 35.5m
step 00964/02205 (43.72%) [ns2_ftrl_eta0p2] | loss: 3.433246 | lrm: 1.00 | dt: 1716.13ms | tok/s: 305,505 | mfu: 34.87 | epoch: 1 | eta: 35.5m
step 00965/02205 (43.76%) [ns2_ftrl_eta0p2] | loss: 3.438666 | lrm: 1.00 | dt: 1719.59ms | tok/s: 304,890 | mfu: 34.80 | epoch: 1 | eta: 35.4m
step 00966/02205 (43.81%) [ns2_ftrl_eta0p2] | loss: 3.439652 | lrm: 1.00 | dt: 1716.23ms | tok/s: 305,487 | mfu: 34.87 | epoch: 1 | eta: 35.4m
step 00967/02205 (43.85%) [ns2_ftrl_eta0p2] | loss: 3.436493 | lrm: 1.00 | dt: 1718.18ms | tok/s: 305,140 | mfu: 34.83 | epoch: 1 | eta: 35.4m
step 00968/02205 (43.90%) [ns2_ftrl_eta0p2] | loss: 3.450135 | lrm: 1.00 | dt: 1719.03ms | tok/s: 304,991 | mfu: 34.82 | epoch: 1 | eta: 35.4m
step 00969/02205 (43.95%) [ns2_ftrl_eta0p2] | loss: 3.453345 | lrm: 1.00 | dt: 1720.59ms | tok/s: 304,714 | mfu: 34.78 | epoch: 1 | eta: 35.3m
step 00970/02205 (43.99%) [ns2_ftrl_eta0p2] | loss: 3.448454 | lrm: 1.00 | dt: 1716.53ms | tok/s: 305,435 | mfu: 34.87 | epoch: 1 | eta: 35.3m
step 00971/02205 (44.04%) [ns2_ftrl_eta0p2] | loss: 3.448536 | lrm: 1.00 | dt: 1714.34ms | tok/s: 305,825 | mfu: 34.91 | epoch: 1 | eta: 35.3m
step 00972/02205 (44.08%) [ns2_ftrl_eta0p2] | loss: 3.455545 | lrm: 1.00 | dt: 1719.37ms | tok/s: 304,930 | mfu: 34.81 | epoch: 1 | eta: 35.2m
step 00973/02205 (44.13%) [ns2_ftrl_eta0p2] | loss: 3.456677 | lrm: 1.00 | dt: 1719.52ms | tok/s: 304,904 | mfu: 34.81 | epoch: 1 | eta: 35.2m
step 00974/02205 (44.17%) [ns2_ftrl_eta0p2] | loss: 3.456665 | lrm: 1.00 | dt: 1719.19ms | tok/s: 304,961 | mfu: 34.81 | epoch: 1 | eta: 35.2m
step 00975/02205 (44.22%) [ns2_ftrl_eta0p2] | loss: 3.446360 | lrm: 1.00 | dt: 1720.25ms | tok/s: 304,773 | mfu: 34.79 | epoch: 1 | eta: 35.2m
step 00976/02205 (44.26%) [ns2_ftrl_eta0p2] | loss: 3.446374 | lrm: 1.00 | dt: 1719.73ms | tok/s: 304,867 | mfu: 34.80 | epoch: 1 | eta: 35.1m
step 00977/02205 (44.31%) [ns2_ftrl_eta0p2] | loss: 3.448813 | lrm: 1.00 | dt: 1720.22ms | tok/s: 304,778 | mfu: 34.79 | epoch: 1 | eta: 35.1m
step 00978/02205 (44.35%) [ns2_ftrl_eta0p2] | loss: 3.447875 | lrm: 1.00 | dt: 1716.87ms | tok/s: 305,375 | mfu: 34.86 | epoch: 1 | eta: 35.1m
step 00979/02205 (44.40%) [ns2_ftrl_eta0p2] | loss: 3.442182 | lrm: 1.00 | dt: 1718.10ms | tok/s: 305,155 | mfu: 34.83 | epoch: 1 | eta: 35.0m
step 00980/02205 (44.44%) [ns2_ftrl_eta0p2] | loss: 3.445287 | lrm: 1.00 | dt: 1722.79ms | tok/s: 304,325 | mfu: 34.74 | epoch: 1 | eta: 35.0m
step 00981/02205 (44.49%) [ns2_ftrl_eta0p2] | loss: 3.450652 | lrm: 1.00 | dt: 1718.30ms | tok/s: 305,119 | mfu: 34.83 | epoch: 1 | eta: 35.0m
step 00982/02205 (44.54%) [ns2_ftrl_eta0p2] | loss: 3.455926 | lrm: 1.00 | dt: 1725.66ms | tok/s: 303,819 | mfu: 34.68 | epoch: 1 | eta: 35.0m
step 00983/02205 (44.58%) [ns2_ftrl_eta0p2] | loss: 3.454059 | lrm: 1.00 | dt: 1718.11ms | tok/s: 305,154 | mfu: 34.83 | epoch: 1 | eta: 34.9m
step 00984/02205 (44.63%) [ns2_ftrl_eta0p2] | loss: 3.443560 | lrm: 1.00 | dt: 1721.25ms | tok/s: 304,597 | mfu: 34.77 | epoch: 1 | eta: 34.9m
step 00985/02205 (44.67%) [ns2_ftrl_eta0p2] | loss: 3.438011 | lrm: 1.00 | dt: 1716.41ms | tok/s: 305,455 | mfu: 34.87 | epoch: 1 | eta: 34.9m
step 00986/02205 (44.72%) [ns2_ftrl_eta0p2] | loss: 3.439667 | lrm: 1.00 | dt: 1715.70ms | tok/s: 305,582 | mfu: 34.88 | epoch: 1 | eta: 34.8m
step 00987/02205 (44.76%) [ns2_ftrl_eta0p2] | loss: 3.442894 | lrm: 1.00 | dt: 1724.20ms | tok/s: 304,076 | mfu: 34.71 | epoch: 1 | eta: 34.8m
step 00988/02205 (44.81%) [ns2_ftrl_eta0p2] | loss: 3.449093 | lrm: 1.00 | dt: 1714.51ms | tok/s: 305,795 | mfu: 34.91 | epoch: 1 | eta: 34.8m
step 00989/02205 (44.85%) [ns2_ftrl_eta0p2] | loss: 3.457426 | lrm: 1.00 | dt: 1718.72ms | tok/s: 305,046 | mfu: 34.82 | epoch: 1 | eta: 34.8m
step 00990/02205 (44.90%) [ns2_ftrl_eta0p2] | loss: 3.444769 | lrm: 1.00 | dt: 1717.58ms | tok/s: 305,248 | mfu: 34.84 | epoch: 1 | eta: 34.7m
step 00991/02205 (44.94%) [ns2_ftrl_eta0p2] | loss: 3.434726 | lrm: 1.00 | dt: 1717.19ms | tok/s: 305,318 | mfu: 34.85 | epoch: 1 | eta: 34.7m
step 00992/02205 (44.99%) [ns2_ftrl_eta0p2] | loss: 3.435931 | lrm: 1.00 | dt: 1711.54ms | tok/s: 306,325 | mfu: 34.97 | epoch: 1 | eta: 34.7m
step 00993/02205 (45.03%) [ns2_ftrl_eta0p2] | loss: 3.442815 | lrm: 1.00 | dt: 1715.42ms | tok/s: 305,632 | mfu: 34.89 | epoch: 1 | eta: 34.6m
step 00994/02205 (45.08%) [ns2_ftrl_eta0p2] | loss: 3.443244 | lrm: 1.00 | dt: 1720.48ms | tok/s: 304,733 | mfu: 34.79 | epoch: 1 | eta: 34.6m
step 00995/02205 (45.12%) [ns2_ftrl_eta0p2] | loss: 3.447513 | lrm: 1.00 | dt: 1721.95ms | tok/s: 304,472 | mfu: 34.76 | epoch: 1 | eta: 34.6m
step 00996/02205 (45.17%) [ns2_ftrl_eta0p2] | loss: 3.440716 | lrm: 1.00 | dt: 1718.52ms | tok/s: 305,081 | mfu: 34.83 | epoch: 1 | eta: 34.6m
step 00997/02205 (45.22%) [ns2_ftrl_eta0p2] | loss: 3.442060 | lrm: 1.00 | dt: 1726.03ms | tok/s: 303,754 | mfu: 34.67 | epoch: 1 | eta: 34.5m
step 00998/02205 (45.26%) [ns2_ftrl_eta0p2] | loss: 3.430282 | lrm: 1.00 | dt: 1712.79ms | tok/s: 306,101 | mfu: 34.94 | epoch: 1 | eta: 34.5m
step 00999/02205 (45.31%) [ns2_ftrl_eta0p2] | loss: 3.432620 | lrm: 1.00 | dt: 1719.28ms | tok/s: 304,945 | mfu: 34.81 | epoch: 1 | eta: 34.5m
Step 01000 | val bpb: 1.002995
step 01000/02205 (45.35%) [ns2_ftrl_eta0p2] | loss: 3.423018 | lrm: 1.00 | dt: 1700.39ms | tok/s: 308,333 | mfu: 35.20 | epoch: 1 | eta: 34.4m
step 01001/02205 (45.40%) [ns2_ftrl_eta0p2] | loss: 3.422373 | lrm: 1.00 | dt: 1711.09ms | tok/s: 306,406 | mfu: 34.98 | epoch: 1 | eta: 34.4m
step 01002/02205 (45.44%) [ns2_ftrl_eta0p2] | loss: 3.425675 | lrm: 1.00 | dt: 1710.83ms | tok/s: 306,451 | mfu: 34.98 | epoch: 1 | eta: 34.4m
step 01003/02205 (45.49%) [ns2_ftrl_eta0p2] | loss: 3.433048 | lrm: 1.00 | dt: 1704.55ms | tok/s: 307,581 | mfu: 35.11 | epoch: 1 | eta: 34.4m
step 01004/02205 (45.53%) [ns2_ftrl_eta0p2] | loss: 3.433542 | lrm: 1.00 | dt: 1710.90ms | tok/s: 306,440 | mfu: 34.98 | epoch: 1 | eta: 34.3m
step 01005/02205 (45.58%) [ns2_ftrl_eta0p2] | loss: 3.430471 | lrm: 1.00 | dt: 1708.72ms | tok/s: 306,831 | mfu: 35.03 | epoch: 1 | eta: 34.3m
step 01006/02205 (45.62%) [ns2_ftrl_eta0p2] | loss: 3.435815 | lrm: 1.00 | dt: 1711.87ms | tok/s: 306,265 | mfu: 34.96 | epoch: 1 | eta: 34.3m
step 01007/02205 (45.67%) [ns2_ftrl_eta0p2] | loss: 3.449217 | lrm: 1.00 | dt: 1709.91ms | tok/s: 306,617 | mfu: 35.00 | epoch: 1 | eta: 34.2m
step 01008/02205 (45.71%) [ns2_ftrl_eta0p2] | loss: 3.451900 | lrm: 1.00 | dt: 1705.07ms | tok/s: 307,488 | mfu: 35.10 | epoch: 1 | eta: 34.2m
step 01009/02205 (45.76%) [ns2_ftrl_eta0p2] | loss: 3.432201 | lrm: 1.00 | dt: 1714.52ms | tok/s: 305,793 | mfu: 34.91 | epoch: 1 | eta: 34.2m
step 01010/02205 (45.80%) [ns2_ftrl_eta0p2] | loss: 3.435904 | lrm: 1.00 | dt: 1710.95ms | tok/s: 306,431 | mfu: 34.98 | epoch: 1 | eta: 34.2m
step 01011/02205 (45.85%) [ns2_ftrl_eta0p2] | loss: 3.427192 | lrm: 1.00 | dt: 1712.16ms | tok/s: 306,215 | mfu: 34.95 | epoch: 1 | eta: 34.1m
step 01012/02205 (45.90%) [ns2_ftrl_eta0p2] | loss: 3.421107 | lrm: 1.00 | dt: 1713.65ms | tok/s: 305,948 | mfu: 34.92 | epoch: 1 | eta: 34.1m
step 01013/02205 (45.94%) [ns2_ftrl_eta0p2] | loss: 3.424141 | lrm: 1.00 | dt: 1707.82ms | tok/s: 306,991 | mfu: 35.04 | epoch: 1 | eta: 34.1m
step 01014/02205 (45.99%) [ns2_ftrl_eta0p2] | loss: 3.418467 | lrm: 1.00 | dt: 1715.75ms | tok/s: 305,574 | mfu: 34.88 | epoch: 1 | eta: 34.0m
step 01015/02205 (46.03%) [ns2_ftrl_eta0p2] | loss: 3.422464 | lrm: 1.00 | dt: 1710.81ms | tok/s: 306,455 | mfu: 34.98 | epoch: 1 | eta: 34.0m
step 01016/02205 (46.08%) [ns2_ftrl_eta0p2] | loss: 3.415488 | lrm: 1.00 | dt: 1711.11ms | tok/s: 306,402 | mfu: 34.98 | epoch: 1 | eta: 34.0m
step 01017/02205 (46.12%) [ns2_ftrl_eta0p2] | loss: 3.411565 | lrm: 1.00 | dt: 1715.61ms | tok/s: 305,598 | mfu: 34.88 | epoch: 1 | eta: 34.0m
step 01018/02205 (46.17%) [ns2_ftrl_eta0p2] | loss: 3.403183 | lrm: 1.00 | dt: 1711.56ms | tok/s: 306,322 | mfu: 34.97 | epoch: 1 | eta: 33.9m
step 01019/02205 (46.21%) [ns2_ftrl_eta0p2] | loss: 3.411140 | lrm: 1.00 | dt: 1716.65ms | tok/s: 305,412 | mfu: 34.86 | epoch: 1 | eta: 33.9m
step 01020/02205 (46.26%) [ns2_ftrl_eta0p2] | loss: 3.400862 | lrm: 1.00 | dt: 1715.74ms | tok/s: 305,575 | mfu: 34.88 | epoch: 1 | eta: 33.9m
step 01021/02205 (46.30%) [ns2_ftrl_eta0p2] | loss: 3.402542 | lrm: 1.00 | dt: 1716.97ms | tok/s: 305,356 | mfu: 34.86 | epoch: 1 | eta: 33.8m
step 01022/02205 (46.35%) [ns2_ftrl_eta0p2] | loss: 3.402855 | lrm: 1.00 | dt: 1712.69ms | tok/s: 306,119 | mfu: 34.94 | epoch: 1 | eta: 33.8m
step 01023/02205 (46.39%) [ns2_ftrl_eta0p2] | loss: 3.405965 | lrm: 1.00 | dt: 1716.61ms | tok/s: 305,419 | mfu: 34.86 | epoch: 1 | eta: 33.8m
step 01024/02205 (46.44%) [ns2_ftrl_eta0p2] | loss: 3.414726 | lrm: 1.00 | dt: 1723.49ms | tok/s: 304,201 | mfu: 34.72 | epoch: 1 | eta: 33.8m
step 01025/02205 (46.49%) [ns2_ftrl_eta0p2] | loss: 3.413375 | lrm: 1.00 | dt: 1716.48ms | tok/s: 305,443 | mfu: 34.87 | epoch: 1 | eta: 33.7m
step 01026/02205 (46.53%) [ns2_ftrl_eta0p2] | loss: 3.405279 | lrm: 1.00 | dt: 1713.71ms | tok/s: 305,937 | mfu: 34.92 | epoch: 1 | eta: 33.7m
step 01027/02205 (46.58%) [ns2_ftrl_eta0p2] | loss: 3.410838 | lrm: 1.00 | dt: 1719.85ms | tok/s: 304,844 | mfu: 34.80 | epoch: 1 | eta: 33.7m
step 01028/02205 (46.62%) [ns2_ftrl_eta0p2] | loss: 3.412592 | lrm: 1.00 | dt: 1717.71ms | tok/s: 305,224 | mfu: 34.84 | epoch: 1 | eta: 33.6m
step 01029/02205 (46.67%) [ns2_ftrl_eta0p2] | loss: 3.407353 | lrm: 1.00 | dt: 1716.17ms | tok/s: 305,498 | mfu: 34.87 | epoch: 1 | eta: 33.6m
step 01030/02205 (46.71%) [ns2_ftrl_eta0p2] | loss: 3.422731 | lrm: 1.00 | dt: 1718.56ms | tok/s: 305,073 | mfu: 34.82 | epoch: 1 | eta: 33.6m
step 01031/02205 (46.76%) [ns2_ftrl_eta0p2] | loss: 3.417483 | lrm: 1.00 | dt: 1721.84ms | tok/s: 304,493 | mfu: 34.76 | epoch: 1 | eta: 33.6m
step 01032/02205 (46.80%) [ns2_ftrl_eta0p2] | loss: 3.412818 | lrm: 1.00 | dt: 1714.77ms | tok/s: 305,747 | mfu: 34.90 | epoch: 1 | eta: 33.5m
step 01033/02205 (46.85%) [ns2_ftrl_eta0p2] | loss: 3.415072 | lrm: 1.00 | dt: 1720.33ms | tok/s: 304,759 | mfu: 34.79 | epoch: 1 | eta: 33.5m
step 01034/02205 (46.89%) [ns2_ftrl_eta0p2] | loss: 3.412875 | lrm: 1.00 | dt: 1715.40ms | tok/s: 305,635 | mfu: 34.89 | epoch: 1 | eta: 33.5m
step 01035/02205 (46.94%) [ns2_ftrl_eta0p2] | loss: 3.410929 | lrm: 1.00 | dt: 1710.81ms | tok/s: 306,455 | mfu: 34.98 | epoch: 1 | eta: 33.4m
step 01036/02205 (46.98%) [ns2_ftrl_eta0p2] | loss: 3.416290 | lrm: 1.00 | dt: 1716.52ms | tok/s: 305,436 | mfu: 34.87 | epoch: 1 | eta: 33.4m
step 01037/02205 (47.03%) [ns2_ftrl_eta0p2] | loss: 3.426580 | lrm: 1.00 | dt: 1715.85ms | tok/s: 305,556 | mfu: 34.88 | epoch: 1 | eta: 33.4m
step 01038/02205 (47.07%) [ns2_ftrl_eta0p2] | loss: 3.430711 | lrm: 1.00 | dt: 1719.03ms | tok/s: 304,990 | mfu: 34.82 | epoch: 1 | eta: 33.4m
step 01039/02205 (47.12%) [ns2_ftrl_eta0p2] | loss: 3.439717 | lrm: 1.00 | dt: 1722.35ms | tok/s: 304,402 | mfu: 34.75 | epoch: 1 | eta: 33.3m
step 01040/02205 (47.17%) [ns2_ftrl_eta0p2] | loss: 3.438535 | lrm: 1.00 | dt: 1714.26ms | tok/s: 305,840 | mfu: 34.91 | epoch: 1 | eta: 33.3m
step 01041/02205 (47.21%) [ns2_ftrl_eta0p2] | loss: 3.432903 | lrm: 1.00 | dt: 1716.18ms | tok/s: 305,496 | mfu: 34.87 | epoch: 1 | eta: 33.3m
step 01042/02205 (47.26%) [ns2_ftrl_eta0p2] | loss: 3.428486 | lrm: 1.00 | dt: 1716.09ms | tok/s: 305,513 | mfu: 34.87 | epoch: 1 | eta: 33.2m
step 01043/02205 (47.30%) [ns2_ftrl_eta0p2] | loss: 3.428592 | lrm: 1.00 | dt: 1718.08ms | tok/s: 305,160 | mfu: 34.83 | epoch: 1 | eta: 33.2m
step 01044/02205 (47.35%) [ns2_ftrl_eta0p2] | loss: 3.422800 | lrm: 1.00 | dt: 1714.73ms | tok/s: 305,754 | mfu: 34.90 | epoch: 1 | eta: 33.2m
step 01045/02205 (47.39%) [ns2_ftrl_eta0p2] | loss: 3.420109 | lrm: 1.00 | dt: 1715.97ms | tok/s: 305,534 | mfu: 34.88 | epoch: 1 | eta: 33.2m
step 01046/02205 (47.44%) [ns2_ftrl_eta0p2] | loss: 3.414871 | lrm: 1.00 | dt: 1721.08ms | tok/s: 304,628 | mfu: 34.77 | epoch: 1 | eta: 33.1m
step 01047/02205 (47.48%) [ns2_ftrl_eta0p2] | loss: 3.415017 | lrm: 1.00 | dt: 1719.82ms | tok/s: 304,850 | mfu: 34.80 | epoch: 1 | eta: 33.1m
step 01048/02205 (47.53%) [ns2_ftrl_eta0p2] | loss: 3.420718 | lrm: 1.00 | dt: 1716.23ms | tok/s: 305,488 | mfu: 34.87 | epoch: 1 | eta: 33.1m
step 01049/02205 (47.57%) [ns2_ftrl_eta0p2] | loss: 3.415054 | lrm: 1.00 | dt: 1716.37ms | tok/s: 305,463 | mfu: 34.87 | epoch: 1 | eta: 33.0m
step 01050/02205 (47.62%) [ns2_ftrl_eta0p2] | loss: 3.418385 | lrm: 1.00 | dt: 1717.14ms | tok/s: 305,326 | mfu: 34.85 | epoch: 1 | eta: 33.0m
step 01051/02205 (47.66%) [ns2_ftrl_eta0p2] | loss: 3.413099 | lrm: 1.00 | dt: 1712.75ms | tok/s: 306,108 | mfu: 34.94 | epoch: 1 | eta: 33.0m
step 01052/02205 (47.71%) [ns2_ftrl_eta0p2] | loss: 3.419514 | lrm: 1.00 | dt: 1718.35ms | tok/s: 305,111 | mfu: 34.83 | epoch: 1 | eta: 33.0m
step 01053/02205 (47.76%) [ns2_ftrl_eta0p2] | loss: 3.416846 | lrm: 1.00 | dt: 1718.44ms | tok/s: 305,095 | mfu: 34.83 | epoch: 1 | eta: 32.9m
step 01054/02205 (47.80%) [ns2_ftrl_eta0p2] | loss: 3.416332 | lrm: 1.00 | dt: 1720.12ms | tok/s: 304,797 | mfu: 34.79 | epoch: 1 | eta: 32.9m
step 01055/02205 (47.85%) [ns2_ftrl_eta0p2] | loss: 3.423775 | lrm: 1.00 | dt: 1718.54ms | tok/s: 305,077 | mfu: 34.82 | epoch: 1 | eta: 32.9m
step 01056/02205 (47.89%) [ns2_ftrl_eta0p2] | loss: 3.421767 | lrm: 1.00 | dt: 1713.51ms | tok/s: 305,973 | mfu: 34.93 | epoch: 1 | eta: 32.8m
step 01057/02205 (47.94%) [ns2_ftrl_eta0p2] | loss: 3.424243 | lrm: 1.00 | dt: 1720.75ms | tok/s: 304,685 | mfu: 34.78 | epoch: 1 | eta: 32.8m
step 01058/02205 (47.98%) [ns2_ftrl_eta0p2] | loss: 3.416051 | lrm: 1.00 | dt: 1713.70ms | tok/s: 305,938 | mfu: 34.92 | epoch: 1 | eta: 32.8m
step 01059/02205 (48.03%) [ns2_ftrl_eta0p2] | loss: 3.404125 | lrm: 1.00 | dt: 1713.16ms | tok/s: 306,035 | mfu: 34.93 | epoch: 1 | eta: 32.8m
step 01060/02205 (48.07%) [ns2_ftrl_eta0p2] | loss: 3.393038 | lrm: 1.00 | dt: 1716.52ms | tok/s: 305,436 | mfu: 34.87 | epoch: 1 | eta: 32.7m
step 01061/02205 (48.12%) [ns2_ftrl_eta0p2] | loss: 3.397854 | lrm: 1.00 | dt: 1719.14ms | tok/s: 304,971 | mfu: 34.81 | epoch: 1 | eta: 32.7m
step 01062/02205 (48.16%) [ns2_ftrl_eta0p2] | loss: 3.399802 | lrm: 1.00 | dt: 1715.32ms | tok/s: 305,650 | mfu: 34.89 | epoch: 1 | eta: 32.7m
step 01063/02205 (48.21%) [ns2_ftrl_eta0p2] | loss: 3.401126 | lrm: 1.00 | dt: 1712.80ms | tok/s: 306,100 | mfu: 34.94 | epoch: 1 | eta: 32.6m
step 01064/02205 (48.25%) [ns2_ftrl_eta0p2] | loss: 3.400613 | lrm: 1.00 | dt: 1716.11ms | tok/s: 305,508 | mfu: 34.87 | epoch: 1 | eta: 32.6m
step 01065/02205 (48.30%) [ns2_ftrl_eta0p2] | loss: 3.388595 | lrm: 1.00 | dt: 1720.75ms | tok/s: 304,686 | mfu: 34.78 | epoch: 1 | eta: 32.6m
step 01066/02205 (48.34%) [ns2_ftrl_eta0p2] | loss: 3.392557 | lrm: 1.00 | dt: 1711.30ms | tok/s: 306,368 | mfu: 34.97 | epoch: 1 | eta: 32.6m
step 01067/02205 (48.39%) [ns2_ftrl_eta0p2] | loss: 3.391283 | lrm: 1.00 | dt: 1710.45ms | tok/s: 306,520 | mfu: 34.99 | epoch: 1 | eta: 32.5m
step 01068/02205 (48.44%) [ns2_ftrl_eta0p2] | loss: 3.398076 | lrm: 1.00 | dt: 1715.53ms | tok/s: 305,612 | mfu: 34.89 | epoch: 1 | eta: 32.5m
step 01069/02205 (48.48%) [ns2_ftrl_eta0p2] | loss: 3.391635 | lrm: 1.00 | dt: 1704.10ms | tok/s: 307,662 | mfu: 35.12 | epoch: 1 | eta: 32.5m
step 01070/02205 (48.53%) [ns2_ftrl_eta0p2] | loss: 3.395933 | lrm: 1.00 | dt: 1713.63ms | tok/s: 305,952 | mfu: 34.92 | epoch: 1 | eta: 32.4m
step 01071/02205 (48.57%) [ns2_ftrl_eta0p2] | loss: 3.408423 | lrm: 1.00 | dt: 1710.31ms | tok/s: 306,545 | mfu: 34.99 | epoch: 1 | eta: 32.4m
step 01072/02205 (48.62%) [ns2_ftrl_eta0p2] | loss: 3.392827 | lrm: 1.00 | dt: 1714.26ms | tok/s: 305,838 | mfu: 34.91 | epoch: 1 | eta: 32.4m
step 01073/02205 (48.66%) [ns2_ftrl_eta0p2] | loss: 3.395084 | lrm: 1.00 | dt: 1709.43ms | tok/s: 306,703 | mfu: 35.01 | epoch: 1 | eta: 32.4m
step 01074/02205 (48.71%) [ns2_ftrl_eta0p2] | loss: 3.395880 | lrm: 1.00 | dt: 1704.73ms | tok/s: 307,548 | mfu: 35.11 | epoch: 1 | eta: 32.3m
step 01075/02205 (48.75%) [ns2_ftrl_eta0p2] | loss: 3.390912 | lrm: 1.00 | dt: 1716.55ms | tok/s: 305,430 | mfu: 34.87 | epoch: 1 | eta: 32.3m
step 01076/02205 (48.80%) [ns2_ftrl_eta0p2] | loss: 3.394102 | lrm: 1.00 | dt: 1706.62ms | tok/s: 307,208 | mfu: 35.07 | epoch: 1 | eta: 32.3m
step 01077/02205 (48.84%) [ns2_ftrl_eta0p2] | loss: 3.401339 | lrm: 1.00 | dt: 1708.27ms | tok/s: 306,910 | mfu: 35.03 | epoch: 1 | eta: 32.2m
step 01078/02205 (48.89%) [ns2_ftrl_eta0p2] | loss: 3.397018 | lrm: 1.00 | dt: 1709.29ms | tok/s: 306,727 | mfu: 35.01 | epoch: 1 | eta: 32.2m
step 01079/02205 (48.93%) [ns2_ftrl_eta0p2] | loss: 3.391728 | lrm: 1.00 | dt: 1708.99ms | tok/s: 306,782 | mfu: 35.02 | epoch: 1 | eta: 32.2m
step 01080/02205 (48.98%) [ns2_ftrl_eta0p2] | loss: 3.391032 | lrm: 1.00 | dt: 1706.56ms | tok/s: 307,219 | mfu: 35.07 | epoch: 1 | eta: 32.2m
step 01081/02205 (49.02%) [ns2_ftrl_eta0p2] | loss: 3.391170 | lrm: 1.00 | dt: 1707.59ms | tok/s: 307,033 | mfu: 35.05 | epoch: 1 | eta: 32.1m
step 01082/02205 (49.07%) [ns2_ftrl_eta0p2] | loss: 3.390595 | lrm: 1.00 | dt: 1704.54ms | tok/s: 307,582 | mfu: 35.11 | epoch: 1 | eta: 32.1m
step 01083/02205 (49.12%) [ns2_ftrl_eta0p2] | loss: 3.386666 | lrm: 1.00 | dt: 1702.98ms | tok/s: 307,864 | mfu: 35.14 | epoch: 1 | eta: 32.1m
step 01084/02205 (49.16%) [ns2_ftrl_eta0p2] | loss: 3.381832 | lrm: 1.00 | dt: 1706.35ms | tok/s: 307,257 | mfu: 35.07 | epoch: 1 | eta: 32.0m
step 01085/02205 (49.21%) [ns2_ftrl_eta0p2] | loss: 3.382243 | lrm: 1.00 | dt: 1705.65ms | tok/s: 307,382 | mfu: 35.09 | epoch: 1 | eta: 32.0m
step 01086/02205 (49.25%) [ns2_ftrl_eta0p2] | loss: 3.388218 | lrm: 1.00 | dt: 1701.52ms | tok/s: 308,129 | mfu: 35.17 | epoch: 1 | eta: 32.0m
step 01087/02205 (49.30%) [ns2_ftrl_eta0p2] | loss: 3.384439 | lrm: 1.00 | dt: 1709.03ms | tok/s: 306,775 | mfu: 35.02 | epoch: 1 | eta: 32.0m
step 01088/02205 (49.34%) [ns2_ftrl_eta0p2] | loss: 3.388957 | lrm: 1.00 | dt: 1708.76ms | tok/s: 306,823 | mfu: 35.02 | epoch: 1 | eta: 31.9m
step 01089/02205 (49.39%) [ns2_ftrl_eta0p2] | loss: 3.385951 | lrm: 1.00 | dt: 1708.71ms | tok/s: 306,833 | mfu: 35.03 | epoch: 1 | eta: 31.9m
step 01090/02205 (49.43%) [ns2_ftrl_eta0p2] | loss: 3.385004 | lrm: 1.00 | dt: 1706.08ms | tok/s: 307,305 | mfu: 35.08 | epoch: 1 | eta: 31.9m
step 01091/02205 (49.48%) [ns2_ftrl_eta0p2] | loss: 3.390001 | lrm: 1.00 | dt: 1713.65ms | tok/s: 305,947 | mfu: 34.92 | epoch: 1 | eta: 31.8m
step 01092/02205 (49.52%) [ns2_ftrl_eta0p2] | loss: 3.384775 | lrm: 1.00 | dt: 1709.55ms | tok/s: 306,682 | mfu: 35.01 | epoch: 1 | eta: 31.8m
step 01093/02205 (49.57%) [ns2_ftrl_eta0p2] | loss: 3.385868 | lrm: 1.00 | dt: 1714.69ms | tok/s: 305,762 | mfu: 34.90 | epoch: 1 | eta: 31.8m
step 01094/02205 (49.61%) [ns2_ftrl_eta0p2] | loss: 3.386284 | lrm: 1.00 | dt: 1707.27ms | tok/s: 307,091 | mfu: 35.05 | epoch: 1 | eta: 31.8m
step 01095/02205 (49.66%) [ns2_ftrl_eta0p2] | loss: 3.394038 | lrm: 1.00 | dt: 1709.06ms | tok/s: 306,769 | mfu: 35.02 | epoch: 1 | eta: 31.7m
step 01096/02205 (49.71%) [ns2_ftrl_eta0p2] | loss: 3.397660 | lrm: 1.00 | dt: 1714.75ms | tok/s: 305,752 | mfu: 34.90 | epoch: 1 | eta: 31.7m
step 01097/02205 (49.75%) [ns2_ftrl_eta0p2] | loss: 3.393496 | lrm: 1.00 | dt: 1709.23ms | tok/s: 306,739 | mfu: 35.01 | epoch: 1 | eta: 31.7m
step 01098/02205 (49.80%) [ns2_ftrl_eta0p2] | loss: 3.390234 | lrm: 1.00 | dt: 1713.59ms | tok/s: 305,959 | mfu: 34.93 | epoch: 1 | eta: 31.6m
step 01099/02205 (49.84%) [ns2_ftrl_eta0p2] | loss: 3.395144 | lrm: 1.00 | dt: 1713.32ms | tok/s: 306,006 | mfu: 34.93 | epoch: 1 | eta: 31.6m
step 01100/02205 (49.89%) [ns2_ftrl_eta0p2] | loss: 3.393043 | lrm: 1.00 | dt: 1712.04ms | tok/s: 306,235 | mfu: 34.96 | epoch: 1 | eta: 31.6m
step 01101/02205 (49.93%) [ns2_ftrl_eta0p2] | loss: 3.399138 | lrm: 1.00 | dt: 1718.54ms | tok/s: 305,077 | mfu: 34.83 | epoch: 1 | eta: 31.6m
step 01102/02205 (49.98%) [ns2_ftrl_eta0p2] | loss: 3.382246 | lrm: 1.00 | dt: 1719.59ms | tok/s: 304,891 | mfu: 34.80 | epoch: 1 | eta: 31.5m
step 01103/02205 (50.02%) [ns2_ftrl_eta0p2] | loss: 3.380173 | lrm: 1.00 | dt: 1714.61ms | tok/s: 305,777 | mfu: 34.90 | epoch: 1 | eta: 31.5m
step 01104/02205 (50.07%) [ns2_ftrl_eta0p2] | loss: 3.384177 | lrm: 1.00 | dt: 1713.27ms | tok/s: 306,015 | mfu: 34.93 | epoch: 1 | eta: 31.5m
step 01105/02205 (50.11%) [ns2_ftrl_eta0p2] | loss: 3.380754 | lrm: 1.00 | dt: 1716.51ms | tok/s: 305,439 | mfu: 34.87 | epoch: 1 | eta: 31.4m
step 01106/02205 (50.16%) [ns2_ftrl_eta0p2] | loss: 3.370556 | lrm: 1.00 | dt: 1713.72ms | tok/s: 305,935 | mfu: 34.92 | epoch: 1 | eta: 31.4m
step 01107/02205 (50.20%) [ns2_ftrl_eta0p2] | loss: 3.386261 | lrm: 1.00 | dt: 1713.52ms | tok/s: 305,970 | mfu: 34.93 | epoch: 1 | eta: 31.4m
step 01108/02205 (50.25%) [ns2_ftrl_eta0p2] | loss: 3.389731 | lrm: 1.00 | dt: 1716.76ms | tok/s: 305,393 | mfu: 34.86 | epoch: 1 | eta: 31.4m
step 01109/02205 (50.29%) [ns2_ftrl_eta0p2] | loss: 3.395077 | lrm: 0.99 | dt: 1712.48ms | tok/s: 306,157 | mfu: 34.95 | epoch: 1 | eta: 31.3m
step 01110/02205 (50.34%) [ns2_ftrl_eta0p2] | loss: 3.385252 | lrm: 0.99 | dt: 1715.29ms | tok/s: 305,655 | mfu: 34.89 | epoch: 1 | eta: 31.3m
step 01111/02205 (50.39%) [ns2_ftrl_eta0p2] | loss: 3.384071 | lrm: 0.99 | dt: 1712.84ms | tok/s: 306,092 | mfu: 34.94 | epoch: 1 | eta: 31.3m
step 01112/02205 (50.43%) [ns2_ftrl_eta0p2] | loss: 3.388105 | lrm: 0.99 | dt: 1715.44ms | tok/s: 305,628 | mfu: 34.89 | epoch: 1 | eta: 31.2m
step 01113/02205 (50.48%) [ns2_ftrl_eta0p2] | loss: 3.387745 | lrm: 0.99 | dt: 1715.07ms | tok/s: 305,695 | mfu: 34.90 | epoch: 1 | eta: 31.2m
step 01114/02205 (50.52%) [ns2_ftrl_eta0p2] | loss: 3.395971 | lrm: 0.99 | dt: 1716.58ms | tok/s: 305,426 | mfu: 34.86 | epoch: 1 | eta: 31.2m
step 01115/02205 (50.57%) [ns2_ftrl_eta0p2] | loss: 3.396856 | lrm: 0.99 | dt: 1724.24ms | tok/s: 304,068 | mfu: 34.71 | epoch: 1 | eta: 31.2m
step 01116/02205 (50.61%) [ns2_ftrl_eta0p2] | loss: 3.403297 | lrm: 0.99 | dt: 1715.31ms | tok/s: 305,652 | mfu: 34.89 | epoch: 1 | eta: 31.1m
step 01117/02205 (50.66%) [ns2_ftrl_eta0p2] | loss: 3.399520 | lrm: 0.99 | dt: 1712.51ms | tok/s: 306,151 | mfu: 34.95 | epoch: 1 | eta: 31.1m
step 01118/02205 (50.70%) [ns2_ftrl_eta0p2] | loss: 3.388046 | lrm: 0.99 | dt: 1724.84ms | tok/s: 303,963 | mfu: 34.70 | epoch: 1 | eta: 31.1m
step 01119/02205 (50.75%) [ns2_ftrl_eta0p2] | loss: 3.391493 | lrm: 0.99 | dt: 1715.45ms | tok/s: 305,627 | mfu: 34.89 | epoch: 1 | eta: 31.0m
step 01120/02205 (50.79%) [ns2_ftrl_eta0p2] | loss: 3.390619 | lrm: 0.98 | dt: 1718.73ms | tok/s: 305,044 | mfu: 34.82 | epoch: 1 | eta: 31.0m
step 01121/02205 (50.84%) [ns2_ftrl_eta0p2] | loss: 3.399794 | lrm: 0.98 | dt: 1714.12ms | tok/s: 305,863 | mfu: 34.91 | epoch: 1 | eta: 31.0m
step 01122/02205 (50.88%) [ns2_ftrl_eta0p2] | loss: 3.404883 | lrm: 0.98 | dt: 1715.94ms | tok/s: 305,540 | mfu: 34.88 | epoch: 1 | eta: 31.0m
step 01123/02205 (50.93%) [ns2_ftrl_eta0p2] | loss: 3.403609 | lrm: 0.98 | dt: 1716.22ms | tok/s: 305,489 | mfu: 34.87 | epoch: 1 | eta: 30.9m
step 01124/02205 (50.98%) [ns2_ftrl_eta0p2] | loss: 3.397033 | lrm: 0.98 | dt: 1722.30ms | tok/s: 304,411 | mfu: 34.75 | epoch: 1 | eta: 30.9m
step 01125/02205 (51.02%) [ns2_ftrl_eta0p2] | loss: 3.396125 | lrm: 0.98 | dt: 1713.11ms | tok/s: 306,045 | mfu: 34.94 | epoch: 1 | eta: 30.9m
step 01126/02205 (51.07%) [ns2_ftrl_eta0p2] | loss: 3.395569 | lrm: 0.98 | dt: 1717.02ms | tok/s: 305,348 | mfu: 34.86 | epoch: 1 | eta: 30.8m
step 01127/02205 (51.11%) [ns2_ftrl_eta0p2] | loss: 3.397484 | lrm: 0.98 | dt: 1717.12ms | tok/s: 305,330 | mfu: 34.85 | epoch: 1 | eta: 30.8m
step 01128/02205 (51.16%) [ns2_ftrl_eta0p2] | loss: 3.396165 | lrm: 0.98 | dt: 1716.52ms | tok/s: 305,435 | mfu: 34.87 | epoch: 1 | eta: 30.8m
step 01129/02205 (51.20%) [ns2_ftrl_eta0p2] | loss: 3.393843 | lrm: 0.98 | dt: 1714.11ms | tok/s: 305,866 | mfu: 34.92 | epoch: 1 | eta: 30.8m
step 01130/02205 (51.25%) [ns2_ftrl_eta0p2] | loss: 3.390260 | lrm: 0.98 | dt: 1723.78ms | tok/s: 304,149 | mfu: 34.72 | epoch: 1 | eta: 30.7m
step 01131/02205 (51.29%) [ns2_ftrl_eta0p2] | loss: 3.391576 | lrm: 0.97 | dt: 1713.04ms | tok/s: 306,056 | mfu: 34.94 | epoch: 1 | eta: 30.7m
step 01132/02205 (51.34%) [ns2_ftrl_eta0p2] | loss: 3.391166 | lrm: 0.97 | dt: 1712.43ms | tok/s: 306,165 | mfu: 34.95 | epoch: 1 | eta: 30.7m
step 01133/02205 (51.38%) [ns2_ftrl_eta0p2] | loss: 3.402689 | lrm: 0.97 | dt: 1708.65ms | tok/s: 306,843 | mfu: 35.03 | epoch: 1 | eta: 30.6m
step 01134/02205 (51.43%) [ns2_ftrl_eta0p2] | loss: 3.400414 | lrm: 0.97 | dt: 1715.13ms | tok/s: 305,683 | mfu: 34.89 | epoch: 1 | eta: 30.6m
step 01135/02205 (51.47%) [ns2_ftrl_eta0p2] | loss: 3.385204 | lrm: 0.97 | dt: 1712.24ms | tok/s: 306,200 | mfu: 34.95 | epoch: 1 | eta: 30.6m
step 01136/02205 (51.52%) [ns2_ftrl_eta0p2] | loss: 3.383098 | lrm: 0.97 | dt: 1713.85ms | tok/s: 305,911 | mfu: 34.92 | epoch: 1 | eta: 30.6m
step 01137/02205 (51.56%) [ns2_ftrl_eta0p2] | loss: 3.377261 | lrm: 0.97 | dt: 1713.98ms | tok/s: 305,888 | mfu: 34.92 | epoch: 1 | eta: 30.5m
step 01138/02205 (51.61%) [ns2_ftrl_eta0p2] | loss: 3.374583 | lrm: 0.97 | dt: 1712.25ms | tok/s: 306,197 | mfu: 34.95 | epoch: 1 | eta: 30.5m
step 01139/02205 (51.66%) [ns2_ftrl_eta0p2] | loss: 3.378545 | lrm: 0.97 | dt: 1710.75ms | tok/s: 306,467 | mfu: 34.98 | epoch: 1 | eta: 30.5m
step 01140/02205 (51.70%) [ns2_ftrl_eta0p2] | loss: 3.375709 | lrm: 0.97 | dt: 1711.52ms | tok/s: 306,328 | mfu: 34.97 | epoch: 1 | eta: 30.4m
step 01141/02205 (51.75%) [ns2_ftrl_eta0p2] | loss: 3.376399 | lrm: 0.97 | dt: 1715.40ms | tok/s: 305,636 | mfu: 34.89 | epoch: 1 | eta: 30.4m
step 01142/02205 (51.79%) [ns2_ftrl_eta0p2] | loss: 3.374445 | lrm: 0.96 | dt: 1713.97ms | tok/s: 305,890 | mfu: 34.92 | epoch: 1 | eta: 30.4m
step 01143/02205 (51.84%) [ns2_ftrl_eta0p2] | loss: 3.379640 | lrm: 0.96 | dt: 1712.70ms | tok/s: 306,118 | mfu: 34.94 | epoch: 1 | eta: 30.4m
step 01144/02205 (51.88%) [ns2_ftrl_eta0p2] | loss: 3.374745 | lrm: 0.96 | dt: 1709.16ms | tok/s: 306,751 | mfu: 35.02 | epoch: 1 | eta: 30.3m
step 01145/02205 (51.93%) [ns2_ftrl_eta0p2] | loss: 3.385640 | lrm: 0.96 | dt: 1713.02ms | tok/s: 306,061 | mfu: 34.94 | epoch: 1 | eta: 30.3m
step 01146/02205 (51.97%) [ns2_ftrl_eta0p2] | loss: 3.386954 | lrm: 0.96 | dt: 1709.69ms | tok/s: 306,656 | mfu: 35.01 | epoch: 1 | eta: 30.3m
step 01147/02205 (52.02%) [ns2_ftrl_eta0p2] | loss: 3.389712 | lrm: 0.96 | dt: 1710.82ms | tok/s: 306,454 | mfu: 34.98 | epoch: 1 | eta: 30.2m
step 01148/02205 (52.06%) [ns2_ftrl_eta0p2] | loss: 3.391695 | lrm: 0.96 | dt: 1703.37ms | tok/s: 307,794 | mfu: 35.14 | epoch: 1 | eta: 30.2m
step 01149/02205 (52.11%) [ns2_ftrl_eta0p2] | loss: 3.382158 | lrm: 0.96 | dt: 1714.92ms | tok/s: 305,721 | mfu: 34.90 | epoch: 1 | eta: 30.2m
step 01150/02205 (52.15%) [ns2_ftrl_eta0p2] | loss: 3.379049 | lrm: 0.96 | dt: 1706.76ms | tok/s: 307,183 | mfu: 35.07 | epoch: 1 | eta: 30.2m
step 01151/02205 (52.20%) [ns2_ftrl_eta0p2] | loss: 3.372739 | lrm: 0.96 | dt: 1712.58ms | tok/s: 306,139 | mfu: 34.95 | epoch: 1 | eta: 30.1m
step 01152/02205 (52.24%) [ns2_ftrl_eta0p2] | loss: 3.367109 | lrm: 0.96 | dt: 1704.30ms | tok/s: 307,626 | mfu: 35.12 | epoch: 1 | eta: 30.1m
step 01153/02205 (52.29%) [ns2_ftrl_eta0p2] | loss: 3.356880 | lrm: 0.95 | dt: 1707.05ms | tok/s: 307,131 | mfu: 35.06 | epoch: 1 | eta: 30.1m
step 01154/02205 (52.34%) [ns2_ftrl_eta0p2] | loss: 3.362237 | lrm: 0.95 | dt: 1707.78ms | tok/s: 307,000 | mfu: 35.04 | epoch: 1 | eta: 30.0m
step 01155/02205 (52.38%) [ns2_ftrl_eta0p2] | loss: 3.367302 | lrm: 0.95 | dt: 1704.86ms | tok/s: 307,525 | mfu: 35.10 | epoch: 1 | eta: 30.0m
step 01156/02205 (52.43%) [ns2_ftrl_eta0p2] | loss: 3.367695 | lrm: 0.95 | dt: 1709.82ms | tok/s: 306,633 | mfu: 35.00 | epoch: 1 | eta: 30.0m
step 01157/02205 (52.47%) [ns2_ftrl_eta0p2] | loss: 3.371585 | lrm: 0.95 | dt: 1707.77ms | tok/s: 307,001 | mfu: 35.04 | epoch: 1 | eta: 30.0m
step 01158/02205 (52.52%) [ns2_ftrl_eta0p2] | loss: 3.376228 | lrm: 0.95 | dt: 1705.50ms | tok/s: 307,410 | mfu: 35.09 | epoch: 1 | eta: 29.9m
step 01159/02205 (52.56%) [ns2_ftrl_eta0p2] | loss: 3.374822 | lrm: 0.95 | dt: 1705.20ms | tok/s: 307,463 | mfu: 35.10 | epoch: 1 | eta: 29.9m
step 01160/02205 (52.61%) [ns2_ftrl_eta0p2] | loss: 3.375582 | lrm: 0.95 | dt: 1704.56ms | tok/s: 307,579 | mfu: 35.11 | epoch: 1 | eta: 29.9m
step 01161/02205 (52.65%) [ns2_ftrl_eta0p2] | loss: 3.369229 | lrm: 0.95 | dt: 1697.24ms | tok/s: 308,905 | mfu: 35.26 | epoch: 1 | eta: 29.8m
step 01162/02205 (52.70%) [ns2_ftrl_eta0p2] | loss: 3.363098 | lrm: 0.95 | dt: 1710.07ms | tok/s: 306,587 | mfu: 35.00 | epoch: 1 | eta: 29.8m
step 01163/02205 (52.74%) [ns2_ftrl_eta0p2] | loss: 3.356364 | lrm: 0.95 | dt: 1705.07ms | tok/s: 307,488 | mfu: 35.10 | epoch: 1 | eta: 29.8m
step 01164/02205 (52.79%) [ns2_ftrl_eta0p2] | loss: 3.349015 | lrm: 0.94 | dt: 1699.08ms | tok/s: 308,572 | mfu: 35.22 | epoch: 1 | eta: 29.7m
step 01165/02205 (52.83%) [ns2_ftrl_eta0p2] | loss: 3.339929 | lrm: 0.94 | dt: 1710.93ms | tok/s: 306,435 | mfu: 34.98 | epoch: 1 | eta: 29.7m
step 01166/02205 (52.88%) [ns2_ftrl_eta0p2] | loss: 3.343772 | lrm: 0.94 | dt: 1706.63ms | tok/s: 307,207 | mfu: 35.07 | epoch: 1 | eta: 29.7m
step 01167/02205 (52.93%) [ns2_ftrl_eta0p2] | loss: 3.346605 | lrm: 0.94 | dt: 1702.66ms | tok/s: 307,923 | mfu: 35.15 | epoch: 1 | eta: 29.7m
step 01168/02205 (52.97%) [ns2_ftrl_eta0p2] | loss: 3.355723 | lrm: 0.94 | dt: 1701.10ms | tok/s: 308,205 | mfu: 35.18 | epoch: 1 | eta: 29.6m
step 01169/02205 (53.02%) [ns2_ftrl_eta0p2] | loss: 3.358331 | lrm: 0.94 | dt: 1709.77ms | tok/s: 306,642 | mfu: 35.00 | epoch: 1 | eta: 29.6m
step 01170/02205 (53.06%) [ns2_ftrl_eta0p2] | loss: 3.354211 | lrm: 0.94 | dt: 1703.19ms | tok/s: 307,826 | mfu: 35.14 | epoch: 1 | eta: 29.6m
step 01171/02205 (53.11%) [ns2_ftrl_eta0p2] | loss: 3.351238 | lrm: 0.94 | dt: 1697.55ms | tok/s: 308,849 | mfu: 35.26 | epoch: 1 | eta: 29.5m
step 01172/02205 (53.15%) [ns2_ftrl_eta0p2] | loss: 3.359305 | lrm: 0.94 | dt: 1708.53ms | tok/s: 306,865 | mfu: 35.03 | epoch: 1 | eta: 29.5m
step 01173/02205 (53.20%) [ns2_ftrl_eta0p2] | loss: 3.367433 | lrm: 0.94 | dt: 1700.71ms | tok/s: 308,276 | mfu: 35.19 | epoch: 1 | eta: 29.5m
step 01174/02205 (53.24%) [ns2_ftrl_eta0p2] | loss: 3.373494 | lrm: 0.94 | dt: 1706.16ms | tok/s: 307,290 | mfu: 35.08 | epoch: 1 | eta: 29.5m
step 01175/02205 (53.29%) [ns2_ftrl_eta0p2] | loss: 3.383211 | lrm: 0.93 | dt: 1705.85ms | tok/s: 307,347 | mfu: 35.08 | epoch: 1 | eta: 29.4m
step 01176/02205 (53.33%) [ns2_ftrl_eta0p2] | loss: 3.390249 | lrm: 0.93 | dt: 1701.24ms | tok/s: 308,180 | mfu: 35.18 | epoch: 1 | eta: 29.4m
step 01177/02205 (53.38%) [ns2_ftrl_eta0p2] | loss: 3.386502 | lrm: 0.93 | dt: 1703.88ms | tok/s: 307,702 | mfu: 35.12 | epoch: 1 | eta: 29.4m
step 01178/02205 (53.42%) [ns2_ftrl_eta0p2] | loss: 3.388328 | lrm: 0.93 | dt: 1705.57ms | tok/s: 307,398 | mfu: 35.09 | epoch: 1 | eta: 29.3m
step 01179/02205 (53.47%) [ns2_ftrl_eta0p2] | loss: 3.384126 | lrm: 0.93 | dt: 1706.00ms | tok/s: 307,319 | mfu: 35.08 | epoch: 1 | eta: 29.3m
step 01180/02205 (53.51%) [ns2_ftrl_eta0p2] | loss: 3.373052 | lrm: 0.93 | dt: 1708.42ms | tok/s: 306,884 | mfu: 35.03 | epoch: 1 | eta: 29.3m
step 01181/02205 (53.56%) [ns2_ftrl_eta0p2] | loss: 3.374880 | lrm: 0.93 | dt: 1703.07ms | tok/s: 307,847 | mfu: 35.14 | epoch: 1 | eta: 29.3m
step 01182/02205 (53.61%) [ns2_ftrl_eta0p2] | loss: 3.377701 | lrm: 0.93 | dt: 1710.10ms | tok/s: 306,583 | mfu: 35.00 | epoch: 1 | eta: 29.2m
step 01183/02205 (53.65%) [ns2_ftrl_eta0p2] | loss: 3.381384 | lrm: 0.93 | dt: 1706.98ms | tok/s: 307,143 | mfu: 35.06 | epoch: 1 | eta: 29.2m
step 01184/02205 (53.70%) [ns2_ftrl_eta0p2] | loss: 3.381633 | lrm: 0.93 | dt: 1703.83ms | tok/s: 307,711 | mfu: 35.13 | epoch: 1 | eta: 29.2m
step 01185/02205 (53.74%) [ns2_ftrl_eta0p2] | loss: 3.390342 | lrm: 0.93 | dt: 1708.37ms | tok/s: 306,893 | mfu: 35.03 | epoch: 1 | eta: 29.1m
step 01186/02205 (53.79%) [ns2_ftrl_eta0p2] | loss: 3.385633 | lrm: 0.92 | dt: 1712.31ms | tok/s: 306,187 | mfu: 34.95 | epoch: 1 | eta: 29.1m
step 01187/02205 (53.83%) [ns2_ftrl_eta0p2] | loss: 3.377035 | lrm: 0.92 | dt: 1706.14ms | tok/s: 307,295 | mfu: 35.08 | epoch: 1 | eta: 29.1m
step 01188/02205 (53.88%) [ns2_ftrl_eta0p2] | loss: 3.378885 | lrm: 0.92 | dt: 1713.09ms | tok/s: 306,047 | mfu: 34.94 | epoch: 1 | eta: 29.1m
step 01189/02205 (53.92%) [ns2_ftrl_eta0p2] | loss: 3.374689 | lrm: 0.92 | dt: 1704.45ms | tok/s: 307,599 | mfu: 35.11 | epoch: 1 | eta: 29.0m
step 01190/02205 (53.97%) [ns2_ftrl_eta0p2] | loss: 3.367436 | lrm: 0.92 | dt: 1699.61ms | tok/s: 308,475 | mfu: 35.21 | epoch: 1 | eta: 29.0m
step 01191/02205 (54.01%) [ns2_ftrl_eta0p2] | loss: 3.373967 | lrm: 0.92 | dt: 1708.75ms | tok/s: 306,824 | mfu: 35.02 | epoch: 1 | eta: 29.0m
step 01192/02205 (54.06%) [ns2_ftrl_eta0p2] | loss: 3.375107 | lrm: 0.92 | dt: 1712.10ms | tok/s: 306,225 | mfu: 34.96 | epoch: 1 | eta: 28.9m
step 01193/02205 (54.10%) [ns2_ftrl_eta0p2] | loss: 3.369146 | lrm: 0.92 | dt: 1709.84ms | tok/s: 306,629 | mfu: 35.00 | epoch: 1 | eta: 28.9m
step 01194/02205 (54.15%) [ns2_ftrl_eta0p2] | loss: 3.368288 | lrm: 0.92 | dt: 1712.13ms | tok/s: 306,220 | mfu: 34.96 | epoch: 1 | eta: 28.9m
step 01195/02205 (54.20%) [ns2_ftrl_eta0p2] | loss: 3.372153 | lrm: 0.92 | dt: 1709.42ms | tok/s: 306,705 | mfu: 35.01 | epoch: 1 | eta: 28.9m
step 01196/02205 (54.24%) [ns2_ftrl_eta0p2] | loss: 3.369449 | lrm: 0.92 | dt: 1709.37ms | tok/s: 306,714 | mfu: 35.01 | epoch: 1 | eta: 28.8m
step 01197/02205 (54.29%) [ns2_ftrl_eta0p2] | loss: 3.367002 | lrm: 0.91 | dt: 1709.52ms | tok/s: 306,687 | mfu: 35.01 | epoch: 1 | eta: 28.8m
step 01198/02205 (54.33%) [ns2_ftrl_eta0p2] | loss: 3.374976 | lrm: 0.91 | dt: 1715.26ms | tok/s: 305,661 | mfu: 34.89 | epoch: 1 | eta: 28.8m
step 01199/02205 (54.38%) [ns2_ftrl_eta0p2] | loss: 3.371506 | lrm: 0.91 | dt: 1711.56ms | tok/s: 306,320 | mfu: 34.97 | epoch: 1 | eta: 28.7m
step 01200/02205 (54.42%) [ns2_ftrl_eta0p2] | loss: 3.364453 | lrm: 0.91 | dt: 1711.84ms | tok/s: 306,271 | mfu: 34.96 | epoch: 1 | eta: 28.7m
step 01201/02205 (54.47%) [ns2_ftrl_eta0p2] | loss: 3.362506 | lrm: 0.91 | dt: 1711.11ms | tok/s: 306,401 | mfu: 34.98 | epoch: 1 | eta: 28.7m
step 01202/02205 (54.51%) [ns2_ftrl_eta0p2] | loss: 3.358414 | lrm: 0.91 | dt: 1712.89ms | tok/s: 306,084 | mfu: 34.94 | epoch: 1 | eta: 28.7m
step 01203/02205 (54.56%) [ns2_ftrl_eta0p2] | loss: 3.361800 | lrm: 0.91 | dt: 1712.12ms | tok/s: 306,221 | mfu: 34.96 | epoch: 1 | eta: 28.6m
step 01204/02205 (54.60%) [ns2_ftrl_eta0p2] | loss: 3.354264 | lrm: 0.91 | dt: 1706.70ms | tok/s: 307,193 | mfu: 35.07 | epoch: 1 | eta: 28.6m
step 01205/02205 (54.65%) [ns2_ftrl_eta0p2] | loss: 3.361969 | lrm: 0.91 | dt: 1713.70ms | tok/s: 305,939 | mfu: 34.92 | epoch: 1 | eta: 28.6m
step 01206/02205 (54.69%) [ns2_ftrl_eta0p2] | loss: 3.365176 | lrm: 0.91 | dt: 1711.91ms | tok/s: 306,258 | mfu: 34.96 | epoch: 1 | eta: 28.5m
step 01207/02205 (54.74%) [ns2_ftrl_eta0p2] | loss: 3.369636 | lrm: 0.91 | dt: 1713.14ms | tok/s: 306,038 | mfu: 34.93 | epoch: 1 | eta: 28.5m
step 01208/02205 (54.78%) [ns2_ftrl_eta0p2] | loss: 3.367445 | lrm: 0.90 | dt: 1718.50ms | tok/s: 305,085 | mfu: 34.83 | epoch: 1 | eta: 28.5m
step 01209/02205 (54.83%) [ns2_ftrl_eta0p2] | loss: 3.374511 | lrm: 0.90 | dt: 1708.49ms | tok/s: 306,872 | mfu: 35.03 | epoch: 1 | eta: 28.5m
step 01210/02205 (54.88%) [ns2_ftrl_eta0p2] | loss: 3.382684 | lrm: 0.90 | dt: 1715.67ms | tok/s: 305,587 | mfu: 34.88 | epoch: 1 | eta: 28.4m
step 01211/02205 (54.92%) [ns2_ftrl_eta0p2] | loss: 3.386604 | lrm: 0.90 | dt: 1708.46ms | tok/s: 306,877 | mfu: 35.03 | epoch: 1 | eta: 28.4m
step 01212/02205 (54.97%) [ns2_ftrl_eta0p2] | loss: 3.387106 | lrm: 0.90 | dt: 1713.49ms | tok/s: 305,976 | mfu: 34.93 | epoch: 1 | eta: 28.4m
step 01213/02205 (55.01%) [ns2_ftrl_eta0p2] | loss: 3.377727 | lrm: 0.90 | dt: 1714.40ms | tok/s: 305,813 | mfu: 34.91 | epoch: 1 | eta: 28.3m
step 01214/02205 (55.06%) [ns2_ftrl_eta0p2] | loss: 3.372981 | lrm: 0.90 | dt: 1717.48ms | tok/s: 305,266 | mfu: 34.85 | epoch: 1 | eta: 28.3m
step 01215/02205 (55.10%) [ns2_ftrl_eta0p2] | loss: 3.370420 | lrm: 0.90 | dt: 1713.01ms | tok/s: 306,062 | mfu: 34.94 | epoch: 1 | eta: 28.3m
step 01216/02205 (55.15%) [ns2_ftrl_eta0p2] | loss: 3.367304 | lrm: 0.90 | dt: 1715.27ms | tok/s: 305,659 | mfu: 34.89 | epoch: 1 | eta: 28.3m
step 01217/02205 (55.19%) [ns2_ftrl_eta0p2] | loss: 3.361905 | lrm: 0.90 | dt: 1722.50ms | tok/s: 304,375 | mfu: 34.74 | epoch: 1 | eta: 28.2m
step 01218/02205 (55.24%) [ns2_ftrl_eta0p2] | loss: 3.363755 | lrm: 0.90 | dt: 1714.67ms | tok/s: 305,765 | mfu: 34.90 | epoch: 1 | eta: 28.2m
step 01219/02205 (55.28%) [ns2_ftrl_eta0p2] | loss: 3.357122 | lrm: 0.89 | dt: 1718.20ms | tok/s: 305,138 | mfu: 34.83 | epoch: 1 | eta: 28.2m
step 01220/02205 (55.33%) [ns2_ftrl_eta0p2] | loss: 3.364735 | lrm: 0.89 | dt: 1716.98ms | tok/s: 305,355 | mfu: 34.86 | epoch: 1 | eta: 28.1m
step 01221/02205 (55.37%) [ns2_ftrl_eta0p2] | loss: 3.370713 | lrm: 0.89 | dt: 1720.20ms | tok/s: 304,782 | mfu: 34.79 | epoch: 1 | eta: 28.1m
step 01222/02205 (55.42%) [ns2_ftrl_eta0p2] | loss: 3.364819 | lrm: 0.89 | dt: 1716.71ms | tok/s: 305,402 | mfu: 34.86 | epoch: 1 | eta: 28.1m
step 01223/02205 (55.46%) [ns2_ftrl_eta0p2] | loss: 3.357191 | lrm: 0.89 | dt: 1719.01ms | tok/s: 304,993 | mfu: 34.82 | epoch: 1 | eta: 28.1m
step 01224/02205 (55.51%) [ns2_ftrl_eta0p2] | loss: 3.353177 | lrm: 0.89 | dt: 1716.75ms | tok/s: 305,395 | mfu: 34.86 | epoch: 1 | eta: 28.0m
step 01225/02205 (55.56%) [ns2_ftrl_eta0p2] | loss: 3.354243 | lrm: 0.89 | dt: 1717.32ms | tok/s: 305,294 | mfu: 34.85 | epoch: 1 | eta: 28.0m
step 01226/02205 (55.60%) [ns2_ftrl_eta0p2] | loss: 3.359059 | lrm: 0.89 | dt: 1717.94ms | tok/s: 305,183 | mfu: 34.84 | epoch: 1 | eta: 28.0m
step 01227/02205 (55.65%) [ns2_ftrl_eta0p2] | loss: 3.356668 | lrm: 0.89 | dt: 1713.65ms | tok/s: 305,948 | mfu: 34.92 | epoch: 1 | eta: 27.9m
step 01228/02205 (55.69%) [ns2_ftrl_eta0p2] | loss: 3.343537 | lrm: 0.89 | dt: 1721.91ms | tok/s: 304,480 | mfu: 34.76 | epoch: 1 | eta: 27.9m
step 01229/02205 (55.74%) [ns2_ftrl_eta0p2] | loss: 3.343789 | lrm: 0.89 | dt: 1717.14ms | tok/s: 305,326 | mfu: 34.85 | epoch: 1 | eta: 27.9m
step 01230/02205 (55.78%) [ns2_ftrl_eta0p2] | loss: 3.342768 | lrm: 0.88 | dt: 1715.89ms | tok/s: 305,548 | mfu: 34.88 | epoch: 1 | eta: 27.9m
step 01231/02205 (55.83%) [ns2_ftrl_eta0p2] | loss: 3.326569 | lrm: 0.88 | dt: 1715.97ms | tok/s: 305,535 | mfu: 34.88 | epoch: 1 | eta: 27.8m
step 01232/02205 (55.87%) [ns2_ftrl_eta0p2] | loss: 3.334251 | lrm: 0.88 | dt: 1724.67ms | tok/s: 303,992 | mfu: 34.70 | epoch: 1 | eta: 27.8m
step 01233/02205 (55.92%) [ns2_ftrl_eta0p2] | loss: 3.339471 | lrm: 0.88 | dt: 1719.00ms | tok/s: 304,996 | mfu: 34.82 | epoch: 1 | eta: 27.8m
step 01234/02205 (55.96%) [ns2_ftrl_eta0p2] | loss: 3.341622 | lrm: 0.88 | dt: 1720.68ms | tok/s: 304,698 | mfu: 34.78 | epoch: 1 | eta: 27.7m
step 01235/02205 (56.01%) [ns2_ftrl_eta0p2] | loss: 3.352426 | lrm: 0.88 | dt: 1715.43ms | tok/s: 305,630 | mfu: 34.89 | epoch: 1 | eta: 27.7m
step 01236/02205 (56.05%) [ns2_ftrl_eta0p2] | loss: 3.355966 | lrm: 0.88 | dt: 1715.66ms | tok/s: 305,589 | mfu: 34.88 | epoch: 1 | eta: 27.7m
step 01237/02205 (56.10%) [ns2_ftrl_eta0p2] | loss: 3.356781 | lrm: 0.88 | dt: 1720.22ms | tok/s: 304,780 | mfu: 34.79 | epoch: 1 | eta: 27.7m
step 01238/02205 (56.15%) [ns2_ftrl_eta0p2] | loss: 3.356631 | lrm: 0.88 | dt: 1719.07ms | tok/s: 304,983 | mfu: 34.81 | epoch: 1 | eta: 27.6m
step 01239/02205 (56.19%) [ns2_ftrl_eta0p2] | loss: 3.344596 | lrm: 0.88 | dt: 1714.37ms | tok/s: 305,818 | mfu: 34.91 | epoch: 1 | eta: 27.6m
step 01240/02205 (56.24%) [ns2_ftrl_eta0p2] | loss: 3.341570 | lrm: 0.88 | dt: 1717.50ms | tok/s: 305,261 | mfu: 34.85 | epoch: 1 | eta: 27.6m
step 01241/02205 (56.28%) [ns2_ftrl_eta0p2] | loss: 3.354303 | lrm: 0.87 | dt: 1724.16ms | tok/s: 304,082 | mfu: 34.71 | epoch: 1 | eta: 27.5m
step 01242/02205 (56.33%) [ns2_ftrl_eta0p2] | loss: 3.351565 | lrm: 0.87 | dt: 1718.30ms | tok/s: 305,119 | mfu: 34.83 | epoch: 1 | eta: 27.5m
step 01243/02205 (56.37%) [ns2_ftrl_eta0p2] | loss: 3.342344 | lrm: 0.87 | dt: 1718.13ms | tok/s: 305,149 | mfu: 34.83 | epoch: 1 | eta: 27.5m
step 01244/02205 (56.42%) [ns2_ftrl_eta0p2] | loss: 3.339778 | lrm: 0.87 | dt: 1727.28ms | tok/s: 303,534 | mfu: 34.65 | epoch: 1 | eta: 27.5m
step 01245/02205 (56.46%) [ns2_ftrl_eta0p2] | loss: 3.343408 | lrm: 0.87 | dt: 1720.13ms | tok/s: 304,795 | mfu: 34.79 | epoch: 1 | eta: 27.4m
step 01246/02205 (56.51%) [ns2_ftrl_eta0p2] | loss: 3.341023 | lrm: 0.87 | dt: 1715.03ms | tok/s: 305,701 | mfu: 34.90 | epoch: 1 | eta: 27.4m
step 01247/02205 (56.55%) [ns2_ftrl_eta0p2] | loss: 3.325491 | lrm: 0.87 | dt: 1717.90ms | tok/s: 305,191 | mfu: 34.84 | epoch: 1 | eta: 27.4m
step 01248/02205 (56.60%) [ns2_ftrl_eta0p2] | loss: 3.331357 | lrm: 0.87 | dt: 1720.25ms | tok/s: 304,774 | mfu: 34.79 | epoch: 1 | eta: 27.3m
step 01249/02205 (56.64%) [ns2_ftrl_eta0p2] | loss: 3.338064 | lrm: 0.87 | dt: 1727.15ms | tok/s: 303,556 | mfu: 34.65 | epoch: 1 | eta: 27.3m
Step 01250 | val bpb: 0.980190
step 01250/02205 (56.69%) [ns2_ftrl_eta0p2] | loss: 3.342165 | lrm: 0.87 | dt: 1698.70ms | tok/s: 308,641 | mfu: 35.23 | epoch: 1 | eta: 27.3m
step 01251/02205 (56.73%) [ns2_ftrl_eta0p2] | loss: 3.346899 | lrm: 0.87 | dt: 1722.53ms | tok/s: 304,370 | mfu: 34.74 | epoch: 1 | eta: 27.3m
step 01252/02205 (56.78%) [ns2_ftrl_eta0p2] | loss: 3.330626 | lrm: 0.86 | dt: 1714.28ms | tok/s: 305,835 | mfu: 34.91 | epoch: 1 | eta: 27.2m
step 01253/02205 (56.83%) [ns2_ftrl_eta0p2] | loss: 3.333859 | lrm: 0.86 | dt: 1713.36ms | tok/s: 306,000 | mfu: 34.93 | epoch: 1 | eta: 27.2m
step 01254/02205 (56.87%) [ns2_ftrl_eta0p2] | loss: 3.334934 | lrm: 0.86 | dt: 1712.92ms | tok/s: 306,079 | mfu: 34.94 | epoch: 1 | eta: 27.2m
step 01255/02205 (56.92%) [ns2_ftrl_eta0p2] | loss: 3.345391 | lrm: 0.86 | dt: 1716.06ms | tok/s: 305,518 | mfu: 34.88 | epoch: 1 | eta: 27.1m
step 01256/02205 (56.96%) [ns2_ftrl_eta0p2] | loss: 3.344097 | lrm: 0.86 | dt: 1715.00ms | tok/s: 305,707 | mfu: 34.90 | epoch: 1 | eta: 27.1m
step 01257/02205 (57.01%) [ns2_ftrl_eta0p2] | loss: 3.347595 | lrm: 0.86 | dt: 1713.51ms | tok/s: 305,973 | mfu: 34.93 | epoch: 1 | eta: 27.1m
step 01258/02205 (57.05%) [ns2_ftrl_eta0p2] | loss: 3.355657 | lrm: 0.86 | dt: 1719.18ms | tok/s: 304,964 | mfu: 34.81 | epoch: 1 | eta: 27.1m
step 01259/02205 (57.10%) [ns2_ftrl_eta0p2] | loss: 3.350541 | lrm: 0.86 | dt: 1717.32ms | tok/s: 305,295 | mfu: 34.85 | epoch: 1 | eta: 27.0m
step 01260/02205 (57.14%) [ns2_ftrl_eta0p2] | loss: 3.357319 | lrm: 0.86 | dt: 1713.99ms | tok/s: 305,887 | mfu: 34.92 | epoch: 1 | eta: 27.0m
step 01261/02205 (57.19%) [ns2_ftrl_eta0p2] | loss: 3.355209 | lrm: 0.86 | dt: 1715.65ms | tok/s: 305,592 | mfu: 34.88 | epoch: 1 | eta: 27.0m
step 01262/02205 (57.23%) [ns2_ftrl_eta0p2] | loss: 3.358905 | lrm: 0.86 | dt: 1718.24ms | tok/s: 305,130 | mfu: 34.83 | epoch: 1 | eta: 26.9m
step 01263/02205 (57.28%) [ns2_ftrl_eta0p2] | loss: 3.357388 | lrm: 0.85 | dt: 1715.72ms | tok/s: 305,579 | mfu: 34.88 | epoch: 1 | eta: 26.9m
step 01264/02205 (57.32%) [ns2_ftrl_eta0p2] | loss: 3.364749 | lrm: 0.85 | dt: 1724.51ms | tok/s: 304,020 | mfu: 34.70 | epoch: 1 | eta: 26.9m
step 01265/02205 (57.37%) [ns2_ftrl_eta0p2] | loss: 3.355098 | lrm: 0.85 | dt: 1718.76ms | tok/s: 305,038 | mfu: 34.82 | epoch: 1 | eta: 26.9m
step 01266/02205 (57.41%) [ns2_ftrl_eta0p2] | loss: 3.354885 | lrm: 0.85 | dt: 1718.64ms | tok/s: 305,059 | mfu: 34.82 | epoch: 1 | eta: 26.8m
step 01267/02205 (57.46%) [ns2_ftrl_eta0p2] | loss: 3.352415 | lrm: 0.85 | dt: 1718.85ms | tok/s: 305,023 | mfu: 34.82 | epoch: 1 | eta: 26.8m
step 01268/02205 (57.51%) [ns2_ftrl_eta0p2] | loss: 3.357837 | lrm: 0.85 | dt: 1717.06ms | tok/s: 305,341 | mfu: 34.86 | epoch: 1 | eta: 26.8m
step 01269/02205 (57.55%) [ns2_ftrl_eta0p2] | loss: 3.366003 | lrm: 0.85 | dt: 1723.64ms | tok/s: 304,174 | mfu: 34.72 | epoch: 1 | eta: 26.7m
step 01270/02205 (57.60%) [ns2_ftrl_eta0p2] | loss: 3.362010 | lrm: 0.85 | dt: 1718.06ms | tok/s: 305,161 | mfu: 34.83 | epoch: 1 | eta: 26.7m
step 01271/02205 (57.64%) [ns2_ftrl_eta0p2] | loss: 3.355485 | lrm: 0.85 | dt: 1723.65ms | tok/s: 304,172 | mfu: 34.72 | epoch: 1 | eta: 26.7m
step 01272/02205 (57.69%) [ns2_ftrl_eta0p2] | loss: 3.357937 | lrm: 0.85 | dt: 1721.47ms | tok/s: 304,557 | mfu: 34.77 | epoch: 1 | eta: 26.7m
step 01273/02205 (57.73%) [ns2_ftrl_eta0p2] | loss: 3.355747 | lrm: 0.85 | dt: 1720.87ms | tok/s: 304,665 | mfu: 34.78 | epoch: 1 | eta: 26.6m
step 01274/02205 (57.78%) [ns2_ftrl_eta0p2] | loss: 3.352684 | lrm: 0.84 | dt: 1722.32ms | tok/s: 304,407 | mfu: 34.75 | epoch: 1 | eta: 26.6m
step 01275/02205 (57.82%) [ns2_ftrl_eta0p2] | loss: 3.343646 | lrm: 0.84 | dt: 1722.72ms | tok/s: 304,336 | mfu: 34.74 | epoch: 1 | eta: 26.6m
step 01276/02205 (57.87%) [ns2_ftrl_eta0p2] | loss: 3.346730 | lrm: 0.84 | dt: 1722.82ms | tok/s: 304,320 | mfu: 34.74 | epoch: 1 | eta: 26.5m
step 01277/02205 (57.91%) [ns2_ftrl_eta0p2] | loss: 3.356414 | lrm: 0.84 | dt: 1718.27ms | tok/s: 305,125 | mfu: 34.83 | epoch: 1 | eta: 26.5m
step 01278/02205 (57.96%) [ns2_ftrl_eta0p2] | loss: 3.355802 | lrm: 0.84 | dt: 1725.74ms | tok/s: 303,804 | mfu: 34.68 | epoch: 1 | eta: 26.5m
step 01279/02205 (58.00%) [ns2_ftrl_eta0p2] | loss: 3.350599 | lrm: 0.84 | dt: 1728.08ms | tok/s: 303,393 | mfu: 34.63 | epoch: 1 | eta: 26.5m
step 01280/02205 (58.05%) [ns2_ftrl_eta0p2] | loss: 3.355373 | lrm: 0.84 | dt: 1717.23ms | tok/s: 305,311 | mfu: 34.85 | epoch: 1 | eta: 26.4m
step 01281/02205 (58.10%) [ns2_ftrl_eta0p2] | loss: 3.351908 | lrm: 0.84 | dt: 1727.43ms | tok/s: 303,507 | mfu: 34.65 | epoch: 1 | eta: 26.4m
step 01282/02205 (58.14%) [ns2_ftrl_eta0p2] | loss: 3.346646 | lrm: 0.84 | dt: 1727.95ms | tok/s: 303,416 | mfu: 34.64 | epoch: 1 | eta: 26.4m
step 01283/02205 (58.19%) [ns2_ftrl_eta0p2] | loss: 3.336153 | lrm: 0.84 | dt: 1721.20ms | tok/s: 304,606 | mfu: 34.77 | epoch: 1 | eta: 26.3m
step 01284/02205 (58.23%) [ns2_ftrl_eta0p2] | loss: 3.335713 | lrm: 0.84 | dt: 1726.41ms | tok/s: 303,687 | mfu: 34.67 | epoch: 1 | eta: 26.3m
step 01285/02205 (58.28%) [ns2_ftrl_eta0p2] | loss: 3.325880 | lrm: 0.83 | dt: 1722.00ms | tok/s: 304,464 | mfu: 34.75 | epoch: 1 | eta: 26.3m
step 01286/02205 (58.32%) [ns2_ftrl_eta0p2] | loss: 3.330745 | lrm: 0.83 | dt: 1726.87ms | tok/s: 303,605 | mfu: 34.66 | epoch: 1 | eta: 26.3m
step 01287/02205 (58.37%) [ns2_ftrl_eta0p2] | loss: 3.334729 | lrm: 0.83 | dt: 1729.91ms | tok/s: 303,072 | mfu: 34.60 | epoch: 1 | eta: 26.2m
step 01288/02205 (58.41%) [ns2_ftrl_eta0p2] | loss: 3.345310 | lrm: 0.83 | dt: 1728.21ms | tok/s: 303,370 | mfu: 34.63 | epoch: 1 | eta: 26.2m
step 01289/02205 (58.46%) [ns2_ftrl_eta0p2] | loss: 3.344841 | lrm: 0.83 | dt: 1721.88ms | tok/s: 304,485 | mfu: 34.76 | epoch: 1 | eta: 26.2m
step 01290/02205 (58.50%) [ns2_ftrl_eta0p2] | loss: 3.348463 | lrm: 0.83 | dt: 1725.45ms | tok/s: 303,855 | mfu: 34.69 | epoch: 1 | eta: 26.1m
step 01291/02205 (58.55%) [ns2_ftrl_eta0p2] | loss: 3.355143 | lrm: 0.83 | dt: 1720.84ms | tok/s: 304,669 | mfu: 34.78 | epoch: 1 | eta: 26.1m
step 01292/02205 (58.59%) [ns2_ftrl_eta0p2] | loss: 3.363529 | lrm: 0.83 | dt: 1730.24ms | tok/s: 303,015 | mfu: 34.59 | epoch: 1 | eta: 26.1m
step 01293/02205 (58.64%) [ns2_ftrl_eta0p2] | loss: 3.362860 | lrm: 0.83 | dt: 1727.21ms | tok/s: 303,545 | mfu: 34.65 | epoch: 1 | eta: 26.1m
step 01294/02205 (58.68%) [ns2_ftrl_eta0p2] | loss: 3.358543 | lrm: 0.83 | dt: 1722.34ms | tok/s: 304,403 | mfu: 34.75 | epoch: 1 | eta: 26.0m
step 01295/02205 (58.73%) [ns2_ftrl_eta0p2] | loss: 3.360178 | lrm: 0.83 | dt: 1727.80ms | tok/s: 303,442 | mfu: 34.64 | epoch: 1 | eta: 26.0m
step 01296/02205 (58.78%) [ns2_ftrl_eta0p2] | loss: 3.353770 | lrm: 0.82 | dt: 1731.31ms | tok/s: 302,828 | mfu: 34.57 | epoch: 1 | eta: 26.0m
step 01297/02205 (58.82%) [ns2_ftrl_eta0p2] | loss: 3.355895 | lrm: 0.82 | dt: 1718.72ms | tok/s: 305,046 | mfu: 34.82 | epoch: 1 | eta: 26.0m
step 01298/02205 (58.87%) [ns2_ftrl_eta0p2] | loss: 3.362417 | lrm: 0.82 | dt: 1722.39ms | tok/s: 304,395 | mfu: 34.75 | epoch: 1 | eta: 25.9m
step 01299/02205 (58.91%) [ns2_ftrl_eta0p2] | loss: 3.358561 | lrm: 0.82 | dt: 1728.39ms | tok/s: 303,338 | mfu: 34.63 | epoch: 1 | eta: 25.9m
step 01300/02205 (58.96%) [ns2_ftrl_eta0p2] | loss: 3.349345 | lrm: 0.82 | dt: 1720.16ms | tok/s: 304,790 | mfu: 34.79 | epoch: 1 | eta: 25.9m
step 01301/02205 (59.00%) [ns2_ftrl_eta0p2] | loss: 3.344229 | lrm: 0.82 | dt: 1721.14ms | tok/s: 304,616 | mfu: 34.77 | epoch: 1 | eta: 25.8m
step 01302/02205 (59.05%) [ns2_ftrl_eta0p2] | loss: 3.345286 | lrm: 0.82 | dt: 1721.64ms | tok/s: 304,528 | mfu: 34.76 | epoch: 1 | eta: 25.8m
step 01303/02205 (59.09%) [ns2_ftrl_eta0p2] | loss: 3.332319 | lrm: 0.82 | dt: 1724.64ms | tok/s: 303,998 | mfu: 34.70 | epoch: 1 | eta: 25.8m
step 01304/02205 (59.14%) [ns2_ftrl_eta0p2] | loss: 3.331248 | lrm: 0.82 | dt: 1719.14ms | tok/s: 304,970 | mfu: 34.81 | epoch: 1 | eta: 25.8m
step 01305/02205 (59.18%) [ns2_ftrl_eta0p2] | loss: 3.333629 | lrm: 0.82 | dt: 1728.32ms | tok/s: 303,350 | mfu: 34.63 | epoch: 1 | eta: 25.7m
step 01306/02205 (59.23%) [ns2_ftrl_eta0p2] | loss: 3.336190 | lrm: 0.82 | dt: 1726.46ms | tok/s: 303,678 | mfu: 34.67 | epoch: 1 | eta: 25.7m
step 01307/02205 (59.27%) [ns2_ftrl_eta0p2] | loss: 3.333829 | lrm: 0.81 | dt: 1720.74ms | tok/s: 304,687 | mfu: 34.78 | epoch: 1 | eta: 25.7m
step 01308/02205 (59.32%) [ns2_ftrl_eta0p2] | loss: 3.344809 | lrm: 0.81 | dt: 1727.27ms | tok/s: 303,534 | mfu: 34.65 | epoch: 1 | eta: 25.6m
step 01309/02205 (59.37%) [ns2_ftrl_eta0p2] | loss: 3.335544 | lrm: 0.81 | dt: 1727.73ms | tok/s: 303,455 | mfu: 34.64 | epoch: 1 | eta: 25.6m
step 01310/02205 (59.41%) [ns2_ftrl_eta0p2] | loss: 3.334409 | lrm: 0.81 | dt: 1724.26ms | tok/s: 304,066 | mfu: 34.71 | epoch: 1 | eta: 25.6m
step 01311/02205 (59.46%) [ns2_ftrl_eta0p2] | loss: 3.338160 | lrm: 0.81 | dt: 1724.32ms | tok/s: 304,054 | mfu: 34.71 | epoch: 1 | eta: 25.6m
step 01312/02205 (59.50%) [ns2_ftrl_eta0p2] | loss: 3.339816 | lrm: 0.81 | dt: 1725.66ms | tok/s: 303,819 | mfu: 34.68 | epoch: 1 | eta: 25.5m
step 01313/02205 (59.55%) [ns2_ftrl_eta0p2] | loss: 3.341064 | lrm: 0.81 | dt: 1720.63ms | tok/s: 304,707 | mfu: 34.78 | epoch: 1 | eta: 25.5m
step 01314/02205 (59.59%) [ns2_ftrl_eta0p2] | loss: 3.339542 | lrm: 0.81 | dt: 1721.32ms | tok/s: 304,584 | mfu: 34.77 | epoch: 1 | eta: 25.5m
step 01315/02205 (59.64%) [ns2_ftrl_eta0p2] | loss: 3.335867 | lrm: 0.81 | dt: 1727.49ms | tok/s: 303,497 | mfu: 34.64 | epoch: 1 | eta: 25.4m
step 01316/02205 (59.68%) [ns2_ftrl_eta0p2] | loss: 3.331169 | lrm: 0.81 | dt: 1728.20ms | tok/s: 303,372 | mfu: 34.63 | epoch: 1 | eta: 25.4m
step 01317/02205 (59.73%) [ns2_ftrl_eta0p2] | loss: 3.327200 | lrm: 0.81 | dt: 1721.35ms | tok/s: 304,578 | mfu: 34.77 | epoch: 1 | eta: 25.4m
step 01318/02205 (59.77%) [ns2_ftrl_eta0p2] | loss: 3.325240 | lrm: 0.80 | dt: 1722.46ms | tok/s: 304,382 | mfu: 34.75 | epoch: 1 | eta: 25.4m
step 01319/02205 (59.82%) [ns2_ftrl_eta0p2] | loss: 3.322147 | lrm: 0.80 | dt: 1730.86ms | tok/s: 302,905 | mfu: 34.58 | epoch: 1 | eta: 25.3m
step 01320/02205 (59.86%) [ns2_ftrl_eta0p2] | loss: 3.326434 | lrm: 0.80 | dt: 1725.47ms | tok/s: 303,852 | mfu: 34.69 | epoch: 1 | eta: 25.3m
step 01321/02205 (59.91%) [ns2_ftrl_eta0p2] | loss: 3.317639 | lrm: 0.80 | dt: 1724.66ms | tok/s: 303,995 | mfu: 34.70 | epoch: 1 | eta: 25.3m
step 01322/02205 (59.95%) [ns2_ftrl_eta0p2] | loss: 3.317592 | lrm: 0.80 | dt: 1726.84ms | tok/s: 303,610 | mfu: 34.66 | epoch: 1 | eta: 25.2m
step 01323/02205 (60.00%) [ns2_ftrl_eta0p2] | loss: 3.318956 | lrm: 0.80 | dt: 1720.59ms | tok/s: 304,714 | mfu: 34.78 | epoch: 1 | eta: 25.2m
step 01324/02205 (60.05%) [ns2_ftrl_eta0p2] | loss: 3.309776 | lrm: 0.80 | dt: 1732.46ms | tok/s: 302,625 | mfu: 34.55 | epoch: 1 | eta: 25.2m
step 01325/02205 (60.09%) [ns2_ftrl_eta0p2] | loss: 3.318316 | lrm: 0.80 | dt: 1726.94ms | tok/s: 303,594 | mfu: 34.66 | epoch: 1 | eta: 25.2m
step 01326/02205 (60.14%) [ns2_ftrl_eta0p2] | loss: 3.317433 | lrm: 0.80 | dt: 1723.49ms | tok/s: 304,201 | mfu: 34.72 | epoch: 1 | eta: 25.1m
step 01327/02205 (60.18%) [ns2_ftrl_eta0p2] | loss: 3.322026 | lrm: 0.80 | dt: 1723.13ms | tok/s: 304,264 | mfu: 34.73 | epoch: 1 | eta: 25.1m
step 01328/02205 (60.23%) [ns2_ftrl_eta0p2] | loss: 3.315181 | lrm: 0.80 | dt: 1727.10ms | tok/s: 303,564 | mfu: 34.65 | epoch: 1 | eta: 25.1m
step 01329/02205 (60.27%) [ns2_ftrl_eta0p2] | loss: 3.312602 | lrm: 0.79 | dt: 1719.11ms | tok/s: 304,977 | mfu: 34.81 | epoch: 1 | eta: 25.0m
step 01330/02205 (60.32%) [ns2_ftrl_eta0p2] | loss: 3.308921 | lrm: 0.79 | dt: 1729.54ms | tok/s: 303,137 | mfu: 34.60 | epoch: 1 | eta: 25.0m
step 01331/02205 (60.36%) [ns2_ftrl_eta0p2] | loss: 3.314469 | lrm: 0.79 | dt: 1726.81ms | tok/s: 303,616 | mfu: 34.66 | epoch: 1 | eta: 25.0m
step 01332/02205 (60.41%) [ns2_ftrl_eta0p2] | loss: 3.312055 | lrm: 0.79 | dt: 1725.88ms | tok/s: 303,779 | mfu: 34.68 | epoch: 1 | eta: 25.0m
step 01333/02205 (60.45%) [ns2_ftrl_eta0p2] | loss: 3.304599 | lrm: 0.79 | dt: 1727.41ms | tok/s: 303,510 | mfu: 34.65 | epoch: 1 | eta: 24.9m
step 01334/02205 (60.50%) [ns2_ftrl_eta0p2] | loss: 3.300936 | lrm: 0.79 | dt: 1727.12ms | tok/s: 303,562 | mfu: 34.65 | epoch: 1 | eta: 24.9m
step 01335/02205 (60.54%) [ns2_ftrl_eta0p2] | loss: 3.309343 | lrm: 0.79 | dt: 1722.92ms | tok/s: 304,301 | mfu: 34.74 | epoch: 1 | eta: 24.9m
step 01336/02205 (60.59%) [ns2_ftrl_eta0p2] | loss: 3.308933 | lrm: 0.79 | dt: 1729.80ms | tok/s: 303,092 | mfu: 34.60 | epoch: 1 | eta: 24.8m
step 01337/02205 (60.63%) [ns2_ftrl_eta0p2] | loss: 3.308870 | lrm: 0.79 | dt: 1726.74ms | tok/s: 303,627 | mfu: 34.66 | epoch: 1 | eta: 24.8m
step 01338/02205 (60.68%) [ns2_ftrl_eta0p2] | loss: 3.313960 | lrm: 0.79 | dt: 1723.10ms | tok/s: 304,270 | mfu: 34.73 | epoch: 1 | eta: 24.8m
step 01339/02205 (60.73%) [ns2_ftrl_eta0p2] | loss: 3.311521 | lrm: 0.79 | dt: 1726.61ms | tok/s: 303,650 | mfu: 34.66 | epoch: 1 | eta: 24.8m
step 01340/02205 (60.77%) [ns2_ftrl_eta0p2] | loss: 3.320171 | lrm: 0.78 | dt: 1727.82ms | tok/s: 303,438 | mfu: 34.64 | epoch: 1 | eta: 24.7m
step 01341/02205 (60.82%) [ns2_ftrl_eta0p2] | loss: 3.318201 | lrm: 0.78 | dt: 1728.20ms | tok/s: 303,371 | mfu: 34.63 | epoch: 1 | eta: 24.7m
step 01342/02205 (60.86%) [ns2_ftrl_eta0p2] | loss: 3.305496 | lrm: 0.78 | dt: 1727.35ms | tok/s: 303,522 | mfu: 34.65 | epoch: 1 | eta: 24.7m
step 01343/02205 (60.91%) [ns2_ftrl_eta0p2] | loss: 3.304863 | lrm: 0.78 | dt: 1724.85ms | tok/s: 303,961 | mfu: 34.70 | epoch: 1 | eta: 24.6m
step 01344/02205 (60.95%) [ns2_ftrl_eta0p2] | loss: 3.290696 | lrm: 0.78 | dt: 1728.40ms | tok/s: 303,337 | mfu: 34.63 | epoch: 1 | eta: 24.6m
step 01345/02205 (61.00%) [ns2_ftrl_eta0p2] | loss: 3.290832 | lrm: 0.78 | dt: 1727.10ms | tok/s: 303,565 | mfu: 34.65 | epoch: 1 | eta: 24.6m
step 01346/02205 (61.04%) [ns2_ftrl_eta0p2] | loss: 3.291100 | lrm: 0.78 | dt: 1719.87ms | tok/s: 304,841 | mfu: 34.80 | epoch: 1 | eta: 24.6m
step 01347/02205 (61.09%) [ns2_ftrl_eta0p2] | loss: 3.297121 | lrm: 0.78 | dt: 1725.38ms | tok/s: 303,868 | mfu: 34.69 | epoch: 1 | eta: 24.5m
step 01348/02205 (61.13%) [ns2_ftrl_eta0p2] | loss: 3.307440 | lrm: 0.78 | dt: 1731.55ms | tok/s: 302,785 | mfu: 34.56 | epoch: 1 | eta: 24.5m
step 01349/02205 (61.18%) [ns2_ftrl_eta0p2] | loss: 3.308615 | lrm: 0.78 | dt: 1729.50ms | tok/s: 303,145 | mfu: 34.60 | epoch: 1 | eta: 24.5m
step 01350/02205 (61.22%) [ns2_ftrl_eta0p2] | loss: 3.307794 | lrm: 0.78 | dt: 1723.10ms | tok/s: 304,269 | mfu: 34.73 | epoch: 1 | eta: 24.4m
step 01351/02205 (61.27%) [ns2_ftrl_eta0p2] | loss: 3.308726 | lrm: 0.77 | dt: 1722.09ms | tok/s: 304,449 | mfu: 34.75 | epoch: 1 | eta: 24.4m
step 01352/02205 (61.32%) [ns2_ftrl_eta0p2] | loss: 3.315020 | lrm: 0.77 | dt: 1721.41ms | tok/s: 304,568 | mfu: 34.77 | epoch: 1 | eta: 24.4m
step 01353/02205 (61.36%) [ns2_ftrl_eta0p2] | loss: 3.310241 | lrm: 0.77 | dt: 1722.34ms | tok/s: 304,404 | mfu: 34.75 | epoch: 1 | eta: 24.4m
step 01354/02205 (61.41%) [ns2_ftrl_eta0p2] | loss: 3.305287 | lrm: 0.77 | dt: 1730.17ms | tok/s: 303,026 | mfu: 34.59 | epoch: 1 | eta: 24.3m
step 01355/02205 (61.45%) [ns2_ftrl_eta0p2] | loss: 3.302762 | lrm: 0.77 | dt: 1725.29ms | tok/s: 303,884 | mfu: 34.69 | epoch: 1 | eta: 24.3m
step 01356/02205 (61.50%) [ns2_ftrl_eta0p2] | loss: 3.304834 | lrm: 0.77 | dt: 1729.19ms | tok/s: 303,199 | mfu: 34.61 | epoch: 1 | eta: 24.3m
step 01357/02205 (61.54%) [ns2_ftrl_eta0p2] | loss: 3.315180 | lrm: 0.77 | dt: 1723.95ms | tok/s: 304,120 | mfu: 34.72 | epoch: 1 | eta: 24.2m
step 01358/02205 (61.59%) [ns2_ftrl_eta0p2] | loss: 3.314964 | lrm: 0.77 | dt: 1720.85ms | tok/s: 304,668 | mfu: 34.78 | epoch: 1 | eta: 24.2m
step 01359/02205 (61.63%) [ns2_ftrl_eta0p2] | loss: 3.308081 | lrm: 0.77 | dt: 1723.27ms | tok/s: 304,240 | mfu: 34.73 | epoch: 1 | eta: 24.2m
step 01360/02205 (61.68%) [ns2_ftrl_eta0p2] | loss: 3.291905 | lrm: 0.77 | dt: 1725.34ms | tok/s: 303,875 | mfu: 34.69 | epoch: 1 | eta: 24.2m
step 01361/02205 (61.72%) [ns2_ftrl_eta0p2] | loss: 3.298092 | lrm: 0.77 | dt: 1726.45ms | tok/s: 303,680 | mfu: 34.67 | epoch: 1 | eta: 24.1m
step 01362/02205 (61.77%) [ns2_ftrl_eta0p2] | loss: 3.294291 | lrm: 0.76 | dt: 1730.41ms | tok/s: 302,985 | mfu: 34.59 | epoch: 1 | eta: 24.1m
step 01363/02205 (61.81%) [ns2_ftrl_eta0p2] | loss: 3.295810 | lrm: 0.76 | dt: 1722.89ms | tok/s: 304,307 | mfu: 34.74 | epoch: 1 | eta: 24.1m
step 01364/02205 (61.86%) [ns2_ftrl_eta0p2] | loss: 3.298798 | lrm: 0.76 | dt: 1729.43ms | tok/s: 303,156 | mfu: 34.61 | epoch: 1 | eta: 24.0m
step 01365/02205 (61.90%) [ns2_ftrl_eta0p2] | loss: 3.292356 | lrm: 0.76 | dt: 1720.99ms | tok/s: 304,643 | mfu: 34.78 | epoch: 1 | eta: 24.0m
step 01366/02205 (61.95%) [ns2_ftrl_eta0p2] | loss: 3.285408 | lrm: 0.76 | dt: 1725.65ms | tok/s: 303,820 | mfu: 34.68 | epoch: 1 | eta: 24.0m
step 01367/02205 (62.00%) [ns2_ftrl_eta0p2] | loss: 3.278961 | lrm: 0.76 | dt: 1730.53ms | tok/s: 302,963 | mfu: 34.58 | epoch: 1 | eta: 24.0m
step 01368/02205 (62.04%) [ns2_ftrl_eta0p2] | loss: 3.284740 | lrm: 0.76 | dt: 1730.74ms | tok/s: 302,926 | mfu: 34.58 | epoch: 1 | eta: 23.9m
step 01369/02205 (62.09%) [ns2_ftrl_eta0p2] | loss: 3.306466 | lrm: 0.76 | dt: 1721.01ms | tok/s: 304,640 | mfu: 34.78 | epoch: 1 | eta: 23.9m
step 01370/02205 (62.13%) [ns2_ftrl_eta0p2] | loss: 3.308709 | lrm: 0.76 | dt: 1729.09ms | tok/s: 303,215 | mfu: 34.61 | epoch: 1 | eta: 23.9m
step 01371/02205 (62.18%) [ns2_ftrl_eta0p2] | loss: 3.303614 | lrm: 0.76 | dt: 1728.55ms | tok/s: 303,310 | mfu: 34.62 | epoch: 1 | eta: 23.8m
step 01372/02205 (62.22%) [ns2_ftrl_eta0p2] | loss: 3.313462 | lrm: 0.76 | dt: 1724.90ms | tok/s: 303,952 | mfu: 34.70 | epoch: 1 | eta: 23.8m
step 01373/02205 (62.27%) [ns2_ftrl_eta0p2] | loss: 3.296639 | lrm: 0.75 | dt: 1727.05ms | tok/s: 303,574 | mfu: 34.65 | epoch: 1 | eta: 23.8m
step 01374/02205 (62.31%) [ns2_ftrl_eta0p2] | loss: 3.293896 | lrm: 0.75 | dt: 1732.07ms | tok/s: 302,693 | mfu: 34.55 | epoch: 1 | eta: 23.8m
step 01375/02205 (62.36%) [ns2_ftrl_eta0p2] | loss: 3.301083 | lrm: 0.75 | dt: 1721.57ms | tok/s: 304,541 | mfu: 34.76 | epoch: 1 | eta: 23.7m
step 01376/02205 (62.40%) [ns2_ftrl_eta0p2] | loss: 3.312021 | lrm: 0.75 | dt: 1728.10ms | tok/s: 303,389 | mfu: 34.63 | epoch: 1 | eta: 23.7m
step 01377/02205 (62.45%) [ns2_ftrl_eta0p2] | loss: 3.304502 | lrm: 0.75 | dt: 1725.72ms | tok/s: 303,809 | mfu: 34.68 | epoch: 1 | eta: 23.7m
step 01378/02205 (62.49%) [ns2_ftrl_eta0p2] | loss: 3.298492 | lrm: 0.75 | dt: 1724.53ms | tok/s: 304,017 | mfu: 34.70 | epoch: 1 | eta: 23.6m
step 01379/02205 (62.54%) [ns2_ftrl_eta0p2] | loss: 3.304689 | lrm: 0.75 | dt: 1729.20ms | tok/s: 303,196 | mfu: 34.61 | epoch: 1 | eta: 23.6m
step 01380/02205 (62.59%) [ns2_ftrl_eta0p2] | loss: 3.300534 | lrm: 0.75 | dt: 1723.93ms | tok/s: 304,123 | mfu: 34.72 | epoch: 1 | eta: 23.6m
step 01381/02205 (62.63%) [ns2_ftrl_eta0p2] | loss: 3.299111 | lrm: 0.75 | dt: 1723.99ms | tok/s: 304,113 | mfu: 34.71 | epoch: 1 | eta: 23.6m
step 01382/02205 (62.68%) [ns2_ftrl_eta0p2] | loss: 3.295588 | lrm: 0.75 | dt: 1729.97ms | tok/s: 303,062 | mfu: 34.59 | epoch: 1 | eta: 23.5m
step 01383/02205 (62.72%) [ns2_ftrl_eta0p2] | loss: 3.300824 | lrm: 0.75 | dt: 1724.81ms | tok/s: 303,968 | mfu: 34.70 | epoch: 1 | eta: 23.5m
step 01384/02205 (62.77%) [ns2_ftrl_eta0p2] | loss: 3.299035 | lrm: 0.75 | dt: 1724.96ms | tok/s: 303,941 | mfu: 34.70 | epoch: 1 | eta: 23.5m
step 01385/02205 (62.81%) [ns2_ftrl_eta0p2] | loss: 3.306976 | lrm: 0.74 | dt: 1728.62ms | tok/s: 303,299 | mfu: 34.62 | epoch: 1 | eta: 23.4m
step 01386/02205 (62.86%) [ns2_ftrl_eta0p2] | loss: 3.298590 | lrm: 0.74 | dt: 1726.52ms | tok/s: 303,666 | mfu: 34.66 | epoch: 1 | eta: 23.4m
step 01387/02205 (62.90%) [ns2_ftrl_eta0p2] | loss: 3.298414 | lrm: 0.74 | dt: 1722.49ms | tok/s: 304,377 | mfu: 34.75 | epoch: 1 | eta: 23.4m
step 01388/02205 (62.95%) [ns2_ftrl_eta0p2] | loss: 3.292780 | lrm: 0.74 | dt: 1728.31ms | tok/s: 303,352 | mfu: 34.63 | epoch: 1 | eta: 23.4m
step 01389/02205 (62.99%) [ns2_ftrl_eta0p2] | loss: 3.293069 | lrm: 0.74 | dt: 1729.42ms | tok/s: 303,157 | mfu: 34.61 | epoch: 1 | eta: 23.3m
step 01390/02205 (63.04%) [ns2_ftrl_eta0p2] | loss: 3.295513 | lrm: 0.74 | dt: 1726.71ms | tok/s: 303,634 | mfu: 34.66 | epoch: 1 | eta: 23.3m
step 01391/02205 (63.08%) [ns2_ftrl_eta0p2] | loss: 3.294066 | lrm: 0.74 | dt: 1722.35ms | tok/s: 304,401 | mfu: 34.75 | epoch: 1 | eta: 23.3m
step 01392/02205 (63.13%) [ns2_ftrl_eta0p2] | loss: 3.290405 | lrm: 0.74 | dt: 1730.28ms | tok/s: 303,006 | mfu: 34.59 | epoch: 1 | eta: 23.2m
step 01393/02205 (63.17%) [ns2_ftrl_eta0p2] | loss: 3.285753 | lrm: 0.74 | dt: 1730.31ms | tok/s: 303,001 | mfu: 34.59 | epoch: 1 | eta: 23.2m
step 01394/02205 (63.22%) [ns2_ftrl_eta0p2] | loss: 3.286168 | lrm: 0.74 | dt: 1719.50ms | tok/s: 304,906 | mfu: 34.81 | epoch: 1 | eta: 23.2m
step 01395/02205 (63.27%) [ns2_ftrl_eta0p2] | loss: 3.276337 | lrm: 0.74 | dt: 1725.17ms | tok/s: 303,905 | mfu: 34.69 | epoch: 1 | eta: 23.2m
step 01396/02205 (63.31%) [ns2_ftrl_eta0p2] | loss: 3.275719 | lrm: 0.73 | dt: 1730.90ms | tok/s: 302,899 | mfu: 34.58 | epoch: 1 | eta: 23.1m
step 01397/02205 (63.36%) [ns2_ftrl_eta0p2] | loss: 3.276814 | lrm: 0.73 | dt: 1728.54ms | tok/s: 303,312 | mfu: 34.62 | epoch: 1 | eta: 23.1m
step 01398/02205 (63.40%) [ns2_ftrl_eta0p2] | loss: 3.279547 | lrm: 0.73 | dt: 1724.43ms | tok/s: 304,035 | mfu: 34.71 | epoch: 1 | eta: 23.1m
step 01399/02205 (63.45%) [ns2_ftrl_eta0p2] | loss: 3.287007 | lrm: 0.73 | dt: 1727.76ms | tok/s: 303,449 | mfu: 34.64 | epoch: 1 | eta: 23.0m
step 01400/02205 (63.49%) [ns2_ftrl_eta0p2] | loss: 3.286388 | lrm: 0.73 | dt: 1725.25ms | tok/s: 303,891 | mfu: 34.69 | epoch: 1 | eta: 23.0m
step 01401/02205 (63.54%) [ns2_ftrl_eta0p2] | loss: 3.286382 | lrm: 0.73 | dt: 1725.26ms | tok/s: 303,889 | mfu: 34.69 | epoch: 1 | eta: 23.0m
step 01402/02205 (63.58%) [ns2_ftrl_eta0p2] | loss: 3.292472 | lrm: 0.73 | dt: 1732.43ms | tok/s: 302,632 | mfu: 34.55 | epoch: 1 | eta: 23.0m
step 01403/02205 (63.63%) [ns2_ftrl_eta0p2] | loss: 3.288360 | lrm: 0.73 | dt: 1729.69ms | tok/s: 303,111 | mfu: 34.60 | epoch: 1 | eta: 22.9m
step 01404/02205 (63.67%) [ns2_ftrl_eta0p2] | loss: 3.282132 | lrm: 0.73 | dt: 1730.65ms | tok/s: 302,942 | mfu: 34.58 | epoch: 1 | eta: 22.9m
step 01405/02205 (63.72%) [ns2_ftrl_eta0p2] | loss: 3.286139 | lrm: 0.73 | dt: 1730.17ms | tok/s: 303,026 | mfu: 34.59 | epoch: 1 | eta: 22.9m
step 01406/02205 (63.76%) [ns2_ftrl_eta0p2] | loss: 3.285535 | lrm: 0.73 | dt: 1726.78ms | tok/s: 303,622 | mfu: 34.66 | epoch: 1 | eta: 22.8m
step 01407/02205 (63.81%) [ns2_ftrl_eta0p2] | loss: 3.287790 | lrm: 0.72 | dt: 1729.95ms | tok/s: 303,066 | mfu: 34.60 | epoch: 1 | eta: 22.8m
step 01408/02205 (63.85%) [ns2_ftrl_eta0p2] | loss: 3.291337 | lrm: 0.72 | dt: 1723.98ms | tok/s: 304,114 | mfu: 34.72 | epoch: 1 | eta: 22.8m
step 01409/02205 (63.90%) [ns2_ftrl_eta0p2] | loss: 3.302633 | lrm: 0.72 | dt: 1730.53ms | tok/s: 302,963 | mfu: 34.58 | epoch: 1 | eta: 22.8m
step 01410/02205 (63.95%) [ns2_ftrl_eta0p2] | loss: 3.302750 | lrm: 0.72 | dt: 1730.51ms | tok/s: 302,966 | mfu: 34.58 | epoch: 1 | eta: 22.7m
step 01411/02205 (63.99%) [ns2_ftrl_eta0p2] | loss: 3.298435 | lrm: 0.72 | dt: 1733.45ms | tok/s: 302,453 | mfu: 34.53 | epoch: 1 | eta: 22.7m
step 01412/02205 (64.04%) [ns2_ftrl_eta0p2] | loss: 3.307366 | lrm: 0.72 | dt: 1729.98ms | tok/s: 303,060 | mfu: 34.59 | epoch: 1 | eta: 22.7m
step 01413/02205 (64.08%) [ns2_ftrl_eta0p2] | loss: 3.295306 | lrm: 0.72 | dt: 1730.28ms | tok/s: 303,007 | mfu: 34.59 | epoch: 1 | eta: 22.6m
step 01414/02205 (64.13%) [ns2_ftrl_eta0p2] | loss: 3.291425 | lrm: 0.72 | dt: 1725.63ms | tok/s: 303,824 | mfu: 34.68 | epoch: 1 | eta: 22.6m
step 01415/02205 (64.17%) [ns2_ftrl_eta0p2] | loss: 3.287477 | lrm: 0.72 | dt: 1722.95ms | tok/s: 304,296 | mfu: 34.74 | epoch: 1 | eta: 22.6m
step 01416/02205 (64.22%) [ns2_ftrl_eta0p2] | loss: 3.281053 | lrm: 0.72 | dt: 1728.78ms | tok/s: 303,269 | mfu: 34.62 | epoch: 1 | eta: 22.6m
step 01417/02205 (64.26%) [ns2_ftrl_eta0p2] | loss: 3.275615 | lrm: 0.72 | dt: 1729.26ms | tok/s: 303,186 | mfu: 34.61 | epoch: 1 | eta: 22.5m
step 01418/02205 (64.31%) [ns2_ftrl_eta0p2] | loss: 3.279314 | lrm: 0.71 | dt: 1733.54ms | tok/s: 302,437 | mfu: 34.52 | epoch: 1 | eta: 22.5m
step 01419/02205 (64.35%) [ns2_ftrl_eta0p2] | loss: 3.290712 | lrm: 0.71 | dt: 1733.51ms | tok/s: 302,442 | mfu: 34.52 | epoch: 1 | eta: 22.5m
step 01420/02205 (64.40%) [ns2_ftrl_eta0p2] | loss: 3.287895 | lrm: 0.71 | dt: 1730.44ms | tok/s: 302,980 | mfu: 34.59 | epoch: 1 | eta: 22.4m
step 01421/02205 (64.44%) [ns2_ftrl_eta0p2] | loss: 3.291146 | lrm: 0.71 | dt: 1727.62ms | tok/s: 303,473 | mfu: 34.64 | epoch: 1 | eta: 22.4m
step 01422/02205 (64.49%) [ns2_ftrl_eta0p2] | loss: 3.288893 | lrm: 0.71 | dt: 1724.79ms | tok/s: 303,972 | mfu: 34.70 | epoch: 1 | eta: 22.4m
step 01423/02205 (64.54%) [ns2_ftrl_eta0p2] | loss: 3.291529 | lrm: 0.71 | dt: 1725.59ms | tok/s: 303,831 | mfu: 34.68 | epoch: 1 | eta: 22.4m
step 01424/02205 (64.58%) [ns2_ftrl_eta0p2] | loss: 3.295025 | lrm: 0.71 | dt: 1724.47ms | tok/s: 304,027 | mfu: 34.71 | epoch: 1 | eta: 22.3m
step 01425/02205 (64.63%) [ns2_ftrl_eta0p2] | loss: 3.293852 | lrm: 0.71 | dt: 1726.98ms | tok/s: 303,586 | mfu: 34.65 | epoch: 1 | eta: 22.3m
step 01426/02205 (64.67%) [ns2_ftrl_eta0p2] | loss: 3.293290 | lrm: 0.71 | dt: 1723.84ms | tok/s: 304,138 | mfu: 34.72 | epoch: 1 | eta: 22.3m
step 01427/02205 (64.72%) [ns2_ftrl_eta0p2] | loss: 3.299457 | lrm: 0.71 | dt: 1725.91ms | tok/s: 303,774 | mfu: 34.68 | epoch: 1 | eta: 22.2m
step 01428/02205 (64.76%) [ns2_ftrl_eta0p2] | loss: 3.296844 | lrm: 0.71 | dt: 1726.28ms | tok/s: 303,710 | mfu: 34.67 | epoch: 1 | eta: 22.2m
step 01429/02205 (64.81%) [ns2_ftrl_eta0p2] | loss: 3.308978 | lrm: 0.70 | dt: 1723.46ms | tok/s: 304,206 | mfu: 34.73 | epoch: 1 | eta: 22.2m
step 01430/02205 (64.85%) [ns2_ftrl_eta0p2] | loss: 3.297935 | lrm: 0.70 | dt: 1723.43ms | tok/s: 304,212 | mfu: 34.73 | epoch: 1 | eta: 22.2m
step 01431/02205 (64.90%) [ns2_ftrl_eta0p2] | loss: 3.292335 | lrm: 0.70 | dt: 1727.84ms | tok/s: 303,435 | mfu: 34.64 | epoch: 1 | eta: 22.1m
step 01432/02205 (64.94%) [ns2_ftrl_eta0p2] | loss: 3.294917 | lrm: 0.70 | dt: 1726.39ms | tok/s: 303,690 | mfu: 34.67 | epoch: 1 | eta: 22.1m
step 01433/02205 (64.99%) [ns2_ftrl_eta0p2] | loss: 3.288402 | lrm: 0.70 | dt: 1721.26ms | tok/s: 304,595 | mfu: 34.77 | epoch: 1 | eta: 22.1m
step 01434/02205 (65.03%) [ns2_ftrl_eta0p2] | loss: 3.288981 | lrm: 0.70 | dt: 1725.17ms | tok/s: 303,905 | mfu: 34.69 | epoch: 1 | eta: 22.0m
step 01435/02205 (65.08%) [ns2_ftrl_eta0p2] | loss: 3.289398 | lrm: 0.70 | dt: 1716.80ms | tok/s: 305,386 | mfu: 34.86 | epoch: 1 | eta: 22.0m
step 01436/02205 (65.12%) [ns2_ftrl_eta0p2] | loss: 3.287296 | lrm: 0.70 | dt: 1728.91ms | tok/s: 303,247 | mfu: 34.62 | epoch: 1 | eta: 22.0m
step 01437/02205 (65.17%) [ns2_ftrl_eta0p2] | loss: 3.283333 | lrm: 0.70 | dt: 1727.11ms | tok/s: 303,564 | mfu: 34.65 | epoch: 1 | eta: 22.0m
step 01438/02205 (65.22%) [ns2_ftrl_eta0p2] | loss: 3.282870 | lrm: 0.70 | dt: 1720.01ms | tok/s: 304,816 | mfu: 34.80 | epoch: 1 | eta: 21.9m
step 01439/02205 (65.26%) [ns2_ftrl_eta0p2] | loss: 3.287585 | lrm: 0.70 | dt: 1720.66ms | tok/s: 304,700 | mfu: 34.78 | epoch: 1 | eta: 21.9m
step 01440/02205 (65.31%) [ns2_ftrl_eta0p2] | loss: 3.284697 | lrm: 0.69 | dt: 1718.94ms | tok/s: 305,007 | mfu: 34.82 | epoch: 1 | eta: 21.9m
step 01441/02205 (65.35%) [ns2_ftrl_eta0p2] | loss: 3.283975 | lrm: 0.69 | dt: 1724.49ms | tok/s: 304,024 | mfu: 34.70 | epoch: 1 | eta: 21.8m
step 01442/02205 (65.40%) [ns2_ftrl_eta0p2] | loss: 3.286422 | lrm: 0.69 | dt: 1717.47ms | tok/s: 305,268 | mfu: 34.85 | epoch: 1 | eta: 21.8m
step 01443/02205 (65.44%) [ns2_ftrl_eta0p2] | loss: 3.285772 | lrm: 0.69 | dt: 1727.39ms | tok/s: 303,515 | mfu: 34.65 | epoch: 1 | eta: 21.8m
step 01444/02205 (65.49%) [ns2_ftrl_eta0p2] | loss: 3.283869 | lrm: 0.69 | dt: 1717.45ms | tok/s: 305,271 | mfu: 34.85 | epoch: 1 | eta: 21.8m
step 01445/02205 (65.53%) [ns2_ftrl_eta0p2] | loss: 3.284540 | lrm: 0.69 | dt: 1724.55ms | tok/s: 304,014 | mfu: 34.70 | epoch: 1 | eta: 21.7m
step 01446/02205 (65.58%) [ns2_ftrl_eta0p2] | loss: 3.278603 | lrm: 0.69 | dt: 1719.30ms | tok/s: 304,943 | mfu: 34.81 | epoch: 1 | eta: 21.7m
step 01447/02205 (65.62%) [ns2_ftrl_eta0p2] | loss: 3.276096 | lrm: 0.69 | dt: 1725.37ms | tok/s: 303,869 | mfu: 34.69 | epoch: 1 | eta: 21.7m
step 01448/02205 (65.67%) [ns2_ftrl_eta0p2] | loss: 3.278731 | lrm: 0.69 | dt: 1719.24ms | tok/s: 304,953 | mfu: 34.81 | epoch: 1 | eta: 21.6m
step 01449/02205 (65.71%) [ns2_ftrl_eta0p2] | loss: 3.289723 | lrm: 0.69 | dt: 1721.95ms | tok/s: 304,473 | mfu: 34.76 | epoch: 1 | eta: 21.6m
step 01450/02205 (65.76%) [ns2_ftrl_eta0p2] | loss: 3.293297 | lrm: 0.69 | dt: 1716.63ms | tok/s: 305,416 | mfu: 34.86 | epoch: 1 | eta: 21.6m
step 01451/02205 (65.80%) [ns2_ftrl_eta0p2] | loss: 3.299120 | lrm: 0.68 | dt: 1719.57ms | tok/s: 304,895 | mfu: 34.80 | epoch: 1 | eta: 21.6m
step 01452/02205 (65.85%) [ns2_ftrl_eta0p2] | loss: 3.294945 | lrm: 0.68 | dt: 1724.30ms | tok/s: 304,059 | mfu: 34.71 | epoch: 1 | eta: 21.5m
step 01453/02205 (65.90%) [ns2_ftrl_eta0p2] | loss: 3.291856 | lrm: 0.68 | dt: 1713.98ms | tok/s: 305,889 | mfu: 34.92 | epoch: 1 | eta: 21.5m
step 01454/02205 (65.94%) [ns2_ftrl_eta0p2] | loss: 3.284263 | lrm: 0.68 | dt: 1715.89ms | tok/s: 305,549 | mfu: 34.88 | epoch: 1 | eta: 21.5m
step 01455/02205 (65.99%) [ns2_ftrl_eta0p2] | loss: 3.277524 | lrm: 0.68 | dt: 1716.43ms | tok/s: 305,452 | mfu: 34.87 | epoch: 1 | eta: 21.4m
step 01456/02205 (66.03%) [ns2_ftrl_eta0p2] | loss: 3.281655 | lrm: 0.68 | dt: 1721.83ms | tok/s: 304,494 | mfu: 34.76 | epoch: 1 | eta: 21.4m
step 01457/02205 (66.08%) [ns2_ftrl_eta0p2] | loss: 3.284271 | lrm: 0.68 | dt: 1715.77ms | tok/s: 305,570 | mfu: 34.88 | epoch: 1 | eta: 21.4m
step 01458/02205 (66.12%) [ns2_ftrl_eta0p2] | loss: 3.281751 | lrm: 0.68 | dt: 1711.63ms | tok/s: 306,308 | mfu: 34.97 | epoch: 1 | eta: 21.4m
step 01459/02205 (66.17%) [ns2_ftrl_eta0p2] | loss: 3.282569 | lrm: 0.68 | dt: 1719.56ms | tok/s: 304,897 | mfu: 34.80 | epoch: 1 | eta: 21.3m
step 01460/02205 (66.21%) [ns2_ftrl_eta0p2] | loss: 3.290017 | lrm: 0.68 | dt: 1717.91ms | tok/s: 305,188 | mfu: 34.84 | epoch: 1 | eta: 21.3m
step 01461/02205 (66.26%) [ns2_ftrl_eta0p2] | loss: 3.289695 | lrm: 0.68 | dt: 1712.97ms | tok/s: 306,069 | mfu: 34.94 | epoch: 1 | eta: 21.3m
step 01462/02205 (66.30%) [ns2_ftrl_eta0p2] | loss: 3.284832 | lrm: 0.67 | dt: 1718.48ms | tok/s: 305,088 | mfu: 34.83 | epoch: 1 | eta: 21.2m
step 01463/02205 (66.35%) [ns2_ftrl_eta0p2] | loss: 3.285056 | lrm: 0.67 | dt: 1714.76ms | tok/s: 305,749 | mfu: 34.90 | epoch: 1 | eta: 21.2m
step 01464/02205 (66.39%) [ns2_ftrl_eta0p2] | loss: 3.277365 | lrm: 0.67 | dt: 1728.42ms | tok/s: 303,332 | mfu: 34.63 | epoch: 1 | eta: 21.2m
step 01465/02205 (66.44%) [ns2_ftrl_eta0p2] | loss: 3.280110 | lrm: 0.67 | dt: 1719.41ms | tok/s: 304,923 | mfu: 34.81 | epoch: 1 | eta: 21.2m
step 01466/02205 (66.49%) [ns2_ftrl_eta0p2] | loss: 3.287011 | lrm: 0.67 | dt: 1719.00ms | tok/s: 304,996 | mfu: 34.82 | epoch: 1 | eta: 21.1m
step 01467/02205 (66.53%) [ns2_ftrl_eta0p2] | loss: 3.285032 | lrm: 0.67 | dt: 1715.11ms | tok/s: 305,687 | mfu: 34.89 | epoch: 1 | eta: 21.1m
step 01468/02205 (66.58%) [ns2_ftrl_eta0p2] | loss: 3.284913 | lrm: 0.67 | dt: 1713.43ms | tok/s: 305,986 | mfu: 34.93 | epoch: 1 | eta: 21.1m
step 01469/02205 (66.62%) [ns2_ftrl_eta0p2] | loss: 3.282682 | lrm: 0.67 | dt: 1717.38ms | tok/s: 305,282 | mfu: 34.85 | epoch: 1 | eta: 21.0m
step 01470/02205 (66.67%) [ns2_ftrl_eta0p2] | loss: 3.283632 | lrm: 0.67 | dt: 1723.86ms | tok/s: 304,135 | mfu: 34.72 | epoch: 1 | eta: 21.0m
step 01471/02205 (66.71%) [ns2_ftrl_eta0p2] | loss: 3.287428 | lrm: 0.67 | dt: 1715.49ms | tok/s: 305,620 | mfu: 34.89 | epoch: 1 | eta: 21.0m
step 01472/02205 (66.76%) [ns2_ftrl_eta0p2] | loss: 3.290845 | lrm: 0.67 | dt: 1712.65ms | tok/s: 306,126 | mfu: 34.94 | epoch: 1 | eta: 21.0m
step 01473/02205 (66.80%) [ns2_ftrl_eta0p2] | loss: 3.284222 | lrm: 0.66 | dt: 1717.24ms | tok/s: 305,308 | mfu: 34.85 | epoch: 1 | eta: 20.9m
step 01474/02205 (66.85%) [ns2_ftrl_eta0p2] | loss: 3.285017 | lrm: 0.66 | dt: 1722.34ms | tok/s: 304,403 | mfu: 34.75 | epoch: 1 | eta: 20.9m
step 01475/02205 (66.89%) [ns2_ftrl_eta0p2] | loss: 3.281289 | lrm: 0.66 | dt: 1715.89ms | tok/s: 305,549 | mfu: 34.88 | epoch: 1 | eta: 20.9m
step 01476/02205 (66.94%) [ns2_ftrl_eta0p2] | loss: 3.280060 | lrm: 0.66 | dt: 1715.15ms | tok/s: 305,680 | mfu: 34.89 | epoch: 1 | eta: 20.8m
step 01477/02205 (66.98%) [ns2_ftrl_eta0p2] | loss: 3.279039 | lrm: 0.66 | dt: 1715.41ms | tok/s: 305,634 | mfu: 34.89 | epoch: 1 | eta: 20.8m
step 01478/02205 (67.03%) [ns2_ftrl_eta0p2] | loss: 3.281548 | lrm: 0.66 | dt: 1723.81ms | tok/s: 304,145 | mfu: 34.72 | epoch: 1 | eta: 20.8m
step 01479/02205 (67.07%) [ns2_ftrl_eta0p2] | loss: 3.287321 | lrm: 0.66 | dt: 1719.66ms | tok/s: 304,879 | mfu: 34.80 | epoch: 1 | eta: 20.8m
step 01480/02205 (67.12%) [ns2_ftrl_eta0p2] | loss: 3.279784 | lrm: 0.66 | dt: 1715.54ms | tok/s: 305,610 | mfu: 34.89 | epoch: 1 | eta: 20.7m
step 01481/02205 (67.17%) [ns2_ftrl_eta0p2] | loss: 3.275243 | lrm: 0.66 | dt: 1722.01ms | tok/s: 304,463 | mfu: 34.75 | epoch: 1 | eta: 20.7m
step 01482/02205 (67.21%) [ns2_ftrl_eta0p2] | loss: 3.273008 | lrm: 0.66 | dt: 1712.80ms | tok/s: 306,100 | mfu: 34.94 | epoch: 1 | eta: 20.7m
step 01483/02205 (67.26%) [ns2_ftrl_eta0p2] | loss: 3.264868 | lrm: 0.66 | dt: 1719.73ms | tok/s: 304,866 | mfu: 34.80 | epoch: 1 | eta: 20.6m
step 01484/02205 (67.30%) [ns2_ftrl_eta0p2] | loss: 3.260442 | lrm: 0.65 | dt: 1717.44ms | tok/s: 305,273 | mfu: 34.85 | epoch: 1 | eta: 20.6m
step 01485/02205 (67.35%) [ns2_ftrl_eta0p2] | loss: 3.264137 | lrm: 0.65 | dt: 1713.87ms | tok/s: 305,909 | mfu: 34.92 | epoch: 1 | eta: 20.6m
step 01486/02205 (67.39%) [ns2_ftrl_eta0p2] | loss: 3.266475 | lrm: 0.65 | dt: 1714.87ms | tok/s: 305,730 | mfu: 34.90 | epoch: 1 | eta: 20.6m
step 01487/02205 (67.44%) [ns2_ftrl_eta0p2] | loss: 3.264204 | lrm: 0.65 | dt: 1718.41ms | tok/s: 305,101 | mfu: 34.83 | epoch: 1 | eta: 20.5m
step 01488/02205 (67.48%) [ns2_ftrl_eta0p2] | loss: 3.271950 | lrm: 0.65 | dt: 1719.67ms | tok/s: 304,877 | mfu: 34.80 | epoch: 1 | eta: 20.5m
step 01489/02205 (67.53%) [ns2_ftrl_eta0p2] | loss: 3.276361 | lrm: 0.65 | dt: 1716.68ms | tok/s: 305,408 | mfu: 34.86 | epoch: 1 | eta: 20.5m
step 01490/02205 (67.57%) [ns2_ftrl_eta0p2] | loss: 3.273537 | lrm: 0.65 | dt: 1719.35ms | tok/s: 304,934 | mfu: 34.81 | epoch: 1 | eta: 20.4m
step 01491/02205 (67.62%) [ns2_ftrl_eta0p2] | loss: 3.275302 | lrm: 0.65 | dt: 1719.05ms | tok/s: 304,986 | mfu: 34.81 | epoch: 1 | eta: 20.4m
step 01492/02205 (67.66%) [ns2_ftrl_eta0p2] | loss: 3.270221 | lrm: 0.65 | dt: 1712.88ms | tok/s: 306,085 | mfu: 34.94 | epoch: 1 | eta: 20.4m
step 01493/02205 (67.71%) [ns2_ftrl_eta0p2] | loss: 3.263008 | lrm: 0.65 | dt: 1716.03ms | tok/s: 305,523 | mfu: 34.88 | epoch: 1 | eta: 20.4m
step 01494/02205 (67.76%) [ns2_ftrl_eta0p2] | loss: 3.261338 | lrm: 0.65 | dt: 1718.62ms | tok/s: 305,063 | mfu: 34.82 | epoch: 1 | eta: 20.3m
step 01495/02205 (67.80%) [ns2_ftrl_eta0p2] | loss: 3.267046 | lrm: 0.64 | dt: 1723.78ms | tok/s: 304,150 | mfu: 34.72 | epoch: 1 | eta: 20.3m
step 01496/02205 (67.85%) [ns2_ftrl_eta0p2] | loss: 3.268465 | lrm: 0.64 | dt: 1719.14ms | tok/s: 304,970 | mfu: 34.81 | epoch: 1 | eta: 20.3m
step 01497/02205 (67.89%) [ns2_ftrl_eta0p2] | loss: 3.258815 | lrm: 0.64 | dt: 1724.00ms | tok/s: 304,110 | mfu: 34.71 | epoch: 1 | eta: 20.2m
step 01498/02205 (67.94%) [ns2_ftrl_eta0p2] | loss: 3.266335 | lrm: 0.64 | dt: 1717.77ms | tok/s: 305,213 | mfu: 34.84 | epoch: 1 | eta: 20.2m
step 01499/02205 (67.98%) [ns2_ftrl_eta0p2] | loss: 3.257918 | lrm: 0.64 | dt: 1720.94ms | tok/s: 304,652 | mfu: 34.78 | epoch: 1 | eta: 20.2m
Step 01500 | val bpb: 0.958658
step 01500/02205 (68.03%) [ns2_ftrl_eta0p2] | loss: 3.248832 | lrm: 0.64 | dt: 1704.56ms | tok/s: 307,579 | mfu: 35.11 | epoch: 1 | eta: 20.2m
step 01501/02205 (68.07%) [ns2_ftrl_eta0p2] | loss: 3.245150 | lrm: 0.64 | dt: 1709.59ms | tok/s: 306,675 | mfu: 35.01 | epoch: 1 | eta: 20.1m
step 01502/02205 (68.12%) [ns2_ftrl_eta0p2] | loss: 3.250845 | lrm: 0.64 | dt: 1712.11ms | tok/s: 306,222 | mfu: 34.96 | epoch: 1 | eta: 20.1m
step 01503/02205 (68.16%) [ns2_ftrl_eta0p2] | loss: 3.246391 | lrm: 0.64 | dt: 1704.41ms | tok/s: 307,607 | mfu: 35.11 | epoch: 1 | eta: 20.1m
step 01504/02205 (68.21%) [ns2_ftrl_eta0p2] | loss: 3.242925 | lrm: 0.64 | dt: 1713.06ms | tok/s: 306,053 | mfu: 34.94 | epoch: 1 | eta: 20.0m
step 01505/02205 (68.25%) [ns2_ftrl_eta0p2] | loss: 3.231997 | lrm: 0.64 | dt: 1709.18ms | tok/s: 306,747 | mfu: 35.02 | epoch: 1 | eta: 20.0m
step 01506/02205 (68.30%) [ns2_ftrl_eta0p2] | loss: 3.235717 | lrm: 0.63 | dt: 1710.41ms | tok/s: 306,528 | mfu: 34.99 | epoch: 1 | eta: 20.0m
step 01507/02205 (68.34%) [ns2_ftrl_eta0p2] | loss: 3.234700 | lrm: 0.63 | dt: 1708.20ms | tok/s: 306,924 | mfu: 35.04 | epoch: 1 | eta: 20.0m
step 01508/02205 (68.39%) [ns2_ftrl_eta0p2] | loss: 3.248887 | lrm: 0.63 | dt: 1709.25ms | tok/s: 306,736 | mfu: 35.01 | epoch: 1 | eta: 19.9m
step 01509/02205 (68.44%) [ns2_ftrl_eta0p2] | loss: 3.244579 | lrm: 0.63 | dt: 1712.98ms | tok/s: 306,068 | mfu: 34.94 | epoch: 1 | eta: 19.9m
step 01510/02205 (68.48%) [ns2_ftrl_eta0p2] | loss: 3.233179 | lrm: 0.63 | dt: 1709.85ms | tok/s: 306,628 | mfu: 35.00 | epoch: 1 | eta: 19.9m
step 01511/02205 (68.53%) [ns2_ftrl_eta0p2] | loss: 3.234643 | lrm: 0.63 | dt: 1713.62ms | tok/s: 305,954 | mfu: 34.93 | epoch: 1 | eta: 19.8m
step 01512/02205 (68.57%) [ns2_ftrl_eta0p2] | loss: 3.242453 | lrm: 0.63 | dt: 1713.29ms | tok/s: 306,011 | mfu: 34.93 | epoch: 1 | eta: 19.8m
step 01513/02205 (68.62%) [ns2_ftrl_eta0p2] | loss: 3.241577 | lrm: 0.63 | dt: 1710.75ms | tok/s: 306,466 | mfu: 34.98 | epoch: 1 | eta: 19.8m
step 01514/02205 (68.66%) [ns2_ftrl_eta0p2] | loss: 3.234558 | lrm: 0.63 | dt: 1716.57ms | tok/s: 305,427 | mfu: 34.86 | epoch: 1 | eta: 19.8m
step 01515/02205 (68.71%) [ns2_ftrl_eta0p2] | loss: 3.233716 | lrm: 0.63 | dt: 1711.00ms | tok/s: 306,422 | mfu: 34.98 | epoch: 1 | eta: 19.7m
step 01516/02205 (68.75%) [ns2_ftrl_eta0p2] | loss: 3.238566 | lrm: 0.63 | dt: 1717.09ms | tok/s: 305,334 | mfu: 34.85 | epoch: 1 | eta: 19.7m
step 01517/02205 (68.80%) [ns2_ftrl_eta0p2] | loss: 3.250892 | lrm: 0.62 | dt: 1719.51ms | tok/s: 304,905 | mfu: 34.81 | epoch: 1 | eta: 19.7m
step 01518/02205 (68.84%) [ns2_ftrl_eta0p2] | loss: 3.242954 | lrm: 0.62 | dt: 1713.17ms | tok/s: 306,033 | mfu: 34.93 | epoch: 1 | eta: 19.6m
step 01519/02205 (68.89%) [ns2_ftrl_eta0p2] | loss: 3.241037 | lrm: 0.62 | dt: 1708.81ms | tok/s: 306,815 | mfu: 35.02 | epoch: 1 | eta: 19.6m
step 01520/02205 (68.93%) [ns2_ftrl_eta0p2] | loss: 3.236758 | lrm: 0.62 | dt: 1717.85ms | tok/s: 305,199 | mfu: 34.84 | epoch: 1 | eta: 19.6m
step 01521/02205 (68.98%) [ns2_ftrl_eta0p2] | loss: 3.243577 | lrm: 0.62 | dt: 1714.28ms | tok/s: 305,835 | mfu: 34.91 | epoch: 1 | eta: 19.6m
step 01522/02205 (69.02%) [ns2_ftrl_eta0p2] | loss: 3.245944 | lrm: 0.62 | dt: 1720.54ms | tok/s: 304,723 | mfu: 34.78 | epoch: 1 | eta: 19.5m
step 01523/02205 (69.07%) [ns2_ftrl_eta0p2] | loss: 3.259192 | lrm: 0.62 | dt: 1713.46ms | tok/s: 305,982 | mfu: 34.93 | epoch: 1 | eta: 19.5m
step 01524/02205 (69.12%) [ns2_ftrl_eta0p2] | loss: 3.265303 | lrm: 0.62 | dt: 1714.71ms | tok/s: 305,759 | mfu: 34.90 | epoch: 1 | eta: 19.5m
step 01525/02205 (69.16%) [ns2_ftrl_eta0p2] | loss: 3.262062 | lrm: 0.62 | dt: 1709.60ms | tok/s: 306,673 | mfu: 35.01 | epoch: 1 | eta: 19.4m
step 01526/02205 (69.21%) [ns2_ftrl_eta0p2] | loss: 3.259733 | lrm: 0.62 | dt: 1716.26ms | tok/s: 305,482 | mfu: 34.87 | epoch: 1 | eta: 19.4m
step 01527/02205 (69.25%) [ns2_ftrl_eta0p2] | loss: 3.253520 | lrm: 0.62 | dt: 1716.17ms | tok/s: 305,498 | mfu: 34.87 | epoch: 1 | eta: 19.4m
step 01528/02205 (69.30%) [ns2_ftrl_eta0p2] | loss: 3.250768 | lrm: 0.61 | dt: 1720.59ms | tok/s: 304,713 | mfu: 34.78 | epoch: 1 | eta: 19.4m
step 01529/02205 (69.34%) [ns2_ftrl_eta0p2] | loss: 3.253596 | lrm: 0.61 | dt: 1716.90ms | tok/s: 305,368 | mfu: 34.86 | epoch: 1 | eta: 19.3m
step 01530/02205 (69.39%) [ns2_ftrl_eta0p2] | loss: 3.250485 | lrm: 0.61 | dt: 1718.18ms | tok/s: 305,141 | mfu: 34.83 | epoch: 1 | eta: 19.3m
step 01531/02205 (69.43%) [ns2_ftrl_eta0p2] | loss: 3.250586 | lrm: 0.61 | dt: 1722.25ms | tok/s: 304,420 | mfu: 34.75 | epoch: 1 | eta: 19.3m
step 01532/02205 (69.48%) [ns2_ftrl_eta0p2] | loss: 3.244992 | lrm: 0.61 | dt: 1724.02ms | tok/s: 304,108 | mfu: 34.71 | epoch: 1 | eta: 19.2m
step 01533/02205 (69.52%) [ns2_ftrl_eta0p2] | loss: 3.244172 | lrm: 0.61 | dt: 1719.41ms | tok/s: 304,923 | mfu: 34.81 | epoch: 1 | eta: 19.2m
step 01534/02205 (69.57%) [ns2_ftrl_eta0p2] | loss: 3.249789 | lrm: 0.61 | dt: 1722.41ms | tok/s: 304,392 | mfu: 34.75 | epoch: 1 | eta: 19.2m
step 01535/02205 (69.61%) [ns2_ftrl_eta0p2] | loss: 3.250987 | lrm: 0.61 | dt: 1721.26ms | tok/s: 304,595 | mfu: 34.77 | epoch: 1 | eta: 19.2m
step 01536/02205 (69.66%) [ns2_ftrl_eta0p2] | loss: 3.250057 | lrm: 0.61 | dt: 1715.65ms | tok/s: 305,591 | mfu: 34.88 | epoch: 1 | eta: 19.1m
step 01537/02205 (69.71%) [ns2_ftrl_eta0p2] | loss: 3.260059 | lrm: 0.61 | dt: 1717.42ms | tok/s: 305,276 | mfu: 34.85 | epoch: 1 | eta: 19.1m
step 01538/02205 (69.75%) [ns2_ftrl_eta0p2] | loss: 3.265831 | lrm: 0.61 | dt: 1718.01ms | tok/s: 305,170 | mfu: 34.84 | epoch: 1 | eta: 19.1m
step 01539/02205 (69.80%) [ns2_ftrl_eta0p2] | loss: 3.269610 | lrm: 0.60 | dt: 1724.36ms | tok/s: 304,048 | mfu: 34.71 | epoch: 1 | eta: 19.0m
step 01540/02205 (69.84%) [ns2_ftrl_eta0p2] | loss: 3.269318 | lrm: 0.60 | dt: 1718.55ms | tok/s: 305,075 | mfu: 34.82 | epoch: 1 | eta: 19.0m
step 01541/02205 (69.89%) [ns2_ftrl_eta0p2] | loss: 3.263471 | lrm: 0.60 | dt: 1724.08ms | tok/s: 304,097 | mfu: 34.71 | epoch: 1 | eta: 19.0m
step 01542/02205 (69.93%) [ns2_ftrl_eta0p2] | loss: 3.267143 | lrm: 0.60 | dt: 1717.08ms | tok/s: 305,337 | mfu: 34.85 | epoch: 1 | eta: 19.0m
step 01543/02205 (69.98%) [ns2_ftrl_eta0p2] | loss: 3.265361 | lrm: 0.60 | dt: 1720.29ms | tok/s: 304,767 | mfu: 34.79 | epoch: 1 | eta: 18.9m
step 01544/02205 (70.02%) [ns2_ftrl_eta0p2] | loss: 3.280784 | lrm: 0.60 | dt: 1722.37ms | tok/s: 304,399 | mfu: 34.75 | epoch: 1 | eta: 18.9m
step 01545/02205 (70.07%) [ns2_ftrl_eta0p2] | loss: 3.276049 | lrm: 0.60 | dt: 1717.36ms | tok/s: 305,286 | mfu: 34.85 | epoch: 1 | eta: 18.9m
step 01546/02205 (70.11%) [ns2_ftrl_eta0p2] | loss: 3.279020 | lrm: 0.60 | dt: 1724.18ms | tok/s: 304,079 | mfu: 34.71 | epoch: 1 | eta: 18.8m
step 01547/02205 (70.16%) [ns2_ftrl_eta0p2] | loss: 3.272763 | lrm: 0.60 | dt: 1721.39ms | tok/s: 304,573 | mfu: 34.77 | epoch: 1 | eta: 18.8m
step 01548/02205 (70.20%) [ns2_ftrl_eta0p2] | loss: 3.265541 | lrm: 0.60 | dt: 1721.43ms | tok/s: 304,566 | mfu: 34.77 | epoch: 1 | eta: 18.8m
step 01549/02205 (70.25%) [ns2_ftrl_eta0p2] | loss: 3.266782 | lrm: 0.60 | dt: 1720.68ms | tok/s: 304,697 | mfu: 34.78 | epoch: 1 | eta: 18.8m
step 01550/02205 (70.29%) [ns2_ftrl_eta0p2] | loss: 3.267819 | lrm: 0.59 | dt: 1714.08ms | tok/s: 305,871 | mfu: 34.92 | epoch: 1 | eta: 18.7m
step 01551/02205 (70.34%) [ns2_ftrl_eta0p2] | loss: 3.259997 | lrm: 0.59 | dt: 1717.68ms | tok/s: 305,230 | mfu: 34.84 | epoch: 1 | eta: 18.7m
step 01552/02205 (70.39%) [ns2_ftrl_eta0p2] | loss: 3.253844 | lrm: 0.59 | dt: 1719.98ms | tok/s: 304,822 | mfu: 34.80 | epoch: 1 | eta: 18.7m
step 01553/02205 (70.43%) [ns2_ftrl_eta0p2] | loss: 3.249514 | lrm: 0.59 | dt: 1718.20ms | tok/s: 305,138 | mfu: 34.83 | epoch: 1 | eta: 18.6m
step 01554/02205 (70.48%) [ns2_ftrl_eta0p2] | loss: 3.255689 | lrm: 0.59 | dt: 1720.00ms | tok/s: 304,818 | mfu: 34.80 | epoch: 1 | eta: 18.6m
step 01555/02205 (70.52%) [ns2_ftrl_eta0p2] | loss: 3.259544 | lrm: 0.59 | dt: 1717.90ms | tok/s: 305,190 | mfu: 34.84 | epoch: 1 | eta: 18.6m
step 01556/02205 (70.57%) [ns2_ftrl_eta0p2] | loss: 3.262398 | lrm: 0.59 | dt: 1718.72ms | tok/s: 305,046 | mfu: 34.82 | epoch: 1 | eta: 18.6m
step 01557/02205 (70.61%) [ns2_ftrl_eta0p2] | loss: 3.266512 | lrm: 0.59 | dt: 1726.10ms | tok/s: 303,740 | mfu: 34.67 | epoch: 1 | eta: 18.5m
step 01558/02205 (70.66%) [ns2_ftrl_eta0p2] | loss: 3.268350 | lrm: 0.59 | dt: 1720.12ms | tok/s: 304,798 | mfu: 34.79 | epoch: 1 | eta: 18.5m
step 01559/02205 (70.70%) [ns2_ftrl_eta0p2] | loss: 3.263605 | lrm: 0.59 | dt: 1725.22ms | tok/s: 303,895 | mfu: 34.69 | epoch: 1 | eta: 18.5m
step 01560/02205 (70.75%) [ns2_ftrl_eta0p2] | loss: 3.262809 | lrm: 0.59 | dt: 1721.96ms | tok/s: 304,472 | mfu: 34.76 | epoch: 1 | eta: 18.4m
step 01561/02205 (70.79%) [ns2_ftrl_eta0p2] | loss: 3.258084 | lrm: 0.58 | dt: 1717.63ms | tok/s: 305,239 | mfu: 34.84 | epoch: 1 | eta: 18.4m
step 01562/02205 (70.84%) [ns2_ftrl_eta0p2] | loss: 3.257910 | lrm: 0.58 | dt: 1719.45ms | tok/s: 304,916 | mfu: 34.81 | epoch: 1 | eta: 18.4m
step 01563/02205 (70.88%) [ns2_ftrl_eta0p2] | loss: 3.255849 | lrm: 0.58 | dt: 1723.41ms | tok/s: 304,215 | mfu: 34.73 | epoch: 1 | eta: 18.4m
step 01564/02205 (70.93%) [ns2_ftrl_eta0p2] | loss: 3.254435 | lrm: 0.58 | dt: 1719.47ms | tok/s: 304,912 | mfu: 34.81 | epoch: 1 | eta: 18.3m
step 01565/02205 (70.98%) [ns2_ftrl_eta0p2] | loss: 3.249776 | lrm: 0.58 | dt: 1711.84ms | tok/s: 306,271 | mfu: 34.96 | epoch: 1 | eta: 18.3m
step 01566/02205 (71.02%) [ns2_ftrl_eta0p2] | loss: 3.253139 | lrm: 0.58 | dt: 1718.18ms | tok/s: 305,142 | mfu: 34.83 | epoch: 1 | eta: 18.3m
step 01567/02205 (71.07%) [ns2_ftrl_eta0p2] | loss: 3.250787 | lrm: 0.58 | dt: 1721.91ms | tok/s: 304,481 | mfu: 34.76 | epoch: 1 | eta: 18.2m
step 01568/02205 (71.11%) [ns2_ftrl_eta0p2] | loss: 3.248184 | lrm: 0.58 | dt: 1719.13ms | tok/s: 304,972 | mfu: 34.81 | epoch: 1 | eta: 18.2m
step 01569/02205 (71.16%) [ns2_ftrl_eta0p2] | loss: 3.247305 | lrm: 0.58 | dt: 1720.65ms | tok/s: 304,702 | mfu: 34.78 | epoch: 1 | eta: 18.2m
step 01570/02205 (71.20%) [ns2_ftrl_eta0p2] | loss: 3.238325 | lrm: 0.58 | dt: 1722.95ms | tok/s: 304,295 | mfu: 34.74 | epoch: 1 | eta: 18.2m
step 01571/02205 (71.25%) [ns2_ftrl_eta0p2] | loss: 3.237897 | lrm: 0.58 | dt: 1719.85ms | tok/s: 304,845 | mfu: 34.80 | epoch: 1 | eta: 18.1m
step 01572/02205 (71.29%) [ns2_ftrl_eta0p2] | loss: 3.242811 | lrm: 0.57 | dt: 1719.12ms | tok/s: 304,975 | mfu: 34.81 | epoch: 1 | eta: 18.1m
step 01573/02205 (71.34%) [ns2_ftrl_eta0p2] | loss: 3.236997 | lrm: 0.57 | dt: 1718.03ms | tok/s: 305,168 | mfu: 34.84 | epoch: 1 | eta: 18.1m
step 01574/02205 (71.38%) [ns2_ftrl_eta0p2] | loss: 3.240411 | lrm: 0.57 | dt: 1720.75ms | tok/s: 304,685 | mfu: 34.78 | epoch: 1 | eta: 18.0m
step 01575/02205 (71.43%) [ns2_ftrl_eta0p2] | loss: 3.243890 | lrm: 0.57 | dt: 1722.94ms | tok/s: 304,299 | mfu: 34.74 | epoch: 1 | eta: 18.0m
step 01576/02205 (71.47%) [ns2_ftrl_eta0p2] | loss: 3.239316 | lrm: 0.57 | dt: 1717.45ms | tok/s: 305,270 | mfu: 34.85 | epoch: 1 | eta: 18.0m
step 01577/02205 (71.52%) [ns2_ftrl_eta0p2] | loss: 3.242923 | lrm: 0.57 | dt: 1725.56ms | tok/s: 303,836 | mfu: 34.68 | epoch: 1 | eta: 18.0m
step 01578/02205 (71.56%) [ns2_ftrl_eta0p2] | loss: 3.230901 | lrm: 0.57 | dt: 1719.47ms | tok/s: 304,912 | mfu: 34.81 | epoch: 1 | eta: 17.9m
step 01579/02205 (71.61%) [ns2_ftrl_eta0p2] | loss: 3.236431 | lrm: 0.57 | dt: 1719.83ms | tok/s: 304,848 | mfu: 34.80 | epoch: 1 | eta: 17.9m
step 01580/02205 (71.66%) [ns2_ftrl_eta0p2] | loss: 3.234172 | lrm: 0.57 | dt: 1718.48ms | tok/s: 305,088 | mfu: 34.83 | epoch: 1 | eta: 17.9m
step 01581/02205 (71.70%) [ns2_ftrl_eta0p2] | loss: 3.225991 | lrm: 0.57 | dt: 1715.06ms | tok/s: 305,696 | mfu: 34.90 | epoch: 1 | eta: 17.8m
step 01582/02205 (71.75%) [ns2_ftrl_eta0p2] | loss: 3.228089 | lrm: 0.57 | dt: 1719.40ms | tok/s: 304,924 | mfu: 34.81 | epoch: 1 | eta: 17.8m
step 01583/02205 (71.79%) [ns2_ftrl_eta0p2] | loss: 3.228928 | lrm: 0.56 | dt: 1719.26ms | tok/s: 304,949 | mfu: 34.81 | epoch: 1 | eta: 17.8m
step 01584/02205 (71.84%) [ns2_ftrl_eta0p2] | loss: 3.231059 | lrm: 0.56 | dt: 1718.36ms | tok/s: 305,109 | mfu: 34.83 | epoch: 1 | eta: 17.8m
step 01585/02205 (71.88%) [ns2_ftrl_eta0p2] | loss: 3.236526 | lrm: 0.56 | dt: 1720.63ms | tok/s: 304,706 | mfu: 34.78 | epoch: 1 | eta: 17.7m
step 01586/02205 (71.93%) [ns2_ftrl_eta0p2] | loss: 3.236347 | lrm: 0.56 | dt: 1722.04ms | tok/s: 304,456 | mfu: 34.75 | epoch: 1 | eta: 17.7m
step 01587/02205 (71.97%) [ns2_ftrl_eta0p2] | loss: 3.226398 | lrm: 0.56 | dt: 1716.83ms | tok/s: 305,381 | mfu: 34.86 | epoch: 1 | eta: 17.7m
step 01588/02205 (72.02%) [ns2_ftrl_eta0p2] | loss: 3.231525 | lrm: 0.56 | dt: 1725.79ms | tok/s: 303,796 | mfu: 34.68 | epoch: 1 | eta: 17.6m
step 01589/02205 (72.06%) [ns2_ftrl_eta0p2] | loss: 3.232937 | lrm: 0.56 | dt: 1721.24ms | tok/s: 304,598 | mfu: 34.77 | epoch: 1 | eta: 17.6m
step 01590/02205 (72.11%) [ns2_ftrl_eta0p2] | loss: 3.236148 | lrm: 0.56 | dt: 1718.14ms | tok/s: 305,148 | mfu: 34.83 | epoch: 1 | eta: 17.6m
step 01591/02205 (72.15%) [ns2_ftrl_eta0p2] | loss: 3.251915 | lrm: 0.56 | dt: 1725.29ms | tok/s: 303,884 | mfu: 34.69 | epoch: 1 | eta: 17.6m
step 01592/02205 (72.20%) [ns2_ftrl_eta0p2] | loss: 3.250787 | lrm: 0.56 | dt: 1721.80ms | tok/s: 304,499 | mfu: 34.76 | epoch: 1 | eta: 17.5m
step 01593/02205 (72.24%) [ns2_ftrl_eta0p2] | loss: 3.241635 | lrm: 0.56 | dt: 1724.62ms | tok/s: 304,002 | mfu: 34.70 | epoch: 1 | eta: 17.5m
step 01594/02205 (72.29%) [ns2_ftrl_eta0p2] | loss: 3.238973 | lrm: 0.55 | dt: 1721.39ms | tok/s: 304,572 | mfu: 34.77 | epoch: 1 | eta: 17.5m
step 01595/02205 (72.34%) [ns2_ftrl_eta0p2] | loss: 3.228022 | lrm: 0.55 | dt: 1721.85ms | tok/s: 304,490 | mfu: 34.76 | epoch: 1 | eta: 17.4m
step 01596/02205 (72.38%) [ns2_ftrl_eta0p2] | loss: 3.230624 | lrm: 0.55 | dt: 1724.24ms | tok/s: 304,069 | mfu: 34.71 | epoch: 1 | eta: 17.4m
step 01597/02205 (72.43%) [ns2_ftrl_eta0p2] | loss: 3.242149 | lrm: 0.55 | dt: 1721.89ms | tok/s: 304,484 | mfu: 34.76 | epoch: 1 | eta: 17.4m
step 01598/02205 (72.47%) [ns2_ftrl_eta0p2] | loss: 3.241450 | lrm: 0.55 | dt: 1728.18ms | tok/s: 303,376 | mfu: 34.63 | epoch: 1 | eta: 17.4m
step 01599/02205 (72.52%) [ns2_ftrl_eta0p2] | loss: 3.235436 | lrm: 0.55 | dt: 1720.01ms | tok/s: 304,816 | mfu: 34.80 | epoch: 1 | eta: 17.3m
step 01600/02205 (72.56%) [ns2_ftrl_eta0p2] | loss: 3.235909 | lrm: 0.55 | dt: 1725.18ms | tok/s: 303,903 | mfu: 34.69 | epoch: 1 | eta: 17.3m
step 01601/02205 (72.61%) [ns2_ftrl_eta0p2] | loss: 3.231806 | lrm: 0.55 | dt: 1717.99ms | tok/s: 305,174 | mfu: 34.84 | epoch: 1 | eta: 17.3m
step 01602/02205 (72.65%) [ns2_ftrl_eta0p2] | loss: 3.236709 | lrm: 0.55 | dt: 1722.76ms | tok/s: 304,329 | mfu: 34.74 | epoch: 1 | eta: 17.2m
step 01603/02205 (72.70%) [ns2_ftrl_eta0p2] | loss: 3.237192 | lrm: 0.55 | dt: 1720.86ms | tok/s: 304,666 | mfu: 34.78 | epoch: 1 | eta: 17.2m
step 01604/02205 (72.74%) [ns2_ftrl_eta0p2] | loss: 3.244117 | lrm: 0.55 | dt: 1718.29ms | tok/s: 305,121 | mfu: 34.83 | epoch: 1 | eta: 17.2m
step 01605/02205 (72.79%) [ns2_ftrl_eta0p2] | loss: 3.245657 | lrm: 0.54 | dt: 1722.50ms | tok/s: 304,375 | mfu: 34.74 | epoch: 1 | eta: 17.2m
step 01606/02205 (72.83%) [ns2_ftrl_eta0p2] | loss: 3.247403 | lrm: 0.54 | dt: 1720.88ms | tok/s: 304,662 | mfu: 34.78 | epoch: 1 | eta: 17.1m
step 01607/02205 (72.88%) [ns2_ftrl_eta0p2] | loss: 3.242510 | lrm: 0.54 | dt: 1719.24ms | tok/s: 304,952 | mfu: 34.81 | epoch: 1 | eta: 17.1m
step 01608/02205 (72.93%) [ns2_ftrl_eta0p2] | loss: 3.242434 | lrm: 0.54 | dt: 1717.53ms | tok/s: 305,256 | mfu: 34.85 | epoch: 1 | eta: 17.1m
step 01609/02205 (72.97%) [ns2_ftrl_eta0p2] | loss: 3.244059 | lrm: 0.54 | dt: 1720.76ms | tok/s: 304,683 | mfu: 34.78 | epoch: 1 | eta: 17.0m
step 01610/02205 (73.02%) [ns2_ftrl_eta0p2] | loss: 3.230829 | lrm: 0.54 | dt: 1722.52ms | tok/s: 304,372 | mfu: 34.74 | epoch: 1 | eta: 17.0m
step 01611/02205 (73.06%) [ns2_ftrl_eta0p2] | loss: 3.237899 | lrm: 0.54 | dt: 1716.45ms | tok/s: 305,449 | mfu: 34.87 | epoch: 1 | eta: 17.0m
step 01612/02205 (73.11%) [ns2_ftrl_eta0p2] | loss: 3.236807 | lrm: 0.54 | dt: 1723.62ms | tok/s: 304,179 | mfu: 34.72 | epoch: 1 | eta: 17.0m
step 01613/02205 (73.15%) [ns2_ftrl_eta0p2] | loss: 3.227067 | lrm: 0.54 | dt: 1722.67ms | tok/s: 304,346 | mfu: 34.74 | epoch: 1 | eta: 16.9m
step 01614/02205 (73.20%) [ns2_ftrl_eta0p2] | loss: 3.231515 | lrm: 0.54 | dt: 1715.79ms | tok/s: 305,566 | mfu: 34.88 | epoch: 1 | eta: 16.9m
step 01615/02205 (73.24%) [ns2_ftrl_eta0p2] | loss: 3.236980 | lrm: 0.54 | dt: 1724.39ms | tok/s: 304,042 | mfu: 34.71 | epoch: 1 | eta: 16.9m
step 01616/02205 (73.29%) [ns2_ftrl_eta0p2] | loss: 3.245456 | lrm: 0.53 | dt: 1721.19ms | tok/s: 304,608 | mfu: 34.77 | epoch: 1 | eta: 16.8m
step 01617/02205 (73.33%) [ns2_ftrl_eta0p2] | loss: 3.250107 | lrm: 0.53 | dt: 1725.12ms | tok/s: 303,914 | mfu: 34.69 | epoch: 1 | eta: 16.8m
step 01618/02205 (73.38%) [ns2_ftrl_eta0p2] | loss: 3.243971 | lrm: 0.53 | dt: 1718.77ms | tok/s: 305,036 | mfu: 34.82 | epoch: 1 | eta: 16.8m
step 01619/02205 (73.42%) [ns2_ftrl_eta0p2] | loss: 3.235084 | lrm: 0.53 | dt: 1721.48ms | tok/s: 304,556 | mfu: 34.77 | epoch: 1 | eta: 16.8m
step 01620/02205 (73.47%) [ns2_ftrl_eta0p2] | loss: 3.233134 | lrm: 0.53 | dt: 1718.39ms | tok/s: 305,104 | mfu: 34.83 | epoch: 1 | eta: 16.7m
step 01621/02205 (73.51%) [ns2_ftrl_eta0p2] | loss: 3.231099 | lrm: 0.53 | dt: 1720.22ms | tok/s: 304,780 | mfu: 34.79 | epoch: 1 | eta: 16.7m
step 01622/02205 (73.56%) [ns2_ftrl_eta0p2] | loss: 3.231127 | lrm: 0.53 | dt: 1717.66ms | tok/s: 305,234 | mfu: 34.84 | epoch: 1 | eta: 16.7m
step 01623/02205 (73.61%) [ns2_ftrl_eta0p2] | loss: 3.234124 | lrm: 0.53 | dt: 1722.12ms | tok/s: 304,443 | mfu: 34.75 | epoch: 1 | eta: 16.6m
step 01624/02205 (73.65%) [ns2_ftrl_eta0p2] | loss: 3.239120 | lrm: 0.53 | dt: 1720.15ms | tok/s: 304,792 | mfu: 34.79 | epoch: 1 | eta: 16.6m
step 01625/02205 (73.70%) [ns2_ftrl_eta0p2] | loss: 3.245131 | lrm: 0.53 | dt: 1720.53ms | tok/s: 304,724 | mfu: 34.78 | epoch: 1 | eta: 16.6m
step 01626/02205 (73.74%) [ns2_ftrl_eta0p2] | loss: 3.236889 | lrm: 0.53 | dt: 1718.70ms | tok/s: 305,048 | mfu: 34.82 | epoch: 1 | eta: 16.6m
step 01627/02205 (73.79%) [ns2_ftrl_eta0p2] | loss: 3.242259 | lrm: 0.52 | dt: 1721.08ms | tok/s: 304,627 | mfu: 34.77 | epoch: 1 | eta: 16.5m
step 01628/02205 (73.83%) [ns2_ftrl_eta0p2] | loss: 3.244891 | lrm: 0.52 | dt: 1721.25ms | tok/s: 304,596 | mfu: 34.77 | epoch: 1 | eta: 16.5m
step 01629/02205 (73.88%) [ns2_ftrl_eta0p2] | loss: 3.241488 | lrm: 0.52 | dt: 1714.78ms | tok/s: 305,747 | mfu: 34.90 | epoch: 1 | eta: 16.5m
step 01630/02205 (73.92%) [ns2_ftrl_eta0p2] | loss: 3.241670 | lrm: 0.52 | dt: 1720.95ms | tok/s: 304,650 | mfu: 34.78 | epoch: 1 | eta: 16.4m
step 01631/02205 (73.97%) [ns2_ftrl_eta0p2] | loss: 3.242079 | lrm: 0.52 | dt: 1718.73ms | tok/s: 305,043 | mfu: 34.82 | epoch: 1 | eta: 16.4m
step 01632/02205 (74.01%) [ns2_ftrl_eta0p2] | loss: 3.226934 | lrm: 0.52 | dt: 1719.91ms | tok/s: 304,835 | mfu: 34.80 | epoch: 1 | eta: 16.4m
step 01633/02205 (74.06%) [ns2_ftrl_eta0p2] | loss: 3.224155 | lrm: 0.52 | dt: 1724.86ms | tok/s: 303,960 | mfu: 34.70 | epoch: 1 | eta: 16.4m
step 01634/02205 (74.10%) [ns2_ftrl_eta0p2] | loss: 3.225051 | lrm: 0.52 | dt: 1719.65ms | tok/s: 304,880 | mfu: 34.80 | epoch: 1 | eta: 16.3m
step 01635/02205 (74.15%) [ns2_ftrl_eta0p2] | loss: 3.217282 | lrm: 0.52 | dt: 1719.20ms | tok/s: 304,960 | mfu: 34.81 | epoch: 1 | eta: 16.3m
step 01636/02205 (74.20%) [ns2_ftrl_eta0p2] | loss: 3.214345 | lrm: 0.52 | dt: 1719.88ms | tok/s: 304,840 | mfu: 34.80 | epoch: 1 | eta: 16.3m
step 01637/02205 (74.24%) [ns2_ftrl_eta0p2] | loss: 3.220008 | lrm: 0.52 | dt: 1718.08ms | tok/s: 305,158 | mfu: 34.83 | epoch: 1 | eta: 16.2m
step 01638/02205 (74.29%) [ns2_ftrl_eta0p2] | loss: 3.222932 | lrm: 0.51 | dt: 1721.32ms | tok/s: 304,584 | mfu: 34.77 | epoch: 1 | eta: 16.2m
step 01639/02205 (74.33%) [ns2_ftrl_eta0p2] | loss: 3.228778 | lrm: 0.51 | dt: 1717.50ms | tok/s: 305,261 | mfu: 34.85 | epoch: 1 | eta: 16.2m
step 01640/02205 (74.38%) [ns2_ftrl_eta0p2] | loss: 3.220511 | lrm: 0.51 | dt: 1725.45ms | tok/s: 303,856 | mfu: 34.69 | epoch: 1 | eta: 16.2m
step 01641/02205 (74.42%) [ns2_ftrl_eta0p2] | loss: 3.223509 | lrm: 0.51 | dt: 1722.82ms | tok/s: 304,319 | mfu: 34.74 | epoch: 1 | eta: 16.1m
step 01642/02205 (74.47%) [ns2_ftrl_eta0p2] | loss: 3.223840 | lrm: 0.51 | dt: 1720.15ms | tok/s: 304,792 | mfu: 34.79 | epoch: 1 | eta: 16.1m
step 01643/02205 (74.51%) [ns2_ftrl_eta0p2] | loss: 3.229184 | lrm: 0.51 | dt: 1719.86ms | tok/s: 304,843 | mfu: 34.80 | epoch: 1 | eta: 16.1m
step 01644/02205 (74.56%) [ns2_ftrl_eta0p2] | loss: 3.238860 | lrm: 0.51 | dt: 1718.23ms | tok/s: 305,133 | mfu: 34.83 | epoch: 1 | eta: 16.0m
step 01645/02205 (74.60%) [ns2_ftrl_eta0p2] | loss: 3.235900 | lrm: 0.51 | dt: 1726.62ms | tok/s: 303,650 | mfu: 34.66 | epoch: 1 | eta: 16.0m
step 01646/02205 (74.65%) [ns2_ftrl_eta0p2] | loss: 3.240407 | lrm: 0.51 | dt: 1717.06ms | tok/s: 305,340 | mfu: 34.86 | epoch: 1 | eta: 16.0m
step 01647/02205 (74.69%) [ns2_ftrl_eta0p2] | loss: 3.225925 | lrm: 0.51 | dt: 1726.10ms | tok/s: 303,741 | mfu: 34.67 | epoch: 1 | eta: 16.0m
step 01648/02205 (74.74%) [ns2_ftrl_eta0p2] | loss: 3.222882 | lrm: 0.51 | dt: 1724.01ms | tok/s: 304,109 | mfu: 34.71 | epoch: 1 | eta: 15.9m
step 01649/02205 (74.78%) [ns2_ftrl_eta0p2] | loss: 3.212827 | lrm: 0.50 | dt: 1717.16ms | tok/s: 305,322 | mfu: 34.85 | epoch: 1 | eta: 15.9m
step 01650/02205 (74.83%) [ns2_ftrl_eta0p2] | loss: 3.212838 | lrm: 0.50 | dt: 1715.17ms | tok/s: 305,676 | mfu: 34.89 | epoch: 1 | eta: 15.9m
step 01651/02205 (74.88%) [ns2_ftrl_eta0p2] | loss: 3.206055 | lrm: 0.50 | dt: 1719.85ms | tok/s: 304,845 | mfu: 34.80 | epoch: 1 | eta: 15.8m
step 01652/02205 (74.92%) [ns2_ftrl_eta0p2] | loss: 3.196166 | lrm: 0.50 | dt: 1727.06ms | tok/s: 303,572 | mfu: 34.65 | epoch: 1 | eta: 15.8m
step 01653/02205 (74.97%) [ns2_ftrl_eta0p2] | loss: 3.195716 | lrm: 0.50 | dt: 1720.97ms | tok/s: 304,647 | mfu: 34.78 | epoch: 1 | eta: 15.8m
step 01654/02205 (75.01%) [ns2_ftrl_eta0p2] | loss: 3.196786 | lrm: 0.50 | dt: 1724.28ms | tok/s: 304,062 | mfu: 34.71 | epoch: 1 | eta: 15.8m
step 01655/02205 (75.06%) [ns2_ftrl_eta0p2] | loss: 3.186069 | lrm: 0.50 | dt: 1724.39ms | tok/s: 304,042 | mfu: 34.71 | epoch: 1 | eta: 15.7m
step 01656/02205 (75.10%) [ns2_ftrl_eta0p2] | loss: 3.191726 | lrm: 0.50 | dt: 1719.88ms | tok/s: 304,840 | mfu: 34.80 | epoch: 1 | eta: 15.7m
step 01657/02205 (75.15%) [ns2_ftrl_eta0p2] | loss: 3.199405 | lrm: 0.50 | dt: 1718.35ms | tok/s: 305,110 | mfu: 34.83 | epoch: 1 | eta: 15.7m
step 01658/02205 (75.19%) [ns2_ftrl_eta0p2] | loss: 3.196380 | lrm: 0.50 | dt: 1721.45ms | tok/s: 304,562 | mfu: 34.77 | epoch: 1 | eta: 15.6m
step 01659/02205 (75.24%) [ns2_ftrl_eta0p2] | loss: 3.199940 | lrm: 0.50 | dt: 1723.96ms | tok/s: 304,118 | mfu: 34.72 | epoch: 1 | eta: 15.6m
step 01660/02205 (75.28%) [ns2_ftrl_eta0p2] | loss: 3.194228 | lrm: 0.49 | dt: 1718.37ms | tok/s: 305,108 | mfu: 34.83 | epoch: 1 | eta: 15.6m
step 01661/02205 (75.33%) [ns2_ftrl_eta0p2] | loss: 3.203218 | lrm: 0.49 | dt: 1719.58ms | tok/s: 304,892 | mfu: 34.80 | epoch: 1 | eta: 15.6m
step 01662/02205 (75.37%) [ns2_ftrl_eta0p2] | loss: 3.202780 | lrm: 0.49 | dt: 1726.30ms | tok/s: 303,707 | mfu: 34.67 | epoch: 1 | eta: 15.5m
step 01663/02205 (75.42%) [ns2_ftrl_eta0p2] | loss: 3.202453 | lrm: 0.49 | dt: 1721.68ms | tok/s: 304,520 | mfu: 34.76 | epoch: 1 | eta: 15.5m
step 01664/02205 (75.46%) [ns2_ftrl_eta0p2] | loss: 3.209077 | lrm: 0.49 | dt: 1729.20ms | tok/s: 303,196 | mfu: 34.61 | epoch: 1 | eta: 15.5m
step 01665/02205 (75.51%) [ns2_ftrl_eta0p2] | loss: 3.220949 | lrm: 0.49 | dt: 1721.36ms | tok/s: 304,577 | mfu: 34.77 | epoch: 1 | eta: 15.4m
step 01666/02205 (75.56%) [ns2_ftrl_eta0p2] | loss: 3.227331 | lrm: 0.49 | dt: 1721.49ms | tok/s: 304,554 | mfu: 34.77 | epoch: 1 | eta: 15.4m
step 01667/02205 (75.60%) [ns2_ftrl_eta0p2] | loss: 3.221215 | lrm: 0.49 | dt: 1717.93ms | tok/s: 305,186 | mfu: 34.84 | epoch: 1 | eta: 15.4m
step 01668/02205 (75.65%) [ns2_ftrl_eta0p2] | loss: 3.222792 | lrm: 0.49 | dt: 1723.73ms | tok/s: 304,159 | mfu: 34.72 | epoch: 1 | eta: 15.4m
step 01669/02205 (75.69%) [ns2_ftrl_eta0p2] | loss: 3.226512 | lrm: 0.49 | dt: 1720.26ms | tok/s: 304,773 | mfu: 34.79 | epoch: 1 | eta: 15.3m
step 01670/02205 (75.74%) [ns2_ftrl_eta0p2] | loss: 3.225287 | lrm: 0.49 | dt: 1717.67ms | tok/s: 305,232 | mfu: 34.84 | epoch: 1 | eta: 15.3m
step 01671/02205 (75.78%) [ns2_ftrl_eta0p2] | loss: 3.215057 | lrm: 0.48 | dt: 1726.64ms | tok/s: 303,646 | mfu: 34.66 | epoch: 1 | eta: 15.3m
step 01672/02205 (75.83%) [ns2_ftrl_eta0p2] | loss: 3.212989 | lrm: 0.48 | dt: 1724.03ms | tok/s: 304,105 | mfu: 34.71 | epoch: 1 | eta: 15.2m
step 01673/02205 (75.87%) [ns2_ftrl_eta0p2] | loss: 3.221366 | lrm: 0.48 | dt: 1717.62ms | tok/s: 305,241 | mfu: 34.84 | epoch: 1 | eta: 15.2m
step 01674/02205 (75.92%) [ns2_ftrl_eta0p2] | loss: 3.210668 | lrm: 0.48 | dt: 1715.72ms | tok/s: 305,579 | mfu: 34.88 | epoch: 1 | eta: 15.2m
step 01675/02205 (75.96%) [ns2_ftrl_eta0p2] | loss: 3.193058 | lrm: 0.48 | dt: 1723.34ms | tok/s: 304,228 | mfu: 34.73 | epoch: 1 | eta: 15.2m
step 01676/02205 (76.01%) [ns2_ftrl_eta0p2] | loss: 3.196496 | lrm: 0.48 | dt: 1721.10ms | tok/s: 304,624 | mfu: 34.77 | epoch: 1 | eta: 15.1m
step 01677/02205 (76.05%) [ns2_ftrl_eta0p2] | loss: 3.202204 | lrm: 0.48 | dt: 1717.40ms | tok/s: 305,279 | mfu: 34.85 | epoch: 1 | eta: 15.1m
step 01678/02205 (76.10%) [ns2_ftrl_eta0p2] | loss: 3.208433 | lrm: 0.48 | dt: 1727.06ms | tok/s: 303,572 | mfu: 34.65 | epoch: 1 | eta: 15.1m
step 01679/02205 (76.15%) [ns2_ftrl_eta0p2] | loss: 3.206985 | lrm: 0.48 | dt: 1721.83ms | tok/s: 304,495 | mfu: 34.76 | epoch: 1 | eta: 15.0m
step 01680/02205 (76.19%) [ns2_ftrl_eta0p2] | loss: 3.210227 | lrm: 0.48 | dt: 1718.03ms | tok/s: 305,167 | mfu: 34.84 | epoch: 1 | eta: 15.0m
step 01681/02205 (76.24%) [ns2_ftrl_eta0p2] | loss: 3.207327 | lrm: 0.48 | dt: 1719.36ms | tok/s: 304,932 | mfu: 34.81 | epoch: 1 | eta: 15.0m
step 01682/02205 (76.28%) [ns2_ftrl_eta0p2] | loss: 3.211004 | lrm: 0.47 | dt: 1723.22ms | tok/s: 304,249 | mfu: 34.73 | epoch: 1 | eta: 15.0m
step 01683/02205 (76.33%) [ns2_ftrl_eta0p2] | loss: 3.212519 | lrm: 0.47 | dt: 1721.47ms | tok/s: 304,558 | mfu: 34.77 | epoch: 1 | eta: 14.9m
step 01684/02205 (76.37%) [ns2_ftrl_eta0p2] | loss: 3.212837 | lrm: 0.47 | dt: 1719.34ms | tok/s: 304,935 | mfu: 34.81 | epoch: 1 | eta: 14.9m
step 01685/02205 (76.42%) [ns2_ftrl_eta0p2] | loss: 3.215405 | lrm: 0.47 | dt: 1721.86ms | tok/s: 304,488 | mfu: 34.76 | epoch: 1 | eta: 14.9m
step 01686/02205 (76.46%) [ns2_ftrl_eta0p2] | loss: 3.209820 | lrm: 0.47 | dt: 1720.98ms | tok/s: 304,645 | mfu: 34.78 | epoch: 1 | eta: 14.8m
step 01687/02205 (76.51%) [ns2_ftrl_eta0p2] | loss: 3.207961 | lrm: 0.47 | dt: 1720.50ms | tok/s: 304,730 | mfu: 34.79 | epoch: 1 | eta: 14.8m
step 01688/02205 (76.55%) [ns2_ftrl_eta0p2] | loss: 3.215601 | lrm: 0.47 | dt: 1717.54ms | tok/s: 305,256 | mfu: 34.85 | epoch: 1 | eta: 14.8m
step 01689/02205 (76.60%) [ns2_ftrl_eta0p2] | loss: 3.216517 | lrm: 0.47 | dt: 1726.54ms | tok/s: 303,663 | mfu: 34.66 | epoch: 1 | eta: 14.8m
step 01690/02205 (76.64%) [ns2_ftrl_eta0p2] | loss: 3.207461 | lrm: 0.47 | dt: 1720.65ms | tok/s: 304,703 | mfu: 34.78 | epoch: 1 | eta: 14.7m
step 01691/02205 (76.69%) [ns2_ftrl_eta0p2] | loss: 3.212320 | lrm: 0.47 | dt: 1722.52ms | tok/s: 304,372 | mfu: 34.74 | epoch: 1 | eta: 14.7m
step 01692/02205 (76.73%) [ns2_ftrl_eta0p2] | loss: 3.207269 | lrm: 0.47 | dt: 1725.21ms | tok/s: 303,897 | mfu: 34.69 | epoch: 1 | eta: 14.7m
step 01693/02205 (76.78%) [ns2_ftrl_eta0p2] | loss: 3.203289 | lrm: 0.46 | dt: 1725.68ms | tok/s: 303,815 | mfu: 34.68 | epoch: 1 | eta: 14.6m
step 01694/02205 (76.83%) [ns2_ftrl_eta0p2] | loss: 3.201402 | lrm: 0.46 | dt: 1720.94ms | tok/s: 304,651 | mfu: 34.78 | epoch: 1 | eta: 14.6m
step 01695/02205 (76.87%) [ns2_ftrl_eta0p2] | loss: 3.196999 | lrm: 0.46 | dt: 1729.72ms | tok/s: 303,105 | mfu: 34.60 | epoch: 1 | eta: 14.6m
step 01696/02205 (76.92%) [ns2_ftrl_eta0p2] | loss: 3.199798 | lrm: 0.46 | dt: 1730.79ms | tok/s: 302,917 | mfu: 34.58 | epoch: 1 | eta: 14.6m
step 01697/02205 (76.96%) [ns2_ftrl_eta0p2] | loss: 3.195091 | lrm: 0.46 | dt: 1722.18ms | tok/s: 304,432 | mfu: 34.75 | epoch: 1 | eta: 14.5m
step 01698/02205 (77.01%) [ns2_ftrl_eta0p2] | loss: 3.199898 | lrm: 0.46 | dt: 1726.12ms | tok/s: 303,737 | mfu: 34.67 | epoch: 1 | eta: 14.5m
step 01699/02205 (77.05%) [ns2_ftrl_eta0p2] | loss: 3.203444 | lrm: 0.46 | dt: 1726.15ms | tok/s: 303,731 | mfu: 34.67 | epoch: 1 | eta: 14.5m
step 01700/02205 (77.10%) [ns2_ftrl_eta0p2] | loss: 3.196982 | lrm: 0.46 | dt: 1721.89ms | tok/s: 304,484 | mfu: 34.76 | epoch: 1 | eta: 14.4m
step 01701/02205 (77.14%) [ns2_ftrl_eta0p2] | loss: 3.196954 | lrm: 0.46 | dt: 1723.64ms | tok/s: 304,175 | mfu: 34.72 | epoch: 1 | eta: 14.4m
step 01702/02205 (77.19%) [ns2_ftrl_eta0p2] | loss: 3.199631 | lrm: 0.46 | dt: 1725.55ms | tok/s: 303,838 | mfu: 34.68 | epoch: 1 | eta: 14.4m
step 01703/02205 (77.23%) [ns2_ftrl_eta0p2] | loss: 3.209078 | lrm: 0.46 | dt: 1719.19ms | tok/s: 304,962 | mfu: 34.81 | epoch: 1 | eta: 14.4m
step 01704/02205 (77.28%) [ns2_ftrl_eta0p2] | loss: 3.215470 | lrm: 0.45 | dt: 1728.54ms | tok/s: 303,313 | mfu: 34.62 | epoch: 1 | eta: 14.3m
step 01705/02205 (77.32%) [ns2_ftrl_eta0p2] | loss: 3.221549 | lrm: 0.45 | dt: 1721.66ms | tok/s: 304,524 | mfu: 34.76 | epoch: 1 | eta: 14.3m
step 01706/02205 (77.37%) [ns2_ftrl_eta0p2] | loss: 3.216240 | lrm: 0.45 | dt: 1719.65ms | tok/s: 304,879 | mfu: 34.80 | epoch: 1 | eta: 14.3m
step 01707/02205 (77.41%) [ns2_ftrl_eta0p2] | loss: 3.202970 | lrm: 0.45 | dt: 1721.96ms | tok/s: 304,471 | mfu: 34.76 | epoch: 1 | eta: 14.2m
step 01708/02205 (77.46%) [ns2_ftrl_eta0p2] | loss: 3.210772 | lrm: 0.45 | dt: 1720.94ms | tok/s: 304,651 | mfu: 34.78 | epoch: 1 | eta: 14.2m
step 01709/02205 (77.51%) [ns2_ftrl_eta0p2] | loss: 3.210421 | lrm: 0.45 | dt: 1722.31ms | tok/s: 304,409 | mfu: 34.75 | epoch: 1 | eta: 14.2m
step 01710/02205 (77.55%) [ns2_ftrl_eta0p2] | loss: 3.208354 | lrm: 0.45 | dt: 1721.27ms | tok/s: 304,593 | mfu: 34.77 | epoch: 1 | eta: 14.2m
step 01711/02205 (77.60%) [ns2_ftrl_eta0p2] | loss: 3.202540 | lrm: 0.45 | dt: 1717.10ms | tok/s: 305,334 | mfu: 34.85 | epoch: 1 | eta: 14.1m
step 01712/02205 (77.64%) [ns2_ftrl_eta0p2] | loss: 3.205599 | lrm: 0.45 | dt: 1723.42ms | tok/s: 304,213 | mfu: 34.73 | epoch: 1 | eta: 14.1m
step 01713/02205 (77.69%) [ns2_ftrl_eta0p2] | loss: 3.203361 | lrm: 0.45 | dt: 1725.60ms | tok/s: 303,828 | mfu: 34.68 | epoch: 1 | eta: 14.1m
step 01714/02205 (77.73%) [ns2_ftrl_eta0p2] | loss: 3.208925 | lrm: 0.45 | dt: 1721.00ms | tok/s: 304,641 | mfu: 34.78 | epoch: 1 | eta: 14.0m
step 01715/02205 (77.78%) [ns2_ftrl_eta0p2] | loss: 3.206698 | lrm: 0.44 | dt: 1725.12ms | tok/s: 303,914 | mfu: 34.69 | epoch: 1 | eta: 14.0m
step 01716/02205 (77.82%) [ns2_ftrl_eta0p2] | loss: 3.214809 | lrm: 0.44 | dt: 1726.73ms | tok/s: 303,631 | mfu: 34.66 | epoch: 1 | eta: 14.0m
step 01717/02205 (77.87%) [ns2_ftrl_eta0p2] | loss: 3.217516 | lrm: 0.44 | dt: 1726.98ms | tok/s: 303,587 | mfu: 34.65 | epoch: 1 | eta: 14.0m
step 01718/02205 (77.91%) [ns2_ftrl_eta0p2] | loss: 3.218207 | lrm: 0.44 | dt: 1722.76ms | tok/s: 304,331 | mfu: 34.74 | epoch: 1 | eta: 13.9m
step 01719/02205 (77.96%) [ns2_ftrl_eta0p2] | loss: 3.214047 | lrm: 0.44 | dt: 1725.48ms | tok/s: 303,851 | mfu: 34.68 | epoch: 1 | eta: 13.9m
step 01720/02205 (78.00%) [ns2_ftrl_eta0p2] | loss: 3.207788 | lrm: 0.44 | dt: 1728.04ms | tok/s: 303,401 | mfu: 34.63 | epoch: 1 | eta: 13.9m
step 01721/02205 (78.05%) [ns2_ftrl_eta0p2] | loss: 3.221372 | lrm: 0.44 | dt: 1722.95ms | tok/s: 304,297 | mfu: 34.74 | epoch: 1 | eta: 13.8m
step 01722/02205 (78.10%) [ns2_ftrl_eta0p2] | loss: 3.214802 | lrm: 0.44 | dt: 1726.96ms | tok/s: 303,589 | mfu: 34.66 | epoch: 1 | eta: 13.8m
step 01723/02205 (78.14%) [ns2_ftrl_eta0p2] | loss: 3.216026 | lrm: 0.44 | dt: 1730.55ms | tok/s: 302,959 | mfu: 34.58 | epoch: 1 | eta: 13.8m
step 01724/02205 (78.19%) [ns2_ftrl_eta0p2] | loss: 3.212018 | lrm: 0.44 | dt: 1721.40ms | tok/s: 304,570 | mfu: 34.77 | epoch: 1 | eta: 13.8m
step 01725/02205 (78.23%) [ns2_ftrl_eta0p2] | loss: 3.206937 | lrm: 0.44 | dt: 1724.87ms | tok/s: 303,957 | mfu: 34.70 | epoch: 1 | eta: 13.7m
step 01726/02205 (78.28%) [ns2_ftrl_eta0p2] | loss: 3.208672 | lrm: 0.43 | dt: 1727.63ms | tok/s: 303,472 | mfu: 34.64 | epoch: 1 | eta: 13.7m
step 01727/02205 (78.32%) [ns2_ftrl_eta0p2] | loss: 3.208560 | lrm: 0.43 | dt: 1725.61ms | tok/s: 303,828 | mfu: 34.68 | epoch: 1 | eta: 13.7m
step 01728/02205 (78.37%) [ns2_ftrl_eta0p2] | loss: 3.209407 | lrm: 0.43 | dt: 1726.99ms | tok/s: 303,584 | mfu: 34.65 | epoch: 1 | eta: 13.6m
step 01729/02205 (78.41%) [ns2_ftrl_eta0p2] | loss: 3.226189 | lrm: 0.43 | dt: 1729.87ms | tok/s: 303,079 | mfu: 34.60 | epoch: 1 | eta: 13.6m
step 01730/02205 (78.46%) [ns2_ftrl_eta0p2] | loss: 3.232025 | lrm: 0.43 | dt: 1728.66ms | tok/s: 303,290 | mfu: 34.62 | epoch: 1 | eta: 13.6m
step 01731/02205 (78.50%) [ns2_ftrl_eta0p2] | loss: 3.225047 | lrm: 0.43 | dt: 1722.85ms | tok/s: 304,314 | mfu: 34.74 | epoch: 1 | eta: 13.6m
step 01732/02205 (78.55%) [ns2_ftrl_eta0p2] | loss: 3.217997 | lrm: 0.43 | dt: 1732.23ms | tok/s: 302,667 | mfu: 34.55 | epoch: 1 | eta: 13.5m
step 01733/02205 (78.59%) [ns2_ftrl_eta0p2] | loss: 3.217958 | lrm: 0.43 | dt: 1729.33ms | tok/s: 303,173 | mfu: 34.61 | epoch: 1 | eta: 13.5m
step 01734/02205 (78.64%) [ns2_ftrl_eta0p2] | loss: 3.221832 | lrm: 0.43 | dt: 1717.29ms | tok/s: 305,300 | mfu: 34.85 | epoch: 1 | eta: 13.5m
step 01735/02205 (78.68%) [ns2_ftrl_eta0p2] | loss: 3.222264 | lrm: 0.43 | dt: 1726.05ms | tok/s: 303,750 | mfu: 34.67 | epoch: 1 | eta: 13.4m
step 01736/02205 (78.73%) [ns2_ftrl_eta0p2] | loss: 3.220545 | lrm: 0.43 | dt: 1727.87ms | tok/s: 303,430 | mfu: 34.64 | epoch: 1 | eta: 13.4m
step 01737/02205 (78.78%) [ns2_ftrl_eta0p2] | loss: 3.221074 | lrm: 0.42 | dt: 1715.95ms | tok/s: 305,538 | mfu: 34.88 | epoch: 1 | eta: 13.4m
step 01738/02205 (78.82%) [ns2_ftrl_eta0p2] | loss: 3.216106 | lrm: 0.42 | dt: 1725.02ms | tok/s: 303,931 | mfu: 34.69 | epoch: 1 | eta: 13.4m
step 01739/02205 (78.87%) [ns2_ftrl_eta0p2] | loss: 3.218642 | lrm: 0.42 | dt: 1722.38ms | tok/s: 304,398 | mfu: 34.75 | epoch: 1 | eta: 13.3m
step 01740/02205 (78.91%) [ns2_ftrl_eta0p2] | loss: 3.213122 | lrm: 0.42 | dt: 1724.52ms | tok/s: 304,019 | mfu: 34.70 | epoch: 1 | eta: 13.3m
step 01741/02205 (78.96%) [ns2_ftrl_eta0p2] | loss: 3.215664 | lrm: 0.42 | dt: 1718.46ms | tok/s: 305,091 | mfu: 34.83 | epoch: 1 | eta: 13.3m
step 01742/02205 (79.00%) [ns2_ftrl_eta0p2] | loss: 3.205468 | lrm: 0.42 | dt: 1726.35ms | tok/s: 303,697 | mfu: 34.67 | epoch: 1 | eta: 13.2m
step 01743/02205 (79.05%) [ns2_ftrl_eta0p2] | loss: 3.195440 | lrm: 0.42 | dt: 1719.35ms | tok/s: 304,934 | mfu: 34.81 | epoch: 1 | eta: 13.2m
step 01744/02205 (79.09%) [ns2_ftrl_eta0p2] | loss: 3.190305 | lrm: 0.42 | dt: 1724.05ms | tok/s: 304,103 | mfu: 34.71 | epoch: 1 | eta: 13.2m
step 01745/02205 (79.14%) [ns2_ftrl_eta0p2] | loss: 3.176743 | lrm: 0.42 | dt: 1724.91ms | tok/s: 303,951 | mfu: 34.70 | epoch: 1 | eta: 13.2m
step 01746/02205 (79.18%) [ns2_ftrl_eta0p2] | loss: 3.178277 | lrm: 0.42 | dt: 1719.29ms | tok/s: 304,943 | mfu: 34.81 | epoch: 1 | eta: 13.1m
step 01747/02205 (79.23%) [ns2_ftrl_eta0p2] | loss: 3.194140 | lrm: 0.42 | dt: 1731.28ms | tok/s: 302,832 | mfu: 34.57 | epoch: 1 | eta: 13.1m
step 01748/02205 (79.27%) [ns2_ftrl_eta0p2] | loss: 3.187911 | lrm: 0.41 | dt: 1721.29ms | tok/s: 304,590 | mfu: 34.77 | epoch: 1 | eta: 13.1m
step 01749/02205 (79.32%) [ns2_ftrl_eta0p2] | loss: 3.176399 | lrm: 0.41 | dt: 1725.41ms | tok/s: 303,863 | mfu: 34.69 | epoch: 1 | eta: 13.0m
Step 01750 | val bpb: 0.938299
step 01750/02205 (79.37%) [ns2_ftrl_eta0p2] | loss: 3.182109 | lrm: 0.41 | dt: 1712.26ms | tok/s: 306,196 | mfu: 34.95 | epoch: 1 | eta: 13.0m
step 01751/02205 (79.41%) [ns2_ftrl_eta0p2] | loss: 3.186745 | lrm: 0.41 | dt: 1711.70ms | tok/s: 306,295 | mfu: 34.96 | epoch: 1 | eta: 13.0m
step 01752/02205 (79.46%) [ns2_ftrl_eta0p2] | loss: 3.181346 | lrm: 0.41 | dt: 1713.82ms | tok/s: 305,917 | mfu: 34.92 | epoch: 1 | eta: 13.0m
step 01753/02205 (79.50%) [ns2_ftrl_eta0p2] | loss: 3.183754 | lrm: 0.41 | dt: 1706.93ms | tok/s: 307,151 | mfu: 35.06 | epoch: 1 | eta: 12.9m
step 01754/02205 (79.55%) [ns2_ftrl_eta0p2] | loss: 3.184365 | lrm: 0.41 | dt: 1718.53ms | tok/s: 305,080 | mfu: 34.83 | epoch: 1 | eta: 12.9m
step 01755/02205 (79.59%) [ns2_ftrl_eta0p2] | loss: 3.190816 | lrm: 0.41 | dt: 1714.56ms | tok/s: 305,786 | mfu: 34.91 | epoch: 1 | eta: 12.9m
step 01756/02205 (79.64%) [ns2_ftrl_eta0p2] | loss: 3.187641 | lrm: 0.41 | dt: 1714.11ms | tok/s: 305,866 | mfu: 34.92 | epoch: 1 | eta: 12.8m
step 01757/02205 (79.68%) [ns2_ftrl_eta0p2] | loss: 3.195898 | lrm: 0.41 | dt: 1716.49ms | tok/s: 305,442 | mfu: 34.87 | epoch: 1 | eta: 12.8m
step 01758/02205 (79.73%) [ns2_ftrl_eta0p2] | loss: 3.201950 | lrm: 0.41 | dt: 1717.34ms | tok/s: 305,290 | mfu: 34.85 | epoch: 1 | eta: 12.8m
step 01759/02205 (79.77%) [ns2_ftrl_eta0p2] | loss: 3.200230 | lrm: 0.40 | dt: 1709.01ms | tok/s: 306,778 | mfu: 35.02 | epoch: 1 | eta: 12.8m
step 01760/02205 (79.82%) [ns2_ftrl_eta0p2] | loss: 3.207012 | lrm: 0.40 | dt: 1721.06ms | tok/s: 304,631 | mfu: 34.77 | epoch: 1 | eta: 12.7m
step 01761/02205 (79.86%) [ns2_ftrl_eta0p2] | loss: 3.208693 | lrm: 0.40 | dt: 1711.98ms | tok/s: 306,245 | mfu: 34.96 | epoch: 1 | eta: 12.7m
step 01762/02205 (79.91%) [ns2_ftrl_eta0p2] | loss: 3.208251 | lrm: 0.40 | dt: 1723.78ms | tok/s: 304,150 | mfu: 34.72 | epoch: 1 | eta: 12.7m
step 01763/02205 (79.95%) [ns2_ftrl_eta0p2] | loss: 3.199902 | lrm: 0.40 | dt: 1717.95ms | tok/s: 305,182 | mfu: 34.84 | epoch: 1 | eta: 12.6m
step 01764/02205 (80.00%) [ns2_ftrl_eta0p2] | loss: 3.202730 | lrm: 0.40 | dt: 1717.76ms | tok/s: 305,216 | mfu: 34.84 | epoch: 1 | eta: 12.6m
step 01765/02205 (80.05%) [ns2_ftrl_eta0p2] | loss: 3.194749 | lrm: 0.40 | dt: 1718.49ms | tok/s: 305,086 | mfu: 34.83 | epoch: 1 | eta: 12.6m
step 01766/02205 (80.09%) [ns2_ftrl_eta0p2] | loss: 3.202383 | lrm: 0.40 | dt: 1719.39ms | tok/s: 304,927 | mfu: 34.81 | epoch: 1 | eta: 12.6m
step 01767/02205 (80.14%) [ns2_ftrl_eta0p2] | loss: 3.203149 | lrm: 0.40 | dt: 1720.95ms | tok/s: 304,650 | mfu: 34.78 | epoch: 1 | eta: 12.5m
step 01768/02205 (80.18%) [ns2_ftrl_eta0p2] | loss: 3.201632 | lrm: 0.40 | dt: 1716.49ms | tok/s: 305,442 | mfu: 34.87 | epoch: 1 | eta: 12.5m
step 01769/02205 (80.23%) [ns2_ftrl_eta0p2] | loss: 3.205881 | lrm: 0.40 | dt: 1717.79ms | tok/s: 305,210 | mfu: 34.84 | epoch: 1 | eta: 12.5m
step 01770/02205 (80.27%) [ns2_ftrl_eta0p2] | loss: 3.213790 | lrm: 0.39 | dt: 1716.36ms | tok/s: 305,465 | mfu: 34.87 | epoch: 1 | eta: 12.4m
step 01771/02205 (80.32%) [ns2_ftrl_eta0p2] | loss: 3.212912 | lrm: 0.39 | dt: 1721.16ms | tok/s: 304,613 | mfu: 34.77 | epoch: 1 | eta: 12.4m
step 01772/02205 (80.36%) [ns2_ftrl_eta0p2] | loss: 3.206343 | lrm: 0.39 | dt: 1716.21ms | tok/s: 305,492 | mfu: 34.87 | epoch: 1 | eta: 12.4m
step 01773/02205 (80.41%) [ns2_ftrl_eta0p2] | loss: 3.203130 | lrm: 0.39 | dt: 1724.84ms | tok/s: 303,963 | mfu: 34.70 | epoch: 1 | eta: 12.4m
step 01774/02205 (80.45%) [ns2_ftrl_eta0p2] | loss: 3.207106 | lrm: 0.39 | dt: 1719.60ms | tok/s: 304,890 | mfu: 34.80 | epoch: 1 | eta: 12.3m
step 01775/02205 (80.50%) [ns2_ftrl_eta0p2] | loss: 3.214614 | lrm: 0.39 | dt: 1719.03ms | tok/s: 304,990 | mfu: 34.82 | epoch: 1 | eta: 12.3m
step 01776/02205 (80.54%) [ns2_ftrl_eta0p2] | loss: 3.210855 | lrm: 0.39 | dt: 1719.10ms | tok/s: 304,978 | mfu: 34.81 | epoch: 1 | eta: 12.3m
step 01777/02205 (80.59%) [ns2_ftrl_eta0p2] | loss: 3.215659 | lrm: 0.39 | dt: 1716.56ms | tok/s: 305,428 | mfu: 34.87 | epoch: 1 | eta: 12.2m
step 01778/02205 (80.63%) [ns2_ftrl_eta0p2] | loss: 3.217882 | lrm: 0.39 | dt: 1722.47ms | tok/s: 304,381 | mfu: 34.75 | epoch: 1 | eta: 12.2m
step 01779/02205 (80.68%) [ns2_ftrl_eta0p2] | loss: 3.215370 | lrm: 0.39 | dt: 1722.69ms | tok/s: 304,342 | mfu: 34.74 | epoch: 1 | eta: 12.2m
step 01780/02205 (80.73%) [ns2_ftrl_eta0p2] | loss: 3.217362 | lrm: 0.39 | dt: 1726.28ms | tok/s: 303,709 | mfu: 34.67 | epoch: 1 | eta: 12.2m
step 01781/02205 (80.77%) [ns2_ftrl_eta0p2] | loss: 3.204194 | lrm: 0.38 | dt: 1718.97ms | tok/s: 305,001 | mfu: 34.82 | epoch: 1 | eta: 12.1m
step 01782/02205 (80.82%) [ns2_ftrl_eta0p2] | loss: 3.197235 | lrm: 0.38 | dt: 1722.00ms | tok/s: 304,464 | mfu: 34.76 | epoch: 1 | eta: 12.1m
step 01783/02205 (80.86%) [ns2_ftrl_eta0p2] | loss: 3.194394 | lrm: 0.38 | dt: 1721.60ms | tok/s: 304,536 | mfu: 34.76 | epoch: 1 | eta: 12.1m
step 01784/02205 (80.91%) [ns2_ftrl_eta0p2] | loss: 3.203213 | lrm: 0.38 | dt: 1724.86ms | tok/s: 303,958 | mfu: 34.70 | epoch: 1 | eta: 12.0m
step 01785/02205 (80.95%) [ns2_ftrl_eta0p2] | loss: 3.198077 | lrm: 0.38 | dt: 1719.17ms | tok/s: 304,965 | mfu: 34.81 | epoch: 1 | eta: 12.0m
step 01786/02205 (81.00%) [ns2_ftrl_eta0p2] | loss: 3.198708 | lrm: 0.38 | dt: 1722.90ms | tok/s: 304,306 | mfu: 34.74 | epoch: 1 | eta: 12.0m
step 01787/02205 (81.04%) [ns2_ftrl_eta0p2] | loss: 3.190640 | lrm: 0.38 | dt: 1724.24ms | tok/s: 304,069 | mfu: 34.71 | epoch: 1 | eta: 12.0m
step 01788/02205 (81.09%) [ns2_ftrl_eta0p2] | loss: 3.196335 | lrm: 0.38 | dt: 1727.11ms | tok/s: 303,563 | mfu: 34.65 | epoch: 1 | eta: 11.9m
step 01789/02205 (81.13%) [ns2_ftrl_eta0p2] | loss: 3.199539 | lrm: 0.38 | dt: 1719.49ms | tok/s: 304,908 | mfu: 34.81 | epoch: 1 | eta: 11.9m
step 01790/02205 (81.18%) [ns2_ftrl_eta0p2] | loss: 3.201344 | lrm: 0.38 | dt: 1723.38ms | tok/s: 304,220 | mfu: 34.73 | epoch: 1 | eta: 11.9m
step 01791/02205 (81.22%) [ns2_ftrl_eta0p2] | loss: 3.205930 | lrm: 0.38 | dt: 1729.41ms | tok/s: 303,160 | mfu: 34.61 | epoch: 1 | eta: 11.8m
step 01792/02205 (81.27%) [ns2_ftrl_eta0p2] | loss: 3.214087 | lrm: 0.37 | dt: 1721.82ms | tok/s: 304,496 | mfu: 34.76 | epoch: 1 | eta: 11.8m
step 01793/02205 (81.32%) [ns2_ftrl_eta0p2] | loss: 3.207539 | lrm: 0.37 | dt: 1725.65ms | tok/s: 303,820 | mfu: 34.68 | epoch: 1 | eta: 11.8m
step 01794/02205 (81.36%) [ns2_ftrl_eta0p2] | loss: 3.198484 | lrm: 0.37 | dt: 1728.71ms | tok/s: 303,283 | mfu: 34.62 | epoch: 1 | eta: 11.8m
step 01795/02205 (81.41%) [ns2_ftrl_eta0p2] | loss: 3.206840 | lrm: 0.37 | dt: 1722.42ms | tok/s: 304,390 | mfu: 34.75 | epoch: 1 | eta: 11.7m
step 01796/02205 (81.45%) [ns2_ftrl_eta0p2] | loss: 3.212088 | lrm: 0.37 | dt: 1721.59ms | tok/s: 304,537 | mfu: 34.76 | epoch: 1 | eta: 11.7m
step 01797/02205 (81.50%) [ns2_ftrl_eta0p2] | loss: 3.195630 | lrm: 0.37 | dt: 1724.52ms | tok/s: 304,020 | mfu: 34.70 | epoch: 1 | eta: 11.7m
step 01798/02205 (81.54%) [ns2_ftrl_eta0p2] | loss: 3.196819 | lrm: 0.37 | dt: 1720.05ms | tok/s: 304,809 | mfu: 34.79 | epoch: 1 | eta: 11.6m
step 01799/02205 (81.59%) [ns2_ftrl_eta0p2] | loss: 3.196388 | lrm: 0.37 | dt: 1725.92ms | tok/s: 303,773 | mfu: 34.68 | epoch: 1 | eta: 11.6m
step 01800/02205 (81.63%) [ns2_ftrl_eta0p2] | loss: 3.196307 | lrm: 0.37 | dt: 1722.72ms | tok/s: 304,337 | mfu: 34.74 | epoch: 1 | eta: 11.6m
step 01801/02205 (81.68%) [ns2_ftrl_eta0p2] | loss: 3.195264 | lrm: 0.37 | dt: 1725.26ms | tok/s: 303,889 | mfu: 34.69 | epoch: 1 | eta: 11.6m
step 01802/02205 (81.72%) [ns2_ftrl_eta0p2] | loss: 3.188855 | lrm: 0.37 | dt: 1730.17ms | tok/s: 303,027 | mfu: 34.59 | epoch: 1 | eta: 11.5m
step 01803/02205 (81.77%) [ns2_ftrl_eta0p2] | loss: 3.188722 | lrm: 0.36 | dt: 1725.50ms | tok/s: 303,846 | mfu: 34.68 | epoch: 1 | eta: 11.5m
step 01804/02205 (81.81%) [ns2_ftrl_eta0p2] | loss: 3.187610 | lrm: 0.36 | dt: 1722.14ms | tok/s: 304,440 | mfu: 34.75 | epoch: 1 | eta: 11.5m
step 01805/02205 (81.86%) [ns2_ftrl_eta0p2] | loss: 3.192652 | lrm: 0.36 | dt: 1725.63ms | tok/s: 303,824 | mfu: 34.68 | epoch: 1 | eta: 11.4m
step 01806/02205 (81.90%) [ns2_ftrl_eta0p2] | loss: 3.192978 | lrm: 0.36 | dt: 1728.42ms | tok/s: 303,333 | mfu: 34.63 | epoch: 1 | eta: 11.4m
step 01807/02205 (81.95%) [ns2_ftrl_eta0p2] | loss: 3.188448 | lrm: 0.36 | dt: 1723.52ms | tok/s: 304,196 | mfu: 34.72 | epoch: 1 | eta: 11.4m
step 01808/02205 (82.00%) [ns2_ftrl_eta0p2] | loss: 3.191286 | lrm: 0.36 | dt: 1724.27ms | tok/s: 304,063 | mfu: 34.71 | epoch: 1 | eta: 11.4m
step 01809/02205 (82.04%) [ns2_ftrl_eta0p2] | loss: 3.193177 | lrm: 0.36 | dt: 1729.17ms | tok/s: 303,202 | mfu: 34.61 | epoch: 1 | eta: 11.3m
step 01810/02205 (82.09%) [ns2_ftrl_eta0p2] | loss: 3.198560 | lrm: 0.36 | dt: 1723.82ms | tok/s: 304,143 | mfu: 34.72 | epoch: 1 | eta: 11.3m
step 01811/02205 (82.13%) [ns2_ftrl_eta0p2] | loss: 3.192490 | lrm: 0.36 | dt: 1723.68ms | tok/s: 304,167 | mfu: 34.72 | epoch: 1 | eta: 11.3m
step 01812/02205 (82.18%) [ns2_ftrl_eta0p2] | loss: 3.187734 | lrm: 0.36 | dt: 1724.45ms | tok/s: 304,032 | mfu: 34.71 | epoch: 1 | eta: 11.2m
step 01813/02205 (82.22%) [ns2_ftrl_eta0p2] | loss: 3.178023 | lrm: 0.36 | dt: 1722.15ms | tok/s: 304,437 | mfu: 34.75 | epoch: 1 | eta: 11.2m
step 01814/02205 (82.27%) [ns2_ftrl_eta0p2] | loss: 3.182937 | lrm: 0.35 | dt: 1726.68ms | tok/s: 303,638 | mfu: 34.66 | epoch: 1 | eta: 11.2m
step 01815/02205 (82.31%) [ns2_ftrl_eta0p2] | loss: 3.184944 | lrm: 0.35 | dt: 1725.82ms | tok/s: 303,791 | mfu: 34.68 | epoch: 1 | eta: 11.2m
step 01816/02205 (82.36%) [ns2_ftrl_eta0p2] | loss: 3.169313 | lrm: 0.35 | dt: 1728.51ms | tok/s: 303,317 | mfu: 34.62 | epoch: 1 | eta: 11.1m
step 01817/02205 (82.40%) [ns2_ftrl_eta0p2] | loss: 3.171813 | lrm: 0.35 | dt: 1727.50ms | tok/s: 303,494 | mfu: 34.64 | epoch: 1 | eta: 11.1m
step 01818/02205 (82.45%) [ns2_ftrl_eta0p2] | loss: 3.172010 | lrm: 0.35 | dt: 1725.22ms | tok/s: 303,896 | mfu: 34.69 | epoch: 1 | eta: 11.1m
step 01819/02205 (82.49%) [ns2_ftrl_eta0p2] | loss: 3.182869 | lrm: 0.35 | dt: 1724.76ms | tok/s: 303,977 | mfu: 34.70 | epoch: 1 | eta: 11.0m
step 01820/02205 (82.54%) [ns2_ftrl_eta0p2] | loss: 3.178129 | lrm: 0.35 | dt: 1728.96ms | tok/s: 303,239 | mfu: 34.62 | epoch: 1 | eta: 11.0m
step 01821/02205 (82.59%) [ns2_ftrl_eta0p2] | loss: 3.167088 | lrm: 0.35 | dt: 1727.93ms | tok/s: 303,419 | mfu: 34.64 | epoch: 1 | eta: 11.0m
step 01822/02205 (82.63%) [ns2_ftrl_eta0p2] | loss: 3.162408 | lrm: 0.35 | dt: 1717.44ms | tok/s: 305,273 | mfu: 34.85 | epoch: 1 | eta: 11.0m
step 01823/02205 (82.68%) [ns2_ftrl_eta0p2] | loss: 3.164762 | lrm: 0.35 | dt: 1732.01ms | tok/s: 302,704 | mfu: 34.55 | epoch: 1 | eta: 10.9m
step 01824/02205 (82.72%) [ns2_ftrl_eta0p2] | loss: 3.160725 | lrm: 0.35 | dt: 1730.72ms | tok/s: 302,931 | mfu: 34.58 | epoch: 1 | eta: 10.9m
step 01825/02205 (82.77%) [ns2_ftrl_eta0p2] | loss: 3.163664 | lrm: 0.34 | dt: 1720.64ms | tok/s: 304,705 | mfu: 34.78 | epoch: 1 | eta: 10.9m
step 01826/02205 (82.81%) [ns2_ftrl_eta0p2] | loss: 3.167639 | lrm: 0.34 | dt: 1730.10ms | tok/s: 303,038 | mfu: 34.59 | epoch: 1 | eta: 10.8m
step 01827/02205 (82.86%) [ns2_ftrl_eta0p2] | loss: 3.175190 | lrm: 0.34 | dt: 1724.06ms | tok/s: 304,100 | mfu: 34.71 | epoch: 1 | eta: 10.8m
step 01828/02205 (82.90%) [ns2_ftrl_eta0p2] | loss: 3.178142 | lrm: 0.34 | dt: 1724.31ms | tok/s: 304,055 | mfu: 34.71 | epoch: 1 | eta: 10.8m
step 01829/02205 (82.95%) [ns2_ftrl_eta0p2] | loss: 3.177750 | lrm: 0.34 | dt: 1726.46ms | tok/s: 303,677 | mfu: 34.67 | epoch: 1 | eta: 10.8m
step 01830/02205 (82.99%) [ns2_ftrl_eta0p2] | loss: 3.182518 | lrm: 0.34 | dt: 1727.26ms | tok/s: 303,537 | mfu: 34.65 | epoch: 1 | eta: 10.7m
step 01831/02205 (83.04%) [ns2_ftrl_eta0p2] | loss: 3.174390 | lrm: 0.34 | dt: 1725.28ms | tok/s: 303,884 | mfu: 34.69 | epoch: 1 | eta: 10.7m
step 01832/02205 (83.08%) [ns2_ftrl_eta0p2] | loss: 3.171635 | lrm: 0.34 | dt: 1726.63ms | tok/s: 303,648 | mfu: 34.66 | epoch: 1 | eta: 10.7m
step 01833/02205 (83.13%) [ns2_ftrl_eta0p2] | loss: 3.166958 | lrm: 0.34 | dt: 1720.05ms | tok/s: 304,810 | mfu: 34.79 | epoch: 1 | eta: 10.6m
step 01834/02205 (83.17%) [ns2_ftrl_eta0p2] | loss: 3.162350 | lrm: 0.34 | dt: 1722.45ms | tok/s: 304,384 | mfu: 34.75 | epoch: 1 | eta: 10.6m
step 01835/02205 (83.22%) [ns2_ftrl_eta0p2] | loss: 3.163970 | lrm: 0.34 | dt: 1725.96ms | tok/s: 303,766 | mfu: 34.68 | epoch: 1 | eta: 10.6m
step 01836/02205 (83.27%) [ns2_ftrl_eta0p2] | loss: 3.169511 | lrm: 0.33 | dt: 1724.71ms | tok/s: 303,986 | mfu: 34.70 | epoch: 1 | eta: 10.6m
step 01837/02205 (83.31%) [ns2_ftrl_eta0p2] | loss: 3.159801 | lrm: 0.33 | dt: 1725.44ms | tok/s: 303,858 | mfu: 34.69 | epoch: 1 | eta: 10.5m
step 01838/02205 (83.36%) [ns2_ftrl_eta0p2] | loss: 3.153607 | lrm: 0.33 | dt: 1726.43ms | tok/s: 303,683 | mfu: 34.67 | epoch: 1 | eta: 10.5m
step 01839/02205 (83.40%) [ns2_ftrl_eta0p2] | loss: 3.152479 | lrm: 0.33 | dt: 1724.76ms | tok/s: 303,977 | mfu: 34.70 | epoch: 1 | eta: 10.5m
step 01840/02205 (83.45%) [ns2_ftrl_eta0p2] | loss: 3.147700 | lrm: 0.33 | dt: 1721.32ms | tok/s: 304,584 | mfu: 34.77 | epoch: 1 | eta: 10.4m
step 01841/02205 (83.49%) [ns2_ftrl_eta0p2] | loss: 3.140289 | lrm: 0.33 | dt: 1727.45ms | tok/s: 303,503 | mfu: 34.65 | epoch: 1 | eta: 10.4m
step 01842/02205 (83.54%) [ns2_ftrl_eta0p2] | loss: 3.144674 | lrm: 0.33 | dt: 1722.08ms | tok/s: 304,450 | mfu: 34.75 | epoch: 1 | eta: 10.4m
step 01843/02205 (83.58%) [ns2_ftrl_eta0p2] | loss: 3.150958 | lrm: 0.33 | dt: 1723.96ms | tok/s: 304,119 | mfu: 34.72 | epoch: 1 | eta: 10.4m
step 01844/02205 (83.63%) [ns2_ftrl_eta0p2] | loss: 3.160557 | lrm: 0.33 | dt: 1727.42ms | tok/s: 303,508 | mfu: 34.65 | epoch: 1 | eta: 10.3m
step 01845/02205 (83.67%) [ns2_ftrl_eta0p2] | loss: 3.165228 | lrm: 0.33 | dt: 1723.64ms | tok/s: 304,174 | mfu: 34.72 | epoch: 1 | eta: 10.3m
step 01846/02205 (83.72%) [ns2_ftrl_eta0p2] | loss: 3.170836 | lrm: 0.33 | dt: 1720.32ms | tok/s: 304,762 | mfu: 34.79 | epoch: 1 | eta: 10.3m
step 01847/02205 (83.76%) [ns2_ftrl_eta0p2] | loss: 3.174773 | lrm: 0.32 | dt: 1727.37ms | tok/s: 303,517 | mfu: 34.65 | epoch: 1 | eta: 10.2m
step 01848/02205 (83.81%) [ns2_ftrl_eta0p2] | loss: 3.182331 | lrm: 0.32 | dt: 1727.78ms | tok/s: 303,445 | mfu: 34.64 | epoch: 1 | eta: 10.2m
step 01849/02205 (83.85%) [ns2_ftrl_eta0p2] | loss: 3.181787 | lrm: 0.32 | dt: 1721.90ms | tok/s: 304,482 | mfu: 34.76 | epoch: 1 | eta: 10.2m
step 01850/02205 (83.90%) [ns2_ftrl_eta0p2] | loss: 3.185234 | lrm: 0.32 | dt: 1727.19ms | tok/s: 303,549 | mfu: 34.65 | epoch: 1 | eta: 10.2m
step 01851/02205 (83.95%) [ns2_ftrl_eta0p2] | loss: 3.183391 | lrm: 0.32 | dt: 1728.22ms | tok/s: 303,368 | mfu: 34.63 | epoch: 1 | eta: 10.1m
step 01852/02205 (83.99%) [ns2_ftrl_eta0p2] | loss: 3.178947 | lrm: 0.32 | dt: 1725.89ms | tok/s: 303,777 | mfu: 34.68 | epoch: 1 | eta: 10.1m
step 01853/02205 (84.04%) [ns2_ftrl_eta0p2] | loss: 3.174302 | lrm: 0.32 | dt: 1725.86ms | tok/s: 303,783 | mfu: 34.68 | epoch: 1 | eta: 10.1m
step 01854/02205 (84.08%) [ns2_ftrl_eta0p2] | loss: 3.178699 | lrm: 0.32 | dt: 1729.09ms | tok/s: 303,216 | mfu: 34.61 | epoch: 1 | eta: 10.0m
step 01855/02205 (84.13%) [ns2_ftrl_eta0p2] | loss: 3.189479 | lrm: 0.32 | dt: 1723.99ms | tok/s: 304,113 | mfu: 34.71 | epoch: 1 | eta: 10.0m
step 01856/02205 (84.17%) [ns2_ftrl_eta0p2] | loss: 3.186075 | lrm: 0.32 | dt: 1727.53ms | tok/s: 303,489 | mfu: 34.64 | epoch: 1 | eta: 10.0m
step 01857/02205 (84.22%) [ns2_ftrl_eta0p2] | loss: 3.178869 | lrm: 0.32 | dt: 1728.09ms | tok/s: 303,391 | mfu: 34.63 | epoch: 1 | eta: 10.0m
step 01858/02205 (84.26%) [ns2_ftrl_eta0p2] | loss: 3.184440 | lrm: 0.31 | dt: 1722.38ms | tok/s: 304,397 | mfu: 34.75 | epoch: 1 | eta: 9.9m
step 01859/02205 (84.31%) [ns2_ftrl_eta0p2] | loss: 3.180060 | lrm: 0.31 | dt: 1726.20ms | tok/s: 303,724 | mfu: 34.67 | epoch: 1 | eta: 9.9m
step 01860/02205 (84.35%) [ns2_ftrl_eta0p2] | loss: 3.171902 | lrm: 0.31 | dt: 1721.47ms | tok/s: 304,557 | mfu: 34.77 | epoch: 1 | eta: 9.9m
step 01861/02205 (84.40%) [ns2_ftrl_eta0p2] | loss: 3.166961 | lrm: 0.31 | dt: 1728.21ms | tok/s: 303,370 | mfu: 34.63 | epoch: 1 | eta: 9.8m
step 01862/02205 (84.44%) [ns2_ftrl_eta0p2] | loss: 3.176534 | lrm: 0.31 | dt: 1727.10ms | tok/s: 303,566 | mfu: 34.65 | epoch: 1 | eta: 9.8m
step 01863/02205 (84.49%) [ns2_ftrl_eta0p2] | loss: 3.187732 | lrm: 0.31 | dt: 1723.29ms | tok/s: 304,236 | mfu: 34.73 | epoch: 1 | eta: 9.8m
step 01864/02205 (84.54%) [ns2_ftrl_eta0p2] | loss: 3.178826 | lrm: 0.31 | dt: 1726.64ms | tok/s: 303,645 | mfu: 34.66 | epoch: 1 | eta: 9.8m
step 01865/02205 (84.58%) [ns2_ftrl_eta0p2] | loss: 3.181139 | lrm: 0.31 | dt: 1726.94ms | tok/s: 303,594 | mfu: 34.66 | epoch: 1 | eta: 9.7m
step 01866/02205 (84.63%) [ns2_ftrl_eta0p2] | loss: 3.181288 | lrm: 0.31 | dt: 1722.25ms | tok/s: 304,420 | mfu: 34.75 | epoch: 1 | eta: 9.7m
step 01867/02205 (84.67%) [ns2_ftrl_eta0p2] | loss: 3.177850 | lrm: 0.31 | dt: 1721.71ms | tok/s: 304,515 | mfu: 34.76 | epoch: 1 | eta: 9.7m
step 01868/02205 (84.72%) [ns2_ftrl_eta0p2] | loss: 3.177354 | lrm: 0.31 | dt: 1727.13ms | tok/s: 303,559 | mfu: 34.65 | epoch: 1 | eta: 9.6m
step 01869/02205 (84.76%) [ns2_ftrl_eta0p2] | loss: 3.171335 | lrm: 0.30 | dt: 1725.81ms | tok/s: 303,791 | mfu: 34.68 | epoch: 1 | eta: 9.6m
step 01870/02205 (84.81%) [ns2_ftrl_eta0p2] | loss: 3.163486 | lrm: 0.30 | dt: 1721.54ms | tok/s: 304,545 | mfu: 34.76 | epoch: 1 | eta: 9.6m
step 01871/02205 (84.85%) [ns2_ftrl_eta0p2] | loss: 3.153005 | lrm: 0.30 | dt: 1725.50ms | tok/s: 303,847 | mfu: 34.68 | epoch: 1 | eta: 9.6m
step 01872/02205 (84.90%) [ns2_ftrl_eta0p2] | loss: 3.155196 | lrm: 0.30 | dt: 1725.39ms | tok/s: 303,865 | mfu: 34.69 | epoch: 1 | eta: 9.5m
step 01873/02205 (84.94%) [ns2_ftrl_eta0p2] | loss: 3.156954 | lrm: 0.30 | dt: 1723.38ms | tok/s: 304,220 | mfu: 34.73 | epoch: 1 | eta: 9.5m
step 01874/02205 (84.99%) [ns2_ftrl_eta0p2] | loss: 3.162194 | lrm: 0.30 | dt: 1725.40ms | tok/s: 303,864 | mfu: 34.69 | epoch: 1 | eta: 9.5m
step 01875/02205 (85.03%) [ns2_ftrl_eta0p2] | loss: 3.168351 | lrm: 0.30 | dt: 1727.47ms | tok/s: 303,500 | mfu: 34.64 | epoch: 1 | eta: 9.4m
step 01876/02205 (85.08%) [ns2_ftrl_eta0p2] | loss: 3.156713 | lrm: 0.30 | dt: 1722.73ms | tok/s: 304,334 | mfu: 34.74 | epoch: 1 | eta: 9.4m
step 01877/02205 (85.12%) [ns2_ftrl_eta0p2] | loss: 3.157344 | lrm: 0.30 | dt: 1723.15ms | tok/s: 304,261 | mfu: 34.73 | epoch: 1 | eta: 9.4m
step 01878/02205 (85.17%) [ns2_ftrl_eta0p2] | loss: 3.171453 | lrm: 0.30 | dt: 1730.14ms | tok/s: 303,031 | mfu: 34.59 | epoch: 1 | eta: 9.4m
step 01879/02205 (85.22%) [ns2_ftrl_eta0p2] | loss: 3.161959 | lrm: 0.30 | dt: 1723.00ms | tok/s: 304,287 | mfu: 34.73 | epoch: 1 | eta: 9.3m
step 01880/02205 (85.26%) [ns2_ftrl_eta0p2] | loss: 3.151159 | lrm: 0.29 | dt: 1728.84ms | tok/s: 303,260 | mfu: 34.62 | epoch: 1 | eta: 9.3m
step 01881/02205 (85.31%) [ns2_ftrl_eta0p2] | loss: 3.161439 | lrm: 0.29 | dt: 1729.87ms | tok/s: 303,080 | mfu: 34.60 | epoch: 1 | eta: 9.3m
step 01882/02205 (85.35%) [ns2_ftrl_eta0p2] | loss: 3.165019 | lrm: 0.29 | dt: 1721.22ms | tok/s: 304,602 | mfu: 34.77 | epoch: 1 | eta: 9.2m
step 01883/02205 (85.40%) [ns2_ftrl_eta0p2] | loss: 3.165907 | lrm: 0.29 | dt: 1723.05ms | tok/s: 304,279 | mfu: 34.73 | epoch: 1 | eta: 9.2m
step 01884/02205 (85.44%) [ns2_ftrl_eta0p2] | loss: 3.158093 | lrm: 0.29 | dt: 1728.96ms | tok/s: 303,239 | mfu: 34.62 | epoch: 1 | eta: 9.2m
step 01885/02205 (85.49%) [ns2_ftrl_eta0p2] | loss: 3.166369 | lrm: 0.29 | dt: 1725.06ms | tok/s: 303,924 | mfu: 34.69 | epoch: 1 | eta: 9.2m
step 01886/02205 (85.53%) [ns2_ftrl_eta0p2] | loss: 3.157901 | lrm: 0.29 | dt: 1726.89ms | tok/s: 303,601 | mfu: 34.66 | epoch: 1 | eta: 9.1m
step 01887/02205 (85.58%) [ns2_ftrl_eta0p2] | loss: 3.151932 | lrm: 0.29 | dt: 1728.20ms | tok/s: 303,372 | mfu: 34.63 | epoch: 1 | eta: 9.1m
step 01888/02205 (85.62%) [ns2_ftrl_eta0p2] | loss: 3.162985 | lrm: 0.29 | dt: 1721.99ms | tok/s: 304,466 | mfu: 34.76 | epoch: 1 | eta: 9.1m
step 01889/02205 (85.67%) [ns2_ftrl_eta0p2] | loss: 3.152374 | lrm: 0.29 | dt: 1728.23ms | tok/s: 303,366 | mfu: 34.63 | epoch: 1 | eta: 9.0m
step 01890/02205 (85.71%) [ns2_ftrl_eta0p2] | loss: 3.153618 | lrm: 0.29 | dt: 1728.24ms | tok/s: 303,365 | mfu: 34.63 | epoch: 1 | eta: 9.0m
step 01891/02205 (85.76%) [ns2_ftrl_eta0p2] | loss: 3.156295 | lrm: 0.28 | dt: 1720.05ms | tok/s: 304,809 | mfu: 34.79 | epoch: 1 | eta: 9.0m
step 01892/02205 (85.80%) [ns2_ftrl_eta0p2] | loss: 3.155943 | lrm: 0.28 | dt: 1723.98ms | tok/s: 304,115 | mfu: 34.72 | epoch: 1 | eta: 9.0m
step 01893/02205 (85.85%) [ns2_ftrl_eta0p2] | loss: 3.155184 | lrm: 0.28 | dt: 1724.72ms | tok/s: 303,984 | mfu: 34.70 | epoch: 1 | eta: 8.9m
step 01894/02205 (85.90%) [ns2_ftrl_eta0p2] | loss: 3.148118 | lrm: 0.28 | dt: 1722.04ms | tok/s: 304,457 | mfu: 34.75 | epoch: 1 | eta: 8.9m
step 01895/02205 (85.94%) [ns2_ftrl_eta0p2] | loss: 3.146909 | lrm: 0.28 | dt: 1727.05ms | tok/s: 303,575 | mfu: 34.65 | epoch: 1 | eta: 8.9m
step 01896/02205 (85.99%) [ns2_ftrl_eta0p2] | loss: 3.145751 | lrm: 0.28 | dt: 1723.86ms | tok/s: 304,136 | mfu: 34.72 | epoch: 1 | eta: 8.8m
step 01897/02205 (86.03%) [ns2_ftrl_eta0p2] | loss: 3.145917 | lrm: 0.28 | dt: 1726.01ms | tok/s: 303,757 | mfu: 34.67 | epoch: 1 | eta: 8.8m
step 01898/02205 (86.08%) [ns2_ftrl_eta0p2] | loss: 3.152205 | lrm: 0.28 | dt: 1728.00ms | tok/s: 303,407 | mfu: 34.63 | epoch: 1 | eta: 8.8m
step 01899/02205 (86.12%) [ns2_ftrl_eta0p2] | loss: 3.157353 | lrm: 0.28 | dt: 1726.08ms | tok/s: 303,744 | mfu: 34.67 | epoch: 1 | eta: 8.8m
step 01900/02205 (86.17%) [ns2_ftrl_eta0p2] | loss: 3.153118 | lrm: 0.28 | dt: 1723.20ms | tok/s: 304,252 | mfu: 34.73 | epoch: 1 | eta: 8.7m
step 01901/02205 (86.21%) [ns2_ftrl_eta0p2] | loss: 3.142533 | lrm: 0.28 | dt: 1723.71ms | tok/s: 304,162 | mfu: 34.72 | epoch: 1 | eta: 8.7m
step 01902/02205 (86.26%) [ns2_ftrl_eta0p2] | loss: 3.147129 | lrm: 0.27 | dt: 1721.98ms | tok/s: 304,468 | mfu: 34.76 | epoch: 1 | eta: 8.7m
step 01903/02205 (86.30%) [ns2_ftrl_eta0p2] | loss: 3.150697 | lrm: 0.27 | dt: 1726.11ms | tok/s: 303,740 | mfu: 34.67 | epoch: 1 | eta: 8.6m
step 01904/02205 (86.35%) [ns2_ftrl_eta0p2] | loss: 3.152138 | lrm: 0.27 | dt: 1725.70ms | tok/s: 303,811 | mfu: 34.68 | epoch: 1 | eta: 8.6m
step 01905/02205 (86.39%) [ns2_ftrl_eta0p2] | loss: 3.158849 | lrm: 0.27 | dt: 1729.50ms | tok/s: 303,143 | mfu: 34.60 | epoch: 1 | eta: 8.6m
step 01906/02205 (86.44%) [ns2_ftrl_eta0p2] | loss: 3.168839 | lrm: 0.27 | dt: 1724.62ms | tok/s: 304,001 | mfu: 34.70 | epoch: 1 | eta: 8.6m
step 01907/02205 (86.49%) [ns2_ftrl_eta0p2] | loss: 3.167808 | lrm: 0.27 | dt: 1727.74ms | tok/s: 303,452 | mfu: 34.64 | epoch: 1 | eta: 8.5m
step 01908/02205 (86.53%) [ns2_ftrl_eta0p2] | loss: 3.164994 | lrm: 0.27 | dt: 1724.41ms | tok/s: 304,038 | mfu: 34.71 | epoch: 1 | eta: 8.5m
step 01909/02205 (86.58%) [ns2_ftrl_eta0p2] | loss: 3.180837 | lrm: 0.27 | dt: 1721.54ms | tok/s: 304,546 | mfu: 34.76 | epoch: 1 | eta: 8.5m
step 01910/02205 (86.62%) [ns2_ftrl_eta0p2] | loss: 3.179874 | lrm: 0.27 | dt: 1730.39ms | tok/s: 302,988 | mfu: 34.59 | epoch: 1 | eta: 8.4m
step 01911/02205 (86.67%) [ns2_ftrl_eta0p2] | loss: 3.172163 | lrm: 0.27 | dt: 1729.17ms | tok/s: 303,201 | mfu: 34.61 | epoch: 1 | eta: 8.4m
step 01912/02205 (86.71%) [ns2_ftrl_eta0p2] | loss: 3.168004 | lrm: 0.27 | dt: 1721.53ms | tok/s: 304,547 | mfu: 34.76 | epoch: 1 | eta: 8.4m
step 01913/02205 (86.76%) [ns2_ftrl_eta0p2] | loss: 3.171580 | lrm: 0.26 | dt: 1727.19ms | tok/s: 303,549 | mfu: 34.65 | epoch: 1 | eta: 8.4m
step 01914/02205 (86.80%) [ns2_ftrl_eta0p2] | loss: 3.172475 | lrm: 0.26 | dt: 1728.44ms | tok/s: 303,329 | mfu: 34.63 | epoch: 1 | eta: 8.3m
step 01915/02205 (86.85%) [ns2_ftrl_eta0p2] | loss: 3.174837 | lrm: 0.26 | dt: 1719.90ms | tok/s: 304,836 | mfu: 34.80 | epoch: 1 | eta: 8.3m
step 01916/02205 (86.89%) [ns2_ftrl_eta0p2] | loss: 3.182682 | lrm: 0.26 | dt: 1724.63ms | tok/s: 303,999 | mfu: 34.70 | epoch: 1 | eta: 8.3m
step 01917/02205 (86.94%) [ns2_ftrl_eta0p2] | loss: 3.177321 | lrm: 0.26 | dt: 1731.40ms | tok/s: 302,810 | mfu: 34.57 | epoch: 1 | eta: 8.2m
step 01918/02205 (86.98%) [ns2_ftrl_eta0p2] | loss: 3.177380 | lrm: 0.26 | dt: 1718.17ms | tok/s: 305,142 | mfu: 34.83 | epoch: 1 | eta: 8.2m
step 01919/02205 (87.03%) [ns2_ftrl_eta0p2] | loss: 3.173365 | lrm: 0.26 | dt: 1731.18ms | tok/s: 302,849 | mfu: 34.57 | epoch: 1 | eta: 8.2m
step 01920/02205 (87.07%) [ns2_ftrl_eta0p2] | loss: 3.176324 | lrm: 0.26 | dt: 1728.50ms | tok/s: 303,320 | mfu: 34.62 | epoch: 1 | eta: 8.2m
step 01921/02205 (87.12%) [ns2_ftrl_eta0p2] | loss: 3.166630 | lrm: 0.26 | dt: 1721.90ms | tok/s: 304,482 | mfu: 34.76 | epoch: 1 | eta: 8.1m
step 01922/02205 (87.17%) [ns2_ftrl_eta0p2] | loss: 3.174215 | lrm: 0.26 | dt: 1727.82ms | tok/s: 303,439 | mfu: 34.64 | epoch: 1 | eta: 8.1m
step 01923/02205 (87.21%) [ns2_ftrl_eta0p2] | loss: 3.175638 | lrm: 0.26 | dt: 1728.24ms | tok/s: 303,365 | mfu: 34.63 | epoch: 1 | eta: 8.1m
step 01924/02205 (87.26%) [ns2_ftrl_eta0p2] | loss: 3.176959 | lrm: 0.25 | dt: 1721.68ms | tok/s: 304,521 | mfu: 34.76 | epoch: 1 | eta: 8.0m
step 01925/02205 (87.30%) [ns2_ftrl_eta0p2] | loss: 3.171701 | lrm: 0.25 | dt: 1728.32ms | tok/s: 303,351 | mfu: 34.63 | epoch: 1 | eta: 8.0m
step 01926/02205 (87.35%) [ns2_ftrl_eta0p2] | loss: 3.173218 | lrm: 0.25 | dt: 1726.21ms | tok/s: 303,722 | mfu: 34.67 | epoch: 1 | eta: 8.0m
step 01927/02205 (87.39%) [ns2_ftrl_eta0p2] | loss: 3.172453 | lrm: 0.25 | dt: 1719.30ms | tok/s: 304,941 | mfu: 34.81 | epoch: 1 | eta: 8.0m
step 01928/02205 (87.44%) [ns2_ftrl_eta0p2] | loss: 3.171983 | lrm: 0.25 | dt: 1730.96ms | tok/s: 302,888 | mfu: 34.58 | epoch: 1 | eta: 7.9m
step 01929/02205 (87.48%) [ns2_ftrl_eta0p2] | loss: 3.170759 | lrm: 0.25 | dt: 1728.74ms | tok/s: 303,277 | mfu: 34.62 | epoch: 1 | eta: 7.9m
step 01930/02205 (87.53%) [ns2_ftrl_eta0p2] | loss: 3.175851 | lrm: 0.25 | dt: 1721.22ms | tok/s: 304,601 | mfu: 34.77 | epoch: 1 | eta: 7.9m
step 01931/02205 (87.57%) [ns2_ftrl_eta0p2] | loss: 3.183438 | lrm: 0.25 | dt: 1725.39ms | tok/s: 303,865 | mfu: 34.69 | epoch: 1 | eta: 7.8m
step 01932/02205 (87.62%) [ns2_ftrl_eta0p2] | loss: 3.179639 | lrm: 0.25 | dt: 1729.62ms | tok/s: 303,122 | mfu: 34.60 | epoch: 1 | eta: 7.8m
step 01933/02205 (87.66%) [ns2_ftrl_eta0p2] | loss: 3.175787 | lrm: 0.25 | dt: 1722.59ms | tok/s: 304,359 | mfu: 34.74 | epoch: 1 | eta: 7.8m
step 01934/02205 (87.71%) [ns2_ftrl_eta0p2] | loss: 3.166482 | lrm: 0.25 | dt: 1724.77ms | tok/s: 303,975 | mfu: 34.70 | epoch: 1 | eta: 7.8m
step 01935/02205 (87.76%) [ns2_ftrl_eta0p2] | loss: 3.164608 | lrm: 0.25 | dt: 1729.65ms | tok/s: 303,118 | mfu: 34.60 | epoch: 1 | eta: 7.7m
step 01936/02205 (87.80%) [ns2_ftrl_eta0p2] | loss: 3.171417 | lrm: 0.24 | dt: 1721.61ms | tok/s: 304,533 | mfu: 34.76 | epoch: 1 | eta: 7.7m
step 01937/02205 (87.85%) [ns2_ftrl_eta0p2] | loss: 3.168715 | lrm: 0.24 | dt: 1727.84ms | tok/s: 303,435 | mfu: 34.64 | epoch: 1 | eta: 7.7m
step 01938/02205 (87.89%) [ns2_ftrl_eta0p2] | loss: 3.158664 | lrm: 0.24 | dt: 1726.83ms | tok/s: 303,613 | mfu: 34.66 | epoch: 1 | eta: 7.6m
step 01939/02205 (87.94%) [ns2_ftrl_eta0p2] | loss: 3.158401 | lrm: 0.24 | dt: 1724.27ms | tok/s: 304,063 | mfu: 34.71 | epoch: 1 | eta: 7.6m
step 01940/02205 (87.98%) [ns2_ftrl_eta0p2] | loss: 3.159768 | lrm: 0.24 | dt: 1727.56ms | tok/s: 303,484 | mfu: 34.64 | epoch: 1 | eta: 7.6m
step 01941/02205 (88.03%) [ns2_ftrl_eta0p2] | loss: 3.152354 | lrm: 0.24 | dt: 1724.76ms | tok/s: 303,976 | mfu: 34.70 | epoch: 1 | eta: 7.6m
step 01942/02205 (88.07%) [ns2_ftrl_eta0p2] | loss: 3.159621 | lrm: 0.24 | dt: 1722.47ms | tok/s: 304,381 | mfu: 34.75 | epoch: 1 | eta: 7.5m
step 01943/02205 (88.12%) [ns2_ftrl_eta0p2] | loss: 3.146402 | lrm: 0.24 | dt: 1724.43ms | tok/s: 304,035 | mfu: 34.71 | epoch: 1 | eta: 7.5m
step 01944/02205 (88.16%) [ns2_ftrl_eta0p2] | loss: 3.146959 | lrm: 0.24 | dt: 1725.40ms | tok/s: 303,864 | mfu: 34.69 | epoch: 1 | eta: 7.5m
step 01945/02205 (88.21%) [ns2_ftrl_eta0p2] | loss: 3.147387 | lrm: 0.24 | dt: 1723.08ms | tok/s: 304,273 | mfu: 34.73 | epoch: 1 | eta: 7.4m
step 01946/02205 (88.25%) [ns2_ftrl_eta0p2] | loss: 3.150368 | lrm: 0.24 | dt: 1727.96ms | tok/s: 303,414 | mfu: 34.64 | epoch: 1 | eta: 7.4m
step 01947/02205 (88.30%) [ns2_ftrl_eta0p2] | loss: 3.154916 | lrm: 0.23 | dt: 1729.62ms | tok/s: 303,123 | mfu: 34.60 | epoch: 1 | eta: 7.4m
step 01948/02205 (88.34%) [ns2_ftrl_eta0p2] | loss: 3.151426 | lrm: 0.23 | dt: 1725.13ms | tok/s: 303,911 | mfu: 34.69 | epoch: 1 | eta: 7.4m
step 01949/02205 (88.39%) [ns2_ftrl_eta0p2] | loss: 3.152658 | lrm: 0.23 | dt: 1726.58ms | tok/s: 303,656 | mfu: 34.66 | epoch: 1 | eta: 7.3m
step 01950/02205 (88.44%) [ns2_ftrl_eta0p2] | loss: 3.144639 | lrm: 0.23 | dt: 1724.29ms | tok/s: 304,059 | mfu: 34.71 | epoch: 1 | eta: 7.3m
step 01951/02205 (88.48%) [ns2_ftrl_eta0p2] | loss: 3.149579 | lrm: 0.23 | dt: 1726.77ms | tok/s: 303,623 | mfu: 34.66 | epoch: 1 | eta: 7.3m
step 01952/02205 (88.53%) [ns2_ftrl_eta0p2] | loss: 3.148373 | lrm: 0.23 | dt: 1721.71ms | tok/s: 304,515 | mfu: 34.76 | epoch: 1 | eta: 7.2m
step 01953/02205 (88.57%) [ns2_ftrl_eta0p2] | loss: 3.148213 | lrm: 0.23 | dt: 1728.16ms | tok/s: 303,379 | mfu: 34.63 | epoch: 1 | eta: 7.2m
step 01954/02205 (88.62%) [ns2_ftrl_eta0p2] | loss: 3.149923 | lrm: 0.23 | dt: 1722.48ms | tok/s: 304,380 | mfu: 34.75 | epoch: 1 | eta: 7.2m
step 01955/02205 (88.66%) [ns2_ftrl_eta0p2] | loss: 3.136477 | lrm: 0.23 | dt: 1725.66ms | tok/s: 303,818 | mfu: 34.68 | epoch: 1 | eta: 7.2m
step 01956/02205 (88.71%) [ns2_ftrl_eta0p2] | loss: 3.129802 | lrm: 0.23 | dt: 1729.37ms | tok/s: 303,167 | mfu: 34.61 | epoch: 1 | eta: 7.1m
step 01957/02205 (88.75%) [ns2_ftrl_eta0p2] | loss: 3.140180 | lrm: 0.23 | dt: 1724.78ms | tok/s: 303,973 | mfu: 34.70 | epoch: 1 | eta: 7.1m
step 01958/02205 (88.80%) [ns2_ftrl_eta0p2] | loss: 3.139017 | lrm: 0.22 | dt: 1722.97ms | tok/s: 304,293 | mfu: 34.74 | epoch: 1 | eta: 7.1m
step 01959/02205 (88.84%) [ns2_ftrl_eta0p2] | loss: 3.132572 | lrm: 0.22 | dt: 1727.75ms | tok/s: 303,450 | mfu: 34.64 | epoch: 1 | eta: 7.0m
step 01960/02205 (88.89%) [ns2_ftrl_eta0p2] | loss: 3.127860 | lrm: 0.22 | dt: 1721.46ms | tok/s: 304,559 | mfu: 34.77 | epoch: 1 | eta: 7.0m
step 01961/02205 (88.93%) [ns2_ftrl_eta0p2] | loss: 3.132995 | lrm: 0.22 | dt: 1725.18ms | tok/s: 303,902 | mfu: 34.69 | epoch: 1 | eta: 7.0m
step 01962/02205 (88.98%) [ns2_ftrl_eta0p2] | loss: 3.138603 | lrm: 0.22 | dt: 1728.40ms | tok/s: 303,337 | mfu: 34.63 | epoch: 1 | eta: 7.0m
step 01963/02205 (89.02%) [ns2_ftrl_eta0p2] | loss: 3.144860 | lrm: 0.22 | dt: 1721.88ms | tok/s: 304,485 | mfu: 34.76 | epoch: 1 | eta: 6.9m
step 01964/02205 (89.07%) [ns2_ftrl_eta0p2] | loss: 3.148093 | lrm: 0.22 | dt: 1725.36ms | tok/s: 303,872 | mfu: 34.69 | epoch: 1 | eta: 6.9m
step 01965/02205 (89.12%) [ns2_ftrl_eta0p2] | loss: 3.135265 | lrm: 0.22 | dt: 1726.33ms | tok/s: 303,700 | mfu: 34.67 | epoch: 1 | eta: 6.9m
step 01966/02205 (89.16%) [ns2_ftrl_eta0p2] | loss: 3.125389 | lrm: 0.22 | dt: 1722.20ms | tok/s: 304,428 | mfu: 34.75 | epoch: 1 | eta: 6.8m
step 01967/02205 (89.21%) [ns2_ftrl_eta0p2] | loss: 3.127399 | lrm: 0.22 | dt: 1727.62ms | tok/s: 303,474 | mfu: 34.64 | epoch: 1 | eta: 6.8m
step 01968/02205 (89.25%) [ns2_ftrl_eta0p2] | loss: 3.132368 | lrm: 0.22 | dt: 1724.86ms | tok/s: 303,958 | mfu: 34.70 | epoch: 1 | eta: 6.8m
step 01969/02205 (89.30%) [ns2_ftrl_eta0p2] | loss: 3.130534 | lrm: 0.21 | dt: 1717.83ms | tok/s: 305,203 | mfu: 34.84 | epoch: 1 | eta: 6.8m
step 01970/02205 (89.34%) [ns2_ftrl_eta0p2] | loss: 3.133641 | lrm: 0.21 | dt: 1728.93ms | tok/s: 303,243 | mfu: 34.62 | epoch: 1 | eta: 6.7m
step 01971/02205 (89.39%) [ns2_ftrl_eta0p2] | loss: 3.144522 | lrm: 0.21 | dt: 1723.90ms | tok/s: 304,128 | mfu: 34.72 | epoch: 1 | eta: 6.7m
step 01972/02205 (89.43%) [ns2_ftrl_eta0p2] | loss: 3.145669 | lrm: 0.21 | dt: 1723.65ms | tok/s: 304,172 | mfu: 34.72 | epoch: 1 | eta: 6.7m
step 01973/02205 (89.48%) [ns2_ftrl_eta0p2] | loss: 3.143134 | lrm: 0.21 | dt: 1728.63ms | tok/s: 303,297 | mfu: 34.62 | epoch: 1 | eta: 6.6m
step 01974/02205 (89.52%) [ns2_ftrl_eta0p2] | loss: 3.148044 | lrm: 0.21 | dt: 1728.34ms | tok/s: 303,348 | mfu: 34.63 | epoch: 1 | eta: 6.6m
step 01975/02205 (89.57%) [ns2_ftrl_eta0p2] | loss: 3.145051 | lrm: 0.21 | dt: 1719.13ms | tok/s: 304,972 | mfu: 34.81 | epoch: 1 | eta: 6.6m
step 01976/02205 (89.61%) [ns2_ftrl_eta0p2] | loss: 3.147875 | lrm: 0.21 | dt: 1727.02ms | tok/s: 303,579 | mfu: 34.65 | epoch: 1 | eta: 6.6m
step 01977/02205 (89.66%) [ns2_ftrl_eta0p2] | loss: 3.146589 | lrm: 0.21 | dt: 1724.12ms | tok/s: 304,089 | mfu: 34.71 | epoch: 1 | eta: 6.5m
step 01978/02205 (89.71%) [ns2_ftrl_eta0p2] | loss: 3.150590 | lrm: 0.21 | dt: 1723.32ms | tok/s: 304,230 | mfu: 34.73 | epoch: 1 | eta: 6.5m
step 01979/02205 (89.75%) [ns2_ftrl_eta0p2] | loss: 3.150477 | lrm: 0.21 | dt: 1733.88ms | tok/s: 302,377 | mfu: 34.52 | epoch: 1 | eta: 6.5m
step 01980/02205 (89.80%) [ns2_ftrl_eta0p2] | loss: 3.146140 | lrm: 0.20 | dt: 1723.80ms | tok/s: 304,146 | mfu: 34.72 | epoch: 1 | eta: 6.4m
step 01981/02205 (89.84%) [ns2_ftrl_eta0p2] | loss: 3.154011 | lrm: 0.20 | dt: 1721.14ms | tok/s: 304,616 | mfu: 34.77 | epoch: 1 | eta: 6.4m
step 01982/02205 (89.89%) [ns2_ftrl_eta0p2] | loss: 3.161373 | lrm: 0.20 | dt: 1727.73ms | tok/s: 303,454 | mfu: 34.64 | epoch: 1 | eta: 6.4m
step 01983/02205 (89.93%) [ns2_ftrl_eta0p2] | loss: 3.161062 | lrm: 0.20 | dt: 1724.57ms | tok/s: 304,010 | mfu: 34.70 | epoch: 1 | eta: 6.4m
step 01984/02205 (89.98%) [ns2_ftrl_eta0p2] | loss: 3.160392 | lrm: 0.20 | dt: 1724.26ms | tok/s: 304,066 | mfu: 34.71 | epoch: 1 | eta: 6.3m
step 01985/02205 (90.02%) [ns2_ftrl_eta0p2] | loss: 3.163120 | lrm: 0.20 | dt: 1732.21ms | tok/s: 302,670 | mfu: 34.55 | epoch: 1 | eta: 6.3m
step 01986/02205 (90.07%) [ns2_ftrl_eta0p2] | loss: 3.157432 | lrm: 0.20 | dt: 1727.30ms | tok/s: 303,530 | mfu: 34.65 | epoch: 1 | eta: 6.3m
step 01987/02205 (90.11%) [ns2_ftrl_eta0p2] | loss: 3.165054 | lrm: 0.20 | dt: 1723.27ms | tok/s: 304,239 | mfu: 34.73 | epoch: 1 | eta: 6.2m
step 01988/02205 (90.16%) [ns2_ftrl_eta0p2] | loss: 3.162433 | lrm: 0.20 | dt: 1734.08ms | tok/s: 302,344 | mfu: 34.51 | epoch: 1 | eta: 6.2m
step 01989/02205 (90.20%) [ns2_ftrl_eta0p2] | loss: 3.167055 | lrm: 0.20 | dt: 1726.99ms | tok/s: 303,584 | mfu: 34.65 | epoch: 1 | eta: 6.2m
step 01990/02205 (90.25%) [ns2_ftrl_eta0p2] | loss: 3.167388 | lrm: 0.20 | dt: 1724.49ms | tok/s: 304,025 | mfu: 34.70 | epoch: 1 | eta: 6.2m
step 01991/02205 (90.29%) [ns2_ftrl_eta0p2] | loss: 3.167588 | lrm: 0.19 | dt: 1725.56ms | tok/s: 303,835 | mfu: 34.68 | epoch: 1 | eta: 6.1m
step 01992/02205 (90.34%) [ns2_ftrl_eta0p2] | loss: 3.162418 | lrm: 0.19 | dt: 1727.40ms | tok/s: 303,512 | mfu: 34.65 | epoch: 1 | eta: 6.1m
step 01993/02205 (90.39%) [ns2_ftrl_eta0p2] | loss: 3.154448 | lrm: 0.19 | dt: 1726.66ms | tok/s: 303,642 | mfu: 34.66 | epoch: 1 | eta: 6.1m
step 01994/02205 (90.43%) [ns2_ftrl_eta0p2] | loss: 3.157511 | lrm: 0.19 | dt: 1724.20ms | tok/s: 304,076 | mfu: 34.71 | epoch: 1 | eta: 6.0m
step 01995/02205 (90.48%) [ns2_ftrl_eta0p2] | loss: 3.152670 | lrm: 0.19 | dt: 1730.63ms | tok/s: 302,946 | mfu: 34.58 | epoch: 1 | eta: 6.0m
step 01996/02205 (90.52%) [ns2_ftrl_eta0p2] | loss: 3.151199 | lrm: 0.19 | dt: 1728.71ms | tok/s: 303,282 | mfu: 34.62 | epoch: 1 | eta: 6.0m
step 01997/02205 (90.57%) [ns2_ftrl_eta0p2] | loss: 3.150315 | lrm: 0.19 | dt: 1724.56ms | tok/s: 304,011 | mfu: 34.70 | epoch: 1 | eta: 6.0m
step 01998/02205 (90.61%) [ns2_ftrl_eta0p2] | loss: 3.143978 | lrm: 0.19 | dt: 1723.97ms | tok/s: 304,115 | mfu: 34.72 | epoch: 1 | eta: 5.9m
step 01999/02205 (90.66%) [ns2_ftrl_eta0p2] | loss: 3.135077 | lrm: 0.19 | dt: 1727.00ms | tok/s: 303,582 | mfu: 34.65 | epoch: 1 | eta: 5.9m
Step 02000 | val bpb: 0.922265
Evaluating: hellaswag_zeroshot (0-shot, type: multiple_choice)... accuracy: 0.3120 | centered: 0.0827 | time: 5.26s
Evaluating: jeopardy (10-shot, type: language_modeling)... accuracy: 0.0020 | centered: 0.0020 | time: 4.88s
Evaluating: bigbench_qa_wikidata (10-shot, type: language_modeling)... accuracy: 0.3680 | centered: 0.3680 | time: 4.64s
Evaluating: arc_easy (10-shot, type: multiple_choice)... accuracy: 0.5520 | centered: 0.4027 | time: 6.08s
Evaluating: arc_challenge (10-shot, type: multiple_choice)... accuracy: 0.2800 | centered: 0.0400 | time: 5.83s
Evaluating: copa (0-shot, type: multiple_choice)... accuracy: 0.6000 | centered: 0.2000 | time: 0.92s
Evaluating: commonsense_qa (10-shot, type: multiple_choice)... accuracy: 0.2700 | centered: 0.0875 | time: 5.82s
Evaluating: piqa (10-shot, type: multiple_choice)... accuracy: 0.6180 | centered: 0.2360 | time: 5.78s
Evaluating: openbook_qa (0-shot, type: multiple_choice)... accuracy: 0.2960 | centered: 0.0613 | time: 4.41s
Evaluating: lambada_openai (0-shot, type: language_modeling)... accuracy: 0.2520 | centered: 0.2520 | time: 4.63s
Evaluating: hellaswag (10-shot, type: multiple_choice)... accuracy: 0.3420 | centered: 0.1227 | time: 7.72s
Evaluating: winograd (0-shot, type: schema)... accuracy: 0.5897 | centered: 0.1795 | time: 2.30s
Evaluating: winogrande (0-shot, type: schema)... accuracy: 0.5140 | centered: 0.0280 | time: 4.22s
Evaluating: bigbench_dyck_languages (10-shot, type: language_modeling)... accuracy: 0.1440 | centered: 0.1440 | time: 5.63s
Evaluating: agi_eval_lsat_ar (3-shot, type: multiple_choice)... accuracy: 0.2652 | centered: 0.0815 | time: 3.27s
Evaluating: bigbench_cs_algorithms (10-shot, type: language_modeling)... accuracy: 0.3860 | centered: 0.3860 | time: 4.97s
Evaluating: bigbench_operators (10-shot, type: language_modeling)... accuracy: 0.0905 | centered: 0.0905 | time: 2.13s
Evaluating: bigbench_repeat_copy_logic (10-shot, type: language_modeling)... accuracy: 0.0000 | centered: 0.0000 | time: 0.31s
Evaluating: squad (10-shot, type: language_modeling)... accuracy: 0.0760 | centered: 0.0760 | time: 7.22s
Evaluating: coqa (0-shot, type: language_modeling)... accuracy: 0.1060 | centered: 0.1060 | time: 4.95s
Evaluating: boolq (10-shot, type: multiple_choice)... accuracy: 0.5820 | centered: -0.1000 | time: 7.62s
Evaluating: bigbench_language_identification (10-shot, type: multiple_choice)... accuracy: 0.2460 | centered: 0.1705 | time: 10.10s
Step 02000 | CORE metric: 0.1371
<|bos|>The capital of France is Paris. The city is located in the center of the country, and it is
<|bos|>The chemical symbol of gold is the symbol of the gold standard. The symbol is a symbol of the gold standard
<|bos|>If yesterday was Friday, then tomorrow will be Saturday. The word Friday is derived from the Latin word Friday, which means Friday
<|bos|>If 5*x + 3 = 13, then x is 13. If 5*x + 3 = 13, then
step 02000/02205 (90.70%) [ns2_ftrl_eta0p2] | loss: 3.136921 | lrm: 0.19 | dt: 1658.94ms | tok/s: 316,038 | mfu: 36.08 | epoch: 1 | eta: 5.9m
step 02001/02205 (90.75%) [ns2_ftrl_eta0p2] | loss: 3.137653 | lrm: 0.19 | dt: 1679.15ms | tok/s: 312,233 | mfu: 35.64 | epoch: 1 | eta: 5.8m
step 02002/02205 (90.79%) [ns2_ftrl_eta0p2] | loss: 3.145978 | lrm: 0.18 | dt: 1661.01ms | tok/s: 315,644 | mfu: 36.03 | epoch: 1 | eta: 5.8m
step 02003/02205 (90.84%) [ns2_ftrl_eta0p2] | loss: 3.154085 | lrm: 0.18 | dt: 1684.55ms | tok/s: 311,233 | mfu: 35.53 | epoch: 1 | eta: 5.8m
step 02004/02205 (90.88%) [ns2_ftrl_eta0p2] | loss: 3.157312 | lrm: 0.18 | dt: 1674.90ms | tok/s: 313,025 | mfu: 35.73 | epoch: 1 | eta: 5.8m
step 02005/02205 (90.93%) [ns2_ftrl_eta0p2] | loss: 3.159395 | lrm: 0.18 | dt: 1682.89ms | tok/s: 311,540 | mfu: 35.56 | epoch: 1 | eta: 5.7m
step 02006/02205 (90.98%) [ns2_ftrl_eta0p2] | loss: 3.161200 | lrm: 0.18 | dt: 1675.16ms | tok/s: 312,976 | mfu: 35.73 | epoch: 1 | eta: 5.7m
step 02007/02205 (91.02%) [ns2_ftrl_eta0p2] | loss: 3.165274 | lrm: 0.18 | dt: 1684.29ms | tok/s: 311,281 | mfu: 35.53 | epoch: 1 | eta: 5.7m
step 02008/02205 (91.07%) [ns2_ftrl_eta0p2] | loss: 3.159991 | lrm: 0.18 | dt: 1695.40ms | tok/s: 309,241 | mfu: 35.30 | epoch: 1 | eta: 5.6m
step 02009/02205 (91.11%) [ns2_ftrl_eta0p2] | loss: 3.161583 | lrm: 0.18 | dt: 1683.61ms | tok/s: 311,407 | mfu: 35.55 | epoch: 1 | eta: 5.6m
step 02010/02205 (91.16%) [ns2_ftrl_eta0p2] | loss: 3.157853 | lrm: 0.18 | dt: 1689.71ms | tok/s: 310,283 | mfu: 35.42 | epoch: 1 | eta: 5.6m
step 02011/02205 (91.20%) [ns2_ftrl_eta0p2] | loss: 3.165375 | lrm: 0.18 | dt: 1686.17ms | tok/s: 310,934 | mfu: 35.49 | epoch: 1 | eta: 5.6m
step 02012/02205 (91.25%) [ns2_ftrl_eta0p2] | loss: 3.158628 | lrm: 0.18 | dt: 1689.50ms | tok/s: 310,321 | mfu: 35.42 | epoch: 1 | eta: 5.5m
step 02013/02205 (91.29%) [ns2_ftrl_eta0p2] | loss: 3.143639 | lrm: 0.17 | dt: 1684.26ms | tok/s: 311,285 | mfu: 35.53 | epoch: 1 | eta: 5.5m
step 02014/02205 (91.34%) [ns2_ftrl_eta0p2] | loss: 3.151518 | lrm: 0.17 | dt: 1689.55ms | tok/s: 310,312 | mfu: 35.42 | epoch: 1 | eta: 5.5m
step 02015/02205 (91.38%) [ns2_ftrl_eta0p2] | loss: 3.149699 | lrm: 0.17 | dt: 1688.48ms | tok/s: 310,509 | mfu: 35.45 | epoch: 1 | eta: 5.4m
step 02016/02205 (91.43%) [ns2_ftrl_eta0p2] | loss: 3.142187 | lrm: 0.17 | dt: 1687.95ms | tok/s: 310,606 | mfu: 35.46 | epoch: 1 | eta: 5.4m
step 02017/02205 (91.47%) [ns2_ftrl_eta0p2] | loss: 3.144842 | lrm: 0.17 | dt: 1692.45ms | tok/s: 309,779 | mfu: 35.36 | epoch: 1 | eta: 5.4m
step 02018/02205 (91.52%) [ns2_ftrl_eta0p2] | loss: 3.146826 | lrm: 0.17 | dt: 1694.89ms | tok/s: 309,334 | mfu: 35.31 | epoch: 1 | eta: 5.4m
step 02019/02205 (91.56%) [ns2_ftrl_eta0p2] | loss: 3.142888 | lrm: 0.17 | dt: 1694.26ms | tok/s: 309,449 | mfu: 35.32 | epoch: 1 | eta: 5.3m
step 02020/02205 (91.61%) [ns2_ftrl_eta0p2] | loss: 3.141107 | lrm: 0.17 | dt: 1692.19ms | tok/s: 309,828 | mfu: 35.37 | epoch: 1 | eta: 5.3m
step 02021/02205 (91.66%) [ns2_ftrl_eta0p2] | loss: 3.148777 | lrm: 0.17 | dt: 1695.48ms | tok/s: 309,225 | mfu: 35.30 | epoch: 1 | eta: 5.3m
step 02022/02205 (91.70%) [ns2_ftrl_eta0p2] | loss: 3.148417 | lrm: 0.17 | dt: 1694.90ms | tok/s: 309,332 | mfu: 35.31 | epoch: 1 | eta: 5.2m
step 02023/02205 (91.75%) [ns2_ftrl_eta0p2] | loss: 3.147176 | lrm: 0.17 | dt: 1696.28ms | tok/s: 309,081 | mfu: 35.28 | epoch: 1 | eta: 5.2m
step 02024/02205 (91.79%) [ns2_ftrl_eta0p2] | loss: 3.139244 | lrm: 0.16 | dt: 1700.35ms | tok/s: 308,341 | mfu: 35.20 | epoch: 1 | eta: 5.2m
step 02025/02205 (91.84%) [ns2_ftrl_eta0p2] | loss: 3.135446 | lrm: 0.16 | dt: 1698.71ms | tok/s: 308,638 | mfu: 35.23 | epoch: 1 | eta: 5.2m
step 02026/02205 (91.88%) [ns2_ftrl_eta0p2] | loss: 3.138372 | lrm: 0.16 | dt: 1694.09ms | tok/s: 309,479 | mfu: 35.33 | epoch: 1 | eta: 5.1m
step 02027/02205 (91.93%) [ns2_ftrl_eta0p2] | loss: 3.137586 | lrm: 0.16 | dt: 1705.26ms | tok/s: 307,452 | mfu: 35.10 | epoch: 1 | eta: 5.1m
step 02028/02205 (91.97%) [ns2_ftrl_eta0p2] | loss: 3.150483 | lrm: 0.16 | dt: 1706.27ms | tok/s: 307,271 | mfu: 35.08 | epoch: 1 | eta: 5.1m
step 02029/02205 (92.02%) [ns2_ftrl_eta0p2] | loss: 3.148192 | lrm: 0.16 | dt: 1700.79ms | tok/s: 308,261 | mfu: 35.19 | epoch: 1 | eta: 5.0m
step 02030/02205 (92.06%) [ns2_ftrl_eta0p2] | loss: 3.154132 | lrm: 0.16 | dt: 1706.10ms | tok/s: 307,301 | mfu: 35.08 | epoch: 1 | eta: 5.0m
step 02031/02205 (92.11%) [ns2_ftrl_eta0p2] | loss: 3.150733 | lrm: 0.16 | dt: 1704.03ms | tok/s: 307,675 | mfu: 35.12 | epoch: 1 | eta: 5.0m
step 02032/02205 (92.15%) [ns2_ftrl_eta0p2] | loss: 3.148919 | lrm: 0.16 | dt: 1706.62ms | tok/s: 307,208 | mfu: 35.07 | epoch: 1 | eta: 5.0m
step 02033/02205 (92.20%) [ns2_ftrl_eta0p2] | loss: 3.150171 | lrm: 0.16 | dt: 1709.60ms | tok/s: 306,672 | mfu: 35.01 | epoch: 1 | eta: 4.9m
step 02034/02205 (92.24%) [ns2_ftrl_eta0p2] | loss: 3.149994 | lrm: 0.16 | dt: 1704.93ms | tok/s: 307,513 | mfu: 35.10 | epoch: 1 | eta: 4.9m
step 02035/02205 (92.29%) [ns2_ftrl_eta0p2] | loss: 3.149391 | lrm: 0.15 | dt: 1713.77ms | tok/s: 305,927 | mfu: 34.92 | epoch: 1 | eta: 4.9m
step 02036/02205 (92.34%) [ns2_ftrl_eta0p2] | loss: 3.139665 | lrm: 0.15 | dt: 1705.16ms | tok/s: 307,471 | mfu: 35.10 | epoch: 1 | eta: 4.8m
step 02037/02205 (92.38%) [ns2_ftrl_eta0p2] | loss: 3.145936 | lrm: 0.15 | dt: 1703.51ms | tok/s: 307,769 | mfu: 35.13 | epoch: 1 | eta: 4.8m
step 02038/02205 (92.43%) [ns2_ftrl_eta0p2] | loss: 3.146817 | lrm: 0.15 | dt: 1708.21ms | tok/s: 306,921 | mfu: 35.04 | epoch: 1 | eta: 4.8m
step 02039/02205 (92.47%) [ns2_ftrl_eta0p2] | loss: 3.137323 | lrm: 0.15 | dt: 1709.04ms | tok/s: 306,773 | mfu: 35.02 | epoch: 1 | eta: 4.8m
step 02040/02205 (92.52%) [ns2_ftrl_eta0p2] | loss: 3.144162 | lrm: 0.15 | dt: 1700.36ms | tok/s: 308,340 | mfu: 35.20 | epoch: 1 | eta: 4.7m
step 02041/02205 (92.56%) [ns2_ftrl_eta0p2] | loss: 3.156621 | lrm: 0.15 | dt: 1710.69ms | tok/s: 306,476 | mfu: 34.98 | epoch: 1 | eta: 4.7m
step 02042/02205 (92.61%) [ns2_ftrl_eta0p2] | loss: 3.159055 | lrm: 0.15 | dt: 1714.59ms | tok/s: 305,780 | mfu: 34.91 | epoch: 1 | eta: 4.7m
step 02043/02205 (92.65%) [ns2_ftrl_eta0p2] | loss: 3.154192 | lrm: 0.15 | dt: 1708.34ms | tok/s: 306,898 | mfu: 35.03 | epoch: 1 | eta: 4.6m
step 02044/02205 (92.70%) [ns2_ftrl_eta0p2] | loss: 3.148700 | lrm: 0.15 | dt: 1718.52ms | tok/s: 305,081 | mfu: 34.83 | epoch: 1 | eta: 4.6m
step 02045/02205 (92.74%) [ns2_ftrl_eta0p2] | loss: 3.152902 | lrm: 0.15 | dt: 1706.92ms | tok/s: 307,155 | mfu: 35.06 | epoch: 1 | eta: 4.6m
step 02046/02205 (92.79%) [ns2_ftrl_eta0p2] | loss: 3.155759 | lrm: 0.14 | dt: 1716.93ms | tok/s: 305,362 | mfu: 34.86 | epoch: 1 | eta: 4.6m
step 02047/02205 (92.83%) [ns2_ftrl_eta0p2] | loss: 3.156023 | lrm: 0.14 | dt: 1709.38ms | tok/s: 306,712 | mfu: 35.01 | epoch: 1 | eta: 4.5m
step 02048/02205 (92.88%) [ns2_ftrl_eta0p2] | loss: 3.162476 | lrm: 0.14 | dt: 1713.73ms | tok/s: 305,933 | mfu: 34.92 | epoch: 1 | eta: 4.5m
step 02049/02205 (92.93%) [ns2_ftrl_eta0p2] | loss: 3.161074 | lrm: 0.14 | dt: 1720.17ms | tok/s: 304,789 | mfu: 34.79 | epoch: 1 | eta: 4.5m
step 02050/02205 (92.97%) [ns2_ftrl_eta0p2] | loss: 3.158278 | lrm: 0.14 | dt: 1714.49ms | tok/s: 305,798 | mfu: 34.91 | epoch: 1 | eta: 4.4m
step 02051/02205 (93.02%) [ns2_ftrl_eta0p2] | loss: 3.163033 | lrm: 0.14 | dt: 1713.16ms | tok/s: 306,035 | mfu: 34.93 | epoch: 1 | eta: 4.4m
step 02052/02205 (93.06%) [ns2_ftrl_eta0p2] | loss: 3.156602 | lrm: 0.14 | dt: 1713.23ms | tok/s: 306,023 | mfu: 34.93 | epoch: 1 | eta: 4.4m
step 02053/02205 (93.11%) [ns2_ftrl_eta0p2] | loss: 3.150665 | lrm: 0.14 | dt: 1718.02ms | tok/s: 305,170 | mfu: 34.84 | epoch: 1 | eta: 4.4m
step 02054/02205 (93.15%) [ns2_ftrl_eta0p2] | loss: 3.152173 | lrm: 0.14 | dt: 1711.80ms | tok/s: 306,278 | mfu: 34.96 | epoch: 1 | eta: 4.3m
step 02055/02205 (93.20%) [ns2_ftrl_eta0p2] | loss: 3.152846 | lrm: 0.14 | dt: 1716.96ms | tok/s: 305,358 | mfu: 34.86 | epoch: 1 | eta: 4.3m
step 02056/02205 (93.24%) [ns2_ftrl_eta0p2] | loss: 3.138477 | lrm: 0.14 | dt: 1709.14ms | tok/s: 306,754 | mfu: 35.02 | epoch: 1 | eta: 4.3m
step 02057/02205 (93.29%) [ns2_ftrl_eta0p2] | loss: 3.138083 | lrm: 0.13 | dt: 1713.68ms | tok/s: 305,941 | mfu: 34.92 | epoch: 1 | eta: 4.2m
step 02058/02205 (93.33%) [ns2_ftrl_eta0p2] | loss: 3.144382 | lrm: 0.13 | dt: 1715.13ms | tok/s: 305,684 | mfu: 34.89 | epoch: 1 | eta: 4.2m
step 02059/02205 (93.38%) [ns2_ftrl_eta0p2] | loss: 3.133300 | lrm: 0.13 | dt: 1713.49ms | tok/s: 305,975 | mfu: 34.93 | epoch: 1 | eta: 4.2m
step 02060/02205 (93.42%) [ns2_ftrl_eta0p2] | loss: 3.132646 | lrm: 0.13 | dt: 1714.84ms | tok/s: 305,736 | mfu: 34.90 | epoch: 1 | eta: 4.1m
step 02061/02205 (93.47%) [ns2_ftrl_eta0p2] | loss: 3.143984 | lrm: 0.13 | dt: 1715.27ms | tok/s: 305,658 | mfu: 34.89 | epoch: 1 | eta: 4.1m
step 02062/02205 (93.51%) [ns2_ftrl_eta0p2] | loss: 3.145496 | lrm: 0.13 | dt: 1719.07ms | tok/s: 304,984 | mfu: 34.81 | epoch: 1 | eta: 4.1m
step 02063/02205 (93.56%) [ns2_ftrl_eta0p2] | loss: 3.140507 | lrm: 0.13 | dt: 1716.98ms | tok/s: 305,354 | mfu: 34.86 | epoch: 1 | eta: 4.1m
step 02064/02205 (93.61%) [ns2_ftrl_eta0p2] | loss: 3.144523 | lrm: 0.13 | dt: 1715.65ms | tok/s: 305,591 | mfu: 34.88 | epoch: 1 | eta: 4.0m
step 02065/02205 (93.65%) [ns2_ftrl_eta0p2] | loss: 3.142632 | lrm: 0.13 | dt: 1716.65ms | tok/s: 305,412 | mfu: 34.86 | epoch: 1 | eta: 4.0m
step 02066/02205 (93.70%) [ns2_ftrl_eta0p2] | loss: 3.139000 | lrm: 0.13 | dt: 1722.29ms | tok/s: 304,413 | mfu: 34.75 | epoch: 1 | eta: 4.0m
step 02067/02205 (93.74%) [ns2_ftrl_eta0p2] | loss: 3.134004 | lrm: 0.13 | dt: 1718.33ms | tok/s: 305,114 | mfu: 34.83 | epoch: 1 | eta: 3.9m
step 02068/02205 (93.79%) [ns2_ftrl_eta0p2] | loss: 3.135921 | lrm: 0.12 | dt: 1719.75ms | tok/s: 304,863 | mfu: 34.80 | epoch: 1 | eta: 3.9m
step 02069/02205 (93.83%) [ns2_ftrl_eta0p2] | loss: 3.137903 | lrm: 0.12 | dt: 1716.23ms | tok/s: 305,488 | mfu: 34.87 | epoch: 1 | eta: 3.9m
step 02070/02205 (93.88%) [ns2_ftrl_eta0p2] | loss: 3.137255 | lrm: 0.12 | dt: 1715.96ms | tok/s: 305,535 | mfu: 34.88 | epoch: 1 | eta: 3.9m
step 02071/02205 (93.92%) [ns2_ftrl_eta0p2] | loss: 3.130626 | lrm: 0.12 | dt: 1718.72ms | tok/s: 305,046 | mfu: 34.82 | epoch: 1 | eta: 3.8m
step 02072/02205 (93.97%) [ns2_ftrl_eta0p2] | loss: 3.121656 | lrm: 0.12 | dt: 1713.17ms | tok/s: 306,033 | mfu: 34.93 | epoch: 1 | eta: 3.8m
step 02073/02205 (94.01%) [ns2_ftrl_eta0p2] | loss: 3.121025 | lrm: 0.12 | dt: 1715.11ms | tok/s: 305,688 | mfu: 34.89 | epoch: 1 | eta: 3.8m
step 02074/02205 (94.06%) [ns2_ftrl_eta0p2] | loss: 3.126182 | lrm: 0.12 | dt: 1721.03ms | tok/s: 304,636 | mfu: 34.77 | epoch: 1 | eta: 3.7m
step 02075/02205 (94.10%) [ns2_ftrl_eta0p2] | loss: 3.116223 | lrm: 0.12 | dt: 1716.23ms | tok/s: 305,488 | mfu: 34.87 | epoch: 1 | eta: 3.7m
step 02076/02205 (94.15%) [ns2_ftrl_eta0p2] | loss: 3.114249 | lrm: 0.12 | dt: 1719.49ms | tok/s: 304,908 | mfu: 34.81 | epoch: 1 | eta: 3.7m
step 02077/02205 (94.20%) [ns2_ftrl_eta0p2] | loss: 3.124906 | lrm: 0.12 | dt: 1724.54ms | tok/s: 304,016 | mfu: 34.70 | epoch: 1 | eta: 3.7m
step 02078/02205 (94.24%) [ns2_ftrl_eta0p2] | loss: 3.128535 | lrm: 0.12 | dt: 1718.97ms | tok/s: 305,001 | mfu: 34.82 | epoch: 1 | eta: 3.6m
step 02079/02205 (94.29%) [ns2_ftrl_eta0p2] | loss: 3.125294 | lrm: 0.11 | dt: 1720.23ms | tok/s: 304,777 | mfu: 34.79 | epoch: 1 | eta: 3.6m
step 02080/02205 (94.33%) [ns2_ftrl_eta0p2] | loss: 3.128946 | lrm: 0.11 | dt: 1715.33ms | tok/s: 305,647 | mfu: 34.89 | epoch: 1 | eta: 3.6m
step 02081/02205 (94.38%) [ns2_ftrl_eta0p2] | loss: 3.125223 | lrm: 0.11 | dt: 1723.62ms | tok/s: 304,178 | mfu: 34.72 | epoch: 1 | eta: 3.5m
step 02082/02205 (94.42%) [ns2_ftrl_eta0p2] | loss: 3.122439 | lrm: 0.11 | dt: 1714.71ms | tok/s: 305,758 | mfu: 34.90 | epoch: 1 | eta: 3.5m
step 02083/02205 (94.47%) [ns2_ftrl_eta0p2] | loss: 3.124218 | lrm: 0.11 | dt: 1715.78ms | tok/s: 305,567 | mfu: 34.88 | epoch: 1 | eta: 3.5m
step 02084/02205 (94.51%) [ns2_ftrl_eta0p2] | loss: 3.114313 | lrm: 0.11 | dt: 1720.94ms | tok/s: 304,651 | mfu: 34.78 | epoch: 1 | eta: 3.5m
step 02085/02205 (94.56%) [ns2_ftrl_eta0p2] | loss: 3.113143 | lrm: 0.11 | dt: 1719.91ms | tok/s: 304,833 | mfu: 34.80 | epoch: 1 | eta: 3.4m
step 02086/02205 (94.60%) [ns2_ftrl_eta0p2] | loss: 3.116366 | lrm: 0.11 | dt: 1719.67ms | tok/s: 304,876 | mfu: 34.80 | epoch: 1 | eta: 3.4m
step 02087/02205 (94.65%) [ns2_ftrl_eta0p2] | loss: 3.109578 | lrm: 0.11 | dt: 1719.61ms | tok/s: 304,887 | mfu: 34.80 | epoch: 1 | eta: 3.4m
step 02088/02205 (94.69%) [ns2_ftrl_eta0p2] | loss: 3.112872 | lrm: 0.11 | dt: 1713.97ms | tok/s: 305,890 | mfu: 34.92 | epoch: 1 | eta: 3.3m
step 02089/02205 (94.74%) [ns2_ftrl_eta0p2] | loss: 3.119531 | lrm: 0.11 | dt: 1723.21ms | tok/s: 304,249 | mfu: 34.73 | epoch: 1 | eta: 3.3m
step 02090/02205 (94.78%) [ns2_ftrl_eta0p2] | loss: 3.125581 | lrm: 0.10 | dt: 1723.31ms | tok/s: 304,233 | mfu: 34.73 | epoch: 1 | eta: 3.3m
step 02091/02205 (94.83%) [ns2_ftrl_eta0p2] | loss: 3.131685 | lrm: 0.10 | dt: 1715.91ms | tok/s: 305,545 | mfu: 34.88 | epoch: 1 | eta: 3.3m
step 02092/02205 (94.88%) [ns2_ftrl_eta0p2] | loss: 3.134249 | lrm: 0.10 | dt: 1726.34ms | tok/s: 303,699 | mfu: 34.67 | epoch: 1 | eta: 3.2m
step 02093/02205 (94.92%) [ns2_ftrl_eta0p2] | loss: 3.138502 | lrm: 0.10 | dt: 1721.67ms | tok/s: 304,523 | mfu: 34.76 | epoch: 1 | eta: 3.2m
step 02094/02205 (94.97%) [ns2_ftrl_eta0p2] | loss: 3.146207 | lrm: 0.10 | dt: 1720.03ms | tok/s: 304,812 | mfu: 34.79 | epoch: 1 | eta: 3.2m
step 02095/02205 (95.01%) [ns2_ftrl_eta0p2] | loss: 3.150672 | lrm: 0.10 | dt: 1716.64ms | tok/s: 305,415 | mfu: 34.86 | epoch: 1 | eta: 3.1m
step 02096/02205 (95.06%) [ns2_ftrl_eta0p2] | loss: 3.149138 | lrm: 0.10 | dt: 1715.77ms | tok/s: 305,569 | mfu: 34.88 | epoch: 1 | eta: 3.1m
step 02097/02205 (95.10%) [ns2_ftrl_eta0p2] | loss: 3.140524 | lrm: 0.10 | dt: 1719.55ms | tok/s: 304,898 | mfu: 34.80 | epoch: 1 | eta: 3.1m
step 02098/02205 (95.15%) [ns2_ftrl_eta0p2] | loss: 3.136522 | lrm: 0.10 | dt: 1720.66ms | tok/s: 304,700 | mfu: 34.78 | epoch: 1 | eta: 3.1m
step 02099/02205 (95.19%) [ns2_ftrl_eta0p2] | loss: 3.133730 | lrm: 0.10 | dt: 1720.72ms | tok/s: 304,691 | mfu: 34.78 | epoch: 1 | eta: 3.0m
step 02100/02205 (95.24%) [ns2_ftrl_eta0p2] | loss: 3.119642 | lrm: 0.10 | dt: 1722.81ms | tok/s: 304,322 | mfu: 34.74 | epoch: 1 | eta: 3.0m
step 02101/02205 (95.28%) [ns2_ftrl_eta0p2] | loss: 3.106695 | lrm: 0.09 | dt: 1723.12ms | tok/s: 304,267 | mfu: 34.73 | epoch: 1 | eta: 3.0m
step 02102/02205 (95.33%) [ns2_ftrl_eta0p2] | loss: 3.100880 | lrm: 0.09 | dt: 1716.82ms | tok/s: 305,382 | mfu: 34.86 | epoch: 1 | eta: 2.9m
step 02103/02205 (95.37%) [ns2_ftrl_eta0p2] | loss: 3.103674 | lrm: 0.09 | dt: 1724.32ms | tok/s: 304,054 | mfu: 34.71 | epoch: 1 | eta: 2.9m
step 02104/02205 (95.42%) [ns2_ftrl_eta0p2] | loss: 3.115501 | lrm: 0.09 | dt: 1719.98ms | tok/s: 304,822 | mfu: 34.80 | epoch: 1 | eta: 2.9m
step 02105/02205 (95.46%) [ns2_ftrl_eta0p2] | loss: 3.118695 | lrm: 0.09 | dt: 1715.58ms | tok/s: 305,603 | mfu: 34.89 | epoch: 1 | eta: 2.9m
step 02106/02205 (95.51%) [ns2_ftrl_eta0p2] | loss: 3.126486 | lrm: 0.09 | dt: 1720.38ms | tok/s: 304,752 | mfu: 34.79 | epoch: 1 | eta: 2.8m
step 02107/02205 (95.56%) [ns2_ftrl_eta0p2] | loss: 3.123916 | lrm: 0.09 | dt: 1723.45ms | tok/s: 304,208 | mfu: 34.73 | epoch: 1 | eta: 2.8m
step 02108/02205 (95.60%) [ns2_ftrl_eta0p2] | loss: 3.131554 | lrm: 0.09 | dt: 1714.45ms | tok/s: 305,804 | mfu: 34.91 | epoch: 1 | eta: 2.8m
step 02109/02205 (95.65%) [ns2_ftrl_eta0p2] | loss: 3.132459 | lrm: 0.09 | dt: 1724.79ms | tok/s: 303,972 | mfu: 34.70 | epoch: 1 | eta: 2.7m
step 02110/02205 (95.69%) [ns2_ftrl_eta0p2] | loss: 3.126691 | lrm: 0.09 | dt: 1723.93ms | tok/s: 304,123 | mfu: 34.72 | epoch: 1 | eta: 2.7m
step 02111/02205 (95.74%) [ns2_ftrl_eta0p2] | loss: 3.143996 | lrm: 0.09 | dt: 1721.41ms | tok/s: 304,568 | mfu: 34.77 | epoch: 1 | eta: 2.7m
step 02112/02205 (95.78%) [ns2_ftrl_eta0p2] | loss: 3.135865 | lrm: 0.08 | dt: 1720.27ms | tok/s: 304,770 | mfu: 34.79 | epoch: 1 | eta: 2.7m
step 02113/02205 (95.83%) [ns2_ftrl_eta0p2] | loss: 3.129102 | lrm: 0.08 | dt: 1723.32ms | tok/s: 304,232 | mfu: 34.73 | epoch: 1 | eta: 2.6m
step 02114/02205 (95.87%) [ns2_ftrl_eta0p2] | loss: 3.130056 | lrm: 0.08 | dt: 1720.74ms | tok/s: 304,686 | mfu: 34.78 | epoch: 1 | eta: 2.6m
step 02115/02205 (95.92%) [ns2_ftrl_eta0p2] | loss: 3.135080 | lrm: 0.08 | dt: 1720.23ms | tok/s: 304,778 | mfu: 34.79 | epoch: 1 | eta: 2.6m
step 02116/02205 (95.96%) [ns2_ftrl_eta0p2] | loss: 3.136222 | lrm: 0.08 | dt: 1722.90ms | tok/s: 304,306 | mfu: 34.74 | epoch: 1 | eta: 2.5m
step 02117/02205 (96.01%) [ns2_ftrl_eta0p2] | loss: 3.133688 | lrm: 0.08 | dt: 1722.03ms | tok/s: 304,458 | mfu: 34.75 | epoch: 1 | eta: 2.5m
step 02118/02205 (96.05%) [ns2_ftrl_eta0p2] | loss: 3.127562 | lrm: 0.08 | dt: 1726.88ms | tok/s: 303,604 | mfu: 34.66 | epoch: 1 | eta: 2.5m
step 02119/02205 (96.10%) [ns2_ftrl_eta0p2] | loss: 3.130066 | lrm: 0.08 | dt: 1728.10ms | tok/s: 303,389 | mfu: 34.63 | epoch: 1 | eta: 2.5m
step 02120/02205 (96.15%) [ns2_ftrl_eta0p2] | loss: 3.122763 | lrm: 0.08 | dt: 1721.70ms | tok/s: 304,518 | mfu: 34.76 | epoch: 1 | eta: 2.4m
step 02121/02205 (96.19%) [ns2_ftrl_eta0p2] | loss: 3.117847 | lrm: 0.08 | dt: 1718.95ms | tok/s: 305,004 | mfu: 34.82 | epoch: 1 | eta: 2.4m
step 02122/02205 (96.24%) [ns2_ftrl_eta0p2] | loss: 3.115196 | lrm: 0.08 | dt: 1720.31ms | tok/s: 304,764 | mfu: 34.79 | epoch: 1 | eta: 2.4m
step 02123/02205 (96.28%) [ns2_ftrl_eta0p2] | loss: 3.112291 | lrm: 0.07 | dt: 1724.36ms | tok/s: 304,047 | mfu: 34.71 | epoch: 1 | eta: 2.3m
step 02124/02205 (96.33%) [ns2_ftrl_eta0p2] | loss: 3.108649 | lrm: 0.07 | dt: 1721.66ms | tok/s: 304,525 | mfu: 34.76 | epoch: 1 | eta: 2.3m
step 02125/02205 (96.37%) [ns2_ftrl_eta0p2] | loss: 3.110018 | lrm: 0.07 | dt: 1719.66ms | tok/s: 304,879 | mfu: 34.80 | epoch: 1 | eta: 2.3m
step 02126/02205 (96.42%) [ns2_ftrl_eta0p2] | loss: 3.119842 | lrm: 0.07 | dt: 1726.73ms | tok/s: 303,630 | mfu: 34.66 | epoch: 1 | eta: 2.3m
step 02127/02205 (96.46%) [ns2_ftrl_eta0p2] | loss: 3.128165 | lrm: 0.07 | dt: 1727.08ms | tok/s: 303,568 | mfu: 34.65 | epoch: 1 | eta: 2.2m
step 02128/02205 (96.51%) [ns2_ftrl_eta0p2] | loss: 3.134075 | lrm: 0.07 | dt: 1720.37ms | tok/s: 304,753 | mfu: 34.79 | epoch: 1 | eta: 2.2m
step 02129/02205 (96.55%) [ns2_ftrl_eta0p2] | loss: 3.134897 | lrm: 0.07 | dt: 1725.98ms | tok/s: 303,762 | mfu: 34.67 | epoch: 1 | eta: 2.2m
step 02130/02205 (96.60%) [ns2_ftrl_eta0p2] | loss: 3.139803 | lrm: 0.07 | dt: 1717.89ms | tok/s: 305,193 | mfu: 34.84 | epoch: 1 | eta: 2.1m
step 02131/02205 (96.64%) [ns2_ftrl_eta0p2] | loss: 3.135984 | lrm: 0.07 | dt: 1720.76ms | tok/s: 304,683 | mfu: 34.78 | epoch: 1 | eta: 2.1m
step 02132/02205 (96.69%) [ns2_ftrl_eta0p2] | loss: 3.130560 | lrm: 0.07 | dt: 1720.23ms | tok/s: 304,777 | mfu: 34.79 | epoch: 1 | eta: 2.1m
step 02133/02205 (96.73%) [ns2_ftrl_eta0p2] | loss: 3.134774 | lrm: 0.07 | dt: 1722.41ms | tok/s: 304,392 | mfu: 34.75 | epoch: 1 | eta: 2.1m
step 02134/02205 (96.78%) [ns2_ftrl_eta0p2] | loss: 3.139883 | lrm: 0.06 | dt: 1719.67ms | tok/s: 304,876 | mfu: 34.80 | epoch: 1 | eta: 2.0m
step 02135/02205 (96.83%) [ns2_ftrl_eta0p2] | loss: 3.132556 | lrm: 0.06 | dt: 1720.78ms | tok/s: 304,681 | mfu: 34.78 | epoch: 1 | eta: 2.0m
step 02136/02205 (96.87%) [ns2_ftrl_eta0p2] | loss: 3.129865 | lrm: 0.06 | dt: 1725.03ms | tok/s: 303,929 | mfu: 34.69 | epoch: 1 | eta: 2.0m
step 02137/02205 (96.92%) [ns2_ftrl_eta0p2] | loss: 3.131752 | lrm: 0.06 | dt: 1720.55ms | tok/s: 304,721 | mfu: 34.78 | epoch: 1 | eta: 1.9m
step 02138/02205 (96.96%) [ns2_ftrl_eta0p2] | loss: 3.127701 | lrm: 0.06 | dt: 1721.30ms | tok/s: 304,588 | mfu: 34.77 | epoch: 1 | eta: 1.9m
step 02139/02205 (97.01%) [ns2_ftrl_eta0p2] | loss: 3.119146 | lrm: 0.06 | dt: 1723.88ms | tok/s: 304,131 | mfu: 34.72 | epoch: 1 | eta: 1.9m
step 02140/02205 (97.05%) [ns2_ftrl_eta0p2] | loss: 3.115021 | lrm: 0.06 | dt: 1720.50ms | tok/s: 304,729 | mfu: 34.79 | epoch: 1 | eta: 1.9m
step 02141/02205 (97.10%) [ns2_ftrl_eta0p2] | loss: 3.120429 | lrm: 0.06 | dt: 1724.36ms | tok/s: 304,048 | mfu: 34.71 | epoch: 1 | eta: 1.8m
step 02142/02205 (97.14%) [ns2_ftrl_eta0p2] | loss: 3.125764 | lrm: 0.06 | dt: 1725.79ms | tok/s: 303,796 | mfu: 34.68 | epoch: 1 | eta: 1.8m
step 02143/02205 (97.19%) [ns2_ftrl_eta0p2] | loss: 3.129123 | lrm: 0.06 | dt: 1721.80ms | tok/s: 304,500 | mfu: 34.76 | epoch: 1 | eta: 1.8m
step 02144/02205 (97.23%) [ns2_ftrl_eta0p2] | loss: 3.131538 | lrm: 0.06 | dt: 1721.32ms | tok/s: 304,584 | mfu: 34.77 | epoch: 1 | eta: 1.7m
step 02145/02205 (97.28%) [ns2_ftrl_eta0p2] | loss: 3.129558 | lrm: 0.05 | dt: 1721.59ms | tok/s: 304,536 | mfu: 34.76 | epoch: 1 | eta: 1.7m
step 02146/02205 (97.32%) [ns2_ftrl_eta0p2] | loss: 3.134369 | lrm: 0.05 | dt: 1720.13ms | tok/s: 304,795 | mfu: 34.79 | epoch: 1 | eta: 1.7m
step 02147/02205 (97.37%) [ns2_ftrl_eta0p2] | loss: 3.125987 | lrm: 0.05 | dt: 1721.81ms | tok/s: 304,497 | mfu: 34.76 | epoch: 1 | eta: 1.7m
step 02148/02205 (97.41%) [ns2_ftrl_eta0p2] | loss: 3.130266 | lrm: 0.05 | dt: 1720.35ms | tok/s: 304,756 | mfu: 34.79 | epoch: 1 | eta: 1.6m
step 02149/02205 (97.46%) [ns2_ftrl_eta0p2] | loss: 3.125717 | lrm: 0.05 | dt: 1727.53ms | tok/s: 303,490 | mfu: 34.64 | epoch: 1 | eta: 1.6m
step 02150/02205 (97.51%) [ns2_ftrl_eta0p2] | loss: 3.124924 | lrm: 0.05 | dt: 1724.04ms | tok/s: 304,103 | mfu: 34.71 | epoch: 1 | eta: 1.6m
step 02151/02205 (97.55%) [ns2_ftrl_eta0p2] | loss: 3.131429 | lrm: 0.05 | dt: 1718.30ms | tok/s: 305,120 | mfu: 34.83 | epoch: 1 | eta: 1.5m
step 02152/02205 (97.60%) [ns2_ftrl_eta0p2] | loss: 3.132745 | lrm: 0.05 | dt: 1726.17ms | tok/s: 303,728 | mfu: 34.67 | epoch: 1 | eta: 1.5m
step 02153/02205 (97.64%) [ns2_ftrl_eta0p2] | loss: 3.125359 | lrm: 0.05 | dt: 1724.53ms | tok/s: 304,017 | mfu: 34.70 | epoch: 1 | eta: 1.5m
step 02154/02205 (97.69%) [ns2_ftrl_eta0p2] | loss: 3.122946 | lrm: 0.05 | dt: 1725.54ms | tok/s: 303,839 | mfu: 34.68 | epoch: 1 | eta: 1.5m
step 02155/02205 (97.73%) [ns2_ftrl_eta0p2] | loss: 3.125869 | lrm: 0.05 | dt: 1723.94ms | tok/s: 304,121 | mfu: 34.72 | epoch: 1 | eta: 1.4m
step 02156/02205 (97.78%) [ns2_ftrl_eta0p2] | loss: 3.125782 | lrm: 0.04 | dt: 1720.42ms | tok/s: 304,743 | mfu: 34.79 | epoch: 1 | eta: 1.4m
step 02157/02205 (97.82%) [ns2_ftrl_eta0p2] | loss: 3.128097 | lrm: 0.04 | dt: 1722.14ms | tok/s: 304,439 | mfu: 34.75 | epoch: 1 | eta: 1.4m
step 02158/02205 (97.87%) [ns2_ftrl_eta0p2] | loss: 3.131117 | lrm: 0.04 | dt: 1719.87ms | tok/s: 304,841 | mfu: 34.80 | epoch: 1 | eta: 1.3m
step 02159/02205 (97.91%) [ns2_ftrl_eta0p2] | loss: 3.124720 | lrm: 0.04 | dt: 1725.79ms | tok/s: 303,795 | mfu: 34.68 | epoch: 1 | eta: 1.3m
step 02160/02205 (97.96%) [ns2_ftrl_eta0p2] | loss: 3.123221 | lrm: 0.04 | dt: 1721.48ms | tok/s: 304,557 | mfu: 34.77 | epoch: 1 | eta: 1.3m
step 02161/02205 (98.00%) [ns2_ftrl_eta0p2] | loss: 3.121679 | lrm: 0.04 | dt: 1720.57ms | tok/s: 304,717 | mfu: 34.78 | epoch: 1 | eta: 1.3m
step 02162/02205 (98.05%) [ns2_ftrl_eta0p2] | loss: 3.116147 | lrm: 0.04 | dt: 1721.56ms | tok/s: 304,543 | mfu: 34.76 | epoch: 1 | eta: 1.2m
step 02163/02205 (98.10%) [ns2_ftrl_eta0p2] | loss: 3.118951 | lrm: 0.04 | dt: 1721.43ms | tok/s: 304,565 | mfu: 34.77 | epoch: 1 | eta: 1.2m
step 02164/02205 (98.14%) [ns2_ftrl_eta0p2] | loss: 3.120284 | lrm: 0.04 | dt: 1725.41ms | tok/s: 303,863 | mfu: 34.69 | epoch: 1 | eta: 1.2m
step 02165/02205 (98.19%) [ns2_ftrl_eta0p2] | loss: 3.119900 | lrm: 0.04 | dt: 1725.20ms | tok/s: 303,900 | mfu: 34.69 | epoch: 1 | eta: 1.1m
step 02166/02205 (98.23%) [ns2_ftrl_eta0p2] | loss: 3.125051 | lrm: 0.04 | dt: 1719.80ms | tok/s: 304,853 | mfu: 34.80 | epoch: 1 | eta: 1.1m
step 02167/02205 (98.28%) [ns2_ftrl_eta0p2] | loss: 3.119816 | lrm: 0.03 | dt: 1720.05ms | tok/s: 304,809 | mfu: 34.79 | epoch: 1 | eta: 1.1m
step 02168/02205 (98.32%) [ns2_ftrl_eta0p2] | loss: 3.114690 | lrm: 0.03 | dt: 1723.47ms | tok/s: 304,205 | mfu: 34.73 | epoch: 1 | eta: 1.1m
step 02169/02205 (98.37%) [ns2_ftrl_eta0p2] | loss: 3.104459 | lrm: 0.03 | dt: 1723.95ms | tok/s: 304,120 | mfu: 34.72 | epoch: 1 | eta: 1.0m
step 02170/02205 (98.41%) [ns2_ftrl_eta0p2] | loss: 3.114869 | lrm: 0.03 | dt: 1721.74ms | tok/s: 304,511 | mfu: 34.76 | epoch: 1 | eta: 1.0m
step 02171/02205 (98.46%) [ns2_ftrl_eta0p2] | loss: 3.122194 | lrm: 0.03 | dt: 1719.78ms | tok/s: 304,857 | mfu: 34.80 | epoch: 1 | eta: 1.0m
step 02172/02205 (98.50%) [ns2_ftrl_eta0p2] | loss: 3.130783 | lrm: 0.03 | dt: 1724.38ms | tok/s: 304,043 | mfu: 34.71 | epoch: 1 | eta: 0.9m
step 02173/02205 (98.55%) [ns2_ftrl_eta0p2] | loss: 3.125273 | lrm: 0.03 | dt: 1725.02ms | tok/s: 303,932 | mfu: 34.69 | epoch: 1 | eta: 0.9m
step 02174/02205 (98.59%) [ns2_ftrl_eta0p2] | loss: 3.124521 | lrm: 0.03 | dt: 1720.19ms | tok/s: 304,784 | mfu: 34.79 | epoch: 1 | eta: 0.9m
step 02175/02205 (98.64%) [ns2_ftrl_eta0p2] | loss: 3.123104 | lrm: 0.03 | dt: 1727.92ms | tok/s: 303,420 | mfu: 34.64 | epoch: 1 | eta: 0.9m
step 02176/02205 (98.68%) [ns2_ftrl_eta0p2] | loss: 3.129565 | lrm: 0.03 | dt: 1721.13ms | tok/s: 304,617 | mfu: 34.77 | epoch: 1 | eta: 0.8m
step 02177/02205 (98.73%) [ns2_ftrl_eta0p2] | loss: 3.125923 | lrm: 0.03 | dt: 1724.90ms | tok/s: 303,951 | mfu: 34.70 | epoch: 1 | eta: 0.8m
step 02178/02205 (98.78%) [ns2_ftrl_eta0p2] | loss: 3.140553 | lrm: 0.02 | dt: 1728.56ms | tok/s: 303,308 | mfu: 34.62 | epoch: 1 | eta: 0.8m
step 02179/02205 (98.82%) [ns2_ftrl_eta0p2] | loss: 3.137177 | lrm: 0.02 | dt: 1715.77ms | tok/s: 305,569 | mfu: 34.88 | epoch: 1 | eta: 0.7m
step 02180/02205 (98.87%) [ns2_ftrl_eta0p2] | loss: 3.149605 | lrm: 0.02 | dt: 1716.40ms | tok/s: 305,457 | mfu: 34.87 | epoch: 1 | eta: 0.7m
step 02181/02205 (98.91%) [ns2_ftrl_eta0p2] | loss: 3.148813 | lrm: 0.02 | dt: 1719.60ms | tok/s: 304,890 | mfu: 34.80 | epoch: 1 | eta: 0.7m
step 02182/02205 (98.96%) [ns2_ftrl_eta0p2] | loss: 3.139506 | lrm: 0.02 | dt: 1713.42ms | tok/s: 305,989 | mfu: 34.93 | epoch: 1 | eta: 0.7m
step 02183/02205 (99.00%) [ns2_ftrl_eta0p2] | loss: 3.137973 | lrm: 0.02 | dt: 1716.42ms | tok/s: 305,454 | mfu: 34.87 | epoch: 1 | eta: 0.6m
step 02184/02205 (99.05%) [ns2_ftrl_eta0p2] | loss: 3.130317 | lrm: 0.02 | dt: 1717.15ms | tok/s: 305,323 | mfu: 34.85 | epoch: 1 | eta: 0.6m
step 02185/02205 (99.09%) [ns2_ftrl_eta0p2] | loss: 3.134825 | lrm: 0.02 | dt: 1715.53ms | tok/s: 305,612 | mfu: 34.89 | epoch: 1 | eta: 0.6m
step 02186/02205 (99.14%) [ns2_ftrl_eta0p2] | loss: 3.134869 | lrm: 0.02 | dt: 1721.16ms | tok/s: 304,612 | mfu: 34.77 | epoch: 1 | eta: 0.5m
step 02187/02205 (99.18%) [ns2_ftrl_eta0p2] | loss: 3.135664 | lrm: 0.02 | dt: 1712.71ms | tok/s: 306,115 | mfu: 34.94 | epoch: 1 | eta: 0.5m
step 02188/02205 (99.23%) [ns2_ftrl_eta0p2] | loss: 3.132062 | lrm: 0.02 | dt: 1716.48ms | tok/s: 305,444 | mfu: 34.87 | epoch: 1 | eta: 0.5m
step 02189/02205 (99.27%) [ns2_ftrl_eta0p2] | loss: 3.129818 | lrm: 0.01 | dt: 1711.77ms | tok/s: 306,284 | mfu: 34.96 | epoch: 1 | eta: 0.5m
step 02190/02205 (99.32%) [ns2_ftrl_eta0p2] | loss: 3.125837 | lrm: 0.01 | dt: 1711.91ms | tok/s: 306,258 | mfu: 34.96 | epoch: 1 | eta: 0.4m
step 02191/02205 (99.37%) [ns2_ftrl_eta0p2] | loss: 3.115247 | lrm: 0.01 | dt: 1716.68ms | tok/s: 305,408 | mfu: 34.86 | epoch: 1 | eta: 0.4m
step 02192/02205 (99.41%) [ns2_ftrl_eta0p2] | loss: 3.114182 | lrm: 0.01 | dt: 1715.87ms | tok/s: 305,552 | mfu: 34.88 | epoch: 1 | eta: 0.4m
step 02193/02205 (99.46%) [ns2_ftrl_eta0p2] | loss: 3.107384 | lrm: 0.01 | dt: 1716.16ms | tok/s: 305,501 | mfu: 34.87 | epoch: 1 | eta: 0.3m
step 02194/02205 (99.50%) [ns2_ftrl_eta0p2] | loss: 3.108846 | lrm: 0.01 | dt: 1709.19ms | tok/s: 306,746 | mfu: 35.02 | epoch: 1 | eta: 0.3m
step 02195/02205 (99.55%) [ns2_ftrl_eta0p2] | loss: 3.097457 | lrm: 0.01 | dt: 1709.02ms | tok/s: 306,776 | mfu: 35.02 | epoch: 1 | eta: 0.3m
step 02196/02205 (99.59%) [ns2_ftrl_eta0p2] | loss: 3.104850 | lrm: 0.01 | dt: 1712.71ms | tok/s: 306,116 | mfu: 34.94 | epoch: 1 | eta: 0.3m
step 02197/02205 (99.64%) [ns2_ftrl_eta0p2] | loss: 3.100991 | lrm: 0.01 | dt: 1709.95ms | tok/s: 306,610 | mfu: 35.00 | epoch: 1 | eta: 0.2m
step 02198/02205 (99.68%) [ns2_ftrl_eta0p2] | loss: 3.112430 | lrm: 0.01 | dt: 1707.48ms | tok/s: 307,053 | mfu: 35.05 | epoch: 1 | eta: 0.2m
step 02199/02205 (99.73%) [ns2_ftrl_eta0p2] | loss: 3.120222 | lrm: 0.01 | dt: 1705.41ms | tok/s: 307,425 | mfu: 35.09 | epoch: 1 | eta: 0.2m
step 02200/02205 (99.77%) [ns2_ftrl_eta0p2] | loss: 3.121176 | lrm: 0.00 | dt: 1706.48ms | tok/s: 307,233 | mfu: 35.07 | epoch: 1 | eta: 0.1m
step 02201/02205 (99.82%) [ns2_ftrl_eta0p2] | loss: 3.123055 | lrm: 0.00 | dt: 1699.96ms | tok/s: 308,412 | mfu: 35.21 | epoch: 1 | eta: 0.1m
step 02202/02205 (99.86%) [ns2_ftrl_eta0p2] | loss: 3.122101 | lrm: 0.00 | dt: 1702.95ms | tok/s: 307,870 | mfu: 35.14 | epoch: 1 | eta: 0.1m
step 02203/02205 (99.91%) [ns2_ftrl_eta0p2] | loss: 3.127412 | lrm: 0.00 | dt: 1705.82ms | tok/s: 307,352 | mfu: 35.08 | epoch: 1 | eta: 0.1m
step 02204/02205 (99.95%) [ns2_ftrl_eta0p2] | loss: 3.120334 | lrm: 0.00 | dt: 1705.09ms | tok/s: 307,484 | mfu: 35.10 | epoch: 1 | eta: 0.0m
Step 02205 | val bpb: 0.914604
Evaluating: hellaswag_zeroshot (0-shot, type: multiple_choice)... accuracy: 0.3200 | centered: 0.0933 | time: 4.65s
Evaluating: jeopardy (10-shot, type: language_modeling)... accuracy: 0.0020 | centered: 0.0020 | time: 4.66s
Evaluating: bigbench_qa_wikidata (10-shot, type: language_modeling)... accuracy: 0.3640 | centered: 0.3640 | time: 4.52s
Evaluating: arc_easy (10-shot, type: multiple_choice)... accuracy: 0.5340 | centered: 0.3787 | time: 5.53s
Evaluating: arc_challenge (10-shot, type: multiple_choice)... accuracy: 0.2700 | centered: 0.0267 | time: 5.64s
Evaluating: copa (0-shot, type: multiple_choice)... accuracy: 0.5800 | centered: 0.1600 | time: 0.86s
Evaluating: commonsense_qa (10-shot, type: multiple_choice)... accuracy: 0.2660 | centered: 0.0825 | time: 5.82s
Evaluating: piqa (10-shot, type: multiple_choice)... accuracy: 0.6220 | centered: 0.2440 | time: 5.04s
Evaluating: openbook_qa (0-shot, type: multiple_choice)... accuracy: 0.2940 | centered: 0.0587 | time: 4.34s
Evaluating: lambada_openai (0-shot, type: language_modeling)... accuracy: 0.2600 | centered: 0.2600 | time: 4.42s
Evaluating: hellaswag (10-shot, type: multiple_choice)... accuracy: 0.3340 | centered: 0.1120 | time: 7.26s
Evaluating: winograd (0-shot, type: schema)... accuracy: 0.5714 | centered: 0.1429 | time: 2.32s
Evaluating: winogrande (0-shot, type: schema)... accuracy: 0.5060 | centered: 0.0120 | time: 4.25s
Evaluating: bigbench_dyck_languages (10-shot, type: language_modeling)... accuracy: 0.1300 | centered: 0.1300 | time: 4.98s
Evaluating: agi_eval_lsat_ar (3-shot, type: multiple_choice)... accuracy: 0.2652 | centered: 0.0815 | time: 3.24s
Evaluating: bigbench_cs_algorithms (10-shot, type: language_modeling)... accuracy: 0.4080 | centered: 0.4080 | time: 4.85s
Evaluating: bigbench_operators (10-shot, type: language_modeling)... accuracy: 0.0810 | centered: 0.0810 | time: 2.00s
Evaluating: bigbench_repeat_copy_logic (10-shot, type: language_modeling)... accuracy: 0.0000 | centered: 0.0000 | time: 0.31s
Evaluating: squad (10-shot, type: language_modeling)... accuracy: 0.0860 | centered: 0.0860 | time: 6.45s
Evaluating: coqa (0-shot, type: language_modeling)... accuracy: 0.1100 | centered: 0.1100 | time: 4.86s
Evaluating: boolq (10-shot, type: multiple_choice)... accuracy: 0.6020 | centered: -0.0474 | time: 7.15s
Evaluating: bigbench_language_identification (10-shot, type: multiple_choice)... accuracy: 0.2560 | centered: 0.1815 | time: 9.77s
Step 02205 | CORE metric: 0.1349
<|bos|>The capital of France is Paris. The city is the capital of the French state. The city is the
<|bos|>The chemical symbol of gold is the symbol of the gold rush. The gold rush was a time of great wealth
<|bos|>If yesterday was Friday, then tomorrow will be Friday. The word Friday is a contraction of the Latin word Friday, which means
<|bos|>If 5*x + 3 = 13, then x is 13. If 5*x + 3 = 13, then
Peak memory: 38394.46MiB
Total training time: 62.80m
Min val bpb: 0.914604
========================================
[ns2_ftrl_eta0p2] Job completed at: Fri Apr 24 09:45:43 EDT 2026
========================================
