========================================
Job ID: 723736
Node: andreas-h100-1
GPUs: 1
Mode: ns3_ftrl_eta0p05
Start Time: Fri Apr 24 12:00:28 EDT 2026
========================================
Fri Apr 24 12:00:28 2026       
+-----------------------------------------------------------------------------------------+
| NVIDIA-SMI 575.57.08              Driver Version: 575.57.08      CUDA Version: 12.9     |
|-----------------------------------------+------------------------+----------------------+
| GPU  Name                 Persistence-M | Bus-Id          Disp.A | Volatile Uncorr. ECC |
| Fan  Temp   Perf          Pwr:Usage/Cap |           Memory-Usage | GPU-Util  Compute M. |
|                                         |                        |               MIG M. |
|=========================================+========================+======================|
|   0  NVIDIA H100 NVL                On  |   00000000:E1:00.0 Off |                    0 |
| N/A   55C    P0             70W /  400W |       0MiB /  95830MiB |      0%      Default |
|                                         |                        |             Disabled |
+-----------------------------------------+------------------------+----------------------+
                                                                                         
+-----------------------------------------------------------------------------------------+
| Processes:                                                                              |
|  GPU   GI   CI              PID   Type   Process name                        GPU Memory |
|        ID   ID                                                               Usage      |
|=========================================================================================|
|  No running processes found                                                             |
+-----------------------------------------------------------------------------------------+
Starting ablation mode: ns3_ftrl_eta0p05 (matrix-lr=0.02)

                                                       █████                █████
                                                      ░░███                ░░███
     ████████    ██████   ████████    ██████   ██████  ░███████    ██████  ███████
    ░░███░░███  ░░░░░███ ░░███░░███  ███░░███ ███░░███ ░███░░███  ░░░░░███░░░███░
     ░███ ░███   ███████  ░███ ░███ ░███ ░███░███ ░░░  ░███ ░███   ███████  ░███
     ░███ ░███  ███░░███  ░███ ░███ ░███ ░███░███  ███ ░███ ░███  ███░░███  ░███ ███
     ████ █████░░████████ ████ █████░░██████ ░░██████  ████ █████░░███████  ░░█████
    ░░░░ ░░░░░  ░░░░░░░░ ░░░░ ░░░░░  ░░░░░░   ░░░░░░  ░░░░ ░░░░░  ░░░░░░░░   ░░░░░
    
Update mode: ns3_ftrl_eta0p05
Autodetected device type: cuda
GPU: NVIDIA H100 NVL | Peak FLOPS (BF16): 8.35e+14
✓ Using Flash Attention 3 (Hopper GPU detected)
Vocab size: 65,536
Model config:
{
  "sequence_len": 2048,
  "vocab_size": 65536,
  "n_layer": 12,
  "n_head": 6,
  "n_kv_head": 6,
  "n_embd": 768,
  "window_pattern": "SSSL"
}
Parameter counts:
wte                     : 50,331,648
value_embeds            : 301,989,888
lm_head                 : 50,331,648
transformer_matrices    : 84,935,808
scalars                 : 24
total                   : 487,589,016
Auto-computed optimal batch size: 524,288 tokens
dmodel_lr_scale: 1.000000
Using user-provided number of iterations: 2,205
Total training tokens: 1,156,055,040
Tokens:Scaling params ratio: 8.55
Total FLOPs estimate: 1.101908e+18
Grad accum steps: 8
Step 00000 | val bpb: 3.254653
step 00000/02205 (0.00%) [ns3_ftrl_eta0p05] | loss: 11.090001 | lrm: 1.00 | dt: 21253.80ms | tok/s: 24,667 | mfu: 2.82 | epoch: 1
step 00001/02205 (0.05%) [ns3_ftrl_eta0p05] | loss: 10.842386 | lrm: 1.00 | dt: 1600.41ms | tok/s: 327,595 | mfu: 37.40 | epoch: 1
step 00002/02205 (0.09%) [ns3_ftrl_eta0p05] | loss: 10.246570 | lrm: 1.00 | dt: 1643.89ms | tok/s: 318,931 | mfu: 36.41 | epoch: 1
step 00003/02205 (0.14%) [ns3_ftrl_eta0p05] | loss: 9.626666 | lrm: 1.00 | dt: 1644.86ms | tok/s: 318,743 | mfu: 36.38 | epoch: 1
step 00004/02205 (0.18%) [ns3_ftrl_eta0p05] | loss: 9.054327 | lrm: 1.00 | dt: 1617.37ms | tok/s: 324,160 | mfu: 37.00 | epoch: 1
step 00005/02205 (0.23%) [ns3_ftrl_eta0p05] | loss: 8.607082 | lrm: 1.00 | dt: 1626.93ms | tok/s: 322,256 | mfu: 36.79 | epoch: 1
step 00006/02205 (0.27%) [ns3_ftrl_eta0p05] | loss: 8.280204 | lrm: 1.00 | dt: 1645.20ms | tok/s: 318,676 | mfu: 36.38 | epoch: 1
step 00007/02205 (0.32%) [ns3_ftrl_eta0p05] | loss: 8.023525 | lrm: 1.00 | dt: 1641.17ms | tok/s: 319,459 | mfu: 36.47 | epoch: 1
step 00008/02205 (0.36%) [ns3_ftrl_eta0p05] | loss: 7.813467 | lrm: 1.00 | dt: 1639.29ms | tok/s: 319,825 | mfu: 36.51 | epoch: 1
step 00009/02205 (0.41%) [ns3_ftrl_eta0p05] | loss: 7.629049 | lrm: 1.00 | dt: 1645.87ms | tok/s: 318,548 | mfu: 36.36 | epoch: 1
step 00010/02205 (0.45%) [ns3_ftrl_eta0p05] | loss: 7.459658 | lrm: 1.00 | dt: 1649.40ms | tok/s: 317,865 | mfu: 36.28 | epoch: 1
step 00011/02205 (0.50%) [ns3_ftrl_eta0p05] | loss: 7.323885 | lrm: 1.00 | dt: 1658.23ms | tok/s: 316,173 | mfu: 36.09 | epoch: 1 | eta: 60.6m
step 00012/02205 (0.54%) [ns3_ftrl_eta0p05] | loss: 7.204127 | lrm: 1.00 | dt: 1661.05ms | tok/s: 315,636 | mfu: 36.03 | epoch: 1 | eta: 60.7m
step 00013/02205 (0.59%) [ns3_ftrl_eta0p05] | loss: 7.086753 | lrm: 1.00 | dt: 1660.68ms | tok/s: 315,706 | mfu: 36.04 | epoch: 1 | eta: 60.6m
step 00014/02205 (0.63%) [ns3_ftrl_eta0p05] | loss: 6.995074 | lrm: 1.00 | dt: 1668.35ms | tok/s: 314,255 | mfu: 35.87 | epoch: 1 | eta: 60.7m
step 00015/02205 (0.68%) [ns3_ftrl_eta0p05] | loss: 6.893607 | lrm: 1.00 | dt: 1668.07ms | tok/s: 314,308 | mfu: 35.88 | epoch: 1 | eta: 60.7m
step 00016/02205 (0.73%) [ns3_ftrl_eta0p05] | loss: 6.813086 | lrm: 1.00 | dt: 1674.46ms | tok/s: 313,109 | mfu: 35.74 | epoch: 1 | eta: 60.7m
step 00017/02205 (0.77%) [ns3_ftrl_eta0p05] | loss: 6.744385 | lrm: 1.00 | dt: 1673.25ms | tok/s: 313,335 | mfu: 35.77 | epoch: 1 | eta: 60.8m
step 00018/02205 (0.82%) [ns3_ftrl_eta0p05] | loss: 6.686023 | lrm: 1.00 | dt: 1682.84ms | tok/s: 311,548 | mfu: 35.56 | epoch: 1 | eta: 60.8m
step 00019/02205 (0.86%) [ns3_ftrl_eta0p05] | loss: 6.622498 | lrm: 1.00 | dt: 1678.82ms | tok/s: 312,296 | mfu: 35.65 | epoch: 1 | eta: 60.8m
step 00020/02205 (0.91%) [ns3_ftrl_eta0p05] | loss: 6.566828 | lrm: 1.00 | dt: 1684.91ms | tok/s: 311,167 | mfu: 35.52 | epoch: 1 | eta: 60.9m
step 00021/02205 (0.95%) [ns3_ftrl_eta0p05] | loss: 6.513082 | lrm: 1.00 | dt: 1681.42ms | tok/s: 311,813 | mfu: 35.59 | epoch: 1 | eta: 60.9m
step 00022/02205 (1.00%) [ns3_ftrl_eta0p05] | loss: 6.465561 | lrm: 1.00 | dt: 1689.04ms | tok/s: 310,405 | mfu: 35.43 | epoch: 1 | eta: 60.9m
step 00023/02205 (1.04%) [ns3_ftrl_eta0p05] | loss: 6.431745 | lrm: 1.00 | dt: 1687.91ms | tok/s: 310,613 | mfu: 35.46 | epoch: 1 | eta: 60.9m
step 00024/02205 (1.09%) [ns3_ftrl_eta0p05] | loss: 6.387422 | lrm: 1.00 | dt: 1688.57ms | tok/s: 310,493 | mfu: 35.44 | epoch: 1 | eta: 60.9m
step 00025/02205 (1.13%) [ns3_ftrl_eta0p05] | loss: 6.355642 | lrm: 1.00 | dt: 1692.91ms | tok/s: 309,696 | mfu: 35.35 | epoch: 1 | eta: 60.9m
step 00026/02205 (1.18%) [ns3_ftrl_eta0p05] | loss: 6.312525 | lrm: 1.00 | dt: 1692.44ms | tok/s: 309,782 | mfu: 35.36 | epoch: 1 | eta: 60.9m
step 00027/02205 (1.22%) [ns3_ftrl_eta0p05] | loss: 6.282565 | lrm: 1.00 | dt: 1695.83ms | tok/s: 309,162 | mfu: 35.29 | epoch: 1 | eta: 60.9m
step 00028/02205 (1.27%) [ns3_ftrl_eta0p05] | loss: 6.247845 | lrm: 1.00 | dt: 1698.88ms | tok/s: 308,607 | mfu: 35.23 | epoch: 1 | eta: 61.0m
step 00029/02205 (1.32%) [ns3_ftrl_eta0p05] | loss: 6.210149 | lrm: 1.00 | dt: 1701.20ms | tok/s: 308,186 | mfu: 35.18 | epoch: 1 | eta: 61.0m
step 00030/02205 (1.36%) [ns3_ftrl_eta0p05] | loss: 6.173712 | lrm: 1.00 | dt: 1698.23ms | tok/s: 308,726 | mfu: 35.24 | epoch: 1 | eta: 61.0m
step 00031/02205 (1.41%) [ns3_ftrl_eta0p05] | loss: 6.136981 | lrm: 1.00 | dt: 1709.69ms | tok/s: 306,657 | mfu: 35.01 | epoch: 1 | eta: 61.0m
step 00032/02205 (1.45%) [ns3_ftrl_eta0p05] | loss: 6.102105 | lrm: 1.00 | dt: 1707.83ms | tok/s: 306,991 | mfu: 35.04 | epoch: 1 | eta: 61.0m
step 00033/02205 (1.50%) [ns3_ftrl_eta0p05] | loss: 6.071170 | lrm: 1.00 | dt: 1706.50ms | tok/s: 307,229 | mfu: 35.07 | epoch: 1 | eta: 61.0m
step 00034/02205 (1.54%) [ns3_ftrl_eta0p05] | loss: 6.039276 | lrm: 1.00 | dt: 1711.80ms | tok/s: 306,278 | mfu: 34.96 | epoch: 1 | eta: 61.0m
step 00035/02205 (1.59%) [ns3_ftrl_eta0p05] | loss: 6.015683 | lrm: 1.00 | dt: 1708.31ms | tok/s: 306,905 | mfu: 35.03 | epoch: 1 | eta: 61.0m
step 00036/02205 (1.63%) [ns3_ftrl_eta0p05] | loss: 5.983892 | lrm: 1.00 | dt: 1717.87ms | tok/s: 305,197 | mfu: 34.84 | epoch: 1 | eta: 61.0m
step 00037/02205 (1.68%) [ns3_ftrl_eta0p05] | loss: 5.954279 | lrm: 1.00 | dt: 1708.56ms | tok/s: 306,859 | mfu: 35.03 | epoch: 1 | eta: 61.0m
step 00038/02205 (1.72%) [ns3_ftrl_eta0p05] | loss: 5.924644 | lrm: 1.00 | dt: 1721.98ms | tok/s: 304,468 | mfu: 34.76 | epoch: 1 | eta: 61.0m
step 00039/02205 (1.77%) [ns3_ftrl_eta0p05] | loss: 5.901279 | lrm: 1.00 | dt: 1716.62ms | tok/s: 305,419 | mfu: 34.86 | epoch: 1 | eta: 61.1m
step 00040/02205 (1.81%) [ns3_ftrl_eta0p05] | loss: 5.865112 | lrm: 1.00 | dt: 1718.00ms | tok/s: 305,173 | mfu: 34.84 | epoch: 1 | eta: 61.1m
step 00041/02205 (1.86%) [ns3_ftrl_eta0p05] | loss: 5.829798 | lrm: 1.00 | dt: 1717.55ms | tok/s: 305,252 | mfu: 34.84 | epoch: 1 | eta: 61.1m
step 00042/02205 (1.90%) [ns3_ftrl_eta0p05] | loss: 5.800373 | lrm: 1.00 | dt: 1720.71ms | tok/s: 304,692 | mfu: 34.78 | epoch: 1 | eta: 61.1m
step 00043/02205 (1.95%) [ns3_ftrl_eta0p05] | loss: 5.775101 | lrm: 1.00 | dt: 1720.52ms | tok/s: 304,725 | mfu: 34.78 | epoch: 1 | eta: 61.1m
step 00044/02205 (2.00%) [ns3_ftrl_eta0p05] | loss: 5.755105 | lrm: 1.00 | dt: 1721.01ms | tok/s: 304,638 | mfu: 34.77 | epoch: 1 | eta: 61.1m
step 00045/02205 (2.04%) [ns3_ftrl_eta0p05] | loss: 5.726614 | lrm: 1.00 | dt: 1721.76ms | tok/s: 304,507 | mfu: 34.76 | epoch: 1 | eta: 61.1m
step 00046/02205 (2.09%) [ns3_ftrl_eta0p05] | loss: 5.692218 | lrm: 1.00 | dt: 1721.79ms | tok/s: 304,500 | mfu: 34.76 | epoch: 1 | eta: 61.1m
step 00047/02205 (2.13%) [ns3_ftrl_eta0p05] | loss: 5.668792 | lrm: 1.00 | dt: 1728.03ms | tok/s: 303,401 | mfu: 34.63 | epoch: 1 | eta: 61.1m
step 00048/02205 (2.18%) [ns3_ftrl_eta0p05] | loss: 5.647384 | lrm: 1.00 | dt: 1722.67ms | tok/s: 304,346 | mfu: 34.74 | epoch: 1 | eta: 61.1m
step 00049/02205 (2.22%) [ns3_ftrl_eta0p05] | loss: 5.623394 | lrm: 1.00 | dt: 1731.42ms | tok/s: 302,807 | mfu: 34.57 | epoch: 1 | eta: 61.1m
step 00050/02205 (2.27%) [ns3_ftrl_eta0p05] | loss: 5.595394 | lrm: 1.00 | dt: 1729.91ms | tok/s: 303,071 | mfu: 34.60 | epoch: 1 | eta: 61.1m
step 00051/02205 (2.31%) [ns3_ftrl_eta0p05] | loss: 5.560156 | lrm: 1.00 | dt: 1725.66ms | tok/s: 303,819 | mfu: 34.68 | epoch: 1 | eta: 61.1m
step 00052/02205 (2.36%) [ns3_ftrl_eta0p05] | loss: 5.532167 | lrm: 1.00 | dt: 1729.69ms | tok/s: 303,110 | mfu: 34.60 | epoch: 1 | eta: 61.0m
step 00053/02205 (2.40%) [ns3_ftrl_eta0p05] | loss: 5.513081 | lrm: 1.00 | dt: 1733.99ms | tok/s: 302,358 | mfu: 34.51 | epoch: 1 | eta: 61.0m
step 00054/02205 (2.45%) [ns3_ftrl_eta0p05] | loss: 5.500879 | lrm: 1.00 | dt: 1735.15ms | tok/s: 302,156 | mfu: 34.49 | epoch: 1 | eta: 61.0m
step 00055/02205 (2.49%) [ns3_ftrl_eta0p05] | loss: 5.482537 | lrm: 1.00 | dt: 1729.58ms | tok/s: 303,130 | mfu: 34.60 | epoch: 1 | eta: 61.0m
step 00056/02205 (2.54%) [ns3_ftrl_eta0p05] | loss: 5.465522 | lrm: 1.00 | dt: 1733.31ms | tok/s: 302,478 | mfu: 34.53 | epoch: 1 | eta: 61.0m
step 00057/02205 (2.59%) [ns3_ftrl_eta0p05] | loss: 5.441398 | lrm: 1.00 | dt: 1729.70ms | tok/s: 303,110 | mfu: 34.60 | epoch: 1 | eta: 61.0m
step 00058/02205 (2.63%) [ns3_ftrl_eta0p05] | loss: 5.425649 | lrm: 1.00 | dt: 1735.97ms | tok/s: 302,013 | mfu: 34.48 | epoch: 1 | eta: 61.0m
step 00059/02205 (2.68%) [ns3_ftrl_eta0p05] | loss: 5.412510 | lrm: 1.00 | dt: 1731.81ms | tok/s: 302,740 | mfu: 34.56 | epoch: 1 | eta: 61.0m
step 00060/02205 (2.72%) [ns3_ftrl_eta0p05] | loss: 5.384994 | lrm: 1.00 | dt: 1740.91ms | tok/s: 301,156 | mfu: 34.38 | epoch: 1 | eta: 61.0m
step 00061/02205 (2.77%) [ns3_ftrl_eta0p05] | loss: 5.365649 | lrm: 1.00 | dt: 1742.18ms | tok/s: 300,938 | mfu: 34.35 | epoch: 1 | eta: 61.0m
step 00062/02205 (2.81%) [ns3_ftrl_eta0p05] | loss: 5.352791 | lrm: 1.00 | dt: 1736.18ms | tok/s: 301,977 | mfu: 34.47 | epoch: 1 | eta: 61.0m
step 00063/02205 (2.86%) [ns3_ftrl_eta0p05] | loss: 5.341293 | lrm: 1.00 | dt: 1733.79ms | tok/s: 302,394 | mfu: 34.52 | epoch: 1 | eta: 61.0m
step 00064/02205 (2.90%) [ns3_ftrl_eta0p05] | loss: 5.330065 | lrm: 1.00 | dt: 1743.77ms | tok/s: 300,662 | mfu: 34.32 | epoch: 1 | eta: 61.0m
step 00065/02205 (2.95%) [ns3_ftrl_eta0p05] | loss: 5.323711 | lrm: 1.00 | dt: 1739.86ms | tok/s: 301,338 | mfu: 34.40 | epoch: 1 | eta: 61.0m
step 00066/02205 (2.99%) [ns3_ftrl_eta0p05] | loss: 5.294072 | lrm: 1.00 | dt: 1744.01ms | tok/s: 300,621 | mfu: 34.32 | epoch: 1 | eta: 61.0m
step 00067/02205 (3.04%) [ns3_ftrl_eta0p05] | loss: 5.272689 | lrm: 1.00 | dt: 1739.07ms | tok/s: 301,475 | mfu: 34.41 | epoch: 1 | eta: 61.0m
step 00068/02205 (3.08%) [ns3_ftrl_eta0p05] | loss: 5.255176 | lrm: 1.00 | dt: 1746.18ms | tok/s: 300,248 | mfu: 34.27 | epoch: 1 | eta: 60.9m
step 00069/02205 (3.13%) [ns3_ftrl_eta0p05] | loss: 5.235144 | lrm: 1.00 | dt: 1740.19ms | tok/s: 301,282 | mfu: 34.39 | epoch: 1 | eta: 60.9m
step 00070/02205 (3.17%) [ns3_ftrl_eta0p05] | loss: 5.216504 | lrm: 1.00 | dt: 1741.17ms | tok/s: 301,112 | mfu: 34.37 | epoch: 1 | eta: 60.9m
step 00071/02205 (3.22%) [ns3_ftrl_eta0p05] | loss: 5.213254 | lrm: 1.00 | dt: 1744.34ms | tok/s: 300,565 | mfu: 34.31 | epoch: 1 | eta: 60.9m
step 00072/02205 (3.27%) [ns3_ftrl_eta0p05] | loss: 5.193128 | lrm: 1.00 | dt: 1740.51ms | tok/s: 301,226 | mfu: 34.39 | epoch: 1 | eta: 60.9m
step 00073/02205 (3.31%) [ns3_ftrl_eta0p05] | loss: 5.168311 | lrm: 1.00 | dt: 1742.22ms | tok/s: 300,931 | mfu: 34.35 | epoch: 1 | eta: 60.9m
step 00074/02205 (3.36%) [ns3_ftrl_eta0p05] | loss: 5.144288 | lrm: 1.00 | dt: 1739.30ms | tok/s: 301,435 | mfu: 34.41 | epoch: 1 | eta: 60.9m
step 00075/02205 (3.40%) [ns3_ftrl_eta0p05] | loss: 5.123540 | lrm: 1.00 | dt: 1739.19ms | tok/s: 301,456 | mfu: 34.41 | epoch: 1 | eta: 60.9m
step 00076/02205 (3.45%) [ns3_ftrl_eta0p05] | loss: 5.111628 | lrm: 1.00 | dt: 1736.26ms | tok/s: 301,964 | mfu: 34.47 | epoch: 1 | eta: 60.8m
step 00077/02205 (3.49%) [ns3_ftrl_eta0p05] | loss: 5.095543 | lrm: 1.00 | dt: 1742.08ms | tok/s: 300,955 | mfu: 34.35 | epoch: 1 | eta: 60.8m
step 00078/02205 (3.54%) [ns3_ftrl_eta0p05] | loss: 5.077134 | lrm: 1.00 | dt: 1732.52ms | tok/s: 302,615 | mfu: 34.54 | epoch: 1 | eta: 60.8m
step 00079/02205 (3.58%) [ns3_ftrl_eta0p05] | loss: 5.057090 | lrm: 1.00 | dt: 1743.83ms | tok/s: 300,653 | mfu: 34.32 | epoch: 1 | eta: 60.8m
step 00080/02205 (3.63%) [ns3_ftrl_eta0p05] | loss: 5.046172 | lrm: 1.00 | dt: 1740.42ms | tok/s: 301,241 | mfu: 34.39 | epoch: 1 | eta: 60.8m
step 00081/02205 (3.67%) [ns3_ftrl_eta0p05] | loss: 5.040854 | lrm: 1.00 | dt: 1738.43ms | tok/s: 301,587 | mfu: 34.43 | epoch: 1 | eta: 60.8m
step 00082/02205 (3.72%) [ns3_ftrl_eta0p05] | loss: 5.027732 | lrm: 1.00 | dt: 1745.38ms | tok/s: 300,385 | mfu: 34.29 | epoch: 1 | eta: 60.7m
step 00083/02205 (3.76%) [ns3_ftrl_eta0p05] | loss: 5.016678 | lrm: 1.00 | dt: 1741.87ms | tok/s: 300,990 | mfu: 34.36 | epoch: 1 | eta: 60.7m
step 00084/02205 (3.81%) [ns3_ftrl_eta0p05] | loss: 5.010363 | lrm: 1.00 | dt: 1752.13ms | tok/s: 299,228 | mfu: 34.16 | epoch: 1 | eta: 60.7m
step 00085/02205 (3.85%) [ns3_ftrl_eta0p05] | loss: 4.994689 | lrm: 1.00 | dt: 1746.34ms | tok/s: 300,220 | mfu: 34.27 | epoch: 1 | eta: 60.7m
step 00086/02205 (3.90%) [ns3_ftrl_eta0p05] | loss: 4.975029 | lrm: 1.00 | dt: 1741.82ms | tok/s: 301,000 | mfu: 34.36 | epoch: 1 | eta: 60.7m
step 00087/02205 (3.95%) [ns3_ftrl_eta0p05] | loss: 4.961595 | lrm: 1.00 | dt: 1742.02ms | tok/s: 300,964 | mfu: 34.36 | epoch: 1 | eta: 60.7m
step 00088/02205 (3.99%) [ns3_ftrl_eta0p05] | loss: 4.945840 | lrm: 1.00 | dt: 1745.91ms | tok/s: 300,294 | mfu: 34.28 | epoch: 1 | eta: 60.7m
step 00089/02205 (4.04%) [ns3_ftrl_eta0p05] | loss: 4.927722 | lrm: 1.00 | dt: 1738.60ms | tok/s: 301,557 | mfu: 34.42 | epoch: 1 | eta: 60.6m
step 00090/02205 (4.08%) [ns3_ftrl_eta0p05] | loss: 4.917963 | lrm: 1.00 | dt: 1747.34ms | tok/s: 300,049 | mfu: 34.25 | epoch: 1 | eta: 60.6m
step 00091/02205 (4.13%) [ns3_ftrl_eta0p05] | loss: 4.905647 | lrm: 1.00 | dt: 1740.76ms | tok/s: 301,183 | mfu: 34.38 | epoch: 1 | eta: 60.6m
step 00092/02205 (4.17%) [ns3_ftrl_eta0p05] | loss: 4.903403 | lrm: 1.00 | dt: 1753.36ms | tok/s: 299,019 | mfu: 34.13 | epoch: 1 | eta: 60.6m
step 00093/02205 (4.22%) [ns3_ftrl_eta0p05] | loss: 4.889660 | lrm: 1.00 | dt: 1748.29ms | tok/s: 299,886 | mfu: 34.23 | epoch: 1 | eta: 60.6m
step 00094/02205 (4.26%) [ns3_ftrl_eta0p05] | loss: 4.881753 | lrm: 1.00 | dt: 1746.49ms | tok/s: 300,195 | mfu: 34.27 | epoch: 1 | eta: 60.5m
step 00095/02205 (4.31%) [ns3_ftrl_eta0p05] | loss: 4.876538 | lrm: 1.00 | dt: 1744.20ms | tok/s: 300,588 | mfu: 34.31 | epoch: 1 | eta: 60.5m
step 00096/02205 (4.35%) [ns3_ftrl_eta0p05] | loss: 4.868807 | lrm: 1.00 | dt: 1746.67ms | tok/s: 300,163 | mfu: 34.26 | epoch: 1 | eta: 60.5m
step 00097/02205 (4.40%) [ns3_ftrl_eta0p05] | loss: 4.850324 | lrm: 1.00 | dt: 1747.44ms | tok/s: 300,031 | mfu: 34.25 | epoch: 1 | eta: 60.5m
step 00098/02205 (4.44%) [ns3_ftrl_eta0p05] | loss: 4.835648 | lrm: 1.00 | dt: 1751.80ms | tok/s: 299,285 | mfu: 34.16 | epoch: 1 | eta: 60.5m
step 00099/02205 (4.49%) [ns3_ftrl_eta0p05] | loss: 4.819162 | lrm: 1.00 | dt: 1742.17ms | tok/s: 300,940 | mfu: 34.35 | epoch: 1 | eta: 60.5m
step 00100/02205 (4.54%) [ns3_ftrl_eta0p05] | loss: 4.814683 | lrm: 1.00 | dt: 1745.35ms | tok/s: 300,391 | mfu: 34.29 | epoch: 1 | eta: 60.4m
step 00101/02205 (4.58%) [ns3_ftrl_eta0p05] | loss: 4.803257 | lrm: 1.00 | dt: 1748.29ms | tok/s: 299,885 | mfu: 34.23 | epoch: 1 | eta: 60.4m
step 00102/02205 (4.63%) [ns3_ftrl_eta0p05] | loss: 4.786104 | lrm: 1.00 | dt: 1739.01ms | tok/s: 301,486 | mfu: 34.42 | epoch: 1 | eta: 60.4m
step 00103/02205 (4.67%) [ns3_ftrl_eta0p05] | loss: 4.773128 | lrm: 1.00 | dt: 1746.76ms | tok/s: 300,149 | mfu: 34.26 | epoch: 1 | eta: 60.4m
step 00104/02205 (4.72%) [ns3_ftrl_eta0p05] | loss: 4.763138 | lrm: 1.00 | dt: 1745.28ms | tok/s: 300,403 | mfu: 34.29 | epoch: 1 | eta: 60.4m
step 00105/02205 (4.76%) [ns3_ftrl_eta0p05] | loss: 4.759152 | lrm: 1.00 | dt: 1753.68ms | tok/s: 298,963 | mfu: 34.13 | epoch: 1 | eta: 60.3m
step 00106/02205 (4.81%) [ns3_ftrl_eta0p05] | loss: 4.746261 | lrm: 1.00 | dt: 1750.42ms | tok/s: 299,521 | mfu: 34.19 | epoch: 1 | eta: 60.3m
step 00107/02205 (4.85%) [ns3_ftrl_eta0p05] | loss: 4.738732 | lrm: 1.00 | dt: 1750.18ms | tok/s: 299,561 | mfu: 34.20 | epoch: 1 | eta: 60.3m
step 00108/02205 (4.90%) [ns3_ftrl_eta0p05] | loss: 4.725109 | lrm: 1.00 | dt: 1754.12ms | tok/s: 298,889 | mfu: 34.12 | epoch: 1 | eta: 60.3m
step 00109/02205 (4.94%) [ns3_ftrl_eta0p05] | loss: 4.711302 | lrm: 1.00 | dt: 1745.11ms | tok/s: 300,432 | mfu: 34.29 | epoch: 1 | eta: 60.3m
step 00110/02205 (4.99%) [ns3_ftrl_eta0p05] | loss: 4.703505 | lrm: 1.00 | dt: 1749.14ms | tok/s: 299,741 | mfu: 34.22 | epoch: 1 | eta: 60.2m
step 00111/02205 (5.03%) [ns3_ftrl_eta0p05] | loss: 4.688565 | lrm: 1.00 | dt: 1750.74ms | tok/s: 299,466 | mfu: 34.18 | epoch: 1 | eta: 60.2m
step 00112/02205 (5.08%) [ns3_ftrl_eta0p05] | loss: 4.679363 | lrm: 1.00 | dt: 1747.61ms | tok/s: 300,003 | mfu: 34.25 | epoch: 1 | eta: 60.2m
step 00113/02205 (5.12%) [ns3_ftrl_eta0p05] | loss: 4.665331 | lrm: 1.00 | dt: 1752.91ms | tok/s: 299,095 | mfu: 34.14 | epoch: 1 | eta: 60.2m
step 00114/02205 (5.17%) [ns3_ftrl_eta0p05] | loss: 4.649439 | lrm: 1.00 | dt: 1756.89ms | tok/s: 298,418 | mfu: 34.06 | epoch: 1 | eta: 60.2m
step 00115/02205 (5.22%) [ns3_ftrl_eta0p05] | loss: 4.643737 | lrm: 1.00 | dt: 1744.74ms | tok/s: 300,496 | mfu: 34.30 | epoch: 1 | eta: 60.1m
step 00116/02205 (5.26%) [ns3_ftrl_eta0p05] | loss: 4.630119 | lrm: 1.00 | dt: 1743.44ms | tok/s: 300,720 | mfu: 34.33 | epoch: 1 | eta: 60.1m
step 00117/02205 (5.31%) [ns3_ftrl_eta0p05] | loss: 4.610262 | lrm: 1.00 | dt: 1746.14ms | tok/s: 300,255 | mfu: 34.27 | epoch: 1 | eta: 60.1m
step 00118/02205 (5.35%) [ns3_ftrl_eta0p05] | loss: 4.604397 | lrm: 1.00 | dt: 1740.13ms | tok/s: 301,292 | mfu: 34.39 | epoch: 1 | eta: 60.1m
step 00119/02205 (5.40%) [ns3_ftrl_eta0p05] | loss: 4.594066 | lrm: 1.00 | dt: 1746.97ms | tok/s: 300,112 | mfu: 34.26 | epoch: 1 | eta: 60.0m
step 00120/02205 (5.44%) [ns3_ftrl_eta0p05] | loss: 4.582729 | lrm: 1.00 | dt: 1746.38ms | tok/s: 300,214 | mfu: 34.27 | epoch: 1 | eta: 60.0m
step 00121/02205 (5.49%) [ns3_ftrl_eta0p05] | loss: 4.569348 | lrm: 1.00 | dt: 1749.57ms | tok/s: 299,666 | mfu: 34.21 | epoch: 1 | eta: 60.0m
step 00122/02205 (5.53%) [ns3_ftrl_eta0p05] | loss: 4.553980 | lrm: 1.00 | dt: 1745.41ms | tok/s: 300,381 | mfu: 34.29 | epoch: 1 | eta: 60.0m
step 00123/02205 (5.58%) [ns3_ftrl_eta0p05] | loss: 4.554189 | lrm: 1.00 | dt: 1757.97ms | tok/s: 298,234 | mfu: 34.04 | epoch: 1 | eta: 60.0m
step 00124/02205 (5.62%) [ns3_ftrl_eta0p05] | loss: 4.551727 | lrm: 1.00 | dt: 1748.35ms | tok/s: 299,876 | mfu: 34.23 | epoch: 1 | eta: 59.9m
step 00125/02205 (5.67%) [ns3_ftrl_eta0p05] | loss: 4.543672 | lrm: 1.00 | dt: 1758.92ms | tok/s: 298,073 | mfu: 34.03 | epoch: 1 | eta: 59.9m
step 00126/02205 (5.71%) [ns3_ftrl_eta0p05] | loss: 4.531013 | lrm: 1.00 | dt: 1741.86ms | tok/s: 300,993 | mfu: 34.36 | epoch: 1 | eta: 59.9m
step 00127/02205 (5.76%) [ns3_ftrl_eta0p05] | loss: 4.523507 | lrm: 1.00 | dt: 1752.96ms | tok/s: 299,087 | mfu: 34.14 | epoch: 1 | eta: 59.9m
step 00128/02205 (5.80%) [ns3_ftrl_eta0p05] | loss: 4.531542 | lrm: 1.00 | dt: 1748.53ms | tok/s: 299,845 | mfu: 34.23 | epoch: 1 | eta: 59.8m
step 00129/02205 (5.85%) [ns3_ftrl_eta0p05] | loss: 4.522110 | lrm: 1.00 | dt: 1754.17ms | tok/s: 298,880 | mfu: 34.12 | epoch: 1 | eta: 59.8m
step 00130/02205 (5.90%) [ns3_ftrl_eta0p05] | loss: 4.518524 | lrm: 1.00 | dt: 1752.74ms | tok/s: 299,124 | mfu: 34.15 | epoch: 1 | eta: 59.8m
step 00131/02205 (5.94%) [ns3_ftrl_eta0p05] | loss: 4.507552 | lrm: 1.00 | dt: 1747.63ms | tok/s: 299,999 | mfu: 34.25 | epoch: 1 | eta: 59.8m
step 00132/02205 (5.99%) [ns3_ftrl_eta0p05] | loss: 4.501451 | lrm: 1.00 | dt: 1748.23ms | tok/s: 299,897 | mfu: 34.23 | epoch: 1 | eta: 59.8m
step 00133/02205 (6.03%) [ns3_ftrl_eta0p05] | loss: 4.502525 | lrm: 1.00 | dt: 1753.45ms | tok/s: 299,003 | mfu: 34.13 | epoch: 1 | eta: 59.7m
step 00134/02205 (6.08%) [ns3_ftrl_eta0p05] | loss: 4.481979 | lrm: 1.00 | dt: 1751.72ms | tok/s: 299,299 | mfu: 34.17 | epoch: 1 | eta: 59.7m
step 00135/02205 (6.12%) [ns3_ftrl_eta0p05] | loss: 4.470625 | lrm: 1.00 | dt: 1752.67ms | tok/s: 299,137 | mfu: 34.15 | epoch: 1 | eta: 59.7m
step 00136/02205 (6.17%) [ns3_ftrl_eta0p05] | loss: 4.458608 | lrm: 1.00 | dt: 1747.75ms | tok/s: 299,978 | mfu: 34.24 | epoch: 1 | eta: 59.7m
step 00137/02205 (6.21%) [ns3_ftrl_eta0p05] | loss: 4.443610 | lrm: 1.00 | dt: 1753.51ms | tok/s: 298,993 | mfu: 34.13 | epoch: 1 | eta: 59.6m
step 00138/02205 (6.26%) [ns3_ftrl_eta0p05] | loss: 4.435417 | lrm: 1.00 | dt: 1749.04ms | tok/s: 299,757 | mfu: 34.22 | epoch: 1 | eta: 59.6m
step 00139/02205 (6.30%) [ns3_ftrl_eta0p05] | loss: 4.436596 | lrm: 1.00 | dt: 1749.53ms | tok/s: 299,673 | mfu: 34.21 | epoch: 1 | eta: 59.6m
step 00140/02205 (6.35%) [ns3_ftrl_eta0p05] | loss: 4.420049 | lrm: 1.00 | dt: 1754.34ms | tok/s: 298,852 | mfu: 34.11 | epoch: 1 | eta: 59.6m
step 00141/02205 (6.39%) [ns3_ftrl_eta0p05] | loss: 4.404383 | lrm: 1.00 | dt: 1744.33ms | tok/s: 300,566 | mfu: 34.31 | epoch: 1 | eta: 59.5m
step 00142/02205 (6.44%) [ns3_ftrl_eta0p05] | loss: 4.405711 | lrm: 1.00 | dt: 1747.30ms | tok/s: 300,056 | mfu: 34.25 | epoch: 1 | eta: 59.5m
step 00143/02205 (6.49%) [ns3_ftrl_eta0p05] | loss: 4.408594 | lrm: 1.00 | dt: 1749.23ms | tok/s: 299,725 | mfu: 34.21 | epoch: 1 | eta: 59.5m
step 00144/02205 (6.53%) [ns3_ftrl_eta0p05] | loss: 4.395447 | lrm: 1.00 | dt: 1756.12ms | tok/s: 298,548 | mfu: 34.08 | epoch: 1 | eta: 59.5m
step 00145/02205 (6.58%) [ns3_ftrl_eta0p05] | loss: 4.387051 | lrm: 1.00 | dt: 1747.93ms | tok/s: 299,947 | mfu: 34.24 | epoch: 1 | eta: 59.5m
step 00146/02205 (6.62%) [ns3_ftrl_eta0p05] | loss: 4.370308 | lrm: 1.00 | dt: 1754.20ms | tok/s: 298,875 | mfu: 34.12 | epoch: 1 | eta: 59.4m
step 00147/02205 (6.67%) [ns3_ftrl_eta0p05] | loss: 4.365675 | lrm: 1.00 | dt: 1751.42ms | tok/s: 299,350 | mfu: 34.17 | epoch: 1 | eta: 59.4m
step 00148/02205 (6.71%) [ns3_ftrl_eta0p05] | loss: 4.352830 | lrm: 1.00 | dt: 1749.07ms | tok/s: 299,751 | mfu: 34.22 | epoch: 1 | eta: 59.4m
step 00149/02205 (6.76%) [ns3_ftrl_eta0p05] | loss: 4.337122 | lrm: 1.00 | dt: 1751.50ms | tok/s: 299,336 | mfu: 34.17 | epoch: 1 | eta: 59.4m
step 00150/02205 (6.80%) [ns3_ftrl_eta0p05] | loss: 4.319826 | lrm: 1.00 | dt: 1756.96ms | tok/s: 298,405 | mfu: 34.06 | epoch: 1 | eta: 59.3m
step 00151/02205 (6.85%) [ns3_ftrl_eta0p05] | loss: 4.306271 | lrm: 1.00 | dt: 1753.29ms | tok/s: 299,031 | mfu: 34.13 | epoch: 1 | eta: 59.3m
step 00152/02205 (6.89%) [ns3_ftrl_eta0p05] | loss: 4.293858 | lrm: 1.00 | dt: 1753.37ms | tok/s: 299,018 | mfu: 34.13 | epoch: 1 | eta: 59.3m
step 00153/02205 (6.94%) [ns3_ftrl_eta0p05] | loss: 4.295228 | lrm: 1.00 | dt: 1748.47ms | tok/s: 299,855 | mfu: 34.23 | epoch: 1 | eta: 59.3m
step 00154/02205 (6.98%) [ns3_ftrl_eta0p05] | loss: 4.278279 | lrm: 1.00 | dt: 1753.44ms | tok/s: 299,005 | mfu: 34.13 | epoch: 1 | eta: 59.2m
step 00155/02205 (7.03%) [ns3_ftrl_eta0p05] | loss: 4.264271 | lrm: 1.00 | dt: 1750.14ms | tok/s: 299,569 | mfu: 34.20 | epoch: 1 | eta: 59.2m
step 00156/02205 (7.07%) [ns3_ftrl_eta0p05] | loss: 4.252183 | lrm: 1.00 | dt: 1756.46ms | tok/s: 298,490 | mfu: 34.07 | epoch: 1 | eta: 59.2m
step 00157/02205 (7.12%) [ns3_ftrl_eta0p05] | loss: 4.253649 | lrm: 1.00 | dt: 1755.55ms | tok/s: 298,645 | mfu: 34.09 | epoch: 1 | eta: 59.2m
step 00158/02205 (7.17%) [ns3_ftrl_eta0p05] | loss: 4.243343 | lrm: 1.00 | dt: 1753.25ms | tok/s: 299,037 | mfu: 34.14 | epoch: 1 | eta: 59.1m
step 00159/02205 (7.21%) [ns3_ftrl_eta0p05] | loss: 4.240611 | lrm: 1.00 | dt: 1756.24ms | tok/s: 298,529 | mfu: 34.08 | epoch: 1 | eta: 59.1m
step 00160/02205 (7.26%) [ns3_ftrl_eta0p05] | loss: 4.232071 | lrm: 1.00 | dt: 1753.94ms | tok/s: 298,919 | mfu: 34.12 | epoch: 1 | eta: 59.1m
step 00161/02205 (7.30%) [ns3_ftrl_eta0p05] | loss: 4.216319 | lrm: 1.00 | dt: 1750.77ms | tok/s: 299,460 | mfu: 34.18 | epoch: 1 | eta: 59.1m
step 00162/02205 (7.35%) [ns3_ftrl_eta0p05] | loss: 4.222831 | lrm: 1.00 | dt: 1761.67ms | tok/s: 297,608 | mfu: 33.97 | epoch: 1 | eta: 59.0m
step 00163/02205 (7.39%) [ns3_ftrl_eta0p05] | loss: 4.217028 | lrm: 1.00 | dt: 1757.55ms | tok/s: 298,306 | mfu: 34.05 | epoch: 1 | eta: 59.0m
step 00164/02205 (7.44%) [ns3_ftrl_eta0p05] | loss: 4.205359 | lrm: 1.00 | dt: 1746.79ms | tok/s: 300,144 | mfu: 34.26 | epoch: 1 | eta: 59.0m
step 00165/02205 (7.48%) [ns3_ftrl_eta0p05] | loss: 4.201586 | lrm: 1.00 | dt: 1755.15ms | tok/s: 298,714 | mfu: 34.10 | epoch: 1 | eta: 59.0m
step 00166/02205 (7.53%) [ns3_ftrl_eta0p05] | loss: 4.188418 | lrm: 1.00 | dt: 1747.82ms | tok/s: 299,966 | mfu: 34.24 | epoch: 1 | eta: 58.9m
step 00167/02205 (7.57%) [ns3_ftrl_eta0p05] | loss: 4.185313 | lrm: 1.00 | dt: 1758.06ms | tok/s: 298,219 | mfu: 34.04 | epoch: 1 | eta: 58.9m
step 00168/02205 (7.62%) [ns3_ftrl_eta0p05] | loss: 4.172673 | lrm: 1.00 | dt: 1757.31ms | tok/s: 298,346 | mfu: 34.06 | epoch: 1 | eta: 58.9m
step 00169/02205 (7.66%) [ns3_ftrl_eta0p05] | loss: 4.170894 | lrm: 1.00 | dt: 1759.34ms | tok/s: 298,003 | mfu: 34.02 | epoch: 1 | eta: 58.9m
step 00170/02205 (7.71%) [ns3_ftrl_eta0p05] | loss: 4.176228 | lrm: 1.00 | dt: 1758.60ms | tok/s: 298,127 | mfu: 34.03 | epoch: 1 | eta: 58.8m
step 00171/02205 (7.76%) [ns3_ftrl_eta0p05] | loss: 4.174874 | lrm: 1.00 | dt: 1754.88ms | tok/s: 298,759 | mfu: 34.10 | epoch: 1 | eta: 58.8m
step 00172/02205 (7.80%) [ns3_ftrl_eta0p05] | loss: 4.170377 | lrm: 1.00 | dt: 1753.80ms | tok/s: 298,944 | mfu: 34.12 | epoch: 1 | eta: 58.8m
step 00173/02205 (7.85%) [ns3_ftrl_eta0p05] | loss: 4.172201 | lrm: 1.00 | dt: 1768.31ms | tok/s: 296,490 | mfu: 33.84 | epoch: 1 | eta: 58.8m
step 00174/02205 (7.89%) [ns3_ftrl_eta0p05] | loss: 4.162485 | lrm: 1.00 | dt: 1753.02ms | tok/s: 299,077 | mfu: 34.14 | epoch: 1 | eta: 58.8m
step 00175/02205 (7.94%) [ns3_ftrl_eta0p05] | loss: 4.146729 | lrm: 1.00 | dt: 1752.37ms | tok/s: 299,188 | mfu: 34.15 | epoch: 1 | eta: 58.7m
step 00176/02205 (7.98%) [ns3_ftrl_eta0p05] | loss: 4.142993 | lrm: 1.00 | dt: 1763.55ms | tok/s: 297,290 | mfu: 33.94 | epoch: 1 | eta: 58.7m
step 00177/02205 (8.03%) [ns3_ftrl_eta0p05] | loss: 4.144164 | lrm: 1.00 | dt: 1747.64ms | tok/s: 299,997 | mfu: 34.25 | epoch: 1 | eta: 58.7m
step 00178/02205 (8.07%) [ns3_ftrl_eta0p05] | loss: 4.146520 | lrm: 1.00 | dt: 1759.22ms | tok/s: 298,023 | mfu: 34.02 | epoch: 1 | eta: 58.7m
step 00179/02205 (8.12%) [ns3_ftrl_eta0p05] | loss: 4.139611 | lrm: 1.00 | dt: 1760.18ms | tok/s: 297,860 | mfu: 34.00 | epoch: 1 | eta: 58.6m
step 00180/02205 (8.16%) [ns3_ftrl_eta0p05] | loss: 4.132787 | lrm: 1.00 | dt: 1753.62ms | tok/s: 298,973 | mfu: 34.13 | epoch: 1 | eta: 58.6m
step 00181/02205 (8.21%) [ns3_ftrl_eta0p05] | loss: 4.125846 | lrm: 1.00 | dt: 1752.36ms | tok/s: 299,189 | mfu: 34.15 | epoch: 1 | eta: 58.6m
step 00182/02205 (8.25%) [ns3_ftrl_eta0p05] | loss: 4.123018 | lrm: 1.00 | dt: 1751.94ms | tok/s: 299,261 | mfu: 34.16 | epoch: 1 | eta: 58.5m
step 00183/02205 (8.30%) [ns3_ftrl_eta0p05] | loss: 4.119620 | lrm: 1.00 | dt: 1753.59ms | tok/s: 298,980 | mfu: 34.13 | epoch: 1 | eta: 58.5m
step 00184/02205 (8.34%) [ns3_ftrl_eta0p05] | loss: 4.119658 | lrm: 1.00 | dt: 1754.47ms | tok/s: 298,830 | mfu: 34.11 | epoch: 1 | eta: 58.5m
step 00185/02205 (8.39%) [ns3_ftrl_eta0p05] | loss: 4.113509 | lrm: 1.00 | dt: 1757.76ms | tok/s: 298,271 | mfu: 34.05 | epoch: 1 | eta: 58.5m
step 00186/02205 (8.44%) [ns3_ftrl_eta0p05] | loss: 4.109524 | lrm: 1.00 | dt: 1760.87ms | tok/s: 297,743 | mfu: 33.99 | epoch: 1 | eta: 58.4m
step 00187/02205 (8.48%) [ns3_ftrl_eta0p05] | loss: 4.116127 | lrm: 1.00 | dt: 1762.83ms | tok/s: 297,413 | mfu: 33.95 | epoch: 1 | eta: 58.4m
step 00188/02205 (8.53%) [ns3_ftrl_eta0p05] | loss: 4.114658 | lrm: 1.00 | dt: 1747.81ms | tok/s: 299,968 | mfu: 34.24 | epoch: 1 | eta: 58.4m
step 00189/02205 (8.57%) [ns3_ftrl_eta0p05] | loss: 4.103128 | lrm: 1.00 | dt: 1758.92ms | tok/s: 298,073 | mfu: 34.03 | epoch: 1 | eta: 58.4m
step 00190/02205 (8.62%) [ns3_ftrl_eta0p05] | loss: 4.105139 | lrm: 1.00 | dt: 1761.03ms | tok/s: 297,717 | mfu: 33.98 | epoch: 1 | eta: 58.3m
step 00191/02205 (8.66%) [ns3_ftrl_eta0p05] | loss: 4.106730 | lrm: 1.00 | dt: 1752.14ms | tok/s: 299,227 | mfu: 34.16 | epoch: 1 | eta: 58.3m
step 00192/02205 (8.71%) [ns3_ftrl_eta0p05] | loss: 4.101638 | lrm: 1.00 | dt: 1760.30ms | tok/s: 297,840 | mfu: 34.00 | epoch: 1 | eta: 58.3m
step 00193/02205 (8.75%) [ns3_ftrl_eta0p05] | loss: 4.094255 | lrm: 1.00 | dt: 1750.29ms | tok/s: 299,542 | mfu: 34.19 | epoch: 1 | eta: 58.3m
step 00194/02205 (8.80%) [ns3_ftrl_eta0p05] | loss: 4.079809 | lrm: 1.00 | dt: 1752.51ms | tok/s: 299,164 | mfu: 34.15 | epoch: 1 | eta: 58.2m
step 00195/02205 (8.84%) [ns3_ftrl_eta0p05] | loss: 4.076709 | lrm: 1.00 | dt: 1753.45ms | tok/s: 299,004 | mfu: 34.13 | epoch: 1 | eta: 58.2m
step 00196/02205 (8.89%) [ns3_ftrl_eta0p05] | loss: 4.064806 | lrm: 1.00 | dt: 1749.82ms | tok/s: 299,623 | mfu: 34.20 | epoch: 1 | eta: 58.2m
step 00197/02205 (8.93%) [ns3_ftrl_eta0p05] | loss: 4.059396 | lrm: 1.00 | dt: 1758.12ms | tok/s: 298,210 | mfu: 34.04 | epoch: 1 | eta: 58.2m
step 00198/02205 (8.98%) [ns3_ftrl_eta0p05] | loss: 4.056155 | lrm: 1.00 | dt: 1749.30ms | tok/s: 299,712 | mfu: 34.21 | epoch: 1 | eta: 58.1m
step 00199/02205 (9.02%) [ns3_ftrl_eta0p05] | loss: 4.040658 | lrm: 1.00 | dt: 1752.91ms | tok/s: 299,096 | mfu: 34.14 | epoch: 1 | eta: 58.1m
step 00200/02205 (9.07%) [ns3_ftrl_eta0p05] | loss: 4.033532 | lrm: 1.00 | dt: 1751.16ms | tok/s: 299,395 | mfu: 34.18 | epoch: 1 | eta: 58.1m
step 00201/02205 (9.12%) [ns3_ftrl_eta0p05] | loss: 4.017564 | lrm: 1.00 | dt: 1753.67ms | tok/s: 298,966 | mfu: 34.13 | epoch: 1 | eta: 58.1m
step 00202/02205 (9.16%) [ns3_ftrl_eta0p05] | loss: 4.028302 | lrm: 1.00 | dt: 1754.17ms | tok/s: 298,881 | mfu: 34.12 | epoch: 1 | eta: 58.0m
step 00203/02205 (9.21%) [ns3_ftrl_eta0p05] | loss: 4.027924 | lrm: 1.00 | dt: 1757.68ms | tok/s: 298,284 | mfu: 34.05 | epoch: 1 | eta: 58.0m
step 00204/02205 (9.25%) [ns3_ftrl_eta0p05] | loss: 4.015215 | lrm: 1.00 | dt: 1751.65ms | tok/s: 299,310 | mfu: 34.17 | epoch: 1 | eta: 58.0m
step 00205/02205 (9.30%) [ns3_ftrl_eta0p05] | loss: 4.012413 | lrm: 1.00 | dt: 1766.41ms | tok/s: 296,809 | mfu: 33.88 | epoch: 1 | eta: 58.0m
step 00206/02205 (9.34%) [ns3_ftrl_eta0p05] | loss: 4.017640 | lrm: 1.00 | dt: 1754.92ms | tok/s: 298,753 | mfu: 34.10 | epoch: 1 | eta: 57.9m
step 00207/02205 (9.39%) [ns3_ftrl_eta0p05] | loss: 4.012222 | lrm: 1.00 | dt: 1764.78ms | tok/s: 297,084 | mfu: 33.91 | epoch: 1 | eta: 57.9m
step 00208/02205 (9.43%) [ns3_ftrl_eta0p05] | loss: 4.002648 | lrm: 1.00 | dt: 1759.69ms | tok/s: 297,943 | mfu: 34.01 | epoch: 1 | eta: 57.9m
step 00209/02205 (9.48%) [ns3_ftrl_eta0p05] | loss: 4.013172 | lrm: 1.00 | dt: 1764.16ms | tok/s: 297,188 | mfu: 33.92 | epoch: 1 | eta: 57.9m
step 00210/02205 (9.52%) [ns3_ftrl_eta0p05] | loss: 4.007705 | lrm: 1.00 | dt: 1753.78ms | tok/s: 298,946 | mfu: 34.13 | epoch: 1 | eta: 57.8m
step 00211/02205 (9.57%) [ns3_ftrl_eta0p05] | loss: 4.003726 | lrm: 1.00 | dt: 1761.05ms | tok/s: 297,713 | mfu: 33.98 | epoch: 1 | eta: 57.8m
step 00212/02205 (9.61%) [ns3_ftrl_eta0p05] | loss: 3.998846 | lrm: 1.00 | dt: 1750.05ms | tok/s: 299,584 | mfu: 34.20 | epoch: 1 | eta: 57.8m
step 00213/02205 (9.66%) [ns3_ftrl_eta0p05] | loss: 3.997029 | lrm: 1.00 | dt: 1762.99ms | tok/s: 297,385 | mfu: 33.95 | epoch: 1 | eta: 57.8m
step 00214/02205 (9.71%) [ns3_ftrl_eta0p05] | loss: 3.993561 | lrm: 1.00 | dt: 1763.17ms | tok/s: 297,355 | mfu: 33.94 | epoch: 1 | eta: 57.7m
step 00215/02205 (9.75%) [ns3_ftrl_eta0p05] | loss: 3.988747 | lrm: 1.00 | dt: 1755.34ms | tok/s: 298,681 | mfu: 34.09 | epoch: 1 | eta: 57.7m
step 00216/02205 (9.80%) [ns3_ftrl_eta0p05] | loss: 3.978372 | lrm: 1.00 | dt: 1752.38ms | tok/s: 299,187 | mfu: 34.15 | epoch: 1 | eta: 57.7m
step 00217/02205 (9.84%) [ns3_ftrl_eta0p05] | loss: 3.969207 | lrm: 1.00 | dt: 1765.29ms | tok/s: 296,998 | mfu: 33.90 | epoch: 1 | eta: 57.6m
step 00218/02205 (9.89%) [ns3_ftrl_eta0p05] | loss: 3.956567 | lrm: 1.00 | dt: 1755.49ms | tok/s: 298,656 | mfu: 34.09 | epoch: 1 | eta: 57.6m
step 00219/02205 (9.93%) [ns3_ftrl_eta0p05] | loss: 3.952100 | lrm: 1.00 | dt: 1763.18ms | tok/s: 297,354 | mfu: 33.94 | epoch: 1 | eta: 57.6m
step 00220/02205 (9.98%) [ns3_ftrl_eta0p05] | loss: 3.950122 | lrm: 1.00 | dt: 1762.73ms | tok/s: 297,430 | mfu: 33.95 | epoch: 1 | eta: 57.6m
step 00221/02205 (10.02%) [ns3_ftrl_eta0p05] | loss: 3.945334 | lrm: 1.00 | dt: 1765.80ms | tok/s: 296,912 | mfu: 33.89 | epoch: 1 | eta: 57.5m
step 00222/02205 (10.07%) [ns3_ftrl_eta0p05] | loss: 3.949010 | lrm: 1.00 | dt: 1755.82ms | tok/s: 298,599 | mfu: 34.09 | epoch: 1 | eta: 57.5m
step 00223/02205 (10.11%) [ns3_ftrl_eta0p05] | loss: 3.939806 | lrm: 1.00 | dt: 1754.47ms | tok/s: 298,829 | mfu: 34.11 | epoch: 1 | eta: 57.5m
step 00224/02205 (10.16%) [ns3_ftrl_eta0p05] | loss: 3.935124 | lrm: 1.00 | dt: 1762.60ms | tok/s: 297,451 | mfu: 33.95 | epoch: 1 | eta: 57.5m
step 00225/02205 (10.20%) [ns3_ftrl_eta0p05] | loss: 3.927466 | lrm: 1.00 | dt: 1755.97ms | tok/s: 298,575 | mfu: 34.08 | epoch: 1 | eta: 57.4m
step 00226/02205 (10.25%) [ns3_ftrl_eta0p05] | loss: 3.928825 | lrm: 1.00 | dt: 1759.16ms | tok/s: 298,032 | mfu: 34.02 | epoch: 1 | eta: 57.4m
step 00227/02205 (10.29%) [ns3_ftrl_eta0p05] | loss: 3.925797 | lrm: 1.00 | dt: 1760.17ms | tok/s: 297,862 | mfu: 34.00 | epoch: 1 | eta: 57.4m
step 00228/02205 (10.34%) [ns3_ftrl_eta0p05] | loss: 3.916936 | lrm: 1.00 | dt: 1759.01ms | tok/s: 298,057 | mfu: 34.02 | epoch: 1 | eta: 57.4m
step 00229/02205 (10.39%) [ns3_ftrl_eta0p05] | loss: 3.907572 | lrm: 1.00 | dt: 1758.52ms | tok/s: 298,141 | mfu: 34.03 | epoch: 1 | eta: 57.3m
step 00230/02205 (10.43%) [ns3_ftrl_eta0p05] | loss: 3.912688 | lrm: 1.00 | dt: 1751.15ms | tok/s: 299,396 | mfu: 34.18 | epoch: 1 | eta: 57.3m
step 00231/02205 (10.48%) [ns3_ftrl_eta0p05] | loss: 3.925619 | lrm: 1.00 | dt: 1755.54ms | tok/s: 298,648 | mfu: 34.09 | epoch: 1 | eta: 57.3m
step 00232/02205 (10.52%) [ns3_ftrl_eta0p05] | loss: 3.924122 | lrm: 1.00 | dt: 1766.73ms | tok/s: 296,756 | mfu: 33.88 | epoch: 1 | eta: 57.3m
step 00233/02205 (10.57%) [ns3_ftrl_eta0p05] | loss: 3.913409 | lrm: 1.00 | dt: 1757.97ms | tok/s: 298,234 | mfu: 34.04 | epoch: 1 | eta: 57.2m
step 00234/02205 (10.61%) [ns3_ftrl_eta0p05] | loss: 3.916828 | lrm: 1.00 | dt: 1754.44ms | tok/s: 298,835 | mfu: 34.11 | epoch: 1 | eta: 57.2m
step 00235/02205 (10.66%) [ns3_ftrl_eta0p05] | loss: 3.925690 | lrm: 1.00 | dt: 1764.04ms | tok/s: 297,207 | mfu: 33.93 | epoch: 1 | eta: 57.2m
step 00236/02205 (10.70%) [ns3_ftrl_eta0p05] | loss: 3.926299 | lrm: 1.00 | dt: 1757.38ms | tok/s: 298,334 | mfu: 34.06 | epoch: 1 | eta: 57.2m
step 00237/02205 (10.75%) [ns3_ftrl_eta0p05] | loss: 3.911855 | lrm: 1.00 | dt: 1761.52ms | tok/s: 297,633 | mfu: 33.98 | epoch: 1 | eta: 57.1m
step 00238/02205 (10.79%) [ns3_ftrl_eta0p05] | loss: 3.904610 | lrm: 1.00 | dt: 1764.74ms | tok/s: 297,090 | mfu: 33.91 | epoch: 1 | eta: 57.1m
step 00239/02205 (10.84%) [ns3_ftrl_eta0p05] | loss: 3.899302 | lrm: 1.00 | dt: 1764.97ms | tok/s: 297,051 | mfu: 33.91 | epoch: 1 | eta: 57.1m
step 00240/02205 (10.88%) [ns3_ftrl_eta0p05] | loss: 3.906801 | lrm: 1.00 | dt: 1754.86ms | tok/s: 298,763 | mfu: 34.10 | epoch: 1 | eta: 57.0m
step 00241/02205 (10.93%) [ns3_ftrl_eta0p05] | loss: 3.895331 | lrm: 1.00 | dt: 1758.44ms | tok/s: 298,154 | mfu: 34.03 | epoch: 1 | eta: 57.0m
step 00242/02205 (10.98%) [ns3_ftrl_eta0p05] | loss: 3.893297 | lrm: 1.00 | dt: 1767.27ms | tok/s: 296,665 | mfu: 33.86 | epoch: 1 | eta: 57.0m
step 00243/02205 (11.02%) [ns3_ftrl_eta0p05] | loss: 3.889043 | lrm: 1.00 | dt: 1753.76ms | tok/s: 298,950 | mfu: 34.13 | epoch: 1 | eta: 57.0m
step 00244/02205 (11.07%) [ns3_ftrl_eta0p05] | loss: 3.882296 | lrm: 1.00 | dt: 1762.90ms | tok/s: 297,401 | mfu: 33.95 | epoch: 1 | eta: 56.9m
step 00245/02205 (11.11%) [ns3_ftrl_eta0p05] | loss: 3.881332 | lrm: 1.00 | dt: 1762.20ms | tok/s: 297,518 | mfu: 33.96 | epoch: 1 | eta: 56.9m
step 00246/02205 (11.16%) [ns3_ftrl_eta0p05] | loss: 3.873729 | lrm: 1.00 | dt: 1754.82ms | tok/s: 298,770 | mfu: 34.11 | epoch: 1 | eta: 56.9m
step 00247/02205 (11.20%) [ns3_ftrl_eta0p05] | loss: 3.866918 | lrm: 1.00 | dt: 1764.02ms | tok/s: 297,212 | mfu: 33.93 | epoch: 1 | eta: 56.9m
step 00248/02205 (11.25%) [ns3_ftrl_eta0p05] | loss: 3.856070 | lrm: 1.00 | dt: 1756.34ms | tok/s: 298,511 | mfu: 34.08 | epoch: 1 | eta: 56.8m
step 00249/02205 (11.29%) [ns3_ftrl_eta0p05] | loss: 3.854285 | lrm: 1.00 | dt: 1753.88ms | tok/s: 298,929 | mfu: 34.12 | epoch: 1 | eta: 56.8m
Step 00250 | val bpb: 1.130735
step 00250/02205 (11.34%) [ns3_ftrl_eta0p05] | loss: 3.848351 | lrm: 1.00 | dt: 1728.01ms | tok/s: 303,405 | mfu: 34.63 | epoch: 1 | eta: 56.8m
step 00251/02205 (11.38%) [ns3_ftrl_eta0p05] | loss: 3.853058 | lrm: 1.00 | dt: 1739.78ms | tok/s: 301,352 | mfu: 34.40 | epoch: 1 | eta: 56.7m
step 00252/02205 (11.43%) [ns3_ftrl_eta0p05] | loss: 3.856396 | lrm: 1.00 | dt: 1743.66ms | tok/s: 300,682 | mfu: 34.32 | epoch: 1 | eta: 56.7m
step 00253/02205 (11.47%) [ns3_ftrl_eta0p05] | loss: 3.859074 | lrm: 1.00 | dt: 1740.92ms | tok/s: 301,155 | mfu: 34.38 | epoch: 1 | eta: 56.7m
step 00254/02205 (11.52%) [ns3_ftrl_eta0p05] | loss: 3.863287 | lrm: 1.00 | dt: 1742.09ms | tok/s: 300,954 | mfu: 34.35 | epoch: 1 | eta: 56.7m
step 00255/02205 (11.56%) [ns3_ftrl_eta0p05] | loss: 3.858502 | lrm: 1.00 | dt: 1739.85ms | tok/s: 301,340 | mfu: 34.40 | epoch: 1 | eta: 56.6m
step 00256/02205 (11.61%) [ns3_ftrl_eta0p05] | loss: 3.863336 | lrm: 1.00 | dt: 1744.31ms | tok/s: 300,570 | mfu: 34.31 | epoch: 1 | eta: 56.6m
step 00257/02205 (11.66%) [ns3_ftrl_eta0p05] | loss: 3.856768 | lrm: 1.00 | dt: 1746.42ms | tok/s: 300,207 | mfu: 34.27 | epoch: 1 | eta: 56.6m
step 00258/02205 (11.70%) [ns3_ftrl_eta0p05] | loss: 3.854552 | lrm: 1.00 | dt: 1742.02ms | tok/s: 300,965 | mfu: 34.36 | epoch: 1 | eta: 56.5m
step 00259/02205 (11.75%) [ns3_ftrl_eta0p05] | loss: 3.845954 | lrm: 1.00 | dt: 1739.29ms | tok/s: 301,438 | mfu: 34.41 | epoch: 1 | eta: 56.5m
step 00260/02205 (11.79%) [ns3_ftrl_eta0p05] | loss: 3.849366 | lrm: 1.00 | dt: 1743.56ms | tok/s: 300,699 | mfu: 34.33 | epoch: 1 | eta: 56.5m
step 00261/02205 (11.84%) [ns3_ftrl_eta0p05] | loss: 3.845067 | lrm: 1.00 | dt: 1741.92ms | tok/s: 300,982 | mfu: 34.36 | epoch: 1 | eta: 56.5m
step 00262/02205 (11.88%) [ns3_ftrl_eta0p05] | loss: 3.836590 | lrm: 1.00 | dt: 1752.55ms | tok/s: 299,158 | mfu: 34.15 | epoch: 1 | eta: 56.4m
step 00263/02205 (11.93%) [ns3_ftrl_eta0p05] | loss: 3.837436 | lrm: 1.00 | dt: 1744.79ms | tok/s: 300,488 | mfu: 34.30 | epoch: 1 | eta: 56.4m
step 00264/02205 (11.97%) [ns3_ftrl_eta0p05] | loss: 3.834998 | lrm: 1.00 | dt: 1745.64ms | tok/s: 300,341 | mfu: 34.28 | epoch: 1 | eta: 56.4m
step 00265/02205 (12.02%) [ns3_ftrl_eta0p05] | loss: 3.822448 | lrm: 1.00 | dt: 1751.82ms | tok/s: 299,281 | mfu: 34.16 | epoch: 1 | eta: 56.3m
step 00266/02205 (12.06%) [ns3_ftrl_eta0p05] | loss: 3.813855 | lrm: 1.00 | dt: 1747.11ms | tok/s: 300,089 | mfu: 34.26 | epoch: 1 | eta: 56.3m
step 00267/02205 (12.11%) [ns3_ftrl_eta0p05] | loss: 3.791604 | lrm: 1.00 | dt: 1746.80ms | tok/s: 300,142 | mfu: 34.26 | epoch: 1 | eta: 56.3m
step 00268/02205 (12.15%) [ns3_ftrl_eta0p05] | loss: 3.795465 | lrm: 1.00 | dt: 1740.48ms | tok/s: 301,232 | mfu: 34.39 | epoch: 1 | eta: 56.3m
step 00269/02205 (12.20%) [ns3_ftrl_eta0p05] | loss: 3.793619 | lrm: 1.00 | dt: 1747.18ms | tok/s: 300,077 | mfu: 34.25 | epoch: 1 | eta: 56.2m
step 00270/02205 (12.24%) [ns3_ftrl_eta0p05] | loss: 3.790745 | lrm: 1.00 | dt: 1746.94ms | tok/s: 300,118 | mfu: 34.26 | epoch: 1 | eta: 56.2m
step 00271/02205 (12.29%) [ns3_ftrl_eta0p05] | loss: 3.794859 | lrm: 1.00 | dt: 1746.86ms | tok/s: 300,130 | mfu: 34.26 | epoch: 1 | eta: 56.2m
step 00272/02205 (12.34%) [ns3_ftrl_eta0p05] | loss: 3.790300 | lrm: 1.00 | dt: 1743.24ms | tok/s: 300,754 | mfu: 34.33 | epoch: 1 | eta: 56.1m
step 00273/02205 (12.38%) [ns3_ftrl_eta0p05] | loss: 3.789932 | lrm: 1.00 | dt: 1755.34ms | tok/s: 298,681 | mfu: 34.09 | epoch: 1 | eta: 56.1m
step 00274/02205 (12.43%) [ns3_ftrl_eta0p05] | loss: 3.792130 | lrm: 1.00 | dt: 1747.48ms | tok/s: 300,025 | mfu: 34.25 | epoch: 1 | eta: 56.1m
step 00275/02205 (12.47%) [ns3_ftrl_eta0p05] | loss: 3.795308 | lrm: 1.00 | dt: 1742.50ms | tok/s: 300,882 | mfu: 34.35 | epoch: 1 | eta: 56.1m
step 00276/02205 (12.52%) [ns3_ftrl_eta0p05] | loss: 3.799004 | lrm: 1.00 | dt: 1748.13ms | tok/s: 299,912 | mfu: 34.24 | epoch: 1 | eta: 56.0m
step 00277/02205 (12.56%) [ns3_ftrl_eta0p05] | loss: 3.804380 | lrm: 1.00 | dt: 1747.25ms | tok/s: 300,065 | mfu: 34.25 | epoch: 1 | eta: 56.0m
step 00278/02205 (12.61%) [ns3_ftrl_eta0p05] | loss: 3.806912 | lrm: 1.00 | dt: 1752.54ms | tok/s: 299,159 | mfu: 34.15 | epoch: 1 | eta: 56.0m
step 00279/02205 (12.65%) [ns3_ftrl_eta0p05] | loss: 3.801830 | lrm: 1.00 | dt: 1751.23ms | tok/s: 299,382 | mfu: 34.17 | epoch: 1 | eta: 55.9m
step 00280/02205 (12.70%) [ns3_ftrl_eta0p05] | loss: 3.813859 | lrm: 1.00 | dt: 1756.34ms | tok/s: 298,511 | mfu: 34.08 | epoch: 1 | eta: 55.9m
step 00281/02205 (12.74%) [ns3_ftrl_eta0p05] | loss: 3.824436 | lrm: 1.00 | dt: 1745.60ms | tok/s: 300,349 | mfu: 34.29 | epoch: 1 | eta: 55.9m
step 00282/02205 (12.79%) [ns3_ftrl_eta0p05] | loss: 3.837072 | lrm: 1.00 | dt: 1744.50ms | tok/s: 300,537 | mfu: 34.31 | epoch: 1 | eta: 55.9m
step 00283/02205 (12.83%) [ns3_ftrl_eta0p05] | loss: 3.844753 | lrm: 1.00 | dt: 1751.22ms | tok/s: 299,384 | mfu: 34.18 | epoch: 1 | eta: 55.8m
step 00284/02205 (12.88%) [ns3_ftrl_eta0p05] | loss: 3.838005 | lrm: 1.00 | dt: 1751.12ms | tok/s: 299,401 | mfu: 34.18 | epoch: 1 | eta: 55.8m
step 00285/02205 (12.93%) [ns3_ftrl_eta0p05] | loss: 3.834762 | lrm: 1.00 | dt: 1744.16ms | tok/s: 300,595 | mfu: 34.31 | epoch: 1 | eta: 55.8m
step 00286/02205 (12.97%) [ns3_ftrl_eta0p05] | loss: 3.832107 | lrm: 1.00 | dt: 1752.84ms | tok/s: 299,108 | mfu: 34.14 | epoch: 1 | eta: 55.7m
step 00287/02205 (13.02%) [ns3_ftrl_eta0p05] | loss: 3.821472 | lrm: 1.00 | dt: 1754.27ms | tok/s: 298,864 | mfu: 34.12 | epoch: 1 | eta: 55.7m
step 00288/02205 (13.06%) [ns3_ftrl_eta0p05] | loss: 3.817465 | lrm: 1.00 | dt: 1754.16ms | tok/s: 298,883 | mfu: 34.12 | epoch: 1 | eta: 55.7m
step 00289/02205 (13.11%) [ns3_ftrl_eta0p05] | loss: 3.814515 | lrm: 1.00 | dt: 1750.58ms | tok/s: 299,493 | mfu: 34.19 | epoch: 1 | eta: 55.7m
step 00290/02205 (13.15%) [ns3_ftrl_eta0p05] | loss: 3.805634 | lrm: 1.00 | dt: 1749.58ms | tok/s: 299,664 | mfu: 34.21 | epoch: 1 | eta: 55.6m
step 00291/02205 (13.20%) [ns3_ftrl_eta0p05] | loss: 3.798102 | lrm: 1.00 | dt: 1751.88ms | tok/s: 299,271 | mfu: 34.16 | epoch: 1 | eta: 55.6m
step 00292/02205 (13.24%) [ns3_ftrl_eta0p05] | loss: 3.790860 | lrm: 1.00 | dt: 1759.50ms | tok/s: 297,976 | mfu: 34.01 | epoch: 1 | eta: 55.6m
step 00293/02205 (13.29%) [ns3_ftrl_eta0p05] | loss: 3.789330 | lrm: 1.00 | dt: 1750.91ms | tok/s: 299,437 | mfu: 34.18 | epoch: 1 | eta: 55.6m
step 00294/02205 (13.33%) [ns3_ftrl_eta0p05] | loss: 3.784168 | lrm: 1.00 | dt: 1752.98ms | tok/s: 299,083 | mfu: 34.14 | epoch: 1 | eta: 55.5m
step 00295/02205 (13.38%) [ns3_ftrl_eta0p05] | loss: 3.779003 | lrm: 1.00 | dt: 1747.77ms | tok/s: 299,976 | mfu: 34.24 | epoch: 1 | eta: 55.5m
step 00296/02205 (13.42%) [ns3_ftrl_eta0p05] | loss: 3.774537 | lrm: 1.00 | dt: 1749.88ms | tok/s: 299,613 | mfu: 34.20 | epoch: 1 | eta: 55.5m
step 00297/02205 (13.47%) [ns3_ftrl_eta0p05] | loss: 3.782849 | lrm: 1.00 | dt: 1754.83ms | tok/s: 298,769 | mfu: 34.10 | epoch: 1 | eta: 55.4m
step 00298/02205 (13.51%) [ns3_ftrl_eta0p05] | loss: 3.779947 | lrm: 1.00 | dt: 1747.59ms | tok/s: 300,005 | mfu: 34.25 | epoch: 1 | eta: 55.4m
step 00299/02205 (13.56%) [ns3_ftrl_eta0p05] | loss: 3.782329 | lrm: 1.00 | dt: 1745.68ms | tok/s: 300,334 | mfu: 34.28 | epoch: 1 | eta: 55.4m
step 00300/02205 (13.61%) [ns3_ftrl_eta0p05] | loss: 3.780482 | lrm: 1.00 | dt: 1748.11ms | tok/s: 299,916 | mfu: 34.24 | epoch: 1 | eta: 55.4m
step 00301/02205 (13.65%) [ns3_ftrl_eta0p05] | loss: 3.778514 | lrm: 1.00 | dt: 1751.20ms | tok/s: 299,387 | mfu: 34.18 | epoch: 1 | eta: 55.3m
step 00302/02205 (13.70%) [ns3_ftrl_eta0p05] | loss: 3.772010 | lrm: 1.00 | dt: 1747.25ms | tok/s: 300,065 | mfu: 34.25 | epoch: 1 | eta: 55.3m
step 00303/02205 (13.74%) [ns3_ftrl_eta0p05] | loss: 3.775026 | lrm: 1.00 | dt: 1750.69ms | tok/s: 299,474 | mfu: 34.19 | epoch: 1 | eta: 55.3m
step 00304/02205 (13.79%) [ns3_ftrl_eta0p05] | loss: 3.766414 | lrm: 1.00 | dt: 1747.82ms | tok/s: 299,966 | mfu: 34.24 | epoch: 1 | eta: 55.2m
step 00305/02205 (13.83%) [ns3_ftrl_eta0p05] | loss: 3.758354 | lrm: 1.00 | dt: 1749.34ms | tok/s: 299,706 | mfu: 34.21 | epoch: 1 | eta: 55.2m
step 00306/02205 (13.88%) [ns3_ftrl_eta0p05] | loss: 3.752210 | lrm: 1.00 | dt: 1750.27ms | tok/s: 299,547 | mfu: 34.19 | epoch: 1 | eta: 55.2m
step 00307/02205 (13.92%) [ns3_ftrl_eta0p05] | loss: 3.756809 | lrm: 1.00 | dt: 1747.96ms | tok/s: 299,942 | mfu: 34.24 | epoch: 1 | eta: 55.2m
step 00308/02205 (13.97%) [ns3_ftrl_eta0p05] | loss: 3.765321 | lrm: 1.00 | dt: 1738.58ms | tok/s: 301,560 | mfu: 34.42 | epoch: 1 | eta: 55.1m
step 00309/02205 (14.01%) [ns3_ftrl_eta0p05] | loss: 3.767055 | lrm: 1.00 | dt: 1749.86ms | tok/s: 299,617 | mfu: 34.20 | epoch: 1 | eta: 55.1m
step 00310/02205 (14.06%) [ns3_ftrl_eta0p05] | loss: 3.767664 | lrm: 1.00 | dt: 1752.33ms | tok/s: 299,194 | mfu: 34.15 | epoch: 1 | eta: 55.1m
step 00311/02205 (14.10%) [ns3_ftrl_eta0p05] | loss: 3.766097 | lrm: 1.00 | dt: 1754.51ms | tok/s: 298,823 | mfu: 34.11 | epoch: 1 | eta: 55.0m
step 00312/02205 (14.15%) [ns3_ftrl_eta0p05] | loss: 3.764639 | lrm: 1.00 | dt: 1749.52ms | tok/s: 299,675 | mfu: 34.21 | epoch: 1 | eta: 55.0m
step 00313/02205 (14.20%) [ns3_ftrl_eta0p05] | loss: 3.765277 | lrm: 1.00 | dt: 1754.83ms | tok/s: 298,768 | mfu: 34.10 | epoch: 1 | eta: 55.0m
step 00314/02205 (14.24%) [ns3_ftrl_eta0p05] | loss: 3.748923 | lrm: 1.00 | dt: 1750.06ms | tok/s: 299,583 | mfu: 34.20 | epoch: 1 | eta: 55.0m
step 00315/02205 (14.29%) [ns3_ftrl_eta0p05] | loss: 3.748223 | lrm: 1.00 | dt: 1752.32ms | tok/s: 299,196 | mfu: 34.15 | epoch: 1 | eta: 54.9m
step 00316/02205 (14.33%) [ns3_ftrl_eta0p05] | loss: 3.740374 | lrm: 1.00 | dt: 1754.64ms | tok/s: 298,800 | mfu: 34.11 | epoch: 1 | eta: 54.9m
step 00317/02205 (14.38%) [ns3_ftrl_eta0p05] | loss: 3.743826 | lrm: 1.00 | dt: 1746.06ms | tok/s: 300,268 | mfu: 34.28 | epoch: 1 | eta: 54.9m
step 00318/02205 (14.42%) [ns3_ftrl_eta0p05] | loss: 3.741478 | lrm: 1.00 | dt: 1753.62ms | tok/s: 298,974 | mfu: 34.13 | epoch: 1 | eta: 54.8m
step 00319/02205 (14.47%) [ns3_ftrl_eta0p05] | loss: 3.739515 | lrm: 1.00 | dt: 1751.68ms | tok/s: 299,306 | mfu: 34.17 | epoch: 1 | eta: 54.8m
step 00320/02205 (14.51%) [ns3_ftrl_eta0p05] | loss: 3.741072 | lrm: 1.00 | dt: 1748.46ms | tok/s: 299,856 | mfu: 34.23 | epoch: 1 | eta: 54.8m
step 00321/02205 (14.56%) [ns3_ftrl_eta0p05] | loss: 3.746469 | lrm: 1.00 | dt: 1749.47ms | tok/s: 299,683 | mfu: 34.21 | epoch: 1 | eta: 54.8m
step 00322/02205 (14.60%) [ns3_ftrl_eta0p05] | loss: 3.735403 | lrm: 1.00 | dt: 1749.57ms | tok/s: 299,666 | mfu: 34.21 | epoch: 1 | eta: 54.7m
step 00323/02205 (14.65%) [ns3_ftrl_eta0p05] | loss: 3.741719 | lrm: 1.00 | dt: 1753.09ms | tok/s: 299,064 | mfu: 34.14 | epoch: 1 | eta: 54.7m
step 00324/02205 (14.69%) [ns3_ftrl_eta0p05] | loss: 3.730058 | lrm: 1.00 | dt: 1752.75ms | tok/s: 299,122 | mfu: 34.15 | epoch: 1 | eta: 54.7m
step 00325/02205 (14.74%) [ns3_ftrl_eta0p05] | loss: 3.735333 | lrm: 1.00 | dt: 1749.64ms | tok/s: 299,654 | mfu: 34.21 | epoch: 1 | eta: 54.6m
step 00326/02205 (14.78%) [ns3_ftrl_eta0p05] | loss: 3.736395 | lrm: 1.00 | dt: 1755.83ms | tok/s: 298,598 | mfu: 34.09 | epoch: 1 | eta: 54.6m
step 00327/02205 (14.83%) [ns3_ftrl_eta0p05] | loss: 3.736010 | lrm: 1.00 | dt: 1748.48ms | tok/s: 299,853 | mfu: 34.23 | epoch: 1 | eta: 54.6m
step 00328/02205 (14.88%) [ns3_ftrl_eta0p05] | loss: 3.726820 | lrm: 1.00 | dt: 1751.12ms | tok/s: 299,401 | mfu: 34.18 | epoch: 1 | eta: 54.6m
step 00329/02205 (14.92%) [ns3_ftrl_eta0p05] | loss: 3.731284 | lrm: 1.00 | dt: 1748.09ms | tok/s: 299,919 | mfu: 34.24 | epoch: 1 | eta: 54.5m
step 00330/02205 (14.97%) [ns3_ftrl_eta0p05] | loss: 3.727080 | lrm: 1.00 | dt: 1752.22ms | tok/s: 299,213 | mfu: 34.16 | epoch: 1 | eta: 54.5m
step 00331/02205 (15.01%) [ns3_ftrl_eta0p05] | loss: 3.712157 | lrm: 1.00 | dt: 1746.56ms | tok/s: 300,183 | mfu: 34.27 | epoch: 1 | eta: 54.5m
step 00332/02205 (15.06%) [ns3_ftrl_eta0p05] | loss: 3.709335 | lrm: 1.00 | dt: 1742.20ms | tok/s: 300,933 | mfu: 34.35 | epoch: 1 | eta: 54.4m
step 00333/02205 (15.10%) [ns3_ftrl_eta0p05] | loss: 3.702689 | lrm: 1.00 | dt: 1749.01ms | tok/s: 299,763 | mfu: 34.22 | epoch: 1 | eta: 54.4m
step 00334/02205 (15.15%) [ns3_ftrl_eta0p05] | loss: 3.704930 | lrm: 1.00 | dt: 1747.76ms | tok/s: 299,977 | mfu: 34.24 | epoch: 1 | eta: 54.4m
step 00335/02205 (15.19%) [ns3_ftrl_eta0p05] | loss: 3.711444 | lrm: 1.00 | dt: 1758.82ms | tok/s: 298,090 | mfu: 34.03 | epoch: 1 | eta: 54.4m
step 00336/02205 (15.24%) [ns3_ftrl_eta0p05] | loss: 3.713649 | lrm: 1.00 | dt: 1747.07ms | tok/s: 300,096 | mfu: 34.26 | epoch: 1 | eta: 54.3m
step 00337/02205 (15.28%) [ns3_ftrl_eta0p05] | loss: 3.713761 | lrm: 1.00 | dt: 1754.50ms | tok/s: 298,823 | mfu: 34.11 | epoch: 1 | eta: 54.3m
step 00338/02205 (15.33%) [ns3_ftrl_eta0p05] | loss: 3.701453 | lrm: 1.00 | dt: 1750.25ms | tok/s: 299,550 | mfu: 34.19 | epoch: 1 | eta: 54.3m
step 00339/02205 (15.37%) [ns3_ftrl_eta0p05] | loss: 3.714268 | lrm: 1.00 | dt: 1743.03ms | tok/s: 300,790 | mfu: 34.34 | epoch: 1 | eta: 54.2m
step 00340/02205 (15.42%) [ns3_ftrl_eta0p05] | loss: 3.721697 | lrm: 1.00 | dt: 1751.83ms | tok/s: 299,280 | mfu: 34.16 | epoch: 1 | eta: 54.2m
step 00341/02205 (15.46%) [ns3_ftrl_eta0p05] | loss: 3.711024 | lrm: 1.00 | dt: 1741.69ms | tok/s: 301,022 | mfu: 34.36 | epoch: 1 | eta: 54.2m
step 00342/02205 (15.51%) [ns3_ftrl_eta0p05] | loss: 3.712143 | lrm: 1.00 | dt: 1748.92ms | tok/s: 299,777 | mfu: 34.22 | epoch: 1 | eta: 54.2m
step 00343/02205 (15.56%) [ns3_ftrl_eta0p05] | loss: 3.710583 | lrm: 1.00 | dt: 1750.91ms | tok/s: 299,437 | mfu: 34.18 | epoch: 1 | eta: 54.1m
step 00344/02205 (15.60%) [ns3_ftrl_eta0p05] | loss: 3.715972 | lrm: 1.00 | dt: 1751.95ms | tok/s: 299,260 | mfu: 34.16 | epoch: 1 | eta: 54.1m
step 00345/02205 (15.65%) [ns3_ftrl_eta0p05] | loss: 3.708540 | lrm: 1.00 | dt: 1747.85ms | tok/s: 299,961 | mfu: 34.24 | epoch: 1 | eta: 54.1m
step 00346/02205 (15.69%) [ns3_ftrl_eta0p05] | loss: 3.703464 | lrm: 1.00 | dt: 1750.71ms | tok/s: 299,471 | mfu: 34.18 | epoch: 1 | eta: 54.0m
step 00347/02205 (15.74%) [ns3_ftrl_eta0p05] | loss: 3.700637 | lrm: 1.00 | dt: 1750.68ms | tok/s: 299,477 | mfu: 34.19 | epoch: 1 | eta: 54.0m
step 00348/02205 (15.78%) [ns3_ftrl_eta0p05] | loss: 3.701632 | lrm: 1.00 | dt: 1743.18ms | tok/s: 300,765 | mfu: 34.33 | epoch: 1 | eta: 54.0m
step 00349/02205 (15.83%) [ns3_ftrl_eta0p05] | loss: 3.693568 | lrm: 1.00 | dt: 1749.76ms | tok/s: 299,634 | mfu: 34.20 | epoch: 1 | eta: 54.0m
step 00350/02205 (15.87%) [ns3_ftrl_eta0p05] | loss: 3.694688 | lrm: 1.00 | dt: 1746.09ms | tok/s: 300,264 | mfu: 34.28 | epoch: 1 | eta: 53.9m
step 00351/02205 (15.92%) [ns3_ftrl_eta0p05] | loss: 3.690550 | lrm: 1.00 | dt: 1736.81ms | tok/s: 301,868 | mfu: 34.46 | epoch: 1 | eta: 53.9m
step 00352/02205 (15.96%) [ns3_ftrl_eta0p05] | loss: 3.683196 | lrm: 1.00 | dt: 1748.68ms | tok/s: 299,819 | mfu: 34.22 | epoch: 1 | eta: 53.9m
step 00353/02205 (16.01%) [ns3_ftrl_eta0p05] | loss: 3.699505 | lrm: 1.00 | dt: 1755.17ms | tok/s: 298,710 | mfu: 34.10 | epoch: 1 | eta: 53.8m
step 00354/02205 (16.05%) [ns3_ftrl_eta0p05] | loss: 3.692879 | lrm: 1.00 | dt: 1747.62ms | tok/s: 300,001 | mfu: 34.25 | epoch: 1 | eta: 53.8m
step 00355/02205 (16.10%) [ns3_ftrl_eta0p05] | loss: 3.704595 | lrm: 1.00 | dt: 1754.44ms | tok/s: 298,835 | mfu: 34.11 | epoch: 1 | eta: 53.8m
step 00356/02205 (16.15%) [ns3_ftrl_eta0p05] | loss: 3.711834 | lrm: 1.00 | dt: 1748.48ms | tok/s: 299,853 | mfu: 34.23 | epoch: 1 | eta: 53.8m
step 00357/02205 (16.19%) [ns3_ftrl_eta0p05] | loss: 3.709039 | lrm: 1.00 | dt: 1743.52ms | tok/s: 300,705 | mfu: 34.33 | epoch: 1 | eta: 53.7m
step 00358/02205 (16.24%) [ns3_ftrl_eta0p05] | loss: 3.710121 | lrm: 1.00 | dt: 1750.03ms | tok/s: 299,587 | mfu: 34.20 | epoch: 1 | eta: 53.7m
step 00359/02205 (16.28%) [ns3_ftrl_eta0p05] | loss: 3.712159 | lrm: 1.00 | dt: 1741.64ms | tok/s: 301,031 | mfu: 34.36 | epoch: 1 | eta: 53.7m
step 00360/02205 (16.33%) [ns3_ftrl_eta0p05] | loss: 3.701842 | lrm: 1.00 | dt: 1739.51ms | tok/s: 301,399 | mfu: 34.41 | epoch: 1 | eta: 53.6m
step 00361/02205 (16.37%) [ns3_ftrl_eta0p05] | loss: 3.701830 | lrm: 1.00 | dt: 1746.32ms | tok/s: 300,223 | mfu: 34.27 | epoch: 1 | eta: 53.6m
step 00362/02205 (16.42%) [ns3_ftrl_eta0p05] | loss: 3.695758 | lrm: 1.00 | dt: 1740.34ms | tok/s: 301,256 | mfu: 34.39 | epoch: 1 | eta: 53.6m
step 00363/02205 (16.46%) [ns3_ftrl_eta0p05] | loss: 3.704718 | lrm: 1.00 | dt: 1747.77ms | tok/s: 299,976 | mfu: 34.24 | epoch: 1 | eta: 53.6m
step 00364/02205 (16.51%) [ns3_ftrl_eta0p05] | loss: 3.711440 | lrm: 1.00 | dt: 1740.80ms | tok/s: 301,176 | mfu: 34.38 | epoch: 1 | eta: 53.5m
step 00365/02205 (16.55%) [ns3_ftrl_eta0p05] | loss: 3.706506 | lrm: 1.00 | dt: 1744.39ms | tok/s: 300,557 | mfu: 34.31 | epoch: 1 | eta: 53.5m
step 00366/02205 (16.60%) [ns3_ftrl_eta0p05] | loss: 3.708031 | lrm: 1.00 | dt: 1751.25ms | tok/s: 299,380 | mfu: 34.17 | epoch: 1 | eta: 53.5m
step 00367/02205 (16.64%) [ns3_ftrl_eta0p05] | loss: 3.710589 | lrm: 1.00 | dt: 1750.65ms | tok/s: 299,482 | mfu: 34.19 | epoch: 1 | eta: 53.4m
step 00368/02205 (16.69%) [ns3_ftrl_eta0p05] | loss: 3.714943 | lrm: 1.00 | dt: 1754.30ms | tok/s: 298,858 | mfu: 34.12 | epoch: 1 | eta: 53.4m
step 00369/02205 (16.73%) [ns3_ftrl_eta0p05] | loss: 3.709714 | lrm: 1.00 | dt: 1753.51ms | tok/s: 298,993 | mfu: 34.13 | epoch: 1 | eta: 53.4m
step 00370/02205 (16.78%) [ns3_ftrl_eta0p05] | loss: 3.715253 | lrm: 1.00 | dt: 1746.79ms | tok/s: 300,144 | mfu: 34.26 | epoch: 1 | eta: 53.4m
step 00371/02205 (16.83%) [ns3_ftrl_eta0p05] | loss: 3.711263 | lrm: 1.00 | dt: 1741.63ms | tok/s: 301,032 | mfu: 34.36 | epoch: 1 | eta: 53.3m
step 00372/02205 (16.87%) [ns3_ftrl_eta0p05] | loss: 3.716757 | lrm: 1.00 | dt: 1745.35ms | tok/s: 300,391 | mfu: 34.29 | epoch: 1 | eta: 53.3m
step 00373/02205 (16.92%) [ns3_ftrl_eta0p05] | loss: 3.710841 | lrm: 1.00 | dt: 1737.68ms | tok/s: 301,717 | mfu: 34.44 | epoch: 1 | eta: 53.3m
step 00374/02205 (16.96%) [ns3_ftrl_eta0p05] | loss: 3.710819 | lrm: 1.00 | dt: 1750.75ms | tok/s: 299,464 | mfu: 34.18 | epoch: 1 | eta: 53.2m
step 00375/02205 (17.01%) [ns3_ftrl_eta0p05] | loss: 3.713190 | lrm: 1.00 | dt: 1751.66ms | tok/s: 299,309 | mfu: 34.17 | epoch: 1 | eta: 53.2m
step 00376/02205 (17.05%) [ns3_ftrl_eta0p05] | loss: 3.706203 | lrm: 1.00 | dt: 1743.63ms | tok/s: 300,687 | mfu: 34.32 | epoch: 1 | eta: 53.2m
step 00377/02205 (17.10%) [ns3_ftrl_eta0p05] | loss: 3.689543 | lrm: 1.00 | dt: 1744.81ms | tok/s: 300,483 | mfu: 34.30 | epoch: 1 | eta: 53.1m
step 00378/02205 (17.14%) [ns3_ftrl_eta0p05] | loss: 3.690766 | lrm: 1.00 | dt: 1753.69ms | tok/s: 298,962 | mfu: 34.13 | epoch: 1 | eta: 53.1m
step 00379/02205 (17.19%) [ns3_ftrl_eta0p05] | loss: 3.690369 | lrm: 1.00 | dt: 1748.39ms | tok/s: 299,868 | mfu: 34.23 | epoch: 1 | eta: 53.1m
step 00380/02205 (17.23%) [ns3_ftrl_eta0p05] | loss: 3.684115 | lrm: 1.00 | dt: 1750.63ms | tok/s: 299,484 | mfu: 34.19 | epoch: 1 | eta: 53.1m
step 00381/02205 (17.28%) [ns3_ftrl_eta0p05] | loss: 3.687445 | lrm: 1.00 | dt: 1746.21ms | tok/s: 300,243 | mfu: 34.27 | epoch: 1 | eta: 53.0m
step 00382/02205 (17.32%) [ns3_ftrl_eta0p05] | loss: 3.683155 | lrm: 1.00 | dt: 1751.67ms | tok/s: 299,308 | mfu: 34.17 | epoch: 1 | eta: 53.0m
step 00383/02205 (17.37%) [ns3_ftrl_eta0p05] | loss: 3.675310 | lrm: 1.00 | dt: 1742.38ms | tok/s: 300,904 | mfu: 34.35 | epoch: 1 | eta: 53.0m
step 00384/02205 (17.41%) [ns3_ftrl_eta0p05] | loss: 3.664658 | lrm: 1.00 | dt: 1743.68ms | tok/s: 300,679 | mfu: 34.32 | epoch: 1 | eta: 52.9m
step 00385/02205 (17.46%) [ns3_ftrl_eta0p05] | loss: 3.662718 | lrm: 1.00 | dt: 1737.54ms | tok/s: 301,740 | mfu: 34.44 | epoch: 1 | eta: 52.9m
step 00386/02205 (17.51%) [ns3_ftrl_eta0p05] | loss: 3.665199 | lrm: 1.00 | dt: 1749.87ms | tok/s: 299,615 | mfu: 34.20 | epoch: 1 | eta: 52.9m
step 00387/02205 (17.55%) [ns3_ftrl_eta0p05] | loss: 3.672431 | lrm: 1.00 | dt: 1745.56ms | tok/s: 300,355 | mfu: 34.29 | epoch: 1 | eta: 52.9m
step 00388/02205 (17.60%) [ns3_ftrl_eta0p05] | loss: 3.660326 | lrm: 1.00 | dt: 1748.77ms | tok/s: 299,804 | mfu: 34.22 | epoch: 1 | eta: 52.8m
step 00389/02205 (17.64%) [ns3_ftrl_eta0p05] | loss: 3.660510 | lrm: 1.00 | dt: 1748.50ms | tok/s: 299,849 | mfu: 34.23 | epoch: 1 | eta: 52.8m
step 00390/02205 (17.69%) [ns3_ftrl_eta0p05] | loss: 3.660375 | lrm: 1.00 | dt: 1750.91ms | tok/s: 299,437 | mfu: 34.18 | epoch: 1 | eta: 52.8m
step 00391/02205 (17.73%) [ns3_ftrl_eta0p05] | loss: 3.655410 | lrm: 1.00 | dt: 1748.04ms | tok/s: 299,928 | mfu: 34.24 | epoch: 1 | eta: 52.7m
step 00392/02205 (17.78%) [ns3_ftrl_eta0p05] | loss: 3.645008 | lrm: 1.00 | dt: 1750.51ms | tok/s: 299,505 | mfu: 34.19 | epoch: 1 | eta: 52.7m
step 00393/02205 (17.82%) [ns3_ftrl_eta0p05] | loss: 3.640886 | lrm: 1.00 | dt: 1751.95ms | tok/s: 299,259 | mfu: 34.16 | epoch: 1 | eta: 52.7m
step 00394/02205 (17.87%) [ns3_ftrl_eta0p05] | loss: 3.637151 | lrm: 1.00 | dt: 1748.57ms | tok/s: 299,838 | mfu: 34.23 | epoch: 1 | eta: 52.7m
step 00395/02205 (17.91%) [ns3_ftrl_eta0p05] | loss: 3.630957 | lrm: 1.00 | dt: 1745.38ms | tok/s: 300,386 | mfu: 34.29 | epoch: 1 | eta: 52.6m
step 00396/02205 (17.96%) [ns3_ftrl_eta0p05] | loss: 3.635245 | lrm: 1.00 | dt: 1744.76ms | tok/s: 300,492 | mfu: 34.30 | epoch: 1 | eta: 52.6m
step 00397/02205 (18.00%) [ns3_ftrl_eta0p05] | loss: 3.635471 | lrm: 1.00 | dt: 1741.61ms | tok/s: 301,035 | mfu: 34.36 | epoch: 1 | eta: 52.6m
step 00398/02205 (18.05%) [ns3_ftrl_eta0p05] | loss: 3.632856 | lrm: 1.00 | dt: 1745.16ms | tok/s: 300,424 | mfu: 34.29 | epoch: 1 | eta: 52.5m
step 00399/02205 (18.10%) [ns3_ftrl_eta0p05] | loss: 3.635287 | lrm: 1.00 | dt: 1746.14ms | tok/s: 300,255 | mfu: 34.27 | epoch: 1 | eta: 52.5m
step 00400/02205 (18.14%) [ns3_ftrl_eta0p05] | loss: 3.629838 | lrm: 1.00 | dt: 1749.25ms | tok/s: 299,721 | mfu: 34.21 | epoch: 1 | eta: 52.5m
step 00401/02205 (18.19%) [ns3_ftrl_eta0p05] | loss: 3.631770 | lrm: 1.00 | dt: 1739.40ms | tok/s: 301,418 | mfu: 34.41 | epoch: 1 | eta: 52.5m
step 00402/02205 (18.23%) [ns3_ftrl_eta0p05] | loss: 3.633924 | lrm: 1.00 | dt: 1760.49ms | tok/s: 297,808 | mfu: 34.00 | epoch: 1 | eta: 52.4m
step 00403/02205 (18.28%) [ns3_ftrl_eta0p05] | loss: 3.632908 | lrm: 1.00 | dt: 1743.99ms | tok/s: 300,626 | mfu: 34.32 | epoch: 1 | eta: 52.4m
step 00404/02205 (18.32%) [ns3_ftrl_eta0p05] | loss: 3.629792 | lrm: 1.00 | dt: 1741.84ms | tok/s: 300,997 | mfu: 34.36 | epoch: 1 | eta: 52.4m
step 00405/02205 (18.37%) [ns3_ftrl_eta0p05] | loss: 3.627032 | lrm: 1.00 | dt: 1742.42ms | tok/s: 300,895 | mfu: 34.35 | epoch: 1 | eta: 52.3m
step 00406/02205 (18.41%) [ns3_ftrl_eta0p05] | loss: 3.622502 | lrm: 1.00 | dt: 1741.33ms | tok/s: 301,084 | mfu: 34.37 | epoch: 1 | eta: 52.3m
step 00407/02205 (18.46%) [ns3_ftrl_eta0p05] | loss: 3.626058 | lrm: 1.00 | dt: 1744.75ms | tok/s: 300,495 | mfu: 34.30 | epoch: 1 | eta: 52.3m
step 00408/02205 (18.50%) [ns3_ftrl_eta0p05] | loss: 3.631536 | lrm: 1.00 | dt: 1749.88ms | tok/s: 299,613 | mfu: 34.20 | epoch: 1 | eta: 52.3m
step 00409/02205 (18.55%) [ns3_ftrl_eta0p05] | loss: 3.635773 | lrm: 1.00 | dt: 1743.96ms | tok/s: 300,631 | mfu: 34.32 | epoch: 1 | eta: 52.2m
step 00410/02205 (18.59%) [ns3_ftrl_eta0p05] | loss: 3.633902 | lrm: 1.00 | dt: 1745.78ms | tok/s: 300,316 | mfu: 34.28 | epoch: 1 | eta: 52.2m
step 00411/02205 (18.64%) [ns3_ftrl_eta0p05] | loss: 3.637861 | lrm: 1.00 | dt: 1746.02ms | tok/s: 300,276 | mfu: 34.28 | epoch: 1 | eta: 52.2m
step 00412/02205 (18.68%) [ns3_ftrl_eta0p05] | loss: 3.634507 | lrm: 1.00 | dt: 1755.66ms | tok/s: 298,626 | mfu: 34.09 | epoch: 1 | eta: 52.1m
step 00413/02205 (18.73%) [ns3_ftrl_eta0p05] | loss: 3.636887 | lrm: 1.00 | dt: 1747.88ms | tok/s: 299,956 | mfu: 34.24 | epoch: 1 | eta: 52.1m
step 00414/02205 (18.78%) [ns3_ftrl_eta0p05] | loss: 3.641813 | lrm: 1.00 | dt: 1739.41ms | tok/s: 301,417 | mfu: 34.41 | epoch: 1 | eta: 52.1m
step 00415/02205 (18.82%) [ns3_ftrl_eta0p05] | loss: 3.644528 | lrm: 1.00 | dt: 1749.11ms | tok/s: 299,746 | mfu: 34.22 | epoch: 1 | eta: 52.0m
step 00416/02205 (18.87%) [ns3_ftrl_eta0p05] | loss: 3.643606 | lrm: 1.00 | dt: 1748.20ms | tok/s: 299,901 | mfu: 34.23 | epoch: 1 | eta: 52.0m
step 00417/02205 (18.91%) [ns3_ftrl_eta0p05] | loss: 3.636510 | lrm: 1.00 | dt: 1737.27ms | tok/s: 301,788 | mfu: 34.45 | epoch: 1 | eta: 52.0m
step 00418/02205 (18.96%) [ns3_ftrl_eta0p05] | loss: 3.638080 | lrm: 1.00 | dt: 1743.86ms | tok/s: 300,648 | mfu: 34.32 | epoch: 1 | eta: 52.0m
step 00419/02205 (19.00%) [ns3_ftrl_eta0p05] | loss: 3.635201 | lrm: 1.00 | dt: 1740.21ms | tok/s: 301,278 | mfu: 34.39 | epoch: 1 | eta: 51.9m
step 00420/02205 (19.05%) [ns3_ftrl_eta0p05] | loss: 3.646299 | lrm: 1.00 | dt: 1749.29ms | tok/s: 299,715 | mfu: 34.21 | epoch: 1 | eta: 51.9m
step 00421/02205 (19.09%) [ns3_ftrl_eta0p05] | loss: 3.641049 | lrm: 1.00 | dt: 1736.95ms | tok/s: 301,844 | mfu: 34.46 | epoch: 1 | eta: 51.9m
step 00422/02205 (19.14%) [ns3_ftrl_eta0p05] | loss: 3.649631 | lrm: 1.00 | dt: 1754.23ms | tok/s: 298,870 | mfu: 34.12 | epoch: 1 | eta: 51.8m
step 00423/02205 (19.18%) [ns3_ftrl_eta0p05] | loss: 3.658500 | lrm: 1.00 | dt: 1747.13ms | tok/s: 300,084 | mfu: 34.25 | epoch: 1 | eta: 51.8m
step 00424/02205 (19.23%) [ns3_ftrl_eta0p05] | loss: 3.657625 | lrm: 1.00 | dt: 1751.00ms | tok/s: 299,421 | mfu: 34.18 | epoch: 1 | eta: 51.8m
step 00425/02205 (19.27%) [ns3_ftrl_eta0p05] | loss: 3.648861 | lrm: 1.00 | dt: 1748.65ms | tok/s: 299,823 | mfu: 34.23 | epoch: 1 | eta: 51.8m
step 00426/02205 (19.32%) [ns3_ftrl_eta0p05] | loss: 3.642476 | lrm: 1.00 | dt: 1749.59ms | tok/s: 299,662 | mfu: 34.21 | epoch: 1 | eta: 51.7m
step 00427/02205 (19.37%) [ns3_ftrl_eta0p05] | loss: 3.634765 | lrm: 1.00 | dt: 1743.84ms | tok/s: 300,651 | mfu: 34.32 | epoch: 1 | eta: 51.7m
step 00428/02205 (19.41%) [ns3_ftrl_eta0p05] | loss: 3.637885 | lrm: 1.00 | dt: 1749.12ms | tok/s: 299,744 | mfu: 34.22 | epoch: 1 | eta: 51.7m
step 00429/02205 (19.46%) [ns3_ftrl_eta0p05] | loss: 3.632206 | lrm: 1.00 | dt: 1749.14ms | tok/s: 299,740 | mfu: 34.22 | epoch: 1 | eta: 51.6m
step 00430/02205 (19.50%) [ns3_ftrl_eta0p05] | loss: 3.631732 | lrm: 1.00 | dt: 1749.15ms | tok/s: 299,739 | mfu: 34.22 | epoch: 1 | eta: 51.6m
step 00431/02205 (19.55%) [ns3_ftrl_eta0p05] | loss: 3.630961 | lrm: 1.00 | dt: 1743.43ms | tok/s: 300,722 | mfu: 34.33 | epoch: 1 | eta: 51.6m
step 00432/02205 (19.59%) [ns3_ftrl_eta0p05] | loss: 3.625556 | lrm: 1.00 | dt: 1747.67ms | tok/s: 299,992 | mfu: 34.24 | epoch: 1 | eta: 51.6m
step 00433/02205 (19.64%) [ns3_ftrl_eta0p05] | loss: 3.626473 | lrm: 1.00 | dt: 1745.37ms | tok/s: 300,387 | mfu: 34.29 | epoch: 1 | eta: 51.5m
step 00434/02205 (19.68%) [ns3_ftrl_eta0p05] | loss: 3.630260 | lrm: 1.00 | dt: 1745.26ms | tok/s: 300,407 | mfu: 34.29 | epoch: 1 | eta: 51.5m
step 00435/02205 (19.73%) [ns3_ftrl_eta0p05] | loss: 3.635587 | lrm: 1.00 | dt: 1747.71ms | tok/s: 299,986 | mfu: 34.24 | epoch: 1 | eta: 51.5m
step 00436/02205 (19.77%) [ns3_ftrl_eta0p05] | loss: 3.641947 | lrm: 1.00 | dt: 1750.21ms | tok/s: 299,557 | mfu: 34.19 | epoch: 1 | eta: 51.4m
step 00437/02205 (19.82%) [ns3_ftrl_eta0p05] | loss: 3.637149 | lrm: 1.00 | dt: 1751.47ms | tok/s: 299,340 | mfu: 34.17 | epoch: 1 | eta: 51.4m
step 00438/02205 (19.86%) [ns3_ftrl_eta0p05] | loss: 3.641066 | lrm: 1.00 | dt: 1741.76ms | tok/s: 301,010 | mfu: 34.36 | epoch: 1 | eta: 51.4m
step 00439/02205 (19.91%) [ns3_ftrl_eta0p05] | loss: 3.636376 | lrm: 1.00 | dt: 1749.94ms | tok/s: 299,603 | mfu: 34.20 | epoch: 1 | eta: 51.4m
step 00440/02205 (19.95%) [ns3_ftrl_eta0p05] | loss: 3.635237 | lrm: 1.00 | dt: 1748.23ms | tok/s: 299,896 | mfu: 34.23 | epoch: 1 | eta: 51.3m
step 00441/02205 (20.00%) [ns3_ftrl_eta0p05] | loss: 3.625344 | lrm: 1.00 | dt: 1740.66ms | tok/s: 301,200 | mfu: 34.38 | epoch: 1 | eta: 51.3m
step 00442/02205 (20.05%) [ns3_ftrl_eta0p05] | loss: 3.627790 | lrm: 1.00 | dt: 1741.90ms | tok/s: 300,985 | mfu: 34.36 | epoch: 1 | eta: 51.3m
step 00443/02205 (20.09%) [ns3_ftrl_eta0p05] | loss: 3.625951 | lrm: 1.00 | dt: 1745.24ms | tok/s: 300,410 | mfu: 34.29 | epoch: 1 | eta: 51.2m
step 00444/02205 (20.14%) [ns3_ftrl_eta0p05] | loss: 3.623233 | lrm: 1.00 | dt: 1741.25ms | tok/s: 301,099 | mfu: 34.37 | epoch: 1 | eta: 51.2m
step 00445/02205 (20.18%) [ns3_ftrl_eta0p05] | loss: 3.615900 | lrm: 1.00 | dt: 1741.30ms | tok/s: 301,089 | mfu: 34.37 | epoch: 1 | eta: 51.2m
step 00446/02205 (20.23%) [ns3_ftrl_eta0p05] | loss: 3.610405 | lrm: 1.00 | dt: 1746.67ms | tok/s: 300,163 | mfu: 34.26 | epoch: 1 | eta: 51.2m
step 00447/02205 (20.27%) [ns3_ftrl_eta0p05] | loss: 3.602488 | lrm: 1.00 | dt: 1753.40ms | tok/s: 299,012 | mfu: 34.13 | epoch: 1 | eta: 51.1m
step 00448/02205 (20.32%) [ns3_ftrl_eta0p05] | loss: 3.606798 | lrm: 1.00 | dt: 1748.19ms | tok/s: 299,902 | mfu: 34.23 | epoch: 1 | eta: 51.1m
step 00449/02205 (20.36%) [ns3_ftrl_eta0p05] | loss: 3.607643 | lrm: 1.00 | dt: 1753.66ms | tok/s: 298,967 | mfu: 34.13 | epoch: 1 | eta: 51.1m
step 00450/02205 (20.41%) [ns3_ftrl_eta0p05] | loss: 3.619909 | lrm: 1.00 | dt: 1748.75ms | tok/s: 299,807 | mfu: 34.22 | epoch: 1 | eta: 51.0m
step 00451/02205 (20.45%) [ns3_ftrl_eta0p05] | loss: 3.615724 | lrm: 1.00 | dt: 1743.89ms | tok/s: 300,642 | mfu: 34.32 | epoch: 1 | eta: 51.0m
step 00452/02205 (20.50%) [ns3_ftrl_eta0p05] | loss: 3.619812 | lrm: 1.00 | dt: 1749.07ms | tok/s: 299,752 | mfu: 34.22 | epoch: 1 | eta: 51.0m
step 00453/02205 (20.54%) [ns3_ftrl_eta0p05] | loss: 3.621620 | lrm: 1.00 | dt: 1742.82ms | tok/s: 300,827 | mfu: 34.34 | epoch: 1 | eta: 50.9m
step 00454/02205 (20.59%) [ns3_ftrl_eta0p05] | loss: 3.610358 | lrm: 1.00 | dt: 1745.74ms | tok/s: 300,324 | mfu: 34.28 | epoch: 1 | eta: 50.9m
step 00455/02205 (20.63%) [ns3_ftrl_eta0p05] | loss: 3.617736 | lrm: 1.00 | dt: 1744.48ms | tok/s: 300,540 | mfu: 34.31 | epoch: 1 | eta: 50.9m
step 00456/02205 (20.68%) [ns3_ftrl_eta0p05] | loss: 3.625620 | lrm: 1.00 | dt: 1748.43ms | tok/s: 299,862 | mfu: 34.23 | epoch: 1 | eta: 50.9m
step 00457/02205 (20.73%) [ns3_ftrl_eta0p05] | loss: 3.617350 | lrm: 1.00 | dt: 1751.20ms | tok/s: 299,388 | mfu: 34.18 | epoch: 1 | eta: 50.8m
step 00458/02205 (20.77%) [ns3_ftrl_eta0p05] | loss: 3.623031 | lrm: 1.00 | dt: 1743.18ms | tok/s: 300,764 | mfu: 34.33 | epoch: 1 | eta: 50.8m
step 00459/02205 (20.82%) [ns3_ftrl_eta0p05] | loss: 3.629738 | lrm: 1.00 | dt: 1753.30ms | tok/s: 299,028 | mfu: 34.13 | epoch: 1 | eta: 50.8m
step 00460/02205 (20.86%) [ns3_ftrl_eta0p05] | loss: 3.625029 | lrm: 1.00 | dt: 1744.89ms | tok/s: 300,470 | mfu: 34.30 | epoch: 1 | eta: 50.7m
step 00461/02205 (20.91%) [ns3_ftrl_eta0p05] | loss: 3.623613 | lrm: 1.00 | dt: 1755.02ms | tok/s: 298,736 | mfu: 34.10 | epoch: 1 | eta: 50.7m
step 00462/02205 (20.95%) [ns3_ftrl_eta0p05] | loss: 3.620296 | lrm: 1.00 | dt: 1749.03ms | tok/s: 299,758 | mfu: 34.22 | epoch: 1 | eta: 50.7m
step 00463/02205 (21.00%) [ns3_ftrl_eta0p05] | loss: 3.609643 | lrm: 1.00 | dt: 1745.65ms | tok/s: 300,340 | mfu: 34.28 | epoch: 1 | eta: 50.7m
step 00464/02205 (21.04%) [ns3_ftrl_eta0p05] | loss: 3.612278 | lrm: 1.00 | dt: 1747.05ms | tok/s: 300,098 | mfu: 34.26 | epoch: 1 | eta: 50.6m
step 00465/02205 (21.09%) [ns3_ftrl_eta0p05] | loss: 3.605010 | lrm: 1.00 | dt: 1755.09ms | tok/s: 298,723 | mfu: 34.10 | epoch: 1 | eta: 50.6m
step 00466/02205 (21.13%) [ns3_ftrl_eta0p05] | loss: 3.611031 | lrm: 1.00 | dt: 1750.01ms | tok/s: 299,591 | mfu: 34.20 | epoch: 1 | eta: 50.6m
step 00467/02205 (21.18%) [ns3_ftrl_eta0p05] | loss: 3.620228 | lrm: 1.00 | dt: 1747.01ms | tok/s: 300,106 | mfu: 34.26 | epoch: 1 | eta: 50.5m
step 00468/02205 (21.22%) [ns3_ftrl_eta0p05] | loss: 3.623835 | lrm: 1.00 | dt: 1744.01ms | tok/s: 300,621 | mfu: 34.32 | epoch: 1 | eta: 50.5m
step 00469/02205 (21.27%) [ns3_ftrl_eta0p05] | loss: 3.621748 | lrm: 1.00 | dt: 1745.58ms | tok/s: 300,352 | mfu: 34.29 | epoch: 1 | eta: 50.5m
step 00470/02205 (21.32%) [ns3_ftrl_eta0p05] | loss: 3.617378 | lrm: 1.00 | dt: 1749.80ms | tok/s: 299,626 | mfu: 34.20 | epoch: 1 | eta: 50.5m
step 00471/02205 (21.36%) [ns3_ftrl_eta0p05] | loss: 3.621842 | lrm: 1.00 | dt: 1748.35ms | tok/s: 299,876 | mfu: 34.23 | epoch: 1 | eta: 50.4m
step 00472/02205 (21.41%) [ns3_ftrl_eta0p05] | loss: 3.627697 | lrm: 1.00 | dt: 1758.08ms | tok/s: 298,216 | mfu: 34.04 | epoch: 1 | eta: 50.4m
step 00473/02205 (21.45%) [ns3_ftrl_eta0p05] | loss: 3.616480 | lrm: 1.00 | dt: 1746.84ms | tok/s: 300,135 | mfu: 34.26 | epoch: 1 | eta: 50.4m
step 00474/02205 (21.50%) [ns3_ftrl_eta0p05] | loss: 3.618414 | lrm: 1.00 | dt: 1749.38ms | tok/s: 299,699 | mfu: 34.21 | epoch: 1 | eta: 50.3m
step 00475/02205 (21.54%) [ns3_ftrl_eta0p05] | loss: 3.609839 | lrm: 1.00 | dt: 1748.71ms | tok/s: 299,813 | mfu: 34.22 | epoch: 1 | eta: 50.3m
step 00476/02205 (21.59%) [ns3_ftrl_eta0p05] | loss: 3.609516 | lrm: 1.00 | dt: 1746.19ms | tok/s: 300,246 | mfu: 34.27 | epoch: 1 | eta: 50.3m
step 00477/02205 (21.63%) [ns3_ftrl_eta0p05] | loss: 3.613006 | lrm: 1.00 | dt: 1753.88ms | tok/s: 298,929 | mfu: 34.12 | epoch: 1 | eta: 50.3m
step 00478/02205 (21.68%) [ns3_ftrl_eta0p05] | loss: 3.610468 | lrm: 1.00 | dt: 1747.99ms | tok/s: 299,937 | mfu: 34.24 | epoch: 1 | eta: 50.2m
step 00479/02205 (21.72%) [ns3_ftrl_eta0p05] | loss: 3.608497 | lrm: 1.00 | dt: 1752.31ms | tok/s: 299,197 | mfu: 34.15 | epoch: 1 | eta: 50.2m
step 00480/02205 (21.77%) [ns3_ftrl_eta0p05] | loss: 3.610804 | lrm: 1.00 | dt: 1754.19ms | tok/s: 298,877 | mfu: 34.12 | epoch: 1 | eta: 50.2m
step 00481/02205 (21.81%) [ns3_ftrl_eta0p05] | loss: 3.605881 | lrm: 1.00 | dt: 1755.66ms | tok/s: 298,627 | mfu: 34.09 | epoch: 1 | eta: 50.1m
step 00482/02205 (21.86%) [ns3_ftrl_eta0p05] | loss: 3.601777 | lrm: 1.00 | dt: 1753.46ms | tok/s: 299,001 | mfu: 34.13 | epoch: 1 | eta: 50.1m
step 00483/02205 (21.90%) [ns3_ftrl_eta0p05] | loss: 3.599728 | lrm: 1.00 | dt: 1748.27ms | tok/s: 299,890 | mfu: 34.23 | epoch: 1 | eta: 50.1m
step 00484/02205 (21.95%) [ns3_ftrl_eta0p05] | loss: 3.600710 | lrm: 1.00 | dt: 1752.87ms | tok/s: 299,102 | mfu: 34.14 | epoch: 1 | eta: 50.1m
step 00485/02205 (22.00%) [ns3_ftrl_eta0p05] | loss: 3.599634 | lrm: 1.00 | dt: 1753.93ms | tok/s: 298,921 | mfu: 34.12 | epoch: 1 | eta: 50.0m
step 00486/02205 (22.04%) [ns3_ftrl_eta0p05] | loss: 3.598785 | lrm: 1.00 | dt: 1752.78ms | tok/s: 299,118 | mfu: 34.14 | epoch: 1 | eta: 50.0m
step 00487/02205 (22.09%) [ns3_ftrl_eta0p05] | loss: 3.595955 | lrm: 1.00 | dt: 1754.75ms | tok/s: 298,782 | mfu: 34.11 | epoch: 1 | eta: 50.0m
step 00488/02205 (22.13%) [ns3_ftrl_eta0p05] | loss: 3.597293 | lrm: 1.00 | dt: 1750.85ms | tok/s: 299,448 | mfu: 34.18 | epoch: 1 | eta: 49.9m
step 00489/02205 (22.18%) [ns3_ftrl_eta0p05] | loss: 3.600907 | lrm: 1.00 | dt: 1755.41ms | tok/s: 298,669 | mfu: 34.09 | epoch: 1 | eta: 49.9m
step 00490/02205 (22.22%) [ns3_ftrl_eta0p05] | loss: 3.595246 | lrm: 1.00 | dt: 1748.55ms | tok/s: 299,842 | mfu: 34.23 | epoch: 1 | eta: 49.9m
step 00491/02205 (22.27%) [ns3_ftrl_eta0p05] | loss: 3.589748 | lrm: 1.00 | dt: 1747.59ms | tok/s: 300,005 | mfu: 34.25 | epoch: 1 | eta: 49.9m
step 00492/02205 (22.31%) [ns3_ftrl_eta0p05] | loss: 3.589084 | lrm: 1.00 | dt: 1755.85ms | tok/s: 298,595 | mfu: 34.09 | epoch: 1 | eta: 49.8m
step 00493/02205 (22.36%) [ns3_ftrl_eta0p05] | loss: 3.576038 | lrm: 1.00 | dt: 1746.06ms | tok/s: 300,269 | mfu: 34.28 | epoch: 1 | eta: 49.8m
step 00494/02205 (22.40%) [ns3_ftrl_eta0p05] | loss: 3.568379 | lrm: 1.00 | dt: 1758.36ms | tok/s: 298,168 | mfu: 34.04 | epoch: 1 | eta: 49.8m
step 00495/02205 (22.45%) [ns3_ftrl_eta0p05] | loss: 3.560997 | lrm: 1.00 | dt: 1756.18ms | tok/s: 298,538 | mfu: 34.08 | epoch: 1 | eta: 49.7m
step 00496/02205 (22.49%) [ns3_ftrl_eta0p05] | loss: 3.558861 | lrm: 1.00 | dt: 1740.98ms | tok/s: 301,144 | mfu: 34.38 | epoch: 1 | eta: 49.7m
step 00497/02205 (22.54%) [ns3_ftrl_eta0p05] | loss: 3.562181 | lrm: 1.00 | dt: 1748.57ms | tok/s: 299,838 | mfu: 34.23 | epoch: 1 | eta: 49.7m
step 00498/02205 (22.59%) [ns3_ftrl_eta0p05] | loss: 3.555627 | lrm: 1.00 | dt: 1745.77ms | tok/s: 300,318 | mfu: 34.28 | epoch: 1 | eta: 49.7m
step 00499/02205 (22.63%) [ns3_ftrl_eta0p05] | loss: 3.564349 | lrm: 1.00 | dt: 1743.54ms | tok/s: 300,703 | mfu: 34.33 | epoch: 1 | eta: 49.6m
Step 00500 | val bpb: 1.046556
step 00500/02205 (22.68%) [ns3_ftrl_eta0p05] | loss: 3.560978 | lrm: 1.00 | dt: 1729.94ms | tok/s: 303,066 | mfu: 34.60 | epoch: 1 | eta: 49.6m
step 00501/02205 (22.72%) [ns3_ftrl_eta0p05] | loss: 3.571054 | lrm: 1.00 | dt: 1733.34ms | tok/s: 302,472 | mfu: 34.53 | epoch: 1 | eta: 49.6m
step 00502/02205 (22.77%) [ns3_ftrl_eta0p05] | loss: 3.573676 | lrm: 1.00 | dt: 1733.81ms | tok/s: 302,390 | mfu: 34.52 | epoch: 1 | eta: 49.5m
step 00503/02205 (22.81%) [ns3_ftrl_eta0p05] | loss: 3.576706 | lrm: 1.00 | dt: 1729.45ms | tok/s: 303,153 | mfu: 34.61 | epoch: 1 | eta: 49.5m
step 00504/02205 (22.86%) [ns3_ftrl_eta0p05] | loss: 3.578135 | lrm: 1.00 | dt: 1738.38ms | tok/s: 301,595 | mfu: 34.43 | epoch: 1 | eta: 49.5m
step 00505/02205 (22.90%) [ns3_ftrl_eta0p05] | loss: 3.564161 | lrm: 1.00 | dt: 1735.80ms | tok/s: 302,043 | mfu: 34.48 | epoch: 1 | eta: 49.4m
step 00506/02205 (22.95%) [ns3_ftrl_eta0p05] | loss: 3.562857 | lrm: 1.00 | dt: 1733.53ms | tok/s: 302,438 | mfu: 34.52 | epoch: 1 | eta: 49.4m
step 00507/02205 (22.99%) [ns3_ftrl_eta0p05] | loss: 3.570253 | lrm: 1.00 | dt: 1739.42ms | tok/s: 301,415 | mfu: 34.41 | epoch: 1 | eta: 49.4m
step 00508/02205 (23.04%) [ns3_ftrl_eta0p05] | loss: 3.567854 | lrm: 1.00 | dt: 1739.94ms | tok/s: 301,324 | mfu: 34.40 | epoch: 1 | eta: 49.4m
step 00509/02205 (23.08%) [ns3_ftrl_eta0p05] | loss: 3.569129 | lrm: 1.00 | dt: 1733.30ms | tok/s: 302,479 | mfu: 34.53 | epoch: 1 | eta: 49.3m
step 00510/02205 (23.13%) [ns3_ftrl_eta0p05] | loss: 3.557101 | lrm: 1.00 | dt: 1741.15ms | tok/s: 301,116 | mfu: 34.37 | epoch: 1 | eta: 49.3m
step 00511/02205 (23.17%) [ns3_ftrl_eta0p05] | loss: 3.566251 | lrm: 1.00 | dt: 1735.96ms | tok/s: 302,016 | mfu: 34.48 | epoch: 1 | eta: 49.3m
step 00512/02205 (23.22%) [ns3_ftrl_eta0p05] | loss: 3.567429 | lrm: 1.00 | dt: 1738.26ms | tok/s: 301,616 | mfu: 34.43 | epoch: 1 | eta: 49.2m
step 00513/02205 (23.27%) [ns3_ftrl_eta0p05] | loss: 3.572538 | lrm: 1.00 | dt: 1743.52ms | tok/s: 300,706 | mfu: 34.33 | epoch: 1 | eta: 49.2m
step 00514/02205 (23.31%) [ns3_ftrl_eta0p05] | loss: 3.567895 | lrm: 1.00 | dt: 1740.62ms | tok/s: 301,208 | mfu: 34.38 | epoch: 1 | eta: 49.2m
step 00515/02205 (23.36%) [ns3_ftrl_eta0p05] | loss: 3.562458 | lrm: 1.00 | dt: 1740.59ms | tok/s: 301,212 | mfu: 34.38 | epoch: 1 | eta: 49.2m
step 00516/02205 (23.40%) [ns3_ftrl_eta0p05] | loss: 3.561680 | lrm: 1.00 | dt: 1743.54ms | tok/s: 300,704 | mfu: 34.33 | epoch: 1 | eta: 49.1m
step 00517/02205 (23.45%) [ns3_ftrl_eta0p05] | loss: 3.553641 | lrm: 1.00 | dt: 1742.31ms | tok/s: 300,915 | mfu: 34.35 | epoch: 1 | eta: 49.1m
step 00518/02205 (23.49%) [ns3_ftrl_eta0p05] | loss: 3.548203 | lrm: 1.00 | dt: 1739.63ms | tok/s: 301,378 | mfu: 34.40 | epoch: 1 | eta: 49.1m
step 00519/02205 (23.54%) [ns3_ftrl_eta0p05] | loss: 3.540266 | lrm: 1.00 | dt: 1746.04ms | tok/s: 300,272 | mfu: 34.28 | epoch: 1 | eta: 49.0m
step 00520/02205 (23.58%) [ns3_ftrl_eta0p05] | loss: 3.537345 | lrm: 1.00 | dt: 1741.65ms | tok/s: 301,028 | mfu: 34.36 | epoch: 1 | eta: 49.0m
step 00521/02205 (23.63%) [ns3_ftrl_eta0p05] | loss: 3.540317 | lrm: 1.00 | dt: 1747.44ms | tok/s: 300,032 | mfu: 34.25 | epoch: 1 | eta: 49.0m
step 00522/02205 (23.67%) [ns3_ftrl_eta0p05] | loss: 3.544734 | lrm: 1.00 | dt: 1744.91ms | tok/s: 300,466 | mfu: 34.30 | epoch: 1 | eta: 48.9m
step 00523/02205 (23.72%) [ns3_ftrl_eta0p05] | loss: 3.555123 | lrm: 1.00 | dt: 1738.66ms | tok/s: 301,546 | mfu: 34.42 | epoch: 1 | eta: 48.9m
step 00524/02205 (23.76%) [ns3_ftrl_eta0p05] | loss: 3.554988 | lrm: 1.00 | dt: 1744.31ms | tok/s: 300,570 | mfu: 34.31 | epoch: 1 | eta: 48.9m
step 00525/02205 (23.81%) [ns3_ftrl_eta0p05] | loss: 3.553531 | lrm: 1.00 | dt: 1737.60ms | tok/s: 301,731 | mfu: 34.44 | epoch: 1 | eta: 48.9m
step 00526/02205 (23.85%) [ns3_ftrl_eta0p05] | loss: 3.548445 | lrm: 1.00 | dt: 1744.30ms | tok/s: 300,571 | mfu: 34.31 | epoch: 1 | eta: 48.8m
step 00527/02205 (23.90%) [ns3_ftrl_eta0p05] | loss: 3.552565 | lrm: 1.00 | dt: 1746.11ms | tok/s: 300,260 | mfu: 34.28 | epoch: 1 | eta: 48.8m
step 00528/02205 (23.95%) [ns3_ftrl_eta0p05] | loss: 3.558921 | lrm: 1.00 | dt: 1747.85ms | tok/s: 299,961 | mfu: 34.24 | epoch: 1 | eta: 48.8m
step 00529/02205 (23.99%) [ns3_ftrl_eta0p05] | loss: 3.549306 | lrm: 1.00 | dt: 1748.61ms | tok/s: 299,831 | mfu: 34.23 | epoch: 1 | eta: 48.7m
step 00530/02205 (24.04%) [ns3_ftrl_eta0p05] | loss: 3.553543 | lrm: 1.00 | dt: 1742.86ms | tok/s: 300,820 | mfu: 34.34 | epoch: 1 | eta: 48.7m
step 00531/02205 (24.08%) [ns3_ftrl_eta0p05] | loss: 3.546021 | lrm: 1.00 | dt: 1743.89ms | tok/s: 300,642 | mfu: 34.32 | epoch: 1 | eta: 48.7m
step 00532/02205 (24.13%) [ns3_ftrl_eta0p05] | loss: 3.548687 | lrm: 1.00 | dt: 1744.61ms | tok/s: 300,518 | mfu: 34.30 | epoch: 1 | eta: 48.7m
step 00533/02205 (24.17%) [ns3_ftrl_eta0p05] | loss: 3.543027 | lrm: 1.00 | dt: 1745.11ms | tok/s: 300,433 | mfu: 34.29 | epoch: 1 | eta: 48.6m
step 00534/02205 (24.22%) [ns3_ftrl_eta0p05] | loss: 3.544282 | lrm: 1.00 | dt: 1745.17ms | tok/s: 300,422 | mfu: 34.29 | epoch: 1 | eta: 48.6m
step 00535/02205 (24.26%) [ns3_ftrl_eta0p05] | loss: 3.543506 | lrm: 1.00 | dt: 1752.82ms | tok/s: 299,111 | mfu: 34.14 | epoch: 1 | eta: 48.6m
step 00536/02205 (24.31%) [ns3_ftrl_eta0p05] | loss: 3.550535 | lrm: 1.00 | dt: 1752.87ms | tok/s: 299,103 | mfu: 34.14 | epoch: 1 | eta: 48.5m
step 00537/02205 (24.35%) [ns3_ftrl_eta0p05] | loss: 3.555515 | lrm: 1.00 | dt: 1746.50ms | tok/s: 300,193 | mfu: 34.27 | epoch: 1 | eta: 48.5m
step 00538/02205 (24.40%) [ns3_ftrl_eta0p05] | loss: 3.552973 | lrm: 1.00 | dt: 1746.23ms | tok/s: 300,240 | mfu: 34.27 | epoch: 1 | eta: 48.5m
step 00539/02205 (24.44%) [ns3_ftrl_eta0p05] | loss: 3.547848 | lrm: 1.00 | dt: 1749.64ms | tok/s: 299,654 | mfu: 34.21 | epoch: 1 | eta: 48.5m
step 00540/02205 (24.49%) [ns3_ftrl_eta0p05] | loss: 3.541446 | lrm: 1.00 | dt: 1748.91ms | tok/s: 299,780 | mfu: 34.22 | epoch: 1 | eta: 48.4m
step 00541/02205 (24.54%) [ns3_ftrl_eta0p05] | loss: 3.553738 | lrm: 1.00 | dt: 1752.03ms | tok/s: 299,246 | mfu: 34.16 | epoch: 1 | eta: 48.4m
step 00542/02205 (24.58%) [ns3_ftrl_eta0p05] | loss: 3.555220 | lrm: 1.00 | dt: 1750.81ms | tok/s: 299,454 | mfu: 34.18 | epoch: 1 | eta: 48.4m
step 00543/02205 (24.63%) [ns3_ftrl_eta0p05] | loss: 3.548847 | lrm: 1.00 | dt: 1752.76ms | tok/s: 299,121 | mfu: 34.15 | epoch: 1 | eta: 48.3m
step 00544/02205 (24.67%) [ns3_ftrl_eta0p05] | loss: 3.544169 | lrm: 1.00 | dt: 1741.58ms | tok/s: 301,041 | mfu: 34.36 | epoch: 1 | eta: 48.3m
step 00545/02205 (24.72%) [ns3_ftrl_eta0p05] | loss: 3.538192 | lrm: 1.00 | dt: 1749.16ms | tok/s: 299,736 | mfu: 34.22 | epoch: 1 | eta: 48.3m
step 00546/02205 (24.76%) [ns3_ftrl_eta0p05] | loss: 3.542556 | lrm: 1.00 | dt: 1748.93ms | tok/s: 299,776 | mfu: 34.22 | epoch: 1 | eta: 48.3m
step 00547/02205 (24.81%) [ns3_ftrl_eta0p05] | loss: 3.532583 | lrm: 1.00 | dt: 1752.15ms | tok/s: 299,225 | mfu: 34.16 | epoch: 1 | eta: 48.2m
step 00548/02205 (24.85%) [ns3_ftrl_eta0p05] | loss: 3.528088 | lrm: 1.00 | dt: 1751.83ms | tok/s: 299,280 | mfu: 34.16 | epoch: 1 | eta: 48.2m
step 00549/02205 (24.90%) [ns3_ftrl_eta0p05] | loss: 3.525503 | lrm: 1.00 | dt: 1749.88ms | tok/s: 299,613 | mfu: 34.20 | epoch: 1 | eta: 48.2m
step 00550/02205 (24.94%) [ns3_ftrl_eta0p05] | loss: 3.522795 | lrm: 1.00 | dt: 1749.86ms | tok/s: 299,617 | mfu: 34.20 | epoch: 1 | eta: 48.1m
step 00551/02205 (24.99%) [ns3_ftrl_eta0p05] | loss: 3.524127 | lrm: 1.00 | dt: 1746.51ms | tok/s: 300,191 | mfu: 34.27 | epoch: 1 | eta: 48.1m
step 00552/02205 (25.03%) [ns3_ftrl_eta0p05] | loss: 3.522185 | lrm: 1.00 | dt: 1748.12ms | tok/s: 299,914 | mfu: 34.24 | epoch: 1 | eta: 48.1m
step 00553/02205 (25.08%) [ns3_ftrl_eta0p05] | loss: 3.526408 | lrm: 1.00 | dt: 1751.31ms | tok/s: 299,368 | mfu: 34.17 | epoch: 1 | eta: 48.0m
step 00554/02205 (25.12%) [ns3_ftrl_eta0p05] | loss: 3.527603 | lrm: 1.00 | dt: 1747.62ms | tok/s: 300,000 | mfu: 34.25 | epoch: 1 | eta: 48.0m
step 00555/02205 (25.17%) [ns3_ftrl_eta0p05] | loss: 3.517407 | lrm: 1.00 | dt: 1752.53ms | tok/s: 299,160 | mfu: 34.15 | epoch: 1 | eta: 48.0m
step 00556/02205 (25.22%) [ns3_ftrl_eta0p05] | loss: 3.515975 | lrm: 1.00 | dt: 1750.03ms | tok/s: 299,588 | mfu: 34.20 | epoch: 1 | eta: 48.0m
step 00557/02205 (25.26%) [ns3_ftrl_eta0p05] | loss: 3.523004 | lrm: 1.00 | dt: 1750.57ms | tok/s: 299,495 | mfu: 34.19 | epoch: 1 | eta: 47.9m
step 00558/02205 (25.31%) [ns3_ftrl_eta0p05] | loss: 3.525839 | lrm: 1.00 | dt: 1741.97ms | tok/s: 300,974 | mfu: 34.36 | epoch: 1 | eta: 47.9m
step 00559/02205 (25.35%) [ns3_ftrl_eta0p05] | loss: 3.515744 | lrm: 1.00 | dt: 1763.84ms | tok/s: 297,242 | mfu: 33.93 | epoch: 1 | eta: 47.9m
step 00560/02205 (25.40%) [ns3_ftrl_eta0p05] | loss: 3.518142 | lrm: 1.00 | dt: 1753.39ms | tok/s: 299,014 | mfu: 34.13 | epoch: 1 | eta: 47.8m
step 00561/02205 (25.44%) [ns3_ftrl_eta0p05] | loss: 3.525091 | lrm: 1.00 | dt: 1750.38ms | tok/s: 299,528 | mfu: 34.19 | epoch: 1 | eta: 47.8m
step 00562/02205 (25.49%) [ns3_ftrl_eta0p05] | loss: 3.522301 | lrm: 1.00 | dt: 1751.71ms | tok/s: 299,300 | mfu: 34.17 | epoch: 1 | eta: 47.8m
step 00563/02205 (25.53%) [ns3_ftrl_eta0p05] | loss: 3.515963 | lrm: 1.00 | dt: 1748.52ms | tok/s: 299,847 | mfu: 34.23 | epoch: 1 | eta: 47.8m
step 00564/02205 (25.58%) [ns3_ftrl_eta0p05] | loss: 3.507674 | lrm: 1.00 | dt: 1756.54ms | tok/s: 298,476 | mfu: 34.07 | epoch: 1 | eta: 47.7m
step 00565/02205 (25.62%) [ns3_ftrl_eta0p05] | loss: 3.508013 | lrm: 1.00 | dt: 1754.86ms | tok/s: 298,763 | mfu: 34.10 | epoch: 1 | eta: 47.7m
step 00566/02205 (25.67%) [ns3_ftrl_eta0p05] | loss: 3.514841 | lrm: 1.00 | dt: 1754.96ms | tok/s: 298,746 | mfu: 34.10 | epoch: 1 | eta: 47.7m
step 00567/02205 (25.71%) [ns3_ftrl_eta0p05] | loss: 3.513391 | lrm: 1.00 | dt: 1751.49ms | tok/s: 299,338 | mfu: 34.17 | epoch: 1 | eta: 47.6m
step 00568/02205 (25.76%) [ns3_ftrl_eta0p05] | loss: 3.515240 | lrm: 1.00 | dt: 1751.82ms | tok/s: 299,282 | mfu: 34.16 | epoch: 1 | eta: 47.6m
step 00569/02205 (25.80%) [ns3_ftrl_eta0p05] | loss: 3.511922 | lrm: 1.00 | dt: 1755.14ms | tok/s: 298,716 | mfu: 34.10 | epoch: 1 | eta: 47.6m
step 00570/02205 (25.85%) [ns3_ftrl_eta0p05] | loss: 3.519412 | lrm: 1.00 | dt: 1752.65ms | tok/s: 299,140 | mfu: 34.15 | epoch: 1 | eta: 47.6m
step 00571/02205 (25.90%) [ns3_ftrl_eta0p05] | loss: 3.527760 | lrm: 1.00 | dt: 1752.68ms | tok/s: 299,135 | mfu: 34.15 | epoch: 1 | eta: 47.5m
step 00572/02205 (25.94%) [ns3_ftrl_eta0p05] | loss: 3.528564 | lrm: 1.00 | dt: 1751.69ms | tok/s: 299,303 | mfu: 34.17 | epoch: 1 | eta: 47.5m
step 00573/02205 (25.99%) [ns3_ftrl_eta0p05] | loss: 3.526563 | lrm: 1.00 | dt: 1750.25ms | tok/s: 299,549 | mfu: 34.19 | epoch: 1 | eta: 47.5m
step 00574/02205 (26.03%) [ns3_ftrl_eta0p05] | loss: 3.543329 | lrm: 1.00 | dt: 1749.45ms | tok/s: 299,687 | mfu: 34.21 | epoch: 1 | eta: 47.4m
step 00575/02205 (26.08%) [ns3_ftrl_eta0p05] | loss: 3.531249 | lrm: 1.00 | dt: 1746.57ms | tok/s: 300,181 | mfu: 34.27 | epoch: 1 | eta: 47.4m
step 00576/02205 (26.12%) [ns3_ftrl_eta0p05] | loss: 3.524811 | lrm: 1.00 | dt: 1752.78ms | tok/s: 299,117 | mfu: 34.14 | epoch: 1 | eta: 47.4m
step 00577/02205 (26.17%) [ns3_ftrl_eta0p05] | loss: 3.526439 | lrm: 1.00 | dt: 1756.40ms | tok/s: 298,500 | mfu: 34.07 | epoch: 1 | eta: 47.4m
step 00578/02205 (26.21%) [ns3_ftrl_eta0p05] | loss: 3.529166 | lrm: 1.00 | dt: 1752.20ms | tok/s: 299,217 | mfu: 34.16 | epoch: 1 | eta: 47.3m
step 00579/02205 (26.26%) [ns3_ftrl_eta0p05] | loss: 3.527448 | lrm: 1.00 | dt: 1755.00ms | tok/s: 298,739 | mfu: 34.10 | epoch: 1 | eta: 47.3m
step 00580/02205 (26.30%) [ns3_ftrl_eta0p05] | loss: 3.513740 | lrm: 1.00 | dt: 1755.37ms | tok/s: 298,676 | mfu: 34.09 | epoch: 1 | eta: 47.3m
step 00581/02205 (26.35%) [ns3_ftrl_eta0p05] | loss: 3.513779 | lrm: 1.00 | dt: 1750.74ms | tok/s: 299,465 | mfu: 34.18 | epoch: 1 | eta: 47.2m
step 00582/02205 (26.39%) [ns3_ftrl_eta0p05] | loss: 3.505343 | lrm: 1.00 | dt: 1751.86ms | tok/s: 299,274 | mfu: 34.16 | epoch: 1 | eta: 47.2m
step 00583/02205 (26.44%) [ns3_ftrl_eta0p05] | loss: 3.515836 | lrm: 1.00 | dt: 1748.00ms | tok/s: 299,935 | mfu: 34.24 | epoch: 1 | eta: 47.2m
step 00584/02205 (26.49%) [ns3_ftrl_eta0p05] | loss: 3.509995 | lrm: 1.00 | dt: 1750.68ms | tok/s: 299,476 | mfu: 34.19 | epoch: 1 | eta: 47.2m
step 00585/02205 (26.53%) [ns3_ftrl_eta0p05] | loss: 3.517550 | lrm: 1.00 | dt: 1760.63ms | tok/s: 297,784 | mfu: 33.99 | epoch: 1 | eta: 47.1m
step 00586/02205 (26.58%) [ns3_ftrl_eta0p05] | loss: 3.517842 | lrm: 1.00 | dt: 1759.56ms | tok/s: 297,965 | mfu: 34.01 | epoch: 1 | eta: 47.1m
step 00587/02205 (26.62%) [ns3_ftrl_eta0p05] | loss: 3.514103 | lrm: 1.00 | dt: 1758.37ms | tok/s: 298,167 | mfu: 34.04 | epoch: 1 | eta: 47.1m
step 00588/02205 (26.67%) [ns3_ftrl_eta0p05] | loss: 3.512069 | lrm: 1.00 | dt: 1756.11ms | tok/s: 298,551 | mfu: 34.08 | epoch: 1 | eta: 47.0m
step 00589/02205 (26.71%) [ns3_ftrl_eta0p05] | loss: 3.511828 | lrm: 1.00 | dt: 1751.67ms | tok/s: 299,308 | mfu: 34.17 | epoch: 1 | eta: 47.0m
step 00590/02205 (26.76%) [ns3_ftrl_eta0p05] | loss: 3.510038 | lrm: 1.00 | dt: 1754.97ms | tok/s: 298,744 | mfu: 34.10 | epoch: 1 | eta: 47.0m
step 00591/02205 (26.80%) [ns3_ftrl_eta0p05] | loss: 3.499098 | lrm: 1.00 | dt: 1751.54ms | tok/s: 299,329 | mfu: 34.17 | epoch: 1 | eta: 47.0m
step 00592/02205 (26.85%) [ns3_ftrl_eta0p05] | loss: 3.499270 | lrm: 1.00 | dt: 1751.29ms | tok/s: 299,372 | mfu: 34.17 | epoch: 1 | eta: 46.9m
step 00593/02205 (26.89%) [ns3_ftrl_eta0p05] | loss: 3.487629 | lrm: 1.00 | dt: 1754.85ms | tok/s: 298,765 | mfu: 34.10 | epoch: 1 | eta: 46.9m
step 00594/02205 (26.94%) [ns3_ftrl_eta0p05] | loss: 3.489983 | lrm: 1.00 | dt: 1757.60ms | tok/s: 298,297 | mfu: 34.05 | epoch: 1 | eta: 46.9m
step 00595/02205 (26.98%) [ns3_ftrl_eta0p05] | loss: 3.500060 | lrm: 1.00 | dt: 1762.17ms | tok/s: 297,523 | mfu: 33.96 | epoch: 1 | eta: 46.8m
step 00596/02205 (27.03%) [ns3_ftrl_eta0p05] | loss: 3.511764 | lrm: 1.00 | dt: 1754.46ms | tok/s: 298,831 | mfu: 34.11 | epoch: 1 | eta: 46.8m
step 00597/02205 (27.07%) [ns3_ftrl_eta0p05] | loss: 3.511781 | lrm: 1.00 | dt: 1752.43ms | tok/s: 299,176 | mfu: 34.15 | epoch: 1 | eta: 46.8m
step 00598/02205 (27.12%) [ns3_ftrl_eta0p05] | loss: 3.512309 | lrm: 1.00 | dt: 1754.05ms | tok/s: 298,901 | mfu: 34.12 | epoch: 1 | eta: 46.8m
step 00599/02205 (27.17%) [ns3_ftrl_eta0p05] | loss: 3.511654 | lrm: 1.00 | dt: 1752.45ms | tok/s: 299,174 | mfu: 34.15 | epoch: 1 | eta: 46.7m
step 00600/02205 (27.21%) [ns3_ftrl_eta0p05] | loss: 3.505367 | lrm: 1.00 | dt: 1753.14ms | tok/s: 299,057 | mfu: 34.14 | epoch: 1 | eta: 46.7m
step 00601/02205 (27.26%) [ns3_ftrl_eta0p05] | loss: 3.502784 | lrm: 1.00 | dt: 1751.87ms | tok/s: 299,273 | mfu: 34.16 | epoch: 1 | eta: 46.7m
step 00602/02205 (27.30%) [ns3_ftrl_eta0p05] | loss: 3.500563 | lrm: 1.00 | dt: 1747.85ms | tok/s: 299,960 | mfu: 34.24 | epoch: 1 | eta: 46.6m
step 00603/02205 (27.35%) [ns3_ftrl_eta0p05] | loss: 3.492496 | lrm: 1.00 | dt: 1757.66ms | tok/s: 298,286 | mfu: 34.05 | epoch: 1 | eta: 46.6m
step 00604/02205 (27.39%) [ns3_ftrl_eta0p05] | loss: 3.494855 | lrm: 1.00 | dt: 1747.64ms | tok/s: 299,997 | mfu: 34.25 | epoch: 1 | eta: 46.6m
step 00605/02205 (27.44%) [ns3_ftrl_eta0p05] | loss: 3.494943 | lrm: 1.00 | dt: 1752.56ms | tok/s: 299,155 | mfu: 34.15 | epoch: 1 | eta: 46.6m
step 00606/02205 (27.48%) [ns3_ftrl_eta0p05] | loss: 3.503231 | lrm: 1.00 | dt: 1754.97ms | tok/s: 298,745 | mfu: 34.10 | epoch: 1 | eta: 46.5m
step 00607/02205 (27.53%) [ns3_ftrl_eta0p05] | loss: 3.508402 | lrm: 1.00 | dt: 1756.42ms | tok/s: 298,497 | mfu: 34.07 | epoch: 1 | eta: 46.5m
step 00608/02205 (27.57%) [ns3_ftrl_eta0p05] | loss: 3.501962 | lrm: 1.00 | dt: 1760.22ms | tok/s: 297,853 | mfu: 34.00 | epoch: 1 | eta: 46.5m
step 00609/02205 (27.62%) [ns3_ftrl_eta0p05] | loss: 3.511583 | lrm: 1.00 | dt: 1750.49ms | tok/s: 299,509 | mfu: 34.19 | epoch: 1 | eta: 46.4m
step 00610/02205 (27.66%) [ns3_ftrl_eta0p05] | loss: 3.507954 | lrm: 1.00 | dt: 1745.37ms | tok/s: 300,388 | mfu: 34.29 | epoch: 1 | eta: 46.4m
step 00611/02205 (27.71%) [ns3_ftrl_eta0p05] | loss: 3.508062 | lrm: 1.00 | dt: 1755.82ms | tok/s: 298,600 | mfu: 34.09 | epoch: 1 | eta: 46.4m
step 00612/02205 (27.76%) [ns3_ftrl_eta0p05] | loss: 3.507568 | lrm: 1.00 | dt: 1752.79ms | tok/s: 299,116 | mfu: 34.14 | epoch: 1 | eta: 46.4m
step 00613/02205 (27.80%) [ns3_ftrl_eta0p05] | loss: 3.505568 | lrm: 1.00 | dt: 1754.86ms | tok/s: 298,763 | mfu: 34.10 | epoch: 1 | eta: 46.3m
step 00614/02205 (27.85%) [ns3_ftrl_eta0p05] | loss: 3.506596 | lrm: 1.00 | dt: 1753.34ms | tok/s: 299,021 | mfu: 34.13 | epoch: 1 | eta: 46.3m
step 00615/02205 (27.89%) [ns3_ftrl_eta0p05] | loss: 3.511628 | lrm: 1.00 | dt: 1747.92ms | tok/s: 299,949 | mfu: 34.24 | epoch: 1 | eta: 46.3m
step 00616/02205 (27.94%) [ns3_ftrl_eta0p05] | loss: 3.509750 | lrm: 1.00 | dt: 1758.72ms | tok/s: 298,107 | mfu: 34.03 | epoch: 1 | eta: 46.2m
step 00617/02205 (27.98%) [ns3_ftrl_eta0p05] | loss: 3.503135 | lrm: 1.00 | dt: 1744.74ms | tok/s: 300,495 | mfu: 34.30 | epoch: 1 | eta: 46.2m
step 00618/02205 (28.03%) [ns3_ftrl_eta0p05] | loss: 3.503370 | lrm: 1.00 | dt: 1761.30ms | tok/s: 297,671 | mfu: 33.98 | epoch: 1 | eta: 46.2m
step 00619/02205 (28.07%) [ns3_ftrl_eta0p05] | loss: 3.496503 | lrm: 1.00 | dt: 1760.63ms | tok/s: 297,783 | mfu: 33.99 | epoch: 1 | eta: 46.2m
step 00620/02205 (28.12%) [ns3_ftrl_eta0p05] | loss: 3.484916 | lrm: 1.00 | dt: 1754.57ms | tok/s: 298,813 | mfu: 34.11 | epoch: 1 | eta: 46.1m
step 00621/02205 (28.16%) [ns3_ftrl_eta0p05] | loss: 3.483431 | lrm: 1.00 | dt: 1751.54ms | tok/s: 299,329 | mfu: 34.17 | epoch: 1 | eta: 46.1m
step 00622/02205 (28.21%) [ns3_ftrl_eta0p05] | loss: 3.494215 | lrm: 1.00 | dt: 1757.34ms | tok/s: 298,341 | mfu: 34.06 | epoch: 1 | eta: 46.1m
step 00623/02205 (28.25%) [ns3_ftrl_eta0p05] | loss: 3.491610 | lrm: 1.00 | dt: 1769.94ms | tok/s: 296,217 | mfu: 33.81 | epoch: 1 | eta: 46.0m
step 00624/02205 (28.30%) [ns3_ftrl_eta0p05] | loss: 3.489701 | lrm: 1.00 | dt: 1760.07ms | tok/s: 297,879 | mfu: 34.00 | epoch: 1 | eta: 46.0m
step 00625/02205 (28.34%) [ns3_ftrl_eta0p05] | loss: 3.479039 | lrm: 1.00 | dt: 1760.98ms | tok/s: 297,725 | mfu: 33.99 | epoch: 1 | eta: 46.0m
step 00626/02205 (28.39%) [ns3_ftrl_eta0p05] | loss: 3.476058 | lrm: 1.00 | dt: 1754.17ms | tok/s: 298,880 | mfu: 34.12 | epoch: 1 | eta: 46.0m
step 00627/02205 (28.44%) [ns3_ftrl_eta0p05] | loss: 3.482631 | lrm: 1.00 | dt: 1751.33ms | tok/s: 299,365 | mfu: 34.17 | epoch: 1 | eta: 45.9m
step 00628/02205 (28.48%) [ns3_ftrl_eta0p05] | loss: 3.477995 | lrm: 1.00 | dt: 1751.15ms | tok/s: 299,395 | mfu: 34.18 | epoch: 1 | eta: 45.9m
step 00629/02205 (28.53%) [ns3_ftrl_eta0p05] | loss: 3.488241 | lrm: 1.00 | dt: 1755.49ms | tok/s: 298,655 | mfu: 34.09 | epoch: 1 | eta: 45.9m
step 00630/02205 (28.57%) [ns3_ftrl_eta0p05] | loss: 3.478572 | lrm: 1.00 | dt: 1751.36ms | tok/s: 299,359 | mfu: 34.17 | epoch: 1 | eta: 45.8m
step 00631/02205 (28.62%) [ns3_ftrl_eta0p05] | loss: 3.474646 | lrm: 1.00 | dt: 1755.50ms | tok/s: 298,654 | mfu: 34.09 | epoch: 1 | eta: 45.8m
step 00632/02205 (28.66%) [ns3_ftrl_eta0p05] | loss: 3.476234 | lrm: 1.00 | dt: 1755.84ms | tok/s: 298,596 | mfu: 34.09 | epoch: 1 | eta: 45.8m
step 00633/02205 (28.71%) [ns3_ftrl_eta0p05] | loss: 3.484503 | lrm: 1.00 | dt: 1757.19ms | tok/s: 298,366 | mfu: 34.06 | epoch: 1 | eta: 45.8m
step 00634/02205 (28.75%) [ns3_ftrl_eta0p05] | loss: 3.477555 | lrm: 1.00 | dt: 1763.08ms | tok/s: 297,370 | mfu: 33.95 | epoch: 1 | eta: 45.7m
step 00635/02205 (28.80%) [ns3_ftrl_eta0p05] | loss: 3.484813 | lrm: 1.00 | dt: 1755.72ms | tok/s: 298,616 | mfu: 34.09 | epoch: 1 | eta: 45.7m
step 00636/02205 (28.84%) [ns3_ftrl_eta0p05] | loss: 3.481212 | lrm: 1.00 | dt: 1751.38ms | tok/s: 299,357 | mfu: 34.17 | epoch: 1 | eta: 45.7m
step 00637/02205 (28.89%) [ns3_ftrl_eta0p05] | loss: 3.484285 | lrm: 1.00 | dt: 1754.81ms | tok/s: 298,772 | mfu: 34.11 | epoch: 1 | eta: 45.6m
step 00638/02205 (28.93%) [ns3_ftrl_eta0p05] | loss: 3.486939 | lrm: 1.00 | dt: 1767.92ms | tok/s: 296,555 | mfu: 33.85 | epoch: 1 | eta: 45.6m
step 00639/02205 (28.98%) [ns3_ftrl_eta0p05] | loss: 3.484917 | lrm: 1.00 | dt: 1756.45ms | tok/s: 298,492 | mfu: 34.07 | epoch: 1 | eta: 45.6m
step 00640/02205 (29.02%) [ns3_ftrl_eta0p05] | loss: 3.484184 | lrm: 1.00 | dt: 1770.07ms | tok/s: 296,195 | mfu: 33.81 | epoch: 1 | eta: 45.6m
step 00641/02205 (29.07%) [ns3_ftrl_eta0p05] | loss: 3.482161 | lrm: 1.00 | dt: 1765.93ms | tok/s: 296,890 | mfu: 33.89 | epoch: 1 | eta: 45.5m
step 00642/02205 (29.12%) [ns3_ftrl_eta0p05] | loss: 3.476032 | lrm: 1.00 | dt: 1761.41ms | tok/s: 297,652 | mfu: 33.98 | epoch: 1 | eta: 45.5m
step 00643/02205 (29.16%) [ns3_ftrl_eta0p05] | loss: 3.473178 | lrm: 1.00 | dt: 1754.69ms | tok/s: 298,792 | mfu: 34.11 | epoch: 1 | eta: 45.5m
step 00644/02205 (29.21%) [ns3_ftrl_eta0p05] | loss: 3.474011 | lrm: 1.00 | dt: 1769.53ms | tok/s: 296,287 | mfu: 33.82 | epoch: 1 | eta: 45.4m
step 00645/02205 (29.25%) [ns3_ftrl_eta0p05] | loss: 3.477474 | lrm: 1.00 | dt: 1756.36ms | tok/s: 298,507 | mfu: 34.07 | epoch: 1 | eta: 45.4m
step 00646/02205 (29.30%) [ns3_ftrl_eta0p05] | loss: 3.476967 | lrm: 1.00 | dt: 1750.09ms | tok/s: 299,577 | mfu: 34.20 | epoch: 1 | eta: 45.4m
step 00647/02205 (29.34%) [ns3_ftrl_eta0p05] | loss: 3.474721 | lrm: 1.00 | dt: 1771.50ms | tok/s: 295,957 | mfu: 33.78 | epoch: 1 | eta: 45.4m
step 00648/02205 (29.39%) [ns3_ftrl_eta0p05] | loss: 3.467995 | lrm: 1.00 | dt: 1755.16ms | tok/s: 298,712 | mfu: 34.10 | epoch: 1 | eta: 45.3m
step 00649/02205 (29.43%) [ns3_ftrl_eta0p05] | loss: 3.472771 | lrm: 1.00 | dt: 1751.84ms | tok/s: 299,278 | mfu: 34.16 | epoch: 1 | eta: 45.3m
step 00650/02205 (29.48%) [ns3_ftrl_eta0p05] | loss: 3.467350 | lrm: 1.00 | dt: 1766.16ms | tok/s: 296,851 | mfu: 33.89 | epoch: 1 | eta: 45.3m
step 00651/02205 (29.52%) [ns3_ftrl_eta0p05] | loss: 3.456663 | lrm: 1.00 | dt: 1770.97ms | tok/s: 296,045 | mfu: 33.79 | epoch: 1 | eta: 45.2m
step 00652/02205 (29.57%) [ns3_ftrl_eta0p05] | loss: 3.467393 | lrm: 1.00 | dt: 1753.88ms | tok/s: 298,930 | mfu: 34.12 | epoch: 1 | eta: 45.2m
step 00653/02205 (29.61%) [ns3_ftrl_eta0p05] | loss: 3.477706 | lrm: 1.00 | dt: 1769.41ms | tok/s: 296,307 | mfu: 33.82 | epoch: 1 | eta: 45.2m
step 00654/02205 (29.66%) [ns3_ftrl_eta0p05] | loss: 3.479479 | lrm: 1.00 | dt: 1760.28ms | tok/s: 297,844 | mfu: 34.00 | epoch: 1 | eta: 45.2m
step 00655/02205 (29.71%) [ns3_ftrl_eta0p05] | loss: 3.480817 | lrm: 1.00 | dt: 1771.04ms | tok/s: 296,033 | mfu: 33.79 | epoch: 1 | eta: 45.1m
step 00656/02205 (29.75%) [ns3_ftrl_eta0p05] | loss: 3.480583 | lrm: 1.00 | dt: 1761.61ms | tok/s: 297,618 | mfu: 33.97 | epoch: 1 | eta: 45.1m
step 00657/02205 (29.80%) [ns3_ftrl_eta0p05] | loss: 3.477483 | lrm: 1.00 | dt: 1762.92ms | tok/s: 297,397 | mfu: 33.95 | epoch: 1 | eta: 45.1m
step 00658/02205 (29.84%) [ns3_ftrl_eta0p05] | loss: 3.476330 | lrm: 1.00 | dt: 1774.70ms | tok/s: 295,422 | mfu: 33.72 | epoch: 1 | eta: 45.0m
step 00659/02205 (29.89%) [ns3_ftrl_eta0p05] | loss: 3.479383 | lrm: 1.00 | dt: 1761.93ms | tok/s: 297,565 | mfu: 33.97 | epoch: 1 | eta: 45.0m
step 00660/02205 (29.93%) [ns3_ftrl_eta0p05] | loss: 3.479791 | lrm: 1.00 | dt: 1756.42ms | tok/s: 298,498 | mfu: 34.07 | epoch: 1 | eta: 45.0m
step 00661/02205 (29.98%) [ns3_ftrl_eta0p05] | loss: 3.471475 | lrm: 1.00 | dt: 1755.73ms | tok/s: 298,615 | mfu: 34.09 | epoch: 1 | eta: 45.0m
step 00662/02205 (30.02%) [ns3_ftrl_eta0p05] | loss: 3.474408 | lrm: 1.00 | dt: 1767.05ms | tok/s: 296,701 | mfu: 33.87 | epoch: 1 | eta: 44.9m
step 00663/02205 (30.07%) [ns3_ftrl_eta0p05] | loss: 3.472508 | lrm: 1.00 | dt: 1761.89ms | tok/s: 297,570 | mfu: 33.97 | epoch: 1 | eta: 44.9m
step 00664/02205 (30.11%) [ns3_ftrl_eta0p05] | loss: 3.475262 | lrm: 1.00 | dt: 1764.39ms | tok/s: 297,150 | mfu: 33.92 | epoch: 1 | eta: 44.9m
step 00665/02205 (30.16%) [ns3_ftrl_eta0p05] | loss: 3.476869 | lrm: 1.00 | dt: 1776.90ms | tok/s: 295,058 | mfu: 33.68 | epoch: 1 | eta: 44.8m
step 00666/02205 (30.20%) [ns3_ftrl_eta0p05] | loss: 3.467109 | lrm: 1.00 | dt: 1773.05ms | tok/s: 295,698 | mfu: 33.75 | epoch: 1 | eta: 44.8m
step 00667/02205 (30.25%) [ns3_ftrl_eta0p05] | loss: 3.462603 | lrm: 1.00 | dt: 1765.28ms | tok/s: 297,000 | mfu: 33.90 | epoch: 1 | eta: 44.8m
step 00668/02205 (30.29%) [ns3_ftrl_eta0p05] | loss: 3.465480 | lrm: 1.00 | dt: 1772.59ms | tok/s: 295,774 | mfu: 33.76 | epoch: 1 | eta: 44.8m
step 00669/02205 (30.34%) [ns3_ftrl_eta0p05] | loss: 3.471750 | lrm: 1.00 | dt: 1771.65ms | tok/s: 295,931 | mfu: 33.78 | epoch: 1 | eta: 44.7m
step 00670/02205 (30.39%) [ns3_ftrl_eta0p05] | loss: 3.482094 | lrm: 1.00 | dt: 1775.73ms | tok/s: 295,251 | mfu: 33.70 | epoch: 1 | eta: 44.7m
step 00671/02205 (30.43%) [ns3_ftrl_eta0p05] | loss: 3.485221 | lrm: 1.00 | dt: 1767.91ms | tok/s: 296,558 | mfu: 33.85 | epoch: 1 | eta: 44.7m
step 00672/02205 (30.48%) [ns3_ftrl_eta0p05] | loss: 3.495331 | lrm: 1.00 | dt: 1757.62ms | tok/s: 298,293 | mfu: 34.05 | epoch: 1 | eta: 44.6m
step 00673/02205 (30.52%) [ns3_ftrl_eta0p05] | loss: 3.491270 | lrm: 1.00 | dt: 1771.56ms | tok/s: 295,946 | mfu: 33.78 | epoch: 1 | eta: 44.6m
step 00674/02205 (30.57%) [ns3_ftrl_eta0p05] | loss: 3.481858 | lrm: 1.00 | dt: 1774.62ms | tok/s: 295,437 | mfu: 33.72 | epoch: 1 | eta: 44.6m
step 00675/02205 (30.61%) [ns3_ftrl_eta0p05] | loss: 3.474696 | lrm: 1.00 | dt: 1767.64ms | tok/s: 296,603 | mfu: 33.86 | epoch: 1 | eta: 44.6m
step 00676/02205 (30.66%) [ns3_ftrl_eta0p05] | loss: 3.477842 | lrm: 1.00 | dt: 1768.47ms | tok/s: 296,464 | mfu: 33.84 | epoch: 1 | eta: 44.5m
step 00677/02205 (30.70%) [ns3_ftrl_eta0p05] | loss: 3.477558 | lrm: 1.00 | dt: 1764.80ms | tok/s: 297,080 | mfu: 33.91 | epoch: 1 | eta: 44.5m
step 00678/02205 (30.75%) [ns3_ftrl_eta0p05] | loss: 3.472028 | lrm: 1.00 | dt: 1767.06ms | tok/s: 296,701 | mfu: 33.87 | epoch: 1 | eta: 44.5m
step 00679/02205 (30.79%) [ns3_ftrl_eta0p05] | loss: 3.470521 | lrm: 1.00 | dt: 1773.29ms | tok/s: 295,658 | mfu: 33.75 | epoch: 1 | eta: 44.4m
step 00680/02205 (30.84%) [ns3_ftrl_eta0p05] | loss: 3.470562 | lrm: 1.00 | dt: 1769.06ms | tok/s: 296,365 | mfu: 33.83 | epoch: 1 | eta: 44.4m
step 00681/02205 (30.88%) [ns3_ftrl_eta0p05] | loss: 3.468176 | lrm: 1.00 | dt: 1769.74ms | tok/s: 296,251 | mfu: 33.82 | epoch: 1 | eta: 44.4m
step 00682/02205 (30.93%) [ns3_ftrl_eta0p05] | loss: 3.471122 | lrm: 1.00 | dt: 1774.86ms | tok/s: 295,396 | mfu: 33.72 | epoch: 1 | eta: 44.4m
step 00683/02205 (30.98%) [ns3_ftrl_eta0p05] | loss: 3.469301 | lrm: 1.00 | dt: 1769.48ms | tok/s: 296,295 | mfu: 33.82 | epoch: 1 | eta: 44.3m
step 00684/02205 (31.02%) [ns3_ftrl_eta0p05] | loss: 3.477211 | lrm: 1.00 | dt: 1773.03ms | tok/s: 295,702 | mfu: 33.75 | epoch: 1 | eta: 44.3m
step 00685/02205 (31.07%) [ns3_ftrl_eta0p05] | loss: 3.466876 | lrm: 1.00 | dt: 1771.35ms | tok/s: 295,982 | mfu: 33.79 | epoch: 1 | eta: 44.3m
step 00686/02205 (31.11%) [ns3_ftrl_eta0p05] | loss: 3.473643 | lrm: 1.00 | dt: 1768.95ms | tok/s: 296,383 | mfu: 33.83 | epoch: 1 | eta: 44.2m
step 00687/02205 (31.16%) [ns3_ftrl_eta0p05] | loss: 3.485070 | lrm: 1.00 | dt: 1773.29ms | tok/s: 295,659 | mfu: 33.75 | epoch: 1 | eta: 44.2m
step 00688/02205 (31.20%) [ns3_ftrl_eta0p05] | loss: 3.485613 | lrm: 1.00 | dt: 1774.54ms | tok/s: 295,450 | mfu: 33.73 | epoch: 1 | eta: 44.2m
step 00689/02205 (31.25%) [ns3_ftrl_eta0p05] | loss: 3.494119 | lrm: 1.00 | dt: 1769.34ms | tok/s: 296,318 | mfu: 33.83 | epoch: 1 | eta: 44.2m
step 00690/02205 (31.29%) [ns3_ftrl_eta0p05] | loss: 3.489024 | lrm: 1.00 | dt: 1772.38ms | tok/s: 295,809 | mfu: 33.77 | epoch: 1 | eta: 44.1m
step 00691/02205 (31.34%) [ns3_ftrl_eta0p05] | loss: 3.499375 | lrm: 1.00 | dt: 1771.55ms | tok/s: 295,948 | mfu: 33.78 | epoch: 1 | eta: 44.1m
step 00692/02205 (31.38%) [ns3_ftrl_eta0p05] | loss: 3.489151 | lrm: 1.00 | dt: 1776.42ms | tok/s: 295,138 | mfu: 33.69 | epoch: 1 | eta: 44.1m
step 00693/02205 (31.43%) [ns3_ftrl_eta0p05] | loss: 3.485594 | lrm: 1.00 | dt: 1774.89ms | tok/s: 295,391 | mfu: 33.72 | epoch: 1 | eta: 44.0m
step 00694/02205 (31.47%) [ns3_ftrl_eta0p05] | loss: 3.485490 | lrm: 1.00 | dt: 1773.04ms | tok/s: 295,699 | mfu: 33.75 | epoch: 1 | eta: 44.0m
step 00695/02205 (31.52%) [ns3_ftrl_eta0p05] | loss: 3.483298 | lrm: 1.00 | dt: 1766.09ms | tok/s: 296,864 | mfu: 33.89 | epoch: 1 | eta: 44.0m
step 00696/02205 (31.56%) [ns3_ftrl_eta0p05] | loss: 3.473037 | lrm: 1.00 | dt: 1770.63ms | tok/s: 296,102 | mfu: 33.80 | epoch: 1 | eta: 44.0m
step 00697/02205 (31.61%) [ns3_ftrl_eta0p05] | loss: 3.474779 | lrm: 1.00 | dt: 1779.18ms | tok/s: 294,678 | mfu: 33.64 | epoch: 1 | eta: 43.9m
step 00698/02205 (31.66%) [ns3_ftrl_eta0p05] | loss: 3.469314 | lrm: 1.00 | dt: 1774.00ms | tok/s: 295,540 | mfu: 33.74 | epoch: 1 | eta: 43.9m
step 00699/02205 (31.70%) [ns3_ftrl_eta0p05] | loss: 3.479662 | lrm: 1.00 | dt: 1769.52ms | tok/s: 296,288 | mfu: 33.82 | epoch: 1 | eta: 43.9m
step 00700/02205 (31.75%) [ns3_ftrl_eta0p05] | loss: 3.478122 | lrm: 1.00 | dt: 1770.74ms | tok/s: 296,084 | mfu: 33.80 | epoch: 1 | eta: 43.9m
step 00701/02205 (31.79%) [ns3_ftrl_eta0p05] | loss: 3.476332 | lrm: 1.00 | dt: 1766.81ms | tok/s: 296,742 | mfu: 33.87 | epoch: 1 | eta: 43.8m
step 00702/02205 (31.84%) [ns3_ftrl_eta0p05] | loss: 3.487465 | lrm: 1.00 | dt: 1770.17ms | tok/s: 296,180 | mfu: 33.81 | epoch: 1 | eta: 43.8m
step 00703/02205 (31.88%) [ns3_ftrl_eta0p05] | loss: 3.493389 | lrm: 1.00 | dt: 1777.84ms | tok/s: 294,901 | mfu: 33.66 | epoch: 1 | eta: 43.8m
step 00704/02205 (31.93%) [ns3_ftrl_eta0p05] | loss: 3.491940 | lrm: 1.00 | dt: 1768.06ms | tok/s: 296,532 | mfu: 33.85 | epoch: 1 | eta: 43.7m
step 00705/02205 (31.97%) [ns3_ftrl_eta0p05] | loss: 3.495458 | lrm: 1.00 | dt: 1767.94ms | tok/s: 296,552 | mfu: 33.85 | epoch: 1 | eta: 43.7m
step 00706/02205 (32.02%) [ns3_ftrl_eta0p05] | loss: 3.502081 | lrm: 1.00 | dt: 1773.99ms | tok/s: 295,542 | mfu: 33.74 | epoch: 1 | eta: 43.7m
step 00707/02205 (32.06%) [ns3_ftrl_eta0p05] | loss: 3.502398 | lrm: 1.00 | dt: 1771.89ms | tok/s: 295,892 | mfu: 33.78 | epoch: 1 | eta: 43.7m
step 00708/02205 (32.11%) [ns3_ftrl_eta0p05] | loss: 3.496380 | lrm: 1.00 | dt: 1778.38ms | tok/s: 294,812 | mfu: 33.65 | epoch: 1 | eta: 43.6m
step 00709/02205 (32.15%) [ns3_ftrl_eta0p05] | loss: 3.495222 | lrm: 1.00 | dt: 1770.76ms | tok/s: 296,080 | mfu: 33.80 | epoch: 1 | eta: 43.6m
step 00710/02205 (32.20%) [ns3_ftrl_eta0p05] | loss: 3.492249 | lrm: 1.00 | dt: 1769.50ms | tok/s: 296,291 | mfu: 33.82 | epoch: 1 | eta: 43.6m
step 00711/02205 (32.24%) [ns3_ftrl_eta0p05] | loss: 3.497676 | lrm: 1.00 | dt: 1769.97ms | tok/s: 296,213 | mfu: 33.81 | epoch: 1 | eta: 43.5m
step 00712/02205 (32.29%) [ns3_ftrl_eta0p05] | loss: 3.501288 | lrm: 1.00 | dt: 1777.73ms | tok/s: 294,919 | mfu: 33.67 | epoch: 1 | eta: 43.5m
step 00713/02205 (32.34%) [ns3_ftrl_eta0p05] | loss: 3.497296 | lrm: 1.00 | dt: 1774.65ms | tok/s: 295,432 | mfu: 33.72 | epoch: 1 | eta: 43.5m
step 00714/02205 (32.38%) [ns3_ftrl_eta0p05] | loss: 3.485640 | lrm: 1.00 | dt: 1769.60ms | tok/s: 296,275 | mfu: 33.82 | epoch: 1 | eta: 43.5m
step 00715/02205 (32.43%) [ns3_ftrl_eta0p05] | loss: 3.478807 | lrm: 1.00 | dt: 1771.66ms | tok/s: 295,930 | mfu: 33.78 | epoch: 1 | eta: 43.4m
step 00716/02205 (32.47%) [ns3_ftrl_eta0p05] | loss: 3.480356 | lrm: 1.00 | dt: 1768.94ms | tok/s: 296,385 | mfu: 33.83 | epoch: 1 | eta: 43.4m
step 00717/02205 (32.52%) [ns3_ftrl_eta0p05] | loss: 3.466673 | lrm: 1.00 | dt: 1776.08ms | tok/s: 295,194 | mfu: 33.70 | epoch: 1 | eta: 43.4m
step 00718/02205 (32.56%) [ns3_ftrl_eta0p05] | loss: 3.455876 | lrm: 1.00 | dt: 1770.83ms | tok/s: 296,069 | mfu: 33.80 | epoch: 1 | eta: 43.3m
step 00719/02205 (32.61%) [ns3_ftrl_eta0p05] | loss: 3.459267 | lrm: 1.00 | dt: 1769.32ms | tok/s: 296,321 | mfu: 33.83 | epoch: 1 | eta: 43.3m
step 00720/02205 (32.65%) [ns3_ftrl_eta0p05] | loss: 3.449636 | lrm: 1.00 | dt: 1770.85ms | tok/s: 296,065 | mfu: 33.80 | epoch: 1 | eta: 43.3m
step 00721/02205 (32.70%) [ns3_ftrl_eta0p05] | loss: 3.448730 | lrm: 1.00 | dt: 1775.03ms | tok/s: 295,368 | mfu: 33.72 | epoch: 1 | eta: 43.3m
step 00722/02205 (32.74%) [ns3_ftrl_eta0p05] | loss: 3.445939 | lrm: 1.00 | dt: 1774.30ms | tok/s: 295,489 | mfu: 33.73 | epoch: 1 | eta: 43.2m
step 00723/02205 (32.79%) [ns3_ftrl_eta0p05] | loss: 3.449779 | lrm: 1.00 | dt: 1772.29ms | tok/s: 295,824 | mfu: 33.77 | epoch: 1 | eta: 43.2m
step 00724/02205 (32.83%) [ns3_ftrl_eta0p05] | loss: 3.441567 | lrm: 1.00 | dt: 1773.14ms | tok/s: 295,683 | mfu: 33.75 | epoch: 1 | eta: 43.2m
step 00725/02205 (32.88%) [ns3_ftrl_eta0p05] | loss: 3.444836 | lrm: 1.00 | dt: 1769.05ms | tok/s: 296,366 | mfu: 33.83 | epoch: 1 | eta: 43.1m
step 00726/02205 (32.93%) [ns3_ftrl_eta0p05] | loss: 3.432670 | lrm: 1.00 | dt: 1772.76ms | tok/s: 295,746 | mfu: 33.76 | epoch: 1 | eta: 43.1m
step 00727/02205 (32.97%) [ns3_ftrl_eta0p05] | loss: 3.441991 | lrm: 1.00 | dt: 1772.70ms | tok/s: 295,757 | mfu: 33.76 | epoch: 1 | eta: 43.1m
step 00728/02205 (33.02%) [ns3_ftrl_eta0p05] | loss: 3.438977 | lrm: 1.00 | dt: 1776.53ms | tok/s: 295,118 | mfu: 33.69 | epoch: 1 | eta: 43.1m
step 00729/02205 (33.06%) [ns3_ftrl_eta0p05] | loss: 3.430631 | lrm: 1.00 | dt: 1776.82ms | tok/s: 295,070 | mfu: 33.68 | epoch: 1 | eta: 43.0m
step 00730/02205 (33.11%) [ns3_ftrl_eta0p05] | loss: 3.435723 | lrm: 1.00 | dt: 1764.27ms | tok/s: 297,170 | mfu: 33.92 | epoch: 1 | eta: 43.0m
step 00731/02205 (33.15%) [ns3_ftrl_eta0p05] | loss: 3.437083 | lrm: 1.00 | dt: 1774.86ms | tok/s: 295,397 | mfu: 33.72 | epoch: 1 | eta: 43.0m
step 00732/02205 (33.20%) [ns3_ftrl_eta0p05] | loss: 3.438144 | lrm: 1.00 | dt: 1768.69ms | tok/s: 296,426 | mfu: 33.84 | epoch: 1 | eta: 42.9m
step 00733/02205 (33.24%) [ns3_ftrl_eta0p05] | loss: 3.445775 | lrm: 1.00 | dt: 1777.03ms | tok/s: 295,035 | mfu: 33.68 | epoch: 1 | eta: 42.9m
step 00734/02205 (33.29%) [ns3_ftrl_eta0p05] | loss: 3.454666 | lrm: 1.00 | dt: 1770.51ms | tok/s: 296,123 | mfu: 33.80 | epoch: 1 | eta: 42.9m
step 00735/02205 (33.33%) [ns3_ftrl_eta0p05] | loss: 3.454481 | lrm: 1.00 | dt: 1769.59ms | tok/s: 296,277 | mfu: 33.82 | epoch: 1 | eta: 42.9m
step 00736/02205 (33.38%) [ns3_ftrl_eta0p05] | loss: 3.443552 | lrm: 1.00 | dt: 1772.34ms | tok/s: 295,817 | mfu: 33.77 | epoch: 1 | eta: 42.8m
step 00737/02205 (33.42%) [ns3_ftrl_eta0p05] | loss: 3.444169 | lrm: 1.00 | dt: 1772.17ms | tok/s: 295,844 | mfu: 33.77 | epoch: 1 | eta: 42.8m
step 00738/02205 (33.47%) [ns3_ftrl_eta0p05] | loss: 3.444640 | lrm: 1.00 | dt: 1775.79ms | tok/s: 295,241 | mfu: 33.70 | epoch: 1 | eta: 42.8m
step 00739/02205 (33.51%) [ns3_ftrl_eta0p05] | loss: 3.445096 | lrm: 1.00 | dt: 1770.93ms | tok/s: 296,052 | mfu: 33.79 | epoch: 1 | eta: 42.7m
step 00740/02205 (33.56%) [ns3_ftrl_eta0p05] | loss: 3.437972 | lrm: 1.00 | dt: 1770.22ms | tok/s: 296,171 | mfu: 33.81 | epoch: 1 | eta: 42.7m
step 00741/02205 (33.61%) [ns3_ftrl_eta0p05] | loss: 3.441942 | lrm: 1.00 | dt: 1771.67ms | tok/s: 295,929 | mfu: 33.78 | epoch: 1 | eta: 42.7m
step 00742/02205 (33.65%) [ns3_ftrl_eta0p05] | loss: 3.439376 | lrm: 1.00 | dt: 1774.05ms | tok/s: 295,531 | mfu: 33.74 | epoch: 1 | eta: 42.7m
step 00743/02205 (33.70%) [ns3_ftrl_eta0p05] | loss: 3.439325 | lrm: 1.00 | dt: 1776.62ms | tok/s: 295,104 | mfu: 33.69 | epoch: 1 | eta: 42.6m
step 00744/02205 (33.74%) [ns3_ftrl_eta0p05] | loss: 3.444055 | lrm: 1.00 | dt: 1767.86ms | tok/s: 296,565 | mfu: 33.85 | epoch: 1 | eta: 42.6m
step 00745/02205 (33.79%) [ns3_ftrl_eta0p05] | loss: 3.449564 | lrm: 1.00 | dt: 1772.10ms | tok/s: 295,856 | mfu: 33.77 | epoch: 1 | eta: 42.6m
step 00746/02205 (33.83%) [ns3_ftrl_eta0p05] | loss: 3.449226 | lrm: 1.00 | dt: 1769.82ms | tok/s: 296,237 | mfu: 33.82 | epoch: 1 | eta: 42.5m
step 00747/02205 (33.88%) [ns3_ftrl_eta0p05] | loss: 3.456048 | lrm: 1.00 | dt: 1774.36ms | tok/s: 295,479 | mfu: 33.73 | epoch: 1 | eta: 42.5m
step 00748/02205 (33.92%) [ns3_ftrl_eta0p05] | loss: 3.448975 | lrm: 1.00 | dt: 1761.20ms | tok/s: 297,688 | mfu: 33.98 | epoch: 1 | eta: 42.5m
step 00749/02205 (33.97%) [ns3_ftrl_eta0p05] | loss: 3.442752 | lrm: 1.00 | dt: 1761.62ms | tok/s: 297,617 | mfu: 33.97 | epoch: 1 | eta: 42.5m
Step 00750 | val bpb: 1.012149
step 00750/02205 (34.01%) [ns3_ftrl_eta0p05] | loss: 3.444023 | lrm: 1.00 | dt: 1720.83ms | tok/s: 304,670 | mfu: 34.78 | epoch: 1 | eta: 42.4m
step 00751/02205 (34.06%) [ns3_ftrl_eta0p05] | loss: 3.453503 | lrm: 1.00 | dt: 1743.33ms | tok/s: 300,739 | mfu: 34.33 | epoch: 1 | eta: 42.4m
step 00752/02205 (34.10%) [ns3_ftrl_eta0p05] | loss: 3.444012 | lrm: 1.00 | dt: 1750.51ms | tok/s: 299,506 | mfu: 34.19 | epoch: 1 | eta: 42.4m
step 00753/02205 (34.15%) [ns3_ftrl_eta0p05] | loss: 3.459129 | lrm: 1.00 | dt: 1739.89ms | tok/s: 301,333 | mfu: 34.40 | epoch: 1 | eta: 42.3m
step 00754/02205 (34.20%) [ns3_ftrl_eta0p05] | loss: 3.457488 | lrm: 1.00 | dt: 1742.80ms | tok/s: 300,830 | mfu: 34.34 | epoch: 1 | eta: 42.3m
step 00755/02205 (34.24%) [ns3_ftrl_eta0p05] | loss: 3.458153 | lrm: 1.00 | dt: 1740.86ms | tok/s: 301,166 | mfu: 34.38 | epoch: 1 | eta: 42.3m
step 00756/02205 (34.29%) [ns3_ftrl_eta0p05] | loss: 3.448915 | lrm: 1.00 | dt: 1749.22ms | tok/s: 299,726 | mfu: 34.21 | epoch: 1 | eta: 42.3m
step 00757/02205 (34.33%) [ns3_ftrl_eta0p05] | loss: 3.441560 | lrm: 1.00 | dt: 1744.06ms | tok/s: 300,613 | mfu: 34.32 | epoch: 1 | eta: 42.2m
step 00758/02205 (34.38%) [ns3_ftrl_eta0p05] | loss: 3.444326 | lrm: 1.00 | dt: 1751.96ms | tok/s: 299,257 | mfu: 34.16 | epoch: 1 | eta: 42.2m
step 00759/02205 (34.42%) [ns3_ftrl_eta0p05] | loss: 3.445827 | lrm: 1.00 | dt: 1748.01ms | tok/s: 299,933 | mfu: 34.24 | epoch: 1 | eta: 42.2m
step 00760/02205 (34.47%) [ns3_ftrl_eta0p05] | loss: 3.450869 | lrm: 1.00 | dt: 1753.60ms | tok/s: 298,978 | mfu: 34.13 | epoch: 1 | eta: 42.1m
step 00761/02205 (34.51%) [ns3_ftrl_eta0p05] | loss: 3.451170 | lrm: 1.00 | dt: 1755.43ms | tok/s: 298,666 | mfu: 34.09 | epoch: 1 | eta: 42.1m
step 00762/02205 (34.56%) [ns3_ftrl_eta0p05] | loss: 3.444034 | lrm: 1.00 | dt: 1744.02ms | tok/s: 300,621 | mfu: 34.32 | epoch: 1 | eta: 42.1m
step 00763/02205 (34.60%) [ns3_ftrl_eta0p05] | loss: 3.435490 | lrm: 1.00 | dt: 1750.23ms | tok/s: 299,554 | mfu: 34.19 | epoch: 1 | eta: 42.1m
step 00764/02205 (34.65%) [ns3_ftrl_eta0p05] | loss: 3.438453 | lrm: 1.00 | dt: 1748.80ms | tok/s: 299,798 | mfu: 34.22 | epoch: 1 | eta: 42.0m
step 00765/02205 (34.69%) [ns3_ftrl_eta0p05] | loss: 3.426182 | lrm: 1.00 | dt: 1751.06ms | tok/s: 299,411 | mfu: 34.18 | epoch: 1 | eta: 42.0m
step 00766/02205 (34.74%) [ns3_ftrl_eta0p05] | loss: 3.423508 | lrm: 1.00 | dt: 1752.03ms | tok/s: 299,246 | mfu: 34.16 | epoch: 1 | eta: 42.0m
step 00767/02205 (34.78%) [ns3_ftrl_eta0p05] | loss: 3.428307 | lrm: 1.00 | dt: 1752.59ms | tok/s: 299,149 | mfu: 34.15 | epoch: 1 | eta: 41.9m
step 00768/02205 (34.83%) [ns3_ftrl_eta0p05] | loss: 3.427329 | lrm: 1.00 | dt: 1754.94ms | tok/s: 298,750 | mfu: 34.10 | epoch: 1 | eta: 41.9m
step 00769/02205 (34.88%) [ns3_ftrl_eta0p05] | loss: 3.429855 | lrm: 1.00 | dt: 1745.62ms | tok/s: 300,344 | mfu: 34.28 | epoch: 1 | eta: 41.9m
step 00770/02205 (34.92%) [ns3_ftrl_eta0p05] | loss: 3.435301 | lrm: 1.00 | dt: 1754.77ms | tok/s: 298,778 | mfu: 34.11 | epoch: 1 | eta: 41.8m
step 00771/02205 (34.97%) [ns3_ftrl_eta0p05] | loss: 3.433825 | lrm: 1.00 | dt: 1755.44ms | tok/s: 298,664 | mfu: 34.09 | epoch: 1 | eta: 41.8m
step 00772/02205 (35.01%) [ns3_ftrl_eta0p05] | loss: 3.421284 | lrm: 1.00 | dt: 1763.29ms | tok/s: 297,334 | mfu: 33.94 | epoch: 1 | eta: 41.8m
step 00773/02205 (35.06%) [ns3_ftrl_eta0p05] | loss: 3.430320 | lrm: 1.00 | dt: 1760.00ms | tok/s: 297,890 | mfu: 34.00 | epoch: 1 | eta: 41.8m
step 00774/02205 (35.10%) [ns3_ftrl_eta0p05] | loss: 3.436367 | lrm: 1.00 | dt: 1754.32ms | tok/s: 298,856 | mfu: 34.11 | epoch: 1 | eta: 41.7m
step 00775/02205 (35.15%) [ns3_ftrl_eta0p05] | loss: 3.438538 | lrm: 1.00 | dt: 1753.61ms | tok/s: 298,975 | mfu: 34.13 | epoch: 1 | eta: 41.7m
step 00776/02205 (35.19%) [ns3_ftrl_eta0p05] | loss: 3.433923 | lrm: 1.00 | dt: 1770.74ms | tok/s: 296,084 | mfu: 33.80 | epoch: 1 | eta: 41.7m
step 00777/02205 (35.24%) [ns3_ftrl_eta0p05] | loss: 3.421823 | lrm: 1.00 | dt: 1757.52ms | tok/s: 298,310 | mfu: 34.05 | epoch: 1 | eta: 41.6m
step 00778/02205 (35.28%) [ns3_ftrl_eta0p05] | loss: 3.427535 | lrm: 1.00 | dt: 1764.17ms | tok/s: 297,187 | mfu: 33.92 | epoch: 1 | eta: 41.6m
step 00779/02205 (35.33%) [ns3_ftrl_eta0p05] | loss: 3.433581 | lrm: 1.00 | dt: 1758.55ms | tok/s: 298,136 | mfu: 34.03 | epoch: 1 | eta: 41.6m
step 00780/02205 (35.37%) [ns3_ftrl_eta0p05] | loss: 3.433364 | lrm: 1.00 | dt: 1750.85ms | tok/s: 299,447 | mfu: 34.18 | epoch: 1 | eta: 41.6m
step 00781/02205 (35.42%) [ns3_ftrl_eta0p05] | loss: 3.429617 | lrm: 1.00 | dt: 1765.53ms | tok/s: 296,957 | mfu: 33.90 | epoch: 1 | eta: 41.5m
step 00782/02205 (35.46%) [ns3_ftrl_eta0p05] | loss: 3.429032 | lrm: 1.00 | dt: 1758.28ms | tok/s: 298,182 | mfu: 34.04 | epoch: 1 | eta: 41.5m
step 00783/02205 (35.51%) [ns3_ftrl_eta0p05] | loss: 3.419257 | lrm: 1.00 | dt: 1755.95ms | tok/s: 298,578 | mfu: 34.08 | epoch: 1 | eta: 41.5m
step 00784/02205 (35.56%) [ns3_ftrl_eta0p05] | loss: 3.427015 | lrm: 1.00 | dt: 1763.38ms | tok/s: 297,319 | mfu: 33.94 | epoch: 1 | eta: 41.4m
step 00785/02205 (35.60%) [ns3_ftrl_eta0p05] | loss: 3.428407 | lrm: 1.00 | dt: 1754.04ms | tok/s: 298,903 | mfu: 34.12 | epoch: 1 | eta: 41.4m
step 00786/02205 (35.65%) [ns3_ftrl_eta0p05] | loss: 3.424083 | lrm: 1.00 | dt: 1758.41ms | tok/s: 298,159 | mfu: 34.04 | epoch: 1 | eta: 41.4m
step 00787/02205 (35.69%) [ns3_ftrl_eta0p05] | loss: 3.424922 | lrm: 1.00 | dt: 1765.28ms | tok/s: 296,999 | mfu: 33.90 | epoch: 1 | eta: 41.4m
step 00788/02205 (35.74%) [ns3_ftrl_eta0p05] | loss: 3.431832 | lrm: 1.00 | dt: 1755.08ms | tok/s: 298,725 | mfu: 34.10 | epoch: 1 | eta: 41.3m
step 00789/02205 (35.78%) [ns3_ftrl_eta0p05] | loss: 3.426240 | lrm: 1.00 | dt: 1753.18ms | tok/s: 299,049 | mfu: 34.14 | epoch: 1 | eta: 41.3m
step 00790/02205 (35.83%) [ns3_ftrl_eta0p05] | loss: 3.430642 | lrm: 1.00 | dt: 1768.09ms | tok/s: 296,527 | mfu: 33.85 | epoch: 1 | eta: 41.3m
step 00791/02205 (35.87%) [ns3_ftrl_eta0p05] | loss: 3.433019 | lrm: 1.00 | dt: 1759.88ms | tok/s: 297,911 | mfu: 34.01 | epoch: 1 | eta: 41.2m
step 00792/02205 (35.92%) [ns3_ftrl_eta0p05] | loss: 3.440618 | lrm: 1.00 | dt: 1763.77ms | tok/s: 297,254 | mfu: 33.93 | epoch: 1 | eta: 41.2m
step 00793/02205 (35.96%) [ns3_ftrl_eta0p05] | loss: 3.437692 | lrm: 1.00 | dt: 1757.59ms | tok/s: 298,300 | mfu: 34.05 | epoch: 1 | eta: 41.2m
step 00794/02205 (36.01%) [ns3_ftrl_eta0p05] | loss: 3.432839 | lrm: 1.00 | dt: 1766.35ms | tok/s: 296,820 | mfu: 33.88 | epoch: 1 | eta: 41.2m
step 00795/02205 (36.05%) [ns3_ftrl_eta0p05] | loss: 3.432839 | lrm: 1.00 | dt: 1760.30ms | tok/s: 297,839 | mfu: 34.00 | epoch: 1 | eta: 41.1m
step 00796/02205 (36.10%) [ns3_ftrl_eta0p05] | loss: 3.427181 | lrm: 1.00 | dt: 1759.42ms | tok/s: 297,989 | mfu: 34.02 | epoch: 1 | eta: 41.1m
step 00797/02205 (36.15%) [ns3_ftrl_eta0p05] | loss: 3.420612 | lrm: 1.00 | dt: 1758.94ms | tok/s: 298,070 | mfu: 34.03 | epoch: 1 | eta: 41.1m
step 00798/02205 (36.19%) [ns3_ftrl_eta0p05] | loss: 3.422415 | lrm: 1.00 | dt: 1773.01ms | tok/s: 295,704 | mfu: 33.76 | epoch: 1 | eta: 41.0m
step 00799/02205 (36.24%) [ns3_ftrl_eta0p05] | loss: 3.437511 | lrm: 1.00 | dt: 1754.20ms | tok/s: 298,876 | mfu: 34.12 | epoch: 1 | eta: 41.0m
step 00800/02205 (36.28%) [ns3_ftrl_eta0p05] | loss: 3.437972 | lrm: 1.00 | dt: 1766.25ms | tok/s: 296,836 | mfu: 33.88 | epoch: 1 | eta: 41.0m
step 00801/02205 (36.33%) [ns3_ftrl_eta0p05] | loss: 3.434068 | lrm: 1.00 | dt: 1758.58ms | tok/s: 298,131 | mfu: 34.03 | epoch: 1 | eta: 41.0m
step 00802/02205 (36.37%) [ns3_ftrl_eta0p05] | loss: 3.428397 | lrm: 1.00 | dt: 1756.40ms | tok/s: 298,502 | mfu: 34.07 | epoch: 1 | eta: 40.9m
step 00803/02205 (36.42%) [ns3_ftrl_eta0p05] | loss: 3.426025 | lrm: 1.00 | dt: 1765.23ms | tok/s: 297,008 | mfu: 33.90 | epoch: 1 | eta: 40.9m
step 00804/02205 (36.46%) [ns3_ftrl_eta0p05] | loss: 3.425204 | lrm: 1.00 | dt: 1757.55ms | tok/s: 298,306 | mfu: 34.05 | epoch: 1 | eta: 40.9m
step 00805/02205 (36.51%) [ns3_ftrl_eta0p05] | loss: 3.431862 | lrm: 1.00 | dt: 1767.99ms | tok/s: 296,544 | mfu: 33.85 | epoch: 1 | eta: 40.8m
step 00806/02205 (36.55%) [ns3_ftrl_eta0p05] | loss: 3.423950 | lrm: 1.00 | dt: 1754.09ms | tok/s: 298,894 | mfu: 34.12 | epoch: 1 | eta: 40.8m
step 00807/02205 (36.60%) [ns3_ftrl_eta0p05] | loss: 3.417458 | lrm: 1.00 | dt: 1765.16ms | tok/s: 297,019 | mfu: 33.91 | epoch: 1 | eta: 40.8m
step 00808/02205 (36.64%) [ns3_ftrl_eta0p05] | loss: 3.425147 | lrm: 1.00 | dt: 1757.52ms | tok/s: 298,311 | mfu: 34.05 | epoch: 1 | eta: 40.8m
step 00809/02205 (36.69%) [ns3_ftrl_eta0p05] | loss: 3.417711 | lrm: 1.00 | dt: 1755.35ms | tok/s: 298,680 | mfu: 34.09 | epoch: 1 | eta: 40.7m
step 00810/02205 (36.73%) [ns3_ftrl_eta0p05] | loss: 3.421204 | lrm: 1.00 | dt: 1767.90ms | tok/s: 296,559 | mfu: 33.85 | epoch: 1 | eta: 40.7m
step 00811/02205 (36.78%) [ns3_ftrl_eta0p05] | loss: 3.422977 | lrm: 1.00 | dt: 1757.85ms | tok/s: 298,254 | mfu: 34.05 | epoch: 1 | eta: 40.7m
step 00812/02205 (36.83%) [ns3_ftrl_eta0p05] | loss: 3.419119 | lrm: 1.00 | dt: 1754.74ms | tok/s: 298,783 | mfu: 34.11 | epoch: 1 | eta: 40.6m
step 00813/02205 (36.87%) [ns3_ftrl_eta0p05] | loss: 3.423020 | lrm: 1.00 | dt: 1769.13ms | tok/s: 296,353 | mfu: 33.83 | epoch: 1 | eta: 40.6m
step 00814/02205 (36.92%) [ns3_ftrl_eta0p05] | loss: 3.428406 | lrm: 1.00 | dt: 1767.11ms | tok/s: 296,691 | mfu: 33.87 | epoch: 1 | eta: 40.6m
step 00815/02205 (36.96%) [ns3_ftrl_eta0p05] | loss: 3.427825 | lrm: 1.00 | dt: 1758.57ms | tok/s: 298,133 | mfu: 34.03 | epoch: 1 | eta: 40.5m
step 00816/02205 (37.01%) [ns3_ftrl_eta0p05] | loss: 3.430316 | lrm: 1.00 | dt: 1754.71ms | tok/s: 298,789 | mfu: 34.11 | epoch: 1 | eta: 40.5m
step 00817/02205 (37.05%) [ns3_ftrl_eta0p05] | loss: 3.425551 | lrm: 1.00 | dt: 1770.94ms | tok/s: 296,050 | mfu: 33.79 | epoch: 1 | eta: 40.5m
step 00818/02205 (37.10%) [ns3_ftrl_eta0p05] | loss: 3.420388 | lrm: 1.00 | dt: 1769.05ms | tok/s: 296,366 | mfu: 33.83 | epoch: 1 | eta: 40.5m
step 00819/02205 (37.14%) [ns3_ftrl_eta0p05] | loss: 3.425797 | lrm: 1.00 | dt: 1754.84ms | tok/s: 298,766 | mfu: 34.10 | epoch: 1 | eta: 40.4m
step 00820/02205 (37.19%) [ns3_ftrl_eta0p05] | loss: 3.426222 | lrm: 1.00 | dt: 1769.15ms | tok/s: 296,349 | mfu: 33.83 | epoch: 1 | eta: 40.4m
step 00821/02205 (37.23%) [ns3_ftrl_eta0p05] | loss: 3.424507 | lrm: 1.00 | dt: 1772.13ms | tok/s: 295,851 | mfu: 33.77 | epoch: 1 | eta: 40.4m
step 00822/02205 (37.28%) [ns3_ftrl_eta0p05] | loss: 3.419195 | lrm: 1.00 | dt: 1752.16ms | tok/s: 299,223 | mfu: 34.16 | epoch: 1 | eta: 40.3m
step 00823/02205 (37.32%) [ns3_ftrl_eta0p05] | loss: 3.426251 | lrm: 1.00 | dt: 1770.22ms | tok/s: 296,171 | mfu: 33.81 | epoch: 1 | eta: 40.3m
step 00824/02205 (37.37%) [ns3_ftrl_eta0p05] | loss: 3.431021 | lrm: 1.00 | dt: 1771.69ms | tok/s: 295,925 | mfu: 33.78 | epoch: 1 | eta: 40.3m
step 00825/02205 (37.41%) [ns3_ftrl_eta0p05] | loss: 3.424210 | lrm: 1.00 | dt: 1752.62ms | tok/s: 299,145 | mfu: 34.15 | epoch: 1 | eta: 40.3m
step 00826/02205 (37.46%) [ns3_ftrl_eta0p05] | loss: 3.426998 | lrm: 1.00 | dt: 1751.39ms | tok/s: 299,356 | mfu: 34.17 | epoch: 1 | eta: 40.2m
step 00827/02205 (37.51%) [ns3_ftrl_eta0p05] | loss: 3.425266 | lrm: 1.00 | dt: 1761.87ms | tok/s: 297,575 | mfu: 33.97 | epoch: 1 | eta: 40.2m
step 00828/02205 (37.55%) [ns3_ftrl_eta0p05] | loss: 3.422472 | lrm: 1.00 | dt: 1763.29ms | tok/s: 297,335 | mfu: 33.94 | epoch: 1 | eta: 40.2m
step 00829/02205 (37.60%) [ns3_ftrl_eta0p05] | loss: 3.423416 | lrm: 1.00 | dt: 1752.88ms | tok/s: 299,100 | mfu: 34.14 | epoch: 1 | eta: 40.1m
step 00830/02205 (37.64%) [ns3_ftrl_eta0p05] | loss: 3.430325 | lrm: 1.00 | dt: 1768.37ms | tok/s: 296,481 | mfu: 33.84 | epoch: 1 | eta: 40.1m
step 00831/02205 (37.69%) [ns3_ftrl_eta0p05] | loss: 3.433779 | lrm: 1.00 | dt: 1759.87ms | tok/s: 297,912 | mfu: 34.01 | epoch: 1 | eta: 40.1m
step 00832/02205 (37.73%) [ns3_ftrl_eta0p05] | loss: 3.436479 | lrm: 1.00 | dt: 1753.22ms | tok/s: 299,043 | mfu: 34.14 | epoch: 1 | eta: 40.1m
step 00833/02205 (37.78%) [ns3_ftrl_eta0p05] | loss: 3.434954 | lrm: 1.00 | dt: 1766.47ms | tok/s: 296,800 | mfu: 33.88 | epoch: 1 | eta: 40.0m
step 00834/02205 (37.82%) [ns3_ftrl_eta0p05] | loss: 3.436464 | lrm: 1.00 | dt: 1755.58ms | tok/s: 298,640 | mfu: 34.09 | epoch: 1 | eta: 40.0m
step 00835/02205 (37.87%) [ns3_ftrl_eta0p05] | loss: 3.433751 | lrm: 1.00 | dt: 1751.91ms | tok/s: 299,266 | mfu: 34.16 | epoch: 1 | eta: 40.0m
step 00836/02205 (37.91%) [ns3_ftrl_eta0p05] | loss: 3.421566 | lrm: 1.00 | dt: 1755.57ms | tok/s: 298,642 | mfu: 34.09 | epoch: 1 | eta: 39.9m
step 00837/02205 (37.96%) [ns3_ftrl_eta0p05] | loss: 3.422008 | lrm: 1.00 | dt: 1766.25ms | tok/s: 296,837 | mfu: 33.88 | epoch: 1 | eta: 39.9m
step 00838/02205 (38.00%) [ns3_ftrl_eta0p05] | loss: 3.419687 | lrm: 1.00 | dt: 1753.64ms | tok/s: 298,971 | mfu: 34.13 | epoch: 1 | eta: 39.9m
step 00839/02205 (38.05%) [ns3_ftrl_eta0p05] | loss: 3.410561 | lrm: 1.00 | dt: 1758.89ms | tok/s: 298,079 | mfu: 34.03 | epoch: 1 | eta: 39.9m
step 00840/02205 (38.10%) [ns3_ftrl_eta0p05] | loss: 3.415265 | lrm: 1.00 | dt: 1767.16ms | tok/s: 296,683 | mfu: 33.87 | epoch: 1 | eta: 39.8m
step 00841/02205 (38.14%) [ns3_ftrl_eta0p05] | loss: 3.411249 | lrm: 1.00 | dt: 1756.74ms | tok/s: 298,443 | mfu: 34.07 | epoch: 1 | eta: 39.8m
step 00842/02205 (38.19%) [ns3_ftrl_eta0p05] | loss: 3.407755 | lrm: 1.00 | dt: 1768.50ms | tok/s: 296,458 | mfu: 33.84 | epoch: 1 | eta: 39.8m
step 00843/02205 (38.23%) [ns3_ftrl_eta0p05] | loss: 3.419153 | lrm: 1.00 | dt: 1768.58ms | tok/s: 296,446 | mfu: 33.84 | epoch: 1 | eta: 39.7m
step 00844/02205 (38.28%) [ns3_ftrl_eta0p05] | loss: 3.432722 | lrm: 1.00 | dt: 1758.91ms | tok/s: 298,075 | mfu: 34.03 | epoch: 1 | eta: 39.7m
step 00845/02205 (38.32%) [ns3_ftrl_eta0p05] | loss: 3.432796 | lrm: 1.00 | dt: 1772.00ms | tok/s: 295,873 | mfu: 33.77 | epoch: 1 | eta: 39.7m
step 00846/02205 (38.37%) [ns3_ftrl_eta0p05] | loss: 3.424881 | lrm: 1.00 | dt: 1770.66ms | tok/s: 296,097 | mfu: 33.80 | epoch: 1 | eta: 39.7m
step 00847/02205 (38.41%) [ns3_ftrl_eta0p05] | loss: 3.433159 | lrm: 1.00 | dt: 1752.77ms | tok/s: 299,119 | mfu: 34.14 | epoch: 1 | eta: 39.6m
step 00848/02205 (38.46%) [ns3_ftrl_eta0p05] | loss: 3.422970 | lrm: 1.00 | dt: 1751.21ms | tok/s: 299,386 | mfu: 34.18 | epoch: 1 | eta: 39.6m
step 00849/02205 (38.50%) [ns3_ftrl_eta0p05] | loss: 3.426396 | lrm: 1.00 | dt: 1758.06ms | tok/s: 298,220 | mfu: 34.04 | epoch: 1 | eta: 39.6m
step 00850/02205 (38.55%) [ns3_ftrl_eta0p05] | loss: 3.420881 | lrm: 1.00 | dt: 1767.45ms | tok/s: 296,635 | mfu: 33.86 | epoch: 1 | eta: 39.5m
step 00851/02205 (38.59%) [ns3_ftrl_eta0p05] | loss: 3.424736 | lrm: 1.00 | dt: 1752.72ms | tok/s: 299,128 | mfu: 34.15 | epoch: 1 | eta: 39.5m
step 00852/02205 (38.64%) [ns3_ftrl_eta0p05] | loss: 3.427501 | lrm: 1.00 | dt: 1757.00ms | tok/s: 298,399 | mfu: 34.06 | epoch: 1 | eta: 39.5m
step 00853/02205 (38.68%) [ns3_ftrl_eta0p05] | loss: 3.417097 | lrm: 1.00 | dt: 1763.56ms | tok/s: 297,290 | mfu: 33.94 | epoch: 1 | eta: 39.5m
step 00854/02205 (38.73%) [ns3_ftrl_eta0p05] | loss: 3.423188 | lrm: 1.00 | dt: 1752.67ms | tok/s: 299,136 | mfu: 34.15 | epoch: 1 | eta: 39.4m
step 00855/02205 (38.78%) [ns3_ftrl_eta0p05] | loss: 3.427514 | lrm: 1.00 | dt: 1753.03ms | tok/s: 299,075 | mfu: 34.14 | epoch: 1 | eta: 39.4m
step 00856/02205 (38.82%) [ns3_ftrl_eta0p05] | loss: 3.424331 | lrm: 1.00 | dt: 1764.29ms | tok/s: 297,166 | mfu: 33.92 | epoch: 1 | eta: 39.4m
step 00857/02205 (38.87%) [ns3_ftrl_eta0p05] | loss: 3.427350 | lrm: 1.00 | dt: 1761.57ms | tok/s: 297,625 | mfu: 33.97 | epoch: 1 | eta: 39.3m
step 00858/02205 (38.91%) [ns3_ftrl_eta0p05] | loss: 3.431465 | lrm: 1.00 | dt: 1761.70ms | tok/s: 297,602 | mfu: 33.97 | epoch: 1 | eta: 39.3m
step 00859/02205 (38.96%) [ns3_ftrl_eta0p05] | loss: 3.427168 | lrm: 1.00 | dt: 1756.84ms | tok/s: 298,426 | mfu: 34.07 | epoch: 1 | eta: 39.3m
step 00860/02205 (39.00%) [ns3_ftrl_eta0p05] | loss: 3.422990 | lrm: 1.00 | dt: 1754.12ms | tok/s: 298,889 | mfu: 34.12 | epoch: 1 | eta: 39.2m
step 00861/02205 (39.05%) [ns3_ftrl_eta0p05] | loss: 3.424614 | lrm: 1.00 | dt: 1770.76ms | tok/s: 296,080 | mfu: 33.80 | epoch: 1 | eta: 39.2m
step 00862/02205 (39.09%) [ns3_ftrl_eta0p05] | loss: 3.426776 | lrm: 1.00 | dt: 1763.15ms | tok/s: 297,359 | mfu: 33.94 | epoch: 1 | eta: 39.2m
step 00863/02205 (39.14%) [ns3_ftrl_eta0p05] | loss: 3.423577 | lrm: 1.00 | dt: 1761.91ms | tok/s: 297,568 | mfu: 33.97 | epoch: 1 | eta: 39.2m
step 00864/02205 (39.18%) [ns3_ftrl_eta0p05] | loss: 3.424013 | lrm: 1.00 | dt: 1767.69ms | tok/s: 296,595 | mfu: 33.86 | epoch: 1 | eta: 39.1m
step 00865/02205 (39.23%) [ns3_ftrl_eta0p05] | loss: 3.422443 | lrm: 1.00 | dt: 1763.10ms | tok/s: 297,367 | mfu: 33.94 | epoch: 1 | eta: 39.1m
step 00866/02205 (39.27%) [ns3_ftrl_eta0p05] | loss: 3.418345 | lrm: 1.00 | dt: 1767.32ms | tok/s: 296,657 | mfu: 33.86 | epoch: 1 | eta: 39.1m
step 00867/02205 (39.32%) [ns3_ftrl_eta0p05] | loss: 3.428501 | lrm: 1.00 | dt: 1757.21ms | tok/s: 298,363 | mfu: 34.06 | epoch: 1 | eta: 39.0m
step 00868/02205 (39.37%) [ns3_ftrl_eta0p05] | loss: 3.430236 | lrm: 1.00 | dt: 1768.31ms | tok/s: 296,491 | mfu: 33.84 | epoch: 1 | eta: 39.0m
step 00869/02205 (39.41%) [ns3_ftrl_eta0p05] | loss: 3.424141 | lrm: 1.00 | dt: 1771.47ms | tok/s: 295,962 | mfu: 33.78 | epoch: 1 | eta: 39.0m
step 00870/02205 (39.46%) [ns3_ftrl_eta0p05] | loss: 3.438237 | lrm: 1.00 | dt: 1753.69ms | tok/s: 298,961 | mfu: 34.13 | epoch: 1 | eta: 39.0m
step 00871/02205 (39.50%) [ns3_ftrl_eta0p05] | loss: 3.436844 | lrm: 1.00 | dt: 1768.75ms | tok/s: 296,416 | mfu: 33.84 | epoch: 1 | eta: 38.9m
step 00872/02205 (39.55%) [ns3_ftrl_eta0p05] | loss: 3.427247 | lrm: 1.00 | dt: 1773.00ms | tok/s: 295,707 | mfu: 33.76 | epoch: 1 | eta: 38.9m
step 00873/02205 (39.59%) [ns3_ftrl_eta0p05] | loss: 3.433088 | lrm: 1.00 | dt: 1759.53ms | tok/s: 297,969 | mfu: 34.01 | epoch: 1 | eta: 38.9m
step 00874/02205 (39.64%) [ns3_ftrl_eta0p05] | loss: 3.439509 | lrm: 1.00 | dt: 1768.94ms | tok/s: 296,384 | mfu: 33.83 | epoch: 1 | eta: 38.8m
step 00875/02205 (39.68%) [ns3_ftrl_eta0p05] | loss: 3.433742 | lrm: 1.00 | dt: 1768.66ms | tok/s: 296,431 | mfu: 33.84 | epoch: 1 | eta: 38.8m
step 00876/02205 (39.73%) [ns3_ftrl_eta0p05] | loss: 3.436290 | lrm: 1.00 | dt: 1758.53ms | tok/s: 298,139 | mfu: 34.03 | epoch: 1 | eta: 38.8m
step 00877/02205 (39.77%) [ns3_ftrl_eta0p05] | loss: 3.441951 | lrm: 1.00 | dt: 1767.09ms | tok/s: 296,695 | mfu: 33.87 | epoch: 1 | eta: 38.8m
step 00878/02205 (39.82%) [ns3_ftrl_eta0p05] | loss: 3.440678 | lrm: 1.00 | dt: 1757.51ms | tok/s: 298,313 | mfu: 34.05 | epoch: 1 | eta: 38.7m
step 00879/02205 (39.86%) [ns3_ftrl_eta0p05] | loss: 3.440118 | lrm: 1.00 | dt: 1769.29ms | tok/s: 296,326 | mfu: 33.83 | epoch: 1 | eta: 38.7m
step 00880/02205 (39.91%) [ns3_ftrl_eta0p05] | loss: 3.431526 | lrm: 1.00 | dt: 1775.32ms | tok/s: 295,320 | mfu: 33.71 | epoch: 1 | eta: 38.7m
step 00881/02205 (39.95%) [ns3_ftrl_eta0p05] | loss: 3.435412 | lrm: 1.00 | dt: 1768.17ms | tok/s: 296,514 | mfu: 33.85 | epoch: 1 | eta: 38.6m
step 00882/02205 (40.00%) [ns3_ftrl_eta0p05] | loss: 3.443072 | lrm: 1.00 | dt: 1752.38ms | tok/s: 299,185 | mfu: 34.15 | epoch: 1 | eta: 38.6m
step 00883/02205 (40.05%) [ns3_ftrl_eta0p05] | loss: 3.446488 | lrm: 1.00 | dt: 1763.84ms | tok/s: 297,241 | mfu: 33.93 | epoch: 1 | eta: 38.6m
step 00884/02205 (40.09%) [ns3_ftrl_eta0p05] | loss: 3.445520 | lrm: 1.00 | dt: 1762.29ms | tok/s: 297,503 | mfu: 33.96 | epoch: 1 | eta: 38.6m
step 00885/02205 (40.14%) [ns3_ftrl_eta0p05] | loss: 3.439086 | lrm: 1.00 | dt: 1750.96ms | tok/s: 299,429 | mfu: 34.18 | epoch: 1 | eta: 38.5m
step 00886/02205 (40.18%) [ns3_ftrl_eta0p05] | loss: 3.436033 | lrm: 1.00 | dt: 1764.59ms | tok/s: 297,116 | mfu: 33.92 | epoch: 1 | eta: 38.5m
step 00887/02205 (40.23%) [ns3_ftrl_eta0p05] | loss: 3.431227 | lrm: 1.00 | dt: 1764.35ms | tok/s: 297,155 | mfu: 33.92 | epoch: 1 | eta: 38.5m
step 00888/02205 (40.27%) [ns3_ftrl_eta0p05] | loss: 3.430398 | lrm: 1.00 | dt: 1763.31ms | tok/s: 297,332 | mfu: 33.94 | epoch: 1 | eta: 38.4m
step 00889/02205 (40.32%) [ns3_ftrl_eta0p05] | loss: 3.432920 | lrm: 1.00 | dt: 1752.26ms | tok/s: 299,206 | mfu: 34.15 | epoch: 1 | eta: 38.4m
step 00890/02205 (40.36%) [ns3_ftrl_eta0p05] | loss: 3.431828 | lrm: 1.00 | dt: 1758.05ms | tok/s: 298,220 | mfu: 34.04 | epoch: 1 | eta: 38.4m
step 00891/02205 (40.41%) [ns3_ftrl_eta0p05] | loss: 3.433063 | lrm: 1.00 | dt: 1756.99ms | tok/s: 298,400 | mfu: 34.06 | epoch: 1 | eta: 38.4m
step 00892/02205 (40.45%) [ns3_ftrl_eta0p05] | loss: 3.429106 | lrm: 1.00 | dt: 1765.44ms | tok/s: 296,973 | mfu: 33.90 | epoch: 1 | eta: 38.3m
step 00893/02205 (40.50%) [ns3_ftrl_eta0p05] | loss: 3.426757 | lrm: 1.00 | dt: 1775.99ms | tok/s: 295,208 | mfu: 33.70 | epoch: 1 | eta: 38.3m
step 00894/02205 (40.54%) [ns3_ftrl_eta0p05] | loss: 3.429020 | lrm: 1.00 | dt: 1764.30ms | tok/s: 297,165 | mfu: 33.92 | epoch: 1 | eta: 38.3m
step 00895/02205 (40.59%) [ns3_ftrl_eta0p05] | loss: 3.430720 | lrm: 1.00 | dt: 1758.99ms | tok/s: 298,061 | mfu: 34.02 | epoch: 1 | eta: 38.2m
step 00896/02205 (40.63%) [ns3_ftrl_eta0p05] | loss: 3.426811 | lrm: 1.00 | dt: 1769.32ms | tok/s: 296,321 | mfu: 33.83 | epoch: 1 | eta: 38.2m
step 00897/02205 (40.68%) [ns3_ftrl_eta0p05] | loss: 3.435194 | lrm: 1.00 | dt: 1757.54ms | tok/s: 298,307 | mfu: 34.05 | epoch: 1 | eta: 38.2m
step 00898/02205 (40.73%) [ns3_ftrl_eta0p05] | loss: 3.429431 | lrm: 1.00 | dt: 1752.33ms | tok/s: 299,194 | mfu: 34.15 | epoch: 1 | eta: 38.2m
step 00899/02205 (40.77%) [ns3_ftrl_eta0p05] | loss: 3.427944 | lrm: 1.00 | dt: 1768.36ms | tok/s: 296,482 | mfu: 33.84 | epoch: 1 | eta: 38.1m
step 00900/02205 (40.82%) [ns3_ftrl_eta0p05] | loss: 3.422743 | lrm: 1.00 | dt: 1764.65ms | tok/s: 297,105 | mfu: 33.91 | epoch: 1 | eta: 38.1m
step 00901/02205 (40.86%) [ns3_ftrl_eta0p05] | loss: 3.422465 | lrm: 1.00 | dt: 1761.21ms | tok/s: 297,686 | mfu: 33.98 | epoch: 1 | eta: 38.1m
step 00902/02205 (40.91%) [ns3_ftrl_eta0p05] | loss: 3.412441 | lrm: 1.00 | dt: 1769.59ms | tok/s: 296,277 | mfu: 33.82 | epoch: 1 | eta: 38.0m
step 00903/02205 (40.95%) [ns3_ftrl_eta0p05] | loss: 3.394994 | lrm: 1.00 | dt: 1755.28ms | tok/s: 298,691 | mfu: 34.10 | epoch: 1 | eta: 38.0m
step 00904/02205 (41.00%) [ns3_ftrl_eta0p05] | loss: 3.402077 | lrm: 1.00 | dt: 1752.53ms | tok/s: 299,160 | mfu: 34.15 | epoch: 1 | eta: 38.0m
step 00905/02205 (41.04%) [ns3_ftrl_eta0p05] | loss: 3.408169 | lrm: 1.00 | dt: 1757.00ms | tok/s: 298,399 | mfu: 34.06 | epoch: 1 | eta: 37.9m
step 00906/02205 (41.09%) [ns3_ftrl_eta0p05] | loss: 3.412459 | lrm: 1.00 | dt: 1763.55ms | tok/s: 297,291 | mfu: 33.94 | epoch: 1 | eta: 37.9m
step 00907/02205 (41.13%) [ns3_ftrl_eta0p05] | loss: 3.408900 | lrm: 1.00 | dt: 1753.94ms | tok/s: 298,920 | mfu: 34.12 | epoch: 1 | eta: 37.9m
step 00908/02205 (41.18%) [ns3_ftrl_eta0p05] | loss: 3.407919 | lrm: 1.00 | dt: 1757.71ms | tok/s: 298,279 | mfu: 34.05 | epoch: 1 | eta: 37.9m
step 00909/02205 (41.22%) [ns3_ftrl_eta0p05] | loss: 3.411123 | lrm: 1.00 | dt: 1768.70ms | tok/s: 296,425 | mfu: 33.84 | epoch: 1 | eta: 37.8m
step 00910/02205 (41.27%) [ns3_ftrl_eta0p05] | loss: 3.408846 | lrm: 1.00 | dt: 1763.85ms | tok/s: 297,239 | mfu: 33.93 | epoch: 1 | eta: 37.8m
step 00911/02205 (41.32%) [ns3_ftrl_eta0p05] | loss: 3.409797 | lrm: 1.00 | dt: 1760.65ms | tok/s: 297,780 | mfu: 33.99 | epoch: 1 | eta: 37.8m
step 00912/02205 (41.36%) [ns3_ftrl_eta0p05] | loss: 3.418063 | lrm: 1.00 | dt: 1766.65ms | tok/s: 296,768 | mfu: 33.88 | epoch: 1 | eta: 37.7m
step 00913/02205 (41.41%) [ns3_ftrl_eta0p05] | loss: 3.410780 | lrm: 1.00 | dt: 1758.46ms | tok/s: 298,152 | mfu: 34.03 | epoch: 1 | eta: 37.7m
step 00914/02205 (41.45%) [ns3_ftrl_eta0p05] | loss: 3.396943 | lrm: 1.00 | dt: 1749.26ms | tok/s: 299,719 | mfu: 34.21 | epoch: 1 | eta: 37.7m
step 00915/02205 (41.50%) [ns3_ftrl_eta0p05] | loss: 3.402333 | lrm: 1.00 | dt: 1756.73ms | tok/s: 298,446 | mfu: 34.07 | epoch: 1 | eta: 37.7m
step 00916/02205 (41.54%) [ns3_ftrl_eta0p05] | loss: 3.406469 | lrm: 1.00 | dt: 1751.46ms | tok/s: 299,343 | mfu: 34.17 | epoch: 1 | eta: 37.6m
step 00917/02205 (41.59%) [ns3_ftrl_eta0p05] | loss: 3.402006 | lrm: 1.00 | dt: 1753.89ms | tok/s: 298,928 | mfu: 34.12 | epoch: 1 | eta: 37.6m
step 00918/02205 (41.63%) [ns3_ftrl_eta0p05] | loss: 3.409716 | lrm: 1.00 | dt: 1757.07ms | tok/s: 298,387 | mfu: 34.06 | epoch: 1 | eta: 37.6m
step 00919/02205 (41.68%) [ns3_ftrl_eta0p05] | loss: 3.412543 | lrm: 1.00 | dt: 1753.57ms | tok/s: 298,983 | mfu: 34.13 | epoch: 1 | eta: 37.5m
step 00920/02205 (41.72%) [ns3_ftrl_eta0p05] | loss: 3.408649 | lrm: 1.00 | dt: 1758.45ms | tok/s: 298,153 | mfu: 34.03 | epoch: 1 | eta: 37.5m
step 00921/02205 (41.77%) [ns3_ftrl_eta0p05] | loss: 3.410084 | lrm: 1.00 | dt: 1757.60ms | tok/s: 298,297 | mfu: 34.05 | epoch: 1 | eta: 37.5m
step 00922/02205 (41.81%) [ns3_ftrl_eta0p05] | loss: 3.405270 | lrm: 1.00 | dt: 1748.84ms | tok/s: 299,791 | mfu: 34.22 | epoch: 1 | eta: 37.5m
step 00923/02205 (41.86%) [ns3_ftrl_eta0p05] | loss: 3.405198 | lrm: 1.00 | dt: 1763.25ms | tok/s: 297,342 | mfu: 33.94 | epoch: 1 | eta: 37.4m
step 00924/02205 (41.90%) [ns3_ftrl_eta0p05] | loss: 3.405567 | lrm: 1.00 | dt: 1761.79ms | tok/s: 297,588 | mfu: 33.97 | epoch: 1 | eta: 37.4m
step 00925/02205 (41.95%) [ns3_ftrl_eta0p05] | loss: 3.404630 | lrm: 1.00 | dt: 1751.21ms | tok/s: 299,386 | mfu: 34.18 | epoch: 1 | eta: 37.4m
step 00926/02205 (42.00%) [ns3_ftrl_eta0p05] | loss: 3.399240 | lrm: 1.00 | dt: 1764.88ms | tok/s: 297,067 | mfu: 33.91 | epoch: 1 | eta: 37.3m
step 00927/02205 (42.04%) [ns3_ftrl_eta0p05] | loss: 3.394784 | lrm: 1.00 | dt: 1761.94ms | tok/s: 297,562 | mfu: 33.97 | epoch: 1 | eta: 37.3m
step 00928/02205 (42.09%) [ns3_ftrl_eta0p05] | loss: 3.396366 | lrm: 1.00 | dt: 1751.12ms | tok/s: 299,400 | mfu: 34.18 | epoch: 1 | eta: 37.3m
step 00929/02205 (42.13%) [ns3_ftrl_eta0p05] | loss: 3.392135 | lrm: 1.00 | dt: 1756.12ms | tok/s: 298,548 | mfu: 34.08 | epoch: 1 | eta: 37.3m
step 00930/02205 (42.18%) [ns3_ftrl_eta0p05] | loss: 3.409593 | lrm: 1.00 | dt: 1766.38ms | tok/s: 296,815 | mfu: 33.88 | epoch: 1 | eta: 37.2m
step 00931/02205 (42.22%) [ns3_ftrl_eta0p05] | loss: 3.413385 | lrm: 1.00 | dt: 1757.44ms | tok/s: 298,325 | mfu: 34.05 | epoch: 1 | eta: 37.2m
step 00932/02205 (42.27%) [ns3_ftrl_eta0p05] | loss: 3.406063 | lrm: 1.00 | dt: 1758.70ms | tok/s: 298,110 | mfu: 34.03 | epoch: 1 | eta: 37.2m
step 00933/02205 (42.31%) [ns3_ftrl_eta0p05] | loss: 3.395286 | lrm: 1.00 | dt: 1761.36ms | tok/s: 297,660 | mfu: 33.98 | epoch: 1 | eta: 37.1m
step 00934/02205 (42.36%) [ns3_ftrl_eta0p05] | loss: 3.394037 | lrm: 1.00 | dt: 1754.35ms | tok/s: 298,850 | mfu: 34.11 | epoch: 1 | eta: 37.1m
step 00935/02205 (42.40%) [ns3_ftrl_eta0p05] | loss: 3.387847 | lrm: 1.00 | dt: 1760.37ms | tok/s: 297,828 | mfu: 34.00 | epoch: 1 | eta: 37.1m
step 00936/02205 (42.45%) [ns3_ftrl_eta0p05] | loss: 3.378828 | lrm: 1.00 | dt: 1765.51ms | tok/s: 296,961 | mfu: 33.90 | epoch: 1 | eta: 37.0m
step 00937/02205 (42.49%) [ns3_ftrl_eta0p05] | loss: 3.382159 | lrm: 1.00 | dt: 1752.58ms | tok/s: 299,152 | mfu: 34.15 | epoch: 1 | eta: 37.0m
step 00938/02205 (42.54%) [ns3_ftrl_eta0p05] | loss: 3.383446 | lrm: 1.00 | dt: 1753.05ms | tok/s: 299,071 | mfu: 34.14 | epoch: 1 | eta: 37.0m
step 00939/02205 (42.59%) [ns3_ftrl_eta0p05] | loss: 3.382218 | lrm: 1.00 | dt: 1752.44ms | tok/s: 299,176 | mfu: 34.15 | epoch: 1 | eta: 37.0m
step 00940/02205 (42.63%) [ns3_ftrl_eta0p05] | loss: 3.384148 | lrm: 1.00 | dt: 1761.98ms | tok/s: 297,555 | mfu: 33.97 | epoch: 1 | eta: 36.9m
step 00941/02205 (42.68%) [ns3_ftrl_eta0p05] | loss: 3.380435 | lrm: 1.00 | dt: 1756.41ms | tok/s: 298,500 | mfu: 34.07 | epoch: 1 | eta: 36.9m
step 00942/02205 (42.72%) [ns3_ftrl_eta0p05] | loss: 3.382978 | lrm: 1.00 | dt: 1756.01ms | tok/s: 298,568 | mfu: 34.08 | epoch: 1 | eta: 36.9m
step 00943/02205 (42.77%) [ns3_ftrl_eta0p05] | loss: 3.388500 | lrm: 1.00 | dt: 1758.29ms | tok/s: 298,180 | mfu: 34.04 | epoch: 1 | eta: 36.8m
step 00944/02205 (42.81%) [ns3_ftrl_eta0p05] | loss: 3.385455 | lrm: 1.00 | dt: 1764.44ms | tok/s: 297,140 | mfu: 33.92 | epoch: 1 | eta: 36.8m
step 00945/02205 (42.86%) [ns3_ftrl_eta0p05] | loss: 3.391354 | lrm: 1.00 | dt: 1758.60ms | tok/s: 298,128 | mfu: 34.03 | epoch: 1 | eta: 36.8m
step 00946/02205 (42.90%) [ns3_ftrl_eta0p05] | loss: 3.400646 | lrm: 1.00 | dt: 1768.28ms | tok/s: 296,495 | mfu: 33.85 | epoch: 1 | eta: 36.8m
step 00947/02205 (42.95%) [ns3_ftrl_eta0p05] | loss: 3.411645 | lrm: 1.00 | dt: 1758.98ms | tok/s: 298,063 | mfu: 34.02 | epoch: 1 | eta: 36.7m
step 00948/02205 (42.99%) [ns3_ftrl_eta0p05] | loss: 3.408476 | lrm: 1.00 | dt: 1764.28ms | tok/s: 297,168 | mfu: 33.92 | epoch: 1 | eta: 36.7m
step 00949/02205 (43.04%) [ns3_ftrl_eta0p05] | loss: 3.406729 | lrm: 1.00 | dt: 1756.26ms | tok/s: 298,525 | mfu: 34.08 | epoch: 1 | eta: 36.7m
step 00950/02205 (43.08%) [ns3_ftrl_eta0p05] | loss: 3.399312 | lrm: 1.00 | dt: 1760.04ms | tok/s: 297,883 | mfu: 34.00 | epoch: 1 | eta: 36.6m
step 00951/02205 (43.13%) [ns3_ftrl_eta0p05] | loss: 3.391832 | lrm: 1.00 | dt: 1764.48ms | tok/s: 297,134 | mfu: 33.92 | epoch: 1 | eta: 36.6m
step 00952/02205 (43.17%) [ns3_ftrl_eta0p05] | loss: 3.378456 | lrm: 1.00 | dt: 1752.30ms | tok/s: 299,199 | mfu: 34.15 | epoch: 1 | eta: 36.6m
step 00953/02205 (43.22%) [ns3_ftrl_eta0p05] | loss: 3.369939 | lrm: 1.00 | dt: 1760.50ms | tok/s: 297,806 | mfu: 33.99 | epoch: 1 | eta: 36.6m
step 00954/02205 (43.27%) [ns3_ftrl_eta0p05] | loss: 3.370933 | lrm: 1.00 | dt: 1760.34ms | tok/s: 297,834 | mfu: 34.00 | epoch: 1 | eta: 36.5m
step 00955/02205 (43.31%) [ns3_ftrl_eta0p05] | loss: 3.375615 | lrm: 1.00 | dt: 1754.98ms | tok/s: 298,742 | mfu: 34.10 | epoch: 1 | eta: 36.5m
step 00956/02205 (43.36%) [ns3_ftrl_eta0p05] | loss: 3.385448 | lrm: 1.00 | dt: 1764.23ms | tok/s: 297,177 | mfu: 33.92 | epoch: 1 | eta: 36.5m
step 00957/02205 (43.40%) [ns3_ftrl_eta0p05] | loss: 3.384649 | lrm: 1.00 | dt: 1758.82ms | tok/s: 298,091 | mfu: 34.03 | epoch: 1 | eta: 36.4m
step 00958/02205 (43.45%) [ns3_ftrl_eta0p05] | loss: 3.377888 | lrm: 1.00 | dt: 1754.69ms | tok/s: 298,791 | mfu: 34.11 | epoch: 1 | eta: 36.4m
step 00959/02205 (43.49%) [ns3_ftrl_eta0p05] | loss: 3.391057 | lrm: 1.00 | dt: 1752.81ms | tok/s: 299,113 | mfu: 34.14 | epoch: 1 | eta: 36.4m
step 00960/02205 (43.54%) [ns3_ftrl_eta0p05] | loss: 3.377767 | lrm: 1.00 | dt: 1753.82ms | tok/s: 298,940 | mfu: 34.12 | epoch: 1 | eta: 36.4m
step 00961/02205 (43.58%) [ns3_ftrl_eta0p05] | loss: 3.378540 | lrm: 1.00 | dt: 1762.98ms | tok/s: 297,387 | mfu: 33.95 | epoch: 1 | eta: 36.3m
step 00962/02205 (43.63%) [ns3_ftrl_eta0p05] | loss: 3.382121 | lrm: 1.00 | dt: 1764.46ms | tok/s: 297,138 | mfu: 33.92 | epoch: 1 | eta: 36.3m
step 00963/02205 (43.67%) [ns3_ftrl_eta0p05] | loss: 3.378549 | lrm: 1.00 | dt: 1762.82ms | tok/s: 297,415 | mfu: 33.95 | epoch: 1 | eta: 36.3m
step 00964/02205 (43.72%) [ns3_ftrl_eta0p05] | loss: 3.377766 | lrm: 1.00 | dt: 1756.06ms | tok/s: 298,558 | mfu: 34.08 | epoch: 1 | eta: 36.2m
step 00965/02205 (43.76%) [ns3_ftrl_eta0p05] | loss: 3.383543 | lrm: 1.00 | dt: 1754.99ms | tok/s: 298,740 | mfu: 34.10 | epoch: 1 | eta: 36.2m
step 00966/02205 (43.81%) [ns3_ftrl_eta0p05] | loss: 3.384942 | lrm: 1.00 | dt: 1754.60ms | tok/s: 298,807 | mfu: 34.11 | epoch: 1 | eta: 36.2m
step 00967/02205 (43.85%) [ns3_ftrl_eta0p05] | loss: 3.382444 | lrm: 1.00 | dt: 1767.17ms | tok/s: 296,682 | mfu: 33.87 | epoch: 1 | eta: 36.1m
step 00968/02205 (43.90%) [ns3_ftrl_eta0p05] | loss: 3.396374 | lrm: 1.00 | dt: 1754.81ms | tok/s: 298,772 | mfu: 34.11 | epoch: 1 | eta: 36.1m
step 00969/02205 (43.95%) [ns3_ftrl_eta0p05] | loss: 3.399692 | lrm: 1.00 | dt: 1755.29ms | tok/s: 298,691 | mfu: 34.10 | epoch: 1 | eta: 36.1m
step 00970/02205 (43.99%) [ns3_ftrl_eta0p05] | loss: 3.395489 | lrm: 1.00 | dt: 1763.41ms | tok/s: 297,315 | mfu: 33.94 | epoch: 1 | eta: 36.1m
step 00971/02205 (44.04%) [ns3_ftrl_eta0p05] | loss: 3.396656 | lrm: 1.00 | dt: 1759.66ms | tok/s: 297,949 | mfu: 34.01 | epoch: 1 | eta: 36.0m
step 00972/02205 (44.08%) [ns3_ftrl_eta0p05] | loss: 3.403678 | lrm: 1.00 | dt: 1753.73ms | tok/s: 298,956 | mfu: 34.13 | epoch: 1 | eta: 36.0m
step 00973/02205 (44.13%) [ns3_ftrl_eta0p05] | loss: 3.405419 | lrm: 1.00 | dt: 1768.11ms | tok/s: 296,524 | mfu: 33.85 | epoch: 1 | eta: 36.0m
step 00974/02205 (44.17%) [ns3_ftrl_eta0p05] | loss: 3.405040 | lrm: 1.00 | dt: 1756.80ms | tok/s: 298,433 | mfu: 34.07 | epoch: 1 | eta: 35.9m
step 00975/02205 (44.22%) [ns3_ftrl_eta0p05] | loss: 3.394129 | lrm: 1.00 | dt: 1754.97ms | tok/s: 298,745 | mfu: 34.10 | epoch: 1 | eta: 35.9m
step 00976/02205 (44.26%) [ns3_ftrl_eta0p05] | loss: 3.392997 | lrm: 1.00 | dt: 1765.00ms | tok/s: 297,047 | mfu: 33.91 | epoch: 1 | eta: 35.9m
step 00977/02205 (44.31%) [ns3_ftrl_eta0p05] | loss: 3.395135 | lrm: 1.00 | dt: 1755.72ms | tok/s: 298,617 | mfu: 34.09 | epoch: 1 | eta: 35.9m
step 00978/02205 (44.35%) [ns3_ftrl_eta0p05] | loss: 3.394500 | lrm: 1.00 | dt: 1753.78ms | tok/s: 298,946 | mfu: 34.13 | epoch: 1 | eta: 35.8m
step 00979/02205 (44.40%) [ns3_ftrl_eta0p05] | loss: 3.389102 | lrm: 1.00 | dt: 1758.72ms | tok/s: 298,108 | mfu: 34.03 | epoch: 1 | eta: 35.8m
step 00980/02205 (44.44%) [ns3_ftrl_eta0p05] | loss: 3.393030 | lrm: 1.00 | dt: 1762.80ms | tok/s: 297,417 | mfu: 33.95 | epoch: 1 | eta: 35.8m
step 00981/02205 (44.49%) [ns3_ftrl_eta0p05] | loss: 3.399170 | lrm: 1.00 | dt: 1751.73ms | tok/s: 299,297 | mfu: 34.17 | epoch: 1 | eta: 35.7m
step 00982/02205 (44.54%) [ns3_ftrl_eta0p05] | loss: 3.405098 | lrm: 1.00 | dt: 1767.31ms | tok/s: 296,658 | mfu: 33.86 | epoch: 1 | eta: 35.7m
step 00983/02205 (44.58%) [ns3_ftrl_eta0p05] | loss: 3.403706 | lrm: 1.00 | dt: 1757.98ms | tok/s: 298,233 | mfu: 34.04 | epoch: 1 | eta: 35.7m
step 00984/02205 (44.63%) [ns3_ftrl_eta0p05] | loss: 3.393490 | lrm: 1.00 | dt: 1755.78ms | tok/s: 298,606 | mfu: 34.09 | epoch: 1 | eta: 35.7m
step 00985/02205 (44.67%) [ns3_ftrl_eta0p05] | loss: 3.387825 | lrm: 1.00 | dt: 1758.48ms | tok/s: 298,148 | mfu: 34.03 | epoch: 1 | eta: 35.6m
step 00986/02205 (44.72%) [ns3_ftrl_eta0p05] | loss: 3.388769 | lrm: 1.00 | dt: 1760.56ms | tok/s: 297,795 | mfu: 33.99 | epoch: 1 | eta: 35.6m
step 00987/02205 (44.76%) [ns3_ftrl_eta0p05] | loss: 3.391385 | lrm: 1.00 | dt: 1768.52ms | tok/s: 296,456 | mfu: 33.84 | epoch: 1 | eta: 35.6m
step 00988/02205 (44.81%) [ns3_ftrl_eta0p05] | loss: 3.396643 | lrm: 1.00 | dt: 1752.05ms | tok/s: 299,243 | mfu: 34.16 | epoch: 1 | eta: 35.5m
step 00989/02205 (44.85%) [ns3_ftrl_eta0p05] | loss: 3.405041 | lrm: 1.00 | dt: 1754.98ms | tok/s: 298,743 | mfu: 34.10 | epoch: 1 | eta: 35.5m
step 00990/02205 (44.90%) [ns3_ftrl_eta0p05] | loss: 3.391387 | lrm: 1.00 | dt: 1761.62ms | tok/s: 297,616 | mfu: 33.97 | epoch: 1 | eta: 35.5m
step 00991/02205 (44.94%) [ns3_ftrl_eta0p05] | loss: 3.380890 | lrm: 1.00 | dt: 1756.26ms | tok/s: 298,524 | mfu: 34.08 | epoch: 1 | eta: 35.5m
step 00992/02205 (44.99%) [ns3_ftrl_eta0p05] | loss: 3.382001 | lrm: 1.00 | dt: 1761.70ms | tok/s: 297,603 | mfu: 33.97 | epoch: 1 | eta: 35.4m
step 00993/02205 (45.03%) [ns3_ftrl_eta0p05] | loss: 3.388387 | lrm: 1.00 | dt: 1763.71ms | tok/s: 297,263 | mfu: 33.93 | epoch: 1 | eta: 35.4m
step 00994/02205 (45.08%) [ns3_ftrl_eta0p05] | loss: 3.389517 | lrm: 1.00 | dt: 1756.61ms | tok/s: 298,465 | mfu: 34.07 | epoch: 1 | eta: 35.4m
step 00995/02205 (45.12%) [ns3_ftrl_eta0p05] | loss: 3.394665 | lrm: 1.00 | dt: 1756.42ms | tok/s: 298,498 | mfu: 34.07 | epoch: 1 | eta: 35.3m
step 00996/02205 (45.17%) [ns3_ftrl_eta0p05] | loss: 3.388789 | lrm: 1.00 | dt: 1764.74ms | tok/s: 297,091 | mfu: 33.91 | epoch: 1 | eta: 35.3m
step 00997/02205 (45.22%) [ns3_ftrl_eta0p05] | loss: 3.390500 | lrm: 1.00 | dt: 1755.07ms | tok/s: 298,727 | mfu: 34.10 | epoch: 1 | eta: 35.3m
step 00998/02205 (45.26%) [ns3_ftrl_eta0p05] | loss: 3.379644 | lrm: 1.00 | dt: 1752.12ms | tok/s: 299,229 | mfu: 34.16 | epoch: 1 | eta: 35.2m
step 00999/02205 (45.31%) [ns3_ftrl_eta0p05] | loss: 3.383230 | lrm: 1.00 | dt: 1754.04ms | tok/s: 298,903 | mfu: 34.12 | epoch: 1 | eta: 35.2m
Step 01000 | val bpb: 0.990741
step 01000/02205 (45.35%) [ns3_ftrl_eta0p05] | loss: 3.374831 | lrm: 1.00 | dt: 1717.98ms | tok/s: 305,177 | mfu: 34.84 | epoch: 1 | eta: 35.2m
step 01001/02205 (45.40%) [ns3_ftrl_eta0p05] | loss: 3.374347 | lrm: 1.00 | dt: 1732.37ms | tok/s: 302,642 | mfu: 34.55 | epoch: 1 | eta: 35.2m
step 01002/02205 (45.44%) [ns3_ftrl_eta0p05] | loss: 3.378676 | lrm: 1.00 | dt: 1738.94ms | tok/s: 301,498 | mfu: 34.42 | epoch: 1 | eta: 35.1m
step 01003/02205 (45.49%) [ns3_ftrl_eta0p05] | loss: 3.385939 | lrm: 1.00 | dt: 1734.27ms | tok/s: 302,309 | mfu: 34.51 | epoch: 1 | eta: 35.1m
step 01004/02205 (45.53%) [ns3_ftrl_eta0p05] | loss: 3.385494 | lrm: 1.00 | dt: 1741.12ms | tok/s: 301,120 | mfu: 34.37 | epoch: 1 | eta: 35.1m
step 01005/02205 (45.58%) [ns3_ftrl_eta0p05] | loss: 3.380352 | lrm: 1.00 | dt: 1745.35ms | tok/s: 300,392 | mfu: 34.29 | epoch: 1 | eta: 35.0m
step 01006/02205 (45.62%) [ns3_ftrl_eta0p05] | loss: 3.385397 | lrm: 1.00 | dt: 1740.91ms | tok/s: 301,158 | mfu: 34.38 | epoch: 1 | eta: 35.0m
step 01007/02205 (45.67%) [ns3_ftrl_eta0p05] | loss: 3.399418 | lrm: 1.00 | dt: 1743.59ms | tok/s: 300,694 | mfu: 34.32 | epoch: 1 | eta: 35.0m
step 01008/02205 (45.71%) [ns3_ftrl_eta0p05] | loss: 3.403573 | lrm: 1.00 | dt: 1740.33ms | tok/s: 301,257 | mfu: 34.39 | epoch: 1 | eta: 35.0m
step 01009/02205 (45.76%) [ns3_ftrl_eta0p05] | loss: 3.384544 | lrm: 1.00 | dt: 1741.73ms | tok/s: 301,014 | mfu: 34.36 | epoch: 1 | eta: 34.9m
step 01010/02205 (45.80%) [ns3_ftrl_eta0p05] | loss: 3.389252 | lrm: 1.00 | dt: 1743.46ms | tok/s: 300,716 | mfu: 34.33 | epoch: 1 | eta: 34.9m
step 01011/02205 (45.85%) [ns3_ftrl_eta0p05] | loss: 3.381076 | lrm: 1.00 | dt: 1742.83ms | tok/s: 300,824 | mfu: 34.34 | epoch: 1 | eta: 34.9m
step 01012/02205 (45.90%) [ns3_ftrl_eta0p05] | loss: 3.375426 | lrm: 1.00 | dt: 1746.81ms | tok/s: 300,140 | mfu: 34.26 | epoch: 1 | eta: 34.8m
step 01013/02205 (45.94%) [ns3_ftrl_eta0p05] | loss: 3.379387 | lrm: 1.00 | dt: 1740.35ms | tok/s: 301,254 | mfu: 34.39 | epoch: 1 | eta: 34.8m
step 01014/02205 (45.99%) [ns3_ftrl_eta0p05] | loss: 3.374567 | lrm: 1.00 | dt: 1742.92ms | tok/s: 300,810 | mfu: 34.34 | epoch: 1 | eta: 34.8m
step 01015/02205 (46.03%) [ns3_ftrl_eta0p05] | loss: 3.379019 | lrm: 1.00 | dt: 1742.38ms | tok/s: 300,903 | mfu: 34.35 | epoch: 1 | eta: 34.7m
step 01016/02205 (46.08%) [ns3_ftrl_eta0p05] | loss: 3.372101 | lrm: 1.00 | dt: 1748.15ms | tok/s: 299,909 | mfu: 34.24 | epoch: 1 | eta: 34.7m
step 01017/02205 (46.12%) [ns3_ftrl_eta0p05] | loss: 3.368250 | lrm: 1.00 | dt: 1741.44ms | tok/s: 301,065 | mfu: 34.37 | epoch: 1 | eta: 34.7m
step 01018/02205 (46.17%) [ns3_ftrl_eta0p05] | loss: 3.359947 | lrm: 1.00 | dt: 1746.28ms | tok/s: 300,230 | mfu: 34.27 | epoch: 1 | eta: 34.7m
step 01019/02205 (46.21%) [ns3_ftrl_eta0p05] | loss: 3.367737 | lrm: 1.00 | dt: 1752.87ms | tok/s: 299,103 | mfu: 34.14 | epoch: 1 | eta: 34.6m
step 01020/02205 (46.26%) [ns3_ftrl_eta0p05] | loss: 3.357620 | lrm: 1.00 | dt: 1743.20ms | tok/s: 300,762 | mfu: 34.33 | epoch: 1 | eta: 34.6m
step 01021/02205 (46.30%) [ns3_ftrl_eta0p05] | loss: 3.359422 | lrm: 1.00 | dt: 1752.18ms | tok/s: 299,220 | mfu: 34.16 | epoch: 1 | eta: 34.6m
step 01022/02205 (46.35%) [ns3_ftrl_eta0p05] | loss: 3.360211 | lrm: 1.00 | dt: 1753.22ms | tok/s: 299,042 | mfu: 34.14 | epoch: 1 | eta: 34.5m
step 01023/02205 (46.39%) [ns3_ftrl_eta0p05] | loss: 3.363067 | lrm: 1.00 | dt: 1746.57ms | tok/s: 300,181 | mfu: 34.27 | epoch: 1 | eta: 34.5m
step 01024/02205 (46.44%) [ns3_ftrl_eta0p05] | loss: 3.370803 | lrm: 1.00 | dt: 1757.71ms | tok/s: 298,278 | mfu: 34.05 | epoch: 1 | eta: 34.5m
step 01025/02205 (46.49%) [ns3_ftrl_eta0p05] | loss: 3.368316 | lrm: 1.00 | dt: 1754.15ms | tok/s: 298,883 | mfu: 34.12 | epoch: 1 | eta: 34.5m
step 01026/02205 (46.53%) [ns3_ftrl_eta0p05] | loss: 3.358817 | lrm: 1.00 | dt: 1757.21ms | tok/s: 298,364 | mfu: 34.06 | epoch: 1 | eta: 34.4m
step 01027/02205 (46.58%) [ns3_ftrl_eta0p05] | loss: 3.362231 | lrm: 1.00 | dt: 1754.03ms | tok/s: 298,905 | mfu: 34.12 | epoch: 1 | eta: 34.4m
step 01028/02205 (46.62%) [ns3_ftrl_eta0p05] | loss: 3.362476 | lrm: 1.00 | dt: 1748.89ms | tok/s: 299,782 | mfu: 34.22 | epoch: 1 | eta: 34.4m
step 01029/02205 (46.67%) [ns3_ftrl_eta0p05] | loss: 3.357130 | lrm: 1.00 | dt: 1756.74ms | tok/s: 298,443 | mfu: 34.07 | epoch: 1 | eta: 34.3m
step 01030/02205 (46.71%) [ns3_ftrl_eta0p05] | loss: 3.372178 | lrm: 1.00 | dt: 1758.79ms | tok/s: 298,096 | mfu: 34.03 | epoch: 1 | eta: 34.3m
step 01031/02205 (46.76%) [ns3_ftrl_eta0p05] | loss: 3.366089 | lrm: 1.00 | dt: 1759.60ms | tok/s: 297,958 | mfu: 34.01 | epoch: 1 | eta: 34.3m
step 01032/02205 (46.80%) [ns3_ftrl_eta0p05] | loss: 3.361504 | lrm: 1.00 | dt: 1747.78ms | tok/s: 299,974 | mfu: 34.24 | epoch: 1 | eta: 34.3m
step 01033/02205 (46.85%) [ns3_ftrl_eta0p05] | loss: 3.363148 | lrm: 1.00 | dt: 1747.51ms | tok/s: 300,019 | mfu: 34.25 | epoch: 1 | eta: 34.2m
step 01034/02205 (46.89%) [ns3_ftrl_eta0p05] | loss: 3.361467 | lrm: 1.00 | dt: 1753.79ms | tok/s: 298,945 | mfu: 34.12 | epoch: 1 | eta: 34.2m
step 01035/02205 (46.94%) [ns3_ftrl_eta0p05] | loss: 3.360339 | lrm: 1.00 | dt: 1752.65ms | tok/s: 299,139 | mfu: 34.15 | epoch: 1 | eta: 34.2m
step 01036/02205 (46.98%) [ns3_ftrl_eta0p05] | loss: 3.366050 | lrm: 1.00 | dt: 1747.63ms | tok/s: 299,998 | mfu: 34.25 | epoch: 1 | eta: 34.1m
step 01037/02205 (47.03%) [ns3_ftrl_eta0p05] | loss: 3.376776 | lrm: 1.00 | dt: 1753.15ms | tok/s: 299,054 | mfu: 34.14 | epoch: 1 | eta: 34.1m
step 01038/02205 (47.07%) [ns3_ftrl_eta0p05] | loss: 3.381755 | lrm: 1.00 | dt: 1746.63ms | tok/s: 300,170 | mfu: 34.26 | epoch: 1 | eta: 34.1m
step 01039/02205 (47.12%) [ns3_ftrl_eta0p05] | loss: 3.391946 | lrm: 1.00 | dt: 1753.81ms | tok/s: 298,942 | mfu: 34.12 | epoch: 1 | eta: 34.0m
step 01040/02205 (47.17%) [ns3_ftrl_eta0p05] | loss: 3.391175 | lrm: 1.00 | dt: 1752.73ms | tok/s: 299,126 | mfu: 34.15 | epoch: 1 | eta: 34.0m
step 01041/02205 (47.21%) [ns3_ftrl_eta0p05] | loss: 3.386142 | lrm: 1.00 | dt: 1751.13ms | tok/s: 299,399 | mfu: 34.18 | epoch: 1 | eta: 34.0m
step 01042/02205 (47.26%) [ns3_ftrl_eta0p05] | loss: 3.381652 | lrm: 1.00 | dt: 1754.47ms | tok/s: 298,830 | mfu: 34.11 | epoch: 1 | eta: 34.0m
step 01043/02205 (47.30%) [ns3_ftrl_eta0p05] | loss: 3.380427 | lrm: 1.00 | dt: 1754.32ms | tok/s: 298,854 | mfu: 34.11 | epoch: 1 | eta: 33.9m
step 01044/02205 (47.35%) [ns3_ftrl_eta0p05] | loss: 3.374018 | lrm: 1.00 | dt: 1751.85ms | tok/s: 299,277 | mfu: 34.16 | epoch: 1 | eta: 33.9m
step 01045/02205 (47.39%) [ns3_ftrl_eta0p05] | loss: 3.370916 | lrm: 1.00 | dt: 1753.20ms | tok/s: 299,045 | mfu: 34.14 | epoch: 1 | eta: 33.9m
step 01046/02205 (47.44%) [ns3_ftrl_eta0p05] | loss: 3.364762 | lrm: 1.00 | dt: 1753.05ms | tok/s: 299,071 | mfu: 34.14 | epoch: 1 | eta: 33.8m
step 01047/02205 (47.48%) [ns3_ftrl_eta0p05] | loss: 3.364151 | lrm: 1.00 | dt: 1758.29ms | tok/s: 298,181 | mfu: 34.04 | epoch: 1 | eta: 33.8m
step 01048/02205 (47.53%) [ns3_ftrl_eta0p05] | loss: 3.368555 | lrm: 1.00 | dt: 1750.08ms | tok/s: 299,579 | mfu: 34.20 | epoch: 1 | eta: 33.8m
step 01049/02205 (47.57%) [ns3_ftrl_eta0p05] | loss: 3.362350 | lrm: 1.00 | dt: 1757.00ms | tok/s: 298,399 | mfu: 34.06 | epoch: 1 | eta: 33.8m
step 01050/02205 (47.62%) [ns3_ftrl_eta0p05] | loss: 3.365209 | lrm: 1.00 | dt: 1758.96ms | tok/s: 298,067 | mfu: 34.02 | epoch: 1 | eta: 33.7m
step 01051/02205 (47.66%) [ns3_ftrl_eta0p05] | loss: 3.359591 | lrm: 1.00 | dt: 1754.29ms | tok/s: 298,860 | mfu: 34.12 | epoch: 1 | eta: 33.7m
step 01052/02205 (47.71%) [ns3_ftrl_eta0p05] | loss: 3.365730 | lrm: 1.00 | dt: 1754.79ms | tok/s: 298,774 | mfu: 34.11 | epoch: 1 | eta: 33.7m
step 01053/02205 (47.76%) [ns3_ftrl_eta0p05] | loss: 3.363332 | lrm: 1.00 | dt: 1752.85ms | tok/s: 299,105 | mfu: 34.14 | epoch: 1 | eta: 33.6m
step 01054/02205 (47.80%) [ns3_ftrl_eta0p05] | loss: 3.362914 | lrm: 1.00 | dt: 1752.57ms | tok/s: 299,154 | mfu: 34.15 | epoch: 1 | eta: 33.6m
step 01055/02205 (47.85%) [ns3_ftrl_eta0p05] | loss: 3.371368 | lrm: 1.00 | dt: 1753.15ms | tok/s: 299,055 | mfu: 34.14 | epoch: 1 | eta: 33.6m
step 01056/02205 (47.89%) [ns3_ftrl_eta0p05] | loss: 3.370040 | lrm: 1.00 | dt: 1752.58ms | tok/s: 299,152 | mfu: 34.15 | epoch: 1 | eta: 33.6m
step 01057/02205 (47.94%) [ns3_ftrl_eta0p05] | loss: 3.372856 | lrm: 1.00 | dt: 1751.12ms | tok/s: 299,400 | mfu: 34.18 | epoch: 1 | eta: 33.5m
step 01058/02205 (47.98%) [ns3_ftrl_eta0p05] | loss: 3.365484 | lrm: 1.00 | dt: 1751.23ms | tok/s: 299,382 | mfu: 34.17 | epoch: 1 | eta: 33.5m
step 01059/02205 (48.03%) [ns3_ftrl_eta0p05] | loss: 3.353593 | lrm: 1.00 | dt: 1750.40ms | tok/s: 299,525 | mfu: 34.19 | epoch: 1 | eta: 33.5m
step 01060/02205 (48.07%) [ns3_ftrl_eta0p05] | loss: 3.342701 | lrm: 1.00 | dt: 1753.41ms | tok/s: 299,010 | mfu: 34.13 | epoch: 1 | eta: 33.4m
step 01061/02205 (48.12%) [ns3_ftrl_eta0p05] | loss: 3.347500 | lrm: 1.00 | dt: 1752.56ms | tok/s: 299,155 | mfu: 34.15 | epoch: 1 | eta: 33.4m
step 01062/02205 (48.16%) [ns3_ftrl_eta0p05] | loss: 3.349217 | lrm: 1.00 | dt: 1752.52ms | tok/s: 299,161 | mfu: 34.15 | epoch: 1 | eta: 33.4m
step 01063/02205 (48.21%) [ns3_ftrl_eta0p05] | loss: 3.351093 | lrm: 1.00 | dt: 1759.04ms | tok/s: 298,053 | mfu: 34.02 | epoch: 1 | eta: 33.3m
step 01064/02205 (48.25%) [ns3_ftrl_eta0p05] | loss: 3.350675 | lrm: 1.00 | dt: 1757.71ms | tok/s: 298,278 | mfu: 34.05 | epoch: 1 | eta: 33.3m
step 01065/02205 (48.30%) [ns3_ftrl_eta0p05] | loss: 3.338842 | lrm: 1.00 | dt: 1758.46ms | tok/s: 298,151 | mfu: 34.03 | epoch: 1 | eta: 33.3m
step 01066/02205 (48.34%) [ns3_ftrl_eta0p05] | loss: 3.342871 | lrm: 1.00 | dt: 1749.94ms | tok/s: 299,603 | mfu: 34.20 | epoch: 1 | eta: 33.3m
step 01067/02205 (48.39%) [ns3_ftrl_eta0p05] | loss: 3.341710 | lrm: 1.00 | dt: 1756.89ms | tok/s: 298,419 | mfu: 34.06 | epoch: 1 | eta: 33.2m
step 01068/02205 (48.44%) [ns3_ftrl_eta0p05] | loss: 3.348601 | lrm: 1.00 | dt: 1751.66ms | tok/s: 299,309 | mfu: 34.17 | epoch: 1 | eta: 33.2m
step 01069/02205 (48.48%) [ns3_ftrl_eta0p05] | loss: 3.342397 | lrm: 1.00 | dt: 1746.92ms | tok/s: 300,121 | mfu: 34.26 | epoch: 1 | eta: 33.2m
step 01070/02205 (48.53%) [ns3_ftrl_eta0p05] | loss: 3.348182 | lrm: 1.00 | dt: 1755.63ms | tok/s: 298,633 | mfu: 34.09 | epoch: 1 | eta: 33.1m
step 01071/02205 (48.57%) [ns3_ftrl_eta0p05] | loss: 3.361513 | lrm: 1.00 | dt: 1750.75ms | tok/s: 299,464 | mfu: 34.18 | epoch: 1 | eta: 33.1m
step 01072/02205 (48.62%) [ns3_ftrl_eta0p05] | loss: 3.347585 | lrm: 1.00 | dt: 1749.99ms | tok/s: 299,594 | mfu: 34.20 | epoch: 1 | eta: 33.1m
step 01073/02205 (48.66%) [ns3_ftrl_eta0p05] | loss: 3.350602 | lrm: 1.00 | dt: 1753.34ms | tok/s: 299,022 | mfu: 34.13 | epoch: 1 | eta: 33.1m
step 01074/02205 (48.71%) [ns3_ftrl_eta0p05] | loss: 3.351595 | lrm: 1.00 | dt: 1753.81ms | tok/s: 298,942 | mfu: 34.12 | epoch: 1 | eta: 33.0m
step 01075/02205 (48.75%) [ns3_ftrl_eta0p05] | loss: 3.347140 | lrm: 1.00 | dt: 1755.42ms | tok/s: 298,668 | mfu: 34.09 | epoch: 1 | eta: 33.0m
step 01076/02205 (48.80%) [ns3_ftrl_eta0p05] | loss: 3.350621 | lrm: 1.00 | dt: 1748.19ms | tok/s: 299,902 | mfu: 34.23 | epoch: 1 | eta: 33.0m
step 01077/02205 (48.84%) [ns3_ftrl_eta0p05] | loss: 3.357590 | lrm: 1.00 | dt: 1750.38ms | tok/s: 299,527 | mfu: 34.19 | epoch: 1 | eta: 32.9m
step 01078/02205 (48.89%) [ns3_ftrl_eta0p05] | loss: 3.353701 | lrm: 1.00 | dt: 1763.27ms | tok/s: 297,338 | mfu: 33.94 | epoch: 1 | eta: 32.9m
step 01079/02205 (48.93%) [ns3_ftrl_eta0p05] | loss: 3.349260 | lrm: 1.00 | dt: 1745.65ms | tok/s: 300,339 | mfu: 34.28 | epoch: 1 | eta: 32.9m
step 01080/02205 (48.98%) [ns3_ftrl_eta0p05] | loss: 3.349357 | lrm: 1.00 | dt: 1753.25ms | tok/s: 299,038 | mfu: 34.14 | epoch: 1 | eta: 32.9m
step 01081/02205 (49.02%) [ns3_ftrl_eta0p05] | loss: 3.350591 | lrm: 1.00 | dt: 1754.76ms | tok/s: 298,781 | mfu: 34.11 | epoch: 1 | eta: 32.8m
step 01082/02205 (49.07%) [ns3_ftrl_eta0p05] | loss: 3.349187 | lrm: 1.00 | dt: 1761.75ms | tok/s: 297,595 | mfu: 33.97 | epoch: 1 | eta: 32.8m
step 01083/02205 (49.12%) [ns3_ftrl_eta0p05] | loss: 3.345014 | lrm: 1.00 | dt: 1752.23ms | tok/s: 299,211 | mfu: 34.16 | epoch: 1 | eta: 32.8m
step 01084/02205 (49.16%) [ns3_ftrl_eta0p05] | loss: 3.339475 | lrm: 1.00 | dt: 1747.93ms | tok/s: 299,947 | mfu: 34.24 | epoch: 1 | eta: 32.7m
step 01085/02205 (49.21%) [ns3_ftrl_eta0p05] | loss: 3.339207 | lrm: 1.00 | dt: 1760.43ms | tok/s: 297,817 | mfu: 34.00 | epoch: 1 | eta: 32.7m
step 01086/02205 (49.25%) [ns3_ftrl_eta0p05] | loss: 3.344814 | lrm: 1.00 | dt: 1757.93ms | tok/s: 298,242 | mfu: 34.04 | epoch: 1 | eta: 32.7m
step 01087/02205 (49.30%) [ns3_ftrl_eta0p05] | loss: 3.339697 | lrm: 1.00 | dt: 1750.22ms | tok/s: 299,555 | mfu: 34.19 | epoch: 1 | eta: 32.6m
step 01088/02205 (49.34%) [ns3_ftrl_eta0p05] | loss: 3.343625 | lrm: 1.00 | dt: 1755.15ms | tok/s: 298,713 | mfu: 34.10 | epoch: 1 | eta: 32.6m
step 01089/02205 (49.39%) [ns3_ftrl_eta0p05] | loss: 3.339650 | lrm: 1.00 | dt: 1751.14ms | tok/s: 299,397 | mfu: 34.18 | epoch: 1 | eta: 32.6m
step 01090/02205 (49.43%) [ns3_ftrl_eta0p05] | loss: 3.339488 | lrm: 1.00 | dt: 1752.57ms | tok/s: 299,153 | mfu: 34.15 | epoch: 1 | eta: 32.6m
step 01091/02205 (49.48%) [ns3_ftrl_eta0p05] | loss: 3.343864 | lrm: 1.00 | dt: 1753.66ms | tok/s: 298,968 | mfu: 34.13 | epoch: 1 | eta: 32.5m
step 01092/02205 (49.52%) [ns3_ftrl_eta0p05] | loss: 3.338755 | lrm: 1.00 | dt: 1746.82ms | tok/s: 300,137 | mfu: 34.26 | epoch: 1 | eta: 32.5m
step 01093/02205 (49.57%) [ns3_ftrl_eta0p05] | loss: 3.339601 | lrm: 1.00 | dt: 1744.71ms | tok/s: 300,501 | mfu: 34.30 | epoch: 1 | eta: 32.5m
step 01094/02205 (49.61%) [ns3_ftrl_eta0p05] | loss: 3.340791 | lrm: 1.00 | dt: 1746.46ms | tok/s: 300,200 | mfu: 34.27 | epoch: 1 | eta: 32.4m
step 01095/02205 (49.66%) [ns3_ftrl_eta0p05] | loss: 3.348737 | lrm: 1.00 | dt: 1750.38ms | tok/s: 299,528 | mfu: 34.19 | epoch: 1 | eta: 32.4m
step 01096/02205 (49.71%) [ns3_ftrl_eta0p05] | loss: 3.353092 | lrm: 1.00 | dt: 1748.51ms | tok/s: 299,847 | mfu: 34.23 | epoch: 1 | eta: 32.4m
step 01097/02205 (49.75%) [ns3_ftrl_eta0p05] | loss: 3.350003 | lrm: 1.00 | dt: 1754.67ms | tok/s: 298,795 | mfu: 34.11 | epoch: 1 | eta: 32.4m
step 01098/02205 (49.80%) [ns3_ftrl_eta0p05] | loss: 3.345973 | lrm: 1.00 | dt: 1756.42ms | tok/s: 298,497 | mfu: 34.07 | epoch: 1 | eta: 32.3m
step 01099/02205 (49.84%) [ns3_ftrl_eta0p05] | loss: 3.351123 | lrm: 1.00 | dt: 1748.32ms | tok/s: 299,880 | mfu: 34.23 | epoch: 1 | eta: 32.3m
step 01100/02205 (49.89%) [ns3_ftrl_eta0p05] | loss: 3.349103 | lrm: 1.00 | dt: 1752.65ms | tok/s: 299,140 | mfu: 34.15 | epoch: 1 | eta: 32.3m
step 01101/02205 (49.93%) [ns3_ftrl_eta0p05] | loss: 3.353703 | lrm: 1.00 | dt: 1753.85ms | tok/s: 298,936 | mfu: 34.12 | epoch: 1 | eta: 32.2m
step 01102/02205 (49.98%) [ns3_ftrl_eta0p05] | loss: 3.334659 | lrm: 1.00 | dt: 1751.92ms | tok/s: 299,264 | mfu: 34.16 | epoch: 1 | eta: 32.2m
step 01103/02205 (50.02%) [ns3_ftrl_eta0p05] | loss: 3.330972 | lrm: 1.00 | dt: 1759.30ms | tok/s: 298,009 | mfu: 34.02 | epoch: 1 | eta: 32.2m
step 01104/02205 (50.07%) [ns3_ftrl_eta0p05] | loss: 3.333998 | lrm: 1.00 | dt: 1748.99ms | tok/s: 299,766 | mfu: 34.22 | epoch: 1 | eta: 32.1m
step 01105/02205 (50.11%) [ns3_ftrl_eta0p05] | loss: 3.329954 | lrm: 1.00 | dt: 1750.80ms | tok/s: 299,455 | mfu: 34.18 | epoch: 1 | eta: 32.1m
step 01106/02205 (50.16%) [ns3_ftrl_eta0p05] | loss: 3.320154 | lrm: 1.00 | dt: 1747.21ms | tok/s: 300,071 | mfu: 34.25 | epoch: 1 | eta: 32.1m
step 01107/02205 (50.20%) [ns3_ftrl_eta0p05] | loss: 3.335707 | lrm: 1.00 | dt: 1750.26ms | tok/s: 299,549 | mfu: 34.19 | epoch: 1 | eta: 32.1m
step 01108/02205 (50.25%) [ns3_ftrl_eta0p05] | loss: 3.338743 | lrm: 1.00 | dt: 1748.88ms | tok/s: 299,785 | mfu: 34.22 | epoch: 1 | eta: 32.0m
step 01109/02205 (50.29%) [ns3_ftrl_eta0p05] | loss: 3.344602 | lrm: 0.99 | dt: 1747.12ms | tok/s: 300,087 | mfu: 34.26 | epoch: 1 | eta: 32.0m
step 01110/02205 (50.34%) [ns3_ftrl_eta0p05] | loss: 3.335024 | lrm: 0.99 | dt: 1749.27ms | tok/s: 299,718 | mfu: 34.21 | epoch: 1 | eta: 32.0m
step 01111/02205 (50.39%) [ns3_ftrl_eta0p05] | loss: 3.334902 | lrm: 0.99 | dt: 1751.09ms | tok/s: 299,406 | mfu: 34.18 | epoch: 1 | eta: 31.9m
step 01112/02205 (50.43%) [ns3_ftrl_eta0p05] | loss: 3.340418 | lrm: 0.99 | dt: 1749.43ms | tok/s: 299,691 | mfu: 34.21 | epoch: 1 | eta: 31.9m
step 01113/02205 (50.48%) [ns3_ftrl_eta0p05] | loss: 3.341987 | lrm: 0.99 | dt: 1754.66ms | tok/s: 298,798 | mfu: 34.11 | epoch: 1 | eta: 31.9m
step 01114/02205 (50.52%) [ns3_ftrl_eta0p05] | loss: 3.352269 | lrm: 0.99 | dt: 1746.81ms | tok/s: 300,141 | mfu: 34.26 | epoch: 1 | eta: 31.9m
step 01115/02205 (50.57%) [ns3_ftrl_eta0p05] | loss: 3.353731 | lrm: 0.99 | dt: 1751.12ms | tok/s: 299,401 | mfu: 34.18 | epoch: 1 | eta: 31.8m
step 01116/02205 (50.61%) [ns3_ftrl_eta0p05] | loss: 3.359842 | lrm: 0.99 | dt: 1750.88ms | tok/s: 299,442 | mfu: 34.18 | epoch: 1 | eta: 31.8m
step 01117/02205 (50.66%) [ns3_ftrl_eta0p05] | loss: 3.355648 | lrm: 0.99 | dt: 1747.48ms | tok/s: 300,025 | mfu: 34.25 | epoch: 1 | eta: 31.8m
step 01118/02205 (50.70%) [ns3_ftrl_eta0p05] | loss: 3.344219 | lrm: 0.99 | dt: 1751.88ms | tok/s: 299,271 | mfu: 34.16 | epoch: 1 | eta: 31.7m
step 01119/02205 (50.75%) [ns3_ftrl_eta0p05] | loss: 3.347822 | lrm: 0.99 | dt: 1753.13ms | tok/s: 299,058 | mfu: 34.14 | epoch: 1 | eta: 31.7m
step 01120/02205 (50.79%) [ns3_ftrl_eta0p05] | loss: 3.347421 | lrm: 0.98 | dt: 1747.60ms | tok/s: 300,004 | mfu: 34.25 | epoch: 1 | eta: 31.7m
step 01121/02205 (50.84%) [ns3_ftrl_eta0p05] | loss: 3.356542 | lrm: 0.98 | dt: 1744.13ms | tok/s: 300,601 | mfu: 34.31 | epoch: 1 | eta: 31.7m
step 01122/02205 (50.88%) [ns3_ftrl_eta0p05] | loss: 3.361390 | lrm: 0.98 | dt: 1755.00ms | tok/s: 298,739 | mfu: 34.10 | epoch: 1 | eta: 31.6m
step 01123/02205 (50.93%) [ns3_ftrl_eta0p05] | loss: 3.360406 | lrm: 0.98 | dt: 1752.95ms | tok/s: 299,088 | mfu: 34.14 | epoch: 1 | eta: 31.6m
step 01124/02205 (50.98%) [ns3_ftrl_eta0p05] | loss: 3.354419 | lrm: 0.98 | dt: 1751.76ms | tok/s: 299,292 | mfu: 34.16 | epoch: 1 | eta: 31.6m
step 01125/02205 (51.02%) [ns3_ftrl_eta0p05] | loss: 3.352439 | lrm: 0.98 | dt: 1752.64ms | tok/s: 299,142 | mfu: 34.15 | epoch: 1 | eta: 31.5m
step 01126/02205 (51.07%) [ns3_ftrl_eta0p05] | loss: 3.351637 | lrm: 0.98 | dt: 1752.96ms | tok/s: 299,086 | mfu: 34.14 | epoch: 1 | eta: 31.5m
step 01127/02205 (51.11%) [ns3_ftrl_eta0p05] | loss: 3.353203 | lrm: 0.98 | dt: 1756.04ms | tok/s: 298,562 | mfu: 34.08 | epoch: 1 | eta: 31.5m
step 01128/02205 (51.16%) [ns3_ftrl_eta0p05] | loss: 3.351684 | lrm: 0.98 | dt: 1746.25ms | tok/s: 300,237 | mfu: 34.27 | epoch: 1 | eta: 31.4m
step 01129/02205 (51.20%) [ns3_ftrl_eta0p05] | loss: 3.349187 | lrm: 0.98 | dt: 1743.68ms | tok/s: 300,678 | mfu: 34.32 | epoch: 1 | eta: 31.4m
step 01130/02205 (51.25%) [ns3_ftrl_eta0p05] | loss: 3.346272 | lrm: 0.98 | dt: 1740.49ms | tok/s: 301,230 | mfu: 34.39 | epoch: 1 | eta: 31.4m
step 01131/02205 (51.29%) [ns3_ftrl_eta0p05] | loss: 3.347553 | lrm: 0.97 | dt: 1746.90ms | tok/s: 300,124 | mfu: 34.26 | epoch: 1 | eta: 31.4m
step 01132/02205 (51.34%) [ns3_ftrl_eta0p05] | loss: 3.347571 | lrm: 0.97 | dt: 1742.04ms | tok/s: 300,962 | mfu: 34.36 | epoch: 1 | eta: 31.3m
step 01133/02205 (51.38%) [ns3_ftrl_eta0p05] | loss: 3.359262 | lrm: 0.97 | dt: 1752.58ms | tok/s: 299,151 | mfu: 34.15 | epoch: 1 | eta: 31.3m
step 01134/02205 (51.43%) [ns3_ftrl_eta0p05] | loss: 3.356851 | lrm: 0.97 | dt: 1744.47ms | tok/s: 300,542 | mfu: 34.31 | epoch: 1 | eta: 31.3m
step 01135/02205 (51.47%) [ns3_ftrl_eta0p05] | loss: 3.341416 | lrm: 0.97 | dt: 1748.30ms | tok/s: 299,884 | mfu: 34.23 | epoch: 1 | eta: 31.2m
step 01136/02205 (51.52%) [ns3_ftrl_eta0p05] | loss: 3.339927 | lrm: 0.97 | dt: 1750.64ms | tok/s: 299,483 | mfu: 34.19 | epoch: 1 | eta: 31.2m
step 01137/02205 (51.56%) [ns3_ftrl_eta0p05] | loss: 3.334637 | lrm: 0.97 | dt: 1739.63ms | tok/s: 301,379 | mfu: 34.40 | epoch: 1 | eta: 31.2m
step 01138/02205 (51.61%) [ns3_ftrl_eta0p05] | loss: 3.332102 | lrm: 0.97 | dt: 1757.55ms | tok/s: 298,306 | mfu: 34.05 | epoch: 1 | eta: 31.2m
step 01139/02205 (51.66%) [ns3_ftrl_eta0p05] | loss: 3.336264 | lrm: 0.97 | dt: 1746.44ms | tok/s: 300,203 | mfu: 34.27 | epoch: 1 | eta: 31.1m
step 01140/02205 (51.70%) [ns3_ftrl_eta0p05] | loss: 3.333969 | lrm: 0.97 | dt: 1739.46ms | tok/s: 301,409 | mfu: 34.41 | epoch: 1 | eta: 31.1m
step 01141/02205 (51.75%) [ns3_ftrl_eta0p05] | loss: 3.334859 | lrm: 0.97 | dt: 1747.78ms | tok/s: 299,974 | mfu: 34.24 | epoch: 1 | eta: 31.1m
step 01142/02205 (51.79%) [ns3_ftrl_eta0p05] | loss: 3.332965 | lrm: 0.96 | dt: 1751.22ms | tok/s: 299,383 | mfu: 34.18 | epoch: 1 | eta: 31.0m
step 01143/02205 (51.84%) [ns3_ftrl_eta0p05] | loss: 3.338195 | lrm: 0.96 | dt: 1750.64ms | tok/s: 299,483 | mfu: 34.19 | epoch: 1 | eta: 31.0m
step 01144/02205 (51.88%) [ns3_ftrl_eta0p05] | loss: 3.332825 | lrm: 0.96 | dt: 1752.49ms | tok/s: 299,168 | mfu: 34.15 | epoch: 1 | eta: 31.0m
step 01145/02205 (51.93%) [ns3_ftrl_eta0p05] | loss: 3.343639 | lrm: 0.96 | dt: 1750.39ms | tok/s: 299,527 | mfu: 34.19 | epoch: 1 | eta: 31.0m
step 01146/02205 (51.97%) [ns3_ftrl_eta0p05] | loss: 3.344835 | lrm: 0.96 | dt: 1738.63ms | tok/s: 301,551 | mfu: 34.42 | epoch: 1 | eta: 30.9m
step 01147/02205 (52.02%) [ns3_ftrl_eta0p05] | loss: 3.347143 | lrm: 0.96 | dt: 1752.97ms | tok/s: 299,085 | mfu: 34.14 | epoch: 1 | eta: 30.9m
step 01148/02205 (52.06%) [ns3_ftrl_eta0p05] | loss: 3.350022 | lrm: 0.96 | dt: 1748.96ms | tok/s: 299,771 | mfu: 34.22 | epoch: 1 | eta: 30.9m
step 01149/02205 (52.11%) [ns3_ftrl_eta0p05] | loss: 3.340195 | lrm: 0.96 | dt: 1751.17ms | tok/s: 299,393 | mfu: 34.18 | epoch: 1 | eta: 30.8m
step 01150/02205 (52.15%) [ns3_ftrl_eta0p05] | loss: 3.336785 | lrm: 0.96 | dt: 1748.86ms | tok/s: 299,788 | mfu: 34.22 | epoch: 1 | eta: 30.8m
step 01151/02205 (52.20%) [ns3_ftrl_eta0p05] | loss: 3.330328 | lrm: 0.96 | dt: 1753.24ms | tok/s: 299,039 | mfu: 34.14 | epoch: 1 | eta: 30.8m
step 01152/02205 (52.24%) [ns3_ftrl_eta0p05] | loss: 3.324460 | lrm: 0.96 | dt: 1759.80ms | tok/s: 297,924 | mfu: 34.01 | epoch: 1 | eta: 30.7m
step 01153/02205 (52.29%) [ns3_ftrl_eta0p05] | loss: 3.314126 | lrm: 0.95 | dt: 1747.05ms | tok/s: 300,099 | mfu: 34.26 | epoch: 1 | eta: 30.7m
step 01154/02205 (52.34%) [ns3_ftrl_eta0p05] | loss: 3.321063 | lrm: 0.95 | dt: 1744.11ms | tok/s: 300,604 | mfu: 34.31 | epoch: 1 | eta: 30.7m
step 01155/02205 (52.38%) [ns3_ftrl_eta0p05] | loss: 3.325724 | lrm: 0.95 | dt: 1745.62ms | tok/s: 300,345 | mfu: 34.28 | epoch: 1 | eta: 30.7m
step 01156/02205 (52.43%) [ns3_ftrl_eta0p05] | loss: 3.325043 | lrm: 0.95 | dt: 1750.51ms | tok/s: 299,506 | mfu: 34.19 | epoch: 1 | eta: 30.6m
step 01157/02205 (52.47%) [ns3_ftrl_eta0p05] | loss: 3.328259 | lrm: 0.95 | dt: 1748.51ms | tok/s: 299,848 | mfu: 34.23 | epoch: 1 | eta: 30.6m
step 01158/02205 (52.52%) [ns3_ftrl_eta0p05] | loss: 3.332795 | lrm: 0.95 | dt: 1746.81ms | tok/s: 300,141 | mfu: 34.26 | epoch: 1 | eta: 30.6m
step 01159/02205 (52.56%) [ns3_ftrl_eta0p05] | loss: 3.330662 | lrm: 0.95 | dt: 1751.53ms | tok/s: 299,330 | mfu: 34.17 | epoch: 1 | eta: 30.5m
step 01160/02205 (52.61%) [ns3_ftrl_eta0p05] | loss: 3.331659 | lrm: 0.95 | dt: 1740.35ms | tok/s: 301,254 | mfu: 34.39 | epoch: 1 | eta: 30.5m
step 01161/02205 (52.65%) [ns3_ftrl_eta0p05] | loss: 3.325178 | lrm: 0.95 | dt: 1758.60ms | tok/s: 298,128 | mfu: 34.03 | epoch: 1 | eta: 30.5m
step 01162/02205 (52.70%) [ns3_ftrl_eta0p05] | loss: 3.319628 | lrm: 0.95 | dt: 1747.29ms | tok/s: 300,056 | mfu: 34.25 | epoch: 1 | eta: 30.5m
step 01163/02205 (52.74%) [ns3_ftrl_eta0p05] | loss: 3.313503 | lrm: 0.95 | dt: 1737.29ms | tok/s: 301,784 | mfu: 34.45 | epoch: 1 | eta: 30.4m
step 01164/02205 (52.79%) [ns3_ftrl_eta0p05] | loss: 3.306772 | lrm: 0.94 | dt: 1748.46ms | tok/s: 299,856 | mfu: 34.23 | epoch: 1 | eta: 30.4m
step 01165/02205 (52.83%) [ns3_ftrl_eta0p05] | loss: 3.298838 | lrm: 0.94 | dt: 1744.64ms | tok/s: 300,513 | mfu: 34.30 | epoch: 1 | eta: 30.4m
step 01166/02205 (52.88%) [ns3_ftrl_eta0p05] | loss: 3.302774 | lrm: 0.94 | dt: 1743.95ms | tok/s: 300,632 | mfu: 34.32 | epoch: 1 | eta: 30.3m
step 01167/02205 (52.93%) [ns3_ftrl_eta0p05] | loss: 3.305851 | lrm: 0.94 | dt: 1751.52ms | tok/s: 299,333 | mfu: 34.17 | epoch: 1 | eta: 30.3m
step 01168/02205 (52.97%) [ns3_ftrl_eta0p05] | loss: 3.315379 | lrm: 0.94 | dt: 1748.50ms | tok/s: 299,850 | mfu: 34.23 | epoch: 1 | eta: 30.3m
step 01169/02205 (53.02%) [ns3_ftrl_eta0p05] | loss: 3.317399 | lrm: 0.94 | dt: 1756.73ms | tok/s: 298,445 | mfu: 34.07 | epoch: 1 | eta: 30.2m
step 01170/02205 (53.06%) [ns3_ftrl_eta0p05] | loss: 3.313168 | lrm: 0.94 | dt: 1753.88ms | tok/s: 298,930 | mfu: 34.12 | epoch: 1 | eta: 30.2m
step 01171/02205 (53.11%) [ns3_ftrl_eta0p05] | loss: 3.309711 | lrm: 0.94 | dt: 1746.26ms | tok/s: 300,234 | mfu: 34.27 | epoch: 1 | eta: 30.2m
step 01172/02205 (53.15%) [ns3_ftrl_eta0p05] | loss: 3.316063 | lrm: 0.94 | dt: 1751.11ms | tok/s: 299,403 | mfu: 34.18 | epoch: 1 | eta: 30.2m
step 01173/02205 (53.20%) [ns3_ftrl_eta0p05] | loss: 3.323222 | lrm: 0.94 | dt: 1746.38ms | tok/s: 300,215 | mfu: 34.27 | epoch: 1 | eta: 30.1m
step 01174/02205 (53.24%) [ns3_ftrl_eta0p05] | loss: 3.328310 | lrm: 0.94 | dt: 1743.78ms | tok/s: 300,661 | mfu: 34.32 | epoch: 1 | eta: 30.1m
step 01175/02205 (53.29%) [ns3_ftrl_eta0p05] | loss: 3.338252 | lrm: 0.93 | dt: 1742.93ms | tok/s: 300,808 | mfu: 34.34 | epoch: 1 | eta: 30.1m
step 01176/02205 (53.33%) [ns3_ftrl_eta0p05] | loss: 3.345819 | lrm: 0.93 | dt: 1750.49ms | tok/s: 299,510 | mfu: 34.19 | epoch: 1 | eta: 30.0m
step 01177/02205 (53.38%) [ns3_ftrl_eta0p05] | loss: 3.342594 | lrm: 0.93 | dt: 1744.72ms | tok/s: 300,499 | mfu: 34.30 | epoch: 1 | eta: 30.0m
step 01178/02205 (53.42%) [ns3_ftrl_eta0p05] | loss: 3.345033 | lrm: 0.93 | dt: 1747.20ms | tok/s: 300,073 | mfu: 34.25 | epoch: 1 | eta: 30.0m
step 01179/02205 (53.47%) [ns3_ftrl_eta0p05] | loss: 3.341235 | lrm: 0.93 | dt: 1755.86ms | tok/s: 298,593 | mfu: 34.08 | epoch: 1 | eta: 30.0m
step 01180/02205 (53.51%) [ns3_ftrl_eta0p05] | loss: 3.329760 | lrm: 0.93 | dt: 1742.70ms | tok/s: 300,848 | mfu: 34.34 | epoch: 1 | eta: 29.9m
step 01181/02205 (53.56%) [ns3_ftrl_eta0p05] | loss: 3.330498 | lrm: 0.93 | dt: 1743.82ms | tok/s: 300,654 | mfu: 34.32 | epoch: 1 | eta: 29.9m
step 01182/02205 (53.61%) [ns3_ftrl_eta0p05] | loss: 3.332897 | lrm: 0.93 | dt: 1743.23ms | tok/s: 300,755 | mfu: 34.33 | epoch: 1 | eta: 29.9m
step 01183/02205 (53.65%) [ns3_ftrl_eta0p05] | loss: 3.335184 | lrm: 0.93 | dt: 1748.34ms | tok/s: 299,876 | mfu: 34.23 | epoch: 1 | eta: 29.8m
step 01184/02205 (53.70%) [ns3_ftrl_eta0p05] | loss: 3.335243 | lrm: 0.93 | dt: 1744.36ms | tok/s: 300,562 | mfu: 34.31 | epoch: 1 | eta: 29.8m
step 01185/02205 (53.74%) [ns3_ftrl_eta0p05] | loss: 3.343568 | lrm: 0.93 | dt: 1747.12ms | tok/s: 300,086 | mfu: 34.26 | epoch: 1 | eta: 29.8m
step 01186/02205 (53.79%) [ns3_ftrl_eta0p05] | loss: 3.338881 | lrm: 0.92 | dt: 1748.25ms | tok/s: 299,892 | mfu: 34.23 | epoch: 1 | eta: 29.8m
step 01187/02205 (53.83%) [ns3_ftrl_eta0p05] | loss: 3.331191 | lrm: 0.92 | dt: 1747.60ms | tok/s: 300,003 | mfu: 34.25 | epoch: 1 | eta: 29.7m
step 01188/02205 (53.88%) [ns3_ftrl_eta0p05] | loss: 3.333675 | lrm: 0.92 | dt: 1743.65ms | tok/s: 300,684 | mfu: 34.32 | epoch: 1 | eta: 29.7m
step 01189/02205 (53.92%) [ns3_ftrl_eta0p05] | loss: 3.329516 | lrm: 0.92 | dt: 1747.99ms | tok/s: 299,937 | mfu: 34.24 | epoch: 1 | eta: 29.7m
step 01190/02205 (53.97%) [ns3_ftrl_eta0p05] | loss: 3.322793 | lrm: 0.92 | dt: 1756.09ms | tok/s: 298,553 | mfu: 34.08 | epoch: 1 | eta: 29.6m
step 01191/02205 (54.01%) [ns3_ftrl_eta0p05] | loss: 3.329694 | lrm: 0.92 | dt: 1743.76ms | tok/s: 300,665 | mfu: 34.32 | epoch: 1 | eta: 29.6m
step 01192/02205 (54.06%) [ns3_ftrl_eta0p05] | loss: 3.331347 | lrm: 0.92 | dt: 1754.10ms | tok/s: 298,892 | mfu: 34.12 | epoch: 1 | eta: 29.6m
step 01193/02205 (54.10%) [ns3_ftrl_eta0p05] | loss: 3.326103 | lrm: 0.92 | dt: 1743.64ms | tok/s: 300,685 | mfu: 34.32 | epoch: 1 | eta: 29.5m
step 01194/02205 (54.15%) [ns3_ftrl_eta0p05] | loss: 3.325664 | lrm: 0.92 | dt: 1752.45ms | tok/s: 299,173 | mfu: 34.15 | epoch: 1 | eta: 29.5m
step 01195/02205 (54.20%) [ns3_ftrl_eta0p05] | loss: 3.330467 | lrm: 0.92 | dt: 1744.56ms | tok/s: 300,527 | mfu: 34.31 | epoch: 1 | eta: 29.5m
step 01196/02205 (54.24%) [ns3_ftrl_eta0p05] | loss: 3.328759 | lrm: 0.92 | dt: 1753.43ms | tok/s: 299,006 | mfu: 34.13 | epoch: 1 | eta: 29.5m
step 01197/02205 (54.29%) [ns3_ftrl_eta0p05] | loss: 3.326531 | lrm: 0.91 | dt: 1760.53ms | tok/s: 297,800 | mfu: 33.99 | epoch: 1 | eta: 29.4m
step 01198/02205 (54.33%) [ns3_ftrl_eta0p05] | loss: 3.335057 | lrm: 0.91 | dt: 1747.64ms | tok/s: 299,997 | mfu: 34.25 | epoch: 1 | eta: 29.4m
step 01199/02205 (54.38%) [ns3_ftrl_eta0p05] | loss: 3.332279 | lrm: 0.91 | dt: 1749.81ms | tok/s: 299,624 | mfu: 34.20 | epoch: 1 | eta: 29.4m
step 01200/02205 (54.42%) [ns3_ftrl_eta0p05] | loss: 3.324761 | lrm: 0.91 | dt: 1757.23ms | tok/s: 298,360 | mfu: 34.06 | epoch: 1 | eta: 29.3m
step 01201/02205 (54.47%) [ns3_ftrl_eta0p05] | loss: 3.323042 | lrm: 0.91 | dt: 1750.80ms | tok/s: 299,456 | mfu: 34.18 | epoch: 1 | eta: 29.3m
step 01202/02205 (54.51%) [ns3_ftrl_eta0p05] | loss: 3.319517 | lrm: 0.91 | dt: 1762.90ms | tok/s: 297,400 | mfu: 33.95 | epoch: 1 | eta: 29.3m
step 01203/02205 (54.56%) [ns3_ftrl_eta0p05] | loss: 3.322723 | lrm: 0.91 | dt: 1740.70ms | tok/s: 301,194 | mfu: 34.38 | epoch: 1 | eta: 29.3m
step 01204/02205 (54.60%) [ns3_ftrl_eta0p05] | loss: 3.315447 | lrm: 0.91 | dt: 1756.62ms | tok/s: 298,463 | mfu: 34.07 | epoch: 1 | eta: 29.2m
step 01205/02205 (54.65%) [ns3_ftrl_eta0p05] | loss: 3.322753 | lrm: 0.91 | dt: 1754.12ms | tok/s: 298,889 | mfu: 34.12 | epoch: 1 | eta: 29.2m
step 01206/02205 (54.69%) [ns3_ftrl_eta0p05] | loss: 3.326468 | lrm: 0.91 | dt: 1747.04ms | tok/s: 300,100 | mfu: 34.26 | epoch: 1 | eta: 29.2m
step 01207/02205 (54.74%) [ns3_ftrl_eta0p05] | loss: 3.330627 | lrm: 0.91 | dt: 1761.91ms | tok/s: 297,568 | mfu: 33.97 | epoch: 1 | eta: 29.1m
step 01208/02205 (54.78%) [ns3_ftrl_eta0p05] | loss: 3.326003 | lrm: 0.90 | dt: 1747.63ms | tok/s: 299,999 | mfu: 34.25 | epoch: 1 | eta: 29.1m
step 01209/02205 (54.83%) [ns3_ftrl_eta0p05] | loss: 3.331221 | lrm: 0.90 | dt: 1754.37ms | tok/s: 298,847 | mfu: 34.11 | epoch: 1 | eta: 29.1m
step 01210/02205 (54.88%) [ns3_ftrl_eta0p05] | loss: 3.337136 | lrm: 0.90 | dt: 1751.96ms | tok/s: 299,257 | mfu: 34.16 | epoch: 1 | eta: 29.1m
step 01211/02205 (54.92%) [ns3_ftrl_eta0p05] | loss: 3.340209 | lrm: 0.90 | dt: 1751.02ms | tok/s: 299,419 | mfu: 34.18 | epoch: 1 | eta: 29.0m
step 01212/02205 (54.97%) [ns3_ftrl_eta0p05] | loss: 3.340058 | lrm: 0.90 | dt: 1758.19ms | tok/s: 298,197 | mfu: 34.04 | epoch: 1 | eta: 29.0m
step 01213/02205 (55.01%) [ns3_ftrl_eta0p05] | loss: 3.330400 | lrm: 0.90 | dt: 1748.18ms | tok/s: 299,904 | mfu: 34.23 | epoch: 1 | eta: 29.0m
step 01214/02205 (55.06%) [ns3_ftrl_eta0p05] | loss: 3.325676 | lrm: 0.90 | dt: 1754.89ms | tok/s: 298,758 | mfu: 34.10 | epoch: 1 | eta: 28.9m
step 01215/02205 (55.10%) [ns3_ftrl_eta0p05] | loss: 3.323735 | lrm: 0.90 | dt: 1751.57ms | tok/s: 299,324 | mfu: 34.17 | epoch: 1 | eta: 28.9m
step 01216/02205 (55.15%) [ns3_ftrl_eta0p05] | loss: 3.321020 | lrm: 0.90 | dt: 1755.60ms | tok/s: 298,636 | mfu: 34.09 | epoch: 1 | eta: 28.9m
step 01217/02205 (55.19%) [ns3_ftrl_eta0p05] | loss: 3.315966 | lrm: 0.90 | dt: 1761.79ms | tok/s: 297,588 | mfu: 33.97 | epoch: 1 | eta: 28.8m
step 01218/02205 (55.24%) [ns3_ftrl_eta0p05] | loss: 3.317882 | lrm: 0.90 | dt: 1753.22ms | tok/s: 299,042 | mfu: 34.14 | epoch: 1 | eta: 28.8m
step 01219/02205 (55.28%) [ns3_ftrl_eta0p05] | loss: 3.311727 | lrm: 0.89 | dt: 1749.96ms | tok/s: 299,599 | mfu: 34.20 | epoch: 1 | eta: 28.8m
step 01220/02205 (55.33%) [ns3_ftrl_eta0p05] | loss: 3.319754 | lrm: 0.89 | dt: 1756.38ms | tok/s: 298,504 | mfu: 34.07 | epoch: 1 | eta: 28.8m
step 01221/02205 (55.37%) [ns3_ftrl_eta0p05] | loss: 3.326590 | lrm: 0.89 | dt: 1745.84ms | tok/s: 300,307 | mfu: 34.28 | epoch: 1 | eta: 28.7m
step 01222/02205 (55.42%) [ns3_ftrl_eta0p05] | loss: 3.321079 | lrm: 0.89 | dt: 1758.77ms | tok/s: 298,098 | mfu: 34.03 | epoch: 1 | eta: 28.7m
step 01223/02205 (55.46%) [ns3_ftrl_eta0p05] | loss: 3.314165 | lrm: 0.89 | dt: 1747.59ms | tok/s: 300,006 | mfu: 34.25 | epoch: 1 | eta: 28.7m
step 01224/02205 (55.51%) [ns3_ftrl_eta0p05] | loss: 3.310176 | lrm: 0.89 | dt: 1757.65ms | tok/s: 298,289 | mfu: 34.05 | epoch: 1 | eta: 28.6m
step 01225/02205 (55.56%) [ns3_ftrl_eta0p05] | loss: 3.311768 | lrm: 0.89 | dt: 1754.31ms | tok/s: 298,856 | mfu: 34.11 | epoch: 1 | eta: 28.6m
step 01226/02205 (55.60%) [ns3_ftrl_eta0p05] | loss: 3.316690 | lrm: 0.89 | dt: 1749.43ms | tok/s: 299,690 | mfu: 34.21 | epoch: 1 | eta: 28.6m
step 01227/02205 (55.65%) [ns3_ftrl_eta0p05] | loss: 3.314283 | lrm: 0.89 | dt: 1758.00ms | tok/s: 298,230 | mfu: 34.04 | epoch: 1 | eta: 28.6m
step 01228/02205 (55.69%) [ns3_ftrl_eta0p05] | loss: 3.301178 | lrm: 0.89 | dt: 1750.58ms | tok/s: 299,493 | mfu: 34.19 | epoch: 1 | eta: 28.5m
step 01229/02205 (55.74%) [ns3_ftrl_eta0p05] | loss: 3.300931 | lrm: 0.89 | dt: 1754.97ms | tok/s: 298,745 | mfu: 34.10 | epoch: 1 | eta: 28.5m
step 01230/02205 (55.78%) [ns3_ftrl_eta0p05] | loss: 3.300155 | lrm: 0.88 | dt: 1751.10ms | tok/s: 299,405 | mfu: 34.18 | epoch: 1 | eta: 28.5m
step 01231/02205 (55.83%) [ns3_ftrl_eta0p05] | loss: 3.283385 | lrm: 0.88 | dt: 1751.88ms | tok/s: 299,271 | mfu: 34.16 | epoch: 1 | eta: 28.4m
step 01232/02205 (55.87%) [ns3_ftrl_eta0p05] | loss: 3.291484 | lrm: 0.88 | dt: 1760.96ms | tok/s: 297,729 | mfu: 33.99 | epoch: 1 | eta: 28.4m
step 01233/02205 (55.92%) [ns3_ftrl_eta0p05] | loss: 3.296003 | lrm: 0.88 | dt: 1745.13ms | tok/s: 300,428 | mfu: 34.29 | epoch: 1 | eta: 28.4m
step 01234/02205 (55.96%) [ns3_ftrl_eta0p05] | loss: 3.297293 | lrm: 0.88 | dt: 1754.62ms | tok/s: 298,805 | mfu: 34.11 | epoch: 1 | eta: 28.3m
step 01235/02205 (56.01%) [ns3_ftrl_eta0p05] | loss: 3.307553 | lrm: 0.88 | dt: 1752.22ms | tok/s: 299,213 | mfu: 34.16 | epoch: 1 | eta: 28.3m
step 01236/02205 (56.05%) [ns3_ftrl_eta0p05] | loss: 3.310090 | lrm: 0.88 | dt: 1750.71ms | tok/s: 299,472 | mfu: 34.19 | epoch: 1 | eta: 28.3m
step 01237/02205 (56.10%) [ns3_ftrl_eta0p05] | loss: 3.309730 | lrm: 0.88 | dt: 1758.84ms | tok/s: 298,086 | mfu: 34.03 | epoch: 1 | eta: 28.3m
step 01238/02205 (56.15%) [ns3_ftrl_eta0p05] | loss: 3.309700 | lrm: 0.88 | dt: 1751.82ms | tok/s: 299,281 | mfu: 34.16 | epoch: 1 | eta: 28.2m
step 01239/02205 (56.19%) [ns3_ftrl_eta0p05] | loss: 3.297746 | lrm: 0.88 | dt: 1754.78ms | tok/s: 298,776 | mfu: 34.11 | epoch: 1 | eta: 28.2m
step 01240/02205 (56.24%) [ns3_ftrl_eta0p05] | loss: 3.296157 | lrm: 0.88 | dt: 1754.43ms | tok/s: 298,837 | mfu: 34.11 | epoch: 1 | eta: 28.2m
step 01241/02205 (56.28%) [ns3_ftrl_eta0p05] | loss: 3.309771 | lrm: 0.87 | dt: 1747.28ms | tok/s: 300,058 | mfu: 34.25 | epoch: 1 | eta: 28.1m
step 01242/02205 (56.33%) [ns3_ftrl_eta0p05] | loss: 3.307772 | lrm: 0.87 | dt: 1753.31ms | tok/s: 299,027 | mfu: 34.13 | epoch: 1 | eta: 28.1m
step 01243/02205 (56.37%) [ns3_ftrl_eta0p05] | loss: 3.298617 | lrm: 0.87 | dt: 1750.96ms | tok/s: 299,428 | mfu: 34.18 | epoch: 1 | eta: 28.1m
step 01244/02205 (56.42%) [ns3_ftrl_eta0p05] | loss: 3.297144 | lrm: 0.87 | dt: 1752.08ms | tok/s: 299,237 | mfu: 34.16 | epoch: 1 | eta: 28.1m
step 01245/02205 (56.46%) [ns3_ftrl_eta0p05] | loss: 3.301788 | lrm: 0.87 | dt: 1753.56ms | tok/s: 298,984 | mfu: 34.13 | epoch: 1 | eta: 28.0m
step 01246/02205 (56.51%) [ns3_ftrl_eta0p05] | loss: 3.300060 | lrm: 0.87 | dt: 1747.52ms | tok/s: 300,018 | mfu: 34.25 | epoch: 1 | eta: 28.0m
step 01247/02205 (56.55%) [ns3_ftrl_eta0p05] | loss: 3.285755 | lrm: 0.87 | dt: 1758.57ms | tok/s: 298,133 | mfu: 34.03 | epoch: 1 | eta: 28.0m
step 01248/02205 (56.60%) [ns3_ftrl_eta0p05] | loss: 3.291775 | lrm: 0.87 | dt: 1746.30ms | tok/s: 300,227 | mfu: 34.27 | epoch: 1 | eta: 27.9m
step 01249/02205 (56.64%) [ns3_ftrl_eta0p05] | loss: 3.298338 | lrm: 0.87 | dt: 1751.48ms | tok/s: 299,339 | mfu: 34.17 | epoch: 1 | eta: 27.9m
Step 01250 | val bpb: 0.970094
step 01250/02205 (56.69%) [ns3_ftrl_eta0p05] | loss: 3.302847 | lrm: 0.87 | dt: 1718.75ms | tok/s: 305,039 | mfu: 34.82 | epoch: 1 | eta: 27.9m
step 01251/02205 (56.73%) [ns3_ftrl_eta0p05] | loss: 3.308581 | lrm: 0.87 | dt: 1735.76ms | tok/s: 302,051 | mfu: 34.48 | epoch: 1 | eta: 27.9m
step 01252/02205 (56.78%) [ns3_ftrl_eta0p05] | loss: 3.292781 | lrm: 0.86 | dt: 1734.28ms | tok/s: 302,308 | mfu: 34.51 | epoch: 1 | eta: 27.8m
step 01253/02205 (56.83%) [ns3_ftrl_eta0p05] | loss: 3.296047 | lrm: 0.86 | dt: 1741.90ms | tok/s: 300,986 | mfu: 34.36 | epoch: 1 | eta: 27.8m
step 01254/02205 (56.87%) [ns3_ftrl_eta0p05] | loss: 3.297064 | lrm: 0.86 | dt: 1737.38ms | tok/s: 301,769 | mfu: 34.45 | epoch: 1 | eta: 27.8m
step 01255/02205 (56.92%) [ns3_ftrl_eta0p05] | loss: 3.307417 | lrm: 0.86 | dt: 1747.40ms | tok/s: 300,038 | mfu: 34.25 | epoch: 1 | eta: 27.7m
step 01256/02205 (56.96%) [ns3_ftrl_eta0p05] | loss: 3.306092 | lrm: 0.86 | dt: 1741.12ms | tok/s: 301,121 | mfu: 34.37 | epoch: 1 | eta: 27.7m
step 01257/02205 (57.01%) [ns3_ftrl_eta0p05] | loss: 3.309545 | lrm: 0.86 | dt: 1744.21ms | tok/s: 300,588 | mfu: 34.31 | epoch: 1 | eta: 27.7m
step 01258/02205 (57.05%) [ns3_ftrl_eta0p05] | loss: 3.316745 | lrm: 0.86 | dt: 1742.20ms | tok/s: 300,934 | mfu: 34.35 | epoch: 1 | eta: 27.6m
step 01259/02205 (57.10%) [ns3_ftrl_eta0p05] | loss: 3.311066 | lrm: 0.86 | dt: 1745.67ms | tok/s: 300,335 | mfu: 34.28 | epoch: 1 | eta: 27.6m
step 01260/02205 (57.14%) [ns3_ftrl_eta0p05] | loss: 3.317699 | lrm: 0.86 | dt: 1743.65ms | tok/s: 300,684 | mfu: 34.32 | epoch: 1 | eta: 27.6m
step 01261/02205 (57.19%) [ns3_ftrl_eta0p05] | loss: 3.314817 | lrm: 0.86 | dt: 1743.93ms | tok/s: 300,635 | mfu: 34.32 | epoch: 1 | eta: 27.6m
step 01262/02205 (57.23%) [ns3_ftrl_eta0p05] | loss: 3.317354 | lrm: 0.86 | dt: 1745.71ms | tok/s: 300,329 | mfu: 34.28 | epoch: 1 | eta: 27.5m
step 01263/02205 (57.28%) [ns3_ftrl_eta0p05] | loss: 3.314409 | lrm: 0.85 | dt: 1749.54ms | tok/s: 299,671 | mfu: 34.21 | epoch: 1 | eta: 27.5m
step 01264/02205 (57.32%) [ns3_ftrl_eta0p05] | loss: 3.321489 | lrm: 0.85 | dt: 1740.79ms | tok/s: 301,178 | mfu: 34.38 | epoch: 1 | eta: 27.5m
step 01265/02205 (57.37%) [ns3_ftrl_eta0p05] | loss: 3.310776 | lrm: 0.85 | dt: 1746.01ms | tok/s: 300,277 | mfu: 34.28 | epoch: 1 | eta: 27.4m
step 01266/02205 (57.41%) [ns3_ftrl_eta0p05] | loss: 3.310441 | lrm: 0.85 | dt: 1743.89ms | tok/s: 300,643 | mfu: 34.32 | epoch: 1 | eta: 27.4m
step 01267/02205 (57.46%) [ns3_ftrl_eta0p05] | loss: 3.307940 | lrm: 0.85 | dt: 1744.88ms | tok/s: 300,471 | mfu: 34.30 | epoch: 1 | eta: 27.4m
step 01268/02205 (57.51%) [ns3_ftrl_eta0p05] | loss: 3.313260 | lrm: 0.85 | dt: 1744.95ms | tok/s: 300,459 | mfu: 34.30 | epoch: 1 | eta: 27.4m
step 01269/02205 (57.55%) [ns3_ftrl_eta0p05] | loss: 3.321095 | lrm: 0.85 | dt: 1737.84ms | tok/s: 301,688 | mfu: 34.44 | epoch: 1 | eta: 27.3m
step 01270/02205 (57.60%) [ns3_ftrl_eta0p05] | loss: 3.316127 | lrm: 0.85 | dt: 1748.08ms | tok/s: 299,921 | mfu: 34.24 | epoch: 1 | eta: 27.3m
step 01271/02205 (57.64%) [ns3_ftrl_eta0p05] | loss: 3.308980 | lrm: 0.85 | dt: 1755.77ms | tok/s: 298,609 | mfu: 34.09 | epoch: 1 | eta: 27.3m
step 01272/02205 (57.69%) [ns3_ftrl_eta0p05] | loss: 3.311004 | lrm: 0.85 | dt: 1753.22ms | tok/s: 299,042 | mfu: 34.14 | epoch: 1 | eta: 27.2m
step 01273/02205 (57.73%) [ns3_ftrl_eta0p05] | loss: 3.309063 | lrm: 0.85 | dt: 1746.69ms | tok/s: 300,160 | mfu: 34.26 | epoch: 1 | eta: 27.2m
step 01274/02205 (57.78%) [ns3_ftrl_eta0p05] | loss: 3.306383 | lrm: 0.84 | dt: 1756.28ms | tok/s: 298,521 | mfu: 34.08 | epoch: 1 | eta: 27.2m
step 01275/02205 (57.82%) [ns3_ftrl_eta0p05] | loss: 3.297754 | lrm: 0.84 | dt: 1744.57ms | tok/s: 300,526 | mfu: 34.31 | epoch: 1 | eta: 27.2m
step 01276/02205 (57.87%) [ns3_ftrl_eta0p05] | loss: 3.301235 | lrm: 0.84 | dt: 1759.05ms | tok/s: 298,052 | mfu: 34.02 | epoch: 1 | eta: 27.1m
step 01277/02205 (57.91%) [ns3_ftrl_eta0p05] | loss: 3.312014 | lrm: 0.84 | dt: 1750.36ms | tok/s: 299,530 | mfu: 34.19 | epoch: 1 | eta: 27.1m
step 01278/02205 (57.96%) [ns3_ftrl_eta0p05] | loss: 3.312722 | lrm: 0.84 | dt: 1743.34ms | tok/s: 300,737 | mfu: 34.33 | epoch: 1 | eta: 27.1m
step 01279/02205 (58.00%) [ns3_ftrl_eta0p05] | loss: 3.307614 | lrm: 0.84 | dt: 1755.16ms | tok/s: 298,711 | mfu: 34.10 | epoch: 1 | eta: 27.0m
step 01280/02205 (58.05%) [ns3_ftrl_eta0p05] | loss: 3.313264 | lrm: 0.84 | dt: 1749.73ms | tok/s: 299,639 | mfu: 34.20 | epoch: 1 | eta: 27.0m
step 01281/02205 (58.10%) [ns3_ftrl_eta0p05] | loss: 3.310343 | lrm: 0.84 | dt: 1754.02ms | tok/s: 298,906 | mfu: 34.12 | epoch: 1 | eta: 27.0m
step 01282/02205 (58.14%) [ns3_ftrl_eta0p05] | loss: 3.305202 | lrm: 0.84 | dt: 1745.19ms | tok/s: 300,419 | mfu: 34.29 | epoch: 1 | eta: 26.9m
step 01283/02205 (58.19%) [ns3_ftrl_eta0p05] | loss: 3.295659 | lrm: 0.84 | dt: 1756.06ms | tok/s: 298,558 | mfu: 34.08 | epoch: 1 | eta: 26.9m
step 01284/02205 (58.23%) [ns3_ftrl_eta0p05] | loss: 3.295443 | lrm: 0.84 | dt: 1752.88ms | tok/s: 299,100 | mfu: 34.14 | epoch: 1 | eta: 26.9m
step 01285/02205 (58.28%) [ns3_ftrl_eta0p05] | loss: 3.286772 | lrm: 0.83 | dt: 1752.43ms | tok/s: 299,177 | mfu: 34.15 | epoch: 1 | eta: 26.9m
step 01286/02205 (58.32%) [ns3_ftrl_eta0p05] | loss: 3.291816 | lrm: 0.83 | dt: 1755.00ms | tok/s: 298,740 | mfu: 34.10 | epoch: 1 | eta: 26.8m
step 01287/02205 (58.37%) [ns3_ftrl_eta0p05] | loss: 3.296223 | lrm: 0.83 | dt: 1749.02ms | tok/s: 299,761 | mfu: 34.22 | epoch: 1 | eta: 26.8m
step 01288/02205 (58.41%) [ns3_ftrl_eta0p05] | loss: 3.307075 | lrm: 0.83 | dt: 1757.40ms | tok/s: 298,331 | mfu: 34.05 | epoch: 1 | eta: 26.8m
step 01289/02205 (58.46%) [ns3_ftrl_eta0p05] | loss: 3.306317 | lrm: 0.83 | dt: 1749.35ms | tok/s: 299,704 | mfu: 34.21 | epoch: 1 | eta: 26.7m
step 01290/02205 (58.50%) [ns3_ftrl_eta0p05] | loss: 3.310038 | lrm: 0.83 | dt: 1752.34ms | tok/s: 299,193 | mfu: 34.15 | epoch: 1 | eta: 26.7m
step 01291/02205 (58.55%) [ns3_ftrl_eta0p05] | loss: 3.316832 | lrm: 0.83 | dt: 1755.06ms | tok/s: 298,729 | mfu: 34.10 | epoch: 1 | eta: 26.7m
step 01292/02205 (58.59%) [ns3_ftrl_eta0p05] | loss: 3.325146 | lrm: 0.83 | dt: 1747.30ms | tok/s: 300,056 | mfu: 34.25 | epoch: 1 | eta: 26.7m
step 01293/02205 (58.64%) [ns3_ftrl_eta0p05] | loss: 3.324422 | lrm: 0.83 | dt: 1755.27ms | tok/s: 298,693 | mfu: 34.10 | epoch: 1 | eta: 26.6m
step 01294/02205 (58.68%) [ns3_ftrl_eta0p05] | loss: 3.320166 | lrm: 0.83 | dt: 1756.20ms | tok/s: 298,535 | mfu: 34.08 | epoch: 1 | eta: 26.6m
step 01295/02205 (58.73%) [ns3_ftrl_eta0p05] | loss: 3.321369 | lrm: 0.83 | dt: 1755.85ms | tok/s: 298,595 | mfu: 34.09 | epoch: 1 | eta: 26.6m
step 01296/02205 (58.78%) [ns3_ftrl_eta0p05] | loss: 3.315383 | lrm: 0.82 | dt: 1752.07ms | tok/s: 299,239 | mfu: 34.16 | epoch: 1 | eta: 26.5m
step 01297/02205 (58.82%) [ns3_ftrl_eta0p05] | loss: 3.317975 | lrm: 0.82 | dt: 1749.92ms | tok/s: 299,606 | mfu: 34.20 | epoch: 1 | eta: 26.5m
step 01298/02205 (58.87%) [ns3_ftrl_eta0p05] | loss: 3.324047 | lrm: 0.82 | dt: 1750.95ms | tok/s: 299,430 | mfu: 34.18 | epoch: 1 | eta: 26.5m
step 01299/02205 (58.91%) [ns3_ftrl_eta0p05] | loss: 3.319875 | lrm: 0.82 | dt: 1754.35ms | tok/s: 298,850 | mfu: 34.11 | epoch: 1 | eta: 26.4m
step 01300/02205 (58.96%) [ns3_ftrl_eta0p05] | loss: 3.309332 | lrm: 0.82 | dt: 1750.76ms | tok/s: 299,463 | mfu: 34.18 | epoch: 1 | eta: 26.4m
step 01301/02205 (59.00%) [ns3_ftrl_eta0p05] | loss: 3.302808 | lrm: 0.82 | dt: 1751.99ms | tok/s: 299,253 | mfu: 34.16 | epoch: 1 | eta: 26.4m
step 01302/02205 (59.05%) [ns3_ftrl_eta0p05] | loss: 3.301676 | lrm: 0.82 | dt: 1750.40ms | tok/s: 299,524 | mfu: 34.19 | epoch: 1 | eta: 26.4m
step 01303/02205 (59.09%) [ns3_ftrl_eta0p05] | loss: 3.287917 | lrm: 0.82 | dt: 1755.89ms | tok/s: 298,588 | mfu: 34.08 | epoch: 1 | eta: 26.3m
step 01304/02205 (59.14%) [ns3_ftrl_eta0p05] | loss: 3.286011 | lrm: 0.82 | dt: 1753.27ms | tok/s: 299,034 | mfu: 34.14 | epoch: 1 | eta: 26.3m
step 01305/02205 (59.18%) [ns3_ftrl_eta0p05] | loss: 3.287538 | lrm: 0.82 | dt: 1761.00ms | tok/s: 297,722 | mfu: 33.99 | epoch: 1 | eta: 26.3m
step 01306/02205 (59.23%) [ns3_ftrl_eta0p05] | loss: 3.289693 | lrm: 0.82 | dt: 1757.77ms | tok/s: 298,268 | mfu: 34.05 | epoch: 1 | eta: 26.2m
step 01307/02205 (59.27%) [ns3_ftrl_eta0p05] | loss: 3.287813 | lrm: 0.81 | dt: 1755.74ms | tok/s: 298,614 | mfu: 34.09 | epoch: 1 | eta: 26.2m
step 01308/02205 (59.32%) [ns3_ftrl_eta0p05] | loss: 3.299050 | lrm: 0.81 | dt: 1752.30ms | tok/s: 299,199 | mfu: 34.15 | epoch: 1 | eta: 26.2m
step 01309/02205 (59.37%) [ns3_ftrl_eta0p05] | loss: 3.289856 | lrm: 0.81 | dt: 1751.73ms | tok/s: 299,296 | mfu: 34.17 | epoch: 1 | eta: 26.2m
step 01310/02205 (59.41%) [ns3_ftrl_eta0p05] | loss: 3.290088 | lrm: 0.81 | dt: 1752.98ms | tok/s: 299,083 | mfu: 34.14 | epoch: 1 | eta: 26.1m
step 01311/02205 (59.46%) [ns3_ftrl_eta0p05] | loss: 3.294763 | lrm: 0.81 | dt: 1754.46ms | tok/s: 298,831 | mfu: 34.11 | epoch: 1 | eta: 26.1m
step 01312/02205 (59.50%) [ns3_ftrl_eta0p05] | loss: 3.297611 | lrm: 0.81 | dt: 1756.12ms | tok/s: 298,549 | mfu: 34.08 | epoch: 1 | eta: 26.1m
step 01313/02205 (59.55%) [ns3_ftrl_eta0p05] | loss: 3.299268 | lrm: 0.81 | dt: 1766.42ms | tok/s: 296,807 | mfu: 33.88 | epoch: 1 | eta: 26.0m
step 01314/02205 (59.59%) [ns3_ftrl_eta0p05] | loss: 3.298253 | lrm: 0.81 | dt: 1754.07ms | tok/s: 298,897 | mfu: 34.12 | epoch: 1 | eta: 26.0m
step 01315/02205 (59.64%) [ns3_ftrl_eta0p05] | loss: 3.295697 | lrm: 0.81 | dt: 1752.68ms | tok/s: 299,134 | mfu: 34.15 | epoch: 1 | eta: 26.0m
step 01316/02205 (59.68%) [ns3_ftrl_eta0p05] | loss: 3.291506 | lrm: 0.81 | dt: 1747.49ms | tok/s: 300,024 | mfu: 34.25 | epoch: 1 | eta: 26.0m
step 01317/02205 (59.73%) [ns3_ftrl_eta0p05] | loss: 3.288497 | lrm: 0.81 | dt: 1758.17ms | tok/s: 298,201 | mfu: 34.04 | epoch: 1 | eta: 25.9m
step 01318/02205 (59.77%) [ns3_ftrl_eta0p05] | loss: 3.286585 | lrm: 0.80 | dt: 1746.90ms | tok/s: 300,124 | mfu: 34.26 | epoch: 1 | eta: 25.9m
step 01319/02205 (59.82%) [ns3_ftrl_eta0p05] | loss: 3.284062 | lrm: 0.80 | dt: 1756.17ms | tok/s: 298,540 | mfu: 34.08 | epoch: 1 | eta: 25.9m
step 01320/02205 (59.86%) [ns3_ftrl_eta0p05] | loss: 3.288807 | lrm: 0.80 | dt: 1754.62ms | tok/s: 298,804 | mfu: 34.11 | epoch: 1 | eta: 25.8m
step 01321/02205 (59.91%) [ns3_ftrl_eta0p05] | loss: 3.279229 | lrm: 0.80 | dt: 1752.42ms | tok/s: 299,178 | mfu: 34.15 | epoch: 1 | eta: 25.8m
step 01322/02205 (59.95%) [ns3_ftrl_eta0p05] | loss: 3.278343 | lrm: 0.80 | dt: 1752.02ms | tok/s: 299,247 | mfu: 34.16 | epoch: 1 | eta: 25.8m
step 01323/02205 (60.00%) [ns3_ftrl_eta0p05] | loss: 3.279645 | lrm: 0.80 | dt: 1745.23ms | tok/s: 300,412 | mfu: 34.29 | epoch: 1 | eta: 25.7m
step 01324/02205 (60.05%) [ns3_ftrl_eta0p05] | loss: 3.270681 | lrm: 0.80 | dt: 1760.38ms | tok/s: 297,827 | mfu: 34.00 | epoch: 1 | eta: 25.7m
step 01325/02205 (60.09%) [ns3_ftrl_eta0p05] | loss: 3.279105 | lrm: 0.80 | dt: 1755.03ms | tok/s: 298,734 | mfu: 34.10 | epoch: 1 | eta: 25.7m
step 01326/02205 (60.14%) [ns3_ftrl_eta0p05] | loss: 3.277600 | lrm: 0.80 | dt: 1748.09ms | tok/s: 299,920 | mfu: 34.24 | epoch: 1 | eta: 25.7m
step 01327/02205 (60.18%) [ns3_ftrl_eta0p05] | loss: 3.281583 | lrm: 0.80 | dt: 1754.45ms | tok/s: 298,832 | mfu: 34.11 | epoch: 1 | eta: 25.6m
step 01328/02205 (60.23%) [ns3_ftrl_eta0p05] | loss: 3.274016 | lrm: 0.80 | dt: 1748.41ms | tok/s: 299,865 | mfu: 34.23 | epoch: 1 | eta: 25.6m
step 01329/02205 (60.27%) [ns3_ftrl_eta0p05] | loss: 3.270498 | lrm: 0.79 | dt: 1751.84ms | tok/s: 299,279 | mfu: 34.16 | epoch: 1 | eta: 25.6m
step 01330/02205 (60.32%) [ns3_ftrl_eta0p05] | loss: 3.266345 | lrm: 0.79 | dt: 1756.45ms | tok/s: 298,493 | mfu: 34.07 | epoch: 1 | eta: 25.5m
step 01331/02205 (60.36%) [ns3_ftrl_eta0p05] | loss: 3.272549 | lrm: 0.79 | dt: 1751.12ms | tok/s: 299,401 | mfu: 34.18 | epoch: 1 | eta: 25.5m
step 01332/02205 (60.41%) [ns3_ftrl_eta0p05] | loss: 3.270954 | lrm: 0.79 | dt: 1754.61ms | tok/s: 298,805 | mfu: 34.11 | epoch: 1 | eta: 25.5m
step 01333/02205 (60.45%) [ns3_ftrl_eta0p05] | loss: 3.263933 | lrm: 0.79 | dt: 1748.97ms | tok/s: 299,769 | mfu: 34.22 | epoch: 1 | eta: 25.5m
step 01334/02205 (60.50%) [ns3_ftrl_eta0p05] | loss: 3.260173 | lrm: 0.79 | dt: 1752.18ms | tok/s: 299,220 | mfu: 34.16 | epoch: 1 | eta: 25.4m
step 01335/02205 (60.54%) [ns3_ftrl_eta0p05] | loss: 3.268749 | lrm: 0.79 | dt: 1749.89ms | tok/s: 299,612 | mfu: 34.20 | epoch: 1 | eta: 25.4m
step 01336/02205 (60.59%) [ns3_ftrl_eta0p05] | loss: 3.268191 | lrm: 0.79 | dt: 1752.53ms | tok/s: 299,160 | mfu: 34.15 | epoch: 1 | eta: 25.4m
step 01337/02205 (60.63%) [ns3_ftrl_eta0p05] | loss: 3.268150 | lrm: 0.79 | dt: 1753.19ms | tok/s: 299,048 | mfu: 34.14 | epoch: 1 | eta: 25.3m
step 01338/02205 (60.68%) [ns3_ftrl_eta0p05] | loss: 3.274371 | lrm: 0.79 | dt: 1755.59ms | tok/s: 298,639 | mfu: 34.09 | epoch: 1 | eta: 25.3m
step 01339/02205 (60.73%) [ns3_ftrl_eta0p05] | loss: 3.271789 | lrm: 0.79 | dt: 1763.15ms | tok/s: 297,358 | mfu: 33.94 | epoch: 1 | eta: 25.3m
step 01340/02205 (60.77%) [ns3_ftrl_eta0p05] | loss: 3.279758 | lrm: 0.78 | dt: 1752.25ms | tok/s: 299,207 | mfu: 34.15 | epoch: 1 | eta: 25.3m
step 01341/02205 (60.82%) [ns3_ftrl_eta0p05] | loss: 3.277085 | lrm: 0.78 | dt: 1745.53ms | tok/s: 300,361 | mfu: 34.29 | epoch: 1 | eta: 25.2m
step 01342/02205 (60.86%) [ns3_ftrl_eta0p05] | loss: 3.264088 | lrm: 0.78 | dt: 1760.05ms | tok/s: 297,882 | mfu: 34.00 | epoch: 1 | eta: 25.2m
step 01343/02205 (60.91%) [ns3_ftrl_eta0p05] | loss: 3.263007 | lrm: 0.78 | dt: 1758.53ms | tok/s: 298,139 | mfu: 34.03 | epoch: 1 | eta: 25.2m
step 01344/02205 (60.95%) [ns3_ftrl_eta0p05] | loss: 3.248592 | lrm: 0.78 | dt: 1751.31ms | tok/s: 299,368 | mfu: 34.17 | epoch: 1 | eta: 25.1m
step 01345/02205 (61.00%) [ns3_ftrl_eta0p05] | loss: 3.248494 | lrm: 0.78 | dt: 1750.93ms | tok/s: 299,434 | mfu: 34.18 | epoch: 1 | eta: 25.1m
step 01346/02205 (61.04%) [ns3_ftrl_eta0p05] | loss: 3.248372 | lrm: 0.78 | dt: 1753.00ms | tok/s: 299,080 | mfu: 34.14 | epoch: 1 | eta: 25.1m
step 01347/02205 (61.09%) [ns3_ftrl_eta0p05] | loss: 3.254423 | lrm: 0.78 | dt: 1757.13ms | tok/s: 298,378 | mfu: 34.06 | epoch: 1 | eta: 25.0m
step 01348/02205 (61.13%) [ns3_ftrl_eta0p05] | loss: 3.264790 | lrm: 0.78 | dt: 1753.43ms | tok/s: 299,007 | mfu: 34.13 | epoch: 1 | eta: 25.0m
step 01349/02205 (61.18%) [ns3_ftrl_eta0p05] | loss: 3.266019 | lrm: 0.78 | dt: 1750.55ms | tok/s: 299,498 | mfu: 34.19 | epoch: 1 | eta: 25.0m
step 01350/02205 (61.22%) [ns3_ftrl_eta0p05] | loss: 3.265447 | lrm: 0.78 | dt: 1751.45ms | tok/s: 299,345 | mfu: 34.17 | epoch: 1 | eta: 25.0m
step 01351/02205 (61.27%) [ns3_ftrl_eta0p05] | loss: 3.266949 | lrm: 0.77 | dt: 1748.69ms | tok/s: 299,817 | mfu: 34.22 | epoch: 1 | eta: 24.9m
step 01352/02205 (61.32%) [ns3_ftrl_eta0p05] | loss: 3.273771 | lrm: 0.77 | dt: 1756.51ms | tok/s: 298,482 | mfu: 34.07 | epoch: 1 | eta: 24.9m
step 01353/02205 (61.36%) [ns3_ftrl_eta0p05] | loss: 3.269451 | lrm: 0.77 | dt: 1751.12ms | tok/s: 299,401 | mfu: 34.18 | epoch: 1 | eta: 24.9m
step 01354/02205 (61.41%) [ns3_ftrl_eta0p05] | loss: 3.265101 | lrm: 0.77 | dt: 1751.69ms | tok/s: 299,304 | mfu: 34.17 | epoch: 1 | eta: 24.8m
step 01355/02205 (61.45%) [ns3_ftrl_eta0p05] | loss: 3.263029 | lrm: 0.77 | dt: 1750.42ms | tok/s: 299,520 | mfu: 34.19 | epoch: 1 | eta: 24.8m
step 01356/02205 (61.50%) [ns3_ftrl_eta0p05] | loss: 3.265799 | lrm: 0.77 | dt: 1753.92ms | tok/s: 298,924 | mfu: 34.12 | epoch: 1 | eta: 24.8m
step 01357/02205 (61.54%) [ns3_ftrl_eta0p05] | loss: 3.276243 | lrm: 0.77 | dt: 1753.86ms | tok/s: 298,934 | mfu: 34.12 | epoch: 1 | eta: 24.8m
step 01358/02205 (61.59%) [ns3_ftrl_eta0p05] | loss: 3.276322 | lrm: 0.77 | dt: 1753.70ms | tok/s: 298,960 | mfu: 34.13 | epoch: 1 | eta: 24.7m
step 01359/02205 (61.63%) [ns3_ftrl_eta0p05] | loss: 3.270212 | lrm: 0.77 | dt: 1764.02ms | tok/s: 297,212 | mfu: 33.93 | epoch: 1 | eta: 24.7m
step 01360/02205 (61.68%) [ns3_ftrl_eta0p05] | loss: 3.254116 | lrm: 0.77 | dt: 1746.18ms | tok/s: 300,248 | mfu: 34.27 | epoch: 1 | eta: 24.7m
step 01361/02205 (61.72%) [ns3_ftrl_eta0p05] | loss: 3.260252 | lrm: 0.77 | dt: 1744.39ms | tok/s: 300,556 | mfu: 34.31 | epoch: 1 | eta: 24.6m
step 01362/02205 (61.77%) [ns3_ftrl_eta0p05] | loss: 3.255884 | lrm: 0.76 | dt: 1752.59ms | tok/s: 299,149 | mfu: 34.15 | epoch: 1 | eta: 24.6m
step 01363/02205 (61.81%) [ns3_ftrl_eta0p05] | loss: 3.257770 | lrm: 0.76 | dt: 1744.44ms | tok/s: 300,547 | mfu: 34.31 | epoch: 1 | eta: 24.6m
step 01364/02205 (61.86%) [ns3_ftrl_eta0p05] | loss: 3.260805 | lrm: 0.76 | dt: 1759.25ms | tok/s: 298,018 | mfu: 34.02 | epoch: 1 | eta: 24.6m
step 01365/02205 (61.90%) [ns3_ftrl_eta0p05] | loss: 3.254552 | lrm: 0.76 | dt: 1750.16ms | tok/s: 299,566 | mfu: 34.20 | epoch: 1 | eta: 24.5m
step 01366/02205 (61.95%) [ns3_ftrl_eta0p05] | loss: 3.247153 | lrm: 0.76 | dt: 1752.37ms | tok/s: 299,187 | mfu: 34.15 | epoch: 1 | eta: 24.5m
step 01367/02205 (62.00%) [ns3_ftrl_eta0p05] | loss: 3.241591 | lrm: 0.76 | dt: 1754.23ms | tok/s: 298,870 | mfu: 34.12 | epoch: 1 | eta: 24.5m
step 01368/02205 (62.04%) [ns3_ftrl_eta0p05] | loss: 3.247431 | lrm: 0.76 | dt: 1752.90ms | tok/s: 299,097 | mfu: 34.14 | epoch: 1 | eta: 24.4m
step 01369/02205 (62.09%) [ns3_ftrl_eta0p05] | loss: 3.269787 | lrm: 0.76 | dt: 1750.39ms | tok/s: 299,527 | mfu: 34.19 | epoch: 1 | eta: 24.4m
step 01370/02205 (62.13%) [ns3_ftrl_eta0p05] | loss: 3.271894 | lrm: 0.76 | dt: 1751.76ms | tok/s: 299,291 | mfu: 34.16 | epoch: 1 | eta: 24.4m
step 01371/02205 (62.18%) [ns3_ftrl_eta0p05] | loss: 3.267414 | lrm: 0.76 | dt: 1748.96ms | tok/s: 299,772 | mfu: 34.22 | epoch: 1 | eta: 24.3m
step 01372/02205 (62.22%) [ns3_ftrl_eta0p05] | loss: 3.277187 | lrm: 0.76 | dt: 1758.58ms | tok/s: 298,130 | mfu: 34.03 | epoch: 1 | eta: 24.3m
step 01373/02205 (62.27%) [ns3_ftrl_eta0p05] | loss: 3.259609 | lrm: 0.75 | dt: 1749.31ms | tok/s: 299,710 | mfu: 34.21 | epoch: 1 | eta: 24.3m
step 01374/02205 (62.31%) [ns3_ftrl_eta0p05] | loss: 3.255957 | lrm: 0.75 | dt: 1752.36ms | tok/s: 299,189 | mfu: 34.15 | epoch: 1 | eta: 24.3m
step 01375/02205 (62.36%) [ns3_ftrl_eta0p05] | loss: 3.262203 | lrm: 0.75 | dt: 1755.94ms | tok/s: 298,579 | mfu: 34.08 | epoch: 1 | eta: 24.2m
step 01376/02205 (62.40%) [ns3_ftrl_eta0p05] | loss: 3.271879 | lrm: 0.75 | dt: 1751.30ms | tok/s: 299,370 | mfu: 34.17 | epoch: 1 | eta: 24.2m
step 01377/02205 (62.45%) [ns3_ftrl_eta0p05] | loss: 3.264030 | lrm: 0.75 | dt: 1755.49ms | tok/s: 298,656 | mfu: 34.09 | epoch: 1 | eta: 24.2m
step 01378/02205 (62.49%) [ns3_ftrl_eta0p05] | loss: 3.256887 | lrm: 0.75 | dt: 1750.62ms | tok/s: 299,486 | mfu: 34.19 | epoch: 1 | eta: 24.1m
step 01379/02205 (62.54%) [ns3_ftrl_eta0p05] | loss: 3.262283 | lrm: 0.75 | dt: 1752.98ms | tok/s: 299,083 | mfu: 34.14 | epoch: 1 | eta: 24.1m
step 01380/02205 (62.59%) [ns3_ftrl_eta0p05] | loss: 3.258665 | lrm: 0.75 | dt: 1751.43ms | tok/s: 299,348 | mfu: 34.17 | epoch: 1 | eta: 24.1m
step 01381/02205 (62.63%) [ns3_ftrl_eta0p05] | loss: 3.257384 | lrm: 0.75 | dt: 1756.72ms | tok/s: 298,446 | mfu: 34.07 | epoch: 1 | eta: 24.1m
step 01382/02205 (62.68%) [ns3_ftrl_eta0p05] | loss: 3.253295 | lrm: 0.75 | dt: 1758.14ms | tok/s: 298,206 | mfu: 34.04 | epoch: 1 | eta: 24.0m
step 01383/02205 (62.72%) [ns3_ftrl_eta0p05] | loss: 3.258533 | lrm: 0.75 | dt: 1758.57ms | tok/s: 298,133 | mfu: 34.03 | epoch: 1 | eta: 24.0m
step 01384/02205 (62.77%) [ns3_ftrl_eta0p05] | loss: 3.257098 | lrm: 0.75 | dt: 1754.94ms | tok/s: 298,749 | mfu: 34.10 | epoch: 1 | eta: 24.0m
step 01385/02205 (62.81%) [ns3_ftrl_eta0p05] | loss: 3.265622 | lrm: 0.74 | dt: 1755.21ms | tok/s: 298,703 | mfu: 34.10 | epoch: 1 | eta: 23.9m
step 01386/02205 (62.86%) [ns3_ftrl_eta0p05] | loss: 3.257651 | lrm: 0.74 | dt: 1753.63ms | tok/s: 298,973 | mfu: 34.13 | epoch: 1 | eta: 23.9m
step 01387/02205 (62.90%) [ns3_ftrl_eta0p05] | loss: 3.258371 | lrm: 0.74 | dt: 1753.41ms | tok/s: 299,010 | mfu: 34.13 | epoch: 1 | eta: 23.9m
step 01388/02205 (62.95%) [ns3_ftrl_eta0p05] | loss: 3.252831 | lrm: 0.74 | dt: 1750.19ms | tok/s: 299,560 | mfu: 34.20 | epoch: 1 | eta: 23.9m
step 01389/02205 (62.99%) [ns3_ftrl_eta0p05] | loss: 3.253529 | lrm: 0.74 | dt: 1750.36ms | tok/s: 299,530 | mfu: 34.19 | epoch: 1 | eta: 23.8m
step 01390/02205 (63.04%) [ns3_ftrl_eta0p05] | loss: 3.255982 | lrm: 0.74 | dt: 1753.11ms | tok/s: 299,061 | mfu: 34.14 | epoch: 1 | eta: 23.8m
step 01391/02205 (63.08%) [ns3_ftrl_eta0p05] | loss: 3.254519 | lrm: 0.74 | dt: 1749.17ms | tok/s: 299,735 | mfu: 34.22 | epoch: 1 | eta: 23.8m
step 01392/02205 (63.13%) [ns3_ftrl_eta0p05] | loss: 3.251452 | lrm: 0.74 | dt: 1754.27ms | tok/s: 298,863 | mfu: 34.12 | epoch: 1 | eta: 23.7m
step 01393/02205 (63.17%) [ns3_ftrl_eta0p05] | loss: 3.247824 | lrm: 0.74 | dt: 1747.51ms | tok/s: 300,020 | mfu: 34.25 | epoch: 1 | eta: 23.7m
step 01394/02205 (63.22%) [ns3_ftrl_eta0p05] | loss: 3.248435 | lrm: 0.74 | dt: 1756.53ms | tok/s: 298,480 | mfu: 34.07 | epoch: 1 | eta: 23.7m
step 01395/02205 (63.27%) [ns3_ftrl_eta0p05] | loss: 3.238619 | lrm: 0.74 | dt: 1752.66ms | tok/s: 299,138 | mfu: 34.15 | epoch: 1 | eta: 23.6m
step 01396/02205 (63.31%) [ns3_ftrl_eta0p05] | loss: 3.237845 | lrm: 0.73 | dt: 1751.73ms | tok/s: 299,297 | mfu: 34.17 | epoch: 1 | eta: 23.6m
step 01397/02205 (63.36%) [ns3_ftrl_eta0p05] | loss: 3.239696 | lrm: 0.73 | dt: 1753.88ms | tok/s: 298,930 | mfu: 34.12 | epoch: 1 | eta: 23.6m
step 01398/02205 (63.40%) [ns3_ftrl_eta0p05] | loss: 3.242209 | lrm: 0.73 | dt: 1756.81ms | tok/s: 298,432 | mfu: 34.07 | epoch: 1 | eta: 23.6m
step 01399/02205 (63.45%) [ns3_ftrl_eta0p05] | loss: 3.249226 | lrm: 0.73 | dt: 1744.70ms | tok/s: 300,503 | mfu: 34.30 | epoch: 1 | eta: 23.5m
step 01400/02205 (63.49%) [ns3_ftrl_eta0p05] | loss: 3.248925 | lrm: 0.73 | dt: 1752.42ms | tok/s: 299,179 | mfu: 34.15 | epoch: 1 | eta: 23.5m
step 01401/02205 (63.54%) [ns3_ftrl_eta0p05] | loss: 3.248518 | lrm: 0.73 | dt: 1751.76ms | tok/s: 299,292 | mfu: 34.16 | epoch: 1 | eta: 23.5m
step 01402/02205 (63.58%) [ns3_ftrl_eta0p05] | loss: 3.253900 | lrm: 0.73 | dt: 1752.74ms | tok/s: 299,125 | mfu: 34.15 | epoch: 1 | eta: 23.4m
step 01403/02205 (63.63%) [ns3_ftrl_eta0p05] | loss: 3.249742 | lrm: 0.73 | dt: 1753.91ms | tok/s: 298,925 | mfu: 34.12 | epoch: 1 | eta: 23.4m
step 01404/02205 (63.67%) [ns3_ftrl_eta0p05] | loss: 3.243561 | lrm: 0.73 | dt: 1758.47ms | tok/s: 298,150 | mfu: 34.03 | epoch: 1 | eta: 23.4m
step 01405/02205 (63.72%) [ns3_ftrl_eta0p05] | loss: 3.247519 | lrm: 0.73 | dt: 1759.66ms | tok/s: 297,948 | mfu: 34.01 | epoch: 1 | eta: 23.4m
step 01406/02205 (63.76%) [ns3_ftrl_eta0p05] | loss: 3.246960 | lrm: 0.73 | dt: 1756.51ms | tok/s: 298,483 | mfu: 34.07 | epoch: 1 | eta: 23.3m
step 01407/02205 (63.81%) [ns3_ftrl_eta0p05] | loss: 3.248870 | lrm: 0.72 | dt: 1750.63ms | tok/s: 299,486 | mfu: 34.19 | epoch: 1 | eta: 23.3m
step 01408/02205 (63.85%) [ns3_ftrl_eta0p05] | loss: 3.252361 | lrm: 0.72 | dt: 1752.57ms | tok/s: 299,154 | mfu: 34.15 | epoch: 1 | eta: 23.3m
step 01409/02205 (63.90%) [ns3_ftrl_eta0p05] | loss: 3.263434 | lrm: 0.72 | dt: 1753.31ms | tok/s: 299,028 | mfu: 34.13 | epoch: 1 | eta: 23.2m
step 01410/02205 (63.95%) [ns3_ftrl_eta0p05] | loss: 3.264079 | lrm: 0.72 | dt: 1751.86ms | tok/s: 299,275 | mfu: 34.16 | epoch: 1 | eta: 23.2m
step 01411/02205 (63.99%) [ns3_ftrl_eta0p05] | loss: 3.259605 | lrm: 0.72 | dt: 1753.82ms | tok/s: 298,941 | mfu: 34.12 | epoch: 1 | eta: 23.2m
step 01412/02205 (64.04%) [ns3_ftrl_eta0p05] | loss: 3.267785 | lrm: 0.72 | dt: 1748.69ms | tok/s: 299,817 | mfu: 34.22 | epoch: 1 | eta: 23.2m
step 01413/02205 (64.08%) [ns3_ftrl_eta0p05] | loss: 3.255723 | lrm: 0.72 | dt: 1758.70ms | tok/s: 298,110 | mfu: 34.03 | epoch: 1 | eta: 23.1m
step 01414/02205 (64.13%) [ns3_ftrl_eta0p05] | loss: 3.252171 | lrm: 0.72 | dt: 1755.00ms | tok/s: 298,739 | mfu: 34.10 | epoch: 1 | eta: 23.1m
step 01415/02205 (64.17%) [ns3_ftrl_eta0p05] | loss: 3.248232 | lrm: 0.72 | dt: 1762.04ms | tok/s: 297,545 | mfu: 33.97 | epoch: 1 | eta: 23.1m
step 01416/02205 (64.22%) [ns3_ftrl_eta0p05] | loss: 3.241520 | lrm: 0.72 | dt: 1761.22ms | tok/s: 297,685 | mfu: 33.98 | epoch: 1 | eta: 23.0m
step 01417/02205 (64.26%) [ns3_ftrl_eta0p05] | loss: 3.235708 | lrm: 0.72 | dt: 1759.88ms | tok/s: 297,910 | mfu: 34.01 | epoch: 1 | eta: 23.0m
step 01418/02205 (64.31%) [ns3_ftrl_eta0p05] | loss: 3.239974 | lrm: 0.71 | dt: 1762.47ms | tok/s: 297,473 | mfu: 33.96 | epoch: 1 | eta: 23.0m
step 01419/02205 (64.35%) [ns3_ftrl_eta0p05] | loss: 3.250783 | lrm: 0.71 | dt: 1755.42ms | tok/s: 298,667 | mfu: 34.09 | epoch: 1 | eta: 22.9m
step 01420/02205 (64.40%) [ns3_ftrl_eta0p05] | loss: 3.247936 | lrm: 0.71 | dt: 1754.56ms | tok/s: 298,813 | mfu: 34.11 | epoch: 1 | eta: 22.9m
step 01421/02205 (64.44%) [ns3_ftrl_eta0p05] | loss: 3.250222 | lrm: 0.71 | dt: 1762.17ms | tok/s: 297,523 | mfu: 33.96 | epoch: 1 | eta: 22.9m
step 01422/02205 (64.49%) [ns3_ftrl_eta0p05] | loss: 3.247697 | lrm: 0.71 | dt: 1760.74ms | tok/s: 297,764 | mfu: 33.99 | epoch: 1 | eta: 22.9m
step 01423/02205 (64.54%) [ns3_ftrl_eta0p05] | loss: 3.249735 | lrm: 0.71 | dt: 1757.83ms | tok/s: 298,258 | mfu: 34.05 | epoch: 1 | eta: 22.8m
step 01424/02205 (64.58%) [ns3_ftrl_eta0p05] | loss: 3.253233 | lrm: 0.71 | dt: 1763.43ms | tok/s: 297,311 | mfu: 33.94 | epoch: 1 | eta: 22.8m
step 01425/02205 (64.63%) [ns3_ftrl_eta0p05] | loss: 3.252370 | lrm: 0.71 | dt: 1760.19ms | tok/s: 297,858 | mfu: 34.00 | epoch: 1 | eta: 22.8m
step 01426/02205 (64.67%) [ns3_ftrl_eta0p05] | loss: 3.252028 | lrm: 0.71 | dt: 1753.67ms | tok/s: 298,965 | mfu: 34.13 | epoch: 1 | eta: 22.7m
step 01427/02205 (64.72%) [ns3_ftrl_eta0p05] | loss: 3.258512 | lrm: 0.71 | dt: 1764.28ms | tok/s: 297,167 | mfu: 33.92 | epoch: 1 | eta: 22.7m
step 01428/02205 (64.76%) [ns3_ftrl_eta0p05] | loss: 3.256096 | lrm: 0.71 | dt: 1755.13ms | tok/s: 298,717 | mfu: 34.10 | epoch: 1 | eta: 22.7m
step 01429/02205 (64.81%) [ns3_ftrl_eta0p05] | loss: 3.269083 | lrm: 0.70 | dt: 1755.91ms | tok/s: 298,584 | mfu: 34.08 | epoch: 1 | eta: 22.7m
step 01430/02205 (64.85%) [ns3_ftrl_eta0p05] | loss: 3.258839 | lrm: 0.70 | dt: 1749.52ms | tok/s: 299,674 | mfu: 34.21 | epoch: 1 | eta: 22.6m
step 01431/02205 (64.90%) [ns3_ftrl_eta0p05] | loss: 3.253608 | lrm: 0.70 | dt: 1752.16ms | tok/s: 299,223 | mfu: 34.16 | epoch: 1 | eta: 22.6m
step 01432/02205 (64.94%) [ns3_ftrl_eta0p05] | loss: 3.255641 | lrm: 0.70 | dt: 1752.00ms | tok/s: 299,251 | mfu: 34.16 | epoch: 1 | eta: 22.6m
step 01433/02205 (64.99%) [ns3_ftrl_eta0p05] | loss: 3.248782 | lrm: 0.70 | dt: 1753.93ms | tok/s: 298,922 | mfu: 34.12 | epoch: 1 | eta: 22.5m
step 01434/02205 (65.03%) [ns3_ftrl_eta0p05] | loss: 3.249364 | lrm: 0.70 | dt: 1752.93ms | tok/s: 299,091 | mfu: 34.14 | epoch: 1 | eta: 22.5m
step 01435/02205 (65.08%) [ns3_ftrl_eta0p05] | loss: 3.249860 | lrm: 0.70 | dt: 1752.44ms | tok/s: 299,176 | mfu: 34.15 | epoch: 1 | eta: 22.5m
step 01436/02205 (65.12%) [ns3_ftrl_eta0p05] | loss: 3.248834 | lrm: 0.70 | dt: 1757.32ms | tok/s: 298,345 | mfu: 34.06 | epoch: 1 | eta: 22.5m
step 01437/02205 (65.17%) [ns3_ftrl_eta0p05] | loss: 3.245194 | lrm: 0.70 | dt: 1747.58ms | tok/s: 300,007 | mfu: 34.25 | epoch: 1 | eta: 22.4m
step 01438/02205 (65.22%) [ns3_ftrl_eta0p05] | loss: 3.244431 | lrm: 0.70 | dt: 1755.51ms | tok/s: 298,653 | mfu: 34.09 | epoch: 1 | eta: 22.4m
step 01439/02205 (65.26%) [ns3_ftrl_eta0p05] | loss: 3.249406 | lrm: 0.70 | dt: 1767.60ms | tok/s: 296,609 | mfu: 33.86 | epoch: 1 | eta: 22.4m
step 01440/02205 (65.31%) [ns3_ftrl_eta0p05] | loss: 3.246344 | lrm: 0.69 | dt: 1753.46ms | tok/s: 299,002 | mfu: 34.13 | epoch: 1 | eta: 22.3m
step 01441/02205 (65.35%) [ns3_ftrl_eta0p05] | loss: 3.246012 | lrm: 0.69 | dt: 1754.26ms | tok/s: 298,865 | mfu: 34.12 | epoch: 1 | eta: 22.3m
step 01442/02205 (65.40%) [ns3_ftrl_eta0p05] | loss: 3.248821 | lrm: 0.69 | dt: 1755.41ms | tok/s: 298,669 | mfu: 34.09 | epoch: 1 | eta: 22.3m
step 01443/02205 (65.44%) [ns3_ftrl_eta0p05] | loss: 3.248165 | lrm: 0.69 | dt: 1756.68ms | tok/s: 298,454 | mfu: 34.07 | epoch: 1 | eta: 22.2m
step 01444/02205 (65.49%) [ns3_ftrl_eta0p05] | loss: 3.246822 | lrm: 0.69 | dt: 1754.23ms | tok/s: 298,870 | mfu: 34.12 | epoch: 1 | eta: 22.2m
step 01445/02205 (65.53%) [ns3_ftrl_eta0p05] | loss: 3.248007 | lrm: 0.69 | dt: 1758.39ms | tok/s: 298,163 | mfu: 34.04 | epoch: 1 | eta: 22.2m
step 01446/02205 (65.58%) [ns3_ftrl_eta0p05] | loss: 3.241941 | lrm: 0.69 | dt: 1761.65ms | tok/s: 297,611 | mfu: 33.97 | epoch: 1 | eta: 22.2m
step 01447/02205 (65.62%) [ns3_ftrl_eta0p05] | loss: 3.240126 | lrm: 0.69 | dt: 1764.26ms | tok/s: 297,171 | mfu: 33.92 | epoch: 1 | eta: 22.1m
step 01448/02205 (65.67%) [ns3_ftrl_eta0p05] | loss: 3.242579 | lrm: 0.69 | dt: 1754.31ms | tok/s: 298,856 | mfu: 34.11 | epoch: 1 | eta: 22.1m
step 01449/02205 (65.71%) [ns3_ftrl_eta0p05] | loss: 3.253786 | lrm: 0.69 | dt: 1763.08ms | tok/s: 297,370 | mfu: 33.95 | epoch: 1 | eta: 22.1m
step 01450/02205 (65.76%) [ns3_ftrl_eta0p05] | loss: 3.256947 | lrm: 0.69 | dt: 1760.92ms | tok/s: 297,735 | mfu: 33.99 | epoch: 1 | eta: 22.0m
step 01451/02205 (65.80%) [ns3_ftrl_eta0p05] | loss: 3.263057 | lrm: 0.68 | dt: 1762.36ms | tok/s: 297,491 | mfu: 33.96 | epoch: 1 | eta: 22.0m
step 01452/02205 (65.85%) [ns3_ftrl_eta0p05] | loss: 3.258705 | lrm: 0.68 | dt: 1761.44ms | tok/s: 297,647 | mfu: 33.98 | epoch: 1 | eta: 22.0m
step 01453/02205 (65.90%) [ns3_ftrl_eta0p05] | loss: 3.255065 | lrm: 0.68 | dt: 1767.78ms | tok/s: 296,580 | mfu: 33.86 | epoch: 1 | eta: 22.0m
step 01454/02205 (65.94%) [ns3_ftrl_eta0p05] | loss: 3.247411 | lrm: 0.68 | dt: 1756.77ms | tok/s: 298,438 | mfu: 34.07 | epoch: 1 | eta: 21.9m
step 01455/02205 (65.99%) [ns3_ftrl_eta0p05] | loss: 3.240047 | lrm: 0.68 | dt: 1750.97ms | tok/s: 299,426 | mfu: 34.18 | epoch: 1 | eta: 21.9m
step 01456/02205 (66.03%) [ns3_ftrl_eta0p05] | loss: 3.244122 | lrm: 0.68 | dt: 1756.48ms | tok/s: 298,488 | mfu: 34.07 | epoch: 1 | eta: 21.9m
step 01457/02205 (66.08%) [ns3_ftrl_eta0p05] | loss: 3.246241 | lrm: 0.68 | dt: 1766.47ms | tok/s: 296,800 | mfu: 33.88 | epoch: 1 | eta: 21.8m
step 01458/02205 (66.12%) [ns3_ftrl_eta0p05] | loss: 3.242742 | lrm: 0.68 | dt: 1753.34ms | tok/s: 299,023 | mfu: 34.13 | epoch: 1 | eta: 21.8m
step 01459/02205 (66.17%) [ns3_ftrl_eta0p05] | loss: 3.242507 | lrm: 0.68 | dt: 1761.37ms | tok/s: 297,658 | mfu: 33.98 | epoch: 1 | eta: 21.8m
step 01460/02205 (66.21%) [ns3_ftrl_eta0p05] | loss: 3.249380 | lrm: 0.68 | dt: 1759.15ms | tok/s: 298,035 | mfu: 34.02 | epoch: 1 | eta: 21.8m
step 01461/02205 (66.26%) [ns3_ftrl_eta0p05] | loss: 3.249076 | lrm: 0.68 | dt: 1748.78ms | tok/s: 299,801 | mfu: 34.22 | epoch: 1 | eta: 21.7m
step 01462/02205 (66.30%) [ns3_ftrl_eta0p05] | loss: 3.244888 | lrm: 0.67 | dt: 1757.81ms | tok/s: 298,261 | mfu: 34.05 | epoch: 1 | eta: 21.7m
step 01463/02205 (66.35%) [ns3_ftrl_eta0p05] | loss: 3.244915 | lrm: 0.67 | dt: 1763.50ms | tok/s: 297,299 | mfu: 33.94 | epoch: 1 | eta: 21.7m
step 01464/02205 (66.39%) [ns3_ftrl_eta0p05] | loss: 3.237862 | lrm: 0.67 | dt: 1755.40ms | tok/s: 298,670 | mfu: 34.09 | epoch: 1 | eta: 21.6m
step 01465/02205 (66.44%) [ns3_ftrl_eta0p05] | loss: 3.241388 | lrm: 0.67 | dt: 1760.82ms | tok/s: 297,752 | mfu: 33.99 | epoch: 1 | eta: 21.6m
step 01466/02205 (66.49%) [ns3_ftrl_eta0p05] | loss: 3.248421 | lrm: 0.67 | dt: 1764.76ms | tok/s: 297,087 | mfu: 33.91 | epoch: 1 | eta: 21.6m
step 01467/02205 (66.53%) [ns3_ftrl_eta0p05] | loss: 3.246588 | lrm: 0.67 | dt: 1755.61ms | tok/s: 298,635 | mfu: 34.09 | epoch: 1 | eta: 21.5m
step 01468/02205 (66.58%) [ns3_ftrl_eta0p05] | loss: 3.246820 | lrm: 0.67 | dt: 1754.13ms | tok/s: 298,887 | mfu: 34.12 | epoch: 1 | eta: 21.5m
step 01469/02205 (66.62%) [ns3_ftrl_eta0p05] | loss: 3.244772 | lrm: 0.67 | dt: 1753.55ms | tok/s: 298,987 | mfu: 34.13 | epoch: 1 | eta: 21.5m
step 01470/02205 (66.67%) [ns3_ftrl_eta0p05] | loss: 3.246098 | lrm: 0.67 | dt: 1760.24ms | tok/s: 297,849 | mfu: 34.00 | epoch: 1 | eta: 21.5m
step 01471/02205 (66.71%) [ns3_ftrl_eta0p05] | loss: 3.249769 | lrm: 0.67 | dt: 1763.04ms | tok/s: 297,376 | mfu: 33.95 | epoch: 1 | eta: 21.4m
step 01472/02205 (66.76%) [ns3_ftrl_eta0p05] | loss: 3.253206 | lrm: 0.67 | dt: 1753.88ms | tok/s: 298,930 | mfu: 34.12 | epoch: 1 | eta: 21.4m
step 01473/02205 (66.80%) [ns3_ftrl_eta0p05] | loss: 3.246733 | lrm: 0.66 | dt: 1762.27ms | tok/s: 297,507 | mfu: 33.96 | epoch: 1 | eta: 21.4m
step 01474/02205 (66.85%) [ns3_ftrl_eta0p05] | loss: 3.247545 | lrm: 0.66 | dt: 1758.52ms | tok/s: 298,142 | mfu: 34.03 | epoch: 1 | eta: 21.3m
step 01475/02205 (66.89%) [ns3_ftrl_eta0p05] | loss: 3.244380 | lrm: 0.66 | dt: 1762.23ms | tok/s: 297,513 | mfu: 33.96 | epoch: 1 | eta: 21.3m
step 01476/02205 (66.94%) [ns3_ftrl_eta0p05] | loss: 3.243801 | lrm: 0.66 | dt: 1753.71ms | tok/s: 298,959 | mfu: 34.13 | epoch: 1 | eta: 21.3m
step 01477/02205 (66.98%) [ns3_ftrl_eta0p05] | loss: 3.243365 | lrm: 0.66 | dt: 1760.16ms | tok/s: 297,863 | mfu: 34.00 | epoch: 1 | eta: 21.3m
step 01478/02205 (67.03%) [ns3_ftrl_eta0p05] | loss: 3.245881 | lrm: 0.66 | dt: 1754.46ms | tok/s: 298,831 | mfu: 34.11 | epoch: 1 | eta: 21.2m
step 01479/02205 (67.07%) [ns3_ftrl_eta0p05] | loss: 3.251418 | lrm: 0.66 | dt: 1762.54ms | tok/s: 297,461 | mfu: 33.96 | epoch: 1 | eta: 21.2m
step 01480/02205 (67.12%) [ns3_ftrl_eta0p05] | loss: 3.242897 | lrm: 0.66 | dt: 1760.34ms | tok/s: 297,834 | mfu: 34.00 | epoch: 1 | eta: 21.2m
step 01481/02205 (67.17%) [ns3_ftrl_eta0p05] | loss: 3.238605 | lrm: 0.66 | dt: 1753.00ms | tok/s: 299,080 | mfu: 34.14 | epoch: 1 | eta: 21.1m
step 01482/02205 (67.21%) [ns3_ftrl_eta0p05] | loss: 3.236054 | lrm: 0.66 | dt: 1751.31ms | tok/s: 299,368 | mfu: 34.17 | epoch: 1 | eta: 21.1m
step 01483/02205 (67.26%) [ns3_ftrl_eta0p05] | loss: 3.227749 | lrm: 0.66 | dt: 1756.37ms | tok/s: 298,507 | mfu: 34.07 | epoch: 1 | eta: 21.1m
step 01484/02205 (67.30%) [ns3_ftrl_eta0p05] | loss: 3.223191 | lrm: 0.65 | dt: 1755.69ms | tok/s: 298,622 | mfu: 34.09 | epoch: 1 | eta: 21.1m
step 01485/02205 (67.35%) [ns3_ftrl_eta0p05] | loss: 3.227251 | lrm: 0.65 | dt: 1764.84ms | tok/s: 297,074 | mfu: 33.91 | epoch: 1 | eta: 21.0m
step 01486/02205 (67.39%) [ns3_ftrl_eta0p05] | loss: 3.230272 | lrm: 0.65 | dt: 1752.78ms | tok/s: 299,117 | mfu: 34.14 | epoch: 1 | eta: 21.0m
step 01487/02205 (67.44%) [ns3_ftrl_eta0p05] | loss: 3.227811 | lrm: 0.65 | dt: 1752.15ms | tok/s: 299,225 | mfu: 34.16 | epoch: 1 | eta: 21.0m
step 01488/02205 (67.48%) [ns3_ftrl_eta0p05] | loss: 3.235463 | lrm: 0.65 | dt: 1754.62ms | tok/s: 298,804 | mfu: 34.11 | epoch: 1 | eta: 20.9m
step 01489/02205 (67.53%) [ns3_ftrl_eta0p05] | loss: 3.239486 | lrm: 0.65 | dt: 1755.02ms | tok/s: 298,735 | mfu: 34.10 | epoch: 1 | eta: 20.9m
step 01490/02205 (67.57%) [ns3_ftrl_eta0p05] | loss: 3.236493 | lrm: 0.65 | dt: 1758.59ms | tok/s: 298,129 | mfu: 34.03 | epoch: 1 | eta: 20.9m
step 01491/02205 (67.62%) [ns3_ftrl_eta0p05] | loss: 3.238434 | lrm: 0.65 | dt: 1763.11ms | tok/s: 297,365 | mfu: 33.94 | epoch: 1 | eta: 20.8m
step 01492/02205 (67.66%) [ns3_ftrl_eta0p05] | loss: 3.233217 | lrm: 0.65 | dt: 1757.09ms | tok/s: 298,384 | mfu: 34.06 | epoch: 1 | eta: 20.8m
step 01493/02205 (67.71%) [ns3_ftrl_eta0p05] | loss: 3.226472 | lrm: 0.65 | dt: 1761.44ms | tok/s: 297,647 | mfu: 33.98 | epoch: 1 | eta: 20.8m
step 01494/02205 (67.76%) [ns3_ftrl_eta0p05] | loss: 3.224686 | lrm: 0.65 | dt: 1760.78ms | tok/s: 297,758 | mfu: 33.99 | epoch: 1 | eta: 20.8m
step 01495/02205 (67.80%) [ns3_ftrl_eta0p05] | loss: 3.229418 | lrm: 0.64 | dt: 1765.43ms | tok/s: 296,974 | mfu: 33.90 | epoch: 1 | eta: 20.7m
step 01496/02205 (67.85%) [ns3_ftrl_eta0p05] | loss: 3.230156 | lrm: 0.64 | dt: 1755.46ms | tok/s: 298,661 | mfu: 34.09 | epoch: 1 | eta: 20.7m
step 01497/02205 (67.89%) [ns3_ftrl_eta0p05] | loss: 3.220445 | lrm: 0.64 | dt: 1770.07ms | tok/s: 296,196 | mfu: 33.81 | epoch: 1 | eta: 20.7m
step 01498/02205 (67.94%) [ns3_ftrl_eta0p05] | loss: 3.228404 | lrm: 0.64 | dt: 1768.17ms | tok/s: 296,514 | mfu: 33.85 | epoch: 1 | eta: 20.6m
step 01499/02205 (67.98%) [ns3_ftrl_eta0p05] | loss: 3.219946 | lrm: 0.64 | dt: 1756.64ms | tok/s: 298,461 | mfu: 34.07 | epoch: 1 | eta: 20.6m
Step 01500 | val bpb: 0.946934
step 01500/02205 (68.03%) [ns3_ftrl_eta0p05] | loss: 3.210749 | lrm: 0.64 | dt: 1722.12ms | tok/s: 304,442 | mfu: 34.75 | epoch: 1 | eta: 20.6m
step 01501/02205 (68.07%) [ns3_ftrl_eta0p05] | loss: 3.206940 | lrm: 0.64 | dt: 1740.13ms | tok/s: 301,292 | mfu: 34.39 | epoch: 1 | eta: 20.6m
step 01502/02205 (68.12%) [ns3_ftrl_eta0p05] | loss: 3.211704 | lrm: 0.64 | dt: 1747.53ms | tok/s: 300,016 | mfu: 34.25 | epoch: 1 | eta: 20.5m
step 01503/02205 (68.16%) [ns3_ftrl_eta0p05] | loss: 3.206663 | lrm: 0.64 | dt: 1739.83ms | tok/s: 301,345 | mfu: 34.40 | epoch: 1 | eta: 20.5m
step 01504/02205 (68.21%) [ns3_ftrl_eta0p05] | loss: 3.202819 | lrm: 0.64 | dt: 1739.92ms | tok/s: 301,328 | mfu: 34.40 | epoch: 1 | eta: 20.5m
step 01505/02205 (68.25%) [ns3_ftrl_eta0p05] | loss: 3.191079 | lrm: 0.64 | dt: 1745.05ms | tok/s: 300,442 | mfu: 34.30 | epoch: 1 | eta: 20.4m
step 01506/02205 (68.30%) [ns3_ftrl_eta0p05] | loss: 3.195101 | lrm: 0.63 | dt: 1741.71ms | tok/s: 301,019 | mfu: 34.36 | epoch: 1 | eta: 20.4m
step 01507/02205 (68.34%) [ns3_ftrl_eta0p05] | loss: 3.194389 | lrm: 0.63 | dt: 1742.37ms | tok/s: 300,904 | mfu: 34.35 | epoch: 1 | eta: 20.4m
step 01508/02205 (68.39%) [ns3_ftrl_eta0p05] | loss: 3.208670 | lrm: 0.63 | dt: 1741.97ms | tok/s: 300,974 | mfu: 34.36 | epoch: 1 | eta: 20.4m
step 01509/02205 (68.44%) [ns3_ftrl_eta0p05] | loss: 3.203947 | lrm: 0.63 | dt: 1746.32ms | tok/s: 300,223 | mfu: 34.27 | epoch: 1 | eta: 20.3m
step 01510/02205 (68.48%) [ns3_ftrl_eta0p05] | loss: 3.193109 | lrm: 0.63 | dt: 1736.93ms | tok/s: 301,847 | mfu: 34.46 | epoch: 1 | eta: 20.3m
step 01511/02205 (68.53%) [ns3_ftrl_eta0p05] | loss: 3.195534 | lrm: 0.63 | dt: 1753.57ms | tok/s: 298,982 | mfu: 34.13 | epoch: 1 | eta: 20.3m
step 01512/02205 (68.57%) [ns3_ftrl_eta0p05] | loss: 3.203487 | lrm: 0.63 | dt: 1751.63ms | tok/s: 299,313 | mfu: 34.17 | epoch: 1 | eta: 20.2m
step 01513/02205 (68.62%) [ns3_ftrl_eta0p05] | loss: 3.202742 | lrm: 0.63 | dt: 1753.43ms | tok/s: 299,007 | mfu: 34.13 | epoch: 1 | eta: 20.2m
step 01514/02205 (68.66%) [ns3_ftrl_eta0p05] | loss: 3.196084 | lrm: 0.63 | dt: 1756.80ms | tok/s: 298,432 | mfu: 34.07 | epoch: 1 | eta: 20.2m
step 01515/02205 (68.71%) [ns3_ftrl_eta0p05] | loss: 3.195596 | lrm: 0.63 | dt: 1747.67ms | tok/s: 299,993 | mfu: 34.24 | epoch: 1 | eta: 20.1m
step 01516/02205 (68.75%) [ns3_ftrl_eta0p05] | loss: 3.200961 | lrm: 0.63 | dt: 1747.84ms | tok/s: 299,963 | mfu: 34.24 | epoch: 1 | eta: 20.1m
step 01517/02205 (68.80%) [ns3_ftrl_eta0p05] | loss: 3.213041 | lrm: 0.62 | dt: 1752.70ms | tok/s: 299,132 | mfu: 34.15 | epoch: 1 | eta: 20.1m
step 01518/02205 (68.84%) [ns3_ftrl_eta0p05] | loss: 3.205493 | lrm: 0.62 | dt: 1752.55ms | tok/s: 299,157 | mfu: 34.15 | epoch: 1 | eta: 20.1m
step 01519/02205 (68.89%) [ns3_ftrl_eta0p05] | loss: 3.203841 | lrm: 0.62 | dt: 1751.91ms | tok/s: 299,265 | mfu: 34.16 | epoch: 1 | eta: 20.0m
step 01520/02205 (68.93%) [ns3_ftrl_eta0p05] | loss: 3.199557 | lrm: 0.62 | dt: 1754.38ms | tok/s: 298,844 | mfu: 34.11 | epoch: 1 | eta: 20.0m
step 01521/02205 (68.98%) [ns3_ftrl_eta0p05] | loss: 3.207203 | lrm: 0.62 | dt: 1752.49ms | tok/s: 299,167 | mfu: 34.15 | epoch: 1 | eta: 20.0m
step 01522/02205 (69.02%) [ns3_ftrl_eta0p05] | loss: 3.208951 | lrm: 0.62 | dt: 1761.87ms | tok/s: 297,573 | mfu: 33.97 | epoch: 1 | eta: 19.9m
step 01523/02205 (69.07%) [ns3_ftrl_eta0p05] | loss: 3.222235 | lrm: 0.62 | dt: 1758.77ms | tok/s: 298,098 | mfu: 34.03 | epoch: 1 | eta: 19.9m
step 01524/02205 (69.12%) [ns3_ftrl_eta0p05] | loss: 3.228674 | lrm: 0.62 | dt: 1752.80ms | tok/s: 299,114 | mfu: 34.14 | epoch: 1 | eta: 19.9m
step 01525/02205 (69.16%) [ns3_ftrl_eta0p05] | loss: 3.224852 | lrm: 0.62 | dt: 1752.19ms | tok/s: 299,217 | mfu: 34.16 | epoch: 1 | eta: 19.9m
step 01526/02205 (69.21%) [ns3_ftrl_eta0p05] | loss: 3.222339 | lrm: 0.62 | dt: 1753.72ms | tok/s: 298,957 | mfu: 34.13 | epoch: 1 | eta: 19.8m
step 01527/02205 (69.25%) [ns3_ftrl_eta0p05] | loss: 3.216159 | lrm: 0.62 | dt: 1762.21ms | tok/s: 297,517 | mfu: 33.96 | epoch: 1 | eta: 19.8m
step 01528/02205 (69.30%) [ns3_ftrl_eta0p05] | loss: 3.213453 | lrm: 0.61 | dt: 1757.30ms | tok/s: 298,348 | mfu: 34.06 | epoch: 1 | eta: 19.8m
step 01529/02205 (69.34%) [ns3_ftrl_eta0p05] | loss: 3.216655 | lrm: 0.61 | dt: 1756.26ms | tok/s: 298,525 | mfu: 34.08 | epoch: 1 | eta: 19.7m
step 01530/02205 (69.39%) [ns3_ftrl_eta0p05] | loss: 3.214089 | lrm: 0.61 | dt: 1755.23ms | tok/s: 298,699 | mfu: 34.10 | epoch: 1 | eta: 19.7m
step 01531/02205 (69.43%) [ns3_ftrl_eta0p05] | loss: 3.214262 | lrm: 0.61 | dt: 1755.45ms | tok/s: 298,663 | mfu: 34.09 | epoch: 1 | eta: 19.7m
step 01532/02205 (69.48%) [ns3_ftrl_eta0p05] | loss: 3.208793 | lrm: 0.61 | dt: 1750.90ms | tok/s: 299,439 | mfu: 34.18 | epoch: 1 | eta: 19.7m
step 01533/02205 (69.52%) [ns3_ftrl_eta0p05] | loss: 3.207264 | lrm: 0.61 | dt: 1764.83ms | tok/s: 297,075 | mfu: 33.91 | epoch: 1 | eta: 19.6m
step 01534/02205 (69.57%) [ns3_ftrl_eta0p05] | loss: 3.212965 | lrm: 0.61 | dt: 1757.02ms | tok/s: 298,396 | mfu: 34.06 | epoch: 1 | eta: 19.6m
step 01535/02205 (69.61%) [ns3_ftrl_eta0p05] | loss: 3.214345 | lrm: 0.61 | dt: 1750.48ms | tok/s: 299,510 | mfu: 34.19 | epoch: 1 | eta: 19.6m
step 01536/02205 (69.66%) [ns3_ftrl_eta0p05] | loss: 3.213297 | lrm: 0.61 | dt: 1758.66ms | tok/s: 298,118 | mfu: 34.03 | epoch: 1 | eta: 19.5m
step 01537/02205 (69.71%) [ns3_ftrl_eta0p05] | loss: 3.223495 | lrm: 0.61 | dt: 1766.04ms | tok/s: 296,871 | mfu: 33.89 | epoch: 1 | eta: 19.5m
step 01538/02205 (69.75%) [ns3_ftrl_eta0p05] | loss: 3.228957 | lrm: 0.61 | dt: 1754.74ms | tok/s: 298,783 | mfu: 34.11 | epoch: 1 | eta: 19.5m
step 01539/02205 (69.80%) [ns3_ftrl_eta0p05] | loss: 3.232330 | lrm: 0.60 | dt: 1763.75ms | tok/s: 297,257 | mfu: 33.93 | epoch: 1 | eta: 19.4m
step 01540/02205 (69.84%) [ns3_ftrl_eta0p05] | loss: 3.232402 | lrm: 0.60 | dt: 1759.82ms | tok/s: 297,921 | mfu: 34.01 | epoch: 1 | eta: 19.4m
step 01541/02205 (69.89%) [ns3_ftrl_eta0p05] | loss: 3.225918 | lrm: 0.60 | dt: 1746.46ms | tok/s: 300,200 | mfu: 34.27 | epoch: 1 | eta: 19.4m
step 01542/02205 (69.93%) [ns3_ftrl_eta0p05] | loss: 3.229225 | lrm: 0.60 | dt: 1759.07ms | tok/s: 298,047 | mfu: 34.02 | epoch: 1 | eta: 19.4m
step 01543/02205 (69.98%) [ns3_ftrl_eta0p05] | loss: 3.226953 | lrm: 0.60 | dt: 1753.57ms | tok/s: 298,983 | mfu: 34.13 | epoch: 1 | eta: 19.3m
step 01544/02205 (70.02%) [ns3_ftrl_eta0p05] | loss: 3.241687 | lrm: 0.60 | dt: 1762.45ms | tok/s: 297,476 | mfu: 33.96 | epoch: 1 | eta: 19.3m
step 01545/02205 (70.07%) [ns3_ftrl_eta0p05] | loss: 3.236613 | lrm: 0.60 | dt: 1760.81ms | tok/s: 297,753 | mfu: 33.99 | epoch: 1 | eta: 19.3m
step 01546/02205 (70.11%) [ns3_ftrl_eta0p05] | loss: 3.239582 | lrm: 0.60 | dt: 1768.24ms | tok/s: 296,503 | mfu: 33.85 | epoch: 1 | eta: 19.2m
step 01547/02205 (70.16%) [ns3_ftrl_eta0p05] | loss: 3.233201 | lrm: 0.60 | dt: 1746.90ms | tok/s: 300,125 | mfu: 34.26 | epoch: 1 | eta: 19.2m
step 01548/02205 (70.20%) [ns3_ftrl_eta0p05] | loss: 3.226004 | lrm: 0.60 | dt: 1756.26ms | tok/s: 298,525 | mfu: 34.08 | epoch: 1 | eta: 19.2m
step 01549/02205 (70.25%) [ns3_ftrl_eta0p05] | loss: 3.227117 | lrm: 0.60 | dt: 1766.97ms | tok/s: 296,715 | mfu: 33.87 | epoch: 1 | eta: 19.2m
step 01550/02205 (70.29%) [ns3_ftrl_eta0p05] | loss: 3.228040 | lrm: 0.59 | dt: 1755.29ms | tok/s: 298,689 | mfu: 34.10 | epoch: 1 | eta: 19.1m
step 01551/02205 (70.34%) [ns3_ftrl_eta0p05] | loss: 3.220498 | lrm: 0.59 | dt: 1766.15ms | tok/s: 296,853 | mfu: 33.89 | epoch: 1 | eta: 19.1m
step 01552/02205 (70.39%) [ns3_ftrl_eta0p05] | loss: 3.214802 | lrm: 0.59 | dt: 1756.53ms | tok/s: 298,480 | mfu: 34.07 | epoch: 1 | eta: 19.1m
step 01553/02205 (70.43%) [ns3_ftrl_eta0p05] | loss: 3.210452 | lrm: 0.59 | dt: 1752.29ms | tok/s: 299,202 | mfu: 34.15 | epoch: 1 | eta: 19.0m
step 01554/02205 (70.48%) [ns3_ftrl_eta0p05] | loss: 3.216638 | lrm: 0.59 | dt: 1759.03ms | tok/s: 298,054 | mfu: 34.02 | epoch: 1 | eta: 19.0m
step 01555/02205 (70.52%) [ns3_ftrl_eta0p05] | loss: 3.220949 | lrm: 0.59 | dt: 1758.97ms | tok/s: 298,065 | mfu: 34.02 | epoch: 1 | eta: 19.0m
step 01556/02205 (70.57%) [ns3_ftrl_eta0p05] | loss: 3.224050 | lrm: 0.59 | dt: 1756.79ms | tok/s: 298,435 | mfu: 34.07 | epoch: 1 | eta: 19.0m
step 01557/02205 (70.61%) [ns3_ftrl_eta0p05] | loss: 3.227543 | lrm: 0.59 | dt: 1759.83ms | tok/s: 297,920 | mfu: 34.01 | epoch: 1 | eta: 18.9m
step 01558/02205 (70.66%) [ns3_ftrl_eta0p05] | loss: 3.229367 | lrm: 0.59 | dt: 1764.66ms | tok/s: 297,104 | mfu: 33.91 | epoch: 1 | eta: 18.9m
step 01559/02205 (70.70%) [ns3_ftrl_eta0p05] | loss: 3.224486 | lrm: 0.59 | dt: 1756.32ms | tok/s: 298,515 | mfu: 34.08 | epoch: 1 | eta: 18.9m
step 01560/02205 (70.75%) [ns3_ftrl_eta0p05] | loss: 3.223544 | lrm: 0.59 | dt: 1764.38ms | tok/s: 297,151 | mfu: 33.92 | epoch: 1 | eta: 18.8m
step 01561/02205 (70.79%) [ns3_ftrl_eta0p05] | loss: 3.218981 | lrm: 0.58 | dt: 1758.78ms | tok/s: 298,097 | mfu: 34.03 | epoch: 1 | eta: 18.8m
step 01562/02205 (70.84%) [ns3_ftrl_eta0p05] | loss: 3.217499 | lrm: 0.58 | dt: 1752.42ms | tok/s: 299,178 | mfu: 34.15 | epoch: 1 | eta: 18.8m
step 01563/02205 (70.88%) [ns3_ftrl_eta0p05] | loss: 3.215496 | lrm: 0.58 | dt: 1767.77ms | tok/s: 296,581 | mfu: 33.86 | epoch: 1 | eta: 18.7m
step 01564/02205 (70.93%) [ns3_ftrl_eta0p05] | loss: 3.214796 | lrm: 0.58 | dt: 1756.69ms | tok/s: 298,452 | mfu: 34.07 | epoch: 1 | eta: 18.7m
step 01565/02205 (70.98%) [ns3_ftrl_eta0p05] | loss: 3.210486 | lrm: 0.58 | dt: 1748.82ms | tok/s: 299,795 | mfu: 34.22 | epoch: 1 | eta: 18.7m
step 01566/02205 (71.02%) [ns3_ftrl_eta0p05] | loss: 3.213659 | lrm: 0.58 | dt: 1760.23ms | tok/s: 297,851 | mfu: 34.00 | epoch: 1 | eta: 18.7m
step 01567/02205 (71.07%) [ns3_ftrl_eta0p05] | loss: 3.211622 | lrm: 0.58 | dt: 1766.52ms | tok/s: 296,791 | mfu: 33.88 | epoch: 1 | eta: 18.6m
step 01568/02205 (71.11%) [ns3_ftrl_eta0p05] | loss: 3.209747 | lrm: 0.58 | dt: 1753.45ms | tok/s: 299,004 | mfu: 34.13 | epoch: 1 | eta: 18.6m
step 01569/02205 (71.16%) [ns3_ftrl_eta0p05] | loss: 3.208798 | lrm: 0.58 | dt: 1753.22ms | tok/s: 299,043 | mfu: 34.14 | epoch: 1 | eta: 18.6m
step 01570/02205 (71.20%) [ns3_ftrl_eta0p05] | loss: 3.199214 | lrm: 0.58 | dt: 1759.10ms | tok/s: 298,043 | mfu: 34.02 | epoch: 1 | eta: 18.5m
step 01571/02205 (71.25%) [ns3_ftrl_eta0p05] | loss: 3.198538 | lrm: 0.58 | dt: 1763.54ms | tok/s: 297,293 | mfu: 33.94 | epoch: 1 | eta: 18.5m
step 01572/02205 (71.29%) [ns3_ftrl_eta0p05] | loss: 3.202620 | lrm: 0.57 | dt: 1756.23ms | tok/s: 298,529 | mfu: 34.08 | epoch: 1 | eta: 18.5m
step 01573/02205 (71.34%) [ns3_ftrl_eta0p05] | loss: 3.196511 | lrm: 0.57 | dt: 1755.97ms | tok/s: 298,574 | mfu: 34.08 | epoch: 1 | eta: 18.5m
step 01574/02205 (71.38%) [ns3_ftrl_eta0p05] | loss: 3.199718 | lrm: 0.57 | dt: 1768.83ms | tok/s: 296,404 | mfu: 33.83 | epoch: 1 | eta: 18.4m
step 01575/02205 (71.43%) [ns3_ftrl_eta0p05] | loss: 3.203713 | lrm: 0.57 | dt: 1766.58ms | tok/s: 296,781 | mfu: 33.88 | epoch: 1 | eta: 18.4m
step 01576/02205 (71.47%) [ns3_ftrl_eta0p05] | loss: 3.199102 | lrm: 0.57 | dt: 1761.05ms | tok/s: 297,713 | mfu: 33.98 | epoch: 1 | eta: 18.4m
step 01577/02205 (71.52%) [ns3_ftrl_eta0p05] | loss: 3.202709 | lrm: 0.57 | dt: 1754.30ms | tok/s: 298,859 | mfu: 34.12 | epoch: 1 | eta: 18.3m
step 01578/02205 (71.56%) [ns3_ftrl_eta0p05] | loss: 3.191253 | lrm: 0.57 | dt: 1760.46ms | tok/s: 297,813 | mfu: 34.00 | epoch: 1 | eta: 18.3m
step 01579/02205 (71.61%) [ns3_ftrl_eta0p05] | loss: 3.197455 | lrm: 0.57 | dt: 1763.18ms | tok/s: 297,353 | mfu: 33.94 | epoch: 1 | eta: 18.3m
step 01580/02205 (71.66%) [ns3_ftrl_eta0p05] | loss: 3.195335 | lrm: 0.57 | dt: 1750.16ms | tok/s: 299,565 | mfu: 34.20 | epoch: 1 | eta: 18.3m
step 01581/02205 (71.70%) [ns3_ftrl_eta0p05] | loss: 3.187151 | lrm: 0.57 | dt: 1764.91ms | tok/s: 297,062 | mfu: 33.91 | epoch: 1 | eta: 18.2m
step 01582/02205 (71.75%) [ns3_ftrl_eta0p05] | loss: 3.188649 | lrm: 0.57 | dt: 1761.03ms | tok/s: 297,717 | mfu: 33.98 | epoch: 1 | eta: 18.2m
step 01583/02205 (71.79%) [ns3_ftrl_eta0p05] | loss: 3.189762 | lrm: 0.56 | dt: 1755.45ms | tok/s: 298,662 | mfu: 34.09 | epoch: 1 | eta: 18.2m
step 01584/02205 (71.84%) [ns3_ftrl_eta0p05] | loss: 3.192015 | lrm: 0.56 | dt: 1760.99ms | tok/s: 297,723 | mfu: 33.99 | epoch: 1 | eta: 18.1m
step 01585/02205 (71.88%) [ns3_ftrl_eta0p05] | loss: 3.198056 | lrm: 0.56 | dt: 1756.64ms | tok/s: 298,460 | mfu: 34.07 | epoch: 1 | eta: 18.1m
step 01586/02205 (71.93%) [ns3_ftrl_eta0p05] | loss: 3.197763 | lrm: 0.56 | dt: 1749.79ms | tok/s: 299,629 | mfu: 34.20 | epoch: 1 | eta: 18.1m
step 01587/02205 (71.97%) [ns3_ftrl_eta0p05] | loss: 3.188462 | lrm: 0.56 | dt: 1759.66ms | tok/s: 297,947 | mfu: 34.01 | epoch: 1 | eta: 18.0m
step 01588/02205 (72.02%) [ns3_ftrl_eta0p05] | loss: 3.193511 | lrm: 0.56 | dt: 1767.75ms | tok/s: 296,584 | mfu: 33.86 | epoch: 1 | eta: 18.0m
step 01589/02205 (72.06%) [ns3_ftrl_eta0p05] | loss: 3.195458 | lrm: 0.56 | dt: 1755.37ms | tok/s: 298,676 | mfu: 34.09 | epoch: 1 | eta: 18.0m
step 01590/02205 (72.11%) [ns3_ftrl_eta0p05] | loss: 3.198789 | lrm: 0.56 | dt: 1768.64ms | tok/s: 296,436 | mfu: 33.84 | epoch: 1 | eta: 18.0m
step 01591/02205 (72.15%) [ns3_ftrl_eta0p05] | loss: 3.214311 | lrm: 0.56 | dt: 1764.77ms | tok/s: 297,086 | mfu: 33.91 | epoch: 1 | eta: 17.9m
step 01592/02205 (72.20%) [ns3_ftrl_eta0p05] | loss: 3.213276 | lrm: 0.56 | dt: 1755.30ms | tok/s: 298,689 | mfu: 34.10 | epoch: 1 | eta: 17.9m
step 01593/02205 (72.24%) [ns3_ftrl_eta0p05] | loss: 3.203979 | lrm: 0.56 | dt: 1756.92ms | tok/s: 298,413 | mfu: 34.06 | epoch: 1 | eta: 17.9m
step 01594/02205 (72.29%) [ns3_ftrl_eta0p05] | loss: 3.200930 | lrm: 0.55 | dt: 1764.29ms | tok/s: 297,165 | mfu: 33.92 | epoch: 1 | eta: 17.8m
step 01595/02205 (72.34%) [ns3_ftrl_eta0p05] | loss: 3.190123 | lrm: 0.55 | dt: 1760.96ms | tok/s: 297,728 | mfu: 33.99 | epoch: 1 | eta: 17.8m
step 01596/02205 (72.38%) [ns3_ftrl_eta0p05] | loss: 3.193149 | lrm: 0.55 | dt: 1766.02ms | tok/s: 296,874 | mfu: 33.89 | epoch: 1 | eta: 17.8m
step 01597/02205 (72.43%) [ns3_ftrl_eta0p05] | loss: 3.205280 | lrm: 0.55 | dt: 1756.39ms | tok/s: 298,503 | mfu: 34.07 | epoch: 1 | eta: 17.8m
step 01598/02205 (72.47%) [ns3_ftrl_eta0p05] | loss: 3.204369 | lrm: 0.55 | dt: 1752.36ms | tok/s: 299,190 | mfu: 34.15 | epoch: 1 | eta: 17.7m
step 01599/02205 (72.52%) [ns3_ftrl_eta0p05] | loss: 3.198219 | lrm: 0.55 | dt: 1761.53ms | tok/s: 297,631 | mfu: 33.97 | epoch: 1 | eta: 17.7m
step 01600/02205 (72.56%) [ns3_ftrl_eta0p05] | loss: 3.198575 | lrm: 0.55 | dt: 1763.26ms | tok/s: 297,340 | mfu: 33.94 | epoch: 1 | eta: 17.7m
step 01601/02205 (72.61%) [ns3_ftrl_eta0p05] | loss: 3.194611 | lrm: 0.55 | dt: 1765.87ms | tok/s: 296,901 | mfu: 33.89 | epoch: 1 | eta: 17.6m
step 01602/02205 (72.65%) [ns3_ftrl_eta0p05] | loss: 3.199732 | lrm: 0.55 | dt: 1760.19ms | tok/s: 297,858 | mfu: 34.00 | epoch: 1 | eta: 17.6m
step 01603/02205 (72.70%) [ns3_ftrl_eta0p05] | loss: 3.200246 | lrm: 0.55 | dt: 1770.23ms | tok/s: 296,169 | mfu: 33.81 | epoch: 1 | eta: 17.6m
step 01604/02205 (72.74%) [ns3_ftrl_eta0p05] | loss: 3.207262 | lrm: 0.55 | dt: 1760.25ms | tok/s: 297,849 | mfu: 34.00 | epoch: 1 | eta: 17.6m
step 01605/02205 (72.79%) [ns3_ftrl_eta0p05] | loss: 3.208615 | lrm: 0.54 | dt: 1750.42ms | tok/s: 299,520 | mfu: 34.19 | epoch: 1 | eta: 17.5m
step 01606/02205 (72.83%) [ns3_ftrl_eta0p05] | loss: 3.210599 | lrm: 0.54 | dt: 1754.72ms | tok/s: 298,787 | mfu: 34.11 | epoch: 1 | eta: 17.5m
step 01607/02205 (72.88%) [ns3_ftrl_eta0p05] | loss: 3.205555 | lrm: 0.54 | dt: 1760.78ms | tok/s: 297,758 | mfu: 33.99 | epoch: 1 | eta: 17.5m
step 01608/02205 (72.93%) [ns3_ftrl_eta0p05] | loss: 3.205707 | lrm: 0.54 | dt: 1749.76ms | tok/s: 299,633 | mfu: 34.20 | epoch: 1 | eta: 17.4m
step 01609/02205 (72.97%) [ns3_ftrl_eta0p05] | loss: 3.207709 | lrm: 0.54 | dt: 1759.13ms | tok/s: 298,038 | mfu: 34.02 | epoch: 1 | eta: 17.4m
step 01610/02205 (73.02%) [ns3_ftrl_eta0p05] | loss: 3.194493 | lrm: 0.54 | dt: 1757.94ms | tok/s: 298,239 | mfu: 34.04 | epoch: 1 | eta: 17.4m
step 01611/02205 (73.06%) [ns3_ftrl_eta0p05] | loss: 3.201379 | lrm: 0.54 | dt: 1759.66ms | tok/s: 297,948 | mfu: 34.01 | epoch: 1 | eta: 17.3m
step 01612/02205 (73.11%) [ns3_ftrl_eta0p05] | loss: 3.200472 | lrm: 0.54 | dt: 1762.92ms | tok/s: 297,397 | mfu: 33.95 | epoch: 1 | eta: 17.3m
step 01613/02205 (73.15%) [ns3_ftrl_eta0p05] | loss: 3.190436 | lrm: 0.54 | dt: 1767.94ms | tok/s: 296,553 | mfu: 33.85 | epoch: 1 | eta: 17.3m
step 01614/02205 (73.20%) [ns3_ftrl_eta0p05] | loss: 3.194875 | lrm: 0.54 | dt: 1751.14ms | tok/s: 299,398 | mfu: 34.18 | epoch: 1 | eta: 17.3m
step 01615/02205 (73.24%) [ns3_ftrl_eta0p05] | loss: 3.200136 | lrm: 0.54 | dt: 1767.89ms | tok/s: 296,560 | mfu: 33.85 | epoch: 1 | eta: 17.2m
step 01616/02205 (73.29%) [ns3_ftrl_eta0p05] | loss: 3.208519 | lrm: 0.53 | dt: 1753.68ms | tok/s: 298,964 | mfu: 34.13 | epoch: 1 | eta: 17.2m
step 01617/02205 (73.33%) [ns3_ftrl_eta0p05] | loss: 3.213254 | lrm: 0.53 | dt: 1752.67ms | tok/s: 299,135 | mfu: 34.15 | epoch: 1 | eta: 17.2m
step 01618/02205 (73.38%) [ns3_ftrl_eta0p05] | loss: 3.207062 | lrm: 0.53 | dt: 1752.74ms | tok/s: 299,125 | mfu: 34.15 | epoch: 1 | eta: 17.1m
step 01619/02205 (73.42%) [ns3_ftrl_eta0p05] | loss: 3.198028 | lrm: 0.53 | dt: 1753.53ms | tok/s: 298,990 | mfu: 34.13 | epoch: 1 | eta: 17.1m
step 01620/02205 (73.47%) [ns3_ftrl_eta0p05] | loss: 3.196360 | lrm: 0.53 | dt: 1752.51ms | tok/s: 299,164 | mfu: 34.15 | epoch: 1 | eta: 17.1m
step 01621/02205 (73.51%) [ns3_ftrl_eta0p05] | loss: 3.194718 | lrm: 0.53 | dt: 1764.94ms | tok/s: 297,056 | mfu: 33.91 | epoch: 1 | eta: 17.1m
step 01622/02205 (73.56%) [ns3_ftrl_eta0p05] | loss: 3.194706 | lrm: 0.53 | dt: 1757.64ms | tok/s: 298,291 | mfu: 34.05 | epoch: 1 | eta: 17.0m
step 01623/02205 (73.61%) [ns3_ftrl_eta0p05] | loss: 3.197607 | lrm: 0.53 | dt: 1768.63ms | tok/s: 296,436 | mfu: 33.84 | epoch: 1 | eta: 17.0m
step 01624/02205 (73.65%) [ns3_ftrl_eta0p05] | loss: 3.202379 | lrm: 0.53 | dt: 1754.05ms | tok/s: 298,902 | mfu: 34.12 | epoch: 1 | eta: 17.0m
step 01625/02205 (73.70%) [ns3_ftrl_eta0p05] | loss: 3.207987 | lrm: 0.53 | dt: 1752.97ms | tok/s: 299,086 | mfu: 34.14 | epoch: 1 | eta: 16.9m
step 01626/02205 (73.74%) [ns3_ftrl_eta0p05] | loss: 3.199298 | lrm: 0.53 | dt: 1759.70ms | tok/s: 297,942 | mfu: 34.01 | epoch: 1 | eta: 16.9m
step 01627/02205 (73.79%) [ns3_ftrl_eta0p05] | loss: 3.204858 | lrm: 0.52 | dt: 1765.23ms | tok/s: 297,007 | mfu: 33.90 | epoch: 1 | eta: 16.9m
step 01628/02205 (73.83%) [ns3_ftrl_eta0p05] | loss: 3.207906 | lrm: 0.52 | dt: 1753.05ms | tok/s: 299,071 | mfu: 34.14 | epoch: 1 | eta: 16.9m
step 01629/02205 (73.88%) [ns3_ftrl_eta0p05] | loss: 3.203815 | lrm: 0.52 | dt: 1772.56ms | tok/s: 295,780 | mfu: 33.76 | epoch: 1 | eta: 16.8m
step 01630/02205 (73.92%) [ns3_ftrl_eta0p05] | loss: 3.204256 | lrm: 0.52 | dt: 1768.29ms | tok/s: 296,493 | mfu: 33.85 | epoch: 1 | eta: 16.8m
step 01631/02205 (73.97%) [ns3_ftrl_eta0p05] | loss: 3.204724 | lrm: 0.52 | dt: 1756.31ms | tok/s: 298,516 | mfu: 34.08 | epoch: 1 | eta: 16.8m
step 01632/02205 (74.01%) [ns3_ftrl_eta0p05] | loss: 3.189624 | lrm: 0.52 | dt: 1761.68ms | tok/s: 297,606 | mfu: 33.97 | epoch: 1 | eta: 16.7m
step 01633/02205 (74.06%) [ns3_ftrl_eta0p05] | loss: 3.187253 | lrm: 0.52 | dt: 1759.72ms | tok/s: 297,939 | mfu: 34.01 | epoch: 1 | eta: 16.7m
step 01634/02205 (74.10%) [ns3_ftrl_eta0p05] | loss: 3.188438 | lrm: 0.52 | dt: 1768.26ms | tok/s: 296,498 | mfu: 33.85 | epoch: 1 | eta: 16.7m
step 01635/02205 (74.15%) [ns3_ftrl_eta0p05] | loss: 3.179906 | lrm: 0.52 | dt: 1754.50ms | tok/s: 298,824 | mfu: 34.11 | epoch: 1 | eta: 16.6m
step 01636/02205 (74.20%) [ns3_ftrl_eta0p05] | loss: 3.176478 | lrm: 0.52 | dt: 1754.92ms | tok/s: 298,753 | mfu: 34.10 | epoch: 1 | eta: 16.6m
step 01637/02205 (74.24%) [ns3_ftrl_eta0p05] | loss: 3.182228 | lrm: 0.52 | dt: 1757.11ms | tok/s: 298,380 | mfu: 34.06 | epoch: 1 | eta: 16.6m
step 01638/02205 (74.29%) [ns3_ftrl_eta0p05] | loss: 3.185088 | lrm: 0.51 | dt: 1751.61ms | tok/s: 299,318 | mfu: 34.17 | epoch: 1 | eta: 16.6m
step 01639/02205 (74.33%) [ns3_ftrl_eta0p05] | loss: 3.190888 | lrm: 0.51 | dt: 1756.70ms | tok/s: 298,450 | mfu: 34.07 | epoch: 1 | eta: 16.5m
step 01640/02205 (74.38%) [ns3_ftrl_eta0p05] | loss: 3.182320 | lrm: 0.51 | dt: 1768.08ms | tok/s: 296,529 | mfu: 33.85 | epoch: 1 | eta: 16.5m
step 01641/02205 (74.42%) [ns3_ftrl_eta0p05] | loss: 3.185355 | lrm: 0.51 | dt: 1758.34ms | tok/s: 298,171 | mfu: 34.04 | epoch: 1 | eta: 16.5m
step 01642/02205 (74.47%) [ns3_ftrl_eta0p05] | loss: 3.185312 | lrm: 0.51 | dt: 1755.22ms | tok/s: 298,702 | mfu: 34.10 | epoch: 1 | eta: 16.4m
step 01643/02205 (74.51%) [ns3_ftrl_eta0p05] | loss: 3.190358 | lrm: 0.51 | dt: 1762.81ms | tok/s: 297,415 | mfu: 33.95 | epoch: 1 | eta: 16.4m
step 01644/02205 (74.56%) [ns3_ftrl_eta0p05] | loss: 3.200455 | lrm: 0.51 | dt: 1756.24ms | tok/s: 298,529 | mfu: 34.08 | epoch: 1 | eta: 16.4m
step 01645/02205 (74.60%) [ns3_ftrl_eta0p05] | loss: 3.197182 | lrm: 0.51 | dt: 1768.74ms | tok/s: 296,419 | mfu: 33.84 | epoch: 1 | eta: 16.4m
step 01646/02205 (74.65%) [ns3_ftrl_eta0p05] | loss: 3.202010 | lrm: 0.51 | dt: 1760.67ms | tok/s: 297,777 | mfu: 33.99 | epoch: 1 | eta: 16.3m
step 01647/02205 (74.69%) [ns3_ftrl_eta0p05] | loss: 3.186881 | lrm: 0.51 | dt: 1762.76ms | tok/s: 297,424 | mfu: 33.95 | epoch: 1 | eta: 16.3m
step 01648/02205 (74.74%) [ns3_ftrl_eta0p05] | loss: 3.184323 | lrm: 0.51 | dt: 1754.91ms | tok/s: 298,755 | mfu: 34.10 | epoch: 1 | eta: 16.3m
step 01649/02205 (74.78%) [ns3_ftrl_eta0p05] | loss: 3.174104 | lrm: 0.50 | dt: 1758.77ms | tok/s: 298,099 | mfu: 34.03 | epoch: 1 | eta: 16.2m
step 01650/02205 (74.83%) [ns3_ftrl_eta0p05] | loss: 3.173749 | lrm: 0.50 | dt: 1765.74ms | tok/s: 296,922 | mfu: 33.89 | epoch: 1 | eta: 16.2m
step 01651/02205 (74.88%) [ns3_ftrl_eta0p05] | loss: 3.167218 | lrm: 0.50 | dt: 1752.57ms | tok/s: 299,153 | mfu: 34.15 | epoch: 1 | eta: 16.2m
step 01652/02205 (74.92%) [ns3_ftrl_eta0p05] | loss: 3.157633 | lrm: 0.50 | dt: 1760.49ms | tok/s: 297,807 | mfu: 34.00 | epoch: 1 | eta: 16.2m
step 01653/02205 (74.97%) [ns3_ftrl_eta0p05] | loss: 3.156776 | lrm: 0.50 | dt: 1765.31ms | tok/s: 296,994 | mfu: 33.90 | epoch: 1 | eta: 16.1m
step 01654/02205 (75.01%) [ns3_ftrl_eta0p05] | loss: 3.157905 | lrm: 0.50 | dt: 1750.50ms | tok/s: 299,508 | mfu: 34.19 | epoch: 1 | eta: 16.1m
step 01655/02205 (75.06%) [ns3_ftrl_eta0p05] | loss: 3.147191 | lrm: 0.50 | dt: 1753.90ms | tok/s: 298,926 | mfu: 34.12 | epoch: 1 | eta: 16.1m
step 01656/02205 (75.10%) [ns3_ftrl_eta0p05] | loss: 3.153197 | lrm: 0.50 | dt: 1755.28ms | tok/s: 298,692 | mfu: 34.10 | epoch: 1 | eta: 16.0m
step 01657/02205 (75.15%) [ns3_ftrl_eta0p05] | loss: 3.161237 | lrm: 0.50 | dt: 1765.32ms | tok/s: 296,993 | mfu: 33.90 | epoch: 1 | eta: 16.0m
step 01658/02205 (75.19%) [ns3_ftrl_eta0p05] | loss: 3.158112 | lrm: 0.50 | dt: 1758.65ms | tok/s: 298,119 | mfu: 34.03 | epoch: 1 | eta: 16.0m
step 01659/02205 (75.24%) [ns3_ftrl_eta0p05] | loss: 3.161765 | lrm: 0.50 | dt: 1765.26ms | tok/s: 297,003 | mfu: 33.90 | epoch: 1 | eta: 15.9m
step 01660/02205 (75.28%) [ns3_ftrl_eta0p05] | loss: 3.156182 | lrm: 0.49 | dt: 1752.28ms | tok/s: 299,203 | mfu: 34.15 | epoch: 1 | eta: 15.9m
step 01661/02205 (75.33%) [ns3_ftrl_eta0p05] | loss: 3.165325 | lrm: 0.49 | dt: 1770.17ms | tok/s: 296,178 | mfu: 33.81 | epoch: 1 | eta: 15.9m
step 01662/02205 (75.37%) [ns3_ftrl_eta0p05] | loss: 3.164569 | lrm: 0.49 | dt: 1753.51ms | tok/s: 298,993 | mfu: 34.13 | epoch: 1 | eta: 15.9m
step 01663/02205 (75.42%) [ns3_ftrl_eta0p05] | loss: 3.163966 | lrm: 0.49 | dt: 1750.88ms | tok/s: 299,442 | mfu: 34.18 | epoch: 1 | eta: 15.8m
step 01664/02205 (75.46%) [ns3_ftrl_eta0p05] | loss: 3.170839 | lrm: 0.49 | dt: 1753.04ms | tok/s: 299,074 | mfu: 34.14 | epoch: 1 | eta: 15.8m
step 01665/02205 (75.51%) [ns3_ftrl_eta0p05] | loss: 3.182408 | lrm: 0.49 | dt: 1758.03ms | tok/s: 298,225 | mfu: 34.04 | epoch: 1 | eta: 15.8m
step 01666/02205 (75.56%) [ns3_ftrl_eta0p05] | loss: 3.189035 | lrm: 0.49 | dt: 1759.07ms | tok/s: 298,048 | mfu: 34.02 | epoch: 1 | eta: 15.7m
step 01667/02205 (75.60%) [ns3_ftrl_eta0p05] | loss: 3.182775 | lrm: 0.49 | dt: 1761.50ms | tok/s: 297,637 | mfu: 33.98 | epoch: 1 | eta: 15.7m
step 01668/02205 (75.65%) [ns3_ftrl_eta0p05] | loss: 3.184378 | lrm: 0.49 | dt: 1753.34ms | tok/s: 299,022 | mfu: 34.13 | epoch: 1 | eta: 15.7m
step 01669/02205 (75.69%) [ns3_ftrl_eta0p05] | loss: 3.188292 | lrm: 0.49 | dt: 1763.62ms | tok/s: 297,280 | mfu: 33.93 | epoch: 1 | eta: 15.7m
step 01670/02205 (75.74%) [ns3_ftrl_eta0p05] | loss: 3.187153 | lrm: 0.49 | dt: 1759.39ms | tok/s: 297,993 | mfu: 34.02 | epoch: 1 | eta: 15.6m
step 01671/02205 (75.78%) [ns3_ftrl_eta0p05] | loss: 3.176908 | lrm: 0.48 | dt: 1752.00ms | tok/s: 299,251 | mfu: 34.16 | epoch: 1 | eta: 15.6m
step 01672/02205 (75.83%) [ns3_ftrl_eta0p05] | loss: 3.175049 | lrm: 0.48 | dt: 1755.51ms | tok/s: 298,652 | mfu: 34.09 | epoch: 1 | eta: 15.6m
step 01673/02205 (75.87%) [ns3_ftrl_eta0p05] | loss: 3.184067 | lrm: 0.48 | dt: 1767.27ms | tok/s: 296,665 | mfu: 33.86 | epoch: 1 | eta: 15.5m
step 01674/02205 (75.92%) [ns3_ftrl_eta0p05] | loss: 3.173018 | lrm: 0.48 | dt: 1760.07ms | tok/s: 297,879 | mfu: 34.00 | epoch: 1 | eta: 15.5m
step 01675/02205 (75.96%) [ns3_ftrl_eta0p05] | loss: 3.155251 | lrm: 0.48 | dt: 1767.09ms | tok/s: 296,695 | mfu: 33.87 | epoch: 1 | eta: 15.5m
step 01676/02205 (76.01%) [ns3_ftrl_eta0p05] | loss: 3.158827 | lrm: 0.48 | dt: 1758.15ms | tok/s: 298,205 | mfu: 34.04 | epoch: 1 | eta: 15.5m
step 01677/02205 (76.05%) [ns3_ftrl_eta0p05] | loss: 3.164559 | lrm: 0.48 | dt: 1764.36ms | tok/s: 297,154 | mfu: 33.92 | epoch: 1 | eta: 15.4m
step 01678/02205 (76.10%) [ns3_ftrl_eta0p05] | loss: 3.170238 | lrm: 0.48 | dt: 1755.47ms | tok/s: 298,659 | mfu: 34.09 | epoch: 1 | eta: 15.4m
step 01679/02205 (76.15%) [ns3_ftrl_eta0p05] | loss: 3.168832 | lrm: 0.48 | dt: 1765.80ms | tok/s: 296,911 | mfu: 33.89 | epoch: 1 | eta: 15.4m
step 01680/02205 (76.19%) [ns3_ftrl_eta0p05] | loss: 3.172365 | lrm: 0.48 | dt: 1758.07ms | tok/s: 298,218 | mfu: 34.04 | epoch: 1 | eta: 15.3m
step 01681/02205 (76.24%) [ns3_ftrl_eta0p05] | loss: 3.169707 | lrm: 0.48 | dt: 1748.00ms | tok/s: 299,935 | mfu: 34.24 | epoch: 1 | eta: 15.3m
step 01682/02205 (76.28%) [ns3_ftrl_eta0p05] | loss: 3.173514 | lrm: 0.47 | dt: 1751.31ms | tok/s: 299,369 | mfu: 34.17 | epoch: 1 | eta: 15.3m
step 01683/02205 (76.33%) [ns3_ftrl_eta0p05] | loss: 3.174992 | lrm: 0.47 | dt: 1752.81ms | tok/s: 299,113 | mfu: 34.14 | epoch: 1 | eta: 15.2m
step 01684/02205 (76.37%) [ns3_ftrl_eta0p05] | loss: 3.174989 | lrm: 0.47 | dt: 1758.42ms | tok/s: 298,158 | mfu: 34.04 | epoch: 1 | eta: 15.2m
step 01685/02205 (76.42%) [ns3_ftrl_eta0p05] | loss: 3.177752 | lrm: 0.47 | dt: 1768.57ms | tok/s: 296,447 | mfu: 33.84 | epoch: 1 | eta: 15.2m
step 01686/02205 (76.46%) [ns3_ftrl_eta0p05] | loss: 3.171688 | lrm: 0.47 | dt: 1755.32ms | tok/s: 298,684 | mfu: 34.10 | epoch: 1 | eta: 15.2m
step 01687/02205 (76.51%) [ns3_ftrl_eta0p05] | loss: 3.169890 | lrm: 0.47 | dt: 1764.97ms | tok/s: 297,052 | mfu: 33.91 | epoch: 1 | eta: 15.1m
step 01688/02205 (76.55%) [ns3_ftrl_eta0p05] | loss: 3.177557 | lrm: 0.47 | dt: 1757.92ms | tok/s: 298,243 | mfu: 34.04 | epoch: 1 | eta: 15.1m
step 01689/02205 (76.60%) [ns3_ftrl_eta0p05] | loss: 3.177771 | lrm: 0.47 | dt: 1764.03ms | tok/s: 297,209 | mfu: 33.93 | epoch: 1 | eta: 15.1m
step 01690/02205 (76.64%) [ns3_ftrl_eta0p05] | loss: 3.168889 | lrm: 0.47 | dt: 1757.21ms | tok/s: 298,364 | mfu: 34.06 | epoch: 1 | eta: 15.0m
step 01691/02205 (76.69%) [ns3_ftrl_eta0p05] | loss: 3.174130 | lrm: 0.47 | dt: 1753.51ms | tok/s: 298,993 | mfu: 34.13 | epoch: 1 | eta: 15.0m
step 01692/02205 (76.73%) [ns3_ftrl_eta0p05] | loss: 3.168948 | lrm: 0.47 | dt: 1757.28ms | tok/s: 298,351 | mfu: 34.06 | epoch: 1 | eta: 15.0m
step 01693/02205 (76.78%) [ns3_ftrl_eta0p05] | loss: 3.165366 | lrm: 0.46 | dt: 1763.10ms | tok/s: 297,366 | mfu: 33.94 | epoch: 1 | eta: 15.0m
step 01694/02205 (76.83%) [ns3_ftrl_eta0p05] | loss: 3.163235 | lrm: 0.46 | dt: 1755.63ms | tok/s: 298,633 | mfu: 34.09 | epoch: 1 | eta: 14.9m
step 01695/02205 (76.87%) [ns3_ftrl_eta0p05] | loss: 3.159234 | lrm: 0.46 | dt: 1766.45ms | tok/s: 296,803 | mfu: 33.88 | epoch: 1 | eta: 14.9m
step 01696/02205 (76.92%) [ns3_ftrl_eta0p05] | loss: 3.162447 | lrm: 0.46 | dt: 1758.35ms | tok/s: 298,171 | mfu: 34.04 | epoch: 1 | eta: 14.9m
step 01697/02205 (76.96%) [ns3_ftrl_eta0p05] | loss: 3.157522 | lrm: 0.46 | dt: 1768.62ms | tok/s: 296,439 | mfu: 33.84 | epoch: 1 | eta: 14.8m
step 01698/02205 (77.01%) [ns3_ftrl_eta0p05] | loss: 3.162110 | lrm: 0.46 | dt: 1757.04ms | tok/s: 298,392 | mfu: 34.06 | epoch: 1 | eta: 14.8m
step 01699/02205 (77.05%) [ns3_ftrl_eta0p05] | loss: 3.165752 | lrm: 0.46 | dt: 1753.27ms | tok/s: 299,034 | mfu: 34.14 | epoch: 1 | eta: 14.8m
step 01700/02205 (77.10%) [ns3_ftrl_eta0p05] | loss: 3.159499 | lrm: 0.46 | dt: 1763.98ms | tok/s: 297,218 | mfu: 33.93 | epoch: 1 | eta: 14.8m
step 01701/02205 (77.14%) [ns3_ftrl_eta0p05] | loss: 3.159418 | lrm: 0.46 | dt: 1759.03ms | tok/s: 298,054 | mfu: 34.02 | epoch: 1 | eta: 14.7m
step 01702/02205 (77.19%) [ns3_ftrl_eta0p05] | loss: 3.162093 | lrm: 0.46 | dt: 1761.81ms | tok/s: 297,585 | mfu: 33.97 | epoch: 1 | eta: 14.7m
step 01703/02205 (77.23%) [ns3_ftrl_eta0p05] | loss: 3.171342 | lrm: 0.46 | dt: 1762.34ms | tok/s: 297,495 | mfu: 33.96 | epoch: 1 | eta: 14.7m
step 01704/02205 (77.28%) [ns3_ftrl_eta0p05] | loss: 3.177682 | lrm: 0.45 | dt: 1767.53ms | tok/s: 296,622 | mfu: 33.86 | epoch: 1 | eta: 14.6m
step 01705/02205 (77.32%) [ns3_ftrl_eta0p05] | loss: 3.184127 | lrm: 0.45 | dt: 1756.48ms | tok/s: 298,487 | mfu: 34.07 | epoch: 1 | eta: 14.6m
step 01706/02205 (77.37%) [ns3_ftrl_eta0p05] | loss: 3.178614 | lrm: 0.45 | dt: 1767.41ms | tok/s: 296,642 | mfu: 33.86 | epoch: 1 | eta: 14.6m
step 01707/02205 (77.41%) [ns3_ftrl_eta0p05] | loss: 3.165176 | lrm: 0.45 | dt: 1756.67ms | tok/s: 298,456 | mfu: 34.07 | epoch: 1 | eta: 14.5m
step 01708/02205 (77.46%) [ns3_ftrl_eta0p05] | loss: 3.172837 | lrm: 0.45 | dt: 1765.32ms | tok/s: 296,993 | mfu: 33.90 | epoch: 1 | eta: 14.5m
step 01709/02205 (77.51%) [ns3_ftrl_eta0p05] | loss: 3.172401 | lrm: 0.45 | dt: 1759.18ms | tok/s: 298,029 | mfu: 34.02 | epoch: 1 | eta: 14.5m
step 01710/02205 (77.55%) [ns3_ftrl_eta0p05] | loss: 3.170869 | lrm: 0.45 | dt: 1767.29ms | tok/s: 296,661 | mfu: 33.86 | epoch: 1 | eta: 14.5m
step 01711/02205 (77.60%) [ns3_ftrl_eta0p05] | loss: 3.165491 | lrm: 0.45 | dt: 1756.07ms | tok/s: 298,556 | mfu: 34.08 | epoch: 1 | eta: 14.4m
step 01712/02205 (77.64%) [ns3_ftrl_eta0p05] | loss: 3.168063 | lrm: 0.45 | dt: 1759.39ms | tok/s: 297,993 | mfu: 34.02 | epoch: 1 | eta: 14.4m
step 01713/02205 (77.69%) [ns3_ftrl_eta0p05] | loss: 3.165777 | lrm: 0.45 | dt: 1762.57ms | tok/s: 297,456 | mfu: 33.95 | epoch: 1 | eta: 14.4m
step 01714/02205 (77.73%) [ns3_ftrl_eta0p05] | loss: 3.171814 | lrm: 0.45 | dt: 1755.24ms | tok/s: 298,698 | mfu: 34.10 | epoch: 1 | eta: 14.3m
step 01715/02205 (77.78%) [ns3_ftrl_eta0p05] | loss: 3.170230 | lrm: 0.44 | dt: 1755.35ms | tok/s: 298,679 | mfu: 34.09 | epoch: 1 | eta: 14.3m
step 01716/02205 (77.82%) [ns3_ftrl_eta0p05] | loss: 3.178598 | lrm: 0.44 | dt: 1760.91ms | tok/s: 297,736 | mfu: 33.99 | epoch: 1 | eta: 14.3m
step 01717/02205 (77.87%) [ns3_ftrl_eta0p05] | loss: 3.181252 | lrm: 0.44 | dt: 1758.48ms | tok/s: 298,148 | mfu: 34.03 | epoch: 1 | eta: 14.3m
step 01718/02205 (77.91%) [ns3_ftrl_eta0p05] | loss: 3.181964 | lrm: 0.44 | dt: 1751.22ms | tok/s: 299,384 | mfu: 34.18 | epoch: 1 | eta: 14.2m
step 01719/02205 (77.96%) [ns3_ftrl_eta0p05] | loss: 3.177474 | lrm: 0.44 | dt: 1758.17ms | tok/s: 298,200 | mfu: 34.04 | epoch: 1 | eta: 14.2m
step 01720/02205 (78.00%) [ns3_ftrl_eta0p05] | loss: 3.170723 | lrm: 0.44 | dt: 1764.18ms | tok/s: 297,185 | mfu: 33.92 | epoch: 1 | eta: 14.2m
step 01721/02205 (78.05%) [ns3_ftrl_eta0p05] | loss: 3.184071 | lrm: 0.44 | dt: 1752.77ms | tok/s: 299,119 | mfu: 34.14 | epoch: 1 | eta: 14.1m
step 01722/02205 (78.10%) [ns3_ftrl_eta0p05] | loss: 3.177009 | lrm: 0.44 | dt: 1759.58ms | tok/s: 297,962 | mfu: 34.01 | epoch: 1 | eta: 14.1m
step 01723/02205 (78.14%) [ns3_ftrl_eta0p05] | loss: 3.178426 | lrm: 0.44 | dt: 1761.26ms | tok/s: 297,678 | mfu: 33.98 | epoch: 1 | eta: 14.1m
step 01724/02205 (78.19%) [ns3_ftrl_eta0p05] | loss: 3.174524 | lrm: 0.44 | dt: 1755.94ms | tok/s: 298,579 | mfu: 34.08 | epoch: 1 | eta: 14.1m
step 01725/02205 (78.23%) [ns3_ftrl_eta0p05] | loss: 3.169379 | lrm: 0.44 | dt: 1752.12ms | tok/s: 299,230 | mfu: 34.16 | epoch: 1 | eta: 14.0m
step 01726/02205 (78.28%) [ns3_ftrl_eta0p05] | loss: 3.171055 | lrm: 0.43 | dt: 1766.06ms | tok/s: 296,868 | mfu: 33.89 | epoch: 1 | eta: 14.0m
step 01727/02205 (78.32%) [ns3_ftrl_eta0p05] | loss: 3.170977 | lrm: 0.43 | dt: 1751.53ms | tok/s: 299,331 | mfu: 34.17 | epoch: 1 | eta: 14.0m
step 01728/02205 (78.37%) [ns3_ftrl_eta0p05] | loss: 3.171737 | lrm: 0.43 | dt: 1752.70ms | tok/s: 299,131 | mfu: 34.15 | epoch: 1 | eta: 13.9m
step 01729/02205 (78.41%) [ns3_ftrl_eta0p05] | loss: 3.188943 | lrm: 0.43 | dt: 1754.19ms | tok/s: 298,876 | mfu: 34.12 | epoch: 1 | eta: 13.9m
step 01730/02205 (78.46%) [ns3_ftrl_eta0p05] | loss: 3.194702 | lrm: 0.43 | dt: 1767.49ms | tok/s: 296,628 | mfu: 33.86 | epoch: 1 | eta: 13.9m
step 01731/02205 (78.50%) [ns3_ftrl_eta0p05] | loss: 3.187437 | lrm: 0.43 | dt: 1759.14ms | tok/s: 298,036 | mfu: 34.02 | epoch: 1 | eta: 13.8m
step 01732/02205 (78.55%) [ns3_ftrl_eta0p05] | loss: 3.180999 | lrm: 0.43 | dt: 1760.37ms | tok/s: 297,827 | mfu: 34.00 | epoch: 1 | eta: 13.8m
step 01733/02205 (78.59%) [ns3_ftrl_eta0p05] | loss: 3.180952 | lrm: 0.43 | dt: 1750.41ms | tok/s: 299,522 | mfu: 34.19 | epoch: 1 | eta: 13.8m
step 01734/02205 (78.64%) [ns3_ftrl_eta0p05] | loss: 3.184737 | lrm: 0.43 | dt: 1759.80ms | tok/s: 297,925 | mfu: 34.01 | epoch: 1 | eta: 13.8m
step 01735/02205 (78.68%) [ns3_ftrl_eta0p05] | loss: 3.185054 | lrm: 0.43 | dt: 1765.83ms | tok/s: 296,907 | mfu: 33.89 | epoch: 1 | eta: 13.7m
step 01736/02205 (78.73%) [ns3_ftrl_eta0p05] | loss: 3.183217 | lrm: 0.43 | dt: 1759.46ms | tok/s: 297,982 | mfu: 34.02 | epoch: 1 | eta: 13.7m
step 01737/02205 (78.78%) [ns3_ftrl_eta0p05] | loss: 3.183765 | lrm: 0.42 | dt: 1762.35ms | tok/s: 297,493 | mfu: 33.96 | epoch: 1 | eta: 13.7m
step 01738/02205 (78.82%) [ns3_ftrl_eta0p05] | loss: 3.178435 | lrm: 0.42 | dt: 1757.00ms | tok/s: 298,399 | mfu: 34.06 | epoch: 1 | eta: 13.6m
step 01739/02205 (78.87%) [ns3_ftrl_eta0p05] | loss: 3.182006 | lrm: 0.42 | dt: 1749.87ms | tok/s: 299,615 | mfu: 34.20 | epoch: 1 | eta: 13.6m
step 01740/02205 (78.91%) [ns3_ftrl_eta0p05] | loss: 3.176413 | lrm: 0.42 | dt: 1753.95ms | tok/s: 298,918 | mfu: 34.12 | epoch: 1 | eta: 13.6m
step 01741/02205 (78.96%) [ns3_ftrl_eta0p05] | loss: 3.179027 | lrm: 0.42 | dt: 1760.73ms | tok/s: 297,766 | mfu: 33.99 | epoch: 1 | eta: 13.6m
step 01742/02205 (79.00%) [ns3_ftrl_eta0p05] | loss: 3.168959 | lrm: 0.42 | dt: 1757.61ms | tok/s: 298,296 | mfu: 34.05 | epoch: 1 | eta: 13.5m
step 01743/02205 (79.05%) [ns3_ftrl_eta0p05] | loss: 3.158939 | lrm: 0.42 | dt: 1757.12ms | tok/s: 298,378 | mfu: 34.06 | epoch: 1 | eta: 13.5m
step 01744/02205 (79.09%) [ns3_ftrl_eta0p05] | loss: 3.153297 | lrm: 0.42 | dt: 1759.63ms | tok/s: 297,953 | mfu: 34.01 | epoch: 1 | eta: 13.5m
step 01745/02205 (79.14%) [ns3_ftrl_eta0p05] | loss: 3.139256 | lrm: 0.42 | dt: 1757.76ms | tok/s: 298,271 | mfu: 34.05 | epoch: 1 | eta: 13.4m
step 01746/02205 (79.18%) [ns3_ftrl_eta0p05] | loss: 3.140322 | lrm: 0.42 | dt: 1760.15ms | tok/s: 297,865 | mfu: 34.00 | epoch: 1 | eta: 13.4m
step 01747/02205 (79.23%) [ns3_ftrl_eta0p05] | loss: 3.156132 | lrm: 0.42 | dt: 1765.33ms | tok/s: 296,991 | mfu: 33.90 | epoch: 1 | eta: 13.4m
step 01748/02205 (79.27%) [ns3_ftrl_eta0p05] | loss: 3.149435 | lrm: 0.41 | dt: 1752.68ms | tok/s: 299,134 | mfu: 34.15 | epoch: 1 | eta: 13.4m
step 01749/02205 (79.32%) [ns3_ftrl_eta0p05] | loss: 3.137945 | lrm: 0.41 | dt: 1752.78ms | tok/s: 299,117 | mfu: 34.14 | epoch: 1 | eta: 13.3m
Step 01750 | val bpb: 0.927089
step 01750/02205 (79.37%) [ns3_ftrl_eta0p05] | loss: 3.143655 | lrm: 0.41 | dt: 1715.61ms | tok/s: 305,599 | mfu: 34.88 | epoch: 1 | eta: 13.3m
step 01751/02205 (79.41%) [ns3_ftrl_eta0p05] | loss: 3.147750 | lrm: 0.41 | dt: 1737.36ms | tok/s: 301,772 | mfu: 34.45 | epoch: 1 | eta: 13.3m
step 01752/02205 (79.46%) [ns3_ftrl_eta0p05] | loss: 3.141896 | lrm: 0.41 | dt: 1738.77ms | tok/s: 301,528 | mfu: 34.42 | epoch: 1 | eta: 13.2m
step 01753/02205 (79.50%) [ns3_ftrl_eta0p05] | loss: 3.144488 | lrm: 0.41 | dt: 1736.28ms | tok/s: 301,960 | mfu: 34.47 | epoch: 1 | eta: 13.2m
step 01754/02205 (79.55%) [ns3_ftrl_eta0p05] | loss: 3.144796 | lrm: 0.41 | dt: 1741.51ms | tok/s: 301,053 | mfu: 34.37 | epoch: 1 | eta: 13.2m
step 01755/02205 (79.59%) [ns3_ftrl_eta0p05] | loss: 3.151659 | lrm: 0.41 | dt: 1744.25ms | tok/s: 300,580 | mfu: 34.31 | epoch: 1 | eta: 13.1m
step 01756/02205 (79.64%) [ns3_ftrl_eta0p05] | loss: 3.148280 | lrm: 0.41 | dt: 1737.18ms | tok/s: 301,804 | mfu: 34.45 | epoch: 1 | eta: 13.1m
step 01757/02205 (79.68%) [ns3_ftrl_eta0p05] | loss: 3.156713 | lrm: 0.41 | dt: 1738.62ms | tok/s: 301,554 | mfu: 34.42 | epoch: 1 | eta: 13.1m
step 01758/02205 (79.73%) [ns3_ftrl_eta0p05] | loss: 3.162675 | lrm: 0.41 | dt: 1738.02ms | tok/s: 301,657 | mfu: 34.43 | epoch: 1 | eta: 13.1m
step 01759/02205 (79.77%) [ns3_ftrl_eta0p05] | loss: 3.161548 | lrm: 0.40 | dt: 1743.41ms | tok/s: 300,726 | mfu: 34.33 | epoch: 1 | eta: 13.0m
step 01760/02205 (79.82%) [ns3_ftrl_eta0p05] | loss: 3.168675 | lrm: 0.40 | dt: 1745.05ms | tok/s: 300,442 | mfu: 34.30 | epoch: 1 | eta: 13.0m
step 01761/02205 (79.86%) [ns3_ftrl_eta0p05] | loss: 3.170463 | lrm: 0.40 | dt: 1739.10ms | tok/s: 301,470 | mfu: 34.41 | epoch: 1 | eta: 13.0m
step 01762/02205 (79.91%) [ns3_ftrl_eta0p05] | loss: 3.169905 | lrm: 0.40 | dt: 1745.25ms | tok/s: 300,409 | mfu: 34.29 | epoch: 1 | eta: 12.9m
step 01763/02205 (79.95%) [ns3_ftrl_eta0p05] | loss: 3.161766 | lrm: 0.40 | dt: 1744.80ms | tok/s: 300,486 | mfu: 34.30 | epoch: 1 | eta: 12.9m
step 01764/02205 (80.00%) [ns3_ftrl_eta0p05] | loss: 3.164769 | lrm: 0.40 | dt: 1739.86ms | tok/s: 301,339 | mfu: 34.40 | epoch: 1 | eta: 12.9m
step 01765/02205 (80.05%) [ns3_ftrl_eta0p05] | loss: 3.156686 | lrm: 0.40 | dt: 1742.70ms | tok/s: 300,847 | mfu: 34.34 | epoch: 1 | eta: 12.9m
step 01766/02205 (80.09%) [ns3_ftrl_eta0p05] | loss: 3.164230 | lrm: 0.40 | dt: 1750.05ms | tok/s: 299,584 | mfu: 34.20 | epoch: 1 | eta: 12.8m
step 01767/02205 (80.14%) [ns3_ftrl_eta0p05] | loss: 3.165255 | lrm: 0.40 | dt: 1751.67ms | tok/s: 299,308 | mfu: 34.17 | epoch: 1 | eta: 12.8m
step 01768/02205 (80.18%) [ns3_ftrl_eta0p05] | loss: 3.163557 | lrm: 0.40 | dt: 1746.05ms | tok/s: 300,271 | mfu: 34.28 | epoch: 1 | eta: 12.8m
step 01769/02205 (80.23%) [ns3_ftrl_eta0p05] | loss: 3.167407 | lrm: 0.40 | dt: 1750.85ms | tok/s: 299,447 | mfu: 34.18 | epoch: 1 | eta: 12.7m
step 01770/02205 (80.27%) [ns3_ftrl_eta0p05] | loss: 3.175250 | lrm: 0.39 | dt: 1743.77ms | tok/s: 300,663 | mfu: 34.32 | epoch: 1 | eta: 12.7m
step 01771/02205 (80.32%) [ns3_ftrl_eta0p05] | loss: 3.174563 | lrm: 0.39 | dt: 1741.92ms | tok/s: 300,983 | mfu: 34.36 | epoch: 1 | eta: 12.7m
step 01772/02205 (80.36%) [ns3_ftrl_eta0p05] | loss: 3.167668 | lrm: 0.39 | dt: 1741.61ms | tok/s: 301,037 | mfu: 34.36 | epoch: 1 | eta: 12.6m
step 01773/02205 (80.41%) [ns3_ftrl_eta0p05] | loss: 3.164376 | lrm: 0.39 | dt: 1742.05ms | tok/s: 300,960 | mfu: 34.36 | epoch: 1 | eta: 12.6m
step 01774/02205 (80.45%) [ns3_ftrl_eta0p05] | loss: 3.168410 | lrm: 0.39 | dt: 1744.02ms | tok/s: 300,620 | mfu: 34.32 | epoch: 1 | eta: 12.6m
step 01775/02205 (80.50%) [ns3_ftrl_eta0p05] | loss: 3.175875 | lrm: 0.39 | dt: 1744.49ms | tok/s: 300,538 | mfu: 34.31 | epoch: 1 | eta: 12.6m
step 01776/02205 (80.54%) [ns3_ftrl_eta0p05] | loss: 3.172113 | lrm: 0.39 | dt: 1740.87ms | tok/s: 301,164 | mfu: 34.38 | epoch: 1 | eta: 12.5m
step 01777/02205 (80.59%) [ns3_ftrl_eta0p05] | loss: 3.177185 | lrm: 0.39 | dt: 1747.24ms | tok/s: 300,066 | mfu: 34.25 | epoch: 1 | eta: 12.5m
step 01778/02205 (80.63%) [ns3_ftrl_eta0p05] | loss: 3.178915 | lrm: 0.39 | dt: 1739.18ms | tok/s: 301,457 | mfu: 34.41 | epoch: 1 | eta: 12.5m
step 01779/02205 (80.68%) [ns3_ftrl_eta0p05] | loss: 3.176160 | lrm: 0.39 | dt: 1743.83ms | tok/s: 300,653 | mfu: 34.32 | epoch: 1 | eta: 12.4m
step 01780/02205 (80.73%) [ns3_ftrl_eta0p05] | loss: 3.178203 | lrm: 0.39 | dt: 1748.04ms | tok/s: 299,928 | mfu: 34.24 | epoch: 1 | eta: 12.4m
step 01781/02205 (80.77%) [ns3_ftrl_eta0p05] | loss: 3.165253 | lrm: 0.38 | dt: 1743.95ms | tok/s: 300,632 | mfu: 34.32 | epoch: 1 | eta: 12.4m
step 01782/02205 (80.82%) [ns3_ftrl_eta0p05] | loss: 3.158135 | lrm: 0.38 | dt: 1750.70ms | tok/s: 299,473 | mfu: 34.19 | epoch: 1 | eta: 12.4m
step 01783/02205 (80.86%) [ns3_ftrl_eta0p05] | loss: 3.155290 | lrm: 0.38 | dt: 1753.03ms | tok/s: 299,074 | mfu: 34.14 | epoch: 1 | eta: 12.3m
step 01784/02205 (80.91%) [ns3_ftrl_eta0p05] | loss: 3.163698 | lrm: 0.38 | dt: 1748.82ms | tok/s: 299,796 | mfu: 34.22 | epoch: 1 | eta: 12.3m
step 01785/02205 (80.95%) [ns3_ftrl_eta0p05] | loss: 3.158719 | lrm: 0.38 | dt: 1751.52ms | tok/s: 299,333 | mfu: 34.17 | epoch: 1 | eta: 12.3m
step 01786/02205 (81.00%) [ns3_ftrl_eta0p05] | loss: 3.159737 | lrm: 0.38 | dt: 1738.94ms | tok/s: 301,497 | mfu: 34.42 | epoch: 1 | eta: 12.2m
step 01787/02205 (81.04%) [ns3_ftrl_eta0p05] | loss: 3.151640 | lrm: 0.38 | dt: 1749.46ms | tok/s: 299,685 | mfu: 34.21 | epoch: 1 | eta: 12.2m
step 01788/02205 (81.09%) [ns3_ftrl_eta0p05] | loss: 3.157248 | lrm: 0.38 | dt: 1745.88ms | tok/s: 300,299 | mfu: 34.28 | epoch: 1 | eta: 12.2m
step 01789/02205 (81.13%) [ns3_ftrl_eta0p05] | loss: 3.160668 | lrm: 0.38 | dt: 1749.63ms | tok/s: 299,657 | mfu: 34.21 | epoch: 1 | eta: 12.2m
step 01790/02205 (81.18%) [ns3_ftrl_eta0p05] | loss: 3.162045 | lrm: 0.38 | dt: 1745.32ms | tok/s: 300,397 | mfu: 34.29 | epoch: 1 | eta: 12.1m
step 01791/02205 (81.22%) [ns3_ftrl_eta0p05] | loss: 3.166785 | lrm: 0.38 | dt: 1751.99ms | tok/s: 299,253 | mfu: 34.16 | epoch: 1 | eta: 12.1m
step 01792/02205 (81.27%) [ns3_ftrl_eta0p05] | loss: 3.175024 | lrm: 0.37 | dt: 1745.28ms | tok/s: 300,403 | mfu: 34.29 | epoch: 1 | eta: 12.1m
step 01793/02205 (81.32%) [ns3_ftrl_eta0p05] | loss: 3.169035 | lrm: 0.37 | dt: 1750.44ms | tok/s: 299,517 | mfu: 34.19 | epoch: 1 | eta: 12.0m
step 01794/02205 (81.36%) [ns3_ftrl_eta0p05] | loss: 3.160270 | lrm: 0.37 | dt: 1757.25ms | tok/s: 298,356 | mfu: 34.06 | epoch: 1 | eta: 12.0m
step 01795/02205 (81.41%) [ns3_ftrl_eta0p05] | loss: 3.168613 | lrm: 0.37 | dt: 1748.75ms | tok/s: 299,806 | mfu: 34.22 | epoch: 1 | eta: 12.0m
step 01796/02205 (81.45%) [ns3_ftrl_eta0p05] | loss: 3.174271 | lrm: 0.37 | dt: 1742.24ms | tok/s: 300,927 | mfu: 34.35 | epoch: 1 | eta: 11.9m
step 01797/02205 (81.50%) [ns3_ftrl_eta0p05] | loss: 3.157861 | lrm: 0.37 | dt: 1750.03ms | tok/s: 299,588 | mfu: 34.20 | epoch: 1 | eta: 11.9m
step 01798/02205 (81.54%) [ns3_ftrl_eta0p05] | loss: 3.158827 | lrm: 0.37 | dt: 1757.22ms | tok/s: 298,362 | mfu: 34.06 | epoch: 1 | eta: 11.9m
step 01799/02205 (81.59%) [ns3_ftrl_eta0p05] | loss: 3.158423 | lrm: 0.37 | dt: 1748.35ms | tok/s: 299,875 | mfu: 34.23 | epoch: 1 | eta: 11.9m
step 01800/02205 (81.63%) [ns3_ftrl_eta0p05] | loss: 3.158086 | lrm: 0.37 | dt: 1746.08ms | tok/s: 300,265 | mfu: 34.28 | epoch: 1 | eta: 11.8m
step 01801/02205 (81.68%) [ns3_ftrl_eta0p05] | loss: 3.156851 | lrm: 0.37 | dt: 1758.20ms | tok/s: 298,195 | mfu: 34.04 | epoch: 1 | eta: 11.8m
step 01802/02205 (81.72%) [ns3_ftrl_eta0p05] | loss: 3.150475 | lrm: 0.37 | dt: 1748.13ms | tok/s: 299,914 | mfu: 34.24 | epoch: 1 | eta: 11.8m
step 01803/02205 (81.77%) [ns3_ftrl_eta0p05] | loss: 3.150418 | lrm: 0.36 | dt: 1755.96ms | tok/s: 298,576 | mfu: 34.08 | epoch: 1 | eta: 11.7m
step 01804/02205 (81.81%) [ns3_ftrl_eta0p05] | loss: 3.149054 | lrm: 0.36 | dt: 1750.57ms | tok/s: 299,494 | mfu: 34.19 | epoch: 1 | eta: 11.7m
step 01805/02205 (81.86%) [ns3_ftrl_eta0p05] | loss: 3.153988 | lrm: 0.36 | dt: 1750.34ms | tok/s: 299,534 | mfu: 34.19 | epoch: 1 | eta: 11.7m
step 01806/02205 (81.90%) [ns3_ftrl_eta0p05] | loss: 3.154095 | lrm: 0.36 | dt: 1750.34ms | tok/s: 299,535 | mfu: 34.19 | epoch: 1 | eta: 11.7m
step 01807/02205 (81.95%) [ns3_ftrl_eta0p05] | loss: 3.149308 | lrm: 0.36 | dt: 1748.94ms | tok/s: 299,774 | mfu: 34.22 | epoch: 1 | eta: 11.6m
step 01808/02205 (82.00%) [ns3_ftrl_eta0p05] | loss: 3.152132 | lrm: 0.36 | dt: 1740.94ms | tok/s: 301,152 | mfu: 34.38 | epoch: 1 | eta: 11.6m
step 01809/02205 (82.04%) [ns3_ftrl_eta0p05] | loss: 3.154538 | lrm: 0.36 | dt: 1751.69ms | tok/s: 299,303 | mfu: 34.17 | epoch: 1 | eta: 11.6m
step 01810/02205 (82.09%) [ns3_ftrl_eta0p05] | loss: 3.160406 | lrm: 0.36 | dt: 1750.92ms | tok/s: 299,435 | mfu: 34.18 | epoch: 1 | eta: 11.5m
step 01811/02205 (82.13%) [ns3_ftrl_eta0p05] | loss: 3.154412 | lrm: 0.36 | dt: 1752.80ms | tok/s: 299,114 | mfu: 34.14 | epoch: 1 | eta: 11.5m
step 01812/02205 (82.18%) [ns3_ftrl_eta0p05] | loss: 3.149750 | lrm: 0.36 | dt: 1750.55ms | tok/s: 299,499 | mfu: 34.19 | epoch: 1 | eta: 11.5m
step 01813/02205 (82.22%) [ns3_ftrl_eta0p05] | loss: 3.140053 | lrm: 0.36 | dt: 1752.83ms | tok/s: 299,108 | mfu: 34.14 | epoch: 1 | eta: 11.5m
step 01814/02205 (82.27%) [ns3_ftrl_eta0p05] | loss: 3.145305 | lrm: 0.35 | dt: 1747.33ms | tok/s: 300,050 | mfu: 34.25 | epoch: 1 | eta: 11.4m
step 01815/02205 (82.31%) [ns3_ftrl_eta0p05] | loss: 3.147199 | lrm: 0.35 | dt: 1746.78ms | tok/s: 300,144 | mfu: 34.26 | epoch: 1 | eta: 11.4m
step 01816/02205 (82.36%) [ns3_ftrl_eta0p05] | loss: 3.131224 | lrm: 0.35 | dt: 1749.63ms | tok/s: 299,656 | mfu: 34.21 | epoch: 1 | eta: 11.4m
step 01817/02205 (82.40%) [ns3_ftrl_eta0p05] | loss: 3.134149 | lrm: 0.35 | dt: 1749.24ms | tok/s: 299,722 | mfu: 34.21 | epoch: 1 | eta: 11.3m
step 01818/02205 (82.45%) [ns3_ftrl_eta0p05] | loss: 3.133931 | lrm: 0.35 | dt: 1754.24ms | tok/s: 298,869 | mfu: 34.12 | epoch: 1 | eta: 11.3m
step 01819/02205 (82.49%) [ns3_ftrl_eta0p05] | loss: 3.144814 | lrm: 0.35 | dt: 1755.65ms | tok/s: 298,629 | mfu: 34.09 | epoch: 1 | eta: 11.3m
step 01820/02205 (82.54%) [ns3_ftrl_eta0p05] | loss: 3.140840 | lrm: 0.35 | dt: 1749.73ms | tok/s: 299,639 | mfu: 34.20 | epoch: 1 | eta: 11.2m
step 01821/02205 (82.59%) [ns3_ftrl_eta0p05] | loss: 3.129687 | lrm: 0.35 | dt: 1745.13ms | tok/s: 300,428 | mfu: 34.29 | epoch: 1 | eta: 11.2m
step 01822/02205 (82.63%) [ns3_ftrl_eta0p05] | loss: 3.125257 | lrm: 0.35 | dt: 1744.01ms | tok/s: 300,622 | mfu: 34.32 | epoch: 1 | eta: 11.2m
step 01823/02205 (82.68%) [ns3_ftrl_eta0p05] | loss: 3.127468 | lrm: 0.35 | dt: 1744.55ms | tok/s: 300,528 | mfu: 34.31 | epoch: 1 | eta: 11.2m
step 01824/02205 (82.72%) [ns3_ftrl_eta0p05] | loss: 3.123402 | lrm: 0.35 | dt: 1749.71ms | tok/s: 299,642 | mfu: 34.20 | epoch: 1 | eta: 11.1m
step 01825/02205 (82.77%) [ns3_ftrl_eta0p05] | loss: 3.126730 | lrm: 0.34 | dt: 1753.81ms | tok/s: 298,941 | mfu: 34.12 | epoch: 1 | eta: 11.1m
step 01826/02205 (82.81%) [ns3_ftrl_eta0p05] | loss: 3.130467 | lrm: 0.34 | dt: 1747.89ms | tok/s: 299,954 | mfu: 34.24 | epoch: 1 | eta: 11.1m
step 01827/02205 (82.86%) [ns3_ftrl_eta0p05] | loss: 3.138233 | lrm: 0.34 | dt: 1755.80ms | tok/s: 298,603 | mfu: 34.09 | epoch: 1 | eta: 11.0m
step 01828/02205 (82.90%) [ns3_ftrl_eta0p05] | loss: 3.141097 | lrm: 0.34 | dt: 1739.08ms | tok/s: 301,474 | mfu: 34.41 | epoch: 1 | eta: 11.0m
step 01829/02205 (82.95%) [ns3_ftrl_eta0p05] | loss: 3.140972 | lrm: 0.34 | dt: 1749.29ms | tok/s: 299,714 | mfu: 34.21 | epoch: 1 | eta: 11.0m
step 01830/02205 (82.99%) [ns3_ftrl_eta0p05] | loss: 3.145166 | lrm: 0.34 | dt: 1742.14ms | tok/s: 300,945 | mfu: 34.35 | epoch: 1 | eta: 11.0m
step 01831/02205 (83.04%) [ns3_ftrl_eta0p05] | loss: 3.136660 | lrm: 0.34 | dt: 1742.00ms | tok/s: 300,969 | mfu: 34.36 | epoch: 1 | eta: 10.9m
step 01832/02205 (83.08%) [ns3_ftrl_eta0p05] | loss: 3.133845 | lrm: 0.34 | dt: 1749.09ms | tok/s: 299,748 | mfu: 34.22 | epoch: 1 | eta: 10.9m
step 01833/02205 (83.13%) [ns3_ftrl_eta0p05] | loss: 3.129860 | lrm: 0.34 | dt: 1746.24ms | tok/s: 300,237 | mfu: 34.27 | epoch: 1 | eta: 10.9m
step 01834/02205 (83.17%) [ns3_ftrl_eta0p05] | loss: 3.124784 | lrm: 0.34 | dt: 1743.83ms | tok/s: 300,653 | mfu: 34.32 | epoch: 1 | eta: 10.8m
step 01835/02205 (83.22%) [ns3_ftrl_eta0p05] | loss: 3.126309 | lrm: 0.34 | dt: 1749.12ms | tok/s: 299,743 | mfu: 34.22 | epoch: 1 | eta: 10.8m
step 01836/02205 (83.27%) [ns3_ftrl_eta0p05] | loss: 3.132621 | lrm: 0.33 | dt: 1748.34ms | tok/s: 299,878 | mfu: 34.23 | epoch: 1 | eta: 10.8m
step 01837/02205 (83.31%) [ns3_ftrl_eta0p05] | loss: 3.122192 | lrm: 0.33 | dt: 1746.15ms | tok/s: 300,252 | mfu: 34.27 | epoch: 1 | eta: 10.7m
step 01838/02205 (83.36%) [ns3_ftrl_eta0p05] | loss: 3.116133 | lrm: 0.33 | dt: 1749.58ms | tok/s: 299,665 | mfu: 34.21 | epoch: 1 | eta: 10.7m
step 01839/02205 (83.40%) [ns3_ftrl_eta0p05] | loss: 3.114792 | lrm: 0.33 | dt: 1747.06ms | tok/s: 300,096 | mfu: 34.26 | epoch: 1 | eta: 10.7m
step 01840/02205 (83.45%) [ns3_ftrl_eta0p05] | loss: 3.110156 | lrm: 0.33 | dt: 1752.18ms | tok/s: 299,221 | mfu: 34.16 | epoch: 1 | eta: 10.7m
step 01841/02205 (83.49%) [ns3_ftrl_eta0p05] | loss: 3.102415 | lrm: 0.33 | dt: 1741.21ms | tok/s: 301,105 | mfu: 34.37 | epoch: 1 | eta: 10.6m
step 01842/02205 (83.54%) [ns3_ftrl_eta0p05] | loss: 3.106495 | lrm: 0.33 | dt: 1745.78ms | tok/s: 300,317 | mfu: 34.28 | epoch: 1 | eta: 10.6m
step 01843/02205 (83.58%) [ns3_ftrl_eta0p05] | loss: 3.112563 | lrm: 0.33 | dt: 1748.50ms | tok/s: 299,850 | mfu: 34.23 | epoch: 1 | eta: 10.6m
step 01844/02205 (83.63%) [ns3_ftrl_eta0p05] | loss: 3.121930 | lrm: 0.33 | dt: 1738.78ms | tok/s: 301,526 | mfu: 34.42 | epoch: 1 | eta: 10.5m
step 01845/02205 (83.67%) [ns3_ftrl_eta0p05] | loss: 3.126514 | lrm: 0.33 | dt: 1745.07ms | tok/s: 300,439 | mfu: 34.30 | epoch: 1 | eta: 10.5m
step 01846/02205 (83.72%) [ns3_ftrl_eta0p05] | loss: 3.132242 | lrm: 0.33 | dt: 1739.16ms | tok/s: 301,460 | mfu: 34.41 | epoch: 1 | eta: 10.5m
step 01847/02205 (83.76%) [ns3_ftrl_eta0p05] | loss: 3.135836 | lrm: 0.32 | dt: 1751.03ms | tok/s: 299,416 | mfu: 34.18 | epoch: 1 | eta: 10.5m
step 01848/02205 (83.81%) [ns3_ftrl_eta0p05] | loss: 3.143524 | lrm: 0.32 | dt: 1747.53ms | tok/s: 300,016 | mfu: 34.25 | epoch: 1 | eta: 10.4m
step 01849/02205 (83.85%) [ns3_ftrl_eta0p05] | loss: 3.143033 | lrm: 0.32 | dt: 1754.49ms | tok/s: 298,826 | mfu: 34.11 | epoch: 1 | eta: 10.4m
step 01850/02205 (83.90%) [ns3_ftrl_eta0p05] | loss: 3.146139 | lrm: 0.32 | dt: 1744.71ms | tok/s: 300,501 | mfu: 34.30 | epoch: 1 | eta: 10.4m
step 01851/02205 (83.95%) [ns3_ftrl_eta0p05] | loss: 3.144163 | lrm: 0.32 | dt: 1745.54ms | tok/s: 300,358 | mfu: 34.29 | epoch: 1 | eta: 10.3m
step 01852/02205 (83.99%) [ns3_ftrl_eta0p05] | loss: 3.140425 | lrm: 0.32 | dt: 1742.79ms | tok/s: 300,832 | mfu: 34.34 | epoch: 1 | eta: 10.3m
step 01853/02205 (84.04%) [ns3_ftrl_eta0p05] | loss: 3.135237 | lrm: 0.32 | dt: 1747.25ms | tok/s: 300,064 | mfu: 34.25 | epoch: 1 | eta: 10.3m
step 01854/02205 (84.08%) [ns3_ftrl_eta0p05] | loss: 3.138997 | lrm: 0.32 | dt: 1751.40ms | tok/s: 299,354 | mfu: 34.17 | epoch: 1 | eta: 10.3m
step 01855/02205 (84.13%) [ns3_ftrl_eta0p05] | loss: 3.149962 | lrm: 0.32 | dt: 1747.86ms | tok/s: 299,959 | mfu: 34.24 | epoch: 1 | eta: 10.2m
step 01856/02205 (84.17%) [ns3_ftrl_eta0p05] | loss: 3.146865 | lrm: 0.32 | dt: 1743.09ms | tok/s: 300,780 | mfu: 34.33 | epoch: 1 | eta: 10.2m
step 01857/02205 (84.22%) [ns3_ftrl_eta0p05] | loss: 3.139654 | lrm: 0.32 | dt: 1754.26ms | tok/s: 298,865 | mfu: 34.12 | epoch: 1 | eta: 10.2m
step 01858/02205 (84.26%) [ns3_ftrl_eta0p05] | loss: 3.145300 | lrm: 0.31 | dt: 1750.79ms | tok/s: 299,458 | mfu: 34.18 | epoch: 1 | eta: 10.1m
step 01859/02205 (84.31%) [ns3_ftrl_eta0p05] | loss: 3.140909 | lrm: 0.31 | dt: 1752.41ms | tok/s: 299,181 | mfu: 34.15 | epoch: 1 | eta: 10.1m
step 01860/02205 (84.35%) [ns3_ftrl_eta0p05] | loss: 3.132781 | lrm: 0.31 | dt: 1745.63ms | tok/s: 300,343 | mfu: 34.28 | epoch: 1 | eta: 10.1m
step 01861/02205 (84.40%) [ns3_ftrl_eta0p05] | loss: 3.128293 | lrm: 0.31 | dt: 1750.54ms | tok/s: 299,501 | mfu: 34.19 | epoch: 1 | eta: 10.0m
step 01862/02205 (84.44%) [ns3_ftrl_eta0p05] | loss: 3.137827 | lrm: 0.31 | dt: 1748.64ms | tok/s: 299,825 | mfu: 34.23 | epoch: 1 | eta: 10.0m
step 01863/02205 (84.49%) [ns3_ftrl_eta0p05] | loss: 3.149292 | lrm: 0.31 | dt: 1745.40ms | tok/s: 300,382 | mfu: 34.29 | epoch: 1 | eta: 10.0m
step 01864/02205 (84.54%) [ns3_ftrl_eta0p05] | loss: 3.140504 | lrm: 0.31 | dt: 1750.28ms | tok/s: 299,544 | mfu: 34.19 | epoch: 1 | eta: 10.0m
step 01865/02205 (84.58%) [ns3_ftrl_eta0p05] | loss: 3.143206 | lrm: 0.31 | dt: 1747.77ms | tok/s: 299,975 | mfu: 34.24 | epoch: 1 | eta: 9.9m
step 01866/02205 (84.63%) [ns3_ftrl_eta0p05] | loss: 3.143427 | lrm: 0.31 | dt: 1746.33ms | tok/s: 300,222 | mfu: 34.27 | epoch: 1 | eta: 9.9m
step 01867/02205 (84.67%) [ns3_ftrl_eta0p05] | loss: 3.139959 | lrm: 0.31 | dt: 1742.89ms | tok/s: 300,814 | mfu: 34.34 | epoch: 1 | eta: 9.9m
step 01868/02205 (84.72%) [ns3_ftrl_eta0p05] | loss: 3.139226 | lrm: 0.31 | dt: 1753.85ms | tok/s: 298,934 | mfu: 34.12 | epoch: 1 | eta: 9.8m
step 01869/02205 (84.76%) [ns3_ftrl_eta0p05] | loss: 3.133075 | lrm: 0.30 | dt: 1748.52ms | tok/s: 299,847 | mfu: 34.23 | epoch: 1 | eta: 9.8m
step 01870/02205 (84.81%) [ns3_ftrl_eta0p05] | loss: 3.125478 | lrm: 0.30 | dt: 1745.41ms | tok/s: 300,380 | mfu: 34.29 | epoch: 1 | eta: 9.8m
step 01871/02205 (84.85%) [ns3_ftrl_eta0p05] | loss: 3.114796 | lrm: 0.30 | dt: 1744.48ms | tok/s: 300,540 | mfu: 34.31 | epoch: 1 | eta: 9.8m
step 01872/02205 (84.90%) [ns3_ftrl_eta0p05] | loss: 3.117446 | lrm: 0.30 | dt: 1746.69ms | tok/s: 300,161 | mfu: 34.26 | epoch: 1 | eta: 9.7m
step 01873/02205 (84.94%) [ns3_ftrl_eta0p05] | loss: 3.119464 | lrm: 0.30 | dt: 1742.85ms | tok/s: 300,823 | mfu: 34.34 | epoch: 1 | eta: 9.7m
step 01874/02205 (84.99%) [ns3_ftrl_eta0p05] | loss: 3.124504 | lrm: 0.30 | dt: 1746.26ms | tok/s: 300,234 | mfu: 34.27 | epoch: 1 | eta: 9.7m
step 01875/02205 (85.03%) [ns3_ftrl_eta0p05] | loss: 3.130579 | lrm: 0.30 | dt: 1750.76ms | tok/s: 299,462 | mfu: 34.18 | epoch: 1 | eta: 9.6m
step 01876/02205 (85.08%) [ns3_ftrl_eta0p05] | loss: 3.119087 | lrm: 0.30 | dt: 1742.70ms | tok/s: 300,848 | mfu: 34.34 | epoch: 1 | eta: 9.6m
step 01877/02205 (85.12%) [ns3_ftrl_eta0p05] | loss: 3.120054 | lrm: 0.30 | dt: 1743.23ms | tok/s: 300,756 | mfu: 34.33 | epoch: 1 | eta: 9.6m
step 01878/02205 (85.17%) [ns3_ftrl_eta0p05] | loss: 3.133705 | lrm: 0.30 | dt: 1743.90ms | tok/s: 300,641 | mfu: 34.32 | epoch: 1 | eta: 9.6m
step 01879/02205 (85.22%) [ns3_ftrl_eta0p05] | loss: 3.124112 | lrm: 0.30 | dt: 1744.99ms | tok/s: 300,453 | mfu: 34.30 | epoch: 1 | eta: 9.5m
step 01880/02205 (85.26%) [ns3_ftrl_eta0p05] | loss: 3.113384 | lrm: 0.29 | dt: 1753.26ms | tok/s: 299,036 | mfu: 34.14 | epoch: 1 | eta: 9.5m
step 01881/02205 (85.31%) [ns3_ftrl_eta0p05] | loss: 3.122857 | lrm: 0.29 | dt: 1746.32ms | tok/s: 300,224 | mfu: 34.27 | epoch: 1 | eta: 9.5m
step 01882/02205 (85.35%) [ns3_ftrl_eta0p05] | loss: 3.126360 | lrm: 0.29 | dt: 1754.19ms | tok/s: 298,876 | mfu: 34.12 | epoch: 1 | eta: 9.4m
step 01883/02205 (85.40%) [ns3_ftrl_eta0p05] | loss: 3.127067 | lrm: 0.29 | dt: 1740.02ms | tok/s: 301,312 | mfu: 34.40 | epoch: 1 | eta: 9.4m
step 01884/02205 (85.44%) [ns3_ftrl_eta0p05] | loss: 3.119080 | lrm: 0.29 | dt: 1747.06ms | tok/s: 300,096 | mfu: 34.26 | epoch: 1 | eta: 9.4m
step 01885/02205 (85.49%) [ns3_ftrl_eta0p05] | loss: 3.127246 | lrm: 0.29 | dt: 1751.78ms | tok/s: 299,288 | mfu: 34.16 | epoch: 1 | eta: 9.3m
step 01886/02205 (85.53%) [ns3_ftrl_eta0p05] | loss: 3.119073 | lrm: 0.29 | dt: 1753.32ms | tok/s: 299,025 | mfu: 34.13 | epoch: 1 | eta: 9.3m
step 01887/02205 (85.58%) [ns3_ftrl_eta0p05] | loss: 3.112467 | lrm: 0.29 | dt: 1751.00ms | tok/s: 299,421 | mfu: 34.18 | epoch: 1 | eta: 9.3m
step 01888/02205 (85.62%) [ns3_ftrl_eta0p05] | loss: 3.123818 | lrm: 0.29 | dt: 1747.43ms | tok/s: 300,033 | mfu: 34.25 | epoch: 1 | eta: 9.3m
step 01889/02205 (85.67%) [ns3_ftrl_eta0p05] | loss: 3.113016 | lrm: 0.29 | dt: 1752.62ms | tok/s: 299,145 | mfu: 34.15 | epoch: 1 | eta: 9.2m
step 01890/02205 (85.71%) [ns3_ftrl_eta0p05] | loss: 3.114320 | lrm: 0.29 | dt: 1751.22ms | tok/s: 299,383 | mfu: 34.18 | epoch: 1 | eta: 9.2m
step 01891/02205 (85.76%) [ns3_ftrl_eta0p05] | loss: 3.116655 | lrm: 0.28 | dt: 1743.04ms | tok/s: 300,788 | mfu: 34.34 | epoch: 1 | eta: 9.2m
step 01892/02205 (85.80%) [ns3_ftrl_eta0p05] | loss: 3.116652 | lrm: 0.28 | dt: 1748.20ms | tok/s: 299,901 | mfu: 34.23 | epoch: 1 | eta: 9.1m
step 01893/02205 (85.85%) [ns3_ftrl_eta0p05] | loss: 3.116542 | lrm: 0.28 | dt: 1754.42ms | tok/s: 298,838 | mfu: 34.11 | epoch: 1 | eta: 9.1m
step 01894/02205 (85.90%) [ns3_ftrl_eta0p05] | loss: 3.109108 | lrm: 0.28 | dt: 1752.99ms | tok/s: 299,081 | mfu: 34.14 | epoch: 1 | eta: 9.1m
step 01895/02205 (85.94%) [ns3_ftrl_eta0p05] | loss: 3.107897 | lrm: 0.28 | dt: 1749.58ms | tok/s: 299,664 | mfu: 34.21 | epoch: 1 | eta: 9.1m
step 01896/02205 (85.99%) [ns3_ftrl_eta0p05] | loss: 3.106934 | lrm: 0.28 | dt: 1753.87ms | tok/s: 298,931 | mfu: 34.12 | epoch: 1 | eta: 9.0m
step 01897/02205 (86.03%) [ns3_ftrl_eta0p05] | loss: 3.107522 | lrm: 0.28 | dt: 1748.76ms | tok/s: 299,805 | mfu: 34.22 | epoch: 1 | eta: 9.0m
step 01898/02205 (86.08%) [ns3_ftrl_eta0p05] | loss: 3.114140 | lrm: 0.28 | dt: 1743.87ms | tok/s: 300,645 | mfu: 34.32 | epoch: 1 | eta: 9.0m
step 01899/02205 (86.12%) [ns3_ftrl_eta0p05] | loss: 3.119219 | lrm: 0.28 | dt: 1752.09ms | tok/s: 299,236 | mfu: 34.16 | epoch: 1 | eta: 8.9m
step 01900/02205 (86.17%) [ns3_ftrl_eta0p05] | loss: 3.114813 | lrm: 0.28 | dt: 1756.28ms | tok/s: 298,521 | mfu: 34.08 | epoch: 1 | eta: 8.9m
step 01901/02205 (86.21%) [ns3_ftrl_eta0p05] | loss: 3.104131 | lrm: 0.28 | dt: 1755.77ms | tok/s: 298,608 | mfu: 34.09 | epoch: 1 | eta: 8.9m
step 01902/02205 (86.26%) [ns3_ftrl_eta0p05] | loss: 3.108829 | lrm: 0.27 | dt: 1746.06ms | tok/s: 300,269 | mfu: 34.28 | epoch: 1 | eta: 8.9m
step 01903/02205 (86.30%) [ns3_ftrl_eta0p05] | loss: 3.112069 | lrm: 0.27 | dt: 1746.08ms | tok/s: 300,265 | mfu: 34.28 | epoch: 1 | eta: 8.8m
step 01904/02205 (86.35%) [ns3_ftrl_eta0p05] | loss: 3.113749 | lrm: 0.27 | dt: 1746.59ms | tok/s: 300,177 | mfu: 34.27 | epoch: 1 | eta: 8.8m
step 01905/02205 (86.39%) [ns3_ftrl_eta0p05] | loss: 3.120183 | lrm: 0.27 | dt: 1753.43ms | tok/s: 299,007 | mfu: 34.13 | epoch: 1 | eta: 8.8m
step 01906/02205 (86.44%) [ns3_ftrl_eta0p05] | loss: 3.130128 | lrm: 0.27 | dt: 1754.26ms | tok/s: 298,864 | mfu: 34.12 | epoch: 1 | eta: 8.7m
step 01907/02205 (86.49%) [ns3_ftrl_eta0p05] | loss: 3.129425 | lrm: 0.27 | dt: 1753.01ms | tok/s: 299,078 | mfu: 34.14 | epoch: 1 | eta: 8.7m
step 01908/02205 (86.53%) [ns3_ftrl_eta0p05] | loss: 3.126566 | lrm: 0.27 | dt: 1759.69ms | tok/s: 297,943 | mfu: 34.01 | epoch: 1 | eta: 8.7m
step 01909/02205 (86.58%) [ns3_ftrl_eta0p05] | loss: 3.141876 | lrm: 0.27 | dt: 1747.19ms | tok/s: 300,074 | mfu: 34.25 | epoch: 1 | eta: 8.6m
step 01910/02205 (86.62%) [ns3_ftrl_eta0p05] | loss: 3.141075 | lrm: 0.27 | dt: 1747.03ms | tok/s: 300,102 | mfu: 34.26 | epoch: 1 | eta: 8.6m
step 01911/02205 (86.67%) [ns3_ftrl_eta0p05] | loss: 3.133541 | lrm: 0.27 | dt: 1753.02ms | tok/s: 299,077 | mfu: 34.14 | epoch: 1 | eta: 8.6m
step 01912/02205 (86.71%) [ns3_ftrl_eta0p05] | loss: 3.129637 | lrm: 0.27 | dt: 1749.59ms | tok/s: 299,663 | mfu: 34.21 | epoch: 1 | eta: 8.6m
step 01913/02205 (86.76%) [ns3_ftrl_eta0p05] | loss: 3.133464 | lrm: 0.26 | dt: 1747.23ms | tok/s: 300,067 | mfu: 34.25 | epoch: 1 | eta: 8.5m
step 01914/02205 (86.80%) [ns3_ftrl_eta0p05] | loss: 3.134059 | lrm: 0.26 | dt: 1723.54ms | tok/s: 304,193 | mfu: 34.72 | epoch: 1 | eta: 8.5m
step 01915/02205 (86.85%) [ns3_ftrl_eta0p05] | loss: 3.136059 | lrm: 0.26 | dt: 1761.67ms | tok/s: 297,609 | mfu: 33.97 | epoch: 1 | eta: 8.5m
step 01916/02205 (86.89%) [ns3_ftrl_eta0p05] | loss: 3.144061 | lrm: 0.26 | dt: 1750.09ms | tok/s: 299,578 | mfu: 34.20 | epoch: 1 | eta: 8.4m
step 01917/02205 (86.94%) [ns3_ftrl_eta0p05] | loss: 3.139078 | lrm: 0.26 | dt: 1744.63ms | tok/s: 300,515 | mfu: 34.30 | epoch: 1 | eta: 8.4m
step 01918/02205 (86.98%) [ns3_ftrl_eta0p05] | loss: 3.139226 | lrm: 0.26 | dt: 1756.69ms | tok/s: 298,452 | mfu: 34.07 | epoch: 1 | eta: 8.4m
step 01919/02205 (87.03%) [ns3_ftrl_eta0p05] | loss: 3.134986 | lrm: 0.26 | dt: 1749.23ms | tok/s: 299,725 | mfu: 34.21 | epoch: 1 | eta: 8.4m
step 01920/02205 (87.07%) [ns3_ftrl_eta0p05] | loss: 3.137569 | lrm: 0.26 | dt: 1757.11ms | tok/s: 298,381 | mfu: 34.06 | epoch: 1 | eta: 8.3m
step 01921/02205 (87.12%) [ns3_ftrl_eta0p05] | loss: 3.127988 | lrm: 0.26 | dt: 1754.81ms | tok/s: 298,772 | mfu: 34.11 | epoch: 1 | eta: 8.3m
step 01922/02205 (87.17%) [ns3_ftrl_eta0p05] | loss: 3.135490 | lrm: 0.26 | dt: 1750.33ms | tok/s: 299,537 | mfu: 34.19 | epoch: 1 | eta: 8.3m
step 01923/02205 (87.21%) [ns3_ftrl_eta0p05] | loss: 3.137003 | lrm: 0.26 | dt: 1754.15ms | tok/s: 298,884 | mfu: 34.12 | epoch: 1 | eta: 8.2m
step 01924/02205 (87.26%) [ns3_ftrl_eta0p05] | loss: 3.138152 | lrm: 0.25 | dt: 1748.82ms | tok/s: 299,796 | mfu: 34.22 | epoch: 1 | eta: 8.2m
step 01925/02205 (87.30%) [ns3_ftrl_eta0p05] | loss: 3.132896 | lrm: 0.25 | dt: 1753.57ms | tok/s: 298,983 | mfu: 34.13 | epoch: 1 | eta: 8.2m
step 01926/02205 (87.35%) [ns3_ftrl_eta0p05] | loss: 3.134349 | lrm: 0.25 | dt: 1757.28ms | tok/s: 298,351 | mfu: 34.06 | epoch: 1 | eta: 8.1m
step 01927/02205 (87.39%) [ns3_ftrl_eta0p05] | loss: 3.133601 | lrm: 0.25 | dt: 1744.86ms | tok/s: 300,475 | mfu: 34.30 | epoch: 1 | eta: 8.1m
step 01928/02205 (87.44%) [ns3_ftrl_eta0p05] | loss: 3.133236 | lrm: 0.25 | dt: 1759.28ms | tok/s: 298,012 | mfu: 34.02 | epoch: 1 | eta: 8.1m
step 01929/02205 (87.48%) [ns3_ftrl_eta0p05] | loss: 3.131873 | lrm: 0.25 | dt: 1752.76ms | tok/s: 299,121 | mfu: 34.15 | epoch: 1 | eta: 8.1m
step 01930/02205 (87.53%) [ns3_ftrl_eta0p05] | loss: 3.136504 | lrm: 0.25 | dt: 1757.02ms | tok/s: 298,396 | mfu: 34.06 | epoch: 1 | eta: 8.0m
step 01931/02205 (87.57%) [ns3_ftrl_eta0p05] | loss: 3.144105 | lrm: 0.25 | dt: 1752.24ms | tok/s: 299,210 | mfu: 34.16 | epoch: 1 | eta: 8.0m
step 01932/02205 (87.62%) [ns3_ftrl_eta0p05] | loss: 3.140448 | lrm: 0.25 | dt: 1747.94ms | tok/s: 299,945 | mfu: 34.24 | epoch: 1 | eta: 8.0m
step 01933/02205 (87.66%) [ns3_ftrl_eta0p05] | loss: 3.136437 | lrm: 0.25 | dt: 1751.93ms | tok/s: 299,262 | mfu: 34.16 | epoch: 1 | eta: 7.9m
step 01934/02205 (87.71%) [ns3_ftrl_eta0p05] | loss: 3.127785 | lrm: 0.25 | dt: 1748.56ms | tok/s: 299,839 | mfu: 34.23 | epoch: 1 | eta: 7.9m
step 01935/02205 (87.76%) [ns3_ftrl_eta0p05] | loss: 3.125956 | lrm: 0.25 | dt: 1755.12ms | tok/s: 298,719 | mfu: 34.10 | epoch: 1 | eta: 7.9m
step 01936/02205 (87.80%) [ns3_ftrl_eta0p05] | loss: 3.132260 | lrm: 0.24 | dt: 1753.28ms | tok/s: 299,032 | mfu: 34.13 | epoch: 1 | eta: 7.9m
step 01937/02205 (87.85%) [ns3_ftrl_eta0p05] | loss: 3.129854 | lrm: 0.24 | dt: 1753.75ms | tok/s: 298,952 | mfu: 34.13 | epoch: 1 | eta: 7.8m
step 01938/02205 (87.89%) [ns3_ftrl_eta0p05] | loss: 3.119510 | lrm: 0.24 | dt: 1754.95ms | tok/s: 298,747 | mfu: 34.10 | epoch: 1 | eta: 7.8m
step 01939/02205 (87.94%) [ns3_ftrl_eta0p05] | loss: 3.119015 | lrm: 0.24 | dt: 1751.06ms | tok/s: 299,411 | mfu: 34.18 | epoch: 1 | eta: 7.8m
step 01940/02205 (87.98%) [ns3_ftrl_eta0p05] | loss: 3.120165 | lrm: 0.24 | dt: 1759.01ms | tok/s: 298,058 | mfu: 34.02 | epoch: 1 | eta: 7.7m
step 01941/02205 (88.03%) [ns3_ftrl_eta0p05] | loss: 3.113383 | lrm: 0.24 | dt: 1757.49ms | tok/s: 298,316 | mfu: 34.05 | epoch: 1 | eta: 7.7m
step 01942/02205 (88.07%) [ns3_ftrl_eta0p05] | loss: 3.120208 | lrm: 0.24 | dt: 1744.26ms | tok/s: 300,579 | mfu: 34.31 | epoch: 1 | eta: 7.7m
step 01943/02205 (88.12%) [ns3_ftrl_eta0p05] | loss: 3.107143 | lrm: 0.24 | dt: 1762.26ms | tok/s: 297,509 | mfu: 33.96 | epoch: 1 | eta: 7.7m
step 01944/02205 (88.16%) [ns3_ftrl_eta0p05] | loss: 3.107681 | lrm: 0.24 | dt: 1760.91ms | tok/s: 297,737 | mfu: 33.99 | epoch: 1 | eta: 7.6m
step 01945/02205 (88.21%) [ns3_ftrl_eta0p05] | loss: 3.107927 | lrm: 0.24 | dt: 1761.47ms | tok/s: 297,642 | mfu: 33.98 | epoch: 1 | eta: 7.6m
step 01946/02205 (88.25%) [ns3_ftrl_eta0p05] | loss: 3.111270 | lrm: 0.24 | dt: 1756.29ms | tok/s: 298,520 | mfu: 34.08 | epoch: 1 | eta: 7.6m
step 01947/02205 (88.30%) [ns3_ftrl_eta0p05] | loss: 3.116213 | lrm: 0.23 | dt: 1757.13ms | tok/s: 298,377 | mfu: 34.06 | epoch: 1 | eta: 7.5m
step 01948/02205 (88.34%) [ns3_ftrl_eta0p05] | loss: 3.112857 | lrm: 0.23 | dt: 1750.82ms | tok/s: 299,453 | mfu: 34.18 | epoch: 1 | eta: 7.5m
step 01949/02205 (88.39%) [ns3_ftrl_eta0p05] | loss: 3.114013 | lrm: 0.23 | dt: 1753.28ms | tok/s: 299,033 | mfu: 34.14 | epoch: 1 | eta: 7.5m
step 01950/02205 (88.44%) [ns3_ftrl_eta0p05] | loss: 3.105887 | lrm: 0.23 | dt: 1747.56ms | tok/s: 300,010 | mfu: 34.25 | epoch: 1 | eta: 7.4m
step 01951/02205 (88.48%) [ns3_ftrl_eta0p05] | loss: 3.110161 | lrm: 0.23 | dt: 1754.17ms | tok/s: 298,880 | mfu: 34.12 | epoch: 1 | eta: 7.4m
step 01952/02205 (88.53%) [ns3_ftrl_eta0p05] | loss: 3.108996 | lrm: 0.23 | dt: 1757.55ms | tok/s: 298,305 | mfu: 34.05 | epoch: 1 | eta: 7.4m
step 01953/02205 (88.57%) [ns3_ftrl_eta0p05] | loss: 3.109151 | lrm: 0.23 | dt: 1751.31ms | tok/s: 299,368 | mfu: 34.17 | epoch: 1 | eta: 7.4m
step 01954/02205 (88.62%) [ns3_ftrl_eta0p05] | loss: 3.110859 | lrm: 0.23 | dt: 1753.54ms | tok/s: 298,988 | mfu: 34.13 | epoch: 1 | eta: 7.3m
step 01955/02205 (88.66%) [ns3_ftrl_eta0p05] | loss: 3.098154 | lrm: 0.23 | dt: 1750.81ms | tok/s: 299,454 | mfu: 34.18 | epoch: 1 | eta: 7.3m
step 01956/02205 (88.71%) [ns3_ftrl_eta0p05] | loss: 3.091523 | lrm: 0.23 | dt: 1755.98ms | tok/s: 298,573 | mfu: 34.08 | epoch: 1 | eta: 7.3m
step 01957/02205 (88.75%) [ns3_ftrl_eta0p05] | loss: 3.101785 | lrm: 0.23 | dt: 1753.61ms | tok/s: 298,976 | mfu: 34.13 | epoch: 1 | eta: 7.2m
step 01958/02205 (88.80%) [ns3_ftrl_eta0p05] | loss: 3.100483 | lrm: 0.22 | dt: 1750.18ms | tok/s: 299,562 | mfu: 34.20 | epoch: 1 | eta: 7.2m
step 01959/02205 (88.84%) [ns3_ftrl_eta0p05] | loss: 3.094046 | lrm: 0.22 | dt: 1762.73ms | tok/s: 297,429 | mfu: 33.95 | epoch: 1 | eta: 7.2m
step 01960/02205 (88.89%) [ns3_ftrl_eta0p05] | loss: 3.089228 | lrm: 0.22 | dt: 1750.61ms | tok/s: 299,488 | mfu: 34.19 | epoch: 1 | eta: 7.2m
step 01961/02205 (88.93%) [ns3_ftrl_eta0p05] | loss: 3.094043 | lrm: 0.22 | dt: 1759.58ms | tok/s: 297,961 | mfu: 34.01 | epoch: 1 | eta: 7.1m
step 01962/02205 (88.98%) [ns3_ftrl_eta0p05] | loss: 3.100000 | lrm: 0.22 | dt: 1756.87ms | tok/s: 298,421 | mfu: 34.07 | epoch: 1 | eta: 7.1m
step 01963/02205 (89.02%) [ns3_ftrl_eta0p05] | loss: 3.106422 | lrm: 0.22 | dt: 1751.09ms | tok/s: 299,406 | mfu: 34.18 | epoch: 1 | eta: 7.1m
step 01964/02205 (89.07%) [ns3_ftrl_eta0p05] | loss: 3.109422 | lrm: 0.22 | dt: 1754.76ms | tok/s: 298,781 | mfu: 34.11 | epoch: 1 | eta: 7.0m
step 01965/02205 (89.12%) [ns3_ftrl_eta0p05] | loss: 3.096710 | lrm: 0.22 | dt: 1753.95ms | tok/s: 298,918 | mfu: 34.12 | epoch: 1 | eta: 7.0m
step 01966/02205 (89.16%) [ns3_ftrl_eta0p05] | loss: 3.086700 | lrm: 0.22 | dt: 1757.29ms | tok/s: 298,350 | mfu: 34.06 | epoch: 1 | eta: 7.0m
step 01967/02205 (89.21%) [ns3_ftrl_eta0p05] | loss: 3.088636 | lrm: 0.22 | dt: 1769.69ms | tok/s: 296,260 | mfu: 33.82 | epoch: 1 | eta: 7.0m
step 01968/02205 (89.25%) [ns3_ftrl_eta0p05] | loss: 3.093922 | lrm: 0.22 | dt: 1762.36ms | tok/s: 297,491 | mfu: 33.96 | epoch: 1 | eta: 6.9m
step 01969/02205 (89.30%) [ns3_ftrl_eta0p05] | loss: 3.092256 | lrm: 0.21 | dt: 1760.14ms | tok/s: 297,867 | mfu: 34.00 | epoch: 1 | eta: 6.9m
step 01970/02205 (89.34%) [ns3_ftrl_eta0p05] | loss: 3.095595 | lrm: 0.21 | dt: 1767.82ms | tok/s: 296,573 | mfu: 33.85 | epoch: 1 | eta: 6.9m
step 01971/02205 (89.39%) [ns3_ftrl_eta0p05] | loss: 3.106372 | lrm: 0.21 | dt: 1755.44ms | tok/s: 298,665 | mfu: 34.09 | epoch: 1 | eta: 6.8m
step 01972/02205 (89.43%) [ns3_ftrl_eta0p05] | loss: 3.107318 | lrm: 0.21 | dt: 1750.94ms | tok/s: 299,432 | mfu: 34.18 | epoch: 1 | eta: 6.8m
step 01973/02205 (89.48%) [ns3_ftrl_eta0p05] | loss: 3.104776 | lrm: 0.21 | dt: 1767.17ms | tok/s: 296,682 | mfu: 33.87 | epoch: 1 | eta: 6.8m
step 01974/02205 (89.52%) [ns3_ftrl_eta0p05] | loss: 3.109578 | lrm: 0.21 | dt: 1758.21ms | tok/s: 298,194 | mfu: 34.04 | epoch: 1 | eta: 6.7m
step 01975/02205 (89.57%) [ns3_ftrl_eta0p05] | loss: 3.106670 | lrm: 0.21 | dt: 1760.81ms | tok/s: 297,753 | mfu: 33.99 | epoch: 1 | eta: 6.7m
step 01976/02205 (89.61%) [ns3_ftrl_eta0p05] | loss: 3.109417 | lrm: 0.21 | dt: 1762.03ms | tok/s: 297,547 | mfu: 33.97 | epoch: 1 | eta: 6.7m
step 01977/02205 (89.66%) [ns3_ftrl_eta0p05] | loss: 3.107864 | lrm: 0.21 | dt: 1769.84ms | tok/s: 296,235 | mfu: 33.82 | epoch: 1 | eta: 6.7m
step 01978/02205 (89.71%) [ns3_ftrl_eta0p05] | loss: 3.111963 | lrm: 0.21 | dt: 1758.32ms | tok/s: 298,175 | mfu: 34.04 | epoch: 1 | eta: 6.6m
step 01979/02205 (89.75%) [ns3_ftrl_eta0p05] | loss: 3.111771 | lrm: 0.21 | dt: 1763.58ms | tok/s: 297,286 | mfu: 33.94 | epoch: 1 | eta: 6.6m
step 01980/02205 (89.80%) [ns3_ftrl_eta0p05] | loss: 3.107531 | lrm: 0.20 | dt: 1760.35ms | tok/s: 297,831 | mfu: 34.00 | epoch: 1 | eta: 6.6m
step 01981/02205 (89.84%) [ns3_ftrl_eta0p05] | loss: 3.115270 | lrm: 0.20 | dt: 1754.24ms | tok/s: 298,869 | mfu: 34.12 | epoch: 1 | eta: 6.5m
step 01982/02205 (89.89%) [ns3_ftrl_eta0p05] | loss: 3.122693 | lrm: 0.20 | dt: 1760.68ms | tok/s: 297,776 | mfu: 33.99 | epoch: 1 | eta: 6.5m
step 01983/02205 (89.93%) [ns3_ftrl_eta0p05] | loss: 3.121663 | lrm: 0.20 | dt: 1754.86ms | tok/s: 298,763 | mfu: 34.10 | epoch: 1 | eta: 6.5m
step 01984/02205 (89.98%) [ns3_ftrl_eta0p05] | loss: 3.121292 | lrm: 0.20 | dt: 1754.76ms | tok/s: 298,780 | mfu: 34.11 | epoch: 1 | eta: 6.5m
step 01985/02205 (90.02%) [ns3_ftrl_eta0p05] | loss: 3.124117 | lrm: 0.20 | dt: 1769.26ms | tok/s: 296,332 | mfu: 33.83 | epoch: 1 | eta: 6.4m
step 01986/02205 (90.07%) [ns3_ftrl_eta0p05] | loss: 3.119184 | lrm: 0.20 | dt: 1762.60ms | tok/s: 297,451 | mfu: 33.95 | epoch: 1 | eta: 6.4m
step 01987/02205 (90.11%) [ns3_ftrl_eta0p05] | loss: 3.126696 | lrm: 0.20 | dt: 1762.66ms | tok/s: 297,440 | mfu: 33.95 | epoch: 1 | eta: 6.4m
step 01988/02205 (90.16%) [ns3_ftrl_eta0p05] | loss: 3.123614 | lrm: 0.20 | dt: 1752.56ms | tok/s: 299,156 | mfu: 34.15 | epoch: 1 | eta: 6.3m
step 01989/02205 (90.20%) [ns3_ftrl_eta0p05] | loss: 3.129096 | lrm: 0.20 | dt: 1757.78ms | tok/s: 298,266 | mfu: 34.05 | epoch: 1 | eta: 6.3m
step 01990/02205 (90.25%) [ns3_ftrl_eta0p05] | loss: 3.129184 | lrm: 0.20 | dt: 1764.03ms | tok/s: 297,209 | mfu: 33.93 | epoch: 1 | eta: 6.3m
step 01991/02205 (90.29%) [ns3_ftrl_eta0p05] | loss: 3.128713 | lrm: 0.19 | dt: 1755.11ms | tok/s: 298,721 | mfu: 34.10 | epoch: 1 | eta: 6.3m
step 01992/02205 (90.34%) [ns3_ftrl_eta0p05] | loss: 3.123461 | lrm: 0.19 | dt: 1754.99ms | tok/s: 298,741 | mfu: 34.10 | epoch: 1 | eta: 6.2m
step 01993/02205 (90.39%) [ns3_ftrl_eta0p05] | loss: 3.115722 | lrm: 0.19 | dt: 1766.87ms | tok/s: 296,733 | mfu: 33.87 | epoch: 1 | eta: 6.2m
step 01994/02205 (90.43%) [ns3_ftrl_eta0p05] | loss: 3.118858 | lrm: 0.19 | dt: 1757.68ms | tok/s: 298,283 | mfu: 34.05 | epoch: 1 | eta: 6.2m
step 01995/02205 (90.48%) [ns3_ftrl_eta0p05] | loss: 3.114085 | lrm: 0.19 | dt: 1762.75ms | tok/s: 297,425 | mfu: 33.95 | epoch: 1 | eta: 6.1m
step 01996/02205 (90.52%) [ns3_ftrl_eta0p05] | loss: 3.112604 | lrm: 0.19 | dt: 1761.97ms | tok/s: 297,557 | mfu: 33.97 | epoch: 1 | eta: 6.1m
step 01997/02205 (90.57%) [ns3_ftrl_eta0p05] | loss: 3.111569 | lrm: 0.19 | dt: 1756.56ms | tok/s: 298,474 | mfu: 34.07 | epoch: 1 | eta: 6.1m
step 01998/02205 (90.61%) [ns3_ftrl_eta0p05] | loss: 3.104986 | lrm: 0.19 | dt: 1765.68ms | tok/s: 296,933 | mfu: 33.90 | epoch: 1 | eta: 6.0m
step 01999/02205 (90.66%) [ns3_ftrl_eta0p05] | loss: 3.095769 | lrm: 0.19 | dt: 1755.68ms | tok/s: 298,624 | mfu: 34.09 | epoch: 1 | eta: 6.0m
Step 02000 | val bpb: 0.910965
Evaluating: hellaswag_zeroshot (0-shot, type: multiple_choice)... accuracy: 0.3240 | centered: 0.0987 | time: 5.30s
Evaluating: jeopardy (10-shot, type: language_modeling)... accuracy: 0.0200 | centered: 0.0200 | time: 4.84s
Evaluating: bigbench_qa_wikidata (10-shot, type: language_modeling)... accuracy: 0.3320 | centered: 0.3320 | time: 4.63s
Evaluating: arc_easy (10-shot, type: multiple_choice)... accuracy: 0.5240 | centered: 0.3653 | time: 6.11s
Evaluating: arc_challenge (10-shot, type: multiple_choice)... accuracy: 0.2760 | centered: 0.0347 | time: 5.84s
Evaluating: copa (0-shot, type: multiple_choice)... accuracy: 0.5700 | centered: 0.1400 | time: 0.91s
Evaluating: commonsense_qa (10-shot, type: multiple_choice)... accuracy: 0.3280 | centered: 0.1600 | time: 5.91s
Evaluating: piqa (10-shot, type: multiple_choice)... accuracy: 0.6280 | centered: 0.2560 | time: 5.75s
Evaluating: openbook_qa (0-shot, type: multiple_choice)... accuracy: 0.2940 | centered: 0.0587 | time: 4.40s
Evaluating: lambada_openai (0-shot, type: language_modeling)... accuracy: 0.2980 | centered: 0.2980 | time: 4.61s
Evaluating: hellaswag (10-shot, type: multiple_choice)... accuracy: 0.3280 | centered: 0.1040 | time: 7.75s
Evaluating: winograd (0-shot, type: schema)... accuracy: 0.6117 | centered: 0.2234 | time: 2.28s
Evaluating: winogrande (0-shot, type: schema)... accuracy: 0.5000 | centered: 0.0000 | time: 4.17s
Evaluating: bigbench_dyck_languages (10-shot, type: language_modeling)... accuracy: 0.1340 | centered: 0.1340 | time: 5.59s
Evaluating: agi_eval_lsat_ar (3-shot, type: multiple_choice)... accuracy: 0.2696 | centered: 0.0870 | time: 3.27s
Evaluating: bigbench_cs_algorithms (10-shot, type: language_modeling)... accuracy: 0.4400 | centered: 0.4400 | time: 4.91s
Evaluating: bigbench_operators (10-shot, type: language_modeling)... accuracy: 0.1238 | centered: 0.1238 | time: 2.11s
Evaluating: bigbench_repeat_copy_logic (10-shot, type: language_modeling)... accuracy: 0.0000 | centered: 0.0000 | time: 0.31s
Evaluating: squad (10-shot, type: language_modeling)... accuracy: 0.0820 | centered: 0.0820 | time: 7.20s
Evaluating: coqa (0-shot, type: language_modeling)... accuracy: 0.1280 | centered: 0.1280 | time: 5.06s
Evaluating: boolq (10-shot, type: multiple_choice)... accuracy: 0.5240 | centered: -0.2526 | time: 7.63s
Evaluating: bigbench_language_identification (10-shot, type: multiple_choice)... accuracy: 0.2740 | centered: 0.2013 | time: 10.14s
Step 02000 | CORE metric: 0.1379
<|bos|>The capital of France is Paris. It is the capital of the Republic of France. It is the capital
<|bos|>The chemical symbol of gold is gold. It is the most common metal in the world. It is the most
<|bos|>If yesterday was Friday, then tomorrow will be Friday. But if yesterday was Friday, then tomorrow will be Friday. And if
<|bos|>If 5*x + 3 = 13, then x is 13. If 5*x + 3 = 13, then
step 02000/02205 (90.70%) [ns3_ftrl_eta0p05] | loss: 3.098064 | lrm: 0.19 | dt: 1660.81ms | tok/s: 315,682 | mfu: 36.04 | epoch: 1 | eta: 6.0m
step 02001/02205 (90.75%) [ns3_ftrl_eta0p05] | loss: 3.098808 | lrm: 0.19 | dt: 1685.69ms | tok/s: 311,023 | mfu: 35.50 | epoch: 1 | eta: 6.0m
step 02002/02205 (90.79%) [ns3_ftrl_eta0p05] | loss: 3.107341 | lrm: 0.18 | dt: 1674.05ms | tok/s: 313,185 | mfu: 35.75 | epoch: 1 | eta: 5.9m
step 02003/02205 (90.84%) [ns3_ftrl_eta0p05] | loss: 3.114541 | lrm: 0.18 | dt: 1687.84ms | tok/s: 310,627 | mfu: 35.46 | epoch: 1 | eta: 5.9m
step 02004/02205 (90.88%) [ns3_ftrl_eta0p05] | loss: 3.117809 | lrm: 0.18 | dt: 1691.40ms | tok/s: 309,972 | mfu: 35.38 | epoch: 1 | eta: 5.9m
step 02005/02205 (90.93%) [ns3_ftrl_eta0p05] | loss: 3.120219 | lrm: 0.18 | dt: 1686.69ms | tok/s: 310,838 | mfu: 35.48 | epoch: 1 | eta: 5.8m
step 02006/02205 (90.98%) [ns3_ftrl_eta0p05] | loss: 3.121920 | lrm: 0.18 | dt: 1689.83ms | tok/s: 310,260 | mfu: 35.42 | epoch: 1 | eta: 5.8m
step 02007/02205 (91.02%) [ns3_ftrl_eta0p05] | loss: 3.126464 | lrm: 0.18 | dt: 1692.25ms | tok/s: 309,816 | mfu: 35.37 | epoch: 1 | eta: 5.8m
step 02008/02205 (91.07%) [ns3_ftrl_eta0p05] | loss: 3.121301 | lrm: 0.18 | dt: 1694.76ms | tok/s: 309,358 | mfu: 35.31 | epoch: 1 | eta: 5.8m
step 02009/02205 (91.11%) [ns3_ftrl_eta0p05] | loss: 3.123187 | lrm: 0.18 | dt: 1696.10ms | tok/s: 309,113 | mfu: 35.29 | epoch: 1 | eta: 5.7m
step 02010/02205 (91.16%) [ns3_ftrl_eta0p05] | loss: 3.119569 | lrm: 0.18 | dt: 1703.17ms | tok/s: 307,830 | mfu: 35.14 | epoch: 1 | eta: 5.7m
step 02011/02205 (91.20%) [ns3_ftrl_eta0p05] | loss: 3.127146 | lrm: 0.18 | dt: 1702.94ms | tok/s: 307,872 | mfu: 35.14 | epoch: 1 | eta: 5.7m
step 02012/02205 (91.25%) [ns3_ftrl_eta0p05] | loss: 3.120027 | lrm: 0.18 | dt: 1701.53ms | tok/s: 308,127 | mfu: 35.17 | epoch: 1 | eta: 5.6m
step 02013/02205 (91.29%) [ns3_ftrl_eta0p05] | loss: 3.105269 | lrm: 0.17 | dt: 1701.73ms | tok/s: 308,090 | mfu: 35.17 | epoch: 1 | eta: 5.6m
step 02014/02205 (91.34%) [ns3_ftrl_eta0p05] | loss: 3.113068 | lrm: 0.17 | dt: 1703.47ms | tok/s: 307,776 | mfu: 35.13 | epoch: 1 | eta: 5.6m
step 02015/02205 (91.38%) [ns3_ftrl_eta0p05] | loss: 3.111565 | lrm: 0.17 | dt: 1708.31ms | tok/s: 306,903 | mfu: 35.03 | epoch: 1 | eta: 5.5m
step 02016/02205 (91.43%) [ns3_ftrl_eta0p05] | loss: 3.103800 | lrm: 0.17 | dt: 1703.08ms | tok/s: 307,847 | mfu: 35.14 | epoch: 1 | eta: 5.5m
step 02017/02205 (91.47%) [ns3_ftrl_eta0p05] | loss: 3.106356 | lrm: 0.17 | dt: 1714.34ms | tok/s: 305,825 | mfu: 34.91 | epoch: 1 | eta: 5.5m
step 02018/02205 (91.52%) [ns3_ftrl_eta0p05] | loss: 3.108372 | lrm: 0.17 | dt: 1714.04ms | tok/s: 305,879 | mfu: 34.92 | epoch: 1 | eta: 5.5m
step 02019/02205 (91.56%) [ns3_ftrl_eta0p05] | loss: 3.104700 | lrm: 0.17 | dt: 1709.64ms | tok/s: 306,664 | mfu: 35.01 | epoch: 1 | eta: 5.4m
step 02020/02205 (91.61%) [ns3_ftrl_eta0p05] | loss: 3.103207 | lrm: 0.17 | dt: 1714.30ms | tok/s: 305,832 | mfu: 34.91 | epoch: 1 | eta: 5.4m
step 02021/02205 (91.66%) [ns3_ftrl_eta0p05] | loss: 3.111189 | lrm: 0.17 | dt: 1721.47ms | tok/s: 304,557 | mfu: 34.77 | epoch: 1 | eta: 5.4m
step 02022/02205 (91.70%) [ns3_ftrl_eta0p05] | loss: 3.110936 | lrm: 0.17 | dt: 1714.29ms | tok/s: 305,833 | mfu: 34.91 | epoch: 1 | eta: 5.3m
step 02023/02205 (91.75%) [ns3_ftrl_eta0p05] | loss: 3.109249 | lrm: 0.17 | dt: 1717.28ms | tok/s: 305,302 | mfu: 34.85 | epoch: 1 | eta: 5.3m
step 02024/02205 (91.79%) [ns3_ftrl_eta0p05] | loss: 3.101575 | lrm: 0.16 | dt: 1723.23ms | tok/s: 304,247 | mfu: 34.73 | epoch: 1 | eta: 5.3m
step 02025/02205 (91.84%) [ns3_ftrl_eta0p05] | loss: 3.097175 | lrm: 0.16 | dt: 1716.96ms | tok/s: 305,358 | mfu: 34.86 | epoch: 1 | eta: 5.3m
step 02026/02205 (91.88%) [ns3_ftrl_eta0p05] | loss: 3.099547 | lrm: 0.16 | dt: 1718.06ms | tok/s: 305,162 | mfu: 34.83 | epoch: 1 | eta: 5.2m
step 02027/02205 (91.93%) [ns3_ftrl_eta0p05] | loss: 3.098212 | lrm: 0.16 | dt: 1718.32ms | tok/s: 305,115 | mfu: 34.83 | epoch: 1 | eta: 5.2m
step 02028/02205 (91.97%) [ns3_ftrl_eta0p05] | loss: 3.110783 | lrm: 0.16 | dt: 1721.65ms | tok/s: 304,526 | mfu: 34.76 | epoch: 1 | eta: 5.2m
step 02029/02205 (92.02%) [ns3_ftrl_eta0p05] | loss: 3.108088 | lrm: 0.16 | dt: 1720.44ms | tok/s: 304,740 | mfu: 34.79 | epoch: 1 | eta: 5.1m
step 02030/02205 (92.06%) [ns3_ftrl_eta0p05] | loss: 3.114063 | lrm: 0.16 | dt: 1726.98ms | tok/s: 303,586 | mfu: 34.65 | epoch: 1 | eta: 5.1m
step 02031/02205 (92.11%) [ns3_ftrl_eta0p05] | loss: 3.110645 | lrm: 0.16 | dt: 1726.97ms | tok/s: 303,588 | mfu: 34.65 | epoch: 1 | eta: 5.1m
step 02032/02205 (92.15%) [ns3_ftrl_eta0p05] | loss: 3.109316 | lrm: 0.16 | dt: 1726.40ms | tok/s: 303,688 | mfu: 34.67 | epoch: 1 | eta: 5.1m
step 02033/02205 (92.20%) [ns3_ftrl_eta0p05] | loss: 3.110566 | lrm: 0.16 | dt: 1725.64ms | tok/s: 303,822 | mfu: 34.68 | epoch: 1 | eta: 5.0m
step 02034/02205 (92.24%) [ns3_ftrl_eta0p05] | loss: 3.110820 | lrm: 0.16 | dt: 1724.93ms | tok/s: 303,946 | mfu: 34.70 | epoch: 1 | eta: 5.0m
step 02035/02205 (92.29%) [ns3_ftrl_eta0p05] | loss: 3.110515 | lrm: 0.15 | dt: 1728.25ms | tok/s: 303,364 | mfu: 34.63 | epoch: 1 | eta: 5.0m
step 02036/02205 (92.34%) [ns3_ftrl_eta0p05] | loss: 3.100527 | lrm: 0.15 | dt: 1731.34ms | tok/s: 302,821 | mfu: 34.57 | epoch: 1 | eta: 4.9m
step 02037/02205 (92.38%) [ns3_ftrl_eta0p05] | loss: 3.106565 | lrm: 0.15 | dt: 1728.40ms | tok/s: 303,337 | mfu: 34.63 | epoch: 1 | eta: 4.9m
step 02038/02205 (92.43%) [ns3_ftrl_eta0p05] | loss: 3.107489 | lrm: 0.15 | dt: 1734.03ms | tok/s: 302,351 | mfu: 34.51 | epoch: 1 | eta: 4.9m
step 02039/02205 (92.47%) [ns3_ftrl_eta0p05] | loss: 3.098381 | lrm: 0.15 | dt: 1738.21ms | tok/s: 301,625 | mfu: 34.43 | epoch: 1 | eta: 4.8m
step 02040/02205 (92.52%) [ns3_ftrl_eta0p05] | loss: 3.105648 | lrm: 0.15 | dt: 1729.74ms | tok/s: 303,101 | mfu: 34.60 | epoch: 1 | eta: 4.8m
step 02041/02205 (92.56%) [ns3_ftrl_eta0p05] | loss: 3.118081 | lrm: 0.15 | dt: 1734.14ms | tok/s: 302,333 | mfu: 34.51 | epoch: 1 | eta: 4.8m
step 02042/02205 (92.61%) [ns3_ftrl_eta0p05] | loss: 3.120473 | lrm: 0.15 | dt: 1734.93ms | tok/s: 302,194 | mfu: 34.50 | epoch: 1 | eta: 4.8m
step 02043/02205 (92.65%) [ns3_ftrl_eta0p05] | loss: 3.115741 | lrm: 0.15 | dt: 1739.47ms | tok/s: 301,407 | mfu: 34.41 | epoch: 1 | eta: 4.7m
step 02044/02205 (92.70%) [ns3_ftrl_eta0p05] | loss: 3.110289 | lrm: 0.15 | dt: 1739.03ms | tok/s: 301,482 | mfu: 34.41 | epoch: 1 | eta: 4.7m
step 02045/02205 (92.74%) [ns3_ftrl_eta0p05] | loss: 3.114778 | lrm: 0.15 | dt: 1737.97ms | tok/s: 301,666 | mfu: 34.44 | epoch: 1 | eta: 4.7m
step 02046/02205 (92.79%) [ns3_ftrl_eta0p05] | loss: 3.117755 | lrm: 0.14 | dt: 1735.65ms | tok/s: 302,069 | mfu: 34.48 | epoch: 1 | eta: 4.6m
step 02047/02205 (92.83%) [ns3_ftrl_eta0p05] | loss: 3.118175 | lrm: 0.14 | dt: 1736.28ms | tok/s: 301,960 | mfu: 34.47 | epoch: 1 | eta: 4.6m
step 02048/02205 (92.88%) [ns3_ftrl_eta0p05] | loss: 3.125110 | lrm: 0.14 | dt: 1740.20ms | tok/s: 301,279 | mfu: 34.39 | epoch: 1 | eta: 4.6m
step 02049/02205 (92.93%) [ns3_ftrl_eta0p05] | loss: 3.123397 | lrm: 0.14 | dt: 1744.57ms | tok/s: 300,524 | mfu: 34.31 | epoch: 1 | eta: 4.6m
step 02050/02205 (92.97%) [ns3_ftrl_eta0p05] | loss: 3.119934 | lrm: 0.14 | dt: 1735.30ms | tok/s: 302,131 | mfu: 34.49 | epoch: 1 | eta: 4.5m
step 02051/02205 (93.02%) [ns3_ftrl_eta0p05] | loss: 3.124692 | lrm: 0.14 | dt: 1738.98ms | tok/s: 301,491 | mfu: 34.42 | epoch: 1 | eta: 4.5m
step 02052/02205 (93.06%) [ns3_ftrl_eta0p05] | loss: 3.118312 | lrm: 0.14 | dt: 1747.25ms | tok/s: 300,065 | mfu: 34.25 | epoch: 1 | eta: 4.5m
step 02053/02205 (93.11%) [ns3_ftrl_eta0p05] | loss: 3.112277 | lrm: 0.14 | dt: 1743.54ms | tok/s: 300,703 | mfu: 34.33 | epoch: 1 | eta: 4.4m
step 02054/02205 (93.15%) [ns3_ftrl_eta0p05] | loss: 3.113777 | lrm: 0.14 | dt: 1741.14ms | tok/s: 301,117 | mfu: 34.37 | epoch: 1 | eta: 4.4m
step 02055/02205 (93.20%) [ns3_ftrl_eta0p05] | loss: 3.114270 | lrm: 0.14 | dt: 1744.25ms | tok/s: 300,580 | mfu: 34.31 | epoch: 1 | eta: 4.4m
step 02056/02205 (93.24%) [ns3_ftrl_eta0p05] | loss: 3.100454 | lrm: 0.14 | dt: 1741.23ms | tok/s: 301,102 | mfu: 34.37 | epoch: 1 | eta: 4.4m
step 02057/02205 (93.29%) [ns3_ftrl_eta0p05] | loss: 3.100223 | lrm: 0.13 | dt: 1738.31ms | tok/s: 301,608 | mfu: 34.43 | epoch: 1 | eta: 4.3m
step 02058/02205 (93.33%) [ns3_ftrl_eta0p05] | loss: 3.106910 | lrm: 0.13 | dt: 1745.13ms | tok/s: 300,428 | mfu: 34.29 | epoch: 1 | eta: 4.3m
step 02059/02205 (93.38%) [ns3_ftrl_eta0p05] | loss: 3.095446 | lrm: 0.13 | dt: 1742.39ms | tok/s: 300,901 | mfu: 34.35 | epoch: 1 | eta: 4.3m
step 02060/02205 (93.42%) [ns3_ftrl_eta0p05] | loss: 3.094764 | lrm: 0.13 | dt: 1743.23ms | tok/s: 300,757 | mfu: 34.33 | epoch: 1 | eta: 4.2m
step 02061/02205 (93.47%) [ns3_ftrl_eta0p05] | loss: 3.106094 | lrm: 0.13 | dt: 1746.00ms | tok/s: 300,278 | mfu: 34.28 | epoch: 1 | eta: 4.2m
step 02062/02205 (93.51%) [ns3_ftrl_eta0p05] | loss: 3.107695 | lrm: 0.13 | dt: 1753.64ms | tok/s: 298,972 | mfu: 34.13 | epoch: 1 | eta: 4.2m
step 02063/02205 (93.56%) [ns3_ftrl_eta0p05] | loss: 3.101812 | lrm: 0.13 | dt: 1740.86ms | tok/s: 301,165 | mfu: 34.38 | epoch: 1 | eta: 4.1m
step 02064/02205 (93.61%) [ns3_ftrl_eta0p05] | loss: 3.105696 | lrm: 0.13 | dt: 1743.15ms | tok/s: 300,770 | mfu: 34.33 | epoch: 1 | eta: 4.1m
step 02065/02205 (93.65%) [ns3_ftrl_eta0p05] | loss: 3.103701 | lrm: 0.13 | dt: 1744.30ms | tok/s: 300,571 | mfu: 34.31 | epoch: 1 | eta: 4.1m
step 02066/02205 (93.70%) [ns3_ftrl_eta0p05] | loss: 3.099983 | lrm: 0.13 | dt: 1748.17ms | tok/s: 299,907 | mfu: 34.23 | epoch: 1 | eta: 4.1m
step 02067/02205 (93.74%) [ns3_ftrl_eta0p05] | loss: 3.094720 | lrm: 0.13 | dt: 1744.91ms | tok/s: 300,467 | mfu: 34.30 | epoch: 1 | eta: 4.0m
step 02068/02205 (93.79%) [ns3_ftrl_eta0p05] | loss: 3.096698 | lrm: 0.12 | dt: 1751.33ms | tok/s: 299,365 | mfu: 34.17 | epoch: 1 | eta: 4.0m
step 02069/02205 (93.83%) [ns3_ftrl_eta0p05] | loss: 3.098137 | lrm: 0.12 | dt: 1753.61ms | tok/s: 298,976 | mfu: 34.13 | epoch: 1 | eta: 4.0m
step 02070/02205 (93.88%) [ns3_ftrl_eta0p05] | loss: 3.098036 | lrm: 0.12 | dt: 1752.73ms | tok/s: 299,127 | mfu: 34.15 | epoch: 1 | eta: 3.9m
step 02071/02205 (93.92%) [ns3_ftrl_eta0p05] | loss: 3.091714 | lrm: 0.12 | dt: 1751.11ms | tok/s: 299,402 | mfu: 34.18 | epoch: 1 | eta: 3.9m
step 02072/02205 (93.97%) [ns3_ftrl_eta0p05] | loss: 3.082938 | lrm: 0.12 | dt: 1750.14ms | tok/s: 299,568 | mfu: 34.20 | epoch: 1 | eta: 3.9m
step 02073/02205 (94.01%) [ns3_ftrl_eta0p05] | loss: 3.081711 | lrm: 0.12 | dt: 1746.85ms | tok/s: 300,133 | mfu: 34.26 | epoch: 1 | eta: 3.9m
step 02074/02205 (94.06%) [ns3_ftrl_eta0p05] | loss: 3.086797 | lrm: 0.12 | dt: 1747.54ms | tok/s: 300,014 | mfu: 34.25 | epoch: 1 | eta: 3.8m
step 02075/02205 (94.10%) [ns3_ftrl_eta0p05] | loss: 3.077453 | lrm: 0.12 | dt: 1748.22ms | tok/s: 299,898 | mfu: 34.23 | epoch: 1 | eta: 3.8m
step 02076/02205 (94.15%) [ns3_ftrl_eta0p05] | loss: 3.075198 | lrm: 0.12 | dt: 1747.88ms | tok/s: 299,957 | mfu: 34.24 | epoch: 1 | eta: 3.8m
step 02077/02205 (94.20%) [ns3_ftrl_eta0p05] | loss: 3.085659 | lrm: 0.12 | dt: 1748.74ms | tok/s: 299,808 | mfu: 34.22 | epoch: 1 | eta: 3.7m
step 02078/02205 (94.24%) [ns3_ftrl_eta0p05] | loss: 3.089569 | lrm: 0.12 | dt: 1750.84ms | tok/s: 299,450 | mfu: 34.18 | epoch: 1 | eta: 3.7m
step 02079/02205 (94.29%) [ns3_ftrl_eta0p05] | loss: 3.086151 | lrm: 0.11 | dt: 1753.00ms | tok/s: 299,080 | mfu: 34.14 | epoch: 1 | eta: 3.7m
step 02080/02205 (94.33%) [ns3_ftrl_eta0p05] | loss: 3.089676 | lrm: 0.11 | dt: 1750.45ms | tok/s: 299,515 | mfu: 34.19 | epoch: 1 | eta: 3.6m
step 02081/02205 (94.38%) [ns3_ftrl_eta0p05] | loss: 3.086401 | lrm: 0.11 | dt: 1757.99ms | tok/s: 298,232 | mfu: 34.04 | epoch: 1 | eta: 3.6m
step 02082/02205 (94.42%) [ns3_ftrl_eta0p05] | loss: 3.083710 | lrm: 0.11 | dt: 1754.20ms | tok/s: 298,876 | mfu: 34.12 | epoch: 1 | eta: 3.6m
step 02083/02205 (94.47%) [ns3_ftrl_eta0p05] | loss: 3.085760 | lrm: 0.11 | dt: 1753.75ms | tok/s: 298,952 | mfu: 34.13 | epoch: 1 | eta: 3.6m
step 02084/02205 (94.51%) [ns3_ftrl_eta0p05] | loss: 3.076097 | lrm: 0.11 | dt: 1752.32ms | tok/s: 299,196 | mfu: 34.15 | epoch: 1 | eta: 3.5m
step 02085/02205 (94.56%) [ns3_ftrl_eta0p05] | loss: 3.074902 | lrm: 0.11 | dt: 1752.10ms | tok/s: 299,234 | mfu: 34.16 | epoch: 1 | eta: 3.5m
step 02086/02205 (94.60%) [ns3_ftrl_eta0p05] | loss: 3.077843 | lrm: 0.11 | dt: 1751.20ms | tok/s: 299,388 | mfu: 34.18 | epoch: 1 | eta: 3.5m
step 02087/02205 (94.65%) [ns3_ftrl_eta0p05] | loss: 3.071014 | lrm: 0.11 | dt: 1752.94ms | tok/s: 299,091 | mfu: 34.14 | epoch: 1 | eta: 3.4m
step 02088/02205 (94.69%) [ns3_ftrl_eta0p05] | loss: 3.074952 | lrm: 0.11 | dt: 1752.33ms | tok/s: 299,195 | mfu: 34.15 | epoch: 1 | eta: 3.4m
step 02089/02205 (94.74%) [ns3_ftrl_eta0p05] | loss: 3.081805 | lrm: 0.11 | dt: 1752.44ms | tok/s: 299,176 | mfu: 34.15 | epoch: 1 | eta: 3.4m
step 02090/02205 (94.78%) [ns3_ftrl_eta0p05] | loss: 3.087559 | lrm: 0.10 | dt: 1753.11ms | tok/s: 299,061 | mfu: 34.14 | epoch: 1 | eta: 3.4m
step 02091/02205 (94.83%) [ns3_ftrl_eta0p05] | loss: 3.093259 | lrm: 0.10 | dt: 1756.72ms | tok/s: 298,446 | mfu: 34.07 | epoch: 1 | eta: 3.3m
step 02092/02205 (94.88%) [ns3_ftrl_eta0p05] | loss: 3.095605 | lrm: 0.10 | dt: 1759.36ms | tok/s: 297,999 | mfu: 34.02 | epoch: 1 | eta: 3.3m
step 02093/02205 (94.92%) [ns3_ftrl_eta0p05] | loss: 3.100028 | lrm: 0.10 | dt: 1759.58ms | tok/s: 297,962 | mfu: 34.01 | epoch: 1 | eta: 3.3m
step 02094/02205 (94.97%) [ns3_ftrl_eta0p05] | loss: 3.107865 | lrm: 0.10 | dt: 1752.70ms | tok/s: 299,131 | mfu: 34.15 | epoch: 1 | eta: 3.2m
step 02095/02205 (95.01%) [ns3_ftrl_eta0p05] | loss: 3.112428 | lrm: 0.10 | dt: 1755.99ms | tok/s: 298,571 | mfu: 34.08 | epoch: 1 | eta: 3.2m
step 02096/02205 (95.06%) [ns3_ftrl_eta0p05] | loss: 3.110758 | lrm: 0.10 | dt: 1768.59ms | tok/s: 296,443 | mfu: 33.84 | epoch: 1 | eta: 3.2m
step 02097/02205 (95.10%) [ns3_ftrl_eta0p05] | loss: 3.101772 | lrm: 0.10 | dt: 1756.06ms | tok/s: 298,558 | mfu: 34.08 | epoch: 1 | eta: 3.2m
step 02098/02205 (95.15%) [ns3_ftrl_eta0p05] | loss: 3.098259 | lrm: 0.10 | dt: 1769.82ms | tok/s: 296,238 | mfu: 33.82 | epoch: 1 | eta: 3.1m
step 02099/02205 (95.19%) [ns3_ftrl_eta0p05] | loss: 3.095292 | lrm: 0.10 | dt: 1763.78ms | tok/s: 297,252 | mfu: 33.93 | epoch: 1 | eta: 3.1m
step 02100/02205 (95.24%) [ns3_ftrl_eta0p05] | loss: 3.081227 | lrm: 0.10 | dt: 1758.01ms | tok/s: 298,227 | mfu: 34.04 | epoch: 1 | eta: 3.1m
step 02101/02205 (95.28%) [ns3_ftrl_eta0p05] | loss: 3.067990 | lrm: 0.09 | dt: 1755.99ms | tok/s: 298,570 | mfu: 34.08 | epoch: 1 | eta: 3.0m
step 02102/02205 (95.33%) [ns3_ftrl_eta0p05] | loss: 3.061105 | lrm: 0.09 | dt: 1757.84ms | tok/s: 298,257 | mfu: 34.05 | epoch: 1 | eta: 3.0m
step 02103/02205 (95.37%) [ns3_ftrl_eta0p05] | loss: 3.064376 | lrm: 0.09 | dt: 1759.99ms | tok/s: 297,892 | mfu: 34.00 | epoch: 1 | eta: 3.0m
step 02104/02205 (95.42%) [ns3_ftrl_eta0p05] | loss: 3.076884 | lrm: 0.09 | dt: 1763.03ms | tok/s: 297,378 | mfu: 33.95 | epoch: 1 | eta: 2.9m
step 02105/02205 (95.46%) [ns3_ftrl_eta0p05] | loss: 3.080290 | lrm: 0.09 | dt: 1754.06ms | tok/s: 298,899 | mfu: 34.12 | epoch: 1 | eta: 2.9m
step 02106/02205 (95.51%) [ns3_ftrl_eta0p05] | loss: 3.088223 | lrm: 0.09 | dt: 1766.85ms | tok/s: 296,736 | mfu: 33.87 | epoch: 1 | eta: 2.9m
step 02107/02205 (95.56%) [ns3_ftrl_eta0p05] | loss: 3.085976 | lrm: 0.09 | dt: 1755.00ms | tok/s: 298,740 | mfu: 34.10 | epoch: 1 | eta: 2.9m
step 02108/02205 (95.60%) [ns3_ftrl_eta0p05] | loss: 3.093832 | lrm: 0.09 | dt: 1766.03ms | tok/s: 296,873 | mfu: 33.89 | epoch: 1 | eta: 2.8m
step 02109/02205 (95.65%) [ns3_ftrl_eta0p05] | loss: 3.094436 | lrm: 0.09 | dt: 1770.71ms | tok/s: 296,088 | mfu: 33.80 | epoch: 1 | eta: 2.8m
step 02110/02205 (95.69%) [ns3_ftrl_eta0p05] | loss: 3.088554 | lrm: 0.09 | dt: 1754.77ms | tok/s: 298,778 | mfu: 34.11 | epoch: 1 | eta: 2.8m
step 02111/02205 (95.74%) [ns3_ftrl_eta0p05] | loss: 3.105517 | lrm: 0.09 | dt: 1764.82ms | tok/s: 297,076 | mfu: 33.91 | epoch: 1 | eta: 2.7m
step 02112/02205 (95.78%) [ns3_ftrl_eta0p05] | loss: 3.096734 | lrm: 0.08 | dt: 1770.73ms | tok/s: 296,085 | mfu: 33.80 | epoch: 1 | eta: 2.7m
step 02113/02205 (95.83%) [ns3_ftrl_eta0p05] | loss: 3.090266 | lrm: 0.08 | dt: 1755.26ms | tok/s: 298,696 | mfu: 34.10 | epoch: 1 | eta: 2.7m
step 02114/02205 (95.87%) [ns3_ftrl_eta0p05] | loss: 3.090949 | lrm: 0.08 | dt: 1750.22ms | tok/s: 299,555 | mfu: 34.19 | epoch: 1 | eta: 2.7m
step 02115/02205 (95.92%) [ns3_ftrl_eta0p05] | loss: 3.096504 | lrm: 0.08 | dt: 1757.50ms | tok/s: 298,315 | mfu: 34.05 | epoch: 1 | eta: 2.6m
step 02116/02205 (95.96%) [ns3_ftrl_eta0p05] | loss: 3.097634 | lrm: 0.08 | dt: 1759.05ms | tok/s: 298,051 | mfu: 34.02 | epoch: 1 | eta: 2.6m
step 02117/02205 (96.01%) [ns3_ftrl_eta0p05] | loss: 3.095032 | lrm: 0.08 | dt: 1755.84ms | tok/s: 298,596 | mfu: 34.09 | epoch: 1 | eta: 2.6m
step 02118/02205 (96.05%) [ns3_ftrl_eta0p05] | loss: 3.088917 | lrm: 0.08 | dt: 1764.17ms | tok/s: 297,186 | mfu: 33.92 | epoch: 1 | eta: 2.5m
step 02119/02205 (96.10%) [ns3_ftrl_eta0p05] | loss: 3.091360 | lrm: 0.08 | dt: 1766.11ms | tok/s: 296,859 | mfu: 33.89 | epoch: 1 | eta: 2.5m
step 02120/02205 (96.15%) [ns3_ftrl_eta0p05] | loss: 3.084287 | lrm: 0.08 | dt: 1756.37ms | tok/s: 298,506 | mfu: 34.07 | epoch: 1 | eta: 2.5m
step 02121/02205 (96.19%) [ns3_ftrl_eta0p05] | loss: 3.079288 | lrm: 0.08 | dt: 1768.21ms | tok/s: 296,507 | mfu: 33.85 | epoch: 1 | eta: 2.5m
step 02122/02205 (96.24%) [ns3_ftrl_eta0p05] | loss: 3.076405 | lrm: 0.08 | dt: 1757.07ms | tok/s: 298,387 | mfu: 34.06 | epoch: 1 | eta: 2.4m
step 02123/02205 (96.28%) [ns3_ftrl_eta0p05] | loss: 3.073633 | lrm: 0.07 | dt: 1769.21ms | tok/s: 296,340 | mfu: 33.83 | epoch: 1 | eta: 2.4m
step 02124/02205 (96.33%) [ns3_ftrl_eta0p05] | loss: 3.069360 | lrm: 0.07 | dt: 1835.89ms | tok/s: 285,576 | mfu: 32.60 | epoch: 1 | eta: 2.4m
step 02125/02205 (96.37%) [ns3_ftrl_eta0p05] | loss: 3.070764 | lrm: 0.07 | dt: 1741.31ms | tok/s: 301,089 | mfu: 34.37 | epoch: 1 | eta: 2.3m
step 02126/02205 (96.42%) [ns3_ftrl_eta0p05] | loss: 3.080570 | lrm: 0.07 | dt: 1755.24ms | tok/s: 298,698 | mfu: 34.10 | epoch: 1 | eta: 2.3m
step 02127/02205 (96.46%) [ns3_ftrl_eta0p05] | loss: 3.089051 | lrm: 0.07 | dt: 1749.98ms | tok/s: 299,597 | mfu: 34.20 | epoch: 1 | eta: 2.3m
step 02128/02205 (96.51%) [ns3_ftrl_eta0p05] | loss: 3.095377 | lrm: 0.07 | dt: 1717.54ms | tok/s: 305,255 | mfu: 34.85 | epoch: 1 | eta: 2.2m
step 02129/02205 (96.55%) [ns3_ftrl_eta0p05] | loss: 3.096456 | lrm: 0.07 | dt: 1771.98ms | tok/s: 295,876 | mfu: 33.77 | epoch: 1 | eta: 2.2m
step 02130/02205 (96.60%) [ns3_ftrl_eta0p05] | loss: 3.100951 | lrm: 0.07 | dt: 1754.64ms | tok/s: 298,800 | mfu: 34.11 | epoch: 1 | eta: 2.2m
step 02131/02205 (96.64%) [ns3_ftrl_eta0p05] | loss: 3.097230 | lrm: 0.07 | dt: 1751.09ms | tok/s: 299,406 | mfu: 34.18 | epoch: 1 | eta: 2.2m
step 02132/02205 (96.69%) [ns3_ftrl_eta0p05] | loss: 3.091579 | lrm: 0.07 | dt: 1755.88ms | tok/s: 298,590 | mfu: 34.08 | epoch: 1 | eta: 2.1m
step 02133/02205 (96.73%) [ns3_ftrl_eta0p05] | loss: 3.095891 | lrm: 0.07 | dt: 1761.13ms | tok/s: 297,699 | mfu: 33.98 | epoch: 1 | eta: 2.1m
step 02134/02205 (96.78%) [ns3_ftrl_eta0p05] | loss: 3.100827 | lrm: 0.06 | dt: 1746.87ms | tok/s: 300,130 | mfu: 34.26 | epoch: 1 | eta: 2.1m
step 02135/02205 (96.83%) [ns3_ftrl_eta0p05] | loss: 3.093477 | lrm: 0.06 | dt: 1761.26ms | tok/s: 297,678 | mfu: 33.98 | epoch: 1 | eta: 2.0m
step 02136/02205 (96.87%) [ns3_ftrl_eta0p05] | loss: 3.090565 | lrm: 0.06 | dt: 1753.31ms | tok/s: 299,027 | mfu: 34.13 | epoch: 1 | eta: 2.0m
step 02137/02205 (96.92%) [ns3_ftrl_eta0p05] | loss: 3.092579 | lrm: 0.06 | dt: 1760.11ms | tok/s: 297,871 | mfu: 34.00 | epoch: 1 | eta: 2.0m
step 02138/02205 (96.96%) [ns3_ftrl_eta0p05] | loss: 3.088669 | lrm: 0.06 | dt: 1755.55ms | tok/s: 298,646 | mfu: 34.09 | epoch: 1 | eta: 2.0m
step 02139/02205 (97.01%) [ns3_ftrl_eta0p05] | loss: 3.079775 | lrm: 0.06 | dt: 1768.37ms | tok/s: 296,480 | mfu: 33.84 | epoch: 1 | eta: 1.9m
step 02140/02205 (97.05%) [ns3_ftrl_eta0p05] | loss: 3.075692 | lrm: 0.06 | dt: 1762.08ms | tok/s: 297,539 | mfu: 33.96 | epoch: 1 | eta: 1.9m
step 02141/02205 (97.10%) [ns3_ftrl_eta0p05] | loss: 3.081758 | lrm: 0.06 | dt: 1765.50ms | tok/s: 296,962 | mfu: 33.90 | epoch: 1 | eta: 1.9m
step 02142/02205 (97.14%) [ns3_ftrl_eta0p05] | loss: 3.087535 | lrm: 0.06 | dt: 1755.20ms | tok/s: 298,706 | mfu: 34.10 | epoch: 1 | eta: 1.8m
step 02143/02205 (97.19%) [ns3_ftrl_eta0p05] | loss: 3.090434 | lrm: 0.06 | dt: 1759.22ms | tok/s: 298,022 | mfu: 34.02 | epoch: 1 | eta: 1.8m
step 02144/02205 (97.23%) [ns3_ftrl_eta0p05] | loss: 3.093316 | lrm: 0.06 | dt: 1761.78ms | tok/s: 297,590 | mfu: 33.97 | epoch: 1 | eta: 1.8m
step 02145/02205 (97.28%) [ns3_ftrl_eta0p05] | loss: 3.091161 | lrm: 0.05 | dt: 1758.41ms | tok/s: 298,160 | mfu: 34.04 | epoch: 1 | eta: 1.8m
step 02146/02205 (97.32%) [ns3_ftrl_eta0p05] | loss: 3.096003 | lrm: 0.05 | dt: 1763.91ms | tok/s: 297,230 | mfu: 33.93 | epoch: 1 | eta: 1.7m
step 02147/02205 (97.37%) [ns3_ftrl_eta0p05] | loss: 3.087673 | lrm: 0.05 | dt: 1751.79ms | tok/s: 299,286 | mfu: 34.16 | epoch: 1 | eta: 1.7m
step 02148/02205 (97.41%) [ns3_ftrl_eta0p05] | loss: 3.092067 | lrm: 0.05 | dt: 1756.58ms | tok/s: 298,471 | mfu: 34.07 | epoch: 1 | eta: 1.7m
step 02149/02205 (97.46%) [ns3_ftrl_eta0p05] | loss: 3.087614 | lrm: 0.05 | dt: 1765.96ms | tok/s: 296,885 | mfu: 33.89 | epoch: 1 | eta: 1.6m
step 02150/02205 (97.51%) [ns3_ftrl_eta0p05] | loss: 3.086237 | lrm: 0.05 | dt: 1760.21ms | tok/s: 297,855 | mfu: 34.00 | epoch: 1 | eta: 1.6m
step 02151/02205 (97.55%) [ns3_ftrl_eta0p05] | loss: 3.092441 | lrm: 0.05 | dt: 1768.76ms | tok/s: 296,416 | mfu: 33.84 | epoch: 1 | eta: 1.6m
step 02152/02205 (97.60%) [ns3_ftrl_eta0p05] | loss: 3.093884 | lrm: 0.05 | dt: 1753.99ms | tok/s: 298,912 | mfu: 34.12 | epoch: 1 | eta: 1.5m
step 02153/02205 (97.64%) [ns3_ftrl_eta0p05] | loss: 3.086663 | lrm: 0.05 | dt: 1754.25ms | tok/s: 298,866 | mfu: 34.12 | epoch: 1 | eta: 1.5m
step 02154/02205 (97.69%) [ns3_ftrl_eta0p05] | loss: 3.083950 | lrm: 0.05 | dt: 1765.51ms | tok/s: 296,961 | mfu: 33.90 | epoch: 1 | eta: 1.5m
step 02155/02205 (97.73%) [ns3_ftrl_eta0p05] | loss: 3.087369 | lrm: 0.05 | dt: 1756.03ms | tok/s: 298,564 | mfu: 34.08 | epoch: 1 | eta: 1.5m
step 02156/02205 (97.78%) [ns3_ftrl_eta0p05] | loss: 3.086420 | lrm: 0.04 | dt: 1715.56ms | tok/s: 305,608 | mfu: 34.89 | epoch: 1 | eta: 1.4m
step 02157/02205 (97.82%) [ns3_ftrl_eta0p05] | loss: 3.088757 | lrm: 0.04 | dt: 1767.82ms | tok/s: 296,573 | mfu: 33.85 | epoch: 1 | eta: 1.4m
step 02158/02205 (97.87%) [ns3_ftrl_eta0p05] | loss: 3.091836 | lrm: 0.04 | dt: 1745.63ms | tok/s: 300,342 | mfu: 34.28 | epoch: 1 | eta: 1.4m
step 02159/02205 (97.91%) [ns3_ftrl_eta0p05] | loss: 3.085889 | lrm: 0.04 | dt: 1760.30ms | tok/s: 297,840 | mfu: 34.00 | epoch: 1 | eta: 1.3m
step 02160/02205 (97.96%) [ns3_ftrl_eta0p05] | loss: 3.084056 | lrm: 0.04 | dt: 1764.60ms | tok/s: 297,113 | mfu: 33.92 | epoch: 1 | eta: 1.3m
step 02161/02205 (98.00%) [ns3_ftrl_eta0p05] | loss: 3.082541 | lrm: 0.04 | dt: 1750.46ms | tok/s: 299,514 | mfu: 34.19 | epoch: 1 | eta: 1.3m
step 02162/02205 (98.05%) [ns3_ftrl_eta0p05] | loss: 3.077004 | lrm: 0.04 | dt: 1765.20ms | tok/s: 297,012 | mfu: 33.90 | epoch: 1 | eta: 1.3m
step 02163/02205 (98.10%) [ns3_ftrl_eta0p05] | loss: 3.079965 | lrm: 0.04 | dt: 1765.76ms | tok/s: 296,919 | mfu: 33.89 | epoch: 1 | eta: 1.2m
step 02164/02205 (98.14%) [ns3_ftrl_eta0p05] | loss: 3.081363 | lrm: 0.04 | dt: 1750.53ms | tok/s: 299,502 | mfu: 34.19 | epoch: 1 | eta: 1.2m
step 02165/02205 (98.19%) [ns3_ftrl_eta0p05] | loss: 3.080938 | lrm: 0.04 | dt: 1764.48ms | tok/s: 297,134 | mfu: 33.92 | epoch: 1 | eta: 1.2m
step 02166/02205 (98.23%) [ns3_ftrl_eta0p05] | loss: 3.086296 | lrm: 0.04 | dt: 1753.53ms | tok/s: 298,990 | mfu: 34.13 | epoch: 1 | eta: 1.1m
step 02167/02205 (98.28%) [ns3_ftrl_eta0p05] | loss: 3.081218 | lrm: 0.03 | dt: 1761.35ms | tok/s: 297,661 | mfu: 33.98 | epoch: 1 | eta: 1.1m
step 02168/02205 (98.32%) [ns3_ftrl_eta0p05] | loss: 3.076341 | lrm: 0.03 | dt: 1760.53ms | tok/s: 297,800 | mfu: 33.99 | epoch: 1 | eta: 1.1m
step 02169/02205 (98.37%) [ns3_ftrl_eta0p05] | loss: 3.065976 | lrm: 0.03 | dt: 1753.72ms | tok/s: 298,957 | mfu: 34.13 | epoch: 1 | eta: 1.1m
step 02170/02205 (98.41%) [ns3_ftrl_eta0p05] | loss: 3.076472 | lrm: 0.03 | dt: 1760.89ms | tok/s: 297,739 | mfu: 33.99 | epoch: 1 | eta: 1.0m
step 02171/02205 (98.46%) [ns3_ftrl_eta0p05] | loss: 3.083528 | lrm: 0.03 | dt: 1771.25ms | tok/s: 295,998 | mfu: 33.79 | epoch: 1 | eta: 1.0m
step 02172/02205 (98.50%) [ns3_ftrl_eta0p05] | loss: 3.092369 | lrm: 0.03 | dt: 1756.54ms | tok/s: 298,477 | mfu: 34.07 | epoch: 1 | eta: 1.0m
step 02173/02205 (98.55%) [ns3_ftrl_eta0p05] | loss: 3.087103 | lrm: 0.03 | dt: 1715.93ms | tok/s: 305,540 | mfu: 34.88 | epoch: 1 | eta: 0.9m
step 02174/02205 (98.59%) [ns3_ftrl_eta0p05] | loss: 3.086251 | lrm: 0.03 | dt: 1761.57ms | tok/s: 297,625 | mfu: 33.97 | epoch: 1 | eta: 0.9m
step 02175/02205 (98.64%) [ns3_ftrl_eta0p05] | loss: 3.084550 | lrm: 0.03 | dt: 1756.73ms | tok/s: 298,446 | mfu: 34.07 | epoch: 1 | eta: 0.9m
step 02176/02205 (98.68%) [ns3_ftrl_eta0p05] | loss: 3.091462 | lrm: 0.03 | dt: 1719.92ms | tok/s: 304,832 | mfu: 34.80 | epoch: 1 | eta: 0.8m
step 02177/02205 (98.73%) [ns3_ftrl_eta0p05] | loss: 3.088244 | lrm: 0.03 | dt: 1762.74ms | tok/s: 297,428 | mfu: 33.95 | epoch: 1 | eta: 0.8m
step 02178/02205 (98.78%) [ns3_ftrl_eta0p05] | loss: 3.102968 | lrm: 0.02 | dt: 1750.48ms | tok/s: 299,510 | mfu: 34.19 | epoch: 1 | eta: 0.8m
step 02179/02205 (98.82%) [ns3_ftrl_eta0p05] | loss: 3.099485 | lrm: 0.02 | dt: 1753.45ms | tok/s: 299,002 | mfu: 34.13 | epoch: 1 | eta: 0.8m
step 02180/02205 (98.87%) [ns3_ftrl_eta0p05] | loss: 3.111768 | lrm: 0.02 | dt: 1765.46ms | tok/s: 296,969 | mfu: 33.90 | epoch: 1 | eta: 0.7m
step 02181/02205 (98.91%) [ns3_ftrl_eta0p05] | loss: 3.111313 | lrm: 0.02 | dt: 1762.02ms | tok/s: 297,548 | mfu: 33.97 | epoch: 1 | eta: 0.7m
step 02182/02205 (98.96%) [ns3_ftrl_eta0p05] | loss: 3.101989 | lrm: 0.02 | dt: 1755.56ms | tok/s: 298,644 | mfu: 34.09 | epoch: 1 | eta: 0.7m
step 02183/02205 (99.00%) [ns3_ftrl_eta0p05] | loss: 3.100973 | lrm: 0.02 | dt: 1766.47ms | tok/s: 296,799 | mfu: 33.88 | epoch: 1 | eta: 0.6m
step 02184/02205 (99.05%) [ns3_ftrl_eta0p05] | loss: 3.092905 | lrm: 0.02 | dt: 1761.90ms | tok/s: 297,569 | mfu: 33.97 | epoch: 1 | eta: 0.6m
step 02185/02205 (99.09%) [ns3_ftrl_eta0p05] | loss: 3.097500 | lrm: 0.02 | dt: 1758.04ms | tok/s: 298,223 | mfu: 34.04 | epoch: 1 | eta: 0.6m
step 02186/02205 (99.14%) [ns3_ftrl_eta0p05] | loss: 3.097283 | lrm: 0.02 | dt: 1749.46ms | tok/s: 299,685 | mfu: 34.21 | epoch: 1 | eta: 0.6m
step 02187/02205 (99.18%) [ns3_ftrl_eta0p05] | loss: 3.097857 | lrm: 0.02 | dt: 1755.03ms | tok/s: 298,734 | mfu: 34.10 | epoch: 1 | eta: 0.5m
step 02188/02205 (99.23%) [ns3_ftrl_eta0p05] | loss: 3.094706 | lrm: 0.02 | dt: 1760.77ms | tok/s: 297,760 | mfu: 33.99 | epoch: 1 | eta: 0.5m
step 02189/02205 (99.27%) [ns3_ftrl_eta0p05] | loss: 3.092170 | lrm: 0.01 | dt: 1666.45ms | tok/s: 314,613 | mfu: 35.91 | epoch: 1 | eta: 0.5m
step 02190/02205 (99.32%) [ns3_ftrl_eta0p05] | loss: 3.088353 | lrm: 0.01 | dt: 1710.56ms | tok/s: 306,500 | mfu: 34.99 | epoch: 1 | eta: 0.4m
step 02191/02205 (99.37%) [ns3_ftrl_eta0p05] | loss: 3.077349 | lrm: 0.01 | dt: 1696.27ms | tok/s: 309,083 | mfu: 35.28 | epoch: 1 | eta: 0.4m
step 02192/02205 (99.41%) [ns3_ftrl_eta0p05] | loss: 3.076360 | lrm: 0.01 | dt: 1711.35ms | tok/s: 306,358 | mfu: 34.97 | epoch: 1 | eta: 0.4m
step 02193/02205 (99.46%) [ns3_ftrl_eta0p05] | loss: 3.069464 | lrm: 0.01 | dt: 1712.47ms | tok/s: 306,158 | mfu: 34.95 | epoch: 1 | eta: 0.4m
step 02194/02205 (99.50%) [ns3_ftrl_eta0p05] | loss: 3.070807 | lrm: 0.01 | dt: 1710.31ms | tok/s: 306,545 | mfu: 34.99 | epoch: 1 | eta: 0.3m
step 02195/02205 (99.55%) [ns3_ftrl_eta0p05] | loss: 3.058981 | lrm: 0.01 | dt: 1718.76ms | tok/s: 305,037 | mfu: 34.82 | epoch: 1 | eta: 0.3m
step 02196/02205 (99.59%) [ns3_ftrl_eta0p05] | loss: 3.065969 | lrm: 0.01 | dt: 1711.39ms | tok/s: 306,351 | mfu: 34.97 | epoch: 1 | eta: 0.3m
step 02197/02205 (99.64%) [ns3_ftrl_eta0p05] | loss: 3.061879 | lrm: 0.01 | dt: 1715.08ms | tok/s: 305,692 | mfu: 34.90 | epoch: 1 | eta: 0.2m
step 02198/02205 (99.68%) [ns3_ftrl_eta0p05] | loss: 3.073209 | lrm: 0.01 | dt: 1714.15ms | tok/s: 305,858 | mfu: 34.91 | epoch: 1 | eta: 0.2m
step 02199/02205 (99.73%) [ns3_ftrl_eta0p05] | loss: 3.081207 | lrm: 0.01 | dt: 1720.57ms | tok/s: 304,716 | mfu: 34.78 | epoch: 1 | eta: 0.2m
step 02200/02205 (99.77%) [ns3_ftrl_eta0p05] | loss: 3.082201 | lrm: 0.00 | dt: 1714.56ms | tok/s: 305,785 | mfu: 34.91 | epoch: 1 | eta: 0.1m
step 02201/02205 (99.82%) [ns3_ftrl_eta0p05] | loss: 3.084216 | lrm: 0.00 | dt: 1721.01ms | tok/s: 304,640 | mfu: 34.78 | epoch: 1 | eta: 0.1m
step 02202/02205 (99.86%) [ns3_ftrl_eta0p05] | loss: 3.083444 | lrm: 0.00 | dt: 1720.27ms | tok/s: 304,770 | mfu: 34.79 | epoch: 1 | eta: 0.1m
step 02203/02205 (99.91%) [ns3_ftrl_eta0p05] | loss: 3.088506 | lrm: 0.00 | dt: 1724.42ms | tok/s: 304,038 | mfu: 34.71 | epoch: 1 | eta: 0.1m
step 02204/02205 (99.95%) [ns3_ftrl_eta0p05] | loss: 3.081526 | lrm: 0.00 | dt: 1717.87ms | tok/s: 305,196 | mfu: 34.84 | epoch: 1 | eta: 0.0m
Step 02205 | val bpb: 0.903539
Evaluating: hellaswag_zeroshot (0-shot, type: multiple_choice)... accuracy: 0.3360 | centered: 0.1147 | time: 4.58s
Evaluating: jeopardy (10-shot, type: language_modeling)... accuracy: 0.0200 | centered: 0.0200 | time: 4.59s
Evaluating: bigbench_qa_wikidata (10-shot, type: language_modeling)... accuracy: 0.3440 | centered: 0.3440 | time: 4.47s
Evaluating: arc_easy (10-shot, type: multiple_choice)... accuracy: 0.5340 | centered: 0.3787 | time: 5.54s
Evaluating: arc_challenge (10-shot, type: multiple_choice)... accuracy: 0.2640 | centered: 0.0187 | time: 5.64s
Evaluating: copa (0-shot, type: multiple_choice)... accuracy: 0.5900 | centered: 0.1800 | time: 0.85s
Evaluating: commonsense_qa (10-shot, type: multiple_choice)... accuracy: 0.3000 | centered: 0.1250 | time: 5.79s
Evaluating: piqa (10-shot, type: multiple_choice)... accuracy: 0.6120 | centered: 0.2240 | time: 4.98s
Evaluating: openbook_qa (0-shot, type: multiple_choice)... accuracy: 0.2800 | centered: 0.0400 | time: 4.29s
Evaluating: lambada_openai (0-shot, type: language_modeling)... accuracy: 0.3100 | centered: 0.3100 | time: 4.36s
Evaluating: hellaswag (10-shot, type: multiple_choice)... accuracy: 0.3360 | centered: 0.1147 | time: 7.28s
Evaluating: winograd (0-shot, type: schema)... accuracy: 0.6117 | centered: 0.2234 | time: 2.30s
Evaluating: winogrande (0-shot, type: schema)... accuracy: 0.5040 | centered: 0.0080 | time: 4.20s
Evaluating: bigbench_dyck_languages (10-shot, type: language_modeling)... accuracy: 0.1340 | centered: 0.1340 | time: 4.93s
Evaluating: agi_eval_lsat_ar (3-shot, type: multiple_choice)... accuracy: 0.2913 | centered: 0.1141 | time: 3.18s
Evaluating: bigbench_cs_algorithms (10-shot, type: language_modeling)... accuracy: 0.4480 | centered: 0.4480 | time: 4.77s
Evaluating: bigbench_operators (10-shot, type: language_modeling)... accuracy: 0.1333 | centered: 0.1333 | time: 1.98s
Evaluating: bigbench_repeat_copy_logic (10-shot, type: language_modeling)... accuracy: 0.0000 | centered: 0.0000 | time: 0.31s
Evaluating: squad (10-shot, type: language_modeling)... accuracy: 0.0700 | centered: 0.0700 | time: 6.42s
Evaluating: coqa (0-shot, type: language_modeling)... accuracy: 0.1440 | centered: 0.1440 | time: 4.78s
Evaluating: boolq (10-shot, type: multiple_choice)... accuracy: 0.5700 | centered: -0.1316 | time: 7.15s
Evaluating: bigbench_language_identification (10-shot, type: multiple_choice)... accuracy: 0.2760 | centered: 0.2035 | time: 9.74s
Step 02205 | CORE metric: 0.1462
<|bos|>The capital of France is Paris. It is the capital of the country and the largest city in the country
<|bos|>The chemical symbol of gold is the symbol of the gold standard. The gold standard is the gold standard for the
<|bos|>If yesterday was Friday, then tomorrow will be Friday. The day of the week is Friday, and the day of the week
<|bos|>If 5*x + 3 = 13, then x is the number of digits in the number. If 5*x + 3
Peak memory: 38391.84MiB
Total training time: 64.05m
Min val bpb: 0.903539
========================================
[ns3_ftrl_eta0p05] Job completed at: Fri Apr 24 13:15:27 EDT 2026
========================================
