========================================
Job ID: 720982
Node: andreas-h100-1
GPUs: 1
Mode: ns3
Start Time: Thu Apr 23 20:15:17 EDT 2026
========================================
Thu Apr 23 20:15:17 2026       
+-----------------------------------------------------------------------------------------+
| NVIDIA-SMI 575.57.08              Driver Version: 575.57.08      CUDA Version: 12.9     |
|-----------------------------------------+------------------------+----------------------+
| GPU  Name                 Persistence-M | Bus-Id          Disp.A | Volatile Uncorr. ECC |
| Fan  Temp   Perf          Pwr:Usage/Cap |           Memory-Usage | GPU-Util  Compute M. |
|                                         |                        |               MIG M. |
|=========================================+========================+======================|
|   0  NVIDIA H100 NVL                On  |   00000000:C1:00.0 Off |                    0 |
| N/A   55C    P0             69W /  400W |       0MiB /  95830MiB |      0%      Default |
|                                         |                        |             Disabled |
+-----------------------------------------+------------------------+----------------------+
                                                                                         
+-----------------------------------------------------------------------------------------+
| Processes:                                                                              |
|  GPU   GI   CI              PID   Type   Process name                        GPU Memory |
|        ID   ID                                                               Usage      |
|=========================================================================================|
|  No running processes found                                                             |
+-----------------------------------------------------------------------------------------+
Starting ablation mode: ns3

                                                       █████                █████
                                                      ░░███                ░░███
     ████████    ██████   ████████    ██████   ██████  ░███████    ██████  ███████
    ░░███░░███  ░░░░░███ ░░███░░███  ███░░███ ███░░███ ░███░░███  ░░░░░███░░░███░
     ░███ ░███   ███████  ░███ ░███ ░███ ░███░███ ░░░  ░███ ░███   ███████  ░███
     ░███ ░███  ███░░███  ░███ ░███ ░███ ░███░███  ███ ░███ ░███  ███░░███  ░███ ███
     ████ █████░░████████ ████ █████░░██████ ░░██████  ████ █████░░███████  ░░█████
    ░░░░ ░░░░░  ░░░░░░░░ ░░░░ ░░░░░  ░░░░░░   ░░░░░░  ░░░░ ░░░░░  ░░░░░░░░   ░░░░░
    
Update mode: ns3
Autodetected device type: cuda
GPU: NVIDIA H100 NVL | Peak FLOPS (BF16): 8.35e+14
✓ Using Flash Attention 3 (Hopper GPU detected)
Vocab size: 65,536
Model config:
{
  "sequence_len": 2048,
  "vocab_size": 65536,
  "n_layer": 12,
  "n_head": 6,
  "n_kv_head": 6,
  "n_embd": 768,
  "window_pattern": "SSSL"
}
Parameter counts:
wte                     : 50,331,648
value_embeds            : 301,989,888
lm_head                 : 50,331,648
transformer_matrices    : 84,935,808
scalars                 : 24
total                   : 487,589,016
Auto-computed optimal batch size: 524,288 tokens
dmodel_lr_scale: 1.000000
Using user-provided number of iterations: 2,205
Total training tokens: 1,156,055,040
Tokens:Scaling params ratio: 8.55
Total FLOPs estimate: 1.101908e+18
Grad accum steps: 8
Step 00000 | val bpb: 3.254653
step 00000/02205 (0.00%) [ns3] | loss: 11.090001 | lrm: 1.00 | dt: 22022.18ms | tok/s: 23,807 | mfu: 2.72 | epoch: 1
step 00001/02205 (0.05%) [ns3] | loss: 10.843417 | lrm: 1.00 | dt: 1593.22ms | tok/s: 329,074 | mfu: 37.56 | epoch: 1
step 00002/02205 (0.09%) [ns3] | loss: 10.309131 | lrm: 1.00 | dt: 1625.34ms | tok/s: 322,571 | mfu: 36.82 | epoch: 1
step 00003/02205 (0.14%) [ns3] | loss: 9.689087 | lrm: 1.00 | dt: 1613.21ms | tok/s: 324,996 | mfu: 37.10 | epoch: 1
step 00004/02205 (0.18%) [ns3] | loss: 9.099436 | lrm: 1.00 | dt: 1626.38ms | tok/s: 322,364 | mfu: 36.80 | epoch: 1
step 00005/02205 (0.23%) [ns3] | loss: 8.652471 | lrm: 1.00 | dt: 1614.01ms | tok/s: 324,835 | mfu: 37.08 | epoch: 1
step 00006/02205 (0.27%) [ns3] | loss: 8.326364 | lrm: 1.00 | dt: 1630.68ms | tok/s: 321,514 | mfu: 36.70 | epoch: 1
step 00007/02205 (0.32%) [ns3] | loss: 8.057017 | lrm: 1.00 | dt: 1639.35ms | tok/s: 319,814 | mfu: 36.51 | epoch: 1
step 00008/02205 (0.36%) [ns3] | loss: 7.841492 | lrm: 1.00 | dt: 1626.44ms | tok/s: 322,353 | mfu: 36.80 | epoch: 1
step 00009/02205 (0.41%) [ns3] | loss: 7.652185 | lrm: 1.00 | dt: 1638.37ms | tok/s: 320,006 | mfu: 36.53 | epoch: 1
step 00010/02205 (0.45%) [ns3] | loss: 7.476636 | lrm: 1.00 | dt: 1626.75ms | tok/s: 322,292 | mfu: 36.79 | epoch: 1
step 00011/02205 (0.50%) [ns3] | loss: 7.337733 | lrm: 1.00 | dt: 1647.89ms | tok/s: 318,157 | mfu: 36.32 | epoch: 1 | eta: 60.3m
step 00012/02205 (0.54%) [ns3] | loss: 7.217910 | lrm: 1.00 | dt: 1642.11ms | tok/s: 319,277 | mfu: 36.45 | epoch: 1 | eta: 60.1m
step 00013/02205 (0.59%) [ns3] | loss: 7.100235 | lrm: 1.00 | dt: 1650.75ms | tok/s: 317,605 | mfu: 36.26 | epoch: 1 | eta: 60.2m
step 00014/02205 (0.63%) [ns3] | loss: 7.008421 | lrm: 1.00 | dt: 1651.12ms | tok/s: 317,535 | mfu: 36.25 | epoch: 1 | eta: 60.2m
step 00015/02205 (0.68%) [ns3] | loss: 6.907690 | lrm: 1.00 | dt: 1651.90ms | tok/s: 317,384 | mfu: 36.23 | epoch: 1 | eta: 60.2m
step 00016/02205 (0.73%) [ns3] | loss: 6.827457 | lrm: 1.00 | dt: 1657.69ms | tok/s: 316,277 | mfu: 36.10 | epoch: 1 | eta: 60.2m
step 00017/02205 (0.77%) [ns3] | loss: 6.758940 | lrm: 1.00 | dt: 1654.42ms | tok/s: 316,902 | mfu: 36.17 | epoch: 1 | eta: 60.2m
step 00018/02205 (0.82%) [ns3] | loss: 6.702863 | lrm: 1.00 | dt: 1661.71ms | tok/s: 315,511 | mfu: 36.02 | epoch: 1 | eta: 60.2m
step 00019/02205 (0.86%) [ns3] | loss: 6.641854 | lrm: 1.00 | dt: 1664.70ms | tok/s: 314,944 | mfu: 35.95 | epoch: 1 | eta: 60.2m
step 00020/02205 (0.91%) [ns3] | loss: 6.590309 | lrm: 1.00 | dt: 1653.64ms | tok/s: 317,050 | mfu: 36.19 | epoch: 1 | eta: 60.2m
step 00021/02205 (0.95%) [ns3] | loss: 6.539268 | lrm: 1.00 | dt: 1657.93ms | tok/s: 316,230 | mfu: 36.10 | epoch: 1 | eta: 60.2m
step 00022/02205 (1.00%) [ns3] | loss: 6.494860 | lrm: 1.00 | dt: 1659.84ms | tok/s: 315,866 | mfu: 36.06 | epoch: 1 | eta: 60.2m
step 00023/02205 (1.04%) [ns3] | loss: 6.463720 | lrm: 1.00 | dt: 1654.72ms | tok/s: 316,843 | mfu: 36.17 | epoch: 1 | eta: 60.2m
step 00024/02205 (1.09%) [ns3] | loss: 6.423038 | lrm: 1.00 | dt: 1663.30ms | tok/s: 315,209 | mfu: 35.98 | epoch: 1 | eta: 60.2m
step 00025/02205 (1.13%) [ns3] | loss: 6.394635 | lrm: 1.00 | dt: 1663.42ms | tok/s: 315,185 | mfu: 35.98 | epoch: 1 | eta: 60.2m
step 00026/02205 (1.18%) [ns3] | loss: 6.356812 | lrm: 1.00 | dt: 1667.98ms | tok/s: 314,325 | mfu: 35.88 | epoch: 1 | eta: 60.2m
step 00027/02205 (1.22%) [ns3] | loss: 6.333688 | lrm: 1.00 | dt: 1666.69ms | tok/s: 314,569 | mfu: 35.91 | epoch: 1 | eta: 60.2m
step 00028/02205 (1.27%) [ns3] | loss: 6.304127 | lrm: 1.00 | dt: 1666.17ms | tok/s: 314,665 | mfu: 35.92 | epoch: 1 | eta: 60.1m
step 00029/02205 (1.32%) [ns3] | loss: 6.274371 | lrm: 1.00 | dt: 1675.04ms | tok/s: 312,999 | mfu: 35.73 | epoch: 1 | eta: 60.1m
step 00030/02205 (1.36%) [ns3] | loss: 6.246733 | lrm: 1.00 | dt: 1668.78ms | tok/s: 314,175 | mfu: 35.86 | epoch: 1 | eta: 60.1m
step 00031/02205 (1.41%) [ns3] | loss: 6.218579 | lrm: 1.00 | dt: 1671.92ms | tok/s: 313,584 | mfu: 35.80 | epoch: 1 | eta: 60.1m
step 00032/02205 (1.45%) [ns3] | loss: 6.193112 | lrm: 1.00 | dt: 1678.76ms | tok/s: 312,306 | mfu: 35.65 | epoch: 1 | eta: 60.1m
step 00033/02205 (1.50%) [ns3] | loss: 6.170621 | lrm: 1.00 | dt: 1669.28ms | tok/s: 314,080 | mfu: 35.85 | epoch: 1 | eta: 60.1m
step 00034/02205 (1.54%) [ns3] | loss: 6.147687 | lrm: 1.00 | dt: 1682.60ms | tok/s: 311,593 | mfu: 35.57 | epoch: 1 | eta: 60.1m
step 00035/02205 (1.59%) [ns3] | loss: 6.131780 | lrm: 1.00 | dt: 1666.68ms | tok/s: 314,570 | mfu: 35.91 | epoch: 1 | eta: 60.1m
step 00036/02205 (1.63%) [ns3] | loss: 6.107673 | lrm: 1.00 | dt: 1678.79ms | tok/s: 312,301 | mfu: 35.65 | epoch: 1 | eta: 60.1m
step 00037/02205 (1.68%) [ns3] | loss: 6.087944 | lrm: 1.00 | dt: 1683.11ms | tok/s: 311,500 | mfu: 35.56 | epoch: 1 | eta: 60.1m
step 00038/02205 (1.72%) [ns3] | loss: 6.066642 | lrm: 1.00 | dt: 1677.51ms | tok/s: 312,539 | mfu: 35.68 | epoch: 1 | eta: 60.1m
step 00039/02205 (1.77%) [ns3] | loss: 6.050647 | lrm: 1.00 | dt: 1678.10ms | tok/s: 312,429 | mfu: 35.66 | epoch: 1 | eta: 60.1m
step 00040/02205 (1.81%) [ns3] | loss: 6.022566 | lrm: 1.00 | dt: 1680.40ms | tok/s: 312,001 | mfu: 35.62 | epoch: 1 | eta: 60.1m
step 00041/02205 (1.86%) [ns3] | loss: 5.994711 | lrm: 1.00 | dt: 1684.21ms | tok/s: 311,295 | mfu: 35.53 | epoch: 1 | eta: 60.1m
step 00042/02205 (1.90%) [ns3] | loss: 5.972588 | lrm: 1.00 | dt: 1686.87ms | tok/s: 310,804 | mfu: 35.48 | epoch: 1 | eta: 60.1m
step 00043/02205 (1.95%) [ns3] | loss: 5.953972 | lrm: 1.00 | dt: 1682.07ms | tok/s: 311,691 | mfu: 35.58 | epoch: 1 | eta: 60.1m
step 00044/02205 (2.00%) [ns3] | loss: 5.940176 | lrm: 1.00 | dt: 1691.49ms | tok/s: 309,955 | mfu: 35.38 | epoch: 1 | eta: 60.1m
step 00045/02205 (2.04%) [ns3] | loss: 5.917398 | lrm: 1.00 | dt: 1690.39ms | tok/s: 310,158 | mfu: 35.40 | epoch: 1 | eta: 60.1m
step 00046/02205 (2.09%) [ns3] | loss: 5.888320 | lrm: 1.00 | dt: 1684.88ms | tok/s: 311,172 | mfu: 35.52 | epoch: 1 | eta: 60.0m
step 00047/02205 (2.13%) [ns3] | loss: 5.868983 | lrm: 1.00 | dt: 1690.95ms | tok/s: 310,055 | mfu: 35.39 | epoch: 1 | eta: 60.0m
step 00048/02205 (2.18%) [ns3] | loss: 5.850626 | lrm: 1.00 | dt: 1689.79ms | tok/s: 310,268 | mfu: 35.42 | epoch: 1 | eta: 60.0m
step 00049/02205 (2.22%) [ns3] | loss: 5.831416 | lrm: 1.00 | dt: 1690.59ms | tok/s: 310,120 | mfu: 35.40 | epoch: 1 | eta: 60.0m
step 00050/02205 (2.27%) [ns3] | loss: 5.807402 | lrm: 1.00 | dt: 1692.93ms | tok/s: 309,693 | mfu: 35.35 | epoch: 1 | eta: 60.0m
step 00051/02205 (2.31%) [ns3] | loss: 5.777461 | lrm: 1.00 | dt: 1692.30ms | tok/s: 309,807 | mfu: 35.36 | epoch: 1 | eta: 60.0m
step 00052/02205 (2.36%) [ns3] | loss: 5.753740 | lrm: 1.00 | dt: 1693.17ms | tok/s: 309,649 | mfu: 35.35 | epoch: 1 | eta: 60.0m
step 00053/02205 (2.40%) [ns3] | loss: 5.737946 | lrm: 1.00 | dt: 1694.95ms | tok/s: 309,324 | mfu: 35.31 | epoch: 1 | eta: 60.0m
step 00054/02205 (2.45%) [ns3] | loss: 5.728430 | lrm: 1.00 | dt: 1700.58ms | tok/s: 308,299 | mfu: 35.19 | epoch: 1 | eta: 60.0m
step 00055/02205 (2.49%) [ns3] | loss: 5.712425 | lrm: 1.00 | dt: 1699.52ms | tok/s: 308,492 | mfu: 35.21 | epoch: 1 | eta: 60.0m
step 00056/02205 (2.54%) [ns3] | loss: 5.697046 | lrm: 1.00 | dt: 1694.32ms | tok/s: 309,438 | mfu: 35.32 | epoch: 1 | eta: 60.0m
step 00057/02205 (2.59%) [ns3] | loss: 5.674569 | lrm: 1.00 | dt: 1697.76ms | tok/s: 308,812 | mfu: 35.25 | epoch: 1 | eta: 59.9m
step 00058/02205 (2.63%) [ns3] | loss: 5.660344 | lrm: 1.00 | dt: 1697.56ms | tok/s: 308,848 | mfu: 35.26 | epoch: 1 | eta: 59.9m
step 00059/02205 (2.68%) [ns3] | loss: 5.647782 | lrm: 1.00 | dt: 1697.05ms | tok/s: 308,940 | mfu: 35.27 | epoch: 1 | eta: 59.9m
step 00060/02205 (2.72%) [ns3] | loss: 5.622724 | lrm: 1.00 | dt: 1693.67ms | tok/s: 309,557 | mfu: 35.34 | epoch: 1 | eta: 59.9m
step 00061/02205 (2.77%) [ns3] | loss: 5.605639 | lrm: 1.00 | dt: 1698.15ms | tok/s: 308,741 | mfu: 35.24 | epoch: 1 | eta: 59.9m
step 00062/02205 (2.81%) [ns3] | loss: 5.593719 | lrm: 1.00 | dt: 1699.90ms | tok/s: 308,421 | mfu: 35.21 | epoch: 1 | eta: 59.9m
step 00063/02205 (2.86%) [ns3] | loss: 5.583056 | lrm: 1.00 | dt: 1698.65ms | tok/s: 308,650 | mfu: 35.23 | epoch: 1 | eta: 59.9m
step 00064/02205 (2.90%) [ns3] | loss: 5.572098 | lrm: 1.00 | dt: 1702.94ms | tok/s: 307,871 | mfu: 35.14 | epoch: 1 | eta: 59.9m
step 00065/02205 (2.95%) [ns3] | loss: 5.563545 | lrm: 1.00 | dt: 1702.16ms | tok/s: 308,012 | mfu: 35.16 | epoch: 1 | eta: 59.9m
step 00066/02205 (2.99%) [ns3] | loss: 5.536541 | lrm: 1.00 | dt: 1705.75ms | tok/s: 307,365 | mfu: 35.09 | epoch: 1 | eta: 59.8m
step 00067/02205 (3.04%) [ns3] | loss: 5.515014 | lrm: 1.00 | dt: 1702.81ms | tok/s: 307,895 | mfu: 35.15 | epoch: 1 | eta: 59.8m
step 00068/02205 (3.08%) [ns3] | loss: 5.496101 | lrm: 1.00 | dt: 1710.41ms | tok/s: 306,528 | mfu: 34.99 | epoch: 1 | eta: 59.8m
step 00069/02205 (3.13%) [ns3] | loss: 5.474488 | lrm: 1.00 | dt: 1707.32ms | tok/s: 307,082 | mfu: 35.05 | epoch: 1 | eta: 59.8m
step 00070/02205 (3.17%) [ns3] | loss: 5.454519 | lrm: 1.00 | dt: 1702.08ms | tok/s: 308,027 | mfu: 35.16 | epoch: 1 | eta: 59.8m
step 00071/02205 (3.22%) [ns3] | loss: 5.448420 | lrm: 1.00 | dt: 1704.64ms | tok/s: 307,565 | mfu: 35.11 | epoch: 1 | eta: 59.8m
step 00072/02205 (3.27%) [ns3] | loss: 5.426842 | lrm: 1.00 | dt: 1703.31ms | tok/s: 307,805 | mfu: 35.14 | epoch: 1 | eta: 59.8m
step 00073/02205 (3.31%) [ns3] | loss: 5.402003 | lrm: 1.00 | dt: 1704.14ms | tok/s: 307,654 | mfu: 35.12 | epoch: 1 | eta: 59.7m
step 00074/02205 (3.36%) [ns3] | loss: 5.377171 | lrm: 1.00 | dt: 1710.07ms | tok/s: 306,587 | mfu: 35.00 | epoch: 1 | eta: 59.7m
step 00075/02205 (3.40%) [ns3] | loss: 5.355124 | lrm: 1.00 | dt: 1699.63ms | tok/s: 308,472 | mfu: 35.21 | epoch: 1 | eta: 59.7m
step 00076/02205 (3.45%) [ns3] | loss: 5.341493 | lrm: 1.00 | dt: 1711.33ms | tok/s: 306,362 | mfu: 34.97 | epoch: 1 | eta: 59.7m
step 00077/02205 (3.49%) [ns3] | loss: 5.324868 | lrm: 1.00 | dt: 1710.02ms | tok/s: 306,598 | mfu: 35.00 | epoch: 1 | eta: 59.7m
step 00078/02205 (3.54%) [ns3] | loss: 5.305641 | lrm: 1.00 | dt: 1708.98ms | tok/s: 306,783 | mfu: 35.02 | epoch: 1 | eta: 59.7m
step 00079/02205 (3.58%) [ns3] | loss: 5.284390 | lrm: 1.00 | dt: 1708.99ms | tok/s: 306,782 | mfu: 35.02 | epoch: 1 | eta: 59.7m
step 00080/02205 (3.63%) [ns3] | loss: 5.271550 | lrm: 1.00 | dt: 1710.37ms | tok/s: 306,534 | mfu: 34.99 | epoch: 1 | eta: 59.6m
step 00081/02205 (3.67%) [ns3] | loss: 5.263701 | lrm: 1.00 | dt: 1707.82ms | tok/s: 306,991 | mfu: 35.04 | epoch: 1 | eta: 59.6m
step 00082/02205 (3.72%) [ns3] | loss: 5.249231 | lrm: 1.00 | dt: 1711.45ms | tok/s: 306,341 | mfu: 34.97 | epoch: 1 | eta: 59.6m
step 00083/02205 (3.76%) [ns3] | loss: 5.236268 | lrm: 1.00 | dt: 1714.33ms | tok/s: 305,826 | mfu: 34.91 | epoch: 1 | eta: 59.6m
step 00084/02205 (3.81%) [ns3] | loss: 5.227012 | lrm: 1.00 | dt: 1711.99ms | tok/s: 306,244 | mfu: 34.96 | epoch: 1 | eta: 59.6m
step 00085/02205 (3.85%) [ns3] | loss: 5.208542 | lrm: 1.00 | dt: 1708.23ms | tok/s: 306,919 | mfu: 35.04 | epoch: 1 | eta: 59.6m
step 00086/02205 (3.90%) [ns3] | loss: 5.184868 | lrm: 1.00 | dt: 1714.94ms | tok/s: 305,718 | mfu: 34.90 | epoch: 1 | eta: 59.6m
step 00087/02205 (3.95%) [ns3] | loss: 5.168542 | lrm: 1.00 | dt: 1716.33ms | tok/s: 305,470 | mfu: 34.87 | epoch: 1 | eta: 59.5m
step 00088/02205 (3.99%) [ns3] | loss: 5.150994 | lrm: 1.00 | dt: 1708.78ms | tok/s: 306,819 | mfu: 35.02 | epoch: 1 | eta: 59.5m
step 00089/02205 (4.04%) [ns3] | loss: 5.131324 | lrm: 1.00 | dt: 1714.35ms | tok/s: 305,823 | mfu: 34.91 | epoch: 1 | eta: 59.5m
step 00090/02205 (4.08%) [ns3] | loss: 5.120250 | lrm: 1.00 | dt: 1710.21ms | tok/s: 306,563 | mfu: 34.99 | epoch: 1 | eta: 59.5m
step 00091/02205 (4.13%) [ns3] | loss: 5.105881 | lrm: 1.00 | dt: 1707.62ms | tok/s: 307,028 | mfu: 35.05 | epoch: 1 | eta: 59.5m
step 00092/02205 (4.17%) [ns3] | loss: 5.100384 | lrm: 1.00 | dt: 1717.91ms | tok/s: 305,189 | mfu: 34.84 | epoch: 1 | eta: 59.5m
step 00093/02205 (4.22%) [ns3] | loss: 5.083868 | lrm: 1.00 | dt: 1709.98ms | tok/s: 306,605 | mfu: 35.00 | epoch: 1 | eta: 59.4m
step 00094/02205 (4.26%) [ns3] | loss: 5.073838 | lrm: 1.00 | dt: 1713.60ms | tok/s: 305,957 | mfu: 34.93 | epoch: 1 | eta: 59.4m
step 00095/02205 (4.31%) [ns3] | loss: 5.067946 | lrm: 1.00 | dt: 1713.17ms | tok/s: 306,033 | mfu: 34.93 | epoch: 1 | eta: 59.4m
step 00096/02205 (4.35%) [ns3] | loss: 5.059564 | lrm: 1.00 | dt: 1709.32ms | tok/s: 306,723 | mfu: 35.01 | epoch: 1 | eta: 59.4m
step 00097/02205 (4.40%) [ns3] | loss: 5.039683 | lrm: 1.00 | dt: 1712.89ms | tok/s: 306,083 | mfu: 34.94 | epoch: 1 | eta: 59.4m
step 00098/02205 (4.44%) [ns3] | loss: 5.024937 | lrm: 1.00 | dt: 1710.84ms | tok/s: 306,450 | mfu: 34.98 | epoch: 1 | eta: 59.3m
step 00099/02205 (4.49%) [ns3] | loss: 5.006345 | lrm: 1.00 | dt: 1714.54ms | tok/s: 305,788 | mfu: 34.91 | epoch: 1 | eta: 59.3m
step 00100/02205 (4.54%) [ns3] | loss: 5.000494 | lrm: 1.00 | dt: 1716.54ms | tok/s: 305,433 | mfu: 34.87 | epoch: 1 | eta: 59.3m
step 00101/02205 (4.58%) [ns3] | loss: 4.987255 | lrm: 1.00 | dt: 1708.24ms | tok/s: 306,916 | mfu: 35.03 | epoch: 1 | eta: 59.3m
step 00102/02205 (4.63%) [ns3] | loss: 4.967885 | lrm: 1.00 | dt: 1717.45ms | tok/s: 305,271 | mfu: 34.85 | epoch: 1 | eta: 59.3m
step 00103/02205 (4.67%) [ns3] | loss: 4.952302 | lrm: 1.00 | dt: 1706.29ms | tok/s: 307,267 | mfu: 35.07 | epoch: 1 | eta: 59.2m
step 00104/02205 (4.72%) [ns3] | loss: 4.940317 | lrm: 1.00 | dt: 1717.01ms | tok/s: 305,349 | mfu: 34.86 | epoch: 1 | eta: 59.2m
step 00105/02205 (4.76%) [ns3] | loss: 4.934228 | lrm: 1.00 | dt: 1713.69ms | tok/s: 305,941 | mfu: 34.92 | epoch: 1 | eta: 59.2m
step 00106/02205 (4.81%) [ns3] | loss: 4.920648 | lrm: 1.00 | dt: 1713.33ms | tok/s: 306,005 | mfu: 34.93 | epoch: 1 | eta: 59.2m
step 00107/02205 (4.85%) [ns3] | loss: 4.912090 | lrm: 1.00 | dt: 1714.32ms | tok/s: 305,829 | mfu: 34.91 | epoch: 1 | eta: 59.2m
step 00108/02205 (4.90%) [ns3] | loss: 4.898583 | lrm: 1.00 | dt: 1710.24ms | tok/s: 306,557 | mfu: 34.99 | epoch: 1 | eta: 59.1m
step 00109/02205 (4.94%) [ns3] | loss: 4.882091 | lrm: 1.00 | dt: 1710.85ms | tok/s: 306,449 | mfu: 34.98 | epoch: 1 | eta: 59.1m
step 00110/02205 (4.99%) [ns3] | loss: 4.872659 | lrm: 1.00 | dt: 1718.43ms | tok/s: 305,097 | mfu: 34.83 | epoch: 1 | eta: 59.1m
step 00111/02205 (5.03%) [ns3] | loss: 4.856552 | lrm: 1.00 | dt: 1709.92ms | tok/s: 306,615 | mfu: 35.00 | epoch: 1 | eta: 59.1m
step 00112/02205 (5.08%) [ns3] | loss: 4.845776 | lrm: 1.00 | dt: 1718.17ms | tok/s: 305,143 | mfu: 34.83 | epoch: 1 | eta: 59.1m
step 00113/02205 (5.12%) [ns3] | loss: 4.831782 | lrm: 1.00 | dt: 1717.43ms | tok/s: 305,275 | mfu: 34.85 | epoch: 1 | eta: 59.0m
step 00114/02205 (5.17%) [ns3] | loss: 4.815049 | lrm: 1.00 | dt: 1711.24ms | tok/s: 306,378 | mfu: 34.97 | epoch: 1 | eta: 59.0m
step 00115/02205 (5.22%) [ns3] | loss: 4.808827 | lrm: 1.00 | dt: 1712.55ms | tok/s: 306,144 | mfu: 34.95 | epoch: 1 | eta: 59.0m
step 00116/02205 (5.26%) [ns3] | loss: 4.793715 | lrm: 1.00 | dt: 1716.62ms | tok/s: 305,418 | mfu: 34.86 | epoch: 1 | eta: 59.0m
step 00117/02205 (5.31%) [ns3] | loss: 4.770889 | lrm: 1.00 | dt: 1714.77ms | tok/s: 305,748 | mfu: 34.90 | epoch: 1 | eta: 59.0m
step 00118/02205 (5.35%) [ns3] | loss: 4.761687 | lrm: 1.00 | dt: 1718.34ms | tok/s: 305,113 | mfu: 34.83 | epoch: 1 | eta: 58.9m
step 00119/02205 (5.40%) [ns3] | loss: 4.751236 | lrm: 1.00 | dt: 1716.10ms | tok/s: 305,512 | mfu: 34.87 | epoch: 1 | eta: 58.9m
step 00120/02205 (5.44%) [ns3] | loss: 4.739682 | lrm: 1.00 | dt: 1717.90ms | tok/s: 305,190 | mfu: 34.84 | epoch: 1 | eta: 58.9m
step 00121/02205 (5.49%) [ns3] | loss: 4.725803 | lrm: 1.00 | dt: 1711.18ms | tok/s: 306,389 | mfu: 34.97 | epoch: 1 | eta: 58.9m
step 00122/02205 (5.53%) [ns3] | loss: 4.710478 | lrm: 1.00 | dt: 1715.34ms | tok/s: 305,647 | mfu: 34.89 | epoch: 1 | eta: 58.8m
step 00123/02205 (5.58%) [ns3] | loss: 4.708881 | lrm: 1.00 | dt: 1717.17ms | tok/s: 305,321 | mfu: 34.85 | epoch: 1 | eta: 58.8m
step 00124/02205 (5.62%) [ns3] | loss: 4.703530 | lrm: 1.00 | dt: 1718.15ms | tok/s: 305,146 | mfu: 34.83 | epoch: 1 | eta: 58.8m
step 00125/02205 (5.67%) [ns3] | loss: 4.693463 | lrm: 1.00 | dt: 1715.80ms | tok/s: 305,563 | mfu: 34.88 | epoch: 1 | eta: 58.8m
step 00126/02205 (5.71%) [ns3] | loss: 4.678777 | lrm: 1.00 | dt: 1714.45ms | tok/s: 305,805 | mfu: 34.91 | epoch: 1 | eta: 58.8m
step 00127/02205 (5.76%) [ns3] | loss: 4.670203 | lrm: 1.00 | dt: 1719.15ms | tok/s: 304,969 | mfu: 34.81 | epoch: 1 | eta: 58.7m
step 00128/02205 (5.80%) [ns3] | loss: 4.679026 | lrm: 1.00 | dt: 1713.89ms | tok/s: 305,904 | mfu: 34.92 | epoch: 1 | eta: 58.7m
step 00129/02205 (5.85%) [ns3] | loss: 4.668093 | lrm: 1.00 | dt: 1720.01ms | tok/s: 304,816 | mfu: 34.80 | epoch: 1 | eta: 58.7m
step 00130/02205 (5.90%) [ns3] | loss: 4.663748 | lrm: 1.00 | dt: 1719.00ms | tok/s: 304,995 | mfu: 34.82 | epoch: 1 | eta: 58.7m
step 00131/02205 (5.94%) [ns3] | loss: 4.652840 | lrm: 1.00 | dt: 1714.02ms | tok/s: 305,881 | mfu: 34.92 | epoch: 1 | eta: 58.6m
step 00132/02205 (5.99%) [ns3] | loss: 4.646914 | lrm: 1.00 | dt: 1713.31ms | tok/s: 306,009 | mfu: 34.93 | epoch: 1 | eta: 58.6m
step 00133/02205 (6.03%) [ns3] | loss: 4.646938 | lrm: 1.00 | dt: 1720.47ms | tok/s: 304,735 | mfu: 34.79 | epoch: 1 | eta: 58.6m
step 00134/02205 (6.08%) [ns3] | loss: 4.626272 | lrm: 1.00 | dt: 1723.89ms | tok/s: 304,129 | mfu: 34.72 | epoch: 1 | eta: 58.6m
step 00135/02205 (6.12%) [ns3] | loss: 4.613143 | lrm: 1.00 | dt: 1718.74ms | tok/s: 305,042 | mfu: 34.82 | epoch: 1 | eta: 58.6m
step 00136/02205 (6.17%) [ns3] | loss: 4.599555 | lrm: 1.00 | dt: 1725.07ms | tok/s: 303,922 | mfu: 34.69 | epoch: 1 | eta: 58.5m
step 00137/02205 (6.21%) [ns3] | loss: 4.584091 | lrm: 1.00 | dt: 1717.25ms | tok/s: 305,307 | mfu: 34.85 | epoch: 1 | eta: 58.5m
step 00138/02205 (6.26%) [ns3] | loss: 4.574819 | lrm: 1.00 | dt: 1724.28ms | tok/s: 304,061 | mfu: 34.71 | epoch: 1 | eta: 58.5m
step 00139/02205 (6.30%) [ns3] | loss: 4.576307 | lrm: 1.00 | dt: 1713.79ms | tok/s: 305,922 | mfu: 34.92 | epoch: 1 | eta: 58.5m
step 00140/02205 (6.35%) [ns3] | loss: 4.556547 | lrm: 1.00 | dt: 1715.61ms | tok/s: 305,598 | mfu: 34.88 | epoch: 1 | eta: 58.4m
step 00141/02205 (6.39%) [ns3] | loss: 4.538687 | lrm: 1.00 | dt: 1715.56ms | tok/s: 305,607 | mfu: 34.89 | epoch: 1 | eta: 58.4m
step 00142/02205 (6.44%) [ns3] | loss: 4.539308 | lrm: 1.00 | dt: 1726.14ms | tok/s: 303,734 | mfu: 34.67 | epoch: 1 | eta: 58.4m
step 00143/02205 (6.49%) [ns3] | loss: 4.542704 | lrm: 1.00 | dt: 1717.48ms | tok/s: 305,265 | mfu: 34.85 | epoch: 1 | eta: 58.4m
step 00144/02205 (6.53%) [ns3] | loss: 4.528225 | lrm: 1.00 | dt: 1716.19ms | tok/s: 305,495 | mfu: 34.87 | epoch: 1 | eta: 58.4m
step 00145/02205 (6.58%) [ns3] | loss: 4.518122 | lrm: 1.00 | dt: 1718.41ms | tok/s: 305,101 | mfu: 34.83 | epoch: 1 | eta: 58.3m
step 00146/02205 (6.62%) [ns3] | loss: 4.500344 | lrm: 1.00 | dt: 1719.76ms | tok/s: 304,861 | mfu: 34.80 | epoch: 1 | eta: 58.3m
step 00147/02205 (6.67%) [ns3] | loss: 4.492200 | lrm: 1.00 | dt: 1715.10ms | tok/s: 305,689 | mfu: 34.89 | epoch: 1 | eta: 58.3m
step 00148/02205 (6.71%) [ns3] | loss: 4.475907 | lrm: 1.00 | dt: 1718.71ms | tok/s: 305,048 | mfu: 34.82 | epoch: 1 | eta: 58.3m
step 00149/02205 (6.76%) [ns3] | loss: 4.457275 | lrm: 1.00 | dt: 1717.24ms | tok/s: 305,309 | mfu: 34.85 | epoch: 1 | eta: 58.2m
step 00150/02205 (6.80%) [ns3] | loss: 4.439288 | lrm: 1.00 | dt: 1717.26ms | tok/s: 305,305 | mfu: 34.85 | epoch: 1 | eta: 58.2m
step 00151/02205 (6.85%) [ns3] | loss: 4.426001 | lrm: 1.00 | dt: 1717.66ms | tok/s: 305,233 | mfu: 34.84 | epoch: 1 | eta: 58.2m
step 00152/02205 (6.89%) [ns3] | loss: 4.414075 | lrm: 1.00 | dt: 1714.93ms | tok/s: 305,718 | mfu: 34.90 | epoch: 1 | eta: 58.2m
step 00153/02205 (6.94%) [ns3] | loss: 4.413112 | lrm: 1.00 | dt: 1721.94ms | tok/s: 304,475 | mfu: 34.76 | epoch: 1 | eta: 58.1m
step 00154/02205 (6.98%) [ns3] | loss: 4.394313 | lrm: 1.00 | dt: 1718.24ms | tok/s: 305,130 | mfu: 34.83 | epoch: 1 | eta: 58.1m
step 00155/02205 (7.03%) [ns3] | loss: 4.378334 | lrm: 1.00 | dt: 1725.39ms | tok/s: 303,865 | mfu: 34.69 | epoch: 1 | eta: 58.1m
step 00156/02205 (7.07%) [ns3] | loss: 4.365203 | lrm: 1.00 | dt: 1718.17ms | tok/s: 305,143 | mfu: 34.83 | epoch: 1 | eta: 58.1m
step 00157/02205 (7.12%) [ns3] | loss: 4.365082 | lrm: 1.00 | dt: 1723.66ms | tok/s: 304,171 | mfu: 34.72 | epoch: 1 | eta: 58.0m
step 00158/02205 (7.17%) [ns3] | loss: 4.354004 | lrm: 1.00 | dt: 1721.83ms | tok/s: 304,494 | mfu: 34.76 | epoch: 1 | eta: 58.0m
step 00159/02205 (7.21%) [ns3] | loss: 4.349488 | lrm: 1.00 | dt: 1719.25ms | tok/s: 304,951 | mfu: 34.81 | epoch: 1 | eta: 58.0m
step 00160/02205 (7.26%) [ns3] | loss: 4.339094 | lrm: 1.00 | dt: 1722.07ms | tok/s: 304,452 | mfu: 34.75 | epoch: 1 | eta: 58.0m
step 00161/02205 (7.30%) [ns3] | loss: 4.323696 | lrm: 1.00 | dt: 1719.21ms | tok/s: 304,957 | mfu: 34.81 | epoch: 1 | eta: 58.0m
step 00162/02205 (7.35%) [ns3] | loss: 4.330523 | lrm: 1.00 | dt: 1721.88ms | tok/s: 304,486 | mfu: 34.76 | epoch: 1 | eta: 57.9m
step 00163/02205 (7.39%) [ns3] | loss: 4.323653 | lrm: 1.00 | dt: 1716.55ms | tok/s: 305,431 | mfu: 34.87 | epoch: 1 | eta: 57.9m
step 00164/02205 (7.44%) [ns3] | loss: 4.308489 | lrm: 1.00 | dt: 1726.86ms | tok/s: 303,607 | mfu: 34.66 | epoch: 1 | eta: 57.9m
step 00165/02205 (7.48%) [ns3] | loss: 4.302895 | lrm: 1.00 | dt: 1716.98ms | tok/s: 305,355 | mfu: 34.86 | epoch: 1 | eta: 57.9m
step 00166/02205 (7.53%) [ns3] | loss: 4.288771 | lrm: 1.00 | dt: 1718.90ms | tok/s: 305,013 | mfu: 34.82 | epoch: 1 | eta: 57.8m
step 00167/02205 (7.57%) [ns3] | loss: 4.284747 | lrm: 1.00 | dt: 1719.33ms | tok/s: 304,938 | mfu: 34.81 | epoch: 1 | eta: 57.8m
step 00168/02205 (7.62%) [ns3] | loss: 4.271299 | lrm: 1.00 | dt: 1717.00ms | tok/s: 305,351 | mfu: 34.86 | epoch: 1 | eta: 57.8m
step 00169/02205 (7.66%) [ns3] | loss: 4.268903 | lrm: 1.00 | dt: 1726.90ms | tok/s: 303,600 | mfu: 34.66 | epoch: 1 | eta: 57.8m
step 00170/02205 (7.71%) [ns3] | loss: 4.272183 | lrm: 1.00 | dt: 1722.59ms | tok/s: 304,360 | mfu: 34.74 | epoch: 1 | eta: 57.7m
step 00171/02205 (7.76%) [ns3] | loss: 4.269436 | lrm: 1.00 | dt: 1723.93ms | tok/s: 304,123 | mfu: 34.72 | epoch: 1 | eta: 57.7m
step 00172/02205 (7.80%) [ns3] | loss: 4.262735 | lrm: 1.00 | dt: 1721.82ms | tok/s: 304,496 | mfu: 34.76 | epoch: 1 | eta: 57.7m
step 00173/02205 (7.85%) [ns3] | loss: 4.262784 | lrm: 1.00 | dt: 1719.51ms | tok/s: 304,905 | mfu: 34.81 | epoch: 1 | eta: 57.7m
step 00174/02205 (7.89%) [ns3] | loss: 4.252238 | lrm: 1.00 | dt: 1719.15ms | tok/s: 304,968 | mfu: 34.81 | epoch: 1 | eta: 57.6m
step 00175/02205 (7.94%) [ns3] | loss: 4.236055 | lrm: 1.00 | dt: 1721.05ms | tok/s: 304,632 | mfu: 34.77 | epoch: 1 | eta: 57.6m
step 00176/02205 (7.98%) [ns3] | loss: 4.231439 | lrm: 1.00 | dt: 1723.81ms | tok/s: 304,144 | mfu: 34.72 | epoch: 1 | eta: 57.6m
step 00177/02205 (8.03%) [ns3] | loss: 4.232102 | lrm: 1.00 | dt: 1723.48ms | tok/s: 304,202 | mfu: 34.73 | epoch: 1 | eta: 57.6m
step 00178/02205 (8.07%) [ns3] | loss: 4.233472 | lrm: 1.00 | dt: 1724.01ms | tok/s: 304,110 | mfu: 34.71 | epoch: 1 | eta: 57.5m
step 00179/02205 (8.12%) [ns3] | loss: 4.224955 | lrm: 1.00 | dt: 1722.76ms | tok/s: 304,329 | mfu: 34.74 | epoch: 1 | eta: 57.5m
step 00180/02205 (8.16%) [ns3] | loss: 4.215743 | lrm: 1.00 | dt: 1716.78ms | tok/s: 305,389 | mfu: 34.86 | epoch: 1 | eta: 57.5m
step 00181/02205 (8.21%) [ns3] | loss: 4.207890 | lrm: 1.00 | dt: 1727.53ms | tok/s: 303,489 | mfu: 34.64 | epoch: 1 | eta: 57.5m
step 00182/02205 (8.25%) [ns3] | loss: 4.202233 | lrm: 1.00 | dt: 1721.12ms | tok/s: 304,620 | mfu: 34.77 | epoch: 1 | eta: 57.4m
step 00183/02205 (8.30%) [ns3] | loss: 4.197015 | lrm: 1.00 | dt: 1723.80ms | tok/s: 304,146 | mfu: 34.72 | epoch: 1 | eta: 57.4m
step 00184/02205 (8.34%) [ns3] | loss: 4.196939 | lrm: 1.00 | dt: 1717.62ms | tok/s: 305,240 | mfu: 34.84 | epoch: 1 | eta: 57.4m
step 00185/02205 (8.39%) [ns3] | loss: 4.190400 | lrm: 1.00 | dt: 1717.49ms | tok/s: 305,264 | mfu: 34.85 | epoch: 1 | eta: 57.4m
step 00186/02205 (8.44%) [ns3] | loss: 4.186476 | lrm: 1.00 | dt: 1727.72ms | tok/s: 303,456 | mfu: 34.64 | epoch: 1 | eta: 57.3m
step 00187/02205 (8.48%) [ns3] | loss: 4.193147 | lrm: 1.00 | dt: 1717.13ms | tok/s: 305,327 | mfu: 34.85 | epoch: 1 | eta: 57.3m
step 00188/02205 (8.53%) [ns3] | loss: 4.191500 | lrm: 1.00 | dt: 1730.28ms | tok/s: 303,006 | mfu: 34.59 | epoch: 1 | eta: 57.3m
step 00189/02205 (8.57%) [ns3] | loss: 4.178417 | lrm: 1.00 | dt: 1728.82ms | tok/s: 303,263 | mfu: 34.62 | epoch: 1 | eta: 57.3m
step 00190/02205 (8.62%) [ns3] | loss: 4.176751 | lrm: 1.00 | dt: 1720.70ms | tok/s: 304,694 | mfu: 34.78 | epoch: 1 | eta: 57.2m
step 00191/02205 (8.66%) [ns3] | loss: 4.173593 | lrm: 1.00 | dt: 1726.58ms | tok/s: 303,657 | mfu: 34.66 | epoch: 1 | eta: 57.2m
step 00192/02205 (8.71%) [ns3] | loss: 4.166270 | lrm: 1.00 | dt: 1730.64ms | tok/s: 302,944 | mfu: 34.58 | epoch: 1 | eta: 57.2m
step 00193/02205 (8.75%) [ns3] | loss: 4.158675 | lrm: 1.00 | dt: 1723.24ms | tok/s: 304,246 | mfu: 34.73 | epoch: 1 | eta: 57.2m
step 00194/02205 (8.80%) [ns3] | loss: 4.145706 | lrm: 1.00 | dt: 1727.02ms | tok/s: 303,579 | mfu: 34.65 | epoch: 1 | eta: 57.1m
step 00195/02205 (8.84%) [ns3] | loss: 4.143576 | lrm: 1.00 | dt: 1727.02ms | tok/s: 303,579 | mfu: 34.65 | epoch: 1 | eta: 57.1m
step 00196/02205 (8.89%) [ns3] | loss: 4.131094 | lrm: 1.00 | dt: 1726.15ms | tok/s: 303,732 | mfu: 34.67 | epoch: 1 | eta: 57.1m
step 00197/02205 (8.93%) [ns3] | loss: 4.124455 | lrm: 1.00 | dt: 1722.05ms | tok/s: 304,455 | mfu: 34.75 | epoch: 1 | eta: 57.1m
step 00198/02205 (8.98%) [ns3] | loss: 4.120539 | lrm: 1.00 | dt: 1726.22ms | tok/s: 303,720 | mfu: 34.67 | epoch: 1 | eta: 57.0m
step 00199/02205 (9.02%) [ns3] | loss: 4.103554 | lrm: 1.00 | dt: 1721.96ms | tok/s: 304,471 | mfu: 34.76 | epoch: 1 | eta: 57.0m
step 00200/02205 (9.07%) [ns3] | loss: 4.094188 | lrm: 1.00 | dt: 1727.09ms | tok/s: 303,567 | mfu: 34.65 | epoch: 1 | eta: 57.0m
step 00201/02205 (9.12%) [ns3] | loss: 4.076928 | lrm: 1.00 | dt: 1723.74ms | tok/s: 304,157 | mfu: 34.72 | epoch: 1 | eta: 57.0m
step 00202/02205 (9.16%) [ns3] | loss: 4.087700 | lrm: 1.00 | dt: 1722.70ms | tok/s: 304,340 | mfu: 34.74 | epoch: 1 | eta: 56.9m
step 00203/02205 (9.21%) [ns3] | loss: 4.086833 | lrm: 1.00 | dt: 1724.27ms | tok/s: 304,063 | mfu: 34.71 | epoch: 1 | eta: 56.9m
step 00204/02205 (9.25%) [ns3] | loss: 4.073409 | lrm: 1.00 | dt: 1723.68ms | tok/s: 304,167 | mfu: 34.72 | epoch: 1 | eta: 56.9m
step 00205/02205 (9.30%) [ns3] | loss: 4.069991 | lrm: 1.00 | dt: 1719.86ms | tok/s: 304,843 | mfu: 34.80 | epoch: 1 | eta: 56.9m
step 00206/02205 (9.34%) [ns3] | loss: 4.074427 | lrm: 1.00 | dt: 1725.76ms | tok/s: 303,800 | mfu: 34.68 | epoch: 1 | eta: 56.8m
step 00207/02205 (9.39%) [ns3] | loss: 4.068175 | lrm: 1.00 | dt: 1721.61ms | tok/s: 304,533 | mfu: 34.76 | epoch: 1 | eta: 56.8m
step 00208/02205 (9.43%) [ns3] | loss: 4.057303 | lrm: 1.00 | dt: 1720.91ms | tok/s: 304,656 | mfu: 34.78 | epoch: 1 | eta: 56.8m
step 00209/02205 (9.48%) [ns3] | loss: 4.065463 | lrm: 1.00 | dt: 1716.53ms | tok/s: 305,435 | mfu: 34.87 | epoch: 1 | eta: 56.8m
step 00210/02205 (9.52%) [ns3] | loss: 4.060508 | lrm: 1.00 | dt: 1721.09ms | tok/s: 304,624 | mfu: 34.77 | epoch: 1 | eta: 56.7m
step 00211/02205 (9.57%) [ns3] | loss: 4.058502 | lrm: 1.00 | dt: 1728.05ms | tok/s: 303,398 | mfu: 34.63 | epoch: 1 | eta: 56.7m
step 00212/02205 (9.61%) [ns3] | loss: 4.052541 | lrm: 1.00 | dt: 1717.64ms | tok/s: 305,236 | mfu: 34.84 | epoch: 1 | eta: 56.7m
step 00213/02205 (9.66%) [ns3] | loss: 4.047484 | lrm: 1.00 | dt: 1727.44ms | tok/s: 303,506 | mfu: 34.65 | epoch: 1 | eta: 56.7m
step 00214/02205 (9.71%) [ns3] | loss: 4.041533 | lrm: 1.00 | dt: 1723.72ms | tok/s: 304,160 | mfu: 34.72 | epoch: 1 | eta: 56.6m
step 00215/02205 (9.75%) [ns3] | loss: 4.036468 | lrm: 1.00 | dt: 1719.55ms | tok/s: 304,898 | mfu: 34.80 | epoch: 1 | eta: 56.6m
step 00216/02205 (9.80%) [ns3] | loss: 4.026574 | lrm: 1.00 | dt: 1721.65ms | tok/s: 304,526 | mfu: 34.76 | epoch: 1 | eta: 56.6m
step 00217/02205 (9.84%) [ns3] | loss: 4.017042 | lrm: 1.00 | dt: 1720.17ms | tok/s: 304,788 | mfu: 34.79 | epoch: 1 | eta: 56.6m
step 00218/02205 (9.89%) [ns3] | loss: 4.003945 | lrm: 1.00 | dt: 1725.02ms | tok/s: 303,932 | mfu: 34.69 | epoch: 1 | eta: 56.5m
step 00219/02205 (9.93%) [ns3] | loss: 3.999519 | lrm: 1.00 | dt: 1716.84ms | tok/s: 305,380 | mfu: 34.86 | epoch: 1 | eta: 56.5m
step 00220/02205 (9.98%) [ns3] | loss: 3.997497 | lrm: 1.00 | dt: 1725.13ms | tok/s: 303,912 | mfu: 34.69 | epoch: 1 | eta: 56.5m
step 00221/02205 (10.02%) [ns3] | loss: 3.991750 | lrm: 1.00 | dt: 1720.59ms | tok/s: 304,714 | mfu: 34.78 | epoch: 1 | eta: 56.5m
step 00222/02205 (10.07%) [ns3] | loss: 3.994851 | lrm: 1.00 | dt: 1717.60ms | tok/s: 305,243 | mfu: 34.84 | epoch: 1 | eta: 56.4m
step 00223/02205 (10.11%) [ns3] | loss: 3.985876 | lrm: 1.00 | dt: 1725.37ms | tok/s: 303,869 | mfu: 34.69 | epoch: 1 | eta: 56.4m
step 00224/02205 (10.16%) [ns3] | loss: 3.981106 | lrm: 1.00 | dt: 1724.75ms | tok/s: 303,978 | mfu: 34.70 | epoch: 1 | eta: 56.4m
step 00225/02205 (10.20%) [ns3] | loss: 3.973335 | lrm: 1.00 | dt: 1713.81ms | tok/s: 305,919 | mfu: 34.92 | epoch: 1 | eta: 56.3m
step 00226/02205 (10.25%) [ns3] | loss: 3.974726 | lrm: 1.00 | dt: 1718.39ms | tok/s: 305,103 | mfu: 34.83 | epoch: 1 | eta: 56.3m
step 00227/02205 (10.29%) [ns3] | loss: 3.972129 | lrm: 1.00 | dt: 1728.29ms | tok/s: 303,355 | mfu: 34.63 | epoch: 1 | eta: 56.3m
step 00228/02205 (10.34%) [ns3] | loss: 3.963381 | lrm: 1.00 | dt: 1720.87ms | tok/s: 304,665 | mfu: 34.78 | epoch: 1 | eta: 56.3m
step 00229/02205 (10.39%) [ns3] | loss: 3.954123 | lrm: 1.00 | dt: 1723.54ms | tok/s: 304,193 | mfu: 34.72 | epoch: 1 | eta: 56.2m
step 00230/02205 (10.43%) [ns3] | loss: 3.958099 | lrm: 1.00 | dt: 1718.53ms | tok/s: 305,078 | mfu: 34.83 | epoch: 1 | eta: 56.2m
step 00231/02205 (10.48%) [ns3] | loss: 3.970598 | lrm: 1.00 | dt: 1726.78ms | tok/s: 303,621 | mfu: 34.66 | epoch: 1 | eta: 56.2m
step 00232/02205 (10.52%) [ns3] | loss: 3.968950 | lrm: 1.00 | dt: 1718.63ms | tok/s: 305,061 | mfu: 34.82 | epoch: 1 | eta: 56.2m
step 00233/02205 (10.57%) [ns3] | loss: 3.958494 | lrm: 1.00 | dt: 1726.17ms | tok/s: 303,728 | mfu: 34.67 | epoch: 1 | eta: 56.1m
step 00234/02205 (10.61%) [ns3] | loss: 3.961620 | lrm: 1.00 | dt: 1724.70ms | tok/s: 303,987 | mfu: 34.70 | epoch: 1 | eta: 56.1m
step 00235/02205 (10.66%) [ns3] | loss: 3.971445 | lrm: 1.00 | dt: 1717.59ms | tok/s: 305,246 | mfu: 34.84 | epoch: 1 | eta: 56.1m
step 00236/02205 (10.70%) [ns3] | loss: 3.972006 | lrm: 1.00 | dt: 1735.24ms | tok/s: 302,141 | mfu: 34.49 | epoch: 1 | eta: 56.1m
step 00237/02205 (10.75%) [ns3] | loss: 3.956188 | lrm: 1.00 | dt: 1725.91ms | tok/s: 303,774 | mfu: 34.68 | epoch: 1 | eta: 56.0m
step 00238/02205 (10.79%) [ns3] | loss: 3.947741 | lrm: 1.00 | dt: 1718.20ms | tok/s: 305,137 | mfu: 34.83 | epoch: 1 | eta: 56.0m
step 00239/02205 (10.84%) [ns3] | loss: 3.941246 | lrm: 1.00 | dt: 1729.82ms | tok/s: 303,088 | mfu: 34.60 | epoch: 1 | eta: 56.0m
step 00240/02205 (10.88%) [ns3] | loss: 3.947058 | lrm: 1.00 | dt: 1723.93ms | tok/s: 304,124 | mfu: 34.72 | epoch: 1 | eta: 56.0m
step 00241/02205 (10.93%) [ns3] | loss: 3.935725 | lrm: 1.00 | dt: 1720.03ms | tok/s: 304,813 | mfu: 34.79 | epoch: 1 | eta: 55.9m
step 00242/02205 (10.98%) [ns3] | loss: 3.936159 | lrm: 1.00 | dt: 1725.05ms | tok/s: 303,926 | mfu: 34.69 | epoch: 1 | eta: 55.9m
step 00243/02205 (11.02%) [ns3] | loss: 3.933292 | lrm: 1.00 | dt: 1719.87ms | tok/s: 304,842 | mfu: 34.80 | epoch: 1 | eta: 55.9m
step 00244/02205 (11.07%) [ns3] | loss: 3.926145 | lrm: 1.00 | dt: 1718.77ms | tok/s: 305,036 | mfu: 34.82 | epoch: 1 | eta: 55.8m
step 00245/02205 (11.11%) [ns3] | loss: 3.924235 | lrm: 1.00 | dt: 1722.03ms | tok/s: 304,459 | mfu: 34.75 | epoch: 1 | eta: 55.8m
step 00246/02205 (11.16%) [ns3] | loss: 3.916079 | lrm: 1.00 | dt: 1720.97ms | tok/s: 304,646 | mfu: 34.78 | epoch: 1 | eta: 55.8m
step 00247/02205 (11.20%) [ns3] | loss: 3.908767 | lrm: 1.00 | dt: 1723.17ms | tok/s: 304,258 | mfu: 34.73 | epoch: 1 | eta: 55.8m
step 00248/02205 (11.25%) [ns3] | loss: 3.898275 | lrm: 1.00 | dt: 1721.78ms | tok/s: 304,502 | mfu: 34.76 | epoch: 1 | eta: 55.7m
step 00249/02205 (11.29%) [ns3] | loss: 3.897250 | lrm: 1.00 | dt: 1723.37ms | tok/s: 304,223 | mfu: 34.73 | epoch: 1 | eta: 55.7m
Step 00250 | val bpb: 1.143024
step 00250/02205 (11.34%) [ns3] | loss: 3.891536 | lrm: 1.00 | dt: 1693.74ms | tok/s: 309,543 | mfu: 35.33 | epoch: 1 | eta: 55.7m
step 00251/02205 (11.38%) [ns3] | loss: 3.895905 | lrm: 1.00 | dt: 1711.52ms | tok/s: 306,329 | mfu: 34.97 | epoch: 1 | eta: 55.7m
step 00252/02205 (11.43%) [ns3] | loss: 3.898220 | lrm: 1.00 | dt: 1716.38ms | tok/s: 305,460 | mfu: 34.87 | epoch: 1 | eta: 55.6m
step 00253/02205 (11.47%) [ns3] | loss: 3.899320 | lrm: 1.00 | dt: 1709.68ms | tok/s: 306,659 | mfu: 35.01 | epoch: 1 | eta: 55.6m
step 00254/02205 (11.52%) [ns3] | loss: 3.902947 | lrm: 1.00 | dt: 1714.39ms | tok/s: 305,815 | mfu: 34.91 | epoch: 1 | eta: 55.6m
step 00255/02205 (11.56%) [ns3] | loss: 3.897804 | lrm: 1.00 | dt: 1712.65ms | tok/s: 306,126 | mfu: 34.94 | epoch: 1 | eta: 55.5m
step 00256/02205 (11.61%) [ns3] | loss: 3.902149 | lrm: 1.00 | dt: 1712.81ms | tok/s: 306,098 | mfu: 34.94 | epoch: 1 | eta: 55.5m
step 00257/02205 (11.66%) [ns3] | loss: 3.895571 | lrm: 1.00 | dt: 1709.36ms | tok/s: 306,716 | mfu: 35.01 | epoch: 1 | eta: 55.5m
step 00258/02205 (11.70%) [ns3] | loss: 3.893314 | lrm: 1.00 | dt: 1714.71ms | tok/s: 305,759 | mfu: 34.90 | epoch: 1 | eta: 55.5m
step 00259/02205 (11.75%) [ns3] | loss: 3.884449 | lrm: 1.00 | dt: 1709.33ms | tok/s: 306,721 | mfu: 35.01 | epoch: 1 | eta: 55.4m
step 00260/02205 (11.79%) [ns3] | loss: 3.888616 | lrm: 1.00 | dt: 1708.14ms | tok/s: 306,934 | mfu: 35.04 | epoch: 1 | eta: 55.4m
step 00261/02205 (11.84%) [ns3] | loss: 3.884522 | lrm: 1.00 | dt: 1714.75ms | tok/s: 305,751 | mfu: 34.90 | epoch: 1 | eta: 55.4m
step 00262/02205 (11.88%) [ns3] | loss: 3.875917 | lrm: 1.00 | dt: 1719.36ms | tok/s: 304,931 | mfu: 34.81 | epoch: 1 | eta: 55.3m
step 00263/02205 (11.93%) [ns3] | loss: 3.876982 | lrm: 1.00 | dt: 1713.34ms | tok/s: 306,002 | mfu: 34.93 | epoch: 1 | eta: 55.3m
step 00264/02205 (11.97%) [ns3] | loss: 3.873197 | lrm: 1.00 | dt: 1712.99ms | tok/s: 306,066 | mfu: 34.94 | epoch: 1 | eta: 55.3m
step 00265/02205 (12.02%) [ns3] | loss: 3.860582 | lrm: 1.00 | dt: 1714.06ms | tok/s: 305,874 | mfu: 34.92 | epoch: 1 | eta: 55.3m
step 00266/02205 (12.06%) [ns3] | loss: 3.852482 | lrm: 1.00 | dt: 1719.59ms | tok/s: 304,890 | mfu: 34.80 | epoch: 1 | eta: 55.2m
step 00267/02205 (12.11%) [ns3] | loss: 3.829753 | lrm: 1.00 | dt: 1716.05ms | tok/s: 305,519 | mfu: 34.88 | epoch: 1 | eta: 55.2m
step 00268/02205 (12.15%) [ns3] | loss: 3.833471 | lrm: 1.00 | dt: 1721.44ms | tok/s: 304,564 | mfu: 34.77 | epoch: 1 | eta: 55.2m
step 00269/02205 (12.20%) [ns3] | loss: 3.830887 | lrm: 1.00 | dt: 1721.92ms | tok/s: 304,478 | mfu: 34.76 | epoch: 1 | eta: 55.2m
step 00270/02205 (12.24%) [ns3] | loss: 3.828034 | lrm: 1.00 | dt: 1716.49ms | tok/s: 305,441 | mfu: 34.87 | epoch: 1 | eta: 55.1m
step 00271/02205 (12.29%) [ns3] | loss: 3.832145 | lrm: 1.00 | dt: 1714.56ms | tok/s: 305,785 | mfu: 34.91 | epoch: 1 | eta: 55.1m
step 00272/02205 (12.34%) [ns3] | loss: 3.827861 | lrm: 1.00 | dt: 1716.70ms | tok/s: 305,404 | mfu: 34.86 | epoch: 1 | eta: 55.1m
step 00273/02205 (12.38%) [ns3] | loss: 3.827839 | lrm: 1.00 | dt: 1724.23ms | tok/s: 304,070 | mfu: 34.71 | epoch: 1 | eta: 55.0m
step 00274/02205 (12.43%) [ns3] | loss: 3.829636 | lrm: 1.00 | dt: 1717.34ms | tok/s: 305,291 | mfu: 34.85 | epoch: 1 | eta: 55.0m
step 00275/02205 (12.47%) [ns3] | loss: 3.832014 | lrm: 1.00 | dt: 1720.24ms | tok/s: 304,776 | mfu: 34.79 | epoch: 1 | eta: 55.0m
step 00276/02205 (12.52%) [ns3] | loss: 3.834312 | lrm: 1.00 | dt: 1716.99ms | tok/s: 305,353 | mfu: 34.86 | epoch: 1 | eta: 55.0m
step 00277/02205 (12.56%) [ns3] | loss: 3.836332 | lrm: 1.00 | dt: 1718.04ms | tok/s: 305,167 | mfu: 34.84 | epoch: 1 | eta: 54.9m
step 00278/02205 (12.61%) [ns3] | loss: 3.836159 | lrm: 1.00 | dt: 1717.51ms | tok/s: 305,260 | mfu: 34.85 | epoch: 1 | eta: 54.9m
step 00279/02205 (12.65%) [ns3] | loss: 3.830763 | lrm: 1.00 | dt: 1726.10ms | tok/s: 303,741 | mfu: 34.67 | epoch: 1 | eta: 54.9m
step 00280/02205 (12.70%) [ns3] | loss: 3.842392 | lrm: 1.00 | dt: 1708.86ms | tok/s: 306,806 | mfu: 35.02 | epoch: 1 | eta: 54.9m
step 00281/02205 (12.74%) [ns3] | loss: 3.852386 | lrm: 1.00 | dt: 1716.17ms | tok/s: 305,498 | mfu: 34.87 | epoch: 1 | eta: 54.8m
step 00282/02205 (12.79%) [ns3] | loss: 3.863321 | lrm: 1.00 | dt: 1718.28ms | tok/s: 305,123 | mfu: 34.83 | epoch: 1 | eta: 54.8m
step 00283/02205 (12.83%) [ns3] | loss: 3.869385 | lrm: 1.00 | dt: 1723.56ms | tok/s: 304,188 | mfu: 34.72 | epoch: 1 | eta: 54.8m
step 00284/02205 (12.88%) [ns3] | loss: 3.862872 | lrm: 1.00 | dt: 1714.19ms | tok/s: 305,851 | mfu: 34.91 | epoch: 1 | eta: 54.7m
step 00285/02205 (12.93%) [ns3] | loss: 3.860283 | lrm: 1.00 | dt: 1714.36ms | tok/s: 305,822 | mfu: 34.91 | epoch: 1 | eta: 54.7m
step 00286/02205 (12.97%) [ns3] | loss: 3.858549 | lrm: 1.00 | dt: 1721.17ms | tok/s: 304,610 | mfu: 34.77 | epoch: 1 | eta: 54.7m
step 00287/02205 (13.02%) [ns3] | loss: 3.847734 | lrm: 1.00 | dt: 1720.45ms | tok/s: 304,739 | mfu: 34.79 | epoch: 1 | eta: 54.7m
step 00288/02205 (13.06%) [ns3] | loss: 3.843560 | lrm: 1.00 | dt: 1708.96ms | tok/s: 306,788 | mfu: 35.02 | epoch: 1 | eta: 54.6m
step 00289/02205 (13.11%) [ns3] | loss: 3.840803 | lrm: 1.00 | dt: 1718.82ms | tok/s: 305,027 | mfu: 34.82 | epoch: 1 | eta: 54.6m
step 00290/02205 (13.15%) [ns3] | loss: 3.832617 | lrm: 1.00 | dt: 1723.17ms | tok/s: 304,257 | mfu: 34.73 | epoch: 1 | eta: 54.6m
step 00291/02205 (13.20%) [ns3] | loss: 3.827004 | lrm: 1.00 | dt: 1717.82ms | tok/s: 305,206 | mfu: 34.84 | epoch: 1 | eta: 54.6m
step 00292/02205 (13.24%) [ns3] | loss: 3.821658 | lrm: 1.00 | dt: 1715.49ms | tok/s: 305,619 | mfu: 34.89 | epoch: 1 | eta: 54.5m
step 00293/02205 (13.29%) [ns3] | loss: 3.821003 | lrm: 1.00 | dt: 1725.79ms | tok/s: 303,795 | mfu: 34.68 | epoch: 1 | eta: 54.5m
step 00294/02205 (13.33%) [ns3] | loss: 3.816003 | lrm: 1.00 | dt: 1717.98ms | tok/s: 305,176 | mfu: 34.84 | epoch: 1 | eta: 54.5m
step 00295/02205 (13.38%) [ns3] | loss: 3.811739 | lrm: 1.00 | dt: 1716.96ms | tok/s: 305,358 | mfu: 34.86 | epoch: 1 | eta: 54.4m
step 00296/02205 (13.42%) [ns3] | loss: 3.807532 | lrm: 1.00 | dt: 1721.24ms | tok/s: 304,598 | mfu: 34.77 | epoch: 1 | eta: 54.4m
step 00297/02205 (13.47%) [ns3] | loss: 3.815503 | lrm: 1.00 | dt: 1718.27ms | tok/s: 305,126 | mfu: 34.83 | epoch: 1 | eta: 54.4m
step 00298/02205 (13.51%) [ns3] | loss: 3.812883 | lrm: 1.00 | dt: 1724.25ms | tok/s: 304,068 | mfu: 34.71 | epoch: 1 | eta: 54.4m
step 00299/02205 (13.56%) [ns3] | loss: 3.815639 | lrm: 1.00 | dt: 1716.57ms | tok/s: 305,426 | mfu: 34.86 | epoch: 1 | eta: 54.3m
step 00300/02205 (13.61%) [ns3] | loss: 3.814217 | lrm: 1.00 | dt: 1724.29ms | tok/s: 304,059 | mfu: 34.71 | epoch: 1 | eta: 54.3m
step 00301/02205 (13.65%) [ns3] | loss: 3.811865 | lrm: 1.00 | dt: 1721.52ms | tok/s: 304,548 | mfu: 34.76 | epoch: 1 | eta: 54.3m
step 00302/02205 (13.70%) [ns3] | loss: 3.805964 | lrm: 1.00 | dt: 1717.82ms | tok/s: 305,204 | mfu: 34.84 | epoch: 1 | eta: 54.2m
step 00303/02205 (13.74%) [ns3] | loss: 3.809455 | lrm: 1.00 | dt: 1725.69ms | tok/s: 303,813 | mfu: 34.68 | epoch: 1 | eta: 54.2m
step 00304/02205 (13.79%) [ns3] | loss: 3.799812 | lrm: 1.00 | dt: 1715.53ms | tok/s: 305,613 | mfu: 34.89 | epoch: 1 | eta: 54.2m
step 00305/02205 (13.83%) [ns3] | loss: 3.792783 | lrm: 1.00 | dt: 1725.88ms | tok/s: 303,780 | mfu: 34.68 | epoch: 1 | eta: 54.2m
step 00306/02205 (13.88%) [ns3] | loss: 3.786914 | lrm: 1.00 | dt: 1713.99ms | tok/s: 305,888 | mfu: 34.92 | epoch: 1 | eta: 54.1m
step 00307/02205 (13.92%) [ns3] | loss: 3.792124 | lrm: 1.00 | dt: 1715.64ms | tok/s: 305,593 | mfu: 34.88 | epoch: 1 | eta: 54.1m
step 00308/02205 (13.97%) [ns3] | loss: 3.801212 | lrm: 1.00 | dt: 1717.45ms | tok/s: 305,271 | mfu: 34.85 | epoch: 1 | eta: 54.1m
step 00309/02205 (14.01%) [ns3] | loss: 3.803555 | lrm: 1.00 | dt: 1724.13ms | tok/s: 304,087 | mfu: 34.71 | epoch: 1 | eta: 54.1m
step 00310/02205 (14.06%) [ns3] | loss: 3.804678 | lrm: 1.00 | dt: 1713.90ms | tok/s: 305,903 | mfu: 34.92 | epoch: 1 | eta: 54.0m
step 00311/02205 (14.10%) [ns3] | loss: 3.803354 | lrm: 1.00 | dt: 1718.19ms | tok/s: 305,140 | mfu: 34.83 | epoch: 1 | eta: 54.0m
step 00312/02205 (14.15%) [ns3] | loss: 3.801011 | lrm: 1.00 | dt: 1722.75ms | tok/s: 304,332 | mfu: 34.74 | epoch: 1 | eta: 54.0m
step 00313/02205 (14.20%) [ns3] | loss: 3.801749 | lrm: 1.00 | dt: 1719.05ms | tok/s: 304,987 | mfu: 34.81 | epoch: 1 | eta: 53.9m
step 00314/02205 (14.24%) [ns3] | loss: 3.786174 | lrm: 1.00 | dt: 1715.78ms | tok/s: 305,568 | mfu: 34.88 | epoch: 1 | eta: 53.9m
step 00315/02205 (14.29%) [ns3] | loss: 3.784981 | lrm: 1.00 | dt: 1726.52ms | tok/s: 303,667 | mfu: 34.66 | epoch: 1 | eta: 53.9m
step 00316/02205 (14.33%) [ns3] | loss: 3.777194 | lrm: 1.00 | dt: 1714.92ms | tok/s: 305,721 | mfu: 34.90 | epoch: 1 | eta: 53.9m
step 00317/02205 (14.38%) [ns3] | loss: 3.780456 | lrm: 1.00 | dt: 1721.86ms | tok/s: 304,489 | mfu: 34.76 | epoch: 1 | eta: 53.8m
step 00318/02205 (14.42%) [ns3] | loss: 3.777607 | lrm: 1.00 | dt: 1717.12ms | tok/s: 305,329 | mfu: 34.85 | epoch: 1 | eta: 53.8m
step 00319/02205 (14.47%) [ns3] | loss: 3.774616 | lrm: 1.00 | dt: 1717.74ms | tok/s: 305,219 | mfu: 34.84 | epoch: 1 | eta: 53.8m
step 00320/02205 (14.51%) [ns3] | loss: 3.775251 | lrm: 1.00 | dt: 1718.10ms | tok/s: 305,155 | mfu: 34.83 | epoch: 1 | eta: 53.8m
step 00321/02205 (14.56%) [ns3] | loss: 3.779916 | lrm: 1.00 | dt: 1721.51ms | tok/s: 304,551 | mfu: 34.76 | epoch: 1 | eta: 53.7m
step 00322/02205 (14.60%) [ns3] | loss: 3.768541 | lrm: 1.00 | dt: 1714.06ms | tok/s: 305,875 | mfu: 34.92 | epoch: 1 | eta: 53.7m
step 00323/02205 (14.65%) [ns3] | loss: 3.774347 | lrm: 1.00 | dt: 1718.55ms | tok/s: 305,076 | mfu: 34.82 | epoch: 1 | eta: 53.7m
step 00324/02205 (14.69%) [ns3] | loss: 3.762215 | lrm: 1.00 | dt: 1724.23ms | tok/s: 304,071 | mfu: 34.71 | epoch: 1 | eta: 53.6m
step 00325/02205 (14.74%) [ns3] | loss: 3.766970 | lrm: 1.00 | dt: 1716.16ms | tok/s: 305,500 | mfu: 34.87 | epoch: 1 | eta: 53.6m
step 00326/02205 (14.78%) [ns3] | loss: 3.767605 | lrm: 1.00 | dt: 1724.04ms | tok/s: 304,104 | mfu: 34.71 | epoch: 1 | eta: 53.6m
step 00327/02205 (14.83%) [ns3] | loss: 3.766153 | lrm: 1.00 | dt: 1715.28ms | tok/s: 305,658 | mfu: 34.89 | epoch: 1 | eta: 53.6m
step 00328/02205 (14.88%) [ns3] | loss: 3.756132 | lrm: 1.00 | dt: 1716.20ms | tok/s: 305,492 | mfu: 34.87 | epoch: 1 | eta: 53.5m
step 00329/02205 (14.92%) [ns3] | loss: 3.761515 | lrm: 1.00 | dt: 1723.92ms | tok/s: 304,126 | mfu: 34.72 | epoch: 1 | eta: 53.5m
step 00330/02205 (14.97%) [ns3] | loss: 3.758597 | lrm: 1.00 | dt: 1715.33ms | tok/s: 305,648 | mfu: 34.89 | epoch: 1 | eta: 53.5m
step 00331/02205 (15.01%) [ns3] | loss: 3.744419 | lrm: 1.00 | dt: 1719.66ms | tok/s: 304,879 | mfu: 34.80 | epoch: 1 | eta: 53.4m
step 00332/02205 (15.06%) [ns3] | loss: 3.740770 | lrm: 1.00 | dt: 1710.69ms | tok/s: 306,477 | mfu: 34.98 | epoch: 1 | eta: 53.4m
step 00333/02205 (15.10%) [ns3] | loss: 3.734019 | lrm: 1.00 | dt: 1712.44ms | tok/s: 306,165 | mfu: 34.95 | epoch: 1 | eta: 53.4m
step 00334/02205 (15.15%) [ns3] | loss: 3.736653 | lrm: 1.00 | dt: 1717.04ms | tok/s: 305,344 | mfu: 34.86 | epoch: 1 | eta: 53.4m
step 00335/02205 (15.19%) [ns3] | loss: 3.743003 | lrm: 1.00 | dt: 1715.03ms | tok/s: 305,701 | mfu: 34.90 | epoch: 1 | eta: 53.3m
step 00336/02205 (15.24%) [ns3] | loss: 3.744871 | lrm: 1.00 | dt: 1717.54ms | tok/s: 305,255 | mfu: 34.85 | epoch: 1 | eta: 53.3m
step 00337/02205 (15.28%) [ns3] | loss: 3.744952 | lrm: 1.00 | dt: 1723.55ms | tok/s: 304,191 | mfu: 34.72 | epoch: 1 | eta: 53.3m
step 00338/02205 (15.33%) [ns3] | loss: 3.733280 | lrm: 1.00 | dt: 1719.23ms | tok/s: 304,955 | mfu: 34.81 | epoch: 1 | eta: 53.3m
step 00339/02205 (15.37%) [ns3] | loss: 3.746550 | lrm: 1.00 | dt: 1722.03ms | tok/s: 304,459 | mfu: 34.75 | epoch: 1 | eta: 53.2m
step 00340/02205 (15.42%) [ns3] | loss: 3.753704 | lrm: 1.00 | dt: 1717.01ms | tok/s: 305,348 | mfu: 34.86 | epoch: 1 | eta: 53.2m
step 00341/02205 (15.46%) [ns3] | loss: 3.743311 | lrm: 1.00 | dt: 1721.09ms | tok/s: 304,625 | mfu: 34.77 | epoch: 1 | eta: 53.2m
step 00342/02205 (15.51%) [ns3] | loss: 3.744165 | lrm: 1.00 | dt: 1717.85ms | tok/s: 305,200 | mfu: 34.84 | epoch: 1 | eta: 53.1m
step 00343/02205 (15.56%) [ns3] | loss: 3.741793 | lrm: 1.00 | dt: 1720.12ms | tok/s: 304,797 | mfu: 34.79 | epoch: 1 | eta: 53.1m
step 00344/02205 (15.60%) [ns3] | loss: 3.747196 | lrm: 1.00 | dt: 1716.03ms | tok/s: 305,524 | mfu: 34.88 | epoch: 1 | eta: 53.1m
step 00345/02205 (15.65%) [ns3] | loss: 3.739333 | lrm: 1.00 | dt: 1714.64ms | tok/s: 305,772 | mfu: 34.90 | epoch: 1 | eta: 53.1m
step 00346/02205 (15.69%) [ns3] | loss: 3.734088 | lrm: 1.00 | dt: 1720.78ms | tok/s: 304,679 | mfu: 34.78 | epoch: 1 | eta: 53.0m
step 00347/02205 (15.74%) [ns3] | loss: 3.730952 | lrm: 1.00 | dt: 1721.28ms | tok/s: 304,591 | mfu: 34.77 | epoch: 1 | eta: 53.0m
step 00348/02205 (15.78%) [ns3] | loss: 3.731464 | lrm: 1.00 | dt: 1721.20ms | tok/s: 304,605 | mfu: 34.77 | epoch: 1 | eta: 53.0m
step 00349/02205 (15.83%) [ns3] | loss: 3.723770 | lrm: 1.00 | dt: 1716.03ms | tok/s: 305,523 | mfu: 34.88 | epoch: 1 | eta: 52.9m
step 00350/02205 (15.87%) [ns3] | loss: 3.725115 | lrm: 1.00 | dt: 1719.49ms | tok/s: 304,908 | mfu: 34.81 | epoch: 1 | eta: 52.9m
step 00351/02205 (15.92%) [ns3] | loss: 3.722012 | lrm: 1.00 | dt: 1715.58ms | tok/s: 305,603 | mfu: 34.89 | epoch: 1 | eta: 52.9m
step 00352/02205 (15.96%) [ns3] | loss: 3.714657 | lrm: 1.00 | dt: 1715.39ms | tok/s: 305,638 | mfu: 34.89 | epoch: 1 | eta: 52.9m
step 00353/02205 (16.01%) [ns3] | loss: 3.730010 | lrm: 1.00 | dt: 1712.63ms | tok/s: 306,129 | mfu: 34.95 | epoch: 1 | eta: 52.8m
step 00354/02205 (16.05%) [ns3] | loss: 3.723435 | lrm: 1.00 | dt: 1717.01ms | tok/s: 305,349 | mfu: 34.86 | epoch: 1 | eta: 52.8m
step 00355/02205 (16.10%) [ns3] | loss: 3.734374 | lrm: 1.00 | dt: 1714.44ms | tok/s: 305,806 | mfu: 34.91 | epoch: 1 | eta: 52.8m
step 00356/02205 (16.15%) [ns3] | loss: 3.742366 | lrm: 1.00 | dt: 1723.10ms | tok/s: 304,269 | mfu: 34.73 | epoch: 1 | eta: 52.7m
step 00357/02205 (16.19%) [ns3] | loss: 3.739452 | lrm: 1.00 | dt: 1716.48ms | tok/s: 305,443 | mfu: 34.87 | epoch: 1 | eta: 52.7m
step 00358/02205 (16.24%) [ns3] | loss: 3.740512 | lrm: 1.00 | dt: 1715.51ms | tok/s: 305,615 | mfu: 34.89 | epoch: 1 | eta: 52.7m
step 00359/02205 (16.28%) [ns3] | loss: 3.742755 | lrm: 1.00 | dt: 1715.60ms | tok/s: 305,599 | mfu: 34.88 | epoch: 1 | eta: 52.7m
step 00360/02205 (16.33%) [ns3] | loss: 3.731686 | lrm: 1.00 | dt: 1726.28ms | tok/s: 303,710 | mfu: 34.67 | epoch: 1 | eta: 52.6m
step 00361/02205 (16.37%) [ns3] | loss: 3.730783 | lrm: 1.00 | dt: 1715.49ms | tok/s: 305,620 | mfu: 34.89 | epoch: 1 | eta: 52.6m
step 00362/02205 (16.42%) [ns3] | loss: 3.724771 | lrm: 1.00 | dt: 1722.48ms | tok/s: 304,379 | mfu: 34.75 | epoch: 1 | eta: 52.6m
step 00363/02205 (16.46%) [ns3] | loss: 3.733348 | lrm: 1.00 | dt: 1717.23ms | tok/s: 305,309 | mfu: 34.85 | epoch: 1 | eta: 52.6m
step 00364/02205 (16.51%) [ns3] | loss: 3.740738 | lrm: 1.00 | dt: 1714.82ms | tok/s: 305,739 | mfu: 34.90 | epoch: 1 | eta: 52.5m
step 00365/02205 (16.55%) [ns3] | loss: 3.736561 | lrm: 1.00 | dt: 1719.56ms | tok/s: 304,896 | mfu: 34.80 | epoch: 1 | eta: 52.5m
step 00366/02205 (16.60%) [ns3] | loss: 3.738139 | lrm: 1.00 | dt: 1718.60ms | tok/s: 305,067 | mfu: 34.82 | epoch: 1 | eta: 52.5m
step 00367/02205 (16.64%) [ns3] | loss: 3.740161 | lrm: 1.00 | dt: 1713.94ms | tok/s: 305,896 | mfu: 34.92 | epoch: 1 | eta: 52.4m
step 00368/02205 (16.69%) [ns3] | loss: 3.743792 | lrm: 1.00 | dt: 1717.08ms | tok/s: 305,337 | mfu: 34.85 | epoch: 1 | eta: 52.4m
step 00369/02205 (16.73%) [ns3] | loss: 3.737961 | lrm: 1.00 | dt: 1722.45ms | tok/s: 304,384 | mfu: 34.75 | epoch: 1 | eta: 52.4m
step 00370/02205 (16.78%) [ns3] | loss: 3.743086 | lrm: 1.00 | dt: 1715.95ms | tok/s: 305,537 | mfu: 34.88 | epoch: 1 | eta: 52.4m
step 00371/02205 (16.83%) [ns3] | loss: 3.738351 | lrm: 1.00 | dt: 1722.97ms | tok/s: 304,292 | mfu: 34.74 | epoch: 1 | eta: 52.3m
step 00372/02205 (16.87%) [ns3] | loss: 3.743922 | lrm: 1.00 | dt: 1718.33ms | tok/s: 305,114 | mfu: 34.83 | epoch: 1 | eta: 52.3m
step 00373/02205 (16.92%) [ns3] | loss: 3.737507 | lrm: 1.00 | dt: 1714.54ms | tok/s: 305,789 | mfu: 34.91 | epoch: 1 | eta: 52.3m
step 00374/02205 (16.96%) [ns3] | loss: 3.736625 | lrm: 1.00 | dt: 1719.09ms | tok/s: 304,979 | mfu: 34.81 | epoch: 1 | eta: 52.2m
step 00375/02205 (17.01%) [ns3] | loss: 3.739195 | lrm: 1.00 | dt: 1712.79ms | tok/s: 306,101 | mfu: 34.94 | epoch: 1 | eta: 52.2m
step 00376/02205 (17.05%) [ns3] | loss: 3.731184 | lrm: 1.00 | dt: 1716.51ms | tok/s: 305,438 | mfu: 34.87 | epoch: 1 | eta: 52.2m
step 00377/02205 (17.10%) [ns3] | loss: 3.713815 | lrm: 1.00 | dt: 1716.43ms | tok/s: 305,453 | mfu: 34.87 | epoch: 1 | eta: 52.2m
step 00378/02205 (17.14%) [ns3] | loss: 3.715088 | lrm: 1.00 | dt: 1718.06ms | tok/s: 305,163 | mfu: 34.83 | epoch: 1 | eta: 52.1m
step 00379/02205 (17.19%) [ns3] | loss: 3.714757 | lrm: 1.00 | dt: 1719.48ms | tok/s: 304,911 | mfu: 34.81 | epoch: 1 | eta: 52.1m
step 00380/02205 (17.23%) [ns3] | loss: 3.708300 | lrm: 1.00 | dt: 1718.77ms | tok/s: 305,037 | mfu: 34.82 | epoch: 1 | eta: 52.1m
step 00381/02205 (17.28%) [ns3] | loss: 3.712068 | lrm: 1.00 | dt: 1708.36ms | tok/s: 306,895 | mfu: 35.03 | epoch: 1 | eta: 52.0m
step 00382/02205 (17.32%) [ns3] | loss: 3.707760 | lrm: 1.00 | dt: 1713.89ms | tok/s: 305,905 | mfu: 34.92 | epoch: 1 | eta: 52.0m
step 00383/02205 (17.37%) [ns3] | loss: 3.699584 | lrm: 1.00 | dt: 1716.56ms | tok/s: 305,429 | mfu: 34.87 | epoch: 1 | eta: 52.0m
step 00384/02205 (17.41%) [ns3] | loss: 3.688904 | lrm: 1.00 | dt: 1718.77ms | tok/s: 305,037 | mfu: 34.82 | epoch: 1 | eta: 52.0m
step 00385/02205 (17.46%) [ns3] | loss: 3.686473 | lrm: 1.00 | dt: 1715.34ms | tok/s: 305,647 | mfu: 34.89 | epoch: 1 | eta: 51.9m
step 00386/02205 (17.51%) [ns3] | loss: 3.688379 | lrm: 1.00 | dt: 1723.26ms | tok/s: 304,241 | mfu: 34.73 | epoch: 1 | eta: 51.9m
step 00387/02205 (17.55%) [ns3] | loss: 3.696363 | lrm: 1.00 | dt: 1718.32ms | tok/s: 305,117 | mfu: 34.83 | epoch: 1 | eta: 51.9m
step 00388/02205 (17.60%) [ns3] | loss: 3.685632 | lrm: 1.00 | dt: 1713.72ms | tok/s: 305,934 | mfu: 34.92 | epoch: 1 | eta: 51.9m
step 00389/02205 (17.64%) [ns3] | loss: 3.686897 | lrm: 1.00 | dt: 1713.55ms | tok/s: 305,965 | mfu: 34.93 | epoch: 1 | eta: 51.8m
step 00390/02205 (17.69%) [ns3] | loss: 3.687199 | lrm: 1.00 | dt: 1722.25ms | tok/s: 304,421 | mfu: 34.75 | epoch: 1 | eta: 51.8m
step 00391/02205 (17.73%) [ns3] | loss: 3.680968 | lrm: 1.00 | dt: 1716.00ms | tok/s: 305,529 | mfu: 34.88 | epoch: 1 | eta: 51.8m
step 00392/02205 (17.78%) [ns3] | loss: 3.670191 | lrm: 1.00 | dt: 1715.49ms | tok/s: 305,620 | mfu: 34.89 | epoch: 1 | eta: 51.7m
step 00393/02205 (17.82%) [ns3] | loss: 3.665767 | lrm: 1.00 | dt: 1719.30ms | tok/s: 304,942 | mfu: 34.81 | epoch: 1 | eta: 51.7m
step 00394/02205 (17.87%) [ns3] | loss: 3.661296 | lrm: 1.00 | dt: 1713.64ms | tok/s: 305,950 | mfu: 34.92 | epoch: 1 | eta: 51.7m
step 00395/02205 (17.91%) [ns3] | loss: 3.656224 | lrm: 1.00 | dt: 1711.01ms | tok/s: 306,420 | mfu: 34.98 | epoch: 1 | eta: 51.7m
step 00396/02205 (17.96%) [ns3] | loss: 3.660900 | lrm: 1.00 | dt: 1713.79ms | tok/s: 305,923 | mfu: 34.92 | epoch: 1 | eta: 51.6m
step 00397/02205 (18.00%) [ns3] | loss: 3.661197 | lrm: 1.00 | dt: 1712.70ms | tok/s: 306,118 | mfu: 34.94 | epoch: 1 | eta: 51.6m
step 00398/02205 (18.05%) [ns3] | loss: 3.659373 | lrm: 1.00 | dt: 1713.52ms | tok/s: 305,971 | mfu: 34.93 | epoch: 1 | eta: 51.6m
step 00399/02205 (18.10%) [ns3] | loss: 3.663103 | lrm: 1.00 | dt: 1714.38ms | tok/s: 305,818 | mfu: 34.91 | epoch: 1 | eta: 51.5m
step 00400/02205 (18.14%) [ns3] | loss: 3.657902 | lrm: 1.00 | dt: 1720.24ms | tok/s: 304,776 | mfu: 34.79 | epoch: 1 | eta: 51.5m
step 00401/02205 (18.19%) [ns3] | loss: 3.660116 | lrm: 1.00 | dt: 1714.20ms | tok/s: 305,849 | mfu: 34.91 | epoch: 1 | eta: 51.5m
step 00402/02205 (18.23%) [ns3] | loss: 3.661814 | lrm: 1.00 | dt: 1721.36ms | tok/s: 304,576 | mfu: 34.77 | epoch: 1 | eta: 51.5m
step 00403/02205 (18.28%) [ns3] | loss: 3.660023 | lrm: 1.00 | dt: 1718.20ms | tok/s: 305,138 | mfu: 34.83 | epoch: 1 | eta: 51.4m
step 00404/02205 (18.32%) [ns3] | loss: 3.656324 | lrm: 1.00 | dt: 1715.53ms | tok/s: 305,612 | mfu: 34.89 | epoch: 1 | eta: 51.4m
step 00405/02205 (18.37%) [ns3] | loss: 3.652618 | lrm: 1.00 | dt: 1716.33ms | tok/s: 305,470 | mfu: 34.87 | epoch: 1 | eta: 51.4m
step 00406/02205 (18.41%) [ns3] | loss: 3.646786 | lrm: 1.00 | dt: 1712.76ms | tok/s: 306,107 | mfu: 34.94 | epoch: 1 | eta: 51.3m
step 00407/02205 (18.46%) [ns3] | loss: 3.650268 | lrm: 1.00 | dt: 1716.94ms | tok/s: 305,361 | mfu: 34.86 | epoch: 1 | eta: 51.3m
step 00408/02205 (18.50%) [ns3] | loss: 3.656178 | lrm: 1.00 | dt: 1715.92ms | tok/s: 305,543 | mfu: 34.88 | epoch: 1 | eta: 51.3m
step 00409/02205 (18.55%) [ns3] | loss: 3.660541 | lrm: 1.00 | dt: 1717.80ms | tok/s: 305,208 | mfu: 34.84 | epoch: 1 | eta: 51.3m
step 00410/02205 (18.59%) [ns3] | loss: 3.659131 | lrm: 1.00 | dt: 1724.27ms | tok/s: 304,063 | mfu: 34.71 | epoch: 1 | eta: 51.2m
step 00411/02205 (18.64%) [ns3] | loss: 3.662760 | lrm: 1.00 | dt: 1717.46ms | tok/s: 305,269 | mfu: 34.85 | epoch: 1 | eta: 51.2m
step 00412/02205 (18.68%) [ns3] | loss: 3.659229 | lrm: 1.00 | dt: 1714.09ms | tok/s: 305,869 | mfu: 34.92 | epoch: 1 | eta: 51.2m
step 00413/02205 (18.73%) [ns3] | loss: 3.662230 | lrm: 1.00 | dt: 1719.94ms | tok/s: 304,829 | mfu: 34.80 | epoch: 1 | eta: 51.1m
step 00414/02205 (18.78%) [ns3] | loss: 3.667513 | lrm: 1.00 | dt: 1713.82ms | tok/s: 305,917 | mfu: 34.92 | epoch: 1 | eta: 51.1m
step 00415/02205 (18.82%) [ns3] | loss: 3.669800 | lrm: 1.00 | dt: 1716.81ms | tok/s: 305,384 | mfu: 34.86 | epoch: 1 | eta: 51.1m
step 00416/02205 (18.87%) [ns3] | loss: 3.667873 | lrm: 1.00 | dt: 1715.39ms | tok/s: 305,637 | mfu: 34.89 | epoch: 1 | eta: 51.1m
step 00417/02205 (18.91%) [ns3] | loss: 3.659423 | lrm: 1.00 | dt: 1717.06ms | tok/s: 305,341 | mfu: 34.86 | epoch: 1 | eta: 51.0m
step 00418/02205 (18.96%) [ns3] | loss: 3.659983 | lrm: 1.00 | dt: 1717.48ms | tok/s: 305,265 | mfu: 34.85 | epoch: 1 | eta: 51.0m
step 00419/02205 (19.00%) [ns3] | loss: 3.656497 | lrm: 1.00 | dt: 1716.12ms | tok/s: 305,507 | mfu: 34.87 | epoch: 1 | eta: 51.0m
step 00420/02205 (19.05%) [ns3] | loss: 3.668418 | lrm: 1.00 | dt: 1710.20ms | tok/s: 306,565 | mfu: 34.99 | epoch: 1 | eta: 50.9m
step 00421/02205 (19.09%) [ns3] | loss: 3.663990 | lrm: 1.00 | dt: 1715.55ms | tok/s: 305,609 | mfu: 34.89 | epoch: 1 | eta: 50.9m
step 00422/02205 (19.14%) [ns3] | loss: 3.673569 | lrm: 1.00 | dt: 1713.41ms | tok/s: 305,991 | mfu: 34.93 | epoch: 1 | eta: 50.9m
step 00423/02205 (19.18%) [ns3] | loss: 3.682988 | lrm: 1.00 | dt: 1713.12ms | tok/s: 306,043 | mfu: 34.94 | epoch: 1 | eta: 50.9m
step 00424/02205 (19.23%) [ns3] | loss: 3.682164 | lrm: 1.00 | dt: 1716.20ms | tok/s: 305,494 | mfu: 34.87 | epoch: 1 | eta: 50.8m
step 00425/02205 (19.27%) [ns3] | loss: 3.672793 | lrm: 1.00 | dt: 1725.79ms | tok/s: 303,796 | mfu: 34.68 | epoch: 1 | eta: 50.8m
step 00426/02205 (19.32%) [ns3] | loss: 3.665254 | lrm: 1.00 | dt: 1714.43ms | tok/s: 305,808 | mfu: 34.91 | epoch: 1 | eta: 50.8m
step 00427/02205 (19.37%) [ns3] | loss: 3.656952 | lrm: 1.00 | dt: 1714.32ms | tok/s: 305,828 | mfu: 34.91 | epoch: 1 | eta: 50.7m
step 00428/02205 (19.41%) [ns3] | loss: 3.660365 | lrm: 1.00 | dt: 1712.75ms | tok/s: 306,109 | mfu: 34.94 | epoch: 1 | eta: 50.7m
step 00429/02205 (19.46%) [ns3] | loss: 3.654905 | lrm: 1.00 | dt: 1717.24ms | tok/s: 305,309 | mfu: 34.85 | epoch: 1 | eta: 50.7m
step 00430/02205 (19.50%) [ns3] | loss: 3.653978 | lrm: 1.00 | dt: 1709.74ms | tok/s: 306,647 | mfu: 35.00 | epoch: 1 | eta: 50.7m
step 00431/02205 (19.55%) [ns3] | loss: 3.652639 | lrm: 1.00 | dt: 1716.52ms | tok/s: 305,436 | mfu: 34.87 | epoch: 1 | eta: 50.6m
step 00432/02205 (19.59%) [ns3] | loss: 3.646828 | lrm: 1.00 | dt: 1713.69ms | tok/s: 305,941 | mfu: 34.92 | epoch: 1 | eta: 50.6m
step 00433/02205 (19.64%) [ns3] | loss: 3.646528 | lrm: 1.00 | dt: 1716.35ms | tok/s: 305,466 | mfu: 34.87 | epoch: 1 | eta: 50.6m
step 00434/02205 (19.68%) [ns3] | loss: 3.650177 | lrm: 1.00 | dt: 1715.29ms | tok/s: 305,656 | mfu: 34.89 | epoch: 1 | eta: 50.5m
step 00435/02205 (19.73%) [ns3] | loss: 3.655654 | lrm: 1.00 | dt: 1716.79ms | tok/s: 305,388 | mfu: 34.86 | epoch: 1 | eta: 50.5m
step 00436/02205 (19.77%) [ns3] | loss: 3.661364 | lrm: 1.00 | dt: 1721.37ms | tok/s: 304,576 | mfu: 34.77 | epoch: 1 | eta: 50.5m
step 00437/02205 (19.82%) [ns3] | loss: 3.657146 | lrm: 1.00 | dt: 1716.77ms | tok/s: 305,391 | mfu: 34.86 | epoch: 1 | eta: 50.5m
step 00438/02205 (19.86%) [ns3] | loss: 3.660554 | lrm: 1.00 | dt: 1717.45ms | tok/s: 305,271 | mfu: 34.85 | epoch: 1 | eta: 50.4m
step 00439/02205 (19.91%) [ns3] | loss: 3.655174 | lrm: 1.00 | dt: 1718.82ms | tok/s: 305,028 | mfu: 34.82 | epoch: 1 | eta: 50.4m
step 00440/02205 (19.95%) [ns3] | loss: 3.653893 | lrm: 1.00 | dt: 1715.75ms | tok/s: 305,574 | mfu: 34.88 | epoch: 1 | eta: 50.4m
step 00441/02205 (20.00%) [ns3] | loss: 3.643673 | lrm: 1.00 | dt: 1714.74ms | tok/s: 305,753 | mfu: 34.90 | epoch: 1 | eta: 50.4m
step 00442/02205 (20.05%) [ns3] | loss: 3.646192 | lrm: 1.00 | dt: 1712.77ms | tok/s: 306,105 | mfu: 34.94 | epoch: 1 | eta: 50.3m
step 00443/02205 (20.09%) [ns3] | loss: 3.644440 | lrm: 1.00 | dt: 1722.81ms | tok/s: 304,322 | mfu: 34.74 | epoch: 1 | eta: 50.3m
step 00444/02205 (20.14%) [ns3] | loss: 3.641746 | lrm: 1.00 | dt: 1716.42ms | tok/s: 305,453 | mfu: 34.87 | epoch: 1 | eta: 50.3m
step 00445/02205 (20.18%) [ns3] | loss: 3.635247 | lrm: 1.00 | dt: 1713.26ms | tok/s: 306,017 | mfu: 34.93 | epoch: 1 | eta: 50.2m
step 00446/02205 (20.23%) [ns3] | loss: 3.630931 | lrm: 1.00 | dt: 1718.58ms | tok/s: 305,069 | mfu: 34.82 | epoch: 1 | eta: 50.2m
step 00447/02205 (20.27%) [ns3] | loss: 3.622489 | lrm: 1.00 | dt: 1716.98ms | tok/s: 305,354 | mfu: 34.86 | epoch: 1 | eta: 50.2m
step 00448/02205 (20.32%) [ns3] | loss: 3.626368 | lrm: 1.00 | dt: 1713.38ms | tok/s: 305,996 | mfu: 34.93 | epoch: 1 | eta: 50.2m
step 00449/02205 (20.36%) [ns3] | loss: 3.626671 | lrm: 1.00 | dt: 1714.11ms | tok/s: 305,865 | mfu: 34.91 | epoch: 1 | eta: 50.1m
step 00450/02205 (20.41%) [ns3] | loss: 3.638364 | lrm: 1.00 | dt: 1714.02ms | tok/s: 305,882 | mfu: 34.92 | epoch: 1 | eta: 50.1m
step 00451/02205 (20.45%) [ns3] | loss: 3.633861 | lrm: 1.00 | dt: 1710.89ms | tok/s: 306,440 | mfu: 34.98 | epoch: 1 | eta: 50.1m
step 00452/02205 (20.50%) [ns3] | loss: 3.638332 | lrm: 1.00 | dt: 1712.36ms | tok/s: 306,177 | mfu: 34.95 | epoch: 1 | eta: 50.0m
step 00453/02205 (20.54%) [ns3] | loss: 3.640295 | lrm: 1.00 | dt: 1719.14ms | tok/s: 304,970 | mfu: 34.81 | epoch: 1 | eta: 50.0m
step 00454/02205 (20.59%) [ns3] | loss: 3.629659 | lrm: 1.00 | dt: 1712.31ms | tok/s: 306,187 | mfu: 34.95 | epoch: 1 | eta: 50.0m
step 00455/02205 (20.63%) [ns3] | loss: 3.637910 | lrm: 1.00 | dt: 1716.48ms | tok/s: 305,444 | mfu: 34.87 | epoch: 1 | eta: 50.0m
step 00456/02205 (20.68%) [ns3] | loss: 3.645537 | lrm: 1.00 | dt: 1714.86ms | tok/s: 305,732 | mfu: 34.90 | epoch: 1 | eta: 49.9m
step 00457/02205 (20.73%) [ns3] | loss: 3.637699 | lrm: 1.00 | dt: 1722.08ms | tok/s: 304,449 | mfu: 34.75 | epoch: 1 | eta: 49.9m
step 00458/02205 (20.77%) [ns3] | loss: 3.643604 | lrm: 1.00 | dt: 1712.62ms | tok/s: 306,132 | mfu: 34.95 | epoch: 1 | eta: 49.9m
step 00459/02205 (20.82%) [ns3] | loss: 3.650412 | lrm: 1.00 | dt: 1712.64ms | tok/s: 306,128 | mfu: 34.94 | epoch: 1 | eta: 49.8m
step 00460/02205 (20.86%) [ns3] | loss: 3.646080 | lrm: 1.00 | dt: 1709.65ms | tok/s: 306,663 | mfu: 35.01 | epoch: 1 | eta: 49.8m
step 00461/02205 (20.91%) [ns3] | loss: 3.644813 | lrm: 1.00 | dt: 1715.73ms | tok/s: 305,576 | mfu: 34.88 | epoch: 1 | eta: 49.8m
step 00462/02205 (20.95%) [ns3] | loss: 3.642008 | lrm: 1.00 | dt: 1714.56ms | tok/s: 305,785 | mfu: 34.91 | epoch: 1 | eta: 49.8m
step 00463/02205 (21.00%) [ns3] | loss: 3.632430 | lrm: 1.00 | dt: 1713.24ms | tok/s: 306,021 | mfu: 34.93 | epoch: 1 | eta: 49.7m
step 00464/02205 (21.04%) [ns3] | loss: 3.635697 | lrm: 1.00 | dt: 1714.03ms | tok/s: 305,880 | mfu: 34.92 | epoch: 1 | eta: 49.7m
step 00465/02205 (21.09%) [ns3] | loss: 3.627924 | lrm: 1.00 | dt: 1713.52ms | tok/s: 305,971 | mfu: 34.93 | epoch: 1 | eta: 49.7m
step 00466/02205 (21.13%) [ns3] | loss: 3.633549 | lrm: 1.00 | dt: 1718.73ms | tok/s: 305,043 | mfu: 34.82 | epoch: 1 | eta: 49.6m
step 00467/02205 (21.18%) [ns3] | loss: 3.641888 | lrm: 1.00 | dt: 1710.56ms | tok/s: 306,500 | mfu: 34.99 | epoch: 1 | eta: 49.6m
step 00468/02205 (21.22%) [ns3] | loss: 3.644376 | lrm: 1.00 | dt: 1716.27ms | tok/s: 305,480 | mfu: 34.87 | epoch: 1 | eta: 49.6m
step 00469/02205 (21.27%) [ns3] | loss: 3.642325 | lrm: 1.00 | dt: 1710.76ms | tok/s: 306,465 | mfu: 34.98 | epoch: 1 | eta: 49.6m
step 00470/02205 (21.32%) [ns3] | loss: 3.637481 | lrm: 1.00 | dt: 1718.12ms | tok/s: 305,151 | mfu: 34.83 | epoch: 1 | eta: 49.5m
step 00471/02205 (21.36%) [ns3] | loss: 3.640880 | lrm: 1.00 | dt: 1712.97ms | tok/s: 306,070 | mfu: 34.94 | epoch: 1 | eta: 49.5m
step 00472/02205 (21.41%) [ns3] | loss: 3.645696 | lrm: 1.00 | dt: 1712.78ms | tok/s: 306,103 | mfu: 34.94 | epoch: 1 | eta: 49.5m
step 00473/02205 (21.45%) [ns3] | loss: 3.633518 | lrm: 1.00 | dt: 1716.09ms | tok/s: 305,512 | mfu: 34.87 | epoch: 1 | eta: 49.4m
step 00474/02205 (21.50%) [ns3] | loss: 3.635184 | lrm: 1.00 | dt: 1717.93ms | tok/s: 305,186 | mfu: 34.84 | epoch: 1 | eta: 49.4m
step 00475/02205 (21.54%) [ns3] | loss: 3.625926 | lrm: 1.00 | dt: 1709.62ms | tok/s: 306,668 | mfu: 35.01 | epoch: 1 | eta: 49.4m
step 00476/02205 (21.59%) [ns3] | loss: 3.624970 | lrm: 1.00 | dt: 1714.87ms | tok/s: 305,731 | mfu: 34.90 | epoch: 1 | eta: 49.4m
step 00477/02205 (21.63%) [ns3] | loss: 3.629177 | lrm: 1.00 | dt: 1714.30ms | tok/s: 305,831 | mfu: 34.91 | epoch: 1 | eta: 49.3m
step 00478/02205 (21.68%) [ns3] | loss: 3.627966 | lrm: 1.00 | dt: 1707.99ms | tok/s: 306,961 | mfu: 35.04 | epoch: 1 | eta: 49.3m
step 00479/02205 (21.72%) [ns3] | loss: 3.626143 | lrm: 1.00 | dt: 1719.96ms | tok/s: 304,825 | mfu: 34.80 | epoch: 1 | eta: 49.3m
step 00480/02205 (21.77%) [ns3] | loss: 3.628768 | lrm: 1.00 | dt: 1715.49ms | tok/s: 305,619 | mfu: 34.89 | epoch: 1 | eta: 49.2m
step 00481/02205 (21.81%) [ns3] | loss: 3.624483 | lrm: 1.00 | dt: 1713.38ms | tok/s: 305,995 | mfu: 34.93 | epoch: 1 | eta: 49.2m
step 00482/02205 (21.86%) [ns3] | loss: 3.620932 | lrm: 1.00 | dt: 1717.05ms | tok/s: 305,342 | mfu: 34.86 | epoch: 1 | eta: 49.2m
step 00483/02205 (21.90%) [ns3] | loss: 3.618242 | lrm: 1.00 | dt: 1716.49ms | tok/s: 305,442 | mfu: 34.87 | epoch: 1 | eta: 49.2m
step 00484/02205 (21.95%) [ns3] | loss: 3.618002 | lrm: 1.00 | dt: 1716.90ms | tok/s: 305,369 | mfu: 34.86 | epoch: 1 | eta: 49.1m
step 00485/02205 (22.00%) [ns3] | loss: 3.615838 | lrm: 1.00 | dt: 1709.10ms | tok/s: 306,762 | mfu: 35.02 | epoch: 1 | eta: 49.1m
step 00486/02205 (22.04%) [ns3] | loss: 3.615456 | lrm: 1.00 | dt: 1719.19ms | tok/s: 304,961 | mfu: 34.81 | epoch: 1 | eta: 49.1m
step 00487/02205 (22.09%) [ns3] | loss: 3.612780 | lrm: 1.00 | dt: 1712.30ms | tok/s: 306,189 | mfu: 34.95 | epoch: 1 | eta: 49.0m
step 00488/02205 (22.13%) [ns3] | loss: 3.614472 | lrm: 1.00 | dt: 1714.82ms | tok/s: 305,739 | mfu: 34.90 | epoch: 1 | eta: 49.0m
step 00489/02205 (22.18%) [ns3] | loss: 3.618993 | lrm: 1.00 | dt: 1715.80ms | tok/s: 305,565 | mfu: 34.88 | epoch: 1 | eta: 49.0m
step 00490/02205 (22.22%) [ns3] | loss: 3.614152 | lrm: 1.00 | dt: 1715.96ms | tok/s: 305,536 | mfu: 34.88 | epoch: 1 | eta: 49.0m
step 00491/02205 (22.27%) [ns3] | loss: 3.608398 | lrm: 1.00 | dt: 1712.05ms | tok/s: 306,233 | mfu: 34.96 | epoch: 1 | eta: 48.9m
step 00492/02205 (22.31%) [ns3] | loss: 3.608155 | lrm: 1.00 | dt: 1717.80ms | tok/s: 305,209 | mfu: 34.84 | epoch: 1 | eta: 48.9m
step 00493/02205 (22.36%) [ns3] | loss: 3.596332 | lrm: 1.00 | dt: 1712.54ms | tok/s: 306,146 | mfu: 34.95 | epoch: 1 | eta: 48.9m
step 00494/02205 (22.40%) [ns3] | loss: 3.589354 | lrm: 1.00 | dt: 1714.71ms | tok/s: 305,758 | mfu: 34.90 | epoch: 1 | eta: 48.8m
step 00495/02205 (22.45%) [ns3] | loss: 3.581666 | lrm: 1.00 | dt: 1715.62ms | tok/s: 305,597 | mfu: 34.88 | epoch: 1 | eta: 48.8m
step 00496/02205 (22.49%) [ns3] | loss: 3.578729 | lrm: 1.00 | dt: 1715.65ms | tok/s: 305,591 | mfu: 34.88 | epoch: 1 | eta: 48.8m
step 00497/02205 (22.54%) [ns3] | loss: 3.582487 | lrm: 1.00 | dt: 1721.12ms | tok/s: 304,619 | mfu: 34.77 | epoch: 1 | eta: 48.8m
step 00498/02205 (22.59%) [ns3] | loss: 3.576011 | lrm: 1.00 | dt: 1712.82ms | tok/s: 306,096 | mfu: 34.94 | epoch: 1 | eta: 48.7m
step 00499/02205 (22.63%) [ns3] | loss: 3.583637 | lrm: 1.00 | dt: 1717.17ms | tok/s: 305,321 | mfu: 34.85 | epoch: 1 | eta: 48.7m
Step 00500 | val bpb: 1.049216
step 00500/02205 (22.68%) [ns3] | loss: 3.579512 | lrm: 1.00 | dt: 1683.58ms | tok/s: 311,411 | mfu: 35.55 | epoch: 1 | eta: 48.7m
step 00501/02205 (22.72%) [ns3] | loss: 3.589003 | lrm: 1.00 | dt: 1709.80ms | tok/s: 306,637 | mfu: 35.00 | epoch: 1 | eta: 48.6m
step 00502/02205 (22.77%) [ns3] | loss: 3.591951 | lrm: 1.00 | dt: 1706.05ms | tok/s: 307,311 | mfu: 35.08 | epoch: 1 | eta: 48.6m
step 00503/02205 (22.81%) [ns3] | loss: 3.594835 | lrm: 1.00 | dt: 1706.96ms | tok/s: 307,146 | mfu: 35.06 | epoch: 1 | eta: 48.6m
step 00504/02205 (22.86%) [ns3] | loss: 3.596102 | lrm: 1.00 | dt: 1700.07ms | tok/s: 308,391 | mfu: 35.20 | epoch: 1 | eta: 48.6m
step 00505/02205 (22.90%) [ns3] | loss: 3.582019 | lrm: 1.00 | dt: 1711.00ms | tok/s: 306,421 | mfu: 34.98 | epoch: 1 | eta: 48.5m
step 00506/02205 (22.95%) [ns3] | loss: 3.579958 | lrm: 1.00 | dt: 1704.04ms | tok/s: 307,673 | mfu: 35.12 | epoch: 1 | eta: 48.5m
step 00507/02205 (22.99%) [ns3] | loss: 3.587980 | lrm: 1.00 | dt: 1706.45ms | tok/s: 307,239 | mfu: 35.07 | epoch: 1 | eta: 48.5m
step 00508/02205 (23.04%) [ns3] | loss: 3.586583 | lrm: 1.00 | dt: 1710.03ms | tok/s: 306,595 | mfu: 35.00 | epoch: 1 | eta: 48.4m
step 00509/02205 (23.08%) [ns3] | loss: 3.588896 | lrm: 1.00 | dt: 1708.39ms | tok/s: 306,890 | mfu: 35.03 | epoch: 1 | eta: 48.4m
step 00510/02205 (23.13%) [ns3] | loss: 3.577720 | lrm: 1.00 | dt: 1702.36ms | tok/s: 307,977 | mfu: 35.16 | epoch: 1 | eta: 48.4m
step 00511/02205 (23.17%) [ns3] | loss: 3.587559 | lrm: 1.00 | dt: 1705.57ms | tok/s: 307,397 | mfu: 35.09 | epoch: 1 | eta: 48.4m
step 00512/02205 (23.22%) [ns3] | loss: 3.588769 | lrm: 1.00 | dt: 1709.77ms | tok/s: 306,642 | mfu: 35.00 | epoch: 1 | eta: 48.3m
step 00513/02205 (23.27%) [ns3] | loss: 3.593778 | lrm: 1.00 | dt: 1709.92ms | tok/s: 306,614 | mfu: 35.00 | epoch: 1 | eta: 48.3m
step 00514/02205 (23.31%) [ns3] | loss: 3.588963 | lrm: 1.00 | dt: 1706.74ms | tok/s: 307,187 | mfu: 35.07 | epoch: 1 | eta: 48.3m
step 00515/02205 (23.36%) [ns3] | loss: 3.582397 | lrm: 1.00 | dt: 1710.47ms | tok/s: 306,516 | mfu: 34.99 | epoch: 1 | eta: 48.2m
step 00516/02205 (23.40%) [ns3] | loss: 3.580158 | lrm: 1.00 | dt: 1711.53ms | tok/s: 306,327 | mfu: 34.97 | epoch: 1 | eta: 48.2m
step 00517/02205 (23.45%) [ns3] | loss: 3.570679 | lrm: 1.00 | dt: 1711.07ms | tok/s: 306,408 | mfu: 34.98 | epoch: 1 | eta: 48.2m
step 00518/02205 (23.49%) [ns3] | loss: 3.564415 | lrm: 1.00 | dt: 1708.80ms | tok/s: 306,815 | mfu: 35.02 | epoch: 1 | eta: 48.2m
step 00519/02205 (23.54%) [ns3] | loss: 3.555581 | lrm: 1.00 | dt: 1709.83ms | tok/s: 306,631 | mfu: 35.00 | epoch: 1 | eta: 48.1m
step 00520/02205 (23.58%) [ns3] | loss: 3.552403 | lrm: 1.00 | dt: 1709.90ms | tok/s: 306,619 | mfu: 35.00 | epoch: 1 | eta: 48.1m
step 00521/02205 (23.63%) [ns3] | loss: 3.555709 | lrm: 1.00 | dt: 1711.29ms | tok/s: 306,369 | mfu: 34.97 | epoch: 1 | eta: 48.1m
step 00522/02205 (23.67%) [ns3] | loss: 3.559770 | lrm: 1.00 | dt: 1709.88ms | tok/s: 306,622 | mfu: 35.00 | epoch: 1 | eta: 48.0m
step 00523/02205 (23.72%) [ns3] | loss: 3.571041 | lrm: 1.00 | dt: 1712.06ms | tok/s: 306,231 | mfu: 34.96 | epoch: 1 | eta: 48.0m
step 00524/02205 (23.76%) [ns3] | loss: 3.571953 | lrm: 1.00 | dt: 1711.69ms | tok/s: 306,298 | mfu: 34.96 | epoch: 1 | eta: 48.0m
step 00525/02205 (23.81%) [ns3] | loss: 3.570548 | lrm: 1.00 | dt: 1714.82ms | tok/s: 305,738 | mfu: 34.90 | epoch: 1 | eta: 48.0m
step 00526/02205 (23.85%) [ns3] | loss: 3.565343 | lrm: 1.00 | dt: 1709.68ms | tok/s: 306,657 | mfu: 35.01 | epoch: 1 | eta: 47.9m
step 00527/02205 (23.90%) [ns3] | loss: 3.570429 | lrm: 1.00 | dt: 1711.37ms | tok/s: 306,356 | mfu: 34.97 | epoch: 1 | eta: 47.9m
step 00528/02205 (23.95%) [ns3] | loss: 3.577242 | lrm: 1.00 | dt: 1716.83ms | tok/s: 305,381 | mfu: 34.86 | epoch: 1 | eta: 47.9m
step 00529/02205 (23.99%) [ns3] | loss: 3.567402 | lrm: 1.00 | dt: 1713.39ms | tok/s: 305,994 | mfu: 34.93 | epoch: 1 | eta: 47.8m
step 00530/02205 (24.04%) [ns3] | loss: 3.571826 | lrm: 1.00 | dt: 1709.74ms | tok/s: 306,647 | mfu: 35.00 | epoch: 1 | eta: 47.8m
step 00531/02205 (24.08%) [ns3] | loss: 3.563682 | lrm: 1.00 | dt: 1721.40ms | tok/s: 304,570 | mfu: 34.77 | epoch: 1 | eta: 47.8m
step 00532/02205 (24.13%) [ns3] | loss: 3.566512 | lrm: 1.00 | dt: 1714.55ms | tok/s: 305,787 | mfu: 34.91 | epoch: 1 | eta: 47.8m
step 00533/02205 (24.17%) [ns3] | loss: 3.559883 | lrm: 1.00 | dt: 1716.12ms | tok/s: 305,507 | mfu: 34.87 | epoch: 1 | eta: 47.7m
step 00534/02205 (24.22%) [ns3] | loss: 3.560827 | lrm: 1.00 | dt: 1719.51ms | tok/s: 304,905 | mfu: 34.81 | epoch: 1 | eta: 47.7m
step 00535/02205 (24.26%) [ns3] | loss: 3.560155 | lrm: 1.00 | dt: 1715.59ms | tok/s: 305,602 | mfu: 34.88 | epoch: 1 | eta: 47.7m
step 00536/02205 (24.31%) [ns3] | loss: 3.566642 | lrm: 1.00 | dt: 1706.97ms | tok/s: 307,145 | mfu: 35.06 | epoch: 1 | eta: 47.6m
step 00537/02205 (24.35%) [ns3] | loss: 3.571128 | lrm: 1.00 | dt: 1718.88ms | tok/s: 305,016 | mfu: 34.82 | epoch: 1 | eta: 47.6m
step 00538/02205 (24.40%) [ns3] | loss: 3.568153 | lrm: 1.00 | dt: 1709.30ms | tok/s: 306,726 | mfu: 35.01 | epoch: 1 | eta: 47.6m
step 00539/02205 (24.44%) [ns3] | loss: 3.562660 | lrm: 1.00 | dt: 1712.50ms | tok/s: 306,153 | mfu: 34.95 | epoch: 1 | eta: 47.6m
step 00540/02205 (24.49%) [ns3] | loss: 3.556357 | lrm: 1.00 | dt: 1712.87ms | tok/s: 306,087 | mfu: 34.94 | epoch: 1 | eta: 47.5m
step 00541/02205 (24.54%) [ns3] | loss: 3.568906 | lrm: 1.00 | dt: 1709.72ms | tok/s: 306,650 | mfu: 35.00 | epoch: 1 | eta: 47.5m
step 00542/02205 (24.58%) [ns3] | loss: 3.570304 | lrm: 1.00 | dt: 1710.01ms | tok/s: 306,598 | mfu: 35.00 | epoch: 1 | eta: 47.5m
step 00543/02205 (24.63%) [ns3] | loss: 3.564756 | lrm: 1.00 | dt: 1709.20ms | tok/s: 306,745 | mfu: 35.02 | epoch: 1 | eta: 47.4m
step 00544/02205 (24.67%) [ns3] | loss: 3.561003 | lrm: 1.00 | dt: 1716.65ms | tok/s: 305,414 | mfu: 34.86 | epoch: 1 | eta: 47.4m
step 00545/02205 (24.72%) [ns3] | loss: 3.555558 | lrm: 1.00 | dt: 1709.32ms | tok/s: 306,723 | mfu: 35.01 | epoch: 1 | eta: 47.4m
step 00546/02205 (24.76%) [ns3] | loss: 3.560594 | lrm: 1.00 | dt: 1714.20ms | tok/s: 305,849 | mfu: 34.91 | epoch: 1 | eta: 47.4m
step 00547/02205 (24.81%) [ns3] | loss: 3.551830 | lrm: 1.00 | dt: 1711.90ms | tok/s: 306,261 | mfu: 34.96 | epoch: 1 | eta: 47.3m
step 00548/02205 (24.85%) [ns3] | loss: 3.548132 | lrm: 1.00 | dt: 1708.58ms | tok/s: 306,856 | mfu: 35.03 | epoch: 1 | eta: 47.3m
step 00549/02205 (24.90%) [ns3] | loss: 3.546915 | lrm: 1.00 | dt: 1716.32ms | tok/s: 305,472 | mfu: 34.87 | epoch: 1 | eta: 47.3m
step 00550/02205 (24.94%) [ns3] | loss: 3.544289 | lrm: 1.00 | dt: 1716.48ms | tok/s: 305,443 | mfu: 34.87 | epoch: 1 | eta: 47.2m
step 00551/02205 (24.99%) [ns3] | loss: 3.544344 | lrm: 1.00 | dt: 1714.23ms | tok/s: 305,844 | mfu: 34.91 | epoch: 1 | eta: 47.2m
step 00552/02205 (25.03%) [ns3] | loss: 3.541331 | lrm: 1.00 | dt: 1710.50ms | tok/s: 306,511 | mfu: 34.99 | epoch: 1 | eta: 47.2m
step 00553/02205 (25.08%) [ns3] | loss: 3.544688 | lrm: 1.00 | dt: 1717.23ms | tok/s: 305,310 | mfu: 34.85 | epoch: 1 | eta: 47.2m
step 00554/02205 (25.12%) [ns3] | loss: 3.545550 | lrm: 1.00 | dt: 1721.80ms | tok/s: 304,499 | mfu: 34.76 | epoch: 1 | eta: 47.1m
step 00555/02205 (25.17%) [ns3] | loss: 3.536301 | lrm: 1.00 | dt: 1710.09ms | tok/s: 306,584 | mfu: 35.00 | epoch: 1 | eta: 47.1m
step 00556/02205 (25.22%) [ns3] | loss: 3.534247 | lrm: 1.00 | dt: 1717.63ms | tok/s: 305,239 | mfu: 34.84 | epoch: 1 | eta: 47.1m
step 00557/02205 (25.26%) [ns3] | loss: 3.540555 | lrm: 1.00 | dt: 1712.02ms | tok/s: 306,239 | mfu: 34.96 | epoch: 1 | eta: 47.0m
step 00558/02205 (25.31%) [ns3] | loss: 3.542994 | lrm: 1.00 | dt: 1712.15ms | tok/s: 306,216 | mfu: 34.96 | epoch: 1 | eta: 47.0m
step 00559/02205 (25.35%) [ns3] | loss: 3.532271 | lrm: 1.00 | dt: 1718.00ms | tok/s: 305,173 | mfu: 34.84 | epoch: 1 | eta: 47.0m
step 00560/02205 (25.40%) [ns3] | loss: 3.533765 | lrm: 1.00 | dt: 1715.75ms | tok/s: 305,572 | mfu: 34.88 | epoch: 1 | eta: 47.0m
step 00561/02205 (25.44%) [ns3] | loss: 3.539949 | lrm: 1.00 | dt: 1712.98ms | tok/s: 306,067 | mfu: 34.94 | epoch: 1 | eta: 46.9m
step 00562/02205 (25.49%) [ns3] | loss: 3.536546 | lrm: 1.00 | dt: 1713.65ms | tok/s: 305,947 | mfu: 34.92 | epoch: 1 | eta: 46.9m
step 00563/02205 (25.53%) [ns3] | loss: 3.529693 | lrm: 1.00 | dt: 1721.23ms | tok/s: 304,600 | mfu: 34.77 | epoch: 1 | eta: 46.9m
step 00564/02205 (25.58%) [ns3] | loss: 3.521596 | lrm: 1.00 | dt: 1708.91ms | tok/s: 306,796 | mfu: 35.02 | epoch: 1 | eta: 46.8m
step 00565/02205 (25.62%) [ns3] | loss: 3.521679 | lrm: 1.00 | dt: 1721.44ms | tok/s: 304,563 | mfu: 34.77 | epoch: 1 | eta: 46.8m
step 00566/02205 (25.67%) [ns3] | loss: 3.529633 | lrm: 1.00 | dt: 1707.10ms | tok/s: 307,121 | mfu: 35.06 | epoch: 1 | eta: 46.8m
step 00567/02205 (25.71%) [ns3] | loss: 3.528596 | lrm: 1.00 | dt: 1713.84ms | tok/s: 305,914 | mfu: 34.92 | epoch: 1 | eta: 46.8m
step 00568/02205 (25.76%) [ns3] | loss: 3.530704 | lrm: 1.00 | dt: 1716.14ms | tok/s: 305,504 | mfu: 34.87 | epoch: 1 | eta: 46.7m
step 00569/02205 (25.80%) [ns3] | loss: 3.527204 | lrm: 1.00 | dt: 1716.72ms | tok/s: 305,400 | mfu: 34.86 | epoch: 1 | eta: 46.7m
step 00570/02205 (25.85%) [ns3] | loss: 3.535413 | lrm: 1.00 | dt: 1709.11ms | tok/s: 306,760 | mfu: 35.02 | epoch: 1 | eta: 46.7m
step 00571/02205 (25.90%) [ns3] | loss: 3.544172 | lrm: 1.00 | dt: 1714.40ms | tok/s: 305,813 | mfu: 34.91 | epoch: 1 | eta: 46.6m
step 00572/02205 (25.94%) [ns3] | loss: 3.545111 | lrm: 1.00 | dt: 1715.57ms | tok/s: 305,605 | mfu: 34.89 | epoch: 1 | eta: 46.6m
step 00573/02205 (25.99%) [ns3] | loss: 3.542190 | lrm: 1.00 | dt: 1716.74ms | tok/s: 305,396 | mfu: 34.86 | epoch: 1 | eta: 46.6m
step 00574/02205 (26.03%) [ns3] | loss: 3.558831 | lrm: 1.00 | dt: 1711.96ms | tok/s: 306,249 | mfu: 34.96 | epoch: 1 | eta: 46.6m
step 00575/02205 (26.08%) [ns3] | loss: 3.545736 | lrm: 1.00 | dt: 1719.86ms | tok/s: 304,843 | mfu: 34.80 | epoch: 1 | eta: 46.5m
step 00576/02205 (26.12%) [ns3] | loss: 3.539254 | lrm: 1.00 | dt: 1714.18ms | tok/s: 305,853 | mfu: 34.91 | epoch: 1 | eta: 46.5m
step 00577/02205 (26.17%) [ns3] | loss: 3.540909 | lrm: 1.00 | dt: 1716.11ms | tok/s: 305,510 | mfu: 34.87 | epoch: 1 | eta: 46.5m
step 00578/02205 (26.21%) [ns3] | loss: 3.542211 | lrm: 1.00 | dt: 1715.65ms | tok/s: 305,591 | mfu: 34.88 | epoch: 1 | eta: 46.4m
step 00579/02205 (26.26%) [ns3] | loss: 3.539491 | lrm: 1.00 | dt: 1716.67ms | tok/s: 305,409 | mfu: 34.86 | epoch: 1 | eta: 46.4m
step 00580/02205 (26.30%) [ns3] | loss: 3.526069 | lrm: 1.00 | dt: 1715.41ms | tok/s: 305,634 | mfu: 34.89 | epoch: 1 | eta: 46.4m
step 00581/02205 (26.35%) [ns3] | loss: 3.526209 | lrm: 1.00 | dt: 1718.62ms | tok/s: 305,064 | mfu: 34.82 | epoch: 1 | eta: 46.4m
step 00582/02205 (26.39%) [ns3] | loss: 3.517887 | lrm: 1.00 | dt: 1709.73ms | tok/s: 306,649 | mfu: 35.00 | epoch: 1 | eta: 46.3m
step 00583/02205 (26.44%) [ns3] | loss: 3.528510 | lrm: 1.00 | dt: 1720.37ms | tok/s: 304,752 | mfu: 34.79 | epoch: 1 | eta: 46.3m
step 00584/02205 (26.49%) [ns3] | loss: 3.522411 | lrm: 1.00 | dt: 1708.65ms | tok/s: 306,843 | mfu: 35.03 | epoch: 1 | eta: 46.3m
step 00585/02205 (26.53%) [ns3] | loss: 3.530247 | lrm: 1.00 | dt: 1715.84ms | tok/s: 305,557 | mfu: 34.88 | epoch: 1 | eta: 46.2m
step 00586/02205 (26.58%) [ns3] | loss: 3.530119 | lrm: 1.00 | dt: 1712.11ms | tok/s: 306,222 | mfu: 34.96 | epoch: 1 | eta: 46.2m
step 00587/02205 (26.62%) [ns3] | loss: 3.526728 | lrm: 1.00 | dt: 1715.80ms | tok/s: 305,564 | mfu: 34.88 | epoch: 1 | eta: 46.2m
step 00588/02205 (26.67%) [ns3] | loss: 3.525422 | lrm: 1.00 | dt: 1719.17ms | tok/s: 304,966 | mfu: 34.81 | epoch: 1 | eta: 46.2m
step 00589/02205 (26.71%) [ns3] | loss: 3.524814 | lrm: 1.00 | dt: 1717.19ms | tok/s: 305,317 | mfu: 34.85 | epoch: 1 | eta: 46.1m
step 00590/02205 (26.76%) [ns3] | loss: 3.522426 | lrm: 1.00 | dt: 1714.75ms | tok/s: 305,751 | mfu: 34.90 | epoch: 1 | eta: 46.1m
step 00591/02205 (26.80%) [ns3] | loss: 3.510552 | lrm: 1.00 | dt: 1717.62ms | tok/s: 305,240 | mfu: 34.84 | epoch: 1 | eta: 46.1m
step 00592/02205 (26.85%) [ns3] | loss: 3.509836 | lrm: 1.00 | dt: 1719.52ms | tok/s: 304,904 | mfu: 34.81 | epoch: 1 | eta: 46.0m
step 00593/02205 (26.89%) [ns3] | loss: 3.498479 | lrm: 1.00 | dt: 1719.08ms | tok/s: 304,981 | mfu: 34.81 | epoch: 1 | eta: 46.0m
step 00594/02205 (26.94%) [ns3] | loss: 3.501942 | lrm: 1.00 | dt: 1714.28ms | tok/s: 305,836 | mfu: 34.91 | epoch: 1 | eta: 46.0m
step 00595/02205 (26.98%) [ns3] | loss: 3.511922 | lrm: 1.00 | dt: 1713.69ms | tok/s: 305,940 | mfu: 34.92 | epoch: 1 | eta: 46.0m
step 00596/02205 (27.03%) [ns3] | loss: 3.523177 | lrm: 1.00 | dt: 1717.54ms | tok/s: 305,255 | mfu: 34.85 | epoch: 1 | eta: 45.9m
step 00597/02205 (27.07%) [ns3] | loss: 3.524206 | lrm: 1.00 | dt: 1715.28ms | tok/s: 305,656 | mfu: 34.89 | epoch: 1 | eta: 45.9m
step 00598/02205 (27.12%) [ns3] | loss: 3.525692 | lrm: 1.00 | dt: 1721.26ms | tok/s: 304,594 | mfu: 34.77 | epoch: 1 | eta: 45.9m
step 00599/02205 (27.17%) [ns3] | loss: 3.526677 | lrm: 1.00 | dt: 1715.06ms | tok/s: 305,696 | mfu: 34.90 | epoch: 1 | eta: 45.8m
step 00600/02205 (27.21%) [ns3] | loss: 3.520607 | lrm: 1.00 | dt: 1718.46ms | tok/s: 305,091 | mfu: 34.83 | epoch: 1 | eta: 45.8m
step 00601/02205 (27.26%) [ns3] | loss: 3.519461 | lrm: 1.00 | dt: 1713.46ms | tok/s: 305,981 | mfu: 34.93 | epoch: 1 | eta: 45.8m
step 00602/02205 (27.30%) [ns3] | loss: 3.517006 | lrm: 1.00 | dt: 1717.00ms | tok/s: 305,352 | mfu: 34.86 | epoch: 1 | eta: 45.8m
step 00603/02205 (27.35%) [ns3] | loss: 3.508579 | lrm: 1.00 | dt: 1711.00ms | tok/s: 306,421 | mfu: 34.98 | epoch: 1 | eta: 45.7m
step 00604/02205 (27.39%) [ns3] | loss: 3.510411 | lrm: 1.00 | dt: 1715.83ms | tok/s: 305,558 | mfu: 34.88 | epoch: 1 | eta: 45.7m
step 00605/02205 (27.44%) [ns3] | loss: 3.510350 | lrm: 1.00 | dt: 1714.71ms | tok/s: 305,758 | mfu: 34.90 | epoch: 1 | eta: 45.7m
step 00606/02205 (27.48%) [ns3] | loss: 3.518979 | lrm: 1.00 | dt: 1714.29ms | tok/s: 305,834 | mfu: 34.91 | epoch: 1 | eta: 45.6m
step 00607/02205 (27.53%) [ns3] | loss: 3.524482 | lrm: 1.00 | dt: 1717.35ms | tok/s: 305,289 | mfu: 34.85 | epoch: 1 | eta: 45.6m
step 00608/02205 (27.57%) [ns3] | loss: 3.518397 | lrm: 1.00 | dt: 1721.16ms | tok/s: 304,613 | mfu: 34.77 | epoch: 1 | eta: 45.6m
step 00609/02205 (27.62%) [ns3] | loss: 3.527480 | lrm: 1.00 | dt: 1712.73ms | tok/s: 306,113 | mfu: 34.94 | epoch: 1 | eta: 45.6m
step 00610/02205 (27.66%) [ns3] | loss: 3.524230 | lrm: 1.00 | dt: 1714.43ms | tok/s: 305,809 | mfu: 34.91 | epoch: 1 | eta: 45.5m
step 00611/02205 (27.71%) [ns3] | loss: 3.524677 | lrm: 1.00 | dt: 1718.27ms | tok/s: 305,124 | mfu: 34.83 | epoch: 1 | eta: 45.5m
step 00612/02205 (27.76%) [ns3] | loss: 3.524499 | lrm: 1.00 | dt: 1713.13ms | tok/s: 306,041 | mfu: 34.93 | epoch: 1 | eta: 45.5m
step 00613/02205 (27.80%) [ns3] | loss: 3.523393 | lrm: 1.00 | dt: 1715.04ms | tok/s: 305,699 | mfu: 34.90 | epoch: 1 | eta: 45.5m
step 00614/02205 (27.85%) [ns3] | loss: 3.523949 | lrm: 1.00 | dt: 1715.36ms | tok/s: 305,642 | mfu: 34.89 | epoch: 1 | eta: 45.4m
step 00615/02205 (27.89%) [ns3] | loss: 3.528442 | lrm: 1.00 | dt: 1712.80ms | tok/s: 306,100 | mfu: 34.94 | epoch: 1 | eta: 45.4m
step 00616/02205 (27.94%) [ns3] | loss: 3.525318 | lrm: 1.00 | dt: 1713.30ms | tok/s: 306,009 | mfu: 34.93 | epoch: 1 | eta: 45.4m
step 00617/02205 (27.98%) [ns3] | loss: 3.517482 | lrm: 1.00 | dt: 1713.66ms | tok/s: 305,946 | mfu: 34.92 | epoch: 1 | eta: 45.3m
step 00618/02205 (28.03%) [ns3] | loss: 3.517894 | lrm: 1.00 | dt: 1710.54ms | tok/s: 306,504 | mfu: 34.99 | epoch: 1 | eta: 45.3m
step 00619/02205 (28.07%) [ns3] | loss: 3.511886 | lrm: 1.00 | dt: 1718.57ms | tok/s: 305,072 | mfu: 34.82 | epoch: 1 | eta: 45.3m
step 00620/02205 (28.12%) [ns3] | loss: 3.500523 | lrm: 1.00 | dt: 1712.73ms | tok/s: 306,111 | mfu: 34.94 | epoch: 1 | eta: 45.3m
step 00621/02205 (28.16%) [ns3] | loss: 3.499473 | lrm: 1.00 | dt: 1712.07ms | tok/s: 306,229 | mfu: 34.96 | epoch: 1 | eta: 45.2m
step 00622/02205 (28.21%) [ns3] | loss: 3.511096 | lrm: 1.00 | dt: 1715.18ms | tok/s: 305,675 | mfu: 34.89 | epoch: 1 | eta: 45.2m
step 00623/02205 (28.25%) [ns3] | loss: 3.507776 | lrm: 1.00 | dt: 1711.26ms | tok/s: 306,376 | mfu: 34.97 | epoch: 1 | eta: 45.2m
step 00624/02205 (28.30%) [ns3] | loss: 3.505138 | lrm: 1.00 | dt: 1719.01ms | tok/s: 304,993 | mfu: 34.82 | epoch: 1 | eta: 45.1m
step 00625/02205 (28.34%) [ns3] | loss: 3.493776 | lrm: 1.00 | dt: 1714.64ms | tok/s: 305,771 | mfu: 34.90 | epoch: 1 | eta: 45.1m
step 00626/02205 (28.39%) [ns3] | loss: 3.490903 | lrm: 1.00 | dt: 1717.11ms | tok/s: 305,332 | mfu: 34.85 | epoch: 1 | eta: 45.1m
step 00627/02205 (28.44%) [ns3] | loss: 3.497051 | lrm: 1.00 | dt: 1712.38ms | tok/s: 306,175 | mfu: 34.95 | epoch: 1 | eta: 45.1m
step 00628/02205 (28.48%) [ns3] | loss: 3.491924 | lrm: 1.00 | dt: 1713.17ms | tok/s: 306,034 | mfu: 34.93 | epoch: 1 | eta: 45.0m
step 00629/02205 (28.53%) [ns3] | loss: 3.501165 | lrm: 1.00 | dt: 1713.95ms | tok/s: 305,893 | mfu: 34.92 | epoch: 1 | eta: 45.0m
step 00630/02205 (28.57%) [ns3] | loss: 3.489861 | lrm: 1.00 | dt: 1714.63ms | tok/s: 305,773 | mfu: 34.90 | epoch: 1 | eta: 45.0m
step 00631/02205 (28.62%) [ns3] | loss: 3.484934 | lrm: 1.00 | dt: 1717.30ms | tok/s: 305,296 | mfu: 34.85 | epoch: 1 | eta: 44.9m
step 00632/02205 (28.66%) [ns3] | loss: 3.486630 | lrm: 1.00 | dt: 1714.67ms | tok/s: 305,765 | mfu: 34.90 | epoch: 1 | eta: 44.9m
step 00633/02205 (28.71%) [ns3] | loss: 3.494324 | lrm: 1.00 | dt: 1723.67ms | tok/s: 304,169 | mfu: 34.72 | epoch: 1 | eta: 44.9m
step 00634/02205 (28.75%) [ns3] | loss: 3.486660 | lrm: 1.00 | dt: 1714.58ms | tok/s: 305,782 | mfu: 34.91 | epoch: 1 | eta: 44.9m
step 00635/02205 (28.80%) [ns3] | loss: 3.494261 | lrm: 1.00 | dt: 1709.70ms | tok/s: 306,654 | mfu: 35.00 | epoch: 1 | eta: 44.8m
step 00636/02205 (28.84%) [ns3] | loss: 3.490528 | lrm: 1.00 | dt: 1716.39ms | tok/s: 305,459 | mfu: 34.87 | epoch: 1 | eta: 44.8m
step 00637/02205 (28.89%) [ns3] | loss: 3.493390 | lrm: 1.00 | dt: 1712.78ms | tok/s: 306,102 | mfu: 34.94 | epoch: 1 | eta: 44.8m
step 00638/02205 (28.93%) [ns3] | loss: 3.496483 | lrm: 1.00 | dt: 1720.64ms | tok/s: 304,705 | mfu: 34.78 | epoch: 1 | eta: 44.7m
step 00639/02205 (28.98%) [ns3] | loss: 3.494837 | lrm: 1.00 | dt: 1719.34ms | tok/s: 304,935 | mfu: 34.81 | epoch: 1 | eta: 44.7m
step 00640/02205 (29.02%) [ns3] | loss: 3.494499 | lrm: 1.00 | dt: 1712.71ms | tok/s: 306,115 | mfu: 34.94 | epoch: 1 | eta: 44.7m
step 00641/02205 (29.07%) [ns3] | loss: 3.492442 | lrm: 1.00 | dt: 1715.57ms | tok/s: 305,606 | mfu: 34.89 | epoch: 1 | eta: 44.7m
step 00642/02205 (29.12%) [ns3] | loss: 3.485766 | lrm: 1.00 | dt: 1715.55ms | tok/s: 305,609 | mfu: 34.89 | epoch: 1 | eta: 44.6m
step 00643/02205 (29.16%) [ns3] | loss: 3.483753 | lrm: 1.00 | dt: 1713.45ms | tok/s: 305,984 | mfu: 34.93 | epoch: 1 | eta: 44.6m
step 00644/02205 (29.21%) [ns3] | loss: 3.485349 | lrm: 1.00 | dt: 1717.97ms | tok/s: 305,179 | mfu: 34.84 | epoch: 1 | eta: 44.6m
step 00645/02205 (29.25%) [ns3] | loss: 3.488959 | lrm: 1.00 | dt: 1717.70ms | tok/s: 305,227 | mfu: 34.84 | epoch: 1 | eta: 44.5m
step 00646/02205 (29.30%) [ns3] | loss: 3.488798 | lrm: 1.00 | dt: 1711.05ms | tok/s: 306,412 | mfu: 34.98 | epoch: 1 | eta: 44.5m
step 00647/02205 (29.34%) [ns3] | loss: 3.486904 | lrm: 1.00 | dt: 1718.85ms | tok/s: 305,023 | mfu: 34.82 | epoch: 1 | eta: 44.5m
step 00648/02205 (29.39%) [ns3] | loss: 3.480600 | lrm: 1.00 | dt: 1712.59ms | tok/s: 306,137 | mfu: 34.95 | epoch: 1 | eta: 44.5m
step 00649/02205 (29.43%) [ns3] | loss: 3.485130 | lrm: 1.00 | dt: 1711.34ms | tok/s: 306,361 | mfu: 34.97 | epoch: 1 | eta: 44.4m
step 00650/02205 (29.48%) [ns3] | loss: 3.478634 | lrm: 1.00 | dt: 1713.74ms | tok/s: 305,932 | mfu: 34.92 | epoch: 1 | eta: 44.4m
step 00651/02205 (29.52%) [ns3] | loss: 3.467389 | lrm: 1.00 | dt: 1714.44ms | tok/s: 305,807 | mfu: 34.91 | epoch: 1 | eta: 44.4m
step 00652/02205 (29.57%) [ns3] | loss: 3.477466 | lrm: 1.00 | dt: 1714.86ms | tok/s: 305,732 | mfu: 34.90 | epoch: 1 | eta: 44.3m
step 00653/02205 (29.61%) [ns3] | loss: 3.487064 | lrm: 1.00 | dt: 1719.18ms | tok/s: 304,963 | mfu: 34.81 | epoch: 1 | eta: 44.3m
step 00654/02205 (29.66%) [ns3] | loss: 3.488584 | lrm: 1.00 | dt: 1712.23ms | tok/s: 306,202 | mfu: 34.95 | epoch: 1 | eta: 44.3m
step 00655/02205 (29.71%) [ns3] | loss: 3.490419 | lrm: 1.00 | dt: 1720.38ms | tok/s: 304,750 | mfu: 34.79 | epoch: 1 | eta: 44.3m
step 00656/02205 (29.75%) [ns3] | loss: 3.490102 | lrm: 1.00 | dt: 1715.47ms | tok/s: 305,622 | mfu: 34.89 | epoch: 1 | eta: 44.2m
step 00657/02205 (29.80%) [ns3] | loss: 3.486762 | lrm: 1.00 | dt: 1717.93ms | tok/s: 305,185 | mfu: 34.84 | epoch: 1 | eta: 44.2m
step 00658/02205 (29.84%) [ns3] | loss: 3.485290 | lrm: 1.00 | dt: 1718.49ms | tok/s: 305,086 | mfu: 34.83 | epoch: 1 | eta: 44.2m
step 00659/02205 (29.89%) [ns3] | loss: 3.487593 | lrm: 1.00 | dt: 1712.52ms | tok/s: 306,149 | mfu: 34.95 | epoch: 1 | eta: 44.1m
step 00660/02205 (29.93%) [ns3] | loss: 3.487675 | lrm: 1.00 | dt: 1709.20ms | tok/s: 306,744 | mfu: 35.02 | epoch: 1 | eta: 44.1m
step 00661/02205 (29.98%) [ns3] | loss: 3.479544 | lrm: 1.00 | dt: 1717.43ms | tok/s: 305,274 | mfu: 34.85 | epoch: 1 | eta: 44.1m
step 00662/02205 (30.02%) [ns3] | loss: 3.482062 | lrm: 1.00 | dt: 1712.81ms | tok/s: 306,097 | mfu: 34.94 | epoch: 1 | eta: 44.1m
step 00663/02205 (30.07%) [ns3] | loss: 3.480077 | lrm: 1.00 | dt: 1717.17ms | tok/s: 305,320 | mfu: 34.85 | epoch: 1 | eta: 44.0m
step 00664/02205 (30.11%) [ns3] | loss: 3.483321 | lrm: 1.00 | dt: 1717.68ms | tok/s: 305,231 | mfu: 34.84 | epoch: 1 | eta: 44.0m
step 00665/02205 (30.16%) [ns3] | loss: 3.485510 | lrm: 1.00 | dt: 1716.12ms | tok/s: 305,506 | mfu: 34.87 | epoch: 1 | eta: 44.0m
step 00666/02205 (30.20%) [ns3] | loss: 3.476917 | lrm: 1.00 | dt: 1715.07ms | tok/s: 305,695 | mfu: 34.90 | epoch: 1 | eta: 43.9m
step 00667/02205 (30.25%) [ns3] | loss: 3.473428 | lrm: 1.00 | dt: 1713.17ms | tok/s: 306,033 | mfu: 34.93 | epoch: 1 | eta: 43.9m
step 00668/02205 (30.29%) [ns3] | loss: 3.476296 | lrm: 1.00 | dt: 1716.19ms | tok/s: 305,495 | mfu: 34.87 | epoch: 1 | eta: 43.9m
step 00669/02205 (30.34%) [ns3] | loss: 3.483658 | lrm: 1.00 | dt: 1716.41ms | tok/s: 305,456 | mfu: 34.87 | epoch: 1 | eta: 43.9m
step 00670/02205 (30.39%) [ns3] | loss: 3.494601 | lrm: 1.00 | dt: 1717.16ms | tok/s: 305,322 | mfu: 34.85 | epoch: 1 | eta: 43.8m
step 00671/02205 (30.43%) [ns3] | loss: 3.498816 | lrm: 1.00 | dt: 1713.13ms | tok/s: 306,041 | mfu: 34.94 | epoch: 1 | eta: 43.8m
step 00672/02205 (30.48%) [ns3] | loss: 3.508927 | lrm: 1.00 | dt: 1724.86ms | tok/s: 303,960 | mfu: 34.70 | epoch: 1 | eta: 43.8m
step 00673/02205 (30.52%) [ns3] | loss: 3.505405 | lrm: 1.00 | dt: 1710.98ms | tok/s: 306,424 | mfu: 34.98 | epoch: 1 | eta: 43.7m
step 00674/02205 (30.57%) [ns3] | loss: 3.495611 | lrm: 1.00 | dt: 1714.97ms | tok/s: 305,711 | mfu: 34.90 | epoch: 1 | eta: 43.7m
step 00675/02205 (30.61%) [ns3] | loss: 3.488674 | lrm: 1.00 | dt: 1716.23ms | tok/s: 305,488 | mfu: 34.87 | epoch: 1 | eta: 43.7m
step 00676/02205 (30.66%) [ns3] | loss: 3.492991 | lrm: 1.00 | dt: 1720.89ms | tok/s: 304,660 | mfu: 34.78 | epoch: 1 | eta: 43.7m
step 00677/02205 (30.70%) [ns3] | loss: 3.492414 | lrm: 1.00 | dt: 1713.37ms | tok/s: 305,998 | mfu: 34.93 | epoch: 1 | eta: 43.6m
step 00678/02205 (30.75%) [ns3] | loss: 3.486892 | lrm: 1.00 | dt: 1714.92ms | tok/s: 305,721 | mfu: 34.90 | epoch: 1 | eta: 43.6m
step 00679/02205 (30.79%) [ns3] | loss: 3.485657 | lrm: 1.00 | dt: 1712.89ms | tok/s: 306,084 | mfu: 34.94 | epoch: 1 | eta: 43.6m
step 00680/02205 (30.84%) [ns3] | loss: 3.485342 | lrm: 1.00 | dt: 1716.32ms | tok/s: 305,471 | mfu: 34.87 | epoch: 1 | eta: 43.5m
step 00681/02205 (30.88%) [ns3] | loss: 3.483270 | lrm: 1.00 | dt: 1713.72ms | tok/s: 305,935 | mfu: 34.92 | epoch: 1 | eta: 43.5m
step 00682/02205 (30.93%) [ns3] | loss: 3.486126 | lrm: 1.00 | dt: 1721.94ms | tok/s: 304,475 | mfu: 34.76 | epoch: 1 | eta: 43.5m
step 00683/02205 (30.98%) [ns3] | loss: 3.484698 | lrm: 1.00 | dt: 1718.43ms | tok/s: 305,096 | mfu: 34.83 | epoch: 1 | eta: 43.5m
step 00684/02205 (31.02%) [ns3] | loss: 3.491684 | lrm: 1.00 | dt: 1713.98ms | tok/s: 305,889 | mfu: 34.92 | epoch: 1 | eta: 43.4m
step 00685/02205 (31.07%) [ns3] | loss: 3.480411 | lrm: 1.00 | dt: 1714.62ms | tok/s: 305,775 | mfu: 34.90 | epoch: 1 | eta: 43.4m
step 00686/02205 (31.11%) [ns3] | loss: 3.485887 | lrm: 1.00 | dt: 1713.70ms | tok/s: 305,939 | mfu: 34.92 | epoch: 1 | eta: 43.4m
step 00687/02205 (31.16%) [ns3] | loss: 3.497783 | lrm: 1.00 | dt: 1717.55ms | tok/s: 305,253 | mfu: 34.85 | epoch: 1 | eta: 43.3m
step 00688/02205 (31.20%) [ns3] | loss: 3.497857 | lrm: 1.00 | dt: 1722.59ms | tok/s: 304,359 | mfu: 34.74 | epoch: 1 | eta: 43.3m
step 00689/02205 (31.25%) [ns3] | loss: 3.506020 | lrm: 1.00 | dt: 1713.40ms | tok/s: 305,992 | mfu: 34.93 | epoch: 1 | eta: 43.3m
step 00690/02205 (31.29%) [ns3] | loss: 3.500732 | lrm: 1.00 | dt: 1716.00ms | tok/s: 305,529 | mfu: 34.88 | epoch: 1 | eta: 43.3m
step 00691/02205 (31.34%) [ns3] | loss: 3.511015 | lrm: 1.00 | dt: 1713.54ms | tok/s: 305,968 | mfu: 34.93 | epoch: 1 | eta: 43.2m
step 00692/02205 (31.38%) [ns3] | loss: 3.500540 | lrm: 1.00 | dt: 1717.66ms | tok/s: 305,234 | mfu: 34.84 | epoch: 1 | eta: 43.2m
step 00693/02205 (31.43%) [ns3] | loss: 3.497070 | lrm: 1.00 | dt: 1716.72ms | tok/s: 305,400 | mfu: 34.86 | epoch: 1 | eta: 43.2m
step 00694/02205 (31.47%) [ns3] | loss: 3.496548 | lrm: 1.00 | dt: 1713.59ms | tok/s: 305,959 | mfu: 34.93 | epoch: 1 | eta: 43.1m
step 00695/02205 (31.52%) [ns3] | loss: 3.494451 | lrm: 1.00 | dt: 1720.73ms | tok/s: 304,689 | mfu: 34.78 | epoch: 1 | eta: 43.1m
step 00696/02205 (31.56%) [ns3] | loss: 3.484438 | lrm: 1.00 | dt: 1719.49ms | tok/s: 304,908 | mfu: 34.81 | epoch: 1 | eta: 43.1m
step 00697/02205 (31.61%) [ns3] | loss: 3.485435 | lrm: 1.00 | dt: 1710.03ms | tok/s: 306,595 | mfu: 35.00 | epoch: 1 | eta: 43.1m
step 00698/02205 (31.66%) [ns3] | loss: 3.479708 | lrm: 1.00 | dt: 1720.10ms | tok/s: 304,800 | mfu: 34.79 | epoch: 1 | eta: 43.0m
step 00699/02205 (31.70%) [ns3] | loss: 3.490293 | lrm: 1.00 | dt: 1719.72ms | tok/s: 304,868 | mfu: 34.80 | epoch: 1 | eta: 43.0m
step 00700/02205 (31.75%) [ns3] | loss: 3.489453 | lrm: 1.00 | dt: 1716.12ms | tok/s: 305,507 | mfu: 34.87 | epoch: 1 | eta: 43.0m
step 00701/02205 (31.79%) [ns3] | loss: 3.488512 | lrm: 1.00 | dt: 1713.24ms | tok/s: 306,021 | mfu: 34.93 | epoch: 1 | eta: 42.9m
step 00702/02205 (31.84%) [ns3] | loss: 3.500801 | lrm: 1.00 | dt: 1721.64ms | tok/s: 304,528 | mfu: 34.76 | epoch: 1 | eta: 42.9m
step 00703/02205 (31.88%) [ns3] | loss: 3.507026 | lrm: 1.00 | dt: 1716.75ms | tok/s: 305,396 | mfu: 34.86 | epoch: 1 | eta: 42.9m
step 00704/02205 (31.93%) [ns3] | loss: 3.505379 | lrm: 1.00 | dt: 1718.41ms | tok/s: 305,101 | mfu: 34.83 | epoch: 1 | eta: 42.9m
step 00705/02205 (31.97%) [ns3] | loss: 3.507930 | lrm: 1.00 | dt: 1715.40ms | tok/s: 305,635 | mfu: 34.89 | epoch: 1 | eta: 42.8m
step 00706/02205 (32.02%) [ns3] | loss: 3.514138 | lrm: 1.00 | dt: 1723.69ms | tok/s: 304,166 | mfu: 34.72 | epoch: 1 | eta: 42.8m
step 00707/02205 (32.06%) [ns3] | loss: 3.514867 | lrm: 1.00 | dt: 1714.80ms | tok/s: 305,742 | mfu: 34.90 | epoch: 1 | eta: 42.8m
step 00708/02205 (32.11%) [ns3] | loss: 3.508896 | lrm: 1.00 | dt: 1716.78ms | tok/s: 305,389 | mfu: 34.86 | epoch: 1 | eta: 42.7m
step 00709/02205 (32.15%) [ns3] | loss: 3.507554 | lrm: 1.00 | dt: 1714.32ms | tok/s: 305,828 | mfu: 34.91 | epoch: 1 | eta: 42.7m
step 00710/02205 (32.20%) [ns3] | loss: 3.503766 | lrm: 1.00 | dt: 1720.14ms | tok/s: 304,793 | mfu: 34.79 | epoch: 1 | eta: 42.7m
step 00711/02205 (32.24%) [ns3] | loss: 3.509988 | lrm: 1.00 | dt: 1715.40ms | tok/s: 305,635 | mfu: 34.89 | epoch: 1 | eta: 42.7m
step 00712/02205 (32.29%) [ns3] | loss: 3.513429 | lrm: 1.00 | dt: 1725.61ms | tok/s: 303,827 | mfu: 34.68 | epoch: 1 | eta: 42.6m
step 00713/02205 (32.34%) [ns3] | loss: 3.508897 | lrm: 1.00 | dt: 1716.85ms | tok/s: 305,377 | mfu: 34.86 | epoch: 1 | eta: 42.6m
step 00714/02205 (32.38%) [ns3] | loss: 3.496987 | lrm: 1.00 | dt: 1718.50ms | tok/s: 305,084 | mfu: 34.83 | epoch: 1 | eta: 42.6m
step 00715/02205 (32.43%) [ns3] | loss: 3.490699 | lrm: 1.00 | dt: 1717.32ms | tok/s: 305,293 | mfu: 34.85 | epoch: 1 | eta: 42.5m
step 00716/02205 (32.47%) [ns3] | loss: 3.492090 | lrm: 1.00 | dt: 1721.75ms | tok/s: 304,509 | mfu: 34.76 | epoch: 1 | eta: 42.5m
step 00717/02205 (32.52%) [ns3] | loss: 3.478128 | lrm: 1.00 | dt: 1721.26ms | tok/s: 304,595 | mfu: 34.77 | epoch: 1 | eta: 42.5m
step 00718/02205 (32.56%) [ns3] | loss: 3.466867 | lrm: 1.00 | dt: 1715.14ms | tok/s: 305,681 | mfu: 34.89 | epoch: 1 | eta: 42.5m
step 00719/02205 (32.61%) [ns3] | loss: 3.470148 | lrm: 1.00 | dt: 1715.93ms | tok/s: 305,541 | mfu: 34.88 | epoch: 1 | eta: 42.4m
step 00720/02205 (32.65%) [ns3] | loss: 3.460692 | lrm: 1.00 | dt: 1718.14ms | tok/s: 305,149 | mfu: 34.83 | epoch: 1 | eta: 42.4m
step 00721/02205 (32.70%) [ns3] | loss: 3.459547 | lrm: 1.00 | dt: 1724.42ms | tok/s: 304,038 | mfu: 34.71 | epoch: 1 | eta: 42.4m
step 00722/02205 (32.74%) [ns3] | loss: 3.455893 | lrm: 1.00 | dt: 1714.28ms | tok/s: 305,836 | mfu: 34.91 | epoch: 1 | eta: 42.4m
step 00723/02205 (32.79%) [ns3] | loss: 3.460750 | lrm: 1.00 | dt: 1726.50ms | tok/s: 303,671 | mfu: 34.66 | epoch: 1 | eta: 42.3m
step 00724/02205 (32.83%) [ns3] | loss: 3.452316 | lrm: 1.00 | dt: 1716.96ms | tok/s: 305,358 | mfu: 34.86 | epoch: 1 | eta: 42.3m
step 00725/02205 (32.88%) [ns3] | loss: 3.455049 | lrm: 1.00 | dt: 1715.97ms | tok/s: 305,533 | mfu: 34.88 | epoch: 1 | eta: 42.3m
step 00726/02205 (32.93%) [ns3] | loss: 3.443921 | lrm: 1.00 | dt: 1715.45ms | tok/s: 305,627 | mfu: 34.89 | epoch: 1 | eta: 42.2m
step 00727/02205 (32.97%) [ns3] | loss: 3.453063 | lrm: 1.00 | dt: 1722.84ms | tok/s: 304,316 | mfu: 34.74 | epoch: 1 | eta: 42.2m
step 00728/02205 (33.02%) [ns3] | loss: 3.450083 | lrm: 1.00 | dt: 1720.65ms | tok/s: 304,704 | mfu: 34.78 | epoch: 1 | eta: 42.2m
step 00729/02205 (33.06%) [ns3] | loss: 3.440848 | lrm: 1.00 | dt: 1718.73ms | tok/s: 305,043 | mfu: 34.82 | epoch: 1 | eta: 42.2m
step 00730/02205 (33.11%) [ns3] | loss: 3.445540 | lrm: 1.00 | dt: 1717.93ms | tok/s: 305,186 | mfu: 34.84 | epoch: 1 | eta: 42.1m
step 00731/02205 (33.15%) [ns3] | loss: 3.446425 | lrm: 1.00 | dt: 1717.77ms | tok/s: 305,214 | mfu: 34.84 | epoch: 1 | eta: 42.1m
step 00732/02205 (33.20%) [ns3] | loss: 3.447134 | lrm: 1.00 | dt: 1722.92ms | tok/s: 304,301 | mfu: 34.74 | epoch: 1 | eta: 42.1m
step 00733/02205 (33.24%) [ns3] | loss: 3.455130 | lrm: 1.00 | dt: 1712.92ms | tok/s: 306,078 | mfu: 34.94 | epoch: 1 | eta: 42.0m
step 00734/02205 (33.29%) [ns3] | loss: 3.464779 | lrm: 1.00 | dt: 1715.83ms | tok/s: 305,559 | mfu: 34.88 | epoch: 1 | eta: 42.0m
step 00735/02205 (33.33%) [ns3] | loss: 3.464943 | lrm: 1.00 | dt: 1718.93ms | tok/s: 305,008 | mfu: 34.82 | epoch: 1 | eta: 42.0m
step 00736/02205 (33.38%) [ns3] | loss: 3.453255 | lrm: 1.00 | dt: 1725.51ms | tok/s: 303,845 | mfu: 34.68 | epoch: 1 | eta: 42.0m
step 00737/02205 (33.42%) [ns3] | loss: 3.454058 | lrm: 1.00 | dt: 1715.80ms | tok/s: 305,564 | mfu: 34.88 | epoch: 1 | eta: 41.9m
step 00738/02205 (33.47%) [ns3] | loss: 3.454789 | lrm: 1.00 | dt: 1722.62ms | tok/s: 304,355 | mfu: 34.74 | epoch: 1 | eta: 41.9m
step 00739/02205 (33.51%) [ns3] | loss: 3.455347 | lrm: 1.00 | dt: 1719.04ms | tok/s: 304,987 | mfu: 34.81 | epoch: 1 | eta: 41.9m
step 00740/02205 (33.56%) [ns3] | loss: 3.449473 | lrm: 1.00 | dt: 1717.78ms | tok/s: 305,212 | mfu: 34.84 | epoch: 1 | eta: 41.8m
step 00741/02205 (33.61%) [ns3] | loss: 3.454575 | lrm: 1.00 | dt: 1726.47ms | tok/s: 303,676 | mfu: 34.67 | epoch: 1 | eta: 41.8m
step 00742/02205 (33.65%) [ns3] | loss: 3.452315 | lrm: 1.00 | dt: 1717.12ms | tok/s: 305,329 | mfu: 34.85 | epoch: 1 | eta: 41.8m
step 00743/02205 (33.70%) [ns3] | loss: 3.453044 | lrm: 1.00 | dt: 1723.77ms | tok/s: 304,151 | mfu: 34.72 | epoch: 1 | eta: 41.8m
step 00744/02205 (33.74%) [ns3] | loss: 3.458361 | lrm: 1.00 | dt: 1713.28ms | tok/s: 306,014 | mfu: 34.93 | epoch: 1 | eta: 41.7m
step 00745/02205 (33.79%) [ns3] | loss: 3.463873 | lrm: 1.00 | dt: 1718.30ms | tok/s: 305,121 | mfu: 34.83 | epoch: 1 | eta: 41.7m
step 00746/02205 (33.83%) [ns3] | loss: 3.463009 | lrm: 1.00 | dt: 1719.11ms | tok/s: 304,977 | mfu: 34.81 | epoch: 1 | eta: 41.7m
step 00747/02205 (33.88%) [ns3] | loss: 3.469227 | lrm: 1.00 | dt: 1721.01ms | tok/s: 304,639 | mfu: 34.77 | epoch: 1 | eta: 41.6m
step 00748/02205 (33.92%) [ns3] | loss: 3.461597 | lrm: 1.00 | dt: 1712.84ms | tok/s: 306,092 | mfu: 34.94 | epoch: 1 | eta: 41.6m
step 00749/02205 (33.97%) [ns3] | loss: 3.454473 | lrm: 1.00 | dt: 1718.53ms | tok/s: 305,079 | mfu: 34.83 | epoch: 1 | eta: 41.6m
Step 00750 | val bpb: 1.013588
step 00750/02205 (34.01%) [ns3] | loss: 3.455286 | lrm: 1.00 | dt: 1693.57ms | tok/s: 309,576 | mfu: 35.34 | epoch: 1 | eta: 41.6m
step 00751/02205 (34.06%) [ns3] | loss: 3.464167 | lrm: 1.00 | dt: 1714.05ms | tok/s: 305,876 | mfu: 34.92 | epoch: 1 | eta: 41.5m
step 00752/02205 (34.10%) [ns3] | loss: 3.454715 | lrm: 1.00 | dt: 1706.87ms | tok/s: 307,163 | mfu: 35.06 | epoch: 1 | eta: 41.5m
step 00753/02205 (34.15%) [ns3] | loss: 3.470091 | lrm: 1.00 | dt: 1705.45ms | tok/s: 307,418 | mfu: 35.09 | epoch: 1 | eta: 41.5m
step 00754/02205 (34.20%) [ns3] | loss: 3.469028 | lrm: 1.00 | dt: 1707.15ms | tok/s: 307,113 | mfu: 35.06 | epoch: 1 | eta: 41.4m
step 00755/02205 (34.24%) [ns3] | loss: 3.469402 | lrm: 1.00 | dt: 1704.42ms | tok/s: 307,605 | mfu: 35.11 | epoch: 1 | eta: 41.4m
step 00756/02205 (34.29%) [ns3] | loss: 3.460747 | lrm: 1.00 | dt: 1714.28ms | tok/s: 305,836 | mfu: 34.91 | epoch: 1 | eta: 41.4m
step 00757/02205 (34.33%) [ns3] | loss: 3.454027 | lrm: 1.00 | dt: 1706.06ms | tok/s: 307,308 | mfu: 35.08 | epoch: 1 | eta: 41.4m
step 00758/02205 (34.38%) [ns3] | loss: 3.457140 | lrm: 1.00 | dt: 1705.53ms | tok/s: 307,405 | mfu: 35.09 | epoch: 1 | eta: 41.3m
step 00759/02205 (34.42%) [ns3] | loss: 3.458797 | lrm: 1.00 | dt: 1708.64ms | tok/s: 306,844 | mfu: 35.03 | epoch: 1 | eta: 41.3m
step 00760/02205 (34.47%) [ns3] | loss: 3.463865 | lrm: 1.00 | dt: 1706.62ms | tok/s: 307,208 | mfu: 35.07 | epoch: 1 | eta: 41.3m
step 00761/02205 (34.51%) [ns3] | loss: 3.465011 | lrm: 1.00 | dt: 1710.38ms | tok/s: 306,532 | mfu: 34.99 | epoch: 1 | eta: 41.2m
step 00762/02205 (34.56%) [ns3] | loss: 3.457661 | lrm: 1.00 | dt: 1711.41ms | tok/s: 306,348 | mfu: 34.97 | epoch: 1 | eta: 41.2m
step 00763/02205 (34.60%) [ns3] | loss: 3.448964 | lrm: 1.00 | dt: 1707.81ms | tok/s: 306,994 | mfu: 35.04 | epoch: 1 | eta: 41.2m
step 00764/02205 (34.65%) [ns3] | loss: 3.452618 | lrm: 1.00 | dt: 1714.44ms | tok/s: 305,806 | mfu: 34.91 | epoch: 1 | eta: 41.2m
step 00765/02205 (34.69%) [ns3] | loss: 3.441055 | lrm: 1.00 | dt: 1713.71ms | tok/s: 305,937 | mfu: 34.92 | epoch: 1 | eta: 41.1m
step 00766/02205 (34.74%) [ns3] | loss: 3.438235 | lrm: 1.00 | dt: 1715.55ms | tok/s: 305,608 | mfu: 34.89 | epoch: 1 | eta: 41.1m
step 00767/02205 (34.78%) [ns3] | loss: 3.442414 | lrm: 1.00 | dt: 1715.65ms | tok/s: 305,591 | mfu: 34.88 | epoch: 1 | eta: 41.1m
step 00768/02205 (34.83%) [ns3] | loss: 3.440713 | lrm: 1.00 | dt: 1707.77ms | tok/s: 307,000 | mfu: 35.04 | epoch: 1 | eta: 41.0m
step 00769/02205 (34.88%) [ns3] | loss: 3.443620 | lrm: 1.00 | dt: 1717.28ms | tok/s: 305,301 | mfu: 34.85 | epoch: 1 | eta: 41.0m
step 00770/02205 (34.92%) [ns3] | loss: 3.449956 | lrm: 1.00 | dt: 1705.49ms | tok/s: 307,412 | mfu: 35.09 | epoch: 1 | eta: 41.0m
step 00771/02205 (34.97%) [ns3] | loss: 3.449194 | lrm: 1.00 | dt: 1714.05ms | tok/s: 305,876 | mfu: 34.92 | epoch: 1 | eta: 41.0m
step 00772/02205 (35.01%) [ns3] | loss: 3.436603 | lrm: 1.00 | dt: 1710.84ms | tok/s: 306,450 | mfu: 34.98 | epoch: 1 | eta: 40.9m
step 00773/02205 (35.06%) [ns3] | loss: 3.444688 | lrm: 1.00 | dt: 1711.46ms | tok/s: 306,339 | mfu: 34.97 | epoch: 1 | eta: 40.9m
step 00774/02205 (35.10%) [ns3] | loss: 3.450240 | lrm: 1.00 | dt: 1716.20ms | tok/s: 305,493 | mfu: 34.87 | epoch: 1 | eta: 40.9m
step 00775/02205 (35.15%) [ns3] | loss: 3.451233 | lrm: 1.00 | dt: 1709.74ms | tok/s: 306,647 | mfu: 35.00 | epoch: 1 | eta: 40.8m
step 00776/02205 (35.19%) [ns3] | loss: 3.445514 | lrm: 1.00 | dt: 1717.96ms | tok/s: 305,179 | mfu: 34.84 | epoch: 1 | eta: 40.8m
step 00777/02205 (35.24%) [ns3] | loss: 3.432806 | lrm: 1.00 | dt: 1713.94ms | tok/s: 305,896 | mfu: 34.92 | epoch: 1 | eta: 40.8m
step 00778/02205 (35.28%) [ns3] | loss: 3.438163 | lrm: 1.00 | dt: 1714.63ms | tok/s: 305,773 | mfu: 34.90 | epoch: 1 | eta: 40.8m
step 00779/02205 (35.33%) [ns3] | loss: 3.443317 | lrm: 1.00 | dt: 1717.50ms | tok/s: 305,261 | mfu: 34.85 | epoch: 1 | eta: 40.7m
step 00780/02205 (35.37%) [ns3] | loss: 3.442565 | lrm: 1.00 | dt: 1714.22ms | tok/s: 305,846 | mfu: 34.91 | epoch: 1 | eta: 40.7m
step 00781/02205 (35.42%) [ns3] | loss: 3.438760 | lrm: 1.00 | dt: 1720.73ms | tok/s: 304,688 | mfu: 34.78 | epoch: 1 | eta: 40.7m
step 00782/02205 (35.46%) [ns3] | loss: 3.438659 | lrm: 1.00 | dt: 1716.50ms | tok/s: 305,439 | mfu: 34.87 | epoch: 1 | eta: 40.6m
step 00783/02205 (35.51%) [ns3] | loss: 3.428217 | lrm: 1.00 | dt: 1712.88ms | tok/s: 306,086 | mfu: 34.94 | epoch: 1 | eta: 40.6m
step 00784/02205 (35.56%) [ns3] | loss: 3.435507 | lrm: 1.00 | dt: 1718.37ms | tok/s: 305,107 | mfu: 34.83 | epoch: 1 | eta: 40.6m
step 00785/02205 (35.60%) [ns3] | loss: 3.436661 | lrm: 1.00 | dt: 1716.68ms | tok/s: 305,408 | mfu: 34.86 | epoch: 1 | eta: 40.6m
step 00786/02205 (35.65%) [ns3] | loss: 3.432057 | lrm: 1.00 | dt: 1707.37ms | tok/s: 307,073 | mfu: 35.05 | epoch: 1 | eta: 40.5m
step 00787/02205 (35.69%) [ns3] | loss: 3.433465 | lrm: 1.00 | dt: 1716.96ms | tok/s: 305,358 | mfu: 34.86 | epoch: 1 | eta: 40.5m
step 00788/02205 (35.74%) [ns3] | loss: 3.440353 | lrm: 1.00 | dt: 1712.59ms | tok/s: 306,136 | mfu: 34.95 | epoch: 1 | eta: 40.5m
step 00789/02205 (35.78%) [ns3] | loss: 3.435270 | lrm: 1.00 | dt: 1714.73ms | tok/s: 305,756 | mfu: 34.90 | epoch: 1 | eta: 40.4m
step 00790/02205 (35.83%) [ns3] | loss: 3.440868 | lrm: 1.00 | dt: 1715.28ms | tok/s: 305,657 | mfu: 34.89 | epoch: 1 | eta: 40.4m
step 00791/02205 (35.87%) [ns3] | loss: 3.442992 | lrm: 1.00 | dt: 1714.04ms | tok/s: 305,878 | mfu: 34.92 | epoch: 1 | eta: 40.4m
step 00792/02205 (35.92%) [ns3] | loss: 3.451018 | lrm: 1.00 | dt: 1714.48ms | tok/s: 305,800 | mfu: 34.91 | epoch: 1 | eta: 40.4m
step 00793/02205 (35.96%) [ns3] | loss: 3.448204 | lrm: 1.00 | dt: 1718.94ms | tok/s: 305,006 | mfu: 34.82 | epoch: 1 | eta: 40.3m
step 00794/02205 (36.01%) [ns3] | loss: 3.443119 | lrm: 1.00 | dt: 1722.52ms | tok/s: 304,372 | mfu: 34.74 | epoch: 1 | eta: 40.3m
step 00795/02205 (36.05%) [ns3] | loss: 3.442976 | lrm: 1.00 | dt: 1718.58ms | tok/s: 305,071 | mfu: 34.82 | epoch: 1 | eta: 40.3m
step 00796/02205 (36.10%) [ns3] | loss: 3.437241 | lrm: 1.00 | dt: 1722.72ms | tok/s: 304,336 | mfu: 34.74 | epoch: 1 | eta: 40.2m
step 00797/02205 (36.15%) [ns3] | loss: 3.430540 | lrm: 1.00 | dt: 1716.94ms | tok/s: 305,362 | mfu: 34.86 | epoch: 1 | eta: 40.2m
step 00798/02205 (36.19%) [ns3] | loss: 3.432274 | lrm: 1.00 | dt: 1716.08ms | tok/s: 305,514 | mfu: 34.87 | epoch: 1 | eta: 40.2m
step 00799/02205 (36.24%) [ns3] | loss: 3.447281 | lrm: 1.00 | dt: 1722.49ms | tok/s: 304,378 | mfu: 34.75 | epoch: 1 | eta: 40.2m
step 00800/02205 (36.28%) [ns3] | loss: 3.448617 | lrm: 1.00 | dt: 1712.78ms | tok/s: 306,103 | mfu: 34.94 | epoch: 1 | eta: 40.1m
step 00801/02205 (36.33%) [ns3] | loss: 3.445158 | lrm: 1.00 | dt: 1714.27ms | tok/s: 305,837 | mfu: 34.91 | epoch: 1 | eta: 40.1m
step 00802/02205 (36.37%) [ns3] | loss: 3.439792 | lrm: 1.00 | dt: 1716.24ms | tok/s: 305,486 | mfu: 34.87 | epoch: 1 | eta: 40.1m
step 00803/02205 (36.42%) [ns3] | loss: 3.437503 | lrm: 1.00 | dt: 1717.33ms | tok/s: 305,292 | mfu: 34.85 | epoch: 1 | eta: 40.0m
step 00804/02205 (36.46%) [ns3] | loss: 3.436576 | lrm: 1.00 | dt: 1713.90ms | tok/s: 305,903 | mfu: 34.92 | epoch: 1 | eta: 40.0m
step 00805/02205 (36.51%) [ns3] | loss: 3.442875 | lrm: 1.00 | dt: 1717.99ms | tok/s: 305,174 | mfu: 34.84 | epoch: 1 | eta: 40.0m
step 00806/02205 (36.55%) [ns3] | loss: 3.434875 | lrm: 1.00 | dt: 1715.43ms | tok/s: 305,630 | mfu: 34.89 | epoch: 1 | eta: 40.0m
step 00807/02205 (36.60%) [ns3] | loss: 3.428584 | lrm: 1.00 | dt: 1715.20ms | tok/s: 305,671 | mfu: 34.89 | epoch: 1 | eta: 39.9m
step 00808/02205 (36.64%) [ns3] | loss: 3.436654 | lrm: 1.00 | dt: 1717.15ms | tok/s: 305,324 | mfu: 34.85 | epoch: 1 | eta: 39.9m
step 00809/02205 (36.69%) [ns3] | loss: 3.428769 | lrm: 1.00 | dt: 1721.20ms | tok/s: 304,606 | mfu: 34.77 | epoch: 1 | eta: 39.9m
step 00810/02205 (36.73%) [ns3] | loss: 3.432513 | lrm: 1.00 | dt: 1717.34ms | tok/s: 305,290 | mfu: 34.85 | epoch: 1 | eta: 39.8m
step 00811/02205 (36.78%) [ns3] | loss: 3.433816 | lrm: 1.00 | dt: 1714.28ms | tok/s: 305,834 | mfu: 34.91 | epoch: 1 | eta: 39.8m
step 00812/02205 (36.83%) [ns3] | loss: 3.429845 | lrm: 1.00 | dt: 1718.58ms | tok/s: 305,070 | mfu: 34.82 | epoch: 1 | eta: 39.8m
step 00813/02205 (36.87%) [ns3] | loss: 3.433360 | lrm: 1.00 | dt: 1719.68ms | tok/s: 304,874 | mfu: 34.80 | epoch: 1 | eta: 39.8m
step 00814/02205 (36.92%) [ns3] | loss: 3.438342 | lrm: 1.00 | dt: 1717.47ms | tok/s: 305,267 | mfu: 34.85 | epoch: 1 | eta: 39.7m
step 00815/02205 (36.96%) [ns3] | loss: 3.436940 | lrm: 1.00 | dt: 1716.00ms | tok/s: 305,529 | mfu: 34.88 | epoch: 1 | eta: 39.7m
step 00816/02205 (37.01%) [ns3] | loss: 3.438685 | lrm: 1.00 | dt: 1714.90ms | tok/s: 305,724 | mfu: 34.90 | epoch: 1 | eta: 39.7m
step 00817/02205 (37.05%) [ns3] | loss: 3.433599 | lrm: 1.00 | dt: 1717.85ms | tok/s: 305,200 | mfu: 34.84 | epoch: 1 | eta: 39.6m
step 00818/02205 (37.10%) [ns3] | loss: 3.428994 | lrm: 1.00 | dt: 1719.34ms | tok/s: 304,935 | mfu: 34.81 | epoch: 1 | eta: 39.6m
step 00819/02205 (37.14%) [ns3] | loss: 3.434142 | lrm: 1.00 | dt: 1720.72ms | tok/s: 304,690 | mfu: 34.78 | epoch: 1 | eta: 39.6m
step 00820/02205 (37.19%) [ns3] | loss: 3.435172 | lrm: 1.00 | dt: 1711.38ms | tok/s: 306,353 | mfu: 34.97 | epoch: 1 | eta: 39.6m
step 00821/02205 (37.23%) [ns3] | loss: 3.432835 | lrm: 1.00 | dt: 1713.52ms | tok/s: 305,971 | mfu: 34.93 | epoch: 1 | eta: 39.5m
step 00822/02205 (37.28%) [ns3] | loss: 3.427438 | lrm: 1.00 | dt: 1716.41ms | tok/s: 305,455 | mfu: 34.87 | epoch: 1 | eta: 39.5m
step 00823/02205 (37.32%) [ns3] | loss: 3.434316 | lrm: 1.00 | dt: 1722.73ms | tok/s: 304,335 | mfu: 34.74 | epoch: 1 | eta: 39.5m
step 00824/02205 (37.37%) [ns3] | loss: 3.439448 | lrm: 1.00 | dt: 1713.01ms | tok/s: 306,062 | mfu: 34.94 | epoch: 1 | eta: 39.4m
step 00825/02205 (37.41%) [ns3] | loss: 3.432106 | lrm: 1.00 | dt: 1712.41ms | tok/s: 306,169 | mfu: 34.95 | epoch: 1 | eta: 39.4m
step 00826/02205 (37.46%) [ns3] | loss: 3.434586 | lrm: 1.00 | dt: 1714.56ms | tok/s: 305,785 | mfu: 34.91 | epoch: 1 | eta: 39.4m
step 00827/02205 (37.51%) [ns3] | loss: 3.432664 | lrm: 1.00 | dt: 1715.36ms | tok/s: 305,642 | mfu: 34.89 | epoch: 1 | eta: 39.4m
step 00828/02205 (37.55%) [ns3] | loss: 3.430271 | lrm: 1.00 | dt: 1716.61ms | tok/s: 305,420 | mfu: 34.86 | epoch: 1 | eta: 39.3m
step 00829/02205 (37.60%) [ns3] | loss: 3.431855 | lrm: 1.00 | dt: 1720.79ms | tok/s: 304,678 | mfu: 34.78 | epoch: 1 | eta: 39.3m
step 00830/02205 (37.64%) [ns3] | loss: 3.439575 | lrm: 1.00 | dt: 1714.07ms | tok/s: 305,873 | mfu: 34.92 | epoch: 1 | eta: 39.3m
step 00831/02205 (37.69%) [ns3] | loss: 3.442727 | lrm: 1.00 | dt: 1714.17ms | tok/s: 305,855 | mfu: 34.91 | epoch: 1 | eta: 39.2m
step 00832/02205 (37.73%) [ns3] | loss: 3.444854 | lrm: 1.00 | dt: 1714.31ms | tok/s: 305,830 | mfu: 34.91 | epoch: 1 | eta: 39.2m
step 00833/02205 (37.78%) [ns3] | loss: 3.443165 | lrm: 1.00 | dt: 1721.29ms | tok/s: 304,590 | mfu: 34.77 | epoch: 1 | eta: 39.2m
step 00834/02205 (37.82%) [ns3] | loss: 3.445020 | lrm: 1.00 | dt: 1715.99ms | tok/s: 305,531 | mfu: 34.88 | epoch: 1 | eta: 39.2m
step 00835/02205 (37.87%) [ns3] | loss: 3.442958 | lrm: 1.00 | dt: 1717.88ms | tok/s: 305,194 | mfu: 34.84 | epoch: 1 | eta: 39.1m
step 00836/02205 (37.91%) [ns3] | loss: 3.430540 | lrm: 1.00 | dt: 1717.06ms | tok/s: 305,340 | mfu: 34.85 | epoch: 1 | eta: 39.1m
step 00837/02205 (37.96%) [ns3] | loss: 3.430822 | lrm: 1.00 | dt: 1716.45ms | tok/s: 305,449 | mfu: 34.87 | epoch: 1 | eta: 39.1m
step 00838/02205 (38.00%) [ns3] | loss: 3.428784 | lrm: 1.00 | dt: 1715.96ms | tok/s: 305,536 | mfu: 34.88 | epoch: 1 | eta: 39.0m
step 00839/02205 (38.05%) [ns3] | loss: 3.419263 | lrm: 1.00 | dt: 1718.87ms | tok/s: 305,018 | mfu: 34.82 | epoch: 1 | eta: 39.0m
step 00840/02205 (38.10%) [ns3] | loss: 3.423999 | lrm: 1.00 | dt: 1716.18ms | tok/s: 305,496 | mfu: 34.87 | epoch: 1 | eta: 39.0m
step 00841/02205 (38.14%) [ns3] | loss: 3.420535 | lrm: 1.00 | dt: 1717.43ms | tok/s: 305,274 | mfu: 34.85 | epoch: 1 | eta: 39.0m
step 00842/02205 (38.19%) [ns3] | loss: 3.418083 | lrm: 1.00 | dt: 1711.64ms | tok/s: 306,308 | mfu: 34.97 | epoch: 1 | eta: 38.9m
step 00843/02205 (38.23%) [ns3] | loss: 3.430024 | lrm: 1.00 | dt: 1716.33ms | tok/s: 305,471 | mfu: 34.87 | epoch: 1 | eta: 38.9m
step 00844/02205 (38.28%) [ns3] | loss: 3.443847 | lrm: 1.00 | dt: 1717.09ms | tok/s: 305,335 | mfu: 34.85 | epoch: 1 | eta: 38.9m
step 00845/02205 (38.32%) [ns3] | loss: 3.444492 | lrm: 1.00 | dt: 1718.71ms | tok/s: 305,047 | mfu: 34.82 | epoch: 1 | eta: 38.8m
step 00846/02205 (38.37%) [ns3] | loss: 3.436722 | lrm: 1.00 | dt: 1713.22ms | tok/s: 306,024 | mfu: 34.93 | epoch: 1 | eta: 38.8m
step 00847/02205 (38.41%) [ns3] | loss: 3.445036 | lrm: 1.00 | dt: 1718.43ms | tok/s: 305,097 | mfu: 34.83 | epoch: 1 | eta: 38.8m
step 00848/02205 (38.46%) [ns3] | loss: 3.435845 | lrm: 1.00 | dt: 1718.29ms | tok/s: 305,121 | mfu: 34.83 | epoch: 1 | eta: 38.8m
step 00849/02205 (38.50%) [ns3] | loss: 3.440096 | lrm: 1.00 | dt: 1716.35ms | tok/s: 305,467 | mfu: 34.87 | epoch: 1 | eta: 38.7m
step 00850/02205 (38.55%) [ns3] | loss: 3.434824 | lrm: 1.00 | dt: 1719.99ms | tok/s: 304,821 | mfu: 34.80 | epoch: 1 | eta: 38.7m
step 00851/02205 (38.59%) [ns3] | loss: 3.439001 | lrm: 1.00 | dt: 1718.90ms | tok/s: 305,012 | mfu: 34.82 | epoch: 1 | eta: 38.7m
step 00852/02205 (38.64%) [ns3] | loss: 3.442176 | lrm: 1.00 | dt: 1719.12ms | tok/s: 304,974 | mfu: 34.81 | epoch: 1 | eta: 38.6m
step 00853/02205 (38.68%) [ns3] | loss: 3.432013 | lrm: 1.00 | dt: 1717.63ms | tok/s: 305,239 | mfu: 34.84 | epoch: 1 | eta: 38.6m
step 00854/02205 (38.73%) [ns3] | loss: 3.438090 | lrm: 1.00 | dt: 1716.63ms | tok/s: 305,417 | mfu: 34.86 | epoch: 1 | eta: 38.6m
step 00855/02205 (38.78%) [ns3] | loss: 3.441527 | lrm: 1.00 | dt: 1724.84ms | tok/s: 303,962 | mfu: 34.70 | epoch: 1 | eta: 38.6m
step 00856/02205 (38.82%) [ns3] | loss: 3.437541 | lrm: 1.00 | dt: 1714.08ms | tok/s: 305,871 | mfu: 34.92 | epoch: 1 | eta: 38.5m
step 00857/02205 (38.87%) [ns3] | loss: 3.440509 | lrm: 1.00 | dt: 1716.49ms | tok/s: 305,442 | mfu: 34.87 | epoch: 1 | eta: 38.5m
step 00858/02205 (38.91%) [ns3] | loss: 3.444307 | lrm: 1.00 | dt: 1717.92ms | tok/s: 305,186 | mfu: 34.84 | epoch: 1 | eta: 38.5m
step 00859/02205 (38.96%) [ns3] | loss: 3.439317 | lrm: 1.00 | dt: 1721.21ms | tok/s: 304,603 | mfu: 34.77 | epoch: 1 | eta: 38.4m
step 00860/02205 (39.00%) [ns3] | loss: 3.434830 | lrm: 1.00 | dt: 1712.87ms | tok/s: 306,088 | mfu: 34.94 | epoch: 1 | eta: 38.4m
step 00861/02205 (39.05%) [ns3] | loss: 3.434597 | lrm: 1.00 | dt: 1716.24ms | tok/s: 305,486 | mfu: 34.87 | epoch: 1 | eta: 38.4m
step 00862/02205 (39.09%) [ns3] | loss: 3.435176 | lrm: 1.00 | dt: 1715.57ms | tok/s: 305,605 | mfu: 34.89 | epoch: 1 | eta: 38.4m
step 00863/02205 (39.14%) [ns3] | loss: 3.430143 | lrm: 1.00 | dt: 1716.60ms | tok/s: 305,422 | mfu: 34.86 | epoch: 1 | eta: 38.3m
step 00864/02205 (39.18%) [ns3] | loss: 3.427638 | lrm: 1.00 | dt: 1720.48ms | tok/s: 304,734 | mfu: 34.79 | epoch: 1 | eta: 38.3m
step 00865/02205 (39.23%) [ns3] | loss: 3.423682 | lrm: 1.00 | dt: 1715.05ms | tok/s: 305,698 | mfu: 34.90 | epoch: 1 | eta: 38.3m
step 00866/02205 (39.27%) [ns3] | loss: 3.417477 | lrm: 1.00 | dt: 1714.06ms | tok/s: 305,874 | mfu: 34.92 | epoch: 1 | eta: 38.2m
step 00867/02205 (39.32%) [ns3] | loss: 3.426261 | lrm: 1.00 | dt: 1718.90ms | tok/s: 305,013 | mfu: 34.82 | epoch: 1 | eta: 38.2m
step 00868/02205 (39.37%) [ns3] | loss: 3.427861 | lrm: 1.00 | dt: 1713.19ms | tok/s: 306,030 | mfu: 34.93 | epoch: 1 | eta: 38.2m
step 00869/02205 (39.41%) [ns3] | loss: 3.422327 | lrm: 1.00 | dt: 1717.65ms | tok/s: 305,235 | mfu: 34.84 | epoch: 1 | eta: 38.2m
step 00870/02205 (39.46%) [ns3] | loss: 3.436842 | lrm: 1.00 | dt: 1714.89ms | tok/s: 305,727 | mfu: 34.90 | epoch: 1 | eta: 38.1m
step 00871/02205 (39.50%) [ns3] | loss: 3.436188 | lrm: 1.00 | dt: 1716.75ms | tok/s: 305,396 | mfu: 34.86 | epoch: 1 | eta: 38.1m
step 00872/02205 (39.55%) [ns3] | loss: 3.427894 | lrm: 1.00 | dt: 1716.25ms | tok/s: 305,485 | mfu: 34.87 | epoch: 1 | eta: 38.1m
step 00873/02205 (39.59%) [ns3] | loss: 3.434019 | lrm: 1.00 | dt: 1719.60ms | tok/s: 304,889 | mfu: 34.80 | epoch: 1 | eta: 38.0m
step 00874/02205 (39.64%) [ns3] | loss: 3.440475 | lrm: 1.00 | dt: 1714.74ms | tok/s: 305,754 | mfu: 34.90 | epoch: 1 | eta: 38.0m
step 00875/02205 (39.68%) [ns3] | loss: 3.435201 | lrm: 1.00 | dt: 1715.08ms | tok/s: 305,692 | mfu: 34.90 | epoch: 1 | eta: 38.0m
step 00876/02205 (39.73%) [ns3] | loss: 3.438010 | lrm: 1.00 | dt: 1712.52ms | tok/s: 306,149 | mfu: 34.95 | epoch: 1 | eta: 38.0m
step 00877/02205 (39.77%) [ns3] | loss: 3.443509 | lrm: 1.00 | dt: 1712.68ms | tok/s: 306,121 | mfu: 34.94 | epoch: 1 | eta: 37.9m
step 00878/02205 (39.82%) [ns3] | loss: 3.442151 | lrm: 1.00 | dt: 1712.08ms | tok/s: 306,227 | mfu: 34.96 | epoch: 1 | eta: 37.9m
step 00879/02205 (39.86%) [ns3] | loss: 3.442455 | lrm: 1.00 | dt: 1719.39ms | tok/s: 304,925 | mfu: 34.81 | epoch: 1 | eta: 37.9m
step 00880/02205 (39.91%) [ns3] | loss: 3.434072 | lrm: 1.00 | dt: 1716.64ms | tok/s: 305,415 | mfu: 34.86 | epoch: 1 | eta: 37.8m
step 00881/02205 (39.95%) [ns3] | loss: 3.437225 | lrm: 1.00 | dt: 1712.72ms | tok/s: 306,114 | mfu: 34.94 | epoch: 1 | eta: 37.8m
step 00882/02205 (40.00%) [ns3] | loss: 3.445199 | lrm: 1.00 | dt: 1717.86ms | tok/s: 305,198 | mfu: 34.84 | epoch: 1 | eta: 37.8m
step 00883/02205 (40.05%) [ns3] | loss: 3.449338 | lrm: 1.00 | dt: 1720.22ms | tok/s: 304,779 | mfu: 34.79 | epoch: 1 | eta: 37.8m
step 00884/02205 (40.09%) [ns3] | loss: 3.449442 | lrm: 1.00 | dt: 1716.28ms | tok/s: 305,479 | mfu: 34.87 | epoch: 1 | eta: 37.7m
step 00885/02205 (40.14%) [ns3] | loss: 3.443646 | lrm: 1.00 | dt: 1720.67ms | tok/s: 304,699 | mfu: 34.78 | epoch: 1 | eta: 37.7m
step 00886/02205 (40.18%) [ns3] | loss: 3.441198 | lrm: 1.00 | dt: 1714.19ms | tok/s: 305,851 | mfu: 34.91 | epoch: 1 | eta: 37.7m
step 00887/02205 (40.23%) [ns3] | loss: 3.436472 | lrm: 1.00 | dt: 1717.48ms | tok/s: 305,265 | mfu: 34.85 | epoch: 1 | eta: 37.6m
step 00888/02205 (40.27%) [ns3] | loss: 3.435356 | lrm: 1.00 | dt: 1714.34ms | tok/s: 305,825 | mfu: 34.91 | epoch: 1 | eta: 37.6m
step 00889/02205 (40.32%) [ns3] | loss: 3.437367 | lrm: 1.00 | dt: 1718.81ms | tok/s: 305,029 | mfu: 34.82 | epoch: 1 | eta: 37.6m
step 00890/02205 (40.36%) [ns3] | loss: 3.436474 | lrm: 1.00 | dt: 1710.69ms | tok/s: 306,477 | mfu: 34.98 | epoch: 1 | eta: 37.6m
step 00891/02205 (40.41%) [ns3] | loss: 3.438455 | lrm: 1.00 | dt: 1712.13ms | tok/s: 306,219 | mfu: 34.96 | epoch: 1 | eta: 37.5m
step 00892/02205 (40.45%) [ns3] | loss: 3.435087 | lrm: 1.00 | dt: 1714.98ms | tok/s: 305,710 | mfu: 34.90 | epoch: 1 | eta: 37.5m
step 00893/02205 (40.50%) [ns3] | loss: 3.432757 | lrm: 1.00 | dt: 1715.30ms | tok/s: 305,654 | mfu: 34.89 | epoch: 1 | eta: 37.5m
step 00894/02205 (40.54%) [ns3] | loss: 3.435019 | lrm: 1.00 | dt: 1719.52ms | tok/s: 304,903 | mfu: 34.81 | epoch: 1 | eta: 37.4m
step 00895/02205 (40.59%) [ns3] | loss: 3.436899 | lrm: 1.00 | dt: 1714.87ms | tok/s: 305,730 | mfu: 34.90 | epoch: 1 | eta: 37.4m
step 00896/02205 (40.63%) [ns3] | loss: 3.432524 | lrm: 1.00 | dt: 1711.85ms | tok/s: 306,270 | mfu: 34.96 | epoch: 1 | eta: 37.4m
step 00897/02205 (40.68%) [ns3] | loss: 3.440840 | lrm: 1.00 | dt: 1717.97ms | tok/s: 305,178 | mfu: 34.84 | epoch: 1 | eta: 37.4m
step 00898/02205 (40.73%) [ns3] | loss: 3.434839 | lrm: 1.00 | dt: 1718.61ms | tok/s: 305,065 | mfu: 34.82 | epoch: 1 | eta: 37.3m
step 00899/02205 (40.77%) [ns3] | loss: 3.432877 | lrm: 1.00 | dt: 1709.82ms | tok/s: 306,634 | mfu: 35.00 | epoch: 1 | eta: 37.3m
step 00900/02205 (40.82%) [ns3] | loss: 3.428987 | lrm: 1.00 | dt: 1714.66ms | tok/s: 305,768 | mfu: 34.90 | epoch: 1 | eta: 37.3m
step 00901/02205 (40.86%) [ns3] | loss: 3.429345 | lrm: 1.00 | dt: 1715.70ms | tok/s: 305,581 | mfu: 34.88 | epoch: 1 | eta: 37.2m
step 00902/02205 (40.91%) [ns3] | loss: 3.420153 | lrm: 1.00 | dt: 1715.33ms | tok/s: 305,649 | mfu: 34.89 | epoch: 1 | eta: 37.2m
step 00903/02205 (40.95%) [ns3] | loss: 3.403632 | lrm: 1.00 | dt: 1724.90ms | tok/s: 303,953 | mfu: 34.70 | epoch: 1 | eta: 37.2m
step 00904/02205 (41.00%) [ns3] | loss: 3.411755 | lrm: 1.00 | dt: 1713.45ms | tok/s: 305,984 | mfu: 34.93 | epoch: 1 | eta: 37.2m
step 00905/02205 (41.04%) [ns3] | loss: 3.417844 | lrm: 1.00 | dt: 1715.06ms | tok/s: 305,695 | mfu: 34.90 | epoch: 1 | eta: 37.1m
step 00906/02205 (41.09%) [ns3] | loss: 3.421485 | lrm: 1.00 | dt: 1715.64ms | tok/s: 305,594 | mfu: 34.88 | epoch: 1 | eta: 37.1m
step 00907/02205 (41.13%) [ns3] | loss: 3.418144 | lrm: 1.00 | dt: 1724.09ms | tok/s: 304,094 | mfu: 34.71 | epoch: 1 | eta: 37.1m
step 00908/02205 (41.18%) [ns3] | loss: 3.417263 | lrm: 1.00 | dt: 1715.51ms | tok/s: 305,616 | mfu: 34.89 | epoch: 1 | eta: 37.1m
step 00909/02205 (41.22%) [ns3] | loss: 3.421304 | lrm: 1.00 | dt: 1716.62ms | tok/s: 305,418 | mfu: 34.86 | epoch: 1 | eta: 37.0m
step 00910/02205 (41.27%) [ns3] | loss: 3.419206 | lrm: 1.00 | dt: 1721.42ms | tok/s: 304,567 | mfu: 34.77 | epoch: 1 | eta: 37.0m
step 00911/02205 (41.32%) [ns3] | loss: 3.420736 | lrm: 1.00 | dt: 1710.53ms | tok/s: 306,505 | mfu: 34.99 | epoch: 1 | eta: 37.0m
step 00912/02205 (41.36%) [ns3] | loss: 3.429470 | lrm: 1.00 | dt: 1713.33ms | tok/s: 306,004 | mfu: 34.93 | epoch: 1 | eta: 36.9m
step 00913/02205 (41.41%) [ns3] | loss: 3.422515 | lrm: 1.00 | dt: 1713.61ms | tok/s: 305,954 | mfu: 34.93 | epoch: 1 | eta: 36.9m
step 00914/02205 (41.45%) [ns3] | loss: 3.409130 | lrm: 1.00 | dt: 1711.42ms | tok/s: 306,345 | mfu: 34.97 | epoch: 1 | eta: 36.9m
step 00915/02205 (41.50%) [ns3] | loss: 3.414503 | lrm: 1.00 | dt: 1718.96ms | tok/s: 305,003 | mfu: 34.82 | epoch: 1 | eta: 36.9m
step 00916/02205 (41.54%) [ns3] | loss: 3.418518 | lrm: 1.00 | dt: 1718.05ms | tok/s: 305,164 | mfu: 34.83 | epoch: 1 | eta: 36.8m
step 00917/02205 (41.59%) [ns3] | loss: 3.413220 | lrm: 1.00 | dt: 1716.68ms | tok/s: 305,407 | mfu: 34.86 | epoch: 1 | eta: 36.8m
step 00918/02205 (41.63%) [ns3] | loss: 3.420810 | lrm: 1.00 | dt: 1710.67ms | tok/s: 306,480 | mfu: 34.99 | epoch: 1 | eta: 36.8m
step 00919/02205 (41.68%) [ns3] | loss: 3.423998 | lrm: 1.00 | dt: 1714.76ms | tok/s: 305,749 | mfu: 34.90 | epoch: 1 | eta: 36.7m
step 00920/02205 (41.72%) [ns3] | loss: 3.419450 | lrm: 1.00 | dt: 1714.08ms | tok/s: 305,870 | mfu: 34.92 | epoch: 1 | eta: 36.7m
step 00921/02205 (41.77%) [ns3] | loss: 3.421557 | lrm: 1.00 | dt: 1715.51ms | tok/s: 305,616 | mfu: 34.89 | epoch: 1 | eta: 36.7m
step 00922/02205 (41.81%) [ns3] | loss: 3.417006 | lrm: 1.00 | dt: 1718.09ms | tok/s: 305,156 | mfu: 34.83 | epoch: 1 | eta: 36.7m
step 00923/02205 (41.86%) [ns3] | loss: 3.417048 | lrm: 1.00 | dt: 1717.34ms | tok/s: 305,290 | mfu: 34.85 | epoch: 1 | eta: 36.6m
step 00924/02205 (41.90%) [ns3] | loss: 3.417549 | lrm: 1.00 | dt: 1717.91ms | tok/s: 305,190 | mfu: 34.84 | epoch: 1 | eta: 36.6m
step 00925/02205 (41.95%) [ns3] | loss: 3.416318 | lrm: 1.00 | dt: 1714.14ms | tok/s: 305,861 | mfu: 34.91 | epoch: 1 | eta: 36.6m
step 00926/02205 (42.00%) [ns3] | loss: 3.412228 | lrm: 1.00 | dt: 1717.17ms | tok/s: 305,321 | mfu: 34.85 | epoch: 1 | eta: 36.5m
step 00927/02205 (42.04%) [ns3] | loss: 3.407177 | lrm: 1.00 | dt: 1715.41ms | tok/s: 305,634 | mfu: 34.89 | epoch: 1 | eta: 36.5m
step 00928/02205 (42.09%) [ns3] | loss: 3.407798 | lrm: 1.00 | dt: 1715.72ms | tok/s: 305,579 | mfu: 34.88 | epoch: 1 | eta: 36.5m
step 00929/02205 (42.13%) [ns3] | loss: 3.404766 | lrm: 1.00 | dt: 1713.56ms | tok/s: 305,964 | mfu: 34.93 | epoch: 1 | eta: 36.5m
step 00930/02205 (42.18%) [ns3] | loss: 3.422624 | lrm: 1.00 | dt: 1718.53ms | tok/s: 305,079 | mfu: 34.83 | epoch: 1 | eta: 36.4m
step 00931/02205 (42.22%) [ns3] | loss: 3.425853 | lrm: 1.00 | dt: 1718.56ms | tok/s: 305,073 | mfu: 34.82 | epoch: 1 | eta: 36.4m
step 00932/02205 (42.27%) [ns3] | loss: 3.418082 | lrm: 1.00 | dt: 1719.14ms | tok/s: 304,971 | mfu: 34.81 | epoch: 1 | eta: 36.4m
step 00933/02205 (42.31%) [ns3] | loss: 3.406599 | lrm: 1.00 | dt: 1715.91ms | tok/s: 305,544 | mfu: 34.88 | epoch: 1 | eta: 36.3m
step 00934/02205 (42.36%) [ns3] | loss: 3.404507 | lrm: 1.00 | dt: 1715.40ms | tok/s: 305,635 | mfu: 34.89 | epoch: 1 | eta: 36.3m
step 00935/02205 (42.40%) [ns3] | loss: 3.397609 | lrm: 1.00 | dt: 1715.34ms | tok/s: 305,647 | mfu: 34.89 | epoch: 1 | eta: 36.3m
step 00936/02205 (42.45%) [ns3] | loss: 3.388248 | lrm: 1.00 | dt: 1717.72ms | tok/s: 305,223 | mfu: 34.84 | epoch: 1 | eta: 36.3m
step 00937/02205 (42.49%) [ns3] | loss: 3.391595 | lrm: 1.00 | dt: 1718.26ms | tok/s: 305,127 | mfu: 34.83 | epoch: 1 | eta: 36.2m
step 00938/02205 (42.54%) [ns3] | loss: 3.391861 | lrm: 1.00 | dt: 1712.53ms | tok/s: 306,148 | mfu: 34.95 | epoch: 1 | eta: 36.2m
step 00939/02205 (42.59%) [ns3] | loss: 3.389595 | lrm: 1.00 | dt: 1720.46ms | tok/s: 304,737 | mfu: 34.79 | epoch: 1 | eta: 36.2m
step 00940/02205 (42.63%) [ns3] | loss: 3.391119 | lrm: 1.00 | dt: 1716.05ms | tok/s: 305,519 | mfu: 34.88 | epoch: 1 | eta: 36.1m
step 00941/02205 (42.68%) [ns3] | loss: 3.387066 | lrm: 1.00 | dt: 1713.01ms | tok/s: 306,063 | mfu: 34.94 | epoch: 1 | eta: 36.1m
step 00942/02205 (42.72%) [ns3] | loss: 3.389226 | lrm: 1.00 | dt: 1716.89ms | tok/s: 305,370 | mfu: 34.86 | epoch: 1 | eta: 36.1m
step 00943/02205 (42.77%) [ns3] | loss: 3.394731 | lrm: 1.00 | dt: 1719.07ms | tok/s: 304,983 | mfu: 34.81 | epoch: 1 | eta: 36.1m
step 00944/02205 (42.81%) [ns3] | loss: 3.391535 | lrm: 1.00 | dt: 1714.97ms | tok/s: 305,712 | mfu: 34.90 | epoch: 1 | eta: 36.0m
step 00945/02205 (42.86%) [ns3] | loss: 3.397886 | lrm: 1.00 | dt: 1716.91ms | tok/s: 305,368 | mfu: 34.86 | epoch: 1 | eta: 36.0m
step 00946/02205 (42.90%) [ns3] | loss: 3.408193 | lrm: 1.00 | dt: 1720.63ms | tok/s: 304,706 | mfu: 34.78 | epoch: 1 | eta: 36.0m
step 00947/02205 (42.95%) [ns3] | loss: 3.420254 | lrm: 1.00 | dt: 1715.51ms | tok/s: 305,616 | mfu: 34.89 | epoch: 1 | eta: 35.9m
step 00948/02205 (42.99%) [ns3] | loss: 3.417634 | lrm: 1.00 | dt: 1720.34ms | tok/s: 304,758 | mfu: 34.79 | epoch: 1 | eta: 35.9m
step 00949/02205 (43.04%) [ns3] | loss: 3.415861 | lrm: 1.00 | dt: 1721.87ms | tok/s: 304,488 | mfu: 34.76 | epoch: 1 | eta: 35.9m
step 00950/02205 (43.08%) [ns3] | loss: 3.408054 | lrm: 1.00 | dt: 1715.67ms | tok/s: 305,587 | mfu: 34.88 | epoch: 1 | eta: 35.9m
step 00951/02205 (43.13%) [ns3] | loss: 3.399831 | lrm: 1.00 | dt: 1725.25ms | tok/s: 303,891 | mfu: 34.69 | epoch: 1 | eta: 35.8m
step 00952/02205 (43.17%) [ns3] | loss: 3.385986 | lrm: 1.00 | dt: 1718.73ms | tok/s: 305,043 | mfu: 34.82 | epoch: 1 | eta: 35.8m
step 00953/02205 (43.22%) [ns3] | loss: 3.377429 | lrm: 1.00 | dt: 1712.84ms | tok/s: 306,092 | mfu: 34.94 | epoch: 1 | eta: 35.8m
step 00954/02205 (43.27%) [ns3] | loss: 3.378326 | lrm: 1.00 | dt: 1722.92ms | tok/s: 304,302 | mfu: 34.74 | epoch: 1 | eta: 35.7m
step 00955/02205 (43.31%) [ns3] | loss: 3.383190 | lrm: 1.00 | dt: 1714.33ms | tok/s: 305,827 | mfu: 34.91 | epoch: 1 | eta: 35.7m
step 00956/02205 (43.36%) [ns3] | loss: 3.393119 | lrm: 1.00 | dt: 1717.33ms | tok/s: 305,292 | mfu: 34.85 | epoch: 1 | eta: 35.7m
step 00957/02205 (43.40%) [ns3] | loss: 3.391988 | lrm: 1.00 | dt: 1717.96ms | tok/s: 305,181 | mfu: 34.84 | epoch: 1 | eta: 35.7m
step 00958/02205 (43.45%) [ns3] | loss: 3.386626 | lrm: 1.00 | dt: 1719.93ms | tok/s: 304,830 | mfu: 34.80 | epoch: 1 | eta: 35.6m
step 00959/02205 (43.49%) [ns3] | loss: 3.400605 | lrm: 1.00 | dt: 1712.85ms | tok/s: 306,091 | mfu: 34.94 | epoch: 1 | eta: 35.6m
step 00960/02205 (43.54%) [ns3] | loss: 3.387866 | lrm: 1.00 | dt: 1723.77ms | tok/s: 304,152 | mfu: 34.72 | epoch: 1 | eta: 35.6m
step 00961/02205 (43.58%) [ns3] | loss: 3.389958 | lrm: 1.00 | dt: 1717.57ms | tok/s: 305,249 | mfu: 34.84 | epoch: 1 | eta: 35.5m
step 00962/02205 (43.63%) [ns3] | loss: 3.393505 | lrm: 1.00 | dt: 1721.86ms | tok/s: 304,488 | mfu: 34.76 | epoch: 1 | eta: 35.5m
step 00963/02205 (43.67%) [ns3] | loss: 3.390823 | lrm: 1.00 | dt: 1710.03ms | tok/s: 306,595 | mfu: 35.00 | epoch: 1 | eta: 35.5m
step 00964/02205 (43.72%) [ns3] | loss: 3.390881 | lrm: 1.00 | dt: 1719.50ms | tok/s: 304,906 | mfu: 34.81 | epoch: 1 | eta: 35.5m
step 00965/02205 (43.76%) [ns3] | loss: 3.396195 | lrm: 1.00 | dt: 1707.21ms | tok/s: 307,103 | mfu: 35.06 | epoch: 1 | eta: 35.4m
step 00966/02205 (43.81%) [ns3] | loss: 3.397269 | lrm: 1.00 | dt: 1717.04ms | tok/s: 305,344 | mfu: 34.86 | epoch: 1 | eta: 35.4m
step 00967/02205 (43.85%) [ns3] | loss: 3.393796 | lrm: 1.00 | dt: 1718.40ms | tok/s: 305,101 | mfu: 34.83 | epoch: 1 | eta: 35.4m
step 00968/02205 (43.90%) [ns3] | loss: 3.406963 | lrm: 1.00 | dt: 1721.58ms | tok/s: 304,539 | mfu: 34.76 | epoch: 1 | eta: 35.3m
step 00969/02205 (43.95%) [ns3] | loss: 3.409453 | lrm: 1.00 | dt: 1718.04ms | tok/s: 305,166 | mfu: 34.84 | epoch: 1 | eta: 35.3m
step 00970/02205 (43.99%) [ns3] | loss: 3.404746 | lrm: 1.00 | dt: 1722.45ms | tok/s: 304,385 | mfu: 34.75 | epoch: 1 | eta: 35.3m
step 00971/02205 (44.04%) [ns3] | loss: 3.405071 | lrm: 1.00 | dt: 1716.80ms | tok/s: 305,386 | mfu: 34.86 | epoch: 1 | eta: 35.3m
step 00972/02205 (44.08%) [ns3] | loss: 3.412191 | lrm: 1.00 | dt: 1714.59ms | tok/s: 305,779 | mfu: 34.91 | epoch: 1 | eta: 35.2m
step 00973/02205 (44.13%) [ns3] | loss: 3.413347 | lrm: 1.00 | dt: 1715.42ms | tok/s: 305,632 | mfu: 34.89 | epoch: 1 | eta: 35.2m
step 00974/02205 (44.17%) [ns3] | loss: 3.412743 | lrm: 1.00 | dt: 1712.90ms | tok/s: 306,082 | mfu: 34.94 | epoch: 1 | eta: 35.2m
step 00975/02205 (44.22%) [ns3] | loss: 3.402110 | lrm: 1.00 | dt: 1718.85ms | tok/s: 305,022 | mfu: 34.82 | epoch: 1 | eta: 35.1m
step 00976/02205 (44.26%) [ns3] | loss: 3.400723 | lrm: 1.00 | dt: 1722.30ms | tok/s: 304,411 | mfu: 34.75 | epoch: 1 | eta: 35.1m
step 00977/02205 (44.31%) [ns3] | loss: 3.403582 | lrm: 1.00 | dt: 1710.14ms | tok/s: 306,576 | mfu: 35.00 | epoch: 1 | eta: 35.1m
step 00978/02205 (44.35%) [ns3] | loss: 3.403105 | lrm: 1.00 | dt: 1718.35ms | tok/s: 305,111 | mfu: 34.83 | epoch: 1 | eta: 35.1m
step 00979/02205 (44.40%) [ns3] | loss: 3.397238 | lrm: 1.00 | dt: 1716.60ms | tok/s: 305,421 | mfu: 34.86 | epoch: 1 | eta: 35.0m
step 00980/02205 (44.44%) [ns3] | loss: 3.400096 | lrm: 1.00 | dt: 1727.53ms | tok/s: 303,490 | mfu: 34.64 | epoch: 1 | eta: 35.0m
step 00981/02205 (44.49%) [ns3] | loss: 3.404924 | lrm: 1.00 | dt: 1712.61ms | tok/s: 306,134 | mfu: 34.95 | epoch: 1 | eta: 35.0m
step 00982/02205 (44.54%) [ns3] | loss: 3.409809 | lrm: 1.00 | dt: 1726.19ms | tok/s: 303,726 | mfu: 34.67 | epoch: 1 | eta: 34.9m
step 00983/02205 (44.58%) [ns3] | loss: 3.408378 | lrm: 1.00 | dt: 1715.05ms | tok/s: 305,698 | mfu: 34.90 | epoch: 1 | eta: 34.9m
step 00984/02205 (44.63%) [ns3] | loss: 3.398562 | lrm: 1.00 | dt: 1718.48ms | tok/s: 305,087 | mfu: 34.83 | epoch: 1 | eta: 34.9m
step 00985/02205 (44.67%) [ns3] | loss: 3.393646 | lrm: 1.00 | dt: 1721.91ms | tok/s: 304,480 | mfu: 34.76 | epoch: 1 | eta: 34.9m
step 00986/02205 (44.72%) [ns3] | loss: 3.395870 | lrm: 1.00 | dt: 1721.87ms | tok/s: 304,488 | mfu: 34.76 | epoch: 1 | eta: 34.8m
step 00987/02205 (44.76%) [ns3] | loss: 3.398713 | lrm: 1.00 | dt: 1715.51ms | tok/s: 305,617 | mfu: 34.89 | epoch: 1 | eta: 34.8m
step 00988/02205 (44.81%) [ns3] | loss: 3.403983 | lrm: 1.00 | dt: 1717.80ms | tok/s: 305,209 | mfu: 34.84 | epoch: 1 | eta: 34.8m
step 00989/02205 (44.85%) [ns3] | loss: 3.412403 | lrm: 1.00 | dt: 1721.36ms | tok/s: 304,577 | mfu: 34.77 | epoch: 1 | eta: 34.7m
step 00990/02205 (44.90%) [ns3] | loss: 3.399362 | lrm: 1.00 | dt: 1724.74ms | tok/s: 303,981 | mfu: 34.70 | epoch: 1 | eta: 34.7m
step 00991/02205 (44.94%) [ns3] | loss: 3.389272 | lrm: 1.00 | dt: 1717.04ms | tok/s: 305,344 | mfu: 34.86 | epoch: 1 | eta: 34.7m
step 00992/02205 (44.99%) [ns3] | loss: 3.391074 | lrm: 1.00 | dt: 1708.07ms | tok/s: 306,947 | mfu: 35.04 | epoch: 1 | eta: 34.7m
step 00993/02205 (45.03%) [ns3] | loss: 3.398234 | lrm: 1.00 | dt: 1720.17ms | tok/s: 304,788 | mfu: 34.79 | epoch: 1 | eta: 34.6m
step 00994/02205 (45.08%) [ns3] | loss: 3.399134 | lrm: 1.00 | dt: 1715.32ms | tok/s: 305,650 | mfu: 34.89 | epoch: 1 | eta: 34.6m
step 00995/02205 (45.12%) [ns3] | loss: 3.404654 | lrm: 1.00 | dt: 1721.25ms | tok/s: 304,596 | mfu: 34.77 | epoch: 1 | eta: 34.6m
step 00996/02205 (45.17%) [ns3] | loss: 3.399671 | lrm: 1.00 | dt: 1715.83ms | tok/s: 305,559 | mfu: 34.88 | epoch: 1 | eta: 34.5m
step 00997/02205 (45.22%) [ns3] | loss: 3.402665 | lrm: 1.00 | dt: 1722.97ms | tok/s: 304,293 | mfu: 34.74 | epoch: 1 | eta: 34.5m
step 00998/02205 (45.26%) [ns3] | loss: 3.392105 | lrm: 1.00 | dt: 1720.83ms | tok/s: 304,671 | mfu: 34.78 | epoch: 1 | eta: 34.5m
step 00999/02205 (45.31%) [ns3] | loss: 3.395342 | lrm: 1.00 | dt: 1714.74ms | tok/s: 305,752 | mfu: 34.90 | epoch: 1 | eta: 34.5m
Step 01000 | val bpb: 0.992572
step 01000/02205 (45.35%) [ns3] | loss: 3.386172 | lrm: 1.00 | dt: 1687.75ms | tok/s: 310,643 | mfu: 35.46 | epoch: 1 | eta: 34.4m
step 01001/02205 (45.40%) [ns3] | loss: 3.385983 | lrm: 1.00 | dt: 1709.09ms | tok/s: 306,763 | mfu: 35.02 | epoch: 1 | eta: 34.4m
step 01002/02205 (45.44%) [ns3] | loss: 3.389704 | lrm: 1.00 | dt: 1707.53ms | tok/s: 307,045 | mfu: 35.05 | epoch: 1 | eta: 34.4m
step 01003/02205 (45.49%) [ns3] | loss: 3.396290 | lrm: 1.00 | dt: 1706.32ms | tok/s: 307,262 | mfu: 35.07 | epoch: 1 | eta: 34.3m
step 01004/02205 (45.53%) [ns3] | loss: 3.395194 | lrm: 1.00 | dt: 1709.23ms | tok/s: 306,738 | mfu: 35.01 | epoch: 1 | eta: 34.3m
step 01005/02205 (45.58%) [ns3] | loss: 3.389899 | lrm: 1.00 | dt: 1706.60ms | tok/s: 307,212 | mfu: 35.07 | epoch: 1 | eta: 34.3m
step 01006/02205 (45.62%) [ns3] | loss: 3.394324 | lrm: 1.00 | dt: 1703.42ms | tok/s: 307,785 | mfu: 35.13 | epoch: 1 | eta: 34.3m
step 01007/02205 (45.67%) [ns3] | loss: 3.407683 | lrm: 1.00 | dt: 1711.92ms | tok/s: 306,257 | mfu: 34.96 | epoch: 1 | eta: 34.2m
step 01008/02205 (45.71%) [ns3] | loss: 3.410975 | lrm: 1.00 | dt: 1707.79ms | tok/s: 306,998 | mfu: 35.04 | epoch: 1 | eta: 34.2m
step 01009/02205 (45.76%) [ns3] | loss: 3.391831 | lrm: 1.00 | dt: 1712.60ms | tok/s: 306,135 | mfu: 34.95 | epoch: 1 | eta: 34.2m
step 01010/02205 (45.80%) [ns3] | loss: 3.396397 | lrm: 1.00 | dt: 1712.34ms | tok/s: 306,182 | mfu: 34.95 | epoch: 1 | eta: 34.1m
step 01011/02205 (45.85%) [ns3] | loss: 3.388772 | lrm: 1.00 | dt: 1714.94ms | tok/s: 305,718 | mfu: 34.90 | epoch: 1 | eta: 34.1m
step 01012/02205 (45.90%) [ns3] | loss: 3.382732 | lrm: 1.00 | dt: 1708.01ms | tok/s: 306,959 | mfu: 35.04 | epoch: 1 | eta: 34.1m
step 01013/02205 (45.94%) [ns3] | loss: 3.386789 | lrm: 1.00 | dt: 1710.24ms | tok/s: 306,557 | mfu: 34.99 | epoch: 1 | eta: 34.1m
step 01014/02205 (45.99%) [ns3] | loss: 3.381702 | lrm: 1.00 | dt: 1713.25ms | tok/s: 306,018 | mfu: 34.93 | epoch: 1 | eta: 34.0m
step 01015/02205 (46.03%) [ns3] | loss: 3.385774 | lrm: 1.00 | dt: 1714.02ms | tok/s: 305,882 | mfu: 34.92 | epoch: 1 | eta: 34.0m
step 01016/02205 (46.08%) [ns3] | loss: 3.378757 | lrm: 1.00 | dt: 1714.48ms | tok/s: 305,800 | mfu: 34.91 | epoch: 1 | eta: 34.0m
step 01017/02205 (46.12%) [ns3] | loss: 3.375396 | lrm: 1.00 | dt: 1713.24ms | tok/s: 306,020 | mfu: 34.93 | epoch: 1 | eta: 33.9m
step 01018/02205 (46.17%) [ns3] | loss: 3.367261 | lrm: 1.00 | dt: 1716.38ms | tok/s: 305,461 | mfu: 34.87 | epoch: 1 | eta: 33.9m
step 01019/02205 (46.21%) [ns3] | loss: 3.374161 | lrm: 1.00 | dt: 1708.48ms | tok/s: 306,873 | mfu: 35.03 | epoch: 1 | eta: 33.9m
step 01020/02205 (46.26%) [ns3] | loss: 3.362556 | lrm: 1.00 | dt: 1718.37ms | tok/s: 305,107 | mfu: 34.83 | epoch: 1 | eta: 33.9m
step 01021/02205 (46.30%) [ns3] | loss: 3.363840 | lrm: 1.00 | dt: 1711.12ms | tok/s: 306,399 | mfu: 34.98 | epoch: 1 | eta: 33.8m
step 01022/02205 (46.35%) [ns3] | loss: 3.364756 | lrm: 1.00 | dt: 1712.47ms | tok/s: 306,159 | mfu: 34.95 | epoch: 1 | eta: 33.8m
step 01023/02205 (46.39%) [ns3] | loss: 3.368048 | lrm: 1.00 | dt: 1714.75ms | tok/s: 305,752 | mfu: 34.90 | epoch: 1 | eta: 33.8m
step 01024/02205 (46.44%) [ns3] | loss: 3.376643 | lrm: 1.00 | dt: 1715.78ms | tok/s: 305,569 | mfu: 34.88 | epoch: 1 | eta: 33.7m
step 01025/02205 (46.49%) [ns3] | loss: 3.374860 | lrm: 1.00 | dt: 1716.41ms | tok/s: 305,456 | mfu: 34.87 | epoch: 1 | eta: 33.7m
step 01026/02205 (46.53%) [ns3] | loss: 3.366395 | lrm: 1.00 | dt: 1718.60ms | tok/s: 305,067 | mfu: 34.82 | epoch: 1 | eta: 33.7m
step 01027/02205 (46.58%) [ns3] | loss: 3.370566 | lrm: 1.00 | dt: 1709.38ms | tok/s: 306,711 | mfu: 35.01 | epoch: 1 | eta: 33.7m
step 01028/02205 (46.62%) [ns3] | loss: 3.372253 | lrm: 1.00 | dt: 1712.50ms | tok/s: 306,152 | mfu: 34.95 | epoch: 1 | eta: 33.6m
step 01029/02205 (46.67%) [ns3] | loss: 3.366569 | lrm: 1.00 | dt: 1712.88ms | tok/s: 306,086 | mfu: 34.94 | epoch: 1 | eta: 33.6m
step 01030/02205 (46.71%) [ns3] | loss: 3.381903 | lrm: 1.00 | dt: 1710.53ms | tok/s: 306,507 | mfu: 34.99 | epoch: 1 | eta: 33.6m
step 01031/02205 (46.76%) [ns3] | loss: 3.375539 | lrm: 1.00 | dt: 1712.37ms | tok/s: 306,176 | mfu: 34.95 | epoch: 1 | eta: 33.5m
step 01032/02205 (46.80%) [ns3] | loss: 3.369817 | lrm: 1.00 | dt: 1714.75ms | tok/s: 305,752 | mfu: 34.90 | epoch: 1 | eta: 33.5m
step 01033/02205 (46.85%) [ns3] | loss: 3.371656 | lrm: 1.00 | dt: 1711.48ms | tok/s: 306,336 | mfu: 34.97 | epoch: 1 | eta: 33.5m
step 01034/02205 (46.89%) [ns3] | loss: 3.369328 | lrm: 1.00 | dt: 1715.75ms | tok/s: 305,574 | mfu: 34.88 | epoch: 1 | eta: 33.5m
step 01035/02205 (46.94%) [ns3] | loss: 3.367815 | lrm: 1.00 | dt: 1718.94ms | tok/s: 305,006 | mfu: 34.82 | epoch: 1 | eta: 33.4m
step 01036/02205 (46.98%) [ns3] | loss: 3.373575 | lrm: 1.00 | dt: 1717.37ms | tok/s: 305,284 | mfu: 34.85 | epoch: 1 | eta: 33.4m
step 01037/02205 (47.03%) [ns3] | loss: 3.383954 | lrm: 1.00 | dt: 1715.58ms | tok/s: 305,604 | mfu: 34.89 | epoch: 1 | eta: 33.4m
step 01038/02205 (47.07%) [ns3] | loss: 3.388876 | lrm: 1.00 | dt: 1718.02ms | tok/s: 305,170 | mfu: 34.84 | epoch: 1 | eta: 33.3m
step 01039/02205 (47.12%) [ns3] | loss: 3.398373 | lrm: 1.00 | dt: 1716.44ms | tok/s: 305,450 | mfu: 34.87 | epoch: 1 | eta: 33.3m
step 01040/02205 (47.17%) [ns3] | loss: 3.398016 | lrm: 1.00 | dt: 1717.64ms | tok/s: 305,236 | mfu: 34.84 | epoch: 1 | eta: 33.3m
step 01041/02205 (47.21%) [ns3] | loss: 3.393109 | lrm: 1.00 | dt: 1714.79ms | tok/s: 305,744 | mfu: 34.90 | epoch: 1 | eta: 33.3m
step 01042/02205 (47.26%) [ns3] | loss: 3.388481 | lrm: 1.00 | dt: 1716.56ms | tok/s: 305,430 | mfu: 34.87 | epoch: 1 | eta: 33.2m
step 01043/02205 (47.30%) [ns3] | loss: 3.387120 | lrm: 1.00 | dt: 1718.30ms | tok/s: 305,121 | mfu: 34.83 | epoch: 1 | eta: 33.2m
step 01044/02205 (47.35%) [ns3] | loss: 3.380248 | lrm: 1.00 | dt: 1715.84ms | tok/s: 305,557 | mfu: 34.88 | epoch: 1 | eta: 33.2m
step 01045/02205 (47.39%) [ns3] | loss: 3.376837 | lrm: 1.00 | dt: 1716.33ms | tok/s: 305,470 | mfu: 34.87 | epoch: 1 | eta: 33.1m
step 01046/02205 (47.44%) [ns3] | loss: 3.371531 | lrm: 1.00 | dt: 1718.61ms | tok/s: 305,064 | mfu: 34.82 | epoch: 1 | eta: 33.1m
step 01047/02205 (47.48%) [ns3] | loss: 3.371088 | lrm: 1.00 | dt: 1717.25ms | tok/s: 305,306 | mfu: 34.85 | epoch: 1 | eta: 33.1m
step 01048/02205 (47.53%) [ns3] | loss: 3.376287 | lrm: 1.00 | dt: 1712.03ms | tok/s: 306,236 | mfu: 34.96 | epoch: 1 | eta: 33.1m
step 01049/02205 (47.57%) [ns3] | loss: 3.370729 | lrm: 1.00 | dt: 1714.32ms | tok/s: 305,827 | mfu: 34.91 | epoch: 1 | eta: 33.0m
step 01050/02205 (47.62%) [ns3] | loss: 3.373753 | lrm: 1.00 | dt: 1714.61ms | tok/s: 305,777 | mfu: 34.90 | epoch: 1 | eta: 33.0m
step 01051/02205 (47.66%) [ns3] | loss: 3.368278 | lrm: 1.00 | dt: 1719.19ms | tok/s: 304,962 | mfu: 34.81 | epoch: 1 | eta: 33.0m
step 01052/02205 (47.71%) [ns3] | loss: 3.374648 | lrm: 1.00 | dt: 1723.00ms | tok/s: 304,287 | mfu: 34.73 | epoch: 1 | eta: 32.9m
step 01053/02205 (47.76%) [ns3] | loss: 3.372639 | lrm: 1.00 | dt: 1714.52ms | tok/s: 305,792 | mfu: 34.91 | epoch: 1 | eta: 32.9m
step 01054/02205 (47.80%) [ns3] | loss: 3.374015 | lrm: 1.00 | dt: 1719.99ms | tok/s: 304,819 | mfu: 34.80 | epoch: 1 | eta: 32.9m
step 01055/02205 (47.85%) [ns3] | loss: 3.383076 | lrm: 1.00 | dt: 1720.38ms | tok/s: 304,750 | mfu: 34.79 | epoch: 1 | eta: 32.9m
step 01056/02205 (47.89%) [ns3] | loss: 3.381963 | lrm: 1.00 | dt: 1713.92ms | tok/s: 305,899 | mfu: 34.92 | epoch: 1 | eta: 32.8m
step 01057/02205 (47.94%) [ns3] | loss: 3.384873 | lrm: 1.00 | dt: 1713.44ms | tok/s: 305,986 | mfu: 34.93 | epoch: 1 | eta: 32.8m
step 01058/02205 (47.98%) [ns3] | loss: 3.376729 | lrm: 1.00 | dt: 1718.63ms | tok/s: 305,062 | mfu: 34.82 | epoch: 1 | eta: 32.8m
step 01059/02205 (48.03%) [ns3] | loss: 3.364669 | lrm: 1.00 | dt: 1714.34ms | tok/s: 305,824 | mfu: 34.91 | epoch: 1 | eta: 32.7m
step 01060/02205 (48.07%) [ns3] | loss: 3.352825 | lrm: 1.00 | dt: 1724.05ms | tok/s: 304,103 | mfu: 34.71 | epoch: 1 | eta: 32.7m
step 01061/02205 (48.12%) [ns3] | loss: 3.357175 | lrm: 1.00 | dt: 1716.60ms | tok/s: 305,421 | mfu: 34.86 | epoch: 1 | eta: 32.7m
step 01062/02205 (48.16%) [ns3] | loss: 3.359106 | lrm: 1.00 | dt: 1719.54ms | tok/s: 304,899 | mfu: 34.80 | epoch: 1 | eta: 32.7m
step 01063/02205 (48.21%) [ns3] | loss: 3.361417 | lrm: 1.00 | dt: 1721.17ms | tok/s: 304,610 | mfu: 34.77 | epoch: 1 | eta: 32.6m
step 01064/02205 (48.25%) [ns3] | loss: 3.360761 | lrm: 1.00 | dt: 1719.80ms | tok/s: 304,853 | mfu: 34.80 | epoch: 1 | eta: 32.6m
step 01065/02205 (48.30%) [ns3] | loss: 3.348202 | lrm: 1.00 | dt: 1722.03ms | tok/s: 304,459 | mfu: 34.75 | epoch: 1 | eta: 32.6m
step 01066/02205 (48.34%) [ns3] | loss: 3.352154 | lrm: 1.00 | dt: 1713.34ms | tok/s: 306,004 | mfu: 34.93 | epoch: 1 | eta: 32.5m
step 01067/02205 (48.39%) [ns3] | loss: 3.350254 | lrm: 1.00 | dt: 1717.80ms | tok/s: 305,208 | mfu: 34.84 | epoch: 1 | eta: 32.5m
step 01068/02205 (48.44%) [ns3] | loss: 3.356033 | lrm: 1.00 | dt: 1720.07ms | tok/s: 304,805 | mfu: 34.79 | epoch: 1 | eta: 32.5m
step 01069/02205 (48.48%) [ns3] | loss: 3.348803 | lrm: 1.00 | dt: 1713.36ms | tok/s: 306,000 | mfu: 34.93 | epoch: 1 | eta: 32.5m
step 01070/02205 (48.53%) [ns3] | loss: 3.353368 | lrm: 1.00 | dt: 1713.01ms | tok/s: 306,063 | mfu: 34.94 | epoch: 1 | eta: 32.4m
step 01071/02205 (48.57%) [ns3] | loss: 3.365549 | lrm: 1.00 | dt: 1717.01ms | tok/s: 305,348 | mfu: 34.86 | epoch: 1 | eta: 32.4m
step 01072/02205 (48.62%) [ns3] | loss: 3.350474 | lrm: 1.00 | dt: 1713.78ms | tok/s: 305,924 | mfu: 34.92 | epoch: 1 | eta: 32.4m
step 01073/02205 (48.66%) [ns3] | loss: 3.352889 | lrm: 1.00 | dt: 1713.73ms | tok/s: 305,934 | mfu: 34.92 | epoch: 1 | eta: 32.3m
step 01074/02205 (48.71%) [ns3] | loss: 3.353719 | lrm: 1.00 | dt: 1721.43ms | tok/s: 304,565 | mfu: 34.77 | epoch: 1 | eta: 32.3m
step 01075/02205 (48.75%) [ns3] | loss: 3.350475 | lrm: 1.00 | dt: 1718.50ms | tok/s: 305,085 | mfu: 34.83 | epoch: 1 | eta: 32.3m
step 01076/02205 (48.80%) [ns3] | loss: 3.354652 | lrm: 1.00 | dt: 1715.55ms | tok/s: 305,610 | mfu: 34.89 | epoch: 1 | eta: 32.3m
step 01077/02205 (48.84%) [ns3] | loss: 3.362826 | lrm: 1.00 | dt: 1713.46ms | tok/s: 305,982 | mfu: 34.93 | epoch: 1 | eta: 32.2m
step 01078/02205 (48.89%) [ns3] | loss: 3.359773 | lrm: 1.00 | dt: 1717.21ms | tok/s: 305,314 | mfu: 34.85 | epoch: 1 | eta: 32.2m
step 01079/02205 (48.93%) [ns3] | loss: 3.355957 | lrm: 1.00 | dt: 1714.47ms | tok/s: 305,800 | mfu: 34.91 | epoch: 1 | eta: 32.2m
step 01080/02205 (48.98%) [ns3] | loss: 3.356105 | lrm: 1.00 | dt: 1723.72ms | tok/s: 304,160 | mfu: 34.72 | epoch: 1 | eta: 32.1m
step 01081/02205 (49.02%) [ns3] | loss: 3.357109 | lrm: 1.00 | dt: 1713.44ms | tok/s: 305,984 | mfu: 34.93 | epoch: 1 | eta: 32.1m
step 01082/02205 (49.07%) [ns3] | loss: 3.356364 | lrm: 1.00 | dt: 1716.40ms | tok/s: 305,457 | mfu: 34.87 | epoch: 1 | eta: 32.1m
step 01083/02205 (49.12%) [ns3] | loss: 3.352568 | lrm: 1.00 | dt: 1720.57ms | tok/s: 304,717 | mfu: 34.78 | epoch: 1 | eta: 32.1m
step 01084/02205 (49.16%) [ns3] | loss: 3.347493 | lrm: 1.00 | dt: 1718.33ms | tok/s: 305,114 | mfu: 34.83 | epoch: 1 | eta: 32.0m
step 01085/02205 (49.21%) [ns3] | loss: 3.346563 | lrm: 1.00 | dt: 1719.63ms | tok/s: 304,883 | mfu: 34.80 | epoch: 1 | eta: 32.0m
step 01086/02205 (49.25%) [ns3] | loss: 3.351818 | lrm: 1.00 | dt: 1718.23ms | tok/s: 305,132 | mfu: 34.83 | epoch: 1 | eta: 32.0m
step 01087/02205 (49.30%) [ns3] | loss: 3.346580 | lrm: 1.00 | dt: 1716.27ms | tok/s: 305,480 | mfu: 34.87 | epoch: 1 | eta: 31.9m
step 01088/02205 (49.34%) [ns3] | loss: 3.351384 | lrm: 1.00 | dt: 1716.92ms | tok/s: 305,365 | mfu: 34.86 | epoch: 1 | eta: 31.9m
step 01089/02205 (49.39%) [ns3] | loss: 3.348172 | lrm: 1.00 | dt: 1725.03ms | tok/s: 303,929 | mfu: 34.69 | epoch: 1 | eta: 31.9m
step 01090/02205 (49.43%) [ns3] | loss: 3.348237 | lrm: 1.00 | dt: 1707.51ms | tok/s: 307,047 | mfu: 35.05 | epoch: 1 | eta: 31.9m
step 01091/02205 (49.48%) [ns3] | loss: 3.353710 | lrm: 1.00 | dt: 1717.69ms | tok/s: 305,228 | mfu: 34.84 | epoch: 1 | eta: 31.8m
step 01092/02205 (49.52%) [ns3] | loss: 3.349381 | lrm: 1.00 | dt: 1716.76ms | tok/s: 305,393 | mfu: 34.86 | epoch: 1 | eta: 31.8m
step 01093/02205 (49.57%) [ns3] | loss: 3.350591 | lrm: 1.00 | dt: 1718.73ms | tok/s: 305,044 | mfu: 34.82 | epoch: 1 | eta: 31.8m
step 01094/02205 (49.61%) [ns3] | loss: 3.351594 | lrm: 1.00 | dt: 1716.97ms | tok/s: 305,356 | mfu: 34.86 | epoch: 1 | eta: 31.7m
step 01095/02205 (49.66%) [ns3] | loss: 3.359313 | lrm: 1.00 | dt: 1725.26ms | tok/s: 303,888 | mfu: 34.69 | epoch: 1 | eta: 31.7m
step 01096/02205 (49.71%) [ns3] | loss: 3.362999 | lrm: 1.00 | dt: 1716.34ms | tok/s: 305,468 | mfu: 34.87 | epoch: 1 | eta: 31.7m
step 01097/02205 (49.75%) [ns3] | loss: 3.358899 | lrm: 1.00 | dt: 1717.85ms | tok/s: 305,200 | mfu: 34.84 | epoch: 1 | eta: 31.7m
step 01098/02205 (49.80%) [ns3] | loss: 3.354651 | lrm: 1.00 | dt: 1723.66ms | tok/s: 304,170 | mfu: 34.72 | epoch: 1 | eta: 31.6m
step 01099/02205 (49.84%) [ns3] | loss: 3.359103 | lrm: 1.00 | dt: 1716.19ms | tok/s: 305,495 | mfu: 34.87 | epoch: 1 | eta: 31.6m
step 01100/02205 (49.89%) [ns3] | loss: 3.356843 | lrm: 1.00 | dt: 1724.18ms | tok/s: 304,079 | mfu: 34.71 | epoch: 1 | eta: 31.6m
step 01101/02205 (49.93%) [ns3] | loss: 3.361977 | lrm: 1.00 | dt: 1714.53ms | tok/s: 305,791 | mfu: 34.91 | epoch: 1 | eta: 31.5m
step 01102/02205 (49.98%) [ns3] | loss: 3.342567 | lrm: 1.00 | dt: 1724.20ms | tok/s: 304,076 | mfu: 34.71 | epoch: 1 | eta: 31.5m
step 01103/02205 (50.02%) [ns3] | loss: 3.339409 | lrm: 1.00 | dt: 1720.36ms | tok/s: 304,755 | mfu: 34.79 | epoch: 1 | eta: 31.5m
step 01104/02205 (50.07%) [ns3] | loss: 3.342230 | lrm: 1.00 | dt: 1717.54ms | tok/s: 305,254 | mfu: 34.85 | epoch: 1 | eta: 31.5m
step 01105/02205 (50.11%) [ns3] | loss: 3.338259 | lrm: 1.00 | dt: 1715.73ms | tok/s: 305,577 | mfu: 34.88 | epoch: 1 | eta: 31.4m
step 01106/02205 (50.16%) [ns3] | loss: 3.328361 | lrm: 1.00 | dt: 1711.78ms | tok/s: 306,282 | mfu: 34.96 | epoch: 1 | eta: 31.4m
step 01107/02205 (50.20%) [ns3] | loss: 3.344363 | lrm: 1.00 | dt: 1720.69ms | tok/s: 304,695 | mfu: 34.78 | epoch: 1 | eta: 31.4m
step 01108/02205 (50.25%) [ns3] | loss: 3.348601 | lrm: 1.00 | dt: 1714.67ms | tok/s: 305,765 | mfu: 34.90 | epoch: 1 | eta: 31.3m
step 01109/02205 (50.29%) [ns3] | loss: 3.354220 | lrm: 0.99 | dt: 1715.66ms | tok/s: 305,590 | mfu: 34.88 | epoch: 1 | eta: 31.3m
step 01110/02205 (50.34%) [ns3] | loss: 3.344423 | lrm: 0.99 | dt: 1711.43ms | tok/s: 306,345 | mfu: 34.97 | epoch: 1 | eta: 31.3m
step 01111/02205 (50.39%) [ns3] | loss: 3.343665 | lrm: 0.99 | dt: 1717.41ms | tok/s: 305,277 | mfu: 34.85 | epoch: 1 | eta: 31.3m
step 01112/02205 (50.43%) [ns3] | loss: 3.347958 | lrm: 0.99 | dt: 1718.90ms | tok/s: 305,013 | mfu: 34.82 | epoch: 1 | eta: 31.2m
step 01113/02205 (50.48%) [ns3] | loss: 3.347297 | lrm: 0.99 | dt: 1718.13ms | tok/s: 305,150 | mfu: 34.83 | epoch: 1 | eta: 31.2m
step 01114/02205 (50.52%) [ns3] | loss: 3.355412 | lrm: 0.99 | dt: 1714.58ms | tok/s: 305,783 | mfu: 34.91 | epoch: 1 | eta: 31.2m
step 01115/02205 (50.57%) [ns3] | loss: 3.354989 | lrm: 0.99 | dt: 1716.65ms | tok/s: 305,412 | mfu: 34.86 | epoch: 1 | eta: 31.1m
step 01116/02205 (50.61%) [ns3] | loss: 3.361012 | lrm: 0.99 | dt: 1717.89ms | tok/s: 305,192 | mfu: 34.84 | epoch: 1 | eta: 31.1m
step 01117/02205 (50.66%) [ns3] | loss: 3.357718 | lrm: 0.99 | dt: 1721.66ms | tok/s: 304,524 | mfu: 34.76 | epoch: 1 | eta: 31.1m
step 01118/02205 (50.70%) [ns3] | loss: 3.346705 | lrm: 0.99 | dt: 1719.11ms | tok/s: 304,976 | mfu: 34.81 | epoch: 1 | eta: 31.1m
step 01119/02205 (50.75%) [ns3] | loss: 3.350405 | lrm: 0.99 | dt: 1719.20ms | tok/s: 304,961 | mfu: 34.81 | epoch: 1 | eta: 31.0m
step 01120/02205 (50.79%) [ns3] | loss: 3.350019 | lrm: 0.98 | dt: 1712.85ms | tok/s: 306,091 | mfu: 34.94 | epoch: 1 | eta: 31.0m
step 01121/02205 (50.84%) [ns3] | loss: 3.359960 | lrm: 0.98 | dt: 1718.51ms | tok/s: 305,083 | mfu: 34.83 | epoch: 1 | eta: 31.0m
step 01122/02205 (50.88%) [ns3] | loss: 3.366359 | lrm: 0.98 | dt: 1715.34ms | tok/s: 305,646 | mfu: 34.89 | epoch: 1 | eta: 30.9m
step 01123/02205 (50.93%) [ns3] | loss: 3.365793 | lrm: 0.98 | dt: 1722.70ms | tok/s: 304,340 | mfu: 34.74 | epoch: 1 | eta: 30.9m
step 01124/02205 (50.98%) [ns3] | loss: 3.359735 | lrm: 0.98 | dt: 1713.38ms | tok/s: 305,995 | mfu: 34.93 | epoch: 1 | eta: 30.9m
step 01125/02205 (51.02%) [ns3] | loss: 3.357454 | lrm: 0.98 | dt: 1717.60ms | tok/s: 305,243 | mfu: 34.84 | epoch: 1 | eta: 30.9m
step 01126/02205 (51.07%) [ns3] | loss: 3.357097 | lrm: 0.98 | dt: 1723.46ms | tok/s: 304,205 | mfu: 34.73 | epoch: 1 | eta: 30.8m
step 01127/02205 (51.11%) [ns3] | loss: 3.359058 | lrm: 0.98 | dt: 1716.29ms | tok/s: 305,476 | mfu: 34.87 | epoch: 1 | eta: 30.8m
step 01128/02205 (51.16%) [ns3] | loss: 3.358159 | lrm: 0.98 | dt: 1713.29ms | tok/s: 306,012 | mfu: 34.93 | epoch: 1 | eta: 30.8m
step 01129/02205 (51.20%) [ns3] | loss: 3.356567 | lrm: 0.98 | dt: 1716.08ms | tok/s: 305,514 | mfu: 34.87 | epoch: 1 | eta: 30.7m
step 01130/02205 (51.25%) [ns3] | loss: 3.354105 | lrm: 0.98 | dt: 1715.87ms | tok/s: 305,552 | mfu: 34.88 | epoch: 1 | eta: 30.7m
step 01131/02205 (51.29%) [ns3] | loss: 3.356030 | lrm: 0.97 | dt: 1718.18ms | tok/s: 305,141 | mfu: 34.83 | epoch: 1 | eta: 30.7m
step 01132/02205 (51.34%) [ns3] | loss: 3.356166 | lrm: 0.97 | dt: 1717.82ms | tok/s: 305,206 | mfu: 34.84 | epoch: 1 | eta: 30.7m
step 01133/02205 (51.38%) [ns3] | loss: 3.368453 | lrm: 0.97 | dt: 1716.86ms | tok/s: 305,375 | mfu: 34.86 | epoch: 1 | eta: 30.6m
step 01134/02205 (51.43%) [ns3] | loss: 3.367456 | lrm: 0.97 | dt: 1713.89ms | tok/s: 305,904 | mfu: 34.92 | epoch: 1 | eta: 30.6m
step 01135/02205 (51.47%) [ns3] | loss: 3.352584 | lrm: 0.97 | dt: 1722.46ms | tok/s: 304,383 | mfu: 34.75 | epoch: 1 | eta: 30.6m
step 01136/02205 (51.52%) [ns3] | loss: 3.351301 | lrm: 0.97 | dt: 1712.42ms | tok/s: 306,167 | mfu: 34.95 | epoch: 1 | eta: 30.5m
step 01137/02205 (51.56%) [ns3] | loss: 3.345900 | lrm: 0.97 | dt: 1714.91ms | tok/s: 305,724 | mfu: 34.90 | epoch: 1 | eta: 30.5m
step 01138/02205 (51.61%) [ns3] | loss: 3.343354 | lrm: 0.97 | dt: 1718.75ms | tok/s: 305,041 | mfu: 34.82 | epoch: 1 | eta: 30.5m
step 01139/02205 (51.66%) [ns3] | loss: 3.347198 | lrm: 0.97 | dt: 1724.23ms | tok/s: 304,071 | mfu: 34.71 | epoch: 1 | eta: 30.5m
step 01140/02205 (51.70%) [ns3] | loss: 3.344397 | lrm: 0.97 | dt: 1713.09ms | tok/s: 306,048 | mfu: 34.94 | epoch: 1 | eta: 30.4m
step 01141/02205 (51.75%) [ns3] | loss: 3.344645 | lrm: 0.97 | dt: 1720.31ms | tok/s: 304,762 | mfu: 34.79 | epoch: 1 | eta: 30.4m
step 01142/02205 (51.79%) [ns3] | loss: 3.342809 | lrm: 0.96 | dt: 1714.88ms | tok/s: 305,728 | mfu: 34.90 | epoch: 1 | eta: 30.4m
step 01143/02205 (51.84%) [ns3] | loss: 3.348294 | lrm: 0.96 | dt: 1714.54ms | tok/s: 305,789 | mfu: 34.91 | epoch: 1 | eta: 30.3m
step 01144/02205 (51.88%) [ns3] | loss: 3.343348 | lrm: 0.96 | dt: 1713.56ms | tok/s: 305,964 | mfu: 34.93 | epoch: 1 | eta: 30.3m
step 01145/02205 (51.93%) [ns3] | loss: 3.354381 | lrm: 0.96 | dt: 1718.34ms | tok/s: 305,113 | mfu: 34.83 | epoch: 1 | eta: 30.3m
step 01146/02205 (51.97%) [ns3] | loss: 3.355488 | lrm: 0.96 | dt: 1719.41ms | tok/s: 304,922 | mfu: 34.81 | epoch: 1 | eta: 30.3m
step 01147/02205 (52.02%) [ns3] | loss: 3.357314 | lrm: 0.96 | dt: 1715.91ms | tok/s: 305,544 | mfu: 34.88 | epoch: 1 | eta: 30.2m
step 01148/02205 (52.06%) [ns3] | loss: 3.359529 | lrm: 0.96 | dt: 1711.87ms | tok/s: 306,266 | mfu: 34.96 | epoch: 1 | eta: 30.2m
step 01149/02205 (52.11%) [ns3] | loss: 3.349326 | lrm: 0.96 | dt: 1717.13ms | tok/s: 305,327 | mfu: 34.85 | epoch: 1 | eta: 30.2m
step 01150/02205 (52.15%) [ns3] | loss: 3.345553 | lrm: 0.96 | dt: 1718.21ms | tok/s: 305,135 | mfu: 34.83 | epoch: 1 | eta: 30.1m
step 01151/02205 (52.20%) [ns3] | loss: 3.338694 | lrm: 0.96 | dt: 1723.01ms | tok/s: 304,285 | mfu: 34.73 | epoch: 1 | eta: 30.1m
step 01152/02205 (52.24%) [ns3] | loss: 3.332788 | lrm: 0.96 | dt: 1716.22ms | tok/s: 305,490 | mfu: 34.87 | epoch: 1 | eta: 30.1m
step 01153/02205 (52.29%) [ns3] | loss: 3.322299 | lrm: 0.95 | dt: 1721.46ms | tok/s: 304,559 | mfu: 34.77 | epoch: 1 | eta: 30.1m
step 01154/02205 (52.34%) [ns3] | loss: 3.326805 | lrm: 0.95 | dt: 1719.06ms | tok/s: 304,984 | mfu: 34.81 | epoch: 1 | eta: 30.0m
step 01155/02205 (52.38%) [ns3] | loss: 3.331568 | lrm: 0.95 | dt: 1716.00ms | tok/s: 305,529 | mfu: 34.88 | epoch: 1 | eta: 30.0m
step 01156/02205 (52.43%) [ns3] | loss: 3.331093 | lrm: 0.95 | dt: 1722.24ms | tok/s: 304,421 | mfu: 34.75 | epoch: 1 | eta: 30.0m
step 01157/02205 (52.47%) [ns3] | loss: 3.334287 | lrm: 0.95 | dt: 1716.65ms | tok/s: 305,412 | mfu: 34.86 | epoch: 1 | eta: 29.9m
step 01158/02205 (52.52%) [ns3] | loss: 3.338618 | lrm: 0.95 | dt: 1714.52ms | tok/s: 305,793 | mfu: 34.91 | epoch: 1 | eta: 29.9m
step 01159/02205 (52.56%) [ns3] | loss: 3.335838 | lrm: 0.95 | dt: 1719.92ms | tok/s: 304,833 | mfu: 34.80 | epoch: 1 | eta: 29.9m
step 01160/02205 (52.61%) [ns3] | loss: 3.336213 | lrm: 0.95 | dt: 1718.66ms | tok/s: 305,056 | mfu: 34.82 | epoch: 1 | eta: 29.9m
step 01161/02205 (52.65%) [ns3] | loss: 3.330029 | lrm: 0.95 | dt: 1713.85ms | tok/s: 305,911 | mfu: 34.92 | epoch: 1 | eta: 29.8m
step 01162/02205 (52.70%) [ns3] | loss: 3.324020 | lrm: 0.95 | dt: 1715.04ms | tok/s: 305,699 | mfu: 34.90 | epoch: 1 | eta: 29.8m
step 01163/02205 (52.74%) [ns3] | loss: 3.317724 | lrm: 0.95 | dt: 1711.59ms | tok/s: 306,315 | mfu: 34.97 | epoch: 1 | eta: 29.8m
step 01164/02205 (52.79%) [ns3] | loss: 3.311488 | lrm: 0.94 | dt: 1716.03ms | tok/s: 305,524 | mfu: 34.88 | epoch: 1 | eta: 29.7m
step 01165/02205 (52.83%) [ns3] | loss: 3.303775 | lrm: 0.94 | dt: 1715.91ms | tok/s: 305,545 | mfu: 34.88 | epoch: 1 | eta: 29.7m
step 01166/02205 (52.88%) [ns3] | loss: 3.308333 | lrm: 0.94 | dt: 1721.09ms | tok/s: 304,626 | mfu: 34.77 | epoch: 1 | eta: 29.7m
step 01167/02205 (52.93%) [ns3] | loss: 3.312123 | lrm: 0.94 | dt: 1714.34ms | tok/s: 305,825 | mfu: 34.91 | epoch: 1 | eta: 29.7m
step 01168/02205 (52.97%) [ns3] | loss: 3.321546 | lrm: 0.94 | dt: 1710.36ms | tok/s: 306,536 | mfu: 34.99 | epoch: 1 | eta: 29.6m
step 01169/02205 (53.02%) [ns3] | loss: 3.324118 | lrm: 0.94 | dt: 1719.74ms | tok/s: 304,865 | mfu: 34.80 | epoch: 1 | eta: 29.6m
step 01170/02205 (53.06%) [ns3] | loss: 3.320266 | lrm: 0.94 | dt: 1719.29ms | tok/s: 304,944 | mfu: 34.81 | epoch: 1 | eta: 29.6m
step 01171/02205 (53.11%) [ns3] | loss: 3.316452 | lrm: 0.94 | dt: 1722.77ms | tok/s: 304,328 | mfu: 34.74 | epoch: 1 | eta: 29.5m
step 01172/02205 (53.15%) [ns3] | loss: 3.322989 | lrm: 0.94 | dt: 1711.76ms | tok/s: 306,285 | mfu: 34.96 | epoch: 1 | eta: 29.5m
step 01173/02205 (53.20%) [ns3] | loss: 3.329827 | lrm: 0.94 | dt: 1715.39ms | tok/s: 305,636 | mfu: 34.89 | epoch: 1 | eta: 29.5m
step 01174/02205 (53.24%) [ns3] | loss: 3.334852 | lrm: 0.94 | dt: 1717.78ms | tok/s: 305,212 | mfu: 34.84 | epoch: 1 | eta: 29.5m
step 01175/02205 (53.29%) [ns3] | loss: 3.344272 | lrm: 0.93 | dt: 1722.91ms | tok/s: 304,303 | mfu: 34.74 | epoch: 1 | eta: 29.4m
step 01176/02205 (53.33%) [ns3] | loss: 3.351717 | lrm: 0.93 | dt: 1710.66ms | tok/s: 306,483 | mfu: 34.99 | epoch: 1 | eta: 29.4m
step 01177/02205 (53.38%) [ns3] | loss: 3.348430 | lrm: 0.93 | dt: 1715.77ms | tok/s: 305,569 | mfu: 34.88 | epoch: 1 | eta: 29.4m
step 01178/02205 (53.42%) [ns3] | loss: 3.350802 | lrm: 0.93 | dt: 1715.28ms | tok/s: 305,656 | mfu: 34.89 | epoch: 1 | eta: 29.3m
step 01179/02205 (53.47%) [ns3] | loss: 3.347008 | lrm: 0.93 | dt: 1721.26ms | tok/s: 304,595 | mfu: 34.77 | epoch: 1 | eta: 29.3m
step 01180/02205 (53.51%) [ns3] | loss: 3.336106 | lrm: 0.93 | dt: 1711.29ms | tok/s: 306,370 | mfu: 34.97 | epoch: 1 | eta: 29.3m
step 01181/02205 (53.56%) [ns3] | loss: 3.337717 | lrm: 0.93 | dt: 1719.87ms | tok/s: 304,841 | mfu: 34.80 | epoch: 1 | eta: 29.3m
step 01182/02205 (53.61%) [ns3] | loss: 3.340734 | lrm: 0.93 | dt: 1714.75ms | tok/s: 305,751 | mfu: 34.90 | epoch: 1 | eta: 29.2m
step 01183/02205 (53.65%) [ns3] | loss: 3.343468 | lrm: 0.93 | dt: 1716.12ms | tok/s: 305,508 | mfu: 34.87 | epoch: 1 | eta: 29.2m
step 01184/02205 (53.70%) [ns3] | loss: 3.344225 | lrm: 0.93 | dt: 1719.23ms | tok/s: 304,954 | mfu: 34.81 | epoch: 1 | eta: 29.2m
step 01185/02205 (53.74%) [ns3] | loss: 3.353046 | lrm: 0.93 | dt: 1721.85ms | tok/s: 304,490 | mfu: 34.76 | epoch: 1 | eta: 29.1m
step 01186/02205 (53.79%) [ns3] | loss: 3.348257 | lrm: 0.92 | dt: 1712.99ms | tok/s: 306,065 | mfu: 34.94 | epoch: 1 | eta: 29.1m
step 01187/02205 (53.83%) [ns3] | loss: 3.340155 | lrm: 0.92 | dt: 1713.92ms | tok/s: 305,899 | mfu: 34.92 | epoch: 1 | eta: 29.1m
step 01188/02205 (53.88%) [ns3] | loss: 3.342677 | lrm: 0.92 | dt: 1716.06ms | tok/s: 305,518 | mfu: 34.88 | epoch: 1 | eta: 29.1m
step 01189/02205 (53.92%) [ns3] | loss: 3.338542 | lrm: 0.92 | dt: 1720.89ms | tok/s: 304,660 | mfu: 34.78 | epoch: 1 | eta: 29.0m
step 01190/02205 (53.97%) [ns3] | loss: 3.331433 | lrm: 0.92 | dt: 1714.92ms | tok/s: 305,721 | mfu: 34.90 | epoch: 1 | eta: 29.0m
step 01191/02205 (54.01%) [ns3] | loss: 3.338458 | lrm: 0.92 | dt: 1710.75ms | tok/s: 306,466 | mfu: 34.98 | epoch: 1 | eta: 29.0m
step 01192/02205 (54.06%) [ns3] | loss: 3.340391 | lrm: 0.92 | dt: 1716.33ms | tok/s: 305,470 | mfu: 34.87 | epoch: 1 | eta: 28.9m
step 01193/02205 (54.10%) [ns3] | loss: 3.334985 | lrm: 0.92 | dt: 1714.13ms | tok/s: 305,862 | mfu: 34.91 | epoch: 1 | eta: 28.9m
step 01194/02205 (54.15%) [ns3] | loss: 3.334914 | lrm: 0.92 | dt: 1715.67ms | tok/s: 305,588 | mfu: 34.88 | epoch: 1 | eta: 28.9m
step 01195/02205 (54.20%) [ns3] | loss: 3.339979 | lrm: 0.92 | dt: 1717.29ms | tok/s: 305,299 | mfu: 34.85 | epoch: 1 | eta: 28.9m
step 01196/02205 (54.24%) [ns3] | loss: 3.337545 | lrm: 0.92 | dt: 1719.83ms | tok/s: 304,848 | mfu: 34.80 | epoch: 1 | eta: 28.8m
step 01197/02205 (54.29%) [ns3] | loss: 3.335619 | lrm: 0.91 | dt: 1713.61ms | tok/s: 305,955 | mfu: 34.93 | epoch: 1 | eta: 28.8m
step 01198/02205 (54.33%) [ns3] | loss: 3.343828 | lrm: 0.91 | dt: 1713.98ms | tok/s: 305,889 | mfu: 34.92 | epoch: 1 | eta: 28.8m
step 01199/02205 (54.38%) [ns3] | loss: 3.340144 | lrm: 0.91 | dt: 1714.42ms | tok/s: 305,810 | mfu: 34.91 | epoch: 1 | eta: 28.7m
step 01200/02205 (54.42%) [ns3] | loss: 3.332941 | lrm: 0.91 | dt: 1715.31ms | tok/s: 305,652 | mfu: 34.89 | epoch: 1 | eta: 28.7m
step 01201/02205 (54.47%) [ns3] | loss: 3.331994 | lrm: 0.91 | dt: 1718.19ms | tok/s: 305,140 | mfu: 34.83 | epoch: 1 | eta: 28.7m
step 01202/02205 (54.51%) [ns3] | loss: 3.328374 | lrm: 0.91 | dt: 1715.66ms | tok/s: 305,588 | mfu: 34.88 | epoch: 1 | eta: 28.7m
step 01203/02205 (54.56%) [ns3] | loss: 3.332455 | lrm: 0.91 | dt: 1708.80ms | tok/s: 306,816 | mfu: 35.02 | epoch: 1 | eta: 28.6m
step 01204/02205 (54.60%) [ns3] | loss: 3.325735 | lrm: 0.91 | dt: 1715.62ms | tok/s: 305,596 | mfu: 34.88 | epoch: 1 | eta: 28.6m
step 01205/02205 (54.65%) [ns3] | loss: 3.333077 | lrm: 0.91 | dt: 1713.49ms | tok/s: 305,976 | mfu: 34.93 | epoch: 1 | eta: 28.6m
step 01206/02205 (54.69%) [ns3] | loss: 3.336114 | lrm: 0.91 | dt: 1710.09ms | tok/s: 306,584 | mfu: 35.00 | epoch: 1 | eta: 28.5m
step 01207/02205 (54.74%) [ns3] | loss: 3.339515 | lrm: 0.91 | dt: 1719.09ms | tok/s: 304,979 | mfu: 34.81 | epoch: 1 | eta: 28.5m
step 01208/02205 (54.78%) [ns3] | loss: 3.335593 | lrm: 0.90 | dt: 1712.07ms | tok/s: 306,229 | mfu: 34.96 | epoch: 1 | eta: 28.5m
step 01209/02205 (54.83%) [ns3] | loss: 3.341017 | lrm: 0.90 | dt: 1713.46ms | tok/s: 305,982 | mfu: 34.93 | epoch: 1 | eta: 28.5m
step 01210/02205 (54.88%) [ns3] | loss: 3.347498 | lrm: 0.90 | dt: 1711.43ms | tok/s: 306,344 | mfu: 34.97 | epoch: 1 | eta: 28.4m
step 01211/02205 (54.92%) [ns3] | loss: 3.350068 | lrm: 0.90 | dt: 1712.90ms | tok/s: 306,082 | mfu: 34.94 | epoch: 1 | eta: 28.4m
step 01212/02205 (54.97%) [ns3] | loss: 3.349789 | lrm: 0.90 | dt: 1715.08ms | tok/s: 305,692 | mfu: 34.90 | epoch: 1 | eta: 28.4m
step 01213/02205 (55.01%) [ns3] | loss: 3.340319 | lrm: 0.90 | dt: 1707.83ms | tok/s: 306,990 | mfu: 35.04 | epoch: 1 | eta: 28.3m
step 01214/02205 (55.06%) [ns3] | loss: 3.335522 | lrm: 0.90 | dt: 1715.08ms | tok/s: 305,693 | mfu: 34.90 | epoch: 1 | eta: 28.3m
step 01215/02205 (55.10%) [ns3] | loss: 3.333881 | lrm: 0.90 | dt: 1709.82ms | tok/s: 306,632 | mfu: 35.00 | epoch: 1 | eta: 28.3m
step 01216/02205 (55.15%) [ns3] | loss: 3.330999 | lrm: 0.90 | dt: 1714.10ms | tok/s: 305,867 | mfu: 34.92 | epoch: 1 | eta: 28.3m
step 01217/02205 (55.19%) [ns3] | loss: 3.325697 | lrm: 0.90 | dt: 1714.03ms | tok/s: 305,879 | mfu: 34.92 | epoch: 1 | eta: 28.2m
step 01218/02205 (55.24%) [ns3] | loss: 3.327465 | lrm: 0.90 | dt: 1713.37ms | tok/s: 305,998 | mfu: 34.93 | epoch: 1 | eta: 28.2m
step 01219/02205 (55.28%) [ns3] | loss: 3.321504 | lrm: 0.89 | dt: 1715.03ms | tok/s: 305,702 | mfu: 34.90 | epoch: 1 | eta: 28.2m
step 01220/02205 (55.33%) [ns3] | loss: 3.329496 | lrm: 0.89 | dt: 1719.03ms | tok/s: 304,989 | mfu: 34.81 | epoch: 1 | eta: 28.1m
step 01221/02205 (55.37%) [ns3] | loss: 3.336088 | lrm: 0.89 | dt: 1722.89ms | tok/s: 304,307 | mfu: 34.74 | epoch: 1 | eta: 28.1m
step 01222/02205 (55.42%) [ns3] | loss: 3.331121 | lrm: 0.89 | dt: 1710.86ms | tok/s: 306,446 | mfu: 34.98 | epoch: 1 | eta: 28.1m
step 01223/02205 (55.46%) [ns3] | loss: 3.323683 | lrm: 0.89 | dt: 1711.16ms | tok/s: 306,392 | mfu: 34.98 | epoch: 1 | eta: 28.1m
step 01224/02205 (55.51%) [ns3] | loss: 3.319143 | lrm: 0.89 | dt: 1709.58ms | tok/s: 306,676 | mfu: 35.01 | epoch: 1 | eta: 28.0m
step 01225/02205 (55.56%) [ns3] | loss: 3.321211 | lrm: 0.89 | dt: 1716.62ms | tok/s: 305,419 | mfu: 34.86 | epoch: 1 | eta: 28.0m
step 01226/02205 (55.60%) [ns3] | loss: 3.327507 | lrm: 0.89 | dt: 1709.65ms | tok/s: 306,663 | mfu: 35.01 | epoch: 1 | eta: 28.0m
step 01227/02205 (55.65%) [ns3] | loss: 3.325339 | lrm: 0.89 | dt: 1714.42ms | tok/s: 305,810 | mfu: 34.91 | epoch: 1 | eta: 27.9m
step 01228/02205 (55.69%) [ns3] | loss: 3.312077 | lrm: 0.89 | dt: 1712.14ms | tok/s: 306,218 | mfu: 34.96 | epoch: 1 | eta: 27.9m
step 01229/02205 (55.74%) [ns3] | loss: 3.311823 | lrm: 0.89 | dt: 1711.74ms | tok/s: 306,288 | mfu: 34.96 | epoch: 1 | eta: 27.9m
step 01230/02205 (55.78%) [ns3] | loss: 3.310829 | lrm: 0.88 | dt: 1712.32ms | tok/s: 306,185 | mfu: 34.95 | epoch: 1 | eta: 27.9m
step 01231/02205 (55.83%) [ns3] | loss: 3.293463 | lrm: 0.88 | dt: 1712.57ms | tok/s: 306,140 | mfu: 34.95 | epoch: 1 | eta: 27.8m
step 01232/02205 (55.87%) [ns3] | loss: 3.300382 | lrm: 0.88 | dt: 1715.40ms | tok/s: 305,636 | mfu: 34.89 | epoch: 1 | eta: 27.8m
step 01233/02205 (55.92%) [ns3] | loss: 3.304777 | lrm: 0.88 | dt: 1712.90ms | tok/s: 306,082 | mfu: 34.94 | epoch: 1 | eta: 27.8m
step 01234/02205 (55.96%) [ns3] | loss: 3.305933 | lrm: 0.88 | dt: 1716.60ms | tok/s: 305,422 | mfu: 34.86 | epoch: 1 | eta: 27.7m
step 01235/02205 (56.01%) [ns3] | loss: 3.315527 | lrm: 0.88 | dt: 1712.82ms | tok/s: 306,095 | mfu: 34.94 | epoch: 1 | eta: 27.7m
step 01236/02205 (56.05%) [ns3] | loss: 3.318312 | lrm: 0.88 | dt: 1713.64ms | tok/s: 305,949 | mfu: 34.92 | epoch: 1 | eta: 27.7m
step 01237/02205 (56.10%) [ns3] | loss: 3.317913 | lrm: 0.88 | dt: 1719.43ms | tok/s: 304,919 | mfu: 34.81 | epoch: 1 | eta: 27.7m
step 01238/02205 (56.15%) [ns3] | loss: 3.318102 | lrm: 0.88 | dt: 1711.07ms | tok/s: 306,409 | mfu: 34.98 | epoch: 1 | eta: 27.6m
step 01239/02205 (56.19%) [ns3] | loss: 3.306031 | lrm: 0.88 | dt: 1711.91ms | tok/s: 306,259 | mfu: 34.96 | epoch: 1 | eta: 27.6m
step 01240/02205 (56.24%) [ns3] | loss: 3.304376 | lrm: 0.88 | dt: 1716.87ms | tok/s: 305,375 | mfu: 34.86 | epoch: 1 | eta: 27.6m
step 01241/02205 (56.28%) [ns3] | loss: 3.318453 | lrm: 0.87 | dt: 1713.59ms | tok/s: 305,957 | mfu: 34.93 | epoch: 1 | eta: 27.5m
step 01242/02205 (56.33%) [ns3] | loss: 3.316775 | lrm: 0.87 | dt: 1711.76ms | tok/s: 306,285 | mfu: 34.96 | epoch: 1 | eta: 27.5m
step 01243/02205 (56.37%) [ns3] | loss: 3.307659 | lrm: 0.87 | dt: 1708.56ms | tok/s: 306,860 | mfu: 35.03 | epoch: 1 | eta: 27.5m
step 01244/02205 (56.42%) [ns3] | loss: 3.306259 | lrm: 0.87 | dt: 1715.53ms | tok/s: 305,613 | mfu: 34.89 | epoch: 1 | eta: 27.5m
step 01245/02205 (56.46%) [ns3] | loss: 3.311070 | lrm: 0.87 | dt: 1713.37ms | tok/s: 305,998 | mfu: 34.93 | epoch: 1 | eta: 27.4m
step 01246/02205 (56.51%) [ns3] | loss: 3.309222 | lrm: 0.87 | dt: 1710.89ms | tok/s: 306,441 | mfu: 34.98 | epoch: 1 | eta: 27.4m
step 01247/02205 (56.55%) [ns3] | loss: 3.293996 | lrm: 0.87 | dt: 1716.21ms | tok/s: 305,491 | mfu: 34.87 | epoch: 1 | eta: 27.4m
step 01248/02205 (56.60%) [ns3] | loss: 3.300337 | lrm: 0.87 | dt: 1715.93ms | tok/s: 305,542 | mfu: 34.88 | epoch: 1 | eta: 27.3m
step 01249/02205 (56.64%) [ns3] | loss: 3.307279 | lrm: 0.87 | dt: 1716.10ms | tok/s: 305,511 | mfu: 34.87 | epoch: 1 | eta: 27.3m
Step 01250 | val bpb: 0.972478
step 01250/02205 (56.69%) [ns3] | loss: 3.311366 | lrm: 0.87 | dt: 1675.20ms | tok/s: 312,969 | mfu: 35.73 | epoch: 1 | eta: 27.3m
step 01251/02205 (56.73%) [ns3] | loss: 3.316561 | lrm: 0.87 | dt: 1708.00ms | tok/s: 306,960 | mfu: 35.04 | epoch: 1 | eta: 27.3m
step 01252/02205 (56.78%) [ns3] | loss: 3.300933 | lrm: 0.86 | dt: 1704.48ms | tok/s: 307,593 | mfu: 35.11 | epoch: 1 | eta: 27.2m
step 01253/02205 (56.83%) [ns3] | loss: 3.304867 | lrm: 0.86 | dt: 1700.12ms | tok/s: 308,382 | mfu: 35.20 | epoch: 1 | eta: 27.2m
step 01254/02205 (56.87%) [ns3] | loss: 3.306424 | lrm: 0.86 | dt: 1701.30ms | tok/s: 308,169 | mfu: 35.18 | epoch: 1 | eta: 27.2m
step 01255/02205 (56.92%) [ns3] | loss: 3.317572 | lrm: 0.86 | dt: 1708.97ms | tok/s: 306,786 | mfu: 35.02 | epoch: 1 | eta: 27.1m
step 01256/02205 (56.96%) [ns3] | loss: 3.316221 | lrm: 0.86 | dt: 1706.25ms | tok/s: 307,275 | mfu: 35.08 | epoch: 1 | eta: 27.1m
step 01257/02205 (57.01%) [ns3] | loss: 3.319885 | lrm: 0.86 | dt: 1702.01ms | tok/s: 308,040 | mfu: 35.16 | epoch: 1 | eta: 27.1m
step 01258/02205 (57.05%) [ns3] | loss: 3.327446 | lrm: 0.86 | dt: 1710.17ms | tok/s: 306,570 | mfu: 35.00 | epoch: 1 | eta: 27.1m
step 01259/02205 (57.10%) [ns3] | loss: 3.321816 | lrm: 0.86 | dt: 1705.65ms | tok/s: 307,383 | mfu: 35.09 | epoch: 1 | eta: 27.0m
step 01260/02205 (57.14%) [ns3] | loss: 3.327879 | lrm: 0.86 | dt: 1700.27ms | tok/s: 308,355 | mfu: 35.20 | epoch: 1 | eta: 27.0m
step 01261/02205 (57.19%) [ns3] | loss: 3.324302 | lrm: 0.86 | dt: 1706.73ms | tok/s: 307,187 | mfu: 35.07 | epoch: 1 | eta: 27.0m
step 01262/02205 (57.23%) [ns3] | loss: 3.326687 | lrm: 0.86 | dt: 1706.51ms | tok/s: 307,227 | mfu: 35.07 | epoch: 1 | eta: 26.9m
step 01263/02205 (57.28%) [ns3] | loss: 3.324115 | lrm: 0.85 | dt: 1706.26ms | tok/s: 307,272 | mfu: 35.08 | epoch: 1 | eta: 26.9m
step 01264/02205 (57.32%) [ns3] | loss: 3.330626 | lrm: 0.85 | dt: 1707.51ms | tok/s: 307,048 | mfu: 35.05 | epoch: 1 | eta: 26.9m
step 01265/02205 (57.37%) [ns3] | loss: 3.319565 | lrm: 0.85 | dt: 1703.05ms | tok/s: 307,852 | mfu: 35.14 | epoch: 1 | eta: 26.9m
step 01266/02205 (57.41%) [ns3] | loss: 3.318573 | lrm: 0.85 | dt: 1714.56ms | tok/s: 305,785 | mfu: 34.91 | epoch: 1 | eta: 26.8m
step 01267/02205 (57.46%) [ns3] | loss: 3.315363 | lrm: 0.85 | dt: 1709.62ms | tok/s: 306,669 | mfu: 35.01 | epoch: 1 | eta: 26.8m
step 01268/02205 (57.51%) [ns3] | loss: 3.320833 | lrm: 0.85 | dt: 1704.10ms | tok/s: 307,662 | mfu: 35.12 | epoch: 1 | eta: 26.8m
step 01269/02205 (57.55%) [ns3] | loss: 3.329146 | lrm: 0.85 | dt: 1707.68ms | tok/s: 307,017 | mfu: 35.05 | epoch: 1 | eta: 26.7m
step 01270/02205 (57.60%) [ns3] | loss: 3.323909 | lrm: 0.85 | dt: 1704.94ms | tok/s: 307,511 | mfu: 35.10 | epoch: 1 | eta: 26.7m
step 01271/02205 (57.64%) [ns3] | loss: 3.316446 | lrm: 0.85 | dt: 1709.91ms | tok/s: 306,617 | mfu: 35.00 | epoch: 1 | eta: 26.7m
step 01272/02205 (57.69%) [ns3] | loss: 3.318484 | lrm: 0.85 | dt: 1709.71ms | tok/s: 306,653 | mfu: 35.00 | epoch: 1 | eta: 26.7m
step 01273/02205 (57.73%) [ns3] | loss: 3.316655 | lrm: 0.85 | dt: 1709.76ms | tok/s: 306,643 | mfu: 35.00 | epoch: 1 | eta: 26.6m
step 01274/02205 (57.78%) [ns3] | loss: 3.314239 | lrm: 0.84 | dt: 1705.47ms | tok/s: 307,415 | mfu: 35.09 | epoch: 1 | eta: 26.6m
step 01275/02205 (57.82%) [ns3] | loss: 3.305636 | lrm: 0.84 | dt: 1710.73ms | tok/s: 306,470 | mfu: 34.98 | epoch: 1 | eta: 26.6m
step 01276/02205 (57.87%) [ns3] | loss: 3.309154 | lrm: 0.84 | dt: 1708.74ms | tok/s: 306,827 | mfu: 35.02 | epoch: 1 | eta: 26.5m
step 01277/02205 (57.91%) [ns3] | loss: 3.319969 | lrm: 0.84 | dt: 1707.13ms | tok/s: 307,116 | mfu: 35.06 | epoch: 1 | eta: 26.5m
step 01278/02205 (57.96%) [ns3] | loss: 3.320271 | lrm: 0.84 | dt: 1711.19ms | tok/s: 306,387 | mfu: 34.97 | epoch: 1 | eta: 26.5m
step 01279/02205 (58.00%) [ns3] | loss: 3.315577 | lrm: 0.84 | dt: 1707.70ms | tok/s: 307,013 | mfu: 35.05 | epoch: 1 | eta: 26.5m
step 01280/02205 (58.05%) [ns3] | loss: 3.320618 | lrm: 0.84 | dt: 1705.27ms | tok/s: 307,452 | mfu: 35.10 | epoch: 1 | eta: 26.4m
step 01281/02205 (58.10%) [ns3] | loss: 3.317107 | lrm: 0.84 | dt: 1707.51ms | tok/s: 307,047 | mfu: 35.05 | epoch: 1 | eta: 26.4m
step 01282/02205 (58.14%) [ns3] | loss: 3.312041 | lrm: 0.84 | dt: 1710.17ms | tok/s: 306,570 | mfu: 35.00 | epoch: 1 | eta: 26.4m
step 01283/02205 (58.19%) [ns3] | loss: 3.301888 | lrm: 0.84 | dt: 1711.99ms | tok/s: 306,245 | mfu: 34.96 | epoch: 1 | eta: 26.3m
step 01284/02205 (58.23%) [ns3] | loss: 3.302269 | lrm: 0.84 | dt: 1702.44ms | tok/s: 307,962 | mfu: 35.15 | epoch: 1 | eta: 26.3m
step 01285/02205 (58.28%) [ns3] | loss: 3.293477 | lrm: 0.83 | dt: 1710.67ms | tok/s: 306,481 | mfu: 34.99 | epoch: 1 | eta: 26.3m
step 01286/02205 (58.32%) [ns3] | loss: 3.299166 | lrm: 0.83 | dt: 1711.43ms | tok/s: 306,344 | mfu: 34.97 | epoch: 1 | eta: 26.3m
step 01287/02205 (58.37%) [ns3] | loss: 3.303777 | lrm: 0.83 | dt: 1710.49ms | tok/s: 306,513 | mfu: 34.99 | epoch: 1 | eta: 26.2m
step 01288/02205 (58.41%) [ns3] | loss: 3.314906 | lrm: 0.83 | dt: 1712.75ms | tok/s: 306,109 | mfu: 34.94 | epoch: 1 | eta: 26.2m
step 01289/02205 (58.46%) [ns3] | loss: 3.314282 | lrm: 0.83 | dt: 1710.24ms | tok/s: 306,557 | mfu: 34.99 | epoch: 1 | eta: 26.2m
step 01290/02205 (58.50%) [ns3] | loss: 3.317806 | lrm: 0.83 | dt: 1717.68ms | tok/s: 305,230 | mfu: 34.84 | epoch: 1 | eta: 26.1m
step 01291/02205 (58.55%) [ns3] | loss: 3.324808 | lrm: 0.83 | dt: 1705.45ms | tok/s: 307,419 | mfu: 35.09 | epoch: 1 | eta: 26.1m
step 01292/02205 (58.59%) [ns3] | loss: 3.333553 | lrm: 0.83 | dt: 1709.09ms | tok/s: 306,764 | mfu: 35.02 | epoch: 1 | eta: 26.1m
step 01293/02205 (58.64%) [ns3] | loss: 3.332372 | lrm: 0.83 | dt: 1714.99ms | tok/s: 305,709 | mfu: 34.90 | epoch: 1 | eta: 26.1m
step 01294/02205 (58.68%) [ns3] | loss: 3.328159 | lrm: 0.83 | dt: 1712.80ms | tok/s: 306,099 | mfu: 34.94 | epoch: 1 | eta: 26.0m
step 01295/02205 (58.73%) [ns3] | loss: 3.329382 | lrm: 0.83 | dt: 1715.84ms | tok/s: 305,557 | mfu: 34.88 | epoch: 1 | eta: 26.0m
step 01296/02205 (58.78%) [ns3] | loss: 3.323248 | lrm: 0.82 | dt: 1704.92ms | tok/s: 307,515 | mfu: 35.10 | epoch: 1 | eta: 26.0m
step 01297/02205 (58.82%) [ns3] | loss: 3.325795 | lrm: 0.82 | dt: 1711.58ms | tok/s: 306,317 | mfu: 34.97 | epoch: 1 | eta: 25.9m
step 01298/02205 (58.87%) [ns3] | loss: 3.331405 | lrm: 0.82 | dt: 1711.01ms | tok/s: 306,420 | mfu: 34.98 | epoch: 1 | eta: 25.9m
step 01299/02205 (58.91%) [ns3] | loss: 3.327744 | lrm: 0.82 | dt: 1709.28ms | tok/s: 306,730 | mfu: 35.01 | epoch: 1 | eta: 25.9m
step 01300/02205 (58.96%) [ns3] | loss: 3.317493 | lrm: 0.82 | dt: 1709.44ms | tok/s: 306,701 | mfu: 35.01 | epoch: 1 | eta: 25.9m
step 01301/02205 (59.00%) [ns3] | loss: 3.311386 | lrm: 0.82 | dt: 1711.05ms | tok/s: 306,412 | mfu: 34.98 | epoch: 1 | eta: 25.8m
step 01302/02205 (59.05%) [ns3] | loss: 3.310766 | lrm: 0.82 | dt: 1714.55ms | tok/s: 305,787 | mfu: 34.91 | epoch: 1 | eta: 25.8m
step 01303/02205 (59.09%) [ns3] | loss: 3.297085 | lrm: 0.82 | dt: 1708.31ms | tok/s: 306,903 | mfu: 35.03 | epoch: 1 | eta: 25.8m
step 01304/02205 (59.14%) [ns3] | loss: 3.296056 | lrm: 0.82 | dt: 1714.44ms | tok/s: 305,808 | mfu: 34.91 | epoch: 1 | eta: 25.7m
step 01305/02205 (59.18%) [ns3] | loss: 3.297864 | lrm: 0.82 | dt: 1712.21ms | tok/s: 306,205 | mfu: 34.95 | epoch: 1 | eta: 25.7m
step 01306/02205 (59.23%) [ns3] | loss: 3.300490 | lrm: 0.82 | dt: 1712.58ms | tok/s: 306,139 | mfu: 34.95 | epoch: 1 | eta: 25.7m
step 01307/02205 (59.27%) [ns3] | loss: 3.298657 | lrm: 0.81 | dt: 1713.62ms | tok/s: 305,953 | mfu: 34.93 | epoch: 1 | eta: 25.7m
step 01308/02205 (59.32%) [ns3] | loss: 3.310684 | lrm: 0.81 | dt: 1712.13ms | tok/s: 306,219 | mfu: 34.96 | epoch: 1 | eta: 25.6m
step 01309/02205 (59.37%) [ns3] | loss: 3.302272 | lrm: 0.81 | dt: 1713.22ms | tok/s: 306,024 | mfu: 34.93 | epoch: 1 | eta: 25.6m
step 01310/02205 (59.41%) [ns3] | loss: 3.302412 | lrm: 0.81 | dt: 1712.71ms | tok/s: 306,116 | mfu: 34.94 | epoch: 1 | eta: 25.6m
step 01311/02205 (59.46%) [ns3] | loss: 3.306963 | lrm: 0.81 | dt: 1708.15ms | tok/s: 306,933 | mfu: 35.04 | epoch: 1 | eta: 25.5m
step 01312/02205 (59.50%) [ns3] | loss: 3.308967 | lrm: 0.81 | dt: 1708.14ms | tok/s: 306,934 | mfu: 35.04 | epoch: 1 | eta: 25.5m
step 01313/02205 (59.55%) [ns3] | loss: 3.311142 | lrm: 0.81 | dt: 1713.49ms | tok/s: 305,977 | mfu: 34.93 | epoch: 1 | eta: 25.5m
step 01314/02205 (59.59%) [ns3] | loss: 3.309990 | lrm: 0.81 | dt: 1712.21ms | tok/s: 306,205 | mfu: 34.95 | epoch: 1 | eta: 25.5m
step 01315/02205 (59.64%) [ns3] | loss: 3.306792 | lrm: 0.81 | dt: 1705.31ms | tok/s: 307,444 | mfu: 35.10 | epoch: 1 | eta: 25.4m
step 01316/02205 (59.68%) [ns3] | loss: 3.301238 | lrm: 0.81 | dt: 1722.81ms | tok/s: 304,321 | mfu: 34.74 | epoch: 1 | eta: 25.4m
step 01317/02205 (59.73%) [ns3] | loss: 3.297961 | lrm: 0.81 | dt: 1708.91ms | tok/s: 306,796 | mfu: 35.02 | epoch: 1 | eta: 25.4m
step 01318/02205 (59.77%) [ns3] | loss: 3.296374 | lrm: 0.80 | dt: 1712.62ms | tok/s: 306,132 | mfu: 34.95 | epoch: 1 | eta: 25.3m
step 01319/02205 (59.82%) [ns3] | loss: 3.293671 | lrm: 0.80 | dt: 1713.70ms | tok/s: 305,939 | mfu: 34.92 | epoch: 1 | eta: 25.3m
step 01320/02205 (59.86%) [ns3] | loss: 3.298139 | lrm: 0.80 | dt: 1709.16ms | tok/s: 306,751 | mfu: 35.02 | epoch: 1 | eta: 25.3m
step 01321/02205 (59.91%) [ns3] | loss: 3.288708 | lrm: 0.80 | dt: 1712.93ms | tok/s: 306,076 | mfu: 34.94 | epoch: 1 | eta: 25.3m
step 01322/02205 (59.95%) [ns3] | loss: 3.287760 | lrm: 0.80 | dt: 1709.70ms | tok/s: 306,654 | mfu: 35.01 | epoch: 1 | eta: 25.2m
step 01323/02205 (60.00%) [ns3] | loss: 3.288906 | lrm: 0.80 | dt: 1710.76ms | tok/s: 306,464 | mfu: 34.98 | epoch: 1 | eta: 25.2m
step 01324/02205 (60.05%) [ns3] | loss: 3.279983 | lrm: 0.80 | dt: 1717.75ms | tok/s: 305,218 | mfu: 34.84 | epoch: 1 | eta: 25.2m
step 01325/02205 (60.09%) [ns3] | loss: 3.288038 | lrm: 0.80 | dt: 1707.70ms | tok/s: 307,013 | mfu: 35.05 | epoch: 1 | eta: 25.1m
step 01326/02205 (60.14%) [ns3] | loss: 3.286395 | lrm: 0.80 | dt: 1717.61ms | tok/s: 305,242 | mfu: 34.84 | epoch: 1 | eta: 25.1m
step 01327/02205 (60.18%) [ns3] | loss: 3.290752 | lrm: 0.80 | dt: 1711.39ms | tok/s: 306,351 | mfu: 34.97 | epoch: 1 | eta: 25.1m
step 01328/02205 (60.23%) [ns3] | loss: 3.283609 | lrm: 0.80 | dt: 1714.31ms | tok/s: 305,829 | mfu: 34.91 | epoch: 1 | eta: 25.1m
step 01329/02205 (60.27%) [ns3] | loss: 3.280215 | lrm: 0.79 | dt: 1711.57ms | tok/s: 306,320 | mfu: 34.97 | epoch: 1 | eta: 25.0m
step 01330/02205 (60.32%) [ns3] | loss: 3.276403 | lrm: 0.79 | dt: 1708.22ms | tok/s: 306,920 | mfu: 35.04 | epoch: 1 | eta: 25.0m
step 01331/02205 (60.36%) [ns3] | loss: 3.282230 | lrm: 0.79 | dt: 1717.96ms | tok/s: 305,180 | mfu: 34.84 | epoch: 1 | eta: 25.0m
step 01332/02205 (60.41%) [ns3] | loss: 3.280281 | lrm: 0.79 | dt: 1711.41ms | tok/s: 306,347 | mfu: 34.97 | epoch: 1 | eta: 24.9m
step 01333/02205 (60.45%) [ns3] | loss: 3.272936 | lrm: 0.79 | dt: 1715.80ms | tok/s: 305,565 | mfu: 34.88 | epoch: 1 | eta: 24.9m
step 01334/02205 (60.50%) [ns3] | loss: 3.269296 | lrm: 0.79 | dt: 1716.14ms | tok/s: 305,504 | mfu: 34.87 | epoch: 1 | eta: 24.9m
step 01335/02205 (60.54%) [ns3] | loss: 3.277709 | lrm: 0.79 | dt: 1712.81ms | tok/s: 306,098 | mfu: 34.94 | epoch: 1 | eta: 24.9m
step 01336/02205 (60.59%) [ns3] | loss: 3.278316 | lrm: 0.79 | dt: 1716.38ms | tok/s: 305,461 | mfu: 34.87 | epoch: 1 | eta: 24.8m
step 01337/02205 (60.63%) [ns3] | loss: 3.278247 | lrm: 0.79 | dt: 1713.73ms | tok/s: 305,933 | mfu: 34.92 | epoch: 1 | eta: 24.8m
step 01338/02205 (60.68%) [ns3] | loss: 3.283750 | lrm: 0.79 | dt: 1712.09ms | tok/s: 306,227 | mfu: 34.96 | epoch: 1 | eta: 24.8m
step 01339/02205 (60.73%) [ns3] | loss: 3.281418 | lrm: 0.79 | dt: 1717.16ms | tok/s: 305,323 | mfu: 34.85 | epoch: 1 | eta: 24.7m
step 01340/02205 (60.77%) [ns3] | loss: 3.289753 | lrm: 0.78 | dt: 1718.07ms | tok/s: 305,160 | mfu: 34.83 | epoch: 1 | eta: 24.7m
step 01341/02205 (60.82%) [ns3] | loss: 3.287100 | lrm: 0.78 | dt: 1705.06ms | tok/s: 307,490 | mfu: 35.10 | epoch: 1 | eta: 24.7m
step 01342/02205 (60.86%) [ns3] | loss: 3.274128 | lrm: 0.78 | dt: 1716.50ms | tok/s: 305,439 | mfu: 34.87 | epoch: 1 | eta: 24.7m
step 01343/02205 (60.91%) [ns3] | loss: 3.273175 | lrm: 0.78 | dt: 1713.11ms | tok/s: 306,043 | mfu: 34.94 | epoch: 1 | eta: 24.6m
step 01344/02205 (60.95%) [ns3] | loss: 3.258490 | lrm: 0.78 | dt: 1707.60ms | tok/s: 307,031 | mfu: 35.05 | epoch: 1 | eta: 24.6m
step 01345/02205 (61.00%) [ns3] | loss: 3.258268 | lrm: 0.78 | dt: 1712.38ms | tok/s: 306,174 | mfu: 34.95 | epoch: 1 | eta: 24.6m
step 01346/02205 (61.04%) [ns3] | loss: 3.257875 | lrm: 0.78 | dt: 1717.22ms | tok/s: 305,311 | mfu: 34.85 | epoch: 1 | eta: 24.5m
step 01347/02205 (61.09%) [ns3] | loss: 3.263655 | lrm: 0.78 | dt: 1715.69ms | tok/s: 305,583 | mfu: 34.88 | epoch: 1 | eta: 24.5m
step 01348/02205 (61.13%) [ns3] | loss: 3.273991 | lrm: 0.78 | dt: 1712.82ms | tok/s: 306,095 | mfu: 34.94 | epoch: 1 | eta: 24.5m
step 01349/02205 (61.18%) [ns3] | loss: 3.274468 | lrm: 0.78 | dt: 1710.49ms | tok/s: 306,513 | mfu: 34.99 | epoch: 1 | eta: 24.5m
step 01350/02205 (61.22%) [ns3] | loss: 3.273811 | lrm: 0.78 | dt: 1712.53ms | tok/s: 306,147 | mfu: 34.95 | epoch: 1 | eta: 24.4m
step 01351/02205 (61.27%) [ns3] | loss: 3.274907 | lrm: 0.77 | dt: 1708.15ms | tok/s: 306,932 | mfu: 35.04 | epoch: 1 | eta: 24.4m
step 01352/02205 (61.32%) [ns3] | loss: 3.281995 | lrm: 0.77 | dt: 1715.43ms | tok/s: 305,629 | mfu: 34.89 | epoch: 1 | eta: 24.4m
step 01353/02205 (61.36%) [ns3] | loss: 3.277873 | lrm: 0.77 | dt: 1715.24ms | tok/s: 305,665 | mfu: 34.89 | epoch: 1 | eta: 24.3m
step 01354/02205 (61.41%) [ns3] | loss: 3.273031 | lrm: 0.77 | dt: 1707.70ms | tok/s: 307,014 | mfu: 35.05 | epoch: 1 | eta: 24.3m
step 01355/02205 (61.45%) [ns3] | loss: 3.271575 | lrm: 0.77 | dt: 1716.20ms | tok/s: 305,492 | mfu: 34.87 | epoch: 1 | eta: 24.3m
step 01356/02205 (61.50%) [ns3] | loss: 3.274571 | lrm: 0.77 | dt: 1707.95ms | tok/s: 306,968 | mfu: 35.04 | epoch: 1 | eta: 24.3m
step 01357/02205 (61.54%) [ns3] | loss: 3.285881 | lrm: 0.77 | dt: 1714.98ms | tok/s: 305,709 | mfu: 34.90 | epoch: 1 | eta: 24.2m
step 01358/02205 (61.59%) [ns3] | loss: 3.286282 | lrm: 0.77 | dt: 1710.65ms | tok/s: 306,484 | mfu: 34.99 | epoch: 1 | eta: 24.2m
step 01359/02205 (61.63%) [ns3] | loss: 3.280416 | lrm: 0.77 | dt: 1716.01ms | tok/s: 305,526 | mfu: 34.88 | epoch: 1 | eta: 24.2m
step 01360/02205 (61.68%) [ns3] | loss: 3.264064 | lrm: 0.77 | dt: 1710.08ms | tok/s: 306,586 | mfu: 35.00 | epoch: 1 | eta: 24.1m
step 01361/02205 (61.72%) [ns3] | loss: 3.269503 | lrm: 0.77 | dt: 1708.16ms | tok/s: 306,931 | mfu: 35.04 | epoch: 1 | eta: 24.1m
step 01362/02205 (61.77%) [ns3] | loss: 3.265119 | lrm: 0.76 | dt: 1710.07ms | tok/s: 306,589 | mfu: 35.00 | epoch: 1 | eta: 24.1m
step 01363/02205 (61.81%) [ns3] | loss: 3.266686 | lrm: 0.76 | dt: 1716.36ms | tok/s: 305,464 | mfu: 34.87 | epoch: 1 | eta: 24.1m
step 01364/02205 (61.86%) [ns3] | loss: 3.270054 | lrm: 0.76 | dt: 1704.93ms | tok/s: 307,512 | mfu: 35.10 | epoch: 1 | eta: 24.0m
step 01365/02205 (61.90%) [ns3] | loss: 3.263988 | lrm: 0.76 | dt: 1716.01ms | tok/s: 305,526 | mfu: 34.88 | epoch: 1 | eta: 24.0m
step 01366/02205 (61.95%) [ns3] | loss: 3.256101 | lrm: 0.76 | dt: 1715.63ms | tok/s: 305,594 | mfu: 34.88 | epoch: 1 | eta: 24.0m
step 01367/02205 (62.00%) [ns3] | loss: 3.250083 | lrm: 0.76 | dt: 1712.78ms | tok/s: 306,104 | mfu: 34.94 | epoch: 1 | eta: 23.9m
step 01368/02205 (62.04%) [ns3] | loss: 3.256236 | lrm: 0.76 | dt: 1714.07ms | tok/s: 305,872 | mfu: 34.92 | epoch: 1 | eta: 23.9m
step 01369/02205 (62.09%) [ns3] | loss: 3.278327 | lrm: 0.76 | dt: 1713.40ms | tok/s: 305,992 | mfu: 34.93 | epoch: 1 | eta: 23.9m
step 01370/02205 (62.13%) [ns3] | loss: 3.280208 | lrm: 0.76 | dt: 1710.87ms | tok/s: 306,445 | mfu: 34.98 | epoch: 1 | eta: 23.9m
step 01371/02205 (62.18%) [ns3] | loss: 3.274591 | lrm: 0.76 | dt: 1710.07ms | tok/s: 306,588 | mfu: 35.00 | epoch: 1 | eta: 23.8m
step 01372/02205 (62.22%) [ns3] | loss: 3.284865 | lrm: 0.76 | dt: 1714.62ms | tok/s: 305,774 | mfu: 34.90 | epoch: 1 | eta: 23.8m
step 01373/02205 (62.27%) [ns3] | loss: 3.267973 | lrm: 0.75 | dt: 1715.12ms | tok/s: 305,686 | mfu: 34.89 | epoch: 1 | eta: 23.8m
step 01374/02205 (62.31%) [ns3] | loss: 3.264017 | lrm: 0.75 | dt: 1714.55ms | tok/s: 305,788 | mfu: 34.91 | epoch: 1 | eta: 23.7m
step 01375/02205 (62.36%) [ns3] | loss: 3.269903 | lrm: 0.75 | dt: 1708.97ms | tok/s: 306,786 | mfu: 35.02 | epoch: 1 | eta: 23.7m
step 01376/02205 (62.40%) [ns3] | loss: 3.279941 | lrm: 0.75 | dt: 1711.35ms | tok/s: 306,360 | mfu: 34.97 | epoch: 1 | eta: 23.7m
step 01377/02205 (62.45%) [ns3] | loss: 3.271884 | lrm: 0.75 | dt: 1711.99ms | tok/s: 306,244 | mfu: 34.96 | epoch: 1 | eta: 23.7m
step 01378/02205 (62.49%) [ns3] | loss: 3.264857 | lrm: 0.75 | dt: 1715.14ms | tok/s: 305,682 | mfu: 34.89 | epoch: 1 | eta: 23.6m
step 01379/02205 (62.54%) [ns3] | loss: 3.270464 | lrm: 0.75 | dt: 1713.36ms | tok/s: 306,000 | mfu: 34.93 | epoch: 1 | eta: 23.6m
step 01380/02205 (62.59%) [ns3] | loss: 3.266240 | lrm: 0.75 | dt: 1712.99ms | tok/s: 306,065 | mfu: 34.94 | epoch: 1 | eta: 23.6m
step 01381/02205 (62.63%) [ns3] | loss: 3.264544 | lrm: 0.75 | dt: 1708.18ms | tok/s: 306,927 | mfu: 35.04 | epoch: 1 | eta: 23.5m
step 01382/02205 (62.68%) [ns3] | loss: 3.261664 | lrm: 0.75 | dt: 1713.66ms | tok/s: 305,945 | mfu: 34.92 | epoch: 1 | eta: 23.5m
step 01383/02205 (62.72%) [ns3] | loss: 3.266890 | lrm: 0.75 | dt: 1710.07ms | tok/s: 306,588 | mfu: 35.00 | epoch: 1 | eta: 23.5m
step 01384/02205 (62.77%) [ns3] | loss: 3.265217 | lrm: 0.75 | dt: 1710.59ms | tok/s: 306,494 | mfu: 34.99 | epoch: 1 | eta: 23.5m
step 01385/02205 (62.81%) [ns3] | loss: 3.274195 | lrm: 0.74 | dt: 1712.74ms | tok/s: 306,111 | mfu: 34.94 | epoch: 1 | eta: 23.4m
step 01386/02205 (62.86%) [ns3] | loss: 3.266365 | lrm: 0.74 | dt: 1706.70ms | tok/s: 307,194 | mfu: 35.07 | epoch: 1 | eta: 23.4m
step 01387/02205 (62.90%) [ns3] | loss: 3.267358 | lrm: 0.74 | dt: 1715.62ms | tok/s: 305,597 | mfu: 34.88 | epoch: 1 | eta: 23.4m
step 01388/02205 (62.95%) [ns3] | loss: 3.262126 | lrm: 0.74 | dt: 1713.73ms | tok/s: 305,933 | mfu: 34.92 | epoch: 1 | eta: 23.3m
step 01389/02205 (62.99%) [ns3] | loss: 3.262435 | lrm: 0.74 | dt: 1708.26ms | tok/s: 306,912 | mfu: 35.03 | epoch: 1 | eta: 23.3m
step 01390/02205 (63.04%) [ns3] | loss: 3.264606 | lrm: 0.74 | dt: 1717.27ms | tok/s: 305,302 | mfu: 34.85 | epoch: 1 | eta: 23.3m
step 01391/02205 (63.08%) [ns3] | loss: 3.262875 | lrm: 0.74 | dt: 1709.66ms | tok/s: 306,661 | mfu: 35.01 | epoch: 1 | eta: 23.3m
step 01392/02205 (63.13%) [ns3] | loss: 3.259591 | lrm: 0.74 | dt: 1711.89ms | tok/s: 306,262 | mfu: 34.96 | epoch: 1 | eta: 23.2m
step 01393/02205 (63.17%) [ns3] | loss: 3.255652 | lrm: 0.74 | dt: 1716.92ms | tok/s: 305,366 | mfu: 34.86 | epoch: 1 | eta: 23.2m
step 01394/02205 (63.22%) [ns3] | loss: 3.256415 | lrm: 0.74 | dt: 1710.21ms | tok/s: 306,563 | mfu: 34.99 | epoch: 1 | eta: 23.2m
step 01395/02205 (63.27%) [ns3] | loss: 3.246409 | lrm: 0.74 | dt: 1713.74ms | tok/s: 305,932 | mfu: 34.92 | epoch: 1 | eta: 23.1m
step 01396/02205 (63.31%) [ns3] | loss: 3.245198 | lrm: 0.73 | dt: 1709.24ms | tok/s: 306,737 | mfu: 35.01 | epoch: 1 | eta: 23.1m
step 01397/02205 (63.36%) [ns3] | loss: 3.246622 | lrm: 0.73 | dt: 1711.53ms | tok/s: 306,327 | mfu: 34.97 | epoch: 1 | eta: 23.1m
step 01398/02205 (63.40%) [ns3] | loss: 3.249428 | lrm: 0.73 | dt: 1713.72ms | tok/s: 305,935 | mfu: 34.92 | epoch: 1 | eta: 23.1m
step 01399/02205 (63.45%) [ns3] | loss: 3.256777 | lrm: 0.73 | dt: 1707.09ms | tok/s: 307,124 | mfu: 35.06 | epoch: 1 | eta: 23.0m
step 01400/02205 (63.49%) [ns3] | loss: 3.256398 | lrm: 0.73 | dt: 1719.27ms | tok/s: 304,947 | mfu: 34.81 | epoch: 1 | eta: 23.0m
step 01401/02205 (63.54%) [ns3] | loss: 3.256336 | lrm: 0.73 | dt: 1710.10ms | tok/s: 306,582 | mfu: 35.00 | epoch: 1 | eta: 23.0m
step 01402/02205 (63.58%) [ns3] | loss: 3.263524 | lrm: 0.73 | dt: 1713.56ms | tok/s: 305,964 | mfu: 34.93 | epoch: 1 | eta: 22.9m
step 01403/02205 (63.63%) [ns3] | loss: 3.259665 | lrm: 0.73 | dt: 1716.50ms | tok/s: 305,440 | mfu: 34.87 | epoch: 1 | eta: 22.9m
step 01404/02205 (63.67%) [ns3] | loss: 3.252819 | lrm: 0.73 | dt: 1713.70ms | tok/s: 305,939 | mfu: 34.92 | epoch: 1 | eta: 22.9m
step 01405/02205 (63.72%) [ns3] | loss: 3.256980 | lrm: 0.73 | dt: 1713.60ms | tok/s: 305,957 | mfu: 34.93 | epoch: 1 | eta: 22.9m
step 01406/02205 (63.76%) [ns3] | loss: 3.256364 | lrm: 0.73 | dt: 1716.00ms | tok/s: 305,529 | mfu: 34.88 | epoch: 1 | eta: 22.8m
step 01407/02205 (63.81%) [ns3] | loss: 3.257897 | lrm: 0.72 | dt: 1720.80ms | tok/s: 304,677 | mfu: 34.78 | epoch: 1 | eta: 22.8m
step 01408/02205 (63.85%) [ns3] | loss: 3.261183 | lrm: 0.72 | dt: 1713.02ms | tok/s: 306,061 | mfu: 34.94 | epoch: 1 | eta: 22.8m
step 01409/02205 (63.90%) [ns3] | loss: 3.271982 | lrm: 0.72 | dt: 1719.36ms | tok/s: 304,931 | mfu: 34.81 | epoch: 1 | eta: 22.7m
step 01410/02205 (63.95%) [ns3] | loss: 3.272419 | lrm: 0.72 | dt: 1713.10ms | tok/s: 306,046 | mfu: 34.94 | epoch: 1 | eta: 22.7m
step 01411/02205 (63.99%) [ns3] | loss: 3.267724 | lrm: 0.72 | dt: 1714.81ms | tok/s: 305,741 | mfu: 34.90 | epoch: 1 | eta: 22.7m
step 01412/02205 (64.04%) [ns3] | loss: 3.276036 | lrm: 0.72 | dt: 1717.14ms | tok/s: 305,325 | mfu: 34.85 | epoch: 1 | eta: 22.7m
step 01413/02205 (64.08%) [ns3] | loss: 3.264140 | lrm: 0.72 | dt: 1720.96ms | tok/s: 304,647 | mfu: 34.78 | epoch: 1 | eta: 22.6m
step 01414/02205 (64.13%) [ns3] | loss: 3.260645 | lrm: 0.72 | dt: 1711.95ms | tok/s: 306,252 | mfu: 34.96 | epoch: 1 | eta: 22.6m
step 01415/02205 (64.17%) [ns3] | loss: 3.256992 | lrm: 0.72 | dt: 1712.21ms | tok/s: 306,205 | mfu: 34.95 | epoch: 1 | eta: 22.6m
step 01416/02205 (64.22%) [ns3] | loss: 3.250152 | lrm: 0.72 | dt: 1716.32ms | tok/s: 305,472 | mfu: 34.87 | epoch: 1 | eta: 22.5m
step 01417/02205 (64.26%) [ns3] | loss: 3.244044 | lrm: 0.72 | dt: 1709.64ms | tok/s: 306,665 | mfu: 35.01 | epoch: 1 | eta: 22.5m
step 01418/02205 (64.31%) [ns3] | loss: 3.248263 | lrm: 0.71 | dt: 1718.25ms | tok/s: 305,129 | mfu: 34.83 | epoch: 1 | eta: 22.5m
step 01419/02205 (64.35%) [ns3] | loss: 3.258871 | lrm: 0.71 | dt: 1717.64ms | tok/s: 305,237 | mfu: 34.84 | epoch: 1 | eta: 22.5m
step 01420/02205 (64.40%) [ns3] | loss: 3.255653 | lrm: 0.71 | dt: 1717.82ms | tok/s: 305,204 | mfu: 34.84 | epoch: 1 | eta: 22.4m
step 01421/02205 (64.44%) [ns3] | loss: 3.258258 | lrm: 0.71 | dt: 1722.74ms | tok/s: 304,333 | mfu: 34.74 | epoch: 1 | eta: 22.4m
step 01422/02205 (64.49%) [ns3] | loss: 3.255655 | lrm: 0.71 | dt: 1713.51ms | tok/s: 305,972 | mfu: 34.93 | epoch: 1 | eta: 22.4m
step 01423/02205 (64.54%) [ns3] | loss: 3.258053 | lrm: 0.71 | dt: 1715.14ms | tok/s: 305,682 | mfu: 34.89 | epoch: 1 | eta: 22.3m
step 01424/02205 (64.58%) [ns3] | loss: 3.261196 | lrm: 0.71 | dt: 1719.80ms | tok/s: 304,853 | mfu: 34.80 | epoch: 1 | eta: 22.3m
step 01425/02205 (64.63%) [ns3] | loss: 3.260078 | lrm: 0.71 | dt: 1722.21ms | tok/s: 304,427 | mfu: 34.75 | epoch: 1 | eta: 22.3m
step 01426/02205 (64.67%) [ns3] | loss: 3.259685 | lrm: 0.71 | dt: 1708.21ms | tok/s: 306,922 | mfu: 35.04 | epoch: 1 | eta: 22.3m
step 01427/02205 (64.72%) [ns3] | loss: 3.266090 | lrm: 0.71 | dt: 1716.55ms | tok/s: 305,431 | mfu: 34.87 | epoch: 1 | eta: 22.2m
step 01428/02205 (64.76%) [ns3] | loss: 3.264281 | lrm: 0.71 | dt: 1712.70ms | tok/s: 306,117 | mfu: 34.94 | epoch: 1 | eta: 22.2m
step 01429/02205 (64.81%) [ns3] | loss: 3.277631 | lrm: 0.70 | dt: 1716.45ms | tok/s: 305,448 | mfu: 34.87 | epoch: 1 | eta: 22.2m
step 01430/02205 (64.85%) [ns3] | loss: 3.267363 | lrm: 0.70 | dt: 1715.09ms | tok/s: 305,690 | mfu: 34.89 | epoch: 1 | eta: 22.1m
step 01431/02205 (64.90%) [ns3] | loss: 3.262054 | lrm: 0.70 | dt: 1717.12ms | tok/s: 305,329 | mfu: 34.85 | epoch: 1 | eta: 22.1m
step 01432/02205 (64.94%) [ns3] | loss: 3.263993 | lrm: 0.70 | dt: 1722.38ms | tok/s: 304,397 | mfu: 34.75 | epoch: 1 | eta: 22.1m
step 01433/02205 (64.99%) [ns3] | loss: 3.256969 | lrm: 0.70 | dt: 1715.73ms | tok/s: 305,577 | mfu: 34.88 | epoch: 1 | eta: 22.1m
step 01434/02205 (65.03%) [ns3] | loss: 3.257816 | lrm: 0.70 | dt: 1718.00ms | tok/s: 305,173 | mfu: 34.84 | epoch: 1 | eta: 22.0m
step 01435/02205 (65.08%) [ns3] | loss: 3.258251 | lrm: 0.70 | dt: 1718.79ms | tok/s: 305,033 | mfu: 34.82 | epoch: 1 | eta: 22.0m
step 01436/02205 (65.12%) [ns3] | loss: 3.256795 | lrm: 0.70 | dt: 1714.44ms | tok/s: 305,806 | mfu: 34.91 | epoch: 1 | eta: 22.0m
step 01437/02205 (65.17%) [ns3] | loss: 3.253260 | lrm: 0.70 | dt: 1716.46ms | tok/s: 305,446 | mfu: 34.87 | epoch: 1 | eta: 21.9m
step 01438/02205 (65.22%) [ns3] | loss: 3.252805 | lrm: 0.70 | dt: 1716.28ms | tok/s: 305,479 | mfu: 34.87 | epoch: 1 | eta: 21.9m
step 01439/02205 (65.26%) [ns3] | loss: 3.257638 | lrm: 0.70 | dt: 1719.40ms | tok/s: 304,924 | mfu: 34.81 | epoch: 1 | eta: 21.9m
step 01440/02205 (65.31%) [ns3] | loss: 3.254978 | lrm: 0.69 | dt: 1717.37ms | tok/s: 305,285 | mfu: 34.85 | epoch: 1 | eta: 21.9m
step 01441/02205 (65.35%) [ns3] | loss: 3.254724 | lrm: 0.69 | dt: 1714.22ms | tok/s: 305,845 | mfu: 34.91 | epoch: 1 | eta: 21.8m
step 01442/02205 (65.40%) [ns3] | loss: 3.256914 | lrm: 0.69 | dt: 1719.20ms | tok/s: 304,960 | mfu: 34.81 | epoch: 1 | eta: 21.8m
step 01443/02205 (65.44%) [ns3] | loss: 3.256427 | lrm: 0.69 | dt: 1722.93ms | tok/s: 304,300 | mfu: 34.74 | epoch: 1 | eta: 21.8m
step 01444/02205 (65.49%) [ns3] | loss: 3.254747 | lrm: 0.69 | dt: 1712.99ms | tok/s: 306,066 | mfu: 34.94 | epoch: 1 | eta: 21.7m
step 01445/02205 (65.53%) [ns3] | loss: 3.255615 | lrm: 0.69 | dt: 1716.19ms | tok/s: 305,494 | mfu: 34.87 | epoch: 1 | eta: 21.7m
step 01446/02205 (65.58%) [ns3] | loss: 3.250158 | lrm: 0.69 | dt: 1717.31ms | tok/s: 305,295 | mfu: 34.85 | epoch: 1 | eta: 21.7m
step 01447/02205 (65.62%) [ns3] | loss: 3.248238 | lrm: 0.69 | dt: 1718.84ms | tok/s: 305,024 | mfu: 34.82 | epoch: 1 | eta: 21.7m
step 01448/02205 (65.67%) [ns3] | loss: 3.250855 | lrm: 0.69 | dt: 1711.86ms | tok/s: 306,267 | mfu: 34.96 | epoch: 1 | eta: 21.6m
step 01449/02205 (65.71%) [ns3] | loss: 3.262357 | lrm: 0.69 | dt: 1714.28ms | tok/s: 305,836 | mfu: 34.91 | epoch: 1 | eta: 21.6m
step 01450/02205 (65.76%) [ns3] | loss: 3.265114 | lrm: 0.69 | dt: 1716.29ms | tok/s: 305,477 | mfu: 34.87 | epoch: 1 | eta: 21.6m
step 01451/02205 (65.80%) [ns3] | loss: 3.271177 | lrm: 0.68 | dt: 1714.89ms | tok/s: 305,727 | mfu: 34.90 | epoch: 1 | eta: 21.5m
step 01452/02205 (65.85%) [ns3] | loss: 3.266731 | lrm: 0.68 | dt: 1717.38ms | tok/s: 305,283 | mfu: 34.85 | epoch: 1 | eta: 21.5m
step 01453/02205 (65.90%) [ns3] | loss: 3.263374 | lrm: 0.68 | dt: 1719.38ms | tok/s: 304,927 | mfu: 34.81 | epoch: 1 | eta: 21.5m
step 01454/02205 (65.94%) [ns3] | loss: 3.255367 | lrm: 0.68 | dt: 1716.24ms | tok/s: 305,486 | mfu: 34.87 | epoch: 1 | eta: 21.5m
step 01455/02205 (65.99%) [ns3] | loss: 3.247764 | lrm: 0.68 | dt: 1714.18ms | tok/s: 305,853 | mfu: 34.91 | epoch: 1 | eta: 21.4m
step 01456/02205 (66.03%) [ns3] | loss: 3.251599 | lrm: 0.68 | dt: 1712.26ms | tok/s: 306,197 | mfu: 34.95 | epoch: 1 | eta: 21.4m
step 01457/02205 (66.08%) [ns3] | loss: 3.253594 | lrm: 0.68 | dt: 1713.80ms | tok/s: 305,920 | mfu: 34.92 | epoch: 1 | eta: 21.4m
step 01458/02205 (66.12%) [ns3] | loss: 3.250204 | lrm: 0.68 | dt: 1715.16ms | tok/s: 305,678 | mfu: 34.89 | epoch: 1 | eta: 21.3m
step 01459/02205 (66.17%) [ns3] | loss: 3.250355 | lrm: 0.68 | dt: 1716.17ms | tok/s: 305,498 | mfu: 34.87 | epoch: 1 | eta: 21.3m
step 01460/02205 (66.21%) [ns3] | loss: 3.257432 | lrm: 0.68 | dt: 1716.55ms | tok/s: 305,430 | mfu: 34.87 | epoch: 1 | eta: 21.3m
step 01461/02205 (66.26%) [ns3] | loss: 3.257697 | lrm: 0.68 | dt: 1715.90ms | tok/s: 305,546 | mfu: 34.88 | epoch: 1 | eta: 21.3m
step 01462/02205 (66.30%) [ns3] | loss: 3.253001 | lrm: 0.67 | dt: 1714.56ms | tok/s: 305,786 | mfu: 34.91 | epoch: 1 | eta: 21.2m
step 01463/02205 (66.35%) [ns3] | loss: 3.253495 | lrm: 0.67 | dt: 1716.00ms | tok/s: 305,529 | mfu: 34.88 | epoch: 1 | eta: 21.2m
step 01464/02205 (66.39%) [ns3] | loss: 3.246117 | lrm: 0.67 | dt: 1715.83ms | tok/s: 305,559 | mfu: 34.88 | epoch: 1 | eta: 21.2m
step 01465/02205 (66.44%) [ns3] | loss: 3.249924 | lrm: 0.67 | dt: 1721.99ms | tok/s: 304,466 | mfu: 34.76 | epoch: 1 | eta: 21.1m
step 01466/02205 (66.49%) [ns3] | loss: 3.257041 | lrm: 0.67 | dt: 1714.93ms | tok/s: 305,719 | mfu: 34.90 | epoch: 1 | eta: 21.1m
step 01467/02205 (66.53%) [ns3] | loss: 3.255303 | lrm: 0.67 | dt: 1717.63ms | tok/s: 305,239 | mfu: 34.84 | epoch: 1 | eta: 21.1m
step 01468/02205 (66.58%) [ns3] | loss: 3.256193 | lrm: 0.67 | dt: 1714.17ms | tok/s: 305,854 | mfu: 34.91 | epoch: 1 | eta: 21.1m
step 01469/02205 (66.62%) [ns3] | loss: 3.254414 | lrm: 0.67 | dt: 1723.06ms | tok/s: 304,278 | mfu: 34.73 | epoch: 1 | eta: 21.0m
step 01470/02205 (66.67%) [ns3] | loss: 3.256460 | lrm: 0.67 | dt: 1707.03ms | tok/s: 307,134 | mfu: 35.06 | epoch: 1 | eta: 21.0m
step 01471/02205 (66.71%) [ns3] | loss: 3.260275 | lrm: 0.67 | dt: 1720.22ms | tok/s: 304,780 | mfu: 34.79 | epoch: 1 | eta: 21.0m
step 01472/02205 (66.76%) [ns3] | loss: 3.263480 | lrm: 0.67 | dt: 1716.19ms | tok/s: 305,496 | mfu: 34.87 | epoch: 1 | eta: 20.9m
step 01473/02205 (66.80%) [ns3] | loss: 3.257495 | lrm: 0.66 | dt: 1717.24ms | tok/s: 305,308 | mfu: 34.85 | epoch: 1 | eta: 20.9m
step 01474/02205 (66.85%) [ns3] | loss: 3.258104 | lrm: 0.66 | dt: 1716.25ms | tok/s: 305,485 | mfu: 34.87 | epoch: 1 | eta: 20.9m
step 01475/02205 (66.89%) [ns3] | loss: 3.254304 | lrm: 0.66 | dt: 1715.90ms | tok/s: 305,546 | mfu: 34.88 | epoch: 1 | eta: 20.9m
step 01476/02205 (66.94%) [ns3] | loss: 3.253270 | lrm: 0.66 | dt: 1712.52ms | tok/s: 306,150 | mfu: 34.95 | epoch: 1 | eta: 20.8m
step 01477/02205 (66.98%) [ns3] | loss: 3.252426 | lrm: 0.66 | dt: 1717.38ms | tok/s: 305,282 | mfu: 34.85 | epoch: 1 | eta: 20.8m
step 01478/02205 (67.03%) [ns3] | loss: 3.254746 | lrm: 0.66 | dt: 1712.39ms | tok/s: 306,172 | mfu: 34.95 | epoch: 1 | eta: 20.8m
step 01479/02205 (67.07%) [ns3] | loss: 3.260677 | lrm: 0.66 | dt: 1714.87ms | tok/s: 305,730 | mfu: 34.90 | epoch: 1 | eta: 20.7m
step 01480/02205 (67.12%) [ns3] | loss: 3.252449 | lrm: 0.66 | dt: 1712.83ms | tok/s: 306,094 | mfu: 34.94 | epoch: 1 | eta: 20.7m
step 01481/02205 (67.17%) [ns3] | loss: 3.247400 | lrm: 0.66 | dt: 1718.36ms | tok/s: 305,109 | mfu: 34.83 | epoch: 1 | eta: 20.7m
step 01482/02205 (67.21%) [ns3] | loss: 3.244932 | lrm: 0.66 | dt: 1721.61ms | tok/s: 304,532 | mfu: 34.76 | epoch: 1 | eta: 20.7m
step 01483/02205 (67.26%) [ns3] | loss: 3.236135 | lrm: 0.66 | dt: 1711.50ms | tok/s: 306,331 | mfu: 34.97 | epoch: 1 | eta: 20.6m
step 01484/02205 (67.30%) [ns3] | loss: 3.231771 | lrm: 0.65 | dt: 1716.08ms | tok/s: 305,514 | mfu: 34.87 | epoch: 1 | eta: 20.6m
step 01485/02205 (67.35%) [ns3] | loss: 3.235375 | lrm: 0.65 | dt: 1712.69ms | tok/s: 306,119 | mfu: 34.94 | epoch: 1 | eta: 20.6m
step 01486/02205 (67.39%) [ns3] | loss: 3.238156 | lrm: 0.65 | dt: 1715.15ms | tok/s: 305,680 | mfu: 34.89 | epoch: 1 | eta: 20.5m
step 01487/02205 (67.44%) [ns3] | loss: 3.235883 | lrm: 0.65 | dt: 1714.77ms | tok/s: 305,747 | mfu: 34.90 | epoch: 1 | eta: 20.5m
step 01488/02205 (67.48%) [ns3] | loss: 3.243530 | lrm: 0.65 | dt: 1720.99ms | tok/s: 304,644 | mfu: 34.78 | epoch: 1 | eta: 20.5m
step 01489/02205 (67.53%) [ns3] | loss: 3.247495 | lrm: 0.65 | dt: 1715.00ms | tok/s: 305,707 | mfu: 34.90 | epoch: 1 | eta: 20.5m
step 01490/02205 (67.57%) [ns3] | loss: 3.245171 | lrm: 0.65 | dt: 1713.26ms | tok/s: 306,017 | mfu: 34.93 | epoch: 1 | eta: 20.4m
step 01491/02205 (67.62%) [ns3] | loss: 3.247182 | lrm: 0.65 | dt: 1712.82ms | tok/s: 306,096 | mfu: 34.94 | epoch: 1 | eta: 20.4m
step 01492/02205 (67.66%) [ns3] | loss: 3.242650 | lrm: 0.65 | dt: 1715.49ms | tok/s: 305,620 | mfu: 34.89 | epoch: 1 | eta: 20.4m
step 01493/02205 (67.71%) [ns3] | loss: 3.235419 | lrm: 0.65 | dt: 1712.26ms | tok/s: 306,195 | mfu: 34.95 | epoch: 1 | eta: 20.3m
step 01494/02205 (67.76%) [ns3] | loss: 3.232867 | lrm: 0.65 | dt: 1710.86ms | tok/s: 306,446 | mfu: 34.98 | epoch: 1 | eta: 20.3m
step 01495/02205 (67.80%) [ns3] | loss: 3.237988 | lrm: 0.64 | dt: 1716.26ms | tok/s: 305,482 | mfu: 34.87 | epoch: 1 | eta: 20.3m
step 01496/02205 (67.85%) [ns3] | loss: 3.238283 | lrm: 0.64 | dt: 1714.67ms | tok/s: 305,766 | mfu: 34.90 | epoch: 1 | eta: 20.3m
step 01497/02205 (67.89%) [ns3] | loss: 3.228324 | lrm: 0.64 | dt: 1720.88ms | tok/s: 304,662 | mfu: 34.78 | epoch: 1 | eta: 20.2m
step 01498/02205 (67.94%) [ns3] | loss: 3.235584 | lrm: 0.64 | dt: 1709.64ms | tok/s: 306,665 | mfu: 35.01 | epoch: 1 | eta: 20.2m
step 01499/02205 (67.98%) [ns3] | loss: 3.227102 | lrm: 0.64 | dt: 1717.59ms | tok/s: 305,246 | mfu: 34.84 | epoch: 1 | eta: 20.2m
Step 01500 | val bpb: 0.949504
step 01500/02205 (68.03%) [ns3] | loss: 3.217984 | lrm: 0.64 | dt: 1679.31ms | tok/s: 312,203 | mfu: 35.64 | epoch: 1 | eta: 20.1m
step 01501/02205 (68.07%) [ns3] | loss: 3.214785 | lrm: 0.64 | dt: 1713.61ms | tok/s: 305,956 | mfu: 34.93 | epoch: 1 | eta: 20.1m
step 01502/02205 (68.12%) [ns3] | loss: 3.220105 | lrm: 0.64 | dt: 1705.64ms | tok/s: 307,384 | mfu: 35.09 | epoch: 1 | eta: 20.1m
step 01503/02205 (68.16%) [ns3] | loss: 3.214740 | lrm: 0.64 | dt: 1700.65ms | tok/s: 308,286 | mfu: 35.19 | epoch: 1 | eta: 20.1m
step 01504/02205 (68.21%) [ns3] | loss: 3.211319 | lrm: 0.64 | dt: 1703.97ms | tok/s: 307,685 | mfu: 35.12 | epoch: 1 | eta: 20.0m
step 01505/02205 (68.25%) [ns3] | loss: 3.199886 | lrm: 0.64 | dt: 1700.59ms | tok/s: 308,297 | mfu: 35.19 | epoch: 1 | eta: 20.0m
step 01506/02205 (68.30%) [ns3] | loss: 3.203162 | lrm: 0.63 | dt: 1703.47ms | tok/s: 307,776 | mfu: 35.13 | epoch: 1 | eta: 20.0m
step 01507/02205 (68.34%) [ns3] | loss: 3.202247 | lrm: 0.63 | dt: 1705.88ms | tok/s: 307,342 | mfu: 35.08 | epoch: 1 | eta: 19.9m
step 01508/02205 (68.39%) [ns3] | loss: 3.216562 | lrm: 0.63 | dt: 1705.53ms | tok/s: 307,405 | mfu: 35.09 | epoch: 1 | eta: 19.9m
step 01509/02205 (68.44%) [ns3] | loss: 3.211855 | lrm: 0.63 | dt: 1706.84ms | tok/s: 307,168 | mfu: 35.06 | epoch: 1 | eta: 19.9m
step 01510/02205 (68.48%) [ns3] | loss: 3.200559 | lrm: 0.63 | dt: 1705.01ms | tok/s: 307,498 | mfu: 35.10 | epoch: 1 | eta: 19.9m
step 01511/02205 (68.53%) [ns3] | loss: 3.202991 | lrm: 0.63 | dt: 1706.89ms | tok/s: 307,158 | mfu: 35.06 | epoch: 1 | eta: 19.8m
step 01512/02205 (68.57%) [ns3] | loss: 3.210830 | lrm: 0.63 | dt: 1706.10ms | tok/s: 307,301 | mfu: 35.08 | epoch: 1 | eta: 19.8m
step 01513/02205 (68.62%) [ns3] | loss: 3.209739 | lrm: 0.63 | dt: 1705.77ms | tok/s: 307,361 | mfu: 35.09 | epoch: 1 | eta: 19.8m
step 01514/02205 (68.66%) [ns3] | loss: 3.203016 | lrm: 0.63 | dt: 1708.76ms | tok/s: 306,823 | mfu: 35.02 | epoch: 1 | eta: 19.7m
step 01515/02205 (68.71%) [ns3] | loss: 3.202690 | lrm: 0.63 | dt: 1706.67ms | tok/s: 307,200 | mfu: 35.07 | epoch: 1 | eta: 19.7m
step 01516/02205 (68.75%) [ns3] | loss: 3.207680 | lrm: 0.63 | dt: 1710.49ms | tok/s: 306,513 | mfu: 34.99 | epoch: 1 | eta: 19.7m
step 01517/02205 (68.80%) [ns3] | loss: 3.219335 | lrm: 0.62 | dt: 1706.02ms | tok/s: 307,316 | mfu: 35.08 | epoch: 1 | eta: 19.7m
step 01518/02205 (68.84%) [ns3] | loss: 3.211501 | lrm: 0.62 | dt: 1700.90ms | tok/s: 308,241 | mfu: 35.19 | epoch: 1 | eta: 19.6m
step 01519/02205 (68.89%) [ns3] | loss: 3.210042 | lrm: 0.62 | dt: 1709.68ms | tok/s: 306,658 | mfu: 35.01 | epoch: 1 | eta: 19.6m
step 01520/02205 (68.93%) [ns3] | loss: 3.205473 | lrm: 0.62 | dt: 1707.39ms | tok/s: 307,070 | mfu: 35.05 | epoch: 1 | eta: 19.6m
step 01521/02205 (68.98%) [ns3] | loss: 3.212855 | lrm: 0.62 | dt: 1707.84ms | tok/s: 306,989 | mfu: 35.04 | epoch: 1 | eta: 19.5m
step 01522/02205 (69.02%) [ns3] | loss: 3.214976 | lrm: 0.62 | dt: 1710.78ms | tok/s: 306,461 | mfu: 34.98 | epoch: 1 | eta: 19.5m
step 01523/02205 (69.07%) [ns3] | loss: 3.228594 | lrm: 0.62 | dt: 1709.23ms | tok/s: 306,738 | mfu: 35.01 | epoch: 1 | eta: 19.5m
step 01524/02205 (69.12%) [ns3] | loss: 3.234998 | lrm: 0.62 | dt: 1710.09ms | tok/s: 306,585 | mfu: 35.00 | epoch: 1 | eta: 19.5m
step 01525/02205 (69.16%) [ns3] | loss: 3.231929 | lrm: 0.62 | dt: 1714.53ms | tok/s: 305,791 | mfu: 34.91 | epoch: 1 | eta: 19.4m
step 01526/02205 (69.21%) [ns3] | loss: 3.229618 | lrm: 0.62 | dt: 1710.63ms | tok/s: 306,488 | mfu: 34.99 | epoch: 1 | eta: 19.4m
step 01527/02205 (69.25%) [ns3] | loss: 3.223713 | lrm: 0.62 | dt: 1713.13ms | tok/s: 306,041 | mfu: 34.94 | epoch: 1 | eta: 19.4m
step 01528/02205 (69.30%) [ns3] | loss: 3.221353 | lrm: 0.61 | dt: 1710.78ms | tok/s: 306,461 | mfu: 34.98 | epoch: 1 | eta: 19.3m
step 01529/02205 (69.34%) [ns3] | loss: 3.224079 | lrm: 0.61 | dt: 1711.43ms | tok/s: 306,345 | mfu: 34.97 | epoch: 1 | eta: 19.3m
step 01530/02205 (69.39%) [ns3] | loss: 3.221237 | lrm: 0.61 | dt: 1713.71ms | tok/s: 305,937 | mfu: 34.92 | epoch: 1 | eta: 19.3m
step 01531/02205 (69.43%) [ns3] | loss: 3.221821 | lrm: 0.61 | dt: 1711.01ms | tok/s: 306,420 | mfu: 34.98 | epoch: 1 | eta: 19.3m
step 01532/02205 (69.48%) [ns3] | loss: 3.216277 | lrm: 0.61 | dt: 1714.88ms | tok/s: 305,728 | mfu: 34.90 | epoch: 1 | eta: 19.2m
step 01533/02205 (69.52%) [ns3] | loss: 3.214320 | lrm: 0.61 | dt: 1712.80ms | tok/s: 306,099 | mfu: 34.94 | epoch: 1 | eta: 19.2m
step 01534/02205 (69.57%) [ns3] | loss: 3.220116 | lrm: 0.61 | dt: 1719.42ms | tok/s: 304,921 | mfu: 34.81 | epoch: 1 | eta: 19.2m
step 01535/02205 (69.61%) [ns3] | loss: 3.221488 | lrm: 0.61 | dt: 1708.98ms | tok/s: 306,784 | mfu: 35.02 | epoch: 1 | eta: 19.1m
step 01536/02205 (69.66%) [ns3] | loss: 3.220427 | lrm: 0.61 | dt: 1717.80ms | tok/s: 305,208 | mfu: 34.84 | epoch: 1 | eta: 19.1m
step 01537/02205 (69.71%) [ns3] | loss: 3.230515 | lrm: 0.61 | dt: 1711.11ms | tok/s: 306,401 | mfu: 34.98 | epoch: 1 | eta: 19.1m
step 01538/02205 (69.75%) [ns3] | loss: 3.235652 | lrm: 0.61 | dt: 1713.09ms | tok/s: 306,048 | mfu: 34.94 | epoch: 1 | eta: 19.1m
step 01539/02205 (69.80%) [ns3] | loss: 3.239184 | lrm: 0.60 | dt: 1713.93ms | tok/s: 305,898 | mfu: 34.92 | epoch: 1 | eta: 19.0m
step 01540/02205 (69.84%) [ns3] | loss: 3.239012 | lrm: 0.60 | dt: 1709.62ms | tok/s: 306,669 | mfu: 35.01 | epoch: 1 | eta: 19.0m
step 01541/02205 (69.89%) [ns3] | loss: 3.232954 | lrm: 0.60 | dt: 1716.11ms | tok/s: 305,509 | mfu: 34.87 | epoch: 1 | eta: 19.0m
step 01542/02205 (69.93%) [ns3] | loss: 3.236761 | lrm: 0.60 | dt: 1710.93ms | tok/s: 306,434 | mfu: 34.98 | epoch: 1 | eta: 18.9m
step 01543/02205 (69.98%) [ns3] | loss: 3.234902 | lrm: 0.60 | dt: 1717.46ms | tok/s: 305,269 | mfu: 34.85 | epoch: 1 | eta: 18.9m
step 01544/02205 (70.02%) [ns3] | loss: 3.249805 | lrm: 0.60 | dt: 1715.19ms | tok/s: 305,673 | mfu: 34.89 | epoch: 1 | eta: 18.9m
step 01545/02205 (70.07%) [ns3] | loss: 3.244610 | lrm: 0.60 | dt: 1713.97ms | tok/s: 305,890 | mfu: 34.92 | epoch: 1 | eta: 18.9m
step 01546/02205 (70.11%) [ns3] | loss: 3.247505 | lrm: 0.60 | dt: 1721.20ms | tok/s: 304,605 | mfu: 34.77 | epoch: 1 | eta: 18.8m
step 01547/02205 (70.16%) [ns3] | loss: 3.241276 | lrm: 0.60 | dt: 1715.62ms | tok/s: 305,597 | mfu: 34.88 | epoch: 1 | eta: 18.8m
step 01548/02205 (70.20%) [ns3] | loss: 3.234184 | lrm: 0.60 | dt: 1714.83ms | tok/s: 305,737 | mfu: 34.90 | epoch: 1 | eta: 18.8m
step 01549/02205 (70.25%) [ns3] | loss: 3.235750 | lrm: 0.60 | dt: 1714.00ms | tok/s: 305,885 | mfu: 34.92 | epoch: 1 | eta: 18.7m
step 01550/02205 (70.29%) [ns3] | loss: 3.237131 | lrm: 0.59 | dt: 1719.93ms | tok/s: 304,831 | mfu: 34.80 | epoch: 1 | eta: 18.7m
step 01551/02205 (70.34%) [ns3] | loss: 3.229496 | lrm: 0.59 | dt: 1717.94ms | tok/s: 305,183 | mfu: 34.84 | epoch: 1 | eta: 18.7m
step 01552/02205 (70.39%) [ns3] | loss: 3.223300 | lrm: 0.59 | dt: 1709.30ms | tok/s: 306,726 | mfu: 35.01 | epoch: 1 | eta: 18.7m
step 01553/02205 (70.43%) [ns3] | loss: 3.219140 | lrm: 0.59 | dt: 1714.77ms | tok/s: 305,748 | mfu: 34.90 | epoch: 1 | eta: 18.6m
step 01554/02205 (70.48%) [ns3] | loss: 3.225634 | lrm: 0.59 | dt: 1718.19ms | tok/s: 305,140 | mfu: 34.83 | epoch: 1 | eta: 18.6m
step 01555/02205 (70.52%) [ns3] | loss: 3.229649 | lrm: 0.59 | dt: 1717.39ms | tok/s: 305,281 | mfu: 34.85 | epoch: 1 | eta: 18.6m
step 01556/02205 (70.57%) [ns3] | loss: 3.232515 | lrm: 0.59 | dt: 1722.19ms | tok/s: 304,431 | mfu: 34.75 | epoch: 1 | eta: 18.5m
step 01557/02205 (70.61%) [ns3] | loss: 3.236477 | lrm: 0.59 | dt: 1715.11ms | tok/s: 305,687 | mfu: 34.89 | epoch: 1 | eta: 18.5m
step 01558/02205 (70.66%) [ns3] | loss: 3.238821 | lrm: 0.59 | dt: 1715.87ms | tok/s: 305,552 | mfu: 34.88 | epoch: 1 | eta: 18.5m
step 01559/02205 (70.70%) [ns3] | loss: 3.233980 | lrm: 0.59 | dt: 1716.89ms | tok/s: 305,370 | mfu: 34.86 | epoch: 1 | eta: 18.5m
step 01560/02205 (70.75%) [ns3] | loss: 3.233060 | lrm: 0.59 | dt: 1722.44ms | tok/s: 304,386 | mfu: 34.75 | epoch: 1 | eta: 18.4m
step 01561/02205 (70.79%) [ns3] | loss: 3.228658 | lrm: 0.58 | dt: 1715.24ms | tok/s: 305,665 | mfu: 34.89 | epoch: 1 | eta: 18.4m
step 01562/02205 (70.84%) [ns3] | loss: 3.227060 | lrm: 0.58 | dt: 1716.20ms | tok/s: 305,493 | mfu: 34.87 | epoch: 1 | eta: 18.4m
step 01563/02205 (70.88%) [ns3] | loss: 3.224330 | lrm: 0.58 | dt: 1718.77ms | tok/s: 305,037 | mfu: 34.82 | epoch: 1 | eta: 18.3m
step 01564/02205 (70.93%) [ns3] | loss: 3.222832 | lrm: 0.58 | dt: 1714.09ms | tok/s: 305,870 | mfu: 34.92 | epoch: 1 | eta: 18.3m
step 01565/02205 (70.98%) [ns3] | loss: 3.218013 | lrm: 0.58 | dt: 1708.80ms | tok/s: 306,815 | mfu: 35.02 | epoch: 1 | eta: 18.3m
step 01566/02205 (71.02%) [ns3] | loss: 3.221419 | lrm: 0.58 | dt: 1720.09ms | tok/s: 304,803 | mfu: 34.79 | epoch: 1 | eta: 18.3m
step 01567/02205 (71.07%) [ns3] | loss: 3.219561 | lrm: 0.58 | dt: 1716.22ms | tok/s: 305,490 | mfu: 34.87 | epoch: 1 | eta: 18.2m
step 01568/02205 (71.11%) [ns3] | loss: 3.217272 | lrm: 0.58 | dt: 1719.65ms | tok/s: 304,880 | mfu: 34.80 | epoch: 1 | eta: 18.2m
step 01569/02205 (71.16%) [ns3] | loss: 3.216272 | lrm: 0.58 | dt: 1720.14ms | tok/s: 304,793 | mfu: 34.79 | epoch: 1 | eta: 18.2m
step 01570/02205 (71.20%) [ns3] | loss: 3.207878 | lrm: 0.58 | dt: 1714.48ms | tok/s: 305,800 | mfu: 34.91 | epoch: 1 | eta: 18.1m
step 01571/02205 (71.25%) [ns3] | loss: 3.207320 | lrm: 0.58 | dt: 1716.27ms | tok/s: 305,480 | mfu: 34.87 | epoch: 1 | eta: 18.1m
step 01572/02205 (71.29%) [ns3] | loss: 3.211507 | lrm: 0.57 | dt: 1725.15ms | tok/s: 303,908 | mfu: 34.69 | epoch: 1 | eta: 18.1m
step 01573/02205 (71.34%) [ns3] | loss: 3.205312 | lrm: 0.57 | dt: 1716.36ms | tok/s: 305,464 | mfu: 34.87 | epoch: 1 | eta: 18.1m
step 01574/02205 (71.38%) [ns3] | loss: 3.208180 | lrm: 0.57 | dt: 1718.01ms | tok/s: 305,172 | mfu: 34.84 | epoch: 1 | eta: 18.0m
step 01575/02205 (71.43%) [ns3] | loss: 3.212079 | lrm: 0.57 | dt: 1723.44ms | tok/s: 304,209 | mfu: 34.73 | epoch: 1 | eta: 18.0m
step 01576/02205 (71.47%) [ns3] | loss: 3.207857 | lrm: 0.57 | dt: 1721.36ms | tok/s: 304,577 | mfu: 34.77 | epoch: 1 | eta: 18.0m
step 01577/02205 (71.52%) [ns3] | loss: 3.211538 | lrm: 0.57 | dt: 1721.76ms | tok/s: 304,506 | mfu: 34.76 | epoch: 1 | eta: 17.9m
step 01578/02205 (71.56%) [ns3] | loss: 3.199914 | lrm: 0.57 | dt: 1715.95ms | tok/s: 305,538 | mfu: 34.88 | epoch: 1 | eta: 17.9m
step 01579/02205 (71.61%) [ns3] | loss: 3.205833 | lrm: 0.57 | dt: 1718.17ms | tok/s: 305,142 | mfu: 34.83 | epoch: 1 | eta: 17.9m
step 01580/02205 (71.66%) [ns3] | loss: 3.203801 | lrm: 0.57 | dt: 1723.22ms | tok/s: 304,249 | mfu: 34.73 | epoch: 1 | eta: 17.9m
step 01581/02205 (71.70%) [ns3] | loss: 3.195555 | lrm: 0.57 | dt: 1715.94ms | tok/s: 305,539 | mfu: 34.88 | epoch: 1 | eta: 17.8m
step 01582/02205 (71.75%) [ns3] | loss: 3.197954 | lrm: 0.57 | dt: 1712.25ms | tok/s: 306,199 | mfu: 34.95 | epoch: 1 | eta: 17.8m
step 01583/02205 (71.79%) [ns3] | loss: 3.198812 | lrm: 0.56 | dt: 1715.03ms | tok/s: 305,701 | mfu: 34.90 | epoch: 1 | eta: 17.8m
step 01584/02205 (71.84%) [ns3] | loss: 3.200649 | lrm: 0.56 | dt: 1721.31ms | tok/s: 304,586 | mfu: 34.77 | epoch: 1 | eta: 17.7m
step 01585/02205 (71.88%) [ns3] | loss: 3.206284 | lrm: 0.56 | dt: 1720.02ms | tok/s: 304,815 | mfu: 34.80 | epoch: 1 | eta: 17.7m
step 01586/02205 (71.93%) [ns3] | loss: 3.206347 | lrm: 0.56 | dt: 1721.51ms | tok/s: 304,551 | mfu: 34.76 | epoch: 1 | eta: 17.7m
step 01587/02205 (71.97%) [ns3] | loss: 3.197203 | lrm: 0.56 | dt: 1723.66ms | tok/s: 304,171 | mfu: 34.72 | epoch: 1 | eta: 17.7m
step 01588/02205 (72.02%) [ns3] | loss: 3.201821 | lrm: 0.56 | dt: 1717.22ms | tok/s: 305,312 | mfu: 34.85 | epoch: 1 | eta: 17.6m
step 01589/02205 (72.06%) [ns3] | loss: 3.203805 | lrm: 0.56 | dt: 1720.92ms | tok/s: 304,655 | mfu: 34.78 | epoch: 1 | eta: 17.6m
step 01590/02205 (72.11%) [ns3] | loss: 3.207557 | lrm: 0.56 | dt: 1719.93ms | tok/s: 304,831 | mfu: 34.80 | epoch: 1 | eta: 17.6m
step 01591/02205 (72.15%) [ns3] | loss: 3.223578 | lrm: 0.56 | dt: 1722.81ms | tok/s: 304,321 | mfu: 34.74 | epoch: 1 | eta: 17.5m
step 01592/02205 (72.20%) [ns3] | loss: 3.222211 | lrm: 0.56 | dt: 1723.09ms | tok/s: 304,271 | mfu: 34.73 | epoch: 1 | eta: 17.5m
step 01593/02205 (72.24%) [ns3] | loss: 3.212657 | lrm: 0.56 | dt: 1723.31ms | tok/s: 304,233 | mfu: 34.73 | epoch: 1 | eta: 17.5m
step 01594/02205 (72.29%) [ns3] | loss: 3.209718 | lrm: 0.55 | dt: 1721.47ms | tok/s: 304,558 | mfu: 34.77 | epoch: 1 | eta: 17.5m
step 01595/02205 (72.34%) [ns3] | loss: 3.198953 | lrm: 0.55 | dt: 1720.20ms | tok/s: 304,784 | mfu: 34.79 | epoch: 1 | eta: 17.4m
step 01596/02205 (72.38%) [ns3] | loss: 3.201073 | lrm: 0.55 | dt: 1720.92ms | tok/s: 304,656 | mfu: 34.78 | epoch: 1 | eta: 17.4m
step 01597/02205 (72.43%) [ns3] | loss: 3.212495 | lrm: 0.55 | dt: 1717.14ms | tok/s: 305,326 | mfu: 34.85 | epoch: 1 | eta: 17.4m
step 01598/02205 (72.47%) [ns3] | loss: 3.211512 | lrm: 0.55 | dt: 1716.80ms | tok/s: 305,387 | mfu: 34.86 | epoch: 1 | eta: 17.3m
step 01599/02205 (72.52%) [ns3] | loss: 3.205481 | lrm: 0.55 | dt: 1724.12ms | tok/s: 304,090 | mfu: 34.71 | epoch: 1 | eta: 17.3m
step 01600/02205 (72.56%) [ns3] | loss: 3.206072 | lrm: 0.55 | dt: 1715.16ms | tok/s: 305,679 | mfu: 34.89 | epoch: 1 | eta: 17.3m
step 01601/02205 (72.61%) [ns3] | loss: 3.202261 | lrm: 0.55 | dt: 1725.53ms | tok/s: 303,841 | mfu: 34.68 | epoch: 1 | eta: 17.3m
step 01602/02205 (72.65%) [ns3] | loss: 3.207615 | lrm: 0.55 | dt: 1716.64ms | tok/s: 305,414 | mfu: 34.86 | epoch: 1 | eta: 17.2m
step 01603/02205 (72.70%) [ns3] | loss: 3.208725 | lrm: 0.55 | dt: 1722.35ms | tok/s: 304,401 | mfu: 34.75 | epoch: 1 | eta: 17.2m
step 01604/02205 (72.74%) [ns3] | loss: 3.215629 | lrm: 0.55 | dt: 1721.40ms | tok/s: 304,570 | mfu: 34.77 | epoch: 1 | eta: 17.2m
step 01605/02205 (72.79%) [ns3] | loss: 3.217186 | lrm: 0.54 | dt: 1718.89ms | tok/s: 305,014 | mfu: 34.82 | epoch: 1 | eta: 17.1m
step 01606/02205 (72.83%) [ns3] | loss: 3.219318 | lrm: 0.54 | dt: 1717.43ms | tok/s: 305,275 | mfu: 34.85 | epoch: 1 | eta: 17.1m
step 01607/02205 (72.88%) [ns3] | loss: 3.214512 | lrm: 0.54 | dt: 1723.07ms | tok/s: 304,276 | mfu: 34.73 | epoch: 1 | eta: 17.1m
step 01608/02205 (72.93%) [ns3] | loss: 3.214481 | lrm: 0.54 | dt: 1717.56ms | tok/s: 305,251 | mfu: 34.84 | epoch: 1 | eta: 17.1m
step 01609/02205 (72.97%) [ns3] | loss: 3.216628 | lrm: 0.54 | dt: 1722.88ms | tok/s: 304,309 | mfu: 34.74 | epoch: 1 | eta: 17.0m
step 01610/02205 (73.02%) [ns3] | loss: 3.203149 | lrm: 0.54 | dt: 1714.46ms | tok/s: 305,803 | mfu: 34.91 | epoch: 1 | eta: 17.0m
step 01611/02205 (73.06%) [ns3] | loss: 3.210252 | lrm: 0.54 | dt: 1714.97ms | tok/s: 305,712 | mfu: 34.90 | epoch: 1 | eta: 17.0m
step 01612/02205 (73.11%) [ns3] | loss: 3.209577 | lrm: 0.54 | dt: 1727.19ms | tok/s: 303,549 | mfu: 34.65 | epoch: 1 | eta: 16.9m
step 01613/02205 (73.15%) [ns3] | loss: 3.199299 | lrm: 0.54 | dt: 1718.66ms | tok/s: 305,056 | mfu: 34.82 | epoch: 1 | eta: 16.9m
step 01614/02205 (73.20%) [ns3] | loss: 3.203474 | lrm: 0.54 | dt: 1717.63ms | tok/s: 305,238 | mfu: 34.84 | epoch: 1 | eta: 16.9m
step 01615/02205 (73.24%) [ns3] | loss: 3.208509 | lrm: 0.54 | dt: 1720.14ms | tok/s: 304,793 | mfu: 34.79 | epoch: 1 | eta: 16.9m
step 01616/02205 (73.29%) [ns3] | loss: 3.217598 | lrm: 0.53 | dt: 1718.24ms | tok/s: 305,130 | mfu: 34.83 | epoch: 1 | eta: 16.8m
step 01617/02205 (73.33%) [ns3] | loss: 3.222361 | lrm: 0.53 | dt: 1715.37ms | tok/s: 305,641 | mfu: 34.89 | epoch: 1 | eta: 16.8m
step 01618/02205 (73.38%) [ns3] | loss: 3.216177 | lrm: 0.53 | dt: 1716.73ms | tok/s: 305,399 | mfu: 34.86 | epoch: 1 | eta: 16.8m
step 01619/02205 (73.42%) [ns3] | loss: 3.207289 | lrm: 0.53 | dt: 1719.14ms | tok/s: 304,971 | mfu: 34.81 | epoch: 1 | eta: 16.7m
step 01620/02205 (73.47%) [ns3] | loss: 3.205402 | lrm: 0.53 | dt: 1723.21ms | tok/s: 304,251 | mfu: 34.73 | epoch: 1 | eta: 16.7m
step 01621/02205 (73.51%) [ns3] | loss: 3.202895 | lrm: 0.53 | dt: 1719.34ms | tok/s: 304,936 | mfu: 34.81 | epoch: 1 | eta: 16.7m
step 01622/02205 (73.56%) [ns3] | loss: 3.202971 | lrm: 0.53 | dt: 1714.61ms | tok/s: 305,776 | mfu: 34.90 | epoch: 1 | eta: 16.7m
step 01623/02205 (73.61%) [ns3] | loss: 3.205762 | lrm: 0.53 | dt: 1725.12ms | tok/s: 303,913 | mfu: 34.69 | epoch: 1 | eta: 16.6m
step 01624/02205 (73.65%) [ns3] | loss: 3.210504 | lrm: 0.53 | dt: 1723.50ms | tok/s: 304,199 | mfu: 34.72 | epoch: 1 | eta: 16.6m
step 01625/02205 (73.70%) [ns3] | loss: 3.216591 | lrm: 0.53 | dt: 1722.23ms | tok/s: 304,424 | mfu: 34.75 | epoch: 1 | eta: 16.6m
step 01626/02205 (73.74%) [ns3] | loss: 3.207690 | lrm: 0.53 | dt: 1721.26ms | tok/s: 304,595 | mfu: 34.77 | epoch: 1 | eta: 16.5m
step 01627/02205 (73.79%) [ns3] | loss: 3.213133 | lrm: 0.52 | dt: 1717.87ms | tok/s: 305,197 | mfu: 34.84 | epoch: 1 | eta: 16.5m
step 01628/02205 (73.83%) [ns3] | loss: 3.216013 | lrm: 0.52 | dt: 1725.64ms | tok/s: 303,822 | mfu: 34.68 | epoch: 1 | eta: 16.5m
step 01629/02205 (73.88%) [ns3] | loss: 3.212640 | lrm: 0.52 | dt: 1714.29ms | tok/s: 305,834 | mfu: 34.91 | epoch: 1 | eta: 16.5m
step 01630/02205 (73.92%) [ns3] | loss: 3.212653 | lrm: 0.52 | dt: 1721.61ms | tok/s: 304,533 | mfu: 34.76 | epoch: 1 | eta: 16.4m
step 01631/02205 (73.97%) [ns3] | loss: 3.213051 | lrm: 0.52 | dt: 1715.91ms | tok/s: 305,545 | mfu: 34.88 | epoch: 1 | eta: 16.4m
step 01632/02205 (74.01%) [ns3] | loss: 3.197990 | lrm: 0.52 | dt: 1721.17ms | tok/s: 304,610 | mfu: 34.77 | epoch: 1 | eta: 16.4m
step 01633/02205 (74.06%) [ns3] | loss: 3.195899 | lrm: 0.52 | dt: 1721.98ms | tok/s: 304,468 | mfu: 34.76 | epoch: 1 | eta: 16.3m
step 01634/02205 (74.10%) [ns3] | loss: 3.196859 | lrm: 0.52 | dt: 1719.64ms | tok/s: 304,881 | mfu: 34.80 | epoch: 1 | eta: 16.3m
step 01635/02205 (74.15%) [ns3] | loss: 3.188362 | lrm: 0.52 | dt: 1718.90ms | tok/s: 305,014 | mfu: 34.82 | epoch: 1 | eta: 16.3m
step 01636/02205 (74.20%) [ns3] | loss: 3.184610 | lrm: 0.52 | dt: 1723.55ms | tok/s: 304,190 | mfu: 34.72 | epoch: 1 | eta: 16.3m
step 01637/02205 (74.24%) [ns3] | loss: 3.189555 | lrm: 0.52 | dt: 1716.92ms | tok/s: 305,365 | mfu: 34.86 | epoch: 1 | eta: 16.2m
step 01638/02205 (74.29%) [ns3] | loss: 3.192383 | lrm: 0.51 | dt: 1719.46ms | tok/s: 304,914 | mfu: 34.81 | epoch: 1 | eta: 16.2m
step 01639/02205 (74.33%) [ns3] | loss: 3.198039 | lrm: 0.51 | dt: 1722.29ms | tok/s: 304,413 | mfu: 34.75 | epoch: 1 | eta: 16.2m
step 01640/02205 (74.38%) [ns3] | loss: 3.189815 | lrm: 0.51 | dt: 1717.31ms | tok/s: 305,296 | mfu: 34.85 | epoch: 1 | eta: 16.1m
step 01641/02205 (74.42%) [ns3] | loss: 3.193308 | lrm: 0.51 | dt: 1726.25ms | tok/s: 303,715 | mfu: 34.67 | epoch: 1 | eta: 16.1m
step 01642/02205 (74.47%) [ns3] | loss: 3.193345 | lrm: 0.51 | dt: 1724.36ms | tok/s: 304,048 | mfu: 34.71 | epoch: 1 | eta: 16.1m
step 01643/02205 (74.51%) [ns3] | loss: 3.198697 | lrm: 0.51 | dt: 1717.37ms | tok/s: 305,285 | mfu: 34.85 | epoch: 1 | eta: 16.1m
step 01644/02205 (74.56%) [ns3] | loss: 3.208134 | lrm: 0.51 | dt: 1716.22ms | tok/s: 305,489 | mfu: 34.87 | epoch: 1 | eta: 16.0m
step 01645/02205 (74.60%) [ns3] | loss: 3.205008 | lrm: 0.51 | dt: 1722.26ms | tok/s: 304,419 | mfu: 34.75 | epoch: 1 | eta: 16.0m
step 01646/02205 (74.65%) [ns3] | loss: 3.209674 | lrm: 0.51 | dt: 1721.24ms | tok/s: 304,598 | mfu: 34.77 | epoch: 1 | eta: 16.0m
step 01647/02205 (74.69%) [ns3] | loss: 3.194912 | lrm: 0.51 | dt: 1717.05ms | tok/s: 305,342 | mfu: 34.86 | epoch: 1 | eta: 15.9m
step 01648/02205 (74.74%) [ns3] | loss: 3.191831 | lrm: 0.51 | dt: 1725.30ms | tok/s: 303,881 | mfu: 34.69 | epoch: 1 | eta: 15.9m
step 01649/02205 (74.78%) [ns3] | loss: 3.181947 | lrm: 0.50 | dt: 1721.50ms | tok/s: 304,552 | mfu: 34.77 | epoch: 1 | eta: 15.9m
step 01650/02205 (74.83%) [ns3] | loss: 3.181767 | lrm: 0.50 | dt: 1718.78ms | tok/s: 305,034 | mfu: 34.82 | epoch: 1 | eta: 15.9m
step 01651/02205 (74.88%) [ns3] | loss: 3.175631 | lrm: 0.50 | dt: 1718.58ms | tok/s: 305,070 | mfu: 34.82 | epoch: 1 | eta: 15.8m
step 01652/02205 (74.92%) [ns3] | loss: 3.166263 | lrm: 0.50 | dt: 1716.16ms | tok/s: 305,500 | mfu: 34.87 | epoch: 1 | eta: 15.8m
step 01653/02205 (74.97%) [ns3] | loss: 3.165824 | lrm: 0.50 | dt: 1721.35ms | tok/s: 304,579 | mfu: 34.77 | epoch: 1 | eta: 15.8m
step 01654/02205 (75.01%) [ns3] | loss: 3.166858 | lrm: 0.50 | dt: 1718.08ms | tok/s: 305,159 | mfu: 34.83 | epoch: 1 | eta: 15.7m
step 01655/02205 (75.06%) [ns3] | loss: 3.155716 | lrm: 0.50 | dt: 1723.47ms | tok/s: 304,204 | mfu: 34.73 | epoch: 1 | eta: 15.7m
step 01656/02205 (75.10%) [ns3] | loss: 3.161833 | lrm: 0.50 | dt: 1715.43ms | tok/s: 305,630 | mfu: 34.89 | epoch: 1 | eta: 15.7m
step 01657/02205 (75.15%) [ns3] | loss: 3.169556 | lrm: 0.50 | dt: 1719.40ms | tok/s: 304,924 | mfu: 34.81 | epoch: 1 | eta: 15.7m
step 01658/02205 (75.19%) [ns3] | loss: 3.165911 | lrm: 0.50 | dt: 1717.33ms | tok/s: 305,291 | mfu: 34.85 | epoch: 1 | eta: 15.6m
step 01659/02205 (75.24%) [ns3] | loss: 3.169304 | lrm: 0.50 | dt: 1720.67ms | tok/s: 304,700 | mfu: 34.78 | epoch: 1 | eta: 15.6m
step 01660/02205 (75.28%) [ns3] | loss: 3.163457 | lrm: 0.49 | dt: 1716.25ms | tok/s: 305,484 | mfu: 34.87 | epoch: 1 | eta: 15.6m
step 01661/02205 (75.33%) [ns3] | loss: 3.172666 | lrm: 0.49 | dt: 1716.97ms | tok/s: 305,356 | mfu: 34.86 | epoch: 1 | eta: 15.5m
step 01662/02205 (75.37%) [ns3] | loss: 3.171788 | lrm: 0.49 | dt: 1720.33ms | tok/s: 304,760 | mfu: 34.79 | epoch: 1 | eta: 15.5m
step 01663/02205 (75.42%) [ns3] | loss: 3.171547 | lrm: 0.49 | dt: 1717.37ms | tok/s: 305,285 | mfu: 34.85 | epoch: 1 | eta: 15.5m
step 01664/02205 (75.46%) [ns3] | loss: 3.177915 | lrm: 0.49 | dt: 1719.25ms | tok/s: 304,951 | mfu: 34.81 | epoch: 1 | eta: 15.5m
step 01665/02205 (75.51%) [ns3] | loss: 3.189433 | lrm: 0.49 | dt: 1725.57ms | tok/s: 303,833 | mfu: 34.68 | epoch: 1 | eta: 15.4m
step 01666/02205 (75.56%) [ns3] | loss: 3.195731 | lrm: 0.49 | dt: 1717.46ms | tok/s: 305,268 | mfu: 34.85 | epoch: 1 | eta: 15.4m
step 01667/02205 (75.60%) [ns3] | loss: 3.189322 | lrm: 0.49 | dt: 1724.21ms | tok/s: 304,074 | mfu: 34.71 | epoch: 1 | eta: 15.4m
step 01668/02205 (75.65%) [ns3] | loss: 3.191301 | lrm: 0.49 | dt: 1716.41ms | tok/s: 305,456 | mfu: 34.87 | epoch: 1 | eta: 15.3m
step 01669/02205 (75.69%) [ns3] | loss: 3.195591 | lrm: 0.49 | dt: 1719.37ms | tok/s: 304,930 | mfu: 34.81 | epoch: 1 | eta: 15.3m
step 01670/02205 (75.74%) [ns3] | loss: 3.194786 | lrm: 0.49 | dt: 1724.44ms | tok/s: 304,033 | mfu: 34.71 | epoch: 1 | eta: 15.3m
step 01671/02205 (75.78%) [ns3] | loss: 3.184627 | lrm: 0.48 | dt: 1720.23ms | tok/s: 304,777 | mfu: 34.79 | epoch: 1 | eta: 15.3m
step 01672/02205 (75.83%) [ns3] | loss: 3.181956 | lrm: 0.48 | dt: 1717.82ms | tok/s: 305,205 | mfu: 34.84 | epoch: 1 | eta: 15.2m
step 01673/02205 (75.87%) [ns3] | loss: 3.190144 | lrm: 0.48 | dt: 1719.83ms | tok/s: 304,848 | mfu: 34.80 | epoch: 1 | eta: 15.2m
step 01674/02205 (75.92%) [ns3] | loss: 3.179575 | lrm: 0.48 | dt: 1722.04ms | tok/s: 304,457 | mfu: 34.75 | epoch: 1 | eta: 15.2m
step 01675/02205 (75.96%) [ns3] | loss: 3.162106 | lrm: 0.48 | dt: 1717.69ms | tok/s: 305,228 | mfu: 34.84 | epoch: 1 | eta: 15.1m
step 01676/02205 (76.01%) [ns3] | loss: 3.165602 | lrm: 0.48 | dt: 1719.14ms | tok/s: 304,971 | mfu: 34.81 | epoch: 1 | eta: 15.1m
step 01677/02205 (76.05%) [ns3] | loss: 3.171357 | lrm: 0.48 | dt: 1725.77ms | tok/s: 303,799 | mfu: 34.68 | epoch: 1 | eta: 15.1m
step 01678/02205 (76.10%) [ns3] | loss: 3.177413 | lrm: 0.48 | dt: 1722.32ms | tok/s: 304,408 | mfu: 34.75 | epoch: 1 | eta: 15.1m
step 01679/02205 (76.15%) [ns3] | loss: 3.175454 | lrm: 0.48 | dt: 1720.80ms | tok/s: 304,676 | mfu: 34.78 | epoch: 1 | eta: 15.0m
step 01680/02205 (76.19%) [ns3] | loss: 3.178837 | lrm: 0.48 | dt: 1719.95ms | tok/s: 304,827 | mfu: 34.80 | epoch: 1 | eta: 15.0m
step 01681/02205 (76.24%) [ns3] | loss: 3.176021 | lrm: 0.48 | dt: 1722.87ms | tok/s: 304,311 | mfu: 34.74 | epoch: 1 | eta: 15.0m
step 01682/02205 (76.28%) [ns3] | loss: 3.179790 | lrm: 0.47 | dt: 1715.49ms | tok/s: 305,620 | mfu: 34.89 | epoch: 1 | eta: 14.9m
step 01683/02205 (76.33%) [ns3] | loss: 3.181006 | lrm: 0.47 | dt: 1718.68ms | tok/s: 305,053 | mfu: 34.82 | epoch: 1 | eta: 14.9m
step 01684/02205 (76.37%) [ns3] | loss: 3.181659 | lrm: 0.47 | dt: 1725.01ms | tok/s: 303,933 | mfu: 34.69 | epoch: 1 | eta: 14.9m
step 01685/02205 (76.42%) [ns3] | loss: 3.184362 | lrm: 0.47 | dt: 1717.26ms | tok/s: 305,304 | mfu: 34.85 | epoch: 1 | eta: 14.9m
step 01686/02205 (76.46%) [ns3] | loss: 3.178790 | lrm: 0.47 | dt: 1720.95ms | tok/s: 304,650 | mfu: 34.78 | epoch: 1 | eta: 14.8m
step 01687/02205 (76.51%) [ns3] | loss: 3.176938 | lrm: 0.47 | dt: 1722.19ms | tok/s: 304,431 | mfu: 34.75 | epoch: 1 | eta: 14.8m
step 01688/02205 (76.55%) [ns3] | loss: 3.184415 | lrm: 0.47 | dt: 1715.96ms | tok/s: 305,536 | mfu: 34.88 | epoch: 1 | eta: 14.8m
step 01689/02205 (76.60%) [ns3] | loss: 3.185243 | lrm: 0.47 | dt: 1723.82ms | tok/s: 304,143 | mfu: 34.72 | epoch: 1 | eta: 14.7m
step 01690/02205 (76.64%) [ns3] | loss: 3.176101 | lrm: 0.47 | dt: 1718.70ms | tok/s: 305,048 | mfu: 34.82 | epoch: 1 | eta: 14.7m
step 01691/02205 (76.69%) [ns3] | loss: 3.181419 | lrm: 0.47 | dt: 1724.16ms | tok/s: 304,082 | mfu: 34.71 | epoch: 1 | eta: 14.7m
step 01692/02205 (76.73%) [ns3] | loss: 3.176131 | lrm: 0.47 | dt: 1726.15ms | tok/s: 303,732 | mfu: 34.67 | epoch: 1 | eta: 14.7m
step 01693/02205 (76.78%) [ns3] | loss: 3.172106 | lrm: 0.46 | dt: 1718.48ms | tok/s: 305,087 | mfu: 34.83 | epoch: 1 | eta: 14.6m
step 01694/02205 (76.83%) [ns3] | loss: 3.170312 | lrm: 0.46 | dt: 1716.39ms | tok/s: 305,459 | mfu: 34.87 | epoch: 1 | eta: 14.6m
step 01695/02205 (76.87%) [ns3] | loss: 3.165893 | lrm: 0.46 | dt: 1723.81ms | tok/s: 304,145 | mfu: 34.72 | epoch: 1 | eta: 14.6m
step 01696/02205 (76.92%) [ns3] | loss: 3.169522 | lrm: 0.46 | dt: 1718.61ms | tok/s: 305,064 | mfu: 34.82 | epoch: 1 | eta: 14.5m
step 01697/02205 (76.96%) [ns3] | loss: 3.164678 | lrm: 0.46 | dt: 1718.80ms | tok/s: 305,032 | mfu: 34.82 | epoch: 1 | eta: 14.5m
step 01698/02205 (77.01%) [ns3] | loss: 3.169480 | lrm: 0.46 | dt: 1722.99ms | tok/s: 304,289 | mfu: 34.73 | epoch: 1 | eta: 14.5m
step 01699/02205 (77.05%) [ns3] | loss: 3.172847 | lrm: 0.46 | dt: 1720.69ms | tok/s: 304,696 | mfu: 34.78 | epoch: 1 | eta: 14.5m
step 01700/02205 (77.10%) [ns3] | loss: 3.166365 | lrm: 0.46 | dt: 1717.60ms | tok/s: 305,244 | mfu: 34.84 | epoch: 1 | eta: 14.4m
step 01701/02205 (77.14%) [ns3] | loss: 3.166414 | lrm: 0.46 | dt: 1716.47ms | tok/s: 305,446 | mfu: 34.87 | epoch: 1 | eta: 14.4m
step 01702/02205 (77.19%) [ns3] | loss: 3.169094 | lrm: 0.46 | dt: 1716.73ms | tok/s: 305,398 | mfu: 34.86 | epoch: 1 | eta: 14.4m
step 01703/02205 (77.23%) [ns3] | loss: 3.178257 | lrm: 0.46 | dt: 1722.51ms | tok/s: 304,375 | mfu: 34.74 | epoch: 1 | eta: 14.3m
step 01704/02205 (77.28%) [ns3] | loss: 3.184445 | lrm: 0.45 | dt: 1719.07ms | tok/s: 304,984 | mfu: 34.81 | epoch: 1 | eta: 14.3m
step 01705/02205 (77.32%) [ns3] | loss: 3.190336 | lrm: 0.45 | dt: 1726.48ms | tok/s: 303,675 | mfu: 34.66 | epoch: 1 | eta: 14.3m
step 01706/02205 (77.37%) [ns3] | loss: 3.184744 | lrm: 0.45 | dt: 1723.42ms | tok/s: 304,213 | mfu: 34.73 | epoch: 1 | eta: 14.3m
step 01707/02205 (77.41%) [ns3] | loss: 3.170890 | lrm: 0.45 | dt: 1716.56ms | tok/s: 305,428 | mfu: 34.87 | epoch: 1 | eta: 14.2m
step 01708/02205 (77.46%) [ns3] | loss: 3.179494 | lrm: 0.45 | dt: 1716.59ms | tok/s: 305,423 | mfu: 34.86 | epoch: 1 | eta: 14.2m
step 01709/02205 (77.51%) [ns3] | loss: 3.178544 | lrm: 0.45 | dt: 1719.60ms | tok/s: 304,890 | mfu: 34.80 | epoch: 1 | eta: 14.2m
step 01710/02205 (77.55%) [ns3] | loss: 3.177011 | lrm: 0.45 | dt: 1722.53ms | tok/s: 304,370 | mfu: 34.74 | epoch: 1 | eta: 14.1m
step 01711/02205 (77.60%) [ns3] | loss: 3.171687 | lrm: 0.45 | dt: 1717.93ms | tok/s: 305,185 | mfu: 34.84 | epoch: 1 | eta: 14.1m
step 01712/02205 (77.64%) [ns3] | loss: 3.174270 | lrm: 0.45 | dt: 1726.07ms | tok/s: 303,746 | mfu: 34.67 | epoch: 1 | eta: 14.1m
step 01713/02205 (77.69%) [ns3] | loss: 3.171988 | lrm: 0.45 | dt: 1719.35ms | tok/s: 304,933 | mfu: 34.81 | epoch: 1 | eta: 14.1m
step 01714/02205 (77.73%) [ns3] | loss: 3.177825 | lrm: 0.45 | dt: 1717.64ms | tok/s: 305,237 | mfu: 34.84 | epoch: 1 | eta: 14.0m
step 01715/02205 (77.78%) [ns3] | loss: 3.176281 | lrm: 0.44 | dt: 1719.88ms | tok/s: 304,839 | mfu: 34.80 | epoch: 1 | eta: 14.0m
step 01716/02205 (77.82%) [ns3] | loss: 3.184928 | lrm: 0.44 | dt: 1725.82ms | tok/s: 303,790 | mfu: 34.68 | epoch: 1 | eta: 14.0m
step 01717/02205 (77.87%) [ns3] | loss: 3.187631 | lrm: 0.44 | dt: 1717.30ms | tok/s: 305,297 | mfu: 34.85 | epoch: 1 | eta: 13.9m
step 01718/02205 (77.91%) [ns3] | loss: 3.188541 | lrm: 0.44 | dt: 1713.09ms | tok/s: 306,048 | mfu: 34.94 | epoch: 1 | eta: 13.9m
step 01719/02205 (77.96%) [ns3] | loss: 3.184827 | lrm: 0.44 | dt: 1717.21ms | tok/s: 305,313 | mfu: 34.85 | epoch: 1 | eta: 13.9m
step 01720/02205 (78.00%) [ns3] | loss: 3.178421 | lrm: 0.44 | dt: 1719.44ms | tok/s: 304,918 | mfu: 34.81 | epoch: 1 | eta: 13.9m
step 01721/02205 (78.05%) [ns3] | loss: 3.191777 | lrm: 0.44 | dt: 1718.65ms | tok/s: 305,057 | mfu: 34.82 | epoch: 1 | eta: 13.8m
step 01722/02205 (78.10%) [ns3] | loss: 3.185026 | lrm: 0.44 | dt: 1715.27ms | tok/s: 305,658 | mfu: 34.89 | epoch: 1 | eta: 13.8m
step 01723/02205 (78.14%) [ns3] | loss: 3.185948 | lrm: 0.44 | dt: 1724.36ms | tok/s: 304,048 | mfu: 34.71 | epoch: 1 | eta: 13.8m
step 01724/02205 (78.19%) [ns3] | loss: 3.182491 | lrm: 0.44 | dt: 1717.88ms | tok/s: 305,194 | mfu: 34.84 | epoch: 1 | eta: 13.7m
step 01725/02205 (78.23%) [ns3] | loss: 3.177065 | lrm: 0.44 | dt: 1716.34ms | tok/s: 305,468 | mfu: 34.87 | epoch: 1 | eta: 13.7m
step 01726/02205 (78.28%) [ns3] | loss: 3.178908 | lrm: 0.43 | dt: 1725.64ms | tok/s: 303,822 | mfu: 34.68 | epoch: 1 | eta: 13.7m
step 01727/02205 (78.32%) [ns3] | loss: 3.179046 | lrm: 0.43 | dt: 1718.02ms | tok/s: 305,169 | mfu: 34.84 | epoch: 1 | eta: 13.7m
step 01728/02205 (78.37%) [ns3] | loss: 3.179319 | lrm: 0.43 | dt: 1722.65ms | tok/s: 304,350 | mfu: 34.74 | epoch: 1 | eta: 13.6m
step 01729/02205 (78.41%) [ns3] | loss: 3.196270 | lrm: 0.43 | dt: 1721.33ms | tok/s: 304,583 | mfu: 34.77 | epoch: 1 | eta: 13.6m
step 01730/02205 (78.46%) [ns3] | loss: 3.202236 | lrm: 0.43 | dt: 1726.66ms | tok/s: 303,643 | mfu: 34.66 | epoch: 1 | eta: 13.6m
step 01731/02205 (78.50%) [ns3] | loss: 3.195115 | lrm: 0.43 | dt: 1722.81ms | tok/s: 304,321 | mfu: 34.74 | epoch: 1 | eta: 13.5m
step 01732/02205 (78.55%) [ns3] | loss: 3.188112 | lrm: 0.43 | dt: 1716.99ms | tok/s: 305,353 | mfu: 34.86 | epoch: 1 | eta: 13.5m
step 01733/02205 (78.59%) [ns3] | loss: 3.188464 | lrm: 0.43 | dt: 1717.72ms | tok/s: 305,223 | mfu: 34.84 | epoch: 1 | eta: 13.5m
step 01734/02205 (78.64%) [ns3] | loss: 3.192181 | lrm: 0.43 | dt: 1721.65ms | tok/s: 304,526 | mfu: 34.76 | epoch: 1 | eta: 13.5m
step 01735/02205 (78.68%) [ns3] | loss: 3.192866 | lrm: 0.43 | dt: 1723.52ms | tok/s: 304,195 | mfu: 34.72 | epoch: 1 | eta: 13.4m
step 01736/02205 (78.73%) [ns3] | loss: 3.191146 | lrm: 0.43 | dt: 1711.21ms | tok/s: 306,385 | mfu: 34.97 | epoch: 1 | eta: 13.4m
step 01737/02205 (78.78%) [ns3] | loss: 3.192148 | lrm: 0.42 | dt: 1715.41ms | tok/s: 305,633 | mfu: 34.89 | epoch: 1 | eta: 13.4m
step 01738/02205 (78.82%) [ns3] | loss: 3.186438 | lrm: 0.42 | dt: 1721.37ms | tok/s: 304,575 | mfu: 34.77 | epoch: 1 | eta: 13.3m
step 01739/02205 (78.87%) [ns3] | loss: 3.189652 | lrm: 0.42 | dt: 1723.20ms | tok/s: 304,252 | mfu: 34.73 | epoch: 1 | eta: 13.3m
step 01740/02205 (78.91%) [ns3] | loss: 3.183946 | lrm: 0.42 | dt: 1719.10ms | tok/s: 304,977 | mfu: 34.81 | epoch: 1 | eta: 13.3m
step 01741/02205 (78.96%) [ns3] | loss: 3.186357 | lrm: 0.42 | dt: 1727.38ms | tok/s: 303,516 | mfu: 34.65 | epoch: 1 | eta: 13.3m
step 01742/02205 (79.00%) [ns3] | loss: 3.176006 | lrm: 0.42 | dt: 1720.36ms | tok/s: 304,754 | mfu: 34.79 | epoch: 1 | eta: 13.2m
step 01743/02205 (79.05%) [ns3] | loss: 3.166299 | lrm: 0.42 | dt: 1721.67ms | tok/s: 304,522 | mfu: 34.76 | epoch: 1 | eta: 13.2m
step 01744/02205 (79.09%) [ns3] | loss: 3.161155 | lrm: 0.42 | dt: 1715.85ms | tok/s: 305,555 | mfu: 34.88 | epoch: 1 | eta: 13.2m
step 01745/02205 (79.14%) [ns3] | loss: 3.147400 | lrm: 0.42 | dt: 1724.30ms | tok/s: 304,058 | mfu: 34.71 | epoch: 1 | eta: 13.1m
step 01746/02205 (79.18%) [ns3] | loss: 3.148021 | lrm: 0.42 | dt: 1721.75ms | tok/s: 304,508 | mfu: 34.76 | epoch: 1 | eta: 13.1m
step 01747/02205 (79.23%) [ns3] | loss: 3.163548 | lrm: 0.42 | dt: 1721.56ms | tok/s: 304,543 | mfu: 34.76 | epoch: 1 | eta: 13.1m
step 01748/02205 (79.27%) [ns3] | loss: 3.157139 | lrm: 0.41 | dt: 1720.52ms | tok/s: 304,726 | mfu: 34.78 | epoch: 1 | eta: 13.1m
step 01749/02205 (79.32%) [ns3] | loss: 3.146042 | lrm: 0.41 | dt: 1721.43ms | tok/s: 304,564 | mfu: 34.77 | epoch: 1 | eta: 13.0m
Step 01750 | val bpb: 0.929062
step 01750/02205 (79.37%) [ns3] | loss: 3.152045 | lrm: 0.41 | dt: 1691.75ms | tok/s: 309,908 | mfu: 35.38 | epoch: 1 | eta: 13.0m
step 01751/02205 (79.41%) [ns3] | loss: 3.156553 | lrm: 0.41 | dt: 1713.32ms | tok/s: 306,007 | mfu: 34.93 | epoch: 1 | eta: 13.0m
step 01752/02205 (79.46%) [ns3] | loss: 3.151317 | lrm: 0.41 | dt: 1710.38ms | tok/s: 306,532 | mfu: 34.99 | epoch: 1 | eta: 12.9m
step 01753/02205 (79.50%) [ns3] | loss: 3.153274 | lrm: 0.41 | dt: 1702.47ms | tok/s: 307,957 | mfu: 35.15 | epoch: 1 | eta: 12.9m
step 01754/02205 (79.55%) [ns3] | loss: 3.153654 | lrm: 0.41 | dt: 1711.52ms | tok/s: 306,328 | mfu: 34.97 | epoch: 1 | eta: 12.9m
step 01755/02205 (79.59%) [ns3] | loss: 3.160104 | lrm: 0.41 | dt: 1712.27ms | tok/s: 306,195 | mfu: 34.95 | epoch: 1 | eta: 12.9m
step 01756/02205 (79.64%) [ns3] | loss: 3.156606 | lrm: 0.41 | dt: 1703.54ms | tok/s: 307,764 | mfu: 35.13 | epoch: 1 | eta: 12.8m
step 01757/02205 (79.68%) [ns3] | loss: 3.165227 | lrm: 0.41 | dt: 1715.47ms | tok/s: 305,622 | mfu: 34.89 | epoch: 1 | eta: 12.8m
step 01758/02205 (79.73%) [ns3] | loss: 3.171689 | lrm: 0.41 | dt: 1710.91ms | tok/s: 306,438 | mfu: 34.98 | epoch: 1 | eta: 12.8m
step 01759/02205 (79.77%) [ns3] | loss: 3.170299 | lrm: 0.40 | dt: 1708.81ms | tok/s: 306,814 | mfu: 35.02 | epoch: 1 | eta: 12.7m
step 01760/02205 (79.82%) [ns3] | loss: 3.177009 | lrm: 0.40 | dt: 1719.13ms | tok/s: 304,973 | mfu: 34.81 | epoch: 1 | eta: 12.7m
step 01761/02205 (79.86%) [ns3] | loss: 3.178755 | lrm: 0.40 | dt: 1708.83ms | tok/s: 306,810 | mfu: 35.02 | epoch: 1 | eta: 12.7m
step 01762/02205 (79.91%) [ns3] | loss: 3.178557 | lrm: 0.40 | dt: 1714.02ms | tok/s: 305,882 | mfu: 34.92 | epoch: 1 | eta: 12.7m
step 01763/02205 (79.95%) [ns3] | loss: 3.170116 | lrm: 0.40 | dt: 1707.67ms | tok/s: 307,019 | mfu: 35.05 | epoch: 1 | eta: 12.6m
step 01764/02205 (80.00%) [ns3] | loss: 3.172914 | lrm: 0.40 | dt: 1713.14ms | tok/s: 306,038 | mfu: 34.93 | epoch: 1 | eta: 12.6m
step 01765/02205 (80.05%) [ns3] | loss: 3.164672 | lrm: 0.40 | dt: 1718.88ms | tok/s: 305,016 | mfu: 34.82 | epoch: 1 | eta: 12.6m
step 01766/02205 (80.09%) [ns3] | loss: 3.171891 | lrm: 0.40 | dt: 1706.69ms | tok/s: 307,196 | mfu: 35.07 | epoch: 1 | eta: 12.5m
step 01767/02205 (80.14%) [ns3] | loss: 3.173123 | lrm: 0.40 | dt: 1716.59ms | tok/s: 305,424 | mfu: 34.86 | epoch: 1 | eta: 12.5m
step 01768/02205 (80.18%) [ns3] | loss: 3.171327 | lrm: 0.40 | dt: 1704.29ms | tok/s: 307,628 | mfu: 35.12 | epoch: 1 | eta: 12.5m
step 01769/02205 (80.23%) [ns3] | loss: 3.175330 | lrm: 0.40 | dt: 1720.19ms | tok/s: 304,785 | mfu: 34.79 | epoch: 1 | eta: 12.5m
step 01770/02205 (80.27%) [ns3] | loss: 3.183244 | lrm: 0.39 | dt: 1715.36ms | tok/s: 305,643 | mfu: 34.89 | epoch: 1 | eta: 12.4m
step 01771/02205 (80.32%) [ns3] | loss: 3.182489 | lrm: 0.39 | dt: 1706.65ms | tok/s: 307,202 | mfu: 35.07 | epoch: 1 | eta: 12.4m
step 01772/02205 (80.36%) [ns3] | loss: 3.175756 | lrm: 0.39 | dt: 1720.27ms | tok/s: 304,770 | mfu: 34.79 | epoch: 1 | eta: 12.4m
step 01773/02205 (80.41%) [ns3] | loss: 3.172080 | lrm: 0.39 | dt: 1718.07ms | tok/s: 305,161 | mfu: 34.83 | epoch: 1 | eta: 12.3m
step 01774/02205 (80.45%) [ns3] | loss: 3.176136 | lrm: 0.39 | dt: 1718.20ms | tok/s: 305,137 | mfu: 34.83 | epoch: 1 | eta: 12.3m
step 01775/02205 (80.50%) [ns3] | loss: 3.183589 | lrm: 0.39 | dt: 1717.36ms | tok/s: 305,287 | mfu: 34.85 | epoch: 1 | eta: 12.3m
step 01776/02205 (80.54%) [ns3] | loss: 3.180189 | lrm: 0.39 | dt: 1711.11ms | tok/s: 306,401 | mfu: 34.98 | epoch: 1 | eta: 12.3m
step 01777/02205 (80.59%) [ns3] | loss: 3.184872 | lrm: 0.39 | dt: 1711.47ms | tok/s: 306,338 | mfu: 34.97 | epoch: 1 | eta: 12.2m
step 01778/02205 (80.63%) [ns3] | loss: 3.186645 | lrm: 0.39 | dt: 1717.06ms | tok/s: 305,340 | mfu: 34.85 | epoch: 1 | eta: 12.2m
step 01779/02205 (80.68%) [ns3] | loss: 3.184061 | lrm: 0.39 | dt: 1716.08ms | tok/s: 305,515 | mfu: 34.87 | epoch: 1 | eta: 12.2m
step 01780/02205 (80.73%) [ns3] | loss: 3.185765 | lrm: 0.39 | dt: 1713.16ms | tok/s: 306,035 | mfu: 34.93 | epoch: 1 | eta: 12.1m
step 01781/02205 (80.77%) [ns3] | loss: 3.172477 | lrm: 0.38 | dt: 1719.08ms | tok/s: 304,982 | mfu: 34.81 | epoch: 1 | eta: 12.1m
step 01782/02205 (80.82%) [ns3] | loss: 3.165495 | lrm: 0.38 | dt: 1718.68ms | tok/s: 305,053 | mfu: 34.82 | epoch: 1 | eta: 12.1m
step 01783/02205 (80.86%) [ns3] | loss: 3.162512 | lrm: 0.38 | dt: 1712.21ms | tok/s: 306,204 | mfu: 34.95 | epoch: 1 | eta: 12.1m
step 01784/02205 (80.91%) [ns3] | loss: 3.170850 | lrm: 0.38 | dt: 1712.71ms | tok/s: 306,115 | mfu: 34.94 | epoch: 1 | eta: 12.0m
step 01785/02205 (80.95%) [ns3] | loss: 3.165600 | lrm: 0.38 | dt: 1711.17ms | tok/s: 306,392 | mfu: 34.98 | epoch: 1 | eta: 12.0m
step 01786/02205 (81.00%) [ns3] | loss: 3.166267 | lrm: 0.38 | dt: 1710.08ms | tok/s: 306,586 | mfu: 35.00 | epoch: 1 | eta: 12.0m
step 01787/02205 (81.04%) [ns3] | loss: 3.158383 | lrm: 0.38 | dt: 1714.14ms | tok/s: 305,860 | mfu: 34.91 | epoch: 1 | eta: 11.9m
step 01788/02205 (81.09%) [ns3] | loss: 3.164019 | lrm: 0.38 | dt: 1715.24ms | tok/s: 305,665 | mfu: 34.89 | epoch: 1 | eta: 11.9m
step 01789/02205 (81.13%) [ns3] | loss: 3.168007 | lrm: 0.38 | dt: 1714.94ms | tok/s: 305,717 | mfu: 34.90 | epoch: 1 | eta: 11.9m
step 01790/02205 (81.18%) [ns3] | loss: 3.169576 | lrm: 0.38 | dt: 1718.17ms | tok/s: 305,143 | mfu: 34.83 | epoch: 1 | eta: 11.9m
step 01791/02205 (81.22%) [ns3] | loss: 3.173679 | lrm: 0.38 | dt: 1717.49ms | tok/s: 305,264 | mfu: 34.85 | epoch: 1 | eta: 11.8m
step 01792/02205 (81.27%) [ns3] | loss: 3.182061 | lrm: 0.37 | dt: 1717.36ms | tok/s: 305,286 | mfu: 34.85 | epoch: 1 | eta: 11.8m
step 01793/02205 (81.32%) [ns3] | loss: 3.175619 | lrm: 0.37 | dt: 1715.42ms | tok/s: 305,632 | mfu: 34.89 | epoch: 1 | eta: 11.8m
step 01794/02205 (81.36%) [ns3] | loss: 3.166239 | lrm: 0.37 | dt: 1721.36ms | tok/s: 304,577 | mfu: 34.77 | epoch: 1 | eta: 11.7m
step 01795/02205 (81.41%) [ns3] | loss: 3.174657 | lrm: 0.37 | dt: 1719.28ms | tok/s: 304,946 | mfu: 34.81 | epoch: 1 | eta: 11.7m
step 01796/02205 (81.45%) [ns3] | loss: 3.180015 | lrm: 0.37 | dt: 1713.05ms | tok/s: 306,055 | mfu: 34.94 | epoch: 1 | eta: 11.7m
step 01797/02205 (81.50%) [ns3] | loss: 3.163378 | lrm: 0.37 | dt: 1715.33ms | tok/s: 305,648 | mfu: 34.89 | epoch: 1 | eta: 11.7m
step 01798/02205 (81.54%) [ns3] | loss: 3.164558 | lrm: 0.37 | dt: 1716.19ms | tok/s: 305,495 | mfu: 34.87 | epoch: 1 | eta: 11.6m
step 01799/02205 (81.59%) [ns3] | loss: 3.164256 | lrm: 0.37 | dt: 1722.14ms | tok/s: 304,439 | mfu: 34.75 | epoch: 1 | eta: 11.6m
step 01800/02205 (81.63%) [ns3] | loss: 3.163742 | lrm: 0.37 | dt: 1712.29ms | tok/s: 306,191 | mfu: 34.95 | epoch: 1 | eta: 11.6m
step 01801/02205 (81.68%) [ns3] | loss: 3.162833 | lrm: 0.37 | dt: 1713.86ms | tok/s: 305,911 | mfu: 34.92 | epoch: 1 | eta: 11.5m
step 01802/02205 (81.72%) [ns3] | loss: 3.156506 | lrm: 0.37 | dt: 1714.09ms | tok/s: 305,869 | mfu: 34.92 | epoch: 1 | eta: 11.5m
step 01803/02205 (81.77%) [ns3] | loss: 3.156652 | lrm: 0.36 | dt: 1715.25ms | tok/s: 305,663 | mfu: 34.89 | epoch: 1 | eta: 11.5m
step 01804/02205 (81.81%) [ns3] | loss: 3.155956 | lrm: 0.36 | dt: 1726.72ms | tok/s: 303,633 | mfu: 34.66 | epoch: 1 | eta: 11.5m
step 01805/02205 (81.86%) [ns3] | loss: 3.161281 | lrm: 0.36 | dt: 1713.02ms | tok/s: 306,059 | mfu: 34.94 | epoch: 1 | eta: 11.4m
step 01806/02205 (81.90%) [ns3] | loss: 3.161772 | lrm: 0.36 | dt: 1714.78ms | tok/s: 305,746 | mfu: 34.90 | epoch: 1 | eta: 11.4m
step 01807/02205 (81.95%) [ns3] | loss: 3.157065 | lrm: 0.36 | dt: 1718.57ms | tok/s: 305,072 | mfu: 34.82 | epoch: 1 | eta: 11.4m
step 01808/02205 (82.00%) [ns3] | loss: 3.159955 | lrm: 0.36 | dt: 1724.55ms | tok/s: 304,014 | mfu: 34.70 | epoch: 1 | eta: 11.3m
step 01809/02205 (82.04%) [ns3] | loss: 3.162508 | lrm: 0.36 | dt: 1713.37ms | tok/s: 305,997 | mfu: 34.93 | epoch: 1 | eta: 11.3m
step 01810/02205 (82.09%) [ns3] | loss: 3.168288 | lrm: 0.36 | dt: 1717.47ms | tok/s: 305,267 | mfu: 34.85 | epoch: 1 | eta: 11.3m
step 01811/02205 (82.13%) [ns3] | loss: 3.162138 | lrm: 0.36 | dt: 1720.51ms | tok/s: 304,728 | mfu: 34.79 | epoch: 1 | eta: 11.3m
step 01812/02205 (82.18%) [ns3] | loss: 3.156488 | lrm: 0.36 | dt: 1710.72ms | tok/s: 306,472 | mfu: 34.98 | epoch: 1 | eta: 11.2m
step 01813/02205 (82.22%) [ns3] | loss: 3.146752 | lrm: 0.36 | dt: 1719.41ms | tok/s: 304,923 | mfu: 34.81 | epoch: 1 | eta: 11.2m
step 01814/02205 (82.27%) [ns3] | loss: 3.152229 | lrm: 0.35 | dt: 1719.18ms | tok/s: 304,963 | mfu: 34.81 | epoch: 1 | eta: 11.2m
step 01815/02205 (82.31%) [ns3] | loss: 3.154146 | lrm: 0.35 | dt: 1715.97ms | tok/s: 305,533 | mfu: 34.88 | epoch: 1 | eta: 11.1m
step 01816/02205 (82.36%) [ns3] | loss: 3.138522 | lrm: 0.35 | dt: 1717.08ms | tok/s: 305,337 | mfu: 34.85 | epoch: 1 | eta: 11.1m
step 01817/02205 (82.40%) [ns3] | loss: 3.141122 | lrm: 0.35 | dt: 1718.71ms | tok/s: 305,046 | mfu: 34.82 | epoch: 1 | eta: 11.1m
step 01818/02205 (82.45%) [ns3] | loss: 3.140974 | lrm: 0.35 | dt: 1721.05ms | tok/s: 304,632 | mfu: 34.77 | epoch: 1 | eta: 11.1m
step 01819/02205 (82.49%) [ns3] | loss: 3.152022 | lrm: 0.35 | dt: 1716.02ms | tok/s: 305,525 | mfu: 34.88 | epoch: 1 | eta: 11.0m
step 01820/02205 (82.54%) [ns3] | loss: 3.147723 | lrm: 0.35 | dt: 1717.27ms | tok/s: 305,303 | mfu: 34.85 | epoch: 1 | eta: 11.0m
step 01821/02205 (82.59%) [ns3] | loss: 3.136671 | lrm: 0.35 | dt: 1719.99ms | tok/s: 304,821 | mfu: 34.80 | epoch: 1 | eta: 11.0m
step 01822/02205 (82.63%) [ns3] | loss: 3.132123 | lrm: 0.35 | dt: 1711.68ms | tok/s: 306,300 | mfu: 34.96 | epoch: 1 | eta: 10.9m
step 01823/02205 (82.68%) [ns3] | loss: 3.135564 | lrm: 0.35 | dt: 1716.18ms | tok/s: 305,497 | mfu: 34.87 | epoch: 1 | eta: 10.9m
step 01824/02205 (82.72%) [ns3] | loss: 3.131186 | lrm: 0.35 | dt: 1715.54ms | tok/s: 305,611 | mfu: 34.89 | epoch: 1 | eta: 10.9m
step 01825/02205 (82.77%) [ns3] | loss: 3.134365 | lrm: 0.34 | dt: 1718.87ms | tok/s: 305,018 | mfu: 34.82 | epoch: 1 | eta: 10.9m
step 01826/02205 (82.81%) [ns3] | loss: 3.138066 | lrm: 0.34 | dt: 1712.14ms | tok/s: 306,217 | mfu: 34.96 | epoch: 1 | eta: 10.8m
step 01827/02205 (82.86%) [ns3] | loss: 3.145976 | lrm: 0.34 | dt: 1719.72ms | tok/s: 304,867 | mfu: 34.80 | epoch: 1 | eta: 10.8m
step 01828/02205 (82.90%) [ns3] | loss: 3.148421 | lrm: 0.34 | dt: 1717.14ms | tok/s: 305,326 | mfu: 34.85 | epoch: 1 | eta: 10.8m
step 01829/02205 (82.95%) [ns3] | loss: 3.147934 | lrm: 0.34 | dt: 1717.99ms | tok/s: 305,175 | mfu: 34.84 | epoch: 1 | eta: 10.7m
step 01830/02205 (82.99%) [ns3] | loss: 3.152337 | lrm: 0.34 | dt: 1721.91ms | tok/s: 304,480 | mfu: 34.76 | epoch: 1 | eta: 10.7m
step 01831/02205 (83.04%) [ns3] | loss: 3.144433 | lrm: 0.34 | dt: 1716.88ms | tok/s: 305,372 | mfu: 34.86 | epoch: 1 | eta: 10.7m
step 01832/02205 (83.08%) [ns3] | loss: 3.141781 | lrm: 0.34 | dt: 1715.15ms | tok/s: 305,680 | mfu: 34.89 | epoch: 1 | eta: 10.7m
step 01833/02205 (83.13%) [ns3] | loss: 3.137625 | lrm: 0.34 | dt: 1723.23ms | tok/s: 304,248 | mfu: 34.73 | epoch: 1 | eta: 10.6m
step 01834/02205 (83.17%) [ns3] | loss: 3.133254 | lrm: 0.34 | dt: 1711.70ms | tok/s: 306,295 | mfu: 34.96 | epoch: 1 | eta: 10.6m
step 01835/02205 (83.22%) [ns3] | loss: 3.134344 | lrm: 0.34 | dt: 1717.73ms | tok/s: 305,221 | mfu: 34.84 | epoch: 1 | eta: 10.6m
step 01836/02205 (83.27%) [ns3] | loss: 3.139896 | lrm: 0.33 | dt: 1714.70ms | tok/s: 305,760 | mfu: 34.90 | epoch: 1 | eta: 10.5m
step 01837/02205 (83.31%) [ns3] | loss: 3.130446 | lrm: 0.33 | dt: 1715.20ms | tok/s: 305,671 | mfu: 34.89 | epoch: 1 | eta: 10.5m
step 01838/02205 (83.36%) [ns3] | loss: 3.123844 | lrm: 0.33 | dt: 1721.19ms | tok/s: 304,607 | mfu: 34.77 | epoch: 1 | eta: 10.5m
step 01839/02205 (83.40%) [ns3] | loss: 3.122489 | lrm: 0.33 | dt: 1719.02ms | tok/s: 304,991 | mfu: 34.82 | epoch: 1 | eta: 10.5m
step 01840/02205 (83.45%) [ns3] | loss: 3.117537 | lrm: 0.33 | dt: 1716.34ms | tok/s: 305,469 | mfu: 34.87 | epoch: 1 | eta: 10.4m
step 01841/02205 (83.49%) [ns3] | loss: 3.110407 | lrm: 0.33 | dt: 1724.78ms | tok/s: 303,974 | mfu: 34.70 | epoch: 1 | eta: 10.4m
step 01842/02205 (83.54%) [ns3] | loss: 3.114567 | lrm: 0.33 | dt: 1716.30ms | tok/s: 305,475 | mfu: 34.87 | epoch: 1 | eta: 10.4m
step 01843/02205 (83.58%) [ns3] | loss: 3.120856 | lrm: 0.33 | dt: 1715.06ms | tok/s: 305,696 | mfu: 34.90 | epoch: 1 | eta: 10.3m
step 01844/02205 (83.63%) [ns3] | loss: 3.130073 | lrm: 0.33 | dt: 1724.54ms | tok/s: 304,015 | mfu: 34.70 | epoch: 1 | eta: 10.3m
step 01845/02205 (83.67%) [ns3] | loss: 3.134937 | lrm: 0.33 | dt: 1720.34ms | tok/s: 304,757 | mfu: 34.79 | epoch: 1 | eta: 10.3m
step 01846/02205 (83.72%) [ns3] | loss: 3.139915 | lrm: 0.33 | dt: 1719.20ms | tok/s: 304,960 | mfu: 34.81 | epoch: 1 | eta: 10.3m
step 01847/02205 (83.76%) [ns3] | loss: 3.143502 | lrm: 0.32 | dt: 1725.87ms | tok/s: 303,782 | mfu: 34.68 | epoch: 1 | eta: 10.2m
step 01848/02205 (83.81%) [ns3] | loss: 3.151572 | lrm: 0.32 | dt: 1714.16ms | tok/s: 305,856 | mfu: 34.91 | epoch: 1 | eta: 10.2m
step 01849/02205 (83.85%) [ns3] | loss: 3.150924 | lrm: 0.32 | dt: 1711.42ms | tok/s: 306,346 | mfu: 34.97 | epoch: 1 | eta: 10.2m
step 01850/02205 (83.90%) [ns3] | loss: 3.153896 | lrm: 0.32 | dt: 1718.25ms | tok/s: 305,128 | mfu: 34.83 | epoch: 1 | eta: 10.1m
step 01851/02205 (83.95%) [ns3] | loss: 3.151401 | lrm: 0.32 | dt: 1717.04ms | tok/s: 305,343 | mfu: 34.86 | epoch: 1 | eta: 10.1m
step 01852/02205 (83.99%) [ns3] | loss: 3.146970 | lrm: 0.32 | dt: 1722.52ms | tok/s: 304,372 | mfu: 34.74 | epoch: 1 | eta: 10.1m
step 01853/02205 (84.04%) [ns3] | loss: 3.141980 | lrm: 0.32 | dt: 1711.26ms | tok/s: 306,376 | mfu: 34.97 | epoch: 1 | eta: 10.1m
step 01854/02205 (84.08%) [ns3] | loss: 3.145987 | lrm: 0.32 | dt: 1717.30ms | tok/s: 305,298 | mfu: 34.85 | epoch: 1 | eta: 10.0m
step 01855/02205 (84.13%) [ns3] | loss: 3.156960 | lrm: 0.32 | dt: 1712.85ms | tok/s: 306,091 | mfu: 34.94 | epoch: 1 | eta: 10.0m
step 01856/02205 (84.17%) [ns3] | loss: 3.153270 | lrm: 0.32 | dt: 1725.25ms | tok/s: 303,890 | mfu: 34.69 | epoch: 1 | eta: 10.0m
step 01857/02205 (84.22%) [ns3] | loss: 3.146041 | lrm: 0.32 | dt: 1717.13ms | tok/s: 305,327 | mfu: 34.85 | epoch: 1 | eta: 9.9m
step 01858/02205 (84.26%) [ns3] | loss: 3.151656 | lrm: 0.31 | dt: 1723.84ms | tok/s: 304,139 | mfu: 34.72 | epoch: 1 | eta: 9.9m
step 01859/02205 (84.31%) [ns3] | loss: 3.147161 | lrm: 0.31 | dt: 1718.71ms | tok/s: 305,046 | mfu: 34.82 | epoch: 1 | eta: 9.9m
step 01860/02205 (84.35%) [ns3] | loss: 3.138879 | lrm: 0.31 | dt: 1722.82ms | tok/s: 304,320 | mfu: 34.74 | epoch: 1 | eta: 9.9m
step 01861/02205 (84.40%) [ns3] | loss: 3.134439 | lrm: 0.31 | dt: 1717.01ms | tok/s: 305,349 | mfu: 34.86 | epoch: 1 | eta: 9.8m
step 01862/02205 (84.44%) [ns3] | loss: 3.143998 | lrm: 0.31 | dt: 1718.67ms | tok/s: 305,053 | mfu: 34.82 | epoch: 1 | eta: 9.8m
step 01863/02205 (84.49%) [ns3] | loss: 3.155718 | lrm: 0.31 | dt: 1720.75ms | tok/s: 304,685 | mfu: 34.78 | epoch: 1 | eta: 9.8m
step 01864/02205 (84.54%) [ns3] | loss: 3.146696 | lrm: 0.31 | dt: 1714.86ms | tok/s: 305,732 | mfu: 34.90 | epoch: 1 | eta: 9.7m
step 01865/02205 (84.58%) [ns3] | loss: 3.149654 | lrm: 0.31 | dt: 1720.22ms | tok/s: 304,780 | mfu: 34.79 | epoch: 1 | eta: 9.7m
step 01866/02205 (84.63%) [ns3] | loss: 3.150009 | lrm: 0.31 | dt: 1713.22ms | tok/s: 306,025 | mfu: 34.93 | epoch: 1 | eta: 9.7m
step 01867/02205 (84.67%) [ns3] | loss: 3.146976 | lrm: 0.31 | dt: 1669.16ms | tok/s: 314,102 | mfu: 35.86 | epoch: 1 | eta: 9.7m
step 01868/02205 (84.72%) [ns3] | loss: 3.146239 | lrm: 0.31 | dt: 1704.88ms | tok/s: 307,522 | mfu: 35.10 | epoch: 1 | eta: 9.6m
step 01869/02205 (84.76%) [ns3] | loss: 3.139749 | lrm: 0.30 | dt: 1701.79ms | tok/s: 308,079 | mfu: 35.17 | epoch: 1 | eta: 9.6m
step 01870/02205 (84.81%) [ns3] | loss: 3.132047 | lrm: 0.30 | dt: 1706.79ms | tok/s: 307,177 | mfu: 35.06 | epoch: 1 | eta: 9.6m
step 01871/02205 (84.85%) [ns3] | loss: 3.121222 | lrm: 0.30 | dt: 1708.27ms | tok/s: 306,911 | mfu: 35.03 | epoch: 1 | eta: 9.5m
step 01872/02205 (84.90%) [ns3] | loss: 3.123157 | lrm: 0.30 | dt: 1705.46ms | tok/s: 307,417 | mfu: 35.09 | epoch: 1 | eta: 9.5m
step 01873/02205 (84.94%) [ns3] | loss: 3.125519 | lrm: 0.30 | dt: 1708.47ms | tok/s: 306,874 | mfu: 35.03 | epoch: 1 | eta: 9.5m
step 01874/02205 (84.99%) [ns3] | loss: 3.130230 | lrm: 0.30 | dt: 1702.60ms | tok/s: 307,933 | mfu: 35.15 | epoch: 1 | eta: 9.5m
step 01875/02205 (85.03%) [ns3] | loss: 3.136796 | lrm: 0.30 | dt: 1715.38ms | tok/s: 305,638 | mfu: 34.89 | epoch: 1 | eta: 9.4m
step 01876/02205 (85.08%) [ns3] | loss: 3.125229 | lrm: 0.30 | dt: 1710.10ms | tok/s: 306,582 | mfu: 35.00 | epoch: 1 | eta: 9.4m
step 01877/02205 (85.12%) [ns3] | loss: 3.126173 | lrm: 0.30 | dt: 1707.46ms | tok/s: 307,056 | mfu: 35.05 | epoch: 1 | eta: 9.4m
step 01878/02205 (85.17%) [ns3] | loss: 3.140178 | lrm: 0.30 | dt: 1717.04ms | tok/s: 305,343 | mfu: 34.86 | epoch: 1 | eta: 9.3m
step 01879/02205 (85.22%) [ns3] | loss: 3.130466 | lrm: 0.30 | dt: 1714.40ms | tok/s: 305,813 | mfu: 34.91 | epoch: 1 | eta: 9.3m
step 01880/02205 (85.26%) [ns3] | loss: 3.120047 | lrm: 0.29 | dt: 1707.22ms | tok/s: 307,100 | mfu: 35.06 | epoch: 1 | eta: 9.3m
step 01881/02205 (85.31%) [ns3] | loss: 3.129494 | lrm: 0.29 | dt: 1711.37ms | tok/s: 306,355 | mfu: 34.97 | epoch: 1 | eta: 9.3m
step 01882/02205 (85.35%) [ns3] | loss: 3.133294 | lrm: 0.29 | dt: 1712.73ms | tok/s: 306,112 | mfu: 34.94 | epoch: 1 | eta: 9.2m
step 01883/02205 (85.40%) [ns3] | loss: 3.133622 | lrm: 0.29 | dt: 1716.93ms | tok/s: 305,364 | mfu: 34.86 | epoch: 1 | eta: 9.2m
step 01884/02205 (85.44%) [ns3] | loss: 3.125459 | lrm: 0.29 | dt: 1711.86ms | tok/s: 306,267 | mfu: 34.96 | epoch: 1 | eta: 9.2m
step 01885/02205 (85.49%) [ns3] | loss: 3.133839 | lrm: 0.29 | dt: 1717.83ms | tok/s: 305,204 | mfu: 34.84 | epoch: 1 | eta: 9.1m
step 01886/02205 (85.53%) [ns3] | loss: 3.125588 | lrm: 0.29 | dt: 1705.01ms | tok/s: 307,498 | mfu: 35.10 | epoch: 1 | eta: 9.1m
step 01887/02205 (85.58%) [ns3] | loss: 3.119410 | lrm: 0.29 | dt: 1713.54ms | tok/s: 305,967 | mfu: 34.93 | epoch: 1 | eta: 9.1m
step 01888/02205 (85.62%) [ns3] | loss: 3.130651 | lrm: 0.29 | dt: 1721.47ms | tok/s: 304,558 | mfu: 34.77 | epoch: 1 | eta: 9.1m
step 01889/02205 (85.67%) [ns3] | loss: 3.120074 | lrm: 0.29 | dt: 1706.66ms | tok/s: 307,200 | mfu: 35.07 | epoch: 1 | eta: 9.0m
step 01890/02205 (85.71%) [ns3] | loss: 3.121567 | lrm: 0.29 | dt: 1718.29ms | tok/s: 305,122 | mfu: 34.83 | epoch: 1 | eta: 9.0m
step 01891/02205 (85.76%) [ns3] | loss: 3.123585 | lrm: 0.28 | dt: 1710.30ms | tok/s: 306,548 | mfu: 34.99 | epoch: 1 | eta: 9.0m
step 01892/02205 (85.80%) [ns3] | loss: 3.123093 | lrm: 0.28 | dt: 1712.72ms | tok/s: 306,114 | mfu: 34.94 | epoch: 1 | eta: 8.9m
step 01893/02205 (85.85%) [ns3] | loss: 3.122998 | lrm: 0.28 | dt: 1713.25ms | tok/s: 306,020 | mfu: 34.93 | epoch: 1 | eta: 8.9m
step 01894/02205 (85.90%) [ns3] | loss: 3.116035 | lrm: 0.28 | dt: 1708.18ms | tok/s: 306,927 | mfu: 35.04 | epoch: 1 | eta: 8.9m
step 01895/02205 (85.94%) [ns3] | loss: 3.114957 | lrm: 0.28 | dt: 1718.45ms | tok/s: 305,092 | mfu: 34.83 | epoch: 1 | eta: 8.9m
step 01896/02205 (85.99%) [ns3] | loss: 3.113820 | lrm: 0.28 | dt: 1710.07ms | tok/s: 306,588 | mfu: 35.00 | epoch: 1 | eta: 8.8m
step 01897/02205 (86.03%) [ns3] | loss: 3.113995 | lrm: 0.28 | dt: 1715.99ms | tok/s: 305,531 | mfu: 34.88 | epoch: 1 | eta: 8.8m
step 01898/02205 (86.08%) [ns3] | loss: 3.120524 | lrm: 0.28 | dt: 1711.52ms | tok/s: 306,329 | mfu: 34.97 | epoch: 1 | eta: 8.8m
step 01899/02205 (86.12%) [ns3] | loss: 3.125983 | lrm: 0.28 | dt: 1706.41ms | tok/s: 307,245 | mfu: 35.07 | epoch: 1 | eta: 8.7m
step 01900/02205 (86.17%) [ns3] | loss: 3.121373 | lrm: 0.28 | dt: 1716.64ms | tok/s: 305,415 | mfu: 34.86 | epoch: 1 | eta: 8.7m
step 01901/02205 (86.21%) [ns3] | loss: 3.110921 | lrm: 0.28 | dt: 1712.10ms | tok/s: 306,225 | mfu: 34.96 | epoch: 1 | eta: 8.7m
step 01902/02205 (86.26%) [ns3] | loss: 3.115229 | lrm: 0.27 | dt: 1713.03ms | tok/s: 306,058 | mfu: 34.94 | epoch: 1 | eta: 8.7m
step 01903/02205 (86.30%) [ns3] | loss: 3.118830 | lrm: 0.27 | dt: 1709.52ms | tok/s: 306,687 | mfu: 35.01 | epoch: 1 | eta: 8.6m
step 01904/02205 (86.35%) [ns3] | loss: 3.120692 | lrm: 0.27 | dt: 1718.23ms | tok/s: 305,132 | mfu: 34.83 | epoch: 1 | eta: 8.6m
step 01905/02205 (86.39%) [ns3] | loss: 3.127077 | lrm: 0.27 | dt: 1658.89ms | tok/s: 316,048 | mfu: 36.08 | epoch: 1 | eta: 8.6m
step 01906/02205 (86.44%) [ns3] | loss: 3.137149 | lrm: 0.27 | dt: 1642.45ms | tok/s: 319,210 | mfu: 36.44 | epoch: 1 | eta: 8.5m
step 01907/02205 (86.49%) [ns3] | loss: 3.135652 | lrm: 0.27 | dt: 1680.22ms | tok/s: 312,034 | mfu: 35.62 | epoch: 1 | eta: 8.5m
step 01908/02205 (86.53%) [ns3] | loss: 3.132859 | lrm: 0.27 | dt: 1670.59ms | tok/s: 313,834 | mfu: 35.82 | epoch: 1 | eta: 8.5m
step 01909/02205 (86.58%) [ns3] | loss: 3.148505 | lrm: 0.27 | dt: 1676.03ms | tok/s: 312,815 | mfu: 35.71 | epoch: 1 | eta: 8.5m
step 01910/02205 (86.62%) [ns3] | loss: 3.147880 | lrm: 0.27 | dt: 1672.67ms | tok/s: 313,444 | mfu: 35.78 | epoch: 1 | eta: 8.4m
step 01911/02205 (86.67%) [ns3] | loss: 3.140830 | lrm: 0.27 | dt: 1675.91ms | tok/s: 312,838 | mfu: 35.71 | epoch: 1 | eta: 8.4m
step 01912/02205 (86.71%) [ns3] | loss: 3.136929 | lrm: 0.27 | dt: 1680.04ms | tok/s: 312,069 | mfu: 35.62 | epoch: 1 | eta: 8.4m
step 01913/02205 (86.76%) [ns3] | loss: 3.140716 | lrm: 0.26 | dt: 1674.12ms | tok/s: 313,173 | mfu: 35.75 | epoch: 1 | eta: 8.3m
step 01914/02205 (86.80%) [ns3] | loss: 3.141007 | lrm: 0.26 | dt: 1675.40ms | tok/s: 312,933 | mfu: 35.72 | epoch: 1 | eta: 8.3m
step 01915/02205 (86.85%) [ns3] | loss: 3.143171 | lrm: 0.26 | dt: 1687.03ms | tok/s: 310,775 | mfu: 35.48 | epoch: 1 | eta: 8.3m
step 01916/02205 (86.89%) [ns3] | loss: 3.150858 | lrm: 0.26 | dt: 1690.07ms | tok/s: 310,216 | mfu: 35.41 | epoch: 1 | eta: 8.3m
step 01917/02205 (86.94%) [ns3] | loss: 3.145623 | lrm: 0.26 | dt: 1687.77ms | tok/s: 310,639 | mfu: 35.46 | epoch: 1 | eta: 8.2m
step 01918/02205 (86.98%) [ns3] | loss: 3.145658 | lrm: 0.26 | dt: 1690.25ms | tok/s: 310,182 | mfu: 35.41 | epoch: 1 | eta: 8.2m
step 01919/02205 (87.03%) [ns3] | loss: 3.141079 | lrm: 0.26 | dt: 1690.27ms | tok/s: 310,179 | mfu: 35.41 | epoch: 1 | eta: 8.2m
step 01920/02205 (87.07%) [ns3] | loss: 3.144059 | lrm: 0.26 | dt: 1693.09ms | tok/s: 309,664 | mfu: 35.35 | epoch: 1 | eta: 8.1m
step 01921/02205 (87.12%) [ns3] | loss: 3.133607 | lrm: 0.26 | dt: 1693.22ms | tok/s: 309,638 | mfu: 35.35 | epoch: 1 | eta: 8.1m
step 01922/02205 (87.17%) [ns3] | loss: 3.141442 | lrm: 0.26 | dt: 1694.58ms | tok/s: 309,390 | mfu: 35.32 | epoch: 1 | eta: 8.1m
step 01923/02205 (87.21%) [ns3] | loss: 3.143156 | lrm: 0.26 | dt: 1695.63ms | tok/s: 309,199 | mfu: 35.30 | epoch: 1 | eta: 8.1m
step 01924/02205 (87.26%) [ns3] | loss: 3.144588 | lrm: 0.25 | dt: 1694.25ms | tok/s: 309,451 | mfu: 35.32 | epoch: 1 | eta: 8.0m
step 01925/02205 (87.30%) [ns3] | loss: 3.138775 | lrm: 0.25 | dt: 1698.65ms | tok/s: 308,650 | mfu: 35.23 | epoch: 1 | eta: 8.0m
step 01926/02205 (87.35%) [ns3] | loss: 3.140261 | lrm: 0.25 | dt: 1697.47ms | tok/s: 308,864 | mfu: 35.26 | epoch: 1 | eta: 8.0m
step 01927/02205 (87.39%) [ns3] | loss: 3.139668 | lrm: 0.25 | dt: 1697.26ms | tok/s: 308,902 | mfu: 35.26 | epoch: 1 | eta: 7.9m
step 01928/02205 (87.44%) [ns3] | loss: 3.139369 | lrm: 0.25 | dt: 1699.45ms | tok/s: 308,504 | mfu: 35.22 | epoch: 1 | eta: 7.9m
step 01929/02205 (87.48%) [ns3] | loss: 3.138338 | lrm: 0.25 | dt: 1701.45ms | tok/s: 308,141 | mfu: 35.17 | epoch: 1 | eta: 7.9m
step 01930/02205 (87.53%) [ns3] | loss: 3.143323 | lrm: 0.25 | dt: 1699.12ms | tok/s: 308,565 | mfu: 35.22 | epoch: 1 | eta: 7.9m
step 01931/02205 (87.57%) [ns3] | loss: 3.150741 | lrm: 0.25 | dt: 1704.12ms | tok/s: 307,658 | mfu: 35.12 | epoch: 1 | eta: 7.8m
step 01932/02205 (87.62%) [ns3] | loss: 3.147163 | lrm: 0.25 | dt: 1707.15ms | tok/s: 307,112 | mfu: 35.06 | epoch: 1 | eta: 7.8m
step 01933/02205 (87.66%) [ns3] | loss: 3.142285 | lrm: 0.25 | dt: 1696.42ms | tok/s: 309,055 | mfu: 35.28 | epoch: 1 | eta: 7.8m
step 01934/02205 (87.71%) [ns3] | loss: 3.133385 | lrm: 0.25 | dt: 1705.18ms | tok/s: 307,468 | mfu: 35.10 | epoch: 1 | eta: 7.7m
step 01935/02205 (87.76%) [ns3] | loss: 3.131538 | lrm: 0.25 | dt: 1703.19ms | tok/s: 307,827 | mfu: 35.14 | epoch: 1 | eta: 7.7m
step 01936/02205 (87.80%) [ns3] | loss: 3.138291 | lrm: 0.24 | dt: 1705.74ms | tok/s: 307,367 | mfu: 35.09 | epoch: 1 | eta: 7.7m
step 01937/02205 (87.85%) [ns3] | loss: 3.136184 | lrm: 0.24 | dt: 1707.16ms | tok/s: 307,110 | mfu: 35.06 | epoch: 1 | eta: 7.7m
step 01938/02205 (87.89%) [ns3] | loss: 3.125873 | lrm: 0.24 | dt: 1703.15ms | tok/s: 307,834 | mfu: 35.14 | epoch: 1 | eta: 7.6m
step 01939/02205 (87.94%) [ns3] | loss: 3.125514 | lrm: 0.24 | dt: 1704.98ms | tok/s: 307,503 | mfu: 35.10 | epoch: 1 | eta: 7.6m
step 01940/02205 (87.98%) [ns3] | loss: 3.126771 | lrm: 0.24 | dt: 1703.63ms | tok/s: 307,747 | mfu: 35.13 | epoch: 1 | eta: 7.6m
step 01941/02205 (88.03%) [ns3] | loss: 3.119893 | lrm: 0.24 | dt: 1707.10ms | tok/s: 307,122 | mfu: 35.06 | epoch: 1 | eta: 7.5m
step 01942/02205 (88.07%) [ns3] | loss: 3.126958 | lrm: 0.24 | dt: 1707.13ms | tok/s: 307,116 | mfu: 35.06 | epoch: 1 | eta: 7.5m
step 01943/02205 (88.12%) [ns3] | loss: 3.113816 | lrm: 0.24 | dt: 1703.22ms | tok/s: 307,821 | mfu: 35.14 | epoch: 1 | eta: 7.5m
step 01944/02205 (88.16%) [ns3] | loss: 3.114612 | lrm: 0.24 | dt: 1709.94ms | tok/s: 306,611 | mfu: 35.00 | epoch: 1 | eta: 7.5m
step 01945/02205 (88.21%) [ns3] | loss: 3.114839 | lrm: 0.24 | dt: 1706.18ms | tok/s: 307,287 | mfu: 35.08 | epoch: 1 | eta: 7.4m
step 01946/02205 (88.25%) [ns3] | loss: 3.117822 | lrm: 0.24 | dt: 1704.14ms | tok/s: 307,654 | mfu: 35.12 | epoch: 1 | eta: 7.4m
step 01947/02205 (88.30%) [ns3] | loss: 3.122273 | lrm: 0.23 | dt: 1708.75ms | tok/s: 306,824 | mfu: 35.02 | epoch: 1 | eta: 7.4m
step 01948/02205 (88.34%) [ns3] | loss: 3.118771 | lrm: 0.23 | dt: 1709.58ms | tok/s: 306,676 | mfu: 35.01 | epoch: 1 | eta: 7.3m
step 01949/02205 (88.39%) [ns3] | loss: 3.119829 | lrm: 0.23 | dt: 1707.30ms | tok/s: 307,086 | mfu: 35.05 | epoch: 1 | eta: 7.3m
step 01950/02205 (88.44%) [ns3] | loss: 3.112025 | lrm: 0.23 | dt: 1707.67ms | tok/s: 307,020 | mfu: 35.05 | epoch: 1 | eta: 7.3m
step 01951/02205 (88.48%) [ns3] | loss: 3.116382 | lrm: 0.23 | dt: 1706.65ms | tok/s: 307,203 | mfu: 35.07 | epoch: 1 | eta: 7.3m
step 01952/02205 (88.53%) [ns3] | loss: 3.114976 | lrm: 0.23 | dt: 1710.61ms | tok/s: 306,492 | mfu: 34.99 | epoch: 1 | eta: 7.2m
step 01953/02205 (88.57%) [ns3] | loss: 3.115191 | lrm: 0.23 | dt: 1715.57ms | tok/s: 305,605 | mfu: 34.89 | epoch: 1 | eta: 7.2m
step 01954/02205 (88.62%) [ns3] | loss: 3.117272 | lrm: 0.23 | dt: 1712.61ms | tok/s: 306,133 | mfu: 34.95 | epoch: 1 | eta: 7.2m
step 01955/02205 (88.66%) [ns3] | loss: 3.104344 | lrm: 0.23 | dt: 1710.84ms | tok/s: 306,449 | mfu: 34.98 | epoch: 1 | eta: 7.1m
step 01956/02205 (88.71%) [ns3] | loss: 3.097614 | lrm: 0.23 | dt: 1714.00ms | tok/s: 305,885 | mfu: 34.92 | epoch: 1 | eta: 7.1m
step 01957/02205 (88.75%) [ns3] | loss: 3.107927 | lrm: 0.23 | dt: 1712.94ms | tok/s: 306,074 | mfu: 34.94 | epoch: 1 | eta: 7.1m
step 01958/02205 (88.80%) [ns3] | loss: 3.107094 | lrm: 0.22 | dt: 1711.42ms | tok/s: 306,347 | mfu: 34.97 | epoch: 1 | eta: 7.1m
step 01959/02205 (88.84%) [ns3] | loss: 3.100478 | lrm: 0.22 | dt: 1711.24ms | tok/s: 306,378 | mfu: 34.97 | epoch: 1 | eta: 7.0m
step 01960/02205 (88.89%) [ns3] | loss: 3.094961 | lrm: 0.22 | dt: 1712.71ms | tok/s: 306,116 | mfu: 34.94 | epoch: 1 | eta: 7.0m
step 01961/02205 (88.93%) [ns3] | loss: 3.100317 | lrm: 0.22 | dt: 1713.56ms | tok/s: 305,963 | mfu: 34.93 | epoch: 1 | eta: 7.0m
step 01962/02205 (88.98%) [ns3] | loss: 3.105584 | lrm: 0.22 | dt: 1711.68ms | tok/s: 306,299 | mfu: 34.96 | epoch: 1 | eta: 6.9m
step 01963/02205 (89.02%) [ns3] | loss: 3.112106 | lrm: 0.22 | dt: 1711.12ms | tok/s: 306,400 | mfu: 34.98 | epoch: 1 | eta: 6.9m
step 01964/02205 (89.07%) [ns3] | loss: 3.115696 | lrm: 0.22 | dt: 1718.33ms | tok/s: 305,114 | mfu: 34.83 | epoch: 1 | eta: 6.9m
step 01965/02205 (89.12%) [ns3] | loss: 3.102689 | lrm: 0.22 | dt: 1706.97ms | tok/s: 307,145 | mfu: 35.06 | epoch: 1 | eta: 6.9m
step 01966/02205 (89.16%) [ns3] | loss: 3.092280 | lrm: 0.22 | dt: 1718.65ms | tok/s: 305,058 | mfu: 34.82 | epoch: 1 | eta: 6.8m
step 01967/02205 (89.21%) [ns3] | loss: 3.094317 | lrm: 0.22 | dt: 1713.33ms | tok/s: 306,004 | mfu: 34.93 | epoch: 1 | eta: 6.8m
step 01968/02205 (89.25%) [ns3] | loss: 3.099242 | lrm: 0.22 | dt: 1711.86ms | tok/s: 306,267 | mfu: 34.96 | epoch: 1 | eta: 6.8m
step 01969/02205 (89.30%) [ns3] | loss: 3.097840 | lrm: 0.21 | dt: 1713.58ms | tok/s: 305,960 | mfu: 34.93 | epoch: 1 | eta: 6.7m
step 01970/02205 (89.34%) [ns3] | loss: 3.100659 | lrm: 0.21 | dt: 1715.50ms | tok/s: 305,617 | mfu: 34.89 | epoch: 1 | eta: 6.7m
step 01971/02205 (89.39%) [ns3] | loss: 3.111654 | lrm: 0.21 | dt: 1707.62ms | tok/s: 307,027 | mfu: 35.05 | epoch: 1 | eta: 6.7m
step 01972/02205 (89.43%) [ns3] | loss: 3.112469 | lrm: 0.21 | dt: 1715.54ms | tok/s: 305,611 | mfu: 34.89 | epoch: 1 | eta: 6.7m
step 01973/02205 (89.48%) [ns3] | loss: 3.110104 | lrm: 0.21 | dt: 1726.31ms | tok/s: 303,705 | mfu: 34.67 | epoch: 1 | eta: 6.6m
step 01974/02205 (89.52%) [ns3] | loss: 3.114734 | lrm: 0.21 | dt: 1714.17ms | tok/s: 305,855 | mfu: 34.91 | epoch: 1 | eta: 6.6m
step 01975/02205 (89.57%) [ns3] | loss: 3.111897 | lrm: 0.21 | dt: 1719.30ms | tok/s: 304,943 | mfu: 34.81 | epoch: 1 | eta: 6.6m
step 01976/02205 (89.61%) [ns3] | loss: 3.115329 | lrm: 0.21 | dt: 1721.26ms | tok/s: 304,594 | mfu: 34.77 | epoch: 1 | eta: 6.5m
step 01977/02205 (89.66%) [ns3] | loss: 3.113825 | lrm: 0.21 | dt: 1710.93ms | tok/s: 306,433 | mfu: 34.98 | epoch: 1 | eta: 6.5m
step 01978/02205 (89.71%) [ns3] | loss: 3.117728 | lrm: 0.21 | dt: 1715.16ms | tok/s: 305,678 | mfu: 34.89 | epoch: 1 | eta: 6.5m
step 01979/02205 (89.75%) [ns3] | loss: 3.117466 | lrm: 0.21 | dt: 1714.28ms | tok/s: 305,836 | mfu: 34.91 | epoch: 1 | eta: 6.5m
step 01980/02205 (89.80%) [ns3] | loss: 3.113330 | lrm: 0.20 | dt: 1714.04ms | tok/s: 305,878 | mfu: 34.92 | epoch: 1 | eta: 6.4m
step 01981/02205 (89.84%) [ns3] | loss: 3.121211 | lrm: 0.20 | dt: 1724.80ms | tok/s: 303,970 | mfu: 34.70 | epoch: 1 | eta: 6.4m
step 01982/02205 (89.89%) [ns3] | loss: 3.128410 | lrm: 0.20 | dt: 1715.05ms | tok/s: 305,698 | mfu: 34.90 | epoch: 1 | eta: 6.4m
step 01983/02205 (89.93%) [ns3] | loss: 3.127382 | lrm: 0.20 | dt: 1715.69ms | tok/s: 305,585 | mfu: 34.88 | epoch: 1 | eta: 6.3m
step 01984/02205 (89.98%) [ns3] | loss: 3.126892 | lrm: 0.20 | dt: 1718.26ms | tok/s: 305,126 | mfu: 34.83 | epoch: 1 | eta: 6.3m
step 01985/02205 (90.02%) [ns3] | loss: 3.129836 | lrm: 0.20 | dt: 1718.03ms | tok/s: 305,168 | mfu: 34.84 | epoch: 1 | eta: 6.3m
step 01986/02205 (90.07%) [ns3] | loss: 3.124663 | lrm: 0.20 | dt: 1717.56ms | tok/s: 305,250 | mfu: 34.84 | epoch: 1 | eta: 6.3m
step 01987/02205 (90.11%) [ns3] | loss: 3.132078 | lrm: 0.20 | dt: 1722.84ms | tok/s: 304,315 | mfu: 34.74 | epoch: 1 | eta: 6.2m
step 01988/02205 (90.16%) [ns3] | loss: 3.129283 | lrm: 0.20 | dt: 1714.77ms | tok/s: 305,748 | mfu: 34.90 | epoch: 1 | eta: 6.2m
step 01989/02205 (90.20%) [ns3] | loss: 3.133745 | lrm: 0.20 | dt: 1718.88ms | tok/s: 305,017 | mfu: 34.82 | epoch: 1 | eta: 6.2m
step 01990/02205 (90.25%) [ns3] | loss: 3.133548 | lrm: 0.20 | dt: 1717.56ms | tok/s: 305,252 | mfu: 34.84 | epoch: 1 | eta: 6.1m
step 01991/02205 (90.29%) [ns3] | loss: 3.132924 | lrm: 0.19 | dt: 1720.21ms | tok/s: 304,780 | mfu: 34.79 | epoch: 1 | eta: 6.1m
step 01992/02205 (90.34%) [ns3] | loss: 3.128045 | lrm: 0.19 | dt: 1716.95ms | tok/s: 305,360 | mfu: 34.86 | epoch: 1 | eta: 6.1m
step 01993/02205 (90.39%) [ns3] | loss: 3.120269 | lrm: 0.19 | dt: 1718.16ms | tok/s: 305,145 | mfu: 34.83 | epoch: 1 | eta: 6.1m
step 01994/02205 (90.43%) [ns3] | loss: 3.123061 | lrm: 0.19 | dt: 1720.67ms | tok/s: 304,699 | mfu: 34.78 | epoch: 1 | eta: 6.0m
step 01995/02205 (90.48%) [ns3] | loss: 3.118283 | lrm: 0.19 | dt: 1713.67ms | tok/s: 305,944 | mfu: 34.92 | epoch: 1 | eta: 6.0m
step 01996/02205 (90.52%) [ns3] | loss: 3.117231 | lrm: 0.19 | dt: 1717.35ms | tok/s: 305,289 | mfu: 34.85 | epoch: 1 | eta: 6.0m
step 01997/02205 (90.57%) [ns3] | loss: 3.116047 | lrm: 0.19 | dt: 1721.36ms | tok/s: 304,578 | mfu: 34.77 | epoch: 1 | eta: 5.9m
step 01998/02205 (90.61%) [ns3] | loss: 3.109653 | lrm: 0.19 | dt: 1718.84ms | tok/s: 305,025 | mfu: 34.82 | epoch: 1 | eta: 5.9m
step 01999/02205 (90.66%) [ns3] | loss: 3.100420 | lrm: 0.19 | dt: 1720.42ms | tok/s: 304,744 | mfu: 34.79 | epoch: 1 | eta: 5.9m
Step 02000 | val bpb: 0.912396
Evaluating: hellaswag_zeroshot (0-shot, type: multiple_choice)... accuracy: 0.3380 | centered: 0.1173 | time: 5.30s
Evaluating: jeopardy (10-shot, type: language_modeling)... accuracy: 0.0120 | centered: 0.0120 | time: 4.87s
Evaluating: bigbench_qa_wikidata (10-shot, type: language_modeling)... accuracy: 0.3460 | centered: 0.3460 | time: 4.65s
Evaluating: arc_easy (10-shot, type: multiple_choice)... accuracy: 0.5360 | centered: 0.3813 | time: 6.18s
Evaluating: arc_challenge (10-shot, type: multiple_choice)... accuracy: 0.2840 | centered: 0.0453 | time: 5.89s
Evaluating: copa (0-shot, type: multiple_choice)... accuracy: 0.5900 | centered: 0.1800 | time: 0.92s
Evaluating: commonsense_qa (10-shot, type: multiple_choice)... accuracy: 0.3560 | centered: 0.1950 | time: 5.86s
Evaluating: piqa (10-shot, type: multiple_choice)... accuracy: 0.6380 | centered: 0.2760 | time: 5.76s
Evaluating: openbook_qa (0-shot, type: multiple_choice)... accuracy: 0.2840 | centered: 0.0453 | time: 4.40s
Evaluating: lambada_openai (0-shot, type: language_modeling)... accuracy: 0.2840 | centered: 0.2840 | time: 4.63s
Evaluating: hellaswag (10-shot, type: multiple_choice)... accuracy: 0.3300 | centered: 0.1067 | time: 7.75s
Evaluating: winograd (0-shot, type: schema)... accuracy: 0.5495 | centered: 0.0989 | time: 2.31s
Evaluating: winogrande (0-shot, type: schema)... accuracy: 0.5200 | centered: 0.0400 | time: 4.22s
Evaluating: bigbench_dyck_languages (10-shot, type: language_modeling)... accuracy: 0.0940 | centered: 0.0940 | time: 5.61s
Evaluating: agi_eval_lsat_ar (3-shot, type: multiple_choice)... accuracy: 0.2739 | centered: 0.0924 | time: 3.29s
Evaluating: bigbench_cs_algorithms (10-shot, type: language_modeling)... accuracy: 0.4080 | centered: 0.4080 | time: 4.94s
Evaluating: bigbench_operators (10-shot, type: language_modeling)... accuracy: 0.1143 | centered: 0.1143 | time: 2.12s
Evaluating: bigbench_repeat_copy_logic (10-shot, type: language_modeling)... accuracy: 0.0312 | centered: 0.0312 | time: 0.31s
Evaluating: squad (10-shot, type: language_modeling)... accuracy: 0.0960 | centered: 0.0960 | time: 7.13s
Evaluating: coqa (0-shot, type: language_modeling)... accuracy: 0.1020 | centered: 0.1020 | time: 4.92s
Evaluating: boolq (10-shot, type: multiple_choice)... accuracy: 0.4960 | centered: -0.3263 | time: 7.58s
Evaluating: bigbench_language_identification (10-shot, type: multiple_choice)... accuracy: 0.2560 | centered: 0.1815 | time: 10.10s
Step 02000 | CORE metric: 0.1328
<|bos|>The capital of France is Paris. It is the capital of the department of France. The capital of the
<|bos|>The chemical symbol of gold is the gold atom. The symbol of gold is the gold atom. The symbol of
<|bos|>If yesterday was Friday, then tomorrow will be Saturday. The first day of the week is Friday, and the second day is
<|bos|>If 5*x + 3 = 13, then x is 5. If 5*x + 3 = 13, then
step 02000/02205 (90.70%) [ns3] | loss: 3.102243 | lrm: 0.19 | dt: 1641.08ms | tok/s: 319,477 | mfu: 36.47 | epoch: 1 | eta: 5.9m
step 02001/02205 (90.75%) [ns3] | loss: 3.102910 | lrm: 0.19 | dt: 1664.69ms | tok/s: 314,946 | mfu: 35.95 | epoch: 1 | eta: 5.8m
step 02002/02205 (90.79%) [ns3] | loss: 3.111552 | lrm: 0.18 | dt: 1660.42ms | tok/s: 315,756 | mfu: 36.04 | epoch: 1 | eta: 5.8m
step 02003/02205 (90.84%) [ns3] | loss: 3.119206 | lrm: 0.18 | dt: 1670.07ms | tok/s: 313,932 | mfu: 35.84 | epoch: 1 | eta: 5.8m
step 02004/02205 (90.88%) [ns3] | loss: 3.123242 | lrm: 0.18 | dt: 1666.49ms | tok/s: 314,606 | mfu: 35.91 | epoch: 1 | eta: 5.7m
step 02005/02205 (90.93%) [ns3] | loss: 3.125268 | lrm: 0.18 | dt: 1669.13ms | tok/s: 314,107 | mfu: 35.86 | epoch: 1 | eta: 5.7m
step 02006/02205 (90.98%) [ns3] | loss: 3.127434 | lrm: 0.18 | dt: 1680.31ms | tok/s: 312,019 | mfu: 35.62 | epoch: 1 | eta: 5.7m
step 02007/02205 (91.02%) [ns3] | loss: 3.132080 | lrm: 0.18 | dt: 1671.40ms | tok/s: 313,681 | mfu: 35.81 | epoch: 1 | eta: 5.7m
step 02008/02205 (91.07%) [ns3] | loss: 3.126825 | lrm: 0.18 | dt: 1674.57ms | tok/s: 313,089 | mfu: 35.74 | epoch: 1 | eta: 5.6m
step 02009/02205 (91.11%) [ns3] | loss: 3.128987 | lrm: 0.18 | dt: 1672.57ms | tok/s: 313,462 | mfu: 35.78 | epoch: 1 | eta: 5.6m
step 02010/02205 (91.16%) [ns3] | loss: 3.124970 | lrm: 0.18 | dt: 1672.24ms | tok/s: 313,524 | mfu: 35.79 | epoch: 1 | eta: 5.6m
step 02011/02205 (91.20%) [ns3] | loss: 3.132719 | lrm: 0.18 | dt: 1674.98ms | tok/s: 313,010 | mfu: 35.73 | epoch: 1 | eta: 5.5m
step 02012/02205 (91.25%) [ns3] | loss: 3.126231 | lrm: 0.18 | dt: 1675.84ms | tok/s: 312,851 | mfu: 35.71 | epoch: 1 | eta: 5.5m
step 02013/02205 (91.29%) [ns3] | loss: 3.111503 | lrm: 0.17 | dt: 1679.96ms | tok/s: 312,082 | mfu: 35.62 | epoch: 1 | eta: 5.5m
step 02014/02205 (91.34%) [ns3] | loss: 3.119458 | lrm: 0.17 | dt: 1681.71ms | tok/s: 311,758 | mfu: 35.59 | epoch: 1 | eta: 5.5m
step 02015/02205 (91.38%) [ns3] | loss: 3.117595 | lrm: 0.17 | dt: 1681.84ms | tok/s: 311,734 | mfu: 35.58 | epoch: 1 | eta: 5.4m
step 02016/02205 (91.43%) [ns3] | loss: 3.109825 | lrm: 0.17 | dt: 1684.93ms | tok/s: 311,163 | mfu: 35.52 | epoch: 1 | eta: 5.4m
step 02017/02205 (91.47%) [ns3] | loss: 3.112328 | lrm: 0.17 | dt: 1685.39ms | tok/s: 311,078 | mfu: 35.51 | epoch: 1 | eta: 5.4m
step 02018/02205 (91.52%) [ns3] | loss: 3.114042 | lrm: 0.17 | dt: 1682.91ms | tok/s: 311,536 | mfu: 35.56 | epoch: 1 | eta: 5.3m
step 02019/02205 (91.56%) [ns3] | loss: 3.110475 | lrm: 0.17 | dt: 1692.27ms | tok/s: 309,813 | mfu: 35.37 | epoch: 1 | eta: 5.3m
step 02020/02205 (91.61%) [ns3] | loss: 3.108523 | lrm: 0.17 | dt: 1692.61ms | tok/s: 309,750 | mfu: 35.36 | epoch: 1 | eta: 5.3m
step 02021/02205 (91.66%) [ns3] | loss: 3.116186 | lrm: 0.17 | dt: 1686.32ms | tok/s: 310,906 | mfu: 35.49 | epoch: 1 | eta: 5.3m
step 02022/02205 (91.70%) [ns3] | loss: 3.116150 | lrm: 0.17 | dt: 1694.82ms | tok/s: 309,347 | mfu: 35.31 | epoch: 1 | eta: 5.2m
step 02023/02205 (91.75%) [ns3] | loss: 3.114547 | lrm: 0.17 | dt: 1694.74ms | tok/s: 309,361 | mfu: 35.31 | epoch: 1 | eta: 5.2m
step 02024/02205 (91.79%) [ns3] | loss: 3.107013 | lrm: 0.16 | dt: 1689.24ms | tok/s: 310,368 | mfu: 35.43 | epoch: 1 | eta: 5.2m
step 02025/02205 (91.84%) [ns3] | loss: 3.102811 | lrm: 0.16 | dt: 1693.39ms | tok/s: 309,609 | mfu: 35.34 | epoch: 1 | eta: 5.1m
step 02026/02205 (91.88%) [ns3] | loss: 3.105248 | lrm: 0.16 | dt: 1695.48ms | tok/s: 309,227 | mfu: 35.30 | epoch: 1 | eta: 5.1m
step 02027/02205 (91.93%) [ns3] | loss: 3.103713 | lrm: 0.16 | dt: 1694.52ms | tok/s: 309,402 | mfu: 35.32 | epoch: 1 | eta: 5.1m
step 02028/02205 (91.97%) [ns3] | loss: 3.116258 | lrm: 0.16 | dt: 1697.46ms | tok/s: 308,866 | mfu: 35.26 | epoch: 1 | eta: 5.1m
step 02029/02205 (92.02%) [ns3] | loss: 3.113634 | lrm: 0.16 | dt: 1700.37ms | tok/s: 308,337 | mfu: 35.20 | epoch: 1 | eta: 5.0m
step 02030/02205 (92.06%) [ns3] | loss: 3.119231 | lrm: 0.16 | dt: 1700.10ms | tok/s: 308,385 | mfu: 35.20 | epoch: 1 | eta: 5.0m
step 02031/02205 (92.11%) [ns3] | loss: 3.115940 | lrm: 0.16 | dt: 1695.48ms | tok/s: 309,227 | mfu: 35.30 | epoch: 1 | eta: 5.0m
step 02032/02205 (92.15%) [ns3] | loss: 3.114309 | lrm: 0.16 | dt: 1697.53ms | tok/s: 308,852 | mfu: 35.26 | epoch: 1 | eta: 4.9m
step 02033/02205 (92.20%) [ns3] | loss: 3.115738 | lrm: 0.16 | dt: 1690.52ms | tok/s: 310,134 | mfu: 35.40 | epoch: 1 | eta: 4.9m
step 02034/02205 (92.24%) [ns3] | loss: 3.115447 | lrm: 0.16 | dt: 1699.10ms | tok/s: 308,567 | mfu: 35.22 | epoch: 1 | eta: 4.9m
step 02035/02205 (92.29%) [ns3] | loss: 3.114755 | lrm: 0.15 | dt: 1699.22ms | tok/s: 308,546 | mfu: 35.22 | epoch: 1 | eta: 4.9m
step 02036/02205 (92.34%) [ns3] | loss: 3.105021 | lrm: 0.15 | dt: 1704.38ms | tok/s: 307,613 | mfu: 35.11 | epoch: 1 | eta: 4.8m
step 02037/02205 (92.38%) [ns3] | loss: 3.111323 | lrm: 0.15 | dt: 1700.55ms | tok/s: 308,305 | mfu: 35.19 | epoch: 1 | eta: 4.8m
step 02038/02205 (92.43%) [ns3] | loss: 3.112279 | lrm: 0.15 | dt: 1698.13ms | tok/s: 308,744 | mfu: 35.24 | epoch: 1 | eta: 4.8m
step 02039/02205 (92.47%) [ns3] | loss: 3.103234 | lrm: 0.15 | dt: 1703.78ms | tok/s: 307,719 | mfu: 35.13 | epoch: 1 | eta: 4.7m
step 02040/02205 (92.52%) [ns3] | loss: 3.110012 | lrm: 0.15 | dt: 1701.81ms | tok/s: 308,076 | mfu: 35.17 | epoch: 1 | eta: 4.7m
step 02041/02205 (92.56%) [ns3] | loss: 3.121990 | lrm: 0.15 | dt: 1706.80ms | tok/s: 307,175 | mfu: 35.06 | epoch: 1 | eta: 4.7m
step 02042/02205 (92.61%) [ns3] | loss: 3.124359 | lrm: 0.15 | dt: 1704.25ms | tok/s: 307,636 | mfu: 35.12 | epoch: 1 | eta: 4.7m
step 02043/02205 (92.65%) [ns3] | loss: 3.119766 | lrm: 0.15 | dt: 1709.63ms | tok/s: 306,667 | mfu: 35.01 | epoch: 1 | eta: 4.6m
step 02044/02205 (92.70%) [ns3] | loss: 3.114133 | lrm: 0.15 | dt: 1702.71ms | tok/s: 307,914 | mfu: 35.15 | epoch: 1 | eta: 4.6m
step 02045/02205 (92.74%) [ns3] | loss: 3.118464 | lrm: 0.15 | dt: 1708.94ms | tok/s: 306,791 | mfu: 35.02 | epoch: 1 | eta: 4.6m
step 02046/02205 (92.79%) [ns3] | loss: 3.121523 | lrm: 0.14 | dt: 1701.57ms | tok/s: 308,120 | mfu: 35.17 | epoch: 1 | eta: 4.5m
step 02047/02205 (92.83%) [ns3] | loss: 3.122425 | lrm: 0.14 | dt: 1710.69ms | tok/s: 306,477 | mfu: 34.98 | epoch: 1 | eta: 4.5m
step 02048/02205 (92.88%) [ns3] | loss: 3.129304 | lrm: 0.14 | dt: 1707.89ms | tok/s: 306,980 | mfu: 35.04 | epoch: 1 | eta: 4.5m
step 02049/02205 (92.93%) [ns3] | loss: 3.127681 | lrm: 0.14 | dt: 1709.64ms | tok/s: 306,665 | mfu: 35.01 | epoch: 1 | eta: 4.5m
step 02050/02205 (92.97%) [ns3] | loss: 3.124225 | lrm: 0.14 | dt: 1708.12ms | tok/s: 306,938 | mfu: 35.04 | epoch: 1 | eta: 4.4m
step 02051/02205 (93.02%) [ns3] | loss: 3.129075 | lrm: 0.14 | dt: 1710.42ms | tok/s: 306,525 | mfu: 34.99 | epoch: 1 | eta: 4.4m
step 02052/02205 (93.06%) [ns3] | loss: 3.122318 | lrm: 0.14 | dt: 1709.76ms | tok/s: 306,644 | mfu: 35.00 | epoch: 1 | eta: 4.4m
step 02053/02205 (93.11%) [ns3] | loss: 3.116271 | lrm: 0.14 | dt: 1709.78ms | tok/s: 306,641 | mfu: 35.00 | epoch: 1 | eta: 4.3m
step 02054/02205 (93.15%) [ns3] | loss: 3.117586 | lrm: 0.14 | dt: 1711.17ms | tok/s: 306,391 | mfu: 34.97 | epoch: 1 | eta: 4.3m
step 02055/02205 (93.20%) [ns3] | loss: 3.117952 | lrm: 0.14 | dt: 1712.50ms | tok/s: 306,153 | mfu: 34.95 | epoch: 1 | eta: 4.3m
step 02056/02205 (93.24%) [ns3] | loss: 3.104043 | lrm: 0.14 | dt: 1712.72ms | tok/s: 306,113 | mfu: 34.94 | epoch: 1 | eta: 4.3m
step 02057/02205 (93.29%) [ns3] | loss: 3.104023 | lrm: 0.13 | dt: 1711.97ms | tok/s: 306,248 | mfu: 34.96 | epoch: 1 | eta: 4.2m
step 02058/02205 (93.33%) [ns3] | loss: 3.110720 | lrm: 0.13 | dt: 1709.96ms | tok/s: 306,608 | mfu: 35.00 | epoch: 1 | eta: 4.2m
step 02059/02205 (93.38%) [ns3] | loss: 3.099411 | lrm: 0.13 | dt: 1705.20ms | tok/s: 307,463 | mfu: 35.10 | epoch: 1 | eta: 4.2m
step 02060/02205 (93.42%) [ns3] | loss: 3.099005 | lrm: 0.13 | dt: 1716.77ms | tok/s: 305,391 | mfu: 34.86 | epoch: 1 | eta: 4.1m
step 02061/02205 (93.47%) [ns3] | loss: 3.109897 | lrm: 0.13 | dt: 1710.69ms | tok/s: 306,477 | mfu: 34.98 | epoch: 1 | eta: 4.1m
step 02062/02205 (93.51%) [ns3] | loss: 3.111718 | lrm: 0.13 | dt: 1710.68ms | tok/s: 306,478 | mfu: 34.98 | epoch: 1 | eta: 4.1m
step 02063/02205 (93.56%) [ns3] | loss: 3.106402 | lrm: 0.13 | dt: 1718.14ms | tok/s: 305,147 | mfu: 34.83 | epoch: 1 | eta: 4.1m
step 02064/02205 (93.61%) [ns3] | loss: 3.109993 | lrm: 0.13 | dt: 1713.39ms | tok/s: 305,994 | mfu: 34.93 | epoch: 1 | eta: 4.0m
step 02065/02205 (93.65%) [ns3] | loss: 3.108129 | lrm: 0.13 | dt: 1708.97ms | tok/s: 306,786 | mfu: 35.02 | epoch: 1 | eta: 4.0m
step 02066/02205 (93.70%) [ns3] | loss: 3.104199 | lrm: 0.13 | dt: 1712.37ms | tok/s: 306,177 | mfu: 34.95 | epoch: 1 | eta: 4.0m
step 02067/02205 (93.74%) [ns3] | loss: 3.099031 | lrm: 0.13 | dt: 1709.55ms | tok/s: 306,681 | mfu: 35.01 | epoch: 1 | eta: 3.9m
step 02068/02205 (93.79%) [ns3] | loss: 3.100918 | lrm: 0.12 | dt: 1712.49ms | tok/s: 306,155 | mfu: 34.95 | epoch: 1 | eta: 3.9m
step 02069/02205 (93.83%) [ns3] | loss: 3.102653 | lrm: 0.12 | dt: 1713.10ms | tok/s: 306,046 | mfu: 34.94 | epoch: 1 | eta: 3.9m
step 02070/02205 (93.88%) [ns3] | loss: 3.102732 | lrm: 0.12 | dt: 1712.81ms | tok/s: 306,098 | mfu: 34.94 | epoch: 1 | eta: 3.9m
step 02071/02205 (93.92%) [ns3] | loss: 3.096493 | lrm: 0.12 | dt: 1710.04ms | tok/s: 306,593 | mfu: 35.00 | epoch: 1 | eta: 3.8m
step 02072/02205 (93.97%) [ns3] | loss: 3.087346 | lrm: 0.12 | dt: 1716.48ms | tok/s: 305,443 | mfu: 34.87 | epoch: 1 | eta: 3.8m
step 02073/02205 (94.01%) [ns3] | loss: 3.086786 | lrm: 0.12 | dt: 1716.86ms | tok/s: 305,376 | mfu: 34.86 | epoch: 1 | eta: 3.8m
step 02074/02205 (94.06%) [ns3] | loss: 3.091888 | lrm: 0.12 | dt: 1715.01ms | tok/s: 305,704 | mfu: 34.90 | epoch: 1 | eta: 3.7m
step 02075/02205 (94.10%) [ns3] | loss: 3.082465 | lrm: 0.12 | dt: 1709.01ms | tok/s: 306,778 | mfu: 35.02 | epoch: 1 | eta: 3.7m
step 02076/02205 (94.15%) [ns3] | loss: 3.079983 | lrm: 0.12 | dt: 1718.60ms | tok/s: 305,067 | mfu: 34.82 | epoch: 1 | eta: 3.7m
step 02077/02205 (94.20%) [ns3] | loss: 3.090277 | lrm: 0.12 | dt: 1713.76ms | tok/s: 305,929 | mfu: 34.92 | epoch: 1 | eta: 3.7m
step 02078/02205 (94.24%) [ns3] | loss: 3.093819 | lrm: 0.12 | dt: 1717.33ms | tok/s: 305,293 | mfu: 34.85 | epoch: 1 | eta: 3.6m
step 02079/02205 (94.29%) [ns3] | loss: 3.090173 | lrm: 0.11 | dt: 1714.97ms | tok/s: 305,712 | mfu: 34.90 | epoch: 1 | eta: 3.6m
step 02080/02205 (94.33%) [ns3] | loss: 3.093678 | lrm: 0.11 | dt: 1719.31ms | tok/s: 304,940 | mfu: 34.81 | epoch: 1 | eta: 3.6m
step 02081/02205 (94.38%) [ns3] | loss: 3.090386 | lrm: 0.11 | dt: 1713.99ms | tok/s: 305,888 | mfu: 34.92 | epoch: 1 | eta: 3.5m
step 02082/02205 (94.42%) [ns3] | loss: 3.086983 | lrm: 0.11 | dt: 1713.41ms | tok/s: 305,991 | mfu: 34.93 | epoch: 1 | eta: 3.5m
step 02083/02205 (94.47%) [ns3] | loss: 3.088547 | lrm: 0.11 | dt: 1718.21ms | tok/s: 305,135 | mfu: 34.83 | epoch: 1 | eta: 3.5m
step 02084/02205 (94.51%) [ns3] | loss: 3.078615 | lrm: 0.11 | dt: 1714.39ms | tok/s: 305,815 | mfu: 34.91 | epoch: 1 | eta: 3.5m
step 02085/02205 (94.56%) [ns3] | loss: 3.077414 | lrm: 0.11 | dt: 1723.96ms | tok/s: 304,118 | mfu: 34.72 | epoch: 1 | eta: 3.4m
step 02086/02205 (94.60%) [ns3] | loss: 3.080579 | lrm: 0.11 | dt: 1710.80ms | tok/s: 306,457 | mfu: 34.98 | epoch: 1 | eta: 3.4m
step 02087/02205 (94.65%) [ns3] | loss: 3.073446 | lrm: 0.11 | dt: 1717.72ms | tok/s: 305,223 | mfu: 34.84 | epoch: 1 | eta: 3.4m
step 02088/02205 (94.69%) [ns3] | loss: 3.077383 | lrm: 0.11 | dt: 1718.74ms | tok/s: 305,042 | mfu: 34.82 | epoch: 1 | eta: 3.3m
step 02089/02205 (94.74%) [ns3] | loss: 3.084633 | lrm: 0.11 | dt: 1712.97ms | tok/s: 306,068 | mfu: 34.94 | epoch: 1 | eta: 3.3m
step 02090/02205 (94.78%) [ns3] | loss: 3.090277 | lrm: 0.10 | dt: 1718.34ms | tok/s: 305,113 | mfu: 34.83 | epoch: 1 | eta: 3.3m
step 02091/02205 (94.83%) [ns3] | loss: 3.096484 | lrm: 0.10 | dt: 1715.37ms | tok/s: 305,642 | mfu: 34.89 | epoch: 1 | eta: 3.3m
step 02092/02205 (94.88%) [ns3] | loss: 3.098679 | lrm: 0.10 | dt: 1715.30ms | tok/s: 305,653 | mfu: 34.89 | epoch: 1 | eta: 3.2m
step 02093/02205 (94.92%) [ns3] | loss: 3.103095 | lrm: 0.10 | dt: 1720.56ms | tok/s: 304,720 | mfu: 34.78 | epoch: 1 | eta: 3.2m
step 02094/02205 (94.97%) [ns3] | loss: 3.110674 | lrm: 0.10 | dt: 1721.82ms | tok/s: 304,495 | mfu: 34.76 | epoch: 1 | eta: 3.2m
step 02095/02205 (95.01%) [ns3] | loss: 3.114860 | lrm: 0.10 | dt: 1720.46ms | tok/s: 304,736 | mfu: 34.79 | epoch: 1 | eta: 3.1m
step 02096/02205 (95.06%) [ns3] | loss: 3.113081 | lrm: 0.10 | dt: 1723.33ms | tok/s: 304,229 | mfu: 34.73 | epoch: 1 | eta: 3.1m
step 02097/02205 (95.10%) [ns3] | loss: 3.104634 | lrm: 0.10 | dt: 1717.78ms | tok/s: 305,213 | mfu: 34.84 | epoch: 1 | eta: 3.1m
step 02098/02205 (95.15%) [ns3] | loss: 3.101312 | lrm: 0.10 | dt: 1712.89ms | tok/s: 306,084 | mfu: 34.94 | epoch: 1 | eta: 3.1m
step 02099/02205 (95.19%) [ns3] | loss: 3.098693 | lrm: 0.10 | dt: 1717.72ms | tok/s: 305,223 | mfu: 34.84 | epoch: 1 | eta: 3.0m
step 02100/02205 (95.24%) [ns3] | loss: 3.084422 | lrm: 0.10 | dt: 1722.50ms | tok/s: 304,375 | mfu: 34.74 | epoch: 1 | eta: 3.0m
step 02101/02205 (95.28%) [ns3] | loss: 3.071591 | lrm: 0.09 | dt: 1717.10ms | tok/s: 305,332 | mfu: 34.85 | epoch: 1 | eta: 3.0m
step 02102/02205 (95.33%) [ns3] | loss: 3.065266 | lrm: 0.09 | dt: 1716.66ms | tok/s: 305,412 | mfu: 34.86 | epoch: 1 | eta: 2.9m
step 02103/02205 (95.37%) [ns3] | loss: 3.068648 | lrm: 0.09 | dt: 1722.53ms | tok/s: 304,371 | mfu: 34.74 | epoch: 1 | eta: 2.9m
step 02104/02205 (95.42%) [ns3] | loss: 3.080910 | lrm: 0.09 | dt: 1718.36ms | tok/s: 305,108 | mfu: 34.83 | epoch: 1 | eta: 2.9m
step 02105/02205 (95.46%) [ns3] | loss: 3.084170 | lrm: 0.09 | dt: 1725.09ms | tok/s: 303,919 | mfu: 34.69 | epoch: 1 | eta: 2.9m
step 02106/02205 (95.51%) [ns3] | loss: 3.091955 | lrm: 0.09 | dt: 1716.18ms | tok/s: 305,497 | mfu: 34.87 | epoch: 1 | eta: 2.8m
step 02107/02205 (95.56%) [ns3] | loss: 3.089295 | lrm: 0.09 | dt: 1722.00ms | tok/s: 304,465 | mfu: 34.76 | epoch: 1 | eta: 2.8m
step 02108/02205 (95.60%) [ns3] | loss: 3.096948 | lrm: 0.09 | dt: 1720.29ms | tok/s: 304,767 | mfu: 34.79 | epoch: 1 | eta: 2.8m
step 02109/02205 (95.65%) [ns3] | loss: 3.098076 | lrm: 0.09 | dt: 1716.06ms | tok/s: 305,517 | mfu: 34.88 | epoch: 1 | eta: 2.7m
step 02110/02205 (95.69%) [ns3] | loss: 3.092307 | lrm: 0.09 | dt: 1720.56ms | tok/s: 304,719 | mfu: 34.78 | epoch: 1 | eta: 2.7m
step 02111/02205 (95.74%) [ns3] | loss: 3.109458 | lrm: 0.09 | dt: 1722.01ms | tok/s: 304,462 | mfu: 34.75 | epoch: 1 | eta: 2.7m
step 02112/02205 (95.78%) [ns3] | loss: 3.100720 | lrm: 0.08 | dt: 1724.44ms | tok/s: 304,034 | mfu: 34.71 | epoch: 1 | eta: 2.7m
step 02113/02205 (95.83%) [ns3] | loss: 3.094219 | lrm: 0.08 | dt: 1713.58ms | tok/s: 305,960 | mfu: 34.93 | epoch: 1 | eta: 2.6m
step 02114/02205 (95.87%) [ns3] | loss: 3.094604 | lrm: 0.08 | dt: 1715.43ms | tok/s: 305,630 | mfu: 34.89 | epoch: 1 | eta: 2.6m
step 02115/02205 (95.92%) [ns3] | loss: 3.099953 | lrm: 0.08 | dt: 1720.71ms | tok/s: 304,692 | mfu: 34.78 | epoch: 1 | eta: 2.6m
step 02116/02205 (95.96%) [ns3] | loss: 3.101064 | lrm: 0.08 | dt: 1721.69ms | tok/s: 304,519 | mfu: 34.76 | epoch: 1 | eta: 2.5m
step 02117/02205 (96.01%) [ns3] | loss: 3.098762 | lrm: 0.08 | dt: 1719.63ms | tok/s: 304,883 | mfu: 34.80 | epoch: 1 | eta: 2.5m
step 02118/02205 (96.05%) [ns3] | loss: 3.092527 | lrm: 0.08 | dt: 1723.16ms | tok/s: 304,260 | mfu: 34.73 | epoch: 1 | eta: 2.5m
step 02119/02205 (96.10%) [ns3] | loss: 3.095269 | lrm: 0.08 | dt: 1721.01ms | tok/s: 304,639 | mfu: 34.77 | epoch: 1 | eta: 2.5m
step 02120/02205 (96.15%) [ns3] | loss: 3.088193 | lrm: 0.08 | dt: 1721.45ms | tok/s: 304,562 | mfu: 34.77 | epoch: 1 | eta: 2.4m
step 02121/02205 (96.19%) [ns3] | loss: 3.083155 | lrm: 0.08 | dt: 1716.32ms | tok/s: 305,471 | mfu: 34.87 | epoch: 1 | eta: 2.4m
step 02122/02205 (96.24%) [ns3] | loss: 3.080122 | lrm: 0.08 | dt: 1720.13ms | tok/s: 304,796 | mfu: 34.79 | epoch: 1 | eta: 2.4m
step 02123/02205 (96.28%) [ns3] | loss: 3.077768 | lrm: 0.07 | dt: 1725.68ms | tok/s: 303,814 | mfu: 34.68 | epoch: 1 | eta: 2.3m
step 02124/02205 (96.33%) [ns3] | loss: 3.074012 | lrm: 0.07 | dt: 1717.98ms | tok/s: 305,177 | mfu: 34.84 | epoch: 1 | eta: 2.3m
step 02125/02205 (96.37%) [ns3] | loss: 3.075700 | lrm: 0.07 | dt: 1726.73ms | tok/s: 303,630 | mfu: 34.66 | epoch: 1 | eta: 2.3m
step 02126/02205 (96.42%) [ns3] | loss: 3.085272 | lrm: 0.07 | dt: 1728.68ms | tok/s: 303,288 | mfu: 34.62 | epoch: 1 | eta: 2.3m
step 02127/02205 (96.46%) [ns3] | loss: 3.093532 | lrm: 0.07 | dt: 1720.10ms | tok/s: 304,801 | mfu: 34.79 | epoch: 1 | eta: 2.2m
step 02128/02205 (96.51%) [ns3] | loss: 3.099930 | lrm: 0.07 | dt: 1724.87ms | tok/s: 303,958 | mfu: 34.70 | epoch: 1 | eta: 2.2m
step 02129/02205 (96.55%) [ns3] | loss: 3.100920 | lrm: 0.07 | dt: 1722.26ms | tok/s: 304,418 | mfu: 34.75 | epoch: 1 | eta: 2.2m
step 02130/02205 (96.60%) [ns3] | loss: 3.105647 | lrm: 0.07 | dt: 1714.65ms | tok/s: 305,769 | mfu: 34.90 | epoch: 1 | eta: 2.1m
step 02131/02205 (96.64%) [ns3] | loss: 3.102207 | lrm: 0.07 | dt: 1720.88ms | tok/s: 304,662 | mfu: 34.78 | epoch: 1 | eta: 2.1m
step 02132/02205 (96.69%) [ns3] | loss: 3.096423 | lrm: 0.07 | dt: 1718.16ms | tok/s: 305,145 | mfu: 34.83 | epoch: 1 | eta: 2.1m
step 02133/02205 (96.73%) [ns3] | loss: 3.100655 | lrm: 0.07 | dt: 1727.16ms | tok/s: 303,554 | mfu: 34.65 | epoch: 1 | eta: 2.1m
step 02134/02205 (96.78%) [ns3] | loss: 3.105344 | lrm: 0.06 | dt: 1721.68ms | tok/s: 304,521 | mfu: 34.76 | epoch: 1 | eta: 2.0m
step 02135/02205 (96.83%) [ns3] | loss: 3.097977 | lrm: 0.06 | dt: 1726.23ms | tok/s: 303,718 | mfu: 34.67 | epoch: 1 | eta: 2.0m
step 02136/02205 (96.87%) [ns3] | loss: 3.095078 | lrm: 0.06 | dt: 1719.88ms | tok/s: 304,840 | mfu: 34.80 | epoch: 1 | eta: 2.0m
step 02137/02205 (96.92%) [ns3] | loss: 3.097223 | lrm: 0.06 | dt: 1721.71ms | tok/s: 304,516 | mfu: 34.76 | epoch: 1 | eta: 1.9m
step 02138/02205 (96.96%) [ns3] | loss: 3.093451 | lrm: 0.06 | dt: 1726.08ms | tok/s: 303,744 | mfu: 34.67 | epoch: 1 | eta: 1.9m
step 02139/02205 (97.01%) [ns3] | loss: 3.084796 | lrm: 0.06 | dt: 1722.03ms | tok/s: 304,458 | mfu: 34.75 | epoch: 1 | eta: 1.9m
step 02140/02205 (97.05%) [ns3] | loss: 3.080629 | lrm: 0.06 | dt: 1719.18ms | tok/s: 304,963 | mfu: 34.81 | epoch: 1 | eta: 1.9m
step 02141/02205 (97.10%) [ns3] | loss: 3.086362 | lrm: 0.06 | dt: 1723.11ms | tok/s: 304,268 | mfu: 34.73 | epoch: 1 | eta: 1.8m
step 02142/02205 (97.14%) [ns3] | loss: 3.091856 | lrm: 0.06 | dt: 1715.60ms | tok/s: 305,599 | mfu: 34.88 | epoch: 1 | eta: 1.8m
step 02143/02205 (97.19%) [ns3] | loss: 3.095001 | lrm: 0.06 | dt: 1724.60ms | tok/s: 304,005 | mfu: 34.70 | epoch: 1 | eta: 1.8m
step 02144/02205 (97.23%) [ns3] | loss: 3.097332 | lrm: 0.06 | dt: 1719.40ms | tok/s: 304,924 | mfu: 34.81 | epoch: 1 | eta: 1.7m
step 02145/02205 (97.28%) [ns3] | loss: 3.094858 | lrm: 0.05 | dt: 1724.72ms | tok/s: 303,983 | mfu: 34.70 | epoch: 1 | eta: 1.7m
step 02146/02205 (97.32%) [ns3] | loss: 3.099806 | lrm: 0.05 | dt: 1721.10ms | tok/s: 304,624 | mfu: 34.77 | epoch: 1 | eta: 1.7m
step 02147/02205 (97.37%) [ns3] | loss: 3.091475 | lrm: 0.05 | dt: 1722.05ms | tok/s: 304,456 | mfu: 34.75 | epoch: 1 | eta: 1.7m
step 02148/02205 (97.41%) [ns3] | loss: 3.096120 | lrm: 0.05 | dt: 1717.37ms | tok/s: 305,284 | mfu: 34.85 | epoch: 1 | eta: 1.6m
step 02149/02205 (97.46%) [ns3] | loss: 3.091365 | lrm: 0.05 | dt: 1723.20ms | tok/s: 304,252 | mfu: 34.73 | epoch: 1 | eta: 1.6m
step 02150/02205 (97.51%) [ns3] | loss: 3.089692 | lrm: 0.05 | dt: 1716.95ms | tok/s: 305,360 | mfu: 34.86 | epoch: 1 | eta: 1.6m
step 02151/02205 (97.55%) [ns3] | loss: 3.096244 | lrm: 0.05 | dt: 1725.31ms | tok/s: 303,881 | mfu: 34.69 | epoch: 1 | eta: 1.5m
step 02152/02205 (97.60%) [ns3] | loss: 3.097242 | lrm: 0.05 | dt: 1720.55ms | tok/s: 304,721 | mfu: 34.78 | epoch: 1 | eta: 1.5m
step 02153/02205 (97.64%) [ns3] | loss: 3.089446 | lrm: 0.05 | dt: 1728.63ms | tok/s: 303,296 | mfu: 34.62 | epoch: 1 | eta: 1.5m
step 02154/02205 (97.69%) [ns3] | loss: 3.087306 | lrm: 0.05 | dt: 1719.16ms | tok/s: 304,968 | mfu: 34.81 | epoch: 1 | eta: 1.5m
step 02155/02205 (97.73%) [ns3] | loss: 3.090966 | lrm: 0.05 | dt: 1725.48ms | tok/s: 303,849 | mfu: 34.68 | epoch: 1 | eta: 1.4m
step 02156/02205 (97.78%) [ns3] | loss: 3.090035 | lrm: 0.04 | dt: 1724.25ms | tok/s: 304,067 | mfu: 34.71 | epoch: 1 | eta: 1.4m
step 02157/02205 (97.82%) [ns3] | loss: 3.092583 | lrm: 0.04 | dt: 1717.14ms | tok/s: 305,325 | mfu: 34.85 | epoch: 1 | eta: 1.4m
step 02158/02205 (97.87%) [ns3] | loss: 3.095528 | lrm: 0.04 | dt: 1715.19ms | tok/s: 305,673 | mfu: 34.89 | epoch: 1 | eta: 1.3m
step 02159/02205 (97.91%) [ns3] | loss: 3.089192 | lrm: 0.04 | dt: 1717.11ms | tok/s: 305,331 | mfu: 34.85 | epoch: 1 | eta: 1.3m
step 02160/02205 (97.96%) [ns3] | loss: 3.087712 | lrm: 0.04 | dt: 1728.34ms | tok/s: 303,347 | mfu: 34.63 | epoch: 1 | eta: 1.3m
step 02161/02205 (98.00%) [ns3] | loss: 3.085951 | lrm: 0.04 | dt: 1718.49ms | tok/s: 305,085 | mfu: 34.83 | epoch: 1 | eta: 1.3m
step 02162/02205 (98.05%) [ns3] | loss: 3.080067 | lrm: 0.04 | dt: 1727.51ms | tok/s: 303,493 | mfu: 34.64 | epoch: 1 | eta: 1.2m
step 02163/02205 (98.10%) [ns3] | loss: 3.083218 | lrm: 0.04 | dt: 1721.79ms | tok/s: 304,501 | mfu: 34.76 | epoch: 1 | eta: 1.2m
step 02164/02205 (98.14%) [ns3] | loss: 3.084564 | lrm: 0.04 | dt: 1719.48ms | tok/s: 304,910 | mfu: 34.81 | epoch: 1 | eta: 1.2m
step 02165/02205 (98.19%) [ns3] | loss: 3.084742 | lrm: 0.04 | dt: 1716.64ms | tok/s: 305,415 | mfu: 34.86 | epoch: 1 | eta: 1.1m
step 02166/02205 (98.23%) [ns3] | loss: 3.090525 | lrm: 0.04 | dt: 1723.64ms | tok/s: 304,175 | mfu: 34.72 | epoch: 1 | eta: 1.1m
step 02167/02205 (98.28%) [ns3] | loss: 3.085409 | lrm: 0.03 | dt: 1718.06ms | tok/s: 305,163 | mfu: 34.83 | epoch: 1 | eta: 1.1m
step 02168/02205 (98.32%) [ns3] | loss: 3.080222 | lrm: 0.03 | dt: 1717.28ms | tok/s: 305,302 | mfu: 34.85 | epoch: 1 | eta: 1.1m
step 02169/02205 (98.37%) [ns3] | loss: 3.069894 | lrm: 0.03 | dt: 1729.83ms | tok/s: 303,086 | mfu: 34.60 | epoch: 1 | eta: 1.0m
step 02170/02205 (98.41%) [ns3] | loss: 3.080572 | lrm: 0.03 | dt: 1720.77ms | tok/s: 304,682 | mfu: 34.78 | epoch: 1 | eta: 1.0m
step 02171/02205 (98.46%) [ns3] | loss: 3.087500 | lrm: 0.03 | dt: 1720.34ms | tok/s: 304,757 | mfu: 34.79 | epoch: 1 | eta: 1.0m
step 02172/02205 (98.50%) [ns3] | loss: 3.095746 | lrm: 0.03 | dt: 1721.83ms | tok/s: 304,495 | mfu: 34.76 | epoch: 1 | eta: 0.9m
step 02173/02205 (98.55%) [ns3] | loss: 3.090674 | lrm: 0.03 | dt: 1716.76ms | tok/s: 305,394 | mfu: 34.86 | epoch: 1 | eta: 0.9m
step 02174/02205 (98.59%) [ns3] | loss: 3.089473 | lrm: 0.03 | dt: 1722.07ms | tok/s: 304,452 | mfu: 34.75 | epoch: 1 | eta: 0.9m
step 02175/02205 (98.64%) [ns3] | loss: 3.088104 | lrm: 0.03 | dt: 1717.34ms | tok/s: 305,290 | mfu: 34.85 | epoch: 1 | eta: 0.9m
step 02176/02205 (98.68%) [ns3] | loss: 3.094832 | lrm: 0.03 | dt: 1728.35ms | tok/s: 303,346 | mfu: 34.63 | epoch: 1 | eta: 0.8m
step 02177/02205 (98.73%) [ns3] | loss: 3.091119 | lrm: 0.03 | dt: 1724.19ms | tok/s: 304,077 | mfu: 34.71 | epoch: 1 | eta: 0.8m
step 02178/02205 (98.78%) [ns3] | loss: 3.105798 | lrm: 0.02 | dt: 1720.94ms | tok/s: 304,652 | mfu: 34.78 | epoch: 1 | eta: 0.8m
step 02179/02205 (98.82%) [ns3] | loss: 3.102817 | lrm: 0.02 | dt: 1726.08ms | tok/s: 303,744 | mfu: 34.67 | epoch: 1 | eta: 0.7m
step 02180/02205 (98.87%) [ns3] | loss: 3.115148 | lrm: 0.02 | dt: 1723.56ms | tok/s: 304,189 | mfu: 34.72 | epoch: 1 | eta: 0.7m
step 02181/02205 (98.91%) [ns3] | loss: 3.114310 | lrm: 0.02 | dt: 1716.85ms | tok/s: 305,377 | mfu: 34.86 | epoch: 1 | eta: 0.7m
step 02182/02205 (98.96%) [ns3] | loss: 3.105149 | lrm: 0.02 | dt: 1717.14ms | tok/s: 305,325 | mfu: 34.85 | epoch: 1 | eta: 0.7m
step 02183/02205 (99.00%) [ns3] | loss: 3.103177 | lrm: 0.02 | dt: 1723.70ms | tok/s: 304,164 | mfu: 34.72 | epoch: 1 | eta: 0.6m
step 02184/02205 (99.05%) [ns3] | loss: 3.095648 | lrm: 0.02 | dt: 1719.09ms | tok/s: 304,980 | mfu: 34.81 | epoch: 1 | eta: 0.6m
step 02185/02205 (99.09%) [ns3] | loss: 3.100407 | lrm: 0.02 | dt: 1721.84ms | tok/s: 304,492 | mfu: 34.76 | epoch: 1 | eta: 0.6m
step 02186/02205 (99.14%) [ns3] | loss: 3.100078 | lrm: 0.02 | dt: 1722.62ms | tok/s: 304,354 | mfu: 34.74 | epoch: 1 | eta: 0.5m
step 02187/02205 (99.18%) [ns3] | loss: 3.100319 | lrm: 0.02 | dt: 1727.30ms | tok/s: 303,530 | mfu: 34.65 | epoch: 1 | eta: 0.5m
step 02188/02205 (99.23%) [ns3] | loss: 3.097288 | lrm: 0.02 | dt: 1717.47ms | tok/s: 305,268 | mfu: 34.85 | epoch: 1 | eta: 0.5m
step 02189/02205 (99.27%) [ns3] | loss: 3.095040 | lrm: 0.01 | dt: 1726.44ms | tok/s: 303,681 | mfu: 34.67 | epoch: 1 | eta: 0.5m
step 02190/02205 (99.32%) [ns3] | loss: 3.091084 | lrm: 0.01 | dt: 1724.39ms | tok/s: 304,042 | mfu: 34.71 | epoch: 1 | eta: 0.4m
step 02191/02205 (99.37%) [ns3] | loss: 3.079988 | lrm: 0.01 | dt: 1718.59ms | tok/s: 305,069 | mfu: 34.82 | epoch: 1 | eta: 0.4m
step 02192/02205 (99.41%) [ns3] | loss: 3.079287 | lrm: 0.01 | dt: 1728.89ms | tok/s: 303,250 | mfu: 34.62 | epoch: 1 | eta: 0.4m
step 02193/02205 (99.46%) [ns3] | loss: 3.071927 | lrm: 0.01 | dt: 1719.70ms | tok/s: 304,870 | mfu: 34.80 | epoch: 1 | eta: 0.3m
step 02194/02205 (99.50%) [ns3] | loss: 3.073178 | lrm: 0.01 | dt: 1720.17ms | tok/s: 304,789 | mfu: 34.79 | epoch: 1 | eta: 0.3m
step 02195/02205 (99.55%) [ns3] | loss: 3.061918 | lrm: 0.01 | dt: 1718.52ms | tok/s: 305,080 | mfu: 34.83 | epoch: 1 | eta: 0.3m
step 02196/02205 (99.59%) [ns3] | loss: 3.069172 | lrm: 0.01 | dt: 1724.52ms | tok/s: 304,020 | mfu: 34.70 | epoch: 1 | eta: 0.3m
step 02197/02205 (99.64%) [ns3] | loss: 3.065275 | lrm: 0.01 | dt: 1718.02ms | tok/s: 305,169 | mfu: 34.84 | epoch: 1 | eta: 0.2m
step 02198/02205 (99.68%) [ns3] | loss: 3.076380 | lrm: 0.01 | dt: 1722.89ms | tok/s: 304,306 | mfu: 34.74 | epoch: 1 | eta: 0.2m
step 02199/02205 (99.73%) [ns3] | loss: 3.084441 | lrm: 0.01 | dt: 1722.20ms | tok/s: 304,429 | mfu: 34.75 | epoch: 1 | eta: 0.2m
step 02200/02205 (99.77%) [ns3] | loss: 3.085478 | lrm: 0.00 | dt: 1721.77ms | tok/s: 304,504 | mfu: 34.76 | epoch: 1 | eta: 0.1m
step 02201/02205 (99.82%) [ns3] | loss: 3.087553 | lrm: 0.00 | dt: 1719.66ms | tok/s: 304,878 | mfu: 34.80 | epoch: 1 | eta: 0.1m
step 02202/02205 (99.86%) [ns3] | loss: 3.086425 | lrm: 0.00 | dt: 1716.45ms | tok/s: 305,449 | mfu: 34.87 | epoch: 1 | eta: 0.1m
step 02203/02205 (99.91%) [ns3] | loss: 3.091971 | lrm: 0.00 | dt: 1721.82ms | tok/s: 304,496 | mfu: 34.76 | epoch: 1 | eta: 0.1m
step 02204/02205 (99.95%) [ns3] | loss: 3.084801 | lrm: 0.00 | dt: 1720.83ms | tok/s: 304,671 | mfu: 34.78 | epoch: 1 | eta: 0.0m
Step 02205 | val bpb: 0.904343
Evaluating: hellaswag_zeroshot (0-shot, type: multiple_choice)... accuracy: 0.3420 | centered: 0.1227 | time: 4.62s
Evaluating: jeopardy (10-shot, type: language_modeling)... accuracy: 0.0060 | centered: 0.0060 | time: 4.63s
Evaluating: bigbench_qa_wikidata (10-shot, type: language_modeling)... accuracy: 0.3580 | centered: 0.3580 | time: 4.49s
Evaluating: arc_easy (10-shot, type: multiple_choice)... accuracy: 0.5520 | centered: 0.4027 | time: 5.54s
Evaluating: arc_challenge (10-shot, type: multiple_choice)... accuracy: 0.2800 | centered: 0.0400 | time: 5.68s
Evaluating: copa (0-shot, type: multiple_choice)... accuracy: 0.6400 | centered: 0.2800 | time: 0.86s
Evaluating: commonsense_qa (10-shot, type: multiple_choice)... accuracy: 0.3800 | centered: 0.2250 | time: 5.82s
Evaluating: piqa (10-shot, type: multiple_choice)... accuracy: 0.6180 | centered: 0.2360 | time: 5.03s
Evaluating: openbook_qa (0-shot, type: multiple_choice)... accuracy: 0.2940 | centered: 0.0587 | time: 4.33s
Evaluating: lambada_openai (0-shot, type: language_modeling)... accuracy: 0.2800 | centered: 0.2800 | time: 4.41s
Evaluating: hellaswag (10-shot, type: multiple_choice)... accuracy: 0.3380 | centered: 0.1173 | time: 7.27s
Evaluating: winograd (0-shot, type: schema)... accuracy: 0.5714 | centered: 0.1429 | time: 2.32s
Evaluating: winogrande (0-shot, type: schema)... accuracy: 0.5180 | centered: 0.0360 | time: 4.24s
Evaluating: bigbench_dyck_languages (10-shot, type: language_modeling)... accuracy: 0.0680 | centered: 0.0680 | time: 4.97s
Evaluating: agi_eval_lsat_ar (3-shot, type: multiple_choice)... accuracy: 0.2478 | centered: 0.0598 | time: 3.23s
Evaluating: bigbench_cs_algorithms (10-shot, type: language_modeling)... accuracy: 0.4180 | centered: 0.4180 | time: 4.81s
Evaluating: bigbench_operators (10-shot, type: language_modeling)... accuracy: 0.1190 | centered: 0.1190 | time: 2.01s
Evaluating: bigbench_repeat_copy_logic (10-shot, type: language_modeling)... accuracy: 0.0312 | centered: 0.0312 | time: 0.31s
Evaluating: squad (10-shot, type: language_modeling)... accuracy: 0.0960 | centered: 0.0960 | time: 6.43s
Evaluating: coqa (0-shot, type: language_modeling)... accuracy: 0.1240 | centered: 0.1240 | time: 4.83s
Evaluating: boolq (10-shot, type: multiple_choice)... accuracy: 0.5580 | centered: -0.1632 | time: 7.14s
Evaluating: bigbench_language_identification (10-shot, type: multiple_choice)... accuracy: 0.2540 | centered: 0.1793 | time: 9.82s
Step 02205 | CORE metric: 0.1472
<|bos|>The capital of France is Paris. It is the capital of the department of France. It is the capital
<|bos|>The chemical symbol of gold is the gold standard. The gold standard is the standard used by the United States government
<|bos|>If yesterday was Friday, then tomorrow will be Friday. The first day of the week is Friday, and the second day is
<|bos|>If 5*x + 3 = 13, then x is 5. If 5*x + 3 = 13, then
Peak memory: 38394.46MiB
Total training time: 62.68m
Min val bpb: 0.904343
========================================
[ns3] Job completed at: Thu Apr 23 21:28:57 EDT 2026
========================================
