========================================
Job ID: 725990
Node: andreas-h100-1
GPUs: 2
Mode: ns3_ftrl_eta0p1 (2 GPU)
Start Time: Fri Apr 24 18:05:52 EDT 2026
========================================
Fri Apr 24 18:05:52 2026       
+-----------------------------------------------------------------------------------------+
| NVIDIA-SMI 575.57.08              Driver Version: 575.57.08      CUDA Version: 12.9     |
|-----------------------------------------+------------------------+----------------------+
| GPU  Name                 Persistence-M | Bus-Id          Disp.A | Volatile Uncorr. ECC |
| Fan  Temp   Perf          Pwr:Usage/Cap |           Memory-Usage | GPU-Util  Compute M. |
|                                         |                        |               MIG M. |
|=========================================+========================+======================|
|   0  NVIDIA H100 NVL                On  |   00000000:41:00.0 Off |                    0 |
| N/A   44C    P0             66W /  400W |       0MiB /  95830MiB |      0%      Default |
|                                         |                        |             Disabled |
+-----------------------------------------+------------------------+----------------------+
|   1  NVIDIA H100 NVL                On  |   00000000:A1:00.0 Off |                    0 |
| N/A   52C    P0             68W /  400W |       0MiB /  95830MiB |      0%      Default |
|                                         |                        |             Disabled |
+-----------------------------------------+------------------------+----------------------+
                                                                                         
+-----------------------------------------------------------------------------------------+
| Processes:                                                                              |
|  GPU   GI   CI              PID   Type   Process name                        GPU Memory |
|        ID   ID                                                               Usage      |
|=========================================================================================|
|  No running processes found                                                             |
+-----------------------------------------------------------------------------------------+

                                                       █████                █████
                                                      ░░███                ░░███
     ████████    ██████   ████████    ██████   ██████  ░███████    ██████  ███████
    ░░███░░███  ░░░░░███ ░░███░░███  ███░░███ ███░░███ ░███░░███  ░░░░░███░░░███░
     ░███ ░███   ███████  ░███ ░███ ░███ ░███░███ ░░░  ░███ ░███   ███████  ░███
     ░███ ░███  ███░░███  ░███ ░███ ░███ ░███░███  ███ ░███ ░███  ███░░███  ░███ ███
     ████ █████░░████████ ████ █████░░██████ ░░██████  ████ █████░░███████  ░░█████
    ░░░░ ░░░░░  ░░░░░░░░ ░░░░ ░░░░░  ░░░░░░   ░░░░░░  ░░░░ ░░░░░  ░░░░░░░░   ░░░░░
    
Update mode: ns3_ftrl_eta0p1
Autodetected device type: cuda
GPU: NVIDIA H100 NVL | Peak FLOPS (BF16): 8.35e+14
✓ Using Flash Attention 3 (Hopper GPU detected)
Vocab size: 65,536
Model config:
{
  "sequence_len": 2048,
  "vocab_size": 65536,
  "n_layer": 12,
  "n_head": 6,
  "n_kv_head": 6,
  "n_embd": 768,
  "window_pattern": "SSSL"
}
Parameter counts:
wte                     : 50,331,648
value_embeds            : 301,989,888
lm_head                 : 50,331,648
transformer_matrices    : 84,935,808
scalars                 : 24
total                   : 487,589,016
Auto-computed optimal batch size: 524,288 tokens
dmodel_lr_scale: 1.000000
Using user-provided number of iterations: 2,205
Total training tokens: 1,156,055,040
Tokens:Scaling params ratio: 8.55
Total FLOPs estimate: 1.101908e+18
Grad accum steps: 4
Step 00000 | val bpb: 3.251830
step 00000/02205 (0.00%) [ns3_ftrl_eta0p1] | loss: 11.089952 | lrm: 1.00 | dt: 35760.89ms | tok/s: 14,660 | mfu: 0.84 | epoch: 1
step 00001/02205 (0.05%) [ns3_ftrl_eta0p1] | loss: 10.849559 | lrm: 1.00 | dt: 834.90ms | tok/s: 627,961 | mfu: 35.84 | epoch: 1
step 00002/02205 (0.09%) [ns3_ftrl_eta0p1] | loss: 10.245058 | lrm: 1.00 | dt: 847.35ms | tok/s: 618,738 | mfu: 35.31 | epoch: 1
step 00003/02205 (0.14%) [ns3_ftrl_eta0p1] | loss: 9.604110 | lrm: 1.00 | dt: 841.83ms | tok/s: 622,795 | mfu: 35.55 | epoch: 1
step 00004/02205 (0.18%) [ns3_ftrl_eta0p1] | loss: 9.033724 | lrm: 1.00 | dt: 836.73ms | tok/s: 626,592 | mfu: 35.76 | epoch: 1
step 00005/02205 (0.23%) [ns3_ftrl_eta0p1] | loss: 8.601887 | lrm: 1.00 | dt: 846.14ms | tok/s: 619,621 | mfu: 35.37 | epoch: 1
step 00006/02205 (0.27%) [ns3_ftrl_eta0p1] | loss: 8.270497 | lrm: 1.00 | dt: 855.11ms | tok/s: 613,124 | mfu: 34.99 | epoch: 1
step 00007/02205 (0.32%) [ns3_ftrl_eta0p1] | loss: 7.994788 | lrm: 1.00 | dt: 856.39ms | tok/s: 612,207 | mfu: 34.94 | epoch: 1
step 00008/02205 (0.36%) [ns3_ftrl_eta0p1] | loss: 7.776216 | lrm: 1.00 | dt: 839.61ms | tok/s: 624,443 | mfu: 35.64 | epoch: 1
step 00009/02205 (0.41%) [ns3_ftrl_eta0p1] | loss: 7.587664 | lrm: 1.00 | dt: 859.15ms | tok/s: 610,239 | mfu: 34.83 | epoch: 1
step 00010/02205 (0.45%) [ns3_ftrl_eta0p1] | loss: 7.427398 | lrm: 1.00 | dt: 851.85ms | tok/s: 615,467 | mfu: 35.13 | epoch: 1
step 00011/02205 (0.50%) [ns3_ftrl_eta0p1] | loss: 7.275381 | lrm: 1.00 | dt: 863.94ms | tok/s: 606,854 | mfu: 34.64 | epoch: 1 | eta: 31.6m
step 00012/02205 (0.54%) [ns3_ftrl_eta0p1] | loss: 7.166056 | lrm: 1.00 | dt: 842.09ms | tok/s: 622,603 | mfu: 35.54 | epoch: 1 | eta: 31.2m
step 00013/02205 (0.59%) [ns3_ftrl_eta0p1] | loss: 7.050738 | lrm: 1.00 | dt: 854.88ms | tok/s: 613,285 | mfu: 35.00 | epoch: 1 | eta: 31.2m
step 00014/02205 (0.63%) [ns3_ftrl_eta0p1] | loss: 6.954226 | lrm: 1.00 | dt: 879.75ms | tok/s: 595,949 | mfu: 34.01 | epoch: 1 | eta: 31.4m
step 00015/02205 (0.68%) [ns3_ftrl_eta0p1] | loss: 6.866556 | lrm: 1.00 | dt: 862.68ms | tok/s: 607,741 | mfu: 34.69 | epoch: 1 | eta: 31.4m
step 00016/02205 (0.73%) [ns3_ftrl_eta0p1] | loss: 6.791396 | lrm: 1.00 | dt: 838.91ms | tok/s: 624,962 | mfu: 35.67 | epoch: 1 | eta: 31.3m
step 00017/02205 (0.77%) [ns3_ftrl_eta0p1] | loss: 6.721269 | lrm: 1.00 | dt: 872.36ms | tok/s: 600,998 | mfu: 34.30 | epoch: 1 | eta: 31.3m
step 00018/02205 (0.82%) [ns3_ftrl_eta0p1] | loss: 6.651168 | lrm: 1.00 | dt: 861.42ms | tok/s: 608,634 | mfu: 34.74 | epoch: 1 | eta: 31.3m
step 00019/02205 (0.86%) [ns3_ftrl_eta0p1] | loss: 6.582764 | lrm: 1.00 | dt: 848.79ms | tok/s: 617,689 | mfu: 35.25 | epoch: 1 | eta: 31.3m
step 00020/02205 (0.91%) [ns3_ftrl_eta0p1] | loss: 6.536465 | lrm: 1.00 | dt: 850.31ms | tok/s: 616,581 | mfu: 35.19 | epoch: 1 | eta: 31.2m
step 00021/02205 (0.95%) [ns3_ftrl_eta0p1] | loss: 6.485134 | lrm: 1.00 | dt: 859.49ms | tok/s: 609,996 | mfu: 34.82 | epoch: 1 | eta: 31.2m
step 00022/02205 (1.00%) [ns3_ftrl_eta0p1] | loss: 6.434979 | lrm: 1.00 | dt: 850.44ms | tok/s: 616,493 | mfu: 35.19 | epoch: 1 | eta: 31.2m
step 00023/02205 (1.04%) [ns3_ftrl_eta0p1] | loss: 6.382253 | lrm: 1.00 | dt: 864.15ms | tok/s: 606,709 | mfu: 34.63 | epoch: 1 | eta: 31.2m
step 00024/02205 (1.09%) [ns3_ftrl_eta0p1] | loss: 6.334760 | lrm: 1.00 | dt: 852.30ms | tok/s: 615,141 | mfu: 35.11 | epoch: 1 | eta: 31.2m
step 00025/02205 (1.13%) [ns3_ftrl_eta0p1] | loss: 6.293734 | lrm: 1.00 | dt: 871.31ms | tok/s: 601,720 | mfu: 34.34 | epoch: 1 | eta: 31.2m
step 00026/02205 (1.18%) [ns3_ftrl_eta0p1] | loss: 6.254281 | lrm: 1.00 | dt: 865.26ms | tok/s: 605,934 | mfu: 34.58 | epoch: 1 | eta: 31.2m
step 00027/02205 (1.22%) [ns3_ftrl_eta0p1] | loss: 6.219679 | lrm: 1.00 | dt: 864.37ms | tok/s: 606,552 | mfu: 34.62 | epoch: 1 | eta: 31.2m
step 00028/02205 (1.27%) [ns3_ftrl_eta0p1] | loss: 6.184705 | lrm: 1.00 | dt: 842.31ms | tok/s: 622,443 | mfu: 35.53 | epoch: 1 | eta: 31.1m
step 00029/02205 (1.32%) [ns3_ftrl_eta0p1] | loss: 6.146295 | lrm: 1.00 | dt: 874.01ms | tok/s: 599,864 | mfu: 34.24 | epoch: 1 | eta: 31.1m
step 00030/02205 (1.36%) [ns3_ftrl_eta0p1] | loss: 6.110302 | lrm: 1.00 | dt: 858.53ms | tok/s: 610,681 | mfu: 34.85 | epoch: 1 | eta: 31.1m
step 00031/02205 (1.41%) [ns3_ftrl_eta0p1] | loss: 6.074620 | lrm: 1.00 | dt: 848.34ms | tok/s: 618,014 | mfu: 35.27 | epoch: 1 | eta: 31.1m
step 00032/02205 (1.45%) [ns3_ftrl_eta0p1] | loss: 6.041201 | lrm: 1.00 | dt: 859.07ms | tok/s: 610,296 | mfu: 34.83 | epoch: 1 | eta: 31.1m
step 00033/02205 (1.50%) [ns3_ftrl_eta0p1] | loss: 6.009882 | lrm: 1.00 | dt: 854.28ms | tok/s: 613,721 | mfu: 35.03 | epoch: 1 | eta: 31.1m
step 00034/02205 (1.54%) [ns3_ftrl_eta0p1] | loss: 5.983776 | lrm: 1.00 | dt: 857.29ms | tok/s: 611,567 | mfu: 34.91 | epoch: 1 | eta: 31.1m
step 00035/02205 (1.59%) [ns3_ftrl_eta0p1] | loss: 5.949497 | lrm: 1.00 | dt: 874.42ms | tok/s: 599,580 | mfu: 34.22 | epoch: 1 | eta: 31.1m
step 00036/02205 (1.63%) [ns3_ftrl_eta0p1] | loss: 5.910561 | lrm: 1.00 | dt: 865.32ms | tok/s: 605,890 | mfu: 34.58 | epoch: 1 | eta: 31.1m
step 00037/02205 (1.68%) [ns3_ftrl_eta0p1] | loss: 5.883028 | lrm: 1.00 | dt: 850.92ms | tok/s: 616,142 | mfu: 35.17 | epoch: 1 | eta: 31.0m
step 00038/02205 (1.72%) [ns3_ftrl_eta0p1] | loss: 5.852216 | lrm: 1.00 | dt: 877.74ms | tok/s: 597,313 | mfu: 34.09 | epoch: 1 | eta: 31.0m
step 00039/02205 (1.77%) [ns3_ftrl_eta0p1] | loss: 5.826783 | lrm: 1.00 | dt: 864.01ms | tok/s: 606,806 | mfu: 34.63 | epoch: 1 | eta: 31.0m
step 00040/02205 (1.81%) [ns3_ftrl_eta0p1] | loss: 5.807794 | lrm: 1.00 | dt: 853.50ms | tok/s: 614,279 | mfu: 35.06 | epoch: 1 | eta: 31.0m
step 00041/02205 (1.86%) [ns3_ftrl_eta0p1] | loss: 5.789609 | lrm: 1.00 | dt: 868.73ms | tok/s: 603,507 | mfu: 34.45 | epoch: 1 | eta: 31.0m
step 00042/02205 (1.90%) [ns3_ftrl_eta0p1] | loss: 5.767332 | lrm: 1.00 | dt: 873.29ms | tok/s: 600,356 | mfu: 34.27 | epoch: 1 | eta: 31.0m
step 00043/02205 (1.95%) [ns3_ftrl_eta0p1] | loss: 5.744653 | lrm: 1.00 | dt: 882.21ms | tok/s: 594,288 | mfu: 33.92 | epoch: 1 | eta: 31.0m
step 00044/02205 (2.00%) [ns3_ftrl_eta0p1] | loss: 5.717441 | lrm: 1.00 | dt: 856.26ms | tok/s: 612,299 | mfu: 34.95 | epoch: 1 | eta: 31.0m
step 00045/02205 (2.04%) [ns3_ftrl_eta0p1] | loss: 5.701771 | lrm: 1.00 | dt: 861.09ms | tok/s: 608,865 | mfu: 34.75 | epoch: 1 | eta: 31.0m
step 00046/02205 (2.09%) [ns3_ftrl_eta0p1] | loss: 5.670877 | lrm: 1.00 | dt: 861.17ms | tok/s: 608,808 | mfu: 34.75 | epoch: 1 | eta: 31.0m
step 00047/02205 (2.13%) [ns3_ftrl_eta0p1] | loss: 5.644128 | lrm: 1.00 | dt: 860.77ms | tok/s: 609,090 | mfu: 34.76 | epoch: 1 | eta: 31.0m
step 00048/02205 (2.18%) [ns3_ftrl_eta0p1] | loss: 5.616275 | lrm: 1.00 | dt: 857.40ms | tok/s: 611,482 | mfu: 34.90 | epoch: 1 | eta: 30.9m
step 00049/02205 (2.22%) [ns3_ftrl_eta0p1] | loss: 5.592207 | lrm: 1.00 | dt: 861.22ms | tok/s: 608,775 | mfu: 34.75 | epoch: 1 | eta: 30.9m
step 00050/02205 (2.27%) [ns3_ftrl_eta0p1] | loss: 5.578437 | lrm: 1.00 | dt: 866.15ms | tok/s: 605,305 | mfu: 34.55 | epoch: 1 | eta: 30.9m
step 00051/02205 (2.31%) [ns3_ftrl_eta0p1] | loss: 5.557548 | lrm: 1.00 | dt: 866.40ms | tok/s: 605,131 | mfu: 34.54 | epoch: 1 | eta: 30.9m
step 00052/02205 (2.36%) [ns3_ftrl_eta0p1] | loss: 5.534499 | lrm: 1.00 | dt: 864.76ms | tok/s: 606,284 | mfu: 34.60 | epoch: 1 | eta: 30.9m
step 00053/02205 (2.40%) [ns3_ftrl_eta0p1] | loss: 5.513542 | lrm: 1.00 | dt: 868.66ms | tok/s: 603,559 | mfu: 34.45 | epoch: 1 | eta: 30.9m
step 00054/02205 (2.45%) [ns3_ftrl_eta0p1] | loss: 5.488138 | lrm: 1.00 | dt: 865.70ms | tok/s: 605,620 | mfu: 34.57 | epoch: 1 | eta: 30.9m
step 00055/02205 (2.49%) [ns3_ftrl_eta0p1] | loss: 5.469267 | lrm: 1.00 | dt: 859.99ms | tok/s: 609,644 | mfu: 34.80 | epoch: 1 | eta: 30.9m
step 00056/02205 (2.54%) [ns3_ftrl_eta0p1] | loss: 5.443249 | lrm: 1.00 | dt: 868.65ms | tok/s: 603,567 | mfu: 34.45 | epoch: 1 | eta: 30.9m
step 00057/02205 (2.59%) [ns3_ftrl_eta0p1] | loss: 5.418991 | lrm: 1.00 | dt: 868.38ms | tok/s: 603,756 | mfu: 34.46 | epoch: 1 | eta: 30.8m
step 00058/02205 (2.63%) [ns3_ftrl_eta0p1] | loss: 5.406748 | lrm: 1.00 | dt: 863.83ms | tok/s: 606,932 | mfu: 34.64 | epoch: 1 | eta: 30.8m
step 00059/02205 (2.68%) [ns3_ftrl_eta0p1] | loss: 5.381789 | lrm: 1.00 | dt: 867.18ms | tok/s: 604,592 | mfu: 34.51 | epoch: 1 | eta: 30.8m
step 00060/02205 (2.72%) [ns3_ftrl_eta0p1] | loss: 5.360013 | lrm: 1.00 | dt: 869.83ms | tok/s: 602,746 | mfu: 34.40 | epoch: 1 | eta: 30.8m
step 00061/02205 (2.77%) [ns3_ftrl_eta0p1] | loss: 5.340558 | lrm: 1.00 | dt: 872.74ms | tok/s: 600,736 | mfu: 34.29 | epoch: 1 | eta: 30.8m
step 00062/02205 (2.81%) [ns3_ftrl_eta0p1] | loss: 5.336363 | lrm: 1.00 | dt: 868.41ms | tok/s: 603,736 | mfu: 34.46 | epoch: 1 | eta: 30.8m
step 00063/02205 (2.86%) [ns3_ftrl_eta0p1] | loss: 5.314545 | lrm: 1.00 | dt: 861.01ms | tok/s: 608,923 | mfu: 34.75 | epoch: 1 | eta: 30.8m
step 00064/02205 (2.90%) [ns3_ftrl_eta0p1] | loss: 5.297201 | lrm: 1.00 | dt: 874.21ms | tok/s: 599,728 | mfu: 34.23 | epoch: 1 | eta: 30.8m
step 00065/02205 (2.95%) [ns3_ftrl_eta0p1] | loss: 5.268103 | lrm: 1.00 | dt: 878.46ms | tok/s: 596,825 | mfu: 34.06 | epoch: 1 | eta: 30.8m
step 00066/02205 (2.99%) [ns3_ftrl_eta0p1] | loss: 5.251487 | lrm: 1.00 | dt: 873.40ms | tok/s: 600,284 | mfu: 34.26 | epoch: 1 | eta: 30.8m
step 00067/02205 (3.04%) [ns3_ftrl_eta0p1] | loss: 5.246861 | lrm: 1.00 | dt: 871.90ms | tok/s: 601,320 | mfu: 34.32 | epoch: 1 | eta: 30.8m
step 00068/02205 (3.08%) [ns3_ftrl_eta0p1] | loss: 5.219371 | lrm: 1.00 | dt: 866.36ms | tok/s: 605,161 | mfu: 34.54 | epoch: 1 | eta: 30.7m
step 00069/02205 (3.13%) [ns3_ftrl_eta0p1] | loss: 5.204428 | lrm: 1.00 | dt: 880.64ms | tok/s: 595,346 | mfu: 33.98 | epoch: 1 | eta: 30.7m
step 00070/02205 (3.17%) [ns3_ftrl_eta0p1] | loss: 5.181772 | lrm: 1.00 | dt: 861.30ms | tok/s: 608,718 | mfu: 34.74 | epoch: 1 | eta: 30.7m
step 00071/02205 (3.22%) [ns3_ftrl_eta0p1] | loss: 5.166534 | lrm: 1.00 | dt: 887.55ms | tok/s: 590,716 | mfu: 33.72 | epoch: 1 | eta: 30.7m
step 00072/02205 (3.27%) [ns3_ftrl_eta0p1] | loss: 5.147129 | lrm: 1.00 | dt: 884.68ms | tok/s: 592,631 | mfu: 33.82 | epoch: 1 | eta: 30.7m
step 00073/02205 (3.31%) [ns3_ftrl_eta0p1] | loss: 5.144094 | lrm: 1.00 | dt: 875.12ms | tok/s: 599,102 | mfu: 34.19 | epoch: 1 | eta: 30.7m
step 00074/02205 (3.36%) [ns3_ftrl_eta0p1] | loss: 5.124508 | lrm: 1.00 | dt: 880.46ms | tok/s: 595,467 | mfu: 33.99 | epoch: 1 | eta: 30.7m
step 00075/02205 (3.40%) [ns3_ftrl_eta0p1] | loss: 5.101918 | lrm: 1.00 | dt: 883.22ms | tok/s: 593,611 | mfu: 33.88 | epoch: 1 | eta: 30.7m
step 00076/02205 (3.45%) [ns3_ftrl_eta0p1] | loss: 5.086033 | lrm: 1.00 | dt: 879.73ms | tok/s: 595,961 | mfu: 34.01 | epoch: 1 | eta: 30.7m
step 00077/02205 (3.49%) [ns3_ftrl_eta0p1] | loss: 5.071465 | lrm: 1.00 | dt: 878.09ms | tok/s: 597,077 | mfu: 34.08 | epoch: 1 | eta: 30.7m
step 00078/02205 (3.54%) [ns3_ftrl_eta0p1] | loss: 5.051498 | lrm: 1.00 | dt: 876.55ms | tok/s: 598,124 | mfu: 34.14 | epoch: 1 | eta: 30.7m
step 00079/02205 (3.58%) [ns3_ftrl_eta0p1] | loss: 5.034558 | lrm: 1.00 | dt: 885.75ms | tok/s: 591,913 | mfu: 33.78 | epoch: 1 | eta: 30.7m
step 00080/02205 (3.63%) [ns3_ftrl_eta0p1] | loss: 5.023175 | lrm: 1.00 | dt: 877.23ms | tok/s: 597,665 | mfu: 34.11 | epoch: 1 | eta: 30.7m
step 00081/02205 (3.67%) [ns3_ftrl_eta0p1] | loss: 5.005489 | lrm: 1.00 | dt: 876.83ms | tok/s: 597,933 | mfu: 34.13 | epoch: 1 | eta: 30.7m
step 00082/02205 (3.72%) [ns3_ftrl_eta0p1] | loss: 4.996589 | lrm: 1.00 | dt: 885.29ms | tok/s: 592,219 | mfu: 33.80 | epoch: 1 | eta: 30.7m
step 00083/02205 (3.76%) [ns3_ftrl_eta0p1] | loss: 4.978779 | lrm: 1.00 | dt: 886.69ms | tok/s: 591,289 | mfu: 33.75 | epoch: 1 | eta: 30.6m
step 00084/02205 (3.81%) [ns3_ftrl_eta0p1] | loss: 4.958693 | lrm: 1.00 | dt: 875.70ms | tok/s: 598,704 | mfu: 34.17 | epoch: 1 | eta: 30.6m
step 00085/02205 (3.85%) [ns3_ftrl_eta0p1] | loss: 4.935327 | lrm: 1.00 | dt: 880.73ms | tok/s: 595,288 | mfu: 33.98 | epoch: 1 | eta: 30.6m
step 00086/02205 (3.90%) [ns3_ftrl_eta0p1] | loss: 4.921096 | lrm: 1.00 | dt: 879.98ms | tok/s: 595,798 | mfu: 34.01 | epoch: 1 | eta: 30.6m
step 00087/02205 (3.95%) [ns3_ftrl_eta0p1] | loss: 4.903751 | lrm: 1.00 | dt: 880.76ms | tok/s: 595,270 | mfu: 33.98 | epoch: 1 | eta: 30.6m
step 00088/02205 (3.99%) [ns3_ftrl_eta0p1] | loss: 4.893853 | lrm: 1.00 | dt: 881.88ms | tok/s: 594,512 | mfu: 33.93 | epoch: 1 | eta: 30.6m
step 00089/02205 (4.04%) [ns3_ftrl_eta0p1] | loss: 4.886210 | lrm: 1.00 | dt: 885.54ms | tok/s: 592,052 | mfu: 33.79 | epoch: 1 | eta: 30.6m
step 00090/02205 (4.08%) [ns3_ftrl_eta0p1] | loss: 4.867246 | lrm: 1.00 | dt: 885.46ms | tok/s: 592,109 | mfu: 33.80 | epoch: 1 | eta: 30.6m
step 00091/02205 (4.13%) [ns3_ftrl_eta0p1] | loss: 4.846724 | lrm: 1.00 | dt: 883.02ms | tok/s: 593,741 | mfu: 33.89 | epoch: 1 | eta: 30.6m
step 00092/02205 (4.17%) [ns3_ftrl_eta0p1] | loss: 4.833709 | lrm: 1.00 | dt: 875.44ms | tok/s: 598,886 | mfu: 34.18 | epoch: 1 | eta: 30.6m
step 00093/02205 (4.22%) [ns3_ftrl_eta0p1] | loss: 4.821203 | lrm: 1.00 | dt: 883.89ms | tok/s: 593,157 | mfu: 33.85 | epoch: 1 | eta: 30.6m
step 00094/02205 (4.26%) [ns3_ftrl_eta0p1] | loss: 4.814215 | lrm: 1.00 | dt: 892.69ms | tok/s: 587,310 | mfu: 33.52 | epoch: 1 | eta: 30.6m
step 00095/02205 (4.31%) [ns3_ftrl_eta0p1] | loss: 4.800564 | lrm: 1.00 | dt: 891.63ms | tok/s: 588,009 | mfu: 33.56 | epoch: 1 | eta: 30.6m
step 00096/02205 (4.35%) [ns3_ftrl_eta0p1] | loss: 4.796283 | lrm: 1.00 | dt: 893.64ms | tok/s: 586,685 | mfu: 33.49 | epoch: 1 | eta: 30.6m
step 00097/02205 (4.40%) [ns3_ftrl_eta0p1] | loss: 4.791782 | lrm: 1.00 | dt: 886.36ms | tok/s: 591,507 | mfu: 33.76 | epoch: 1 | eta: 30.5m
step 00098/02205 (4.44%) [ns3_ftrl_eta0p1] | loss: 4.776181 | lrm: 1.00 | dt: 883.91ms | tok/s: 593,147 | mfu: 33.85 | epoch: 1 | eta: 30.5m
step 00099/02205 (4.49%) [ns3_ftrl_eta0p1] | loss: 4.766750 | lrm: 1.00 | dt: 876.54ms | tok/s: 598,131 | mfu: 34.14 | epoch: 1 | eta: 30.5m
step 00100/02205 (4.54%) [ns3_ftrl_eta0p1] | loss: 4.756213 | lrm: 1.00 | dt: 882.15ms | tok/s: 594,329 | mfu: 33.92 | epoch: 1 | eta: 30.5m
step 00101/02205 (4.58%) [ns3_ftrl_eta0p1] | loss: 4.755887 | lrm: 1.00 | dt: 885.20ms | tok/s: 592,279 | mfu: 33.80 | epoch: 1 | eta: 30.5m
step 00102/02205 (4.63%) [ns3_ftrl_eta0p1] | loss: 4.752864 | lrm: 1.00 | dt: 888.99ms | tok/s: 589,754 | mfu: 33.66 | epoch: 1 | eta: 30.5m
step 00103/02205 (4.67%) [ns3_ftrl_eta0p1] | loss: 4.746773 | lrm: 1.00 | dt: 886.47ms | tok/s: 591,435 | mfu: 33.76 | epoch: 1 | eta: 30.5m
step 00104/02205 (4.72%) [ns3_ftrl_eta0p1] | loss: 4.732931 | lrm: 1.00 | dt: 885.27ms | tok/s: 592,233 | mfu: 33.80 | epoch: 1 | eta: 30.5m
step 00105/02205 (4.76%) [ns3_ftrl_eta0p1] | loss: 4.713032 | lrm: 1.00 | dt: 884.26ms | tok/s: 592,912 | mfu: 33.84 | epoch: 1 | eta: 30.5m
step 00106/02205 (4.81%) [ns3_ftrl_eta0p1] | loss: 4.711409 | lrm: 1.00 | dt: 881.84ms | tok/s: 594,535 | mfu: 33.93 | epoch: 1 | eta: 30.5m
step 00107/02205 (4.85%) [ns3_ftrl_eta0p1] | loss: 4.706184 | lrm: 1.00 | dt: 887.37ms | tok/s: 590,833 | mfu: 33.72 | epoch: 1 | eta: 30.5m
step 00108/02205 (4.90%) [ns3_ftrl_eta0p1] | loss: 4.693122 | lrm: 1.00 | dt: 885.65ms | tok/s: 591,979 | mfu: 33.79 | epoch: 1 | eta: 30.4m
step 00109/02205 (4.94%) [ns3_ftrl_eta0p1] | loss: 4.689620 | lrm: 1.00 | dt: 888.67ms | tok/s: 589,967 | mfu: 33.67 | epoch: 1 | eta: 30.4m
step 00110/02205 (4.99%) [ns3_ftrl_eta0p1] | loss: 4.676388 | lrm: 1.00 | dt: 891.98ms | tok/s: 587,783 | mfu: 33.55 | epoch: 1 | eta: 30.4m
step 00111/02205 (5.03%) [ns3_ftrl_eta0p1] | loss: 4.662335 | lrm: 1.00 | dt: 896.17ms | tok/s: 585,034 | mfu: 33.39 | epoch: 1 | eta: 30.4m
step 00112/02205 (5.08%) [ns3_ftrl_eta0p1] | loss: 4.652235 | lrm: 1.00 | dt: 883.28ms | tok/s: 593,572 | mfu: 33.88 | epoch: 1 | eta: 30.4m
step 00113/02205 (5.12%) [ns3_ftrl_eta0p1] | loss: 4.645310 | lrm: 1.00 | dt: 892.48ms | tok/s: 587,449 | mfu: 33.53 | epoch: 1 | eta: 30.4m
step 00114/02205 (5.17%) [ns3_ftrl_eta0p1] | loss: 4.630964 | lrm: 1.00 | dt: 896.27ms | tok/s: 584,967 | mfu: 33.39 | epoch: 1 | eta: 30.4m
step 00115/02205 (5.22%) [ns3_ftrl_eta0p1] | loss: 4.626865 | lrm: 1.00 | dt: 894.40ms | tok/s: 586,186 | mfu: 33.46 | epoch: 1 | eta: 30.4m
step 00116/02205 (5.26%) [ns3_ftrl_eta0p1] | loss: 4.619051 | lrm: 1.00 | dt: 895.03ms | tok/s: 585,778 | mfu: 33.43 | epoch: 1 | eta: 30.4m
step 00117/02205 (5.31%) [ns3_ftrl_eta0p1] | loss: 4.609245 | lrm: 1.00 | dt: 891.81ms | tok/s: 587,889 | mfu: 33.55 | epoch: 1 | eta: 30.4m
step 00118/02205 (5.35%) [ns3_ftrl_eta0p1] | loss: 4.600561 | lrm: 1.00 | dt: 891.06ms | tok/s: 588,389 | mfu: 33.58 | epoch: 1 | eta: 30.4m
step 00119/02205 (5.40%) [ns3_ftrl_eta0p1] | loss: 4.590268 | lrm: 1.00 | dt: 891.64ms | tok/s: 588,004 | mfu: 33.56 | epoch: 1 | eta: 30.4m
step 00120/02205 (5.44%) [ns3_ftrl_eta0p1] | loss: 4.568724 | lrm: 1.00 | dt: 893.82ms | tok/s: 586,569 | mfu: 33.48 | epoch: 1 | eta: 30.3m
step 00121/02205 (5.49%) [ns3_ftrl_eta0p1] | loss: 4.555753 | lrm: 1.00 | dt: 893.96ms | tok/s: 586,480 | mfu: 33.47 | epoch: 1 | eta: 30.3m
step 00122/02205 (5.53%) [ns3_ftrl_eta0p1] | loss: 4.544114 | lrm: 1.00 | dt: 893.72ms | tok/s: 586,636 | mfu: 33.48 | epoch: 1 | eta: 30.3m
step 00123/02205 (5.58%) [ns3_ftrl_eta0p1] | loss: 4.535938 | lrm: 1.00 | dt: 891.23ms | tok/s: 588,274 | mfu: 33.58 | epoch: 1 | eta: 30.3m
step 00124/02205 (5.62%) [ns3_ftrl_eta0p1] | loss: 4.529708 | lrm: 1.00 | dt: 891.43ms | tok/s: 588,144 | mfu: 33.57 | epoch: 1 | eta: 30.3m
step 00125/02205 (5.67%) [ns3_ftrl_eta0p1] | loss: 4.525061 | lrm: 1.00 | dt: 891.58ms | tok/s: 588,040 | mfu: 33.56 | epoch: 1 | eta: 30.3m
step 00126/02205 (5.71%) [ns3_ftrl_eta0p1] | loss: 4.527118 | lrm: 1.00 | dt: 894.32ms | tok/s: 586,241 | mfu: 33.46 | epoch: 1 | eta: 30.3m
step 00127/02205 (5.76%) [ns3_ftrl_eta0p1] | loss: 4.511291 | lrm: 1.00 | dt: 890.67ms | tok/s: 588,647 | mfu: 33.60 | epoch: 1 | eta: 30.3m
step 00128/02205 (5.80%) [ns3_ftrl_eta0p1] | loss: 4.504276 | lrm: 1.00 | dt: 890.68ms | tok/s: 588,639 | mfu: 33.60 | epoch: 1 | eta: 30.3m
step 00129/02205 (5.85%) [ns3_ftrl_eta0p1] | loss: 4.501256 | lrm: 1.00 | dt: 895.56ms | tok/s: 585,432 | mfu: 33.41 | epoch: 1 | eta: 30.3m
step 00130/02205 (5.90%) [ns3_ftrl_eta0p1] | loss: 4.488690 | lrm: 1.00 | dt: 893.33ms | tok/s: 586,889 | mfu: 33.50 | epoch: 1 | eta: 30.3m
step 00131/02205 (5.94%) [ns3_ftrl_eta0p1] | loss: 4.470660 | lrm: 1.00 | dt: 891.71ms | tok/s: 587,960 | mfu: 33.56 | epoch: 1 | eta: 30.2m
step 00132/02205 (5.99%) [ns3_ftrl_eta0p1] | loss: 4.461008 | lrm: 1.00 | dt: 894.71ms | tok/s: 585,987 | mfu: 33.45 | epoch: 1 | eta: 30.2m
step 00133/02205 (6.03%) [ns3_ftrl_eta0p1] | loss: 4.456484 | lrm: 1.00 | dt: 887.86ms | tok/s: 590,509 | mfu: 33.70 | epoch: 1 | eta: 30.2m
step 00134/02205 (6.08%) [ns3_ftrl_eta0p1] | loss: 4.440590 | lrm: 1.00 | dt: 893.43ms | tok/s: 586,823 | mfu: 33.49 | epoch: 1 | eta: 30.2m
step 00135/02205 (6.12%) [ns3_ftrl_eta0p1] | loss: 4.438063 | lrm: 1.00 | dt: 890.08ms | tok/s: 589,036 | mfu: 33.62 | epoch: 1 | eta: 30.2m
step 00136/02205 (6.17%) [ns3_ftrl_eta0p1] | loss: 4.431117 | lrm: 1.00 | dt: 893.76ms | tok/s: 586,607 | mfu: 33.48 | epoch: 1 | eta: 30.2m
step 00137/02205 (6.21%) [ns3_ftrl_eta0p1] | loss: 4.417355 | lrm: 1.00 | dt: 895.35ms | tok/s: 585,566 | mfu: 33.42 | epoch: 1 | eta: 30.2m
step 00138/02205 (6.26%) [ns3_ftrl_eta0p1] | loss: 4.404238 | lrm: 1.00 | dt: 885.59ms | tok/s: 592,022 | mfu: 33.79 | epoch: 1 | eta: 30.2m
step 00139/02205 (6.30%) [ns3_ftrl_eta0p1] | loss: 4.401535 | lrm: 1.00 | dt: 891.80ms | tok/s: 587,898 | mfu: 33.55 | epoch: 1 | eta: 30.2m
step 00140/02205 (6.35%) [ns3_ftrl_eta0p1] | loss: 4.393224 | lrm: 1.00 | dt: 894.27ms | tok/s: 586,272 | mfu: 33.46 | epoch: 1 | eta: 30.2m
step 00141/02205 (6.39%) [ns3_ftrl_eta0p1] | loss: 4.378245 | lrm: 1.00 | dt: 891.80ms | tok/s: 587,900 | mfu: 33.55 | epoch: 1 | eta: 30.1m
step 00142/02205 (6.44%) [ns3_ftrl_eta0p1] | loss: 4.368052 | lrm: 1.00 | dt: 894.05ms | tok/s: 586,416 | mfu: 33.47 | epoch: 1 | eta: 30.1m
step 00143/02205 (6.49%) [ns3_ftrl_eta0p1] | loss: 4.357703 | lrm: 1.00 | dt: 898.84ms | tok/s: 583,295 | mfu: 33.29 | epoch: 1 | eta: 30.1m
step 00144/02205 (6.53%) [ns3_ftrl_eta0p1] | loss: 4.349449 | lrm: 1.00 | dt: 888.96ms | tok/s: 589,774 | mfu: 33.66 | epoch: 1 | eta: 30.1m
step 00145/02205 (6.58%) [ns3_ftrl_eta0p1] | loss: 4.346063 | lrm: 1.00 | dt: 902.71ms | tok/s: 580,790 | mfu: 33.15 | epoch: 1 | eta: 30.1m
step 00146/02205 (6.62%) [ns3_ftrl_eta0p1] | loss: 4.341070 | lrm: 1.00 | dt: 887.84ms | tok/s: 590,521 | mfu: 33.70 | epoch: 1 | eta: 30.1m
step 00147/02205 (6.67%) [ns3_ftrl_eta0p1] | loss: 4.330496 | lrm: 1.00 | dt: 892.65ms | tok/s: 587,337 | mfu: 33.52 | epoch: 1 | eta: 30.1m
step 00148/02205 (6.71%) [ns3_ftrl_eta0p1] | loss: 4.327668 | lrm: 1.00 | dt: 888.80ms | tok/s: 589,883 | mfu: 33.67 | epoch: 1 | eta: 30.1m
step 00149/02205 (6.76%) [ns3_ftrl_eta0p1] | loss: 4.324218 | lrm: 1.00 | dt: 893.38ms | tok/s: 586,859 | mfu: 33.50 | epoch: 1 | eta: 30.1m
step 00150/02205 (6.80%) [ns3_ftrl_eta0p1] | loss: 4.310748 | lrm: 1.00 | dt: 912.12ms | tok/s: 574,800 | mfu: 32.81 | epoch: 1 | eta: 30.1m
step 00151/02205 (6.85%) [ns3_ftrl_eta0p1] | loss: 4.288302 | lrm: 1.00 | dt: 877.53ms | tok/s: 597,460 | mfu: 34.10 | epoch: 1 | eta: 30.0m
step 00152/02205 (6.89%) [ns3_ftrl_eta0p1] | loss: 4.280172 | lrm: 1.00 | dt: 898.63ms | tok/s: 583,432 | mfu: 33.30 | epoch: 1 | eta: 30.0m
step 00153/02205 (6.94%) [ns3_ftrl_eta0p1] | loss: 4.277237 | lrm: 1.00 | dt: 892.11ms | tok/s: 587,694 | mfu: 33.54 | epoch: 1 | eta: 30.0m
step 00154/02205 (6.98%) [ns3_ftrl_eta0p1] | loss: 4.262101 | lrm: 1.00 | dt: 911.52ms | tok/s: 575,178 | mfu: 32.83 | epoch: 1 | eta: 30.0m
step 00155/02205 (7.03%) [ns3_ftrl_eta0p1] | loss: 4.264496 | lrm: 1.00 | dt: 878.96ms | tok/s: 596,488 | mfu: 34.04 | epoch: 1 | eta: 30.0m
step 00156/02205 (7.07%) [ns3_ftrl_eta0p1] | loss: 4.254799 | lrm: 1.00 | dt: 901.02ms | tok/s: 581,883 | mfu: 33.21 | epoch: 1 | eta: 30.0m
step 00157/02205 (7.12%) [ns3_ftrl_eta0p1] | loss: 4.246176 | lrm: 1.00 | dt: 899.66ms | tok/s: 582,761 | mfu: 33.26 | epoch: 1 | eta: 30.0m
step 00158/02205 (7.17%) [ns3_ftrl_eta0p1] | loss: 4.246247 | lrm: 1.00 | dt: 886.57ms | tok/s: 591,366 | mfu: 33.75 | epoch: 1 | eta: 30.0m
step 00159/02205 (7.21%) [ns3_ftrl_eta0p1] | loss: 4.247451 | lrm: 1.00 | dt: 894.27ms | tok/s: 586,272 | mfu: 33.46 | epoch: 1 | eta: 30.0m
step 00160/02205 (7.26%) [ns3_ftrl_eta0p1] | loss: 4.239005 | lrm: 1.00 | dt: 893.76ms | tok/s: 586,606 | mfu: 33.48 | epoch: 1 | eta: 29.9m
step 00161/02205 (7.30%) [ns3_ftrl_eta0p1] | loss: 4.234605 | lrm: 1.00 | dt: 913.00ms | tok/s: 574,245 | mfu: 32.78 | epoch: 1 | eta: 29.9m
step 00162/02205 (7.35%) [ns3_ftrl_eta0p1] | loss: 4.218284 | lrm: 1.00 | dt: 889.77ms | tok/s: 589,238 | mfu: 33.63 | epoch: 1 | eta: 29.9m
step 00163/02205 (7.39%) [ns3_ftrl_eta0p1] | loss: 4.209006 | lrm: 1.00 | dt: 901.02ms | tok/s: 581,884 | mfu: 33.21 | epoch: 1 | eta: 29.9m
step 00164/02205 (7.44%) [ns3_ftrl_eta0p1] | loss: 4.214073 | lrm: 1.00 | dt: 889.94ms | tok/s: 589,125 | mfu: 33.62 | epoch: 1 | eta: 29.9m
step 00165/02205 (7.48%) [ns3_ftrl_eta0p1] | loss: 4.210905 | lrm: 1.00 | dt: 899.52ms | tok/s: 582,850 | mfu: 33.27 | epoch: 1 | eta: 29.9m
step 00166/02205 (7.53%) [ns3_ftrl_eta0p1] | loss: 4.210515 | lrm: 1.00 | dt: 889.14ms | tok/s: 589,658 | mfu: 33.66 | epoch: 1 | eta: 29.9m
step 00167/02205 (7.57%) [ns3_ftrl_eta0p1] | loss: 4.202232 | lrm: 1.00 | dt: 893.36ms | tok/s: 586,870 | mfu: 33.50 | epoch: 1 | eta: 29.9m
step 00168/02205 (7.62%) [ns3_ftrl_eta0p1] | loss: 4.198303 | lrm: 1.00 | dt: 912.61ms | tok/s: 574,493 | mfu: 32.79 | epoch: 1 | eta: 29.9m
step 00169/02205 (7.66%) [ns3_ftrl_eta0p1] | loss: 4.188168 | lrm: 1.00 | dt: 877.80ms | tok/s: 597,271 | mfu: 34.09 | epoch: 1 | eta: 29.9m
step 00170/02205 (7.71%) [ns3_ftrl_eta0p1] | loss: 4.182697 | lrm: 1.00 | dt: 898.70ms | tok/s: 583,386 | mfu: 33.30 | epoch: 1 | eta: 29.8m
step 00171/02205 (7.76%) [ns3_ftrl_eta0p1] | loss: 4.177925 | lrm: 1.00 | dt: 905.67ms | tok/s: 578,894 | mfu: 33.04 | epoch: 1 | eta: 29.8m
step 00172/02205 (7.80%) [ns3_ftrl_eta0p1] | loss: 4.182683 | lrm: 1.00 | dt: 903.52ms | tok/s: 580,275 | mfu: 33.12 | epoch: 1 | eta: 29.8m
step 00173/02205 (7.85%) [ns3_ftrl_eta0p1] | loss: 4.172639 | lrm: 1.00 | dt: 880.81ms | tok/s: 595,231 | mfu: 33.97 | epoch: 1 | eta: 29.8m
step 00174/02205 (7.89%) [ns3_ftrl_eta0p1] | loss: 4.154947 | lrm: 1.00 | dt: 898.85ms | tok/s: 583,284 | mfu: 33.29 | epoch: 1 | eta: 29.8m
step 00175/02205 (7.94%) [ns3_ftrl_eta0p1] | loss: 4.143527 | lrm: 1.00 | dt: 903.83ms | tok/s: 580,073 | mfu: 33.11 | epoch: 1 | eta: 29.8m
step 00176/02205 (7.98%) [ns3_ftrl_eta0p1] | loss: 4.141638 | lrm: 1.00 | dt: 908.07ms | tok/s: 577,364 | mfu: 32.95 | epoch: 1 | eta: 29.8m
step 00177/02205 (8.03%) [ns3_ftrl_eta0p1] | loss: 4.147436 | lrm: 1.00 | dt: 892.46ms | tok/s: 587,465 | mfu: 33.53 | epoch: 1 | eta: 29.8m
step 00178/02205 (8.07%) [ns3_ftrl_eta0p1] | loss: 4.132355 | lrm: 1.00 | dt: 869.83ms | tok/s: 602,744 | mfu: 34.40 | epoch: 1 | eta: 29.7m
step 00179/02205 (8.12%) [ns3_ftrl_eta0p1] | loss: 4.115037 | lrm: 1.00 | dt: 911.60ms | tok/s: 575,131 | mfu: 32.83 | epoch: 1 | eta: 29.7m
step 00180/02205 (8.16%) [ns3_ftrl_eta0p1] | loss: 4.112030 | lrm: 1.00 | dt: 896.73ms | tok/s: 584,668 | mfu: 33.37 | epoch: 1 | eta: 29.7m
step 00181/02205 (8.21%) [ns3_ftrl_eta0p1] | loss: 4.097080 | lrm: 1.00 | dt: 867.28ms | tok/s: 604,516 | mfu: 34.50 | epoch: 1 | eta: 29.7m
step 00182/02205 (8.25%) [ns3_ftrl_eta0p1] | loss: 4.099566 | lrm: 1.00 | dt: 884.28ms | tok/s: 592,901 | mfu: 33.84 | epoch: 1 | eta: 29.7m
step 00183/02205 (8.30%) [ns3_ftrl_eta0p1] | loss: 4.101240 | lrm: 1.00 | dt: 899.22ms | tok/s: 583,050 | mfu: 33.28 | epoch: 1 | eta: 29.7m
step 00184/02205 (8.34%) [ns3_ftrl_eta0p1] | loss: 4.092720 | lrm: 1.00 | dt: 902.22ms | tok/s: 581,110 | mfu: 33.17 | epoch: 1 | eta: 29.7m
step 00185/02205 (8.39%) [ns3_ftrl_eta0p1] | loss: 4.090495 | lrm: 1.00 | dt: 889.33ms | tok/s: 589,532 | mfu: 33.65 | epoch: 1 | eta: 29.7m
step 00186/02205 (8.44%) [ns3_ftrl_eta0p1] | loss: 4.082976 | lrm: 1.00 | dt: 893.50ms | tok/s: 586,782 | mfu: 33.49 | epoch: 1 | eta: 29.6m
step 00187/02205 (8.48%) [ns3_ftrl_eta0p1] | loss: 4.077897 | lrm: 1.00 | dt: 904.84ms | tok/s: 579,428 | mfu: 33.07 | epoch: 1 | eta: 29.6m
step 00188/02205 (8.53%) [ns3_ftrl_eta0p1] | loss: 4.078702 | lrm: 1.00 | dt: 902.01ms | tok/s: 581,241 | mfu: 33.17 | epoch: 1 | eta: 29.6m
step 00189/02205 (8.57%) [ns3_ftrl_eta0p1] | loss: 4.067680 | lrm: 1.00 | dt: 885.75ms | tok/s: 591,911 | mfu: 33.78 | epoch: 1 | eta: 29.6m
step 00190/02205 (8.62%) [ns3_ftrl_eta0p1] | loss: 4.059382 | lrm: 1.00 | dt: 894.80ms | tok/s: 585,926 | mfu: 33.44 | epoch: 1 | eta: 29.6m
step 00191/02205 (8.66%) [ns3_ftrl_eta0p1] | loss: 4.059514 | lrm: 1.00 | dt: 913.97ms | tok/s: 573,639 | mfu: 32.74 | epoch: 1 | eta: 29.6m
step 00192/02205 (8.71%) [ns3_ftrl_eta0p1] | loss: 4.051023 | lrm: 1.00 | dt: 906.97ms | tok/s: 578,067 | mfu: 32.99 | epoch: 1 | eta: 29.6m
step 00193/02205 (8.75%) [ns3_ftrl_eta0p1] | loss: 4.039899 | lrm: 1.00 | dt: 889.73ms | tok/s: 589,269 | mfu: 33.63 | epoch: 1 | eta: 29.6m
step 00194/02205 (8.80%) [ns3_ftrl_eta0p1] | loss: 4.040521 | lrm: 1.00 | dt: 890.83ms | tok/s: 588,536 | mfu: 33.59 | epoch: 1 | eta: 29.6m
step 00195/02205 (8.84%) [ns3_ftrl_eta0p1] | loss: 4.036883 | lrm: 1.00 | dt: 898.65ms | tok/s: 583,418 | mfu: 33.30 | epoch: 1 | eta: 29.5m
step 00196/02205 (8.89%) [ns3_ftrl_eta0p1] | loss: 4.044707 | lrm: 1.00 | dt: 905.20ms | tok/s: 579,193 | mfu: 33.06 | epoch: 1 | eta: 29.5m
step 00197/02205 (8.93%) [ns3_ftrl_eta0p1] | loss: 4.038185 | lrm: 1.00 | dt: 910.86ms | tok/s: 575,597 | mfu: 32.85 | epoch: 1 | eta: 29.5m
step 00198/02205 (8.98%) [ns3_ftrl_eta0p1] | loss: 4.035157 | lrm: 1.00 | dt: 888.83ms | tok/s: 589,860 | mfu: 33.67 | epoch: 1 | eta: 29.5m
step 00199/02205 (9.02%) [ns3_ftrl_eta0p1] | loss: 4.033088 | lrm: 1.00 | dt: 889.94ms | tok/s: 589,125 | mfu: 33.62 | epoch: 1 | eta: 29.5m
step 00200/02205 (9.07%) [ns3_ftrl_eta0p1] | loss: 4.029488 | lrm: 1.00 | dt: 916.95ms | tok/s: 571,770 | mfu: 32.63 | epoch: 1 | eta: 29.5m
step 00201/02205 (9.12%) [ns3_ftrl_eta0p1] | loss: 4.018188 | lrm: 1.00 | dt: 902.41ms | tok/s: 580,983 | mfu: 33.16 | epoch: 1 | eta: 29.5m
step 00202/02205 (9.16%) [ns3_ftrl_eta0p1] | loss: 4.014938 | lrm: 1.00 | dt: 891.56ms | tok/s: 588,054 | mfu: 33.56 | epoch: 1 | eta: 29.5m
step 00203/02205 (9.21%) [ns3_ftrl_eta0p1] | loss: 4.008592 | lrm: 1.00 | dt: 890.98ms | tok/s: 588,442 | mfu: 33.59 | epoch: 1 | eta: 29.5m
step 00204/02205 (9.25%) [ns3_ftrl_eta0p1] | loss: 4.000710 | lrm: 1.00 | dt: 893.97ms | tok/s: 586,473 | mfu: 33.47 | epoch: 1 | eta: 29.4m
step 00205/02205 (9.30%) [ns3_ftrl_eta0p1] | loss: 4.008018 | lrm: 1.00 | dt: 908.92ms | tok/s: 576,825 | mfu: 32.92 | epoch: 1 | eta: 29.4m
step 00206/02205 (9.34%) [ns3_ftrl_eta0p1] | loss: 4.013848 | lrm: 1.00 | dt: 891.57ms | tok/s: 588,048 | mfu: 33.56 | epoch: 1 | eta: 29.4m
step 00207/02205 (9.39%) [ns3_ftrl_eta0p1] | loss: 4.013279 | lrm: 1.00 | dt: 899.30ms | tok/s: 582,996 | mfu: 33.27 | epoch: 1 | eta: 29.4m
step 00208/02205 (9.43%) [ns3_ftrl_eta0p1] | loss: 4.010895 | lrm: 1.00 | dt: 894.92ms | tok/s: 585,851 | mfu: 33.44 | epoch: 1 | eta: 29.4m
step 00209/02205 (9.48%) [ns3_ftrl_eta0p1] | loss: 4.004994 | lrm: 1.00 | dt: 903.79ms | tok/s: 580,098 | mfu: 33.11 | epoch: 1 | eta: 29.4m
step 00210/02205 (9.52%) [ns3_ftrl_eta0p1] | loss: 4.004632 | lrm: 1.00 | dt: 895.26ms | tok/s: 585,623 | mfu: 33.42 | epoch: 1 | eta: 29.4m
step 00211/02205 (9.57%) [ns3_ftrl_eta0p1] | loss: 4.008273 | lrm: 1.00 | dt: 894.37ms | tok/s: 586,206 | mfu: 33.46 | epoch: 1 | eta: 29.4m
step 00212/02205 (9.61%) [ns3_ftrl_eta0p1] | loss: 4.010274 | lrm: 1.00 | dt: 906.93ms | tok/s: 578,090 | mfu: 32.99 | epoch: 1 | eta: 29.3m
step 00213/02205 (9.66%) [ns3_ftrl_eta0p1] | loss: 3.999981 | lrm: 1.00 | dt: 883.47ms | tok/s: 593,444 | mfu: 33.87 | epoch: 1 | eta: 29.3m
step 00214/02205 (9.71%) [ns3_ftrl_eta0p1] | loss: 3.996478 | lrm: 1.00 | dt: 904.38ms | tok/s: 579,721 | mfu: 33.09 | epoch: 1 | eta: 29.3m
step 00215/02205 (9.75%) [ns3_ftrl_eta0p1] | loss: 3.990164 | lrm: 1.00 | dt: 893.86ms | tok/s: 586,545 | mfu: 33.48 | epoch: 1 | eta: 29.3m
step 00216/02205 (9.80%) [ns3_ftrl_eta0p1] | loss: 3.978311 | lrm: 1.00 | dt: 907.00ms | tok/s: 578,047 | mfu: 32.99 | epoch: 1 | eta: 29.3m
step 00217/02205 (9.84%) [ns3_ftrl_eta0p1] | loss: 3.971342 | lrm: 1.00 | dt: 891.74ms | tok/s: 587,936 | mfu: 33.56 | epoch: 1 | eta: 29.3m
step 00218/02205 (9.89%) [ns3_ftrl_eta0p1] | loss: 3.966548 | lrm: 1.00 | dt: 894.31ms | tok/s: 586,247 | mfu: 33.46 | epoch: 1 | eta: 29.3m
step 00219/02205 (9.93%) [ns3_ftrl_eta0p1] | loss: 3.957575 | lrm: 1.00 | dt: 919.55ms | tok/s: 570,155 | mfu: 32.54 | epoch: 1 | eta: 29.3m
step 00220/02205 (9.98%) [ns3_ftrl_eta0p1] | loss: 3.960212 | lrm: 1.00 | dt: 897.88ms | tok/s: 583,920 | mfu: 33.33 | epoch: 1 | eta: 29.2m
step 00221/02205 (10.02%) [ns3_ftrl_eta0p1] | loss: 3.959674 | lrm: 1.00 | dt: 889.21ms | tok/s: 589,609 | mfu: 33.65 | epoch: 1 | eta: 29.2m
step 00222/02205 (10.07%) [ns3_ftrl_eta0p1] | loss: 3.955830 | lrm: 1.00 | dt: 902.68ms | tok/s: 580,811 | mfu: 33.15 | epoch: 1 | eta: 29.2m
step 00223/02205 (10.11%) [ns3_ftrl_eta0p1] | loss: 3.953563 | lrm: 1.00 | dt: 923.79ms | tok/s: 567,538 | mfu: 32.39 | epoch: 1 | eta: 29.2m
step 00224/02205 (10.16%) [ns3_ftrl_eta0p1] | loss: 3.944233 | lrm: 1.00 | dt: 884.79ms | tok/s: 592,553 | mfu: 33.82 | epoch: 1 | eta: 29.2m
step 00225/02205 (10.20%) [ns3_ftrl_eta0p1] | loss: 3.933676 | lrm: 1.00 | dt: 903.82ms | tok/s: 580,083 | mfu: 33.11 | epoch: 1 | eta: 29.2m
step 00226/02205 (10.25%) [ns3_ftrl_eta0p1] | loss: 3.932862 | lrm: 1.00 | dt: 897.93ms | tok/s: 583,887 | mfu: 33.33 | epoch: 1 | eta: 29.2m
step 00227/02205 (10.29%) [ns3_ftrl_eta0p1] | loss: 3.931294 | lrm: 1.00 | dt: 911.51ms | tok/s: 575,187 | mfu: 32.83 | epoch: 1 | eta: 29.2m
step 00228/02205 (10.34%) [ns3_ftrl_eta0p1] | loss: 3.925047 | lrm: 1.00 | dt: 893.05ms | tok/s: 587,076 | mfu: 33.51 | epoch: 1 | eta: 29.1m
step 00229/02205 (10.39%) [ns3_ftrl_eta0p1] | loss: 3.929784 | lrm: 1.00 | dt: 897.95ms | tok/s: 583,870 | mfu: 33.32 | epoch: 1 | eta: 29.1m
step 00230/02205 (10.43%) [ns3_ftrl_eta0p1] | loss: 3.929438 | lrm: 1.00 | dt: 898.46ms | tok/s: 583,538 | mfu: 33.31 | epoch: 1 | eta: 29.1m
step 00231/02205 (10.48%) [ns3_ftrl_eta0p1] | loss: 3.922527 | lrm: 1.00 | dt: 914.31ms | tok/s: 573,423 | mfu: 32.73 | epoch: 1 | eta: 29.1m
step 00232/02205 (10.52%) [ns3_ftrl_eta0p1] | loss: 3.914990 | lrm: 1.00 | dt: 897.95ms | tok/s: 583,873 | mfu: 33.32 | epoch: 1 | eta: 29.1m
step 00233/02205 (10.57%) [ns3_ftrl_eta0p1] | loss: 3.911583 | lrm: 1.00 | dt: 890.23ms | tok/s: 588,934 | mfu: 33.61 | epoch: 1 | eta: 29.1m
step 00234/02205 (10.61%) [ns3_ftrl_eta0p1] | loss: 3.911175 | lrm: 1.00 | dt: 911.41ms | tok/s: 575,246 | mfu: 32.83 | epoch: 1 | eta: 29.1m
step 00235/02205 (10.66%) [ns3_ftrl_eta0p1] | loss: 3.909720 | lrm: 1.00 | dt: 904.93ms | tok/s: 579,366 | mfu: 33.07 | epoch: 1 | eta: 29.1m
step 00236/02205 (10.70%) [ns3_ftrl_eta0p1] | loss: 3.905445 | lrm: 1.00 | dt: 898.25ms | tok/s: 583,677 | mfu: 33.31 | epoch: 1 | eta: 29.0m
step 00237/02205 (10.75%) [ns3_ftrl_eta0p1] | loss: 3.895319 | lrm: 1.00 | dt: 892.53ms | tok/s: 587,418 | mfu: 33.53 | epoch: 1 | eta: 29.0m
step 00238/02205 (10.79%) [ns3_ftrl_eta0p1] | loss: 3.892112 | lrm: 1.00 | dt: 901.28ms | tok/s: 581,712 | mfu: 33.20 | epoch: 1 | eta: 29.0m
step 00239/02205 (10.84%) [ns3_ftrl_eta0p1] | loss: 3.892858 | lrm: 1.00 | dt: 921.48ms | tok/s: 568,961 | mfu: 32.47 | epoch: 1 | eta: 29.0m
step 00240/02205 (10.88%) [ns3_ftrl_eta0p1] | loss: 3.890457 | lrm: 1.00 | dt: 894.59ms | tok/s: 586,062 | mfu: 33.45 | epoch: 1 | eta: 29.0m
step 00241/02205 (10.93%) [ns3_ftrl_eta0p1] | loss: 3.886466 | lrm: 1.00 | dt: 894.46ms | tok/s: 586,148 | mfu: 33.45 | epoch: 1 | eta: 29.0m
step 00242/02205 (10.98%) [ns3_ftrl_eta0p1] | loss: 3.882569 | lrm: 1.00 | dt: 897.11ms | tok/s: 584,421 | mfu: 33.36 | epoch: 1 | eta: 29.0m
step 00243/02205 (11.02%) [ns3_ftrl_eta0p1] | loss: 3.891034 | lrm: 1.00 | dt: 909.07ms | tok/s: 576,730 | mfu: 32.92 | epoch: 1 | eta: 29.0m
step 00244/02205 (11.07%) [ns3_ftrl_eta0p1] | loss: 3.889166 | lrm: 1.00 | dt: 898.49ms | tok/s: 583,519 | mfu: 33.30 | epoch: 1 | eta: 28.9m
step 00245/02205 (11.11%) [ns3_ftrl_eta0p1] | loss: 3.890859 | lrm: 1.00 | dt: 896.99ms | tok/s: 584,497 | mfu: 33.36 | epoch: 1 | eta: 28.9m
step 00246/02205 (11.16%) [ns3_ftrl_eta0p1] | loss: 3.883796 | lrm: 1.00 | dt: 916.79ms | tok/s: 571,875 | mfu: 32.64 | epoch: 1 | eta: 28.9m
step 00247/02205 (11.20%) [ns3_ftrl_eta0p1] | loss: 3.872311 | lrm: 1.00 | dt: 886.33ms | tok/s: 591,529 | mfu: 33.76 | epoch: 1 | eta: 28.9m
step 00248/02205 (11.25%) [ns3_ftrl_eta0p1] | loss: 3.877573 | lrm: 1.00 | dt: 902.76ms | tok/s: 580,758 | mfu: 33.15 | epoch: 1 | eta: 28.9m
step 00249/02205 (11.29%) [ns3_ftrl_eta0p1] | loss: 3.875379 | lrm: 1.00 | dt: 899.16ms | tok/s: 583,084 | mfu: 33.28 | epoch: 1 | eta: 28.9m
Step 00250 | val bpb: 1.126002
step 00250/02205 (11.34%) [ns3_ftrl_eta0p1] | loss: 3.870582 | lrm: 1.00 | dt: 919.71ms | tok/s: 570,060 | mfu: 32.54 | epoch: 1 | eta: 28.9m
step 00251/02205 (11.38%) [ns3_ftrl_eta0p1] | loss: 3.869499 | lrm: 1.00 | dt: 898.48ms | tok/s: 583,529 | mfu: 33.31 | epoch: 1 | eta: 28.9m
step 00252/02205 (11.43%) [ns3_ftrl_eta0p1] | loss: 3.870155 | lrm: 1.00 | dt: 895.00ms | tok/s: 585,796 | mfu: 33.43 | epoch: 1 | eta: 28.8m
step 00253/02205 (11.47%) [ns3_ftrl_eta0p1] | loss: 3.869035 | lrm: 1.00 | dt: 902.14ms | tok/s: 581,161 | mfu: 33.17 | epoch: 1 | eta: 28.8m
step 00254/02205 (11.52%) [ns3_ftrl_eta0p1] | loss: 3.862935 | lrm: 1.00 | dt: 887.80ms | tok/s: 590,547 | mfu: 33.71 | epoch: 1 | eta: 28.8m
step 00255/02205 (11.56%) [ns3_ftrl_eta0p1] | loss: 3.860668 | lrm: 1.00 | dt: 892.81ms | tok/s: 587,235 | mfu: 33.52 | epoch: 1 | eta: 28.8m
step 00256/02205 (11.61%) [ns3_ftrl_eta0p1] | loss: 3.860456 | lrm: 1.00 | dt: 895.01ms | tok/s: 585,791 | mfu: 33.43 | epoch: 1 | eta: 28.8m
step 00257/02205 (11.66%) [ns3_ftrl_eta0p1] | loss: 3.862425 | lrm: 1.00 | dt: 911.59ms | tok/s: 575,134 | mfu: 32.83 | epoch: 1 | eta: 28.8m
step 00258/02205 (11.70%) [ns3_ftrl_eta0p1] | loss: 3.860506 | lrm: 1.00 | dt: 891.40ms | tok/s: 588,161 | mfu: 33.57 | epoch: 1 | eta: 28.8m
step 00259/02205 (11.75%) [ns3_ftrl_eta0p1] | loss: 3.866553 | lrm: 1.00 | dt: 894.20ms | tok/s: 586,320 | mfu: 33.46 | epoch: 1 | eta: 28.8m
step 00260/02205 (11.79%) [ns3_ftrl_eta0p1] | loss: 3.858107 | lrm: 1.00 | dt: 901.10ms | tok/s: 581,829 | mfu: 33.21 | epoch: 1 | eta: 28.7m
step 00261/02205 (11.84%) [ns3_ftrl_eta0p1] | loss: 3.863323 | lrm: 1.00 | dt: 902.60ms | tok/s: 580,863 | mfu: 33.15 | epoch: 1 | eta: 28.7m
step 00262/02205 (11.88%) [ns3_ftrl_eta0p1] | loss: 3.874197 | lrm: 1.00 | dt: 901.42ms | tok/s: 581,622 | mfu: 33.20 | epoch: 1 | eta: 28.7m
step 00263/02205 (11.93%) [ns3_ftrl_eta0p1] | loss: 3.849221 | lrm: 1.00 | dt: 894.03ms | tok/s: 586,429 | mfu: 33.47 | epoch: 1 | eta: 28.7m
step 00264/02205 (11.97%) [ns3_ftrl_eta0p1] | loss: 3.847381 | lrm: 1.00 | dt: 896.81ms | tok/s: 584,614 | mfu: 33.37 | epoch: 1 | eta: 28.7m
step 00265/02205 (12.02%) [ns3_ftrl_eta0p1] | loss: 3.839569 | lrm: 1.00 | dt: 911.29ms | tok/s: 575,323 | mfu: 32.84 | epoch: 1 | eta: 28.7m
step 00266/02205 (12.06%) [ns3_ftrl_eta0p1] | loss: 3.823264 | lrm: 1.00 | dt: 905.42ms | tok/s: 579,054 | mfu: 33.05 | epoch: 1 | eta: 28.7m
step 00267/02205 (12.11%) [ns3_ftrl_eta0p1] | loss: 3.825303 | lrm: 1.00 | dt: 887.19ms | tok/s: 590,952 | mfu: 33.73 | epoch: 1 | eta: 28.6m
step 00268/02205 (12.15%) [ns3_ftrl_eta0p1] | loss: 3.830454 | lrm: 1.00 | dt: 877.64ms | tok/s: 597,381 | mfu: 34.10 | epoch: 1 | eta: 28.6m
step 00269/02205 (12.20%) [ns3_ftrl_eta0p1] | loss: 3.831928 | lrm: 1.00 | dt: 911.38ms | tok/s: 575,268 | mfu: 32.83 | epoch: 1 | eta: 28.6m
step 00270/02205 (12.24%) [ns3_ftrl_eta0p1] | loss: 3.834560 | lrm: 1.00 | dt: 894.63ms | tok/s: 586,039 | mfu: 33.45 | epoch: 1 | eta: 28.6m
step 00271/02205 (12.29%) [ns3_ftrl_eta0p1] | loss: 3.838464 | lrm: 1.00 | dt: 892.41ms | tok/s: 587,498 | mfu: 33.53 | epoch: 1 | eta: 28.6m
step 00272/02205 (12.34%) [ns3_ftrl_eta0p1] | loss: 3.844531 | lrm: 1.00 | dt: 914.64ms | tok/s: 573,218 | mfu: 32.72 | epoch: 1 | eta: 28.6m
step 00273/02205 (12.38%) [ns3_ftrl_eta0p1] | loss: 3.844452 | lrm: 1.00 | dt: 884.93ms | tok/s: 592,462 | mfu: 33.82 | epoch: 1 | eta: 28.6m
step 00274/02205 (12.43%) [ns3_ftrl_eta0p1] | loss: 3.837891 | lrm: 1.00 | dt: 895.95ms | tok/s: 585,177 | mfu: 33.40 | epoch: 1 | eta: 28.6m
step 00275/02205 (12.47%) [ns3_ftrl_eta0p1] | loss: 3.839322 | lrm: 1.00 | dt: 903.50ms | tok/s: 580,286 | mfu: 33.12 | epoch: 1 | eta: 28.5m
step 00276/02205 (12.52%) [ns3_ftrl_eta0p1] | loss: 3.830572 | lrm: 1.00 | dt: 909.86ms | tok/s: 576,226 | mfu: 32.89 | epoch: 1 | eta: 28.5m
step 00277/02205 (12.56%) [ns3_ftrl_eta0p1] | loss: 3.831543 | lrm: 1.00 | dt: 892.42ms | tok/s: 587,493 | mfu: 33.53 | epoch: 1 | eta: 28.5m
step 00278/02205 (12.61%) [ns3_ftrl_eta0p1] | loss: 3.832551 | lrm: 1.00 | dt: 902.94ms | tok/s: 580,646 | mfu: 33.14 | epoch: 1 | eta: 28.5m
step 00279/02205 (12.65%) [ns3_ftrl_eta0p1] | loss: 3.831254 | lrm: 1.00 | dt: 908.02ms | tok/s: 577,399 | mfu: 32.96 | epoch: 1 | eta: 28.5m
step 00280/02205 (12.70%) [ns3_ftrl_eta0p1] | loss: 3.830989 | lrm: 1.00 | dt: 907.24ms | tok/s: 577,890 | mfu: 32.98 | epoch: 1 | eta: 28.5m
step 00281/02205 (12.74%) [ns3_ftrl_eta0p1] | loss: 3.824083 | lrm: 1.00 | dt: 892.04ms | tok/s: 587,737 | mfu: 33.55 | epoch: 1 | eta: 28.5m
step 00282/02205 (12.79%) [ns3_ftrl_eta0p1] | loss: 3.824076 | lrm: 1.00 | dt: 899.09ms | tok/s: 583,130 | mfu: 33.28 | epoch: 1 | eta: 28.4m
step 00283/02205 (12.83%) [ns3_ftrl_eta0p1] | loss: 3.824858 | lrm: 1.00 | dt: 909.33ms | tok/s: 576,568 | mfu: 32.91 | epoch: 1 | eta: 28.4m
step 00284/02205 (12.88%) [ns3_ftrl_eta0p1] | loss: 3.821043 | lrm: 1.00 | dt: 894.63ms | tok/s: 586,036 | mfu: 33.45 | epoch: 1 | eta: 28.4m
step 00285/02205 (12.93%) [ns3_ftrl_eta0p1] | loss: 3.819827 | lrm: 1.00 | dt: 903.37ms | tok/s: 580,371 | mfu: 33.13 | epoch: 1 | eta: 28.4m
step 00286/02205 (12.97%) [ns3_ftrl_eta0p1] | loss: 3.812805 | lrm: 1.00 | dt: 902.78ms | tok/s: 580,750 | mfu: 33.15 | epoch: 1 | eta: 28.4m
step 00287/02205 (13.02%) [ns3_ftrl_eta0p1] | loss: 3.812909 | lrm: 1.00 | dt: 893.89ms | tok/s: 586,523 | mfu: 33.48 | epoch: 1 | eta: 28.4m
step 00288/02205 (13.06%) [ns3_ftrl_eta0p1] | loss: 3.799291 | lrm: 1.00 | dt: 912.73ms | tok/s: 574,419 | mfu: 32.79 | epoch: 1 | eta: 28.4m
step 00289/02205 (13.11%) [ns3_ftrl_eta0p1] | loss: 3.796042 | lrm: 1.00 | dt: 894.68ms | tok/s: 586,007 | mfu: 33.45 | epoch: 1 | eta: 28.4m
step 00290/02205 (13.15%) [ns3_ftrl_eta0p1] | loss: 3.792117 | lrm: 1.00 | dt: 893.27ms | tok/s: 586,930 | mfu: 33.50 | epoch: 1 | eta: 28.3m
step 00291/02205 (13.20%) [ns3_ftrl_eta0p1] | loss: 3.791847 | lrm: 1.00 | dt: 886.89ms | tok/s: 591,155 | mfu: 33.74 | epoch: 1 | eta: 28.3m
step 00292/02205 (13.24%) [ns3_ftrl_eta0p1] | loss: 3.793023 | lrm: 1.00 | dt: 895.85ms | tok/s: 585,238 | mfu: 33.40 | epoch: 1 | eta: 28.3m
step 00293/02205 (13.29%) [ns3_ftrl_eta0p1] | loss: 3.791366 | lrm: 1.00 | dt: 894.63ms | tok/s: 586,036 | mfu: 33.45 | epoch: 1 | eta: 28.3m
step 00294/02205 (13.33%) [ns3_ftrl_eta0p1] | loss: 3.786557 | lrm: 1.00 | dt: 901.00ms | tok/s: 581,895 | mfu: 33.21 | epoch: 1 | eta: 28.3m
step 00295/02205 (13.38%) [ns3_ftrl_eta0p1] | loss: 3.769758 | lrm: 1.00 | dt: 896.62ms | tok/s: 584,735 | mfu: 33.37 | epoch: 1 | eta: 28.3m
step 00296/02205 (13.42%) [ns3_ftrl_eta0p1] | loss: 3.769114 | lrm: 1.00 | dt: 893.09ms | tok/s: 587,049 | mfu: 33.51 | epoch: 1 | eta: 28.3m
step 00297/02205 (13.47%) [ns3_ftrl_eta0p1] | loss: 3.759567 | lrm: 1.00 | dt: 894.55ms | tok/s: 586,089 | mfu: 33.45 | epoch: 1 | eta: 28.2m
step 00298/02205 (13.51%) [ns3_ftrl_eta0p1] | loss: 3.753387 | lrm: 1.00 | dt: 898.93ms | tok/s: 583,237 | mfu: 33.29 | epoch: 1 | eta: 28.2m
step 00299/02205 (13.56%) [ns3_ftrl_eta0p1] | loss: 3.758398 | lrm: 1.00 | dt: 905.09ms | tok/s: 579,267 | mfu: 33.06 | epoch: 1 | eta: 28.2m
step 00300/02205 (13.61%) [ns3_ftrl_eta0p1] | loss: 3.753336 | lrm: 1.00 | dt: 892.93ms | tok/s: 587,152 | mfu: 33.51 | epoch: 1 | eta: 28.2m
step 00301/02205 (13.65%) [ns3_ftrl_eta0p1] | loss: 3.765177 | lrm: 1.00 | dt: 895.57ms | tok/s: 585,426 | mfu: 33.41 | epoch: 1 | eta: 28.2m
step 00302/02205 (13.70%) [ns3_ftrl_eta0p1] | loss: 3.759375 | lrm: 1.00 | dt: 898.56ms | tok/s: 583,476 | mfu: 33.30 | epoch: 1 | eta: 28.2m
step 00303/02205 (13.74%) [ns3_ftrl_eta0p1] | loss: 3.766161 | lrm: 1.00 | dt: 898.96ms | tok/s: 583,217 | mfu: 33.29 | epoch: 1 | eta: 28.2m
step 00304/02205 (13.79%) [ns3_ftrl_eta0p1] | loss: 3.764638 | lrm: 1.00 | dt: 899.82ms | tok/s: 582,656 | mfu: 33.26 | epoch: 1 | eta: 28.1m
step 00305/02205 (13.83%) [ns3_ftrl_eta0p1] | loss: 3.765657 | lrm: 1.00 | dt: 895.75ms | tok/s: 585,305 | mfu: 33.41 | epoch: 1 | eta: 28.1m
step 00306/02205 (13.88%) [ns3_ftrl_eta0p1] | loss: 3.756938 | lrm: 1.00 | dt: 903.68ms | tok/s: 580,172 | mfu: 33.11 | epoch: 1 | eta: 28.1m
step 00307/02205 (13.92%) [ns3_ftrl_eta0p1] | loss: 3.757423 | lrm: 1.00 | dt: 893.66ms | tok/s: 586,678 | mfu: 33.49 | epoch: 1 | eta: 28.1m
step 00308/02205 (13.97%) [ns3_ftrl_eta0p1] | loss: 3.744518 | lrm: 1.00 | dt: 895.05ms | tok/s: 585,764 | mfu: 33.43 | epoch: 1 | eta: 28.1m
step 00309/02205 (14.01%) [ns3_ftrl_eta0p1] | loss: 3.750814 | lrm: 1.00 | dt: 897.15ms | tok/s: 584,390 | mfu: 33.35 | epoch: 1 | eta: 28.1m
step 00310/02205 (14.06%) [ns3_ftrl_eta0p1] | loss: 3.752058 | lrm: 1.00 | dt: 902.30ms | tok/s: 581,057 | mfu: 33.16 | epoch: 1 | eta: 28.1m
step 00311/02205 (14.10%) [ns3_ftrl_eta0p1] | loss: 3.745606 | lrm: 1.00 | dt: 894.96ms | tok/s: 585,821 | mfu: 33.44 | epoch: 1 | eta: 28.1m
step 00312/02205 (14.15%) [ns3_ftrl_eta0p1] | loss: 3.741047 | lrm: 1.00 | dt: 890.37ms | tok/s: 588,844 | mfu: 33.61 | epoch: 1 | eta: 28.0m
step 00313/02205 (14.20%) [ns3_ftrl_eta0p1] | loss: 3.741579 | lrm: 1.00 | dt: 896.92ms | tok/s: 584,541 | mfu: 33.36 | epoch: 1 | eta: 28.0m
step 00314/02205 (14.24%) [ns3_ftrl_eta0p1] | loss: 3.743924 | lrm: 1.00 | dt: 896.13ms | tok/s: 585,059 | mfu: 33.39 | epoch: 1 | eta: 28.0m
step 00315/02205 (14.29%) [ns3_ftrl_eta0p1] | loss: 3.746271 | lrm: 1.00 | dt: 899.80ms | tok/s: 582,669 | mfu: 33.26 | epoch: 1 | eta: 28.0m
step 00316/02205 (14.33%) [ns3_ftrl_eta0p1] | loss: 3.749706 | lrm: 1.00 | dt: 897.40ms | tok/s: 584,232 | mfu: 33.35 | epoch: 1 | eta: 28.0m
step 00317/02205 (14.38%) [ns3_ftrl_eta0p1] | loss: 3.752766 | lrm: 1.00 | dt: 893.73ms | tok/s: 586,631 | mfu: 33.48 | epoch: 1 | eta: 28.0m
step 00318/02205 (14.42%) [ns3_ftrl_eta0p1] | loss: 3.745128 | lrm: 1.00 | dt: 892.47ms | tok/s: 587,459 | mfu: 33.53 | epoch: 1 | eta: 28.0m
step 00319/02205 (14.47%) [ns3_ftrl_eta0p1] | loss: 3.741408 | lrm: 1.00 | dt: 898.97ms | tok/s: 583,210 | mfu: 33.29 | epoch: 1 | eta: 27.9m
step 00320/02205 (14.51%) [ns3_ftrl_eta0p1] | loss: 3.728051 | lrm: 1.00 | dt: 898.28ms | tok/s: 583,657 | mfu: 33.31 | epoch: 1 | eta: 27.9m
step 00321/02205 (14.56%) [ns3_ftrl_eta0p1] | loss: 3.727220 | lrm: 1.00 | dt: 899.33ms | tok/s: 582,977 | mfu: 33.27 | epoch: 1 | eta: 27.9m
step 00322/02205 (14.60%) [ns3_ftrl_eta0p1] | loss: 3.724722 | lrm: 1.00 | dt: 899.50ms | tok/s: 582,869 | mfu: 33.27 | epoch: 1 | eta: 27.9m
step 00323/02205 (14.65%) [ns3_ftrl_eta0p1] | loss: 3.736737 | lrm: 1.00 | dt: 899.04ms | tok/s: 583,164 | mfu: 33.28 | epoch: 1 | eta: 27.9m
step 00324/02205 (14.69%) [ns3_ftrl_eta0p1] | loss: 3.741770 | lrm: 1.00 | dt: 902.04ms | tok/s: 581,226 | mfu: 33.17 | epoch: 1 | eta: 27.9m
step 00325/02205 (14.74%) [ns3_ftrl_eta0p1] | loss: 3.736638 | lrm: 1.00 | dt: 906.05ms | tok/s: 578,650 | mfu: 33.03 | epoch: 1 | eta: 27.9m
step 00326/02205 (14.78%) [ns3_ftrl_eta0p1] | loss: 3.728672 | lrm: 1.00 | dt: 894.35ms | tok/s: 586,220 | mfu: 33.46 | epoch: 1 | eta: 27.8m
step 00327/02205 (14.83%) [ns3_ftrl_eta0p1] | loss: 3.724919 | lrm: 1.00 | dt: 897.17ms | tok/s: 584,381 | mfu: 33.35 | epoch: 1 | eta: 27.8m
step 00328/02205 (14.88%) [ns3_ftrl_eta0p1] | loss: 3.719869 | lrm: 1.00 | dt: 903.17ms | tok/s: 580,499 | mfu: 33.13 | epoch: 1 | eta: 27.8m
step 00329/02205 (14.92%) [ns3_ftrl_eta0p1] | loss: 3.725416 | lrm: 1.00 | dt: 894.47ms | tok/s: 586,145 | mfu: 33.45 | epoch: 1 | eta: 27.8m
step 00330/02205 (14.97%) [ns3_ftrl_eta0p1] | loss: 3.723519 | lrm: 1.00 | dt: 894.23ms | tok/s: 586,304 | mfu: 33.46 | epoch: 1 | eta: 27.8m
step 00331/02205 (15.01%) [ns3_ftrl_eta0p1] | loss: 3.723920 | lrm: 1.00 | dt: 898.13ms | tok/s: 583,755 | mfu: 33.32 | epoch: 1 | eta: 27.8m
step 00332/02205 (15.06%) [ns3_ftrl_eta0p1] | loss: 3.727355 | lrm: 1.00 | dt: 899.99ms | tok/s: 582,549 | mfu: 33.25 | epoch: 1 | eta: 27.8m
step 00333/02205 (15.10%) [ns3_ftrl_eta0p1] | loss: 3.726011 | lrm: 1.00 | dt: 895.00ms | tok/s: 585,798 | mfu: 33.43 | epoch: 1 | eta: 27.7m
step 00334/02205 (15.15%) [ns3_ftrl_eta0p1] | loss: 3.733412 | lrm: 1.00 | dt: 897.67ms | tok/s: 584,054 | mfu: 33.34 | epoch: 1 | eta: 27.7m
step 00335/02205 (15.19%) [ns3_ftrl_eta0p1] | loss: 3.736693 | lrm: 1.00 | dt: 902.55ms | tok/s: 580,895 | mfu: 33.15 | epoch: 1 | eta: 27.7m
step 00336/02205 (15.24%) [ns3_ftrl_eta0p1] | loss: 3.750094 | lrm: 1.00 | dt: 897.68ms | tok/s: 584,046 | mfu: 33.33 | epoch: 1 | eta: 27.7m
step 00337/02205 (15.28%) [ns3_ftrl_eta0p1] | loss: 3.750016 | lrm: 1.00 | dt: 897.24ms | tok/s: 584,332 | mfu: 33.35 | epoch: 1 | eta: 27.7m
step 00338/02205 (15.33%) [ns3_ftrl_eta0p1] | loss: 3.733106 | lrm: 1.00 | dt: 899.69ms | tok/s: 582,745 | mfu: 33.26 | epoch: 1 | eta: 27.7m
step 00339/02205 (15.37%) [ns3_ftrl_eta0p1] | loss: 3.739014 | lrm: 1.00 | dt: 897.59ms | tok/s: 584,107 | mfu: 33.34 | epoch: 1 | eta: 27.7m
step 00340/02205 (15.42%) [ns3_ftrl_eta0p1] | loss: 3.719909 | lrm: 1.00 | dt: 891.86ms | tok/s: 587,858 | mfu: 33.55 | epoch: 1 | eta: 27.6m
step 00341/02205 (15.46%) [ns3_ftrl_eta0p1] | loss: 3.712698 | lrm: 1.00 | dt: 893.54ms | tok/s: 586,754 | mfu: 33.49 | epoch: 1 | eta: 27.6m
step 00342/02205 (15.51%) [ns3_ftrl_eta0p1] | loss: 3.710310 | lrm: 1.00 | dt: 902.55ms | tok/s: 580,897 | mfu: 33.16 | epoch: 1 | eta: 27.6m
step 00343/02205 (15.56%) [ns3_ftrl_eta0p1] | loss: 3.709237 | lrm: 1.00 | dt: 897.27ms | tok/s: 584,317 | mfu: 33.35 | epoch: 1 | eta: 27.6m
step 00344/02205 (15.60%) [ns3_ftrl_eta0p1] | loss: 3.705600 | lrm: 1.00 | dt: 901.12ms | tok/s: 581,816 | mfu: 33.21 | epoch: 1 | eta: 27.6m
step 00345/02205 (15.65%) [ns3_ftrl_eta0p1] | loss: 3.716156 | lrm: 1.00 | dt: 900.84ms | tok/s: 582,001 | mfu: 33.22 | epoch: 1 | eta: 27.6m
step 00346/02205 (15.69%) [ns3_ftrl_eta0p1] | loss: 3.713392 | lrm: 1.00 | dt: 896.16ms | tok/s: 585,040 | mfu: 33.39 | epoch: 1 | eta: 27.6m
step 00347/02205 (15.74%) [ns3_ftrl_eta0p1] | loss: 3.702487 | lrm: 1.00 | dt: 900.23ms | tok/s: 582,393 | mfu: 33.24 | epoch: 1 | eta: 27.5m
step 00348/02205 (15.78%) [ns3_ftrl_eta0p1] | loss: 3.694856 | lrm: 1.00 | dt: 899.33ms | tok/s: 582,975 | mfu: 33.27 | epoch: 1 | eta: 27.5m
step 00349/02205 (15.83%) [ns3_ftrl_eta0p1] | loss: 3.690906 | lrm: 1.00 | dt: 894.42ms | tok/s: 586,175 | mfu: 33.46 | epoch: 1 | eta: 27.5m
step 00350/02205 (15.87%) [ns3_ftrl_eta0p1] | loss: 3.696491 | lrm: 1.00 | dt: 895.31ms | tok/s: 585,593 | mfu: 33.42 | epoch: 1 | eta: 27.5m
step 00351/02205 (15.92%) [ns3_ftrl_eta0p1] | loss: 3.695421 | lrm: 1.00 | dt: 898.56ms | tok/s: 583,475 | mfu: 33.30 | epoch: 1 | eta: 27.5m
step 00352/02205 (15.96%) [ns3_ftrl_eta0p1] | loss: 3.690953 | lrm: 1.00 | dt: 903.50ms | tok/s: 580,286 | mfu: 33.12 | epoch: 1 | eta: 27.5m
step 00353/02205 (16.01%) [ns3_ftrl_eta0p1] | loss: 3.691727 | lrm: 1.00 | dt: 898.14ms | tok/s: 583,748 | mfu: 33.32 | epoch: 1 | eta: 27.5m
step 00354/02205 (16.05%) [ns3_ftrl_eta0p1] | loss: 3.687167 | lrm: 1.00 | dt: 897.80ms | tok/s: 583,967 | mfu: 33.33 | epoch: 1 | eta: 27.5m
step 00355/02205 (16.10%) [ns3_ftrl_eta0p1] | loss: 3.693089 | lrm: 1.00 | dt: 900.41ms | tok/s: 582,277 | mfu: 33.23 | epoch: 1 | eta: 27.4m
step 00356/02205 (16.15%) [ns3_ftrl_eta0p1] | loss: 3.689734 | lrm: 1.00 | dt: 901.57ms | tok/s: 581,528 | mfu: 33.19 | epoch: 1 | eta: 27.4m
step 00357/02205 (16.19%) [ns3_ftrl_eta0p1] | loss: 3.683769 | lrm: 1.00 | dt: 902.59ms | tok/s: 580,872 | mfu: 33.15 | epoch: 1 | eta: 27.4m
step 00358/02205 (16.24%) [ns3_ftrl_eta0p1] | loss: 3.684767 | lrm: 1.00 | dt: 896.52ms | tok/s: 584,802 | mfu: 33.38 | epoch: 1 | eta: 27.4m
step 00359/02205 (16.28%) [ns3_ftrl_eta0p1] | loss: 3.686236 | lrm: 1.00 | dt: 894.39ms | tok/s: 586,195 | mfu: 33.46 | epoch: 1 | eta: 27.4m
step 00360/02205 (16.33%) [ns3_ftrl_eta0p1] | loss: 3.684620 | lrm: 1.00 | dt: 892.40ms | tok/s: 587,500 | mfu: 33.53 | epoch: 1 | eta: 27.4m
step 00361/02205 (16.37%) [ns3_ftrl_eta0p1] | loss: 3.680056 | lrm: 1.00 | dt: 893.89ms | tok/s: 586,522 | mfu: 33.48 | epoch: 1 | eta: 27.4m
step 00362/02205 (16.42%) [ns3_ftrl_eta0p1] | loss: 3.680579 | lrm: 1.00 | dt: 893.52ms | tok/s: 586,769 | mfu: 33.49 | epoch: 1 | eta: 27.3m
step 00363/02205 (16.46%) [ns3_ftrl_eta0p1] | loss: 3.682800 | lrm: 1.00 | dt: 894.07ms | tok/s: 586,405 | mfu: 33.47 | epoch: 1 | eta: 27.3m
step 00364/02205 (16.51%) [ns3_ftrl_eta0p1] | loss: 3.678407 | lrm: 1.00 | dt: 894.62ms | tok/s: 586,042 | mfu: 33.45 | epoch: 1 | eta: 27.3m
step 00365/02205 (16.55%) [ns3_ftrl_eta0p1] | loss: 3.667681 | lrm: 1.00 | dt: 902.92ms | tok/s: 580,658 | mfu: 33.14 | epoch: 1 | eta: 27.3m
step 00366/02205 (16.60%) [ns3_ftrl_eta0p1] | loss: 3.678372 | lrm: 1.00 | dt: 896.67ms | tok/s: 584,704 | mfu: 33.37 | epoch: 1 | eta: 27.3m
step 00367/02205 (16.64%) [ns3_ftrl_eta0p1] | loss: 3.677513 | lrm: 1.00 | dt: 894.88ms | tok/s: 585,873 | mfu: 33.44 | epoch: 1 | eta: 27.3m
step 00368/02205 (16.69%) [ns3_ftrl_eta0p1] | loss: 3.668951 | lrm: 1.00 | dt: 898.85ms | tok/s: 583,286 | mfu: 33.29 | epoch: 1 | eta: 27.3m
step 00369/02205 (16.73%) [ns3_ftrl_eta0p1] | loss: 3.665799 | lrm: 1.00 | dt: 904.67ms | tok/s: 579,537 | mfu: 33.08 | epoch: 1 | eta: 27.2m
step 00370/02205 (16.78%) [ns3_ftrl_eta0p1] | loss: 3.670901 | lrm: 1.00 | dt: 898.98ms | tok/s: 583,201 | mfu: 33.29 | epoch: 1 | eta: 27.2m
step 00371/02205 (16.83%) [ns3_ftrl_eta0p1] | loss: 3.674773 | lrm: 1.00 | dt: 902.25ms | tok/s: 581,086 | mfu: 33.17 | epoch: 1 | eta: 27.2m
step 00372/02205 (16.87%) [ns3_ftrl_eta0p1] | loss: 3.670032 | lrm: 1.00 | dt: 899.27ms | tok/s: 583,014 | mfu: 33.28 | epoch: 1 | eta: 27.2m
step 00373/02205 (16.92%) [ns3_ftrl_eta0p1] | loss: 3.674426 | lrm: 1.00 | dt: 900.47ms | tok/s: 582,241 | mfu: 33.23 | epoch: 1 | eta: 27.2m
step 00374/02205 (16.96%) [ns3_ftrl_eta0p1] | loss: 3.687501 | lrm: 1.00 | dt: 899.67ms | tok/s: 582,753 | mfu: 33.26 | epoch: 1 | eta: 27.2m
step 00375/02205 (17.01%) [ns3_ftrl_eta0p1] | loss: 3.685569 | lrm: 1.00 | dt: 901.96ms | tok/s: 581,273 | mfu: 33.18 | epoch: 1 | eta: 27.2m
step 00376/02205 (17.05%) [ns3_ftrl_eta0p1] | loss: 3.702367 | lrm: 1.00 | dt: 900.32ms | tok/s: 582,332 | mfu: 33.24 | epoch: 1 | eta: 27.1m
step 00377/02205 (17.10%) [ns3_ftrl_eta0p1] | loss: 3.699240 | lrm: 1.00 | dt: 899.51ms | tok/s: 582,860 | mfu: 33.27 | epoch: 1 | eta: 27.1m
step 00378/02205 (17.14%) [ns3_ftrl_eta0p1] | loss: 3.702779 | lrm: 1.00 | dt: 894.67ms | tok/s: 586,014 | mfu: 33.45 | epoch: 1 | eta: 27.1m
step 00379/02205 (17.19%) [ns3_ftrl_eta0p1] | loss: 3.696324 | lrm: 1.00 | dt: 899.17ms | tok/s: 583,081 | mfu: 33.28 | epoch: 1 | eta: 27.1m
step 00380/02205 (17.23%) [ns3_ftrl_eta0p1] | loss: 3.686613 | lrm: 1.00 | dt: 899.99ms | tok/s: 582,550 | mfu: 33.25 | epoch: 1 | eta: 27.1m
step 00381/02205 (17.28%) [ns3_ftrl_eta0p1] | loss: 3.685390 | lrm: 1.00 | dt: 895.88ms | tok/s: 585,220 | mfu: 33.40 | epoch: 1 | eta: 27.1m
step 00382/02205 (17.32%) [ns3_ftrl_eta0p1] | loss: 3.695116 | lrm: 1.00 | dt: 899.40ms | tok/s: 582,931 | mfu: 33.27 | epoch: 1 | eta: 27.1m
step 00383/02205 (17.37%) [ns3_ftrl_eta0p1] | loss: 3.685391 | lrm: 1.00 | dt: 902.58ms | tok/s: 580,877 | mfu: 33.15 | epoch: 1 | eta: 27.0m
step 00384/02205 (17.41%) [ns3_ftrl_eta0p1] | loss: 3.682088 | lrm: 1.00 | dt: 894.12ms | tok/s: 586,372 | mfu: 33.47 | epoch: 1 | eta: 27.0m
step 00385/02205 (17.46%) [ns3_ftrl_eta0p1] | loss: 3.670102 | lrm: 1.00 | dt: 896.41ms | tok/s: 584,874 | mfu: 33.38 | epoch: 1 | eta: 27.0m
step 00386/02205 (17.51%) [ns3_ftrl_eta0p1] | loss: 3.667603 | lrm: 1.00 | dt: 898.78ms | tok/s: 583,329 | mfu: 33.29 | epoch: 1 | eta: 27.0m
step 00387/02205 (17.55%) [ns3_ftrl_eta0p1] | loss: 3.670051 | lrm: 1.00 | dt: 902.27ms | tok/s: 581,078 | mfu: 33.17 | epoch: 1 | eta: 27.0m
step 00388/02205 (17.60%) [ns3_ftrl_eta0p1] | loss: 3.668496 | lrm: 1.00 | dt: 902.01ms | tok/s: 581,243 | mfu: 33.17 | epoch: 1 | eta: 27.0m
step 00389/02205 (17.64%) [ns3_ftrl_eta0p1] | loss: 3.667897 | lrm: 1.00 | dt: 894.55ms | tok/s: 586,089 | mfu: 33.45 | epoch: 1 | eta: 27.0m
step 00390/02205 (17.69%) [ns3_ftrl_eta0p1] | loss: 3.670840 | lrm: 1.00 | dt: 904.85ms | tok/s: 579,420 | mfu: 33.07 | epoch: 1 | eta: 26.9m
step 00391/02205 (17.73%) [ns3_ftrl_eta0p1] | loss: 3.668124 | lrm: 1.00 | dt: 900.44ms | tok/s: 582,260 | mfu: 33.23 | epoch: 1 | eta: 26.9m
step 00392/02205 (17.78%) [ns3_ftrl_eta0p1] | loss: 3.666042 | lrm: 1.00 | dt: 892.85ms | tok/s: 587,204 | mfu: 33.52 | epoch: 1 | eta: 26.9m
step 00393/02205 (17.82%) [ns3_ftrl_eta0p1] | loss: 3.670735 | lrm: 1.00 | dt: 901.15ms | tok/s: 581,798 | mfu: 33.21 | epoch: 1 | eta: 26.9m
step 00394/02205 (17.87%) [ns3_ftrl_eta0p1] | loss: 3.663543 | lrm: 1.00 | dt: 903.28ms | tok/s: 580,429 | mfu: 33.13 | epoch: 1 | eta: 26.9m
step 00395/02205 (17.91%) [ns3_ftrl_eta0p1] | loss: 3.665089 | lrm: 1.00 | dt: 891.40ms | tok/s: 588,165 | mfu: 33.57 | epoch: 1 | eta: 26.9m
step 00396/02205 (17.96%) [ns3_ftrl_eta0p1] | loss: 3.664147 | lrm: 1.00 | dt: 901.31ms | tok/s: 581,697 | mfu: 33.20 | epoch: 1 | eta: 26.9m
step 00397/02205 (18.00%) [ns3_ftrl_eta0p1] | loss: 3.657218 | lrm: 1.00 | dt: 899.19ms | tok/s: 583,069 | mfu: 33.28 | epoch: 1 | eta: 26.8m
step 00398/02205 (18.05%) [ns3_ftrl_eta0p1] | loss: 3.652178 | lrm: 1.00 | dt: 917.97ms | tok/s: 571,140 | mfu: 32.60 | epoch: 1 | eta: 26.8m
step 00399/02205 (18.10%) [ns3_ftrl_eta0p1] | loss: 3.652934 | lrm: 1.00 | dt: 889.36ms | tok/s: 589,513 | mfu: 33.65 | epoch: 1 | eta: 26.8m
step 00400/02205 (18.14%) [ns3_ftrl_eta0p1] | loss: 3.652279 | lrm: 1.00 | dt: 904.65ms | tok/s: 579,545 | mfu: 33.08 | epoch: 1 | eta: 26.8m
step 00401/02205 (18.19%) [ns3_ftrl_eta0p1] | loss: 3.651137 | lrm: 1.00 | dt: 917.56ms | tok/s: 571,390 | mfu: 32.61 | epoch: 1 | eta: 26.8m
step 00402/02205 (18.23%) [ns3_ftrl_eta0p1] | loss: 3.659161 | lrm: 1.00 | dt: 892.45ms | tok/s: 587,468 | mfu: 33.53 | epoch: 1 | eta: 26.8m
step 00403/02205 (18.28%) [ns3_ftrl_eta0p1] | loss: 3.669533 | lrm: 1.00 | dt: 923.12ms | tok/s: 567,953 | mfu: 32.42 | epoch: 1 | eta: 26.8m
step 00404/02205 (18.32%) [ns3_ftrl_eta0p1] | loss: 3.657931 | lrm: 1.00 | dt: 890.78ms | tok/s: 588,572 | mfu: 33.59 | epoch: 1 | eta: 26.7m
step 00405/02205 (18.37%) [ns3_ftrl_eta0p1] | loss: 3.657373 | lrm: 1.00 | dt: 900.42ms | tok/s: 582,273 | mfu: 33.23 | epoch: 1 | eta: 26.7m
step 00406/02205 (18.41%) [ns3_ftrl_eta0p1] | loss: 3.658491 | lrm: 1.00 | dt: 920.09ms | tok/s: 569,824 | mfu: 32.52 | epoch: 1 | eta: 26.7m
step 00407/02205 (18.46%) [ns3_ftrl_eta0p1] | loss: 3.661037 | lrm: 1.00 | dt: 890.78ms | tok/s: 588,569 | mfu: 33.59 | epoch: 1 | eta: 26.7m
step 00408/02205 (18.50%) [ns3_ftrl_eta0p1] | loss: 3.660252 | lrm: 1.00 | dt: 915.49ms | tok/s: 572,688 | mfu: 32.69 | epoch: 1 | eta: 26.7m
step 00409/02205 (18.55%) [ns3_ftrl_eta0p1] | loss: 3.665100 | lrm: 1.00 | dt: 894.42ms | tok/s: 586,174 | mfu: 33.46 | epoch: 1 | eta: 26.7m
step 00410/02205 (18.59%) [ns3_ftrl_eta0p1] | loss: 3.662536 | lrm: 1.00 | dt: 898.14ms | tok/s: 583,747 | mfu: 33.32 | epoch: 1 | eta: 26.7m
step 00411/02205 (18.64%) [ns3_ftrl_eta0p1] | loss: 3.663805 | lrm: 1.00 | dt: 922.35ms | tok/s: 568,425 | mfu: 32.44 | epoch: 1 | eta: 26.6m
step 00412/02205 (18.68%) [ns3_ftrl_eta0p1] | loss: 3.653471 | lrm: 1.00 | dt: 901.41ms | tok/s: 581,630 | mfu: 33.20 | epoch: 1 | eta: 26.6m
step 00413/02205 (18.73%) [ns3_ftrl_eta0p1] | loss: 3.660962 | lrm: 1.00 | dt: 895.33ms | tok/s: 585,580 | mfu: 33.42 | epoch: 1 | eta: 26.6m
step 00414/02205 (18.78%) [ns3_ftrl_eta0p1] | loss: 3.660818 | lrm: 1.00 | dt: 903.86ms | tok/s: 580,053 | mfu: 33.11 | epoch: 1 | eta: 26.6m
step 00415/02205 (18.82%) [ns3_ftrl_eta0p1] | loss: 3.646677 | lrm: 1.00 | dt: 902.65ms | tok/s: 580,830 | mfu: 33.15 | epoch: 1 | eta: 26.6m
step 00416/02205 (18.87%) [ns3_ftrl_eta0p1] | loss: 3.640234 | lrm: 1.00 | dt: 909.06ms | tok/s: 576,735 | mfu: 32.92 | epoch: 1 | eta: 26.6m
step 00417/02205 (18.91%) [ns3_ftrl_eta0p1] | loss: 3.638188 | lrm: 1.00 | dt: 911.75ms | tok/s: 575,037 | mfu: 32.82 | epoch: 1 | eta: 26.6m
step 00418/02205 (18.96%) [ns3_ftrl_eta0p1] | loss: 3.633859 | lrm: 1.00 | dt: 894.53ms | tok/s: 586,104 | mfu: 33.45 | epoch: 1 | eta: 26.6m
step 00419/02205 (19.00%) [ns3_ftrl_eta0p1] | loss: 3.646562 | lrm: 1.00 | dt: 902.26ms | tok/s: 581,079 | mfu: 33.17 | epoch: 1 | eta: 26.5m
step 00420/02205 (19.05%) [ns3_ftrl_eta0p1] | loss: 3.647402 | lrm: 1.00 | dt: 912.07ms | tok/s: 574,831 | mfu: 32.81 | epoch: 1 | eta: 26.5m
step 00421/02205 (19.09%) [ns3_ftrl_eta0p1] | loss: 3.649233 | lrm: 1.00 | dt: 897.90ms | tok/s: 583,901 | mfu: 33.33 | epoch: 1 | eta: 26.5m
step 00422/02205 (19.14%) [ns3_ftrl_eta0p1] | loss: 3.645489 | lrm: 1.00 | dt: 905.09ms | tok/s: 579,268 | mfu: 33.06 | epoch: 1 | eta: 26.5m
step 00423/02205 (19.18%) [ns3_ftrl_eta0p1] | loss: 3.641682 | lrm: 1.00 | dt: 914.80ms | tok/s: 573,118 | mfu: 32.71 | epoch: 1 | eta: 26.5m
step 00424/02205 (19.23%) [ns3_ftrl_eta0p1] | loss: 3.625513 | lrm: 1.00 | dt: 892.88ms | tok/s: 587,188 | mfu: 33.51 | epoch: 1 | eta: 26.5m
step 00425/02205 (19.27%) [ns3_ftrl_eta0p1] | loss: 3.622540 | lrm: 1.00 | dt: 905.64ms | tok/s: 578,913 | mfu: 33.04 | epoch: 1 | eta: 26.5m
step 00426/02205 (19.32%) [ns3_ftrl_eta0p1] | loss: 3.610452 | lrm: 1.00 | dt: 910.96ms | tok/s: 575,532 | mfu: 32.85 | epoch: 1 | eta: 26.4m
step 00427/02205 (19.37%) [ns3_ftrl_eta0p1] | loss: 3.618469 | lrm: 1.00 | dt: 907.88ms | tok/s: 577,486 | mfu: 32.96 | epoch: 1 | eta: 26.4m
step 00428/02205 (19.41%) [ns3_ftrl_eta0p1] | loss: 3.617270 | lrm: 1.00 | dt: 894.18ms | tok/s: 586,335 | mfu: 33.47 | epoch: 1 | eta: 26.4m
step 00429/02205 (19.46%) [ns3_ftrl_eta0p1] | loss: 3.626865 | lrm: 1.00 | dt: 903.05ms | tok/s: 580,573 | mfu: 33.14 | epoch: 1 | eta: 26.4m
step 00430/02205 (19.50%) [ns3_ftrl_eta0p1] | loss: 3.629401 | lrm: 1.00 | dt: 911.08ms | tok/s: 575,459 | mfu: 32.84 | epoch: 1 | eta: 26.4m
step 00431/02205 (19.55%) [ns3_ftrl_eta0p1] | loss: 3.630677 | lrm: 1.00 | dt: 893.12ms | tok/s: 587,031 | mfu: 33.51 | epoch: 1 | eta: 26.4m
step 00432/02205 (19.59%) [ns3_ftrl_eta0p1] | loss: 3.628274 | lrm: 1.00 | dt: 910.59ms | tok/s: 575,764 | mfu: 32.86 | epoch: 1 | eta: 26.4m
step 00433/02205 (19.64%) [ns3_ftrl_eta0p1] | loss: 3.631720 | lrm: 1.00 | dt: 914.15ms | tok/s: 573,522 | mfu: 32.73 | epoch: 1 | eta: 26.3m
step 00434/02205 (19.68%) [ns3_ftrl_eta0p1] | loss: 3.634089 | lrm: 1.00 | dt: 889.91ms | tok/s: 589,146 | mfu: 33.63 | epoch: 1 | eta: 26.3m
step 00435/02205 (19.73%) [ns3_ftrl_eta0p1] | loss: 3.631091 | lrm: 1.00 | dt: 912.90ms | tok/s: 574,310 | mfu: 32.78 | epoch: 1 | eta: 26.3m
step 00436/02205 (19.77%) [ns3_ftrl_eta0p1] | loss: 3.624087 | lrm: 1.00 | dt: 917.51ms | tok/s: 571,425 | mfu: 32.61 | epoch: 1 | eta: 26.3m
step 00437/02205 (19.82%) [ns3_ftrl_eta0p1] | loss: 3.620227 | lrm: 1.00 | dt: 893.28ms | tok/s: 586,927 | mfu: 33.50 | epoch: 1 | eta: 26.3m
step 00438/02205 (19.86%) [ns3_ftrl_eta0p1] | loss: 3.619206 | lrm: 1.00 | dt: 901.53ms | tok/s: 581,555 | mfu: 33.19 | epoch: 1 | eta: 26.3m
step 00439/02205 (19.91%) [ns3_ftrl_eta0p1] | loss: 3.607996 | lrm: 1.00 | dt: 901.51ms | tok/s: 581,567 | mfu: 33.19 | epoch: 1 | eta: 26.3m
step 00440/02205 (19.95%) [ns3_ftrl_eta0p1] | loss: 3.599775 | lrm: 1.00 | dt: 906.76ms | tok/s: 578,198 | mfu: 33.00 | epoch: 1 | eta: 26.2m
step 00441/02205 (20.00%) [ns3_ftrl_eta0p1] | loss: 3.603458 | lrm: 1.00 | dt: 895.51ms | tok/s: 585,460 | mfu: 33.42 | epoch: 1 | eta: 26.2m
step 00442/02205 (20.05%) [ns3_ftrl_eta0p1] | loss: 3.595469 | lrm: 1.00 | dt: 922.76ms | tok/s: 568,176 | mfu: 32.43 | epoch: 1 | eta: 26.2m
step 00443/02205 (20.09%) [ns3_ftrl_eta0p1] | loss: 3.601625 | lrm: 1.00 | dt: 891.33ms | tok/s: 588,206 | mfu: 33.57 | epoch: 1 | eta: 26.2m
step 00444/02205 (20.14%) [ns3_ftrl_eta0p1] | loss: 3.590942 | lrm: 1.00 | dt: 900.00ms | tok/s: 582,540 | mfu: 33.25 | epoch: 1 | eta: 26.2m
step 00445/02205 (20.18%) [ns3_ftrl_eta0p1] | loss: 3.593017 | lrm: 1.00 | dt: 921.52ms | tok/s: 568,937 | mfu: 32.47 | epoch: 1 | eta: 26.2m
step 00446/02205 (20.23%) [ns3_ftrl_eta0p1] | loss: 3.601471 | lrm: 1.00 | dt: 893.00ms | tok/s: 587,107 | mfu: 33.51 | epoch: 1 | eta: 26.2m
step 00447/02205 (20.27%) [ns3_ftrl_eta0p1] | loss: 3.610354 | lrm: 1.00 | dt: 903.52ms | tok/s: 580,274 | mfu: 33.12 | epoch: 1 | eta: 26.1m
step 00448/02205 (20.32%) [ns3_ftrl_eta0p1] | loss: 3.621509 | lrm: 1.00 | dt: 897.14ms | tok/s: 584,396 | mfu: 33.35 | epoch: 1 | eta: 26.1m
step 00449/02205 (20.36%) [ns3_ftrl_eta0p1] | loss: 3.618422 | lrm: 1.00 | dt: 900.77ms | tok/s: 582,042 | mfu: 33.22 | epoch: 1 | eta: 26.1m
step 00450/02205 (20.41%) [ns3_ftrl_eta0p1] | loss: 3.622584 | lrm: 1.00 | dt: 904.75ms | tok/s: 579,485 | mfu: 33.07 | epoch: 1 | eta: 26.1m
step 00451/02205 (20.45%) [ns3_ftrl_eta0p1] | loss: 3.622093 | lrm: 1.00 | dt: 913.29ms | tok/s: 574,067 | mfu: 32.77 | epoch: 1 | eta: 26.1m
step 00452/02205 (20.50%) [ns3_ftrl_eta0p1] | loss: 3.615170 | lrm: 1.00 | dt: 888.13ms | tok/s: 590,328 | mfu: 33.69 | epoch: 1 | eta: 26.1m
step 00453/02205 (20.54%) [ns3_ftrl_eta0p1] | loss: 3.617289 | lrm: 1.00 | dt: 895.94ms | tok/s: 585,182 | mfu: 33.40 | epoch: 1 | eta: 26.1m
step 00454/02205 (20.59%) [ns3_ftrl_eta0p1] | loss: 3.612523 | lrm: 1.00 | dt: 913.43ms | tok/s: 573,976 | mfu: 32.76 | epoch: 1 | eta: 26.0m
step 00455/02205 (20.63%) [ns3_ftrl_eta0p1] | loss: 3.609245 | lrm: 1.00 | dt: 897.64ms | tok/s: 584,075 | mfu: 33.34 | epoch: 1 | eta: 26.0m
step 00456/02205 (20.68%) [ns3_ftrl_eta0p1] | loss: 3.612219 | lrm: 1.00 | dt: 912.35ms | tok/s: 574,655 | mfu: 32.80 | epoch: 1 | eta: 26.0m
step 00457/02205 (20.73%) [ns3_ftrl_eta0p1] | loss: 3.608830 | lrm: 1.00 | dt: 919.44ms | tok/s: 570,226 | mfu: 32.55 | epoch: 1 | eta: 26.0m
step 00458/02205 (20.77%) [ns3_ftrl_eta0p1] | loss: 3.614324 | lrm: 1.00 | dt: 889.59ms | tok/s: 589,359 | mfu: 33.64 | epoch: 1 | eta: 26.0m
step 00459/02205 (20.82%) [ns3_ftrl_eta0p1] | loss: 3.624524 | lrm: 1.00 | dt: 911.12ms | tok/s: 575,434 | mfu: 32.84 | epoch: 1 | eta: 26.0m
step 00460/02205 (20.86%) [ns3_ftrl_eta0p1] | loss: 3.633417 | lrm: 1.00 | dt: 902.52ms | tok/s: 580,916 | mfu: 33.16 | epoch: 1 | eta: 26.0m
step 00461/02205 (20.91%) [ns3_ftrl_eta0p1] | loss: 3.628961 | lrm: 1.00 | dt: 917.56ms | tok/s: 571,396 | mfu: 32.61 | epoch: 1 | eta: 25.9m
step 00462/02205 (20.95%) [ns3_ftrl_eta0p1] | loss: 3.625810 | lrm: 1.00 | dt: 889.98ms | tok/s: 589,098 | mfu: 33.62 | epoch: 1 | eta: 25.9m
step 00463/02205 (21.00%) [ns3_ftrl_eta0p1] | loss: 3.624292 | lrm: 1.00 | dt: 896.02ms | tok/s: 585,132 | mfu: 33.40 | epoch: 1 | eta: 25.9m
step 00464/02205 (21.04%) [ns3_ftrl_eta0p1] | loss: 3.621867 | lrm: 1.00 | dt: 894.88ms | tok/s: 585,872 | mfu: 33.44 | epoch: 1 | eta: 25.9m
step 00465/02205 (21.09%) [ns3_ftrl_eta0p1] | loss: 3.629260 | lrm: 1.00 | dt: 911.62ms | tok/s: 575,115 | mfu: 32.83 | epoch: 1 | eta: 25.9m
step 00466/02205 (21.13%) [ns3_ftrl_eta0p1] | loss: 3.632665 | lrm: 1.00 | dt: 909.14ms | tok/s: 576,682 | mfu: 32.91 | epoch: 1 | eta: 25.9m
step 00467/02205 (21.18%) [ns3_ftrl_eta0p1] | loss: 3.630123 | lrm: 1.00 | dt: 890.11ms | tok/s: 589,017 | mfu: 33.62 | epoch: 1 | eta: 25.9m
step 00468/02205 (21.22%) [ns3_ftrl_eta0p1] | loss: 3.629069 | lrm: 1.00 | dt: 914.81ms | tok/s: 573,113 | mfu: 32.71 | epoch: 1 | eta: 25.8m
step 00469/02205 (21.27%) [ns3_ftrl_eta0p1] | loss: 3.622215 | lrm: 1.00 | dt: 907.61ms | tok/s: 577,658 | mfu: 32.97 | epoch: 1 | eta: 25.8m
step 00470/02205 (21.32%) [ns3_ftrl_eta0p1] | loss: 3.626354 | lrm: 1.00 | dt: 901.05ms | tok/s: 581,864 | mfu: 33.21 | epoch: 1 | eta: 25.8m
step 00471/02205 (21.36%) [ns3_ftrl_eta0p1] | loss: 3.631106 | lrm: 1.00 | dt: 898.27ms | tok/s: 583,666 | mfu: 33.31 | epoch: 1 | eta: 25.8m
step 00472/02205 (21.41%) [ns3_ftrl_eta0p1] | loss: 3.636104 | lrm: 1.00 | dt: 911.67ms | tok/s: 575,083 | mfu: 32.82 | epoch: 1 | eta: 25.8m
step 00473/02205 (21.45%) [ns3_ftrl_eta0p1] | loss: 3.627074 | lrm: 1.00 | dt: 893.45ms | tok/s: 586,813 | mfu: 33.49 | epoch: 1 | eta: 25.8m
step 00474/02205 (21.50%) [ns3_ftrl_eta0p1] | loss: 3.624389 | lrm: 1.00 | dt: 904.99ms | tok/s: 579,332 | mfu: 33.07 | epoch: 1 | eta: 25.8m
step 00475/02205 (21.54%) [ns3_ftrl_eta0p1] | loss: 3.612142 | lrm: 1.00 | dt: 919.68ms | tok/s: 570,074 | mfu: 32.54 | epoch: 1 | eta: 25.7m
step 00476/02205 (21.59%) [ns3_ftrl_eta0p1] | loss: 3.604508 | lrm: 1.00 | dt: 890.66ms | tok/s: 588,652 | mfu: 33.60 | epoch: 1 | eta: 25.7m
step 00477/02205 (21.63%) [ns3_ftrl_eta0p1] | loss: 3.602526 | lrm: 1.00 | dt: 910.79ms | tok/s: 575,638 | mfu: 32.85 | epoch: 1 | eta: 25.7m
step 00478/02205 (21.68%) [ns3_ftrl_eta0p1] | loss: 3.594898 | lrm: 1.00 | dt: 918.66ms | tok/s: 570,709 | mfu: 32.57 | epoch: 1 | eta: 25.7m
step 00479/02205 (21.72%) [ns3_ftrl_eta0p1] | loss: 3.583268 | lrm: 1.00 | dt: 896.64ms | tok/s: 584,725 | mfu: 33.37 | epoch: 1 | eta: 25.7m
step 00480/02205 (21.77%) [ns3_ftrl_eta0p1] | loss: 3.585579 | lrm: 1.00 | dt: 893.42ms | tok/s: 586,831 | mfu: 33.49 | epoch: 1 | eta: 25.7m
step 00481/02205 (21.81%) [ns3_ftrl_eta0p1] | loss: 3.579992 | lrm: 1.00 | dt: 901.00ms | tok/s: 581,893 | mfu: 33.21 | epoch: 1 | eta: 25.7m
step 00482/02205 (21.86%) [ns3_ftrl_eta0p1] | loss: 3.584938 | lrm: 1.00 | dt: 909.37ms | tok/s: 576,536 | mfu: 32.91 | epoch: 1 | eta: 25.6m
step 00483/02205 (21.90%) [ns3_ftrl_eta0p1] | loss: 3.586296 | lrm: 1.00 | dt: 899.55ms | tok/s: 582,835 | mfu: 33.27 | epoch: 1 | eta: 25.6m
step 00484/02205 (21.95%) [ns3_ftrl_eta0p1] | loss: 3.589195 | lrm: 1.00 | dt: 913.26ms | tok/s: 574,084 | mfu: 32.77 | epoch: 1 | eta: 25.6m
step 00485/02205 (22.00%) [ns3_ftrl_eta0p1] | loss: 3.587892 | lrm: 1.00 | dt: 890.94ms | tok/s: 588,469 | mfu: 33.59 | epoch: 1 | eta: 25.6m
step 00486/02205 (22.04%) [ns3_ftrl_eta0p1] | loss: 3.584083 | lrm: 1.00 | dt: 902.21ms | tok/s: 581,118 | mfu: 33.17 | epoch: 1 | eta: 25.6m
step 00487/02205 (22.09%) [ns3_ftrl_eta0p1] | loss: 3.588940 | lrm: 1.00 | dt: 921.91ms | tok/s: 568,697 | mfu: 32.46 | epoch: 1 | eta: 25.6m
step 00488/02205 (22.13%) [ns3_ftrl_eta0p1] | loss: 3.590284 | lrm: 1.00 | dt: 892.52ms | tok/s: 587,422 | mfu: 33.53 | epoch: 1 | eta: 25.6m
step 00489/02205 (22.18%) [ns3_ftrl_eta0p1] | loss: 3.595657 | lrm: 1.00 | dt: 917.09ms | tok/s: 571,685 | mfu: 32.63 | epoch: 1 | eta: 25.6m
step 00490/02205 (22.22%) [ns3_ftrl_eta0p1] | loss: 3.589852 | lrm: 1.00 | dt: 892.65ms | tok/s: 587,338 | mfu: 33.52 | epoch: 1 | eta: 25.5m
step 00491/02205 (22.27%) [ns3_ftrl_eta0p1] | loss: 3.589419 | lrm: 1.00 | dt: 896.71ms | tok/s: 584,679 | mfu: 33.37 | epoch: 1 | eta: 25.5m
step 00492/02205 (22.31%) [ns3_ftrl_eta0p1] | loss: 3.584046 | lrm: 1.00 | dt: 913.82ms | tok/s: 573,730 | mfu: 32.75 | epoch: 1 | eta: 25.5m
step 00493/02205 (22.36%) [ns3_ftrl_eta0p1] | loss: 3.589613 | lrm: 1.00 | dt: 897.68ms | tok/s: 584,045 | mfu: 33.33 | epoch: 1 | eta: 25.5m
step 00494/02205 (22.40%) [ns3_ftrl_eta0p1] | loss: 3.584975 | lrm: 1.00 | dt: 919.38ms | tok/s: 570,265 | mfu: 32.55 | epoch: 1 | eta: 25.5m
step 00495/02205 (22.45%) [ns3_ftrl_eta0p1] | loss: 3.587618 | lrm: 1.00 | dt: 890.67ms | tok/s: 588,644 | mfu: 33.60 | epoch: 1 | eta: 25.5m
step 00496/02205 (22.49%) [ns3_ftrl_eta0p1] | loss: 3.586715 | lrm: 1.00 | dt: 900.30ms | tok/s: 582,350 | mfu: 33.24 | epoch: 1 | eta: 25.4m
step 00497/02205 (22.54%) [ns3_ftrl_eta0p1] | loss: 3.590648 | lrm: 1.00 | dt: 913.43ms | tok/s: 573,975 | mfu: 32.76 | epoch: 1 | eta: 25.4m
step 00498/02205 (22.59%) [ns3_ftrl_eta0p1] | loss: 3.592289 | lrm: 1.00 | dt: 910.80ms | tok/s: 575,633 | mfu: 32.85 | epoch: 1 | eta: 25.4m
step 00499/02205 (22.63%) [ns3_ftrl_eta0p1] | loss: 3.584998 | lrm: 1.00 | dt: 893.76ms | tok/s: 586,609 | mfu: 33.48 | epoch: 1 | eta: 25.4m
Step 00500 | val bpb: 1.043326
step 00500/02205 (22.68%) [ns3_ftrl_eta0p1] | loss: 3.572294 | lrm: 1.00 | dt: 15433.80ms | tok/s: 33,970 | mfu: 1.94 | epoch: 1 | eta: 26.2m
step 00501/02205 (22.72%) [ns3_ftrl_eta0p1] | loss: 3.565667 | lrm: 1.00 | dt: 15167.24ms | tok/s: 34,567 | mfu: 1.97 | epoch: 1 | eta: 27.0m
step 00502/02205 (22.77%) [ns3_ftrl_eta0p1] | loss: 3.556848 | lrm: 1.00 | dt: 868.39ms | tok/s: 603,744 | mfu: 34.46 | epoch: 1 | eta: 27.0m
step 00503/02205 (22.81%) [ns3_ftrl_eta0p1] | loss: 3.563443 | lrm: 1.00 | dt: 868.28ms | tok/s: 603,821 | mfu: 34.46 | epoch: 1 | eta: 27.0m
step 00504/02205 (22.86%) [ns3_ftrl_eta0p1] | loss: 3.560307 | lrm: 1.00 | dt: 862.71ms | tok/s: 607,722 | mfu: 34.69 | epoch: 1 | eta: 27.0m
step 00505/02205 (22.90%) [ns3_ftrl_eta0p1] | loss: 3.559624 | lrm: 1.00 | dt: 875.04ms | tok/s: 599,159 | mfu: 34.20 | epoch: 1 | eta: 27.0m
step 00506/02205 (22.95%) [ns3_ftrl_eta0p1] | loss: 3.563804 | lrm: 1.00 | dt: 858.14ms | tok/s: 610,956 | mfu: 34.87 | epoch: 1 | eta: 26.9m
step 00507/02205 (22.99%) [ns3_ftrl_eta0p1] | loss: 3.565178 | lrm: 1.00 | dt: 863.69ms | tok/s: 607,033 | mfu: 34.65 | epoch: 1 | eta: 26.9m
step 00508/02205 (23.04%) [ns3_ftrl_eta0p1] | loss: 3.553812 | lrm: 1.00 | dt: 867.61ms | tok/s: 604,291 | mfu: 34.49 | epoch: 1 | eta: 26.9m
step 00509/02205 (23.08%) [ns3_ftrl_eta0p1] | loss: 3.552710 | lrm: 1.00 | dt: 866.79ms | tok/s: 604,864 | mfu: 34.52 | epoch: 1 | eta: 26.9m
step 00510/02205 (23.13%) [ns3_ftrl_eta0p1] | loss: 3.550964 | lrm: 1.00 | dt: 857.21ms | tok/s: 611,618 | mfu: 34.91 | epoch: 1 | eta: 26.9m
step 00511/02205 (23.17%) [ns3_ftrl_eta0p1] | loss: 3.546055 | lrm: 1.00 | dt: 872.02ms | tok/s: 601,236 | mfu: 34.32 | epoch: 1 | eta: 26.8m
step 00512/02205 (23.22%) [ns3_ftrl_eta0p1] | loss: 3.548818 | lrm: 1.00 | dt: 865.01ms | tok/s: 606,106 | mfu: 34.59 | epoch: 1 | eta: 26.8m
step 00513/02205 (23.27%) [ns3_ftrl_eta0p1] | loss: 3.545154 | lrm: 1.00 | dt: 858.58ms | tok/s: 610,642 | mfu: 34.85 | epoch: 1 | eta: 26.8m
step 00514/02205 (23.31%) [ns3_ftrl_eta0p1] | loss: 3.544091 | lrm: 1.00 | dt: 868.11ms | tok/s: 603,939 | mfu: 34.47 | epoch: 1 | eta: 26.8m
step 00515/02205 (23.36%) [ns3_ftrl_eta0p1] | loss: 3.540845 | lrm: 1.00 | dt: 864.36ms | tok/s: 606,564 | mfu: 34.62 | epoch: 1 | eta: 26.8m
step 00516/02205 (23.40%) [ns3_ftrl_eta0p1] | loss: 3.532149 | lrm: 1.00 | dt: 878.09ms | tok/s: 597,077 | mfu: 34.08 | epoch: 1 | eta: 26.7m
step 00517/02205 (23.45%) [ns3_ftrl_eta0p1] | loss: 3.540446 | lrm: 1.00 | dt: 861.33ms | tok/s: 608,696 | mfu: 34.74 | epoch: 1 | eta: 26.7m
step 00518/02205 (23.49%) [ns3_ftrl_eta0p1] | loss: 3.545968 | lrm: 1.00 | dt: 874.90ms | tok/s: 599,254 | mfu: 34.20 | epoch: 1 | eta: 26.7m
step 00519/02205 (23.54%) [ns3_ftrl_eta0p1] | loss: 3.539233 | lrm: 1.00 | dt: 873.42ms | tok/s: 600,269 | mfu: 34.26 | epoch: 1 | eta: 26.7m
step 00520/02205 (23.58%) [ns3_ftrl_eta0p1] | loss: 3.534914 | lrm: 1.00 | dt: 863.28ms | tok/s: 607,321 | mfu: 34.66 | epoch: 1 | eta: 26.7m
step 00521/02205 (23.63%) [ns3_ftrl_eta0p1] | loss: 3.525201 | lrm: 1.00 | dt: 870.76ms | tok/s: 602,104 | mfu: 34.37 | epoch: 1 | eta: 26.6m
step 00522/02205 (23.67%) [ns3_ftrl_eta0p1] | loss: 3.538277 | lrm: 1.00 | dt: 867.77ms | tok/s: 604,180 | mfu: 34.48 | epoch: 1 | eta: 26.6m
step 00523/02205 (23.72%) [ns3_ftrl_eta0p1] | loss: 3.539362 | lrm: 1.00 | dt: 873.81ms | tok/s: 600,001 | mfu: 34.25 | epoch: 1 | eta: 26.6m
step 00524/02205 (23.76%) [ns3_ftrl_eta0p1] | loss: 3.544597 | lrm: 1.00 | dt: 876.59ms | tok/s: 598,097 | mfu: 34.14 | epoch: 1 | eta: 26.6m
step 00525/02205 (23.81%) [ns3_ftrl_eta0p1] | loss: 3.541189 | lrm: 1.00 | dt: 875.35ms | tok/s: 598,943 | mfu: 34.19 | epoch: 1 | eta: 26.6m
step 00526/02205 (23.85%) [ns3_ftrl_eta0p1] | loss: 3.536223 | lrm: 1.00 | dt: 871.61ms | tok/s: 601,516 | mfu: 34.33 | epoch: 1 | eta: 26.5m
step 00527/02205 (23.90%) [ns3_ftrl_eta0p1] | loss: 3.541262 | lrm: 1.00 | dt: 867.03ms | tok/s: 604,696 | mfu: 34.51 | epoch: 1 | eta: 26.5m
step 00528/02205 (23.95%) [ns3_ftrl_eta0p1] | loss: 3.542902 | lrm: 1.00 | dt: 885.40ms | tok/s: 592,150 | mfu: 33.80 | epoch: 1 | eta: 26.5m
step 00529/02205 (23.99%) [ns3_ftrl_eta0p1] | loss: 3.551724 | lrm: 1.00 | dt: 875.04ms | tok/s: 599,161 | mfu: 34.20 | epoch: 1 | eta: 26.5m
step 00530/02205 (24.04%) [ns3_ftrl_eta0p1] | loss: 3.552235 | lrm: 1.00 | dt: 876.05ms | tok/s: 598,467 | mfu: 34.16 | epoch: 1 | eta: 26.5m
step 00531/02205 (24.08%) [ns3_ftrl_eta0p1] | loss: 3.541610 | lrm: 1.00 | dt: 874.86ms | tok/s: 599,281 | mfu: 34.20 | epoch: 1 | eta: 26.4m
step 00532/02205 (24.13%) [ns3_ftrl_eta0p1] | loss: 3.535756 | lrm: 1.00 | dt: 878.09ms | tok/s: 597,076 | mfu: 34.08 | epoch: 1 | eta: 26.4m
step 00533/02205 (24.17%) [ns3_ftrl_eta0p1] | loss: 3.536736 | lrm: 1.00 | dt: 864.90ms | tok/s: 606,180 | mfu: 34.60 | epoch: 1 | eta: 26.4m
step 00534/02205 (24.22%) [ns3_ftrl_eta0p1] | loss: 3.537968 | lrm: 1.00 | dt: 885.50ms | tok/s: 592,083 | mfu: 33.79 | epoch: 1 | eta: 26.4m
step 00535/02205 (24.26%) [ns3_ftrl_eta0p1] | loss: 3.536416 | lrm: 1.00 | dt: 877.34ms | tok/s: 597,587 | mfu: 34.11 | epoch: 1 | eta: 26.4m
step 00536/02205 (24.31%) [ns3_ftrl_eta0p1] | loss: 3.536973 | lrm: 1.00 | dt: 878.15ms | tok/s: 597,033 | mfu: 34.08 | epoch: 1 | eta: 26.3m
step 00537/02205 (24.35%) [ns3_ftrl_eta0p1] | loss: 3.536317 | lrm: 1.00 | dt: 881.42ms | tok/s: 594,821 | mfu: 33.95 | epoch: 1 | eta: 26.3m
step 00538/02205 (24.40%) [ns3_ftrl_eta0p1] | loss: 3.542417 | lrm: 1.00 | dt: 879.51ms | tok/s: 596,115 | mfu: 34.02 | epoch: 1 | eta: 26.3m
step 00539/02205 (24.44%) [ns3_ftrl_eta0p1] | loss: 3.539090 | lrm: 1.00 | dt: 883.96ms | tok/s: 593,110 | mfu: 33.85 | epoch: 1 | eta: 26.3m
step 00540/02205 (24.49%) [ns3_ftrl_eta0p1] | loss: 3.538450 | lrm: 1.00 | dt: 885.11ms | tok/s: 592,343 | mfu: 33.81 | epoch: 1 | eta: 26.3m
step 00541/02205 (24.54%) [ns3_ftrl_eta0p1] | loss: 3.537800 | lrm: 1.00 | dt: 882.00ms | tok/s: 594,430 | mfu: 33.93 | epoch: 1 | eta: 26.2m
step 00542/02205 (24.58%) [ns3_ftrl_eta0p1] | loss: 3.551338 | lrm: 1.00 | dt: 882.68ms | tok/s: 593,973 | mfu: 33.90 | epoch: 1 | eta: 26.2m
step 00543/02205 (24.63%) [ns3_ftrl_eta0p1] | loss: 3.549732 | lrm: 1.00 | dt: 27979.87ms | tok/s: 18,738 | mfu: 1.07 | epoch: 1 | eta: 27.6m
step 00544/02205 (24.67%) [ns3_ftrl_eta0p1] | loss: 3.537786 | lrm: 1.00 | dt: 860.98ms | tok/s: 608,944 | mfu: 34.76 | epoch: 1 | eta: 27.6m
step 00545/02205 (24.72%) [ns3_ftrl_eta0p1] | loss: 3.535223 | lrm: 1.00 | dt: 1398.06ms | tok/s: 375,009 | mfu: 21.40 | epoch: 1 | eta: 27.6m
step 00546/02205 (24.76%) [ns3_ftrl_eta0p1] | loss: 3.530942 | lrm: 1.00 | dt: 859.42ms | tok/s: 610,051 | mfu: 34.82 | epoch: 1 | eta: 27.6m
step 00547/02205 (24.81%) [ns3_ftrl_eta0p1] | loss: 3.528349 | lrm: 1.00 | dt: 856.02ms | tok/s: 612,474 | mfu: 34.96 | epoch: 1 | eta: 27.5m
step 00548/02205 (24.85%) [ns3_ftrl_eta0p1] | loss: 3.516624 | lrm: 1.00 | dt: 864.33ms | tok/s: 606,580 | mfu: 34.62 | epoch: 1 | eta: 27.5m
step 00549/02205 (24.90%) [ns3_ftrl_eta0p1] | loss: 3.510915 | lrm: 1.00 | dt: 863.93ms | tok/s: 606,861 | mfu: 34.64 | epoch: 1 | eta: 27.5m
step 00550/02205 (24.94%) [ns3_ftrl_eta0p1] | loss: 3.513386 | lrm: 1.00 | dt: 863.64ms | tok/s: 607,066 | mfu: 34.65 | epoch: 1 | eta: 27.5m
step 00551/02205 (24.99%) [ns3_ftrl_eta0p1] | loss: 3.515999 | lrm: 1.00 | dt: 868.40ms | tok/s: 603,737 | mfu: 34.46 | epoch: 1 | eta: 27.5m
step 00552/02205 (25.03%) [ns3_ftrl_eta0p1] | loss: 3.518345 | lrm: 1.00 | dt: 867.35ms | tok/s: 604,471 | mfu: 34.50 | epoch: 1 | eta: 27.4m
step 00553/02205 (25.08%) [ns3_ftrl_eta0p1] | loss: 3.513354 | lrm: 1.00 | dt: 861.90ms | tok/s: 608,291 | mfu: 34.72 | epoch: 1 | eta: 27.4m
step 00554/02205 (25.12%) [ns3_ftrl_eta0p1] | loss: 3.509005 | lrm: 1.00 | dt: 869.07ms | tok/s: 603,271 | mfu: 34.43 | epoch: 1 | eta: 27.4m
step 00555/02205 (25.17%) [ns3_ftrl_eta0p1] | loss: 3.505827 | lrm: 1.00 | dt: 871.98ms | tok/s: 601,260 | mfu: 34.32 | epoch: 1 | eta: 27.4m
step 00556/02205 (25.22%) [ns3_ftrl_eta0p1] | loss: 3.513359 | lrm: 1.00 | dt: 868.03ms | tok/s: 603,996 | mfu: 34.47 | epoch: 1 | eta: 27.3m
step 00557/02205 (25.26%) [ns3_ftrl_eta0p1] | loss: 3.518845 | lrm: 1.00 | dt: 865.37ms | tok/s: 605,850 | mfu: 34.58 | epoch: 1 | eta: 27.3m
step 00558/02205 (25.31%) [ns3_ftrl_eta0p1] | loss: 3.525207 | lrm: 1.00 | dt: 876.36ms | tok/s: 598,259 | mfu: 34.15 | epoch: 1 | eta: 27.3m
step 00559/02205 (25.35%) [ns3_ftrl_eta0p1] | loss: 3.520723 | lrm: 1.00 | dt: 865.69ms | tok/s: 605,632 | mfu: 34.57 | epoch: 1 | eta: 27.3m
step 00560/02205 (25.40%) [ns3_ftrl_eta0p1] | loss: 3.521683 | lrm: 1.00 | dt: 866.89ms | tok/s: 604,794 | mfu: 34.52 | epoch: 1 | eta: 27.2m
step 00561/02205 (25.44%) [ns3_ftrl_eta0p1] | loss: 3.521933 | lrm: 1.00 | dt: 869.88ms | tok/s: 602,713 | mfu: 34.40 | epoch: 1 | eta: 27.2m
step 00562/02205 (25.49%) [ns3_ftrl_eta0p1] | loss: 3.520514 | lrm: 1.00 | dt: 876.22ms | tok/s: 598,348 | mfu: 34.15 | epoch: 1 | eta: 27.2m
step 00563/02205 (25.53%) [ns3_ftrl_eta0p1] | loss: 3.513490 | lrm: 1.00 | dt: 871.04ms | tok/s: 601,909 | mfu: 34.35 | epoch: 1 | eta: 27.2m
step 00564/02205 (25.58%) [ns3_ftrl_eta0p1] | loss: 3.516391 | lrm: 1.00 | dt: 875.12ms | tok/s: 599,104 | mfu: 34.19 | epoch: 1 | eta: 27.2m
step 00565/02205 (25.62%) [ns3_ftrl_eta0p1] | loss: 3.512117 | lrm: 1.00 | dt: 868.23ms | tok/s: 603,860 | mfu: 34.47 | epoch: 1 | eta: 27.1m
step 00566/02205 (25.67%) [ns3_ftrl_eta0p1] | loss: 3.521976 | lrm: 1.00 | dt: 872.08ms | tok/s: 601,191 | mfu: 34.31 | epoch: 1 | eta: 27.1m
step 00567/02205 (25.71%) [ns3_ftrl_eta0p1] | loss: 3.518767 | lrm: 1.00 | dt: 874.19ms | tok/s: 599,741 | mfu: 34.23 | epoch: 1 | eta: 27.1m
step 00568/02205 (25.76%) [ns3_ftrl_eta0p1] | loss: 3.517883 | lrm: 1.00 | dt: 873.03ms | tok/s: 600,538 | mfu: 34.28 | epoch: 1 | eta: 27.1m
step 00569/02205 (25.80%) [ns3_ftrl_eta0p1] | loss: 3.524911 | lrm: 1.00 | dt: 873.99ms | tok/s: 599,877 | mfu: 34.24 | epoch: 1 | eta: 27.0m
step 00570/02205 (25.85%) [ns3_ftrl_eta0p1] | loss: 3.534267 | lrm: 1.00 | dt: 868.30ms | tok/s: 603,806 | mfu: 34.46 | epoch: 1 | eta: 27.0m
step 00571/02205 (25.90%) [ns3_ftrl_eta0p1] | loss: 3.529306 | lrm: 1.00 | dt: 878.96ms | tok/s: 596,483 | mfu: 34.04 | epoch: 1 | eta: 27.0m
step 00572/02205 (25.94%) [ns3_ftrl_eta0p1] | loss: 3.545401 | lrm: 1.00 | dt: 872.38ms | tok/s: 600,987 | mfu: 34.30 | epoch: 1 | eta: 27.0m
step 00573/02205 (25.99%) [ns3_ftrl_eta0p1] | loss: 3.528791 | lrm: 1.00 | dt: 875.56ms | tok/s: 598,804 | mfu: 34.18 | epoch: 1 | eta: 27.0m
step 00574/02205 (26.03%) [ns3_ftrl_eta0p1] | loss: 3.522883 | lrm: 1.00 | dt: 874.62ms | tok/s: 599,443 | mfu: 34.21 | epoch: 1 | eta: 26.9m
step 00575/02205 (26.08%) [ns3_ftrl_eta0p1] | loss: 3.528005 | lrm: 1.00 | dt: 880.17ms | tok/s: 595,666 | mfu: 34.00 | epoch: 1 | eta: 26.9m
step 00576/02205 (26.12%) [ns3_ftrl_eta0p1] | loss: 3.524667 | lrm: 1.00 | dt: 871.88ms | tok/s: 601,332 | mfu: 34.32 | epoch: 1 | eta: 26.9m
step 00577/02205 (26.17%) [ns3_ftrl_eta0p1] | loss: 3.523430 | lrm: 1.00 | dt: 885.13ms | tok/s: 592,326 | mfu: 33.81 | epoch: 1 | eta: 26.9m
step 00578/02205 (26.21%) [ns3_ftrl_eta0p1] | loss: 3.522839 | lrm: 1.00 | dt: 864.19ms | tok/s: 606,682 | mfu: 34.63 | epoch: 1 | eta: 26.8m
step 00579/02205 (26.26%) [ns3_ftrl_eta0p1] | loss: 3.526341 | lrm: 1.00 | dt: 876.91ms | tok/s: 597,882 | mfu: 34.12 | epoch: 1 | eta: 26.8m
step 00580/02205 (26.30%) [ns3_ftrl_eta0p1] | loss: 3.526987 | lrm: 1.00 | dt: 866.91ms | tok/s: 604,781 | mfu: 34.52 | epoch: 1 | eta: 26.8m
step 00581/02205 (26.35%) [ns3_ftrl_eta0p1] | loss: 3.532121 | lrm: 1.00 | dt: 879.53ms | tok/s: 596,100 | mfu: 34.02 | epoch: 1 | eta: 26.8m
step 00582/02205 (26.39%) [ns3_ftrl_eta0p1] | loss: 3.526808 | lrm: 1.00 | dt: 883.22ms | tok/s: 593,610 | mfu: 33.88 | epoch: 1 | eta: 26.8m
step 00583/02205 (26.44%) [ns3_ftrl_eta0p1] | loss: 3.518911 | lrm: 1.00 | dt: 881.61ms | tok/s: 594,692 | mfu: 33.94 | epoch: 1 | eta: 26.7m
step 00584/02205 (26.49%) [ns3_ftrl_eta0p1] | loss: 3.519298 | lrm: 1.00 | dt: 881.01ms | tok/s: 595,100 | mfu: 33.97 | epoch: 1 | eta: 26.7m
step 00585/02205 (26.53%) [ns3_ftrl_eta0p1] | loss: 3.516267 | lrm: 1.00 | dt: 880.34ms | tok/s: 595,554 | mfu: 33.99 | epoch: 1 | eta: 26.7m
step 00586/02205 (26.58%) [ns3_ftrl_eta0p1] | loss: 3.518230 | lrm: 1.00 | dt: 881.52ms | tok/s: 594,752 | mfu: 33.95 | epoch: 1 | eta: 26.7m
step 00587/02205 (26.62%) [ns3_ftrl_eta0p1] | loss: 3.519605 | lrm: 1.00 | dt: 876.91ms | tok/s: 597,883 | mfu: 34.12 | epoch: 1 | eta: 26.6m
step 00588/02205 (26.67%) [ns3_ftrl_eta0p1] | loss: 3.520798 | lrm: 1.00 | dt: 877.58ms | tok/s: 597,422 | mfu: 34.10 | epoch: 1 | eta: 26.6m
step 00589/02205 (26.71%) [ns3_ftrl_eta0p1] | loss: 3.512269 | lrm: 1.00 | dt: 868.20ms | tok/s: 603,882 | mfu: 34.47 | epoch: 1 | eta: 26.6m
step 00590/02205 (26.76%) [ns3_ftrl_eta0p1] | loss: 3.506116 | lrm: 1.00 | dt: 887.71ms | tok/s: 590,610 | mfu: 33.71 | epoch: 1 | eta: 26.6m
step 00591/02205 (26.80%) [ns3_ftrl_eta0p1] | loss: 3.520299 | lrm: 1.00 | dt: 883.29ms | tok/s: 593,560 | mfu: 33.88 | epoch: 1 | eta: 26.6m
step 00592/02205 (26.85%) [ns3_ftrl_eta0p1] | loss: 3.519643 | lrm: 1.00 | dt: 900.13ms | tok/s: 582,458 | mfu: 33.24 | epoch: 1 | eta: 26.5m
step 00593/02205 (26.89%) [ns3_ftrl_eta0p1] | loss: 3.517928 | lrm: 1.00 | dt: 898.97ms | tok/s: 583,207 | mfu: 33.29 | epoch: 1 | eta: 26.5m
step 00594/02205 (26.94%) [ns3_ftrl_eta0p1] | loss: 3.515261 | lrm: 1.00 | dt: 884.71ms | tok/s: 592,607 | mfu: 33.82 | epoch: 1 | eta: 26.5m
step 00595/02205 (26.98%) [ns3_ftrl_eta0p1] | loss: 3.518258 | lrm: 1.00 | dt: 881.18ms | tok/s: 594,983 | mfu: 33.96 | epoch: 1 | eta: 26.5m
step 00596/02205 (27.03%) [ns3_ftrl_eta0p1] | loss: 3.512300 | lrm: 1.00 | dt: 881.94ms | tok/s: 594,474 | mfu: 33.93 | epoch: 1 | eta: 26.5m
step 00597/02205 (27.07%) [ns3_ftrl_eta0p1] | loss: 3.508694 | lrm: 1.00 | dt: 891.82ms | tok/s: 587,884 | mfu: 33.55 | epoch: 1 | eta: 26.4m
step 00598/02205 (27.12%) [ns3_ftrl_eta0p1] | loss: 3.510831 | lrm: 1.00 | dt: 895.36ms | tok/s: 585,563 | mfu: 33.42 | epoch: 1 | eta: 26.4m
step 00599/02205 (27.17%) [ns3_ftrl_eta0p1] | loss: 3.514888 | lrm: 1.00 | dt: 885.26ms | tok/s: 592,244 | mfu: 33.80 | epoch: 1 | eta: 26.4m
step 00600/02205 (27.21%) [ns3_ftrl_eta0p1] | loss: 3.519584 | lrm: 1.00 | dt: 883.32ms | tok/s: 593,542 | mfu: 33.88 | epoch: 1 | eta: 26.4m
step 00601/02205 (27.26%) [ns3_ftrl_eta0p1] | loss: 3.510808 | lrm: 1.00 | dt: 907.48ms | tok/s: 577,743 | mfu: 32.98 | epoch: 1 | eta: 26.4m
step 00602/02205 (27.30%) [ns3_ftrl_eta0p1] | loss: 3.514269 | lrm: 1.00 | dt: 900.99ms | tok/s: 581,900 | mfu: 33.21 | epoch: 1 | eta: 26.3m
step 00603/02205 (27.35%) [ns3_ftrl_eta0p1] | loss: 3.513634 | lrm: 1.00 | dt: 883.57ms | tok/s: 593,372 | mfu: 33.87 | epoch: 1 | eta: 26.3m
step 00604/02205 (27.39%) [ns3_ftrl_eta0p1] | loss: 3.503343 | lrm: 1.00 | dt: 885.07ms | tok/s: 592,371 | mfu: 33.81 | epoch: 1 | eta: 26.3m
step 00605/02205 (27.44%) [ns3_ftrl_eta0p1] | loss: 3.509093 | lrm: 1.00 | dt: 888.01ms | tok/s: 590,408 | mfu: 33.70 | epoch: 1 | eta: 26.3m
step 00606/02205 (27.48%) [ns3_ftrl_eta0p1] | loss: 3.514298 | lrm: 1.00 | dt: 914.61ms | tok/s: 573,234 | mfu: 32.72 | epoch: 1 | eta: 26.3m
step 00607/02205 (27.53%) [ns3_ftrl_eta0p1] | loss: 3.512424 | lrm: 1.00 | dt: 884.96ms | tok/s: 592,439 | mfu: 33.81 | epoch: 1 | eta: 26.2m
step 00608/02205 (27.57%) [ns3_ftrl_eta0p1] | loss: 3.513754 | lrm: 1.00 | dt: 883.85ms | tok/s: 593,188 | mfu: 33.86 | epoch: 1 | eta: 26.2m
step 00609/02205 (27.62%) [ns3_ftrl_eta0p1] | loss: 3.524837 | lrm: 1.00 | dt: 870.77ms | tok/s: 602,094 | mfu: 34.36 | epoch: 1 | eta: 26.2m
step 00610/02205 (27.66%) [ns3_ftrl_eta0p1] | loss: 3.524545 | lrm: 1.00 | dt: 904.42ms | tok/s: 579,695 | mfu: 33.09 | epoch: 1 | eta: 26.2m
step 00611/02205 (27.71%) [ns3_ftrl_eta0p1] | loss: 3.526649 | lrm: 1.00 | dt: 888.95ms | tok/s: 589,782 | mfu: 33.66 | epoch: 1 | eta: 26.1m
step 00612/02205 (27.76%) [ns3_ftrl_eta0p1] | loss: 3.526464 | lrm: 1.00 | dt: 895.20ms | tok/s: 585,665 | mfu: 33.43 | epoch: 1 | eta: 26.1m
step 00613/02205 (27.80%) [ns3_ftrl_eta0p1] | loss: 3.527590 | lrm: 1.00 | dt: 907.25ms | tok/s: 577,884 | mfu: 32.98 | epoch: 1 | eta: 26.1m
step 00614/02205 (27.85%) [ns3_ftrl_eta0p1] | loss: 3.521643 | lrm: 1.00 | dt: 881.59ms | tok/s: 594,709 | mfu: 33.94 | epoch: 1 | eta: 26.1m
step 00615/02205 (27.89%) [ns3_ftrl_eta0p1] | loss: 3.518358 | lrm: 1.00 | dt: 900.10ms | tok/s: 582,475 | mfu: 33.25 | epoch: 1 | eta: 26.1m
step 00616/02205 (27.94%) [ns3_ftrl_eta0p1] | loss: 3.513959 | lrm: 1.00 | dt: 890.89ms | tok/s: 588,502 | mfu: 33.59 | epoch: 1 | eta: 26.0m
step 00617/02205 (27.98%) [ns3_ftrl_eta0p1] | loss: 3.517295 | lrm: 1.00 | dt: 907.84ms | tok/s: 577,511 | mfu: 32.96 | epoch: 1 | eta: 26.0m
step 00618/02205 (28.03%) [ns3_ftrl_eta0p1] | loss: 3.502984 | lrm: 1.00 | dt: 882.44ms | tok/s: 594,132 | mfu: 33.91 | epoch: 1 | eta: 26.0m
step 00619/02205 (28.07%) [ns3_ftrl_eta0p1] | loss: 3.497233 | lrm: 1.00 | dt: 888.55ms | tok/s: 590,052 | mfu: 33.68 | epoch: 1 | eta: 26.0m
step 00620/02205 (28.12%) [ns3_ftrl_eta0p1] | loss: 3.496656 | lrm: 1.00 | dt: 900.78ms | tok/s: 582,040 | mfu: 33.22 | epoch: 1 | eta: 26.0m
step 00621/02205 (28.16%) [ns3_ftrl_eta0p1] | loss: 3.498075 | lrm: 1.00 | dt: 904.29ms | tok/s: 579,779 | mfu: 33.09 | epoch: 1 | eta: 25.9m
step 00622/02205 (28.21%) [ns3_ftrl_eta0p1] | loss: 3.496346 | lrm: 1.00 | dt: 886.70ms | tok/s: 591,282 | mfu: 33.75 | epoch: 1 | eta: 25.9m
step 00623/02205 (28.25%) [ns3_ftrl_eta0p1] | loss: 3.497652 | lrm: 1.00 | dt: 898.44ms | tok/s: 583,550 | mfu: 33.31 | epoch: 1 | eta: 25.9m
step 00624/02205 (28.30%) [ns3_ftrl_eta0p1] | loss: 3.496034 | lrm: 1.00 | dt: 906.35ms | tok/s: 578,459 | mfu: 33.02 | epoch: 1 | eta: 25.9m
step 00625/02205 (28.34%) [ns3_ftrl_eta0p1] | loss: 3.500272 | lrm: 1.00 | dt: 890.67ms | tok/s: 588,644 | mfu: 33.60 | epoch: 1 | eta: 25.9m
step 00626/02205 (28.39%) [ns3_ftrl_eta0p1] | loss: 3.494144 | lrm: 1.00 | dt: 915.20ms | tok/s: 572,866 | mfu: 32.70 | epoch: 1 | eta: 25.8m
step 00627/02205 (28.44%) [ns3_ftrl_eta0p1] | loss: 3.484988 | lrm: 1.00 | dt: 887.67ms | tok/s: 590,636 | mfu: 33.71 | epoch: 1 | eta: 25.8m
step 00628/02205 (28.48%) [ns3_ftrl_eta0p1] | loss: 3.494618 | lrm: 1.00 | dt: 893.47ms | tok/s: 586,799 | mfu: 33.49 | epoch: 1 | eta: 25.8m
step 00629/02205 (28.53%) [ns3_ftrl_eta0p1] | loss: 3.480954 | lrm: 1.00 | dt: 912.60ms | tok/s: 574,497 | mfu: 32.79 | epoch: 1 | eta: 25.8m
step 00630/02205 (28.57%) [ns3_ftrl_eta0p1] | loss: 3.476770 | lrm: 1.00 | dt: 912.63ms | tok/s: 574,477 | mfu: 32.79 | epoch: 1 | eta: 25.8m
step 00631/02205 (28.62%) [ns3_ftrl_eta0p1] | loss: 3.476106 | lrm: 1.00 | dt: 886.23ms | tok/s: 591,596 | mfu: 33.77 | epoch: 1 | eta: 25.7m
step 00632/02205 (28.66%) [ns3_ftrl_eta0p1] | loss: 3.470113 | lrm: 1.00 | dt: 892.57ms | tok/s: 587,393 | mfu: 33.53 | epoch: 1 | eta: 25.7m
step 00633/02205 (28.71%) [ns3_ftrl_eta0p1] | loss: 3.469093 | lrm: 1.00 | dt: 886.08ms | tok/s: 591,693 | mfu: 33.77 | epoch: 1 | eta: 25.7m
step 00634/02205 (28.75%) [ns3_ftrl_eta0p1] | loss: 3.462033 | lrm: 1.00 | dt: 911.21ms | tok/s: 575,376 | mfu: 32.84 | epoch: 1 | eta: 25.7m
step 00635/02205 (28.80%) [ns3_ftrl_eta0p1] | loss: 3.465782 | lrm: 1.00 | dt: 902.97ms | tok/s: 580,627 | mfu: 33.14 | epoch: 1 | eta: 25.7m
step 00636/02205 (28.84%) [ns3_ftrl_eta0p1] | loss: 3.463863 | lrm: 1.00 | dt: 871.13ms | tok/s: 601,849 | mfu: 34.35 | epoch: 1 | eta: 25.6m
step 00637/02205 (28.89%) [ns3_ftrl_eta0p1] | loss: 3.454777 | lrm: 1.00 | dt: 893.91ms | tok/s: 586,509 | mfu: 33.48 | epoch: 1 | eta: 25.6m
step 00638/02205 (28.93%) [ns3_ftrl_eta0p1] | loss: 3.459125 | lrm: 1.00 | dt: 909.30ms | tok/s: 576,587 | mfu: 32.91 | epoch: 1 | eta: 25.6m
step 00639/02205 (28.98%) [ns3_ftrl_eta0p1] | loss: 3.460806 | lrm: 1.00 | dt: 889.47ms | tok/s: 589,441 | mfu: 33.64 | epoch: 1 | eta: 25.6m
step 00640/02205 (29.02%) [ns3_ftrl_eta0p1] | loss: 3.466270 | lrm: 1.00 | dt: 909.12ms | tok/s: 576,699 | mfu: 32.92 | epoch: 1 | eta: 25.6m
step 00641/02205 (29.07%) [ns3_ftrl_eta0p1] | loss: 3.462099 | lrm: 1.00 | dt: 888.07ms | tok/s: 590,366 | mfu: 33.70 | epoch: 1 | eta: 25.5m
step 00642/02205 (29.12%) [ns3_ftrl_eta0p1] | loss: 3.474257 | lrm: 1.00 | dt: 889.27ms | tok/s: 589,569 | mfu: 33.65 | epoch: 1 | eta: 25.5m
step 00643/02205 (29.16%) [ns3_ftrl_eta0p1] | loss: 3.475252 | lrm: 1.00 | dt: 914.76ms | tok/s: 573,141 | mfu: 32.71 | epoch: 1 | eta: 25.5m
step 00644/02205 (29.21%) [ns3_ftrl_eta0p1] | loss: 3.481554 | lrm: 1.00 | dt: 900.26ms | tok/s: 582,373 | mfu: 33.24 | epoch: 1 | eta: 25.5m
step 00645/02205 (29.25%) [ns3_ftrl_eta0p1] | loss: 3.483165 | lrm: 1.00 | dt: 895.32ms | tok/s: 585,590 | mfu: 33.42 | epoch: 1 | eta: 25.5m
step 00646/02205 (29.30%) [ns3_ftrl_eta0p1] | loss: 3.474304 | lrm: 1.00 | dt: 913.79ms | tok/s: 573,752 | mfu: 32.75 | epoch: 1 | eta: 25.4m
step 00647/02205 (29.34%) [ns3_ftrl_eta0p1] | loss: 3.478812 | lrm: 1.00 | dt: 890.87ms | tok/s: 588,514 | mfu: 33.59 | epoch: 1 | eta: 25.4m
step 00648/02205 (29.39%) [ns3_ftrl_eta0p1] | loss: 3.476266 | lrm: 1.00 | dt: 886.81ms | tok/s: 591,204 | mfu: 33.74 | epoch: 1 | eta: 25.4m
step 00649/02205 (29.43%) [ns3_ftrl_eta0p1] | loss: 3.475536 | lrm: 1.00 | dt: 899.09ms | tok/s: 583,129 | mfu: 33.28 | epoch: 1 | eta: 25.4m
step 00650/02205 (29.48%) [ns3_ftrl_eta0p1] | loss: 3.473214 | lrm: 1.00 | dt: 903.95ms | tok/s: 579,999 | mfu: 33.10 | epoch: 1 | eta: 25.4m
step 00651/02205 (29.52%) [ns3_ftrl_eta0p1] | loss: 3.471721 | lrm: 1.00 | dt: 889.94ms | tok/s: 589,124 | mfu: 33.62 | epoch: 1 | eta: 25.4m
step 00652/02205 (29.57%) [ns3_ftrl_eta0p1] | loss: 3.464488 | lrm: 1.00 | dt: 896.03ms | tok/s: 585,125 | mfu: 33.40 | epoch: 1 | eta: 25.3m
step 00653/02205 (29.61%) [ns3_ftrl_eta0p1] | loss: 3.470921 | lrm: 1.00 | dt: 923.13ms | tok/s: 567,948 | mfu: 32.42 | epoch: 1 | eta: 25.3m
step 00654/02205 (29.66%) [ns3_ftrl_eta0p1] | loss: 3.465165 | lrm: 1.00 | dt: 890.26ms | tok/s: 588,915 | mfu: 33.61 | epoch: 1 | eta: 25.3m
step 00655/02205 (29.71%) [ns3_ftrl_eta0p1] | loss: 3.466020 | lrm: 1.00 | dt: 892.54ms | tok/s: 587,407 | mfu: 33.53 | epoch: 1 | eta: 25.3m
step 00656/02205 (29.75%) [ns3_ftrl_eta0p1] | loss: 3.464548 | lrm: 1.00 | dt: 892.27ms | tok/s: 587,588 | mfu: 33.54 | epoch: 1 | eta: 25.3m
step 00657/02205 (29.80%) [ns3_ftrl_eta0p1] | loss: 3.460628 | lrm: 1.00 | dt: 895.87ms | tok/s: 585,227 | mfu: 33.40 | epoch: 1 | eta: 25.2m
step 00658/02205 (29.84%) [ns3_ftrl_eta0p1] | loss: 3.460813 | lrm: 1.00 | dt: 896.13ms | tok/s: 585,056 | mfu: 33.39 | epoch: 1 | eta: 25.2m
step 00659/02205 (29.89%) [ns3_ftrl_eta0p1] | loss: 3.468665 | lrm: 1.00 | dt: 918.33ms | tok/s: 570,912 | mfu: 32.59 | epoch: 1 | eta: 25.2m
step 00660/02205 (29.93%) [ns3_ftrl_eta0p1] | loss: 3.468607 | lrm: 1.00 | dt: 889.67ms | tok/s: 589,303 | mfu: 33.63 | epoch: 1 | eta: 25.2m
step 00661/02205 (29.98%) [ns3_ftrl_eta0p1] | loss: 3.458028 | lrm: 1.00 | dt: 892.85ms | tok/s: 587,207 | mfu: 33.52 | epoch: 1 | eta: 25.2m
step 00662/02205 (30.02%) [ns3_ftrl_eta0p1] | loss: 3.456735 | lrm: 1.00 | dt: 909.42ms | tok/s: 576,508 | mfu: 32.90 | epoch: 1 | eta: 25.1m
step 00663/02205 (30.07%) [ns3_ftrl_eta0p1] | loss: 3.451480 | lrm: 1.00 | dt: 906.17ms | tok/s: 578,574 | mfu: 33.02 | epoch: 1 | eta: 25.1m
step 00664/02205 (30.11%) [ns3_ftrl_eta0p1] | loss: 3.444090 | lrm: 1.00 | dt: 889.88ms | tok/s: 589,163 | mfu: 33.63 | epoch: 1 | eta: 25.1m
step 00665/02205 (30.16%) [ns3_ftrl_eta0p1] | loss: 3.457931 | lrm: 1.00 | dt: 918.30ms | tok/s: 570,935 | mfu: 32.59 | epoch: 1 | eta: 25.1m
step 00666/02205 (30.20%) [ns3_ftrl_eta0p1] | loss: 3.465441 | lrm: 1.00 | dt: 887.25ms | tok/s: 590,912 | mfu: 33.73 | epoch: 1 | eta: 25.1m
step 00667/02205 (30.25%) [ns3_ftrl_eta0p1] | loss: 3.464445 | lrm: 1.00 | dt: 900.74ms | tok/s: 582,065 | mfu: 33.22 | epoch: 1 | eta: 25.0m
step 00668/02205 (30.29%) [ns3_ftrl_eta0p1] | loss: 3.476636 | lrm: 1.00 | dt: 899.61ms | tok/s: 582,797 | mfu: 33.26 | epoch: 1 | eta: 25.0m
step 00669/02205 (30.34%) [ns3_ftrl_eta0p1] | loss: 3.473093 | lrm: 1.00 | dt: 909.77ms | tok/s: 576,288 | mfu: 32.89 | epoch: 1 | eta: 25.0m
step 00670/02205 (30.39%) [ns3_ftrl_eta0p1] | loss: 3.478286 | lrm: 1.00 | dt: 887.38ms | tok/s: 590,824 | mfu: 33.72 | epoch: 1 | eta: 25.0m
step 00671/02205 (30.43%) [ns3_ftrl_eta0p1] | loss: 3.469639 | lrm: 1.00 | dt: 916.04ms | tok/s: 572,342 | mfu: 32.67 | epoch: 1 | eta: 25.0m
step 00672/02205 (30.48%) [ns3_ftrl_eta0p1] | loss: 3.474303 | lrm: 1.00 | dt: 889.01ms | tok/s: 589,743 | mfu: 33.66 | epoch: 1 | eta: 24.9m
step 00673/02205 (30.52%) [ns3_ftrl_eta0p1] | loss: 3.475326 | lrm: 1.00 | dt: 899.41ms | tok/s: 582,922 | mfu: 33.27 | epoch: 1 | eta: 24.9m
step 00674/02205 (30.57%) [ns3_ftrl_eta0p1] | loss: 3.469230 | lrm: 1.00 | dt: 908.35ms | tok/s: 577,186 | mfu: 32.94 | epoch: 1 | eta: 24.9m
step 00675/02205 (30.61%) [ns3_ftrl_eta0p1] | loss: 3.481727 | lrm: 1.00 | dt: 903.67ms | tok/s: 580,175 | mfu: 33.11 | epoch: 1 | eta: 24.9m
step 00676/02205 (30.66%) [ns3_ftrl_eta0p1] | loss: 3.478452 | lrm: 1.00 | dt: 892.94ms | tok/s: 587,148 | mfu: 33.51 | epoch: 1 | eta: 24.9m
step 00677/02205 (30.70%) [ns3_ftrl_eta0p1] | loss: 3.479268 | lrm: 1.00 | dt: 893.21ms | tok/s: 586,972 | mfu: 33.50 | epoch: 1 | eta: 24.8m
step 00678/02205 (30.75%) [ns3_ftrl_eta0p1] | loss: 3.469402 | lrm: 1.00 | dt: 910.07ms | tok/s: 576,097 | mfu: 32.88 | epoch: 1 | eta: 24.8m
step 00679/02205 (30.79%) [ns3_ftrl_eta0p1] | loss: 3.472987 | lrm: 1.00 | dt: 893.87ms | tok/s: 586,534 | mfu: 33.48 | epoch: 1 | eta: 24.8m
step 00680/02205 (30.84%) [ns3_ftrl_eta0p1] | loss: 3.472284 | lrm: 1.00 | dt: 917.68ms | tok/s: 571,321 | mfu: 32.61 | epoch: 1 | eta: 24.8m
step 00681/02205 (30.88%) [ns3_ftrl_eta0p1] | loss: 3.473500 | lrm: 1.00 | dt: 890.85ms | tok/s: 588,524 | mfu: 33.59 | epoch: 1 | eta: 24.8m
step 00682/02205 (30.93%) [ns3_ftrl_eta0p1] | loss: 3.480855 | lrm: 1.00 | dt: 895.12ms | tok/s: 585,718 | mfu: 33.43 | epoch: 1 | eta: 24.8m
step 00683/02205 (30.98%) [ns3_ftrl_eta0p1] | loss: 3.490958 | lrm: 1.00 | dt: 916.21ms | tok/s: 572,234 | mfu: 32.66 | epoch: 1 | eta: 24.7m
step 00684/02205 (31.02%) [ns3_ftrl_eta0p1] | loss: 3.478489 | lrm: 1.00 | dt: 906.73ms | tok/s: 578,218 | mfu: 33.00 | epoch: 1 | eta: 24.7m
step 00685/02205 (31.07%) [ns3_ftrl_eta0p1] | loss: 3.475575 | lrm: 1.00 | dt: 890.23ms | tok/s: 588,932 | mfu: 33.61 | epoch: 1 | eta: 24.7m
step 00686/02205 (31.11%) [ns3_ftrl_eta0p1] | loss: 3.480653 | lrm: 1.00 | dt: 906.95ms | tok/s: 578,076 | mfu: 32.99 | epoch: 1 | eta: 24.7m
step 00687/02205 (31.16%) [ns3_ftrl_eta0p1] | loss: 3.468151 | lrm: 1.00 | dt: 893.37ms | tok/s: 586,868 | mfu: 33.50 | epoch: 1 | eta: 24.7m
step 00688/02205 (31.20%) [ns3_ftrl_eta0p1] | loss: 3.469442 | lrm: 1.00 | dt: 905.83ms | tok/s: 578,794 | mfu: 33.04 | epoch: 1 | eta: 24.6m
step 00689/02205 (31.25%) [ns3_ftrl_eta0p1] | loss: 3.465934 | lrm: 1.00 | dt: 909.24ms | tok/s: 576,623 | mfu: 32.91 | epoch: 1 | eta: 24.6m
step 00690/02205 (31.29%) [ns3_ftrl_eta0p1] | loss: 3.458608 | lrm: 1.00 | dt: 892.38ms | tok/s: 587,516 | mfu: 33.53 | epoch: 1 | eta: 24.6m
step 00691/02205 (31.34%) [ns3_ftrl_eta0p1] | loss: 3.460207 | lrm: 1.00 | dt: 899.24ms | tok/s: 583,031 | mfu: 33.28 | epoch: 1 | eta: 24.6m
step 00692/02205 (31.38%) [ns3_ftrl_eta0p1] | loss: 3.467807 | lrm: 1.00 | dt: 899.77ms | tok/s: 582,689 | mfu: 33.26 | epoch: 1 | eta: 24.6m
step 00693/02205 (31.43%) [ns3_ftrl_eta0p1] | loss: 3.460895 | lrm: 1.00 | dt: 905.61ms | tok/s: 578,931 | mfu: 33.04 | epoch: 1 | eta: 24.5m
step 00694/02205 (31.47%) [ns3_ftrl_eta0p1] | loss: 3.457118 | lrm: 1.00 | dt: 889.59ms | tok/s: 589,359 | mfu: 33.64 | epoch: 1 | eta: 24.5m
step 00695/02205 (31.52%) [ns3_ftrl_eta0p1] | loss: 3.451810 | lrm: 1.00 | dt: 914.69ms | tok/s: 573,187 | mfu: 32.72 | epoch: 1 | eta: 24.5m
step 00696/02205 (31.56%) [ns3_ftrl_eta0p1] | loss: 3.447544 | lrm: 1.00 | dt: 887.93ms | tok/s: 590,461 | mfu: 33.70 | epoch: 1 | eta: 24.5m
step 00697/02205 (31.61%) [ns3_ftrl_eta0p1] | loss: 3.443544 | lrm: 1.00 | dt: 900.84ms | tok/s: 581,996 | mfu: 33.22 | epoch: 1 | eta: 24.5m
step 00698/02205 (31.66%) [ns3_ftrl_eta0p1] | loss: 3.454593 | lrm: 1.00 | dt: 909.93ms | tok/s: 576,182 | mfu: 32.89 | epoch: 1 | eta: 24.4m
step 00699/02205 (31.70%) [ns3_ftrl_eta0p1] | loss: 3.450113 | lrm: 1.00 | dt: 902.11ms | tok/s: 581,178 | mfu: 33.17 | epoch: 1 | eta: 24.4m
step 00700/02205 (31.75%) [ns3_ftrl_eta0p1] | loss: 3.460380 | lrm: 1.00 | dt: 891.87ms | tok/s: 587,851 | mfu: 33.55 | epoch: 1 | eta: 24.4m
step 00701/02205 (31.79%) [ns3_ftrl_eta0p1] | loss: 3.458825 | lrm: 1.00 | dt: 895.21ms | tok/s: 585,660 | mfu: 33.43 | epoch: 1 | eta: 24.4m
step 00702/02205 (31.84%) [ns3_ftrl_eta0p1] | loss: 3.459141 | lrm: 1.00 | dt: 912.44ms | tok/s: 574,602 | mfu: 32.80 | epoch: 1 | eta: 24.4m
step 00703/02205 (31.88%) [ns3_ftrl_eta0p1] | loss: 3.456413 | lrm: 1.00 | dt: 899.45ms | tok/s: 582,898 | mfu: 33.27 | epoch: 1 | eta: 24.4m
step 00704/02205 (31.93%) [ns3_ftrl_eta0p1] | loss: 3.453442 | lrm: 1.00 | dt: 915.16ms | tok/s: 572,889 | mfu: 32.70 | epoch: 1 | eta: 24.3m
step 00705/02205 (31.97%) [ns3_ftrl_eta0p1] | loss: 3.442515 | lrm: 1.00 | dt: 889.77ms | tok/s: 589,242 | mfu: 33.63 | epoch: 1 | eta: 24.3m
step 00706/02205 (32.02%) [ns3_ftrl_eta0p1] | loss: 3.444049 | lrm: 1.00 | dt: 892.61ms | tok/s: 587,362 | mfu: 33.52 | epoch: 1 | eta: 24.3m
step 00707/02205 (32.06%) [ns3_ftrl_eta0p1] | loss: 3.445545 | lrm: 1.00 | dt: 914.59ms | tok/s: 573,249 | mfu: 32.72 | epoch: 1 | eta: 24.3m
step 00708/02205 (32.11%) [ns3_ftrl_eta0p1] | loss: 3.444229 | lrm: 1.00 | dt: 900.36ms | tok/s: 582,309 | mfu: 33.24 | epoch: 1 | eta: 24.3m
step 00709/02205 (32.15%) [ns3_ftrl_eta0p1] | loss: 3.444398 | lrm: 1.00 | dt: 895.41ms | tok/s: 585,529 | mfu: 33.42 | epoch: 1 | eta: 24.2m
step 00710/02205 (32.20%) [ns3_ftrl_eta0p1] | loss: 3.455495 | lrm: 1.00 | dt: 917.22ms | tok/s: 571,605 | mfu: 32.62 | epoch: 1 | eta: 24.2m
step 00711/02205 (32.24%) [ns3_ftrl_eta0p1] | loss: 3.464035 | lrm: 1.00 | dt: 886.28ms | tok/s: 591,558 | mfu: 33.76 | epoch: 1 | eta: 24.2m
step 00712/02205 (32.29%) [ns3_ftrl_eta0p1] | loss: 3.461617 | lrm: 1.00 | dt: 922.34ms | tok/s: 568,431 | mfu: 32.44 | epoch: 1 | eta: 24.2m
step 00713/02205 (32.34%) [ns3_ftrl_eta0p1] | loss: 3.455854 | lrm: 1.00 | dt: 907.73ms | tok/s: 577,583 | mfu: 32.97 | epoch: 1 | eta: 24.2m
step 00714/02205 (32.38%) [ns3_ftrl_eta0p1] | loss: 3.445366 | lrm: 1.00 | dt: 891.21ms | tok/s: 588,289 | mfu: 33.58 | epoch: 1 | eta: 24.1m
step 00715/02205 (32.43%) [ns3_ftrl_eta0p1] | loss: 3.453174 | lrm: 1.00 | dt: 912.66ms | tok/s: 574,458 | mfu: 32.79 | epoch: 1 | eta: 24.1m
step 00716/02205 (32.47%) [ns3_ftrl_eta0p1] | loss: 3.448795 | lrm: 1.00 | dt: 889.57ms | tok/s: 589,375 | mfu: 33.64 | epoch: 1 | eta: 24.1m
step 00717/02205 (32.52%) [ns3_ftrl_eta0p1] | loss: 3.452521 | lrm: 1.00 | dt: 919.64ms | tok/s: 570,104 | mfu: 32.54 | epoch: 1 | eta: 24.1m
step 00718/02205 (32.56%) [ns3_ftrl_eta0p1] | loss: 3.444205 | lrm: 1.00 | dt: 900.60ms | tok/s: 582,154 | mfu: 33.23 | epoch: 1 | eta: 24.1m
step 00719/02205 (32.61%) [ns3_ftrl_eta0p1] | loss: 3.449315 | lrm: 1.00 | dt: 889.78ms | tok/s: 589,230 | mfu: 33.63 | epoch: 1 | eta: 24.1m
step 00720/02205 (32.65%) [ns3_ftrl_eta0p1] | loss: 3.451311 | lrm: 1.00 | dt: 922.70ms | tok/s: 568,211 | mfu: 32.43 | epoch: 1 | eta: 24.0m
step 00721/02205 (32.70%) [ns3_ftrl_eta0p1] | loss: 3.456955 | lrm: 1.00 | dt: 888.83ms | tok/s: 589,865 | mfu: 33.67 | epoch: 1 | eta: 24.0m
step 00722/02205 (32.74%) [ns3_ftrl_eta0p1] | loss: 3.458019 | lrm: 1.00 | dt: 907.43ms | tok/s: 577,772 | mfu: 32.98 | epoch: 1 | eta: 24.0m
step 00723/02205 (32.79%) [ns3_ftrl_eta0p1] | loss: 3.456654 | lrm: 1.00 | dt: 908.18ms | tok/s: 577,292 | mfu: 32.95 | epoch: 1 | eta: 24.0m
step 00724/02205 (32.83%) [ns3_ftrl_eta0p1] | loss: 3.460408 | lrm: 1.00 | dt: 894.96ms | tok/s: 585,819 | mfu: 33.44 | epoch: 1 | eta: 24.0m
step 00725/02205 (32.88%) [ns3_ftrl_eta0p1] | loss: 3.470176 | lrm: 1.00 | dt: 901.34ms | tok/s: 581,679 | mfu: 33.20 | epoch: 1 | eta: 23.9m
step 00726/02205 (32.93%) [ns3_ftrl_eta0p1] | loss: 3.462514 | lrm: 1.00 | dt: 894.85ms | tok/s: 585,895 | mfu: 33.44 | epoch: 1 | eta: 23.9m
step 00727/02205 (32.97%) [ns3_ftrl_eta0p1] | loss: 3.462353 | lrm: 1.00 | dt: 904.06ms | tok/s: 579,925 | mfu: 33.10 | epoch: 1 | eta: 23.9m
step 00728/02205 (33.02%) [ns3_ftrl_eta0p1] | loss: 3.459970 | lrm: 1.00 | dt: 912.60ms | tok/s: 574,500 | mfu: 32.79 | epoch: 1 | eta: 23.9m
step 00729/02205 (33.06%) [ns3_ftrl_eta0p1] | loss: 3.457432 | lrm: 1.00 | dt: 893.93ms | tok/s: 586,496 | mfu: 33.47 | epoch: 1 | eta: 23.9m
step 00730/02205 (33.11%) [ns3_ftrl_eta0p1] | loss: 3.457277 | lrm: 1.00 | dt: 892.96ms | tok/s: 587,133 | mfu: 33.51 | epoch: 1 | eta: 23.9m
step 00731/02205 (33.15%) [ns3_ftrl_eta0p1] | loss: 3.460013 | lrm: 1.00 | dt: 898.90ms | tok/s: 583,255 | mfu: 33.29 | epoch: 1 | eta: 23.8m
step 00732/02205 (33.20%) [ns3_ftrl_eta0p1] | loss: 3.451470 | lrm: 1.00 | dt: 910.19ms | tok/s: 576,018 | mfu: 32.88 | epoch: 1 | eta: 23.8m
step 00733/02205 (33.24%) [ns3_ftrl_eta0p1] | loss: 3.446145 | lrm: 1.00 | dt: 898.48ms | tok/s: 583,530 | mfu: 33.31 | epoch: 1 | eta: 23.8m
step 00734/02205 (33.29%) [ns3_ftrl_eta0p1] | loss: 3.443578 | lrm: 1.00 | dt: 919.33ms | tok/s: 570,291 | mfu: 32.55 | epoch: 1 | eta: 23.8m
step 00735/02205 (33.33%) [ns3_ftrl_eta0p1] | loss: 3.441338 | lrm: 1.00 | dt: 889.51ms | tok/s: 589,413 | mfu: 33.64 | epoch: 1 | eta: 23.8m
step 00736/02205 (33.38%) [ns3_ftrl_eta0p1] | loss: 3.448669 | lrm: 1.00 | dt: 895.57ms | tok/s: 585,420 | mfu: 33.41 | epoch: 1 | eta: 23.7m
step 00737/02205 (33.42%) [ns3_ftrl_eta0p1] | loss: 3.446268 | lrm: 1.00 | dt: 909.96ms | tok/s: 576,165 | mfu: 32.88 | epoch: 1 | eta: 23.7m
step 00738/02205 (33.47%) [ns3_ftrl_eta0p1] | loss: 3.439211 | lrm: 1.00 | dt: 903.30ms | tok/s: 580,412 | mfu: 33.13 | epoch: 1 | eta: 23.7m
step 00739/02205 (33.51%) [ns3_ftrl_eta0p1] | loss: 3.427592 | lrm: 1.00 | dt: 892.52ms | tok/s: 587,423 | mfu: 33.53 | epoch: 1 | eta: 23.7m
step 00740/02205 (33.56%) [ns3_ftrl_eta0p1] | loss: 3.431397 | lrm: 1.00 | dt: 897.92ms | tok/s: 583,889 | mfu: 33.33 | epoch: 1 | eta: 23.7m
step 00741/02205 (33.61%) [ns3_ftrl_eta0p1] | loss: 3.428347 | lrm: 1.00 | dt: 906.81ms | tok/s: 578,167 | mfu: 33.00 | epoch: 1 | eta: 23.6m
step 00742/02205 (33.65%) [ns3_ftrl_eta0p1] | loss: 3.424961 | lrm: 1.00 | dt: 911.82ms | tok/s: 574,989 | mfu: 32.82 | epoch: 1 | eta: 23.6m
step 00743/02205 (33.70%) [ns3_ftrl_eta0p1] | loss: 3.435242 | lrm: 1.00 | dt: 907.43ms | tok/s: 577,770 | mfu: 32.98 | epoch: 1 | eta: 23.6m
step 00744/02205 (33.74%) [ns3_ftrl_eta0p1] | loss: 3.426980 | lrm: 1.00 | dt: 892.80ms | tok/s: 587,237 | mfu: 33.52 | epoch: 1 | eta: 23.6m
step 00745/02205 (33.79%) [ns3_ftrl_eta0p1] | loss: 3.433073 | lrm: 1.00 | dt: 899.78ms | tok/s: 582,681 | mfu: 33.26 | epoch: 1 | eta: 23.6m
step 00746/02205 (33.83%) [ns3_ftrl_eta0p1] | loss: 3.440078 | lrm: 1.00 | dt: 901.10ms | tok/s: 581,832 | mfu: 33.21 | epoch: 1 | eta: 23.6m
step 00747/02205 (33.88%) [ns3_ftrl_eta0p1] | loss: 3.445726 | lrm: 1.00 | dt: 893.43ms | tok/s: 586,822 | mfu: 33.49 | epoch: 1 | eta: 23.5m
step 00748/02205 (33.92%) [ns3_ftrl_eta0p1] | loss: 3.441769 | lrm: 1.00 | dt: 910.19ms | tok/s: 576,023 | mfu: 32.88 | epoch: 1 | eta: 23.5m
step 00749/02205 (33.97%) [ns3_ftrl_eta0p1] | loss: 3.439742 | lrm: 1.00 | dt: 899.24ms | tok/s: 583,033 | mfu: 33.28 | epoch: 1 | eta: 23.5m
Step 00750 | val bpb: 1.008362
step 00750/02205 (34.01%) [ns3_ftrl_eta0p1] | loss: 3.430067 | lrm: 1.00 | dt: 923.05ms | tok/s: 567,994 | mfu: 32.42 | epoch: 1 | eta: 23.5m
step 00751/02205 (34.06%) [ns3_ftrl_eta0p1] | loss: 3.441016 | lrm: 1.00 | dt: 889.91ms | tok/s: 589,148 | mfu: 33.63 | epoch: 1 | eta: 23.5m
step 00752/02205 (34.10%) [ns3_ftrl_eta0p1] | loss: 3.442914 | lrm: 1.00 | dt: 895.11ms | tok/s: 585,723 | mfu: 33.43 | epoch: 1 | eta: 23.4m
step 00753/02205 (34.15%) [ns3_ftrl_eta0p1] | loss: 3.444408 | lrm: 1.00 | dt: 893.40ms | tok/s: 586,848 | mfu: 33.49 | epoch: 1 | eta: 23.4m
step 00754/02205 (34.20%) [ns3_ftrl_eta0p1] | loss: 3.447373 | lrm: 1.00 | dt: 892.62ms | tok/s: 587,360 | mfu: 33.52 | epoch: 1 | eta: 23.4m
step 00755/02205 (34.24%) [ns3_ftrl_eta0p1] | loss: 3.446312 | lrm: 1.00 | dt: 890.01ms | tok/s: 589,082 | mfu: 33.62 | epoch: 1 | eta: 23.4m
step 00756/02205 (34.29%) [ns3_ftrl_eta0p1] | loss: 3.450333 | lrm: 1.00 | dt: 894.30ms | tok/s: 586,255 | mfu: 33.46 | epoch: 1 | eta: 23.4m
step 00757/02205 (34.33%) [ns3_ftrl_eta0p1] | loss: 3.452259 | lrm: 1.00 | dt: 891.75ms | tok/s: 587,930 | mfu: 33.56 | epoch: 1 | eta: 23.4m
step 00758/02205 (34.38%) [ns3_ftrl_eta0p1] | loss: 3.453211 | lrm: 1.00 | dt: 891.78ms | tok/s: 587,914 | mfu: 33.56 | epoch: 1 | eta: 23.3m
step 00759/02205 (34.42%) [ns3_ftrl_eta0p1] | loss: 3.456157 | lrm: 1.00 | dt: 892.23ms | tok/s: 587,617 | mfu: 33.54 | epoch: 1 | eta: 23.3m
step 00760/02205 (34.47%) [ns3_ftrl_eta0p1] | loss: 3.450469 | lrm: 1.00 | dt: 891.92ms | tok/s: 587,821 | mfu: 33.55 | epoch: 1 | eta: 23.3m
step 00761/02205 (34.51%) [ns3_ftrl_eta0p1] | loss: 3.450452 | lrm: 1.00 | dt: 893.96ms | tok/s: 586,478 | mfu: 33.47 | epoch: 1 | eta: 23.3m
step 00762/02205 (34.56%) [ns3_ftrl_eta0p1] | loss: 3.451688 | lrm: 1.00 | dt: 889.85ms | tok/s: 589,187 | mfu: 33.63 | epoch: 1 | eta: 23.3m
step 00763/02205 (34.60%) [ns3_ftrl_eta0p1] | loss: 3.439776 | lrm: 1.00 | dt: 898.35ms | tok/s: 583,610 | mfu: 33.31 | epoch: 1 | eta: 23.2m
step 00764/02205 (34.65%) [ns3_ftrl_eta0p1] | loss: 3.442683 | lrm: 1.00 | dt: 892.42ms | tok/s: 587,493 | mfu: 33.53 | epoch: 1 | eta: 23.2m
step 00765/02205 (34.69%) [ns3_ftrl_eta0p1] | loss: 3.450487 | lrm: 1.00 | dt: 895.16ms | tok/s: 585,689 | mfu: 33.43 | epoch: 1 | eta: 23.2m
step 00766/02205 (34.74%) [ns3_ftrl_eta0p1] | loss: 3.451225 | lrm: 1.00 | dt: 895.95ms | tok/s: 585,176 | mfu: 33.40 | epoch: 1 | eta: 23.2m
step 00767/02205 (34.78%) [ns3_ftrl_eta0p1] | loss: 3.450803 | lrm: 1.00 | dt: 899.20ms | tok/s: 583,059 | mfu: 33.28 | epoch: 1 | eta: 23.2m
step 00768/02205 (34.83%) [ns3_ftrl_eta0p1] | loss: 3.442693 | lrm: 1.00 | dt: 892.24ms | tok/s: 587,606 | mfu: 33.54 | epoch: 1 | eta: 23.2m
step 00769/02205 (34.88%) [ns3_ftrl_eta0p1] | loss: 3.441291 | lrm: 1.00 | dt: 895.62ms | tok/s: 585,388 | mfu: 33.41 | epoch: 1 | eta: 23.1m
step 00770/02205 (34.92%) [ns3_ftrl_eta0p1] | loss: 3.438643 | lrm: 1.00 | dt: 884.07ms | tok/s: 593,038 | mfu: 33.85 | epoch: 1 | eta: 23.1m
step 00771/02205 (34.97%) [ns3_ftrl_eta0p1] | loss: 3.437753 | lrm: 1.00 | dt: 892.49ms | tok/s: 587,444 | mfu: 33.53 | epoch: 1 | eta: 23.1m
step 00772/02205 (35.01%) [ns3_ftrl_eta0p1] | loss: 3.433151 | lrm: 1.00 | dt: 895.79ms | tok/s: 585,282 | mfu: 33.41 | epoch: 1 | eta: 23.1m
step 00773/02205 (35.06%) [ns3_ftrl_eta0p1] | loss: 3.425101 | lrm: 1.00 | dt: 897.87ms | tok/s: 583,924 | mfu: 33.33 | epoch: 1 | eta: 23.1m
step 00774/02205 (35.10%) [ns3_ftrl_eta0p1] | loss: 3.436047 | lrm: 1.00 | dt: 894.36ms | tok/s: 586,216 | mfu: 33.46 | epoch: 1 | eta: 23.0m
step 00775/02205 (35.15%) [ns3_ftrl_eta0p1] | loss: 3.442537 | lrm: 1.00 | dt: 899.13ms | tok/s: 583,106 | mfu: 33.28 | epoch: 1 | eta: 23.0m
step 00776/02205 (35.19%) [ns3_ftrl_eta0p1] | loss: 3.450691 | lrm: 1.00 | dt: 897.89ms | tok/s: 583,908 | mfu: 33.33 | epoch: 1 | eta: 23.0m
step 00777/02205 (35.24%) [ns3_ftrl_eta0p1] | loss: 3.444797 | lrm: 1.00 | dt: 894.05ms | tok/s: 586,420 | mfu: 33.47 | epoch: 1 | eta: 23.0m
step 00778/02205 (35.28%) [ns3_ftrl_eta0p1] | loss: 3.446556 | lrm: 1.00 | dt: 895.10ms | tok/s: 585,728 | mfu: 33.43 | epoch: 1 | eta: 23.0m
step 00779/02205 (35.33%) [ns3_ftrl_eta0p1] | loss: 3.451890 | lrm: 1.00 | dt: 890.83ms | tok/s: 588,542 | mfu: 33.59 | epoch: 1 | eta: 22.9m
step 00780/02205 (35.37%) [ns3_ftrl_eta0p1] | loss: 3.451889 | lrm: 1.00 | dt: 881.89ms | tok/s: 594,507 | mfu: 33.93 | epoch: 1 | eta: 22.9m
step 00781/02205 (35.42%) [ns3_ftrl_eta0p1] | loss: 3.438113 | lrm: 1.00 | dt: 895.94ms | tok/s: 585,185 | mfu: 33.40 | epoch: 1 | eta: 22.9m
step 00782/02205 (35.46%) [ns3_ftrl_eta0p1] | loss: 3.428199 | lrm: 1.00 | dt: 900.06ms | tok/s: 582,506 | mfu: 33.25 | epoch: 1 | eta: 22.9m
step 00783/02205 (35.51%) [ns3_ftrl_eta0p1] | loss: 3.430769 | lrm: 1.00 | dt: 892.82ms | tok/s: 587,229 | mfu: 33.52 | epoch: 1 | eta: 22.9m
step 00784/02205 (35.56%) [ns3_ftrl_eta0p1] | loss: 3.441155 | lrm: 1.00 | dt: 890.89ms | tok/s: 588,500 | mfu: 33.59 | epoch: 1 | eta: 22.9m
step 00785/02205 (35.60%) [ns3_ftrl_eta0p1] | loss: 3.441670 | lrm: 1.00 | dt: 892.66ms | tok/s: 587,334 | mfu: 33.52 | epoch: 1 | eta: 22.8m
step 00786/02205 (35.65%) [ns3_ftrl_eta0p1] | loss: 3.441769 | lrm: 1.00 | dt: 892.51ms | tok/s: 587,427 | mfu: 33.53 | epoch: 1 | eta: 22.8m
step 00787/02205 (35.69%) [ns3_ftrl_eta0p1] | loss: 3.437775 | lrm: 1.00 | dt: 892.55ms | tok/s: 587,407 | mfu: 33.53 | epoch: 1 | eta: 22.8m
step 00788/02205 (35.74%) [ns3_ftrl_eta0p1] | loss: 3.436792 | lrm: 1.00 | dt: 891.12ms | tok/s: 588,343 | mfu: 33.58 | epoch: 1 | eta: 22.8m
step 00789/02205 (35.78%) [ns3_ftrl_eta0p1] | loss: 3.432972 | lrm: 1.00 | dt: 895.10ms | tok/s: 585,730 | mfu: 33.43 | epoch: 1 | eta: 22.8m
step 00790/02205 (35.83%) [ns3_ftrl_eta0p1] | loss: 3.442651 | lrm: 1.00 | dt: 890.80ms | tok/s: 588,558 | mfu: 33.59 | epoch: 1 | eta: 22.7m
step 00791/02205 (35.87%) [ns3_ftrl_eta0p1] | loss: 3.440330 | lrm: 1.00 | dt: 894.27ms | tok/s: 586,275 | mfu: 33.46 | epoch: 1 | eta: 22.7m
step 00792/02205 (35.92%) [ns3_ftrl_eta0p1] | loss: 3.432054 | lrm: 1.00 | dt: 888.89ms | tok/s: 589,824 | mfu: 33.66 | epoch: 1 | eta: 22.7m
step 00793/02205 (35.96%) [ns3_ftrl_eta0p1] | loss: 3.433855 | lrm: 1.00 | dt: 896.02ms | tok/s: 585,130 | mfu: 33.40 | epoch: 1 | eta: 22.7m
step 00794/02205 (36.01%) [ns3_ftrl_eta0p1] | loss: 3.432236 | lrm: 1.00 | dt: 890.45ms | tok/s: 588,790 | mfu: 33.61 | epoch: 1 | eta: 22.7m
step 00795/02205 (36.05%) [ns3_ftrl_eta0p1] | loss: 3.425812 | lrm: 1.00 | dt: 896.06ms | tok/s: 585,104 | mfu: 33.40 | epoch: 1 | eta: 22.7m
step 00796/02205 (36.10%) [ns3_ftrl_eta0p1] | loss: 3.423350 | lrm: 1.00 | dt: 61131.35ms | tok/s: 8,576 | mfu: 0.49 | epoch: 1 | eta: 24.4m
step 00797/02205 (36.15%) [ns3_ftrl_eta0p1] | loss: 3.439847 | lrm: 1.00 | dt: 863.87ms | tok/s: 606,903 | mfu: 34.64 | epoch: 1 | eta: 24.4m
step 00798/02205 (36.19%) [ns3_ftrl_eta0p1] | loss: 3.438335 | lrm: 1.00 | dt: 864.33ms | tok/s: 606,580 | mfu: 34.62 | epoch: 1 | eta: 24.4m
step 00799/02205 (36.24%) [ns3_ftrl_eta0p1] | loss: 3.448898 | lrm: 1.00 | dt: 8222.45ms | tok/s: 63,762 | mfu: 3.64 | epoch: 1 | eta: 24.6m
step 00800/02205 (36.28%) [ns3_ftrl_eta0p1] | loss: 3.446856 | lrm: 1.00 | dt: 882.27ms | tok/s: 594,247 | mfu: 33.92 | epoch: 1 | eta: 24.6m
step 00801/02205 (36.33%) [ns3_ftrl_eta0p1] | loss: 3.449788 | lrm: 1.00 | dt: 874.31ms | tok/s: 599,656 | mfu: 34.23 | epoch: 1 | eta: 24.5m
step 00802/02205 (36.37%) [ns3_ftrl_eta0p1] | loss: 3.445443 | lrm: 1.00 | dt: 863.63ms | tok/s: 607,076 | mfu: 34.65 | epoch: 1 | eta: 24.5m
step 00803/02205 (36.42%) [ns3_ftrl_eta0p1] | loss: 3.444397 | lrm: 1.00 | dt: 860.25ms | tok/s: 609,457 | mfu: 34.79 | epoch: 1 | eta: 24.5m
step 00804/02205 (36.46%) [ns3_ftrl_eta0p1] | loss: 3.431669 | lrm: 1.00 | dt: 879.45ms | tok/s: 596,153 | mfu: 34.03 | epoch: 1 | eta: 24.5m
step 00805/02205 (36.51%) [ns3_ftrl_eta0p1] | loss: 3.423516 | lrm: 1.00 | dt: 5165.62ms | tok/s: 101,495 | mfu: 5.79 | epoch: 1 | eta: 24.6m
step 00806/02205 (36.55%) [ns3_ftrl_eta0p1] | loss: 3.422301 | lrm: 1.00 | dt: 6324.28ms | tok/s: 82,900 | mfu: 4.73 | epoch: 1 | eta: 24.7m
step 00807/02205 (36.60%) [ns3_ftrl_eta0p1] | loss: 3.413364 | lrm: 1.00 | dt: 856.83ms | tok/s: 611,895 | mfu: 34.92 | epoch: 1 | eta: 24.7m
step 00808/02205 (36.64%) [ns3_ftrl_eta0p1] | loss: 3.420076 | lrm: 1.00 | dt: 5012.90ms | tok/s: 104,587 | mfu: 5.97 | epoch: 1 | eta: 24.8m
step 00809/02205 (36.69%) [ns3_ftrl_eta0p1] | loss: 3.424414 | lrm: 1.00 | dt: 883.50ms | tok/s: 593,424 | mfu: 33.87 | epoch: 1 | eta: 24.8m
step 00810/02205 (36.73%) [ns3_ftrl_eta0p1] | loss: 3.425001 | lrm: 1.00 | dt: 862.85ms | tok/s: 607,626 | mfu: 34.68 | epoch: 1 | eta: 24.7m
step 00811/02205 (36.78%) [ns3_ftrl_eta0p1] | loss: 3.431094 | lrm: 1.00 | dt: 887.00ms | tok/s: 591,081 | mfu: 33.74 | epoch: 1 | eta: 24.7m
step 00812/02205 (36.83%) [ns3_ftrl_eta0p1] | loss: 3.416477 | lrm: 1.00 | dt: 867.99ms | tok/s: 604,022 | mfu: 34.47 | epoch: 1 | eta: 24.7m
step 00813/02205 (36.87%) [ns3_ftrl_eta0p1] | loss: 3.408980 | lrm: 1.00 | dt: 871.01ms | tok/s: 601,931 | mfu: 34.36 | epoch: 1 | eta: 24.7m
step 00814/02205 (36.92%) [ns3_ftrl_eta0p1] | loss: 3.401324 | lrm: 1.00 | dt: 864.23ms | tok/s: 606,652 | mfu: 34.63 | epoch: 1 | eta: 24.7m
step 00815/02205 (36.96%) [ns3_ftrl_eta0p1] | loss: 3.400375 | lrm: 1.00 | dt: 882.09ms | tok/s: 594,368 | mfu: 33.92 | epoch: 1 | eta: 24.6m
step 00816/02205 (37.01%) [ns3_ftrl_eta0p1] | loss: 3.407906 | lrm: 1.00 | dt: 903.21ms | tok/s: 580,470 | mfu: 33.13 | epoch: 1 | eta: 24.6m
step 00817/02205 (37.05%) [ns3_ftrl_eta0p1] | loss: 3.406538 | lrm: 1.00 | dt: 8043.00ms | tok/s: 65,185 | mfu: 3.72 | epoch: 1 | eta: 24.8m
step 00818/02205 (37.10%) [ns3_ftrl_eta0p1] | loss: 3.407385 | lrm: 1.00 | dt: 854.85ms | tok/s: 613,307 | mfu: 35.00 | epoch: 1 | eta: 24.8m
step 00819/02205 (37.14%) [ns3_ftrl_eta0p1] | loss: 3.412043 | lrm: 1.00 | dt: 9645.24ms | tok/s: 54,357 | mfu: 3.10 | epoch: 1 | eta: 25.0m
step 00820/02205 (37.19%) [ns3_ftrl_eta0p1] | loss: 3.410667 | lrm: 1.00 | dt: 12488.54ms | tok/s: 41,981 | mfu: 2.40 | epoch: 1 | eta: 25.3m
step 00821/02205 (37.23%) [ns3_ftrl_eta0p1] | loss: 3.414107 | lrm: 1.00 | dt: 868.81ms | tok/s: 603,453 | mfu: 34.44 | epoch: 1 | eta: 25.3m
step 00822/02205 (37.28%) [ns3_ftrl_eta0p1] | loss: 3.407519 | lrm: 1.00 | dt: 10829.55ms | tok/s: 48,412 | mfu: 2.76 | epoch: 1 | eta: 25.5m
step 00823/02205 (37.32%) [ns3_ftrl_eta0p1] | loss: 3.419692 | lrm: 1.00 | dt: 870.37ms | tok/s: 602,374 | mfu: 34.38 | epoch: 1 | eta: 25.5m
step 00824/02205 (37.37%) [ns3_ftrl_eta0p1] | loss: 3.417068 | lrm: 1.00 | dt: 868.48ms | tok/s: 603,684 | mfu: 34.46 | epoch: 1 | eta: 25.5m
step 00825/02205 (37.41%) [ns3_ftrl_eta0p1] | loss: 3.418087 | lrm: 1.00 | dt: 862.15ms | tok/s: 608,118 | mfu: 34.71 | epoch: 1 | eta: 25.5m
step 00826/02205 (37.46%) [ns3_ftrl_eta0p1] | loss: 3.418768 | lrm: 1.00 | dt: 866.37ms | tok/s: 605,154 | mfu: 34.54 | epoch: 1 | eta: 25.4m
step 00827/02205 (37.51%) [ns3_ftrl_eta0p1] | loss: 3.413613 | lrm: 1.00 | dt: 857.11ms | tok/s: 611,693 | mfu: 34.91 | epoch: 1 | eta: 25.4m
step 00828/02205 (37.55%) [ns3_ftrl_eta0p1] | loss: 3.412985 | lrm: 1.00 | dt: 858.14ms | tok/s: 610,957 | mfu: 34.87 | epoch: 1 | eta: 25.4m
step 00829/02205 (37.60%) [ns3_ftrl_eta0p1] | loss: 3.417730 | lrm: 1.00 | dt: 864.85ms | tok/s: 606,219 | mfu: 34.60 | epoch: 1 | eta: 25.4m
step 00830/02205 (37.64%) [ns3_ftrl_eta0p1] | loss: 3.415373 | lrm: 1.00 | dt: 853.12ms | tok/s: 614,550 | mfu: 35.08 | epoch: 1 | eta: 25.3m
step 00831/02205 (37.69%) [ns3_ftrl_eta0p1] | loss: 3.417414 | lrm: 1.00 | dt: 864.43ms | tok/s: 606,513 | mfu: 34.62 | epoch: 1 | eta: 25.3m
step 00832/02205 (37.73%) [ns3_ftrl_eta0p1] | loss: 3.425104 | lrm: 1.00 | dt: 884.14ms | tok/s: 592,991 | mfu: 33.85 | epoch: 1 | eta: 25.3m
step 00833/02205 (37.78%) [ns3_ftrl_eta0p1] | loss: 3.426021 | lrm: 1.00 | dt: 877.46ms | tok/s: 597,505 | mfu: 34.10 | epoch: 1 | eta: 25.3m
step 00834/02205 (37.82%) [ns3_ftrl_eta0p1] | loss: 3.415172 | lrm: 1.00 | dt: 865.48ms | tok/s: 605,774 | mfu: 34.57 | epoch: 1 | eta: 25.2m
step 00835/02205 (37.87%) [ns3_ftrl_eta0p1] | loss: 3.415453 | lrm: 1.00 | dt: 873.38ms | tok/s: 600,297 | mfu: 34.26 | epoch: 1 | eta: 25.2m
step 00836/02205 (37.91%) [ns3_ftrl_eta0p1] | loss: 3.418568 | lrm: 1.00 | dt: 858.27ms | tok/s: 610,865 | mfu: 34.87 | epoch: 1 | eta: 25.2m
step 00837/02205 (37.96%) [ns3_ftrl_eta0p1] | loss: 3.425744 | lrm: 1.00 | dt: 863.26ms | tok/s: 607,336 | mfu: 34.66 | epoch: 1 | eta: 25.2m
step 00838/02205 (38.00%) [ns3_ftrl_eta0p1] | loss: 3.418882 | lrm: 1.00 | dt: 857.28ms | tok/s: 611,570 | mfu: 34.91 | epoch: 1 | eta: 25.1m
step 00839/02205 (38.05%) [ns3_ftrl_eta0p1] | loss: 3.425990 | lrm: 1.00 | dt: 873.31ms | tok/s: 600,345 | mfu: 34.27 | epoch: 1 | eta: 25.1m
step 00840/02205 (38.10%) [ns3_ftrl_eta0p1] | loss: 3.424895 | lrm: 1.00 | dt: 882.20ms | tok/s: 594,297 | mfu: 33.92 | epoch: 1 | eta: 25.1m
step 00841/02205 (38.14%) [ns3_ftrl_eta0p1] | loss: 3.418902 | lrm: 1.00 | dt: 878.53ms | tok/s: 596,777 | mfu: 34.06 | epoch: 1 | eta: 25.1m
step 00842/02205 (38.19%) [ns3_ftrl_eta0p1] | loss: 3.423214 | lrm: 1.00 | dt: 865.21ms | tok/s: 605,964 | mfu: 34.59 | epoch: 1 | eta: 25.0m
step 00843/02205 (38.23%) [ns3_ftrl_eta0p1] | loss: 3.434405 | lrm: 1.00 | dt: 871.46ms | tok/s: 601,621 | mfu: 34.34 | epoch: 1 | eta: 25.0m
step 00844/02205 (38.28%) [ns3_ftrl_eta0p1] | loss: 3.438164 | lrm: 1.00 | dt: 863.33ms | tok/s: 607,288 | mfu: 34.66 | epoch: 1 | eta: 25.0m
step 00845/02205 (38.32%) [ns3_ftrl_eta0p1] | loss: 3.441884 | lrm: 1.00 | dt: 873.15ms | tok/s: 600,452 | mfu: 34.27 | epoch: 1 | eta: 25.0m
step 00846/02205 (38.37%) [ns3_ftrl_eta0p1] | loss: 3.441309 | lrm: 1.00 | dt: 890.50ms | tok/s: 588,756 | mfu: 33.60 | epoch: 1 | eta: 24.9m
step 00847/02205 (38.41%) [ns3_ftrl_eta0p1] | loss: 3.446335 | lrm: 1.00 | dt: 863.86ms | tok/s: 606,912 | mfu: 34.64 | epoch: 1 | eta: 24.9m
step 00848/02205 (38.46%) [ns3_ftrl_eta0p1] | loss: 3.435836 | lrm: 1.00 | dt: 877.74ms | tok/s: 597,313 | mfu: 34.09 | epoch: 1 | eta: 24.9m
step 00849/02205 (38.50%) [ns3_ftrl_eta0p1] | loss: 3.429346 | lrm: 1.00 | dt: 878.99ms | tok/s: 596,468 | mfu: 34.04 | epoch: 1 | eta: 24.9m
step 00850/02205 (38.55%) [ns3_ftrl_eta0p1] | loss: 3.418770 | lrm: 1.00 | dt: 866.03ms | tok/s: 605,392 | mfu: 34.55 | epoch: 1 | eta: 24.8m
step 00851/02205 (38.59%) [ns3_ftrl_eta0p1] | loss: 3.413919 | lrm: 1.00 | dt: 877.51ms | tok/s: 597,469 | mfu: 34.10 | epoch: 1 | eta: 24.8m
step 00852/02205 (38.64%) [ns3_ftrl_eta0p1] | loss: 3.414419 | lrm: 1.00 | dt: 884.69ms | tok/s: 592,624 | mfu: 33.82 | epoch: 1 | eta: 24.8m
step 00853/02205 (38.68%) [ns3_ftrl_eta0p1] | loss: 3.412690 | lrm: 1.00 | dt: 878.79ms | tok/s: 596,601 | mfu: 34.05 | epoch: 1 | eta: 24.8m
step 00854/02205 (38.73%) [ns3_ftrl_eta0p1] | loss: 3.409626 | lrm: 1.00 | dt: 888.40ms | tok/s: 590,145 | mfu: 33.68 | epoch: 1 | eta: 24.7m
step 00855/02205 (38.78%) [ns3_ftrl_eta0p1] | loss: 3.409722 | lrm: 1.00 | dt: 855.34ms | tok/s: 612,958 | mfu: 34.98 | epoch: 1 | eta: 24.7m
step 00856/02205 (38.82%) [ns3_ftrl_eta0p1] | loss: 3.411268 | lrm: 1.00 | dt: 872.97ms | tok/s: 600,577 | mfu: 34.28 | epoch: 1 | eta: 24.7m
step 00857/02205 (38.87%) [ns3_ftrl_eta0p1] | loss: 3.417448 | lrm: 1.00 | dt: 873.95ms | tok/s: 599,908 | mfu: 34.24 | epoch: 1 | eta: 24.7m
step 00858/02205 (38.91%) [ns3_ftrl_eta0p1] | loss: 3.415775 | lrm: 1.00 | dt: 868.21ms | tok/s: 603,874 | mfu: 34.47 | epoch: 1 | eta: 24.6m
step 00859/02205 (38.96%) [ns3_ftrl_eta0p1] | loss: 3.417849 | lrm: 1.00 | dt: 891.22ms | tok/s: 588,279 | mfu: 33.58 | epoch: 1 | eta: 24.6m
step 00860/02205 (39.00%) [ns3_ftrl_eta0p1] | loss: 3.415748 | lrm: 1.00 | dt: 854.11ms | tok/s: 613,840 | mfu: 35.04 | epoch: 1 | eta: 24.6m
step 00861/02205 (39.05%) [ns3_ftrl_eta0p1] | loss: 3.426346 | lrm: 1.00 | dt: 883.78ms | tok/s: 593,233 | mfu: 33.86 | epoch: 1 | eta: 24.6m
step 00862/02205 (39.09%) [ns3_ftrl_eta0p1] | loss: 3.428409 | lrm: 1.00 | dt: 868.31ms | tok/s: 603,802 | mfu: 34.46 | epoch: 1 | eta: 24.5m
step 00863/02205 (39.14%) [ns3_ftrl_eta0p1] | loss: 3.421485 | lrm: 1.00 | dt: 887.03ms | tok/s: 591,057 | mfu: 33.73 | epoch: 1 | eta: 24.5m
step 00864/02205 (39.18%) [ns3_ftrl_eta0p1] | loss: 3.413823 | lrm: 1.00 | dt: 867.88ms | tok/s: 604,104 | mfu: 34.48 | epoch: 1 | eta: 24.5m
step 00865/02205 (39.23%) [ns3_ftrl_eta0p1] | loss: 3.408385 | lrm: 1.00 | dt: 889.43ms | tok/s: 589,467 | mfu: 33.64 | epoch: 1 | eta: 24.5m
step 00866/02205 (39.27%) [ns3_ftrl_eta0p1] | loss: 3.411985 | lrm: 1.00 | dt: 871.17ms | tok/s: 601,822 | mfu: 34.35 | epoch: 1 | eta: 24.4m
step 00867/02205 (39.32%) [ns3_ftrl_eta0p1] | loss: 3.419154 | lrm: 1.00 | dt: 867.95ms | tok/s: 604,052 | mfu: 34.48 | epoch: 1 | eta: 24.4m
step 00868/02205 (39.37%) [ns3_ftrl_eta0p1] | loss: 3.424498 | lrm: 1.00 | dt: 875.54ms | tok/s: 598,813 | mfu: 34.18 | epoch: 1 | eta: 24.4m
step 00869/02205 (39.41%) [ns3_ftrl_eta0p1] | loss: 3.426879 | lrm: 1.00 | dt: 868.92ms | tok/s: 603,381 | mfu: 34.44 | epoch: 1 | eta: 24.4m
step 00870/02205 (39.46%) [ns3_ftrl_eta0p1] | loss: 3.419810 | lrm: 1.00 | dt: 878.45ms | tok/s: 596,831 | mfu: 34.06 | epoch: 1 | eta: 24.4m
step 00871/02205 (39.50%) [ns3_ftrl_eta0p1] | loss: 3.413186 | lrm: 1.00 | dt: 887.31ms | tok/s: 590,870 | mfu: 33.72 | epoch: 1 | eta: 24.3m
step 00872/02205 (39.55%) [ns3_ftrl_eta0p1] | loss: 3.412712 | lrm: 1.00 | dt: 881.13ms | tok/s: 595,018 | mfu: 33.96 | epoch: 1 | eta: 24.3m
step 00873/02205 (39.59%) [ns3_ftrl_eta0p1] | loss: 3.412955 | lrm: 1.00 | dt: 874.99ms | tok/s: 599,194 | mfu: 34.20 | epoch: 1 | eta: 24.3m
step 00874/02205 (39.64%) [ns3_ftrl_eta0p1] | loss: 3.410640 | lrm: 1.00 | dt: 877.89ms | tok/s: 597,211 | mfu: 34.09 | epoch: 1 | eta: 24.3m
step 00875/02205 (39.68%) [ns3_ftrl_eta0p1] | loss: 3.414804 | lrm: 1.00 | dt: 876.59ms | tok/s: 598,097 | mfu: 34.14 | epoch: 1 | eta: 24.2m
step 00876/02205 (39.73%) [ns3_ftrl_eta0p1] | loss: 3.412486 | lrm: 1.00 | dt: 884.20ms | tok/s: 592,948 | mfu: 33.84 | epoch: 1 | eta: 24.2m
step 00877/02205 (39.77%) [ns3_ftrl_eta0p1] | loss: 3.422362 | lrm: 1.00 | dt: 872.11ms | tok/s: 601,173 | mfu: 34.31 | epoch: 1 | eta: 24.2m
step 00878/02205 (39.82%) [ns3_ftrl_eta0p1] | loss: 3.420186 | lrm: 1.00 | dt: 875.24ms | tok/s: 599,019 | mfu: 34.19 | epoch: 1 | eta: 24.2m
step 00879/02205 (39.86%) [ns3_ftrl_eta0p1] | loss: 3.427941 | lrm: 1.00 | dt: 864.37ms | tok/s: 606,556 | mfu: 34.62 | epoch: 1 | eta: 24.1m
step 00880/02205 (39.91%) [ns3_ftrl_eta0p1] | loss: 3.428121 | lrm: 1.00 | dt: 879.10ms | tok/s: 596,392 | mfu: 34.04 | epoch: 1 | eta: 24.1m
step 00881/02205 (39.95%) [ns3_ftrl_eta0p1] | loss: 3.433962 | lrm: 1.00 | dt: 873.53ms | tok/s: 600,195 | mfu: 34.26 | epoch: 1 | eta: 24.1m
step 00882/02205 (40.00%) [ns3_ftrl_eta0p1] | loss: 3.433305 | lrm: 1.00 | dt: 883.74ms | tok/s: 593,258 | mfu: 33.86 | epoch: 1 | eta: 24.1m
step 00883/02205 (40.05%) [ns3_ftrl_eta0p1] | loss: 3.429051 | lrm: 1.00 | dt: 876.15ms | tok/s: 598,396 | mfu: 34.15 | epoch: 1 | eta: 24.0m
step 00884/02205 (40.09%) [ns3_ftrl_eta0p1] | loss: 3.427199 | lrm: 1.00 | dt: 877.18ms | tok/s: 597,695 | mfu: 34.11 | epoch: 1 | eta: 24.0m
step 00885/02205 (40.14%) [ns3_ftrl_eta0p1] | loss: 3.415073 | lrm: 1.00 | dt: 878.10ms | tok/s: 597,071 | mfu: 34.08 | epoch: 1 | eta: 24.0m
step 00886/02205 (40.18%) [ns3_ftrl_eta0p1] | loss: 3.413531 | lrm: 1.00 | dt: 876.11ms | tok/s: 598,428 | mfu: 34.16 | epoch: 1 | eta: 24.0m
step 00887/02205 (40.23%) [ns3_ftrl_eta0p1] | loss: 3.417791 | lrm: 1.00 | dt: 890.78ms | tok/s: 588,568 | mfu: 33.59 | epoch: 1 | eta: 23.9m
step 00888/02205 (40.27%) [ns3_ftrl_eta0p1] | loss: 3.426442 | lrm: 1.00 | dt: 880.30ms | tok/s: 595,580 | mfu: 33.99 | epoch: 1 | eta: 23.9m
step 00889/02205 (40.32%) [ns3_ftrl_eta0p1] | loss: 3.416571 | lrm: 1.00 | dt: 882.69ms | tok/s: 593,967 | mfu: 33.90 | epoch: 1 | eta: 23.9m
step 00890/02205 (40.36%) [ns3_ftrl_eta0p1] | loss: 3.424304 | lrm: 1.00 | dt: 884.72ms | tok/s: 592,602 | mfu: 33.82 | epoch: 1 | eta: 23.9m
step 00891/02205 (40.41%) [ns3_ftrl_eta0p1] | loss: 3.429461 | lrm: 1.00 | dt: 883.78ms | tok/s: 593,232 | mfu: 33.86 | epoch: 1 | eta: 23.9m
step 00892/02205 (40.45%) [ns3_ftrl_eta0p1] | loss: 3.438207 | lrm: 1.00 | dt: 886.28ms | tok/s: 591,560 | mfu: 33.76 | epoch: 1 | eta: 23.8m
step 00893/02205 (40.50%) [ns3_ftrl_eta0p1] | loss: 3.431326 | lrm: 1.00 | dt: 877.51ms | tok/s: 597,471 | mfu: 34.10 | epoch: 1 | eta: 23.8m
step 00894/02205 (40.54%) [ns3_ftrl_eta0p1] | loss: 3.426095 | lrm: 1.00 | dt: 893.44ms | tok/s: 586,821 | mfu: 33.49 | epoch: 1 | eta: 23.8m
step 00895/02205 (40.59%) [ns3_ftrl_eta0p1] | loss: 3.420946 | lrm: 1.00 | dt: 882.65ms | tok/s: 593,989 | mfu: 33.90 | epoch: 1 | eta: 23.8m
step 00896/02205 (40.63%) [ns3_ftrl_eta0p1] | loss: 3.417697 | lrm: 1.00 | dt: 885.02ms | tok/s: 592,400 | mfu: 33.81 | epoch: 1 | eta: 23.7m
step 00897/02205 (40.68%) [ns3_ftrl_eta0p1] | loss: 3.412436 | lrm: 1.00 | dt: 884.72ms | tok/s: 592,606 | mfu: 33.82 | epoch: 1 | eta: 23.7m
step 00898/02205 (40.73%) [ns3_ftrl_eta0p1] | loss: 3.405427 | lrm: 1.00 | dt: 892.28ms | tok/s: 587,582 | mfu: 33.54 | epoch: 1 | eta: 23.7m
step 00899/02205 (40.77%) [ns3_ftrl_eta0p1] | loss: 3.395032 | lrm: 1.00 | dt: 887.53ms | tok/s: 590,728 | mfu: 33.72 | epoch: 1 | eta: 23.7m
step 00900/02205 (40.82%) [ns3_ftrl_eta0p1] | loss: 3.395911 | lrm: 1.00 | dt: 882.70ms | tok/s: 593,962 | mfu: 33.90 | epoch: 1 | eta: 23.6m
step 00901/02205 (40.86%) [ns3_ftrl_eta0p1] | loss: 3.394932 | lrm: 1.00 | dt: 884.36ms | tok/s: 592,844 | mfu: 33.84 | epoch: 1 | eta: 23.6m
step 00902/02205 (40.91%) [ns3_ftrl_eta0p1] | loss: 3.392534 | lrm: 1.00 | dt: 888.04ms | tok/s: 590,386 | mfu: 33.70 | epoch: 1 | eta: 23.6m
step 00903/02205 (40.95%) [ns3_ftrl_eta0p1] | loss: 3.393337 | lrm: 1.00 | dt: 892.52ms | tok/s: 587,421 | mfu: 33.53 | epoch: 1 | eta: 23.6m
step 00904/02205 (41.00%) [ns3_ftrl_eta0p1] | loss: 3.391854 | lrm: 1.00 | dt: 886.55ms | tok/s: 591,379 | mfu: 33.75 | epoch: 1 | eta: 23.6m
step 00905/02205 (41.04%) [ns3_ftrl_eta0p1] | loss: 3.388565 | lrm: 1.00 | dt: 887.31ms | tok/s: 590,873 | mfu: 33.72 | epoch: 1 | eta: 23.5m
step 00906/02205 (41.09%) [ns3_ftrl_eta0p1] | loss: 3.392615 | lrm: 1.00 | dt: 887.96ms | tok/s: 590,441 | mfu: 33.70 | epoch: 1 | eta: 23.5m
step 00907/02205 (41.13%) [ns3_ftrl_eta0p1] | loss: 3.381970 | lrm: 1.00 | dt: 900.58ms | tok/s: 582,168 | mfu: 33.23 | epoch: 1 | eta: 23.5m
step 00908/02205 (41.18%) [ns3_ftrl_eta0p1] | loss: 3.377281 | lrm: 1.00 | dt: 885.59ms | tok/s: 592,020 | mfu: 33.79 | epoch: 1 | eta: 23.5m
step 00909/02205 (41.22%) [ns3_ftrl_eta0p1] | loss: 3.374350 | lrm: 1.00 | dt: 905.01ms | tok/s: 579,314 | mfu: 33.06 | epoch: 1 | eta: 23.4m
step 00910/02205 (41.27%) [ns3_ftrl_eta0p1] | loss: 3.381835 | lrm: 1.00 | dt: 887.97ms | tok/s: 590,434 | mfu: 33.70 | epoch: 1 | eta: 23.4m
step 00911/02205 (41.32%) [ns3_ftrl_eta0p1] | loss: 3.386544 | lrm: 1.00 | dt: 901.61ms | tok/s: 581,503 | mfu: 33.19 | epoch: 1 | eta: 23.4m
step 00912/02205 (41.36%) [ns3_ftrl_eta0p1] | loss: 3.384479 | lrm: 1.00 | dt: 890.99ms | tok/s: 588,433 | mfu: 33.59 | epoch: 1 | eta: 23.4m
step 00913/02205 (41.41%) [ns3_ftrl_eta0p1] | loss: 3.401598 | lrm: 1.00 | dt: 894.11ms | tok/s: 586,379 | mfu: 33.47 | epoch: 1 | eta: 23.4m
step 00914/02205 (41.45%) [ns3_ftrl_eta0p1] | loss: 3.400726 | lrm: 1.00 | dt: 897.34ms | tok/s: 584,271 | mfu: 33.35 | epoch: 1 | eta: 23.3m
step 00915/02205 (41.50%) [ns3_ftrl_eta0p1] | loss: 3.410825 | lrm: 1.00 | dt: 896.53ms | tok/s: 584,795 | mfu: 33.38 | epoch: 1 | eta: 23.3m
step 00916/02205 (41.54%) [ns3_ftrl_eta0p1] | loss: 3.409560 | lrm: 1.00 | dt: 891.41ms | tok/s: 588,154 | mfu: 33.57 | epoch: 1 | eta: 23.3m
step 00917/02205 (41.59%) [ns3_ftrl_eta0p1] | loss: 3.410568 | lrm: 1.00 | dt: 889.21ms | tok/s: 589,609 | mfu: 33.65 | epoch: 1 | eta: 23.3m
step 00918/02205 (41.63%) [ns3_ftrl_eta0p1] | loss: 3.410435 | lrm: 1.00 | dt: 897.03ms | tok/s: 584,467 | mfu: 33.36 | epoch: 1 | eta: 23.2m
step 00919/02205 (41.68%) [ns3_ftrl_eta0p1] | loss: 3.402384 | lrm: 1.00 | dt: 897.98ms | tok/s: 583,850 | mfu: 33.32 | epoch: 1 | eta: 23.2m
step 00920/02205 (41.72%) [ns3_ftrl_eta0p1] | loss: 3.407948 | lrm: 1.00 | dt: 890.02ms | tok/s: 589,074 | mfu: 33.62 | epoch: 1 | eta: 23.2m
step 00921/02205 (41.77%) [ns3_ftrl_eta0p1] | loss: 3.407908 | lrm: 1.00 | dt: 891.43ms | tok/s: 588,145 | mfu: 33.57 | epoch: 1 | eta: 23.2m
step 00922/02205 (41.81%) [ns3_ftrl_eta0p1] | loss: 3.411005 | lrm: 1.00 | dt: 888.06ms | tok/s: 590,374 | mfu: 33.70 | epoch: 1 | eta: 23.1m
step 00923/02205 (41.86%) [ns3_ftrl_eta0p1] | loss: 3.406728 | lrm: 1.00 | dt: 895.08ms | tok/s: 585,743 | mfu: 33.43 | epoch: 1 | eta: 23.1m
step 00924/02205 (41.90%) [ns3_ftrl_eta0p1] | loss: 3.406439 | lrm: 1.00 | dt: 892.41ms | tok/s: 587,499 | mfu: 33.53 | epoch: 1 | eta: 23.1m
step 00925/02205 (41.95%) [ns3_ftrl_eta0p1] | loss: 3.399423 | lrm: 1.00 | dt: 891.30ms | tok/s: 588,225 | mfu: 33.57 | epoch: 1 | eta: 23.1m
step 00926/02205 (42.00%) [ns3_ftrl_eta0p1] | loss: 3.397963 | lrm: 1.00 | dt: 894.65ms | tok/s: 586,026 | mfu: 33.45 | epoch: 1 | eta: 23.1m
step 00927/02205 (42.04%) [ns3_ftrl_eta0p1] | loss: 3.398410 | lrm: 1.00 | dt: 895.17ms | tok/s: 585,684 | mfu: 33.43 | epoch: 1 | eta: 23.0m
step 00928/02205 (42.09%) [ns3_ftrl_eta0p1] | loss: 3.389115 | lrm: 1.00 | dt: 894.06ms | tok/s: 586,410 | mfu: 33.47 | epoch: 1 | eta: 23.0m
step 00929/02205 (42.13%) [ns3_ftrl_eta0p1] | loss: 3.392312 | lrm: 1.00 | dt: 899.90ms | tok/s: 582,605 | mfu: 33.25 | epoch: 1 | eta: 23.0m
step 00930/02205 (42.18%) [ns3_ftrl_eta0p1] | loss: 3.388318 | lrm: 1.00 | dt: 891.79ms | tok/s: 587,903 | mfu: 33.55 | epoch: 1 | eta: 23.0m
step 00931/02205 (42.22%) [ns3_ftrl_eta0p1] | loss: 3.388040 | lrm: 1.00 | dt: 889.35ms | tok/s: 589,516 | mfu: 33.65 | epoch: 1 | eta: 22.9m
step 00932/02205 (42.27%) [ns3_ftrl_eta0p1] | loss: 3.397521 | lrm: 1.00 | dt: 898.54ms | tok/s: 583,490 | mfu: 33.30 | epoch: 1 | eta: 22.9m
step 00933/02205 (42.31%) [ns3_ftrl_eta0p1] | loss: 3.394987 | lrm: 1.00 | dt: 894.16ms | tok/s: 586,344 | mfu: 33.47 | epoch: 1 | eta: 22.9m
step 00934/02205 (42.36%) [ns3_ftrl_eta0p1] | loss: 3.387862 | lrm: 1.00 | dt: 900.18ms | tok/s: 582,427 | mfu: 33.24 | epoch: 1 | eta: 22.9m
step 00935/02205 (42.40%) [ns3_ftrl_eta0p1] | loss: 3.400109 | lrm: 1.00 | dt: 892.42ms | tok/s: 587,489 | mfu: 33.53 | epoch: 1 | eta: 22.9m
step 00936/02205 (42.45%) [ns3_ftrl_eta0p1] | loss: 3.398659 | lrm: 1.00 | dt: 906.00ms | tok/s: 578,682 | mfu: 33.03 | epoch: 1 | eta: 22.8m
step 00937/02205 (42.49%) [ns3_ftrl_eta0p1] | loss: 3.395294 | lrm: 1.00 | dt: 886.09ms | tok/s: 591,687 | mfu: 33.77 | epoch: 1 | eta: 22.8m
step 00938/02205 (42.54%) [ns3_ftrl_eta0p1] | loss: 3.394965 | lrm: 1.00 | dt: 904.34ms | tok/s: 579,748 | mfu: 33.09 | epoch: 1 | eta: 22.8m
step 00939/02205 (42.59%) [ns3_ftrl_eta0p1] | loss: 3.393586 | lrm: 1.00 | dt: 902.60ms | tok/s: 580,866 | mfu: 33.15 | epoch: 1 | eta: 22.8m
step 00940/02205 (42.63%) [ns3_ftrl_eta0p1] | loss: 3.381655 | lrm: 1.00 | dt: 895.26ms | tok/s: 585,629 | mfu: 33.43 | epoch: 1 | eta: 22.7m
step 00941/02205 (42.68%) [ns3_ftrl_eta0p1] | loss: 3.387657 | lrm: 1.00 | dt: 904.31ms | tok/s: 579,768 | mfu: 33.09 | epoch: 1 | eta: 22.7m
step 00942/02205 (42.72%) [ns3_ftrl_eta0p1] | loss: 3.391251 | lrm: 1.00 | dt: 889.19ms | tok/s: 589,623 | mfu: 33.65 | epoch: 1 | eta: 22.7m
step 00943/02205 (42.77%) [ns3_ftrl_eta0p1] | loss: 3.392130 | lrm: 1.00 | dt: 892.31ms | tok/s: 587,560 | mfu: 33.54 | epoch: 1 | eta: 22.7m
step 00944/02205 (42.81%) [ns3_ftrl_eta0p1] | loss: 3.382348 | lrm: 1.00 | dt: 891.65ms | tok/s: 587,996 | mfu: 33.56 | epoch: 1 | eta: 22.7m
step 00945/02205 (42.86%) [ns3_ftrl_eta0p1] | loss: 3.378260 | lrm: 1.00 | dt: 886.16ms | tok/s: 591,642 | mfu: 33.77 | epoch: 1 | eta: 22.6m
step 00946/02205 (42.90%) [ns3_ftrl_eta0p1] | loss: 3.383521 | lrm: 1.00 | dt: 892.66ms | tok/s: 587,329 | mfu: 33.52 | epoch: 1 | eta: 22.6m
step 00947/02205 (42.95%) [ns3_ftrl_eta0p1] | loss: 3.377230 | lrm: 1.00 | dt: 900.34ms | tok/s: 582,323 | mfu: 33.24 | epoch: 1 | eta: 22.6m
step 00948/02205 (42.99%) [ns3_ftrl_eta0p1] | loss: 3.379876 | lrm: 1.00 | dt: 893.73ms | tok/s: 586,630 | mfu: 33.48 | epoch: 1 | eta: 22.6m
step 00949/02205 (43.04%) [ns3_ftrl_eta0p1] | loss: 3.374675 | lrm: 1.00 | dt: 905.14ms | tok/s: 579,234 | mfu: 33.06 | epoch: 1 | eta: 22.5m
step 00950/02205 (43.08%) [ns3_ftrl_eta0p1] | loss: 3.376379 | lrm: 1.00 | dt: 893.23ms | tok/s: 586,957 | mfu: 33.50 | epoch: 1 | eta: 22.5m
step 00951/02205 (43.13%) [ns3_ftrl_eta0p1] | loss: 3.369508 | lrm: 1.00 | dt: 895.42ms | tok/s: 585,521 | mfu: 33.42 | epoch: 1 | eta: 22.5m
step 00952/02205 (43.17%) [ns3_ftrl_eta0p1] | loss: 3.368723 | lrm: 1.00 | dt: 895.95ms | tok/s: 585,175 | mfu: 33.40 | epoch: 1 | eta: 22.5m
step 00953/02205 (43.22%) [ns3_ftrl_eta0p1] | loss: 3.369141 | lrm: 1.00 | dt: 898.09ms | tok/s: 583,782 | mfu: 33.32 | epoch: 1 | eta: 22.5m
step 00954/02205 (43.27%) [ns3_ftrl_eta0p1] | loss: 3.367255 | lrm: 1.00 | dt: 901.94ms | tok/s: 581,292 | mfu: 33.18 | epoch: 1 | eta: 22.4m
step 00955/02205 (43.31%) [ns3_ftrl_eta0p1] | loss: 3.377794 | lrm: 1.00 | dt: 898.15ms | tok/s: 583,740 | mfu: 33.32 | epoch: 1 | eta: 22.4m
step 00956/02205 (43.36%) [ns3_ftrl_eta0p1] | loss: 3.379862 | lrm: 1.00 | dt: 904.77ms | tok/s: 579,468 | mfu: 33.07 | epoch: 1 | eta: 22.4m
step 00957/02205 (43.40%) [ns3_ftrl_eta0p1] | loss: 3.375500 | lrm: 1.00 | dt: 891.63ms | tok/s: 588,010 | mfu: 33.56 | epoch: 1 | eta: 22.4m
step 00958/02205 (43.45%) [ns3_ftrl_eta0p1] | loss: 3.379656 | lrm: 1.00 | dt: 901.68ms | tok/s: 581,454 | mfu: 33.19 | epoch: 1 | eta: 22.4m
step 00959/02205 (43.49%) [ns3_ftrl_eta0p1] | loss: 3.382010 | lrm: 1.00 | dt: 897.34ms | tok/s: 584,269 | mfu: 33.35 | epoch: 1 | eta: 22.3m
step 00960/02205 (43.54%) [ns3_ftrl_eta0p1] | loss: 3.381567 | lrm: 1.00 | dt: 890.89ms | tok/s: 588,496 | mfu: 33.59 | epoch: 1 | eta: 22.3m
step 00961/02205 (43.58%) [ns3_ftrl_eta0p1] | loss: 3.377941 | lrm: 1.00 | dt: 899.67ms | tok/s: 582,754 | mfu: 33.26 | epoch: 1 | eta: 22.3m
step 00962/02205 (43.63%) [ns3_ftrl_eta0p1] | loss: 3.381290 | lrm: 1.00 | dt: 893.28ms | tok/s: 586,923 | mfu: 33.50 | epoch: 1 | eta: 22.3m
step 00963/02205 (43.67%) [ns3_ftrl_eta0p1] | loss: 3.385766 | lrm: 1.00 | dt: 893.31ms | tok/s: 586,907 | mfu: 33.50 | epoch: 1 | eta: 22.2m
step 00964/02205 (43.72%) [ns3_ftrl_eta0p1] | loss: 3.389792 | lrm: 1.00 | dt: 892.86ms | tok/s: 587,197 | mfu: 33.51 | epoch: 1 | eta: 22.2m
step 00965/02205 (43.76%) [ns3_ftrl_eta0p1] | loss: 3.384575 | lrm: 1.00 | dt: 893.82ms | tok/s: 586,570 | mfu: 33.48 | epoch: 1 | eta: 22.2m
step 00966/02205 (43.81%) [ns3_ftrl_eta0p1] | loss: 3.391345 | lrm: 1.00 | dt: 904.15ms | tok/s: 579,868 | mfu: 33.10 | epoch: 1 | eta: 22.2m
step 00967/02205 (43.85%) [ns3_ftrl_eta0p1] | loss: 3.394598 | lrm: 1.00 | dt: 892.17ms | tok/s: 587,655 | mfu: 33.54 | epoch: 1 | eta: 22.2m
step 00968/02205 (43.90%) [ns3_ftrl_eta0p1] | loss: 3.387247 | lrm: 1.00 | dt: 891.33ms | tok/s: 588,211 | mfu: 33.57 | epoch: 1 | eta: 22.1m
step 00969/02205 (43.95%) [ns3_ftrl_eta0p1] | loss: 3.380546 | lrm: 1.00 | dt: 899.13ms | tok/s: 583,104 | mfu: 33.28 | epoch: 1 | eta: 22.1m
step 00970/02205 (43.99%) [ns3_ftrl_eta0p1] | loss: 3.393349 | lrm: 1.00 | dt: 899.13ms | tok/s: 583,103 | mfu: 33.28 | epoch: 1 | eta: 22.1m
step 00971/02205 (44.04%) [ns3_ftrl_eta0p1] | loss: 3.388108 | lrm: 1.00 | dt: 900.02ms | tok/s: 582,530 | mfu: 33.25 | epoch: 1 | eta: 22.1m
step 00972/02205 (44.08%) [ns3_ftrl_eta0p1] | loss: 3.379223 | lrm: 1.00 | dt: 894.75ms | tok/s: 585,961 | mfu: 33.44 | epoch: 1 | eta: 22.0m
step 00973/02205 (44.13%) [ns3_ftrl_eta0p1] | loss: 3.378098 | lrm: 1.00 | dt: 914.20ms | tok/s: 573,494 | mfu: 32.73 | epoch: 1 | eta: 22.0m
step 00974/02205 (44.17%) [ns3_ftrl_eta0p1] | loss: 3.380190 | lrm: 1.00 | dt: 884.71ms | tok/s: 592,609 | mfu: 33.82 | epoch: 1 | eta: 22.0m
step 00975/02205 (44.22%) [ns3_ftrl_eta0p1] | loss: 3.386426 | lrm: 1.00 | dt: 905.39ms | tok/s: 579,071 | mfu: 33.05 | epoch: 1 | eta: 22.0m
step 00976/02205 (44.26%) [ns3_ftrl_eta0p1] | loss: 3.383233 | lrm: 1.00 | dt: 897.39ms | tok/s: 584,238 | mfu: 33.35 | epoch: 1 | eta: 22.0m
step 00977/02205 (44.31%) [ns3_ftrl_eta0p1] | loss: 3.378528 | lrm: 1.00 | dt: 913.99ms | tok/s: 573,624 | mfu: 32.74 | epoch: 1 | eta: 21.9m
step 00978/02205 (44.35%) [ns3_ftrl_eta0p1] | loss: 3.378416 | lrm: 1.00 | dt: 893.68ms | tok/s: 586,660 | mfu: 33.48 | epoch: 1 | eta: 21.9m
step 00979/02205 (44.40%) [ns3_ftrl_eta0p1] | loss: 3.386704 | lrm: 1.00 | dt: 892.33ms | tok/s: 587,551 | mfu: 33.53 | epoch: 1 | eta: 21.9m
step 00980/02205 (44.44%) [ns3_ftrl_eta0p1] | loss: 3.380710 | lrm: 1.00 | dt: 898.76ms | tok/s: 583,345 | mfu: 33.29 | epoch: 1 | eta: 21.9m
step 00981/02205 (44.49%) [ns3_ftrl_eta0p1] | loss: 3.384590 | lrm: 1.00 | dt: 907.51ms | tok/s: 577,718 | mfu: 32.97 | epoch: 1 | eta: 21.9m
step 00982/02205 (44.54%) [ns3_ftrl_eta0p1] | loss: 3.391828 | lrm: 1.00 | dt: 899.27ms | tok/s: 583,017 | mfu: 33.28 | epoch: 1 | eta: 21.8m
step 00983/02205 (44.58%) [ns3_ftrl_eta0p1] | loss: 3.388881 | lrm: 1.00 | dt: 916.35ms | tok/s: 572,150 | mfu: 32.66 | epoch: 1 | eta: 21.8m
step 00984/02205 (44.63%) [ns3_ftrl_eta0p1] | loss: 3.374586 | lrm: 1.00 | dt: 897.89ms | tok/s: 583,912 | mfu: 33.33 | epoch: 1 | eta: 21.8m
step 00985/02205 (44.67%) [ns3_ftrl_eta0p1] | loss: 3.371141 | lrm: 1.00 | dt: 890.46ms | tok/s: 588,782 | mfu: 33.61 | epoch: 1 | eta: 21.8m
step 00986/02205 (44.72%) [ns3_ftrl_eta0p1] | loss: 3.360072 | lrm: 1.00 | dt: 906.81ms | tok/s: 578,169 | mfu: 33.00 | epoch: 1 | eta: 21.7m
step 00987/02205 (44.76%) [ns3_ftrl_eta0p1] | loss: 3.359326 | lrm: 1.00 | dt: 910.98ms | tok/s: 575,519 | mfu: 32.85 | epoch: 1 | eta: 21.7m
step 00988/02205 (44.81%) [ns3_ftrl_eta0p1] | loss: 3.366895 | lrm: 1.00 | dt: 895.47ms | tok/s: 585,488 | mfu: 33.42 | epoch: 1 | eta: 21.7m
step 00989/02205 (44.85%) [ns3_ftrl_eta0p1] | loss: 3.375799 | lrm: 1.00 | dt: 910.63ms | tok/s: 575,740 | mfu: 32.86 | epoch: 1 | eta: 21.7m
step 00990/02205 (44.90%) [ns3_ftrl_eta0p1] | loss: 3.379253 | lrm: 1.00 | dt: 895.16ms | tok/s: 585,691 | mfu: 33.43 | epoch: 1 | eta: 21.7m
step 00991/02205 (44.94%) [ns3_ftrl_eta0p1] | loss: 3.374800 | lrm: 1.00 | dt: 902.52ms | tok/s: 580,915 | mfu: 33.16 | epoch: 1 | eta: 21.6m
step 00992/02205 (44.99%) [ns3_ftrl_eta0p1] | loss: 3.377826 | lrm: 1.00 | dt: 896.41ms | tok/s: 584,877 | mfu: 33.38 | epoch: 1 | eta: 21.6m
step 00993/02205 (45.03%) [ns3_ftrl_eta0p1] | loss: 3.376665 | lrm: 1.00 | dt: 903.62ms | tok/s: 580,208 | mfu: 33.12 | epoch: 1 | eta: 21.6m
step 00994/02205 (45.08%) [ns3_ftrl_eta0p1] | loss: 3.380294 | lrm: 1.00 | dt: 891.67ms | tok/s: 587,986 | mfu: 33.56 | epoch: 1 | eta: 21.6m
step 00995/02205 (45.12%) [ns3_ftrl_eta0p1] | loss: 3.369033 | lrm: 1.00 | dt: 898.78ms | tok/s: 583,332 | mfu: 33.29 | epoch: 1 | eta: 21.6m
step 00996/02205 (45.17%) [ns3_ftrl_eta0p1] | loss: 3.377091 | lrm: 1.00 | dt: 913.32ms | tok/s: 574,045 | mfu: 32.76 | epoch: 1 | eta: 21.5m
step 00997/02205 (45.22%) [ns3_ftrl_eta0p1] | loss: 3.367826 | lrm: 1.00 | dt: 891.27ms | tok/s: 588,247 | mfu: 33.57 | epoch: 1 | eta: 21.5m
step 00998/02205 (45.26%) [ns3_ftrl_eta0p1] | loss: 3.361120 | lrm: 1.00 | dt: 913.89ms | tok/s: 573,685 | mfu: 32.74 | epoch: 1 | eta: 21.5m
step 00999/02205 (45.31%) [ns3_ftrl_eta0p1] | loss: 3.362996 | lrm: 1.00 | dt: 895.60ms | tok/s: 585,401 | mfu: 33.41 | epoch: 1 | eta: 21.5m
Step 01000 | val bpb: 0.987221
step 01000/02205 (45.35%) [ns3_ftrl_eta0p1] | loss: 3.368123 | lrm: 1.00 | dt: 918.89ms | tok/s: 570,569 | mfu: 32.57 | epoch: 1 | eta: 21.4m
step 01001/02205 (45.40%) [ns3_ftrl_eta0p1] | loss: 3.374438 | lrm: 1.00 | dt: 906.31ms | tok/s: 578,487 | mfu: 33.02 | epoch: 1 | eta: 21.4m
step 01002/02205 (45.44%) [ns3_ftrl_eta0p1] | loss: 3.370786 | lrm: 1.00 | dt: 890.37ms | tok/s: 588,843 | mfu: 33.61 | epoch: 1 | eta: 21.4m
step 01003/02205 (45.49%) [ns3_ftrl_eta0p1] | loss: 3.363603 | lrm: 1.00 | dt: 916.40ms | tok/s: 572,116 | mfu: 32.65 | epoch: 1 | eta: 21.4m
step 01004/02205 (45.53%) [ns3_ftrl_eta0p1] | loss: 3.373114 | lrm: 1.00 | dt: 886.42ms | tok/s: 591,467 | mfu: 33.76 | epoch: 1 | eta: 21.4m
step 01005/02205 (45.58%) [ns3_ftrl_eta0p1] | loss: 3.373325 | lrm: 1.00 | dt: 890.07ms | tok/s: 589,043 | mfu: 33.62 | epoch: 1 | eta: 21.3m
step 01006/02205 (45.62%) [ns3_ftrl_eta0p1] | loss: 3.376747 | lrm: 1.00 | dt: 913.95ms | tok/s: 573,647 | mfu: 32.74 | epoch: 1 | eta: 21.3m
step 01007/02205 (45.67%) [ns3_ftrl_eta0p1] | loss: 3.372536 | lrm: 1.00 | dt: 888.61ms | tok/s: 590,007 | mfu: 33.68 | epoch: 1 | eta: 21.3m
step 01008/02205 (45.71%) [ns3_ftrl_eta0p1] | loss: 3.382267 | lrm: 1.00 | dt: 907.14ms | tok/s: 577,958 | mfu: 32.99 | epoch: 1 | eta: 21.3m
step 01009/02205 (45.76%) [ns3_ftrl_eta0p1] | loss: 3.376947 | lrm: 1.00 | dt: 911.90ms | tok/s: 574,938 | mfu: 32.81 | epoch: 1 | eta: 21.3m
step 01010/02205 (45.80%) [ns3_ftrl_eta0p1] | loss: 3.367808 | lrm: 1.00 | dt: 888.61ms | tok/s: 590,008 | mfu: 33.68 | epoch: 1 | eta: 21.2m
step 01011/02205 (45.85%) [ns3_ftrl_eta0p1] | loss: 3.368855 | lrm: 1.00 | dt: 899.74ms | tok/s: 582,712 | mfu: 33.26 | epoch: 1 | eta: 21.2m
step 01012/02205 (45.90%) [ns3_ftrl_eta0p1] | loss: 3.366794 | lrm: 1.00 | dt: 902.79ms | tok/s: 580,743 | mfu: 33.15 | epoch: 1 | eta: 21.2m
step 01013/02205 (45.94%) [ns3_ftrl_eta0p1] | loss: 3.370866 | lrm: 1.00 | dt: 901.93ms | tok/s: 581,298 | mfu: 33.18 | epoch: 1 | eta: 21.2m
step 01014/02205 (45.99%) [ns3_ftrl_eta0p1] | loss: 3.374616 | lrm: 1.00 | dt: 892.79ms | tok/s: 587,249 | mfu: 33.52 | epoch: 1 | eta: 21.2m
step 01015/02205 (46.03%) [ns3_ftrl_eta0p1] | loss: 3.375909 | lrm: 1.00 | dt: 897.69ms | tok/s: 584,041 | mfu: 33.33 | epoch: 1 | eta: 21.1m
step 01016/02205 (46.08%) [ns3_ftrl_eta0p1] | loss: 3.367306 | lrm: 1.00 | dt: 908.41ms | tok/s: 577,151 | mfu: 32.94 | epoch: 1 | eta: 21.1m
step 01017/02205 (46.12%) [ns3_ftrl_eta0p1] | loss: 3.362830 | lrm: 1.00 | dt: 889.52ms | tok/s: 589,405 | mfu: 33.64 | epoch: 1 | eta: 21.1m
step 01018/02205 (46.17%) [ns3_ftrl_eta0p1] | loss: 3.365276 | lrm: 1.00 | dt: 920.62ms | tok/s: 569,493 | mfu: 32.50 | epoch: 1 | eta: 21.1m
step 01019/02205 (46.21%) [ns3_ftrl_eta0p1] | loss: 3.355932 | lrm: 1.00 | dt: 890.41ms | tok/s: 588,816 | mfu: 33.61 | epoch: 1 | eta: 21.0m
step 01020/02205 (46.26%) [ns3_ftrl_eta0p1] | loss: 3.362125 | lrm: 1.00 | dt: 891.05ms | tok/s: 588,391 | mfu: 33.58 | epoch: 1 | eta: 21.0m
step 01021/02205 (46.30%) [ns3_ftrl_eta0p1] | loss: 3.355652 | lrm: 1.00 | dt: 905.18ms | tok/s: 579,207 | mfu: 33.06 | epoch: 1 | eta: 21.0m
step 01022/02205 (46.35%) [ns3_ftrl_eta0p1] | loss: 3.357016 | lrm: 1.00 | dt: 898.26ms | tok/s: 583,672 | mfu: 33.31 | epoch: 1 | eta: 21.0m
step 01023/02205 (46.39%) [ns3_ftrl_eta0p1] | loss: 3.354875 | lrm: 1.00 | dt: 911.53ms | tok/s: 575,175 | mfu: 32.83 | epoch: 1 | eta: 21.0m
step 01024/02205 (46.44%) [ns3_ftrl_eta0p1] | loss: 3.351826 | lrm: 1.00 | dt: 888.18ms | tok/s: 590,293 | mfu: 33.69 | epoch: 1 | eta: 20.9m
step 01025/02205 (46.49%) [ns3_ftrl_eta0p1] | loss: 3.352565 | lrm: 1.00 | dt: 901.81ms | tok/s: 581,373 | mfu: 33.18 | epoch: 1 | eta: 20.9m
step 01026/02205 (46.53%) [ns3_ftrl_eta0p1] | loss: 3.353861 | lrm: 1.00 | dt: 916.93ms | tok/s: 571,783 | mfu: 32.63 | epoch: 1 | eta: 20.9m
step 01027/02205 (46.58%) [ns3_ftrl_eta0p1] | loss: 3.352615 | lrm: 1.00 | dt: 894.73ms | tok/s: 585,970 | mfu: 33.44 | epoch: 1 | eta: 20.9m
step 01028/02205 (46.62%) [ns3_ftrl_eta0p1] | loss: 3.349019 | lrm: 1.00 | dt: 913.10ms | tok/s: 574,184 | mfu: 32.77 | epoch: 1 | eta: 20.9m
step 01029/02205 (46.67%) [ns3_ftrl_eta0p1] | loss: 3.357141 | lrm: 1.00 | dt: 895.97ms | tok/s: 585,159 | mfu: 33.40 | epoch: 1 | eta: 20.8m
step 01030/02205 (46.71%) [ns3_ftrl_eta0p1] | loss: 3.353951 | lrm: 1.00 | dt: 897.40ms | tok/s: 584,228 | mfu: 33.35 | epoch: 1 | eta: 20.8m
step 01031/02205 (46.76%) [ns3_ftrl_eta0p1] | loss: 3.346511 | lrm: 1.00 | dt: 906.29ms | tok/s: 578,502 | mfu: 33.02 | epoch: 1 | eta: 20.8m
step 01032/02205 (46.80%) [ns3_ftrl_eta0p1] | loss: 3.345454 | lrm: 1.00 | dt: 890.45ms | tok/s: 588,789 | mfu: 33.61 | epoch: 1 | eta: 20.8m
step 01033/02205 (46.85%) [ns3_ftrl_eta0p1] | loss: 3.335964 | lrm: 1.00 | dt: 909.36ms | tok/s: 576,546 | mfu: 32.91 | epoch: 1 | eta: 20.8m
step 01034/02205 (46.89%) [ns3_ftrl_eta0p1] | loss: 3.331940 | lrm: 1.00 | dt: 888.51ms | tok/s: 590,075 | mfu: 33.68 | epoch: 1 | eta: 20.7m
step 01035/02205 (46.94%) [ns3_ftrl_eta0p1] | loss: 3.326899 | lrm: 1.00 | dt: 906.56ms | tok/s: 578,329 | mfu: 33.01 | epoch: 1 | eta: 20.7m
step 01036/02205 (46.98%) [ns3_ftrl_eta0p1] | loss: 3.329873 | lrm: 1.00 | dt: 898.84ms | tok/s: 583,295 | mfu: 33.29 | epoch: 1 | eta: 20.7m
step 01037/02205 (47.03%) [ns3_ftrl_eta0p1] | loss: 3.336539 | lrm: 1.00 | dt: 899.35ms | tok/s: 582,962 | mfu: 33.27 | epoch: 1 | eta: 20.7m
step 01038/02205 (47.07%) [ns3_ftrl_eta0p1] | loss: 3.335637 | lrm: 1.00 | dt: 912.47ms | tok/s: 574,582 | mfu: 32.79 | epoch: 1 | eta: 20.7m
step 01039/02205 (47.12%) [ns3_ftrl_eta0p1] | loss: 3.350574 | lrm: 1.00 | dt: 887.89ms | tok/s: 590,489 | mfu: 33.70 | epoch: 1 | eta: 20.6m
step 01040/02205 (47.17%) [ns3_ftrl_eta0p1] | loss: 3.360375 | lrm: 1.00 | dt: 920.29ms | tok/s: 569,700 | mfu: 32.52 | epoch: 1 | eta: 20.6m
step 01041/02205 (47.21%) [ns3_ftrl_eta0p1] | loss: 3.364568 | lrm: 1.00 | dt: 890.38ms | tok/s: 588,837 | mfu: 33.61 | epoch: 1 | eta: 20.6m
step 01042/02205 (47.26%) [ns3_ftrl_eta0p1] | loss: 3.368840 | lrm: 1.00 | dt: 903.07ms | tok/s: 580,561 | mfu: 33.14 | epoch: 1 | eta: 20.6m
step 01043/02205 (47.30%) [ns3_ftrl_eta0p1] | loss: 3.380561 | lrm: 1.00 | dt: 916.27ms | tok/s: 572,200 | mfu: 32.66 | epoch: 1 | eta: 20.5m
step 01044/02205 (47.35%) [ns3_ftrl_eta0p1] | loss: 3.384077 | lrm: 1.00 | dt: 889.19ms | tok/s: 589,624 | mfu: 33.65 | epoch: 1 | eta: 20.5m
step 01045/02205 (47.39%) [ns3_ftrl_eta0p1] | loss: 3.374874 | lrm: 1.00 | dt: 917.65ms | tok/s: 571,337 | mfu: 32.61 | epoch: 1 | eta: 20.5m
step 01046/02205 (47.44%) [ns3_ftrl_eta0p1] | loss: 3.376619 | lrm: 1.00 | dt: 890.80ms | tok/s: 588,557 | mfu: 33.59 | epoch: 1 | eta: 20.5m
step 01047/02205 (47.48%) [ns3_ftrl_eta0p1] | loss: 3.370857 | lrm: 1.00 | dt: 900.70ms | tok/s: 582,086 | mfu: 33.22 | epoch: 1 | eta: 20.5m
step 01048/02205 (47.53%) [ns3_ftrl_eta0p1] | loss: 3.363516 | lrm: 1.00 | dt: 922.67ms | tok/s: 568,227 | mfu: 32.43 | epoch: 1 | eta: 20.4m
step 01049/02205 (47.57%) [ns3_ftrl_eta0p1] | loss: 3.360619 | lrm: 1.00 | dt: 906.77ms | tok/s: 578,191 | mfu: 33.00 | epoch: 1 | eta: 20.4m
step 01050/02205 (47.62%) [ns3_ftrl_eta0p1] | loss: 3.362215 | lrm: 1.00 | dt: 893.93ms | tok/s: 586,498 | mfu: 33.47 | epoch: 1 | eta: 20.4m
step 01051/02205 (47.66%) [ns3_ftrl_eta0p1] | loss: 3.363842 | lrm: 1.00 | dt: 923.33ms | tok/s: 567,825 | mfu: 32.41 | epoch: 1 | eta: 20.4m
step 01052/02205 (47.71%) [ns3_ftrl_eta0p1] | loss: 3.356395 | lrm: 1.00 | dt: 890.18ms | tok/s: 588,968 | mfu: 33.62 | epoch: 1 | eta: 20.4m
step 01053/02205 (47.76%) [ns3_ftrl_eta0p1] | loss: 3.367457 | lrm: 1.00 | dt: 910.86ms | tok/s: 575,597 | mfu: 32.85 | epoch: 1 | eta: 20.3m
step 01054/02205 (47.80%) [ns3_ftrl_eta0p1] | loss: 3.363638 | lrm: 1.00 | dt: 891.05ms | tok/s: 588,391 | mfu: 33.58 | epoch: 1 | eta: 20.3m
step 01055/02205 (47.85%) [ns3_ftrl_eta0p1] | loss: 3.359991 | lrm: 1.00 | dt: 916.33ms | tok/s: 572,158 | mfu: 32.66 | epoch: 1 | eta: 20.3m
step 01056/02205 (47.89%) [ns3_ftrl_eta0p1] | loss: 3.365381 | lrm: 1.00 | dt: 890.67ms | tok/s: 588,647 | mfu: 33.60 | epoch: 1 | eta: 20.3m
step 01057/02205 (47.94%) [ns3_ftrl_eta0p1] | loss: 3.360482 | lrm: 1.00 | dt: 897.71ms | tok/s: 584,029 | mfu: 33.33 | epoch: 1 | eta: 20.3m
step 01058/02205 (47.98%) [ns3_ftrl_eta0p1] | loss: 3.355940 | lrm: 1.00 | dt: 921.62ms | tok/s: 568,878 | mfu: 32.47 | epoch: 1 | eta: 20.2m
step 01059/02205 (48.03%) [ns3_ftrl_eta0p1] | loss: 3.359449 | lrm: 1.00 | dt: 899.74ms | tok/s: 582,708 | mfu: 33.26 | epoch: 1 | eta: 20.2m
step 01060/02205 (48.07%) [ns3_ftrl_eta0p1] | loss: 3.363987 | lrm: 1.00 | dt: 913.43ms | tok/s: 573,976 | mfu: 32.76 | epoch: 1 | eta: 20.2m
step 01061/02205 (48.12%) [ns3_ftrl_eta0p1] | loss: 3.352856 | lrm: 1.00 | dt: 884.52ms | tok/s: 592,738 | mfu: 33.83 | epoch: 1 | eta: 20.2m
step 01062/02205 (48.16%) [ns3_ftrl_eta0p1] | loss: 3.351716 | lrm: 1.00 | dt: 901.14ms | tok/s: 581,804 | mfu: 33.21 | epoch: 1 | eta: 20.2m
step 01063/02205 (48.21%) [ns3_ftrl_eta0p1] | loss: 3.353346 | lrm: 1.00 | dt: 921.53ms | tok/s: 568,930 | mfu: 32.47 | epoch: 1 | eta: 20.1m
step 01064/02205 (48.25%) [ns3_ftrl_eta0p1] | loss: 3.348326 | lrm: 1.00 | dt: 913.98ms | tok/s: 573,632 | mfu: 32.74 | epoch: 1 | eta: 20.1m
step 01065/02205 (48.30%) [ns3_ftrl_eta0p1] | loss: 3.351988 | lrm: 1.00 | dt: 895.79ms | tok/s: 585,280 | mfu: 33.41 | epoch: 1 | eta: 20.1m
step 01066/02205 (48.34%) [ns3_ftrl_eta0p1] | loss: 3.346028 | lrm: 1.00 | dt: 888.57ms | tok/s: 590,035 | mfu: 33.68 | epoch: 1 | eta: 20.1m
step 01067/02205 (48.39%) [ns3_ftrl_eta0p1] | loss: 3.343550 | lrm: 1.00 | dt: 895.23ms | tok/s: 585,647 | mfu: 33.43 | epoch: 1 | eta: 20.1m
step 01068/02205 (48.44%) [ns3_ftrl_eta0p1] | loss: 3.345895 | lrm: 1.00 | dt: 911.19ms | tok/s: 575,389 | mfu: 32.84 | epoch: 1 | eta: 20.0m
step 01069/02205 (48.48%) [ns3_ftrl_eta0p1] | loss: 3.353475 | lrm: 1.00 | dt: 917.56ms | tok/s: 571,391 | mfu: 32.61 | epoch: 1 | eta: 20.0m
step 01070/02205 (48.53%) [ns3_ftrl_eta0p1] | loss: 3.359807 | lrm: 1.00 | dt: 896.98ms | tok/s: 584,504 | mfu: 33.36 | epoch: 1 | eta: 20.0m
step 01071/02205 (48.57%) [ns3_ftrl_eta0p1] | loss: 3.361210 | lrm: 1.00 | dt: 895.15ms | tok/s: 585,697 | mfu: 33.43 | epoch: 1 | eta: 20.0m
step 01072/02205 (48.62%) [ns3_ftrl_eta0p1] | loss: 3.368527 | lrm: 1.00 | dt: 924.17ms | tok/s: 567,308 | mfu: 32.38 | epoch: 1 | eta: 20.0m
step 01073/02205 (48.66%) [ns3_ftrl_eta0p1] | loss: 3.370141 | lrm: 1.00 | dt: 904.88ms | tok/s: 579,398 | mfu: 33.07 | epoch: 1 | eta: 19.9m
step 01074/02205 (48.71%) [ns3_ftrl_eta0p1] | loss: 3.370476 | lrm: 1.00 | dt: 891.60ms | tok/s: 588,027 | mfu: 33.56 | epoch: 1 | eta: 19.9m
step 01075/02205 (48.75%) [ns3_ftrl_eta0p1] | loss: 3.382638 | lrm: 1.00 | dt: 925.58ms | tok/s: 566,443 | mfu: 32.33 | epoch: 1 | eta: 19.9m
step 01076/02205 (48.80%) [ns3_ftrl_eta0p1] | loss: 3.379989 | lrm: 1.00 | dt: 884.32ms | tok/s: 592,874 | mfu: 33.84 | epoch: 1 | eta: 19.9m
step 01077/02205 (48.84%) [ns3_ftrl_eta0p1] | loss: 3.380189 | lrm: 1.00 | dt: 889.44ms | tok/s: 589,457 | mfu: 33.64 | epoch: 1 | eta: 19.9m
step 01078/02205 (48.89%) [ns3_ftrl_eta0p1] | loss: 3.375625 | lrm: 1.00 | dt: 897.74ms | tok/s: 584,009 | mfu: 33.33 | epoch: 1 | eta: 19.8m
step 01079/02205 (48.93%) [ns3_ftrl_eta0p1] | loss: 3.371267 | lrm: 1.00 | dt: 922.78ms | tok/s: 568,158 | mfu: 32.43 | epoch: 1 | eta: 19.8m
step 01080/02205 (48.98%) [ns3_ftrl_eta0p1] | loss: 3.369330 | lrm: 1.00 | dt: 887.41ms | tok/s: 590,805 | mfu: 33.72 | epoch: 1 | eta: 19.8m
step 01081/02205 (49.02%) [ns3_ftrl_eta0p1] | loss: 3.383682 | lrm: 1.00 | dt: 911.45ms | tok/s: 575,223 | mfu: 32.83 | epoch: 1 | eta: 19.8m
step 01082/02205 (49.07%) [ns3_ftrl_eta0p1] | loss: 3.385332 | lrm: 1.00 | dt: 899.21ms | tok/s: 583,054 | mfu: 33.28 | epoch: 1 | eta: 19.8m
step 01083/02205 (49.12%) [ns3_ftrl_eta0p1] | loss: 3.380141 | lrm: 1.00 | dt: 905.10ms | tok/s: 579,258 | mfu: 33.06 | epoch: 1 | eta: 19.7m
step 01084/02205 (49.16%) [ns3_ftrl_eta0p1] | loss: 3.374016 | lrm: 1.00 | dt: 895.02ms | tok/s: 585,784 | mfu: 33.43 | epoch: 1 | eta: 19.7m
step 01085/02205 (49.21%) [ns3_ftrl_eta0p1] | loss: 3.364658 | lrm: 1.00 | dt: 896.78ms | tok/s: 584,632 | mfu: 33.37 | epoch: 1 | eta: 19.7m
step 01086/02205 (49.25%) [ns3_ftrl_eta0p1] | loss: 3.363610 | lrm: 1.00 | dt: 919.14ms | tok/s: 570,409 | mfu: 32.56 | epoch: 1 | eta: 19.7m
step 01087/02205 (49.30%) [ns3_ftrl_eta0p1] | loss: 3.359581 | lrm: 1.00 | dt: 891.39ms | tok/s: 588,171 | mfu: 33.57 | epoch: 1 | eta: 19.7m
step 01088/02205 (49.34%) [ns3_ftrl_eta0p1] | loss: 3.353215 | lrm: 1.00 | dt: 903.02ms | tok/s: 580,591 | mfu: 33.14 | epoch: 1 | eta: 19.6m
step 01089/02205 (49.39%) [ns3_ftrl_eta0p1] | loss: 3.360157 | lrm: 1.00 | dt: 902.11ms | tok/s: 581,180 | mfu: 33.17 | epoch: 1 | eta: 19.6m
step 01090/02205 (49.43%) [ns3_ftrl_eta0p1] | loss: 3.363235 | lrm: 1.00 | dt: 899.73ms | tok/s: 582,718 | mfu: 33.26 | epoch: 1 | eta: 19.6m
step 01091/02205 (49.48%) [ns3_ftrl_eta0p1] | loss: 3.361266 | lrm: 1.00 | dt: 915.55ms | tok/s: 572,650 | mfu: 32.68 | epoch: 1 | eta: 19.6m
step 01092/02205 (49.52%) [ns3_ftrl_eta0p1] | loss: 3.351529 | lrm: 1.00 | dt: 915.81ms | tok/s: 572,487 | mfu: 32.68 | epoch: 1 | eta: 19.6m
step 01093/02205 (49.57%) [ns3_ftrl_eta0p1] | loss: 3.348659 | lrm: 1.00 | dt: 904.38ms | tok/s: 579,720 | mfu: 33.09 | epoch: 1 | eta: 19.5m
step 01094/02205 (49.61%) [ns3_ftrl_eta0p1] | loss: 3.335998 | lrm: 1.00 | dt: 888.81ms | tok/s: 589,877 | mfu: 33.67 | epoch: 1 | eta: 19.5m
step 01095/02205 (49.66%) [ns3_ftrl_eta0p1] | loss: 3.344925 | lrm: 1.00 | dt: 895.99ms | tok/s: 585,150 | mfu: 33.40 | epoch: 1 | eta: 19.5m
step 01096/02205 (49.71%) [ns3_ftrl_eta0p1] | loss: 3.334208 | lrm: 1.00 | dt: 904.72ms | tok/s: 579,502 | mfu: 33.08 | epoch: 1 | eta: 19.5m
step 01097/02205 (49.75%) [ns3_ftrl_eta0p1] | loss: 3.342134 | lrm: 1.00 | dt: 919.12ms | tok/s: 570,425 | mfu: 32.56 | epoch: 1 | eta: 19.5m
step 01098/02205 (49.80%) [ns3_ftrl_eta0p1] | loss: 3.346306 | lrm: 1.00 | dt: 919.91ms | tok/s: 569,933 | mfu: 32.53 | epoch: 1 | eta: 19.4m
step 01099/02205 (49.84%) [ns3_ftrl_eta0p1] | loss: 3.344539 | lrm: 1.00 | dt: 889.61ms | tok/s: 589,346 | mfu: 33.64 | epoch: 1 | eta: 19.4m
step 01100/02205 (49.89%) [ns3_ftrl_eta0p1] | loss: 3.342133 | lrm: 1.00 | dt: 904.78ms | tok/s: 579,464 | mfu: 33.07 | epoch: 1 | eta: 19.4m
step 01101/02205 (49.93%) [ns3_ftrl_eta0p1] | loss: 3.335653 | lrm: 1.00 | dt: 913.01ms | tok/s: 574,238 | mfu: 32.77 | epoch: 1 | eta: 19.4m
step 01102/02205 (49.98%) [ns3_ftrl_eta0p1] | loss: 3.339001 | lrm: 1.00 | dt: 903.46ms | tok/s: 580,311 | mfu: 33.12 | epoch: 1 | eta: 19.4m
step 01103/02205 (50.02%) [ns3_ftrl_eta0p1] | loss: 3.344963 | lrm: 1.00 | dt: 897.55ms | tok/s: 584,129 | mfu: 33.34 | epoch: 1 | eta: 19.3m
step 01104/02205 (50.07%) [ns3_ftrl_eta0p1] | loss: 3.339809 | lrm: 1.00 | dt: 891.53ms | tok/s: 588,074 | mfu: 33.56 | epoch: 1 | eta: 19.3m
step 01105/02205 (50.11%) [ns3_ftrl_eta0p1] | loss: 3.334886 | lrm: 1.00 | dt: 907.09ms | tok/s: 577,990 | mfu: 32.99 | epoch: 1 | eta: 19.3m
step 01106/02205 (50.16%) [ns3_ftrl_eta0p1] | loss: 3.344661 | lrm: 1.00 | dt: 903.40ms | tok/s: 580,350 | mfu: 33.12 | epoch: 1 | eta: 19.3m
step 01107/02205 (50.20%) [ns3_ftrl_eta0p1] | loss: 3.345983 | lrm: 1.00 | dt: 897.13ms | tok/s: 584,407 | mfu: 33.36 | epoch: 1 | eta: 19.2m
step 01108/02205 (50.25%) [ns3_ftrl_eta0p1] | loss: 3.352693 | lrm: 1.00 | dt: 894.64ms | tok/s: 586,031 | mfu: 33.45 | epoch: 1 | eta: 19.2m
step 01109/02205 (50.29%) [ns3_ftrl_eta0p1] | loss: 3.352579 | lrm: 0.99 | dt: 928.11ms | tok/s: 564,900 | mfu: 32.24 | epoch: 1 | eta: 19.2m
step 01110/02205 (50.34%) [ns3_ftrl_eta0p1] | loss: 3.354360 | lrm: 0.99 | dt: 900.62ms | tok/s: 582,141 | mfu: 33.23 | epoch: 1 | eta: 19.2m
step 01111/02205 (50.39%) [ns3_ftrl_eta0p1] | loss: 3.355188 | lrm: 0.99 | dt: 888.70ms | tok/s: 589,947 | mfu: 33.67 | epoch: 1 | eta: 19.2m
step 01112/02205 (50.43%) [ns3_ftrl_eta0p1] | loss: 3.348579 | lrm: 0.99 | dt: 911.91ms | tok/s: 574,936 | mfu: 32.81 | epoch: 1 | eta: 19.1m
step 01113/02205 (50.48%) [ns3_ftrl_eta0p1] | loss: 3.343036 | lrm: 0.99 | dt: 889.91ms | tok/s: 589,149 | mfu: 33.63 | epoch: 1 | eta: 19.1m
step 01114/02205 (50.52%) [ns3_ftrl_eta0p1] | loss: 3.343797 | lrm: 0.99 | dt: 907.66ms | tok/s: 577,628 | mfu: 32.97 | epoch: 1 | eta: 19.1m
step 01115/02205 (50.57%) [ns3_ftrl_eta0p1] | loss: 3.354510 | lrm: 0.99 | dt: 898.98ms | tok/s: 583,205 | mfu: 33.29 | epoch: 1 | eta: 19.1m
step 01116/02205 (50.61%) [ns3_ftrl_eta0p1] | loss: 3.356302 | lrm: 0.99 | dt: 908.52ms | tok/s: 577,077 | mfu: 32.94 | epoch: 1 | eta: 19.1m
step 01117/02205 (50.66%) [ns3_ftrl_eta0p1] | loss: 3.357846 | lrm: 0.99 | dt: 893.70ms | tok/s: 586,648 | mfu: 33.48 | epoch: 1 | eta: 19.0m
step 01118/02205 (50.70%) [ns3_ftrl_eta0p1] | loss: 3.358184 | lrm: 0.99 | dt: 898.63ms | tok/s: 583,427 | mfu: 33.30 | epoch: 1 | eta: 19.0m
step 01119/02205 (50.75%) [ns3_ftrl_eta0p1] | loss: 3.360117 | lrm: 0.99 | dt: 898.59ms | tok/s: 583,457 | mfu: 33.30 | epoch: 1 | eta: 19.0m
step 01120/02205 (50.79%) [ns3_ftrl_eta0p1] | loss: 3.363539 | lrm: 0.98 | dt: 898.31ms | tok/s: 583,636 | mfu: 33.31 | epoch: 1 | eta: 19.0m
step 01121/02205 (50.84%) [ns3_ftrl_eta0p1] | loss: 3.357058 | lrm: 0.98 | dt: 895.23ms | tok/s: 585,647 | mfu: 33.43 | epoch: 1 | eta: 19.0m
step 01122/02205 (50.88%) [ns3_ftrl_eta0p1] | loss: 3.349612 | lrm: 0.98 | dt: 905.86ms | tok/s: 578,776 | mfu: 33.03 | epoch: 1 | eta: 19.0m
step 01123/02205 (50.93%) [ns3_ftrl_eta0p1] | loss: 3.353375 | lrm: 0.98 | dt: 894.14ms | tok/s: 586,359 | mfu: 33.47 | epoch: 1 | eta: 18.9m
step 01124/02205 (50.98%) [ns3_ftrl_eta0p1] | loss: 3.354857 | lrm: 0.98 | dt: 896.93ms | tok/s: 584,534 | mfu: 33.36 | epoch: 1 | eta: 18.9m
step 01125/02205 (51.02%) [ns3_ftrl_eta0p1] | loss: 3.362179 | lrm: 0.98 | dt: 900.43ms | tok/s: 582,261 | mfu: 33.23 | epoch: 1 | eta: 18.9m
step 01126/02205 (51.07%) [ns3_ftrl_eta0p1] | loss: 3.364166 | lrm: 0.98 | dt: 903.27ms | tok/s: 580,436 | mfu: 33.13 | epoch: 1 | eta: 18.9m
step 01127/02205 (51.11%) [ns3_ftrl_eta0p1] | loss: 3.363472 | lrm: 0.98 | dt: 899.80ms | tok/s: 582,672 | mfu: 33.26 | epoch: 1 | eta: 18.9m
step 01128/02205 (51.16%) [ns3_ftrl_eta0p1] | loss: 3.367050 | lrm: 0.98 | dt: 906.69ms | tok/s: 578,241 | mfu: 33.00 | epoch: 1 | eta: 18.8m
step 01129/02205 (51.20%) [ns3_ftrl_eta0p1] | loss: 3.362471 | lrm: 0.98 | dt: 896.03ms | tok/s: 585,126 | mfu: 33.40 | epoch: 1 | eta: 18.8m
step 01130/02205 (51.25%) [ns3_ftrl_eta0p1] | loss: 3.359624 | lrm: 0.98 | dt: 904.38ms | tok/s: 579,718 | mfu: 33.09 | epoch: 1 | eta: 18.8m
step 01131/02205 (51.29%) [ns3_ftrl_eta0p1] | loss: 3.354433 | lrm: 0.97 | dt: 898.71ms | tok/s: 583,381 | mfu: 33.30 | epoch: 1 | eta: 18.8m
step 01132/02205 (51.34%) [ns3_ftrl_eta0p1] | loss: 3.354649 | lrm: 0.97 | dt: 892.62ms | tok/s: 587,358 | mfu: 33.52 | epoch: 1 | eta: 18.8m
step 01133/02205 (51.38%) [ns3_ftrl_eta0p1] | loss: 3.364056 | lrm: 0.97 | dt: 901.12ms | tok/s: 581,815 | mfu: 33.21 | epoch: 1 | eta: 18.7m
step 01134/02205 (51.43%) [ns3_ftrl_eta0p1] | loss: 3.361036 | lrm: 0.97 | dt: 906.24ms | tok/s: 578,529 | mfu: 33.02 | epoch: 1 | eta: 18.7m
step 01135/02205 (51.47%) [ns3_ftrl_eta0p1] | loss: 3.349526 | lrm: 0.97 | dt: 901.98ms | tok/s: 581,263 | mfu: 33.18 | epoch: 1 | eta: 18.7m
step 01136/02205 (51.52%) [ns3_ftrl_eta0p1] | loss: 3.342747 | lrm: 0.97 | dt: 898.93ms | tok/s: 583,233 | mfu: 33.29 | epoch: 1 | eta: 18.7m
step 01137/02205 (51.56%) [ns3_ftrl_eta0p1] | loss: 3.344400 | lrm: 0.97 | dt: 903.98ms | tok/s: 579,976 | mfu: 33.10 | epoch: 1 | eta: 18.7m
step 01138/02205 (51.61%) [ns3_ftrl_eta0p1] | loss: 3.344830 | lrm: 0.97 | dt: 901.39ms | tok/s: 581,643 | mfu: 33.20 | epoch: 1 | eta: 18.6m
step 01139/02205 (51.66%) [ns3_ftrl_eta0p1] | loss: 3.344957 | lrm: 0.97 | dt: 904.50ms | tok/s: 579,644 | mfu: 33.08 | epoch: 1 | eta: 18.6m
step 01140/02205 (51.70%) [ns3_ftrl_eta0p1] | loss: 3.344195 | lrm: 0.97 | dt: 902.26ms | tok/s: 581,082 | mfu: 33.17 | epoch: 1 | eta: 18.6m
step 01141/02205 (51.75%) [ns3_ftrl_eta0p1] | loss: 3.344057 | lrm: 0.97 | dt: 908.64ms | tok/s: 577,000 | mfu: 32.93 | epoch: 1 | eta: 18.6m
step 01142/02205 (51.79%) [ns3_ftrl_eta0p1] | loss: 3.343524 | lrm: 0.96 | dt: 896.48ms | tok/s: 584,832 | mfu: 33.38 | epoch: 1 | eta: 18.6m
step 01143/02205 (51.84%) [ns3_ftrl_eta0p1] | loss: 3.337666 | lrm: 0.96 | dt: 898.47ms | tok/s: 583,533 | mfu: 33.31 | epoch: 1 | eta: 18.5m
step 01144/02205 (51.88%) [ns3_ftrl_eta0p1] | loss: 3.336141 | lrm: 0.96 | dt: 904.46ms | tok/s: 579,670 | mfu: 33.09 | epoch: 1 | eta: 18.5m
step 01145/02205 (51.93%) [ns3_ftrl_eta0p1] | loss: 3.336061 | lrm: 0.96 | dt: 904.16ms | tok/s: 579,864 | mfu: 33.10 | epoch: 1 | eta: 18.5m
step 01146/02205 (51.97%) [ns3_ftrl_eta0p1] | loss: 3.331335 | lrm: 0.96 | dt: 896.30ms | tok/s: 584,946 | mfu: 33.39 | epoch: 1 | eta: 18.5m
step 01147/02205 (52.02%) [ns3_ftrl_eta0p1] | loss: 3.334470 | lrm: 0.96 | dt: 912.51ms | tok/s: 574,557 | mfu: 32.79 | epoch: 1 | eta: 18.5m
step 01148/02205 (52.06%) [ns3_ftrl_eta0p1] | loss: 3.333628 | lrm: 0.96 | dt: 892.06ms | tok/s: 587,728 | mfu: 33.54 | epoch: 1 | eta: 18.4m
step 01149/02205 (52.11%) [ns3_ftrl_eta0p1] | loss: 3.337638 | lrm: 0.96 | dt: 903.51ms | tok/s: 580,279 | mfu: 33.12 | epoch: 1 | eta: 18.4m
step 01150/02205 (52.15%) [ns3_ftrl_eta0p1] | loss: 3.343186 | lrm: 0.96 | dt: 906.03ms | tok/s: 578,664 | mfu: 33.03 | epoch: 1 | eta: 18.4m
step 01151/02205 (52.20%) [ns3_ftrl_eta0p1] | loss: 3.348403 | lrm: 0.96 | dt: 900.92ms | tok/s: 581,944 | mfu: 33.21 | epoch: 1 | eta: 18.4m
step 01152/02205 (52.24%) [ns3_ftrl_eta0p1] | loss: 3.358150 | lrm: 0.96 | dt: 904.22ms | tok/s: 579,822 | mfu: 33.09 | epoch: 1 | eta: 18.4m
step 01153/02205 (52.29%) [ns3_ftrl_eta0p1] | loss: 3.362833 | lrm: 0.95 | dt: 903.72ms | tok/s: 580,143 | mfu: 33.11 | epoch: 1 | eta: 18.3m
step 01154/02205 (52.34%) [ns3_ftrl_eta0p1] | loss: 3.362069 | lrm: 0.95 | dt: 903.94ms | tok/s: 580,000 | mfu: 33.10 | epoch: 1 | eta: 18.3m
step 01155/02205 (52.38%) [ns3_ftrl_eta0p1] | loss: 3.355742 | lrm: 0.95 | dt: 898.46ms | tok/s: 583,542 | mfu: 33.31 | epoch: 1 | eta: 18.3m
step 01156/02205 (52.43%) [ns3_ftrl_eta0p1] | loss: 3.358995 | lrm: 0.95 | dt: 905.40ms | tok/s: 579,065 | mfu: 33.05 | epoch: 1 | eta: 18.3m
step 01157/02205 (52.47%) [ns3_ftrl_eta0p1] | loss: 3.351812 | lrm: 0.95 | dt: 899.29ms | tok/s: 583,002 | mfu: 33.28 | epoch: 1 | eta: 18.3m
step 01158/02205 (52.52%) [ns3_ftrl_eta0p1] | loss: 3.341471 | lrm: 0.95 | dt: 889.62ms | tok/s: 589,337 | mfu: 33.64 | epoch: 1 | eta: 18.2m
step 01159/02205 (52.56%) [ns3_ftrl_eta0p1] | loss: 3.335085 | lrm: 0.95 | dt: 902.51ms | tok/s: 580,919 | mfu: 33.16 | epoch: 1 | eta: 18.2m
step 01160/02205 (52.61%) [ns3_ftrl_eta0p1] | loss: 3.334830 | lrm: 0.95 | dt: 898.90ms | tok/s: 583,257 | mfu: 33.29 | epoch: 1 | eta: 18.2m
step 01161/02205 (52.65%) [ns3_ftrl_eta0p1] | loss: 3.331856 | lrm: 0.95 | dt: 898.56ms | tok/s: 583,474 | mfu: 33.30 | epoch: 1 | eta: 18.2m
step 01162/02205 (52.70%) [ns3_ftrl_eta0p1] | loss: 3.342710 | lrm: 0.95 | dt: 898.91ms | tok/s: 583,250 | mfu: 33.29 | epoch: 1 | eta: 18.2m
step 01163/02205 (52.74%) [ns3_ftrl_eta0p1] | loss: 3.340090 | lrm: 0.95 | dt: 901.57ms | tok/s: 581,528 | mfu: 33.19 | epoch: 1 | eta: 18.1m
step 01164/02205 (52.79%) [ns3_ftrl_eta0p1] | loss: 3.334959 | lrm: 0.94 | dt: 899.88ms | tok/s: 582,617 | mfu: 33.25 | epoch: 1 | eta: 18.1m
step 01165/02205 (52.83%) [ns3_ftrl_eta0p1] | loss: 3.334826 | lrm: 0.94 | dt: 903.13ms | tok/s: 580,520 | mfu: 33.13 | epoch: 1 | eta: 18.1m
step 01166/02205 (52.88%) [ns3_ftrl_eta0p1] | loss: 3.342716 | lrm: 0.94 | dt: 902.01ms | tok/s: 581,241 | mfu: 33.17 | epoch: 1 | eta: 18.1m
step 01167/02205 (52.93%) [ns3_ftrl_eta0p1] | loss: 3.340817 | lrm: 0.94 | dt: 902.19ms | tok/s: 581,126 | mfu: 33.17 | epoch: 1 | eta: 18.1m
step 01168/02205 (52.97%) [ns3_ftrl_eta0p1] | loss: 3.339136 | lrm: 0.94 | dt: 898.76ms | tok/s: 583,344 | mfu: 33.29 | epoch: 1 | eta: 18.0m
step 01169/02205 (53.02%) [ns3_ftrl_eta0p1] | loss: 3.333090 | lrm: 0.94 | dt: 904.22ms | tok/s: 579,822 | mfu: 33.09 | epoch: 1 | eta: 18.0m
step 01170/02205 (53.06%) [ns3_ftrl_eta0p1] | loss: 3.336644 | lrm: 0.94 | dt: 892.54ms | tok/s: 587,409 | mfu: 33.53 | epoch: 1 | eta: 18.0m
step 01171/02205 (53.11%) [ns3_ftrl_eta0p1] | loss: 3.335699 | lrm: 0.94 | dt: 898.42ms | tok/s: 583,568 | mfu: 33.31 | epoch: 1 | eta: 18.0m
step 01172/02205 (53.15%) [ns3_ftrl_eta0p1] | loss: 3.337782 | lrm: 0.94 | dt: 901.58ms | tok/s: 581,522 | mfu: 33.19 | epoch: 1 | eta: 18.0m
step 01173/02205 (53.20%) [ns3_ftrl_eta0p1] | loss: 3.333145 | lrm: 0.94 | dt: 901.37ms | tok/s: 581,656 | mfu: 33.20 | epoch: 1 | eta: 17.9m
step 01174/02205 (53.24%) [ns3_ftrl_eta0p1] | loss: 3.321666 | lrm: 0.94 | dt: 899.89ms | tok/s: 582,612 | mfu: 33.25 | epoch: 1 | eta: 17.9m
step 01175/02205 (53.29%) [ns3_ftrl_eta0p1] | loss: 3.326890 | lrm: 0.93 | dt: 901.01ms | tok/s: 581,890 | mfu: 33.21 | epoch: 1 | eta: 17.9m
step 01176/02205 (53.33%) [ns3_ftrl_eta0p1] | loss: 3.318640 | lrm: 0.93 | dt: 894.45ms | tok/s: 586,157 | mfu: 33.46 | epoch: 1 | eta: 17.9m
step 01177/02205 (53.38%) [ns3_ftrl_eta0p1] | loss: 3.317488 | lrm: 0.93 | dt: 900.44ms | tok/s: 582,260 | mfu: 33.23 | epoch: 1 | eta: 17.9m
step 01178/02205 (53.42%) [ns3_ftrl_eta0p1] | loss: 3.314641 | lrm: 0.93 | dt: 906.15ms | tok/s: 578,588 | mfu: 33.02 | epoch: 1 | eta: 17.8m
step 01179/02205 (53.47%) [ns3_ftrl_eta0p1] | loss: 3.310452 | lrm: 0.93 | dt: 901.25ms | tok/s: 581,736 | mfu: 33.20 | epoch: 1 | eta: 17.8m
step 01180/02205 (53.51%) [ns3_ftrl_eta0p1] | loss: 3.309049 | lrm: 0.93 | dt: 897.28ms | tok/s: 584,306 | mfu: 33.35 | epoch: 1 | eta: 17.8m
step 01181/02205 (53.56%) [ns3_ftrl_eta0p1] | loss: 3.306406 | lrm: 0.93 | dt: 903.34ms | tok/s: 580,386 | mfu: 33.13 | epoch: 1 | eta: 17.8m
step 01182/02205 (53.61%) [ns3_ftrl_eta0p1] | loss: 3.322021 | lrm: 0.93 | dt: 903.76ms | tok/s: 580,119 | mfu: 33.11 | epoch: 1 | eta: 17.8m
step 01183/02205 (53.65%) [ns3_ftrl_eta0p1] | loss: 3.316834 | lrm: 0.93 | dt: 898.24ms | tok/s: 583,681 | mfu: 33.31 | epoch: 1 | eta: 17.8m
step 01184/02205 (53.70%) [ns3_ftrl_eta0p1] | loss: 3.314401 | lrm: 0.93 | dt: 902.12ms | tok/s: 581,175 | mfu: 33.17 | epoch: 1 | eta: 17.7m
step 01185/02205 (53.74%) [ns3_ftrl_eta0p1] | loss: 3.307383 | lrm: 0.93 | dt: 900.69ms | tok/s: 582,098 | mfu: 33.22 | epoch: 1 | eta: 17.7m
step 01186/02205 (53.79%) [ns3_ftrl_eta0p1] | loss: 3.309233 | lrm: 0.92 | dt: 898.02ms | tok/s: 583,827 | mfu: 33.32 | epoch: 1 | eta: 17.7m
step 01187/02205 (53.83%) [ns3_ftrl_eta0p1] | loss: 3.316299 | lrm: 0.92 | dt: 900.94ms | tok/s: 581,936 | mfu: 33.21 | epoch: 1 | eta: 17.7m
step 01188/02205 (53.88%) [ns3_ftrl_eta0p1] | loss: 3.310865 | lrm: 0.92 | dt: 898.96ms | tok/s: 583,218 | mfu: 33.29 | epoch: 1 | eta: 17.7m
step 01189/02205 (53.92%) [ns3_ftrl_eta0p1] | loss: 3.311263 | lrm: 0.92 | dt: 901.39ms | tok/s: 581,645 | mfu: 33.20 | epoch: 1 | eta: 17.6m
step 01190/02205 (53.97%) [ns3_ftrl_eta0p1] | loss: 3.313149 | lrm: 0.92 | dt: 904.24ms | tok/s: 579,808 | mfu: 33.09 | epoch: 1 | eta: 17.6m
step 01191/02205 (54.01%) [ns3_ftrl_eta0p1] | loss: 3.312207 | lrm: 0.92 | dt: 900.46ms | tok/s: 582,244 | mfu: 33.23 | epoch: 1 | eta: 17.6m
step 01192/02205 (54.06%) [ns3_ftrl_eta0p1] | loss: 3.313288 | lrm: 0.92 | dt: 901.18ms | tok/s: 581,779 | mfu: 33.21 | epoch: 1 | eta: 17.6m
step 01193/02205 (54.10%) [ns3_ftrl_eta0p1] | loss: 3.310309 | lrm: 0.92 | dt: 902.02ms | tok/s: 581,239 | mfu: 33.17 | epoch: 1 | eta: 17.6m
step 01194/02205 (54.15%) [ns3_ftrl_eta0p1] | loss: 3.312125 | lrm: 0.92 | dt: 903.39ms | tok/s: 580,358 | mfu: 33.12 | epoch: 1 | eta: 17.5m
step 01195/02205 (54.20%) [ns3_ftrl_eta0p1] | loss: 3.316066 | lrm: 0.92 | dt: 899.23ms | tok/s: 583,041 | mfu: 33.28 | epoch: 1 | eta: 17.5m
step 01196/02205 (54.24%) [ns3_ftrl_eta0p1] | loss: 3.321981 | lrm: 0.92 | dt: 901.27ms | tok/s: 581,718 | mfu: 33.20 | epoch: 1 | eta: 17.5m
step 01197/02205 (54.29%) [ns3_ftrl_eta0p1] | loss: 3.329385 | lrm: 0.91 | dt: 898.67ms | tok/s: 583,406 | mfu: 33.30 | epoch: 1 | eta: 17.5m
step 01198/02205 (54.33%) [ns3_ftrl_eta0p1] | loss: 3.334973 | lrm: 0.91 | dt: 894.03ms | tok/s: 586,431 | mfu: 33.47 | epoch: 1 | eta: 17.5m
step 01199/02205 (54.38%) [ns3_ftrl_eta0p1] | loss: 3.320292 | lrm: 0.91 | dt: 899.58ms | tok/s: 582,816 | mfu: 33.26 | epoch: 1 | eta: 17.4m
step 01200/02205 (54.42%) [ns3_ftrl_eta0p1] | loss: 3.316188 | lrm: 0.91 | dt: 899.83ms | tok/s: 582,650 | mfu: 33.26 | epoch: 1 | eta: 17.4m
step 01201/02205 (54.47%) [ns3_ftrl_eta0p1] | loss: 3.312464 | lrm: 0.91 | dt: 895.68ms | tok/s: 585,352 | mfu: 33.41 | epoch: 1 | eta: 17.4m
step 01202/02205 (54.51%) [ns3_ftrl_eta0p1] | loss: 3.314802 | lrm: 0.91 | dt: 899.31ms | tok/s: 582,986 | mfu: 33.27 | epoch: 1 | eta: 17.4m
step 01203/02205 (54.56%) [ns3_ftrl_eta0p1] | loss: 3.311690 | lrm: 0.91 | dt: 902.35ms | tok/s: 581,026 | mfu: 33.16 | epoch: 1 | eta: 17.4m
step 01204/02205 (54.60%) [ns3_ftrl_eta0p1] | loss: 3.309336 | lrm: 0.91 | dt: 897.35ms | tok/s: 584,264 | mfu: 33.35 | epoch: 1 | eta: 17.3m
step 01205/02205 (54.65%) [ns3_ftrl_eta0p1] | loss: 3.312426 | lrm: 0.91 | dt: 898.16ms | tok/s: 583,735 | mfu: 33.32 | epoch: 1 | eta: 17.3m
step 01206/02205 (54.69%) [ns3_ftrl_eta0p1] | loss: 3.313942 | lrm: 0.91 | dt: 899.61ms | tok/s: 582,796 | mfu: 33.26 | epoch: 1 | eta: 17.3m
step 01207/02205 (54.74%) [ns3_ftrl_eta0p1] | loss: 3.308662 | lrm: 0.91 | dt: 905.49ms | tok/s: 579,010 | mfu: 33.05 | epoch: 1 | eta: 17.3m
step 01208/02205 (54.78%) [ns3_ftrl_eta0p1] | loss: 3.303972 | lrm: 0.90 | dt: 901.91ms | tok/s: 581,306 | mfu: 33.18 | epoch: 1 | eta: 17.3m
step 01209/02205 (54.83%) [ns3_ftrl_eta0p1] | loss: 3.300328 | lrm: 0.90 | dt: 895.42ms | tok/s: 585,520 | mfu: 33.42 | epoch: 1 | eta: 17.2m
step 01210/02205 (54.88%) [ns3_ftrl_eta0p1] | loss: 3.294290 | lrm: 0.90 | dt: 909.95ms | tok/s: 576,172 | mfu: 32.89 | epoch: 1 | eta: 17.2m
step 01211/02205 (54.92%) [ns3_ftrl_eta0p1] | loss: 3.291055 | lrm: 0.90 | dt: 894.54ms | tok/s: 586,099 | mfu: 33.45 | epoch: 1 | eta: 17.2m
step 01212/02205 (54.97%) [ns3_ftrl_eta0p1] | loss: 3.292535 | lrm: 0.90 | dt: 910.38ms | tok/s: 575,902 | mfu: 32.87 | epoch: 1 | eta: 17.2m
step 01213/02205 (55.01%) [ns3_ftrl_eta0p1] | loss: 3.285349 | lrm: 0.90 | dt: 894.67ms | tok/s: 586,011 | mfu: 33.45 | epoch: 1 | eta: 17.2m
step 01214/02205 (55.06%) [ns3_ftrl_eta0p1] | loss: 3.290280 | lrm: 0.90 | dt: 898.63ms | tok/s: 583,430 | mfu: 33.30 | epoch: 1 | eta: 17.2m
step 01215/02205 (55.10%) [ns3_ftrl_eta0p1] | loss: 3.297966 | lrm: 0.90 | dt: 919.62ms | tok/s: 570,112 | mfu: 32.54 | epoch: 1 | eta: 17.1m
step 01216/02205 (55.15%) [ns3_ftrl_eta0p1] | loss: 3.293814 | lrm: 0.90 | dt: 903.85ms | tok/s: 580,058 | mfu: 33.11 | epoch: 1 | eta: 17.1m
step 01217/02205 (55.19%) [ns3_ftrl_eta0p1] | loss: 3.295126 | lrm: 0.90 | dt: 895.37ms | tok/s: 585,554 | mfu: 33.42 | epoch: 1 | eta: 17.1m
step 01218/02205 (55.24%) [ns3_ftrl_eta0p1] | loss: 3.299217 | lrm: 0.90 | dt: 914.40ms | tok/s: 573,370 | mfu: 32.73 | epoch: 1 | eta: 17.1m
step 01219/02205 (55.28%) [ns3_ftrl_eta0p1] | loss: 3.305749 | lrm: 0.89 | dt: 911.00ms | tok/s: 575,508 | mfu: 32.85 | epoch: 1 | eta: 17.1m
step 01220/02205 (55.33%) [ns3_ftrl_eta0p1] | loss: 3.291443 | lrm: 0.89 | dt: 894.07ms | tok/s: 586,407 | mfu: 33.47 | epoch: 1 | eta: 17.0m
step 01221/02205 (55.37%) [ns3_ftrl_eta0p1] | loss: 3.292410 | lrm: 0.89 | dt: 909.97ms | tok/s: 576,159 | mfu: 32.88 | epoch: 1 | eta: 17.0m
step 01222/02205 (55.42%) [ns3_ftrl_eta0p1] | loss: 3.293920 | lrm: 0.89 | dt: 908.94ms | tok/s: 576,811 | mfu: 32.92 | epoch: 1 | eta: 17.0m
step 01223/02205 (55.46%) [ns3_ftrl_eta0p1] | loss: 3.300675 | lrm: 0.89 | dt: 877.49ms | tok/s: 597,483 | mfu: 34.10 | epoch: 1 | eta: 17.0m
step 01224/02205 (55.51%) [ns3_ftrl_eta0p1] | loss: 3.305083 | lrm: 0.89 | dt: 892.18ms | tok/s: 587,649 | mfu: 33.54 | epoch: 1 | eta: 17.0m
step 01225/02205 (55.56%) [ns3_ftrl_eta0p1] | loss: 3.313722 | lrm: 0.89 | dt: 917.74ms | tok/s: 571,279 | mfu: 32.61 | epoch: 1 | eta: 16.9m
step 01226/02205 (55.60%) [ns3_ftrl_eta0p1] | loss: 3.320969 | lrm: 0.89 | dt: 888.14ms | tok/s: 590,320 | mfu: 33.69 | epoch: 1 | eta: 16.9m
step 01227/02205 (55.65%) [ns3_ftrl_eta0p1] | loss: 3.310547 | lrm: 0.89 | dt: 907.77ms | tok/s: 577,552 | mfu: 32.96 | epoch: 1 | eta: 16.9m
step 01228/02205 (55.69%) [ns3_ftrl_eta0p1] | loss: 3.304647 | lrm: 0.89 | dt: 920.14ms | tok/s: 569,789 | mfu: 32.52 | epoch: 1 | eta: 16.9m
step 01229/02205 (55.74%) [ns3_ftrl_eta0p1] | loss: 3.304571 | lrm: 0.89 | dt: 888.53ms | tok/s: 590,060 | mfu: 33.68 | epoch: 1 | eta: 16.9m
step 01230/02205 (55.78%) [ns3_ftrl_eta0p1] | loss: 3.307572 | lrm: 0.88 | dt: 917.35ms | tok/s: 571,522 | mfu: 32.62 | epoch: 1 | eta: 16.8m
step 01231/02205 (55.83%) [ns3_ftrl_eta0p1] | loss: 3.306750 | lrm: 0.88 | dt: 892.47ms | tok/s: 587,458 | mfu: 33.53 | epoch: 1 | eta: 16.8m
step 01232/02205 (55.87%) [ns3_ftrl_eta0p1] | loss: 3.314853 | lrm: 0.88 | dt: 909.56ms | tok/s: 576,420 | mfu: 32.90 | epoch: 1 | eta: 16.8m
step 01233/02205 (55.92%) [ns3_ftrl_eta0p1] | loss: 3.309495 | lrm: 0.88 | dt: 910.01ms | tok/s: 576,137 | mfu: 32.88 | epoch: 1 | eta: 16.8m
step 01234/02205 (55.96%) [ns3_ftrl_eta0p1] | loss: 3.310612 | lrm: 0.88 | dt: 892.12ms | tok/s: 587,687 | mfu: 33.54 | epoch: 1 | eta: 16.8m
step 01235/02205 (56.01%) [ns3_ftrl_eta0p1] | loss: 3.323353 | lrm: 0.88 | dt: 897.79ms | tok/s: 583,975 | mfu: 33.33 | epoch: 1 | eta: 16.8m
step 01236/02205 (56.05%) [ns3_ftrl_eta0p1] | loss: 3.331558 | lrm: 0.88 | dt: 914.70ms | tok/s: 573,178 | mfu: 32.71 | epoch: 1 | eta: 16.7m
step 01237/02205 (56.10%) [ns3_ftrl_eta0p1] | loss: 3.325447 | lrm: 0.88 | dt: 903.37ms | tok/s: 580,367 | mfu: 33.12 | epoch: 1 | eta: 16.7m
step 01238/02205 (56.15%) [ns3_ftrl_eta0p1] | loss: 3.320752 | lrm: 0.88 | dt: 906.38ms | tok/s: 578,440 | mfu: 33.01 | epoch: 1 | eta: 16.7m
step 01239/02205 (56.19%) [ns3_ftrl_eta0p1] | loss: 3.326383 | lrm: 0.88 | dt: 892.51ms | tok/s: 587,431 | mfu: 33.53 | epoch: 1 | eta: 16.7m
step 01240/02205 (56.24%) [ns3_ftrl_eta0p1] | loss: 3.324317 | lrm: 0.88 | dt: 901.97ms | tok/s: 581,270 | mfu: 33.18 | epoch: 1 | eta: 16.7m
step 01241/02205 (56.28%) [ns3_ftrl_eta0p1] | loss: 3.314369 | lrm: 0.87 | dt: 898.52ms | tok/s: 583,502 | mfu: 33.30 | epoch: 1 | eta: 16.6m
step 01242/02205 (56.33%) [ns3_ftrl_eta0p1] | loss: 3.312520 | lrm: 0.87 | dt: 902.48ms | tok/s: 580,940 | mfu: 33.16 | epoch: 1 | eta: 16.6m
step 01243/02205 (56.37%) [ns3_ftrl_eta0p1] | loss: 3.308206 | lrm: 0.87 | dt: 916.21ms | tok/s: 572,237 | mfu: 32.66 | epoch: 1 | eta: 16.6m
step 01244/02205 (56.42%) [ns3_ftrl_eta0p1] | loss: 3.310050 | lrm: 0.87 | dt: 892.83ms | tok/s: 587,221 | mfu: 33.52 | epoch: 1 | eta: 16.6m
step 01245/02205 (56.46%) [ns3_ftrl_eta0p1] | loss: 3.306379 | lrm: 0.87 | dt: 897.32ms | tok/s: 584,281 | mfu: 33.35 | epoch: 1 | eta: 16.6m
step 01246/02205 (56.51%) [ns3_ftrl_eta0p1] | loss: 3.300968 | lrm: 0.87 | dt: 904.02ms | tok/s: 579,949 | mfu: 33.10 | epoch: 1 | eta: 16.5m
step 01247/02205 (56.55%) [ns3_ftrl_eta0p1] | loss: 3.299729 | lrm: 0.87 | dt: 904.06ms | tok/s: 579,925 | mfu: 33.10 | epoch: 1 | eta: 16.5m
step 01248/02205 (56.60%) [ns3_ftrl_eta0p1] | loss: 3.306823 | lrm: 0.87 | dt: 906.61ms | tok/s: 578,293 | mfu: 33.01 | epoch: 1 | eta: 16.5m
step 01249/02205 (56.64%) [ns3_ftrl_eta0p1] | loss: 3.312683 | lrm: 0.87 | dt: 910.37ms | tok/s: 575,903 | mfu: 32.87 | epoch: 1 | eta: 16.5m
Step 01250 | val bpb: 0.966756
step 01250/02205 (56.69%) [ns3_ftrl_eta0p1] | loss: 3.304652 | lrm: 0.87 | dt: 924.10ms | tok/s: 567,348 | mfu: 32.38 | epoch: 1 | eta: 16.5m
step 01251/02205 (56.73%) [ns3_ftrl_eta0p1] | loss: 3.308005 | lrm: 0.87 | dt: 892.87ms | tok/s: 587,197 | mfu: 33.51 | epoch: 1 | eta: 16.4m
step 01252/02205 (56.78%) [ns3_ftrl_eta0p1] | loss: 3.290735 | lrm: 0.86 | dt: 910.73ms | tok/s: 575,676 | mfu: 32.86 | epoch: 1 | eta: 16.4m
step 01253/02205 (56.83%) [ns3_ftrl_eta0p1] | loss: 3.296431 | lrm: 0.86 | dt: 888.37ms | tok/s: 590,171 | mfu: 33.68 | epoch: 1 | eta: 16.4m
step 01254/02205 (56.87%) [ns3_ftrl_eta0p1] | loss: 3.302628 | lrm: 0.86 | dt: 898.25ms | tok/s: 583,678 | mfu: 33.31 | epoch: 1 | eta: 16.4m
step 01255/02205 (56.92%) [ns3_ftrl_eta0p1] | loss: 3.300914 | lrm: 0.86 | dt: 913.80ms | tok/s: 573,746 | mfu: 32.75 | epoch: 1 | eta: 16.4m
step 01256/02205 (56.96%) [ns3_ftrl_eta0p1] | loss: 3.301045 | lrm: 0.86 | dt: 884.93ms | tok/s: 592,464 | mfu: 33.82 | epoch: 1 | eta: 16.4m
step 01257/02205 (57.01%) [ns3_ftrl_eta0p1] | loss: 3.300802 | lrm: 0.86 | dt: 915.50ms | tok/s: 572,678 | mfu: 32.69 | epoch: 1 | eta: 16.3m
step 01258/02205 (57.05%) [ns3_ftrl_eta0p1] | loss: 3.307634 | lrm: 0.86 | dt: 890.22ms | tok/s: 588,944 | mfu: 33.61 | epoch: 1 | eta: 16.3m
step 01259/02205 (57.10%) [ns3_ftrl_eta0p1] | loss: 3.297985 | lrm: 0.86 | dt: 908.55ms | tok/s: 577,060 | mfu: 32.94 | epoch: 1 | eta: 16.3m
step 01260/02205 (57.14%) [ns3_ftrl_eta0p1] | loss: 3.298093 | lrm: 0.86 | dt: 904.76ms | tok/s: 579,478 | mfu: 33.07 | epoch: 1 | eta: 16.3m
step 01261/02205 (57.19%) [ns3_ftrl_eta0p1] | loss: 3.301561 | lrm: 0.86 | dt: 879.65ms | tok/s: 596,020 | mfu: 34.02 | epoch: 1 | eta: 16.3m
step 01262/02205 (57.23%) [ns3_ftrl_eta0p1] | loss: 3.288001 | lrm: 0.86 | dt: 897.55ms | tok/s: 584,129 | mfu: 33.34 | epoch: 1 | eta: 16.2m
step 01263/02205 (57.28%) [ns3_ftrl_eta0p1] | loss: 3.283691 | lrm: 0.85 | dt: 900.49ms | tok/s: 582,228 | mfu: 33.23 | epoch: 1 | eta: 16.2m
step 01264/02205 (57.32%) [ns3_ftrl_eta0p1] | loss: 3.297284 | lrm: 0.85 | dt: 905.98ms | tok/s: 578,697 | mfu: 33.03 | epoch: 1 | eta: 16.2m
step 01265/02205 (57.37%) [ns3_ftrl_eta0p1] | loss: 3.292668 | lrm: 0.85 | dt: 896.93ms | tok/s: 584,532 | mfu: 33.36 | epoch: 1 | eta: 16.2m
step 01266/02205 (57.41%) [ns3_ftrl_eta0p1] | loss: 3.291259 | lrm: 0.85 | dt: 891.71ms | tok/s: 587,958 | mfu: 33.56 | epoch: 1 | eta: 16.2m
step 01267/02205 (57.46%) [ns3_ftrl_eta0p1] | loss: 3.289454 | lrm: 0.85 | dt: 891.84ms | tok/s: 587,872 | mfu: 33.55 | epoch: 1 | eta: 16.1m
step 01268/02205 (57.51%) [ns3_ftrl_eta0p1] | loss: 3.287088 | lrm: 0.85 | dt: 894.78ms | tok/s: 585,940 | mfu: 33.44 | epoch: 1 | eta: 16.1m
step 01269/02205 (57.55%) [ns3_ftrl_eta0p1] | loss: 3.289642 | lrm: 0.85 | dt: 892.83ms | tok/s: 587,221 | mfu: 33.52 | epoch: 1 | eta: 16.1m
step 01270/02205 (57.60%) [ns3_ftrl_eta0p1] | loss: 3.279254 | lrm: 0.85 | dt: 895.01ms | tok/s: 585,790 | mfu: 33.43 | epoch: 1 | eta: 16.1m
step 01271/02205 (57.64%) [ns3_ftrl_eta0p1] | loss: 3.286036 | lrm: 0.85 | dt: 907.54ms | tok/s: 577,702 | mfu: 32.97 | epoch: 1 | eta: 16.1m
step 01272/02205 (57.69%) [ns3_ftrl_eta0p1] | loss: 3.302337 | lrm: 0.85 | dt: 889.65ms | tok/s: 589,321 | mfu: 33.64 | epoch: 1 | eta: 16.1m
step 01273/02205 (57.73%) [ns3_ftrl_eta0p1] | loss: 3.297620 | lrm: 0.85 | dt: 891.67ms | tok/s: 587,981 | mfu: 33.56 | epoch: 1 | eta: 16.0m
step 01274/02205 (57.78%) [ns3_ftrl_eta0p1] | loss: 3.298860 | lrm: 0.84 | dt: 897.59ms | tok/s: 584,106 | mfu: 33.34 | epoch: 1 | eta: 16.0m
step 01275/02205 (57.82%) [ns3_ftrl_eta0p1] | loss: 3.301636 | lrm: 0.84 | dt: 915.11ms | tok/s: 572,920 | mfu: 32.70 | epoch: 1 | eta: 16.0m
step 01276/02205 (57.87%) [ns3_ftrl_eta0p1] | loss: 3.297745 | lrm: 0.84 | dt: 895.31ms | tok/s: 585,594 | mfu: 33.42 | epoch: 1 | eta: 16.0m
step 01277/02205 (57.91%) [ns3_ftrl_eta0p1] | loss: 3.304478 | lrm: 0.84 | dt: 906.67ms | tok/s: 578,255 | mfu: 33.00 | epoch: 1 | eta: 16.0m
step 01278/02205 (57.96%) [ns3_ftrl_eta0p1] | loss: 3.307671 | lrm: 0.84 | dt: 893.78ms | tok/s: 586,598 | mfu: 33.48 | epoch: 1 | eta: 15.9m
step 01279/02205 (58.00%) [ns3_ftrl_eta0p1] | loss: 3.304425 | lrm: 0.84 | dt: 900.21ms | tok/s: 582,403 | mfu: 33.24 | epoch: 1 | eta: 15.9m
step 01280/02205 (58.05%) [ns3_ftrl_eta0p1] | loss: 3.305053 | lrm: 0.84 | dt: 896.30ms | tok/s: 584,946 | mfu: 33.39 | epoch: 1 | eta: 15.9m
step 01281/02205 (58.10%) [ns3_ftrl_eta0p1] | loss: 3.305959 | lrm: 0.84 | dt: 897.78ms | tok/s: 583,979 | mfu: 33.33 | epoch: 1 | eta: 15.9m
step 01282/02205 (58.14%) [ns3_ftrl_eta0p1] | loss: 3.296183 | lrm: 0.84 | dt: 918.75ms | tok/s: 570,651 | mfu: 32.57 | epoch: 1 | eta: 15.9m
step 01283/02205 (58.19%) [ns3_ftrl_eta0p1] | loss: 3.298663 | lrm: 0.84 | dt: 889.47ms | tok/s: 589,436 | mfu: 33.64 | epoch: 1 | eta: 15.8m
step 01284/02205 (58.23%) [ns3_ftrl_eta0p1] | loss: 3.301897 | lrm: 0.84 | dt: 914.88ms | tok/s: 573,065 | mfu: 32.71 | epoch: 1 | eta: 15.8m
step 01285/02205 (58.28%) [ns3_ftrl_eta0p1] | loss: 3.301987 | lrm: 0.83 | dt: 894.44ms | tok/s: 586,160 | mfu: 33.46 | epoch: 1 | eta: 15.8m
step 01286/02205 (58.32%) [ns3_ftrl_eta0p1] | loss: 3.309283 | lrm: 0.83 | dt: 894.64ms | tok/s: 586,033 | mfu: 33.45 | epoch: 1 | eta: 15.8m
step 01287/02205 (58.37%) [ns3_ftrl_eta0p1] | loss: 3.310718 | lrm: 0.83 | dt: 899.07ms | tok/s: 583,142 | mfu: 33.28 | epoch: 1 | eta: 15.8m
step 01288/02205 (58.41%) [ns3_ftrl_eta0p1] | loss: 3.311667 | lrm: 0.83 | dt: 899.38ms | tok/s: 582,942 | mfu: 33.27 | epoch: 1 | eta: 15.7m
step 01289/02205 (58.46%) [ns3_ftrl_eta0p1] | loss: 3.301512 | lrm: 0.83 | dt: 899.20ms | tok/s: 583,058 | mfu: 33.28 | epoch: 1 | eta: 15.7m
step 01290/02205 (58.50%) [ns3_ftrl_eta0p1] | loss: 3.300813 | lrm: 0.83 | dt: 901.33ms | tok/s: 581,684 | mfu: 33.20 | epoch: 1 | eta: 15.7m
step 01291/02205 (58.55%) [ns3_ftrl_eta0p1] | loss: 3.305557 | lrm: 0.83 | dt: 898.91ms | tok/s: 583,246 | mfu: 33.29 | epoch: 1 | eta: 15.7m
step 01292/02205 (58.59%) [ns3_ftrl_eta0p1] | loss: 3.309244 | lrm: 0.83 | dt: 911.04ms | tok/s: 575,482 | mfu: 32.85 | epoch: 1 | eta: 15.7m
step 01293/02205 (58.64%) [ns3_ftrl_eta0p1] | loss: 3.319322 | lrm: 0.83 | dt: 891.11ms | tok/s: 588,351 | mfu: 33.58 | epoch: 1 | eta: 15.7m
step 01294/02205 (58.68%) [ns3_ftrl_eta0p1] | loss: 3.322522 | lrm: 0.83 | dt: 912.57ms | tok/s: 574,517 | mfu: 32.79 | epoch: 1 | eta: 15.6m
step 01295/02205 (58.73%) [ns3_ftrl_eta0p1] | loss: 3.313475 | lrm: 0.83 | dt: 894.10ms | tok/s: 586,389 | mfu: 33.47 | epoch: 1 | eta: 15.6m
step 01296/02205 (58.78%) [ns3_ftrl_eta0p1] | loss: 3.313926 | lrm: 0.82 | dt: 898.95ms | tok/s: 583,220 | mfu: 33.29 | epoch: 1 | eta: 15.6m
step 01297/02205 (58.82%) [ns3_ftrl_eta0p1] | loss: 3.316772 | lrm: 0.82 | dt: 912.75ms | tok/s: 574,403 | mfu: 32.78 | epoch: 1 | eta: 15.6m
step 01298/02205 (58.87%) [ns3_ftrl_eta0p1] | loss: 3.319080 | lrm: 0.82 | dt: 896.64ms | tok/s: 584,727 | mfu: 33.37 | epoch: 1 | eta: 15.6m
step 01299/02205 (58.91%) [ns3_ftrl_eta0p1] | loss: 3.316555 | lrm: 0.82 | dt: 900.99ms | tok/s: 581,900 | mfu: 33.21 | epoch: 1 | eta: 15.5m
step 01300/02205 (58.96%) [ns3_ftrl_eta0p1] | loss: 3.313934 | lrm: 0.82 | dt: 909.43ms | tok/s: 576,499 | mfu: 32.90 | epoch: 1 | eta: 15.5m
step 01301/02205 (59.00%) [ns3_ftrl_eta0p1] | loss: 3.308221 | lrm: 0.82 | dt: 898.07ms | tok/s: 583,794 | mfu: 33.32 | epoch: 1 | eta: 15.5m
step 01302/02205 (59.05%) [ns3_ftrl_eta0p1] | loss: 3.293012 | lrm: 0.82 | dt: 896.23ms | tok/s: 584,991 | mfu: 33.39 | epoch: 1 | eta: 15.5m
step 01303/02205 (59.09%) [ns3_ftrl_eta0p1] | loss: 3.293697 | lrm: 0.82 | dt: 908.34ms | tok/s: 577,190 | mfu: 32.94 | epoch: 1 | eta: 15.5m
step 01304/02205 (59.14%) [ns3_ftrl_eta0p1] | loss: 3.300045 | lrm: 0.82 | dt: 907.00ms | tok/s: 578,043 | mfu: 32.99 | epoch: 1 | eta: 15.5m
step 01305/02205 (59.18%) [ns3_ftrl_eta0p1] | loss: 3.300493 | lrm: 0.82 | dt: 887.92ms | tok/s: 590,465 | mfu: 33.70 | epoch: 1 | eta: 15.4m
step 01306/02205 (59.23%) [ns3_ftrl_eta0p1] | loss: 3.296221 | lrm: 0.82 | dt: 921.66ms | tok/s: 568,848 | mfu: 32.47 | epoch: 1 | eta: 15.4m
step 01307/02205 (59.27%) [ns3_ftrl_eta0p1] | loss: 3.296476 | lrm: 0.81 | dt: 887.30ms | tok/s: 590,880 | mfu: 33.72 | epoch: 1 | eta: 15.4m
step 01308/02205 (59.32%) [ns3_ftrl_eta0p1] | loss: 3.294183 | lrm: 0.81 | dt: 906.42ms | tok/s: 578,413 | mfu: 33.01 | epoch: 1 | eta: 15.4m
step 01309/02205 (59.37%) [ns3_ftrl_eta0p1] | loss: 3.293496 | lrm: 0.81 | dt: 913.54ms | tok/s: 573,906 | mfu: 32.76 | epoch: 1 | eta: 15.4m
step 01310/02205 (59.41%) [ns3_ftrl_eta0p1] | loss: 3.294384 | lrm: 0.81 | dt: 890.27ms | tok/s: 588,907 | mfu: 33.61 | epoch: 1 | eta: 15.3m
step 01311/02205 (59.46%) [ns3_ftrl_eta0p1] | loss: 3.297502 | lrm: 0.81 | dt: 881.68ms | tok/s: 594,646 | mfu: 33.94 | epoch: 1 | eta: 15.3m
step 01312/02205 (59.50%) [ns3_ftrl_eta0p1] | loss: 3.310361 | lrm: 0.81 | dt: 919.65ms | tok/s: 570,092 | mfu: 32.54 | epoch: 1 | eta: 15.3m
step 01313/02205 (59.55%) [ns3_ftrl_eta0p1] | loss: 3.298240 | lrm: 0.81 | dt: 891.36ms | tok/s: 588,190 | mfu: 33.57 | epoch: 1 | eta: 15.3m
step 01314/02205 (59.59%) [ns3_ftrl_eta0p1] | loss: 3.297605 | lrm: 0.81 | dt: 923.71ms | tok/s: 567,591 | mfu: 32.40 | epoch: 1 | eta: 15.3m
step 01315/02205 (59.64%) [ns3_ftrl_eta0p1] | loss: 3.300877 | lrm: 0.81 | dt: 906.71ms | tok/s: 578,233 | mfu: 33.00 | epoch: 1 | eta: 15.2m
step 01316/02205 (59.68%) [ns3_ftrl_eta0p1] | loss: 3.300918 | lrm: 0.81 | dt: 896.32ms | tok/s: 584,933 | mfu: 33.39 | epoch: 1 | eta: 15.2m
step 01317/02205 (59.73%) [ns3_ftrl_eta0p1] | loss: 3.296812 | lrm: 0.81 | dt: 893.08ms | tok/s: 587,052 | mfu: 33.51 | epoch: 1 | eta: 15.2m
step 01318/02205 (59.77%) [ns3_ftrl_eta0p1] | loss: 3.293017 | lrm: 0.80 | dt: 919.98ms | tok/s: 569,892 | mfu: 32.53 | epoch: 1 | eta: 15.2m
step 01319/02205 (59.82%) [ns3_ftrl_eta0p1] | loss: 3.283717 | lrm: 0.80 | dt: 888.91ms | tok/s: 589,808 | mfu: 33.66 | epoch: 1 | eta: 15.2m
step 01320/02205 (59.86%) [ns3_ftrl_eta0p1] | loss: 3.281427 | lrm: 0.80 | dt: 913.29ms | tok/s: 574,066 | mfu: 32.77 | epoch: 1 | eta: 15.2m
step 01321/02205 (59.91%) [ns3_ftrl_eta0p1] | loss: 3.280004 | lrm: 0.80 | dt: 902.86ms | tok/s: 580,695 | mfu: 33.14 | epoch: 1 | eta: 15.1m
step 01322/02205 (59.95%) [ns3_ftrl_eta0p1] | loss: 3.276233 | lrm: 0.80 | dt: 891.06ms | tok/s: 588,383 | mfu: 33.58 | epoch: 1 | eta: 15.1m
step 01323/02205 (60.00%) [ns3_ftrl_eta0p1] | loss: 3.268208 | lrm: 0.80 | dt: 905.80ms | tok/s: 578,814 | mfu: 33.04 | epoch: 1 | eta: 15.1m
step 01324/02205 (60.05%) [ns3_ftrl_eta0p1] | loss: 3.262600 | lrm: 0.80 | dt: 911.61ms | tok/s: 575,120 | mfu: 32.83 | epoch: 1 | eta: 15.1m
step 01325/02205 (60.09%) [ns3_ftrl_eta0p1] | loss: 3.263624 | lrm: 0.80 | dt: 903.78ms | tok/s: 580,107 | mfu: 33.11 | epoch: 1 | eta: 15.1m
step 01326/02205 (60.14%) [ns3_ftrl_eta0p1] | loss: 3.262694 | lrm: 0.80 | dt: 900.78ms | tok/s: 582,035 | mfu: 33.22 | epoch: 1 | eta: 15.0m
step 01327/02205 (60.18%) [ns3_ftrl_eta0p1] | loss: 3.269902 | lrm: 0.80 | dt: 896.93ms | tok/s: 584,534 | mfu: 33.36 | epoch: 1 | eta: 15.0m
step 01328/02205 (60.23%) [ns3_ftrl_eta0p1] | loss: 3.263911 | lrm: 0.80 | dt: 901.63ms | tok/s: 581,488 | mfu: 33.19 | epoch: 1 | eta: 15.0m
step 01329/02205 (60.27%) [ns3_ftrl_eta0p1] | loss: 3.263059 | lrm: 0.79 | dt: 893.34ms | tok/s: 586,883 | mfu: 33.50 | epoch: 1 | eta: 15.0m
step 01330/02205 (60.32%) [ns3_ftrl_eta0p1] | loss: 3.264632 | lrm: 0.79 | dt: 904.43ms | tok/s: 579,688 | mfu: 33.09 | epoch: 1 | eta: 15.0m
step 01331/02205 (60.36%) [ns3_ftrl_eta0p1] | loss: 3.268311 | lrm: 0.79 | dt: 917.69ms | tok/s: 571,315 | mfu: 32.61 | epoch: 1 | eta: 15.0m
step 01332/02205 (60.41%) [ns3_ftrl_eta0p1] | loss: 3.267178 | lrm: 0.79 | dt: 885.49ms | tok/s: 592,090 | mfu: 33.79 | epoch: 1 | eta: 14.9m
step 01333/02205 (60.45%) [ns3_ftrl_eta0p1] | loss: 3.265822 | lrm: 0.79 | dt: 906.22ms | tok/s: 578,546 | mfu: 33.02 | epoch: 1 | eta: 14.9m
step 01334/02205 (60.50%) [ns3_ftrl_eta0p1] | loss: 3.261146 | lrm: 0.79 | dt: 900.69ms | tok/s: 582,095 | mfu: 33.22 | epoch: 1 | eta: 14.9m
step 01335/02205 (60.54%) [ns3_ftrl_eta0p1] | loss: 3.261503 | lrm: 0.79 | dt: 906.30ms | tok/s: 578,491 | mfu: 33.02 | epoch: 1 | eta: 14.9m
step 01336/02205 (60.59%) [ns3_ftrl_eta0p1] | loss: 3.262437 | lrm: 0.79 | dt: 912.70ms | tok/s: 574,437 | mfu: 32.79 | epoch: 1 | eta: 14.9m
step 01337/02205 (60.63%) [ns3_ftrl_eta0p1] | loss: 3.259925 | lrm: 0.79 | dt: 901.82ms | tok/s: 581,363 | mfu: 33.18 | epoch: 1 | eta: 14.8m
step 01338/02205 (60.68%) [ns3_ftrl_eta0p1] | loss: 3.264738 | lrm: 0.79 | dt: 914.21ms | tok/s: 573,485 | mfu: 32.73 | epoch: 1 | eta: 14.8m
step 01339/02205 (60.73%) [ns3_ftrl_eta0p1] | loss: 3.262841 | lrm: 0.79 | dt: 900.18ms | tok/s: 582,424 | mfu: 33.24 | epoch: 1 | eta: 14.8m
step 01340/02205 (60.77%) [ns3_ftrl_eta0p1] | loss: 3.268729 | lrm: 0.78 | dt: 893.36ms | tok/s: 586,873 | mfu: 33.50 | epoch: 1 | eta: 14.8m
step 01341/02205 (60.82%) [ns3_ftrl_eta0p1] | loss: 3.271902 | lrm: 0.78 | dt: 899.07ms | tok/s: 583,148 | mfu: 33.28 | epoch: 1 | eta: 14.8m
step 01342/02205 (60.86%) [ns3_ftrl_eta0p1] | loss: 3.271736 | lrm: 0.78 | dt: 916.71ms | tok/s: 571,925 | mfu: 32.64 | epoch: 1 | eta: 14.7m
step 01343/02205 (60.91%) [ns3_ftrl_eta0p1] | loss: 3.264670 | lrm: 0.78 | dt: 894.39ms | tok/s: 586,195 | mfu: 33.46 | epoch: 1 | eta: 14.7m
step 01344/02205 (60.95%) [ns3_ftrl_eta0p1] | loss: 3.273880 | lrm: 0.78 | dt: 901.34ms | tok/s: 581,673 | mfu: 33.20 | epoch: 1 | eta: 14.7m
step 01345/02205 (61.00%) [ns3_ftrl_eta0p1] | loss: 3.273106 | lrm: 0.78 | dt: 915.00ms | tok/s: 572,994 | mfu: 32.70 | epoch: 1 | eta: 14.7m
step 01346/02205 (61.04%) [ns3_ftrl_eta0p1] | loss: 3.271680 | lrm: 0.78 | dt: 889.69ms | tok/s: 589,295 | mfu: 33.63 | epoch: 1 | eta: 14.7m
step 01347/02205 (61.09%) [ns3_ftrl_eta0p1] | loss: 3.271421 | lrm: 0.78 | dt: 921.94ms | tok/s: 568,679 | mfu: 32.46 | epoch: 1 | eta: 14.7m
step 01348/02205 (61.13%) [ns3_ftrl_eta0p1] | loss: 3.274274 | lrm: 0.78 | dt: 893.02ms | tok/s: 587,092 | mfu: 33.51 | epoch: 1 | eta: 14.6m
step 01349/02205 (61.18%) [ns3_ftrl_eta0p1] | loss: 3.275320 | lrm: 0.78 | dt: 905.10ms | tok/s: 579,260 | mfu: 33.06 | epoch: 1 | eta: 14.6m
step 01350/02205 (61.22%) [ns3_ftrl_eta0p1] | loss: 3.279269 | lrm: 0.78 | dt: 901.13ms | tok/s: 581,810 | mfu: 33.21 | epoch: 1 | eta: 14.6m
step 01351/02205 (61.27%) [ns3_ftrl_eta0p1] | loss: 3.275775 | lrm: 0.77 | dt: 902.02ms | tok/s: 581,238 | mfu: 33.17 | epoch: 1 | eta: 14.6m
step 01352/02205 (61.32%) [ns3_ftrl_eta0p1] | loss: 3.273331 | lrm: 0.77 | dt: 903.94ms | tok/s: 580,002 | mfu: 33.10 | epoch: 1 | eta: 14.6m
step 01353/02205 (61.36%) [ns3_ftrl_eta0p1] | loss: 3.283298 | lrm: 0.77 | dt: 899.87ms | tok/s: 582,627 | mfu: 33.25 | epoch: 1 | eta: 14.5m
step 01354/02205 (61.41%) [ns3_ftrl_eta0p1] | loss: 3.282114 | lrm: 0.77 | dt: 900.22ms | tok/s: 582,402 | mfu: 33.24 | epoch: 1 | eta: 14.5m
step 01355/02205 (61.45%) [ns3_ftrl_eta0p1] | loss: 3.283327 | lrm: 0.77 | dt: 901.92ms | tok/s: 581,299 | mfu: 33.18 | epoch: 1 | eta: 14.5m
step 01356/02205 (61.50%) [ns3_ftrl_eta0p1] | loss: 3.275088 | lrm: 0.77 | dt: 897.67ms | tok/s: 584,054 | mfu: 33.34 | epoch: 1 | eta: 14.5m
step 01357/02205 (61.54%) [ns3_ftrl_eta0p1] | loss: 3.267183 | lrm: 0.77 | dt: 897.40ms | tok/s: 584,229 | mfu: 33.35 | epoch: 1 | eta: 14.5m
step 01358/02205 (61.59%) [ns3_ftrl_eta0p1] | loss: 3.258478 | lrm: 0.77 | dt: 897.92ms | tok/s: 583,889 | mfu: 33.33 | epoch: 1 | eta: 14.5m
step 01359/02205 (61.63%) [ns3_ftrl_eta0p1] | loss: 3.252016 | lrm: 0.77 | dt: 902.81ms | tok/s: 580,731 | mfu: 33.15 | epoch: 1 | eta: 14.4m
step 01360/02205 (61.68%) [ns3_ftrl_eta0p1] | loss: 3.253530 | lrm: 0.77 | dt: 898.65ms | tok/s: 583,415 | mfu: 33.30 | epoch: 1 | eta: 14.4m
step 01361/02205 (61.72%) [ns3_ftrl_eta0p1] | loss: 3.241367 | lrm: 0.77 | dt: 903.83ms | tok/s: 580,076 | mfu: 33.11 | epoch: 1 | eta: 14.4m
step 01362/02205 (61.77%) [ns3_ftrl_eta0p1] | loss: 3.256446 | lrm: 0.76 | dt: 899.34ms | tok/s: 582,971 | mfu: 33.27 | epoch: 1 | eta: 14.4m
step 01363/02205 (61.81%) [ns3_ftrl_eta0p1] | loss: 3.256946 | lrm: 0.76 | dt: 902.11ms | tok/s: 581,179 | mfu: 33.17 | epoch: 1 | eta: 14.4m
step 01364/02205 (61.86%) [ns3_ftrl_eta0p1] | loss: 3.251503 | lrm: 0.76 | dt: 904.27ms | tok/s: 579,788 | mfu: 33.09 | epoch: 1 | eta: 14.3m
step 01365/02205 (61.90%) [ns3_ftrl_eta0p1] | loss: 3.245451 | lrm: 0.76 | dt: 903.65ms | tok/s: 580,186 | mfu: 33.11 | epoch: 1 | eta: 14.3m
step 01366/02205 (61.95%) [ns3_ftrl_eta0p1] | loss: 3.240809 | lrm: 0.76 | dt: 900.70ms | tok/s: 582,092 | mfu: 33.22 | epoch: 1 | eta: 14.3m
step 01367/02205 (62.00%) [ns3_ftrl_eta0p1] | loss: 3.237193 | lrm: 0.76 | dt: 905.74ms | tok/s: 578,853 | mfu: 33.04 | epoch: 1 | eta: 14.3m
step 01368/02205 (62.04%) [ns3_ftrl_eta0p1] | loss: 3.228091 | lrm: 0.76 | dt: 896.61ms | tok/s: 584,741 | mfu: 33.37 | epoch: 1 | eta: 14.3m
step 01369/02205 (62.09%) [ns3_ftrl_eta0p1] | loss: 3.236196 | lrm: 0.76 | dt: 902.39ms | tok/s: 581,001 | mfu: 33.16 | epoch: 1 | eta: 14.3m
step 01370/02205 (62.13%) [ns3_ftrl_eta0p1] | loss: 3.232415 | lrm: 0.76 | dt: 901.40ms | tok/s: 581,640 | mfu: 33.20 | epoch: 1 | eta: 14.2m
step 01371/02205 (62.18%) [ns3_ftrl_eta0p1] | loss: 3.235121 | lrm: 0.76 | dt: 902.50ms | tok/s: 580,930 | mfu: 33.16 | epoch: 1 | eta: 14.2m
step 01372/02205 (62.22%) [ns3_ftrl_eta0p1] | loss: 3.234856 | lrm: 0.76 | dt: 900.39ms | tok/s: 582,292 | mfu: 33.23 | epoch: 1 | eta: 14.2m
step 01373/02205 (62.27%) [ns3_ftrl_eta0p1] | loss: 3.226560 | lrm: 0.75 | dt: 899.14ms | tok/s: 583,100 | mfu: 33.28 | epoch: 1 | eta: 14.2m
step 01374/02205 (62.31%) [ns3_ftrl_eta0p1] | loss: 3.228297 | lrm: 0.75 | dt: 906.03ms | tok/s: 578,662 | mfu: 33.03 | epoch: 1 | eta: 14.2m
step 01375/02205 (62.36%) [ns3_ftrl_eta0p1] | loss: 3.234102 | lrm: 0.75 | dt: 902.15ms | tok/s: 581,155 | mfu: 33.17 | epoch: 1 | eta: 14.1m
step 01376/02205 (62.40%) [ns3_ftrl_eta0p1] | loss: 3.236312 | lrm: 0.75 | dt: 896.28ms | tok/s: 584,963 | mfu: 33.39 | epoch: 1 | eta: 14.1m
step 01377/02205 (62.45%) [ns3_ftrl_eta0p1] | loss: 3.251381 | lrm: 0.75 | dt: 889.19ms | tok/s: 589,624 | mfu: 33.65 | epoch: 1 | eta: 14.1m
step 01378/02205 (62.49%) [ns3_ftrl_eta0p1] | loss: 3.237225 | lrm: 0.75 | dt: 901.24ms | tok/s: 581,737 | mfu: 33.20 | epoch: 1 | eta: 14.1m
step 01379/02205 (62.54%) [ns3_ftrl_eta0p1] | loss: 3.234279 | lrm: 0.75 | dt: 898.07ms | tok/s: 583,791 | mfu: 33.32 | epoch: 1 | eta: 14.1m
step 01380/02205 (62.59%) [ns3_ftrl_eta0p1] | loss: 3.227679 | lrm: 0.75 | dt: 898.87ms | tok/s: 583,274 | mfu: 33.29 | epoch: 1 | eta: 14.1m
step 01381/02205 (62.63%) [ns3_ftrl_eta0p1] | loss: 3.236578 | lrm: 0.75 | dt: 900.24ms | tok/s: 582,389 | mfu: 33.24 | epoch: 1 | eta: 14.0m
step 01382/02205 (62.68%) [ns3_ftrl_eta0p1] | loss: 3.234808 | lrm: 0.75 | dt: 896.59ms | tok/s: 584,759 | mfu: 33.38 | epoch: 1 | eta: 14.0m
step 01383/02205 (62.72%) [ns3_ftrl_eta0p1] | loss: 3.240307 | lrm: 0.75 | dt: 904.70ms | tok/s: 579,513 | mfu: 33.08 | epoch: 1 | eta: 14.0m
step 01384/02205 (62.77%) [ns3_ftrl_eta0p1] | loss: 3.244205 | lrm: 0.75 | dt: 897.08ms | tok/s: 584,437 | mfu: 33.36 | epoch: 1 | eta: 14.0m
step 01385/02205 (62.81%) [ns3_ftrl_eta0p1] | loss: 3.243779 | lrm: 0.74 | dt: 899.38ms | tok/s: 582,945 | mfu: 33.27 | epoch: 1 | eta: 14.0m
step 01386/02205 (62.86%) [ns3_ftrl_eta0p1] | loss: 3.239702 | lrm: 0.74 | dt: 900.29ms | tok/s: 582,354 | mfu: 33.24 | epoch: 1 | eta: 13.9m
step 01387/02205 (62.90%) [ns3_ftrl_eta0p1] | loss: 3.243489 | lrm: 0.74 | dt: 905.38ms | tok/s: 579,080 | mfu: 33.05 | epoch: 1 | eta: 13.9m
step 01388/02205 (62.95%) [ns3_ftrl_eta0p1] | loss: 3.254276 | lrm: 0.74 | dt: 899.72ms | tok/s: 582,724 | mfu: 33.26 | epoch: 1 | eta: 13.9m
step 01389/02205 (62.99%) [ns3_ftrl_eta0p1] | loss: 3.257716 | lrm: 0.74 | dt: 903.74ms | tok/s: 580,129 | mfu: 33.11 | epoch: 1 | eta: 13.9m
step 01390/02205 (63.04%) [ns3_ftrl_eta0p1] | loss: 3.253940 | lrm: 0.74 | dt: 901.85ms | tok/s: 581,348 | mfu: 33.18 | epoch: 1 | eta: 13.9m
step 01391/02205 (63.08%) [ns3_ftrl_eta0p1] | loss: 3.252454 | lrm: 0.74 | dt: 901.37ms | tok/s: 581,657 | mfu: 33.20 | epoch: 1 | eta: 13.9m
step 01392/02205 (63.13%) [ns3_ftrl_eta0p1] | loss: 3.253167 | lrm: 0.74 | dt: 896.51ms | tok/s: 584,810 | mfu: 33.38 | epoch: 1 | eta: 13.8m
step 01393/02205 (63.17%) [ns3_ftrl_eta0p1] | loss: 3.250103 | lrm: 0.74 | dt: 899.38ms | tok/s: 582,945 | mfu: 33.27 | epoch: 1 | eta: 13.8m
step 01394/02205 (63.22%) [ns3_ftrl_eta0p1] | loss: 3.259751 | lrm: 0.74 | dt: 899.53ms | tok/s: 582,845 | mfu: 33.27 | epoch: 1 | eta: 13.8m
step 01395/02205 (63.27%) [ns3_ftrl_eta0p1] | loss: 3.261705 | lrm: 0.74 | dt: 901.40ms | tok/s: 581,638 | mfu: 33.20 | epoch: 1 | eta: 13.8m
step 01396/02205 (63.31%) [ns3_ftrl_eta0p1] | loss: 3.265761 | lrm: 0.73 | dt: 904.02ms | tok/s: 579,949 | mfu: 33.10 | epoch: 1 | eta: 13.8m
step 01397/02205 (63.36%) [ns3_ftrl_eta0p1] | loss: 3.271199 | lrm: 0.73 | dt: 901.56ms | tok/s: 581,533 | mfu: 33.19 | epoch: 1 | eta: 13.7m
step 01398/02205 (63.40%) [ns3_ftrl_eta0p1] | loss: 3.265876 | lrm: 0.73 | dt: 899.84ms | tok/s: 582,645 | mfu: 33.25 | epoch: 1 | eta: 13.7m
step 01399/02205 (63.45%) [ns3_ftrl_eta0p1] | loss: 3.260480 | lrm: 0.73 | dt: 906.27ms | tok/s: 578,512 | mfu: 33.02 | epoch: 1 | eta: 13.7m
step 01400/02205 (63.49%) [ns3_ftrl_eta0p1] | loss: 3.255079 | lrm: 0.73 | dt: 899.26ms | tok/s: 583,023 | mfu: 33.28 | epoch: 1 | eta: 13.7m
step 01401/02205 (63.54%) [ns3_ftrl_eta0p1] | loss: 3.241469 | lrm: 0.73 | dt: 895.18ms | tok/s: 585,676 | mfu: 33.43 | epoch: 1 | eta: 13.7m
step 01402/02205 (63.58%) [ns3_ftrl_eta0p1] | loss: 3.241190 | lrm: 0.73 | dt: 899.65ms | tok/s: 582,768 | mfu: 33.26 | epoch: 1 | eta: 13.7m
step 01403/02205 (63.63%) [ns3_ftrl_eta0p1] | loss: 3.250210 | lrm: 0.73 | dt: 903.79ms | tok/s: 580,096 | mfu: 33.11 | epoch: 1 | eta: 13.6m
step 01404/02205 (63.67%) [ns3_ftrl_eta0p1] | loss: 3.253478 | lrm: 0.73 | dt: 892.69ms | tok/s: 587,314 | mfu: 33.52 | epoch: 1 | eta: 13.6m
step 01405/02205 (63.72%) [ns3_ftrl_eta0p1] | loss: 3.251268 | lrm: 0.73 | dt: 896.85ms | tok/s: 584,586 | mfu: 33.37 | epoch: 1 | eta: 13.6m
step 01406/02205 (63.76%) [ns3_ftrl_eta0p1] | loss: 3.252679 | lrm: 0.73 | dt: 889.25ms | tok/s: 589,583 | mfu: 33.65 | epoch: 1 | eta: 13.6m
step 01407/02205 (63.81%) [ns3_ftrl_eta0p1] | loss: 3.253386 | lrm: 0.72 | dt: 895.87ms | tok/s: 585,229 | mfu: 33.40 | epoch: 1 | eta: 13.6m
step 01408/02205 (63.85%) [ns3_ftrl_eta0p1] | loss: 3.244594 | lrm: 0.72 | dt: 898.16ms | tok/s: 583,733 | mfu: 33.32 | epoch: 1 | eta: 13.5m
step 01409/02205 (63.90%) [ns3_ftrl_eta0p1] | loss: 3.240541 | lrm: 0.72 | dt: 895.68ms | tok/s: 585,350 | mfu: 33.41 | epoch: 1 | eta: 13.5m
step 01410/02205 (63.95%) [ns3_ftrl_eta0p1] | loss: 3.231729 | lrm: 0.72 | dt: 896.74ms | tok/s: 584,657 | mfu: 33.37 | epoch: 1 | eta: 13.5m
step 01411/02205 (63.99%) [ns3_ftrl_eta0p1] | loss: 3.231289 | lrm: 0.72 | dt: 903.95ms | tok/s: 579,996 | mfu: 33.10 | epoch: 1 | eta: 13.5m
step 01412/02205 (64.04%) [ns3_ftrl_eta0p1] | loss: 3.236712 | lrm: 0.72 | dt: 897.05ms | tok/s: 584,457 | mfu: 33.36 | epoch: 1 | eta: 13.5m
step 01413/02205 (64.08%) [ns3_ftrl_eta0p1] | loss: 3.242588 | lrm: 0.72 | dt: 895.92ms | tok/s: 585,193 | mfu: 33.40 | epoch: 1 | eta: 13.5m
step 01414/02205 (64.13%) [ns3_ftrl_eta0p1] | loss: 3.240285 | lrm: 0.72 | dt: 895.54ms | tok/s: 585,445 | mfu: 33.41 | epoch: 1 | eta: 13.4m
step 01415/02205 (64.17%) [ns3_ftrl_eta0p1] | loss: 3.238270 | lrm: 0.72 | dt: 900.30ms | tok/s: 582,347 | mfu: 33.24 | epoch: 1 | eta: 13.4m
step 01416/02205 (64.22%) [ns3_ftrl_eta0p1] | loss: 3.244099 | lrm: 0.72 | dt: 903.29ms | tok/s: 580,420 | mfu: 33.13 | epoch: 1 | eta: 13.4m
step 01417/02205 (64.26%) [ns3_ftrl_eta0p1] | loss: 3.247079 | lrm: 0.72 | dt: 901.04ms | tok/s: 581,868 | mfu: 33.21 | epoch: 1 | eta: 13.4m
step 01418/02205 (64.31%) [ns3_ftrl_eta0p1] | loss: 3.246205 | lrm: 0.71 | dt: 898.72ms | tok/s: 583,374 | mfu: 33.30 | epoch: 1 | eta: 13.4m
step 01419/02205 (64.35%) [ns3_ftrl_eta0p1] | loss: 3.239565 | lrm: 0.71 | dt: 895.35ms | tok/s: 585,565 | mfu: 33.42 | epoch: 1 | eta: 13.3m
step 01420/02205 (64.40%) [ns3_ftrl_eta0p1] | loss: 3.242578 | lrm: 0.71 | dt: 903.74ms | tok/s: 580,132 | mfu: 33.11 | epoch: 1 | eta: 13.3m
step 01421/02205 (64.44%) [ns3_ftrl_eta0p1] | loss: 3.238286 | lrm: 0.71 | dt: 898.30ms | tok/s: 583,643 | mfu: 33.31 | epoch: 1 | eta: 13.3m
step 01422/02205 (64.49%) [ns3_ftrl_eta0p1] | loss: 3.241504 | lrm: 0.71 | dt: 893.69ms | tok/s: 586,654 | mfu: 33.48 | epoch: 1 | eta: 13.3m
step 01423/02205 (64.54%) [ns3_ftrl_eta0p1] | loss: 3.239127 | lrm: 0.71 | dt: 892.45ms | tok/s: 587,473 | mfu: 33.53 | epoch: 1 | eta: 13.3m
step 01424/02205 (64.58%) [ns3_ftrl_eta0p1] | loss: 3.237267 | lrm: 0.71 | dt: 895.73ms | tok/s: 585,320 | mfu: 33.41 | epoch: 1 | eta: 13.3m
step 01425/02205 (64.63%) [ns3_ftrl_eta0p1] | loss: 3.242980 | lrm: 0.71 | dt: 895.84ms | tok/s: 585,247 | mfu: 33.40 | epoch: 1 | eta: 13.2m
step 01426/02205 (64.67%) [ns3_ftrl_eta0p1] | loss: 3.239033 | lrm: 0.71 | dt: 901.55ms | tok/s: 581,540 | mfu: 33.19 | epoch: 1 | eta: 13.2m
step 01427/02205 (64.72%) [ns3_ftrl_eta0p1] | loss: 3.242201 | lrm: 0.71 | dt: 894.90ms | tok/s: 585,864 | mfu: 33.44 | epoch: 1 | eta: 13.2m
step 01428/02205 (64.76%) [ns3_ftrl_eta0p1] | loss: 3.253859 | lrm: 0.71 | dt: 894.82ms | tok/s: 585,912 | mfu: 33.44 | epoch: 1 | eta: 13.2m
step 01429/02205 (64.81%) [ns3_ftrl_eta0p1] | loss: 3.253133 | lrm: 0.70 | dt: 897.50ms | tok/s: 584,165 | mfu: 33.34 | epoch: 1 | eta: 13.2m
step 01430/02205 (64.85%) [ns3_ftrl_eta0p1] | loss: 3.238378 | lrm: 0.70 | dt: 900.64ms | tok/s: 582,130 | mfu: 33.23 | epoch: 1 | eta: 13.1m
step 01431/02205 (64.90%) [ns3_ftrl_eta0p1] | loss: 3.235566 | lrm: 0.70 | dt: 900.68ms | tok/s: 582,101 | mfu: 33.22 | epoch: 1 | eta: 13.1m
step 01432/02205 (64.94%) [ns3_ftrl_eta0p1] | loss: 3.237207 | lrm: 0.70 | dt: 896.04ms | tok/s: 585,114 | mfu: 33.40 | epoch: 1 | eta: 13.1m
step 01433/02205 (64.99%) [ns3_ftrl_eta0p1] | loss: 3.238410 | lrm: 0.70 | dt: 896.12ms | tok/s: 585,065 | mfu: 33.39 | epoch: 1 | eta: 13.1m
step 01434/02205 (65.03%) [ns3_ftrl_eta0p1] | loss: 3.241950 | lrm: 0.70 | dt: 900.94ms | tok/s: 581,935 | mfu: 33.21 | epoch: 1 | eta: 13.1m
step 01435/02205 (65.08%) [ns3_ftrl_eta0p1] | loss: 3.225479 | lrm: 0.70 | dt: 896.61ms | tok/s: 584,747 | mfu: 33.37 | epoch: 1 | eta: 13.1m
step 01436/02205 (65.12%) [ns3_ftrl_eta0p1] | loss: 3.220047 | lrm: 0.70 | dt: 908.18ms | tok/s: 577,294 | mfu: 32.95 | epoch: 1 | eta: 13.0m
step 01437/02205 (65.17%) [ns3_ftrl_eta0p1] | loss: 3.222656 | lrm: 0.70 | dt: 899.04ms | tok/s: 583,167 | mfu: 33.28 | epoch: 1 | eta: 13.0m
step 01438/02205 (65.22%) [ns3_ftrl_eta0p1] | loss: 3.222908 | lrm: 0.70 | dt: 900.38ms | tok/s: 582,294 | mfu: 33.23 | epoch: 1 | eta: 13.0m
step 01439/02205 (65.26%) [ns3_ftrl_eta0p1] | loss: 3.219545 | lrm: 0.70 | dt: 900.99ms | tok/s: 581,901 | mfu: 33.21 | epoch: 1 | eta: 13.0m
step 01440/02205 (65.31%) [ns3_ftrl_eta0p1] | loss: 3.230050 | lrm: 0.69 | dt: 898.28ms | tok/s: 583,660 | mfu: 33.31 | epoch: 1 | eta: 13.0m
step 01441/02205 (65.35%) [ns3_ftrl_eta0p1] | loss: 3.235888 | lrm: 0.69 | dt: 895.74ms | tok/s: 585,313 | mfu: 33.41 | epoch: 1 | eta: 12.9m
step 01442/02205 (65.40%) [ns3_ftrl_eta0p1] | loss: 3.235161 | lrm: 0.69 | dt: 900.01ms | tok/s: 582,538 | mfu: 33.25 | epoch: 1 | eta: 12.9m
step 01443/02205 (65.44%) [ns3_ftrl_eta0p1] | loss: 3.228432 | lrm: 0.69 | dt: 899.55ms | tok/s: 582,834 | mfu: 33.27 | epoch: 1 | eta: 12.9m
step 01444/02205 (65.49%) [ns3_ftrl_eta0p1] | loss: 3.235751 | lrm: 0.69 | dt: 894.54ms | tok/s: 586,095 | mfu: 33.45 | epoch: 1 | eta: 12.9m
step 01445/02205 (65.53%) [ns3_ftrl_eta0p1] | loss: 3.232653 | lrm: 0.69 | dt: 894.86ms | tok/s: 585,886 | mfu: 33.44 | epoch: 1 | eta: 12.9m
step 01446/02205 (65.58%) [ns3_ftrl_eta0p1] | loss: 3.228014 | lrm: 0.69 | dt: 897.70ms | tok/s: 584,035 | mfu: 33.33 | epoch: 1 | eta: 12.9m
step 01447/02205 (65.62%) [ns3_ftrl_eta0p1] | loss: 3.231160 | lrm: 0.69 | dt: 921.72ms | tok/s: 568,815 | mfu: 32.47 | epoch: 1 | eta: 12.8m
step 01448/02205 (65.67%) [ns3_ftrl_eta0p1] | loss: 3.236708 | lrm: 0.69 | dt: 892.74ms | tok/s: 587,281 | mfu: 33.52 | epoch: 1 | eta: 12.8m
step 01449/02205 (65.71%) [ns3_ftrl_eta0p1] | loss: 3.243128 | lrm: 0.69 | dt: 896.59ms | tok/s: 584,759 | mfu: 33.38 | epoch: 1 | eta: 12.8m
step 01450/02205 (65.76%) [ns3_ftrl_eta0p1] | loss: 3.241517 | lrm: 0.69 | dt: 924.59ms | tok/s: 567,047 | mfu: 32.36 | epoch: 1 | eta: 12.8m
step 01451/02205 (65.80%) [ns3_ftrl_eta0p1] | loss: 3.244153 | lrm: 0.68 | dt: 910.48ms | tok/s: 575,835 | mfu: 32.87 | epoch: 1 | eta: 12.8m
step 01452/02205 (65.85%) [ns3_ftrl_eta0p1] | loss: 3.242996 | lrm: 0.68 | dt: 898.47ms | tok/s: 583,534 | mfu: 33.31 | epoch: 1 | eta: 12.7m
step 01453/02205 (65.90%) [ns3_ftrl_eta0p1] | loss: 3.235040 | lrm: 0.68 | dt: 897.84ms | tok/s: 583,944 | mfu: 33.33 | epoch: 1 | eta: 12.7m
step 01454/02205 (65.94%) [ns3_ftrl_eta0p1] | loss: 3.240498 | lrm: 0.68 | dt: 898.21ms | tok/s: 583,701 | mfu: 33.32 | epoch: 1 | eta: 12.7m
step 01455/02205 (65.99%) [ns3_ftrl_eta0p1] | loss: 3.235116 | lrm: 0.68 | dt: 912.74ms | tok/s: 574,412 | mfu: 32.78 | epoch: 1 | eta: 12.7m
step 01456/02205 (66.03%) [ns3_ftrl_eta0p1] | loss: 3.238157 | lrm: 0.68 | dt: 894.82ms | tok/s: 585,914 | mfu: 33.44 | epoch: 1 | eta: 12.7m
step 01457/02205 (66.08%) [ns3_ftrl_eta0p1] | loss: 3.236164 | lrm: 0.68 | dt: 920.34ms | tok/s: 569,670 | mfu: 32.51 | epoch: 1 | eta: 12.7m
step 01458/02205 (66.12%) [ns3_ftrl_eta0p1] | loss: 3.243148 | lrm: 0.68 | dt: 887.55ms | tok/s: 590,712 | mfu: 33.72 | epoch: 1 | eta: 12.6m
step 01459/02205 (66.17%) [ns3_ftrl_eta0p1] | loss: 3.250036 | lrm: 0.68 | dt: 902.76ms | tok/s: 580,761 | mfu: 33.15 | epoch: 1 | eta: 12.6m
step 01460/02205 (66.21%) [ns3_ftrl_eta0p1] | loss: 3.246107 | lrm: 0.68 | dt: 908.22ms | tok/s: 577,269 | mfu: 32.95 | epoch: 1 | eta: 12.6m
step 01461/02205 (66.26%) [ns3_ftrl_eta0p1] | loss: 3.243478 | lrm: 0.68 | dt: 911.91ms | tok/s: 574,934 | mfu: 32.81 | epoch: 1 | eta: 12.6m
step 01462/02205 (66.30%) [ns3_ftrl_eta0p1] | loss: 3.238854 | lrm: 0.67 | dt: 892.84ms | tok/s: 587,214 | mfu: 33.52 | epoch: 1 | eta: 12.6m
step 01463/02205 (66.35%) [ns3_ftrl_eta0p1] | loss: 3.232894 | lrm: 0.67 | dt: 897.93ms | tok/s: 583,885 | mfu: 33.33 | epoch: 1 | eta: 12.6m
step 01464/02205 (66.39%) [ns3_ftrl_eta0p1] | loss: 3.235288 | lrm: 0.67 | dt: 907.03ms | tok/s: 578,024 | mfu: 32.99 | epoch: 1 | eta: 12.5m
step 01465/02205 (66.44%) [ns3_ftrl_eta0p1] | loss: 3.235673 | lrm: 0.67 | dt: 897.24ms | tok/s: 584,331 | mfu: 33.35 | epoch: 1 | eta: 12.5m
step 01466/02205 (66.49%) [ns3_ftrl_eta0p1] | loss: 3.244830 | lrm: 0.67 | dt: 916.10ms | tok/s: 572,306 | mfu: 32.66 | epoch: 1 | eta: 12.5m
step 01467/02205 (66.53%) [ns3_ftrl_eta0p1] | loss: 3.241871 | lrm: 0.67 | dt: 892.40ms | tok/s: 587,500 | mfu: 33.53 | epoch: 1 | eta: 12.5m
step 01468/02205 (66.58%) [ns3_ftrl_eta0p1] | loss: 3.240739 | lrm: 0.67 | dt: 899.27ms | tok/s: 583,017 | mfu: 33.28 | epoch: 1 | eta: 12.5m
step 01469/02205 (66.62%) [ns3_ftrl_eta0p1] | loss: 3.238376 | lrm: 0.67 | dt: 925.62ms | tok/s: 566,419 | mfu: 32.33 | epoch: 1 | eta: 12.4m
step 01470/02205 (66.67%) [ns3_ftrl_eta0p1] | loss: 3.243283 | lrm: 0.67 | dt: 903.32ms | tok/s: 580,398 | mfu: 33.13 | epoch: 1 | eta: 12.4m
step 01471/02205 (66.71%) [ns3_ftrl_eta0p1] | loss: 3.244239 | lrm: 0.67 | dt: 887.48ms | tok/s: 590,759 | mfu: 33.72 | epoch: 1 | eta: 12.4m
step 01472/02205 (66.76%) [ns3_ftrl_eta0p1] | loss: 3.250915 | lrm: 0.67 | dt: 905.03ms | tok/s: 579,305 | mfu: 33.06 | epoch: 1 | eta: 12.4m
step 01473/02205 (66.80%) [ns3_ftrl_eta0p1] | loss: 3.250354 | lrm: 0.66 | dt: 892.89ms | tok/s: 587,177 | mfu: 33.51 | epoch: 1 | eta: 12.4m
step 01474/02205 (66.85%) [ns3_ftrl_eta0p1] | loss: 3.241986 | lrm: 0.66 | dt: 905.22ms | tok/s: 579,185 | mfu: 33.06 | epoch: 1 | eta: 12.4m
step 01475/02205 (66.89%) [ns3_ftrl_eta0p1] | loss: 3.250127 | lrm: 0.66 | dt: 907.36ms | tok/s: 577,815 | mfu: 32.98 | epoch: 1 | eta: 12.3m
step 01476/02205 (66.94%) [ns3_ftrl_eta0p1] | loss: 3.242748 | lrm: 0.66 | dt: 906.90ms | tok/s: 578,110 | mfu: 33.00 | epoch: 1 | eta: 12.3m
step 01477/02205 (66.98%) [ns3_ftrl_eta0p1] | loss: 3.241805 | lrm: 0.66 | dt: 889.00ms | tok/s: 589,748 | mfu: 33.66 | epoch: 1 | eta: 12.3m
step 01478/02205 (67.03%) [ns3_ftrl_eta0p1] | loss: 3.238776 | lrm: 0.66 | dt: 902.45ms | tok/s: 580,962 | mfu: 33.16 | epoch: 1 | eta: 12.3m
step 01479/02205 (67.07%) [ns3_ftrl_eta0p1] | loss: 3.246574 | lrm: 0.66 | dt: 915.42ms | tok/s: 572,727 | mfu: 32.69 | epoch: 1 | eta: 12.3m
step 01480/02205 (67.12%) [ns3_ftrl_eta0p1] | loss: 3.241045 | lrm: 0.66 | dt: 899.55ms | tok/s: 582,835 | mfu: 33.27 | epoch: 1 | eta: 12.2m
step 01481/02205 (67.17%) [ns3_ftrl_eta0p1] | loss: 3.241261 | lrm: 0.66 | dt: 888.90ms | tok/s: 589,815 | mfu: 33.66 | epoch: 1 | eta: 12.2m
step 01482/02205 (67.21%) [ns3_ftrl_eta0p1] | loss: 3.243428 | lrm: 0.66 | dt: 901.79ms | tok/s: 581,387 | mfu: 33.18 | epoch: 1 | eta: 12.2m
step 01483/02205 (67.26%) [ns3_ftrl_eta0p1] | loss: 3.238806 | lrm: 0.66 | dt: 900.54ms | tok/s: 582,190 | mfu: 33.23 | epoch: 1 | eta: 12.2m
step 01484/02205 (67.30%) [ns3_ftrl_eta0p1] | loss: 3.236734 | lrm: 0.65 | dt: 896.75ms | tok/s: 584,656 | mfu: 33.37 | epoch: 1 | eta: 12.2m
step 01485/02205 (67.35%) [ns3_ftrl_eta0p1] | loss: 3.242509 | lrm: 0.65 | dt: 910.84ms | tok/s: 575,607 | mfu: 32.85 | epoch: 1 | eta: 12.2m
step 01486/02205 (67.39%) [ns3_ftrl_eta0p1] | loss: 3.239884 | lrm: 0.65 | dt: 906.87ms | tok/s: 578,131 | mfu: 33.00 | epoch: 1 | eta: 12.1m
step 01487/02205 (67.44%) [ns3_ftrl_eta0p1] | loss: 3.236674 | lrm: 0.65 | dt: 890.59ms | tok/s: 588,698 | mfu: 33.60 | epoch: 1 | eta: 12.1m
step 01488/02205 (67.48%) [ns3_ftrl_eta0p1] | loss: 3.237226 | lrm: 0.65 | dt: 922.38ms | tok/s: 568,409 | mfu: 32.44 | epoch: 1 | eta: 12.1m
step 01489/02205 (67.53%) [ns3_ftrl_eta0p1] | loss: 3.230251 | lrm: 0.65 | dt: 911.69ms | tok/s: 575,071 | mfu: 32.82 | epoch: 1 | eta: 12.1m
step 01490/02205 (67.57%) [ns3_ftrl_eta0p1] | loss: 3.226067 | lrm: 0.65 | dt: 891.45ms | tok/s: 588,128 | mfu: 33.57 | epoch: 1 | eta: 12.1m
step 01491/02205 (67.62%) [ns3_ftrl_eta0p1] | loss: 3.220453 | lrm: 0.65 | dt: 902.75ms | tok/s: 580,765 | mfu: 33.15 | epoch: 1 | eta: 12.1m
step 01492/02205 (67.66%) [ns3_ftrl_eta0p1] | loss: 3.216232 | lrm: 0.65 | dt: 897.26ms | tok/s: 584,321 | mfu: 33.35 | epoch: 1 | eta: 12.0m
step 01493/02205 (67.71%) [ns3_ftrl_eta0p1] | loss: 3.218273 | lrm: 0.65 | dt: 909.74ms | tok/s: 576,302 | mfu: 32.89 | epoch: 1 | eta: 12.0m
step 01494/02205 (67.76%) [ns3_ftrl_eta0p1] | loss: 3.213477 | lrm: 0.65 | dt: 892.78ms | tok/s: 587,251 | mfu: 33.52 | epoch: 1 | eta: 12.0m
step 01495/02205 (67.80%) [ns3_ftrl_eta0p1] | loss: 3.216944 | lrm: 0.64 | dt: 924.02ms | tok/s: 567,400 | mfu: 32.38 | epoch: 1 | eta: 12.0m
step 01496/02205 (67.85%) [ns3_ftrl_eta0p1] | loss: 3.222422 | lrm: 0.64 | dt: 884.82ms | tok/s: 592,535 | mfu: 33.82 | epoch: 1 | eta: 12.0m
step 01497/02205 (67.89%) [ns3_ftrl_eta0p1] | loss: 3.230162 | lrm: 0.64 | dt: 906.19ms | tok/s: 578,565 | mfu: 33.02 | epoch: 1 | eta: 11.9m
step 01498/02205 (67.94%) [ns3_ftrl_eta0p1] | loss: 3.224055 | lrm: 0.64 | dt: 909.89ms | tok/s: 576,209 | mfu: 32.89 | epoch: 1 | eta: 11.9m
step 01499/02205 (67.98%) [ns3_ftrl_eta0p1] | loss: 3.216845 | lrm: 0.64 | dt: 911.67ms | tok/s: 575,083 | mfu: 32.82 | epoch: 1 | eta: 11.9m
Step 01500 | val bpb: 0.944615
step 01500/02205 (68.03%) [ns3_ftrl_eta0p1] | loss: 3.207897 | lrm: 0.64 | dt: 923.82ms | tok/s: 567,519 | mfu: 32.39 | epoch: 1 | eta: 11.9m
step 01501/02205 (68.07%) [ns3_ftrl_eta0p1] | loss: 3.214212 | lrm: 0.64 | dt: 894.16ms | tok/s: 586,344 | mfu: 33.47 | epoch: 1 | eta: 11.9m
step 01502/02205 (68.12%) [ns3_ftrl_eta0p1] | loss: 3.213149 | lrm: 0.64 | dt: 918.86ms | tok/s: 570,583 | mfu: 32.57 | epoch: 1 | eta: 11.9m
step 01503/02205 (68.16%) [ns3_ftrl_eta0p1] | loss: 3.223546 | lrm: 0.64 | dt: 897.44ms | tok/s: 584,201 | mfu: 33.34 | epoch: 1 | eta: 11.8m
step 01504/02205 (68.21%) [ns3_ftrl_eta0p1] | loss: 3.221053 | lrm: 0.64 | dt: 891.32ms | tok/s: 588,212 | mfu: 33.57 | epoch: 1 | eta: 11.8m
step 01505/02205 (68.25%) [ns3_ftrl_eta0p1] | loss: 3.219474 | lrm: 0.64 | dt: 889.10ms | tok/s: 589,684 | mfu: 33.66 | epoch: 1 | eta: 11.8m
step 01506/02205 (68.30%) [ns3_ftrl_eta0p1] | loss: 3.219580 | lrm: 0.63 | dt: 915.43ms | tok/s: 572,726 | mfu: 32.69 | epoch: 1 | eta: 11.8m
step 01507/02205 (68.34%) [ns3_ftrl_eta0p1] | loss: 3.211839 | lrm: 0.63 | dt: 896.56ms | tok/s: 584,776 | mfu: 33.38 | epoch: 1 | eta: 11.8m
step 01508/02205 (68.39%) [ns3_ftrl_eta0p1] | loss: 3.213038 | lrm: 0.63 | dt: 893.03ms | tok/s: 587,089 | mfu: 33.51 | epoch: 1 | eta: 11.8m
step 01509/02205 (68.44%) [ns3_ftrl_eta0p1] | loss: 3.212432 | lrm: 0.63 | dt: 918.42ms | tok/s: 570,856 | mfu: 32.58 | epoch: 1 | eta: 11.7m
step 01510/02205 (68.48%) [ns3_ftrl_eta0p1] | loss: 3.210366 | lrm: 0.63 | dt: 911.76ms | tok/s: 575,026 | mfu: 32.82 | epoch: 1 | eta: 11.7m
step 01511/02205 (68.53%) [ns3_ftrl_eta0p1] | loss: 3.203604 | lrm: 0.63 | dt: 891.47ms | tok/s: 588,114 | mfu: 33.57 | epoch: 1 | eta: 11.7m
step 01512/02205 (68.57%) [ns3_ftrl_eta0p1] | loss: 3.202259 | lrm: 0.63 | dt: 896.19ms | tok/s: 585,018 | mfu: 33.39 | epoch: 1 | eta: 11.7m
step 01513/02205 (68.62%) [ns3_ftrl_eta0p1] | loss: 3.208882 | lrm: 0.63 | dt: 904.97ms | tok/s: 579,344 | mfu: 33.07 | epoch: 1 | eta: 11.7m
step 01514/02205 (68.66%) [ns3_ftrl_eta0p1] | loss: 3.206782 | lrm: 0.63 | dt: 909.03ms | tok/s: 576,755 | mfu: 32.92 | epoch: 1 | eta: 11.6m
step 01515/02205 (68.71%) [ns3_ftrl_eta0p1] | loss: 3.207342 | lrm: 0.63 | dt: 902.73ms | tok/s: 580,779 | mfu: 33.15 | epoch: 1 | eta: 11.6m
step 01516/02205 (68.75%) [ns3_ftrl_eta0p1] | loss: 3.208706 | lrm: 0.63 | dt: 890.50ms | tok/s: 588,756 | mfu: 33.60 | epoch: 1 | eta: 11.6m
step 01517/02205 (68.80%) [ns3_ftrl_eta0p1] | loss: 3.219689 | lrm: 0.62 | dt: 897.12ms | tok/s: 584,409 | mfu: 33.36 | epoch: 1 | eta: 11.6m
step 01518/02205 (68.84%) [ns3_ftrl_eta0p1] | loss: 3.226508 | lrm: 0.62 | dt: 913.02ms | tok/s: 574,233 | mfu: 32.77 | epoch: 1 | eta: 11.6m
step 01519/02205 (68.89%) [ns3_ftrl_eta0p1] | loss: 3.236623 | lrm: 0.62 | dt: 904.45ms | tok/s: 579,676 | mfu: 33.09 | epoch: 1 | eta: 11.6m
step 01520/02205 (68.93%) [ns3_ftrl_eta0p1] | loss: 3.235418 | lrm: 0.62 | dt: 889.85ms | tok/s: 589,187 | mfu: 33.63 | epoch: 1 | eta: 11.5m
step 01521/02205 (68.98%) [ns3_ftrl_eta0p1] | loss: 3.226828 | lrm: 0.62 | dt: 903.52ms | tok/s: 580,271 | mfu: 33.12 | epoch: 1 | eta: 11.5m
step 01522/02205 (69.02%) [ns3_ftrl_eta0p1] | loss: 3.223118 | lrm: 0.62 | dt: 912.85ms | tok/s: 574,341 | mfu: 32.78 | epoch: 1 | eta: 11.5m
step 01523/02205 (69.07%) [ns3_ftrl_eta0p1] | loss: 3.229992 | lrm: 0.62 | dt: 907.45ms | tok/s: 577,761 | mfu: 32.98 | epoch: 1 | eta: 11.5m
step 01524/02205 (69.12%) [ns3_ftrl_eta0p1] | loss: 3.219414 | lrm: 0.62 | dt: 892.30ms | tok/s: 587,567 | mfu: 33.54 | epoch: 1 | eta: 11.5m
step 01525/02205 (69.16%) [ns3_ftrl_eta0p1] | loss: 3.220268 | lrm: 0.62 | dt: 897.10ms | tok/s: 584,427 | mfu: 33.36 | epoch: 1 | eta: 11.5m
step 01526/02205 (69.21%) [ns3_ftrl_eta0p1] | loss: 3.217935 | lrm: 0.62 | dt: 898.33ms | tok/s: 583,623 | mfu: 33.31 | epoch: 1 | eta: 11.4m
step 01527/02205 (69.25%) [ns3_ftrl_eta0p1] | loss: 3.226892 | lrm: 0.62 | dt: 914.28ms | tok/s: 573,444 | mfu: 32.73 | epoch: 1 | eta: 11.4m
step 01528/02205 (69.30%) [ns3_ftrl_eta0p1] | loss: 3.223514 | lrm: 0.61 | dt: 893.27ms | tok/s: 586,933 | mfu: 33.50 | epoch: 1 | eta: 11.4m
step 01529/02205 (69.34%) [ns3_ftrl_eta0p1] | loss: 3.224481 | lrm: 0.61 | dt: 905.30ms | tok/s: 579,128 | mfu: 33.05 | epoch: 1 | eta: 11.4m
step 01530/02205 (69.39%) [ns3_ftrl_eta0p1] | loss: 3.219147 | lrm: 0.61 | dt: 896.06ms | tok/s: 585,106 | mfu: 33.40 | epoch: 1 | eta: 11.4m
step 01531/02205 (69.43%) [ns3_ftrl_eta0p1] | loss: 3.212987 | lrm: 0.61 | dt: 907.40ms | tok/s: 577,789 | mfu: 32.98 | epoch: 1 | eta: 11.3m
step 01532/02205 (69.48%) [ns3_ftrl_eta0p1] | loss: 3.207730 | lrm: 0.61 | dt: 893.99ms | tok/s: 586,459 | mfu: 33.47 | epoch: 1 | eta: 11.3m
step 01533/02205 (69.52%) [ns3_ftrl_eta0p1] | loss: 3.205983 | lrm: 0.61 | dt: 882.46ms | tok/s: 594,121 | mfu: 33.91 | epoch: 1 | eta: 11.3m
step 01534/02205 (69.57%) [ns3_ftrl_eta0p1] | loss: 3.217343 | lrm: 0.61 | dt: 886.42ms | tok/s: 591,467 | mfu: 33.76 | epoch: 1 | eta: 11.3m
step 01535/02205 (69.61%) [ns3_ftrl_eta0p1] | loss: 3.210729 | lrm: 0.61 | dt: 904.35ms | tok/s: 579,743 | mfu: 33.09 | epoch: 1 | eta: 11.3m
step 01536/02205 (69.66%) [ns3_ftrl_eta0p1] | loss: 3.202604 | lrm: 0.61 | dt: 893.86ms | tok/s: 586,543 | mfu: 33.48 | epoch: 1 | eta: 11.3m
step 01537/02205 (69.71%) [ns3_ftrl_eta0p1] | loss: 3.198630 | lrm: 0.61 | dt: 899.02ms | tok/s: 583,174 | mfu: 33.29 | epoch: 1 | eta: 11.2m
step 01538/02205 (69.75%) [ns3_ftrl_eta0p1] | loss: 3.199377 | lrm: 0.61 | dt: 904.20ms | tok/s: 579,834 | mfu: 33.09 | epoch: 1 | eta: 11.2m
step 01539/02205 (69.80%) [ns3_ftrl_eta0p1] | loss: 3.204567 | lrm: 0.60 | dt: 906.84ms | tok/s: 578,145 | mfu: 33.00 | epoch: 1 | eta: 11.2m
step 01540/02205 (69.84%) [ns3_ftrl_eta0p1] | loss: 3.203691 | lrm: 0.60 | dt: 901.55ms | tok/s: 581,540 | mfu: 33.19 | epoch: 1 | eta: 11.2m
step 01541/02205 (69.89%) [ns3_ftrl_eta0p1] | loss: 3.208831 | lrm: 0.60 | dt: 893.14ms | tok/s: 587,018 | mfu: 33.50 | epoch: 1 | eta: 11.2m
step 01542/02205 (69.93%) [ns3_ftrl_eta0p1] | loss: 3.207948 | lrm: 0.60 | dt: 897.04ms | tok/s: 584,462 | mfu: 33.36 | epoch: 1 | eta: 11.2m
step 01543/02205 (69.98%) [ns3_ftrl_eta0p1] | loss: 3.203421 | lrm: 0.60 | dt: 895.44ms | tok/s: 585,508 | mfu: 33.42 | epoch: 1 | eta: 11.1m
step 01544/02205 (70.02%) [ns3_ftrl_eta0p1] | loss: 3.209641 | lrm: 0.60 | dt: 916.84ms | tok/s: 571,840 | mfu: 32.64 | epoch: 1 | eta: 11.1m
step 01545/02205 (70.07%) [ns3_ftrl_eta0p1] | loss: 3.201682 | lrm: 0.60 | dt: 894.34ms | tok/s: 586,225 | mfu: 33.46 | epoch: 1 | eta: 11.1m
step 01546/02205 (70.11%) [ns3_ftrl_eta0p1] | loss: 3.207490 | lrm: 0.60 | dt: 881.11ms | tok/s: 595,033 | mfu: 33.96 | epoch: 1 | eta: 11.1m
step 01547/02205 (70.16%) [ns3_ftrl_eta0p1] | loss: 3.207227 | lrm: 0.60 | dt: 914.22ms | tok/s: 573,480 | mfu: 32.73 | epoch: 1 | eta: 11.1m
step 01548/02205 (70.20%) [ns3_ftrl_eta0p1] | loss: 3.204851 | lrm: 0.60 | dt: 893.33ms | tok/s: 586,889 | mfu: 33.50 | epoch: 1 | eta: 11.0m
step 01549/02205 (70.25%) [ns3_ftrl_eta0p1] | loss: 3.210676 | lrm: 0.60 | dt: 906.44ms | tok/s: 578,401 | mfu: 33.01 | epoch: 1 | eta: 11.0m
step 01550/02205 (70.29%) [ns3_ftrl_eta0p1] | loss: 3.206834 | lrm: 0.59 | dt: 909.58ms | tok/s: 576,405 | mfu: 32.90 | epoch: 1 | eta: 11.0m
step 01551/02205 (70.34%) [ns3_ftrl_eta0p1] | loss: 3.213786 | lrm: 0.59 | dt: 892.17ms | tok/s: 587,655 | mfu: 33.54 | epoch: 1 | eta: 11.0m
step 01552/02205 (70.39%) [ns3_ftrl_eta0p1] | loss: 3.207858 | lrm: 0.59 | dt: 926.27ms | tok/s: 566,018 | mfu: 32.31 | epoch: 1 | eta: 11.0m
step 01553/02205 (70.43%) [ns3_ftrl_eta0p1] | loss: 3.208249 | lrm: 0.59 | dt: 904.37ms | tok/s: 579,729 | mfu: 33.09 | epoch: 1 | eta: 11.0m
step 01554/02205 (70.48%) [ns3_ftrl_eta0p1] | loss: 3.209962 | lrm: 0.59 | dt: 892.02ms | tok/s: 587,755 | mfu: 33.55 | epoch: 1 | eta: 10.9m
step 01555/02205 (70.52%) [ns3_ftrl_eta0p1] | loss: 3.213258 | lrm: 0.59 | dt: 916.19ms | tok/s: 572,247 | mfu: 32.66 | epoch: 1 | eta: 10.9m
step 01556/02205 (70.57%) [ns3_ftrl_eta0p1] | loss: 3.222254 | lrm: 0.59 | dt: 888.90ms | tok/s: 589,817 | mfu: 33.66 | epoch: 1 | eta: 10.9m
step 01557/02205 (70.61%) [ns3_ftrl_eta0p1] | loss: 3.225317 | lrm: 0.59 | dt: 896.65ms | tok/s: 584,720 | mfu: 33.37 | epoch: 1 | eta: 10.9m
step 01558/02205 (70.66%) [ns3_ftrl_eta0p1] | loss: 3.229539 | lrm: 0.59 | dt: 918.60ms | tok/s: 570,745 | mfu: 32.58 | epoch: 1 | eta: 10.9m
step 01559/02205 (70.70%) [ns3_ftrl_eta0p1] | loss: 3.220755 | lrm: 0.59 | dt: 899.22ms | tok/s: 583,050 | mfu: 33.28 | epoch: 1 | eta: 10.9m
step 01560/02205 (70.75%) [ns3_ftrl_eta0p1] | loss: 3.213688 | lrm: 0.59 | dt: 896.37ms | tok/s: 584,899 | mfu: 33.38 | epoch: 1 | eta: 10.8m
step 01561/02205 (70.79%) [ns3_ftrl_eta0p1] | loss: 3.216578 | lrm: 0.58 | dt: 901.43ms | tok/s: 581,617 | mfu: 33.20 | epoch: 1 | eta: 10.8m
step 01562/02205 (70.84%) [ns3_ftrl_eta0p1] | loss: 3.211966 | lrm: 0.58 | dt: 908.10ms | tok/s: 577,342 | mfu: 32.95 | epoch: 1 | eta: 10.8m
step 01563/02205 (70.88%) [ns3_ftrl_eta0p1] | loss: 3.211403 | lrm: 0.58 | dt: 912.18ms | tok/s: 574,766 | mfu: 32.81 | epoch: 1 | eta: 10.8m
step 01564/02205 (70.93%) [ns3_ftrl_eta0p1] | loss: 3.204959 | lrm: 0.58 | dt: 898.99ms | tok/s: 583,193 | mfu: 33.29 | epoch: 1 | eta: 10.8m
step 01565/02205 (70.98%) [ns3_ftrl_eta0p1] | loss: 3.209320 | lrm: 0.58 | dt: 892.73ms | tok/s: 587,286 | mfu: 33.52 | epoch: 1 | eta: 10.7m
step 01566/02205 (71.02%) [ns3_ftrl_eta0p1] | loss: 3.210210 | lrm: 0.58 | dt: 908.14ms | tok/s: 577,322 | mfu: 32.95 | epoch: 1 | eta: 10.7m
step 01567/02205 (71.07%) [ns3_ftrl_eta0p1] | loss: 3.217000 | lrm: 0.58 | dt: 911.66ms | tok/s: 575,090 | mfu: 32.82 | epoch: 1 | eta: 10.7m
step 01568/02205 (71.11%) [ns3_ftrl_eta0p1] | loss: 3.223258 | lrm: 0.58 | dt: 898.07ms | tok/s: 583,793 | mfu: 33.32 | epoch: 1 | eta: 10.7m
step 01569/02205 (71.16%) [ns3_ftrl_eta0p1] | loss: 3.225801 | lrm: 0.58 | dt: 915.79ms | tok/s: 572,499 | mfu: 32.68 | epoch: 1 | eta: 10.7m
step 01570/02205 (71.20%) [ns3_ftrl_eta0p1] | loss: 3.216474 | lrm: 0.58 | dt: 891.30ms | tok/s: 588,226 | mfu: 33.57 | epoch: 1 | eta: 10.7m
step 01571/02205 (71.25%) [ns3_ftrl_eta0p1] | loss: 3.207724 | lrm: 0.58 | dt: 896.77ms | tok/s: 584,637 | mfu: 33.37 | epoch: 1 | eta: 10.6m
step 01572/02205 (71.29%) [ns3_ftrl_eta0p1] | loss: 3.207393 | lrm: 0.57 | dt: 917.65ms | tok/s: 571,337 | mfu: 32.61 | epoch: 1 | eta: 10.6m
step 01573/02205 (71.34%) [ns3_ftrl_eta0p1] | loss: 3.211454 | lrm: 0.57 | dt: 893.38ms | tok/s: 586,858 | mfu: 33.50 | epoch: 1 | eta: 10.6m
step 01574/02205 (71.38%) [ns3_ftrl_eta0p1] | loss: 3.214041 | lrm: 0.57 | dt: 905.29ms | tok/s: 579,136 | mfu: 33.05 | epoch: 1 | eta: 10.6m
step 01575/02205 (71.43%) [ns3_ftrl_eta0p1] | loss: 3.210180 | lrm: 0.57 | dt: 902.46ms | tok/s: 580,953 | mfu: 33.16 | epoch: 1 | eta: 10.6m
step 01576/02205 (71.47%) [ns3_ftrl_eta0p1] | loss: 3.209907 | lrm: 0.57 | dt: 900.41ms | tok/s: 582,276 | mfu: 33.23 | epoch: 1 | eta: 10.6m
step 01577/02205 (71.52%) [ns3_ftrl_eta0p1] | loss: 3.201162 | lrm: 0.57 | dt: 896.74ms | tok/s: 584,662 | mfu: 33.37 | epoch: 1 | eta: 10.5m
step 01578/02205 (71.56%) [ns3_ftrl_eta0p1] | loss: 3.193995 | lrm: 0.57 | dt: 917.11ms | tok/s: 571,676 | mfu: 32.63 | epoch: 1 | eta: 10.5m
step 01579/02205 (71.61%) [ns3_ftrl_eta0p1] | loss: 3.186538 | lrm: 0.57 | dt: 896.13ms | tok/s: 585,056 | mfu: 33.39 | epoch: 1 | eta: 10.5m
step 01580/02205 (71.66%) [ns3_ftrl_eta0p1] | loss: 3.191180 | lrm: 0.57 | dt: 897.54ms | tok/s: 584,136 | mfu: 33.34 | epoch: 1 | eta: 10.5m
step 01581/02205 (71.70%) [ns3_ftrl_eta0p1] | loss: 3.186304 | lrm: 0.57 | dt: 909.17ms | tok/s: 576,664 | mfu: 32.91 | epoch: 1 | eta: 10.5m
step 01582/02205 (71.75%) [ns3_ftrl_eta0p1] | loss: 3.186856 | lrm: 0.57 | dt: 900.90ms | tok/s: 581,962 | mfu: 33.22 | epoch: 1 | eta: 10.4m
step 01583/02205 (71.79%) [ns3_ftrl_eta0p1] | loss: 3.188168 | lrm: 0.56 | dt: 917.29ms | tok/s: 571,559 | mfu: 32.62 | epoch: 1 | eta: 10.4m
step 01584/02205 (71.84%) [ns3_ftrl_eta0p1] | loss: 3.187563 | lrm: 0.56 | dt: 897.05ms | tok/s: 584,455 | mfu: 33.36 | epoch: 1 | eta: 10.4m
step 01585/02205 (71.88%) [ns3_ftrl_eta0p1] | loss: 3.186634 | lrm: 0.56 | dt: 899.13ms | tok/s: 583,104 | mfu: 33.28 | epoch: 1 | eta: 10.4m
step 01586/02205 (71.93%) [ns3_ftrl_eta0p1] | loss: 3.175834 | lrm: 0.56 | dt: 922.94ms | tok/s: 568,061 | mfu: 32.42 | epoch: 1 | eta: 10.4m
step 01587/02205 (71.97%) [ns3_ftrl_eta0p1] | loss: 3.178361 | lrm: 0.56 | dt: 905.10ms | tok/s: 579,262 | mfu: 33.06 | epoch: 1 | eta: 10.4m
step 01588/02205 (72.02%) [ns3_ftrl_eta0p1] | loss: 3.182639 | lrm: 0.56 | dt: 879.70ms | tok/s: 595,983 | mfu: 34.02 | epoch: 1 | eta: 10.3m
step 01589/02205 (72.06%) [ns3_ftrl_eta0p1] | loss: 3.189910 | lrm: 0.56 | dt: 917.50ms | tok/s: 571,432 | mfu: 32.61 | epoch: 1 | eta: 10.3m
step 01590/02205 (72.11%) [ns3_ftrl_eta0p1] | loss: 3.182209 | lrm: 0.56 | dt: 886.73ms | tok/s: 591,261 | mfu: 33.75 | epoch: 1 | eta: 10.3m
step 01591/02205 (72.15%) [ns3_ftrl_eta0p1] | loss: 3.180808 | lrm: 0.56 | dt: 905.04ms | tok/s: 579,300 | mfu: 33.06 | epoch: 1 | eta: 10.3m
step 01592/02205 (72.20%) [ns3_ftrl_eta0p1] | loss: 3.179745 | lrm: 0.56 | dt: 906.53ms | tok/s: 578,343 | mfu: 33.01 | epoch: 1 | eta: 10.3m
step 01593/02205 (72.24%) [ns3_ftrl_eta0p1] | loss: 3.186719 | lrm: 0.56 | dt: 896.29ms | tok/s: 584,956 | mfu: 33.39 | epoch: 1 | eta: 10.3m
step 01594/02205 (72.29%) [ns3_ftrl_eta0p1] | loss: 3.199148 | lrm: 0.55 | dt: 900.37ms | tok/s: 582,300 | mfu: 33.24 | epoch: 1 | eta: 10.2m
step 01595/02205 (72.34%) [ns3_ftrl_eta0p1] | loss: 3.208292 | lrm: 0.55 | dt: 913.23ms | tok/s: 574,103 | mfu: 32.77 | epoch: 1 | eta: 10.2m
step 01596/02205 (72.38%) [ns3_ftrl_eta0p1] | loss: 3.209334 | lrm: 0.55 | dt: 890.01ms | tok/s: 589,083 | mfu: 33.62 | epoch: 1 | eta: 10.2m
step 01597/02205 (72.43%) [ns3_ftrl_eta0p1] | loss: 3.203730 | lrm: 0.55 | dt: 901.51ms | tok/s: 581,566 | mfu: 33.19 | epoch: 1 | eta: 10.2m
step 01598/02205 (72.47%) [ns3_ftrl_eta0p1] | loss: 3.199384 | lrm: 0.55 | dt: 897.92ms | tok/s: 583,890 | mfu: 33.33 | epoch: 1 | eta: 10.2m
step 01599/02205 (72.52%) [ns3_ftrl_eta0p1] | loss: 3.186864 | lrm: 0.55 | dt: 901.24ms | tok/s: 581,739 | mfu: 33.20 | epoch: 1 | eta: 10.2m
step 01600/02205 (72.56%) [ns3_ftrl_eta0p1] | loss: 3.191096 | lrm: 0.55 | dt: 894.54ms | tok/s: 586,096 | mfu: 33.45 | epoch: 1 | eta: 10.1m
step 01601/02205 (72.61%) [ns3_ftrl_eta0p1] | loss: 3.191485 | lrm: 0.55 | dt: 895.18ms | tok/s: 585,679 | mfu: 33.43 | epoch: 1 | eta: 10.1m
step 01602/02205 (72.65%) [ns3_ftrl_eta0p1] | loss: 3.195460 | lrm: 0.55 | dt: 896.26ms | tok/s: 584,973 | mfu: 33.39 | epoch: 1 | eta: 10.1m
step 01603/02205 (72.70%) [ns3_ftrl_eta0p1] | loss: 3.186445 | lrm: 0.55 | dt: 905.63ms | tok/s: 578,921 | mfu: 33.04 | epoch: 1 | eta: 10.1m
step 01604/02205 (72.74%) [ns3_ftrl_eta0p1] | loss: 3.183953 | lrm: 0.55 | dt: 895.98ms | tok/s: 585,152 | mfu: 33.40 | epoch: 1 | eta: 10.1m
step 01605/02205 (72.79%) [ns3_ftrl_eta0p1] | loss: 3.176493 | lrm: 0.54 | dt: 894.85ms | tok/s: 585,897 | mfu: 33.44 | epoch: 1 | eta: 10.0m
step 01606/02205 (72.83%) [ns3_ftrl_eta0p1] | loss: 3.180201 | lrm: 0.54 | dt: 902.08ms | tok/s: 581,196 | mfu: 33.17 | epoch: 1 | eta: 10.0m
step 01607/02205 (72.88%) [ns3_ftrl_eta0p1] | loss: 3.186914 | lrm: 0.54 | dt: 900.60ms | tok/s: 582,155 | mfu: 33.23 | epoch: 1 | eta: 10.0m
step 01608/02205 (72.93%) [ns3_ftrl_eta0p1] | loss: 3.192472 | lrm: 0.54 | dt: 898.02ms | tok/s: 583,824 | mfu: 33.32 | epoch: 1 | eta: 10.0m
step 01609/02205 (72.97%) [ns3_ftrl_eta0p1] | loss: 3.201503 | lrm: 0.54 | dt: 902.85ms | tok/s: 580,701 | mfu: 33.14 | epoch: 1 | eta: 10.0m
step 01610/02205 (73.02%) [ns3_ftrl_eta0p1] | loss: 3.201406 | lrm: 0.54 | dt: 892.74ms | tok/s: 587,276 | mfu: 33.52 | epoch: 1 | eta: 10.0m
step 01611/02205 (73.06%) [ns3_ftrl_eta0p1] | loss: 3.209494 | lrm: 0.54 | dt: 893.09ms | tok/s: 587,046 | mfu: 33.51 | epoch: 1 | eta: 9.9m
step 01612/02205 (73.11%) [ns3_ftrl_eta0p1] | loss: 3.206642 | lrm: 0.54 | dt: 896.94ms | tok/s: 584,526 | mfu: 33.36 | epoch: 1 | eta: 9.9m
step 01613/02205 (73.15%) [ns3_ftrl_eta0p1] | loss: 3.212049 | lrm: 0.54 | dt: 902.36ms | tok/s: 581,016 | mfu: 33.16 | epoch: 1 | eta: 9.9m
step 01614/02205 (73.20%) [ns3_ftrl_eta0p1] | loss: 3.208229 | lrm: 0.54 | dt: 899.62ms | tok/s: 582,790 | mfu: 33.26 | epoch: 1 | eta: 9.9m
step 01615/02205 (73.24%) [ns3_ftrl_eta0p1] | loss: 3.211601 | lrm: 0.54 | dt: 900.16ms | tok/s: 582,437 | mfu: 33.24 | epoch: 1 | eta: 9.9m
step 01616/02205 (73.29%) [ns3_ftrl_eta0p1] | loss: 3.210762 | lrm: 0.53 | dt: 899.49ms | tok/s: 582,871 | mfu: 33.27 | epoch: 1 | eta: 9.9m
step 01617/02205 (73.33%) [ns3_ftrl_eta0p1] | loss: 3.219880 | lrm: 0.53 | dt: 895.53ms | tok/s: 585,449 | mfu: 33.41 | epoch: 1 | eta: 9.8m
step 01618/02205 (73.38%) [ns3_ftrl_eta0p1] | loss: 3.227059 | lrm: 0.53 | dt: 892.44ms | tok/s: 587,476 | mfu: 33.53 | epoch: 1 | eta: 9.8m
step 01619/02205 (73.42%) [ns3_ftrl_eta0p1] | loss: 3.217815 | lrm: 0.53 | dt: 895.55ms | tok/s: 585,438 | mfu: 33.41 | epoch: 1 | eta: 9.8m
step 01620/02205 (73.47%) [ns3_ftrl_eta0p1] | loss: 3.211675 | lrm: 0.53 | dt: 898.01ms | tok/s: 583,833 | mfu: 33.32 | epoch: 1 | eta: 9.8m
step 01621/02205 (73.51%) [ns3_ftrl_eta0p1] | loss: 3.216899 | lrm: 0.53 | dt: 904.29ms | tok/s: 579,778 | mfu: 33.09 | epoch: 1 | eta: 9.8m
step 01622/02205 (73.56%) [ns3_ftrl_eta0p1] | loss: 3.207547 | lrm: 0.53 | dt: 896.07ms | tok/s: 585,096 | mfu: 33.39 | epoch: 1 | eta: 9.8m
step 01623/02205 (73.61%) [ns3_ftrl_eta0p1] | loss: 3.205165 | lrm: 0.53 | dt: 899.73ms | tok/s: 582,714 | mfu: 33.26 | epoch: 1 | eta: 9.7m
step 01624/02205 (73.65%) [ns3_ftrl_eta0p1] | loss: 3.200007 | lrm: 0.53 | dt: 896.76ms | tok/s: 584,648 | mfu: 33.37 | epoch: 1 | eta: 9.7m
step 01625/02205 (73.70%) [ns3_ftrl_eta0p1] | loss: 3.206150 | lrm: 0.53 | dt: 909.66ms | tok/s: 576,356 | mfu: 32.90 | epoch: 1 | eta: 9.7m
step 01626/02205 (73.74%) [ns3_ftrl_eta0p1] | loss: 3.197609 | lrm: 0.53 | dt: 900.43ms | tok/s: 582,266 | mfu: 33.23 | epoch: 1 | eta: 9.7m
step 01627/02205 (73.79%) [ns3_ftrl_eta0p1] | loss: 3.192907 | lrm: 0.52 | dt: 895.00ms | tok/s: 585,793 | mfu: 33.43 | epoch: 1 | eta: 9.7m
step 01628/02205 (73.83%) [ns3_ftrl_eta0p1] | loss: 3.186786 | lrm: 0.52 | dt: 895.07ms | tok/s: 585,749 | mfu: 33.43 | epoch: 1 | eta: 9.6m
step 01629/02205 (73.88%) [ns3_ftrl_eta0p1] | loss: 3.180018 | lrm: 0.52 | dt: 903.56ms | tok/s: 580,249 | mfu: 33.12 | epoch: 1 | eta: 9.6m
step 01630/02205 (73.92%) [ns3_ftrl_eta0p1] | loss: 3.175450 | lrm: 0.52 | dt: 898.75ms | tok/s: 583,352 | mfu: 33.30 | epoch: 1 | eta: 9.6m
step 01631/02205 (73.97%) [ns3_ftrl_eta0p1] | loss: 3.169666 | lrm: 0.52 | dt: 895.57ms | tok/s: 585,426 | mfu: 33.41 | epoch: 1 | eta: 9.6m
step 01632/02205 (74.01%) [ns3_ftrl_eta0p1] | loss: 3.167931 | lrm: 0.52 | dt: 897.14ms | tok/s: 584,401 | mfu: 33.36 | epoch: 1 | eta: 9.6m
step 01633/02205 (74.06%) [ns3_ftrl_eta0p1] | loss: 3.171481 | lrm: 0.52 | dt: 898.31ms | tok/s: 583,638 | mfu: 33.31 | epoch: 1 | eta: 9.6m
step 01634/02205 (74.10%) [ns3_ftrl_eta0p1] | loss: 3.169056 | lrm: 0.52 | dt: 899.62ms | tok/s: 582,790 | mfu: 33.26 | epoch: 1 | eta: 9.5m
step 01635/02205 (74.15%) [ns3_ftrl_eta0p1] | loss: 3.169454 | lrm: 0.52 | dt: 897.52ms | tok/s: 584,154 | mfu: 33.34 | epoch: 1 | eta: 9.5m
step 01636/02205 (74.20%) [ns3_ftrl_eta0p1] | loss: 3.173433 | lrm: 0.52 | dt: 899.63ms | tok/s: 582,784 | mfu: 33.26 | epoch: 1 | eta: 9.5m
step 01637/02205 (74.24%) [ns3_ftrl_eta0p1] | loss: 3.167000 | lrm: 0.52 | dt: 906.11ms | tok/s: 578,611 | mfu: 33.02 | epoch: 1 | eta: 9.5m
step 01638/02205 (74.29%) [ns3_ftrl_eta0p1] | loss: 3.177645 | lrm: 0.51 | dt: 899.48ms | tok/s: 582,880 | mfu: 33.27 | epoch: 1 | eta: 9.5m
step 01639/02205 (74.33%) [ns3_ftrl_eta0p1] | loss: 3.177955 | lrm: 0.51 | dt: 905.96ms | tok/s: 578,708 | mfu: 33.03 | epoch: 1 | eta: 9.5m
step 01640/02205 (74.38%) [ns3_ftrl_eta0p1] | loss: 3.177318 | lrm: 0.51 | dt: 903.03ms | tok/s: 580,587 | mfu: 33.14 | epoch: 1 | eta: 9.4m
step 01641/02205 (74.42%) [ns3_ftrl_eta0p1] | loss: 3.178589 | lrm: 0.51 | dt: 892.95ms | tok/s: 587,138 | mfu: 33.51 | epoch: 1 | eta: 9.4m
step 01642/02205 (74.47%) [ns3_ftrl_eta0p1] | loss: 3.171052 | lrm: 0.51 | dt: 901.51ms | tok/s: 581,564 | mfu: 33.19 | epoch: 1 | eta: 9.4m
step 01643/02205 (74.51%) [ns3_ftrl_eta0p1] | loss: 3.159109 | lrm: 0.51 | dt: 902.74ms | tok/s: 580,775 | mfu: 33.15 | epoch: 1 | eta: 9.4m
step 01644/02205 (74.56%) [ns3_ftrl_eta0p1] | loss: 3.161022 | lrm: 0.51 | dt: 897.92ms | tok/s: 583,893 | mfu: 33.33 | epoch: 1 | eta: 9.4m
step 01645/02205 (74.60%) [ns3_ftrl_eta0p1] | loss: 3.156851 | lrm: 0.51 | dt: 898.86ms | tok/s: 583,279 | mfu: 33.29 | epoch: 1 | eta: 9.4m
step 01646/02205 (74.65%) [ns3_ftrl_eta0p1] | loss: 3.156728 | lrm: 0.51 | dt: 900.26ms | tok/s: 582,375 | mfu: 33.24 | epoch: 1 | eta: 9.3m
step 01647/02205 (74.69%) [ns3_ftrl_eta0p1] | loss: 3.156221 | lrm: 0.51 | dt: 896.86ms | tok/s: 584,579 | mfu: 33.37 | epoch: 1 | eta: 9.3m
step 01648/02205 (74.74%) [ns3_ftrl_eta0p1] | loss: 3.153256 | lrm: 0.51 | dt: 898.70ms | tok/s: 583,384 | mfu: 33.30 | epoch: 1 | eta: 9.3m
step 01649/02205 (74.78%) [ns3_ftrl_eta0p1] | loss: 3.162848 | lrm: 0.50 | dt: 900.39ms | tok/s: 582,288 | mfu: 33.23 | epoch: 1 | eta: 9.3m
step 01650/02205 (74.83%) [ns3_ftrl_eta0p1] | loss: 3.170170 | lrm: 0.50 | dt: 903.56ms | tok/s: 580,248 | mfu: 33.12 | epoch: 1 | eta: 9.3m
step 01651/02205 (74.88%) [ns3_ftrl_eta0p1] | loss: 3.163296 | lrm: 0.50 | dt: 900.58ms | tok/s: 582,166 | mfu: 33.23 | epoch: 1 | eta: 9.3m
step 01652/02205 (74.92%) [ns3_ftrl_eta0p1] | loss: 3.174053 | lrm: 0.50 | dt: 894.75ms | tok/s: 585,961 | mfu: 33.44 | epoch: 1 | eta: 9.2m
step 01653/02205 (74.97%) [ns3_ftrl_eta0p1] | loss: 3.176355 | lrm: 0.50 | dt: 904.17ms | tok/s: 579,857 | mfu: 33.10 | epoch: 1 | eta: 9.2m
step 01654/02205 (75.01%) [ns3_ftrl_eta0p1] | loss: 3.167376 | lrm: 0.50 | dt: 900.29ms | tok/s: 582,357 | mfu: 33.24 | epoch: 1 | eta: 9.2m
step 01655/02205 (75.06%) [ns3_ftrl_eta0p1] | loss: 3.167861 | lrm: 0.50 | dt: 893.95ms | tok/s: 586,486 | mfu: 33.47 | epoch: 1 | eta: 9.2m
step 01656/02205 (75.10%) [ns3_ftrl_eta0p1] | loss: 3.162524 | lrm: 0.50 | dt: 897.31ms | tok/s: 584,287 | mfu: 33.35 | epoch: 1 | eta: 9.2m
step 01657/02205 (75.15%) [ns3_ftrl_eta0p1] | loss: 3.169457 | lrm: 0.50 | dt: 902.16ms | tok/s: 581,148 | mfu: 33.17 | epoch: 1 | eta: 9.1m
step 01658/02205 (75.19%) [ns3_ftrl_eta0p1] | loss: 3.173806 | lrm: 0.50 | dt: 894.26ms | tok/s: 586,283 | mfu: 33.46 | epoch: 1 | eta: 9.1m
step 01659/02205 (75.24%) [ns3_ftrl_eta0p1] | loss: 3.183792 | lrm: 0.50 | dt: 894.78ms | tok/s: 585,942 | mfu: 33.44 | epoch: 1 | eta: 9.1m
step 01660/02205 (75.28%) [ns3_ftrl_eta0p1] | loss: 3.180951 | lrm: 0.49 | dt: 896.72ms | tok/s: 584,670 | mfu: 33.37 | epoch: 1 | eta: 9.1m
step 01661/02205 (75.33%) [ns3_ftrl_eta0p1] | loss: 3.171841 | lrm: 0.49 | dt: 900.28ms | tok/s: 582,360 | mfu: 33.24 | epoch: 1 | eta: 9.1m
step 01662/02205 (75.37%) [ns3_ftrl_eta0p1] | loss: 3.169989 | lrm: 0.49 | dt: 893.79ms | tok/s: 586,592 | mfu: 33.48 | epoch: 1 | eta: 9.1m
step 01663/02205 (75.42%) [ns3_ftrl_eta0p1] | loss: 3.161511 | lrm: 0.49 | dt: 901.15ms | tok/s: 581,799 | mfu: 33.21 | epoch: 1 | eta: 9.0m
step 01664/02205 (75.46%) [ns3_ftrl_eta0p1] | loss: 3.162768 | lrm: 0.49 | dt: 899.64ms | tok/s: 582,776 | mfu: 33.26 | epoch: 1 | eta: 9.0m
step 01665/02205 (75.51%) [ns3_ftrl_eta0p1] | loss: 3.160448 | lrm: 0.49 | dt: 895.33ms | tok/s: 585,582 | mfu: 33.42 | epoch: 1 | eta: 9.0m
step 01666/02205 (75.56%) [ns3_ftrl_eta0p1] | loss: 3.158861 | lrm: 0.49 | dt: 901.73ms | tok/s: 581,426 | mfu: 33.19 | epoch: 1 | eta: 9.0m
step 01667/02205 (75.60%) [ns3_ftrl_eta0p1] | loss: 3.164002 | lrm: 0.49 | dt: 901.14ms | tok/s: 581,804 | mfu: 33.21 | epoch: 1 | eta: 9.0m
step 01668/02205 (75.65%) [ns3_ftrl_eta0p1] | loss: 3.161832 | lrm: 0.49 | dt: 895.63ms | tok/s: 585,387 | mfu: 33.41 | epoch: 1 | eta: 9.0m
step 01669/02205 (75.69%) [ns3_ftrl_eta0p1] | loss: 3.157614 | lrm: 0.49 | dt: 901.47ms | tok/s: 581,589 | mfu: 33.19 | epoch: 1 | eta: 8.9m
step 01670/02205 (75.74%) [ns3_ftrl_eta0p1] | loss: 3.152948 | lrm: 0.49 | dt: 902.82ms | tok/s: 580,724 | mfu: 33.15 | epoch: 1 | eta: 8.9m
step 01671/02205 (75.78%) [ns3_ftrl_eta0p1] | loss: 3.162475 | lrm: 0.48 | dt: 896.67ms | tok/s: 584,707 | mfu: 33.37 | epoch: 1 | eta: 8.9m
step 01672/02205 (75.83%) [ns3_ftrl_eta0p1] | loss: 3.154990 | lrm: 0.48 | dt: 898.16ms | tok/s: 583,733 | mfu: 33.32 | epoch: 1 | eta: 8.9m
step 01673/02205 (75.87%) [ns3_ftrl_eta0p1] | loss: 3.158340 | lrm: 0.48 | dt: 901.69ms | tok/s: 581,452 | mfu: 33.19 | epoch: 1 | eta: 8.9m
step 01674/02205 (75.92%) [ns3_ftrl_eta0p1] | loss: 3.163325 | lrm: 0.48 | dt: 904.57ms | tok/s: 579,598 | mfu: 33.08 | epoch: 1 | eta: 8.9m
step 01675/02205 (75.96%) [ns3_ftrl_eta0p1] | loss: 3.167964 | lrm: 0.48 | dt: 899.18ms | tok/s: 583,073 | mfu: 33.28 | epoch: 1 | eta: 8.8m
step 01676/02205 (76.01%) [ns3_ftrl_eta0p1] | loss: 3.161215 | lrm: 0.48 | dt: 895.21ms | tok/s: 585,657 | mfu: 33.43 | epoch: 1 | eta: 8.8m
step 01677/02205 (76.05%) [ns3_ftrl_eta0p1] | loss: 3.162632 | lrm: 0.48 | dt: 895.06ms | tok/s: 585,754 | mfu: 33.43 | epoch: 1 | eta: 8.8m
step 01678/02205 (76.10%) [ns3_ftrl_eta0p1] | loss: 3.162346 | lrm: 0.48 | dt: 897.80ms | tok/s: 583,967 | mfu: 33.33 | epoch: 1 | eta: 8.8m
step 01679/02205 (76.15%) [ns3_ftrl_eta0p1] | loss: 3.170527 | lrm: 0.48 | dt: 903.37ms | tok/s: 580,370 | mfu: 33.13 | epoch: 1 | eta: 8.8m
step 01680/02205 (76.19%) [ns3_ftrl_eta0p1] | loss: 3.171486 | lrm: 0.48 | dt: 896.20ms | tok/s: 585,011 | mfu: 33.39 | epoch: 1 | eta: 8.8m
step 01681/02205 (76.24%) [ns3_ftrl_eta0p1] | loss: 3.171583 | lrm: 0.48 | dt: 893.10ms | tok/s: 587,041 | mfu: 33.51 | epoch: 1 | eta: 8.7m
step 01682/02205 (76.28%) [ns3_ftrl_eta0p1] | loss: 3.167178 | lrm: 0.47 | dt: 898.63ms | tok/s: 583,431 | mfu: 33.30 | epoch: 1 | eta: 8.7m
step 01683/02205 (76.33%) [ns3_ftrl_eta0p1] | loss: 3.158456 | lrm: 0.47 | dt: 903.95ms | tok/s: 579,999 | mfu: 33.10 | epoch: 1 | eta: 8.7m
step 01684/02205 (76.37%) [ns3_ftrl_eta0p1] | loss: 3.158276 | lrm: 0.47 | dt: 899.52ms | tok/s: 582,851 | mfu: 33.27 | epoch: 1 | eta: 8.7m
step 01685/02205 (76.42%) [ns3_ftrl_eta0p1] | loss: 3.155959 | lrm: 0.47 | dt: 901.18ms | tok/s: 581,778 | mfu: 33.21 | epoch: 1 | eta: 8.7m
step 01686/02205 (76.46%) [ns3_ftrl_eta0p1] | loss: 3.158796 | lrm: 0.47 | dt: 897.82ms | tok/s: 583,957 | mfu: 33.33 | epoch: 1 | eta: 8.6m
step 01687/02205 (76.51%) [ns3_ftrl_eta0p1] | loss: 3.159193 | lrm: 0.47 | dt: 896.00ms | tok/s: 585,144 | mfu: 33.40 | epoch: 1 | eta: 8.6m
step 01688/02205 (76.55%) [ns3_ftrl_eta0p1] | loss: 3.159423 | lrm: 0.47 | dt: 899.10ms | tok/s: 583,128 | mfu: 33.28 | epoch: 1 | eta: 8.6m
step 01689/02205 (76.60%) [ns3_ftrl_eta0p1] | loss: 3.150758 | lrm: 0.47 | dt: 898.75ms | tok/s: 583,351 | mfu: 33.30 | epoch: 1 | eta: 8.6m
step 01690/02205 (76.64%) [ns3_ftrl_eta0p1] | loss: 3.155832 | lrm: 0.47 | dt: 894.57ms | tok/s: 586,076 | mfu: 33.45 | epoch: 1 | eta: 8.6m
step 01691/02205 (76.69%) [ns3_ftrl_eta0p1] | loss: 3.163221 | lrm: 0.47 | dt: 896.67ms | tok/s: 584,708 | mfu: 33.37 | epoch: 1 | eta: 8.6m
step 01692/02205 (76.73%) [ns3_ftrl_eta0p1] | loss: 3.163878 | lrm: 0.47 | dt: 893.91ms | tok/s: 586,509 | mfu: 33.48 | epoch: 1 | eta: 8.5m
step 01693/02205 (76.78%) [ns3_ftrl_eta0p1] | loss: 3.168973 | lrm: 0.46 | dt: 896.96ms | tok/s: 584,515 | mfu: 33.36 | epoch: 1 | eta: 8.5m
step 01694/02205 (76.83%) [ns3_ftrl_eta0p1] | loss: 3.173478 | lrm: 0.46 | dt: 897.76ms | tok/s: 583,996 | mfu: 33.33 | epoch: 1 | eta: 8.5m
step 01695/02205 (76.87%) [ns3_ftrl_eta0p1] | loss: 3.174092 | lrm: 0.46 | dt: 897.69ms | tok/s: 584,040 | mfu: 33.33 | epoch: 1 | eta: 8.5m
step 01696/02205 (76.92%) [ns3_ftrl_eta0p1] | loss: 3.177269 | lrm: 0.46 | dt: 896.49ms | tok/s: 584,821 | mfu: 33.38 | epoch: 1 | eta: 8.5m
step 01697/02205 (76.96%) [ns3_ftrl_eta0p1] | loss: 3.183856 | lrm: 0.46 | dt: 902.48ms | tok/s: 580,942 | mfu: 33.16 | epoch: 1 | eta: 8.5m
step 01698/02205 (77.01%) [ns3_ftrl_eta0p1] | loss: 3.178162 | lrm: 0.46 | dt: 903.59ms | tok/s: 580,224 | mfu: 33.12 | epoch: 1 | eta: 8.4m
step 01699/02205 (77.05%) [ns3_ftrl_eta0p1] | loss: 3.177965 | lrm: 0.46 | dt: 901.18ms | tok/s: 581,781 | mfu: 33.21 | epoch: 1 | eta: 8.4m
step 01700/02205 (77.10%) [ns3_ftrl_eta0p1] | loss: 3.169452 | lrm: 0.46 | dt: 925.17ms | tok/s: 566,691 | mfu: 32.34 | epoch: 1 | eta: 8.4m
step 01701/02205 (77.14%) [ns3_ftrl_eta0p1] | loss: 3.160896 | lrm: 0.46 | dt: 893.17ms | tok/s: 586,997 | mfu: 33.50 | epoch: 1 | eta: 8.4m
step 01702/02205 (77.19%) [ns3_ftrl_eta0p1] | loss: 3.163357 | lrm: 0.46 | dt: 904.69ms | tok/s: 579,525 | mfu: 33.08 | epoch: 1 | eta: 8.4m
step 01703/02205 (77.23%) [ns3_ftrl_eta0p1] | loss: 3.163950 | lrm: 0.46 | dt: 898.15ms | tok/s: 583,744 | mfu: 33.32 | epoch: 1 | eta: 8.4m
step 01704/02205 (77.28%) [ns3_ftrl_eta0p1] | loss: 3.169445 | lrm: 0.45 | dt: 900.92ms | tok/s: 581,944 | mfu: 33.21 | epoch: 1 | eta: 8.3m
step 01705/02205 (77.32%) [ns3_ftrl_eta0p1] | loss: 3.157188 | lrm: 0.45 | dt: 908.55ms | tok/s: 577,059 | mfu: 32.94 | epoch: 1 | eta: 8.3m
step 01706/02205 (77.37%) [ns3_ftrl_eta0p1] | loss: 3.153316 | lrm: 0.45 | dt: 891.58ms | tok/s: 588,044 | mfu: 33.56 | epoch: 1 | eta: 8.3m
step 01707/02205 (77.41%) [ns3_ftrl_eta0p1] | loss: 3.153882 | lrm: 0.45 | dt: 906.50ms | tok/s: 578,363 | mfu: 33.01 | epoch: 1 | eta: 8.3m
step 01708/02205 (77.46%) [ns3_ftrl_eta0p1] | loss: 3.164360 | lrm: 0.45 | dt: 899.06ms | tok/s: 583,152 | mfu: 33.28 | epoch: 1 | eta: 8.3m
step 01709/02205 (77.51%) [ns3_ftrl_eta0p1] | loss: 3.161151 | lrm: 0.45 | dt: 903.43ms | tok/s: 580,330 | mfu: 33.12 | epoch: 1 | eta: 8.3m
step 01710/02205 (77.55%) [ns3_ftrl_eta0p1] | loss: 3.156142 | lrm: 0.45 | dt: 910.13ms | tok/s: 576,056 | mfu: 32.88 | epoch: 1 | eta: 8.2m
step 01711/02205 (77.60%) [ns3_ftrl_eta0p1] | loss: 3.168791 | lrm: 0.45 | dt: 892.54ms | tok/s: 587,412 | mfu: 33.53 | epoch: 1 | eta: 8.2m
step 01712/02205 (77.64%) [ns3_ftrl_eta0p1] | loss: 3.172502 | lrm: 0.45 | dt: 896.11ms | tok/s: 585,073 | mfu: 33.39 | epoch: 1 | eta: 8.2m
step 01713/02205 (77.69%) [ns3_ftrl_eta0p1] | loss: 3.172343 | lrm: 0.45 | dt: 901.93ms | tok/s: 581,298 | mfu: 33.18 | epoch: 1 | eta: 8.2m
step 01714/02205 (77.73%) [ns3_ftrl_eta0p1] | loss: 3.176813 | lrm: 0.45 | dt: 918.55ms | tok/s: 570,777 | mfu: 32.58 | epoch: 1 | eta: 8.2m
step 01715/02205 (77.78%) [ns3_ftrl_eta0p1] | loss: 3.175661 | lrm: 0.44 | dt: 897.45ms | tok/s: 584,198 | mfu: 33.34 | epoch: 1 | eta: 8.2m
step 01716/02205 (77.82%) [ns3_ftrl_eta0p1] | loss: 3.172207 | lrm: 0.44 | dt: 906.47ms | tok/s: 578,381 | mfu: 33.01 | epoch: 1 | eta: 8.1m
step 01717/02205 (77.87%) [ns3_ftrl_eta0p1] | loss: 3.168769 | lrm: 0.44 | dt: 894.52ms | tok/s: 586,110 | mfu: 33.45 | epoch: 1 | eta: 8.1m
step 01718/02205 (77.91%) [ns3_ftrl_eta0p1] | loss: 3.179238 | lrm: 0.44 | dt: 901.41ms | tok/s: 581,633 | mfu: 33.20 | epoch: 1 | eta: 8.1m
step 01719/02205 (77.96%) [ns3_ftrl_eta0p1] | loss: 3.176737 | lrm: 0.44 | dt: 924.34ms | tok/s: 567,200 | mfu: 32.37 | epoch: 1 | eta: 8.1m
step 01720/02205 (78.00%) [ns3_ftrl_eta0p1] | loss: 3.175193 | lrm: 0.44 | dt: 894.03ms | tok/s: 586,430 | mfu: 33.47 | epoch: 1 | eta: 8.1m
step 01721/02205 (78.05%) [ns3_ftrl_eta0p1] | loss: 3.167884 | lrm: 0.44 | dt: 910.52ms | tok/s: 575,811 | mfu: 32.86 | epoch: 1 | eta: 8.0m
step 01722/02205 (78.10%) [ns3_ftrl_eta0p1] | loss: 3.171364 | lrm: 0.44 | dt: 888.28ms | tok/s: 590,229 | mfu: 33.69 | epoch: 1 | eta: 8.0m
step 01723/02205 (78.14%) [ns3_ftrl_eta0p1] | loss: 3.170638 | lrm: 0.44 | dt: 893.71ms | tok/s: 586,644 | mfu: 33.48 | epoch: 1 | eta: 8.0m
step 01724/02205 (78.19%) [ns3_ftrl_eta0p1] | loss: 3.173309 | lrm: 0.44 | dt: 918.52ms | tok/s: 570,796 | mfu: 32.58 | epoch: 1 | eta: 8.0m
step 01725/02205 (78.23%) [ns3_ftrl_eta0p1] | loss: 3.176098 | lrm: 0.44 | dt: 891.57ms | tok/s: 588,052 | mfu: 33.56 | epoch: 1 | eta: 8.0m
step 01726/02205 (78.28%) [ns3_ftrl_eta0p1] | loss: 3.182605 | lrm: 0.43 | dt: 915.88ms | tok/s: 572,439 | mfu: 32.67 | epoch: 1 | eta: 8.0m
step 01727/02205 (78.32%) [ns3_ftrl_eta0p1] | loss: 3.187936 | lrm: 0.43 | dt: 895.14ms | tok/s: 585,703 | mfu: 33.43 | epoch: 1 | eta: 7.9m
step 01728/02205 (78.37%) [ns3_ftrl_eta0p1] | loss: 3.191123 | lrm: 0.43 | dt: 903.79ms | tok/s: 580,099 | mfu: 33.11 | epoch: 1 | eta: 7.9m
step 01729/02205 (78.41%) [ns3_ftrl_eta0p1] | loss: 3.193933 | lrm: 0.43 | dt: 922.89ms | tok/s: 568,096 | mfu: 32.42 | epoch: 1 | eta: 7.9m
step 01730/02205 (78.46%) [ns3_ftrl_eta0p1] | loss: 3.189149 | lrm: 0.43 | dt: 894.06ms | tok/s: 586,413 | mfu: 33.47 | epoch: 1 | eta: 7.9m
step 01731/02205 (78.50%) [ns3_ftrl_eta0p1] | loss: 3.183664 | lrm: 0.43 | dt: 919.26ms | tok/s: 570,337 | mfu: 32.55 | epoch: 1 | eta: 7.9m
step 01732/02205 (78.55%) [ns3_ftrl_eta0p1] | loss: 3.186888 | lrm: 0.43 | dt: 890.03ms | tok/s: 589,068 | mfu: 33.62 | epoch: 1 | eta: 7.9m
step 01733/02205 (78.59%) [ns3_ftrl_eta0p1] | loss: 3.180103 | lrm: 0.43 | dt: 899.26ms | tok/s: 583,021 | mfu: 33.28 | epoch: 1 | eta: 7.8m
step 01734/02205 (78.64%) [ns3_ftrl_eta0p1] | loss: 3.182004 | lrm: 0.43 | dt: 918.53ms | tok/s: 570,790 | mfu: 32.58 | epoch: 1 | eta: 7.8m
step 01735/02205 (78.68%) [ns3_ftrl_eta0p1] | loss: 3.187550 | lrm: 0.43 | dt: 892.79ms | tok/s: 587,246 | mfu: 33.52 | epoch: 1 | eta: 7.8m
step 01736/02205 (78.73%) [ns3_ftrl_eta0p1] | loss: 3.180003 | lrm: 0.43 | dt: 921.46ms | tok/s: 568,974 | mfu: 32.47 | epoch: 1 | eta: 7.8m
step 01737/02205 (78.78%) [ns3_ftrl_eta0p1] | loss: 3.197681 | lrm: 0.42 | dt: 890.37ms | tok/s: 588,845 | mfu: 33.61 | epoch: 1 | eta: 7.8m
step 01738/02205 (78.82%) [ns3_ftrl_eta0p1] | loss: 3.193277 | lrm: 0.42 | dt: 895.88ms | tok/s: 585,221 | mfu: 33.40 | epoch: 1 | eta: 7.8m
step 01739/02205 (78.87%) [ns3_ftrl_eta0p1] | loss: 3.201891 | lrm: 0.42 | dt: 921.52ms | tok/s: 568,938 | mfu: 32.47 | epoch: 1 | eta: 7.7m
step 01740/02205 (78.91%) [ns3_ftrl_eta0p1] | loss: 3.208971 | lrm: 0.42 | dt: 911.50ms | tok/s: 575,191 | mfu: 32.83 | epoch: 1 | eta: 7.7m
step 01741/02205 (78.96%) [ns3_ftrl_eta0p1] | loss: 3.205121 | lrm: 0.42 | dt: 887.91ms | tok/s: 590,472 | mfu: 33.70 | epoch: 1 | eta: 7.7m
step 01742/02205 (79.00%) [ns3_ftrl_eta0p1] | loss: 3.202228 | lrm: 0.42 | dt: 923.85ms | tok/s: 567,500 | mfu: 32.39 | epoch: 1 | eta: 7.7m
step 01743/02205 (79.05%) [ns3_ftrl_eta0p1] | loss: 3.193315 | lrm: 0.42 | dt: 889.46ms | tok/s: 589,442 | mfu: 33.64 | epoch: 1 | eta: 7.7m
step 01744/02205 (79.09%) [ns3_ftrl_eta0p1] | loss: 3.187165 | lrm: 0.42 | dt: 914.19ms | tok/s: 573,502 | mfu: 32.73 | epoch: 1 | eta: 7.7m
step 01745/02205 (79.14%) [ns3_ftrl_eta0p1] | loss: 3.194006 | lrm: 0.42 | dt: 910.45ms | tok/s: 575,855 | mfu: 32.87 | epoch: 1 | eta: 7.6m
step 01746/02205 (79.18%) [ns3_ftrl_eta0p1] | loss: 3.182918 | lrm: 0.42 | dt: 891.68ms | tok/s: 587,978 | mfu: 33.56 | epoch: 1 | eta: 7.6m
step 01747/02205 (79.23%) [ns3_ftrl_eta0p1] | loss: 3.185702 | lrm: 0.42 | dt: 911.34ms | tok/s: 575,296 | mfu: 32.84 | epoch: 1 | eta: 7.6m
step 01748/02205 (79.27%) [ns3_ftrl_eta0p1] | loss: 3.173264 | lrm: 0.41 | dt: 893.50ms | tok/s: 586,780 | mfu: 33.49 | epoch: 1 | eta: 7.6m
step 01749/02205 (79.32%) [ns3_ftrl_eta0p1] | loss: 3.173522 | lrm: 0.41 | dt: 906.12ms | tok/s: 578,606 | mfu: 33.02 | epoch: 1 | eta: 7.6m
Step 01750 | val bpb: 0.924696
step 01750/02205 (79.37%) [ns3_ftrl_eta0p1] | loss: 3.168053 | lrm: 0.41 | dt: 921.21ms | tok/s: 569,130 | mfu: 32.48 | epoch: 1 | eta: 7.6m
step 01751/02205 (79.41%) [ns3_ftrl_eta0p1] | loss: 3.156438 | lrm: 0.41 | dt: 907.06ms | tok/s: 578,005 | mfu: 32.99 | epoch: 1 | eta: 7.5m
step 01752/02205 (79.46%) [ns3_ftrl_eta0p1] | loss: 3.156717 | lrm: 0.41 | dt: 884.25ms | tok/s: 592,918 | mfu: 33.84 | epoch: 1 | eta: 7.5m
step 01753/02205 (79.50%) [ns3_ftrl_eta0p1] | loss: 3.157184 | lrm: 0.41 | dt: 893.74ms | tok/s: 586,623 | mfu: 33.48 | epoch: 1 | eta: 7.5m
step 01754/02205 (79.55%) [ns3_ftrl_eta0p1] | loss: 3.160700 | lrm: 0.41 | dt: 902.84ms | tok/s: 580,710 | mfu: 33.14 | epoch: 1 | eta: 7.5m
step 01755/02205 (79.59%) [ns3_ftrl_eta0p1] | loss: 3.161942 | lrm: 0.41 | dt: 883.39ms | tok/s: 593,498 | mfu: 33.87 | epoch: 1 | eta: 7.5m
step 01756/02205 (79.64%) [ns3_ftrl_eta0p1] | loss: 3.159289 | lrm: 0.41 | dt: 895.34ms | tok/s: 585,576 | mfu: 33.42 | epoch: 1 | eta: 7.5m
step 01757/02205 (79.68%) [ns3_ftrl_eta0p1] | loss: 3.167940 | lrm: 0.41 | dt: 891.80ms | tok/s: 587,896 | mfu: 33.55 | epoch: 1 | eta: 7.4m
step 01758/02205 (79.73%) [ns3_ftrl_eta0p1] | loss: 3.165870 | lrm: 0.41 | dt: 896.10ms | tok/s: 585,080 | mfu: 33.39 | epoch: 1 | eta: 7.4m
step 01759/02205 (79.77%) [ns3_ftrl_eta0p1] | loss: 3.161229 | lrm: 0.40 | dt: 905.64ms | tok/s: 578,915 | mfu: 33.04 | epoch: 1 | eta: 7.4m
step 01760/02205 (79.82%) [ns3_ftrl_eta0p1] | loss: 3.160974 | lrm: 0.40 | dt: 906.37ms | tok/s: 578,445 | mfu: 33.02 | epoch: 1 | eta: 7.4m
step 01761/02205 (79.86%) [ns3_ftrl_eta0p1] | loss: 3.163406 | lrm: 0.40 | dt: 894.66ms | tok/s: 586,019 | mfu: 33.45 | epoch: 1 | eta: 7.4m
step 01762/02205 (79.91%) [ns3_ftrl_eta0p1] | loss: 3.157617 | lrm: 0.40 | dt: 901.39ms | tok/s: 581,646 | mfu: 33.20 | epoch: 1 | eta: 7.4m
step 01763/02205 (79.95%) [ns3_ftrl_eta0p1] | loss: 3.159139 | lrm: 0.40 | dt: 915.17ms | tok/s: 572,887 | mfu: 32.70 | epoch: 1 | eta: 7.3m
step 01764/02205 (80.00%) [ns3_ftrl_eta0p1] | loss: 3.169721 | lrm: 0.40 | dt: 888.55ms | tok/s: 590,052 | mfu: 33.68 | epoch: 1 | eta: 7.3m
step 01765/02205 (80.05%) [ns3_ftrl_eta0p1] | loss: 3.164453 | lrm: 0.40 | dt: 905.90ms | tok/s: 578,748 | mfu: 33.03 | epoch: 1 | eta: 7.3m
step 01766/02205 (80.09%) [ns3_ftrl_eta0p1] | loss: 3.169106 | lrm: 0.40 | dt: 915.74ms | tok/s: 572,528 | mfu: 32.68 | epoch: 1 | eta: 7.3m
step 01767/02205 (80.14%) [ns3_ftrl_eta0p1] | loss: 3.174283 | lrm: 0.40 | dt: 890.04ms | tok/s: 589,059 | mfu: 33.62 | epoch: 1 | eta: 7.3m
step 01768/02205 (80.18%) [ns3_ftrl_eta0p1] | loss: 3.162316 | lrm: 0.40 | dt: 920.40ms | tok/s: 569,630 | mfu: 32.51 | epoch: 1 | eta: 7.2m
step 01769/02205 (80.23%) [ns3_ftrl_eta0p1] | loss: 3.160168 | lrm: 0.40 | dt: 887.15ms | tok/s: 590,979 | mfu: 33.73 | epoch: 1 | eta: 7.2m
step 01770/02205 (80.27%) [ns3_ftrl_eta0p1] | loss: 3.164940 | lrm: 0.39 | dt: 910.01ms | tok/s: 576,133 | mfu: 32.88 | epoch: 1 | eta: 7.2m
step 01771/02205 (80.32%) [ns3_ftrl_eta0p1] | loss: 3.165297 | lrm: 0.39 | dt: 908.38ms | tok/s: 577,170 | mfu: 32.94 | epoch: 1 | eta: 7.2m
step 01772/02205 (80.36%) [ns3_ftrl_eta0p1] | loss: 3.164692 | lrm: 0.39 | dt: 891.38ms | tok/s: 588,172 | mfu: 33.57 | epoch: 1 | eta: 7.2m
step 01773/02205 (80.41%) [ns3_ftrl_eta0p1] | loss: 3.155999 | lrm: 0.39 | dt: 912.99ms | tok/s: 574,256 | mfu: 32.78 | epoch: 1 | eta: 7.2m
step 01774/02205 (80.45%) [ns3_ftrl_eta0p1] | loss: 3.154567 | lrm: 0.39 | dt: 892.15ms | tok/s: 587,668 | mfu: 33.54 | epoch: 1 | eta: 7.1m
step 01775/02205 (80.50%) [ns3_ftrl_eta0p1] | loss: 3.151740 | lrm: 0.39 | dt: 904.35ms | tok/s: 579,741 | mfu: 33.09 | epoch: 1 | eta: 7.1m
step 01776/02205 (80.54%) [ns3_ftrl_eta0p1] | loss: 3.151233 | lrm: 0.39 | dt: 913.99ms | tok/s: 573,626 | mfu: 32.74 | epoch: 1 | eta: 7.1m
step 01777/02205 (80.59%) [ns3_ftrl_eta0p1] | loss: 3.151498 | lrm: 0.39 | dt: 896.88ms | tok/s: 584,571 | mfu: 33.36 | epoch: 1 | eta: 7.1m
step 01778/02205 (80.63%) [ns3_ftrl_eta0p1] | loss: 3.149902 | lrm: 0.39 | dt: 912.62ms | tok/s: 574,486 | mfu: 32.79 | epoch: 1 | eta: 7.1m
step 01779/02205 (80.68%) [ns3_ftrl_eta0p1] | loss: 3.149433 | lrm: 0.39 | dt: 891.96ms | tok/s: 587,792 | mfu: 33.55 | epoch: 1 | eta: 7.1m
step 01780/02205 (80.73%) [ns3_ftrl_eta0p1] | loss: 3.152422 | lrm: 0.39 | dt: 901.59ms | tok/s: 581,512 | mfu: 33.19 | epoch: 1 | eta: 7.0m
step 01781/02205 (80.77%) [ns3_ftrl_eta0p1] | loss: 3.152272 | lrm: 0.38 | dt: 910.01ms | tok/s: 576,132 | mfu: 32.88 | epoch: 1 | eta: 7.0m
step 01782/02205 (80.82%) [ns3_ftrl_eta0p1] | loss: 3.148607 | lrm: 0.38 | dt: 891.84ms | tok/s: 587,873 | mfu: 33.55 | epoch: 1 | eta: 7.0m
step 01783/02205 (80.86%) [ns3_ftrl_eta0p1] | loss: 3.150204 | lrm: 0.38 | dt: 904.80ms | tok/s: 579,449 | mfu: 33.07 | epoch: 1 | eta: 7.0m
step 01784/02205 (80.91%) [ns3_ftrl_eta0p1] | loss: 3.146509 | lrm: 0.38 | dt: 898.65ms | tok/s: 583,417 | mfu: 33.30 | epoch: 1 | eta: 7.0m
step 01785/02205 (80.95%) [ns3_ftrl_eta0p1] | loss: 3.149907 | lrm: 0.38 | dt: 902.28ms | tok/s: 581,068 | mfu: 33.16 | epoch: 1 | eta: 7.0m
step 01786/02205 (81.00%) [ns3_ftrl_eta0p1] | loss: 3.149418 | lrm: 0.38 | dt: 909.55ms | tok/s: 576,427 | mfu: 32.90 | epoch: 1 | eta: 6.9m
step 01787/02205 (81.04%) [ns3_ftrl_eta0p1] | loss: 3.157327 | lrm: 0.38 | dt: 892.95ms | tok/s: 587,141 | mfu: 33.51 | epoch: 1 | eta: 6.9m
step 01788/02205 (81.09%) [ns3_ftrl_eta0p1] | loss: 3.160209 | lrm: 0.38 | dt: 899.45ms | tok/s: 582,899 | mfu: 33.27 | epoch: 1 | eta: 6.9m
step 01789/02205 (81.13%) [ns3_ftrl_eta0p1] | loss: 3.148343 | lrm: 0.38 | dt: 897.36ms | tok/s: 584,253 | mfu: 33.35 | epoch: 1 | eta: 6.9m
step 01790/02205 (81.18%) [ns3_ftrl_eta0p1] | loss: 3.140644 | lrm: 0.38 | dt: 906.87ms | tok/s: 578,129 | mfu: 33.00 | epoch: 1 | eta: 6.9m
step 01791/02205 (81.22%) [ns3_ftrl_eta0p1] | loss: 3.140551 | lrm: 0.38 | dt: 914.34ms | tok/s: 573,405 | mfu: 32.73 | epoch: 1 | eta: 6.9m
step 01792/02205 (81.27%) [ns3_ftrl_eta0p1] | loss: 3.139073 | lrm: 0.37 | dt: 892.42ms | tok/s: 587,489 | mfu: 33.53 | epoch: 1 | eta: 6.8m
step 01793/02205 (81.32%) [ns3_ftrl_eta0p1] | loss: 3.140930 | lrm: 0.37 | dt: 910.18ms | tok/s: 576,025 | mfu: 32.88 | epoch: 1 | eta: 6.8m
step 01794/02205 (81.36%) [ns3_ftrl_eta0p1] | loss: 3.148292 | lrm: 0.37 | dt: 891.49ms | tok/s: 588,103 | mfu: 33.57 | epoch: 1 | eta: 6.8m
step 01795/02205 (81.41%) [ns3_ftrl_eta0p1] | loss: 3.152147 | lrm: 0.37 | dt: 905.85ms | tok/s: 578,782 | mfu: 33.03 | epoch: 1 | eta: 6.8m
step 01796/02205 (81.45%) [ns3_ftrl_eta0p1] | loss: 3.163639 | lrm: 0.37 | dt: 915.03ms | tok/s: 572,971 | mfu: 32.70 | epoch: 1 | eta: 6.8m
step 01797/02205 (81.50%) [ns3_ftrl_eta0p1] | loss: 3.161067 | lrm: 0.37 | dt: 887.13ms | tok/s: 590,992 | mfu: 33.73 | epoch: 1 | eta: 6.8m
step 01798/02205 (81.54%) [ns3_ftrl_eta0p1] | loss: 3.151428 | lrm: 0.37 | dt: 919.10ms | tok/s: 570,435 | mfu: 32.56 | epoch: 1 | eta: 6.7m
step 01799/02205 (81.59%) [ns3_ftrl_eta0p1] | loss: 3.142519 | lrm: 0.37 | dt: 895.45ms | tok/s: 585,501 | mfu: 33.42 | epoch: 1 | eta: 6.7m
step 01800/02205 (81.63%) [ns3_ftrl_eta0p1] | loss: 3.139002 | lrm: 0.37 | dt: 921.02ms | tok/s: 569,249 | mfu: 32.49 | epoch: 1 | eta: 6.7m
step 01801/02205 (81.68%) [ns3_ftrl_eta0p1] | loss: 3.133191 | lrm: 0.37 | dt: 905.33ms | tok/s: 579,112 | mfu: 33.05 | epoch: 1 | eta: 6.7m
step 01802/02205 (81.72%) [ns3_ftrl_eta0p1] | loss: 3.129714 | lrm: 0.37 | dt: 891.82ms | tok/s: 587,887 | mfu: 33.55 | epoch: 1 | eta: 6.7m
step 01803/02205 (81.77%) [ns3_ftrl_eta0p1] | loss: 3.127053 | lrm: 0.36 | dt: 920.03ms | tok/s: 569,861 | mfu: 32.53 | epoch: 1 | eta: 6.7m
step 01804/02205 (81.81%) [ns3_ftrl_eta0p1] | loss: 3.132962 | lrm: 0.36 | dt: 890.81ms | tok/s: 588,548 | mfu: 33.59 | epoch: 1 | eta: 6.6m
step 01805/02205 (81.86%) [ns3_ftrl_eta0p1] | loss: 3.138167 | lrm: 0.36 | dt: 917.14ms | tok/s: 571,653 | mfu: 32.63 | epoch: 1 | eta: 6.6m
step 01806/02205 (81.90%) [ns3_ftrl_eta0p1] | loss: 3.133242 | lrm: 0.36 | dt: 890.86ms | tok/s: 588,517 | mfu: 33.59 | epoch: 1 | eta: 6.6m
step 01807/02205 (81.95%) [ns3_ftrl_eta0p1] | loss: 3.127997 | lrm: 0.36 | dt: 918.71ms | tok/s: 570,676 | mfu: 32.57 | epoch: 1 | eta: 6.6m
step 01808/02205 (82.00%) [ns3_ftrl_eta0p1] | loss: 3.126137 | lrm: 0.36 | dt: 891.31ms | tok/s: 588,221 | mfu: 33.57 | epoch: 1 | eta: 6.6m
step 01809/02205 (82.04%) [ns3_ftrl_eta0p1] | loss: 3.129849 | lrm: 0.36 | dt: 896.26ms | tok/s: 584,975 | mfu: 33.39 | epoch: 1 | eta: 6.6m
step 01810/02205 (82.09%) [ns3_ftrl_eta0p1] | loss: 3.120904 | lrm: 0.36 | dt: 909.49ms | tok/s: 576,463 | mfu: 32.90 | epoch: 1 | eta: 6.5m
step 01811/02205 (82.13%) [ns3_ftrl_eta0p1] | loss: 3.116688 | lrm: 0.36 | dt: 894.52ms | tok/s: 586,108 | mfu: 33.45 | epoch: 1 | eta: 6.5m
step 01812/02205 (82.18%) [ns3_ftrl_eta0p1] | loss: 3.117914 | lrm: 0.36 | dt: 914.73ms | tok/s: 573,159 | mfu: 32.71 | epoch: 1 | eta: 6.5m
step 01813/02205 (82.22%) [ns3_ftrl_eta0p1] | loss: 3.126520 | lrm: 0.36 | dt: 898.53ms | tok/s: 583,495 | mfu: 33.30 | epoch: 1 | eta: 6.5m
step 01814/02205 (82.27%) [ns3_ftrl_eta0p1] | loss: 3.132818 | lrm: 0.35 | dt: 903.06ms | tok/s: 580,567 | mfu: 33.14 | epoch: 1 | eta: 6.5m
step 01815/02205 (82.31%) [ns3_ftrl_eta0p1] | loss: 3.140912 | lrm: 0.35 | dt: 914.34ms | tok/s: 573,403 | mfu: 32.73 | epoch: 1 | eta: 6.5m
step 01816/02205 (82.36%) [ns3_ftrl_eta0p1] | loss: 3.135768 | lrm: 0.35 | dt: 896.77ms | tok/s: 584,643 | mfu: 33.37 | epoch: 1 | eta: 6.4m
step 01817/02205 (82.40%) [ns3_ftrl_eta0p1] | loss: 3.129343 | lrm: 0.35 | dt: 916.54ms | tok/s: 572,031 | mfu: 32.65 | epoch: 1 | eta: 6.4m
step 01818/02205 (82.45%) [ns3_ftrl_eta0p1] | loss: 3.123304 | lrm: 0.35 | dt: 891.12ms | tok/s: 588,348 | mfu: 33.58 | epoch: 1 | eta: 6.4m
step 01819/02205 (82.49%) [ns3_ftrl_eta0p1] | loss: 3.121524 | lrm: 0.35 | dt: 896.70ms | tok/s: 584,685 | mfu: 33.37 | epoch: 1 | eta: 6.4m
step 01820/02205 (82.54%) [ns3_ftrl_eta0p1] | loss: 3.120533 | lrm: 0.35 | dt: 911.48ms | tok/s: 575,205 | mfu: 32.83 | epoch: 1 | eta: 6.4m
step 01821/02205 (82.59%) [ns3_ftrl_eta0p1] | loss: 3.119542 | lrm: 0.35 | dt: 888.98ms | tok/s: 589,764 | mfu: 33.66 | epoch: 1 | eta: 6.4m
step 01822/02205 (82.63%) [ns3_ftrl_eta0p1] | loss: 3.120107 | lrm: 0.35 | dt: 913.91ms | tok/s: 573,678 | mfu: 32.74 | epoch: 1 | eta: 6.3m
step 01823/02205 (82.68%) [ns3_ftrl_eta0p1] | loss: 3.120474 | lrm: 0.35 | dt: 896.40ms | tok/s: 584,883 | mfu: 33.38 | epoch: 1 | eta: 6.3m
step 01824/02205 (82.72%) [ns3_ftrl_eta0p1] | loss: 3.111041 | lrm: 0.35 | dt: 894.54ms | tok/s: 586,095 | mfu: 33.45 | epoch: 1 | eta: 6.3m
step 01825/02205 (82.77%) [ns3_ftrl_eta0p1] | loss: 3.120202 | lrm: 0.34 | dt: 924.05ms | tok/s: 567,380 | mfu: 32.38 | epoch: 1 | eta: 6.3m
step 01826/02205 (82.81%) [ns3_ftrl_eta0p1] | loss: 3.121907 | lrm: 0.34 | dt: 895.21ms | tok/s: 585,658 | mfu: 33.43 | epoch: 1 | eta: 6.3m
step 01827/02205 (82.86%) [ns3_ftrl_eta0p1] | loss: 3.123963 | lrm: 0.34 | dt: 906.04ms | tok/s: 578,656 | mfu: 33.03 | epoch: 1 | eta: 6.3m
step 01828/02205 (82.90%) [ns3_ftrl_eta0p1] | loss: 3.126107 | lrm: 0.34 | dt: 903.95ms | tok/s: 579,998 | mfu: 33.10 | epoch: 1 | eta: 6.2m
step 01829/02205 (82.95%) [ns3_ftrl_eta0p1] | loss: 3.130696 | lrm: 0.34 | dt: 893.98ms | tok/s: 586,462 | mfu: 33.47 | epoch: 1 | eta: 6.2m
step 01830/02205 (82.99%) [ns3_ftrl_eta0p1] | loss: 3.126311 | lrm: 0.34 | dt: 927.32ms | tok/s: 565,378 | mfu: 32.27 | epoch: 1 | eta: 6.2m
step 01831/02205 (83.04%) [ns3_ftrl_eta0p1] | loss: 3.129948 | lrm: 0.34 | dt: 899.25ms | tok/s: 583,030 | mfu: 33.28 | epoch: 1 | eta: 6.2m
step 01832/02205 (83.08%) [ns3_ftrl_eta0p1] | loss: 3.137956 | lrm: 0.34 | dt: 898.82ms | tok/s: 583,309 | mfu: 33.29 | epoch: 1 | eta: 6.2m
step 01833/02205 (83.13%) [ns3_ftrl_eta0p1] | loss: 3.142862 | lrm: 0.34 | dt: 914.31ms | tok/s: 573,424 | mfu: 32.73 | epoch: 1 | eta: 6.1m
step 01834/02205 (83.17%) [ns3_ftrl_eta0p1] | loss: 3.135682 | lrm: 0.34 | dt: 892.32ms | tok/s: 587,559 | mfu: 33.54 | epoch: 1 | eta: 6.1m
step 01835/02205 (83.22%) [ns3_ftrl_eta0p1] | loss: 3.127010 | lrm: 0.34 | dt: 918.28ms | tok/s: 570,946 | mfu: 32.59 | epoch: 1 | eta: 6.1m
step 01836/02205 (83.27%) [ns3_ftrl_eta0p1] | loss: 3.143740 | lrm: 0.33 | dt: 905.79ms | tok/s: 578,817 | mfu: 33.04 | epoch: 1 | eta: 6.1m
step 01837/02205 (83.31%) [ns3_ftrl_eta0p1] | loss: 3.148166 | lrm: 0.33 | dt: 883.56ms | tok/s: 593,382 | mfu: 33.87 | epoch: 1 | eta: 6.1m
step 01838/02205 (83.36%) [ns3_ftrl_eta0p1] | loss: 3.144857 | lrm: 0.33 | dt: 924.46ms | tok/s: 567,129 | mfu: 32.37 | epoch: 1 | eta: 6.1m
step 01839/02205 (83.40%) [ns3_ftrl_eta0p1] | loss: 3.140404 | lrm: 0.33 | dt: 897.18ms | tok/s: 584,372 | mfu: 33.35 | epoch: 1 | eta: 6.0m
step 01840/02205 (83.45%) [ns3_ftrl_eta0p1] | loss: 3.133138 | lrm: 0.33 | dt: 900.87ms | tok/s: 581,980 | mfu: 33.22 | epoch: 1 | eta: 6.0m
step 01841/02205 (83.49%) [ns3_ftrl_eta0p1] | loss: 3.128085 | lrm: 0.33 | dt: 911.82ms | tok/s: 574,992 | mfu: 32.82 | epoch: 1 | eta: 6.0m
step 01842/02205 (83.54%) [ns3_ftrl_eta0p1] | loss: 3.125548 | lrm: 0.33 | dt: 906.84ms | tok/s: 578,148 | mfu: 33.00 | epoch: 1 | eta: 6.0m
step 01843/02205 (83.58%) [ns3_ftrl_eta0p1] | loss: 3.138424 | lrm: 0.33 | dt: 892.49ms | tok/s: 587,445 | mfu: 33.53 | epoch: 1 | eta: 6.0m
step 01844/02205 (83.63%) [ns3_ftrl_eta0p1] | loss: 3.137324 | lrm: 0.33 | dt: 896.87ms | tok/s: 584,575 | mfu: 33.36 | epoch: 1 | eta: 6.0m
step 01845/02205 (83.67%) [ns3_ftrl_eta0p1] | loss: 3.129308 | lrm: 0.33 | dt: 915.77ms | tok/s: 572,508 | mfu: 32.68 | epoch: 1 | eta: 5.9m
step 01846/02205 (83.72%) [ns3_ftrl_eta0p1] | loss: 3.130643 | lrm: 0.33 | dt: 894.15ms | tok/s: 586,350 | mfu: 33.47 | epoch: 1 | eta: 5.9m
step 01847/02205 (83.76%) [ns3_ftrl_eta0p1] | loss: 3.125505 | lrm: 0.32 | dt: 898.59ms | tok/s: 583,453 | mfu: 33.30 | epoch: 1 | eta: 5.9m
step 01848/02205 (83.81%) [ns3_ftrl_eta0p1] | loss: 3.128470 | lrm: 0.32 | dt: 899.98ms | tok/s: 582,552 | mfu: 33.25 | epoch: 1 | eta: 5.9m
step 01849/02205 (83.85%) [ns3_ftrl_eta0p1] | loss: 3.133999 | lrm: 0.32 | dt: 902.31ms | tok/s: 581,052 | mfu: 33.16 | epoch: 1 | eta: 5.9m
step 01850/02205 (83.90%) [ns3_ftrl_eta0p1] | loss: 3.123862 | lrm: 0.32 | dt: 899.97ms | tok/s: 582,560 | mfu: 33.25 | epoch: 1 | eta: 5.9m
step 01851/02205 (83.95%) [ns3_ftrl_eta0p1] | loss: 3.129347 | lrm: 0.32 | dt: 896.76ms | tok/s: 584,650 | mfu: 33.37 | epoch: 1 | eta: 5.8m
step 01852/02205 (83.99%) [ns3_ftrl_eta0p1] | loss: 3.129561 | lrm: 0.32 | dt: 898.75ms | tok/s: 583,354 | mfu: 33.30 | epoch: 1 | eta: 5.8m
step 01853/02205 (84.04%) [ns3_ftrl_eta0p1] | loss: 3.129007 | lrm: 0.32 | dt: 902.83ms | tok/s: 580,715 | mfu: 33.14 | epoch: 1 | eta: 5.8m
step 01854/02205 (84.08%) [ns3_ftrl_eta0p1] | loss: 3.126305 | lrm: 0.32 | dt: 899.34ms | tok/s: 582,967 | mfu: 33.27 | epoch: 1 | eta: 5.8m
step 01855/02205 (84.13%) [ns3_ftrl_eta0p1] | loss: 3.131988 | lrm: 0.32 | dt: 900.54ms | tok/s: 582,191 | mfu: 33.23 | epoch: 1 | eta: 5.8m
step 01856/02205 (84.17%) [ns3_ftrl_eta0p1] | loss: 3.135486 | lrm: 0.32 | dt: 897.74ms | tok/s: 584,010 | mfu: 33.33 | epoch: 1 | eta: 5.8m
step 01857/02205 (84.22%) [ns3_ftrl_eta0p1] | loss: 3.142017 | lrm: 0.32 | dt: 895.63ms | tok/s: 585,381 | mfu: 33.41 | epoch: 1 | eta: 5.7m
step 01858/02205 (84.26%) [ns3_ftrl_eta0p1] | loss: 3.140368 | lrm: 0.31 | dt: 900.29ms | tok/s: 582,352 | mfu: 33.24 | epoch: 1 | eta: 5.7m
step 01859/02205 (84.31%) [ns3_ftrl_eta0p1] | loss: 3.138955 | lrm: 0.31 | dt: 900.54ms | tok/s: 582,190 | mfu: 33.23 | epoch: 1 | eta: 5.7m
step 01860/02205 (84.35%) [ns3_ftrl_eta0p1] | loss: 3.130569 | lrm: 0.31 | dt: 900.52ms | tok/s: 582,205 | mfu: 33.23 | epoch: 1 | eta: 5.7m
step 01861/02205 (84.40%) [ns3_ftrl_eta0p1] | loss: 3.113621 | lrm: 0.31 | dt: 900.80ms | tok/s: 582,027 | mfu: 33.22 | epoch: 1 | eta: 5.7m
step 01862/02205 (84.44%) [ns3_ftrl_eta0p1] | loss: 3.114540 | lrm: 0.31 | dt: 906.31ms | tok/s: 578,488 | mfu: 33.02 | epoch: 1 | eta: 5.7m
step 01863/02205 (84.49%) [ns3_ftrl_eta0p1] | loss: 3.121584 | lrm: 0.31 | dt: 900.15ms | tok/s: 582,446 | mfu: 33.24 | epoch: 1 | eta: 5.6m
step 01864/02205 (84.54%) [ns3_ftrl_eta0p1] | loss: 3.120835 | lrm: 0.31 | dt: 903.22ms | tok/s: 580,467 | mfu: 33.13 | epoch: 1 | eta: 5.6m
step 01865/02205 (84.58%) [ns3_ftrl_eta0p1] | loss: 3.120389 | lrm: 0.31 | dt: 900.01ms | tok/s: 582,533 | mfu: 33.25 | epoch: 1 | eta: 5.6m
step 01866/02205 (84.63%) [ns3_ftrl_eta0p1] | loss: 3.130612 | lrm: 0.31 | dt: 902.45ms | tok/s: 580,960 | mfu: 33.16 | epoch: 1 | eta: 5.6m
step 01867/02205 (84.67%) [ns3_ftrl_eta0p1] | loss: 3.129011 | lrm: 0.31 | dt: 903.43ms | tok/s: 580,330 | mfu: 33.12 | epoch: 1 | eta: 5.6m
step 01868/02205 (84.72%) [ns3_ftrl_eta0p1] | loss: 3.137649 | lrm: 0.31 | dt: 894.82ms | tok/s: 585,912 | mfu: 33.44 | epoch: 1 | eta: 5.6m
step 01869/02205 (84.76%) [ns3_ftrl_eta0p1] | loss: 3.134172 | lrm: 0.30 | dt: 898.33ms | tok/s: 583,623 | mfu: 33.31 | epoch: 1 | eta: 5.5m
step 01870/02205 (84.81%) [ns3_ftrl_eta0p1] | loss: 3.129211 | lrm: 0.30 | dt: 904.43ms | tok/s: 579,685 | mfu: 33.09 | epoch: 1 | eta: 5.5m
step 01871/02205 (84.85%) [ns3_ftrl_eta0p1] | loss: 3.126107 | lrm: 0.30 | dt: 902.05ms | tok/s: 581,217 | mfu: 33.17 | epoch: 1 | eta: 5.5m
step 01872/02205 (84.90%) [ns3_ftrl_eta0p1] | loss: 3.118786 | lrm: 0.30 | dt: 900.51ms | tok/s: 582,214 | mfu: 33.23 | epoch: 1 | eta: 5.5m
step 01873/02205 (84.94%) [ns3_ftrl_eta0p1] | loss: 3.130029 | lrm: 0.30 | dt: 909.08ms | tok/s: 576,726 | mfu: 32.92 | epoch: 1 | eta: 5.5m
step 01874/02205 (84.99%) [ns3_ftrl_eta0p1] | loss: 3.131116 | lrm: 0.30 | dt: 900.09ms | tok/s: 582,482 | mfu: 33.25 | epoch: 1 | eta: 5.5m
step 01875/02205 (85.03%) [ns3_ftrl_eta0p1] | loss: 3.129002 | lrm: 0.30 | dt: 900.57ms | tok/s: 582,173 | mfu: 33.23 | epoch: 1 | eta: 5.4m
step 01876/02205 (85.08%) [ns3_ftrl_eta0p1] | loss: 3.130189 | lrm: 0.30 | dt: 900.15ms | tok/s: 582,446 | mfu: 33.24 | epoch: 1 | eta: 5.4m
step 01877/02205 (85.12%) [ns3_ftrl_eta0p1] | loss: 3.134102 | lrm: 0.30 | dt: 920.78ms | tok/s: 569,395 | mfu: 32.50 | epoch: 1 | eta: 5.4m
step 01878/02205 (85.17%) [ns3_ftrl_eta0p1] | loss: 3.128288 | lrm: 0.30 | dt: 890.52ms | tok/s: 588,746 | mfu: 33.60 | epoch: 1 | eta: 5.4m
step 01879/02205 (85.22%) [ns3_ftrl_eta0p1] | loss: 3.121624 | lrm: 0.30 | dt: 901.50ms | tok/s: 581,574 | mfu: 33.19 | epoch: 1 | eta: 5.4m
step 01880/02205 (85.26%) [ns3_ftrl_eta0p1] | loss: 3.125507 | lrm: 0.29 | dt: 901.49ms | tok/s: 581,581 | mfu: 33.19 | epoch: 1 | eta: 5.4m
step 01881/02205 (85.31%) [ns3_ftrl_eta0p1] | loss: 3.115105 | lrm: 0.29 | dt: 900.36ms | tok/s: 582,312 | mfu: 33.24 | epoch: 1 | eta: 5.3m
step 01882/02205 (85.35%) [ns3_ftrl_eta0p1] | loss: 3.123832 | lrm: 0.29 | dt: 902.21ms | tok/s: 581,114 | mfu: 33.17 | epoch: 1 | eta: 5.3m
step 01883/02205 (85.40%) [ns3_ftrl_eta0p1] | loss: 3.127487 | lrm: 0.29 | dt: 899.53ms | tok/s: 582,845 | mfu: 33.27 | epoch: 1 | eta: 5.3m
step 01884/02205 (85.44%) [ns3_ftrl_eta0p1] | loss: 3.131529 | lrm: 0.29 | dt: 902.55ms | tok/s: 580,898 | mfu: 33.16 | epoch: 1 | eta: 5.3m
step 01885/02205 (85.49%) [ns3_ftrl_eta0p1] | loss: 3.134284 | lrm: 0.29 | dt: 898.74ms | tok/s: 583,357 | mfu: 33.30 | epoch: 1 | eta: 5.3m
step 01886/02205 (85.53%) [ns3_ftrl_eta0p1] | loss: 3.139363 | lrm: 0.29 | dt: 903.76ms | tok/s: 580,120 | mfu: 33.11 | epoch: 1 | eta: 5.3m
step 01887/02205 (85.58%) [ns3_ftrl_eta0p1] | loss: 3.146278 | lrm: 0.29 | dt: 899.01ms | tok/s: 583,184 | mfu: 33.29 | epoch: 1 | eta: 5.2m
step 01888/02205 (85.62%) [ns3_ftrl_eta0p1] | loss: 3.142456 | lrm: 0.29 | dt: 897.18ms | tok/s: 584,376 | mfu: 33.35 | epoch: 1 | eta: 5.2m
step 01889/02205 (85.67%) [ns3_ftrl_eta0p1] | loss: 3.130395 | lrm: 0.29 | dt: 900.60ms | tok/s: 582,151 | mfu: 33.23 | epoch: 1 | eta: 5.2m
step 01890/02205 (85.71%) [ns3_ftrl_eta0p1] | loss: 3.138645 | lrm: 0.29 | dt: 898.54ms | tok/s: 583,488 | mfu: 33.30 | epoch: 1 | eta: 5.2m
step 01891/02205 (85.76%) [ns3_ftrl_eta0p1] | loss: 3.139997 | lrm: 0.28 | dt: 895.06ms | tok/s: 585,755 | mfu: 33.43 | epoch: 1 | eta: 5.2m
step 01892/02205 (85.80%) [ns3_ftrl_eta0p1] | loss: 3.133156 | lrm: 0.28 | dt: 899.15ms | tok/s: 583,090 | mfu: 33.28 | epoch: 1 | eta: 5.2m
step 01893/02205 (85.85%) [ns3_ftrl_eta0p1] | loss: 3.127651 | lrm: 0.28 | dt: 903.41ms | tok/s: 580,343 | mfu: 33.12 | epoch: 1 | eta: 5.1m
step 01894/02205 (85.90%) [ns3_ftrl_eta0p1] | loss: 3.124799 | lrm: 0.28 | dt: 902.03ms | tok/s: 581,231 | mfu: 33.17 | epoch: 1 | eta: 5.1m
step 01895/02205 (85.94%) [ns3_ftrl_eta0p1] | loss: 3.119560 | lrm: 0.28 | dt: 896.81ms | tok/s: 584,614 | mfu: 33.37 | epoch: 1 | eta: 5.1m
step 01896/02205 (85.99%) [ns3_ftrl_eta0p1] | loss: 3.116343 | lrm: 0.28 | dt: 899.77ms | tok/s: 582,690 | mfu: 33.26 | epoch: 1 | eta: 5.1m
step 01897/02205 (86.03%) [ns3_ftrl_eta0p1] | loss: 3.125565 | lrm: 0.28 | dt: 903.04ms | tok/s: 580,578 | mfu: 33.14 | epoch: 1 | eta: 5.1m
step 01898/02205 (86.08%) [ns3_ftrl_eta0p1] | loss: 3.121889 | lrm: 0.28 | dt: 903.35ms | tok/s: 580,383 | mfu: 33.13 | epoch: 1 | eta: 5.1m
step 01899/02205 (86.12%) [ns3_ftrl_eta0p1] | loss: 3.123501 | lrm: 0.28 | dt: 897.19ms | tok/s: 584,368 | mfu: 33.35 | epoch: 1 | eta: 5.0m
step 01900/02205 (86.17%) [ns3_ftrl_eta0p1] | loss: 3.116049 | lrm: 0.28 | dt: 900.32ms | tok/s: 582,333 | mfu: 33.24 | epoch: 1 | eta: 5.0m
step 01901/02205 (86.21%) [ns3_ftrl_eta0p1] | loss: 3.129185 | lrm: 0.28 | dt: 901.34ms | tok/s: 581,676 | mfu: 33.20 | epoch: 1 | eta: 5.0m
step 01902/02205 (86.26%) [ns3_ftrl_eta0p1] | loss: 3.122411 | lrm: 0.27 | dt: 896.61ms | tok/s: 584,746 | mfu: 33.37 | epoch: 1 | eta: 5.0m
step 01903/02205 (86.30%) [ns3_ftrl_eta0p1] | loss: 3.108199 | lrm: 0.27 | dt: 899.88ms | tok/s: 582,622 | mfu: 33.25 | epoch: 1 | eta: 5.0m
step 01904/02205 (86.35%) [ns3_ftrl_eta0p1] | loss: 3.112777 | lrm: 0.27 | dt: 891.44ms | tok/s: 588,136 | mfu: 33.57 | epoch: 1 | eta: 5.0m
step 01905/02205 (86.39%) [ns3_ftrl_eta0p1] | loss: 3.116598 | lrm: 0.27 | dt: 900.54ms | tok/s: 582,195 | mfu: 33.23 | epoch: 1 | eta: 4.9m
step 01906/02205 (86.44%) [ns3_ftrl_eta0p1] | loss: 3.122396 | lrm: 0.27 | dt: 900.90ms | tok/s: 581,958 | mfu: 33.22 | epoch: 1 | eta: 4.9m
step 01907/02205 (86.49%) [ns3_ftrl_eta0p1] | loss: 3.122222 | lrm: 0.27 | dt: 898.39ms | tok/s: 583,587 | mfu: 33.31 | epoch: 1 | eta: 4.9m
step 01908/02205 (86.53%) [ns3_ftrl_eta0p1] | loss: 3.139981 | lrm: 0.27 | dt: 899.08ms | tok/s: 583,136 | mfu: 33.28 | epoch: 1 | eta: 4.9m
step 01909/02205 (86.58%) [ns3_ftrl_eta0p1] | loss: 3.137463 | lrm: 0.27 | dt: 900.16ms | tok/s: 582,440 | mfu: 33.24 | epoch: 1 | eta: 4.9m
step 01910/02205 (86.62%) [ns3_ftrl_eta0p1] | loss: 3.144456 | lrm: 0.27 | dt: 896.32ms | tok/s: 584,934 | mfu: 33.39 | epoch: 1 | eta: 4.9m
step 01911/02205 (86.67%) [ns3_ftrl_eta0p1] | loss: 3.125975 | lrm: 0.27 | dt: 903.93ms | tok/s: 580,006 | mfu: 33.10 | epoch: 1 | eta: 4.8m
step 01912/02205 (86.71%) [ns3_ftrl_eta0p1] | loss: 3.130927 | lrm: 0.27 | dt: 897.31ms | tok/s: 584,286 | mfu: 33.35 | epoch: 1 | eta: 4.8m
step 01913/02205 (86.76%) [ns3_ftrl_eta0p1] | loss: 3.132899 | lrm: 0.26 | dt: 904.52ms | tok/s: 579,631 | mfu: 33.08 | epoch: 1 | eta: 4.8m
step 01914/02205 (86.80%) [ns3_ftrl_eta0p1] | loss: 3.137236 | lrm: 0.26 | dt: 900.59ms | tok/s: 582,159 | mfu: 33.23 | epoch: 1 | eta: 4.8m
step 01915/02205 (86.85%) [ns3_ftrl_eta0p1] | loss: 3.144129 | lrm: 0.26 | dt: 900.33ms | tok/s: 582,325 | mfu: 33.24 | epoch: 1 | eta: 4.8m
step 01916/02205 (86.89%) [ns3_ftrl_eta0p1] | loss: 3.138834 | lrm: 0.26 | dt: 895.10ms | tok/s: 585,730 | mfu: 33.43 | epoch: 1 | eta: 4.8m
step 01917/02205 (86.94%) [ns3_ftrl_eta0p1] | loss: 3.142665 | lrm: 0.26 | dt: 900.77ms | tok/s: 582,045 | mfu: 33.22 | epoch: 1 | eta: 4.7m
step 01918/02205 (86.98%) [ns3_ftrl_eta0p1] | loss: 3.143453 | lrm: 0.26 | dt: 894.80ms | tok/s: 585,930 | mfu: 33.44 | epoch: 1 | eta: 4.7m
step 01919/02205 (87.03%) [ns3_ftrl_eta0p1] | loss: 3.143072 | lrm: 0.26 | dt: 897.28ms | tok/s: 584,305 | mfu: 33.35 | epoch: 1 | eta: 4.7m
step 01920/02205 (87.07%) [ns3_ftrl_eta0p1] | loss: 3.134078 | lrm: 0.26 | dt: 899.31ms | tok/s: 582,990 | mfu: 33.27 | epoch: 1 | eta: 4.7m
step 01921/02205 (87.12%) [ns3_ftrl_eta0p1] | loss: 3.127648 | lrm: 0.26 | dt: 903.51ms | tok/s: 580,279 | mfu: 33.12 | epoch: 1 | eta: 4.7m
step 01922/02205 (87.17%) [ns3_ftrl_eta0p1] | loss: 3.124156 | lrm: 0.26 | dt: 899.36ms | tok/s: 582,956 | mfu: 33.27 | epoch: 1 | eta: 4.7m
step 01923/02205 (87.21%) [ns3_ftrl_eta0p1] | loss: 3.126282 | lrm: 0.26 | dt: 899.31ms | tok/s: 582,992 | mfu: 33.27 | epoch: 1 | eta: 4.6m
step 01924/02205 (87.26%) [ns3_ftrl_eta0p1] | loss: 3.128182 | lrm: 0.25 | dt: 901.12ms | tok/s: 581,820 | mfu: 33.21 | epoch: 1 | eta: 4.6m
step 01925/02205 (87.30%) [ns3_ftrl_eta0p1] | loss: 3.130010 | lrm: 0.25 | dt: 896.76ms | tok/s: 584,648 | mfu: 33.37 | epoch: 1 | eta: 4.6m
step 01926/02205 (87.35%) [ns3_ftrl_eta0p1] | loss: 3.134410 | lrm: 0.25 | dt: 904.77ms | tok/s: 579,472 | mfu: 33.07 | epoch: 1 | eta: 4.6m
step 01927/02205 (87.39%) [ns3_ftrl_eta0p1] | loss: 3.145266 | lrm: 0.25 | dt: 896.82ms | tok/s: 584,606 | mfu: 33.37 | epoch: 1 | eta: 4.6m
step 01928/02205 (87.44%) [ns3_ftrl_eta0p1] | loss: 3.140088 | lrm: 0.25 | dt: 897.78ms | tok/s: 583,980 | mfu: 33.33 | epoch: 1 | eta: 4.6m
step 01929/02205 (87.48%) [ns3_ftrl_eta0p1] | loss: 3.138129 | lrm: 0.25 | dt: 900.64ms | tok/s: 582,130 | mfu: 33.23 | epoch: 1 | eta: 4.5m
step 01930/02205 (87.53%) [ns3_ftrl_eta0p1] | loss: 3.141656 | lrm: 0.25 | dt: 897.94ms | tok/s: 583,877 | mfu: 33.33 | epoch: 1 | eta: 4.5m
step 01931/02205 (87.57%) [ns3_ftrl_eta0p1] | loss: 3.147103 | lrm: 0.25 | dt: 898.70ms | tok/s: 583,381 | mfu: 33.30 | epoch: 1 | eta: 4.5m
step 01932/02205 (87.62%) [ns3_ftrl_eta0p1] | loss: 3.142338 | lrm: 0.25 | dt: 899.33ms | tok/s: 582,977 | mfu: 33.27 | epoch: 1 | eta: 4.5m
step 01933/02205 (87.66%) [ns3_ftrl_eta0p1] | loss: 3.128436 | lrm: 0.25 | dt: 896.23ms | tok/s: 584,994 | mfu: 33.39 | epoch: 1 | eta: 4.5m
step 01934/02205 (87.71%) [ns3_ftrl_eta0p1] | loss: 3.117558 | lrm: 0.25 | dt: 896.17ms | tok/s: 585,030 | mfu: 33.39 | epoch: 1 | eta: 4.5m
step 01935/02205 (87.76%) [ns3_ftrl_eta0p1] | loss: 3.110887 | lrm: 0.25 | dt: 900.22ms | tok/s: 582,400 | mfu: 33.24 | epoch: 1 | eta: 4.4m
step 01936/02205 (87.80%) [ns3_ftrl_eta0p1] | loss: 3.115898 | lrm: 0.24 | dt: 901.46ms | tok/s: 581,598 | mfu: 33.20 | epoch: 1 | eta: 4.4m
step 01937/02205 (87.85%) [ns3_ftrl_eta0p1] | loss: 3.116803 | lrm: 0.24 | dt: 900.60ms | tok/s: 582,151 | mfu: 33.23 | epoch: 1 | eta: 4.4m
step 01938/02205 (87.89%) [ns3_ftrl_eta0p1] | loss: 3.107760 | lrm: 0.24 | dt: 901.59ms | tok/s: 581,512 | mfu: 33.19 | epoch: 1 | eta: 4.4m
step 01939/02205 (87.94%) [ns3_ftrl_eta0p1] | loss: 3.101408 | lrm: 0.24 | dt: 906.40ms | tok/s: 578,426 | mfu: 33.01 | epoch: 1 | eta: 4.4m
step 01940/02205 (87.98%) [ns3_ftrl_eta0p1] | loss: 3.106739 | lrm: 0.24 | dt: 899.02ms | tok/s: 583,175 | mfu: 33.29 | epoch: 1 | eta: 4.4m
step 01941/02205 (88.03%) [ns3_ftrl_eta0p1] | loss: 3.102160 | lrm: 0.24 | dt: 899.81ms | tok/s: 582,664 | mfu: 33.26 | epoch: 1 | eta: 4.3m
step 01942/02205 (88.07%) [ns3_ftrl_eta0p1] | loss: 3.107816 | lrm: 0.24 | dt: 897.60ms | tok/s: 584,097 | mfu: 33.34 | epoch: 1 | eta: 4.3m
step 01943/02205 (88.12%) [ns3_ftrl_eta0p1] | loss: 3.114652 | lrm: 0.24 | dt: 901.76ms | tok/s: 581,404 | mfu: 33.18 | epoch: 1 | eta: 4.3m
step 01944/02205 (88.16%) [ns3_ftrl_eta0p1] | loss: 3.113120 | lrm: 0.24 | dt: 899.81ms | tok/s: 582,665 | mfu: 33.26 | epoch: 1 | eta: 4.3m
step 01945/02205 (88.21%) [ns3_ftrl_eta0p1] | loss: 3.112199 | lrm: 0.24 | dt: 897.57ms | tok/s: 584,117 | mfu: 33.34 | epoch: 1 | eta: 4.3m
step 01946/02205 (88.25%) [ns3_ftrl_eta0p1] | loss: 3.117251 | lrm: 0.24 | dt: 898.29ms | tok/s: 583,654 | mfu: 33.31 | epoch: 1 | eta: 4.3m
step 01947/02205 (88.30%) [ns3_ftrl_eta0p1] | loss: 3.111320 | lrm: 0.23 | dt: 911.42ms | tok/s: 575,240 | mfu: 32.83 | epoch: 1 | eta: 4.2m
step 01948/02205 (88.34%) [ns3_ftrl_eta0p1] | loss: 3.106395 | lrm: 0.23 | dt: 910.24ms | tok/s: 575,990 | mfu: 32.87 | epoch: 1 | eta: 4.2m
step 01949/02205 (88.39%) [ns3_ftrl_eta0p1] | loss: 3.105319 | lrm: 0.23 | dt: 887.87ms | tok/s: 590,503 | mfu: 33.70 | epoch: 1 | eta: 4.2m
step 01950/02205 (88.44%) [ns3_ftrl_eta0p1] | loss: 3.111056 | lrm: 0.23 | dt: 903.22ms | tok/s: 580,467 | mfu: 33.13 | epoch: 1 | eta: 4.2m
step 01951/02205 (88.48%) [ns3_ftrl_eta0p1] | loss: 3.119131 | lrm: 0.23 | dt: 900.30ms | tok/s: 582,348 | mfu: 33.24 | epoch: 1 | eta: 4.2m
step 01952/02205 (88.53%) [ns3_ftrl_eta0p1] | loss: 3.109157 | lrm: 0.23 | dt: 905.65ms | tok/s: 578,908 | mfu: 33.04 | epoch: 1 | eta: 4.2m
step 01953/02205 (88.57%) [ns3_ftrl_eta0p1] | loss: 3.106829 | lrm: 0.23 | dt: 908.96ms | tok/s: 576,800 | mfu: 32.92 | epoch: 1 | eta: 4.1m
step 01954/02205 (88.62%) [ns3_ftrl_eta0p1] | loss: 3.109570 | lrm: 0.23 | dt: 901.61ms | tok/s: 581,500 | mfu: 33.19 | epoch: 1 | eta: 4.1m
step 01955/02205 (88.66%) [ns3_ftrl_eta0p1] | loss: 3.113394 | lrm: 0.23 | dt: 894.82ms | tok/s: 585,917 | mfu: 33.44 | epoch: 1 | eta: 4.1m
step 01956/02205 (88.71%) [ns3_ftrl_eta0p1] | loss: 3.120879 | lrm: 0.23 | dt: 899.03ms | tok/s: 583,169 | mfu: 33.28 | epoch: 1 | eta: 4.1m
step 01957/02205 (88.75%) [ns3_ftrl_eta0p1] | loss: 3.129406 | lrm: 0.23 | dt: 913.73ms | tok/s: 573,789 | mfu: 32.75 | epoch: 1 | eta: 4.1m
step 01958/02205 (88.80%) [ns3_ftrl_eta0p1] | loss: 3.131482 | lrm: 0.22 | dt: 894.47ms | tok/s: 586,143 | mfu: 33.45 | epoch: 1 | eta: 4.1m
step 01959/02205 (88.84%) [ns3_ftrl_eta0p1] | loss: 3.126702 | lrm: 0.22 | dt: 907.74ms | tok/s: 577,575 | mfu: 32.97 | epoch: 1 | eta: 4.0m
step 01960/02205 (88.89%) [ns3_ftrl_eta0p1] | loss: 3.124825 | lrm: 0.22 | dt: 894.29ms | tok/s: 586,262 | mfu: 33.46 | epoch: 1 | eta: 4.0m
step 01961/02205 (88.93%) [ns3_ftrl_eta0p1] | loss: 3.111118 | lrm: 0.22 | dt: 906.78ms | tok/s: 578,186 | mfu: 33.00 | epoch: 1 | eta: 4.0m
step 01962/02205 (88.98%) [ns3_ftrl_eta0p1] | loss: 3.113879 | lrm: 0.22 | dt: 919.29ms | tok/s: 570,319 | mfu: 32.55 | epoch: 1 | eta: 4.0m
step 01963/02205 (89.02%) [ns3_ftrl_eta0p1] | loss: 3.116394 | lrm: 0.22 | dt: 891.73ms | tok/s: 587,942 | mfu: 33.56 | epoch: 1 | eta: 4.0m
step 01964/02205 (89.07%) [ns3_ftrl_eta0p1] | loss: 3.115020 | lrm: 0.22 | dt: 916.71ms | tok/s: 571,925 | mfu: 32.64 | epoch: 1 | eta: 4.0m
step 01965/02205 (89.12%) [ns3_ftrl_eta0p1] | loss: 3.120944 | lrm: 0.22 | dt: 888.68ms | tok/s: 589,961 | mfu: 33.67 | epoch: 1 | eta: 3.9m
step 01966/02205 (89.16%) [ns3_ftrl_eta0p1] | loss: 3.114111 | lrm: 0.22 | dt: 900.97ms | tok/s: 581,915 | mfu: 33.21 | epoch: 1 | eta: 3.9m
step 01967/02205 (89.21%) [ns3_ftrl_eta0p1] | loss: 3.107642 | lrm: 0.22 | dt: 918.70ms | tok/s: 570,683 | mfu: 32.57 | epoch: 1 | eta: 3.9m
step 01968/02205 (89.25%) [ns3_ftrl_eta0p1] | loss: 3.098891 | lrm: 0.22 | dt: 904.15ms | tok/s: 579,869 | mfu: 33.10 | epoch: 1 | eta: 3.9m
step 01969/02205 (89.30%) [ns3_ftrl_eta0p1] | loss: 3.091585 | lrm: 0.21 | dt: 889.68ms | tok/s: 589,299 | mfu: 33.63 | epoch: 1 | eta: 3.9m
step 01970/02205 (89.34%) [ns3_ftrl_eta0p1] | loss: 3.093308 | lrm: 0.21 | dt: 899.00ms | tok/s: 583,189 | mfu: 33.29 | epoch: 1 | eta: 3.9m
step 01971/02205 (89.39%) [ns3_ftrl_eta0p1] | loss: 3.090731 | lrm: 0.21 | dt: 901.85ms | tok/s: 581,344 | mfu: 33.18 | epoch: 1 | eta: 3.8m
step 01972/02205 (89.43%) [ns3_ftrl_eta0p1] | loss: 3.088487 | lrm: 0.21 | dt: 895.35ms | tok/s: 585,569 | mfu: 33.42 | epoch: 1 | eta: 3.8m
step 01973/02205 (89.48%) [ns3_ftrl_eta0p1] | loss: 3.085820 | lrm: 0.21 | dt: 919.01ms | tok/s: 570,492 | mfu: 32.56 | epoch: 1 | eta: 3.8m
step 01974/02205 (89.52%) [ns3_ftrl_eta0p1] | loss: 3.091866 | lrm: 0.21 | dt: 892.20ms | tok/s: 587,633 | mfu: 33.54 | epoch: 1 | eta: 3.8m
step 01975/02205 (89.57%) [ns3_ftrl_eta0p1] | loss: 3.090824 | lrm: 0.21 | dt: 901.13ms | tok/s: 581,810 | mfu: 33.21 | epoch: 1 | eta: 3.8m
step 01976/02205 (89.61%) [ns3_ftrl_eta0p1] | loss: 3.089948 | lrm: 0.21 | dt: 910.94ms | tok/s: 575,548 | mfu: 32.85 | epoch: 1 | eta: 3.8m
step 01977/02205 (89.66%) [ns3_ftrl_eta0p1] | loss: 3.094053 | lrm: 0.21 | dt: 894.63ms | tok/s: 586,038 | mfu: 33.45 | epoch: 1 | eta: 3.7m
step 01978/02205 (89.71%) [ns3_ftrl_eta0p1] | loss: 3.105197 | lrm: 0.21 | dt: 893.00ms | tok/s: 587,106 | mfu: 33.51 | epoch: 1 | eta: 3.7m
step 01979/02205 (89.75%) [ns3_ftrl_eta0p1] | loss: 3.106788 | lrm: 0.21 | dt: 915.70ms | tok/s: 572,557 | mfu: 32.68 | epoch: 1 | eta: 3.7m
step 01980/02205 (89.80%) [ns3_ftrl_eta0p1] | loss: 3.098803 | lrm: 0.20 | dt: 891.57ms | tok/s: 588,050 | mfu: 33.56 | epoch: 1 | eta: 3.7m
step 01981/02205 (89.84%) [ns3_ftrl_eta0p1] | loss: 3.093878 | lrm: 0.20 | dt: 918.02ms | tok/s: 571,108 | mfu: 32.60 | epoch: 1 | eta: 3.7m
step 01982/02205 (89.89%) [ns3_ftrl_eta0p1] | loss: 3.088042 | lrm: 0.20 | dt: 911.48ms | tok/s: 575,203 | mfu: 32.83 | epoch: 1 | eta: 3.7m
step 01983/02205 (89.93%) [ns3_ftrl_eta0p1] | loss: 3.090258 | lrm: 0.20 | dt: 896.06ms | tok/s: 585,103 | mfu: 33.40 | epoch: 1 | eta: 3.6m
step 01984/02205 (89.98%) [ns3_ftrl_eta0p1] | loss: 3.093680 | lrm: 0.20 | dt: 912.06ms | tok/s: 574,841 | mfu: 32.81 | epoch: 1 | eta: 3.6m
step 01985/02205 (90.02%) [ns3_ftrl_eta0p1] | loss: 3.095468 | lrm: 0.20 | dt: 895.14ms | tok/s: 585,703 | mfu: 33.43 | epoch: 1 | eta: 3.6m
step 01986/02205 (90.07%) [ns3_ftrl_eta0p1] | loss: 3.097015 | lrm: 0.20 | dt: 906.34ms | tok/s: 578,465 | mfu: 33.02 | epoch: 1 | eta: 3.6m
step 01987/02205 (90.11%) [ns3_ftrl_eta0p1] | loss: 3.104010 | lrm: 0.20 | dt: 916.38ms | tok/s: 572,127 | mfu: 32.65 | epoch: 1 | eta: 3.6m
step 01988/02205 (90.16%) [ns3_ftrl_eta0p1] | loss: 3.104955 | lrm: 0.20 | dt: 893.45ms | tok/s: 586,812 | mfu: 33.49 | epoch: 1 | eta: 3.6m
step 01989/02205 (90.20%) [ns3_ftrl_eta0p1] | loss: 3.108976 | lrm: 0.20 | dt: 893.68ms | tok/s: 586,661 | mfu: 33.48 | epoch: 1 | eta: 3.5m
step 01990/02205 (90.25%) [ns3_ftrl_eta0p1] | loss: 3.104147 | lrm: 0.20 | dt: 899.77ms | tok/s: 582,689 | mfu: 33.26 | epoch: 1 | eta: 3.5m
step 01991/02205 (90.29%) [ns3_ftrl_eta0p1] | loss: 3.097316 | lrm: 0.19 | dt: 906.56ms | tok/s: 578,329 | mfu: 33.01 | epoch: 1 | eta: 3.5m
step 01992/02205 (90.34%) [ns3_ftrl_eta0p1] | loss: 3.093523 | lrm: 0.19 | dt: 890.95ms | tok/s: 588,457 | mfu: 33.59 | epoch: 1 | eta: 3.5m
step 01993/02205 (90.39%) [ns3_ftrl_eta0p1] | loss: 3.097231 | lrm: 0.19 | dt: 910.51ms | tok/s: 575,816 | mfu: 32.87 | epoch: 1 | eta: 3.5m
step 01994/02205 (90.43%) [ns3_ftrl_eta0p1] | loss: 3.094604 | lrm: 0.19 | dt: 891.75ms | tok/s: 587,928 | mfu: 33.56 | epoch: 1 | eta: 3.5m
step 01995/02205 (90.48%) [ns3_ftrl_eta0p1] | loss: 3.093686 | lrm: 0.19 | dt: 899.86ms | tok/s: 582,633 | mfu: 33.25 | epoch: 1 | eta: 3.4m
step 01996/02205 (90.52%) [ns3_ftrl_eta0p1] | loss: 3.097216 | lrm: 0.19 | dt: 912.45ms | tok/s: 574,593 | mfu: 32.80 | epoch: 1 | eta: 3.4m
step 01997/02205 (90.57%) [ns3_ftrl_eta0p1] | loss: 3.093233 | lrm: 0.19 | dt: 892.93ms | tok/s: 587,152 | mfu: 33.51 | epoch: 1 | eta: 3.4m
step 01998/02205 (90.61%) [ns3_ftrl_eta0p1] | loss: 3.087675 | lrm: 0.19 | dt: 916.27ms | tok/s: 572,198 | mfu: 32.66 | epoch: 1 | eta: 3.4m
step 01999/02205 (90.66%) [ns3_ftrl_eta0p1] | loss: 3.084994 | lrm: 0.19 | dt: 885.24ms | tok/s: 592,257 | mfu: 33.80 | epoch: 1 | eta: 3.4m
Step 02000 | val bpb: 0.908384
Evaluating: hellaswag_zeroshot (0-shot, type: multiple_choice)... accuracy: 0.3340 | centered: 0.1120 | time: 2.87s
Evaluating: jeopardy (10-shot, type: language_modeling)... accuracy: 0.0180 | centered: 0.0180 | time: 2.61s
Evaluating: bigbench_qa_wikidata (10-shot, type: language_modeling)... accuracy: 0.3420 | centered: 0.3420 | time: 2.46s
Evaluating: arc_easy (10-shot, type: multiple_choice)... accuracy: 0.5420 | centered: 0.3893 | time: 3.30s
Evaluating: arc_challenge (10-shot, type: multiple_choice)... accuracy: 0.2600 | centered: 0.0133 | time: 3.11s
Evaluating: copa (0-shot, type: multiple_choice)... accuracy: 0.6300 | centered: 0.2600 | time: 0.49s
Evaluating: commonsense_qa (10-shot, type: multiple_choice)... accuracy: 0.2800 | centered: 0.1000 | time: 3.06s
Evaluating: piqa (10-shot, type: multiple_choice)... accuracy: 0.6260 | centered: 0.2520 | time: 3.10s
Evaluating: openbook_qa (0-shot, type: multiple_choice)... accuracy: 0.2980 | centered: 0.0640 | time: 2.31s
Evaluating: lambada_openai (0-shot, type: language_modeling)... accuracy: 0.3000 | centered: 0.3000 | time: 2.42s
Evaluating: hellaswag (10-shot, type: multiple_choice)... accuracy: 0.3360 | centered: 0.1147 | time: 4.09s
Evaluating: winograd (0-shot, type: schema)... accuracy: 0.6044 | centered: 0.2088 | time: 1.15s
Evaluating: winogrande (0-shot, type: schema)... accuracy: 0.5180 | centered: 0.0360 | time: 2.09s
Evaluating: bigbench_dyck_languages (10-shot, type: language_modeling)... accuracy: 0.1160 | centered: 0.1160 | time: 2.98s
Evaluating: agi_eval_lsat_ar (3-shot, type: multiple_choice)... accuracy: 0.2870 | centered: 0.1087 | time: 1.80s
Evaluating: bigbench_cs_algorithms (10-shot, type: language_modeling)... accuracy: 0.4400 | centered: 0.4400 | time: 2.66s
Evaluating: bigbench_operators (10-shot, type: language_modeling)... accuracy: 0.1095 | centered: 0.1095 | time: 1.13s
Evaluating: bigbench_repeat_copy_logic (10-shot, type: language_modeling)... accuracy: 0.0000 | centered: 0.0000 | time: 0.17s
Evaluating: squad (10-shot, type: language_modeling)... accuracy: 0.1120 | centered: 0.1120 | time: 3.77s
Evaluating: coqa (0-shot, type: language_modeling)... accuracy: 0.1160 | centered: 0.1160 | time: 2.70s
Evaluating: boolq (10-shot, type: multiple_choice)... accuracy: 0.5360 | centered: -0.2211 | time: 3.93s
Evaluating: bigbench_language_identification (10-shot, type: multiple_choice)... accuracy: 0.2640 | centered: 0.1903 | time: 5.31s
Step 02000 | CORE metric: 0.1446
<|bos|>The capital of France is the capital of the country of France. It is located in the heart of the
<|bos|>The chemical symbol of gold is the symbol of the gold standard. The symbol of gold is the symbol of the
<|bos|>If yesterday was Friday, then tomorrow will be Friday. If today was Saturday, then tomorrow will be Sunday. If today was
<|bos|>If 5*x + 3 = 13, then x is 5*x + 3 = 13. If x is 5
step 02000/02205 (90.70%) [ns3_ftrl_eta0p1] | loss: 3.091066 | lrm: 0.19 | dt: 868.85ms | tok/s: 603,430 | mfu: 34.44 | epoch: 1 | eta: 3.4m
step 02001/02205 (90.75%) [ns3_ftrl_eta0p1] | loss: 3.094921 | lrm: 0.19 | dt: 882.58ms | tok/s: 594,042 | mfu: 33.91 | epoch: 1 | eta: 3.3m
step 02002/02205 (90.79%) [ns3_ftrl_eta0p1] | loss: 3.098757 | lrm: 0.18 | dt: 876.34ms | tok/s: 598,273 | mfu: 34.15 | epoch: 1 | eta: 3.3m
step 02003/02205 (90.84%) [ns3_ftrl_eta0p1] | loss: 3.097625 | lrm: 0.18 | dt: 868.65ms | tok/s: 603,563 | mfu: 34.45 | epoch: 1 | eta: 3.3m
step 02004/02205 (90.88%) [ns3_ftrl_eta0p1] | loss: 3.098938 | lrm: 0.18 | dt: 872.23ms | tok/s: 601,090 | mfu: 34.31 | epoch: 1 | eta: 3.3m
step 02005/02205 (90.93%) [ns3_ftrl_eta0p1] | loss: 3.090703 | lrm: 0.18 | dt: 868.11ms | tok/s: 603,941 | mfu: 34.47 | epoch: 1 | eta: 3.3m
step 02006/02205 (90.98%) [ns3_ftrl_eta0p1] | loss: 3.088660 | lrm: 0.18 | dt: 895.18ms | tok/s: 585,680 | mfu: 33.43 | epoch: 1 | eta: 3.3m
step 02007/02205 (91.02%) [ns3_ftrl_eta0p1] | loss: 3.075840 | lrm: 0.18 | dt: 878.56ms | tok/s: 596,755 | mfu: 34.06 | epoch: 1 | eta: 3.2m
step 02008/02205 (91.07%) [ns3_ftrl_eta0p1] | loss: 3.078595 | lrm: 0.18 | dt: 879.22ms | tok/s: 596,313 | mfu: 34.03 | epoch: 1 | eta: 3.2m
step 02009/02205 (91.11%) [ns3_ftrl_eta0p1] | loss: 3.085198 | lrm: 0.18 | dt: 878.23ms | tok/s: 596,982 | mfu: 34.07 | epoch: 1 | eta: 3.2m
step 02010/02205 (91.16%) [ns3_ftrl_eta0p1] | loss: 3.087694 | lrm: 0.18 | dt: 875.12ms | tok/s: 599,102 | mfu: 34.19 | epoch: 1 | eta: 3.2m
step 02011/02205 (91.20%) [ns3_ftrl_eta0p1] | loss: 3.088020 | lrm: 0.18 | dt: 874.62ms | tok/s: 599,443 | mfu: 34.21 | epoch: 1 | eta: 3.2m
step 02012/02205 (91.25%) [ns3_ftrl_eta0p1] | loss: 3.091159 | lrm: 0.18 | dt: 870.11ms | tok/s: 602,554 | mfu: 34.39 | epoch: 1 | eta: 3.2m
step 02013/02205 (91.29%) [ns3_ftrl_eta0p1] | loss: 3.092948 | lrm: 0.17 | dt: 898.50ms | tok/s: 583,515 | mfu: 33.30 | epoch: 1 | eta: 3.1m
step 02014/02205 (91.34%) [ns3_ftrl_eta0p1] | loss: 3.090489 | lrm: 0.17 | dt: 885.94ms | tok/s: 591,784 | mfu: 33.78 | epoch: 1 | eta: 3.1m
step 02015/02205 (91.38%) [ns3_ftrl_eta0p1] | loss: 3.082129 | lrm: 0.17 | dt: 874.82ms | tok/s: 599,312 | mfu: 34.21 | epoch: 1 | eta: 3.1m
step 02016/02205 (91.43%) [ns3_ftrl_eta0p1] | loss: 3.091675 | lrm: 0.17 | dt: 873.02ms | tok/s: 600,542 | mfu: 34.28 | epoch: 1 | eta: 3.1m
step 02017/02205 (91.47%) [ns3_ftrl_eta0p1] | loss: 3.100289 | lrm: 0.17 | dt: 893.84ms | tok/s: 586,558 | mfu: 33.48 | epoch: 1 | eta: 3.1m
step 02018/02205 (91.52%) [ns3_ftrl_eta0p1] | loss: 3.093006 | lrm: 0.17 | dt: 892.31ms | tok/s: 587,561 | mfu: 33.54 | epoch: 1 | eta: 3.1m
step 02019/02205 (91.56%) [ns3_ftrl_eta0p1] | loss: 3.094156 | lrm: 0.17 | dt: 891.09ms | tok/s: 588,364 | mfu: 33.58 | epoch: 1 | eta: 3.0m
step 02020/02205 (91.61%) [ns3_ftrl_eta0p1] | loss: 3.095086 | lrm: 0.17 | dt: 877.12ms | tok/s: 597,739 | mfu: 34.12 | epoch: 1 | eta: 3.0m
step 02021/02205 (91.66%) [ns3_ftrl_eta0p1] | loss: 3.094282 | lrm: 0.17 | dt: 879.45ms | tok/s: 596,152 | mfu: 34.03 | epoch: 1 | eta: 3.0m
step 02022/02205 (91.70%) [ns3_ftrl_eta0p1] | loss: 3.095307 | lrm: 0.17 | dt: 879.19ms | tok/s: 596,333 | mfu: 34.04 | epoch: 1 | eta: 3.0m
step 02023/02205 (91.75%) [ns3_ftrl_eta0p1] | loss: 3.093679 | lrm: 0.17 | dt: 893.58ms | tok/s: 586,727 | mfu: 33.49 | epoch: 1 | eta: 3.0m
step 02024/02205 (91.79%) [ns3_ftrl_eta0p1] | loss: 3.092139 | lrm: 0.16 | dt: 889.43ms | tok/s: 589,466 | mfu: 33.64 | epoch: 1 | eta: 3.0m
step 02025/02205 (91.84%) [ns3_ftrl_eta0p1] | loss: 3.105734 | lrm: 0.16 | dt: 875.37ms | tok/s: 598,933 | mfu: 34.18 | epoch: 1 | eta: 2.9m
step 02026/02205 (91.88%) [ns3_ftrl_eta0p1] | loss: 3.109217 | lrm: 0.16 | dt: 888.97ms | tok/s: 589,769 | mfu: 33.66 | epoch: 1 | eta: 2.9m
step 02027/02205 (91.93%) [ns3_ftrl_eta0p1] | loss: 3.105806 | lrm: 0.16 | dt: 892.38ms | tok/s: 587,518 | mfu: 33.53 | epoch: 1 | eta: 2.9m
step 02028/02205 (91.97%) [ns3_ftrl_eta0p1] | loss: 3.094083 | lrm: 0.16 | dt: 895.22ms | tok/s: 585,654 | mfu: 33.43 | epoch: 1 | eta: 2.9m
step 02029/02205 (92.02%) [ns3_ftrl_eta0p1] | loss: 3.095556 | lrm: 0.16 | dt: 878.48ms | tok/s: 596,815 | mfu: 34.06 | epoch: 1 | eta: 2.9m
step 02030/02205 (92.06%) [ns3_ftrl_eta0p1] | loss: 3.102756 | lrm: 0.16 | dt: 878.75ms | tok/s: 596,632 | mfu: 34.05 | epoch: 1 | eta: 2.9m
step 02031/02205 (92.11%) [ns3_ftrl_eta0p1] | loss: 3.102747 | lrm: 0.16 | dt: 879.04ms | tok/s: 596,433 | mfu: 34.04 | epoch: 1 | eta: 2.8m
step 02032/02205 (92.15%) [ns3_ftrl_eta0p1] | loss: 3.101664 | lrm: 0.16 | dt: 883.26ms | tok/s: 593,585 | mfu: 33.88 | epoch: 1 | eta: 2.8m
step 02033/02205 (92.20%) [ns3_ftrl_eta0p1] | loss: 3.100977 | lrm: 0.16 | dt: 878.67ms | tok/s: 596,682 | mfu: 34.06 | epoch: 1 | eta: 2.8m
step 02034/02205 (92.24%) [ns3_ftrl_eta0p1] | loss: 3.098855 | lrm: 0.16 | dt: 881.44ms | tok/s: 594,805 | mfu: 33.95 | epoch: 1 | eta: 2.8m
step 02035/02205 (92.29%) [ns3_ftrl_eta0p1] | loss: 3.096464 | lrm: 0.15 | dt: 883.35ms | tok/s: 593,520 | mfu: 33.88 | epoch: 1 | eta: 2.8m
step 02036/02205 (92.34%) [ns3_ftrl_eta0p1] | loss: 3.102286 | lrm: 0.15 | dt: 884.64ms | tok/s: 592,656 | mfu: 33.83 | epoch: 1 | eta: 2.8m
step 02037/02205 (92.38%) [ns3_ftrl_eta0p1] | loss: 3.102005 | lrm: 0.15 | dt: 884.60ms | tok/s: 592,684 | mfu: 33.83 | epoch: 1 | eta: 2.8m
step 02038/02205 (92.43%) [ns3_ftrl_eta0p1] | loss: 3.111687 | lrm: 0.15 | dt: 887.38ms | tok/s: 590,826 | mfu: 33.72 | epoch: 1 | eta: 2.7m
step 02039/02205 (92.47%) [ns3_ftrl_eta0p1] | loss: 3.110521 | lrm: 0.15 | dt: 887.40ms | tok/s: 590,813 | mfu: 33.72 | epoch: 1 | eta: 2.7m
step 02040/02205 (92.52%) [ns3_ftrl_eta0p1] | loss: 3.108569 | lrm: 0.15 | dt: 885.87ms | tok/s: 591,834 | mfu: 33.78 | epoch: 1 | eta: 2.7m
step 02041/02205 (92.56%) [ns3_ftrl_eta0p1] | loss: 3.109606 | lrm: 0.15 | dt: 889.11ms | tok/s: 589,678 | mfu: 33.66 | epoch: 1 | eta: 2.7m
step 02042/02205 (92.61%) [ns3_ftrl_eta0p1] | loss: 3.113331 | lrm: 0.15 | dt: 893.64ms | tok/s: 586,688 | mfu: 33.49 | epoch: 1 | eta: 2.7m
step 02043/02205 (92.65%) [ns3_ftrl_eta0p1] | loss: 3.121159 | lrm: 0.15 | dt: 892.81ms | tok/s: 587,236 | mfu: 33.52 | epoch: 1 | eta: 2.7m
step 02044/02205 (92.70%) [ns3_ftrl_eta0p1] | loss: 3.111198 | lrm: 0.15 | dt: 888.68ms | tok/s: 589,962 | mfu: 33.67 | epoch: 1 | eta: 2.6m
step 02045/02205 (92.74%) [ns3_ftrl_eta0p1] | loss: 3.111304 | lrm: 0.15 | dt: 880.86ms | tok/s: 595,201 | mfu: 33.97 | epoch: 1 | eta: 2.6m
step 02046/02205 (92.79%) [ns3_ftrl_eta0p1] | loss: 3.104125 | lrm: 0.14 | dt: 885.22ms | tok/s: 592,265 | mfu: 33.80 | epoch: 1 | eta: 2.6m
step 02047/02205 (92.83%) [ns3_ftrl_eta0p1] | loss: 3.102304 | lrm: 0.14 | dt: 893.57ms | tok/s: 586,734 | mfu: 33.49 | epoch: 1 | eta: 2.6m
step 02048/02205 (92.88%) [ns3_ftrl_eta0p1] | loss: 3.098714 | lrm: 0.14 | dt: 890.23ms | tok/s: 588,932 | mfu: 33.61 | epoch: 1 | eta: 2.6m
step 02049/02205 (92.93%) [ns3_ftrl_eta0p1] | loss: 3.090500 | lrm: 0.14 | dt: 892.69ms | tok/s: 587,314 | mfu: 33.52 | epoch: 1 | eta: 2.6m
step 02050/02205 (92.97%) [ns3_ftrl_eta0p1] | loss: 3.094986 | lrm: 0.14 | dt: 893.44ms | tok/s: 586,817 | mfu: 33.49 | epoch: 1 | eta: 2.5m
step 02051/02205 (93.02%) [ns3_ftrl_eta0p1] | loss: 3.091554 | lrm: 0.14 | dt: 897.84ms | tok/s: 583,941 | mfu: 33.33 | epoch: 1 | eta: 2.5m
step 02052/02205 (93.06%) [ns3_ftrl_eta0p1] | loss: 3.094933 | lrm: 0.14 | dt: 890.41ms | tok/s: 588,814 | mfu: 33.61 | epoch: 1 | eta: 2.5m
step 02053/02205 (93.11%) [ns3_ftrl_eta0p1] | loss: 3.096372 | lrm: 0.14 | dt: 892.53ms | tok/s: 587,420 | mfu: 33.53 | epoch: 1 | eta: 2.5m
step 02054/02205 (93.15%) [ns3_ftrl_eta0p1] | loss: 3.089244 | lrm: 0.14 | dt: 894.26ms | tok/s: 586,284 | mfu: 33.46 | epoch: 1 | eta: 2.5m
step 02055/02205 (93.20%) [ns3_ftrl_eta0p1] | loss: 3.094109 | lrm: 0.14 | dt: 896.67ms | tok/s: 584,705 | mfu: 33.37 | epoch: 1 | eta: 2.5m
step 02056/02205 (93.24%) [ns3_ftrl_eta0p1] | loss: 3.081975 | lrm: 0.14 | dt: 890.15ms | tok/s: 588,987 | mfu: 33.62 | epoch: 1 | eta: 2.4m
step 02057/02205 (93.29%) [ns3_ftrl_eta0p1] | loss: 3.080499 | lrm: 0.13 | dt: 892.15ms | tok/s: 587,669 | mfu: 33.54 | epoch: 1 | eta: 2.4m
step 02058/02205 (93.33%) [ns3_ftrl_eta0p1] | loss: 3.076230 | lrm: 0.13 | dt: 894.00ms | tok/s: 586,452 | mfu: 33.47 | epoch: 1 | eta: 2.4m
step 02059/02205 (93.38%) [ns3_ftrl_eta0p1] | loss: 3.086191 | lrm: 0.13 | dt: 891.03ms | tok/s: 588,408 | mfu: 33.58 | epoch: 1 | eta: 2.4m
step 02060/02205 (93.42%) [ns3_ftrl_eta0p1] | loss: 3.091871 | lrm: 0.13 | dt: 889.68ms | tok/s: 589,297 | mfu: 33.63 | epoch: 1 | eta: 2.4m
step 02061/02205 (93.47%) [ns3_ftrl_eta0p1] | loss: 3.094920 | lrm: 0.13 | dt: 894.36ms | tok/s: 586,214 | mfu: 33.46 | epoch: 1 | eta: 2.4m
step 02062/02205 (93.51%) [ns3_ftrl_eta0p1] | loss: 3.090397 | lrm: 0.13 | dt: 894.95ms | tok/s: 585,827 | mfu: 33.44 | epoch: 1 | eta: 2.3m
step 02063/02205 (93.56%) [ns3_ftrl_eta0p1] | loss: 3.101371 | lrm: 0.13 | dt: 892.13ms | tok/s: 587,679 | mfu: 33.54 | epoch: 1 | eta: 2.3m
step 02064/02205 (93.61%) [ns3_ftrl_eta0p1] | loss: 3.098052 | lrm: 0.13 | dt: 892.27ms | tok/s: 587,590 | mfu: 33.54 | epoch: 1 | eta: 2.3m
step 02065/02205 (93.65%) [ns3_ftrl_eta0p1] | loss: 3.100626 | lrm: 0.13 | dt: 890.73ms | tok/s: 588,604 | mfu: 33.59 | epoch: 1 | eta: 2.3m
step 02066/02205 (93.70%) [ns3_ftrl_eta0p1] | loss: 3.095773 | lrm: 0.13 | dt: 896.39ms | tok/s: 584,887 | mfu: 33.38 | epoch: 1 | eta: 2.3m
step 02067/02205 (93.74%) [ns3_ftrl_eta0p1] | loss: 3.089713 | lrm: 0.13 | dt: 890.94ms | tok/s: 588,466 | mfu: 33.59 | epoch: 1 | eta: 2.3m
step 02068/02205 (93.79%) [ns3_ftrl_eta0p1] | loss: 3.087727 | lrm: 0.12 | dt: 890.69ms | tok/s: 588,632 | mfu: 33.60 | epoch: 1 | eta: 2.2m
step 02069/02205 (93.83%) [ns3_ftrl_eta0p1] | loss: 3.089311 | lrm: 0.12 | dt: 891.07ms | tok/s: 588,378 | mfu: 33.58 | epoch: 1 | eta: 2.2m
step 02070/02205 (93.88%) [ns3_ftrl_eta0p1] | loss: 3.096275 | lrm: 0.12 | dt: 889.73ms | tok/s: 589,268 | mfu: 33.63 | epoch: 1 | eta: 2.2m
step 02071/02205 (93.92%) [ns3_ftrl_eta0p1] | loss: 3.097690 | lrm: 0.12 | dt: 895.02ms | tok/s: 585,782 | mfu: 33.43 | epoch: 1 | eta: 2.2m
step 02072/02205 (93.97%) [ns3_ftrl_eta0p1] | loss: 3.103271 | lrm: 0.12 | dt: 889.78ms | tok/s: 589,232 | mfu: 33.63 | epoch: 1 | eta: 2.2m
step 02073/02205 (94.01%) [ns3_ftrl_eta0p1] | loss: 3.102522 | lrm: 0.12 | dt: 892.91ms | tok/s: 587,170 | mfu: 33.51 | epoch: 1 | eta: 2.2m
step 02074/02205 (94.06%) [ns3_ftrl_eta0p1] | loss: 3.095618 | lrm: 0.12 | dt: 894.45ms | tok/s: 586,159 | mfu: 33.46 | epoch: 1 | eta: 2.1m
step 02075/02205 (94.10%) [ns3_ftrl_eta0p1] | loss: 3.086718 | lrm: 0.12 | dt: 886.50ms | tok/s: 591,412 | mfu: 33.76 | epoch: 1 | eta: 2.1m
step 02076/02205 (94.15%) [ns3_ftrl_eta0p1] | loss: 3.085159 | lrm: 0.12 | dt: 896.27ms | tok/s: 584,968 | mfu: 33.39 | epoch: 1 | eta: 2.1m
step 02077/02205 (94.20%) [ns3_ftrl_eta0p1] | loss: 3.090190 | lrm: 0.12 | dt: 893.19ms | tok/s: 586,984 | mfu: 33.50 | epoch: 1 | eta: 2.1m
step 02078/02205 (94.24%) [ns3_ftrl_eta0p1] | loss: 3.095062 | lrm: 0.12 | dt: 892.74ms | tok/s: 587,280 | mfu: 33.52 | epoch: 1 | eta: 2.1m
step 02079/02205 (94.29%) [ns3_ftrl_eta0p1] | loss: 3.097142 | lrm: 0.11 | dt: 890.84ms | tok/s: 588,529 | mfu: 33.59 | epoch: 1 | eta: 2.1m
step 02080/02205 (94.33%) [ns3_ftrl_eta0p1] | loss: 3.094293 | lrm: 0.11 | dt: 897.20ms | tok/s: 584,363 | mfu: 33.35 | epoch: 1 | eta: 2.0m
step 02081/02205 (94.38%) [ns3_ftrl_eta0p1] | loss: 3.095749 | lrm: 0.11 | dt: 887.03ms | tok/s: 591,058 | mfu: 33.74 | epoch: 1 | eta: 2.0m
step 02082/02205 (94.42%) [ns3_ftrl_eta0p1] | loss: 3.089074 | lrm: 0.11 | dt: 893.51ms | tok/s: 586,770 | mfu: 33.49 | epoch: 1 | eta: 2.0m
step 02083/02205 (94.47%) [ns3_ftrl_eta0p1] | loss: 3.096450 | lrm: 0.11 | dt: 893.92ms | tok/s: 586,505 | mfu: 33.48 | epoch: 1 | eta: 2.0m
step 02084/02205 (94.51%) [ns3_ftrl_eta0p1] | loss: 3.097068 | lrm: 0.11 | dt: 890.48ms | tok/s: 588,772 | mfu: 33.60 | epoch: 1 | eta: 2.0m
step 02085/02205 (94.56%) [ns3_ftrl_eta0p1] | loss: 3.106633 | lrm: 0.11 | dt: 893.51ms | tok/s: 586,772 | mfu: 33.49 | epoch: 1 | eta: 2.0m
step 02086/02205 (94.60%) [ns3_ftrl_eta0p1] | loss: 3.099391 | lrm: 0.11 | dt: 887.00ms | tok/s: 591,081 | mfu: 33.74 | epoch: 1 | eta: 1.9m
step 02087/02205 (94.65%) [ns3_ftrl_eta0p1] | loss: 3.099819 | lrm: 0.11 | dt: 894.18ms | tok/s: 586,332 | mfu: 33.47 | epoch: 1 | eta: 1.9m
step 02088/02205 (94.69%) [ns3_ftrl_eta0p1] | loss: 3.101991 | lrm: 0.11 | dt: 889.15ms | tok/s: 589,648 | mfu: 33.65 | epoch: 1 | eta: 1.9m
step 02089/02205 (94.74%) [ns3_ftrl_eta0p1] | loss: 3.099543 | lrm: 0.11 | dt: 895.87ms | tok/s: 585,230 | mfu: 33.40 | epoch: 1 | eta: 1.9m
step 02090/02205 (94.78%) [ns3_ftrl_eta0p1] | loss: 3.099297 | lrm: 0.10 | dt: 893.96ms | tok/s: 586,478 | mfu: 33.47 | epoch: 1 | eta: 1.9m
step 02091/02205 (94.83%) [ns3_ftrl_eta0p1] | loss: 3.102855 | lrm: 0.10 | dt: 891.70ms | tok/s: 587,966 | mfu: 33.56 | epoch: 1 | eta: 1.9m
step 02092/02205 (94.88%) [ns3_ftrl_eta0p1] | loss: 3.098722 | lrm: 0.10 | dt: 889.58ms | tok/s: 589,367 | mfu: 33.64 | epoch: 1 | eta: 1.8m
step 02093/02205 (94.92%) [ns3_ftrl_eta0p1] | loss: 3.092980 | lrm: 0.10 | dt: 894.82ms | tok/s: 585,915 | mfu: 33.44 | epoch: 1 | eta: 1.8m
step 02094/02205 (94.97%) [ns3_ftrl_eta0p1] | loss: 3.109283 | lrm: 0.10 | dt: 888.29ms | tok/s: 590,223 | mfu: 33.69 | epoch: 1 | eta: 1.8m
step 02095/02205 (95.01%) [ns3_ftrl_eta0p1] | loss: 3.107793 | lrm: 0.10 | dt: 896.33ms | tok/s: 584,924 | mfu: 33.38 | epoch: 1 | eta: 1.8m
step 02096/02205 (95.06%) [ns3_ftrl_eta0p1] | loss: 3.110182 | lrm: 0.10 | dt: 892.55ms | tok/s: 587,402 | mfu: 33.53 | epoch: 1 | eta: 1.8m
step 02097/02205 (95.10%) [ns3_ftrl_eta0p1] | loss: 3.104260 | lrm: 0.10 | dt: 892.37ms | tok/s: 587,520 | mfu: 33.53 | epoch: 1 | eta: 1.8m
step 02098/02205 (95.15%) [ns3_ftrl_eta0p1] | loss: 3.106787 | lrm: 0.10 | dt: 898.94ms | tok/s: 583,227 | mfu: 33.29 | epoch: 1 | eta: 1.7m
step 02099/02205 (95.19%) [ns3_ftrl_eta0p1] | loss: 3.101289 | lrm: 0.10 | dt: 897.04ms | tok/s: 584,461 | mfu: 33.36 | epoch: 1 | eta: 1.7m
step 02100/02205 (95.24%) [ns3_ftrl_eta0p1] | loss: 3.092000 | lrm: 0.10 | dt: 898.39ms | tok/s: 583,588 | mfu: 33.31 | epoch: 1 | eta: 1.7m
step 02101/02205 (95.28%) [ns3_ftrl_eta0p1] | loss: 3.084161 | lrm: 0.09 | dt: 893.64ms | tok/s: 586,687 | mfu: 33.49 | epoch: 1 | eta: 1.7m
step 02102/02205 (95.33%) [ns3_ftrl_eta0p1] | loss: 3.083275 | lrm: 0.09 | dt: 892.95ms | tok/s: 587,138 | mfu: 33.51 | epoch: 1 | eta: 1.7m
step 02103/02205 (95.37%) [ns3_ftrl_eta0p1] | loss: 3.089557 | lrm: 0.09 | dt: 896.64ms | tok/s: 584,726 | mfu: 33.37 | epoch: 1 | eta: 1.7m
step 02104/02205 (95.42%) [ns3_ftrl_eta0p1] | loss: 3.089307 | lrm: 0.09 | dt: 901.25ms | tok/s: 581,731 | mfu: 33.20 | epoch: 1 | eta: 1.6m
step 02105/02205 (95.46%) [ns3_ftrl_eta0p1] | loss: 3.084497 | lrm: 0.09 | dt: 899.27ms | tok/s: 583,017 | mfu: 33.28 | epoch: 1 | eta: 1.6m
step 02106/02205 (95.51%) [ns3_ftrl_eta0p1] | loss: 3.076915 | lrm: 0.09 | dt: 891.52ms | tok/s: 588,085 | mfu: 33.57 | epoch: 1 | eta: 1.6m
step 02107/02205 (95.56%) [ns3_ftrl_eta0p1] | loss: 3.080723 | lrm: 0.09 | dt: 892.06ms | tok/s: 587,724 | mfu: 33.54 | epoch: 1 | eta: 1.6m
step 02108/02205 (95.60%) [ns3_ftrl_eta0p1] | loss: 3.079056 | lrm: 0.09 | dt: 892.20ms | tok/s: 587,635 | mfu: 33.54 | epoch: 1 | eta: 1.6m
step 02109/02205 (95.65%) [ns3_ftrl_eta0p1] | loss: 3.068893 | lrm: 0.09 | dt: 898.14ms | tok/s: 583,749 | mfu: 33.32 | epoch: 1 | eta: 1.6m
step 02110/02205 (95.69%) [ns3_ftrl_eta0p1] | loss: 3.075850 | lrm: 0.09 | dt: 899.07ms | tok/s: 583,146 | mfu: 33.28 | epoch: 1 | eta: 1.6m
step 02111/02205 (95.74%) [ns3_ftrl_eta0p1] | loss: 3.077869 | lrm: 0.09 | dt: 894.27ms | tok/s: 586,275 | mfu: 33.46 | epoch: 1 | eta: 1.5m
step 02112/02205 (95.78%) [ns3_ftrl_eta0p1] | loss: 3.078963 | lrm: 0.08 | dt: 894.81ms | tok/s: 585,918 | mfu: 33.44 | epoch: 1 | eta: 1.5m
step 02113/02205 (95.83%) [ns3_ftrl_eta0p1] | loss: 3.076981 | lrm: 0.08 | dt: 903.61ms | tok/s: 580,214 | mfu: 33.12 | epoch: 1 | eta: 1.5m
step 02114/02205 (95.87%) [ns3_ftrl_eta0p1] | loss: 3.080298 | lrm: 0.08 | dt: 900.03ms | tok/s: 582,525 | mfu: 33.25 | epoch: 1 | eta: 1.5m
step 02115/02205 (95.92%) [ns3_ftrl_eta0p1] | loss: 3.076881 | lrm: 0.08 | dt: 892.36ms | tok/s: 587,531 | mfu: 33.53 | epoch: 1 | eta: 1.5m
step 02116/02205 (95.96%) [ns3_ftrl_eta0p1] | loss: 3.084692 | lrm: 0.08 | dt: 899.29ms | tok/s: 582,999 | mfu: 33.28 | epoch: 1 | eta: 1.5m
step 02117/02205 (96.01%) [ns3_ftrl_eta0p1] | loss: 3.082609 | lrm: 0.08 | dt: 894.34ms | tok/s: 586,230 | mfu: 33.46 | epoch: 1 | eta: 1.4m
step 02118/02205 (96.05%) [ns3_ftrl_eta0p1] | loss: 3.090598 | lrm: 0.08 | dt: 896.25ms | tok/s: 584,978 | mfu: 33.39 | epoch: 1 | eta: 1.4m
step 02119/02205 (96.10%) [ns3_ftrl_eta0p1] | loss: 3.090470 | lrm: 0.08 | dt: 903.48ms | tok/s: 580,295 | mfu: 33.12 | epoch: 1 | eta: 1.4m
step 02120/02205 (96.15%) [ns3_ftrl_eta0p1] | loss: 3.091504 | lrm: 0.08 | dt: 897.02ms | tok/s: 584,479 | mfu: 33.36 | epoch: 1 | eta: 1.4m
step 02121/02205 (96.19%) [ns3_ftrl_eta0p1] | loss: 3.081217 | lrm: 0.08 | dt: 892.42ms | tok/s: 587,487 | mfu: 33.53 | epoch: 1 | eta: 1.4m
step 02122/02205 (96.24%) [ns3_ftrl_eta0p1] | loss: 3.082358 | lrm: 0.08 | dt: 897.57ms | tok/s: 584,119 | mfu: 33.34 | epoch: 1 | eta: 1.4m
step 02123/02205 (96.28%) [ns3_ftrl_eta0p1] | loss: 3.091953 | lrm: 0.07 | dt: 902.30ms | tok/s: 581,054 | mfu: 33.16 | epoch: 1 | eta: 1.3m
step 02124/02205 (96.33%) [ns3_ftrl_eta0p1] | loss: 3.094834 | lrm: 0.07 | dt: 895.05ms | tok/s: 585,766 | mfu: 33.43 | epoch: 1 | eta: 1.3m
step 02125/02205 (96.37%) [ns3_ftrl_eta0p1] | loss: 3.085793 | lrm: 0.07 | dt: 894.43ms | tok/s: 586,171 | mfu: 33.46 | epoch: 1 | eta: 1.3m
step 02126/02205 (96.42%) [ns3_ftrl_eta0p1] | loss: 3.074667 | lrm: 0.07 | dt: 897.87ms | tok/s: 583,925 | mfu: 33.33 | epoch: 1 | eta: 1.3m
step 02127/02205 (96.46%) [ns3_ftrl_eta0p1] | loss: 3.082434 | lrm: 0.07 | dt: 903.85ms | tok/s: 580,060 | mfu: 33.11 | epoch: 1 | eta: 1.3m
step 02128/02205 (96.51%) [ns3_ftrl_eta0p1] | loss: 3.076497 | lrm: 0.07 | dt: 897.15ms | tok/s: 584,395 | mfu: 33.35 | epoch: 1 | eta: 1.3m
step 02129/02205 (96.55%) [ns3_ftrl_eta0p1] | loss: 3.078909 | lrm: 0.07 | dt: 897.91ms | tok/s: 583,895 | mfu: 33.33 | epoch: 1 | eta: 1.2m
step 02130/02205 (96.60%) [ns3_ftrl_eta0p1] | loss: 3.082085 | lrm: 0.07 | dt: 897.49ms | tok/s: 584,173 | mfu: 33.34 | epoch: 1 | eta: 1.2m
step 02131/02205 (96.64%) [ns3_ftrl_eta0p1] | loss: 3.081089 | lrm: 0.07 | dt: 896.49ms | tok/s: 584,821 | mfu: 33.38 | epoch: 1 | eta: 1.2m
step 02132/02205 (96.69%) [ns3_ftrl_eta0p1] | loss: 3.069453 | lrm: 0.07 | dt: 901.96ms | tok/s: 581,273 | mfu: 33.18 | epoch: 1 | eta: 1.2m
step 02133/02205 (96.73%) [ns3_ftrl_eta0p1] | loss: 3.070722 | lrm: 0.07 | dt: 899.75ms | tok/s: 582,705 | mfu: 33.26 | epoch: 1 | eta: 1.2m
step 02134/02205 (96.78%) [ns3_ftrl_eta0p1] | loss: 3.069585 | lrm: 0.06 | dt: 896.35ms | tok/s: 584,912 | mfu: 33.38 | epoch: 1 | eta: 1.2m
step 02135/02205 (96.83%) [ns3_ftrl_eta0p1] | loss: 3.068401 | lrm: 0.06 | dt: 895.70ms | tok/s: 585,335 | mfu: 33.41 | epoch: 1 | eta: 1.1m
step 02136/02205 (96.87%) [ns3_ftrl_eta0p1] | loss: 3.071510 | lrm: 0.06 | dt: 895.46ms | tok/s: 585,496 | mfu: 33.42 | epoch: 1 | eta: 1.1m
step 02137/02205 (96.92%) [ns3_ftrl_eta0p1] | loss: 3.072896 | lrm: 0.06 | dt: 909.31ms | tok/s: 576,575 | mfu: 32.91 | epoch: 1 | eta: 1.1m
step 02138/02205 (96.96%) [ns3_ftrl_eta0p1] | loss: 3.064713 | lrm: 0.06 | dt: 892.96ms | tok/s: 587,138 | mfu: 33.51 | epoch: 1 | eta: 1.1m
step 02139/02205 (97.01%) [ns3_ftrl_eta0p1] | loss: 3.074120 | lrm: 0.06 | dt: 898.95ms | tok/s: 583,220 | mfu: 33.29 | epoch: 1 | eta: 1.1m
step 02140/02205 (97.05%) [ns3_ftrl_eta0p1] | loss: 3.073311 | lrm: 0.06 | dt: 903.54ms | tok/s: 580,259 | mfu: 33.12 | epoch: 1 | eta: 1.1m
step 02141/02205 (97.10%) [ns3_ftrl_eta0p1] | loss: 3.070609 | lrm: 0.06 | dt: 914.14ms | tok/s: 573,530 | mfu: 32.73 | epoch: 1 | eta: 1.0m
step 02142/02205 (97.14%) [ns3_ftrl_eta0p1] | loss: 3.066072 | lrm: 0.06 | dt: 896.70ms | tok/s: 584,683 | mfu: 33.37 | epoch: 1 | eta: 1.0m
step 02143/02205 (97.19%) [ns3_ftrl_eta0p1] | loss: 3.053813 | lrm: 0.06 | dt: 894.52ms | tok/s: 586,113 | mfu: 33.45 | epoch: 1 | eta: 1.0m
step 02144/02205 (97.23%) [ns3_ftrl_eta0p1] | loss: 3.058187 | lrm: 0.06 | dt: 917.61ms | tok/s: 571,362 | mfu: 32.61 | epoch: 1 | eta: 1.0m
step 02145/02205 (97.28%) [ns3_ftrl_eta0p1] | loss: 3.068551 | lrm: 0.05 | dt: 907.13ms | tok/s: 577,961 | mfu: 32.99 | epoch: 1 | eta: 1.0m
step 02146/02205 (97.32%) [ns3_ftrl_eta0p1] | loss: 3.065464 | lrm: 0.05 | dt: 897.69ms | tok/s: 584,044 | mfu: 33.33 | epoch: 1 | eta: 1.0m
step 02147/02205 (97.37%) [ns3_ftrl_eta0p1] | loss: 3.067555 | lrm: 0.05 | dt: 897.59ms | tok/s: 584,108 | mfu: 33.34 | epoch: 1 | eta: 0.9m
step 02148/02205 (97.41%) [ns3_ftrl_eta0p1] | loss: 3.069735 | lrm: 0.05 | dt: 895.76ms | tok/s: 585,298 | mfu: 33.41 | epoch: 1 | eta: 0.9m
step 02149/02205 (97.46%) [ns3_ftrl_eta0p1] | loss: 3.067813 | lrm: 0.05 | dt: 914.52ms | tok/s: 573,290 | mfu: 32.72 | epoch: 1 | eta: 0.9m
step 02150/02205 (97.51%) [ns3_ftrl_eta0p1] | loss: 3.085749 | lrm: 0.05 | dt: 894.30ms | tok/s: 586,257 | mfu: 33.46 | epoch: 1 | eta: 0.9m
step 02151/02205 (97.55%) [ns3_ftrl_eta0p1] | loss: 3.080421 | lrm: 0.05 | dt: 910.64ms | tok/s: 575,736 | mfu: 32.86 | epoch: 1 | eta: 0.9m
step 02152/02205 (97.60%) [ns3_ftrl_eta0p1] | loss: 3.079444 | lrm: 0.05 | dt: 895.74ms | tok/s: 585,311 | mfu: 33.41 | epoch: 1 | eta: 0.9m
step 02153/02205 (97.64%) [ns3_ftrl_eta0p1] | loss: 3.091089 | lrm: 0.05 | dt: 908.61ms | tok/s: 577,024 | mfu: 32.93 | epoch: 1 | eta: 0.8m
step 02154/02205 (97.69%) [ns3_ftrl_eta0p1] | loss: 3.093591 | lrm: 0.05 | dt: 900.55ms | tok/s: 582,184 | mfu: 33.23 | epoch: 1 | eta: 0.8m
step 02155/02205 (97.73%) [ns3_ftrl_eta0p1] | loss: 3.083737 | lrm: 0.05 | dt: 895.44ms | tok/s: 585,509 | mfu: 33.42 | epoch: 1 | eta: 0.8m
step 02156/02205 (97.78%) [ns3_ftrl_eta0p1] | loss: 3.092471 | lrm: 0.04 | dt: 912.82ms | tok/s: 574,359 | mfu: 32.78 | epoch: 1 | eta: 0.8m
step 02157/02205 (97.82%) [ns3_ftrl_eta0p1] | loss: 3.089637 | lrm: 0.04 | dt: 888.75ms | tok/s: 589,919 | mfu: 33.67 | epoch: 1 | eta: 0.8m
step 02158/02205 (97.87%) [ns3_ftrl_eta0p1] | loss: 3.091372 | lrm: 0.04 | dt: 902.75ms | tok/s: 580,770 | mfu: 33.15 | epoch: 1 | eta: 0.8m
step 02159/02205 (97.91%) [ns3_ftrl_eta0p1] | loss: 3.094768 | lrm: 0.04 | dt: 894.18ms | tok/s: 586,334 | mfu: 33.47 | epoch: 1 | eta: 0.7m
step 02160/02205 (97.96%) [ns3_ftrl_eta0p1] | loss: 3.090562 | lrm: 0.04 | dt: 903.89ms | tok/s: 580,035 | mfu: 33.11 | epoch: 1 | eta: 0.7m
step 02161/02205 (98.00%) [ns3_ftrl_eta0p1] | loss: 3.091987 | lrm: 0.04 | dt: 900.30ms | tok/s: 582,351 | mfu: 33.24 | epoch: 1 | eta: 0.7m
step 02162/02205 (98.05%) [ns3_ftrl_eta0p1] | loss: 3.095541 | lrm: 0.04 | dt: 912.33ms | tok/s: 574,668 | mfu: 32.80 | epoch: 1 | eta: 0.7m
step 02163/02205 (98.10%) [ns3_ftrl_eta0p1] | loss: 3.102629 | lrm: 0.04 | dt: 892.00ms | tok/s: 587,768 | mfu: 33.55 | epoch: 1 | eta: 0.7m
step 02164/02205 (98.14%) [ns3_ftrl_eta0p1] | loss: 3.102747 | lrm: 0.04 | dt: 918.80ms | tok/s: 570,621 | mfu: 32.57 | epoch: 1 | eta: 0.7m
step 02165/02205 (98.19%) [ns3_ftrl_eta0p1] | loss: 3.093300 | lrm: 0.04 | dt: 901.65ms | tok/s: 581,477 | mfu: 33.19 | epoch: 1 | eta: 0.7m
step 02166/02205 (98.23%) [ns3_ftrl_eta0p1] | loss: 3.093736 | lrm: 0.04 | dt: 893.97ms | tok/s: 586,469 | mfu: 33.47 | epoch: 1 | eta: 0.6m
step 02167/02205 (98.28%) [ns3_ftrl_eta0p1] | loss: 3.096620 | lrm: 0.03 | dt: 914.64ms | tok/s: 573,217 | mfu: 32.72 | epoch: 1 | eta: 0.6m
step 02168/02205 (98.32%) [ns3_ftrl_eta0p1] | loss: 3.102250 | lrm: 0.03 | dt: 907.35ms | tok/s: 577,821 | mfu: 32.98 | epoch: 1 | eta: 0.6m
step 02169/02205 (98.37%) [ns3_ftrl_eta0p1] | loss: 3.100706 | lrm: 0.03 | dt: 907.57ms | tok/s: 577,681 | mfu: 32.97 | epoch: 1 | eta: 0.6m
step 02170/02205 (98.41%) [ns3_ftrl_eta0p1] | loss: 3.098727 | lrm: 0.03 | dt: 894.22ms | tok/s: 586,306 | mfu: 33.46 | epoch: 1 | eta: 0.6m
step 02171/02205 (98.46%) [ns3_ftrl_eta0p1] | loss: 3.103154 | lrm: 0.03 | dt: 900.92ms | tok/s: 581,949 | mfu: 33.22 | epoch: 1 | eta: 0.6m
step 02172/02205 (98.50%) [ns3_ftrl_eta0p1] | loss: 3.103830 | lrm: 0.03 | dt: 917.22ms | tok/s: 571,608 | mfu: 32.62 | epoch: 1 | eta: 0.5m
step 02173/02205 (98.55%) [ns3_ftrl_eta0p1] | loss: 3.103659 | lrm: 0.03 | dt: 909.04ms | tok/s: 576,748 | mfu: 32.92 | epoch: 1 | eta: 0.5m
step 02174/02205 (98.59%) [ns3_ftrl_eta0p1] | loss: 3.101454 | lrm: 0.03 | dt: 890.30ms | tok/s: 588,887 | mfu: 33.61 | epoch: 1 | eta: 0.5m
step 02175/02205 (98.64%) [ns3_ftrl_eta0p1] | loss: 3.095165 | lrm: 0.03 | dt: 903.67ms | tok/s: 580,174 | mfu: 33.11 | epoch: 1 | eta: 0.5m
step 02176/02205 (98.68%) [ns3_ftrl_eta0p1] | loss: 3.098514 | lrm: 0.03 | dt: 922.52ms | tok/s: 568,319 | mfu: 32.44 | epoch: 1 | eta: 0.5m
step 02177/02205 (98.73%) [ns3_ftrl_eta0p1] | loss: 3.095816 | lrm: 0.03 | dt: 907.80ms | tok/s: 577,537 | mfu: 32.96 | epoch: 1 | eta: 0.5m
step 02178/02205 (98.78%) [ns3_ftrl_eta0p1] | loss: 3.080895 | lrm: 0.02 | dt: 895.48ms | tok/s: 585,483 | mfu: 33.42 | epoch: 1 | eta: 0.4m
step 02179/02205 (98.82%) [ns3_ftrl_eta0p1] | loss: 3.079140 | lrm: 0.02 | dt: 914.83ms | tok/s: 573,097 | mfu: 32.71 | epoch: 1 | eta: 0.4m
step 02180/02205 (98.87%) [ns3_ftrl_eta0p1] | loss: 3.083197 | lrm: 0.02 | dt: 892.14ms | tok/s: 587,675 | mfu: 33.54 | epoch: 1 | eta: 0.4m
step 02181/02205 (98.91%) [ns3_ftrl_eta0p1] | loss: 3.082276 | lrm: 0.02 | dt: 905.50ms | tok/s: 579,005 | mfu: 33.05 | epoch: 1 | eta: 0.4m
step 02182/02205 (98.96%) [ns3_ftrl_eta0p1] | loss: 3.075943 | lrm: 0.02 | dt: 900.92ms | tok/s: 581,948 | mfu: 33.22 | epoch: 1 | eta: 0.4m
step 02183/02205 (99.00%) [ns3_ftrl_eta0p1] | loss: 3.066331 | lrm: 0.02 | dt: 921.23ms | tok/s: 569,119 | mfu: 32.48 | epoch: 1 | eta: 0.4m
step 02184/02205 (99.05%) [ns3_ftrl_eta0p1] | loss: 3.072413 | lrm: 0.02 | dt: 890.98ms | tok/s: 588,441 | mfu: 33.59 | epoch: 1 | eta: 0.3m
step 02185/02205 (99.09%) [ns3_ftrl_eta0p1] | loss: 3.078834 | lrm: 0.02 | dt: 899.26ms | tok/s: 583,018 | mfu: 33.28 | epoch: 1 | eta: 0.3m
step 02186/02205 (99.14%) [ns3_ftrl_eta0p1] | loss: 3.080855 | lrm: 0.02 | dt: 925.14ms | tok/s: 566,710 | mfu: 32.35 | epoch: 1 | eta: 0.3m
step 02187/02205 (99.18%) [ns3_ftrl_eta0p1] | loss: 3.075635 | lrm: 0.02 | dt: 897.45ms | tok/s: 584,198 | mfu: 33.34 | epoch: 1 | eta: 0.3m
step 02188/02205 (99.23%) [ns3_ftrl_eta0p1] | loss: 3.079667 | lrm: 0.02 | dt: 897.57ms | tok/s: 584,116 | mfu: 33.34 | epoch: 1 | eta: 0.3m
step 02189/02205 (99.27%) [ns3_ftrl_eta0p1] | loss: 3.072541 | lrm: 0.01 | dt: 901.70ms | tok/s: 581,446 | mfu: 33.19 | epoch: 1 | eta: 0.3m
step 02190/02205 (99.32%) [ns3_ftrl_eta0p1] | loss: 3.073380 | lrm: 0.01 | dt: 894.54ms | tok/s: 586,098 | mfu: 33.45 | epoch: 1 | eta: 0.2m
step 02191/02205 (99.37%) [ns3_ftrl_eta0p1] | loss: 3.071631 | lrm: 0.01 | dt: 919.83ms | tok/s: 569,986 | mfu: 32.53 | epoch: 1 | eta: 0.2m
step 02192/02205 (99.41%) [ns3_ftrl_eta0p1] | loss: 3.062308 | lrm: 0.01 | dt: 899.58ms | tok/s: 582,816 | mfu: 33.26 | epoch: 1 | eta: 0.2m
step 02193/02205 (99.46%) [ns3_ftrl_eta0p1] | loss: 3.067848 | lrm: 0.01 | dt: 894.72ms | tok/s: 585,977 | mfu: 33.44 | epoch: 1 | eta: 0.2m
step 02194/02205 (99.50%) [ns3_ftrl_eta0p1] | loss: 3.068168 | lrm: 0.01 | dt: 896.88ms | tok/s: 584,566 | mfu: 33.36 | epoch: 1 | eta: 0.2m
step 02195/02205 (99.55%) [ns3_ftrl_eta0p1] | loss: 3.074949 | lrm: 0.01 | dt: 923.93ms | tok/s: 567,451 | mfu: 32.39 | epoch: 1 | eta: 0.2m
step 02196/02205 (99.59%) [ns3_ftrl_eta0p1] | loss: 3.094502 | lrm: 0.01 | dt: 904.11ms | tok/s: 579,896 | mfu: 33.10 | epoch: 1 | eta: 0.1m
step 02197/02205 (99.64%) [ns3_ftrl_eta0p1] | loss: 3.087804 | lrm: 0.01 | dt: 889.52ms | tok/s: 589,402 | mfu: 33.64 | epoch: 1 | eta: 0.1m
step 02198/02205 (99.68%) [ns3_ftrl_eta0p1] | loss: 3.078405 | lrm: 0.01 | dt: 909.12ms | tok/s: 576,699 | mfu: 32.92 | epoch: 1 | eta: 0.1m
step 02199/02205 (99.73%) [ns3_ftrl_eta0p1] | loss: 3.068271 | lrm: 0.01 | dt: 893.22ms | tok/s: 586,962 | mfu: 33.50 | epoch: 1 | eta: 0.1m
step 02200/02205 (99.77%) [ns3_ftrl_eta0p1] | loss: 3.065092 | lrm: 0.00 | dt: 904.54ms | tok/s: 579,618 | mfu: 33.08 | epoch: 1 | eta: 0.1m
step 02201/02205 (99.82%) [ns3_ftrl_eta0p1] | loss: 3.058818 | lrm: 0.00 | dt: 896.75ms | tok/s: 584,652 | mfu: 33.37 | epoch: 1 | eta: 0.1m
step 02202/02205 (99.86%) [ns3_ftrl_eta0p1] | loss: 3.072133 | lrm: 0.00 | dt: 917.85ms | tok/s: 571,215 | mfu: 32.60 | epoch: 1 | eta: 0.0m
step 02203/02205 (99.91%) [ns3_ftrl_eta0p1] | loss: 3.070963 | lrm: 0.00 | dt: 892.89ms | tok/s: 587,180 | mfu: 33.51 | epoch: 1 | eta: 0.0m
step 02204/02205 (99.95%) [ns3_ftrl_eta0p1] | loss: 3.070640 | lrm: 0.00 | dt: 896.06ms | tok/s: 585,104 | mfu: 33.40 | epoch: 1 | eta: 0.0m
Step 02205 | val bpb: 0.900901
Evaluating: hellaswag_zeroshot (0-shot, type: multiple_choice)... accuracy: 0.3340 | centered: 0.1120 | time: 2.40s
Evaluating: jeopardy (10-shot, type: language_modeling)... accuracy: 0.0140 | centered: 0.0140 | time: 2.39s
Evaluating: bigbench_qa_wikidata (10-shot, type: language_modeling)... accuracy: 0.3620 | centered: 0.3620 | time: 2.30s
Evaluating: arc_easy (10-shot, type: multiple_choice)... accuracy: 0.5500 | centered: 0.4000 | time: 2.83s
Evaluating: arc_challenge (10-shot, type: multiple_choice)... accuracy: 0.2520 | centered: 0.0027 | time: 2.90s
Evaluating: copa (0-shot, type: multiple_choice)... accuracy: 0.5700 | centered: 0.1400 | time: 0.43s
Evaluating: commonsense_qa (10-shot, type: multiple_choice)... accuracy: 0.2760 | centered: 0.0950 | time: 2.97s
Evaluating: piqa (10-shot, type: multiple_choice)... accuracy: 0.6340 | centered: 0.2680 | time: 2.51s
Evaluating: openbook_qa (0-shot, type: multiple_choice)... accuracy: 0.2940 | centered: 0.0587 | time: 2.24s
Evaluating: lambada_openai (0-shot, type: language_modeling)... accuracy: 0.2900 | centered: 0.2900 | time: 2.25s
Evaluating: hellaswag (10-shot, type: multiple_choice)... accuracy: 0.3300 | centered: 0.1067 | time: 3.74s
Evaluating: winograd (0-shot, type: schema)... accuracy: 0.6007 | centered: 0.2015 | time: 1.18s
Evaluating: winogrande (0-shot, type: schema)... accuracy: 0.5000 | centered: 0.0000 | time: 2.13s
Evaluating: bigbench_dyck_languages (10-shot, type: language_modeling)... accuracy: 0.1220 | centered: 0.1220 | time: 2.50s
Evaluating: agi_eval_lsat_ar (3-shot, type: multiple_choice)... accuracy: 0.2739 | centered: 0.0924 | time: 1.68s
Evaluating: bigbench_cs_algorithms (10-shot, type: language_modeling)... accuracy: 0.4320 | centered: 0.4320 | time: 2.46s
Evaluating: bigbench_operators (10-shot, type: language_modeling)... accuracy: 0.1048 | centered: 0.1048 | time: 1.01s
Evaluating: bigbench_repeat_copy_logic (10-shot, type: language_modeling)... accuracy: 0.0000 | centered: 0.0000 | time: 0.16s
Evaluating: squad (10-shot, type: language_modeling)... accuracy: 0.1020 | centered: 0.1020 | time: 3.33s
Evaluating: coqa (0-shot, type: language_modeling)... accuracy: 0.1260 | centered: 0.1260 | time: 2.49s
Evaluating: boolq (10-shot, type: multiple_choice)... accuracy: 0.5420 | centered: -0.2053 | time: 3.63s
Evaluating: bigbench_language_identification (10-shot, type: multiple_choice)... accuracy: 0.2600 | centered: 0.1859 | time: 5.11s
Step 02205 | CORE metric: 0.1368
<|bos|>The capital of France is the capital of the country of France. It is located in the heart of the
<|bos|>The chemical symbol of gold is the symbol of the gold standard. The symbol of gold is a symbol of the
<|bos|>If yesterday was Friday, then tomorrow will be Saturday. If today was Sunday, then tomorrow will be Monday. If today was
<|bos|>If 5*x + 3 = 13, then x is 5*x + 3 = 13. If 5*x
Peak memory: 36612.50MiB
Total training time: 35.69m
Min val bpb: 0.900901
========================================
Job completed at: Fri Apr 24 18:48:23 EDT 2026
========================================
