========================================
Job ID: 491424
Node: andreas-h100-1
GPUs: 4
Config: Baseline Muon + SVD spectrum logging
Start Time: Sun Mar  8 19:53:16 EDT 2026
========================================
Sun Mar  8 19:53:16 2026       
+-----------------------------------------------------------------------------------------+
| NVIDIA-SMI 575.57.08              Driver Version: 575.57.08      CUDA Version: 12.9     |
|-----------------------------------------+------------------------+----------------------+
| GPU  Name                 Persistence-M | Bus-Id          Disp.A | Volatile Uncorr. ECC |
| Fan  Temp   Perf          Pwr:Usage/Cap |           Memory-Usage | GPU-Util  Compute M. |
|                                         |                        |               MIG M. |
|=========================================+========================+======================|
|   0  NVIDIA H100 NVL                On  |   00000000:01:00.0 Off |                    0 |
| N/A   39C    P0             65W /  400W |       0MiB /  95830MiB |      0%      Default |
|                                         |                        |             Disabled |
+-----------------------------------------+------------------------+----------------------+
|   1  NVIDIA H100 NVL                On  |   00000000:21:00.0 Off |                    0 |
| N/A   39C    P0             61W /  400W |       0MiB /  95830MiB |      0%      Default |
|                                         |                        |             Disabled |
+-----------------------------------------+------------------------+----------------------+
|   2  NVIDIA H100 NVL                On  |   00000000:A1:00.0 Off |                    0 |
| N/A   40C    P0             64W /  400W |       0MiB /  95830MiB |      0%      Default |
|                                         |                        |             Disabled |
+-----------------------------------------+------------------------+----------------------+
|   3  NVIDIA H100 NVL                On  |   00000000:E1:00.0 Off |                    0 |
| N/A   41C    P0             65W /  400W |       0MiB /  95830MiB |      0%      Default |
|                                         |                        |             Disabled |
+-----------------------------------------+------------------------+----------------------+
                                                                                         
+-----------------------------------------------------------------------------------------+
| Processes:                                                                              |
|  GPU   GI   CI              PID   Type   Process name                        GPU Memory |
|        ID   ID                                                               Usage      |
|=========================================================================================|
|  No running processes found                                                             |
+-----------------------------------------------------------------------------------------+
Newton-Schulz mode: baseline (5 iterations, 15 matmuls)Newton-Schulz mode: baseline (5 iterations, 15 matmuls)

Newton-Schulz mode: baseline (5 iterations, 15 matmuls)

                                                       █████                █████
                                                      ░░███                ░░███
     ████████    ██████   ████████    ██████   ██████  ░███████    ██████  ███████
    ░░███░░███  ░░░░░███ ░░███░░███  ███░░███ ███░░███ ░███░░███  ░░░░░███░░░███░
     ░███ ░███   ███████  ░███ ░███ ░███ ░███░███ ░░░  ░███ ░███   ███████  ░███
     ░███ ░███  ███░░███  ░███ ░███ ░███ ░███░███  ███ ░███ ░███  ███░░███  ░███ ███
     ████ █████░░████████ ████ █████░░██████ ░░██████  ████ █████░░███████  ░░█████
    ░░░░ ░░░░░  ░░░░░░░░ ░░░░ ░░░░░  ░░░░░░   ░░░░░░  ░░░░ ░░░░░  ░░░░░░░░   ░░░░░
    
Newton-Schulz mode: baseline (5 iterations, 15 matmuls)
Autodetected device type: cuda
GPU: NVIDIA H100 NVL | Peak FLOPS (BF16): 8.35e+14
Using Flash Attention 3 (Hopper GPU detected)
Vocab size: 32,768
Model config:
{
  "sequence_len": 2048,
  "vocab_size": 32768,
  "n_layer": 20,
  "n_head": 10,
  "n_kv_head": 10,
  "n_embd": 1280,
  "window_pattern": "SSSL"
}
FP8 training enabled (tensorwise scaling) - converted 121 layers
Parameter counts:
wte                     : 41,943,040
value_embeds            : 419,430,400
lm_head                 : 41,943,040
transformer_matrices    : 393,219,200
scalars                 : 40
total                   : 896,535,720
Estimated FLOPs per token: 3.004189e+09
Auto-computed optimal batch size: 1,048,576 tokens
Scaling LRs by 1.4142 for batch size 1,048,576 (reference: 524,288)
Scaling weight decay from 0.200000 to 0.071563 for depth 20
Scaling the LR for the AdamW parameters ∝1/√(1280/768) = 0.774597
Calculated number of iterations from target data:param ratio: 4,357
Total number of training tokens: 4,568,645,632
Tokens : Scaling params ratio: 10.50
Total training FLOPs estimate: 1.372508e+19
Total batch size 1,048,576 => gradient accumulation steps: 8
Logging initial SVD spectra (step 0)...
Saved initial SVD spectra for 130 weight matrices
Step 00000 | Validation bpb: 3.169049
step 00000/04357 (0.00%) | loss: 10.398166 | lrm: 1.00 | dt: 53050.98ms | tok/sec: 19,765 | bf16_mfu: 1.78 | epoch: 1 | total time: 0.00m
step 00001/04357 (0.02%) | loss: 10.904380 | lrm: 1.00 | dt: 1984.42ms | tok/sec: 528,403 | bf16_mfu: 47.53 | epoch: 1 | total time: 0.00m
step 00002/04357 (0.05%) | loss: 10.785653 | lrm: 1.00 | dt: 1991.50ms | tok/sec: 526,525 | bf16_mfu: 47.36 | epoch: 1 | total time: 0.00m
step 00003/04357 (0.07%) | loss: 10.257511 | lrm: 1.00 | dt: 2044.63ms | tok/sec: 512,844 | bf16_mfu: 46.13 | epoch: 1 | total time: 0.00m
step 00004/04357 (0.09%) | loss: 9.593391 | lrm: 1.00 | dt: 2008.99ms | tok/sec: 521,941 | bf16_mfu: 46.95 | epoch: 1 | total time: 0.00m
step 00005/04357 (0.11%) | loss: 9.084532 | lrm: 1.00 | dt: 2005.71ms | tok/sec: 522,796 | bf16_mfu: 47.02 | epoch: 1 | total time: 0.00m
step 00006/04357 (0.14%) | loss: 8.668100 | lrm: 1.00 | dt: 2006.80ms | tok/sec: 522,511 | bf16_mfu: 47.00 | epoch: 1 | total time: 0.00m
step 00007/04357 (0.16%) | loss: 8.326094 | lrm: 1.00 | dt: 2010.37ms | tok/sec: 521,583 | bf16_mfu: 46.91 | epoch: 1 | total time: 0.00m
step 00008/04357 (0.18%) | loss: 8.051323 | lrm: 1.00 | dt: 2014.90ms | tok/sec: 520,409 | bf16_mfu: 46.81 | epoch: 1 | total time: 0.00m
step 00009/04357 (0.21%) | loss: 7.795917 | lrm: 1.00 | dt: 2020.96ms | tok/sec: 518,851 | bf16_mfu: 46.67 | epoch: 1 | total time: 0.00m
step 00010/04357 (0.23%) | loss: 7.590992 | lrm: 1.00 | dt: 2057.31ms | tok/sec: 509,683 | bf16_mfu: 45.84 | epoch: 1 | total time: 0.00m
step 00011/04357 (0.25%) | loss: 7.416377 | lrm: 1.00 | dt: 2029.42ms | tok/sec: 516,688 | bf16_mfu: 46.47 | epoch: 1 | total time: 0.03m | eta: 147.0m
step 00012/04357 (0.28%) | loss: 7.250756 | lrm: 1.00 | dt: 2053.98ms | tok/sec: 510,509 | bf16_mfu: 45.92 | epoch: 1 | total time: 0.07m | eta: 147.9m
step 00013/04357 (0.30%) | loss: 7.099395 | lrm: 1.00 | dt: 2034.79ms | tok/sec: 515,323 | bf16_mfu: 46.35 | epoch: 1 | total time: 0.10m | eta: 147.7m
step 00014/04357 (0.32%) | loss: 6.969902 | lrm: 1.00 | dt: 2027.98ms | tok/sec: 517,054 | bf16_mfu: 46.51 | epoch: 1 | total time: 0.14m | eta: 147.4m
step 00015/04357 (0.34%) | loss: 6.865733 | lrm: 1.00 | dt: 2082.24ms | tok/sec: 503,581 | bf16_mfu: 45.30 | epoch: 1 | total time: 0.17m | eta: 148.0m
step 00016/04357 (0.37%) | loss: 6.766498 | lrm: 1.00 | dt: 2034.71ms | tok/sec: 515,344 | bf16_mfu: 46.35 | epoch: 1 | total time: 0.20m | eta: 147.9m
step 00017/04357 (0.39%) | loss: 6.668073 | lrm: 1.00 | dt: 2040.61ms | tok/sec: 513,854 | bf16_mfu: 46.22 | epoch: 1 | total time: 0.24m | eta: 147.8m
step 00018/04357 (0.41%) | loss: 6.589727 | lrm: 1.00 | dt: 2041.94ms | tok/sec: 513,519 | bf16_mfu: 46.19 | epoch: 1 | total time: 0.27m | eta: 147.8m
step 00019/04357 (0.44%) | loss: 6.518806 | lrm: 1.00 | dt: 2050.62ms | tok/sec: 511,346 | bf16_mfu: 45.99 | epoch: 1 | total time: 0.31m | eta: 147.8m
step 00020/04357 (0.46%) | loss: 6.454768 | lrm: 1.00 | dt: 2049.22ms | tok/sec: 511,694 | bf16_mfu: 46.02 | epoch: 1 | total time: 0.34m | eta: 147.8m
step 00021/04357 (0.48%) | loss: 6.388649 | lrm: 1.00 | dt: 2055.06ms | tok/sec: 510,239 | bf16_mfu: 45.89 | epoch: 1 | total time: 0.38m | eta: 147.8m
step 00022/04357 (0.50%) | loss: 6.342130 | lrm: 1.00 | dt: 2060.03ms | tok/sec: 509,009 | bf16_mfu: 45.78 | epoch: 1 | total time: 0.41m | eta: 147.9m
step 00023/04357 (0.53%) | loss: 6.283466 | lrm: 1.00 | dt: 2063.33ms | tok/sec: 508,195 | bf16_mfu: 45.71 | epoch: 1 | total time: 0.44m | eta: 147.9m
step 00024/04357 (0.55%) | loss: 6.245786 | lrm: 1.00 | dt: 2062.73ms | tok/sec: 508,344 | bf16_mfu: 45.72 | epoch: 1 | total time: 0.48m | eta: 148.0m
step 00025/04357 (0.57%) | loss: 6.207225 | lrm: 1.00 | dt: 2063.14ms | tok/sec: 508,242 | bf16_mfu: 45.71 | epoch: 1 | total time: 0.51m | eta: 148.0m
step 00026/04357 (0.60%) | loss: 6.165672 | lrm: 1.00 | dt: 2076.88ms | tok/sec: 504,879 | bf16_mfu: 45.41 | epoch: 1 | total time: 0.55m | eta: 148.1m
step 00027/04357 (0.62%) | loss: 6.136428 | lrm: 1.00 | dt: 2075.30ms | tok/sec: 505,264 | bf16_mfu: 45.45 | epoch: 1 | total time: 0.58m | eta: 148.2m
step 00028/04357 (0.64%) | loss: 6.109439 | lrm: 1.00 | dt: 2072.76ms | tok/sec: 505,885 | bf16_mfu: 45.50 | epoch: 1 | total time: 0.62m | eta: 148.2m
step 00029/04357 (0.67%) | loss: 6.070796 | lrm: 1.00 | dt: 2076.12ms | tok/sec: 505,065 | bf16_mfu: 45.43 | epoch: 1 | total time: 0.65m | eta: 148.3m
step 00030/04357 (0.69%) | loss: 6.028877 | lrm: 1.00 | dt: 2086.51ms | tok/sec: 502,549 | bf16_mfu: 45.20 | epoch: 1 | total time: 0.69m | eta: 148.3m
step 00031/04357 (0.71%) | loss: 6.019718 | lrm: 1.00 | dt: 2078.57ms | tok/sec: 504,469 | bf16_mfu: 45.37 | epoch: 1 | total time: 0.72m | eta: 148.4m
step 00032/04357 (0.73%) | loss: 5.995598 | lrm: 1.00 | dt: 2090.65ms | tok/sec: 501,553 | bf16_mfu: 45.11 | epoch: 1 | total time: 0.76m | eta: 148.4m
step 00033/04357 (0.76%) | loss: 5.975681 | lrm: 1.00 | dt: 2091.50ms | tok/sec: 501,350 | bf16_mfu: 45.09 | epoch: 1 | total time: 0.79m | eta: 148.5m
step 00034/04357 (0.78%) | loss: 5.946149 | lrm: 1.00 | dt: 2095.55ms | tok/sec: 500,382 | bf16_mfu: 45.01 | epoch: 1 | total time: 0.82m | eta: 148.6m
step 00035/04357 (0.80%) | loss: 5.917407 | lrm: 1.00 | dt: 2095.92ms | tok/sec: 500,295 | bf16_mfu: 45.00 | epoch: 1 | total time: 0.86m | eta: 148.6m
step 00036/04357 (0.83%) | loss: 5.892808 | lrm: 1.00 | dt: 2096.05ms | tok/sec: 500,263 | bf16_mfu: 45.00 | epoch: 1 | total time: 0.89m | eta: 148.7m
step 00037/04357 (0.85%) | loss: 5.868220 | lrm: 1.00 | dt: 2098.24ms | tok/sec: 499,740 | bf16_mfu: 44.95 | epoch: 1 | total time: 0.93m | eta: 148.8m
step 00038/04357 (0.87%) | loss: 5.852856 | lrm: 1.00 | dt: 2110.86ms | tok/sec: 496,753 | bf16_mfu: 44.68 | epoch: 1 | total time: 0.96m | eta: 148.8m
step 00039/04357 (0.90%) | loss: 5.835526 | lrm: 1.00 | dt: 2107.42ms | tok/sec: 497,564 | bf16_mfu: 44.75 | epoch: 1 | total time: 1.00m | eta: 148.9m
step 00040/04357 (0.92%) | loss: 5.811785 | lrm: 1.00 | dt: 2111.43ms | tok/sec: 496,618 | bf16_mfu: 44.67 | epoch: 1 | total time: 1.04m | eta: 149.0m
step 00041/04357 (0.94%) | loss: 5.799325 | lrm: 1.00 | dt: 2120.24ms | tok/sec: 494,554 | bf16_mfu: 44.48 | epoch: 1 | total time: 1.07m | eta: 149.1m
step 00042/04357 (0.96%) | loss: 5.770234 | lrm: 1.00 | dt: 2111.90ms | tok/sec: 496,508 | bf16_mfu: 44.66 | epoch: 1 | total time: 1.11m | eta: 149.1m
step 00043/04357 (0.99%) | loss: 5.750413 | lrm: 1.00 | dt: 2112.60ms | tok/sec: 496,343 | bf16_mfu: 44.64 | epoch: 1 | total time: 1.14m | eta: 149.2m
step 00044/04357 (1.01%) | loss: 5.722534 | lrm: 1.00 | dt: 2114.37ms | tok/sec: 495,929 | bf16_mfu: 44.61 | epoch: 1 | total time: 1.18m | eta: 149.2m
step 00045/04357 (1.03%) | loss: 5.696297 | lrm: 1.00 | dt: 2119.05ms | tok/sec: 494,832 | bf16_mfu: 44.51 | epoch: 1 | total time: 1.21m | eta: 149.3m
step 00046/04357 (1.06%) | loss: 5.671635 | lrm: 1.00 | dt: 2123.67ms | tok/sec: 493,757 | bf16_mfu: 44.41 | epoch: 1 | total time: 1.25m | eta: 149.3m
step 00047/04357 (1.08%) | loss: 5.647733 | lrm: 1.00 | dt: 2115.27ms | tok/sec: 495,717 | bf16_mfu: 44.59 | epoch: 1 | total time: 1.28m | eta: 149.4m
step 00048/04357 (1.10%) | loss: 5.626919 | lrm: 1.00 | dt: 2120.05ms | tok/sec: 494,600 | bf16_mfu: 44.49 | epoch: 1 | total time: 1.32m | eta: 149.4m
step 00049/04357 (1.12%) | loss: 5.612393 | lrm: 1.00 | dt: 2120.24ms | tok/sec: 494,555 | bf16_mfu: 44.48 | epoch: 1 | total time: 1.35m | eta: 149.4m
step 00050/04357 (1.15%) | loss: 5.593476 | lrm: 1.00 | dt: 2132.21ms | tok/sec: 491,780 | bf16_mfu: 44.23 | epoch: 1 | total time: 1.39m | eta: 149.5m
step 00051/04357 (1.17%) | loss: 5.570951 | lrm: 1.00 | dt: 2130.70ms | tok/sec: 492,128 | bf16_mfu: 44.26 | epoch: 1 | total time: 1.42m | eta: 149.5m
step 00052/04357 (1.19%) | loss: 5.545715 | lrm: 1.00 | dt: 2132.53ms | tok/sec: 491,704 | bf16_mfu: 44.23 | epoch: 1 | total time: 1.46m | eta: 149.6m
step 00053/04357 (1.22%) | loss: 5.523882 | lrm: 1.00 | dt: 2134.73ms | tok/sec: 491,198 | bf16_mfu: 44.18 | epoch: 1 | total time: 1.50m | eta: 149.6m
step 00054/04357 (1.24%) | loss: 5.493518 | lrm: 1.00 | dt: 2135.08ms | tok/sec: 491,117 | bf16_mfu: 44.17 | epoch: 1 | total time: 1.53m | eta: 149.7m
step 00055/04357 (1.26%) | loss: 5.472705 | lrm: 1.00 | dt: 2145.85ms | tok/sec: 488,651 | bf16_mfu: 43.95 | epoch: 1 | total time: 1.57m | eta: 149.7m
step 00056/04357 (1.29%) | loss: 5.455044 | lrm: 1.00 | dt: 2139.52ms | tok/sec: 490,098 | bf16_mfu: 44.08 | epoch: 1 | total time: 1.60m | eta: 149.8m
step 00057/04357 (1.31%) | loss: 5.436765 | lrm: 1.00 | dt: 2144.96ms | tok/sec: 488,856 | bf16_mfu: 43.97 | epoch: 1 | total time: 1.64m | eta: 149.8m
step 00058/04357 (1.33%) | loss: 5.430554 | lrm: 1.00 | dt: 2139.20ms | tok/sec: 490,172 | bf16_mfu: 44.09 | epoch: 1 | total time: 1.67m | eta: 149.9m
step 00059/04357 (1.35%) | loss: 5.412550 | lrm: 1.00 | dt: 2143.80ms | tok/sec: 489,119 | bf16_mfu: 43.99 | epoch: 1 | total time: 1.71m | eta: 149.9m
step 00060/04357 (1.38%) | loss: 5.394267 | lrm: 1.00 | dt: 2140.07ms | tok/sec: 489,971 | bf16_mfu: 44.07 | epoch: 1 | total time: 1.74m | eta: 150.0m
step 00061/04357 (1.40%) | loss: 5.376654 | lrm: 1.00 | dt: 2148.57ms | tok/sec: 488,035 | bf16_mfu: 43.90 | epoch: 1 | total time: 1.78m | eta: 150.0m
step 00062/04357 (1.42%) | loss: 5.360494 | lrm: 1.00 | dt: 2151.69ms | tok/sec: 487,327 | bf16_mfu: 43.83 | epoch: 1 | total time: 1.82m | eta: 150.0m
step 00063/04357 (1.45%) | loss: 5.348251 | lrm: 1.00 | dt: 2148.84ms | tok/sec: 487,973 | bf16_mfu: 43.89 | epoch: 1 | total time: 1.85m | eta: 150.1m
step 00064/04357 (1.47%) | loss: 5.343711 | lrm: 1.00 | dt: 2148.11ms | tok/sec: 488,139 | bf16_mfu: 43.91 | epoch: 1 | total time: 1.89m | eta: 150.1m
step 00065/04357 (1.49%) | loss: 5.319025 | lrm: 1.00 | dt: 2155.19ms | tok/sec: 486,534 | bf16_mfu: 43.76 | epoch: 1 | total time: 1.92m | eta: 150.1m
step 00066/04357 (1.51%) | loss: 5.293863 | lrm: 1.00 | dt: 2154.42ms | tok/sec: 486,709 | bf16_mfu: 43.78 | epoch: 1 | total time: 1.96m | eta: 150.2m
step 00067/04357 (1.54%) | loss: 5.287694 | lrm: 1.00 | dt: 2153.69ms | tok/sec: 486,873 | bf16_mfu: 43.79 | epoch: 1 | total time: 2.00m | eta: 150.2m
step 00068/04357 (1.56%) | loss: 5.256077 | lrm: 1.00 | dt: 2154.18ms | tok/sec: 486,762 | bf16_mfu: 43.78 | epoch: 1 | total time: 2.03m | eta: 150.2m
step 00069/04357 (1.58%) | loss: 5.231921 | lrm: 1.00 | dt: 2151.76ms | tok/sec: 487,311 | bf16_mfu: 43.83 | epoch: 1 | total time: 2.07m | eta: 150.3m
step 00070/04357 (1.61%) | loss: 5.213154 | lrm: 1.00 | dt: 2155.77ms | tok/sec: 486,403 | bf16_mfu: 43.75 | epoch: 1 | total time: 2.10m | eta: 150.3m
step 00071/04357 (1.63%) | loss: 5.184304 | lrm: 1.00 | dt: 2151.64ms | tok/sec: 487,339 | bf16_mfu: 43.83 | epoch: 1 | total time: 2.14m | eta: 150.3m
step 00072/04357 (1.65%) | loss: 5.167415 | lrm: 1.00 | dt: 2156.88ms | tok/sec: 486,154 | bf16_mfu: 43.73 | epoch: 1 | total time: 2.18m | eta: 150.3m
step 00073/04357 (1.68%) | loss: 5.151803 | lrm: 1.00 | dt: 2161.10ms | tok/sec: 485,205 | bf16_mfu: 43.64 | epoch: 1 | total time: 2.21m | eta: 150.4m
step 00074/04357 (1.70%) | loss: 5.136845 | lrm: 1.00 | dt: 2168.60ms | tok/sec: 483,526 | bf16_mfu: 43.49 | epoch: 1 | total time: 2.25m | eta: 150.4m
step 00075/04357 (1.72%) | loss: 5.113790 | lrm: 1.00 | dt: 2155.37ms | tok/sec: 486,494 | bf16_mfu: 43.76 | epoch: 1 | total time: 2.28m | eta: 150.4m
step 00076/04357 (1.74%) | loss: 5.106170 | lrm: 1.00 | dt: 2168.29ms | tok/sec: 483,595 | bf16_mfu: 43.50 | epoch: 1 | total time: 2.32m | eta: 150.5m
step 00077/04357 (1.77%) | loss: 5.094888 | lrm: 1.00 | dt: 2165.49ms | tok/sec: 484,221 | bf16_mfu: 43.55 | epoch: 1 | total time: 2.36m | eta: 150.5m
step 00078/04357 (1.79%) | loss: 5.086271 | lrm: 1.00 | dt: 2167.83ms | tok/sec: 483,697 | bf16_mfu: 43.51 | epoch: 1 | total time: 2.39m | eta: 150.5m
step 00079/04357 (1.81%) | loss: 5.068829 | lrm: 1.00 | dt: 2165.61ms | tok/sec: 484,194 | bf16_mfu: 43.55 | epoch: 1 | total time: 2.43m | eta: 150.5m
step 00080/04357 (1.84%) | loss: 5.050055 | lrm: 1.00 | dt: 2164.64ms | tok/sec: 484,411 | bf16_mfu: 43.57 | epoch: 1 | total time: 2.46m | eta: 150.5m
step 00081/04357 (1.86%) | loss: 5.023750 | lrm: 1.00 | dt: 2175.66ms | tok/sec: 481,956 | bf16_mfu: 43.35 | epoch: 1 | total time: 2.50m | eta: 150.6m
step 00082/04357 (1.88%) | loss: 5.001365 | lrm: 1.00 | dt: 2175.42ms | tok/sec: 482,010 | bf16_mfu: 43.35 | epoch: 1 | total time: 2.54m | eta: 150.6m
step 00083/04357 (1.90%) | loss: 4.997770 | lrm: 1.00 | dt: 2173.44ms | tok/sec: 482,450 | bf16_mfu: 43.39 | epoch: 1 | total time: 2.57m | eta: 150.6m
step 00084/04357 (1.93%) | loss: 4.982804 | lrm: 1.00 | dt: 2172.57ms | tok/sec: 482,642 | bf16_mfu: 43.41 | epoch: 1 | total time: 2.61m | eta: 150.6m
step 00085/04357 (1.95%) | loss: 4.948636 | lrm: 1.00 | dt: 2172.13ms | tok/sec: 482,741 | bf16_mfu: 43.42 | epoch: 1 | total time: 2.65m | eta: 150.7m
step 00086/04357 (1.97%) | loss: 4.919372 | lrm: 1.00 | dt: 2171.11ms | tok/sec: 482,968 | bf16_mfu: 43.44 | epoch: 1 | total time: 2.68m | eta: 150.7m
step 00087/04357 (2.00%) | loss: 4.906562 | lrm: 1.00 | dt: 2172.47ms | tok/sec: 482,665 | bf16_mfu: 43.41 | epoch: 1 | total time: 2.72m | eta: 150.7m
step 00088/04357 (2.02%) | loss: 4.899176 | lrm: 1.00 | dt: 2171.95ms | tok/sec: 482,780 | bf16_mfu: 43.42 | epoch: 1 | total time: 2.75m | eta: 150.7m
step 00089/04357 (2.04%) | loss: 4.878464 | lrm: 1.00 | dt: 2168.43ms | tok/sec: 483,563 | bf16_mfu: 43.49 | epoch: 1 | total time: 2.79m | eta: 150.7m
step 00090/04357 (2.07%) | loss: 4.860171 | lrm: 1.00 | dt: 2178.36ms | tok/sec: 481,360 | bf16_mfu: 43.30 | epoch: 1 | total time: 2.83m | eta: 150.7m
step 00091/04357 (2.09%) | loss: 4.846137 | lrm: 1.00 | dt: 2181.05ms | tok/sec: 480,766 | bf16_mfu: 43.24 | epoch: 1 | total time: 2.86m | eta: 150.8m
step 00092/04357 (2.11%) | loss: 4.838197 | lrm: 1.00 | dt: 2173.45ms | tok/sec: 482,448 | bf16_mfu: 43.39 | epoch: 1 | total time: 2.90m | eta: 150.8m
step 00093/04357 (2.13%) | loss: 4.817766 | lrm: 1.00 | dt: 2180.69ms | tok/sec: 480,846 | bf16_mfu: 43.25 | epoch: 1 | total time: 2.94m | eta: 150.8m
step 00094/04357 (2.16%) | loss: 4.805547 | lrm: 1.00 | dt: 2184.53ms | tok/sec: 480,001 | bf16_mfu: 43.17 | epoch: 1 | total time: 2.97m | eta: 150.8m
step 00095/04357 (2.18%) | loss: 4.789760 | lrm: 1.00 | dt: 2180.35ms | tok/sec: 480,921 | bf16_mfu: 43.26 | epoch: 1 | total time: 3.01m | eta: 150.8m
step 00096/04357 (2.20%) | loss: 4.764214 | lrm: 1.00 | dt: 2176.12ms | tok/sec: 481,856 | bf16_mfu: 43.34 | epoch: 1 | total time: 3.04m | eta: 150.8m
step 00097/04357 (2.23%) | loss: 4.754100 | lrm: 1.00 | dt: 2184.04ms | tok/sec: 480,109 | bf16_mfu: 43.18 | epoch: 1 | total time: 3.08m | eta: 150.8m
step 00098/04357 (2.25%) | loss: 4.726609 | lrm: 1.00 | dt: 2184.30ms | tok/sec: 480,051 | bf16_mfu: 43.18 | epoch: 1 | total time: 3.12m | eta: 150.9m
step 00099/04357 (2.27%) | loss: 4.708303 | lrm: 1.00 | dt: 2187.28ms | tok/sec: 479,398 | bf16_mfu: 43.12 | epoch: 1 | total time: 3.15m | eta: 150.9m
step 00100/04357 (2.30%) | loss: 4.694169 | lrm: 1.00 | dt: 2188.68ms | tok/sec: 479,090 | bf16_mfu: 43.09 | epoch: 1 | total time: 3.19m | eta: 150.9m
step 00101/04357 (2.32%) | loss: 4.691805 | lrm: 1.00 | dt: 2188.16ms | tok/sec: 479,204 | bf16_mfu: 43.10 | epoch: 1 | total time: 3.23m | eta: 150.9m
step 00102/04357 (2.34%) | loss: 4.679343 | lrm: 1.00 | dt: 2183.77ms | tok/sec: 480,168 | bf16_mfu: 43.19 | epoch: 1 | total time: 3.26m | eta: 150.9m
step 00103/04357 (2.36%) | loss: 4.657060 | lrm: 1.00 | dt: 2183.48ms | tok/sec: 480,230 | bf16_mfu: 43.19 | epoch: 1 | total time: 3.30m | eta: 150.9m
step 00104/04357 (2.39%) | loss: 4.645624 | lrm: 1.00 | dt: 2190.32ms | tok/sec: 478,731 | bf16_mfu: 43.06 | epoch: 1 | total time: 3.34m | eta: 150.9m
step 00105/04357 (2.41%) | loss: 4.627778 | lrm: 1.00 | dt: 2187.12ms | tok/sec: 479,433 | bf16_mfu: 43.12 | epoch: 1 | total time: 3.37m | eta: 150.9m
step 00106/04357 (2.43%) | loss: 4.615673 | lrm: 1.00 | dt: 2191.38ms | tok/sec: 478,499 | bf16_mfu: 43.04 | epoch: 1 | total time: 3.41m | eta: 150.9m
step 00107/04357 (2.46%) | loss: 4.614602 | lrm: 1.00 | dt: 2191.05ms | tok/sec: 478,572 | bf16_mfu: 43.05 | epoch: 1 | total time: 3.45m | eta: 150.9m
step 00108/04357 (2.48%) | loss: 4.581288 | lrm: 1.00 | dt: 2183.45ms | tok/sec: 480,238 | bf16_mfu: 43.20 | epoch: 1 | total time: 3.48m | eta: 150.9m
step 00109/04357 (2.50%) | loss: 4.562406 | lrm: 1.00 | dt: 2192.17ms | tok/sec: 478,327 | bf16_mfu: 43.02 | epoch: 1 | total time: 3.52m | eta: 151.0m
step 00110/04357 (2.52%) | loss: 4.533732 | lrm: 1.00 | dt: 2185.66ms | tok/sec: 479,753 | bf16_mfu: 43.15 | epoch: 1 | total time: 3.55m | eta: 151.0m
step 00111/04357 (2.55%) | loss: 4.518166 | lrm: 1.00 | dt: 2188.57ms | tok/sec: 479,113 | bf16_mfu: 43.09 | epoch: 1 | total time: 3.59m | eta: 151.0m
step 00112/04357 (2.57%) | loss: 4.497478 | lrm: 1.00 | dt: 2187.52ms | tok/sec: 479,345 | bf16_mfu: 43.12 | epoch: 1 | total time: 3.63m | eta: 151.0m
step 00113/04357 (2.59%) | loss: 4.480822 | lrm: 1.00 | dt: 2193.39ms | tok/sec: 478,061 | bf16_mfu: 43.00 | epoch: 1 | total time: 3.66m | eta: 151.0m
step 00114/04357 (2.62%) | loss: 4.476239 | lrm: 1.00 | dt: 2191.92ms | tok/sec: 478,382 | bf16_mfu: 43.03 | epoch: 1 | total time: 3.70m | eta: 151.0m
step 00115/04357 (2.64%) | loss: 4.468504 | lrm: 1.00 | dt: 2192.77ms | tok/sec: 478,196 | bf16_mfu: 43.01 | epoch: 1 | total time: 3.74m | eta: 151.0m
step 00116/04357 (2.66%) | loss: 4.445364 | lrm: 1.00 | dt: 2190.40ms | tok/sec: 478,715 | bf16_mfu: 43.06 | epoch: 1 | total time: 3.77m | eta: 151.0m
step 00117/04357 (2.69%) | loss: 4.428708 | lrm: 1.00 | dt: 2194.43ms | tok/sec: 477,834 | bf16_mfu: 42.98 | epoch: 1 | total time: 3.81m | eta: 151.0m
step 00118/04357 (2.71%) | loss: 4.417761 | lrm: 1.00 | dt: 2193.15ms | tok/sec: 478,115 | bf16_mfu: 43.00 | epoch: 1 | total time: 3.85m | eta: 151.0m
step 00119/04357 (2.73%) | loss: 4.399841 | lrm: 1.00 | dt: 2188.82ms | tok/sec: 479,059 | bf16_mfu: 43.09 | epoch: 1 | total time: 3.88m | eta: 151.0m
step 00120/04357 (2.75%) | loss: 4.398836 | lrm: 1.00 | dt: 2189.22ms | tok/sec: 478,973 | bf16_mfu: 43.08 | epoch: 1 | total time: 3.92m | eta: 151.0m
step 00121/04357 (2.78%) | loss: 4.374295 | lrm: 1.00 | dt: 2179.07ms | tok/sec: 481,202 | bf16_mfu: 43.28 | epoch: 1 | total time: 3.96m | eta: 151.0m
step 00122/04357 (2.80%) | loss: 4.364915 | lrm: 1.00 | dt: 2193.08ms | tok/sec: 478,129 | bf16_mfu: 43.01 | epoch: 1 | total time: 3.99m | eta: 151.0m
step 00123/04357 (2.82%) | loss: 4.342962 | lrm: 1.00 | dt: 2200.18ms | tok/sec: 476,587 | bf16_mfu: 42.87 | epoch: 1 | total time: 4.03m | eta: 151.0m
step 00124/04357 (2.85%) | loss: 4.324876 | lrm: 1.00 | dt: 2193.26ms | tok/sec: 478,090 | bf16_mfu: 43.00 | epoch: 1 | total time: 4.07m | eta: 151.0m
step 00125/04357 (2.87%) | loss: 4.312072 | lrm: 1.00 | dt: 2192.27ms | tok/sec: 478,306 | bf16_mfu: 43.02 | epoch: 1 | total time: 4.10m | eta: 151.0m
step 00126/04357 (2.89%) | loss: 4.305479 | lrm: 1.00 | dt: 2191.71ms | tok/sec: 478,429 | bf16_mfu: 43.03 | epoch: 1 | total time: 4.14m | eta: 151.0m
step 00127/04357 (2.91%) | loss: 4.291548 | lrm: 1.00 | dt: 2185.92ms | tok/sec: 479,696 | bf16_mfu: 43.15 | epoch: 1 | total time: 4.18m | eta: 150.9m
step 00128/04357 (2.94%) | loss: 4.270159 | lrm: 1.00 | dt: 2188.98ms | tok/sec: 479,024 | bf16_mfu: 43.09 | epoch: 1 | total time: 4.21m | eta: 150.9m
step 00129/04357 (2.96%) | loss: 4.259180 | lrm: 1.00 | dt: 2194.06ms | tok/sec: 477,916 | bf16_mfu: 42.99 | epoch: 1 | total time: 4.25m | eta: 150.9m
step 00130/04357 (2.98%) | loss: 4.257841 | lrm: 1.00 | dt: 2193.78ms | tok/sec: 477,977 | bf16_mfu: 42.99 | epoch: 1 | total time: 4.28m | eta: 150.9m
step 00131/04357 (3.01%) | loss: 4.242951 | lrm: 1.00 | dt: 2196.66ms | tok/sec: 477,349 | bf16_mfu: 42.94 | epoch: 1 | total time: 4.32m | eta: 150.9m
step 00132/04357 (3.03%) | loss: 4.222539 | lrm: 1.00 | dt: 2189.25ms | tok/sec: 478,966 | bf16_mfu: 43.08 | epoch: 1 | total time: 4.36m | eta: 150.9m
step 00133/04357 (3.05%) | loss: 4.224164 | lrm: 1.00 | dt: 2192.26ms | tok/sec: 478,307 | bf16_mfu: 43.02 | epoch: 1 | total time: 4.39m | eta: 150.9m
step 00134/04357 (3.08%) | loss: 4.201137 | lrm: 1.00 | dt: 2192.50ms | tok/sec: 478,255 | bf16_mfu: 43.02 | epoch: 1 | total time: 4.43m | eta: 150.9m
step 00135/04357 (3.10%) | loss: 4.181406 | lrm: 1.00 | dt: 2198.03ms | tok/sec: 477,053 | bf16_mfu: 42.91 | epoch: 1 | total time: 4.47m | eta: 150.9m
step 00136/04357 (3.12%) | loss: 4.167779 | lrm: 1.00 | dt: 2194.65ms | tok/sec: 477,787 | bf16_mfu: 42.98 | epoch: 1 | total time: 4.50m | eta: 150.9m
step 00137/04357 (3.14%) | loss: 4.162164 | lrm: 1.00 | dt: 2195.22ms | tok/sec: 477,663 | bf16_mfu: 42.96 | epoch: 1 | total time: 4.54m | eta: 150.9m
step 00138/04357 (3.17%) | loss: 4.142025 | lrm: 1.00 | dt: 2198.40ms | tok/sec: 476,972 | bf16_mfu: 42.90 | epoch: 1 | total time: 4.58m | eta: 150.9m
step 00139/04357 (3.19%) | loss: 4.136145 | lrm: 1.00 | dt: 2196.12ms | tok/sec: 477,467 | bf16_mfu: 42.95 | epoch: 1 | total time: 4.61m | eta: 150.9m
step 00140/04357 (3.21%) | loss: 4.126586 | lrm: 1.00 | dt: 2189.82ms | tok/sec: 478,842 | bf16_mfu: 43.07 | epoch: 1 | total time: 4.65m | eta: 150.9m
step 00141/04357 (3.24%) | loss: 4.106060 | lrm: 1.00 | dt: 2196.48ms | tok/sec: 477,388 | bf16_mfu: 42.94 | epoch: 1 | total time: 4.69m | eta: 150.8m
step 00142/04357 (3.26%) | loss: 4.081585 | lrm: 1.00 | dt: 2196.54ms | tok/sec: 477,376 | bf16_mfu: 42.94 | epoch: 1 | total time: 4.72m | eta: 150.8m
step 00143/04357 (3.28%) | loss: 4.065073 | lrm: 1.00 | dt: 2189.00ms | tok/sec: 479,020 | bf16_mfu: 43.09 | epoch: 1 | total time: 4.76m | eta: 150.8m
step 00144/04357 (3.31%) | loss: 4.059309 | lrm: 1.00 | dt: 2193.73ms | tok/sec: 477,986 | bf16_mfu: 42.99 | epoch: 1 | total time: 4.80m | eta: 150.8m
step 00145/04357 (3.33%) | loss: 4.046196 | lrm: 1.00 | dt: 2191.63ms | tok/sec: 478,445 | bf16_mfu: 43.03 | epoch: 1 | total time: 4.83m | eta: 150.8m
step 00146/04357 (3.35%) | loss: 4.035063 | lrm: 1.00 | dt: 2188.57ms | tok/sec: 479,113 | bf16_mfu: 43.09 | epoch: 1 | total time: 4.87m | eta: 150.8m
step 00147/04357 (3.37%) | loss: 4.028808 | lrm: 1.00 | dt: 2191.30ms | tok/sec: 478,518 | bf16_mfu: 43.04 | epoch: 1 | total time: 4.91m | eta: 150.8m
step 00148/04357 (3.40%) | loss: 4.026271 | lrm: 1.00 | dt: 2191.61ms | tok/sec: 478,449 | bf16_mfu: 43.03 | epoch: 1 | total time: 4.94m | eta: 150.8m
step 00149/04357 (3.42%) | loss: 4.017222 | lrm: 1.00 | dt: 2183.64ms | tok/sec: 480,196 | bf16_mfu: 43.19 | epoch: 1 | total time: 4.98m | eta: 150.7m
step 00150/04357 (3.44%) | loss: 4.012649 | lrm: 1.00 | dt: 2189.24ms | tok/sec: 478,968 | bf16_mfu: 43.08 | epoch: 1 | total time: 5.02m | eta: 150.7m
step 00151/04357 (3.47%) | loss: 4.003829 | lrm: 1.00 | dt: 2194.60ms | tok/sec: 477,798 | bf16_mfu: 42.98 | epoch: 1 | total time: 5.05m | eta: 150.7m
step 00152/04357 (3.49%) | loss: 3.991406 | lrm: 1.00 | dt: 2203.34ms | tok/sec: 475,903 | bf16_mfu: 42.81 | epoch: 1 | total time: 5.09m | eta: 150.7m
step 00153/04357 (3.51%) | loss: 3.989092 | lrm: 1.00 | dt: 2196.79ms | tok/sec: 477,321 | bf16_mfu: 42.93 | epoch: 1 | total time: 5.13m | eta: 150.7m
step 00154/04357 (3.53%) | loss: 3.987789 | lrm: 1.00 | dt: 2193.52ms | tok/sec: 478,033 | bf16_mfu: 43.00 | epoch: 1 | total time: 5.16m | eta: 150.7m
step 00155/04357 (3.56%) | loss: 3.961852 | lrm: 1.00 | dt: 2201.58ms | tok/sec: 476,283 | bf16_mfu: 42.84 | epoch: 1 | total time: 5.20m | eta: 150.7m
step 00156/04357 (3.58%) | loss: 3.944277 | lrm: 1.00 | dt: 2194.67ms | tok/sec: 477,783 | bf16_mfu: 42.97 | epoch: 1 | total time: 5.24m | eta: 150.6m
step 00157/04357 (3.60%) | loss: 3.933728 | lrm: 1.00 | dt: 2194.79ms | tok/sec: 477,756 | bf16_mfu: 42.97 | epoch: 1 | total time: 5.27m | eta: 150.6m
step 00158/04357 (3.63%) | loss: 3.916927 | lrm: 1.00 | dt: 2197.63ms | tok/sec: 477,140 | bf16_mfu: 42.92 | epoch: 1 | total time: 5.31m | eta: 150.6m
step 00159/04357 (3.65%) | loss: 3.913822 | lrm: 1.00 | dt: 2193.47ms | tok/sec: 478,045 | bf16_mfu: 43.00 | epoch: 1 | total time: 5.35m | eta: 150.6m
step 00160/04357 (3.67%) | loss: 3.921988 | lrm: 1.00 | dt: 2186.67ms | tok/sec: 479,531 | bf16_mfu: 43.13 | epoch: 1 | total time: 5.38m | eta: 150.6m
step 00161/04357 (3.70%) | loss: 3.902355 | lrm: 1.00 | dt: 2191.53ms | tok/sec: 478,466 | bf16_mfu: 43.04 | epoch: 1 | total time: 5.42m | eta: 150.6m
step 00162/04357 (3.72%) | loss: 3.899240 | lrm: 1.00 | dt: 2190.71ms | tok/sec: 478,646 | bf16_mfu: 43.05 | epoch: 1 | total time: 5.45m | eta: 150.5m
step 00163/04357 (3.74%) | loss: 3.887841 | lrm: 1.00 | dt: 2191.72ms | tok/sec: 478,425 | bf16_mfu: 43.03 | epoch: 1 | total time: 5.49m | eta: 150.5m
step 00164/04357 (3.76%) | loss: 3.877690 | lrm: 1.00 | dt: 2192.72ms | tok/sec: 478,207 | bf16_mfu: 43.01 | epoch: 1 | total time: 5.53m | eta: 150.5m
step 00165/04357 (3.79%) | loss: 3.853772 | lrm: 1.00 | dt: 2191.54ms | tok/sec: 478,465 | bf16_mfu: 43.04 | epoch: 1 | total time: 5.56m | eta: 150.5m
step 00166/04357 (3.81%) | loss: 3.857234 | lrm: 1.00 | dt: 2192.48ms | tok/sec: 478,261 | bf16_mfu: 43.02 | epoch: 1 | total time: 5.60m | eta: 150.5m
step 00167/04357 (3.83%) | loss: 3.843626 | lrm: 1.00 | dt: 2189.99ms | tok/sec: 478,804 | bf16_mfu: 43.07 | epoch: 1 | total time: 5.64m | eta: 150.4m
step 00168/04357 (3.86%) | loss: 3.832911 | lrm: 1.00 | dt: 2194.08ms | tok/sec: 477,910 | bf16_mfu: 42.99 | epoch: 1 | total time: 5.67m | eta: 150.4m
step 00169/04357 (3.88%) | loss: 3.843272 | lrm: 1.00 | dt: 2193.66ms | tok/sec: 478,002 | bf16_mfu: 42.99 | epoch: 1 | total time: 5.71m | eta: 150.4m
step 00170/04357 (3.90%) | loss: 3.847761 | lrm: 1.00 | dt: 2191.15ms | tok/sec: 478,550 | bf16_mfu: 43.04 | epoch: 1 | total time: 5.75m | eta: 150.4m
step 00171/04357 (3.92%) | loss: 3.832033 | lrm: 1.00 | dt: 2192.83ms | tok/sec: 478,183 | bf16_mfu: 43.01 | epoch: 1 | total time: 5.78m | eta: 150.4m
step 00172/04357 (3.95%) | loss: 3.819571 | lrm: 1.00 | dt: 2191.92ms | tok/sec: 478,383 | bf16_mfu: 43.03 | epoch: 1 | total time: 5.82m | eta: 150.4m
step 00173/04357 (3.97%) | loss: 3.814441 | lrm: 1.00 | dt: 2185.06ms | tok/sec: 479,885 | bf16_mfu: 43.16 | epoch: 1 | total time: 5.86m | eta: 150.3m
step 00174/04357 (3.99%) | loss: 3.809344 | lrm: 1.00 | dt: 2186.64ms | tok/sec: 479,537 | bf16_mfu: 43.13 | epoch: 1 | total time: 5.89m | eta: 150.3m
step 00175/04357 (4.02%) | loss: 3.800105 | lrm: 1.00 | dt: 2195.49ms | tok/sec: 477,603 | bf16_mfu: 42.96 | epoch: 1 | total time: 5.93m | eta: 150.3m
step 00176/04357 (4.04%) | loss: 3.794543 | lrm: 1.00 | dt: 2183.19ms | tok/sec: 480,295 | bf16_mfu: 43.20 | epoch: 1 | total time: 5.97m | eta: 150.3m
step 00177/04357 (4.06%) | loss: 3.786778 | lrm: 1.00 | dt: 2195.86ms | tok/sec: 477,523 | bf16_mfu: 42.95 | epoch: 1 | total time: 6.00m | eta: 150.2m
step 00178/04357 (4.09%) | loss: 3.787130 | lrm: 1.00 | dt: 2194.75ms | tok/sec: 477,766 | bf16_mfu: 42.97 | epoch: 1 | total time: 6.04m | eta: 150.2m
step 00179/04357 (4.11%) | loss: 3.776760 | lrm: 1.00 | dt: 2188.34ms | tok/sec: 479,164 | bf16_mfu: 43.10 | epoch: 1 | total time: 6.08m | eta: 150.2m
step 00180/04357 (4.13%) | loss: 3.776737 | lrm: 1.00 | dt: 2187.40ms | tok/sec: 479,369 | bf16_mfu: 43.12 | epoch: 1 | total time: 6.11m | eta: 150.2m
step 00181/04357 (4.15%) | loss: 3.769904 | lrm: 1.00 | dt: 2190.09ms | tok/sec: 478,781 | bf16_mfu: 43.06 | epoch: 1 | total time: 6.15m | eta: 150.2m
step 00182/04357 (4.18%) | loss: 3.756538 | lrm: 1.00 | dt: 2196.79ms | tok/sec: 477,322 | bf16_mfu: 42.93 | epoch: 1 | total time: 6.19m | eta: 150.1m
step 00183/04357 (4.20%) | loss: 3.752350 | lrm: 1.00 | dt: 2184.67ms | tok/sec: 479,970 | bf16_mfu: 43.17 | epoch: 1 | total time: 6.22m | eta: 150.1m
step 00184/04357 (4.22%) | loss: 3.746684 | lrm: 1.00 | dt: 2185.53ms | tok/sec: 479,780 | bf16_mfu: 43.15 | epoch: 1 | total time: 6.26m | eta: 150.1m
step 00185/04357 (4.25%) | loss: 3.741866 | lrm: 1.00 | dt: 2182.28ms | tok/sec: 480,495 | bf16_mfu: 43.22 | epoch: 1 | total time: 6.29m | eta: 150.1m
step 00186/04357 (4.27%) | loss: 3.748118 | lrm: 1.00 | dt: 2190.91ms | tok/sec: 478,602 | bf16_mfu: 43.05 | epoch: 1 | total time: 6.33m | eta: 150.0m
step 00187/04357 (4.29%) | loss: 3.734912 | lrm: 1.00 | dt: 2191.85ms | tok/sec: 478,398 | bf16_mfu: 43.03 | epoch: 1 | total time: 6.37m | eta: 150.0m
step 00188/04357 (4.31%) | loss: 3.718390 | lrm: 1.00 | dt: 2177.18ms | tok/sec: 481,620 | bf16_mfu: 43.32 | epoch: 1 | total time: 6.40m | eta: 150.0m
step 00189/04357 (4.34%) | loss: 3.703193 | lrm: 1.00 | dt: 2187.68ms | tok/sec: 479,310 | bf16_mfu: 43.11 | epoch: 1 | total time: 6.44m | eta: 150.0m
step 00190/04357 (4.36%) | loss: 3.702524 | lrm: 1.00 | dt: 2186.08ms | tok/sec: 479,660 | bf16_mfu: 43.14 | epoch: 1 | total time: 6.48m | eta: 149.9m
step 00191/04357 (4.38%) | loss: 3.694476 | lrm: 1.00 | dt: 2184.97ms | tok/sec: 479,903 | bf16_mfu: 43.17 | epoch: 1 | total time: 6.51m | eta: 149.9m
step 00192/04357 (4.41%) | loss: 3.690799 | lrm: 1.00 | dt: 2190.63ms | tok/sec: 478,665 | bf16_mfu: 43.05 | epoch: 1 | total time: 6.55m | eta: 149.9m
step 00193/04357 (4.43%) | loss: 3.686922 | lrm: 1.00 | dt: 2182.20ms | tok/sec: 480,513 | bf16_mfu: 43.22 | epoch: 1 | total time: 6.59m | eta: 149.9m
step 00194/04357 (4.45%) | loss: 3.668975 | lrm: 1.00 | dt: 2189.91ms | tok/sec: 478,821 | bf16_mfu: 43.07 | epoch: 1 | total time: 6.62m | eta: 149.8m
step 00195/04357 (4.48%) | loss: 3.668122 | lrm: 1.00 | dt: 2186.81ms | tok/sec: 479,499 | bf16_mfu: 43.13 | epoch: 1 | total time: 6.66m | eta: 149.8m
step 00196/04357 (4.50%) | loss: 3.661985 | lrm: 1.00 | dt: 2183.70ms | tok/sec: 480,183 | bf16_mfu: 43.19 | epoch: 1 | total time: 6.70m | eta: 149.8m
step 00197/04357 (4.52%) | loss: 3.668036 | lrm: 1.00 | dt: 2184.86ms | tok/sec: 479,928 | bf16_mfu: 43.17 | epoch: 1 | total time: 6.73m | eta: 149.8m
step 00198/04357 (4.54%) | loss: 3.671266 | lrm: 1.00 | dt: 2183.36ms | tok/sec: 480,258 | bf16_mfu: 43.20 | epoch: 1 | total time: 6.77m | eta: 149.7m
step 00199/04357 (4.57%) | loss: 3.670665 | lrm: 1.00 | dt: 2184.22ms | tok/sec: 480,068 | bf16_mfu: 43.18 | epoch: 1 | total time: 6.80m | eta: 149.7m
step 00200/04357 (4.59%) | loss: 3.662392 | lrm: 1.00 | dt: 2180.43ms | tok/sec: 480,903 | bf16_mfu: 43.26 | epoch: 1 | total time: 6.84m | eta: 149.7m
step 00201/04357 (4.61%) | loss: 3.648535 | lrm: 1.00 | dt: 2186.90ms | tok/sec: 479,480 | bf16_mfu: 43.13 | epoch: 1 | total time: 6.88m | eta: 149.6m
step 00202/04357 (4.64%) | loss: 3.647595 | lrm: 1.00 | dt: 2187.45ms | tok/sec: 479,360 | bf16_mfu: 43.12 | epoch: 1 | total time: 6.91m | eta: 149.6m
step 00203/04357 (4.66%) | loss: 3.645962 | lrm: 1.00 | dt: 2180.99ms | tok/sec: 480,779 | bf16_mfu: 43.24 | epoch: 1 | total time: 6.95m | eta: 149.6m
step 00204/04357 (4.68%) | loss: 3.647397 | lrm: 1.00 | dt: 2179.46ms | tok/sec: 481,118 | bf16_mfu: 43.27 | epoch: 1 | total time: 6.99m | eta: 149.6m
step 00205/04357 (4.71%) | loss: 3.637287 | lrm: 1.00 | dt: 2172.76ms | tok/sec: 482,601 | bf16_mfu: 43.41 | epoch: 1 | total time: 7.02m | eta: 149.5m
step 00206/04357 (4.73%) | loss: 3.637207 | lrm: 1.00 | dt: 2185.00ms | tok/sec: 479,897 | bf16_mfu: 43.16 | epoch: 1 | total time: 7.06m | eta: 149.5m
step 00207/04357 (4.75%) | loss: 3.630333 | lrm: 1.00 | dt: 2186.56ms | tok/sec: 479,556 | bf16_mfu: 43.13 | epoch: 1 | total time: 7.10m | eta: 149.5m
step 00208/04357 (4.77%) | loss: 3.621800 | lrm: 1.00 | dt: 2176.67ms | tok/sec: 481,733 | bf16_mfu: 43.33 | epoch: 1 | total time: 7.13m | eta: 149.4m
step 00209/04357 (4.80%) | loss: 3.623644 | lrm: 1.00 | dt: 2182.73ms | tok/sec: 480,396 | bf16_mfu: 43.21 | epoch: 1 | total time: 7.17m | eta: 149.4m
step 00210/04357 (4.82%) | loss: 3.613654 | lrm: 1.00 | dt: 2184.22ms | tok/sec: 480,068 | bf16_mfu: 43.18 | epoch: 1 | total time: 7.20m | eta: 149.4m
step 00211/04357 (4.84%) | loss: 3.608082 | lrm: 1.00 | dt: 2179.81ms | tok/sec: 481,040 | bf16_mfu: 43.27 | epoch: 1 | total time: 7.24m | eta: 149.4m
step 00212/04357 (4.87%) | loss: 3.608457 | lrm: 1.00 | dt: 2180.72ms | tok/sec: 480,839 | bf16_mfu: 43.25 | epoch: 1 | total time: 7.28m | eta: 149.3m
step 00213/04357 (4.89%) | loss: 3.607992 | lrm: 1.00 | dt: 2184.30ms | tok/sec: 480,052 | bf16_mfu: 43.18 | epoch: 1 | total time: 7.31m | eta: 149.3m
step 00214/04357 (4.91%) | loss: 3.608803 | lrm: 1.00 | dt: 2180.53ms | tok/sec: 480,880 | bf16_mfu: 43.25 | epoch: 1 | total time: 7.35m | eta: 149.3m
step 00215/04357 (4.93%) | loss: 3.615566 | lrm: 1.00 | dt: 2181.14ms | tok/sec: 480,746 | bf16_mfu: 43.24 | epoch: 1 | total time: 7.39m | eta: 149.2m
step 00216/04357 (4.96%) | loss: 3.620757 | lrm: 1.00 | dt: 2182.28ms | tok/sec: 480,495 | bf16_mfu: 43.22 | epoch: 1 | total time: 7.42m | eta: 149.2m
step 00217/04357 (4.98%) | loss: 3.624814 | lrm: 1.00 | dt: 2181.17ms | tok/sec: 480,739 | bf16_mfu: 43.24 | epoch: 1 | total time: 7.46m | eta: 149.2m
step 00218/04357 (5.00%) | loss: 3.607886 | lrm: 1.00 | dt: 2174.66ms | tok/sec: 482,179 | bf16_mfu: 43.37 | epoch: 1 | total time: 7.50m | eta: 149.1m
step 00219/04357 (5.03%) | loss: 3.600616 | lrm: 1.00 | dt: 2186.60ms | tok/sec: 479,545 | bf16_mfu: 43.13 | epoch: 1 | total time: 7.53m | eta: 149.1m
step 00220/04357 (5.05%) | loss: 3.589661 | lrm: 1.00 | dt: 2181.10ms | tok/sec: 480,755 | bf16_mfu: 43.24 | epoch: 1 | total time: 7.57m | eta: 149.1m
step 00221/04357 (5.07%) | loss: 3.580414 | lrm: 1.00 | dt: 2179.20ms | tok/sec: 481,174 | bf16_mfu: 43.28 | epoch: 1 | total time: 7.60m | eta: 149.1m
step 00222/04357 (5.10%) | loss: 3.589070 | lrm: 1.00 | dt: 2180.29ms | tok/sec: 480,933 | bf16_mfu: 43.26 | epoch: 1 | total time: 7.64m | eta: 149.0m
step 00223/04357 (5.12%) | loss: 3.592563 | lrm: 1.00 | dt: 2181.88ms | tok/sec: 480,583 | bf16_mfu: 43.23 | epoch: 1 | total time: 7.68m | eta: 149.0m
step 00224/04357 (5.14%) | loss: 3.574572 | lrm: 1.00 | dt: 2181.19ms | tok/sec: 480,735 | bf16_mfu: 43.24 | epoch: 1 | total time: 7.71m | eta: 149.0m
step 00225/04357 (5.16%) | loss: 3.563692 | lrm: 1.00 | dt: 2179.25ms | tok/sec: 481,164 | bf16_mfu: 43.28 | epoch: 1 | total time: 7.75m | eta: 148.9m
step 00226/04357 (5.19%) | loss: 3.557517 | lrm: 1.00 | dt: 2183.76ms | tok/sec: 480,169 | bf16_mfu: 43.19 | epoch: 1 | total time: 7.79m | eta: 148.9m
step 00227/04357 (5.21%) | loss: 3.555081 | lrm: 1.00 | dt: 2178.15ms | tok/sec: 481,406 | bf16_mfu: 43.30 | epoch: 1 | total time: 7.82m | eta: 148.9m
step 00228/04357 (5.23%) | loss: 3.546565 | lrm: 1.00 | dt: 2182.94ms | tok/sec: 480,350 | bf16_mfu: 43.21 | epoch: 1 | total time: 7.86m | eta: 148.8m
step 00229/04357 (5.26%) | loss: 3.556156 | lrm: 1.00 | dt: 2183.89ms | tok/sec: 480,141 | bf16_mfu: 43.19 | epoch: 1 | total time: 7.90m | eta: 148.8m
step 00230/04357 (5.28%) | loss: 3.542230 | lrm: 1.00 | dt: 2180.72ms | tok/sec: 480,838 | bf16_mfu: 43.25 | epoch: 1 | total time: 7.93m | eta: 148.8m
step 00231/04357 (5.30%) | loss: 3.538204 | lrm: 1.00 | dt: 2180.78ms | tok/sec: 480,826 | bf16_mfu: 43.25 | epoch: 1 | total time: 7.97m | eta: 148.8m
step 00232/04357 (5.32%) | loss: 3.528626 | lrm: 1.00 | dt: 2178.25ms | tok/sec: 481,384 | bf16_mfu: 43.30 | epoch: 1 | total time: 8.00m | eta: 148.7m
step 00233/04357 (5.35%) | loss: 3.523180 | lrm: 1.00 | dt: 2176.61ms | tok/sec: 481,746 | bf16_mfu: 43.33 | epoch: 1 | total time: 8.04m | eta: 148.7m
step 00234/04357 (5.37%) | loss: 3.514972 | lrm: 1.00 | dt: 2182.71ms | tok/sec: 480,401 | bf16_mfu: 43.21 | epoch: 1 | total time: 8.08m | eta: 148.7m
step 00235/04357 (5.39%) | loss: 3.508733 | lrm: 1.00 | dt: 2182.20ms | tok/sec: 480,513 | bf16_mfu: 43.22 | epoch: 1 | total time: 8.11m | eta: 148.6m
step 00236/04357 (5.42%) | loss: 3.500199 | lrm: 1.00 | dt: 2174.35ms | tok/sec: 482,248 | bf16_mfu: 43.38 | epoch: 1 | total time: 8.15m | eta: 148.6m
step 00237/04357 (5.44%) | loss: 3.505665 | lrm: 1.00 | dt: 2175.48ms | tok/sec: 481,996 | bf16_mfu: 43.35 | epoch: 1 | total time: 8.19m | eta: 148.6m
step 00238/04357 (5.46%) | loss: 3.506141 | lrm: 1.00 | dt: 2182.50ms | tok/sec: 480,448 | bf16_mfu: 43.21 | epoch: 1 | total time: 8.22m | eta: 148.5m
step 00239/04357 (5.49%) | loss: 3.520245 | lrm: 1.00 | dt: 2176.21ms | tok/sec: 481,835 | bf16_mfu: 43.34 | epoch: 1 | total time: 8.26m | eta: 148.5m
step 00240/04357 (5.51%) | loss: 3.517416 | lrm: 1.00 | dt: 2176.84ms | tok/sec: 481,697 | bf16_mfu: 43.33 | epoch: 1 | total time: 8.29m | eta: 148.5m
step 00241/04357 (5.53%) | loss: 3.518198 | lrm: 1.00 | dt: 2174.82ms | tok/sec: 482,143 | bf16_mfu: 43.37 | epoch: 1 | total time: 8.33m | eta: 148.4m
step 00242/04357 (5.55%) | loss: 3.503732 | lrm: 1.00 | dt: 2179.38ms | tok/sec: 481,135 | bf16_mfu: 43.28 | epoch: 1 | total time: 8.37m | eta: 148.4m
step 00243/04357 (5.58%) | loss: 3.496451 | lrm: 1.00 | dt: 2176.20ms | tok/sec: 481,838 | bf16_mfu: 43.34 | epoch: 1 | total time: 8.40m | eta: 148.4m
step 00244/04357 (5.60%) | loss: 3.488805 | lrm: 1.00 | dt: 2174.61ms | tok/sec: 482,189 | bf16_mfu: 43.37 | epoch: 1 | total time: 8.44m | eta: 148.3m
step 00245/04357 (5.62%) | loss: 3.489301 | lrm: 1.00 | dt: 2176.55ms | tok/sec: 481,760 | bf16_mfu: 43.33 | epoch: 1 | total time: 8.48m | eta: 148.3m
step 00246/04357 (5.65%) | loss: 3.487157 | lrm: 1.00 | dt: 2175.83ms | tok/sec: 481,919 | bf16_mfu: 43.35 | epoch: 1 | total time: 8.51m | eta: 148.3m
step 00247/04357 (5.67%) | loss: 3.484204 | lrm: 1.00 | dt: 2179.60ms | tok/sec: 481,085 | bf16_mfu: 43.27 | epoch: 1 | total time: 8.55m | eta: 148.2m
step 00248/04357 (5.69%) | loss: 3.495070 | lrm: 1.00 | dt: 2167.61ms | tok/sec: 483,746 | bf16_mfu: 43.51 | epoch: 1 | total time: 8.58m | eta: 148.2m
step 00249/04357 (5.71%) | loss: 3.509340 | lrm: 1.00 | dt: 2177.39ms | tok/sec: 481,574 | bf16_mfu: 43.32 | epoch: 1 | total time: 8.62m | eta: 148.2m
Step 00250 | Validation bpb: 1.053918
step 00250/04357 (5.74%) | loss: 3.500717 | lrm: 1.00 | dt: 35926.01ms | tok/sec: 29,187 | bf16_mfu: 2.63 | epoch: 1 | total time: 9.22m | eta: 157.8m
step 00251/04357 (5.76%) | loss: 3.502435 | lrm: 1.00 | dt: 2025.08ms | tok/sec: 517,793 | bf16_mfu: 46.57 | epoch: 1 | total time: 9.25m | eta: 157.7m
step 00252/04357 (5.78%) | loss: 3.492115 | lrm: 1.00 | dt: 2043.24ms | tok/sec: 513,193 | bf16_mfu: 46.16 | epoch: 1 | total time: 9.29m | eta: 157.5m
step 00253/04357 (5.81%) | loss: 3.496898 | lrm: 1.00 | dt: 2045.68ms | tok/sec: 512,580 | bf16_mfu: 46.10 | epoch: 1 | total time: 9.32m | eta: 157.4m
step 00254/04357 (5.83%) | loss: 3.493118 | lrm: 1.00 | dt: 2055.79ms | tok/sec: 510,059 | bf16_mfu: 45.88 | epoch: 1 | total time: 9.36m | eta: 157.3m
step 00255/04357 (5.85%) | loss: 3.500657 | lrm: 1.00 | dt: 2053.10ms | tok/sec: 510,727 | bf16_mfu: 45.94 | epoch: 1 | total time: 9.39m | eta: 157.2m
step 00256/04357 (5.88%) | loss: 3.501186 | lrm: 1.00 | dt: 2064.55ms | tok/sec: 507,895 | bf16_mfu: 45.68 | epoch: 1 | total time: 9.42m | eta: 157.1m
step 00257/04357 (5.90%) | loss: 3.505762 | lrm: 1.00 | dt: 2064.79ms | tok/sec: 507,836 | bf16_mfu: 45.68 | epoch: 1 | total time: 9.46m | eta: 157.0m
step 00258/04357 (5.92%) | loss: 3.497377 | lrm: 1.00 | dt: 2065.23ms | tok/sec: 507,727 | bf16_mfu: 45.67 | epoch: 1 | total time: 9.49m | eta: 156.9m
step 00259/04357 (5.94%) | loss: 3.499879 | lrm: 1.00 | dt: 2072.92ms | tok/sec: 505,845 | bf16_mfu: 45.50 | epoch: 1 | total time: 9.53m | eta: 156.8m
step 00260/04357 (5.97%) | loss: 3.504770 | lrm: 1.00 | dt: 2068.68ms | tok/sec: 506,882 | bf16_mfu: 45.59 | epoch: 1 | total time: 9.56m | eta: 156.7m
step 00261/04357 (5.99%) | loss: 3.494588 | lrm: 1.00 | dt: 2075.74ms | tok/sec: 505,157 | bf16_mfu: 45.44 | epoch: 1 | total time: 9.60m | eta: 156.6m
step 00262/04357 (6.01%) | loss: 3.498558 | lrm: 1.00 | dt: 2076.34ms | tok/sec: 505,011 | bf16_mfu: 45.42 | epoch: 1 | total time: 9.63m | eta: 156.5m
step 00263/04357 (6.04%) | loss: 3.496664 | lrm: 1.00 | dt: 2078.69ms | tok/sec: 504,440 | bf16_mfu: 45.37 | epoch: 1 | total time: 9.67m | eta: 156.4m
step 00264/04357 (6.06%) | loss: 3.500204 | lrm: 1.00 | dt: 2087.34ms | tok/sec: 502,349 | bf16_mfu: 45.18 | epoch: 1 | total time: 9.70m | eta: 156.3m
step 00265/04357 (6.08%) | loss: 3.503581 | lrm: 1.00 | dt: 2085.77ms | tok/sec: 502,729 | bf16_mfu: 45.22 | epoch: 1 | total time: 9.74m | eta: 156.2m
step 00266/04357 (6.11%) | loss: 3.489715 | lrm: 1.00 | dt: 2086.00ms | tok/sec: 502,673 | bf16_mfu: 45.21 | epoch: 1 | total time: 9.77m | eta: 156.1m
step 00267/04357 (6.13%) | loss: 3.486087 | lrm: 1.00 | dt: 2092.31ms | tok/sec: 501,156 | bf16_mfu: 45.08 | epoch: 1 | total time: 9.81m | eta: 156.0m
step 00268/04357 (6.15%) | loss: 3.470129 | lrm: 1.00 | dt: 2092.87ms | tok/sec: 501,023 | bf16_mfu: 45.06 | epoch: 1 | total time: 9.84m | eta: 156.0m
step 00269/04357 (6.17%) | loss: 3.457337 | lrm: 1.00 | dt: 2098.72ms | tok/sec: 499,625 | bf16_mfu: 44.94 | epoch: 1 | total time: 9.88m | eta: 155.9m
step 00270/04357 (6.20%) | loss: 3.458824 | lrm: 1.00 | dt: 2093.19ms | tok/sec: 500,945 | bf16_mfu: 45.06 | epoch: 1 | total time: 9.91m | eta: 155.8m
step 00271/04357 (6.22%) | loss: 3.447092 | lrm: 1.00 | dt: 2105.07ms | tok/sec: 498,118 | bf16_mfu: 44.80 | epoch: 1 | total time: 9.95m | eta: 155.7m
step 00272/04357 (6.24%) | loss: 3.447103 | lrm: 1.00 | dt: 2103.05ms | tok/sec: 498,597 | bf16_mfu: 44.85 | epoch: 1 | total time: 9.98m | eta: 155.6m
step 00273/04357 (6.27%) | loss: 3.444049 | lrm: 1.00 | dt: 2105.67ms | tok/sec: 497,976 | bf16_mfu: 44.79 | epoch: 1 | total time: 10.02m | eta: 155.5m
step 00274/04357 (6.29%) | loss: 3.438793 | lrm: 1.00 | dt: 2109.60ms | tok/sec: 497,049 | bf16_mfu: 44.71 | epoch: 1 | total time: 10.05m | eta: 155.4m
step 00275/04357 (6.31%) | loss: 3.444036 | lrm: 1.00 | dt: 2114.40ms | tok/sec: 495,922 | bf16_mfu: 44.61 | epoch: 1 | total time: 10.09m | eta: 155.4m
step 00276/04357 (6.33%) | loss: 3.436411 | lrm: 1.00 | dt: 2113.43ms | tok/sec: 496,148 | bf16_mfu: 44.63 | epoch: 1 | total time: 10.12m | eta: 155.3m
step 00277/04357 (6.36%) | loss: 3.433164 | lrm: 1.00 | dt: 2113.61ms | tok/sec: 496,105 | bf16_mfu: 44.62 | epoch: 1 | total time: 10.16m | eta: 155.2m
step 00278/04357 (6.38%) | loss: 3.418421 | lrm: 1.00 | dt: 2111.54ms | tok/sec: 496,593 | bf16_mfu: 44.67 | epoch: 1 | total time: 10.19m | eta: 155.1m
step 00279/04357 (6.40%) | loss: 3.410460 | lrm: 1.00 | dt: 2105.18ms | tok/sec: 498,094 | bf16_mfu: 44.80 | epoch: 1 | total time: 10.23m | eta: 155.0m
step 00280/04357 (6.43%) | loss: 3.409989 | lrm: 1.00 | dt: 2109.88ms | tok/sec: 496,983 | bf16_mfu: 44.70 | epoch: 1 | total time: 10.26m | eta: 155.0m
step 00281/04357 (6.45%) | loss: 3.410491 | lrm: 1.00 | dt: 2102.14ms | tok/sec: 498,813 | bf16_mfu: 44.87 | epoch: 1 | total time: 10.30m | eta: 154.9m
step 00282/04357 (6.47%) | loss: 3.405273 | lrm: 1.00 | dt: 2104.96ms | tok/sec: 498,145 | bf16_mfu: 44.81 | epoch: 1 | total time: 10.33m | eta: 154.8m
step 00283/04357 (6.50%) | loss: 3.394611 | lrm: 1.00 | dt: 2097.74ms | tok/sec: 499,859 | bf16_mfu: 44.96 | epoch: 1 | total time: 10.37m | eta: 154.7m
step 00284/04357 (6.52%) | loss: 3.384787 | lrm: 1.00 | dt: 2099.45ms | tok/sec: 499,453 | bf16_mfu: 44.92 | epoch: 1 | total time: 10.40m | eta: 154.6m
step 00285/04357 (6.54%) | loss: 3.385208 | lrm: 1.00 | dt: 2090.91ms | tok/sec: 501,493 | bf16_mfu: 45.11 | epoch: 1 | total time: 10.44m | eta: 154.5m
step 00286/04357 (6.56%) | loss: 3.371460 | lrm: 1.00 | dt: 2107.64ms | tok/sec: 497,511 | bf16_mfu: 44.75 | epoch: 1 | total time: 10.47m | eta: 154.5m
step 00287/04357 (6.59%) | loss: 3.374640 | lrm: 1.00 | dt: 2092.28ms | tok/sec: 501,163 | bf16_mfu: 45.08 | epoch: 1 | total time: 10.51m | eta: 154.4m
step 00288/04357 (6.61%) | loss: 3.375035 | lrm: 1.00 | dt: 2090.00ms | tok/sec: 501,710 | bf16_mfu: 45.13 | epoch: 1 | total time: 10.54m | eta: 154.3m
step 00289/04357 (6.63%) | loss: 3.373451 | lrm: 1.00 | dt: 2089.23ms | tok/sec: 501,894 | bf16_mfu: 45.14 | epoch: 1 | total time: 10.58m | eta: 154.2m
step 00290/04357 (6.66%) | loss: 3.374774 | lrm: 1.00 | dt: 2088.90ms | tok/sec: 501,974 | bf16_mfu: 45.15 | epoch: 1 | total time: 10.61m | eta: 154.1m
step 00291/04357 (6.68%) | loss: 3.371044 | lrm: 1.00 | dt: 2085.02ms | tok/sec: 502,908 | bf16_mfu: 45.23 | epoch: 1 | total time: 10.65m | eta: 154.0m
step 00292/04357 (6.70%) | loss: 3.369882 | lrm: 1.00 | dt: 2081.34ms | tok/sec: 503,799 | bf16_mfu: 45.31 | epoch: 1 | total time: 10.68m | eta: 154.0m
step 00293/04357 (6.72%) | loss: 3.375428 | lrm: 1.00 | dt: 2078.41ms | tok/sec: 504,508 | bf16_mfu: 45.38 | epoch: 1 | total time: 10.72m | eta: 153.9m
step 00294/04357 (6.75%) | loss: 3.381546 | lrm: 1.00 | dt: 2082.11ms | tok/sec: 503,612 | bf16_mfu: 45.30 | epoch: 1 | total time: 10.75m | eta: 153.8m
step 00295/04357 (6.77%) | loss: 3.385998 | lrm: 1.00 | dt: 2079.88ms | tok/sec: 504,153 | bf16_mfu: 45.35 | epoch: 1 | total time: 10.78m | eta: 153.7m
step 00296/04357 (6.79%) | loss: 3.395617 | lrm: 1.00 | dt: 2083.10ms | tok/sec: 503,371 | bf16_mfu: 45.28 | epoch: 1 | total time: 10.82m | eta: 153.6m
step 00297/04357 (6.82%) | loss: 3.382006 | lrm: 1.00 | dt: 2086.05ms | tok/sec: 502,660 | bf16_mfu: 45.21 | epoch: 1 | total time: 10.85m | eta: 153.5m
step 00298/04357 (6.84%) | loss: 3.369514 | lrm: 1.00 | dt: 2081.17ms | tok/sec: 503,839 | bf16_mfu: 45.32 | epoch: 1 | total time: 10.89m | eta: 153.5m
step 00299/04357 (6.86%) | loss: 3.367099 | lrm: 1.00 | dt: 2073.06ms | tok/sec: 505,811 | bf16_mfu: 45.50 | epoch: 1 | total time: 10.92m | eta: 153.4m
step 00300/04357 (6.89%) | loss: 3.358282 | lrm: 1.00 | dt: 2091.84ms | tok/sec: 501,270 | bf16_mfu: 45.09 | epoch: 1 | total time: 10.96m | eta: 153.3m
step 00301/04357 (6.91%) | loss: 3.376501 | lrm: 1.00 | dt: 2072.15ms | tok/sec: 506,033 | bf16_mfu: 45.52 | epoch: 1 | total time: 10.99m | eta: 153.2m
step 00302/04357 (6.93%) | loss: 3.371701 | lrm: 1.00 | dt: 2070.91ms | tok/sec: 506,335 | bf16_mfu: 45.54 | epoch: 1 | total time: 11.03m | eta: 153.1m
step 00303/04357 (6.95%) | loss: 3.370885 | lrm: 1.00 | dt: 2090.58ms | tok/sec: 501,571 | bf16_mfu: 45.11 | epoch: 1 | total time: 11.06m | eta: 153.1m
step 00304/04357 (6.98%) | loss: 3.369890 | lrm: 1.00 | dt: 2070.66ms | tok/sec: 506,398 | bf16_mfu: 45.55 | epoch: 1 | total time: 11.10m | eta: 153.0m
step 00305/04357 (7.00%) | loss: 3.379474 | lrm: 1.00 | dt: 2070.20ms | tok/sec: 506,510 | bf16_mfu: 45.56 | epoch: 1 | total time: 11.13m | eta: 152.9m
step 00306/04357 (7.02%) | loss: 3.376759 | lrm: 1.00 | dt: 2070.48ms | tok/sec: 506,441 | bf16_mfu: 45.55 | epoch: 1 | total time: 11.17m | eta: 152.8m
step 00307/04357 (7.05%) | loss: 3.383061 | lrm: 1.00 | dt: 2072.36ms | tok/sec: 505,981 | bf16_mfu: 45.51 | epoch: 1 | total time: 11.20m | eta: 152.7m
step 00308/04357 (7.07%) | loss: 3.363743 | lrm: 1.00 | dt: 2073.10ms | tok/sec: 505,800 | bf16_mfu: 45.49 | epoch: 1 | total time: 11.23m | eta: 152.6m
step 00309/04357 (7.09%) | loss: 3.354648 | lrm: 1.00 | dt: 2065.06ms | tok/sec: 507,770 | bf16_mfu: 45.67 | epoch: 1 | total time: 11.27m | eta: 152.6m
step 00310/04357 (7.11%) | loss: 3.344331 | lrm: 1.00 | dt: 2069.59ms | tok/sec: 506,657 | bf16_mfu: 45.57 | epoch: 1 | total time: 11.30m | eta: 152.5m
step 00311/04357 (7.14%) | loss: 3.354725 | lrm: 1.00 | dt: 2070.02ms | tok/sec: 506,553 | bf16_mfu: 45.56 | epoch: 1 | total time: 11.34m | eta: 152.4m
step 00312/04357 (7.16%) | loss: 3.353290 | lrm: 1.00 | dt: 2071.50ms | tok/sec: 506,190 | bf16_mfu: 45.53 | epoch: 1 | total time: 11.37m | eta: 152.3m
step 00313/04357 (7.18%) | loss: 3.363748 | lrm: 1.00 | dt: 2074.65ms | tok/sec: 505,421 | bf16_mfu: 45.46 | epoch: 1 | total time: 11.41m | eta: 152.2m
step 00314/04357 (7.21%) | loss: 3.366559 | lrm: 1.00 | dt: 2071.31ms | tok/sec: 506,236 | bf16_mfu: 45.53 | epoch: 1 | total time: 11.44m | eta: 152.2m
step 00315/04357 (7.23%) | loss: 3.362952 | lrm: 1.00 | dt: 2070.04ms | tok/sec: 506,549 | bf16_mfu: 45.56 | epoch: 1 | total time: 11.48m | eta: 152.1m
step 00316/04357 (7.25%) | loss: 3.360283 | lrm: 1.00 | dt: 2064.44ms | tok/sec: 507,922 | bf16_mfu: 45.69 | epoch: 1 | total time: 11.51m | eta: 152.0m
step 00317/04357 (7.28%) | loss: 3.354962 | lrm: 1.00 | dt: 2068.70ms | tok/sec: 506,877 | bf16_mfu: 45.59 | epoch: 1 | total time: 11.55m | eta: 151.9m
step 00318/04357 (7.30%) | loss: 3.360075 | lrm: 1.00 | dt: 2064.54ms | tok/sec: 507,898 | bf16_mfu: 45.68 | epoch: 1 | total time: 11.58m | eta: 151.8m
step 00319/04357 (7.32%) | loss: 3.357507 | lrm: 1.00 | dt: 2067.03ms | tok/sec: 507,285 | bf16_mfu: 45.63 | epoch: 1 | total time: 11.61m | eta: 151.8m
step 00320/04357 (7.34%) | loss: 3.360605 | lrm: 1.00 | dt: 2068.12ms | tok/sec: 507,019 | bf16_mfu: 45.60 | epoch: 1 | total time: 11.65m | eta: 151.7m
step 00321/04357 (7.37%) | loss: 3.352348 | lrm: 1.00 | dt: 2066.86ms | tok/sec: 507,326 | bf16_mfu: 45.63 | epoch: 1 | total time: 11.68m | eta: 151.6m
step 00322/04357 (7.39%) | loss: 3.349784 | lrm: 1.00 | dt: 2073.42ms | tok/sec: 505,723 | bf16_mfu: 45.49 | epoch: 1 | total time: 11.72m | eta: 151.5m
step 00323/04357 (7.41%) | loss: 3.344920 | lrm: 1.00 | dt: 2079.57ms | tok/sec: 504,227 | bf16_mfu: 45.35 | epoch: 1 | total time: 11.75m | eta: 151.5m
step 00324/04357 (7.44%) | loss: 3.342674 | lrm: 1.00 | dt: 2062.36ms | tok/sec: 508,434 | bf16_mfu: 45.73 | epoch: 1 | total time: 11.79m | eta: 151.4m
step 00325/04357 (7.46%) | loss: 3.340462 | lrm: 1.00 | dt: 2067.48ms | tok/sec: 507,176 | bf16_mfu: 45.62 | epoch: 1 | total time: 11.82m | eta: 151.3m
step 00326/04357 (7.48%) | loss: 3.335521 | lrm: 1.00 | dt: 2061.13ms | tok/sec: 508,738 | bf16_mfu: 45.76 | epoch: 1 | total time: 11.86m | eta: 151.2m
step 00327/04357 (7.51%) | loss: 3.340438 | lrm: 1.00 | dt: 2069.61ms | tok/sec: 506,655 | bf16_mfu: 45.57 | epoch: 1 | total time: 11.89m | eta: 151.2m
step 00328/04357 (7.53%) | loss: 3.334802 | lrm: 1.00 | dt: 2055.34ms | tok/sec: 510,171 | bf16_mfu: 45.89 | epoch: 1 | total time: 11.92m | eta: 151.1m
step 00329/04357 (7.55%) | loss: 3.328646 | lrm: 1.00 | dt: 2077.97ms | tok/sec: 504,616 | bf16_mfu: 45.39 | epoch: 1 | total time: 11.96m | eta: 151.0m
step 00330/04357 (7.57%) | loss: 3.324252 | lrm: 1.00 | dt: 2061.22ms | tok/sec: 508,716 | bf16_mfu: 45.76 | epoch: 1 | total time: 11.99m | eta: 150.9m
step 00331/04357 (7.60%) | loss: 3.322940 | lrm: 1.00 | dt: 2064.28ms | tok/sec: 507,962 | bf16_mfu: 45.69 | epoch: 1 | total time: 12.03m | eta: 150.8m
step 00332/04357 (7.62%) | loss: 3.332771 | lrm: 1.00 | dt: 2058.44ms | tok/sec: 509,403 | bf16_mfu: 45.82 | epoch: 1 | total time: 12.06m | eta: 150.8m
step 00333/04357 (7.64%) | loss: 3.323726 | lrm: 1.00 | dt: 2060.89ms | tok/sec: 508,798 | bf16_mfu: 45.76 | epoch: 1 | total time: 12.10m | eta: 150.7m
step 00334/04357 (7.67%) | loss: 3.319518 | lrm: 1.00 | dt: 2061.30ms | tok/sec: 508,696 | bf16_mfu: 45.76 | epoch: 1 | total time: 12.13m | eta: 150.6m
step 00335/04357 (7.69%) | loss: 3.312893 | lrm: 1.00 | dt: 2061.34ms | tok/sec: 508,687 | bf16_mfu: 45.75 | epoch: 1 | total time: 12.16m | eta: 150.5m
step 00336/04357 (7.71%) | loss: 3.294550 | lrm: 1.00 | dt: 2060.10ms | tok/sec: 508,992 | bf16_mfu: 45.78 | epoch: 1 | total time: 12.20m | eta: 150.5m
step 00337/04357 (7.73%) | loss: 3.311128 | lrm: 1.00 | dt: 2064.78ms | tok/sec: 507,839 | bf16_mfu: 45.68 | epoch: 1 | total time: 12.23m | eta: 150.4m
step 00338/04357 (7.76%) | loss: 3.315724 | lrm: 1.00 | dt: 2058.75ms | tok/sec: 509,327 | bf16_mfu: 45.81 | epoch: 1 | total time: 12.27m | eta: 150.3m
step 00339/04357 (7.78%) | loss: 3.304703 | lrm: 1.00 | dt: 2061.96ms | tok/sec: 508,533 | bf16_mfu: 45.74 | epoch: 1 | total time: 12.30m | eta: 150.2m
step 00340/04357 (7.80%) | loss: 3.298167 | lrm: 1.00 | dt: 2059.86ms | tok/sec: 509,051 | bf16_mfu: 45.79 | epoch: 1 | total time: 12.34m | eta: 150.2m
step 00341/04357 (7.83%) | loss: 3.293671 | lrm: 1.00 | dt: 2063.86ms | tok/sec: 508,064 | bf16_mfu: 45.70 | epoch: 1 | total time: 12.37m | eta: 150.1m
step 00342/04357 (7.85%) | loss: 3.295831 | lrm: 1.00 | dt: 2060.83ms | tok/sec: 508,812 | bf16_mfu: 45.77 | epoch: 1 | total time: 12.41m | eta: 150.0m
step 00343/04357 (7.87%) | loss: 3.299869 | lrm: 1.00 | dt: 2059.64ms | tok/sec: 509,107 | bf16_mfu: 45.79 | epoch: 1 | total time: 12.44m | eta: 149.9m
step 00344/04357 (7.90%) | loss: 3.301754 | lrm: 1.00 | dt: 2059.84ms | tok/sec: 509,056 | bf16_mfu: 45.79 | epoch: 1 | total time: 12.47m | eta: 149.9m
step 00345/04357 (7.92%) | loss: 3.305811 | lrm: 1.00 | dt: 2058.96ms | tok/sec: 509,275 | bf16_mfu: 45.81 | epoch: 1 | total time: 12.51m | eta: 149.8m
step 00346/04357 (7.94%) | loss: 3.298894 | lrm: 1.00 | dt: 2059.57ms | tok/sec: 509,123 | bf16_mfu: 45.79 | epoch: 1 | total time: 12.54m | eta: 149.7m
step 00347/04357 (7.96%) | loss: 3.296427 | lrm: 1.00 | dt: 2062.56ms | tok/sec: 508,385 | bf16_mfu: 45.73 | epoch: 1 | total time: 12.58m | eta: 149.7m
step 00348/04357 (7.99%) | loss: 3.296833 | lrm: 1.00 | dt: 2055.21ms | tok/sec: 510,203 | bf16_mfu: 45.89 | epoch: 1 | total time: 12.61m | eta: 149.6m
step 00349/04357 (8.01%) | loss: 3.302279 | lrm: 1.00 | dt: 2060.65ms | tok/sec: 508,856 | bf16_mfu: 45.77 | epoch: 1 | total time: 12.65m | eta: 149.5m
step 00350/04357 (8.03%) | loss: 3.295484 | lrm: 1.00 | dt: 2062.41ms | tok/sec: 508,423 | bf16_mfu: 45.73 | epoch: 1 | total time: 12.68m | eta: 149.4m
step 00351/04357 (8.06%) | loss: 3.293756 | lrm: 1.00 | dt: 2053.47ms | tok/sec: 510,635 | bf16_mfu: 45.93 | epoch: 1 | total time: 12.71m | eta: 149.4m
step 00352/04357 (8.08%) | loss: 3.296547 | lrm: 1.00 | dt: 2063.78ms | tok/sec: 508,086 | bf16_mfu: 45.70 | epoch: 1 | total time: 12.75m | eta: 149.3m
step 00353/04357 (8.10%) | loss: 3.297163 | lrm: 1.00 | dt: 2058.97ms | tok/sec: 509,273 | bf16_mfu: 45.81 | epoch: 1 | total time: 12.78m | eta: 149.2m
step 00354/04357 (8.12%) | loss: 3.285435 | lrm: 1.00 | dt: 2054.62ms | tok/sec: 510,349 | bf16_mfu: 45.90 | epoch: 1 | total time: 12.82m | eta: 149.1m
step 00355/04357 (8.15%) | loss: 3.296240 | lrm: 1.00 | dt: 2053.32ms | tok/sec: 510,674 | bf16_mfu: 45.93 | epoch: 1 | total time: 12.85m | eta: 149.1m
step 00356/04357 (8.17%) | loss: 3.282627 | lrm: 1.00 | dt: 2057.76ms | tok/sec: 509,570 | bf16_mfu: 45.83 | epoch: 1 | total time: 12.89m | eta: 149.0m
step 00357/04357 (8.19%) | loss: 3.282498 | lrm: 1.00 | dt: 2058.04ms | tok/sec: 509,501 | bf16_mfu: 45.83 | epoch: 1 | total time: 12.92m | eta: 148.9m
step 00358/04357 (8.22%) | loss: 3.283182 | lrm: 1.00 | dt: 2055.47ms | tok/sec: 510,140 | bf16_mfu: 45.88 | epoch: 1 | total time: 12.95m | eta: 148.9m
step 00359/04357 (8.24%) | loss: 3.282626 | lrm: 1.00 | dt: 2051.85ms | tok/sec: 511,040 | bf16_mfu: 45.97 | epoch: 1 | total time: 12.99m | eta: 148.8m
step 00360/04357 (8.26%) | loss: 3.282743 | lrm: 1.00 | dt: 2051.32ms | tok/sec: 511,171 | bf16_mfu: 45.98 | epoch: 1 | total time: 13.02m | eta: 148.7m
step 00361/04357 (8.29%) | loss: 3.288891 | lrm: 1.00 | dt: 2055.73ms | tok/sec: 510,075 | bf16_mfu: 45.88 | epoch: 1 | total time: 13.06m | eta: 148.6m
step 00362/04357 (8.31%) | loss: 3.292608 | lrm: 1.00 | dt: 2059.92ms | tok/sec: 509,037 | bf16_mfu: 45.79 | epoch: 1 | total time: 13.09m | eta: 148.6m
step 00363/04357 (8.33%) | loss: 3.301968 | lrm: 1.00 | dt: 2060.69ms | tok/sec: 508,845 | bf16_mfu: 45.77 | epoch: 1 | total time: 13.13m | eta: 148.5m
step 00364/04357 (8.35%) | loss: 3.311275 | lrm: 1.00 | dt: 2057.19ms | tok/sec: 509,712 | bf16_mfu: 45.85 | epoch: 1 | total time: 13.16m | eta: 148.4m
step 00365/04357 (8.38%) | loss: 3.311015 | lrm: 1.00 | dt: 2051.89ms | tok/sec: 511,029 | bf16_mfu: 45.96 | epoch: 1 | total time: 13.19m | eta: 148.4m
step 00366/04357 (8.40%) | loss: 3.305441 | lrm: 1.00 | dt: 2082.94ms | tok/sec: 503,412 | bf16_mfu: 45.28 | epoch: 1 | total time: 13.23m | eta: 148.3m
step 00367/04357 (8.42%) | loss: 3.304773 | lrm: 1.00 | dt: 2053.22ms | tok/sec: 510,698 | bf16_mfu: 45.94 | epoch: 1 | total time: 13.26m | eta: 148.2m
step 00368/04357 (8.45%) | loss: 3.316447 | lrm: 1.00 | dt: 2048.46ms | tok/sec: 511,884 | bf16_mfu: 46.04 | epoch: 1 | total time: 13.30m | eta: 148.2m
step 00369/04357 (8.47%) | loss: 3.310348 | lrm: 1.00 | dt: 2071.67ms | tok/sec: 506,149 | bf16_mfu: 45.53 | epoch: 1 | total time: 13.33m | eta: 148.1m
step 00370/04357 (8.49%) | loss: 3.307748 | lrm: 1.00 | dt: 2051.38ms | tok/sec: 511,157 | bf16_mfu: 45.98 | epoch: 1 | total time: 13.37m | eta: 148.0m
step 00371/04357 (8.52%) | loss: 3.307795 | lrm: 1.00 | dt: 2054.19ms | tok/sec: 510,457 | bf16_mfu: 45.91 | epoch: 1 | total time: 13.40m | eta: 148.0m
step 00372/04357 (8.54%) | loss: 3.293072 | lrm: 1.00 | dt: 2061.29ms | tok/sec: 508,698 | bf16_mfu: 45.76 | epoch: 1 | total time: 13.43m | eta: 147.9m
step 00373/04357 (8.56%) | loss: 3.291186 | lrm: 1.00 | dt: 2057.30ms | tok/sec: 509,685 | bf16_mfu: 45.84 | epoch: 1 | total time: 13.47m | eta: 147.8m
step 00374/04357 (8.58%) | loss: 3.297862 | lrm: 1.00 | dt: 2054.39ms | tok/sec: 510,406 | bf16_mfu: 45.91 | epoch: 1 | total time: 13.50m | eta: 147.8m
step 00375/04357 (8.61%) | loss: 3.302814 | lrm: 1.00 | dt: 2057.05ms | tok/sec: 509,746 | bf16_mfu: 45.85 | epoch: 1 | total time: 13.54m | eta: 147.7m
step 00376/04357 (8.63%) | loss: 3.294006 | lrm: 1.00 | dt: 2055.77ms | tok/sec: 510,064 | bf16_mfu: 45.88 | epoch: 1 | total time: 13.57m | eta: 147.6m
step 00377/04357 (8.65%) | loss: 3.293631 | lrm: 1.00 | dt: 2060.06ms | tok/sec: 509,002 | bf16_mfu: 45.78 | epoch: 1 | total time: 13.61m | eta: 147.6m
step 00378/04357 (8.68%) | loss: 3.283528 | lrm: 1.00 | dt: 2054.68ms | tok/sec: 510,336 | bf16_mfu: 45.90 | epoch: 1 | total time: 13.64m | eta: 147.5m
step 00379/04357 (8.70%) | loss: 3.277021 | lrm: 1.00 | dt: 2057.76ms | tok/sec: 509,572 | bf16_mfu: 45.83 | epoch: 1 | total time: 13.67m | eta: 147.4m
step 00380/04357 (8.72%) | loss: 3.271909 | lrm: 1.00 | dt: 2052.40ms | tok/sec: 510,903 | bf16_mfu: 45.95 | epoch: 1 | total time: 13.71m | eta: 147.3m
step 00381/04357 (8.74%) | loss: 3.260528 | lrm: 1.00 | dt: 2052.33ms | tok/sec: 510,920 | bf16_mfu: 45.96 | epoch: 1 | total time: 13.74m | eta: 147.3m
step 00382/04357 (8.77%) | loss: 3.269953 | lrm: 1.00 | dt: 2052.34ms | tok/sec: 510,916 | bf16_mfu: 45.95 | epoch: 1 | total time: 13.78m | eta: 147.2m
step 00383/04357 (8.79%) | loss: 3.270473 | lrm: 1.00 | dt: 2053.19ms | tok/sec: 510,705 | bf16_mfu: 45.94 | epoch: 1 | total time: 13.81m | eta: 147.1m
step 00384/04357 (8.81%) | loss: 3.257802 | lrm: 1.00 | dt: 2057.85ms | tok/sec: 509,550 | bf16_mfu: 45.83 | epoch: 1 | total time: 13.85m | eta: 147.1m
step 00385/04357 (8.84%) | loss: 3.260829 | lrm: 1.00 | dt: 2055.50ms | tok/sec: 510,131 | bf16_mfu: 45.88 | epoch: 1 | total time: 13.88m | eta: 147.0m
step 00386/04357 (8.86%) | loss: 3.251510 | lrm: 1.00 | dt: 2066.27ms | tok/sec: 507,473 | bf16_mfu: 45.65 | epoch: 1 | total time: 13.91m | eta: 146.9m
step 00387/04357 (8.88%) | loss: 3.244152 | lrm: 1.00 | dt: 2051.30ms | tok/sec: 511,176 | bf16_mfu: 45.98 | epoch: 1 | total time: 13.95m | eta: 146.9m
step 00388/04357 (8.91%) | loss: 3.247536 | lrm: 1.00 | dt: 2047.11ms | tok/sec: 512,223 | bf16_mfu: 46.07 | epoch: 1 | total time: 13.98m | eta: 146.8m
step 00389/04357 (8.93%) | loss: 3.244169 | lrm: 1.00 | dt: 2051.91ms | tok/sec: 511,025 | bf16_mfu: 45.96 | epoch: 1 | total time: 14.02m | eta: 146.7m
step 00390/04357 (8.95%) | loss: 3.226410 | lrm: 1.00 | dt: 2046.56ms | tok/sec: 512,359 | bf16_mfu: 46.08 | epoch: 1 | total time: 14.05m | eta: 146.7m
step 00391/04357 (8.97%) | loss: 3.233060 | lrm: 1.00 | dt: 2052.95ms | tok/sec: 510,766 | bf16_mfu: 45.94 | epoch: 1 | total time: 14.08m | eta: 146.6m
step 00392/04357 (9.00%) | loss: 3.248466 | lrm: 1.00 | dt: 2051.36ms | tok/sec: 511,160 | bf16_mfu: 45.98 | epoch: 1 | total time: 14.12m | eta: 146.6m
step 00393/04357 (9.02%) | loss: 3.254171 | lrm: 1.00 | dt: 2050.91ms | tok/sec: 511,274 | bf16_mfu: 45.99 | epoch: 1 | total time: 14.15m | eta: 146.5m
step 00394/04357 (9.04%) | loss: 3.251326 | lrm: 1.00 | dt: 2055.28ms | tok/sec: 510,186 | bf16_mfu: 45.89 | epoch: 1 | total time: 14.19m | eta: 146.4m
step 00395/04357 (9.07%) | loss: 3.245706 | lrm: 1.00 | dt: 2047.19ms | tok/sec: 512,201 | bf16_mfu: 46.07 | epoch: 1 | total time: 14.22m | eta: 146.4m
step 00396/04357 (9.09%) | loss: 3.247749 | lrm: 1.00 | dt: 2051.55ms | tok/sec: 511,113 | bf16_mfu: 45.97 | epoch: 1 | total time: 14.26m | eta: 146.3m
step 00397/04357 (9.11%) | loss: 3.266781 | lrm: 1.00 | dt: 2055.02ms | tok/sec: 510,249 | bf16_mfu: 45.89 | epoch: 1 | total time: 14.29m | eta: 146.2m
step 00398/04357 (9.13%) | loss: 3.269272 | lrm: 1.00 | dt: 2048.71ms | tok/sec: 511,821 | bf16_mfu: 46.04 | epoch: 1 | total time: 14.32m | eta: 146.2m
step 00399/04357 (9.16%) | loss: 3.262454 | lrm: 1.00 | dt: 2056.37ms | tok/sec: 509,915 | bf16_mfu: 45.86 | epoch: 1 | total time: 14.36m | eta: 146.1m
step 00400/04357 (9.18%) | loss: 3.262831 | lrm: 1.00 | dt: 2046.83ms | tok/sec: 512,292 | bf16_mfu: 46.08 | epoch: 1 | total time: 14.39m | eta: 146.0m
step 00401/04357 (9.20%) | loss: 3.267208 | lrm: 1.00 | dt: 2061.20ms | tok/sec: 508,721 | bf16_mfu: 45.76 | epoch: 1 | total time: 14.43m | eta: 146.0m
step 00402/04357 (9.23%) | loss: 3.276191 | lrm: 1.00 | dt: 2050.04ms | tok/sec: 511,490 | bf16_mfu: 46.01 | epoch: 1 | total time: 14.46m | eta: 145.9m
step 00403/04357 (9.25%) | loss: 3.288623 | lrm: 1.00 | dt: 2057.30ms | tok/sec: 509,685 | bf16_mfu: 45.84 | epoch: 1 | total time: 14.50m | eta: 145.8m
step 00404/04357 (9.27%) | loss: 3.297487 | lrm: 1.00 | dt: 2082.20ms | tok/sec: 503,590 | bf16_mfu: 45.30 | epoch: 1 | total time: 14.53m | eta: 145.8m
step 00405/04357 (9.30%) | loss: 3.291147 | lrm: 1.00 | dt: 2050.84ms | tok/sec: 511,291 | bf16_mfu: 45.99 | epoch: 1 | total time: 14.56m | eta: 145.7m
step 00406/04357 (9.32%) | loss: 3.279053 | lrm: 1.00 | dt: 2051.00ms | tok/sec: 511,250 | bf16_mfu: 45.98 | epoch: 1 | total time: 14.60m | eta: 145.7m
step 00407/04357 (9.34%) | loss: 3.269932 | lrm: 1.00 | dt: 2068.29ms | tok/sec: 506,977 | bf16_mfu: 45.60 | epoch: 1 | total time: 14.63m | eta: 145.6m
step 00408/04357 (9.36%) | loss: 3.260234 | lrm: 1.00 | dt: 2053.89ms | tok/sec: 510,532 | bf16_mfu: 45.92 | epoch: 1 | total time: 14.67m | eta: 145.5m
step 00409/04357 (9.39%) | loss: 3.253225 | lrm: 1.00 | dt: 2057.06ms | tok/sec: 509,746 | bf16_mfu: 45.85 | epoch: 1 | total time: 14.70m | eta: 145.5m
step 00410/04357 (9.41%) | loss: 3.241055 | lrm: 1.00 | dt: 2051.65ms | tok/sec: 511,088 | bf16_mfu: 45.97 | epoch: 1 | total time: 14.74m | eta: 145.4m
step 00411/04357 (9.43%) | loss: 3.239719 | lrm: 1.00 | dt: 2057.91ms | tok/sec: 509,533 | bf16_mfu: 45.83 | epoch: 1 | total time: 14.77m | eta: 145.3m
step 00412/04357 (9.46%) | loss: 3.238062 | lrm: 1.00 | dt: 2056.49ms | tok/sec: 509,885 | bf16_mfu: 45.86 | epoch: 1 | total time: 14.80m | eta: 145.3m
step 00413/04357 (9.48%) | loss: 3.235365 | lrm: 1.00 | dt: 2058.65ms | tok/sec: 509,351 | bf16_mfu: 45.81 | epoch: 1 | total time: 14.84m | eta: 145.2m
step 00414/04357 (9.50%) | loss: 3.235322 | lrm: 1.00 | dt: 2057.93ms | tok/sec: 509,529 | bf16_mfu: 45.83 | epoch: 1 | total time: 14.87m | eta: 145.2m
step 00415/04357 (9.52%) | loss: 3.226962 | lrm: 1.00 | dt: 2060.57ms | tok/sec: 508,877 | bf16_mfu: 45.77 | epoch: 1 | total time: 14.91m | eta: 145.1m
step 00416/04357 (9.55%) | loss: 3.220065 | lrm: 1.00 | dt: 2056.95ms | tok/sec: 509,772 | bf16_mfu: 45.85 | epoch: 1 | total time: 14.94m | eta: 145.0m
step 00417/04357 (9.57%) | loss: 3.204401 | lrm: 1.00 | dt: 2052.87ms | tok/sec: 510,785 | bf16_mfu: 45.94 | epoch: 1 | total time: 14.98m | eta: 145.0m
step 00418/04357 (9.59%) | loss: 3.214467 | lrm: 1.00 | dt: 2060.81ms | tok/sec: 508,817 | bf16_mfu: 45.77 | epoch: 1 | total time: 15.01m | eta: 144.9m
step 00419/04357 (9.62%) | loss: 3.214979 | lrm: 1.00 | dt: 2057.05ms | tok/sec: 509,748 | bf16_mfu: 45.85 | epoch: 1 | total time: 15.04m | eta: 144.9m
step 00420/04357 (9.64%) | loss: 3.217776 | lrm: 1.00 | dt: 2054.49ms | tok/sec: 510,381 | bf16_mfu: 45.91 | epoch: 1 | total time: 15.08m | eta: 144.8m
step 00421/04357 (9.66%) | loss: 3.229378 | lrm: 1.00 | dt: 2061.01ms | tok/sec: 508,768 | bf16_mfu: 45.76 | epoch: 1 | total time: 15.11m | eta: 144.7m
step 00422/04357 (9.69%) | loss: 3.231410 | lrm: 1.00 | dt: 2059.72ms | tok/sec: 509,087 | bf16_mfu: 45.79 | epoch: 1 | total time: 15.15m | eta: 144.7m
step 00423/04357 (9.71%) | loss: 3.223773 | lrm: 1.00 | dt: 2057.03ms | tok/sec: 509,752 | bf16_mfu: 45.85 | epoch: 1 | total time: 15.18m | eta: 144.6m
step 00424/04357 (9.73%) | loss: 3.221624 | lrm: 1.00 | dt: 2054.48ms | tok/sec: 510,385 | bf16_mfu: 45.91 | epoch: 1 | total time: 15.22m | eta: 144.6m
step 00425/04357 (9.75%) | loss: 3.219541 | lrm: 1.00 | dt: 2060.73ms | tok/sec: 508,837 | bf16_mfu: 45.77 | epoch: 1 | total time: 15.25m | eta: 144.5m
step 00426/04357 (9.78%) | loss: 3.222609 | lrm: 1.00 | dt: 2059.87ms | tok/sec: 509,049 | bf16_mfu: 45.79 | epoch: 1 | total time: 15.28m | eta: 144.4m
step 00427/04357 (9.80%) | loss: 3.216250 | lrm: 1.00 | dt: 2053.40ms | tok/sec: 510,654 | bf16_mfu: 45.93 | epoch: 1 | total time: 15.32m | eta: 144.4m
step 00428/04357 (9.82%) | loss: 3.204607 | lrm: 1.00 | dt: 2066.98ms | tok/sec: 507,298 | bf16_mfu: 45.63 | epoch: 1 | total time: 15.35m | eta: 144.3m
step 00429/04357 (9.85%) | loss: 3.207429 | lrm: 1.00 | dt: 2060.21ms | tok/sec: 508,965 | bf16_mfu: 45.78 | epoch: 1 | total time: 15.39m | eta: 144.3m
step 00430/04357 (9.87%) | loss: 3.199706 | lrm: 1.00 | dt: 2064.60ms | tok/sec: 507,882 | bf16_mfu: 45.68 | epoch: 1 | total time: 15.42m | eta: 144.2m
step 00431/04357 (9.89%) | loss: 3.196617 | lrm: 1.00 | dt: 2055.88ms | tok/sec: 510,038 | bf16_mfu: 45.88 | epoch: 1 | total time: 15.46m | eta: 144.1m
step 00432/04357 (9.92%) | loss: 3.209971 | lrm: 1.00 | dt: 2068.77ms | tok/sec: 506,858 | bf16_mfu: 45.59 | epoch: 1 | total time: 15.49m | eta: 144.1m
step 00433/04357 (9.94%) | loss: 3.209112 | lrm: 1.00 | dt: 2060.09ms | tok/sec: 508,994 | bf16_mfu: 45.78 | epoch: 1 | total time: 15.53m | eta: 144.0m
step 00434/04357 (9.96%) | loss: 3.208788 | lrm: 1.00 | dt: 2065.44ms | tok/sec: 507,676 | bf16_mfu: 45.66 | epoch: 1 | total time: 15.56m | eta: 144.0m
step 00435/04357 (9.98%) | loss: 3.206504 | lrm: 1.00 | dt: 2062.71ms | tok/sec: 508,348 | bf16_mfu: 45.72 | epoch: 1 | total time: 15.59m | eta: 143.9m
step 00436/04357 (10.01%) | loss: 3.197747 | lrm: 1.00 | dt: 2060.88ms | tok/sec: 508,800 | bf16_mfu: 45.76 | epoch: 1 | total time: 15.63m | eta: 143.8m
step 00437/04357 (10.03%) | loss: 3.199754 | lrm: 1.00 | dt: 2059.24ms | tok/sec: 509,205 | bf16_mfu: 45.80 | epoch: 1 | total time: 15.66m | eta: 143.8m
step 00438/04357 (10.05%) | loss: 3.210156 | lrm: 1.00 | dt: 2064.62ms | tok/sec: 507,878 | bf16_mfu: 45.68 | epoch: 1 | total time: 15.70m | eta: 143.7m
step 00439/04357 (10.08%) | loss: 3.217316 | lrm: 1.00 | dt: 2069.49ms | tok/sec: 506,683 | bf16_mfu: 45.57 | epoch: 1 | total time: 15.73m | eta: 143.7m
step 00440/04357 (10.10%) | loss: 3.223819 | lrm: 1.00 | dt: 2057.75ms | tok/sec: 509,574 | bf16_mfu: 45.83 | epoch: 1 | total time: 15.77m | eta: 143.6m
step 00441/04357 (10.12%) | loss: 3.219845 | lrm: 1.00 | dt: 2064.26ms | tok/sec: 507,967 | bf16_mfu: 45.69 | epoch: 1 | total time: 15.80m | eta: 143.6m
step 00442/04357 (10.14%) | loss: 3.222061 | lrm: 1.00 | dt: 2060.12ms | tok/sec: 508,988 | bf16_mfu: 45.78 | epoch: 1 | total time: 15.83m | eta: 143.5m
step 00443/04357 (10.17%) | loss: 3.231823 | lrm: 1.00 | dt: 2069.95ms | tok/sec: 506,570 | bf16_mfu: 45.56 | epoch: 1 | total time: 15.87m | eta: 143.4m
step 00444/04357 (10.19%) | loss: 3.231142 | lrm: 1.00 | dt: 2066.91ms | tok/sec: 507,315 | bf16_mfu: 45.63 | epoch: 1 | total time: 15.90m | eta: 143.4m
step 00445/04357 (10.21%) | loss: 3.227882 | lrm: 1.00 | dt: 2059.73ms | tok/sec: 509,084 | bf16_mfu: 45.79 | epoch: 1 | total time: 15.94m | eta: 143.3m
step 00446/04357 (10.24%) | loss: 3.224423 | lrm: 1.00 | dt: 2068.46ms | tok/sec: 506,936 | bf16_mfu: 45.60 | epoch: 1 | total time: 15.97m | eta: 143.3m
step 00447/04357 (10.26%) | loss: 3.220885 | lrm: 1.00 | dt: 2066.44ms | tok/sec: 507,430 | bf16_mfu: 45.64 | epoch: 1 | total time: 16.01m | eta: 143.2m
step 00448/04357 (10.28%) | loss: 3.220057 | lrm: 1.00 | dt: 2058.63ms | tok/sec: 509,356 | bf16_mfu: 45.81 | epoch: 1 | total time: 16.04m | eta: 143.2m
step 00449/04357 (10.31%) | loss: 3.210854 | lrm: 1.00 | dt: 2069.92ms | tok/sec: 506,576 | bf16_mfu: 45.56 | epoch: 1 | total time: 16.08m | eta: 143.1m
step 00450/04357 (10.33%) | loss: 3.197318 | lrm: 1.00 | dt: 2072.24ms | tok/sec: 506,010 | bf16_mfu: 45.51 | epoch: 1 | total time: 16.11m | eta: 143.0m
step 00451/04357 (10.35%) | loss: 3.192044 | lrm: 1.00 | dt: 2058.00ms | tok/sec: 509,511 | bf16_mfu: 45.83 | epoch: 1 | total time: 16.14m | eta: 143.0m
step 00452/04357 (10.37%) | loss: 3.199962 | lrm: 1.00 | dt: 2069.66ms | tok/sec: 506,642 | bf16_mfu: 45.57 | epoch: 1 | total time: 16.18m | eta: 142.9m
step 00453/04357 (10.40%) | loss: 3.197930 | lrm: 1.00 | dt: 2073.46ms | tok/sec: 505,713 | bf16_mfu: 45.49 | epoch: 1 | total time: 16.21m | eta: 142.9m
step 00454/04357 (10.42%) | loss: 3.198345 | lrm: 1.00 | dt: 2066.68ms | tok/sec: 507,372 | bf16_mfu: 45.64 | epoch: 1 | total time: 16.25m | eta: 142.8m
step 00455/04357 (10.44%) | loss: 3.207051 | lrm: 1.00 | dt: 2072.71ms | tok/sec: 505,895 | bf16_mfu: 45.50 | epoch: 1 | total time: 16.28m | eta: 142.8m
step 00456/04357 (10.47%) | loss: 3.205714 | lrm: 1.00 | dt: 2068.01ms | tok/sec: 507,045 | bf16_mfu: 45.61 | epoch: 1 | total time: 16.32m | eta: 142.7m
step 00457/04357 (10.49%) | loss: 3.221882 | lrm: 1.00 | dt: 2072.93ms | tok/sec: 505,841 | bf16_mfu: 45.50 | epoch: 1 | total time: 16.35m | eta: 142.7m
step 00458/04357 (10.51%) | loss: 3.239966 | lrm: 1.00 | dt: 2070.97ms | tok/sec: 506,320 | bf16_mfu: 45.54 | epoch: 1 | total time: 16.39m | eta: 142.6m
step 00459/04357 (10.53%) | loss: 3.238273 | lrm: 1.00 | dt: 2067.03ms | tok/sec: 507,285 | bf16_mfu: 45.63 | epoch: 1 | total time: 16.42m | eta: 142.6m
step 00460/04357 (10.56%) | loss: 3.232721 | lrm: 1.00 | dt: 2056.77ms | tok/sec: 509,816 | bf16_mfu: 45.86 | epoch: 1 | total time: 16.45m | eta: 142.5m
step 00461/04357 (10.58%) | loss: 3.213864 | lrm: 1.00 | dt: 2068.38ms | tok/sec: 506,955 | bf16_mfu: 45.60 | epoch: 1 | total time: 16.49m | eta: 142.4m
step 00462/04357 (10.60%) | loss: 3.232810 | lrm: 1.00 | dt: 2062.46ms | tok/sec: 508,409 | bf16_mfu: 45.73 | epoch: 1 | total time: 16.52m | eta: 142.4m
step 00463/04357 (10.63%) | loss: 3.215352 | lrm: 1.00 | dt: 2064.40ms | tok/sec: 507,933 | bf16_mfu: 45.69 | epoch: 1 | total time: 16.56m | eta: 142.3m
step 00464/04357 (10.65%) | loss: 3.206995 | lrm: 1.00 | dt: 2060.69ms | tok/sec: 508,847 | bf16_mfu: 45.77 | epoch: 1 | total time: 16.59m | eta: 142.3m
step 00465/04357 (10.67%) | loss: 3.200301 | lrm: 1.00 | dt: 2062.77ms | tok/sec: 508,334 | bf16_mfu: 45.72 | epoch: 1 | total time: 16.63m | eta: 142.2m
step 00466/04357 (10.70%) | loss: 3.193803 | lrm: 1.00 | dt: 2066.19ms | tok/sec: 507,491 | bf16_mfu: 45.65 | epoch: 1 | total time: 16.66m | eta: 142.2m
step 00467/04357 (10.72%) | loss: 3.208620 | lrm: 1.00 | dt: 2066.21ms | tok/sec: 507,488 | bf16_mfu: 45.65 | epoch: 1 | total time: 16.70m | eta: 142.1m
step 00468/04357 (10.74%) | loss: 3.226961 | lrm: 1.00 | dt: 2062.32ms | tok/sec: 508,443 | bf16_mfu: 45.73 | epoch: 1 | total time: 16.73m | eta: 142.1m
step 00469/04357 (10.76%) | loss: 3.213673 | lrm: 1.00 | dt: 2060.74ms | tok/sec: 508,834 | bf16_mfu: 45.77 | epoch: 1 | total time: 16.76m | eta: 142.0m
step 00470/04357 (10.79%) | loss: 3.204251 | lrm: 1.00 | dt: 2057.73ms | tok/sec: 509,579 | bf16_mfu: 45.83 | epoch: 1 | total time: 16.80m | eta: 141.9m
step 00471/04357 (10.81%) | loss: 3.198082 | lrm: 1.00 | dt: 2068.70ms | tok/sec: 506,876 | bf16_mfu: 45.59 | epoch: 1 | total time: 16.83m | eta: 141.9m
step 00472/04357 (10.83%) | loss: 3.197342 | lrm: 1.00 | dt: 2071.35ms | tok/sec: 506,228 | bf16_mfu: 45.53 | epoch: 1 | total time: 16.87m | eta: 141.8m
step 00473/04357 (10.86%) | loss: 3.204854 | lrm: 1.00 | dt: 2070.19ms | tok/sec: 506,512 | bf16_mfu: 45.56 | epoch: 1 | total time: 16.90m | eta: 141.8m
step 00474/04357 (10.88%) | loss: 3.206856 | lrm: 1.00 | dt: 2059.38ms | tok/sec: 509,171 | bf16_mfu: 45.80 | epoch: 1 | total time: 16.94m | eta: 141.7m
step 00475/04357 (10.90%) | loss: 3.201464 | lrm: 1.00 | dt: 2068.09ms | tok/sec: 507,027 | bf16_mfu: 45.60 | epoch: 1 | total time: 16.97m | eta: 141.7m
step 00476/04357 (10.92%) | loss: 3.190079 | lrm: 1.00 | dt: 2068.10ms | tok/sec: 507,022 | bf16_mfu: 45.60 | epoch: 1 | total time: 17.01m | eta: 141.6m
step 00477/04357 (10.95%) | loss: 3.192094 | lrm: 1.00 | dt: 2071.43ms | tok/sec: 506,207 | bf16_mfu: 45.53 | epoch: 1 | total time: 17.04m | eta: 141.6m
step 00478/04357 (10.97%) | loss: 3.183590 | lrm: 1.00 | dt: 2074.77ms | tok/sec: 505,392 | bf16_mfu: 45.46 | epoch: 1 | total time: 17.07m | eta: 141.5m
step 00479/04357 (10.99%) | loss: 3.188597 | lrm: 1.00 | dt: 2071.41ms | tok/sec: 506,214 | bf16_mfu: 45.53 | epoch: 1 | total time: 17.11m | eta: 141.5m
step 00480/04357 (11.02%) | loss: 3.192247 | lrm: 1.00 | dt: 2061.76ms | tok/sec: 508,583 | bf16_mfu: 45.74 | epoch: 1 | total time: 17.14m | eta: 141.4m
step 00481/04357 (11.04%) | loss: 3.211050 | lrm: 1.00 | dt: 2065.14ms | tok/sec: 507,749 | bf16_mfu: 45.67 | epoch: 1 | total time: 17.18m | eta: 141.4m
step 00482/04357 (11.06%) | loss: 3.198725 | lrm: 1.00 | dt: 2067.84ms | tok/sec: 507,087 | bf16_mfu: 45.61 | epoch: 1 | total time: 17.21m | eta: 141.3m
step 00483/04357 (11.09%) | loss: 3.175424 | lrm: 1.00 | dt: 2059.94ms | tok/sec: 509,032 | bf16_mfu: 45.79 | epoch: 1 | total time: 17.25m | eta: 141.3m
step 00484/04357 (11.11%) | loss: 3.184588 | lrm: 1.00 | dt: 2066.87ms | tok/sec: 507,326 | bf16_mfu: 45.63 | epoch: 1 | total time: 17.28m | eta: 141.2m
step 00485/04357 (11.13%) | loss: 3.184038 | lrm: 1.00 | dt: 2056.48ms | tok/sec: 509,889 | bf16_mfu: 45.86 | epoch: 1 | total time: 17.32m | eta: 141.1m
step 00486/04357 (11.15%) | loss: 3.169862 | lrm: 1.00 | dt: 2060.98ms | tok/sec: 508,776 | bf16_mfu: 45.76 | epoch: 1 | total time: 17.35m | eta: 141.1m
step 00487/04357 (11.18%) | loss: 3.176065 | lrm: 1.00 | dt: 2058.49ms | tok/sec: 509,390 | bf16_mfu: 45.82 | epoch: 1 | total time: 17.38m | eta: 141.0m
step 00488/04357 (11.20%) | loss: 3.181659 | lrm: 1.00 | dt: 2057.69ms | tok/sec: 509,587 | bf16_mfu: 45.84 | epoch: 1 | total time: 17.42m | eta: 141.0m
step 00489/04357 (11.22%) | loss: 3.174154 | lrm: 1.00 | dt: 2052.90ms | tok/sec: 510,779 | bf16_mfu: 45.94 | epoch: 1 | total time: 17.45m | eta: 140.9m
step 00490/04357 (11.25%) | loss: 3.174267 | lrm: 1.00 | dt: 2054.97ms | tok/sec: 510,263 | bf16_mfu: 45.90 | epoch: 1 | total time: 17.49m | eta: 140.9m
step 00491/04357 (11.27%) | loss: 3.186413 | lrm: 1.00 | dt: 2058.18ms | tok/sec: 509,467 | bf16_mfu: 45.82 | epoch: 1 | total time: 17.52m | eta: 140.8m
step 00492/04357 (11.29%) | loss: 3.179174 | lrm: 1.00 | dt: 2051.89ms | tok/sec: 511,029 | bf16_mfu: 45.96 | epoch: 1 | total time: 17.56m | eta: 140.8m
step 00493/04357 (11.32%) | loss: 3.180554 | lrm: 1.00 | dt: 2049.15ms | tok/sec: 511,712 | bf16_mfu: 46.03 | epoch: 1 | total time: 17.59m | eta: 140.7m
step 00494/04357 (11.34%) | loss: 3.183339 | lrm: 1.00 | dt: 2052.99ms | tok/sec: 510,755 | bf16_mfu: 45.94 | epoch: 1 | total time: 17.62m | eta: 140.7m
step 00495/04357 (11.36%) | loss: 3.184174 | lrm: 1.00 | dt: 2047.28ms | tok/sec: 512,179 | bf16_mfu: 46.07 | epoch: 1 | total time: 17.66m | eta: 140.6m
step 00496/04357 (11.38%) | loss: 3.173712 | lrm: 1.00 | dt: 2043.83ms | tok/sec: 513,045 | bf16_mfu: 46.15 | epoch: 1 | total time: 17.69m | eta: 140.5m
step 00497/04357 (11.41%) | loss: 3.168004 | lrm: 1.00 | dt: 2043.90ms | tok/sec: 513,027 | bf16_mfu: 46.14 | epoch: 1 | total time: 17.73m | eta: 140.5m
step 00498/04357 (11.43%) | loss: 3.161881 | lrm: 1.00 | dt: 2043.48ms | tok/sec: 513,131 | bf16_mfu: 46.15 | epoch: 1 | total time: 17.76m | eta: 140.4m
step 00499/04357 (11.45%) | loss: 3.148681 | lrm: 1.00 | dt: 2044.39ms | tok/sec: 512,903 | bf16_mfu: 46.13 | epoch: 1 | total time: 17.79m | eta: 140.4m
Step 00500 | Validation bpb: 0.958527
step 00500/04357 (11.48%) | loss: 3.157248 | lrm: 1.00 | dt: 35737.63ms | tok/sec: 29,340 | bf16_mfu: 2.64 | epoch: 1 | total time: 18.39m | eta: 144.8m
step 00501/04357 (11.50%) | loss: 3.158844 | lrm: 1.00 | dt: 1983.90ms | tok/sec: 528,541 | bf16_mfu: 47.54 | epoch: 1 | total time: 18.42m | eta: 144.7m
step 00502/04357 (11.52%) | loss: 3.166359 | lrm: 1.00 | dt: 1990.31ms | tok/sec: 526,840 | bf16_mfu: 47.39 | epoch: 1 | total time: 18.46m | eta: 144.6m
step 00503/04357 (11.54%) | loss: 3.152867 | lrm: 1.00 | dt: 1993.27ms | tok/sec: 526,057 | bf16_mfu: 47.32 | epoch: 1 | total time: 18.49m | eta: 144.5m
step 00504/04357 (11.57%) | loss: 3.147545 | lrm: 1.00 | dt: 1993.35ms | tok/sec: 526,038 | bf16_mfu: 47.31 | epoch: 1 | total time: 18.52m | eta: 144.5m
step 00505/04357 (11.59%) | loss: 3.147948 | lrm: 1.00 | dt: 1998.24ms | tok/sec: 524,750 | bf16_mfu: 47.20 | epoch: 1 | total time: 18.56m | eta: 144.4m
step 00506/04357 (11.61%) | loss: 3.155559 | lrm: 1.00 | dt: 1998.03ms | tok/sec: 524,805 | bf16_mfu: 47.20 | epoch: 1 | total time: 18.59m | eta: 144.3m
step 00507/04357 (11.64%) | loss: 3.136983 | lrm: 1.00 | dt: 1999.82ms | tok/sec: 524,335 | bf16_mfu: 47.16 | epoch: 1 | total time: 18.62m | eta: 144.3m
step 00508/04357 (11.66%) | loss: 3.139467 | lrm: 1.00 | dt: 1993.23ms | tok/sec: 526,068 | bf16_mfu: 47.32 | epoch: 1 | total time: 18.66m | eta: 144.2m
step 00509/04357 (11.68%) | loss: 3.153069 | lrm: 1.00 | dt: 1992.80ms | tok/sec: 526,181 | bf16_mfu: 47.33 | epoch: 1 | total time: 18.69m | eta: 144.1m
step 00510/04357 (11.71%) | loss: 3.158928 | lrm: 1.00 | dt: 1995.52ms | tok/sec: 525,466 | bf16_mfu: 47.26 | epoch: 1 | total time: 18.72m | eta: 144.0m
step 00511/04357 (11.73%) | loss: 3.158762 | lrm: 1.00 | dt: 1993.70ms | tok/sec: 525,944 | bf16_mfu: 47.31 | epoch: 1 | total time: 18.75m | eta: 144.0m
step 00512/04357 (11.75%) | loss: 3.164644 | lrm: 1.00 | dt: 1998.85ms | tok/sec: 524,588 | bf16_mfu: 47.18 | epoch: 1 | total time: 18.79m | eta: 143.9m
step 00513/04357 (11.77%) | loss: 3.145191 | lrm: 1.00 | dt: 2001.96ms | tok/sec: 523,774 | bf16_mfu: 47.11 | epoch: 1 | total time: 18.82m | eta: 143.8m
step 00514/04357 (11.80%) | loss: 3.120655 | lrm: 1.00 | dt: 1998.55ms | tok/sec: 524,667 | bf16_mfu: 47.19 | epoch: 1 | total time: 18.85m | eta: 143.8m
step 00515/04357 (11.82%) | loss: 3.125656 | lrm: 1.00 | dt: 2003.09ms | tok/sec: 523,478 | bf16_mfu: 47.08 | epoch: 1 | total time: 18.89m | eta: 143.7m
step 00516/04357 (11.84%) | loss: 3.126801 | lrm: 1.00 | dt: 2002.56ms | tok/sec: 523,618 | bf16_mfu: 47.10 | epoch: 1 | total time: 18.92m | eta: 143.6m
step 00517/04357 (11.87%) | loss: 3.113903 | lrm: 1.00 | dt: 2006.05ms | tok/sec: 522,706 | bf16_mfu: 47.02 | epoch: 1 | total time: 18.96m | eta: 143.6m
step 00518/04357 (11.89%) | loss: 3.096590 | lrm: 1.00 | dt: 2006.44ms | tok/sec: 522,605 | bf16_mfu: 47.01 | epoch: 1 | total time: 18.99m | eta: 143.5m
step 00519/04357 (11.91%) | loss: 3.106464 | lrm: 1.00 | dt: 2012.37ms | tok/sec: 521,066 | bf16_mfu: 46.87 | epoch: 1 | total time: 19.02m | eta: 143.4m
step 00520/04357 (11.93%) | loss: 3.108592 | lrm: 1.00 | dt: 2006.66ms | tok/sec: 522,547 | bf16_mfu: 47.00 | epoch: 1 | total time: 19.06m | eta: 143.4m
step 00521/04357 (11.96%) | loss: 3.110837 | lrm: 1.00 | dt: 2008.54ms | tok/sec: 522,058 | bf16_mfu: 46.96 | epoch: 1 | total time: 19.09m | eta: 143.3m
step 00522/04357 (11.98%) | loss: 3.113107 | lrm: 1.00 | dt: 2010.85ms | tok/sec: 521,459 | bf16_mfu: 46.90 | epoch: 1 | total time: 19.12m | eta: 143.2m
step 00523/04357 (12.00%) | loss: 3.106657 | lrm: 1.00 | dt: 2010.13ms | tok/sec: 521,644 | bf16_mfu: 46.92 | epoch: 1 | total time: 19.16m | eta: 143.2m
step 00524/04357 (12.03%) | loss: 3.111935 | lrm: 1.00 | dt: 2013.76ms | tok/sec: 520,704 | bf16_mfu: 46.84 | epoch: 1 | total time: 19.19m | eta: 143.1m
step 00525/04357 (12.05%) | loss: 3.125190 | lrm: 1.00 | dt: 2014.93ms | tok/sec: 520,402 | bf16_mfu: 46.81 | epoch: 1 | total time: 19.22m | eta: 143.0m
step 00526/04357 (12.07%) | loss: 3.132217 | lrm: 1.00 | dt: 2010.06ms | tok/sec: 521,664 | bf16_mfu: 46.92 | epoch: 1 | total time: 19.26m | eta: 143.0m
step 00527/04357 (12.10%) | loss: 3.135429 | lrm: 1.00 | dt: 2014.65ms | tok/sec: 520,474 | bf16_mfu: 46.81 | epoch: 1 | total time: 19.29m | eta: 142.9m
step 00528/04357 (12.12%) | loss: 3.133746 | lrm: 1.00 | dt: 2015.37ms | tok/sec: 520,289 | bf16_mfu: 46.80 | epoch: 1 | total time: 19.32m | eta: 142.8m
step 00529/04357 (12.14%) | loss: 3.138473 | lrm: 1.00 | dt: 2015.23ms | tok/sec: 520,325 | bf16_mfu: 46.80 | epoch: 1 | total time: 19.36m | eta: 142.8m
step 00530/04357 (12.16%) | loss: 3.136546 | lrm: 1.00 | dt: 2016.12ms | tok/sec: 520,095 | bf16_mfu: 46.78 | epoch: 1 | total time: 19.39m | eta: 142.7m
step 00531/04357 (12.19%) | loss: 3.120516 | lrm: 1.00 | dt: 2021.91ms | tok/sec: 518,606 | bf16_mfu: 46.65 | epoch: 1 | total time: 19.42m | eta: 142.6m
step 00532/04357 (12.21%) | loss: 3.114095 | lrm: 1.00 | dt: 2021.45ms | tok/sec: 518,723 | bf16_mfu: 46.66 | epoch: 1 | total time: 19.46m | eta: 142.6m
step 00533/04357 (12.23%) | loss: 3.121483 | lrm: 1.00 | dt: 2022.98ms | tok/sec: 518,332 | bf16_mfu: 46.62 | epoch: 1 | total time: 19.49m | eta: 142.5m
step 00534/04357 (12.26%) | loss: 3.120547 | lrm: 1.00 | dt: 2017.25ms | tok/sec: 519,805 | bf16_mfu: 46.75 | epoch: 1 | total time: 19.53m | eta: 142.5m
step 00535/04357 (12.28%) | loss: 3.128277 | lrm: 1.00 | dt: 2020.78ms | tok/sec: 518,897 | bf16_mfu: 46.67 | epoch: 1 | total time: 19.56m | eta: 142.4m
step 00536/04357 (12.30%) | loss: 3.136378 | lrm: 1.00 | dt: 2023.39ms | tok/sec: 518,228 | bf16_mfu: 46.61 | epoch: 1 | total time: 19.59m | eta: 142.3m
step 00537/04357 (12.32%) | loss: 3.138200 | lrm: 1.00 | dt: 2024.27ms | tok/sec: 518,001 | bf16_mfu: 46.59 | epoch: 1 | total time: 19.63m | eta: 142.3m
step 00538/04357 (12.35%) | loss: 3.145038 | lrm: 1.00 | dt: 2022.09ms | tok/sec: 518,559 | bf16_mfu: 46.64 | epoch: 1 | total time: 19.66m | eta: 142.2m
step 00539/04357 (12.37%) | loss: 3.132606 | lrm: 1.00 | dt: 2021.94ms | tok/sec: 518,598 | bf16_mfu: 46.65 | epoch: 1 | total time: 19.69m | eta: 142.1m
step 00540/04357 (12.39%) | loss: 3.133796 | lrm: 1.00 | dt: 2022.44ms | tok/sec: 518,469 | bf16_mfu: 46.63 | epoch: 1 | total time: 19.73m | eta: 142.1m
step 00541/04357 (12.42%) | loss: 3.132665 | lrm: 1.00 | dt: 2020.38ms | tok/sec: 518,998 | bf16_mfu: 46.68 | epoch: 1 | total time: 19.76m | eta: 142.0m
step 00542/04357 (12.44%) | loss: 3.133247 | lrm: 1.00 | dt: 2024.83ms | tok/sec: 517,859 | bf16_mfu: 46.58 | epoch: 1 | total time: 19.80m | eta: 142.0m
step 00543/04357 (12.46%) | loss: 3.126177 | lrm: 1.00 | dt: 2024.26ms | tok/sec: 518,003 | bf16_mfu: 46.59 | epoch: 1 | total time: 19.83m | eta: 141.9m
step 00544/04357 (12.49%) | loss: 3.125513 | lrm: 1.00 | dt: 2021.19ms | tok/sec: 518,790 | bf16_mfu: 46.66 | epoch: 1 | total time: 19.86m | eta: 141.8m
step 00545/04357 (12.51%) | loss: 3.125178 | lrm: 1.00 | dt: 2028.48ms | tok/sec: 516,925 | bf16_mfu: 46.50 | epoch: 1 | total time: 19.90m | eta: 141.8m
step 00546/04357 (12.53%) | loss: 3.137889 | lrm: 1.00 | dt: 2028.42ms | tok/sec: 516,941 | bf16_mfu: 46.50 | epoch: 1 | total time: 19.93m | eta: 141.7m
step 00547/04357 (12.55%) | loss: 3.137088 | lrm: 1.00 | dt: 2025.98ms | tok/sec: 517,566 | bf16_mfu: 46.55 | epoch: 1 | total time: 19.96m | eta: 141.6m
step 00548/04357 (12.58%) | loss: 3.144873 | lrm: 1.00 | dt: 2026.05ms | tok/sec: 517,545 | bf16_mfu: 46.55 | epoch: 1 | total time: 20.00m | eta: 141.6m
step 00549/04357 (12.60%) | loss: 3.137402 | lrm: 1.00 | dt: 2022.73ms | tok/sec: 518,395 | bf16_mfu: 46.63 | epoch: 1 | total time: 20.03m | eta: 141.5m
step 00550/04357 (12.62%) | loss: 3.126957 | lrm: 1.00 | dt: 2027.10ms | tok/sec: 517,279 | bf16_mfu: 46.53 | epoch: 1 | total time: 20.07m | eta: 141.5m
step 00551/04357 (12.65%) | loss: 3.122248 | lrm: 1.00 | dt: 2026.28ms | tok/sec: 517,489 | bf16_mfu: 46.55 | epoch: 1 | total time: 20.10m | eta: 141.4m
step 00552/04357 (12.67%) | loss: 3.113354 | lrm: 1.00 | dt: 2023.34ms | tok/sec: 518,240 | bf16_mfu: 46.61 | epoch: 1 | total time: 20.13m | eta: 141.3m
step 00553/04357 (12.69%) | loss: 3.115055 | lrm: 1.00 | dt: 2030.59ms | tok/sec: 516,389 | bf16_mfu: 46.45 | epoch: 1 | total time: 20.17m | eta: 141.3m
step 00554/04357 (12.72%) | loss: 3.106919 | lrm: 1.00 | dt: 2030.66ms | tok/sec: 516,372 | bf16_mfu: 46.45 | epoch: 1 | total time: 20.20m | eta: 141.2m
step 00555/04357 (12.74%) | loss: 3.105249 | lrm: 1.00 | dt: 2026.21ms | tok/sec: 517,507 | bf16_mfu: 46.55 | epoch: 1 | total time: 20.23m | eta: 141.2m
step 00556/04357 (12.76%) | loss: 3.103897 | lrm: 1.00 | dt: 2027.67ms | tok/sec: 517,132 | bf16_mfu: 46.51 | epoch: 1 | total time: 20.27m | eta: 141.1m
step 00557/04357 (12.78%) | loss: 3.107420 | lrm: 1.00 | dt: 2028.28ms | tok/sec: 516,978 | bf16_mfu: 46.50 | epoch: 1 | total time: 20.30m | eta: 141.0m
step 00558/04357 (12.81%) | loss: 3.115828 | lrm: 1.00 | dt: 2028.82ms | tok/sec: 516,840 | bf16_mfu: 46.49 | epoch: 1 | total time: 20.34m | eta: 141.0m
step 00559/04357 (12.83%) | loss: 3.127756 | lrm: 1.00 | dt: 2031.34ms | tok/sec: 516,199 | bf16_mfu: 46.43 | epoch: 1 | total time: 20.37m | eta: 140.9m
step 00560/04357 (12.85%) | loss: 3.142766 | lrm: 1.00 | dt: 2031.51ms | tok/sec: 516,155 | bf16_mfu: 46.43 | epoch: 1 | total time: 20.40m | eta: 140.9m
step 00561/04357 (12.88%) | loss: 3.140591 | lrm: 1.00 | dt: 2029.12ms | tok/sec: 516,764 | bf16_mfu: 46.48 | epoch: 1 | total time: 20.44m | eta: 140.8m
step 00562/04357 (12.90%) | loss: 3.129650 | lrm: 1.00 | dt: 2028.80ms | tok/sec: 516,844 | bf16_mfu: 46.49 | epoch: 1 | total time: 20.47m | eta: 140.7m
step 00563/04357 (12.92%) | loss: 3.124549 | lrm: 1.00 | dt: 2037.30ms | tok/sec: 514,689 | bf16_mfu: 46.29 | epoch: 1 | total time: 20.51m | eta: 140.7m
step 00564/04357 (12.94%) | loss: 3.136707 | lrm: 1.00 | dt: 2031.41ms | tok/sec: 516,180 | bf16_mfu: 46.43 | epoch: 1 | total time: 20.54m | eta: 140.6m
step 00565/04357 (12.97%) | loss: 3.144235 | lrm: 1.00 | dt: 2031.81ms | tok/sec: 516,079 | bf16_mfu: 46.42 | epoch: 1 | total time: 20.57m | eta: 140.6m
step 00566/04357 (12.99%) | loss: 3.131663 | lrm: 1.00 | dt: 2030.01ms | tok/sec: 516,537 | bf16_mfu: 46.46 | epoch: 1 | total time: 20.61m | eta: 140.5m
step 00567/04357 (13.01%) | loss: 3.127142 | lrm: 1.00 | dt: 2032.35ms | tok/sec: 515,942 | bf16_mfu: 46.41 | epoch: 1 | total time: 20.64m | eta: 140.4m
step 00568/04357 (13.04%) | loss: 3.119825 | lrm: 1.00 | dt: 2030.82ms | tok/sec: 516,331 | bf16_mfu: 46.44 | epoch: 1 | total time: 20.67m | eta: 140.4m
step 00569/04357 (13.06%) | loss: 3.120086 | lrm: 1.00 | dt: 2032.35ms | tok/sec: 515,943 | bf16_mfu: 46.41 | epoch: 1 | total time: 20.71m | eta: 140.3m
step 00570/04357 (13.08%) | loss: 3.135109 | lrm: 1.00 | dt: 2034.38ms | tok/sec: 515,428 | bf16_mfu: 46.36 | epoch: 1 | total time: 20.74m | eta: 140.3m
step 00571/04357 (13.11%) | loss: 3.126128 | lrm: 1.00 | dt: 2029.90ms | tok/sec: 516,564 | bf16_mfu: 46.46 | epoch: 1 | total time: 20.78m | eta: 140.2m
step 00572/04357 (13.13%) | loss: 3.126888 | lrm: 1.00 | dt: 2032.86ms | tok/sec: 515,813 | bf16_mfu: 46.40 | epoch: 1 | total time: 20.81m | eta: 140.2m
step 00573/04357 (13.15%) | loss: 3.126391 | lrm: 1.00 | dt: 2033.23ms | tok/sec: 515,719 | bf16_mfu: 46.39 | epoch: 1 | total time: 20.84m | eta: 140.1m
step 00574/04357 (13.17%) | loss: 3.134807 | lrm: 1.00 | dt: 2027.07ms | tok/sec: 517,285 | bf16_mfu: 46.53 | epoch: 1 | total time: 20.88m | eta: 140.0m
step 00575/04357 (13.20%) | loss: 3.120834 | lrm: 1.00 | dt: 2031.79ms | tok/sec: 516,085 | bf16_mfu: 46.42 | epoch: 1 | total time: 20.91m | eta: 140.0m
step 00576/04357 (13.22%) | loss: 3.109324 | lrm: 1.00 | dt: 2031.00ms | tok/sec: 516,285 | bf16_mfu: 46.44 | epoch: 1 | total time: 20.95m | eta: 139.9m
step 00577/04357 (13.24%) | loss: 3.110707 | lrm: 1.00 | dt: 2030.66ms | tok/sec: 516,372 | bf16_mfu: 46.45 | epoch: 1 | total time: 20.98m | eta: 139.9m
step 00578/04357 (13.27%) | loss: 3.105579 | lrm: 1.00 | dt: 2031.77ms | tok/sec: 516,089 | bf16_mfu: 46.42 | epoch: 1 | total time: 21.01m | eta: 139.8m
step 00579/04357 (13.29%) | loss: 3.102870 | lrm: 1.00 | dt: 2031.68ms | tok/sec: 516,113 | bf16_mfu: 46.42 | epoch: 1 | total time: 21.05m | eta: 139.7m
step 00580/04357 (13.31%) | loss: 3.101907 | lrm: 1.00 | dt: 2022.87ms | tok/sec: 518,360 | bf16_mfu: 46.62 | epoch: 1 | total time: 21.08m | eta: 139.7m
step 00581/04357 (13.33%) | loss: 3.088653 | lrm: 1.00 | dt: 2030.51ms | tok/sec: 516,411 | bf16_mfu: 46.45 | epoch: 1 | total time: 21.11m | eta: 139.6m
step 00582/04357 (13.36%) | loss: 3.084866 | lrm: 1.00 | dt: 2032.79ms | tok/sec: 515,830 | bf16_mfu: 46.40 | epoch: 1 | total time: 21.15m | eta: 139.6m
step 00583/04357 (13.38%) | loss: 3.086661 | lrm: 1.00 | dt: 2032.35ms | tok/sec: 515,942 | bf16_mfu: 46.41 | epoch: 1 | total time: 21.18m | eta: 139.5m
step 00584/04357 (13.40%) | loss: 3.082848 | lrm: 1.00 | dt: 2028.34ms | tok/sec: 516,963 | bf16_mfu: 46.50 | epoch: 1 | total time: 21.22m | eta: 139.5m
step 00585/04357 (13.43%) | loss: 3.096765 | lrm: 1.00 | dt: 2048.80ms | tok/sec: 511,799 | bf16_mfu: 46.03 | epoch: 1 | total time: 21.25m | eta: 139.4m
step 00586/04357 (13.45%) | loss: 3.094198 | lrm: 1.00 | dt: 2029.31ms | tok/sec: 516,716 | bf16_mfu: 46.48 | epoch: 1 | total time: 21.28m | eta: 139.3m
step 00587/04357 (13.47%) | loss: 3.086479 | lrm: 1.00 | dt: 2031.13ms | tok/sec: 516,252 | bf16_mfu: 46.43 | epoch: 1 | total time: 21.32m | eta: 139.3m
step 00588/04357 (13.50%) | loss: 3.079187 | lrm: 1.00 | dt: 2035.14ms | tok/sec: 515,234 | bf16_mfu: 46.34 | epoch: 1 | total time: 21.35m | eta: 139.2m
step 00589/04357 (13.52%) | loss: 3.091002 | lrm: 1.00 | dt: 2032.74ms | tok/sec: 515,843 | bf16_mfu: 46.40 | epoch: 1 | total time: 21.39m | eta: 139.2m
step 00590/04357 (13.54%) | loss: 3.088698 | lrm: 1.00 | dt: 2031.34ms | tok/sec: 516,198 | bf16_mfu: 46.43 | epoch: 1 | total time: 21.42m | eta: 139.1m
step 00591/04357 (13.56%) | loss: 3.078135 | lrm: 1.00 | dt: 2029.51ms | tok/sec: 516,664 | bf16_mfu: 46.47 | epoch: 1 | total time: 21.45m | eta: 139.1m
step 00592/04357 (13.59%) | loss: 3.086162 | lrm: 1.00 | dt: 2032.85ms | tok/sec: 515,816 | bf16_mfu: 46.40 | epoch: 1 | total time: 21.49m | eta: 139.0m
step 00593/04357 (13.61%) | loss: 3.081333 | lrm: 1.00 | dt: 2032.69ms | tok/sec: 515,856 | bf16_mfu: 46.40 | epoch: 1 | total time: 21.52m | eta: 138.9m
step 00594/04357 (13.63%) | loss: 3.086227 | lrm: 1.00 | dt: 2029.99ms | tok/sec: 516,541 | bf16_mfu: 46.46 | epoch: 1 | total time: 21.55m | eta: 138.9m
step 00595/04357 (13.66%) | loss: 3.086810 | lrm: 1.00 | dt: 2029.04ms | tok/sec: 516,783 | bf16_mfu: 46.48 | epoch: 1 | total time: 21.59m | eta: 138.8m
step 00596/04357 (13.68%) | loss: 3.083894 | lrm: 1.00 | dt: 2038.88ms | tok/sec: 514,291 | bf16_mfu: 46.26 | epoch: 1 | total time: 21.62m | eta: 138.8m
step 00597/04357 (13.70%) | loss: 3.083683 | lrm: 1.00 | dt: 2029.98ms | tok/sec: 516,544 | bf16_mfu: 46.46 | epoch: 1 | total time: 21.66m | eta: 138.7m
step 00598/04357 (13.73%) | loss: 3.086004 | lrm: 1.00 | dt: 2031.67ms | tok/sec: 516,116 | bf16_mfu: 46.42 | epoch: 1 | total time: 21.69m | eta: 138.7m
step 00599/04357 (13.75%) | loss: 3.087382 | lrm: 1.00 | dt: 2030.83ms | tok/sec: 516,328 | bf16_mfu: 46.44 | epoch: 1 | total time: 21.72m | eta: 138.6m
step 00600/04357 (13.77%) | loss: 3.092396 | lrm: 1.00 | dt: 2030.45ms | tok/sec: 516,425 | bf16_mfu: 46.45 | epoch: 1 | total time: 21.76m | eta: 138.6m
step 00601/04357 (13.79%) | loss: 3.088789 | lrm: 1.00 | dt: 2032.91ms | tok/sec: 515,799 | bf16_mfu: 46.39 | epoch: 1 | total time: 21.79m | eta: 138.5m
step 00602/04357 (13.82%) | loss: 3.093896 | lrm: 1.00 | dt: 2031.63ms | tok/sec: 516,124 | bf16_mfu: 46.42 | epoch: 1 | total time: 21.83m | eta: 138.4m
step 00603/04357 (13.84%) | loss: 3.103231 | lrm: 1.00 | dt: 2032.98ms | tok/sec: 515,782 | bf16_mfu: 46.39 | epoch: 1 | total time: 21.86m | eta: 138.4m
step 00604/04357 (13.86%) | loss: 3.097661 | lrm: 1.00 | dt: 2022.87ms | tok/sec: 518,361 | bf16_mfu: 46.62 | epoch: 1 | total time: 21.89m | eta: 138.3m
step 00605/04357 (13.89%) | loss: 3.085829 | lrm: 1.00 | dt: 2031.99ms | tok/sec: 516,033 | bf16_mfu: 46.42 | epoch: 1 | total time: 21.93m | eta: 138.3m
step 00606/04357 (13.91%) | loss: 3.075900 | lrm: 1.00 | dt: 2035.98ms | tok/sec: 515,022 | bf16_mfu: 46.32 | epoch: 1 | total time: 21.96m | eta: 138.2m
step 00607/04357 (13.93%) | loss: 3.092196 | lrm: 1.00 | dt: 2027.38ms | tok/sec: 517,207 | bf16_mfu: 46.52 | epoch: 1 | total time: 22.00m | eta: 138.2m
step 00608/04357 (13.95%) | loss: 3.089172 | lrm: 1.00 | dt: 2034.64ms | tok/sec: 515,363 | bf16_mfu: 46.35 | epoch: 1 | total time: 22.03m | eta: 138.1m
step 00609/04357 (13.98%) | loss: 3.098015 | lrm: 1.00 | dt: 2026.63ms | tok/sec: 517,399 | bf16_mfu: 46.54 | epoch: 1 | total time: 22.06m | eta: 138.0m
step 00610/04357 (14.00%) | loss: 3.104332 | lrm: 1.00 | dt: 2032.83ms | tok/sec: 515,819 | bf16_mfu: 46.40 | epoch: 1 | total time: 22.10m | eta: 138.0m
step 00611/04357 (14.02%) | loss: 3.107274 | lrm: 1.00 | dt: 2033.79ms | tok/sec: 515,576 | bf16_mfu: 46.37 | epoch: 1 | total time: 22.13m | eta: 137.9m
step 00612/04357 (14.05%) | loss: 3.098137 | lrm: 1.00 | dt: 2030.29ms | tok/sec: 516,466 | bf16_mfu: 46.45 | epoch: 1 | total time: 22.16m | eta: 137.9m
step 00613/04357 (14.07%) | loss: 3.094226 | lrm: 1.00 | dt: 2031.96ms | tok/sec: 516,040 | bf16_mfu: 46.42 | epoch: 1 | total time: 22.20m | eta: 137.8m
step 00614/04357 (14.09%) | loss: 3.090388 | lrm: 1.00 | dt: 2030.15ms | tok/sec: 516,501 | bf16_mfu: 46.46 | epoch: 1 | total time: 22.23m | eta: 137.8m
step 00615/04357 (14.12%) | loss: 3.105755 | lrm: 1.00 | dt: 2039.35ms | tok/sec: 514,171 | bf16_mfu: 46.25 | epoch: 1 | total time: 22.27m | eta: 137.7m
step 00616/04357 (14.14%) | loss: 3.111559 | lrm: 1.00 | dt: 2031.19ms | tok/sec: 516,236 | bf16_mfu: 46.43 | epoch: 1 | total time: 22.30m | eta: 137.7m
step 00617/04357 (14.16%) | loss: 3.122254 | lrm: 1.00 | dt: 2031.80ms | tok/sec: 516,082 | bf16_mfu: 46.42 | epoch: 1 | total time: 22.33m | eta: 137.6m
step 00618/04357 (14.18%) | loss: 3.131401 | lrm: 1.00 | dt: 2031.00ms | tok/sec: 516,285 | bf16_mfu: 46.44 | epoch: 1 | total time: 22.37m | eta: 137.6m
step 00619/04357 (14.21%) | loss: 3.121470 | lrm: 1.00 | dt: 2030.15ms | tok/sec: 516,502 | bf16_mfu: 46.46 | epoch: 1 | total time: 22.40m | eta: 137.5m
step 00620/04357 (14.23%) | loss: 3.112440 | lrm: 1.00 | dt: 2032.61ms | tok/sec: 515,877 | bf16_mfu: 46.40 | epoch: 1 | total time: 22.44m | eta: 137.4m
step 00621/04357 (14.25%) | loss: 3.113369 | lrm: 1.00 | dt: 2034.38ms | tok/sec: 515,428 | bf16_mfu: 46.36 | epoch: 1 | total time: 22.47m | eta: 137.4m
step 00622/04357 (14.28%) | loss: 3.108258 | lrm: 1.00 | dt: 2036.81ms | tok/sec: 514,813 | bf16_mfu: 46.31 | epoch: 1 | total time: 22.50m | eta: 137.3m
step 00623/04357 (14.30%) | loss: 3.117453 | lrm: 1.00 | dt: 2032.28ms | tok/sec: 515,959 | bf16_mfu: 46.41 | epoch: 1 | total time: 22.54m | eta: 137.3m
step 00624/04357 (14.32%) | loss: 3.105423 | lrm: 1.00 | dt: 2031.43ms | tok/sec: 516,176 | bf16_mfu: 46.43 | epoch: 1 | total time: 22.57m | eta: 137.2m
step 00625/04357 (14.34%) | loss: 3.101657 | lrm: 1.00 | dt: 2037.56ms | tok/sec: 514,622 | bf16_mfu: 46.29 | epoch: 1 | total time: 22.60m | eta: 137.2m
step 00626/04357 (14.37%) | loss: 3.090810 | lrm: 1.00 | dt: 2036.77ms | tok/sec: 514,822 | bf16_mfu: 46.31 | epoch: 1 | total time: 22.64m | eta: 137.1m
step 00627/04357 (14.39%) | loss: 3.098159 | lrm: 1.00 | dt: 2029.41ms | tok/sec: 516,691 | bf16_mfu: 46.47 | epoch: 1 | total time: 22.67m | eta: 137.1m
step 00628/04357 (14.41%) | loss: 3.105884 | lrm: 1.00 | dt: 2050.03ms | tok/sec: 511,494 | bf16_mfu: 46.01 | epoch: 1 | total time: 22.71m | eta: 137.0m
step 00629/04357 (14.44%) | loss: 3.100280 | lrm: 1.00 | dt: 2027.39ms | tok/sec: 517,204 | bf16_mfu: 46.52 | epoch: 1 | total time: 22.74m | eta: 137.0m
step 00630/04357 (14.46%) | loss: 3.096912 | lrm: 1.00 | dt: 2032.57ms | tok/sec: 515,885 | bf16_mfu: 46.40 | epoch: 1 | total time: 22.77m | eta: 136.9m
step 00631/04357 (14.48%) | loss: 3.091614 | lrm: 1.00 | dt: 2034.31ms | tok/sec: 515,445 | bf16_mfu: 46.36 | epoch: 1 | total time: 22.81m | eta: 136.9m
step 00632/04357 (14.51%) | loss: 3.089501 | lrm: 1.00 | dt: 2025.53ms | tok/sec: 517,679 | bf16_mfu: 46.56 | epoch: 1 | total time: 22.84m | eta: 136.8m
step 00633/04357 (14.53%) | loss: 3.091834 | lrm: 1.00 | dt: 2034.50ms | tok/sec: 515,398 | bf16_mfu: 46.36 | epoch: 1 | total time: 22.88m | eta: 136.7m
step 00634/04357 (14.55%) | loss: 3.082398 | lrm: 1.00 | dt: 2026.56ms | tok/sec: 517,417 | bf16_mfu: 46.54 | epoch: 1 | total time: 22.91m | eta: 136.7m
step 00635/04357 (14.57%) | loss: 3.088641 | lrm: 1.00 | dt: 2035.76ms | tok/sec: 515,077 | bf16_mfu: 46.33 | epoch: 1 | total time: 22.94m | eta: 136.6m
step 00636/04357 (14.60%) | loss: 3.092132 | lrm: 1.00 | dt: 2034.26ms | tok/sec: 515,458 | bf16_mfu: 46.36 | epoch: 1 | total time: 22.98m | eta: 136.6m
step 00637/04357 (14.62%) | loss: 3.094369 | lrm: 1.00 | dt: 2031.53ms | tok/sec: 516,150 | bf16_mfu: 46.43 | epoch: 1 | total time: 23.01m | eta: 136.5m
step 00638/04357 (14.64%) | loss: 3.095555 | lrm: 1.00 | dt: 2038.53ms | tok/sec: 514,378 | bf16_mfu: 46.27 | epoch: 1 | total time: 23.05m | eta: 136.5m
step 00639/04357 (14.67%) | loss: 3.092982 | lrm: 1.00 | dt: 2036.06ms | tok/sec: 515,001 | bf16_mfu: 46.32 | epoch: 1 | total time: 23.08m | eta: 136.4m
step 00640/04357 (14.69%) | loss: 3.082089 | lrm: 1.00 | dt: 2032.43ms | tok/sec: 515,921 | bf16_mfu: 46.40 | epoch: 1 | total time: 23.11m | eta: 136.4m
step 00641/04357 (14.71%) | loss: 3.079352 | lrm: 1.00 | dt: 2031.75ms | tok/sec: 516,095 | bf16_mfu: 46.42 | epoch: 1 | total time: 23.15m | eta: 136.3m
step 00642/04357 (14.73%) | loss: 3.082529 | lrm: 1.00 | dt: 2029.27ms | tok/sec: 516,725 | bf16_mfu: 46.48 | epoch: 1 | total time: 23.18m | eta: 136.3m
step 00643/04357 (14.76%) | loss: 3.079845 | lrm: 1.00 | dt: 2033.74ms | tok/sec: 515,589 | bf16_mfu: 46.38 | epoch: 1 | total time: 23.21m | eta: 136.2m
step 00644/04357 (14.78%) | loss: 3.082729 | lrm: 1.00 | dt: 2028.34ms | tok/sec: 516,963 | bf16_mfu: 46.50 | epoch: 1 | total time: 23.25m | eta: 136.2m
step 00645/04357 (14.80%) | loss: 3.088647 | lrm: 1.00 | dt: 2033.39ms | tok/sec: 515,678 | bf16_mfu: 46.38 | epoch: 1 | total time: 23.28m | eta: 136.1m
step 00646/04357 (14.83%) | loss: 3.081345 | lrm: 1.00 | dt: 2031.03ms | tok/sec: 516,276 | bf16_mfu: 46.44 | epoch: 1 | total time: 23.32m | eta: 136.0m
step 00647/04357 (14.85%) | loss: 3.083499 | lrm: 1.00 | dt: 2029.86ms | tok/sec: 516,575 | bf16_mfu: 46.46 | epoch: 1 | total time: 23.35m | eta: 136.0m
step 00648/04357 (14.87%) | loss: 3.089419 | lrm: 1.00 | dt: 2033.26ms | tok/sec: 515,712 | bf16_mfu: 46.39 | epoch: 1 | total time: 23.38m | eta: 135.9m
step 00649/04357 (14.90%) | loss: 3.094969 | lrm: 1.00 | dt: 2032.53ms | tok/sec: 515,895 | bf16_mfu: 46.40 | epoch: 1 | total time: 23.42m | eta: 135.9m
step 00650/04357 (14.92%) | loss: 3.106146 | lrm: 1.00 | dt: 2034.40ms | tok/sec: 515,423 | bf16_mfu: 46.36 | epoch: 1 | total time: 23.45m | eta: 135.8m
step 00651/04357 (14.94%) | loss: 3.109061 | lrm: 1.00 | dt: 2032.45ms | tok/sec: 515,916 | bf16_mfu: 46.40 | epoch: 1 | total time: 23.49m | eta: 135.8m
step 00652/04357 (14.96%) | loss: 3.119156 | lrm: 1.00 | dt: 2029.02ms | tok/sec: 516,788 | bf16_mfu: 46.48 | epoch: 1 | total time: 23.52m | eta: 135.7m
step 00653/04357 (14.99%) | loss: 3.118821 | lrm: 1.00 | dt: 2033.11ms | tok/sec: 515,750 | bf16_mfu: 46.39 | epoch: 1 | total time: 23.55m | eta: 135.7m
step 00654/04357 (15.01%) | loss: 3.129887 | lrm: 1.00 | dt: 2036.49ms | tok/sec: 514,893 | bf16_mfu: 46.31 | epoch: 1 | total time: 23.59m | eta: 135.6m
step 00655/04357 (15.03%) | loss: 3.132954 | lrm: 1.00 | dt: 2031.56ms | tok/sec: 516,142 | bf16_mfu: 46.42 | epoch: 1 | total time: 23.62m | eta: 135.6m
step 00656/04357 (15.06%) | loss: 3.128464 | lrm: 1.00 | dt: 2034.02ms | tok/sec: 515,518 | bf16_mfu: 46.37 | epoch: 1 | total time: 23.66m | eta: 135.5m
step 00657/04357 (15.08%) | loss: 3.128864 | lrm: 1.00 | dt: 2028.29ms | tok/sec: 516,974 | bf16_mfu: 46.50 | epoch: 1 | total time: 23.69m | eta: 135.5m
step 00658/04357 (15.10%) | loss: 3.132376 | lrm: 1.00 | dt: 2031.94ms | tok/sec: 516,046 | bf16_mfu: 46.42 | epoch: 1 | total time: 23.72m | eta: 135.4m
step 00659/04357 (15.13%) | loss: 3.123535 | lrm: 1.00 | dt: 2034.80ms | tok/sec: 515,322 | bf16_mfu: 46.35 | epoch: 1 | total time: 23.76m | eta: 135.4m
step 00660/04357 (15.15%) | loss: 3.117140 | lrm: 1.00 | dt: 2040.31ms | tok/sec: 513,929 | bf16_mfu: 46.23 | epoch: 1 | total time: 23.79m | eta: 135.3m
step 00661/04357 (15.17%) | loss: 3.120444 | lrm: 1.00 | dt: 2035.25ms | tok/sec: 515,208 | bf16_mfu: 46.34 | epoch: 1 | total time: 23.82m | eta: 135.3m
step 00662/04357 (15.19%) | loss: 3.124312 | lrm: 1.00 | dt: 2029.75ms | tok/sec: 516,602 | bf16_mfu: 46.47 | epoch: 1 | total time: 23.86m | eta: 135.2m
step 00663/04357 (15.22%) | loss: 3.106232 | lrm: 1.00 | dt: 2034.01ms | tok/sec: 515,522 | bf16_mfu: 46.37 | epoch: 1 | total time: 23.89m | eta: 135.2m
step 00664/04357 (15.24%) | loss: 3.089194 | lrm: 1.00 | dt: 2028.22ms | tok/sec: 516,993 | bf16_mfu: 46.50 | epoch: 1 | total time: 23.93m | eta: 135.1m
step 00665/04357 (15.26%) | loss: 3.082971 | lrm: 1.00 | dt: 2031.87ms | tok/sec: 516,064 | bf16_mfu: 46.42 | epoch: 1 | total time: 23.96m | eta: 135.1m
step 00666/04357 (15.29%) | loss: 3.082360 | lrm: 1.00 | dt: 2033.01ms | tok/sec: 515,775 | bf16_mfu: 46.39 | epoch: 1 | total time: 23.99m | eta: 135.0m
step 00667/04357 (15.31%) | loss: 3.082047 | lrm: 1.00 | dt: 2031.94ms | tok/sec: 516,046 | bf16_mfu: 46.42 | epoch: 1 | total time: 24.03m | eta: 135.0m
step 00668/04357 (15.33%) | loss: 3.078663 | lrm: 1.00 | dt: 2033.46ms | tok/sec: 515,659 | bf16_mfu: 46.38 | epoch: 1 | total time: 24.06m | eta: 134.9m
step 00669/04357 (15.35%) | loss: 3.074958 | lrm: 1.00 | dt: 2035.37ms | tok/sec: 515,175 | bf16_mfu: 46.34 | epoch: 1 | total time: 24.10m | eta: 134.8m
step 00670/04357 (15.38%) | loss: 3.065139 | lrm: 1.00 | dt: 2029.94ms | tok/sec: 516,554 | bf16_mfu: 46.46 | epoch: 1 | total time: 24.13m | eta: 134.8m
step 00671/04357 (15.40%) | loss: 3.058946 | lrm: 1.00 | dt: 2034.34ms | tok/sec: 515,438 | bf16_mfu: 46.36 | epoch: 1 | total time: 24.16m | eta: 134.7m
step 00672/04357 (15.42%) | loss: 3.059102 | lrm: 1.00 | dt: 2033.40ms | tok/sec: 515,675 | bf16_mfu: 46.38 | epoch: 1 | total time: 24.20m | eta: 134.7m
step 00673/04357 (15.45%) | loss: 3.066482 | lrm: 1.00 | dt: 2031.70ms | tok/sec: 516,107 | bf16_mfu: 46.42 | epoch: 1 | total time: 24.23m | eta: 134.6m
step 00674/04357 (15.47%) | loss: 3.075039 | lrm: 1.00 | dt: 2031.72ms | tok/sec: 516,101 | bf16_mfu: 46.42 | epoch: 1 | total time: 24.26m | eta: 134.6m
step 00675/04357 (15.49%) | loss: 3.083112 | lrm: 1.00 | dt: 2032.53ms | tok/sec: 515,898 | bf16_mfu: 46.40 | epoch: 1 | total time: 24.30m | eta: 134.5m
step 00676/04357 (15.52%) | loss: 3.062872 | lrm: 1.00 | dt: 2033.52ms | tok/sec: 515,646 | bf16_mfu: 46.38 | epoch: 1 | total time: 24.33m | eta: 134.5m
step 00677/04357 (15.54%) | loss: 3.057227 | lrm: 1.00 | dt: 2030.64ms | tok/sec: 516,377 | bf16_mfu: 46.45 | epoch: 1 | total time: 24.37m | eta: 134.4m
step 00678/04357 (15.56%) | loss: 3.055517 | lrm: 1.00 | dt: 2030.07ms | tok/sec: 516,523 | bf16_mfu: 46.46 | epoch: 1 | total time: 24.40m | eta: 134.4m
step 00679/04357 (15.58%) | loss: 3.055729 | lrm: 1.00 | dt: 2035.18ms | tok/sec: 515,225 | bf16_mfu: 46.34 | epoch: 1 | total time: 24.43m | eta: 134.3m
step 00680/04357 (15.61%) | loss: 3.061859 | lrm: 1.00 | dt: 2027.84ms | tok/sec: 517,090 | bf16_mfu: 46.51 | epoch: 1 | total time: 24.47m | eta: 134.3m
step 00681/04357 (15.63%) | loss: 3.055257 | lrm: 1.00 | dt: 2036.12ms | tok/sec: 514,988 | bf16_mfu: 46.32 | epoch: 1 | total time: 24.50m | eta: 134.2m
step 00682/04357 (15.65%) | loss: 3.065472 | lrm: 1.00 | dt: 2027.43ms | tok/sec: 517,194 | bf16_mfu: 46.52 | epoch: 1 | total time: 24.54m | eta: 134.2m
step 00683/04357 (15.68%) | loss: 3.053356 | lrm: 1.00 | dt: 2034.55ms | tok/sec: 515,383 | bf16_mfu: 46.36 | epoch: 1 | total time: 24.57m | eta: 134.1m
step 00684/04357 (15.70%) | loss: 3.056940 | lrm: 1.00 | dt: 2030.32ms | tok/sec: 516,458 | bf16_mfu: 46.45 | epoch: 1 | total time: 24.60m | eta: 134.1m
step 00685/04357 (15.72%) | loss: 3.063154 | lrm: 1.00 | dt: 2027.63ms | tok/sec: 517,143 | bf16_mfu: 46.51 | epoch: 1 | total time: 24.64m | eta: 134.0m
step 00686/04357 (15.74%) | loss: 3.058519 | lrm: 1.00 | dt: 2033.72ms | tok/sec: 515,594 | bf16_mfu: 46.38 | epoch: 1 | total time: 24.67m | eta: 134.0m
step 00687/04357 (15.77%) | loss: 3.047430 | lrm: 1.00 | dt: 2025.34ms | tok/sec: 517,728 | bf16_mfu: 46.57 | epoch: 1 | total time: 24.71m | eta: 133.9m
step 00688/04357 (15.79%) | loss: 3.053471 | lrm: 1.00 | dt: 2033.45ms | tok/sec: 515,664 | bf16_mfu: 46.38 | epoch: 1 | total time: 24.74m | eta: 133.9m
step 00689/04357 (15.81%) | loss: 3.047191 | lrm: 1.00 | dt: 2032.33ms | tok/sec: 515,947 | bf16_mfu: 46.41 | epoch: 1 | total time: 24.77m | eta: 133.8m
step 00690/04357 (15.84%) | loss: 3.072844 | lrm: 1.00 | dt: 2031.15ms | tok/sec: 516,247 | bf16_mfu: 46.43 | epoch: 1 | total time: 24.81m | eta: 133.8m
step 00691/04357 (15.86%) | loss: 3.064397 | lrm: 1.00 | dt: 2035.28ms | tok/sec: 515,198 | bf16_mfu: 46.34 | epoch: 1 | total time: 24.84m | eta: 133.7m
step 00692/04357 (15.88%) | loss: 3.070449 | lrm: 1.00 | dt: 2031.49ms | tok/sec: 516,159 | bf16_mfu: 46.43 | epoch: 1 | total time: 24.87m | eta: 133.7m
step 00693/04357 (15.91%) | loss: 3.074473 | lrm: 1.00 | dt: 2031.32ms | tok/sec: 516,203 | bf16_mfu: 46.43 | epoch: 1 | total time: 24.91m | eta: 133.6m
step 00694/04357 (15.93%) | loss: 3.088553 | lrm: 1.00 | dt: 2028.35ms | tok/sec: 516,959 | bf16_mfu: 46.50 | epoch: 1 | total time: 24.94m | eta: 133.6m
step 00695/04357 (15.95%) | loss: 3.090104 | lrm: 1.00 | dt: 2031.40ms | tok/sec: 516,183 | bf16_mfu: 46.43 | epoch: 1 | total time: 24.98m | eta: 133.5m
step 00696/04357 (15.97%) | loss: 3.094616 | lrm: 1.00 | dt: 2029.39ms | tok/sec: 516,695 | bf16_mfu: 46.47 | epoch: 1 | total time: 25.01m | eta: 133.5m
step 00697/04357 (16.00%) | loss: 3.096080 | lrm: 1.00 | dt: 2033.97ms | tok/sec: 515,532 | bf16_mfu: 46.37 | epoch: 1 | total time: 25.04m | eta: 133.4m
step 00698/04357 (16.02%) | loss: 3.096727 | lrm: 1.00 | dt: 2031.48ms | tok/sec: 516,163 | bf16_mfu: 46.43 | epoch: 1 | total time: 25.08m | eta: 133.4m
step 00699/04357 (16.04%) | loss: 3.087852 | lrm: 1.00 | dt: 2029.41ms | tok/sec: 516,690 | bf16_mfu: 46.47 | epoch: 1 | total time: 25.11m | eta: 133.3m
step 00700/04357 (16.07%) | loss: 3.088579 | lrm: 1.00 | dt: 2052.93ms | tok/sec: 510,769 | bf16_mfu: 45.94 | epoch: 1 | total time: 25.15m | eta: 133.3m
step 00701/04357 (16.09%) | loss: 3.096229 | lrm: 1.00 | dt: 2031.92ms | tok/sec: 516,051 | bf16_mfu: 46.42 | epoch: 1 | total time: 25.18m | eta: 133.2m
step 00702/04357 (16.11%) | loss: 3.084912 | lrm: 1.00 | dt: 2026.39ms | tok/sec: 517,459 | bf16_mfu: 46.54 | epoch: 1 | total time: 25.21m | eta: 133.2m
step 00703/04357 (16.13%) | loss: 3.076862 | lrm: 1.00 | dt: 2034.40ms | tok/sec: 515,423 | bf16_mfu: 46.36 | epoch: 1 | total time: 25.25m | eta: 133.1m
step 00704/04357 (16.16%) | loss: 3.067553 | lrm: 1.00 | dt: 2032.60ms | tok/sec: 515,878 | bf16_mfu: 46.40 | epoch: 1 | total time: 25.28m | eta: 133.1m
step 00705/04357 (16.18%) | loss: 3.069536 | lrm: 1.00 | dt: 2026.82ms | tok/sec: 517,351 | bf16_mfu: 46.53 | epoch: 1 | total time: 25.31m | eta: 133.0m
step 00706/04357 (16.20%) | loss: 3.060964 | lrm: 1.00 | dt: 2032.28ms | tok/sec: 515,960 | bf16_mfu: 46.41 | epoch: 1 | total time: 25.35m | eta: 133.0m
step 00707/04357 (16.23%) | loss: 3.063450 | lrm: 1.00 | dt: 2031.72ms | tok/sec: 516,101 | bf16_mfu: 46.42 | epoch: 1 | total time: 25.38m | eta: 132.9m
step 00708/04357 (16.25%) | loss: 3.062520 | lrm: 1.00 | dt: 2032.12ms | tok/sec: 516,001 | bf16_mfu: 46.41 | epoch: 1 | total time: 25.42m | eta: 132.9m
step 00709/04357 (16.27%) | loss: 3.067791 | lrm: 1.00 | dt: 2032.37ms | tok/sec: 515,936 | bf16_mfu: 46.41 | epoch: 1 | total time: 25.45m | eta: 132.8m
step 00710/04357 (16.30%) | loss: 3.074818 | lrm: 1.00 | dt: 2034.71ms | tok/sec: 515,344 | bf16_mfu: 46.35 | epoch: 1 | total time: 25.48m | eta: 132.8m
step 00711/04357 (16.32%) | loss: 3.061362 | lrm: 1.00 | dt: 2034.01ms | tok/sec: 515,521 | bf16_mfu: 46.37 | epoch: 1 | total time: 25.52m | eta: 132.7m
step 00712/04357 (16.34%) | loss: 3.043098 | lrm: 1.00 | dt: 2050.37ms | tok/sec: 511,407 | bf16_mfu: 46.00 | epoch: 1 | total time: 25.55m | eta: 132.7m
step 00713/04357 (16.36%) | loss: 3.043476 | lrm: 1.00 | dt: 2030.77ms | tok/sec: 516,344 | bf16_mfu: 46.44 | epoch: 1 | total time: 25.59m | eta: 132.6m
step 00714/04357 (16.39%) | loss: 3.039627 | lrm: 1.00 | dt: 2027.42ms | tok/sec: 517,197 | bf16_mfu: 46.52 | epoch: 1 | total time: 25.62m | eta: 132.6m
step 00715/04357 (16.41%) | loss: 3.030227 | lrm: 1.00 | dt: 2034.92ms | tok/sec: 515,292 | bf16_mfu: 46.35 | epoch: 1 | total time: 25.65m | eta: 132.5m
step 00716/04357 (16.43%) | loss: 3.026929 | lrm: 1.00 | dt: 2032.56ms | tok/sec: 515,888 | bf16_mfu: 46.40 | epoch: 1 | total time: 25.69m | eta: 132.5m
step 00717/04357 (16.46%) | loss: 3.031822 | lrm: 1.00 | dt: 2026.17ms | tok/sec: 517,516 | bf16_mfu: 46.55 | epoch: 1 | total time: 25.72m | eta: 132.4m
step 00718/04357 (16.48%) | loss: 3.038721 | lrm: 1.00 | dt: 2038.44ms | tok/sec: 514,400 | bf16_mfu: 46.27 | epoch: 1 | total time: 25.76m | eta: 132.4m
step 00719/04357 (16.50%) | loss: 3.045450 | lrm: 1.00 | dt: 2027.88ms | tok/sec: 517,080 | bf16_mfu: 46.51 | epoch: 1 | total time: 25.79m | eta: 132.3m
step 00720/04357 (16.53%) | loss: 3.046972 | lrm: 1.00 | dt: 2035.61ms | tok/sec: 515,115 | bf16_mfu: 46.33 | epoch: 1 | total time: 25.82m | eta: 132.3m
step 00721/04357 (16.55%) | loss: 3.050236 | lrm: 1.00 | dt: 2032.74ms | tok/sec: 515,843 | bf16_mfu: 46.40 | epoch: 1 | total time: 25.86m | eta: 132.2m
step 00722/04357 (16.57%) | loss: 3.057240 | lrm: 1.00 | dt: 2033.91ms | tok/sec: 515,547 | bf16_mfu: 46.37 | epoch: 1 | total time: 25.89m | eta: 132.2m
step 00723/04357 (16.59%) | loss: 3.056914 | lrm: 1.00 | dt: 2041.45ms | tok/sec: 513,641 | bf16_mfu: 46.20 | epoch: 1 | total time: 25.92m | eta: 132.1m
step 00724/04357 (16.62%) | loss: 3.061050 | lrm: 1.00 | dt: 2028.00ms | tok/sec: 517,049 | bf16_mfu: 46.51 | epoch: 1 | total time: 25.96m | eta: 132.1m
step 00725/04357 (16.64%) | loss: 3.057697 | lrm: 1.00 | dt: 2035.16ms | tok/sec: 515,231 | bf16_mfu: 46.34 | epoch: 1 | total time: 25.99m | eta: 132.0m
step 00726/04357 (16.66%) | loss: 3.066799 | lrm: 1.00 | dt: 2034.75ms | tok/sec: 515,334 | bf16_mfu: 46.35 | epoch: 1 | total time: 26.03m | eta: 132.0m
step 00727/04357 (16.69%) | loss: 3.055398 | lrm: 1.00 | dt: 2031.15ms | tok/sec: 516,247 | bf16_mfu: 46.43 | epoch: 1 | total time: 26.06m | eta: 131.9m
step 00728/04357 (16.71%) | loss: 3.034965 | lrm: 1.00 | dt: 2032.72ms | tok/sec: 515,849 | bf16_mfu: 46.40 | epoch: 1 | total time: 26.09m | eta: 131.9m
step 00729/04357 (16.73%) | loss: 3.037646 | lrm: 1.00 | dt: 2050.36ms | tok/sec: 511,411 | bf16_mfu: 46.00 | epoch: 1 | total time: 26.13m | eta: 131.8m
step 00730/04357 (16.75%) | loss: 3.037907 | lrm: 1.00 | dt: 2030.66ms | tok/sec: 516,371 | bf16_mfu: 46.45 | epoch: 1 | total time: 26.16m | eta: 131.8m
step 00731/04357 (16.78%) | loss: 3.033614 | lrm: 1.00 | dt: 2032.02ms | tok/sec: 516,025 | bf16_mfu: 46.41 | epoch: 1 | total time: 26.20m | eta: 131.7m
step 00732/04357 (16.80%) | loss: 3.030273 | lrm: 1.00 | dt: 2026.63ms | tok/sec: 517,399 | bf16_mfu: 46.54 | epoch: 1 | total time: 26.23m | eta: 131.7m
step 00733/04357 (16.82%) | loss: 3.023573 | lrm: 1.00 | dt: 2029.91ms | tok/sec: 516,562 | bf16_mfu: 46.46 | epoch: 1 | total time: 26.26m | eta: 131.6m
step 00734/04357 (16.85%) | loss: 3.014135 | lrm: 1.00 | dt: 2031.93ms | tok/sec: 516,048 | bf16_mfu: 46.42 | epoch: 1 | total time: 26.30m | eta: 131.6m
step 00735/04357 (16.87%) | loss: 3.019190 | lrm: 1.00 | dt: 2031.11ms | tok/sec: 516,256 | bf16_mfu: 46.44 | epoch: 1 | total time: 26.33m | eta: 131.5m
step 00736/04357 (16.89%) | loss: 3.008402 | lrm: 1.00 | dt: 2032.43ms | tok/sec: 515,922 | bf16_mfu: 46.41 | epoch: 1 | total time: 26.37m | eta: 131.5m
step 00737/04357 (16.92%) | loss: 3.004554 | lrm: 1.00 | dt: 2017.61ms | tok/sec: 519,712 | bf16_mfu: 46.75 | epoch: 1 | total time: 26.40m | eta: 131.5m
step 00738/04357 (16.94%) | loss: 3.022973 | lrm: 1.00 | dt: 2032.66ms | tok/sec: 515,863 | bf16_mfu: 46.40 | epoch: 1 | total time: 26.43m | eta: 131.4m
step 00739/04357 (16.96%) | loss: 3.024988 | lrm: 1.00 | dt: 2032.41ms | tok/sec: 515,926 | bf16_mfu: 46.41 | epoch: 1 | total time: 26.47m | eta: 131.4m
step 00740/04357 (16.98%) | loss: 3.034967 | lrm: 1.00 | dt: 2033.93ms | tok/sec: 515,541 | bf16_mfu: 46.37 | epoch: 1 | total time: 26.50m | eta: 131.3m
step 00741/04357 (17.01%) | loss: 3.024857 | lrm: 1.00 | dt: 2031.36ms | tok/sec: 516,195 | bf16_mfu: 46.43 | epoch: 1 | total time: 26.53m | eta: 131.3m
step 00742/04357 (17.03%) | loss: 3.030436 | lrm: 1.00 | dt: 2032.02ms | tok/sec: 516,025 | bf16_mfu: 46.41 | epoch: 1 | total time: 26.57m | eta: 131.2m
step 00743/04357 (17.05%) | loss: 3.031962 | lrm: 1.00 | dt: 2046.68ms | tok/sec: 512,329 | bf16_mfu: 46.08 | epoch: 1 | total time: 26.60m | eta: 131.2m
step 00744/04357 (17.08%) | loss: 3.033644 | lrm: 1.00 | dt: 2034.00ms | tok/sec: 515,524 | bf16_mfu: 46.37 | epoch: 1 | total time: 26.64m | eta: 131.1m
step 00745/04357 (17.10%) | loss: 3.049550 | lrm: 1.00 | dt: 2036.15ms | tok/sec: 514,980 | bf16_mfu: 46.32 | epoch: 1 | total time: 26.67m | eta: 131.1m
step 00746/04357 (17.12%) | loss: 3.042375 | lrm: 1.00 | dt: 2030.85ms | tok/sec: 516,323 | bf16_mfu: 46.44 | epoch: 1 | total time: 26.70m | eta: 131.0m
step 00747/04357 (17.14%) | loss: 3.030589 | lrm: 1.00 | dt: 2031.57ms | tok/sec: 516,141 | bf16_mfu: 46.42 | epoch: 1 | total time: 26.74m | eta: 131.0m
step 00748/04357 (17.17%) | loss: 3.025310 | lrm: 1.00 | dt: 2032.87ms | tok/sec: 515,811 | bf16_mfu: 46.40 | epoch: 1 | total time: 26.77m | eta: 130.9m
step 00749/04357 (17.19%) | loss: 3.016756 | lrm: 1.00 | dt: 2029.47ms | tok/sec: 516,674 | bf16_mfu: 46.47 | epoch: 1 | total time: 26.81m | eta: 130.9m
Step 00750 | Validation bpb: 0.923571
step 00750/04357 (17.21%) | loss: 3.007096 | lrm: 1.00 | dt: 35692.41ms | tok/sec: 29,378 | bf16_mfu: 2.64 | epoch: 1 | total time: 27.40m | eta: 133.6m
step 00751/04357 (17.24%) | loss: 3.015844 | lrm: 1.00 | dt: 1970.76ms | tok/sec: 532,068 | bf16_mfu: 47.86 | epoch: 1 | total time: 27.43m | eta: 133.5m
step 00752/04357 (17.26%) | loss: 3.016688 | lrm: 1.00 | dt: 1992.83ms | tok/sec: 526,175 | bf16_mfu: 47.33 | epoch: 1 | total time: 27.47m | eta: 133.4m
step 00753/04357 (17.28%) | loss: 3.029903 | lrm: 1.00 | dt: 1987.42ms | tok/sec: 527,607 | bf16_mfu: 47.46 | epoch: 1 | total time: 27.50m | eta: 133.4m
step 00754/04357 (17.31%) | loss: 3.012529 | lrm: 1.00 | dt: 1991.44ms | tok/sec: 526,541 | bf16_mfu: 47.36 | epoch: 1 | total time: 27.53m | eta: 133.3m
step 00755/04357 (17.33%) | loss: 3.024675 | lrm: 1.00 | dt: 1990.23ms | tok/sec: 526,860 | bf16_mfu: 47.39 | epoch: 1 | total time: 27.57m | eta: 133.3m
step 00756/04357 (17.35%) | loss: 3.020808 | lrm: 1.00 | dt: 1995.60ms | tok/sec: 525,444 | bf16_mfu: 47.26 | epoch: 1 | total time: 27.60m | eta: 133.2m
step 00757/04357 (17.37%) | loss: 3.023614 | lrm: 1.00 | dt: 1993.86ms | tok/sec: 525,902 | bf16_mfu: 47.30 | epoch: 1 | total time: 27.63m | eta: 133.2m
step 00758/04357 (17.40%) | loss: 3.021493 | lrm: 1.00 | dt: 1991.96ms | tok/sec: 526,405 | bf16_mfu: 47.35 | epoch: 1 | total time: 27.67m | eta: 133.1m
step 00759/04357 (17.42%) | loss: 3.030732 | lrm: 1.00 | dt: 1993.39ms | tok/sec: 526,026 | bf16_mfu: 47.31 | epoch: 1 | total time: 27.70m | eta: 133.1m
step 00760/04357 (17.44%) | loss: 3.047434 | lrm: 1.00 | dt: 1984.97ms | tok/sec: 528,257 | bf16_mfu: 47.51 | epoch: 1 | total time: 27.73m | eta: 133.0m
step 00761/04357 (17.47%) | loss: 3.048889 | lrm: 1.00 | dt: 1992.18ms | tok/sec: 526,345 | bf16_mfu: 47.34 | epoch: 1 | total time: 27.77m | eta: 132.9m
step 00762/04357 (17.49%) | loss: 3.051736 | lrm: 1.00 | dt: 1994.03ms | tok/sec: 525,858 | bf16_mfu: 47.30 | epoch: 1 | total time: 27.80m | eta: 132.9m
step 00763/04357 (17.51%) | loss: 3.049445 | lrm: 1.00 | dt: 1995.05ms | tok/sec: 525,588 | bf16_mfu: 47.27 | epoch: 1 | total time: 27.83m | eta: 132.8m
step 00764/04357 (17.54%) | loss: 3.045678 | lrm: 1.00 | dt: 1990.43ms | tok/sec: 526,809 | bf16_mfu: 47.38 | epoch: 1 | total time: 27.87m | eta: 132.8m
step 00765/04357 (17.56%) | loss: 3.034823 | lrm: 1.00 | dt: 1996.93ms | tok/sec: 525,093 | bf16_mfu: 47.23 | epoch: 1 | total time: 27.90m | eta: 132.7m
step 00766/04357 (17.58%) | loss: 3.039437 | lrm: 1.00 | dt: 2001.24ms | tok/sec: 523,963 | bf16_mfu: 47.13 | epoch: 1 | total time: 27.93m | eta: 132.7m
step 00767/04357 (17.60%) | loss: 3.045125 | lrm: 1.00 | dt: 1999.99ms | tok/sec: 524,289 | bf16_mfu: 47.16 | epoch: 1 | total time: 27.97m | eta: 132.6m
step 00768/04357 (17.63%) | loss: 3.039794 | lrm: 1.00 | dt: 2001.23ms | tok/sec: 523,966 | bf16_mfu: 47.13 | epoch: 1 | total time: 28.00m | eta: 132.6m
step 00769/04357 (17.65%) | loss: 3.036796 | lrm: 1.00 | dt: 2002.89ms | tok/sec: 523,532 | bf16_mfu: 47.09 | epoch: 1 | total time: 28.03m | eta: 132.5m
step 00770/04357 (17.67%) | loss: 3.025144 | lrm: 1.00 | dt: 2003.39ms | tok/sec: 523,401 | bf16_mfu: 47.08 | epoch: 1 | total time: 28.07m | eta: 132.5m
step 00771/04357 (17.70%) | loss: 3.016100 | lrm: 1.00 | dt: 2003.19ms | tok/sec: 523,452 | bf16_mfu: 47.08 | epoch: 1 | total time: 28.10m | eta: 132.4m
step 00772/04357 (17.72%) | loss: 3.020813 | lrm: 1.00 | dt: 2007.90ms | tok/sec: 522,225 | bf16_mfu: 46.97 | epoch: 1 | total time: 28.13m | eta: 132.4m
step 00773/04357 (17.74%) | loss: 3.019590 | lrm: 1.00 | dt: 2007.65ms | tok/sec: 522,289 | bf16_mfu: 46.98 | epoch: 1 | total time: 28.17m | eta: 132.3m
step 00774/04357 (17.76%) | loss: 3.035134 | lrm: 1.00 | dt: 2005.88ms | tok/sec: 522,750 | bf16_mfu: 47.02 | epoch: 1 | total time: 28.20m | eta: 132.2m
step 00775/04357 (17.79%) | loss: 3.038037 | lrm: 1.00 | dt: 2014.68ms | tok/sec: 520,468 | bf16_mfu: 46.81 | epoch: 1 | total time: 28.23m | eta: 132.2m
step 00776/04357 (17.81%) | loss: 3.026295 | lrm: 1.00 | dt: 2005.49ms | tok/sec: 522,853 | bf16_mfu: 47.03 | epoch: 1 | total time: 28.27m | eta: 132.1m
step 00777/04357 (17.83%) | loss: 3.028467 | lrm: 1.00 | dt: 2012.09ms | tok/sec: 521,137 | bf16_mfu: 46.87 | epoch: 1 | total time: 28.30m | eta: 132.1m
step 00778/04357 (17.86%) | loss: 3.017416 | lrm: 1.00 | dt: 2011.88ms | tok/sec: 521,192 | bf16_mfu: 46.88 | epoch: 1 | total time: 28.33m | eta: 132.0m
step 00779/04357 (17.88%) | loss: 3.008399 | lrm: 1.00 | dt: 2012.26ms | tok/sec: 521,093 | bf16_mfu: 46.87 | epoch: 1 | total time: 28.37m | eta: 132.0m
step 00780/04357 (17.90%) | loss: 3.007280 | lrm: 1.00 | dt: 2012.83ms | tok/sec: 520,945 | bf16_mfu: 46.86 | epoch: 1 | total time: 28.40m | eta: 131.9m
step 00781/04357 (17.93%) | loss: 3.009221 | lrm: 1.00 | dt: 2011.23ms | tok/sec: 521,359 | bf16_mfu: 46.89 | epoch: 1 | total time: 28.43m | eta: 131.9m
step 00782/04357 (17.95%) | loss: 3.005175 | lrm: 1.00 | dt: 2016.39ms | tok/sec: 520,026 | bf16_mfu: 46.77 | epoch: 1 | total time: 28.47m | eta: 131.8m
step 00783/04357 (17.97%) | loss: 3.001589 | lrm: 1.00 | dt: 2013.50ms | tok/sec: 520,771 | bf16_mfu: 46.84 | epoch: 1 | total time: 28.50m | eta: 131.8m
step 00784/04357 (17.99%) | loss: 3.010123 | lrm: 1.00 | dt: 2018.24ms | tok/sec: 519,550 | bf16_mfu: 46.73 | epoch: 1 | total time: 28.53m | eta: 131.7m
step 00785/04357 (18.02%) | loss: 3.009715 | lrm: 1.00 | dt: 2018.46ms | tok/sec: 519,492 | bf16_mfu: 46.73 | epoch: 1 | total time: 28.57m | eta: 131.7m
step 00786/04357 (18.04%) | loss: 3.003226 | lrm: 1.00 | dt: 2016.36ms | tok/sec: 520,033 | bf16_mfu: 46.77 | epoch: 1 | total time: 28.60m | eta: 131.6m
step 00787/04357 (18.06%) | loss: 2.999891 | lrm: 1.00 | dt: 2026.61ms | tok/sec: 517,404 | bf16_mfu: 46.54 | epoch: 1 | total time: 28.64m | eta: 131.6m
step 00788/04357 (18.09%) | loss: 2.996570 | lrm: 1.00 | dt: 2020.16ms | tok/sec: 519,055 | bf16_mfu: 46.69 | epoch: 1 | total time: 28.67m | eta: 131.5m
step 00789/04357 (18.11%) | loss: 3.004268 | lrm: 1.00 | dt: 2024.19ms | tok/sec: 518,021 | bf16_mfu: 46.59 | epoch: 1 | total time: 28.70m | eta: 131.5m
step 00790/04357 (18.13%) | loss: 3.005916 | lrm: 1.00 | dt: 2022.72ms | tok/sec: 518,399 | bf16_mfu: 46.63 | epoch: 1 | total time: 28.74m | eta: 131.4m
step 00791/04357 (18.15%) | loss: 2.997182 | lrm: 1.00 | dt: 2019.53ms | tok/sec: 519,218 | bf16_mfu: 46.70 | epoch: 1 | total time: 28.77m | eta: 131.4m
step 00792/04357 (18.18%) | loss: 2.985913 | lrm: 1.00 | dt: 2023.65ms | tok/sec: 518,161 | bf16_mfu: 46.61 | epoch: 1 | total time: 28.80m | eta: 131.3m
step 00793/04357 (18.20%) | loss: 2.987757 | lrm: 1.00 | dt: 2024.88ms | tok/sec: 517,845 | bf16_mfu: 46.58 | epoch: 1 | total time: 28.84m | eta: 131.3m
step 00794/04357 (18.22%) | loss: 2.994386 | lrm: 1.00 | dt: 2017.71ms | tok/sec: 519,685 | bf16_mfu: 46.74 | epoch: 1 | total time: 28.87m | eta: 131.2m
step 00795/04357 (18.25%) | loss: 3.006489 | lrm: 1.00 | dt: 2025.32ms | tok/sec: 517,734 | bf16_mfu: 46.57 | epoch: 1 | total time: 28.91m | eta: 131.2m
step 00796/04357 (18.27%) | loss: 3.019156 | lrm: 1.00 | dt: 2020.89ms | tok/sec: 518,869 | bf16_mfu: 46.67 | epoch: 1 | total time: 28.94m | eta: 131.1m
step 00797/04357 (18.29%) | loss: 3.029349 | lrm: 1.00 | dt: 2024.02ms | tok/sec: 518,066 | bf16_mfu: 46.60 | epoch: 1 | total time: 28.97m | eta: 131.1m
step 00798/04357 (18.32%) | loss: 3.036834 | lrm: 1.00 | dt: 2028.20ms | tok/sec: 516,998 | bf16_mfu: 46.50 | epoch: 1 | total time: 29.01m | eta: 131.0m
step 00799/04357 (18.34%) | loss: 3.019993 | lrm: 1.00 | dt: 2019.47ms | tok/sec: 519,232 | bf16_mfu: 46.70 | epoch: 1 | total time: 29.04m | eta: 131.0m
step 00800/04357 (18.36%) | loss: 3.018025 | lrm: 1.00 | dt: 2024.75ms | tok/sec: 517,879 | bf16_mfu: 46.58 | epoch: 1 | total time: 29.07m | eta: 130.9m
step 00801/04357 (18.38%) | loss: 3.024386 | lrm: 1.00 | dt: 2022.57ms | tok/sec: 518,436 | bf16_mfu: 46.63 | epoch: 1 | total time: 29.11m | eta: 130.9m
step 00802/04357 (18.41%) | loss: 3.020974 | lrm: 1.00 | dt: 2023.32ms | tok/sec: 518,245 | bf16_mfu: 46.61 | epoch: 1 | total time: 29.14m | eta: 130.8m
step 00803/04357 (18.43%) | loss: 3.000257 | lrm: 1.00 | dt: 2022.95ms | tok/sec: 518,340 | bf16_mfu: 46.62 | epoch: 1 | total time: 29.17m | eta: 130.8m
step 00804/04357 (18.45%) | loss: 3.001591 | lrm: 1.00 | dt: 2026.24ms | tok/sec: 517,497 | bf16_mfu: 46.55 | epoch: 1 | total time: 29.21m | eta: 130.7m
step 00805/04357 (18.48%) | loss: 3.001861 | lrm: 1.00 | dt: 2024.55ms | tok/sec: 517,930 | bf16_mfu: 46.59 | epoch: 1 | total time: 29.24m | eta: 130.7m
step 00806/04357 (18.50%) | loss: 3.005248 | lrm: 1.00 | dt: 2024.86ms | tok/sec: 517,851 | bf16_mfu: 46.58 | epoch: 1 | total time: 29.28m | eta: 130.6m
step 00807/04357 (18.52%) | loss: 3.010917 | lrm: 1.00 | dt: 2025.22ms | tok/sec: 517,759 | bf16_mfu: 46.57 | epoch: 1 | total time: 29.31m | eta: 130.6m
step 00808/04357 (18.54%) | loss: 3.004334 | lrm: 1.00 | dt: 2027.47ms | tok/sec: 517,183 | bf16_mfu: 46.52 | epoch: 1 | total time: 29.34m | eta: 130.5m
step 00809/04357 (18.57%) | loss: 3.001377 | lrm: 1.00 | dt: 2022.46ms | tok/sec: 518,464 | bf16_mfu: 46.63 | epoch: 1 | total time: 29.38m | eta: 130.5m
step 00810/04357 (18.59%) | loss: 3.001965 | lrm: 1.00 | dt: 2026.37ms | tok/sec: 517,465 | bf16_mfu: 46.54 | epoch: 1 | total time: 29.41m | eta: 130.4m
step 00811/04357 (18.61%) | loss: 3.010776 | lrm: 1.00 | dt: 2027.69ms | tok/sec: 517,127 | bf16_mfu: 46.51 | epoch: 1 | total time: 29.44m | eta: 130.4m
step 00812/04357 (18.64%) | loss: 3.023056 | lrm: 1.00 | dt: 2028.02ms | tok/sec: 517,043 | bf16_mfu: 46.51 | epoch: 1 | total time: 29.48m | eta: 130.3m
step 00813/04357 (18.66%) | loss: 3.025531 | lrm: 1.00 | dt: 2031.56ms | tok/sec: 516,144 | bf16_mfu: 46.43 | epoch: 1 | total time: 29.51m | eta: 130.3m
step 00814/04357 (18.68%) | loss: 3.033077 | lrm: 1.00 | dt: 2021.79ms | tok/sec: 518,637 | bf16_mfu: 46.65 | epoch: 1 | total time: 29.55m | eta: 130.2m
step 00815/04357 (18.71%) | loss: 3.031105 | lrm: 1.00 | dt: 2045.33ms | tok/sec: 512,668 | bf16_mfu: 46.11 | epoch: 1 | total time: 29.58m | eta: 130.2m
step 00816/04357 (18.73%) | loss: 3.028724 | lrm: 1.00 | dt: 2025.10ms | tok/sec: 517,790 | bf16_mfu: 46.57 | epoch: 1 | total time: 29.61m | eta: 130.1m
step 00817/04357 (18.75%) | loss: 3.025842 | lrm: 1.00 | dt: 2027.98ms | tok/sec: 517,054 | bf16_mfu: 46.51 | epoch: 1 | total time: 29.65m | eta: 130.1m
step 00818/04357 (18.77%) | loss: 3.023324 | lrm: 1.00 | dt: 2028.51ms | tok/sec: 516,918 | bf16_mfu: 46.49 | epoch: 1 | total time: 29.68m | eta: 130.0m
step 00819/04357 (18.80%) | loss: 3.020527 | lrm: 1.00 | dt: 2026.42ms | tok/sec: 517,451 | bf16_mfu: 46.54 | epoch: 1 | total time: 29.72m | eta: 130.0m
step 00820/04357 (18.82%) | loss: 3.018996 | lrm: 1.00 | dt: 2029.11ms | tok/sec: 516,766 | bf16_mfu: 46.48 | epoch: 1 | total time: 29.75m | eta: 129.9m
step 00821/04357 (18.84%) | loss: 3.021725 | lrm: 1.00 | dt: 2023.28ms | tok/sec: 518,255 | bf16_mfu: 46.61 | epoch: 1 | total time: 29.78m | eta: 129.9m
step 00822/04357 (18.87%) | loss: 3.030818 | lrm: 1.00 | dt: 2026.86ms | tok/sec: 517,340 | bf16_mfu: 46.53 | epoch: 1 | total time: 29.82m | eta: 129.8m
step 00823/04357 (18.89%) | loss: 3.035991 | lrm: 1.00 | dt: 2025.96ms | tok/sec: 517,569 | bf16_mfu: 46.55 | epoch: 1 | total time: 29.85m | eta: 129.8m
step 00824/04357 (18.91%) | loss: 3.036941 | lrm: 1.00 | dt: 2021.21ms | tok/sec: 518,786 | bf16_mfu: 46.66 | epoch: 1 | total time: 29.88m | eta: 129.7m
step 00825/04357 (18.94%) | loss: 3.030589 | lrm: 1.00 | dt: 2030.22ms | tok/sec: 516,484 | bf16_mfu: 46.46 | epoch: 1 | total time: 29.92m | eta: 129.7m
step 00826/04357 (18.96%) | loss: 3.035337 | lrm: 1.00 | dt: 2030.25ms | tok/sec: 516,476 | bf16_mfu: 46.45 | epoch: 1 | total time: 29.95m | eta: 129.6m
step 00827/04357 (18.98%) | loss: 3.033681 | lrm: 1.00 | dt: 2028.67ms | tok/sec: 516,879 | bf16_mfu: 46.49 | epoch: 1 | total time: 29.99m | eta: 129.6m
step 00828/04357 (19.00%) | loss: 3.027536 | lrm: 1.00 | dt: 2028.91ms | tok/sec: 516,817 | bf16_mfu: 46.49 | epoch: 1 | total time: 30.02m | eta: 129.5m
step 00829/04357 (19.03%) | loss: 3.025342 | lrm: 1.00 | dt: 2029.87ms | tok/sec: 516,573 | bf16_mfu: 46.46 | epoch: 1 | total time: 30.05m | eta: 129.5m
step 00830/04357 (19.05%) | loss: 3.002495 | lrm: 1.00 | dt: 2039.27ms | tok/sec: 514,190 | bf16_mfu: 46.25 | epoch: 1 | total time: 30.09m | eta: 129.4m
step 00831/04357 (19.07%) | loss: 3.014752 | lrm: 1.00 | dt: 2024.90ms | tok/sec: 517,840 | bf16_mfu: 46.58 | epoch: 1 | total time: 30.12m | eta: 129.4m
step 00832/04357 (19.10%) | loss: 3.015868 | lrm: 1.00 | dt: 2030.43ms | tok/sec: 516,430 | bf16_mfu: 46.45 | epoch: 1 | total time: 30.15m | eta: 129.3m
step 00833/04357 (19.12%) | loss: 3.004469 | lrm: 1.00 | dt: 2031.82ms | tok/sec: 516,076 | bf16_mfu: 46.42 | epoch: 1 | total time: 30.19m | eta: 129.3m
step 00834/04357 (19.14%) | loss: 3.005536 | lrm: 1.00 | dt: 2028.39ms | tok/sec: 516,949 | bf16_mfu: 46.50 | epoch: 1 | total time: 30.22m | eta: 129.2m
step 00835/04357 (19.16%) | loss: 3.021232 | lrm: 1.00 | dt: 2031.63ms | tok/sec: 516,126 | bf16_mfu: 46.42 | epoch: 1 | total time: 30.26m | eta: 129.2m
step 00836/04357 (19.19%) | loss: 3.018700 | lrm: 1.00 | dt: 2032.02ms | tok/sec: 516,027 | bf16_mfu: 46.41 | epoch: 1 | total time: 30.29m | eta: 129.1m
step 00837/04357 (19.21%) | loss: 3.002159 | lrm: 1.00 | dt: 2026.63ms | tok/sec: 517,397 | bf16_mfu: 46.54 | epoch: 1 | total time: 30.32m | eta: 129.1m
step 00838/04357 (19.23%) | loss: 3.007579 | lrm: 1.00 | dt: 2033.52ms | tok/sec: 515,646 | bf16_mfu: 46.38 | epoch: 1 | total time: 30.36m | eta: 129.0m
step 00839/04357 (19.26%) | loss: 3.003712 | lrm: 1.00 | dt: 2028.97ms | tok/sec: 516,801 | bf16_mfu: 46.48 | epoch: 1 | total time: 30.39m | eta: 129.0m
step 00840/04357 (19.28%) | loss: 2.995463 | lrm: 1.00 | dt: 2029.50ms | tok/sec: 516,666 | bf16_mfu: 46.47 | epoch: 1 | total time: 30.43m | eta: 128.9m
step 00841/04357 (19.30%) | loss: 3.008334 | lrm: 1.00 | dt: 2029.07ms | tok/sec: 516,775 | bf16_mfu: 46.48 | epoch: 1 | total time: 30.46m | eta: 128.9m
step 00842/04357 (19.33%) | loss: 3.010496 | lrm: 1.00 | dt: 2027.83ms | tok/sec: 517,093 | bf16_mfu: 46.51 | epoch: 1 | total time: 30.49m | eta: 128.8m
step 00843/04357 (19.35%) | loss: 3.002275 | lrm: 1.00 | dt: 2028.55ms | tok/sec: 516,909 | bf16_mfu: 46.49 | epoch: 1 | total time: 30.53m | eta: 128.8m
step 00844/04357 (19.37%) | loss: 2.992646 | lrm: 1.00 | dt: 2025.15ms | tok/sec: 517,776 | bf16_mfu: 46.57 | epoch: 1 | total time: 30.56m | eta: 128.7m
step 00845/04357 (19.39%) | loss: 2.983601 | lrm: 1.00 | dt: 2029.84ms | tok/sec: 516,581 | bf16_mfu: 46.46 | epoch: 1 | total time: 30.59m | eta: 128.7m
step 00846/04357 (19.42%) | loss: 2.970381 | lrm: 1.00 | dt: 2032.52ms | tok/sec: 515,899 | bf16_mfu: 46.40 | epoch: 1 | total time: 30.63m | eta: 128.6m
step 00847/04357 (19.44%) | loss: 2.979987 | lrm: 1.00 | dt: 2030.64ms | tok/sec: 516,376 | bf16_mfu: 46.45 | epoch: 1 | total time: 30.66m | eta: 128.6m
step 00848/04357 (19.46%) | loss: 2.970587 | lrm: 1.00 | dt: 2032.15ms | tok/sec: 515,992 | bf16_mfu: 46.41 | epoch: 1 | total time: 30.70m | eta: 128.5m
step 00849/04357 (19.49%) | loss: 2.974570 | lrm: 1.00 | dt: 2031.43ms | tok/sec: 516,177 | bf16_mfu: 46.43 | epoch: 1 | total time: 30.73m | eta: 128.5m
step 00850/04357 (19.51%) | loss: 2.981254 | lrm: 1.00 | dt: 2020.13ms | tok/sec: 519,062 | bf16_mfu: 46.69 | epoch: 1 | total time: 30.76m | eta: 128.4m
step 00851/04357 (19.53%) | loss: 2.980169 | lrm: 1.00 | dt: 2031.42ms | tok/sec: 516,178 | bf16_mfu: 46.43 | epoch: 1 | total time: 30.80m | eta: 128.4m
step 00852/04357 (19.55%) | loss: 2.980711 | lrm: 1.00 | dt: 2029.08ms | tok/sec: 516,774 | bf16_mfu: 46.48 | epoch: 1 | total time: 30.83m | eta: 128.3m
step 00853/04357 (19.58%) | loss: 2.980316 | lrm: 1.00 | dt: 2032.29ms | tok/sec: 515,956 | bf16_mfu: 46.41 | epoch: 1 | total time: 30.87m | eta: 128.3m
step 00854/04357 (19.60%) | loss: 2.963742 | lrm: 1.00 | dt: 2027.83ms | tok/sec: 517,093 | bf16_mfu: 46.51 | epoch: 1 | total time: 30.90m | eta: 128.2m
step 00855/04357 (19.62%) | loss: 2.964155 | lrm: 1.00 | dt: 2032.17ms | tok/sec: 515,987 | bf16_mfu: 46.41 | epoch: 1 | total time: 30.93m | eta: 128.2m
step 00856/04357 (19.65%) | loss: 2.967680 | lrm: 1.00 | dt: 2030.70ms | tok/sec: 516,363 | bf16_mfu: 46.44 | epoch: 1 | total time: 30.97m | eta: 128.1m
step 00857/04357 (19.67%) | loss: 2.962304 | lrm: 1.00 | dt: 2022.67ms | tok/sec: 518,412 | bf16_mfu: 46.63 | epoch: 1 | total time: 31.00m | eta: 128.1m
step 00858/04357 (19.69%) | loss: 2.969745 | lrm: 1.00 | dt: 2029.96ms | tok/sec: 516,551 | bf16_mfu: 46.46 | epoch: 1 | total time: 31.03m | eta: 128.1m
step 00859/04357 (19.72%) | loss: 2.966346 | lrm: 1.00 | dt: 2033.79ms | tok/sec: 515,578 | bf16_mfu: 46.37 | epoch: 1 | total time: 31.07m | eta: 128.0m
step 00860/04357 (19.74%) | loss: 2.960454 | lrm: 1.00 | dt: 2029.21ms | tok/sec: 516,741 | bf16_mfu: 46.48 | epoch: 1 | total time: 31.10m | eta: 128.0m
step 00861/04357 (19.76%) | loss: 2.968583 | lrm: 1.00 | dt: 2032.80ms | tok/sec: 515,827 | bf16_mfu: 46.40 | epoch: 1 | total time: 31.14m | eta: 127.9m
step 00862/04357 (19.78%) | loss: 2.971448 | lrm: 1.00 | dt: 2033.74ms | tok/sec: 515,589 | bf16_mfu: 46.38 | epoch: 1 | total time: 31.17m | eta: 127.9m
step 00863/04357 (19.81%) | loss: 2.978128 | lrm: 1.00 | dt: 2031.86ms | tok/sec: 516,066 | bf16_mfu: 46.42 | epoch: 1 | total time: 31.20m | eta: 127.8m
step 00864/04357 (19.83%) | loss: 2.975902 | lrm: 1.00 | dt: 2031.96ms | tok/sec: 516,041 | bf16_mfu: 46.42 | epoch: 1 | total time: 31.24m | eta: 127.8m
step 00865/04357 (19.85%) | loss: 2.980387 | lrm: 1.00 | dt: 2032.26ms | tok/sec: 515,964 | bf16_mfu: 46.41 | epoch: 1 | total time: 31.27m | eta: 127.7m
step 00866/04357 (19.88%) | loss: 2.986861 | lrm: 1.00 | dt: 2035.00ms | tok/sec: 515,271 | bf16_mfu: 46.35 | epoch: 1 | total time: 31.31m | eta: 127.7m
step 00867/04357 (19.90%) | loss: 2.980924 | lrm: 1.00 | dt: 2030.07ms | tok/sec: 516,521 | bf16_mfu: 46.46 | epoch: 1 | total time: 31.34m | eta: 127.6m
step 00868/04357 (19.92%) | loss: 2.988919 | lrm: 1.00 | dt: 2032.03ms | tok/sec: 516,023 | bf16_mfu: 46.41 | epoch: 1 | total time: 31.37m | eta: 127.6m
step 00869/04357 (19.94%) | loss: 2.993473 | lrm: 1.00 | dt: 2026.75ms | tok/sec: 517,369 | bf16_mfu: 46.54 | epoch: 1 | total time: 31.41m | eta: 127.5m
step 00870/04357 (19.97%) | loss: 2.995203 | lrm: 1.00 | dt: 2032.72ms | tok/sec: 515,847 | bf16_mfu: 46.40 | epoch: 1 | total time: 31.44m | eta: 127.5m
step 00871/04357 (19.99%) | loss: 2.996994 | lrm: 1.00 | dt: 2033.75ms | tok/sec: 515,587 | bf16_mfu: 46.37 | epoch: 1 | total time: 31.47m | eta: 127.4m
step 00872/04357 (20.01%) | loss: 3.003065 | lrm: 1.00 | dt: 2025.66ms | tok/sec: 517,646 | bf16_mfu: 46.56 | epoch: 1 | total time: 31.51m | eta: 127.4m
step 00873/04357 (20.04%) | loss: 3.000842 | lrm: 1.00 | dt: 2036.61ms | tok/sec: 514,864 | bf16_mfu: 46.31 | epoch: 1 | total time: 31.54m | eta: 127.3m
step 00874/04357 (20.06%) | loss: 2.999706 | lrm: 1.00 | dt: 2029.74ms | tok/sec: 516,606 | bf16_mfu: 46.47 | epoch: 1 | total time: 31.58m | eta: 127.3m
step 00875/04357 (20.08%) | loss: 3.006385 | lrm: 1.00 | dt: 2032.70ms | tok/sec: 515,854 | bf16_mfu: 46.40 | epoch: 1 | total time: 31.61m | eta: 127.2m
step 00876/04357 (20.11%) | loss: 3.011107 | lrm: 1.00 | dt: 2032.33ms | tok/sec: 515,948 | bf16_mfu: 46.41 | epoch: 1 | total time: 31.64m | eta: 127.2m
step 00877/04357 (20.13%) | loss: 3.008996 | lrm: 1.00 | dt: 2030.36ms | tok/sec: 516,449 | bf16_mfu: 46.45 | epoch: 1 | total time: 31.68m | eta: 127.1m
step 00878/04357 (20.15%) | loss: 3.005699 | lrm: 1.00 | dt: 2031.91ms | tok/sec: 516,055 | bf16_mfu: 46.42 | epoch: 1 | total time: 31.71m | eta: 127.1m
step 00879/04357 (20.17%) | loss: 2.989403 | lrm: 1.00 | dt: 2034.39ms | tok/sec: 515,426 | bf16_mfu: 46.36 | epoch: 1 | total time: 31.75m | eta: 127.1m
step 00880/04357 (20.20%) | loss: 3.007254 | lrm: 1.00 | dt: 2030.78ms | tok/sec: 516,342 | bf16_mfu: 46.44 | epoch: 1 | total time: 31.78m | eta: 127.0m
step 00881/04357 (20.22%) | loss: 3.016397 | lrm: 1.00 | dt: 2032.69ms | tok/sec: 515,856 | bf16_mfu: 46.40 | epoch: 1 | total time: 31.81m | eta: 127.0m
step 00882/04357 (20.24%) | loss: 3.011213 | lrm: 1.00 | dt: 2034.35ms | tok/sec: 515,434 | bf16_mfu: 46.36 | epoch: 1 | total time: 31.85m | eta: 126.9m
step 00883/04357 (20.27%) | loss: 3.006890 | lrm: 1.00 | dt: 2031.61ms | tok/sec: 516,130 | bf16_mfu: 46.42 | epoch: 1 | total time: 31.88m | eta: 126.9m
step 00884/04357 (20.29%) | loss: 2.998894 | lrm: 1.00 | dt: 2029.95ms | tok/sec: 516,551 | bf16_mfu: 46.46 | epoch: 1 | total time: 31.91m | eta: 126.8m
step 00885/04357 (20.31%) | loss: 2.994870 | lrm: 1.00 | dt: 2030.79ms | tok/sec: 516,339 | bf16_mfu: 46.44 | epoch: 1 | total time: 31.95m | eta: 126.8m
step 00886/04357 (20.34%) | loss: 2.991535 | lrm: 1.00 | dt: 2030.15ms | tok/sec: 516,502 | bf16_mfu: 46.46 | epoch: 1 | total time: 31.98m | eta: 126.7m
step 00887/04357 (20.36%) | loss: 2.995450 | lrm: 1.00 | dt: 2033.93ms | tok/sec: 515,541 | bf16_mfu: 46.37 | epoch: 1 | total time: 32.02m | eta: 126.7m
step 00888/04357 (20.38%) | loss: 2.979977 | lrm: 1.00 | dt: 2033.09ms | tok/sec: 515,754 | bf16_mfu: 46.39 | epoch: 1 | total time: 32.05m | eta: 126.6m
step 00889/04357 (20.40%) | loss: 2.987073 | lrm: 1.00 | dt: 2032.40ms | tok/sec: 515,931 | bf16_mfu: 46.41 | epoch: 1 | total time: 32.08m | eta: 126.6m
step 00890/04357 (20.43%) | loss: 2.994736 | lrm: 1.00 | dt: 2030.12ms | tok/sec: 516,509 | bf16_mfu: 46.46 | epoch: 1 | total time: 32.12m | eta: 126.5m
step 00891/04357 (20.45%) | loss: 3.002495 | lrm: 1.00 | dt: 2034.61ms | tok/sec: 515,368 | bf16_mfu: 46.36 | epoch: 1 | total time: 32.15m | eta: 126.5m
step 00892/04357 (20.47%) | loss: 3.005486 | lrm: 1.00 | dt: 2027.74ms | tok/sec: 517,115 | bf16_mfu: 46.51 | epoch: 1 | total time: 32.19m | eta: 126.4m
step 00893/04357 (20.50%) | loss: 3.003727 | lrm: 1.00 | dt: 2032.66ms | tok/sec: 515,865 | bf16_mfu: 46.40 | epoch: 1 | total time: 32.22m | eta: 126.4m
step 00894/04357 (20.52%) | loss: 3.001780 | lrm: 1.00 | dt: 2043.26ms | tok/sec: 513,186 | bf16_mfu: 46.16 | epoch: 1 | total time: 32.25m | eta: 126.4m
step 00895/04357 (20.54%) | loss: 2.999344 | lrm: 1.00 | dt: 2031.23ms | tok/sec: 516,227 | bf16_mfu: 46.43 | epoch: 1 | total time: 32.29m | eta: 126.3m
step 00896/04357 (20.56%) | loss: 3.004810 | lrm: 1.00 | dt: 2032.55ms | tok/sec: 515,892 | bf16_mfu: 46.40 | epoch: 1 | total time: 32.32m | eta: 126.3m
step 00897/04357 (20.59%) | loss: 2.995910 | lrm: 1.00 | dt: 2032.01ms | tok/sec: 516,029 | bf16_mfu: 46.41 | epoch: 1 | total time: 32.36m | eta: 126.2m
step 00898/04357 (20.61%) | loss: 2.990728 | lrm: 1.00 | dt: 2035.32ms | tok/sec: 515,189 | bf16_mfu: 46.34 | epoch: 1 | total time: 32.39m | eta: 126.2m
step 00899/04357 (20.63%) | loss: 3.003346 | lrm: 1.00 | dt: 2027.83ms | tok/sec: 517,092 | bf16_mfu: 46.51 | epoch: 1 | total time: 32.42m | eta: 126.1m
step 00900/04357 (20.66%) | loss: 3.018100 | lrm: 1.00 | dt: 2030.73ms | tok/sec: 516,354 | bf16_mfu: 46.44 | epoch: 1 | total time: 32.46m | eta: 126.1m
step 00901/04357 (20.68%) | loss: 3.014824 | lrm: 1.00 | dt: 2030.12ms | tok/sec: 516,509 | bf16_mfu: 46.46 | epoch: 1 | total time: 32.49m | eta: 126.0m
step 00902/04357 (20.70%) | loss: 3.023988 | lrm: 1.00 | dt: 2032.51ms | tok/sec: 515,900 | bf16_mfu: 46.40 | epoch: 1 | total time: 32.52m | eta: 126.0m
step 00903/04357 (20.73%) | loss: 3.034712 | lrm: 1.00 | dt: 2032.12ms | tok/sec: 516,000 | bf16_mfu: 46.41 | epoch: 1 | total time: 32.56m | eta: 125.9m
step 00904/04357 (20.75%) | loss: 3.037240 | lrm: 1.00 | dt: 2032.26ms | tok/sec: 515,964 | bf16_mfu: 46.41 | epoch: 1 | total time: 32.59m | eta: 125.9m
step 00905/04357 (20.77%) | loss: 3.035754 | lrm: 1.00 | dt: 2034.35ms | tok/sec: 515,435 | bf16_mfu: 46.36 | epoch: 1 | total time: 32.63m | eta: 125.8m
step 00906/04357 (20.79%) | loss: 3.034335 | lrm: 1.00 | dt: 2034.70ms | tok/sec: 515,346 | bf16_mfu: 46.35 | epoch: 1 | total time: 32.66m | eta: 125.8m
step 00907/04357 (20.82%) | loss: 3.032176 | lrm: 1.00 | dt: 2030.34ms | tok/sec: 516,452 | bf16_mfu: 46.45 | epoch: 1 | total time: 32.69m | eta: 125.7m
step 00908/04357 (20.84%) | loss: 3.029653 | lrm: 1.00 | dt: 2034.46ms | tok/sec: 515,407 | bf16_mfu: 46.36 | epoch: 1 | total time: 32.73m | eta: 125.7m
step 00909/04357 (20.86%) | loss: 3.034144 | lrm: 1.00 | dt: 2032.99ms | tok/sec: 515,780 | bf16_mfu: 46.39 | epoch: 1 | total time: 32.76m | eta: 125.7m
step 00910/04357 (20.89%) | loss: 3.038701 | lrm: 1.00 | dt: 2032.03ms | tok/sec: 516,023 | bf16_mfu: 46.41 | epoch: 1 | total time: 32.80m | eta: 125.6m
step 00911/04357 (20.91%) | loss: 3.038600 | lrm: 1.00 | dt: 2031.70ms | tok/sec: 516,108 | bf16_mfu: 46.42 | epoch: 1 | total time: 32.83m | eta: 125.6m
step 00912/04357 (20.93%) | loss: 3.028490 | lrm: 1.00 | dt: 2032.04ms | tok/sec: 516,021 | bf16_mfu: 46.41 | epoch: 1 | total time: 32.86m | eta: 125.5m
step 00913/04357 (20.95%) | loss: 3.017698 | lrm: 1.00 | dt: 2035.73ms | tok/sec: 515,085 | bf16_mfu: 46.33 | epoch: 1 | total time: 32.90m | eta: 125.5m
step 00914/04357 (20.98%) | loss: 3.013921 | lrm: 1.00 | dt: 2022.75ms | tok/sec: 518,392 | bf16_mfu: 46.63 | epoch: 1 | total time: 32.93m | eta: 125.4m
step 00915/04357 (21.00%) | loss: 3.008016 | lrm: 1.00 | dt: 2032.66ms | tok/sec: 515,863 | bf16_mfu: 46.40 | epoch: 1 | total time: 32.96m | eta: 125.4m
step 00916/04357 (21.02%) | loss: 3.005758 | lrm: 1.00 | dt: 2026.60ms | tok/sec: 517,406 | bf16_mfu: 46.54 | epoch: 1 | total time: 33.00m | eta: 125.3m
step 00917/04357 (21.05%) | loss: 3.013234 | lrm: 1.00 | dt: 2035.31ms | tok/sec: 515,192 | bf16_mfu: 46.34 | epoch: 1 | total time: 33.03m | eta: 125.3m
step 00918/04357 (21.07%) | loss: 3.016569 | lrm: 1.00 | dt: 2036.16ms | tok/sec: 514,976 | bf16_mfu: 46.32 | epoch: 1 | total time: 33.07m | eta: 125.2m
step 00919/04357 (21.09%) | loss: 3.018776 | lrm: 1.00 | dt: 2035.52ms | tok/sec: 515,138 | bf16_mfu: 46.33 | epoch: 1 | total time: 33.10m | eta: 125.2m
step 00920/04357 (21.12%) | loss: 3.007568 | lrm: 1.00 | dt: 2030.20ms | tok/sec: 516,489 | bf16_mfu: 46.46 | epoch: 1 | total time: 33.13m | eta: 125.1m
step 00921/04357 (21.14%) | loss: 3.008977 | lrm: 1.00 | dt: 2027.16ms | tok/sec: 517,264 | bf16_mfu: 46.53 | epoch: 1 | total time: 33.17m | eta: 125.1m
step 00922/04357 (21.16%) | loss: 3.010790 | lrm: 1.00 | dt: 2033.10ms | tok/sec: 515,751 | bf16_mfu: 46.39 | epoch: 1 | total time: 33.20m | eta: 125.1m
step 00923/04357 (21.18%) | loss: 2.999928 | lrm: 1.00 | dt: 2031.95ms | tok/sec: 516,043 | bf16_mfu: 46.42 | epoch: 1 | total time: 33.24m | eta: 125.0m
step 00924/04357 (21.21%) | loss: 2.996732 | lrm: 1.00 | dt: 2028.99ms | tok/sec: 516,795 | bf16_mfu: 46.48 | epoch: 1 | total time: 33.27m | eta: 125.0m
step 00925/04357 (21.23%) | loss: 3.004682 | lrm: 1.00 | dt: 2034.67ms | tok/sec: 515,353 | bf16_mfu: 46.35 | epoch: 1 | total time: 33.30m | eta: 124.9m
step 00926/04357 (21.25%) | loss: 2.998400 | lrm: 1.00 | dt: 2044.09ms | tok/sec: 512,979 | bf16_mfu: 46.14 | epoch: 1 | total time: 33.34m | eta: 124.9m
step 00927/04357 (21.28%) | loss: 2.993271 | lrm: 1.00 | dt: 2034.90ms | tok/sec: 515,296 | bf16_mfu: 46.35 | epoch: 1 | total time: 33.37m | eta: 124.8m
step 00928/04357 (21.30%) | loss: 2.988359 | lrm: 1.00 | dt: 2031.25ms | tok/sec: 516,221 | bf16_mfu: 46.43 | epoch: 1 | total time: 33.41m | eta: 124.8m
step 00929/04357 (21.32%) | loss: 2.983839 | lrm: 1.00 | dt: 2028.20ms | tok/sec: 516,997 | bf16_mfu: 46.50 | epoch: 1 | total time: 33.44m | eta: 124.7m
step 00930/04357 (21.34%) | loss: 2.992064 | lrm: 1.00 | dt: 2030.34ms | tok/sec: 516,452 | bf16_mfu: 46.45 | epoch: 1 | total time: 33.47m | eta: 124.7m
step 00931/04357 (21.37%) | loss: 2.997183 | lrm: 1.00 | dt: 2033.16ms | tok/sec: 515,738 | bf16_mfu: 46.39 | epoch: 1 | total time: 33.51m | eta: 124.6m
step 00932/04357 (21.39%) | loss: 2.988962 | lrm: 1.00 | dt: 2032.94ms | tok/sec: 515,794 | bf16_mfu: 46.39 | epoch: 1 | total time: 33.54m | eta: 124.6m
step 00933/04357 (21.41%) | loss: 2.990660 | lrm: 1.00 | dt: 2032.97ms | tok/sec: 515,785 | bf16_mfu: 46.39 | epoch: 1 | total time: 33.57m | eta: 124.5m
step 00934/04357 (21.44%) | loss: 2.990861 | lrm: 1.00 | dt: 2026.65ms | tok/sec: 517,394 | bf16_mfu: 46.54 | epoch: 1 | total time: 33.61m | eta: 124.5m
step 00935/04357 (21.46%) | loss: 2.998519 | lrm: 1.00 | dt: 2032.21ms | tok/sec: 515,978 | bf16_mfu: 46.41 | epoch: 1 | total time: 33.64m | eta: 124.5m
step 00936/04357 (21.48%) | loss: 2.990685 | lrm: 1.00 | dt: 2028.70ms | tok/sec: 516,872 | bf16_mfu: 46.49 | epoch: 1 | total time: 33.68m | eta: 124.4m
step 00937/04357 (21.51%) | loss: 2.997064 | lrm: 1.00 | dt: 2032.47ms | tok/sec: 515,912 | bf16_mfu: 46.40 | epoch: 1 | total time: 33.71m | eta: 124.4m
step 00938/04357 (21.53%) | loss: 2.999877 | lrm: 1.00 | dt: 2036.23ms | tok/sec: 514,959 | bf16_mfu: 46.32 | epoch: 1 | total time: 33.74m | eta: 124.3m
step 00939/04357 (21.55%) | loss: 3.000040 | lrm: 1.00 | dt: 2031.13ms | tok/sec: 516,253 | bf16_mfu: 46.43 | epoch: 1 | total time: 33.78m | eta: 124.3m
step 00940/04357 (21.57%) | loss: 3.013361 | lrm: 1.00 | dt: 2034.68ms | tok/sec: 515,352 | bf16_mfu: 46.35 | epoch: 1 | total time: 33.81m | eta: 124.2m
step 00941/04357 (21.60%) | loss: 3.020280 | lrm: 1.00 | dt: 2031.75ms | tok/sec: 516,095 | bf16_mfu: 46.42 | epoch: 1 | total time: 33.85m | eta: 124.2m
step 00942/04357 (21.62%) | loss: 3.006871 | lrm: 1.00 | dt: 2030.91ms | tok/sec: 516,308 | bf16_mfu: 46.44 | epoch: 1 | total time: 33.88m | eta: 124.1m
step 00943/04357 (21.64%) | loss: 3.010977 | lrm: 1.00 | dt: 2030.56ms | tok/sec: 516,397 | bf16_mfu: 46.45 | epoch: 1 | total time: 33.91m | eta: 124.1m
step 00944/04357 (21.67%) | loss: 3.006343 | lrm: 1.00 | dt: 2028.88ms | tok/sec: 516,825 | bf16_mfu: 46.49 | epoch: 1 | total time: 33.95m | eta: 124.0m
step 00945/04357 (21.69%) | loss: 3.015875 | lrm: 1.00 | dt: 2029.43ms | tok/sec: 516,684 | bf16_mfu: 46.47 | epoch: 1 | total time: 33.98m | eta: 124.0m
step 00946/04357 (21.71%) | loss: 3.012914 | lrm: 1.00 | dt: 2027.89ms | tok/sec: 517,077 | bf16_mfu: 46.51 | epoch: 1 | total time: 34.01m | eta: 124.0m
step 00947/04357 (21.74%) | loss: 3.017392 | lrm: 1.00 | dt: 2033.61ms | tok/sec: 515,622 | bf16_mfu: 46.38 | epoch: 1 | total time: 34.05m | eta: 123.9m
step 00948/04357 (21.76%) | loss: 3.007179 | lrm: 1.00 | dt: 2035.27ms | tok/sec: 515,202 | bf16_mfu: 46.34 | epoch: 1 | total time: 34.08m | eta: 123.9m
step 00949/04357 (21.78%) | loss: 2.988777 | lrm: 1.00 | dt: 2031.30ms | tok/sec: 516,208 | bf16_mfu: 46.43 | epoch: 1 | total time: 34.12m | eta: 123.8m
step 00950/04357 (21.80%) | loss: 2.970678 | lrm: 1.00 | dt: 2030.45ms | tok/sec: 516,424 | bf16_mfu: 46.45 | epoch: 1 | total time: 34.15m | eta: 123.8m
step 00951/04357 (21.83%) | loss: 2.978025 | lrm: 1.00 | dt: 2033.26ms | tok/sec: 515,712 | bf16_mfu: 46.39 | epoch: 1 | total time: 34.18m | eta: 123.7m
step 00952/04357 (21.85%) | loss: 2.980070 | lrm: 1.00 | dt: 2036.84ms | tok/sec: 514,806 | bf16_mfu: 46.30 | epoch: 1 | total time: 34.22m | eta: 123.7m
step 00953/04357 (21.87%) | loss: 2.983456 | lrm: 1.00 | dt: 2034.21ms | tok/sec: 515,469 | bf16_mfu: 46.36 | epoch: 1 | total time: 34.25m | eta: 123.6m
step 00954/04357 (21.90%) | loss: 2.964057 | lrm: 1.00 | dt: 2031.98ms | tok/sec: 516,037 | bf16_mfu: 46.42 | epoch: 1 | total time: 34.29m | eta: 123.6m
step 00955/04357 (21.92%) | loss: 2.961048 | lrm: 1.00 | dt: 2032.19ms | tok/sec: 515,982 | bf16_mfu: 46.41 | epoch: 1 | total time: 34.32m | eta: 123.6m
step 00956/04357 (21.94%) | loss: 2.964380 | lrm: 1.00 | dt: 2028.94ms | tok/sec: 516,810 | bf16_mfu: 46.48 | epoch: 1 | total time: 34.35m | eta: 123.5m
step 00957/04357 (21.96%) | loss: 2.949968 | lrm: 1.00 | dt: 2030.64ms | tok/sec: 516,378 | bf16_mfu: 46.45 | epoch: 1 | total time: 34.39m | eta: 123.5m
step 00958/04357 (21.99%) | loss: 2.945549 | lrm: 1.00 | dt: 2031.30ms | tok/sec: 516,209 | bf16_mfu: 46.43 | epoch: 1 | total time: 34.42m | eta: 123.4m
step 00959/04357 (22.01%) | loss: 2.941593 | lrm: 1.00 | dt: 2024.12ms | tok/sec: 518,041 | bf16_mfu: 46.60 | epoch: 1 | total time: 34.45m | eta: 123.4m
step 00960/04357 (22.03%) | loss: 2.948327 | lrm: 1.00 | dt: 2031.93ms | tok/sec: 516,048 | bf16_mfu: 46.42 | epoch: 1 | total time: 34.49m | eta: 123.3m
step 00961/04357 (22.06%) | loss: 2.961263 | lrm: 1.00 | dt: 2032.51ms | tok/sec: 515,903 | bf16_mfu: 46.40 | epoch: 1 | total time: 34.52m | eta: 123.3m
step 00962/04357 (22.08%) | loss: 2.969479 | lrm: 1.00 | dt: 2030.63ms | tok/sec: 516,380 | bf16_mfu: 46.45 | epoch: 1 | total time: 34.56m | eta: 123.2m
step 00963/04357 (22.10%) | loss: 2.960868 | lrm: 1.00 | dt: 2033.78ms | tok/sec: 515,580 | bf16_mfu: 46.37 | epoch: 1 | total time: 34.59m | eta: 123.2m
step 00964/04357 (22.13%) | loss: 2.956594 | lrm: 1.00 | dt: 2033.31ms | tok/sec: 515,699 | bf16_mfu: 46.38 | epoch: 1 | total time: 34.62m | eta: 123.1m
step 00965/04357 (22.15%) | loss: 2.950198 | lrm: 1.00 | dt: 2030.88ms | tok/sec: 516,317 | bf16_mfu: 46.44 | epoch: 1 | total time: 34.66m | eta: 123.1m
step 00966/04357 (22.17%) | loss: 2.951151 | lrm: 1.00 | dt: 2029.20ms | tok/sec: 516,742 | bf16_mfu: 46.48 | epoch: 1 | total time: 34.69m | eta: 123.1m
step 00967/04357 (22.19%) | loss: 2.964977 | lrm: 1.00 | dt: 2029.61ms | tok/sec: 516,638 | bf16_mfu: 46.47 | epoch: 1 | total time: 34.73m | eta: 123.0m
step 00968/04357 (22.22%) | loss: 2.962693 | lrm: 1.00 | dt: 2033.58ms | tok/sec: 515,630 | bf16_mfu: 46.38 | epoch: 1 | total time: 34.76m | eta: 123.0m
step 00969/04357 (22.24%) | loss: 2.967003 | lrm: 1.00 | dt: 2032.95ms | tok/sec: 515,790 | bf16_mfu: 46.39 | epoch: 1 | total time: 34.79m | eta: 122.9m
step 00970/04357 (22.26%) | loss: 2.967905 | lrm: 1.00 | dt: 2032.55ms | tok/sec: 515,891 | bf16_mfu: 46.40 | epoch: 1 | total time: 34.83m | eta: 122.9m
step 00971/04357 (22.29%) | loss: 2.967542 | lrm: 1.00 | dt: 2029.39ms | tok/sec: 516,694 | bf16_mfu: 46.47 | epoch: 1 | total time: 34.86m | eta: 122.8m
step 00972/04357 (22.31%) | loss: 2.972650 | lrm: 1.00 | dt: 2036.48ms | tok/sec: 514,896 | bf16_mfu: 46.31 | epoch: 1 | total time: 34.90m | eta: 122.8m
step 00973/04357 (22.33%) | loss: 2.974310 | lrm: 1.00 | dt: 2036.50ms | tok/sec: 514,891 | bf16_mfu: 46.31 | epoch: 1 | total time: 34.93m | eta: 122.7m
step 00974/04357 (22.35%) | loss: 2.973633 | lrm: 1.00 | dt: 2024.29ms | tok/sec: 517,997 | bf16_mfu: 46.59 | epoch: 1 | total time: 34.96m | eta: 122.7m
step 00975/04357 (22.38%) | loss: 2.985108 | lrm: 1.00 | dt: 2034.10ms | tok/sec: 515,498 | bf16_mfu: 46.37 | epoch: 1 | total time: 35.00m | eta: 122.7m
step 00976/04357 (22.40%) | loss: 2.984441 | lrm: 1.00 | dt: 2031.99ms | tok/sec: 516,034 | bf16_mfu: 46.42 | epoch: 1 | total time: 35.03m | eta: 122.6m
step 00977/04357 (22.42%) | loss: 2.965908 | lrm: 1.00 | dt: 2033.11ms | tok/sec: 515,750 | bf16_mfu: 46.39 | epoch: 1 | total time: 35.06m | eta: 122.6m
step 00978/04357 (22.45%) | loss: 2.956229 | lrm: 1.00 | dt: 2033.74ms | tok/sec: 515,589 | bf16_mfu: 46.38 | epoch: 1 | total time: 35.10m | eta: 122.5m
step 00979/04357 (22.47%) | loss: 2.959035 | lrm: 1.00 | dt: 2027.22ms | tok/sec: 517,248 | bf16_mfu: 46.52 | epoch: 1 | total time: 35.13m | eta: 122.5m
step 00980/04357 (22.49%) | loss: 2.954402 | lrm: 1.00 | dt: 2030.73ms | tok/sec: 516,354 | bf16_mfu: 46.44 | epoch: 1 | total time: 35.17m | eta: 122.4m
step 00981/04357 (22.52%) | loss: 2.956372 | lrm: 1.00 | dt: 2028.44ms | tok/sec: 516,938 | bf16_mfu: 46.50 | epoch: 1 | total time: 35.20m | eta: 122.4m
step 00982/04357 (22.54%) | loss: 2.952192 | lrm: 1.00 | dt: 2034.76ms | tok/sec: 515,330 | bf16_mfu: 46.35 | epoch: 1 | total time: 35.23m | eta: 122.3m
step 00983/04357 (22.56%) | loss: 2.945706 | lrm: 1.00 | dt: 2033.07ms | tok/sec: 515,759 | bf16_mfu: 46.39 | epoch: 1 | total time: 35.27m | eta: 122.3m
step 00984/04357 (22.58%) | loss: 2.957345 | lrm: 1.00 | dt: 2031.61ms | tok/sec: 516,129 | bf16_mfu: 46.42 | epoch: 1 | total time: 35.30m | eta: 122.3m
step 00985/04357 (22.61%) | loss: 2.957672 | lrm: 1.00 | dt: 2036.63ms | tok/sec: 514,858 | bf16_mfu: 46.31 | epoch: 1 | total time: 35.34m | eta: 122.2m
step 00986/04357 (22.63%) | loss: 2.950138 | lrm: 1.00 | dt: 2030.16ms | tok/sec: 516,498 | bf16_mfu: 46.46 | epoch: 1 | total time: 35.37m | eta: 122.2m
step 00987/04357 (22.65%) | loss: 2.952730 | lrm: 1.00 | dt: 2033.00ms | tok/sec: 515,778 | bf16_mfu: 46.39 | epoch: 1 | total time: 35.40m | eta: 122.1m
step 00988/04357 (22.68%) | loss: 2.942434 | lrm: 1.00 | dt: 2031.24ms | tok/sec: 516,225 | bf16_mfu: 46.43 | epoch: 1 | total time: 35.44m | eta: 122.1m
step 00989/04357 (22.70%) | loss: 2.942816 | lrm: 1.00 | dt: 2024.53ms | tok/sec: 517,935 | bf16_mfu: 46.59 | epoch: 1 | total time: 35.47m | eta: 122.0m
step 00990/04357 (22.72%) | loss: 2.942446 | lrm: 1.00 | dt: 2031.20ms | tok/sec: 516,235 | bf16_mfu: 46.43 | epoch: 1 | total time: 35.50m | eta: 122.0m
step 00991/04357 (22.75%) | loss: 2.953114 | lrm: 1.00 | dt: 2039.28ms | tok/sec: 514,188 | bf16_mfu: 46.25 | epoch: 1 | total time: 35.54m | eta: 121.9m
step 00992/04357 (22.77%) | loss: 2.954892 | lrm: 1.00 | dt: 2036.39ms | tok/sec: 514,919 | bf16_mfu: 46.31 | epoch: 1 | total time: 35.57m | eta: 121.9m
step 00993/04357 (22.79%) | loss: 2.950300 | lrm: 1.00 | dt: 2030.58ms | tok/sec: 516,393 | bf16_mfu: 46.45 | epoch: 1 | total time: 35.61m | eta: 121.9m
step 00994/04357 (22.81%) | loss: 2.952894 | lrm: 1.00 | dt: 2028.01ms | tok/sec: 517,047 | bf16_mfu: 46.51 | epoch: 1 | total time: 35.64m | eta: 121.8m
step 00995/04357 (22.84%) | loss: 2.958662 | lrm: 1.00 | dt: 2033.89ms | tok/sec: 515,550 | bf16_mfu: 46.37 | epoch: 1 | total time: 35.67m | eta: 121.8m
step 00996/04357 (22.86%) | loss: 2.960919 | lrm: 1.00 | dt: 2029.51ms | tok/sec: 516,665 | bf16_mfu: 46.47 | epoch: 1 | total time: 35.71m | eta: 121.7m
step 00997/04357 (22.88%) | loss: 2.962145 | lrm: 1.00 | dt: 2033.15ms | tok/sec: 515,739 | bf16_mfu: 46.39 | epoch: 1 | total time: 35.74m | eta: 121.7m
step 00998/04357 (22.91%) | loss: 2.962668 | lrm: 1.00 | dt: 2030.34ms | tok/sec: 516,454 | bf16_mfu: 46.45 | epoch: 1 | total time: 35.78m | eta: 121.6m
step 00999/04357 (22.93%) | loss: 2.974112 | lrm: 1.00 | dt: 2033.06ms | tok/sec: 515,763 | bf16_mfu: 46.39 | epoch: 1 | total time: 35.81m | eta: 121.6m
Step 01000 | Validation bpb: 0.902590
step 01000/04357 (22.95%) | loss: 2.979467 | lrm: 1.00 | dt: 35662.30ms | tok/sec: 29,402 | bf16_mfu: 2.64 | epoch: 1 | total time: 36.40m | eta: 123.4m
step 01001/04357 (22.97%) | loss: 2.974137 | lrm: 1.00 | dt: 1973.97ms | tok/sec: 531,202 | bf16_mfu: 47.78 | epoch: 1 | total time: 36.44m | eta: 123.4m
step 01002/04357 (23.00%) | loss: 2.990138 | lrm: 1.00 | dt: 1985.72ms | tok/sec: 528,057 | bf16_mfu: 47.50 | epoch: 1 | total time: 36.47m | eta: 123.3m
step 01003/04357 (23.02%) | loss: 2.982552 | lrm: 1.00 | dt: 1988.84ms | tok/sec: 527,230 | bf16_mfu: 47.42 | epoch: 1 | total time: 36.50m | eta: 123.3m
step 01004/04357 (23.04%) | loss: 2.975287 | lrm: 1.00 | dt: 1983.63ms | tok/sec: 528,615 | bf16_mfu: 47.55 | epoch: 1 | total time: 36.54m | eta: 123.2m
step 01005/04357 (23.07%) | loss: 2.973436 | lrm: 1.00 | dt: 1991.70ms | tok/sec: 526,471 | bf16_mfu: 47.35 | epoch: 1 | total time: 36.57m | eta: 123.2m
step 01006/04357 (23.09%) | loss: 2.964669 | lrm: 1.00 | dt: 1993.67ms | tok/sec: 525,953 | bf16_mfu: 47.31 | epoch: 1 | total time: 36.60m | eta: 123.1m
step 01007/04357 (23.11%) | loss: 2.960931 | lrm: 1.00 | dt: 1988.41ms | tok/sec: 527,344 | bf16_mfu: 47.43 | epoch: 1 | total time: 36.64m | eta: 123.1m
step 01008/04357 (23.14%) | loss: 2.958573 | lrm: 1.00 | dt: 1994.81ms | tok/sec: 525,651 | bf16_mfu: 47.28 | epoch: 1 | total time: 36.67m | eta: 123.1m
step 01009/04357 (23.16%) | loss: 2.969688 | lrm: 1.00 | dt: 1997.96ms | tok/sec: 524,823 | bf16_mfu: 47.21 | epoch: 1 | total time: 36.70m | eta: 123.0m
step 01010/04357 (23.18%) | loss: 2.975710 | lrm: 1.00 | dt: 1990.53ms | tok/sec: 526,782 | bf16_mfu: 47.38 | epoch: 1 | total time: 36.74m | eta: 123.0m
step 01011/04357 (23.20%) | loss: 2.971579 | lrm: 1.00 | dt: 1992.72ms | tok/sec: 526,204 | bf16_mfu: 47.33 | epoch: 1 | total time: 36.77m | eta: 122.9m
step 01012/04357 (23.23%) | loss: 2.964535 | lrm: 1.00 | dt: 1993.84ms | tok/sec: 525,906 | bf16_mfu: 47.30 | epoch: 1 | total time: 36.80m | eta: 122.9m
step 01013/04357 (23.25%) | loss: 2.969131 | lrm: 1.00 | dt: 1994.46ms | tok/sec: 525,743 | bf16_mfu: 47.29 | epoch: 1 | total time: 36.84m | eta: 122.8m
step 01014/04357 (23.27%) | loss: 2.972891 | lrm: 1.00 | dt: 1991.59ms | tok/sec: 526,502 | bf16_mfu: 47.36 | epoch: 1 | total time: 36.87m | eta: 122.8m
step 01015/04357 (23.30%) | loss: 2.978034 | lrm: 1.00 | dt: 1993.29ms | tok/sec: 526,052 | bf16_mfu: 47.32 | epoch: 1 | total time: 36.90m | eta: 122.7m
step 01016/04357 (23.32%) | loss: 2.969761 | lrm: 1.00 | dt: 1999.76ms | tok/sec: 524,351 | bf16_mfu: 47.16 | epoch: 1 | total time: 36.93m | eta: 122.7m
step 01017/04357 (23.34%) | loss: 2.969912 | lrm: 1.00 | dt: 1998.40ms | tok/sec: 524,706 | bf16_mfu: 47.20 | epoch: 1 | total time: 36.97m | eta: 122.6m
step 01018/04357 (23.36%) | loss: 2.963274 | lrm: 1.00 | dt: 1998.60ms | tok/sec: 524,656 | bf16_mfu: 47.19 | epoch: 1 | total time: 37.00m | eta: 122.6m
step 01019/04357 (23.39%) | loss: 2.958010 | lrm: 1.00 | dt: 2003.80ms | tok/sec: 523,294 | bf16_mfu: 47.07 | epoch: 1 | total time: 37.03m | eta: 122.5m
step 01020/04357 (23.41%) | loss: 2.959057 | lrm: 1.00 | dt: 1999.64ms | tok/sec: 524,382 | bf16_mfu: 47.17 | epoch: 1 | total time: 37.07m | eta: 122.5m
step 01021/04357 (23.43%) | loss: 2.968106 | lrm: 1.00 | dt: 2003.05ms | tok/sec: 523,488 | bf16_mfu: 47.09 | epoch: 1 | total time: 37.10m | eta: 122.4m
step 01022/04357 (23.46%) | loss: 2.970624 | lrm: 1.00 | dt: 2006.87ms | tok/sec: 522,494 | bf16_mfu: 47.00 | epoch: 1 | total time: 37.13m | eta: 122.4m
step 01023/04357 (23.48%) | loss: 2.968935 | lrm: 1.00 | dt: 2005.68ms | tok/sec: 522,803 | bf16_mfu: 47.02 | epoch: 1 | total time: 37.17m | eta: 122.3m
step 01024/04357 (23.50%) | loss: 2.974683 | lrm: 1.00 | dt: 2006.67ms | tok/sec: 522,544 | bf16_mfu: 47.00 | epoch: 1 | total time: 37.20m | eta: 122.3m
step 01025/04357 (23.53%) | loss: 2.977148 | lrm: 1.00 | dt: 2003.33ms | tok/sec: 523,415 | bf16_mfu: 47.08 | epoch: 1 | total time: 37.24m | eta: 122.2m
step 01026/04357 (23.55%) | loss: 2.980399 | lrm: 1.00 | dt: 2008.08ms | tok/sec: 522,179 | bf16_mfu: 46.97 | epoch: 1 | total time: 37.27m | eta: 122.2m
step 01027/04357 (23.57%) | loss: 2.975793 | lrm: 1.00 | dt: 2008.53ms | tok/sec: 522,061 | bf16_mfu: 46.96 | epoch: 1 | total time: 37.30m | eta: 122.1m
step 01028/04357 (23.59%) | loss: 2.956359 | lrm: 1.00 | dt: 2010.58ms | tok/sec: 521,528 | bf16_mfu: 46.91 | epoch: 1 | total time: 37.34m | eta: 122.1m
step 01029/04357 (23.62%) | loss: 2.966368 | lrm: 1.00 | dt: 2012.65ms | tok/sec: 520,993 | bf16_mfu: 46.86 | epoch: 1 | total time: 37.37m | eta: 122.0m
step 01030/04357 (23.64%) | loss: 2.961185 | lrm: 1.00 | dt: 2010.11ms | tok/sec: 521,651 | bf16_mfu: 46.92 | epoch: 1 | total time: 37.40m | eta: 122.0m
step 01031/04357 (23.66%) | loss: 2.977583 | lrm: 1.00 | dt: 2010.42ms | tok/sec: 521,571 | bf16_mfu: 46.91 | epoch: 1 | total time: 37.44m | eta: 122.0m
step 01032/04357 (23.69%) | loss: 2.984195 | lrm: 1.00 | dt: 2012.46ms | tok/sec: 521,042 | bf16_mfu: 46.87 | epoch: 1 | total time: 37.47m | eta: 121.9m
step 01033/04357 (23.71%) | loss: 2.974358 | lrm: 1.00 | dt: 2015.87ms | tok/sec: 520,159 | bf16_mfu: 46.79 | epoch: 1 | total time: 37.50m | eta: 121.9m
step 01034/04357 (23.73%) | loss: 2.967607 | lrm: 1.00 | dt: 2012.80ms | tok/sec: 520,953 | bf16_mfu: 46.86 | epoch: 1 | total time: 37.54m | eta: 121.8m
step 01035/04357 (23.75%) | loss: 2.974999 | lrm: 1.00 | dt: 2013.41ms | tok/sec: 520,797 | bf16_mfu: 46.84 | epoch: 1 | total time: 37.57m | eta: 121.8m
step 01036/04357 (23.78%) | loss: 2.976441 | lrm: 1.00 | dt: 2014.58ms | tok/sec: 520,494 | bf16_mfu: 46.82 | epoch: 1 | total time: 37.60m | eta: 121.7m
step 01037/04357 (23.80%) | loss: 2.984621 | lrm: 1.00 | dt: 2018.20ms | tok/sec: 519,560 | bf16_mfu: 46.73 | epoch: 1 | total time: 37.64m | eta: 121.7m
step 01038/04357 (23.82%) | loss: 2.981934 | lrm: 1.00 | dt: 2019.19ms | tok/sec: 519,305 | bf16_mfu: 46.71 | epoch: 1 | total time: 37.67m | eta: 121.6m
step 01039/04357 (23.85%) | loss: 2.979067 | lrm: 1.00 | dt: 2018.32ms | tok/sec: 519,528 | bf16_mfu: 46.73 | epoch: 1 | total time: 37.70m | eta: 121.6m
step 01040/04357 (23.87%) | loss: 2.970768 | lrm: 1.00 | dt: 2016.73ms | tok/sec: 519,938 | bf16_mfu: 46.77 | epoch: 1 | total time: 37.74m | eta: 121.5m
step 01041/04357 (23.89%) | loss: 2.971726 | lrm: 1.00 | dt: 2024.00ms | tok/sec: 518,070 | bf16_mfu: 46.60 | epoch: 1 | total time: 37.77m | eta: 121.5m
step 01042/04357 (23.92%) | loss: 2.954428 | lrm: 1.00 | dt: 2015.36ms | tok/sec: 520,292 | bf16_mfu: 46.80 | epoch: 1 | total time: 37.81m | eta: 121.4m
step 01043/04357 (23.94%) | loss: 2.963823 | lrm: 1.00 | dt: 2022.16ms | tok/sec: 518,541 | bf16_mfu: 46.64 | epoch: 1 | total time: 37.84m | eta: 121.4m
step 01044/04357 (23.96%) | loss: 2.957652 | lrm: 1.00 | dt: 2028.27ms | tok/sec: 516,980 | bf16_mfu: 46.50 | epoch: 1 | total time: 37.87m | eta: 121.3m
step 01045/04357 (23.98%) | loss: 2.967180 | lrm: 1.00 | dt: 2022.20ms | tok/sec: 518,532 | bf16_mfu: 46.64 | epoch: 1 | total time: 37.91m | eta: 121.3m
step 01046/04357 (24.01%) | loss: 2.949504 | lrm: 1.00 | dt: 2021.53ms | tok/sec: 518,704 | bf16_mfu: 46.66 | epoch: 1 | total time: 37.94m | eta: 121.3m
step 01047/04357 (24.03%) | loss: 2.959078 | lrm: 1.00 | dt: 2040.16ms | tok/sec: 513,967 | bf16_mfu: 46.23 | epoch: 1 | total time: 37.97m | eta: 121.2m
step 01048/04357 (24.05%) | loss: 2.969472 | lrm: 1.00 | dt: 2020.83ms | tok/sec: 518,882 | bf16_mfu: 46.67 | epoch: 1 | total time: 38.01m | eta: 121.2m
step 01049/04357 (24.08%) | loss: 2.963574 | lrm: 1.00 | dt: 2047.76ms | tok/sec: 512,060 | bf16_mfu: 46.06 | epoch: 1 | total time: 38.04m | eta: 121.1m
step 01050/04357 (24.10%) | loss: 2.967226 | lrm: 1.00 | dt: 2022.11ms | tok/sec: 518,555 | bf16_mfu: 46.64 | epoch: 1 | total time: 38.08m | eta: 121.1m
step 01051/04357 (24.12%) | loss: 2.952542 | lrm: 1.00 | dt: 2022.73ms | tok/sec: 518,395 | bf16_mfu: 46.63 | epoch: 1 | total time: 38.11m | eta: 121.0m
step 01052/04357 (24.15%) | loss: 2.958539 | lrm: 1.00 | dt: 2027.12ms | tok/sec: 517,274 | bf16_mfu: 46.53 | epoch: 1 | total time: 38.14m | eta: 121.0m
step 01053/04357 (24.17%) | loss: 2.932351 | lrm: 1.00 | dt: 2021.68ms | tok/sec: 518,665 | bf16_mfu: 46.65 | epoch: 1 | total time: 38.18m | eta: 120.9m
step 01054/04357 (24.19%) | loss: 2.934956 | lrm: 1.00 | dt: 2022.89ms | tok/sec: 518,355 | bf16_mfu: 46.62 | epoch: 1 | total time: 38.21m | eta: 120.9m
step 01055/04357 (24.21%) | loss: 2.933649 | lrm: 1.00 | dt: 2022.61ms | tok/sec: 518,426 | bf16_mfu: 46.63 | epoch: 1 | total time: 38.24m | eta: 120.8m
step 01056/04357 (24.24%) | loss: 2.943266 | lrm: 1.00 | dt: 2025.03ms | tok/sec: 517,807 | bf16_mfu: 46.57 | epoch: 1 | total time: 38.28m | eta: 120.8m
step 01057/04357 (24.26%) | loss: 2.941634 | lrm: 1.00 | dt: 2023.08ms | tok/sec: 518,305 | bf16_mfu: 46.62 | epoch: 1 | total time: 38.31m | eta: 120.8m
step 01058/04357 (24.28%) | loss: 2.932234 | lrm: 1.00 | dt: 2022.08ms | tok/sec: 518,563 | bf16_mfu: 46.64 | epoch: 1 | total time: 38.35m | eta: 120.7m
step 01059/04357 (24.31%) | loss: 2.940507 | lrm: 1.00 | dt: 2024.23ms | tok/sec: 518,011 | bf16_mfu: 46.59 | epoch: 1 | total time: 38.38m | eta: 120.7m
step 01060/04357 (24.33%) | loss: 2.937510 | lrm: 1.00 | dt: 2016.18ms | tok/sec: 520,080 | bf16_mfu: 46.78 | epoch: 1 | total time: 38.41m | eta: 120.6m
step 01061/04357 (24.35%) | loss: 2.934343 | lrm: 1.00 | dt: 2032.38ms | tok/sec: 515,935 | bf16_mfu: 46.41 | epoch: 1 | total time: 38.45m | eta: 120.6m
step 01062/04357 (24.37%) | loss: 2.934100 | lrm: 1.00 | dt: 2025.45ms | tok/sec: 517,700 | bf16_mfu: 46.56 | epoch: 1 | total time: 38.48m | eta: 120.5m
step 01063/04357 (24.40%) | loss: 2.920286 | lrm: 1.00 | dt: 2025.61ms | tok/sec: 517,659 | bf16_mfu: 46.56 | epoch: 1 | total time: 38.51m | eta: 120.5m
step 01064/04357 (24.42%) | loss: 2.916655 | lrm: 1.00 | dt: 2026.03ms | tok/sec: 517,553 | bf16_mfu: 46.55 | epoch: 1 | total time: 38.55m | eta: 120.4m
step 01065/04357 (24.44%) | loss: 2.926864 | lrm: 1.00 | dt: 2022.15ms | tok/sec: 518,546 | bf16_mfu: 46.64 | epoch: 1 | total time: 38.58m | eta: 120.4m
step 01066/04357 (24.47%) | loss: 2.937868 | lrm: 1.00 | dt: 2029.59ms | tok/sec: 516,645 | bf16_mfu: 46.47 | epoch: 1 | total time: 38.62m | eta: 120.3m
step 01067/04357 (24.49%) | loss: 2.935701 | lrm: 1.00 | dt: 2033.54ms | tok/sec: 515,641 | bf16_mfu: 46.38 | epoch: 1 | total time: 38.65m | eta: 120.3m
step 01068/04357 (24.51%) | loss: 2.939877 | lrm: 1.00 | dt: 2021.69ms | tok/sec: 518,664 | bf16_mfu: 46.65 | epoch: 1 | total time: 38.68m | eta: 120.3m
step 01069/04357 (24.54%) | loss: 2.958178 | lrm: 1.00 | dt: 2030.13ms | tok/sec: 516,506 | bf16_mfu: 46.46 | epoch: 1 | total time: 38.72m | eta: 120.2m
step 01070/04357 (24.56%) | loss: 2.964504 | lrm: 1.00 | dt: 2029.96ms | tok/sec: 516,549 | bf16_mfu: 46.46 | epoch: 1 | total time: 38.75m | eta: 120.2m
step 01071/04357 (24.58%) | loss: 2.958146 | lrm: 1.00 | dt: 2023.50ms | tok/sec: 518,200 | bf16_mfu: 46.61 | epoch: 1 | total time: 38.79m | eta: 120.1m
step 01072/04357 (24.60%) | loss: 2.954235 | lrm: 1.00 | dt: 2028.10ms | tok/sec: 517,023 | bf16_mfu: 46.50 | epoch: 1 | total time: 38.82m | eta: 120.1m
step 01073/04357 (24.63%) | loss: 2.951988 | lrm: 1.00 | dt: 2027.25ms | tok/sec: 517,239 | bf16_mfu: 46.52 | epoch: 1 | total time: 38.85m | eta: 120.0m
step 01074/04357 (24.65%) | loss: 2.953224 | lrm: 1.00 | dt: 2024.85ms | tok/sec: 517,853 | bf16_mfu: 46.58 | epoch: 1 | total time: 38.89m | eta: 120.0m
step 01075/04357 (24.67%) | loss: 2.957934 | lrm: 1.00 | dt: 2029.10ms | tok/sec: 516,769 | bf16_mfu: 46.48 | epoch: 1 | total time: 38.92m | eta: 119.9m
step 01076/04357 (24.70%) | loss: 2.964482 | lrm: 1.00 | dt: 2027.42ms | tok/sec: 517,196 | bf16_mfu: 46.52 | epoch: 1 | total time: 38.95m | eta: 119.9m
step 01077/04357 (24.72%) | loss: 2.973556 | lrm: 1.00 | dt: 2044.05ms | tok/sec: 512,989 | bf16_mfu: 46.14 | epoch: 1 | total time: 38.99m | eta: 119.9m
step 01078/04357 (24.74%) | loss: 2.963709 | lrm: 1.00 | dt: 2027.93ms | tok/sec: 517,066 | bf16_mfu: 46.51 | epoch: 1 | total time: 39.02m | eta: 119.8m
step 01079/04357 (24.76%) | loss: 2.966757 | lrm: 1.00 | dt: 2027.61ms | tok/sec: 517,147 | bf16_mfu: 46.52 | epoch: 1 | total time: 39.06m | eta: 119.8m
step 01080/04357 (24.79%) | loss: 2.950193 | lrm: 1.00 | dt: 2021.42ms | tok/sec: 518,733 | bf16_mfu: 46.66 | epoch: 1 | total time: 39.09m | eta: 119.7m
step 01081/04357 (24.81%) | loss: 2.948737 | lrm: 1.00 | dt: 2030.34ms | tok/sec: 516,454 | bf16_mfu: 46.45 | epoch: 1 | total time: 39.12m | eta: 119.7m
step 01082/04357 (24.83%) | loss: 2.951796 | lrm: 1.00 | dt: 2029.91ms | tok/sec: 516,562 | bf16_mfu: 46.46 | epoch: 1 | total time: 39.16m | eta: 119.6m
step 01083/04357 (24.86%) | loss: 2.948100 | lrm: 1.00 | dt: 2027.33ms | tok/sec: 517,221 | bf16_mfu: 46.52 | epoch: 1 | total time: 39.19m | eta: 119.6m
step 01084/04357 (24.88%) | loss: 2.944383 | lrm: 1.00 | dt: 2028.39ms | tok/sec: 516,948 | bf16_mfu: 46.50 | epoch: 1 | total time: 39.22m | eta: 119.5m
step 01085/04357 (24.90%) | loss: 2.941171 | lrm: 1.00 | dt: 2028.97ms | tok/sec: 516,801 | bf16_mfu: 46.48 | epoch: 1 | total time: 39.26m | eta: 119.5m
step 01086/04357 (24.93%) | loss: 2.938482 | lrm: 1.00 | dt: 2029.65ms | tok/sec: 516,627 | bf16_mfu: 46.47 | epoch: 1 | total time: 39.29m | eta: 119.4m
step 01087/04357 (24.95%) | loss: 2.954909 | lrm: 1.00 | dt: 2030.16ms | tok/sec: 516,500 | bf16_mfu: 46.46 | epoch: 1 | total time: 39.33m | eta: 119.4m
step 01088/04357 (24.97%) | loss: 2.956939 | lrm: 1.00 | dt: 2023.46ms | tok/sec: 518,209 | bf16_mfu: 46.61 | epoch: 1 | total time: 39.36m | eta: 119.4m
step 01089/04357 (24.99%) | loss: 2.950465 | lrm: 1.00 | dt: 2028.56ms | tok/sec: 516,906 | bf16_mfu: 46.49 | epoch: 1 | total time: 39.39m | eta: 119.3m
step 01090/04357 (25.02%) | loss: 2.949049 | lrm: 1.00 | dt: 2041.85ms | tok/sec: 513,541 | bf16_mfu: 46.19 | epoch: 1 | total time: 39.43m | eta: 119.3m
step 01091/04357 (25.04%) | loss: 2.953331 | lrm: 1.00 | dt: 2032.22ms | tok/sec: 515,975 | bf16_mfu: 46.41 | epoch: 1 | total time: 39.46m | eta: 119.2m
step 01092/04357 (25.06%) | loss: 2.959048 | lrm: 1.00 | dt: 2033.95ms | tok/sec: 515,536 | bf16_mfu: 46.37 | epoch: 1 | total time: 39.50m | eta: 119.2m
step 01093/04357 (25.09%) | loss: 2.963665 | lrm: 1.00 | dt: 2032.24ms | tok/sec: 515,969 | bf16_mfu: 46.41 | epoch: 1 | total time: 39.53m | eta: 119.1m
step 01094/04357 (25.11%) | loss: 2.954510 | lrm: 1.00 | dt: 2024.86ms | tok/sec: 517,850 | bf16_mfu: 46.58 | epoch: 1 | total time: 39.56m | eta: 119.1m
step 01095/04357 (25.13%) | loss: 2.960782 | lrm: 1.00 | dt: 2040.47ms | tok/sec: 513,889 | bf16_mfu: 46.22 | epoch: 1 | total time: 39.60m | eta: 119.0m
step 01096/04357 (25.15%) | loss: 2.955832 | lrm: 1.00 | dt: 2032.28ms | tok/sec: 515,961 | bf16_mfu: 46.41 | epoch: 1 | total time: 39.63m | eta: 119.0m
step 01097/04357 (25.18%) | loss: 2.952324 | lrm: 1.00 | dt: 2030.98ms | tok/sec: 516,291 | bf16_mfu: 46.44 | epoch: 1 | total time: 39.66m | eta: 119.0m
step 01098/04357 (25.20%) | loss: 2.953982 | lrm: 1.00 | dt: 2021.68ms | tok/sec: 518,665 | bf16_mfu: 46.65 | epoch: 1 | total time: 39.70m | eta: 118.9m
step 01099/04357 (25.22%) | loss: 2.963604 | lrm: 1.00 | dt: 2028.97ms | tok/sec: 516,801 | bf16_mfu: 46.48 | epoch: 1 | total time: 39.73m | eta: 118.9m
step 01100/04357 (25.25%) | loss: 2.954670 | lrm: 1.00 | dt: 2026.38ms | tok/sec: 517,462 | bf16_mfu: 46.54 | epoch: 1 | total time: 39.77m | eta: 118.8m
step 01101/04357 (25.27%) | loss: 2.951023 | lrm: 1.00 | dt: 2030.34ms | tok/sec: 516,453 | bf16_mfu: 46.45 | epoch: 1 | total time: 39.80m | eta: 118.8m
step 01102/04357 (25.29%) | loss: 2.940427 | lrm: 1.00 | dt: 2026.37ms | tok/sec: 517,466 | bf16_mfu: 46.54 | epoch: 1 | total time: 39.83m | eta: 118.7m
step 01103/04357 (25.32%) | loss: 2.940987 | lrm: 1.00 | dt: 2032.38ms | tok/sec: 515,935 | bf16_mfu: 46.41 | epoch: 1 | total time: 39.87m | eta: 118.7m
step 01104/04357 (25.34%) | loss: 2.945887 | lrm: 1.00 | dt: 2026.05ms | tok/sec: 517,547 | bf16_mfu: 46.55 | epoch: 1 | total time: 39.90m | eta: 118.6m
step 01105/04357 (25.36%) | loss: 2.941230 | lrm: 1.00 | dt: 2026.80ms | tok/sec: 517,355 | bf16_mfu: 46.53 | epoch: 1 | total time: 39.94m | eta: 118.6m
step 01106/04357 (25.38%) | loss: 2.944428 | lrm: 1.00 | dt: 2028.43ms | tok/sec: 516,938 | bf16_mfu: 46.50 | epoch: 1 | total time: 39.97m | eta: 118.6m
step 01107/04357 (25.41%) | loss: 2.944730 | lrm: 1.00 | dt: 2025.97ms | tok/sec: 517,568 | bf16_mfu: 46.55 | epoch: 1 | total time: 40.00m | eta: 118.5m
step 01108/04357 (25.43%) | loss: 2.953482 | lrm: 1.00 | dt: 2028.00ms | tok/sec: 517,050 | bf16_mfu: 46.51 | epoch: 1 | total time: 40.04m | eta: 118.5m
step 01109/04357 (25.45%) | loss: 2.950222 | lrm: 1.00 | dt: 2028.55ms | tok/sec: 516,907 | bf16_mfu: 46.49 | epoch: 1 | total time: 40.07m | eta: 118.4m
step 01110/04357 (25.48%) | loss: 2.942955 | lrm: 1.00 | dt: 2035.88ms | tok/sec: 515,047 | bf16_mfu: 46.33 | epoch: 1 | total time: 40.10m | eta: 118.4m
step 01111/04357 (25.50%) | loss: 2.939487 | lrm: 1.00 | dt: 2032.47ms | tok/sec: 515,912 | bf16_mfu: 46.40 | epoch: 1 | total time: 40.14m | eta: 118.3m
step 01112/04357 (25.52%) | loss: 2.950243 | lrm: 1.00 | dt: 2028.23ms | tok/sec: 516,991 | bf16_mfu: 46.50 | epoch: 1 | total time: 40.17m | eta: 118.3m
step 01113/04357 (25.55%) | loss: 2.961705 | lrm: 1.00 | dt: 2028.72ms | tok/sec: 516,866 | bf16_mfu: 46.49 | epoch: 1 | total time: 40.21m | eta: 118.2m
step 01114/04357 (25.57%) | loss: 2.971269 | lrm: 1.00 | dt: 2024.42ms | tok/sec: 517,963 | bf16_mfu: 46.59 | epoch: 1 | total time: 40.24m | eta: 118.2m
step 01115/04357 (25.59%) | loss: 2.971862 | lrm: 1.00 | dt: 2027.11ms | tok/sec: 517,276 | bf16_mfu: 46.53 | epoch: 1 | total time: 40.27m | eta: 118.2m
step 01116/04357 (25.61%) | loss: 2.982026 | lrm: 1.00 | dt: 2030.96ms | tok/sec: 516,296 | bf16_mfu: 46.44 | epoch: 1 | total time: 40.31m | eta: 118.1m
step 01117/04357 (25.64%) | loss: 2.974299 | lrm: 1.00 | dt: 2025.79ms | tok/sec: 517,612 | bf16_mfu: 46.56 | epoch: 1 | total time: 40.34m | eta: 118.1m
step 01118/04357 (25.66%) | loss: 2.984074 | lrm: 1.00 | dt: 2030.13ms | tok/sec: 516,506 | bf16_mfu: 46.46 | epoch: 1 | total time: 40.37m | eta: 118.0m
step 01119/04357 (25.68%) | loss: 2.986781 | lrm: 1.00 | dt: 2032.40ms | tok/sec: 515,930 | bf16_mfu: 46.41 | epoch: 1 | total time: 40.41m | eta: 118.0m
step 01120/04357 (25.71%) | loss: 2.985396 | lrm: 1.00 | dt: 2026.84ms | tok/sec: 517,344 | bf16_mfu: 46.53 | epoch: 1 | total time: 40.44m | eta: 117.9m
step 01121/04357 (25.73%) | loss: 2.984302 | lrm: 1.00 | dt: 2021.24ms | tok/sec: 518,778 | bf16_mfu: 46.66 | epoch: 1 | total time: 40.48m | eta: 117.9m
step 01122/04357 (25.75%) | loss: 2.983891 | lrm: 1.00 | dt: 2026.42ms | tok/sec: 517,452 | bf16_mfu: 46.54 | epoch: 1 | total time: 40.51m | eta: 117.9m
step 01123/04357 (25.77%) | loss: 2.994771 | lrm: 1.00 | dt: 2030.85ms | tok/sec: 516,323 | bf16_mfu: 46.44 | epoch: 1 | total time: 40.54m | eta: 117.8m
step 01124/04357 (25.80%) | loss: 2.996955 | lrm: 1.00 | dt: 2029.15ms | tok/sec: 516,756 | bf16_mfu: 46.48 | epoch: 1 | total time: 40.58m | eta: 117.8m
step 01125/04357 (25.82%) | loss: 2.983776 | lrm: 1.00 | dt: 2025.62ms | tok/sec: 517,657 | bf16_mfu: 46.56 | epoch: 1 | total time: 40.61m | eta: 117.7m
step 01126/04357 (25.84%) | loss: 2.983764 | lrm: 1.00 | dt: 2035.96ms | tok/sec: 515,028 | bf16_mfu: 46.32 | epoch: 1 | total time: 40.65m | eta: 117.7m
step 01127/04357 (25.87%) | loss: 2.990160 | lrm: 1.00 | dt: 2022.69ms | tok/sec: 518,406 | bf16_mfu: 46.63 | epoch: 1 | total time: 40.68m | eta: 117.6m
step 01128/04357 (25.89%) | loss: 2.983952 | lrm: 1.00 | dt: 2030.82ms | tok/sec: 516,330 | bf16_mfu: 46.44 | epoch: 1 | total time: 40.71m | eta: 117.6m
step 01129/04357 (25.91%) | loss: 2.985173 | lrm: 1.00 | dt: 2031.99ms | tok/sec: 516,033 | bf16_mfu: 46.42 | epoch: 1 | total time: 40.75m | eta: 117.5m
step 01130/04357 (25.94%) | loss: 2.976176 | lrm: 1.00 | dt: 2026.39ms | tok/sec: 517,459 | bf16_mfu: 46.54 | epoch: 1 | total time: 40.78m | eta: 117.5m
step 01131/04357 (25.96%) | loss: 2.986758 | lrm: 1.00 | dt: 2030.97ms | tok/sec: 516,294 | bf16_mfu: 46.44 | epoch: 1 | total time: 40.81m | eta: 117.5m
step 01132/04357 (25.98%) | loss: 2.981298 | lrm: 1.00 | dt: 2032.70ms | tok/sec: 515,853 | bf16_mfu: 46.40 | epoch: 1 | total time: 40.85m | eta: 117.4m
step 01133/04357 (26.00%) | loss: 2.970088 | lrm: 1.00 | dt: 2025.51ms | tok/sec: 517,686 | bf16_mfu: 46.56 | epoch: 1 | total time: 40.88m | eta: 117.4m
step 01134/04357 (26.03%) | loss: 2.961204 | lrm: 1.00 | dt: 2023.38ms | tok/sec: 518,230 | bf16_mfu: 46.61 | epoch: 1 | total time: 40.92m | eta: 117.3m
step 01135/04357 (26.05%) | loss: 2.963788 | lrm: 1.00 | dt: 2027.15ms | tok/sec: 517,264 | bf16_mfu: 46.53 | epoch: 1 | total time: 40.95m | eta: 117.3m
step 01136/04357 (26.07%) | loss: 2.964568 | lrm: 1.00 | dt: 2031.74ms | tok/sec: 516,098 | bf16_mfu: 46.42 | epoch: 1 | total time: 40.98m | eta: 117.2m
step 01137/04357 (26.10%) | loss: 2.959341 | lrm: 1.00 | dt: 2032.11ms | tok/sec: 516,004 | bf16_mfu: 46.41 | epoch: 1 | total time: 41.02m | eta: 117.2m
step 01138/04357 (26.12%) | loss: 2.962495 | lrm: 1.00 | dt: 2034.28ms | tok/sec: 515,453 | bf16_mfu: 46.36 | epoch: 1 | total time: 41.05m | eta: 117.1m
step 01139/04357 (26.14%) | loss: 2.961034 | lrm: 1.00 | dt: 2028.66ms | tok/sec: 516,879 | bf16_mfu: 46.49 | epoch: 1 | total time: 41.08m | eta: 117.1m
step 01140/04357 (26.16%) | loss: 2.959279 | lrm: 1.00 | dt: 2026.63ms | tok/sec: 517,399 | bf16_mfu: 46.54 | epoch: 1 | total time: 41.12m | eta: 117.1m
step 01141/04357 (26.19%) | loss: 2.960112 | lrm: 1.00 | dt: 2029.58ms | tok/sec: 516,647 | bf16_mfu: 46.47 | epoch: 1 | total time: 41.15m | eta: 117.0m
step 01142/04357 (26.21%) | loss: 2.959592 | lrm: 1.00 | dt: 2028.99ms | tok/sec: 516,796 | bf16_mfu: 46.48 | epoch: 1 | total time: 41.19m | eta: 117.0m
step 01143/04357 (26.23%) | loss: 2.943722 | lrm: 1.00 | dt: 2030.18ms | tok/sec: 516,493 | bf16_mfu: 46.46 | epoch: 1 | total time: 41.22m | eta: 116.9m
step 01144/04357 (26.26%) | loss: 2.946675 | lrm: 1.00 | dt: 2032.32ms | tok/sec: 515,950 | bf16_mfu: 46.41 | epoch: 1 | total time: 41.25m | eta: 116.9m
step 01145/04357 (26.28%) | loss: 2.957580 | lrm: 1.00 | dt: 2030.83ms | tok/sec: 516,329 | bf16_mfu: 46.44 | epoch: 1 | total time: 41.29m | eta: 116.8m
step 01146/04357 (26.30%) | loss: 2.945674 | lrm: 1.00 | dt: 2034.02ms | tok/sec: 515,520 | bf16_mfu: 46.37 | epoch: 1 | total time: 41.32m | eta: 116.8m
step 01147/04357 (26.33%) | loss: 2.936820 | lrm: 1.00 | dt: 2033.40ms | tok/sec: 515,675 | bf16_mfu: 46.38 | epoch: 1 | total time: 41.36m | eta: 116.8m
step 01148/04357 (26.35%) | loss: 2.936726 | lrm: 1.00 | dt: 2030.72ms | tok/sec: 516,357 | bf16_mfu: 46.44 | epoch: 1 | total time: 41.39m | eta: 116.7m
step 01149/04357 (26.37%) | loss: 2.952446 | lrm: 1.00 | dt: 2034.06ms | tok/sec: 515,507 | bf16_mfu: 46.37 | epoch: 1 | total time: 41.42m | eta: 116.7m
step 01150/04357 (26.39%) | loss: 2.949745 | lrm: 1.00 | dt: 2032.91ms | tok/sec: 515,800 | bf16_mfu: 46.39 | epoch: 1 | total time: 41.46m | eta: 116.6m
step 01151/04357 (26.42%) | loss: 2.953737 | lrm: 1.00 | dt: 2033.17ms | tok/sec: 515,733 | bf16_mfu: 46.39 | epoch: 1 | total time: 41.49m | eta: 116.6m
step 01152/04357 (26.44%) | loss: 2.945649 | lrm: 1.00 | dt: 2029.21ms | tok/sec: 516,742 | bf16_mfu: 46.48 | epoch: 1 | total time: 41.52m | eta: 116.5m
step 01153/04357 (26.46%) | loss: 2.937572 | lrm: 1.00 | dt: 2033.03ms | tok/sec: 515,770 | bf16_mfu: 46.39 | epoch: 1 | total time: 41.56m | eta: 116.5m
step 01154/04357 (26.49%) | loss: 2.933952 | lrm: 1.00 | dt: 2031.92ms | tok/sec: 516,052 | bf16_mfu: 46.42 | epoch: 1 | total time: 41.59m | eta: 116.5m
step 01155/04357 (26.51%) | loss: 2.945868 | lrm: 1.00 | dt: 2027.68ms | tok/sec: 517,131 | bf16_mfu: 46.51 | epoch: 1 | total time: 41.63m | eta: 116.4m
step 01156/04357 (26.53%) | loss: 2.945662 | lrm: 1.00 | dt: 2032.33ms | tok/sec: 515,948 | bf16_mfu: 46.41 | epoch: 1 | total time: 41.66m | eta: 116.4m
step 01157/04357 (26.55%) | loss: 2.935884 | lrm: 1.00 | dt: 2035.15ms | tok/sec: 515,232 | bf16_mfu: 46.34 | epoch: 1 | total time: 41.69m | eta: 116.3m
step 01158/04357 (26.58%) | loss: 2.930866 | lrm: 1.00 | dt: 2031.01ms | tok/sec: 516,284 | bf16_mfu: 46.44 | epoch: 1 | total time: 41.73m | eta: 116.3m
step 01159/04357 (26.60%) | loss: 2.935418 | lrm: 1.00 | dt: 2031.47ms | tok/sec: 516,165 | bf16_mfu: 46.43 | epoch: 1 | total time: 41.76m | eta: 116.2m
step 01160/04357 (26.62%) | loss: 2.943022 | lrm: 1.00 | dt: 2033.34ms | tok/sec: 515,690 | bf16_mfu: 46.38 | epoch: 1 | total time: 41.80m | eta: 116.2m
step 01161/04357 (26.65%) | loss: 2.947391 | lrm: 1.00 | dt: 2030.54ms | tok/sec: 516,403 | bf16_mfu: 46.45 | epoch: 1 | total time: 41.83m | eta: 116.1m
step 01162/04357 (26.67%) | loss: 2.946378 | lrm: 1.00 | dt: 2032.61ms | tok/sec: 515,875 | bf16_mfu: 46.40 | epoch: 1 | total time: 41.86m | eta: 116.1m
step 01163/04357 (26.69%) | loss: 2.937326 | lrm: 1.00 | dt: 2031.89ms | tok/sec: 516,058 | bf16_mfu: 46.42 | epoch: 1 | total time: 41.90m | eta: 116.1m
step 01164/04357 (26.72%) | loss: 2.954654 | lrm: 1.00 | dt: 2029.54ms | tok/sec: 516,656 | bf16_mfu: 46.47 | epoch: 1 | total time: 41.93m | eta: 116.0m
step 01165/04357 (26.74%) | loss: 2.945859 | lrm: 1.00 | dt: 2029.61ms | tok/sec: 516,640 | bf16_mfu: 46.47 | epoch: 1 | total time: 41.97m | eta: 116.0m
step 01166/04357 (26.76%) | loss: 2.949339 | lrm: 1.00 | dt: 2034.48ms | tok/sec: 515,402 | bf16_mfu: 46.36 | epoch: 1 | total time: 42.00m | eta: 115.9m
step 01167/04357 (26.78%) | loss: 2.936127 | lrm: 1.00 | dt: 2031.04ms | tok/sec: 516,276 | bf16_mfu: 46.44 | epoch: 1 | total time: 42.03m | eta: 115.9m
step 01168/04357 (26.81%) | loss: 2.940988 | lrm: 1.00 | dt: 2031.90ms | tok/sec: 516,056 | bf16_mfu: 46.42 | epoch: 1 | total time: 42.07m | eta: 115.8m
step 01169/04357 (26.83%) | loss: 2.936813 | lrm: 1.00 | dt: 2034.33ms | tok/sec: 515,440 | bf16_mfu: 46.36 | epoch: 1 | total time: 42.10m | eta: 115.8m
step 01170/04357 (26.85%) | loss: 2.932648 | lrm: 1.00 | dt: 2027.19ms | tok/sec: 517,255 | bf16_mfu: 46.52 | epoch: 1 | total time: 42.13m | eta: 115.8m
step 01171/04357 (26.88%) | loss: 2.934296 | lrm: 1.00 | dt: 2033.08ms | tok/sec: 515,756 | bf16_mfu: 46.39 | epoch: 1 | total time: 42.17m | eta: 115.7m
step 01172/04357 (26.90%) | loss: 2.931961 | lrm: 1.00 | dt: 2032.30ms | tok/sec: 515,954 | bf16_mfu: 46.41 | epoch: 1 | total time: 42.20m | eta: 115.7m
step 01173/04357 (26.92%) | loss: 2.935698 | lrm: 1.00 | dt: 2032.54ms | tok/sec: 515,893 | bf16_mfu: 46.40 | epoch: 1 | total time: 42.24m | eta: 115.6m
step 01174/04357 (26.95%) | loss: 2.931659 | lrm: 1.00 | dt: 2032.02ms | tok/sec: 516,027 | bf16_mfu: 46.41 | epoch: 1 | total time: 42.27m | eta: 115.6m
step 01175/04357 (26.97%) | loss: 2.938858 | lrm: 1.00 | dt: 2036.39ms | tok/sec: 514,919 | bf16_mfu: 46.31 | epoch: 1 | total time: 42.30m | eta: 115.5m
step 01176/04357 (26.99%) | loss: 2.937249 | lrm: 1.00 | dt: 2029.86ms | tok/sec: 516,576 | bf16_mfu: 46.46 | epoch: 1 | total time: 42.34m | eta: 115.5m
step 01177/04357 (27.01%) | loss: 2.953157 | lrm: 1.00 | dt: 2031.62ms | tok/sec: 516,128 | bf16_mfu: 46.42 | epoch: 1 | total time: 42.37m | eta: 115.5m
step 01178/04357 (27.04%) | loss: 2.950171 | lrm: 1.00 | dt: 2030.41ms | tok/sec: 516,436 | bf16_mfu: 46.45 | epoch: 1 | total time: 42.41m | eta: 115.4m
step 01179/04357 (27.06%) | loss: 2.947221 | lrm: 1.00 | dt: 2029.90ms | tok/sec: 516,566 | bf16_mfu: 46.46 | epoch: 1 | total time: 42.44m | eta: 115.4m
step 01180/04357 (27.08%) | loss: 2.960271 | lrm: 1.00 | dt: 2033.59ms | tok/sec: 515,627 | bf16_mfu: 46.38 | epoch: 1 | total time: 42.47m | eta: 115.3m
step 01181/04357 (27.11%) | loss: 2.954132 | lrm: 1.00 | dt: 2036.82ms | tok/sec: 514,811 | bf16_mfu: 46.31 | epoch: 1 | total time: 42.51m | eta: 115.3m
step 01182/04357 (27.13%) | loss: 2.943511 | lrm: 1.00 | dt: 2039.54ms | tok/sec: 514,124 | bf16_mfu: 46.24 | epoch: 1 | total time: 42.54m | eta: 115.2m
step 01183/04357 (27.15%) | loss: 2.947877 | lrm: 1.00 | dt: 2029.68ms | tok/sec: 516,620 | bf16_mfu: 46.47 | epoch: 1 | total time: 42.57m | eta: 115.2m
step 01184/04357 (27.17%) | loss: 2.949691 | lrm: 1.00 | dt: 2032.21ms | tok/sec: 515,977 | bf16_mfu: 46.41 | epoch: 1 | total time: 42.61m | eta: 115.2m
step 01185/04357 (27.20%) | loss: 2.948492 | lrm: 1.00 | dt: 2027.62ms | tok/sec: 517,145 | bf16_mfu: 46.52 | epoch: 1 | total time: 42.64m | eta: 115.1m
step 01186/04357 (27.22%) | loss: 2.951601 | lrm: 1.00 | dt: 2035.31ms | tok/sec: 515,192 | bf16_mfu: 46.34 | epoch: 1 | total time: 42.68m | eta: 115.1m
step 01187/04357 (27.24%) | loss: 2.943342 | lrm: 1.00 | dt: 2025.32ms | tok/sec: 517,732 | bf16_mfu: 46.57 | epoch: 1 | total time: 42.71m | eta: 115.0m
step 01188/04357 (27.27%) | loss: 2.941910 | lrm: 1.00 | dt: 2037.48ms | tok/sec: 514,644 | bf16_mfu: 46.29 | epoch: 1 | total time: 42.74m | eta: 115.0m
step 01189/04357 (27.29%) | loss: 2.941914 | lrm: 1.00 | dt: 2029.72ms | tok/sec: 516,611 | bf16_mfu: 46.47 | epoch: 1 | total time: 42.78m | eta: 114.9m
step 01190/04357 (27.31%) | loss: 2.952591 | lrm: 1.00 | dt: 2038.57ms | tok/sec: 514,367 | bf16_mfu: 46.27 | epoch: 1 | total time: 42.81m | eta: 114.9m
step 01191/04357 (27.34%) | loss: 2.950453 | lrm: 1.00 | dt: 2032.66ms | tok/sec: 515,862 | bf16_mfu: 46.40 | epoch: 1 | total time: 42.85m | eta: 114.9m
step 01192/04357 (27.36%) | loss: 2.953118 | lrm: 1.00 | dt: 2032.02ms | tok/sec: 516,026 | bf16_mfu: 46.41 | epoch: 1 | total time: 42.88m | eta: 114.8m
step 01193/04357 (27.38%) | loss: 2.953090 | lrm: 1.00 | dt: 2034.63ms | tok/sec: 515,363 | bf16_mfu: 46.35 | epoch: 1 | total time: 42.91m | eta: 114.8m
step 01194/04357 (27.40%) | loss: 2.950681 | lrm: 1.00 | dt: 2028.34ms | tok/sec: 516,962 | bf16_mfu: 46.50 | epoch: 1 | total time: 42.95m | eta: 114.7m
step 01195/04357 (27.43%) | loss: 2.942037 | lrm: 1.00 | dt: 2031.54ms | tok/sec: 516,147 | bf16_mfu: 46.43 | epoch: 1 | total time: 42.98m | eta: 114.7m
step 01196/04357 (27.45%) | loss: 2.942055 | lrm: 1.00 | dt: 2033.47ms | tok/sec: 515,658 | bf16_mfu: 46.38 | epoch: 1 | total time: 43.02m | eta: 114.6m
step 01197/04357 (27.47%) | loss: 2.931714 | lrm: 1.00 | dt: 2036.61ms | tok/sec: 514,863 | bf16_mfu: 46.31 | epoch: 1 | total time: 43.05m | eta: 114.6m
step 01198/04357 (27.50%) | loss: 2.934240 | lrm: 1.00 | dt: 2036.17ms | tok/sec: 514,973 | bf16_mfu: 46.32 | epoch: 1 | total time: 43.08m | eta: 114.6m
step 01199/04357 (27.52%) | loss: 2.943396 | lrm: 1.00 | dt: 2037.29ms | tok/sec: 514,690 | bf16_mfu: 46.29 | epoch: 1 | total time: 43.12m | eta: 114.5m
step 01200/04357 (27.54%) | loss: 2.930349 | lrm: 1.00 | dt: 2032.29ms | tok/sec: 515,957 | bf16_mfu: 46.41 | epoch: 1 | total time: 43.15m | eta: 114.5m
step 01201/04357 (27.56%) | loss: 2.936880 | lrm: 1.00 | dt: 2036.05ms | tok/sec: 515,004 | bf16_mfu: 46.32 | epoch: 1 | total time: 43.18m | eta: 114.4m
step 01202/04357 (27.59%) | loss: 2.933337 | lrm: 1.00 | dt: 2033.86ms | tok/sec: 515,560 | bf16_mfu: 46.37 | epoch: 1 | total time: 43.22m | eta: 114.4m
step 01203/04357 (27.61%) | loss: 2.930695 | lrm: 1.00 | dt: 2030.67ms | tok/sec: 516,369 | bf16_mfu: 46.45 | epoch: 1 | total time: 43.25m | eta: 114.3m
step 01204/04357 (27.63%) | loss: 2.937969 | lrm: 1.00 | dt: 2039.73ms | tok/sec: 514,075 | bf16_mfu: 46.24 | epoch: 1 | total time: 43.29m | eta: 114.3m
step 01205/04357 (27.66%) | loss: 2.932724 | lrm: 1.00 | dt: 2030.60ms | tok/sec: 516,386 | bf16_mfu: 46.45 | epoch: 1 | total time: 43.32m | eta: 114.3m
step 01206/04357 (27.68%) | loss: 2.922885 | lrm: 1.00 | dt: 2034.63ms | tok/sec: 515,364 | bf16_mfu: 46.35 | epoch: 1 | total time: 43.35m | eta: 114.2m
step 01207/04357 (27.70%) | loss: 2.916343 | lrm: 1.00 | dt: 2035.77ms | tok/sec: 515,076 | bf16_mfu: 46.33 | epoch: 1 | total time: 43.39m | eta: 114.2m
step 01208/04357 (27.73%) | loss: 2.916480 | lrm: 1.00 | dt: 2036.10ms | tok/sec: 514,993 | bf16_mfu: 46.32 | epoch: 1 | total time: 43.42m | eta: 114.1m
step 01209/04357 (27.75%) | loss: 2.904004 | lrm: 1.00 | dt: 2034.91ms | tok/sec: 515,293 | bf16_mfu: 46.35 | epoch: 1 | total time: 43.46m | eta: 114.1m
step 01210/04357 (27.77%) | loss: 2.918065 | lrm: 1.00 | dt: 2032.55ms | tok/sec: 515,890 | bf16_mfu: 46.40 | epoch: 1 | total time: 43.49m | eta: 114.1m
step 01211/04357 (27.79%) | loss: 2.924820 | lrm: 1.00 | dt: 2032.54ms | tok/sec: 515,893 | bf16_mfu: 46.40 | epoch: 1 | total time: 43.52m | eta: 114.0m
step 01212/04357 (27.82%) | loss: 2.934446 | lrm: 1.00 | dt: 2033.09ms | tok/sec: 515,754 | bf16_mfu: 46.39 | epoch: 1 | total time: 43.56m | eta: 114.0m
step 01213/04357 (27.84%) | loss: 2.927776 | lrm: 1.00 | dt: 2035.03ms | tok/sec: 515,262 | bf16_mfu: 46.35 | epoch: 1 | total time: 43.59m | eta: 113.9m
step 01214/04357 (27.86%) | loss: 2.923429 | lrm: 1.00 | dt: 2034.72ms | tok/sec: 515,340 | bf16_mfu: 46.35 | epoch: 1 | total time: 43.63m | eta: 113.9m
step 01215/04357 (27.89%) | loss: 2.921012 | lrm: 1.00 | dt: 2034.17ms | tok/sec: 515,480 | bf16_mfu: 46.37 | epoch: 1 | total time: 43.66m | eta: 113.8m
step 01216/04357 (27.91%) | loss: 2.923466 | lrm: 1.00 | dt: 2035.27ms | tok/sec: 515,202 | bf16_mfu: 46.34 | epoch: 1 | total time: 43.69m | eta: 113.8m
step 01217/04357 (27.93%) | loss: 2.922962 | lrm: 1.00 | dt: 2032.69ms | tok/sec: 515,857 | bf16_mfu: 46.40 | epoch: 1 | total time: 43.73m | eta: 113.8m
step 01218/04357 (27.96%) | loss: 2.927115 | lrm: 1.00 | dt: 2033.42ms | tok/sec: 515,671 | bf16_mfu: 46.38 | epoch: 1 | total time: 43.76m | eta: 113.7m
step 01219/04357 (27.98%) | loss: 2.934181 | lrm: 1.00 | dt: 2036.36ms | tok/sec: 514,925 | bf16_mfu: 46.32 | epoch: 1 | total time: 43.80m | eta: 113.7m
step 01220/04357 (28.00%) | loss: 2.924126 | lrm: 1.00 | dt: 2033.72ms | tok/sec: 515,595 | bf16_mfu: 46.38 | epoch: 1 | total time: 43.83m | eta: 113.6m
step 01221/04357 (28.02%) | loss: 2.925736 | lrm: 1.00 | dt: 2036.20ms | tok/sec: 514,966 | bf16_mfu: 46.32 | epoch: 1 | total time: 43.86m | eta: 113.6m
step 01222/04357 (28.05%) | loss: 2.922223 | lrm: 1.00 | dt: 2029.53ms | tok/sec: 516,659 | bf16_mfu: 46.47 | epoch: 1 | total time: 43.90m | eta: 113.5m
step 01223/04357 (28.07%) | loss: 2.917697 | lrm: 1.00 | dt: 2031.79ms | tok/sec: 516,083 | bf16_mfu: 46.42 | epoch: 1 | total time: 43.93m | eta: 113.5m
step 01224/04357 (28.09%) | loss: 2.924180 | lrm: 1.00 | dt: 2030.43ms | tok/sec: 516,431 | bf16_mfu: 46.45 | epoch: 1 | total time: 43.96m | eta: 113.5m
step 01225/04357 (28.12%) | loss: 2.927788 | lrm: 1.00 | dt: 2035.46ms | tok/sec: 515,154 | bf16_mfu: 46.34 | epoch: 1 | total time: 44.00m | eta: 113.4m
step 01226/04357 (28.14%) | loss: 2.917411 | lrm: 1.00 | dt: 2034.01ms | tok/sec: 515,521 | bf16_mfu: 46.37 | epoch: 1 | total time: 44.03m | eta: 113.4m
step 01227/04357 (28.16%) | loss: 2.925580 | lrm: 1.00 | dt: 2037.80ms | tok/sec: 514,562 | bf16_mfu: 46.28 | epoch: 1 | total time: 44.07m | eta: 113.3m
step 01228/04357 (28.18%) | loss: 2.920399 | lrm: 1.00 | dt: 2030.39ms | tok/sec: 516,440 | bf16_mfu: 46.45 | epoch: 1 | total time: 44.10m | eta: 113.3m
step 01229/04357 (28.21%) | loss: 2.932735 | lrm: 1.00 | dt: 2035.15ms | tok/sec: 515,232 | bf16_mfu: 46.34 | epoch: 1 | total time: 44.13m | eta: 113.2m
step 01230/04357 (28.23%) | loss: 2.932185 | lrm: 1.00 | dt: 2025.96ms | tok/sec: 517,570 | bf16_mfu: 46.55 | epoch: 1 | total time: 44.17m | eta: 113.2m
step 01231/04357 (28.25%) | loss: 2.918767 | lrm: 1.00 | dt: 2032.50ms | tok/sec: 515,905 | bf16_mfu: 46.40 | epoch: 1 | total time: 44.20m | eta: 113.2m
step 01232/04357 (28.28%) | loss: 2.915834 | lrm: 1.00 | dt: 2032.20ms | tok/sec: 515,981 | bf16_mfu: 46.41 | epoch: 1 | total time: 44.24m | eta: 113.1m
step 01233/04357 (28.30%) | loss: 2.918656 | lrm: 1.00 | dt: 2035.67ms | tok/sec: 515,102 | bf16_mfu: 46.33 | epoch: 1 | total time: 44.27m | eta: 113.1m
step 01234/04357 (28.32%) | loss: 2.920626 | lrm: 1.00 | dt: 2033.99ms | tok/sec: 515,525 | bf16_mfu: 46.37 | epoch: 1 | total time: 44.30m | eta: 113.0m
step 01235/04357 (28.35%) | loss: 2.924402 | lrm: 1.00 | dt: 2034.61ms | tok/sec: 515,368 | bf16_mfu: 46.36 | epoch: 1 | total time: 44.34m | eta: 113.0m
step 01236/04357 (28.37%) | loss: 2.919613 | lrm: 1.00 | dt: 2034.70ms | tok/sec: 515,347 | bf16_mfu: 46.35 | epoch: 1 | total time: 44.37m | eta: 113.0m
step 01237/04357 (28.39%) | loss: 2.921976 | lrm: 1.00 | dt: 2034.62ms | tok/sec: 515,365 | bf16_mfu: 46.35 | epoch: 1 | total time: 44.41m | eta: 112.9m
step 01238/04357 (28.41%) | loss: 2.922156 | lrm: 1.00 | dt: 2036.95ms | tok/sec: 514,776 | bf16_mfu: 46.30 | epoch: 1 | total time: 44.44m | eta: 112.9m
step 01239/04357 (28.44%) | loss: 2.919863 | lrm: 1.00 | dt: 2036.60ms | tok/sec: 514,865 | bf16_mfu: 46.31 | epoch: 1 | total time: 44.47m | eta: 112.8m
step 01240/04357 (28.46%) | loss: 2.921319 | lrm: 1.00 | dt: 2038.93ms | tok/sec: 514,278 | bf16_mfu: 46.26 | epoch: 1 | total time: 44.51m | eta: 112.8m
step 01241/04357 (28.48%) | loss: 2.925105 | lrm: 1.00 | dt: 2030.38ms | tok/sec: 516,444 | bf16_mfu: 46.45 | epoch: 1 | total time: 44.54m | eta: 112.7m
step 01242/04357 (28.51%) | loss: 2.935044 | lrm: 1.00 | dt: 2033.80ms | tok/sec: 515,575 | bf16_mfu: 46.37 | epoch: 1 | total time: 44.57m | eta: 112.7m
step 01243/04357 (28.53%) | loss: 2.936150 | lrm: 1.00 | dt: 2035.21ms | tok/sec: 515,217 | bf16_mfu: 46.34 | epoch: 1 | total time: 44.61m | eta: 112.7m
step 01244/04357 (28.55%) | loss: 2.937057 | lrm: 1.00 | dt: 2033.13ms | tok/sec: 515,745 | bf16_mfu: 46.39 | epoch: 1 | total time: 44.64m | eta: 112.6m
step 01245/04357 (28.57%) | loss: 2.932727 | lrm: 1.00 | dt: 2045.09ms | tok/sec: 512,729 | bf16_mfu: 46.12 | epoch: 1 | total time: 44.68m | eta: 112.6m
step 01246/04357 (28.60%) | loss: 2.944150 | lrm: 1.00 | dt: 2034.61ms | tok/sec: 515,369 | bf16_mfu: 46.36 | epoch: 1 | total time: 44.71m | eta: 112.5m
step 01247/04357 (28.62%) | loss: 2.954845 | lrm: 1.00 | dt: 2030.05ms | tok/sec: 516,526 | bf16_mfu: 46.46 | epoch: 1 | total time: 44.74m | eta: 112.5m
step 01248/04357 (28.64%) | loss: 2.953704 | lrm: 1.00 | dt: 2037.11ms | tok/sec: 514,738 | bf16_mfu: 46.30 | epoch: 1 | total time: 44.78m | eta: 112.5m
step 01249/04357 (28.67%) | loss: 2.952452 | lrm: 1.00 | dt: 2037.36ms | tok/sec: 514,674 | bf16_mfu: 46.29 | epoch: 1 | total time: 44.81m | eta: 112.4m
Step 01250 | Validation bpb: 0.888982
step 01250/04357 (28.69%) | loss: 2.950742 | lrm: 1.00 | dt: 35625.77ms | tok/sec: 29,433 | bf16_mfu: 2.65 | epoch: 1 | total time: 45.41m | eta: 113.8m
step 01251/04357 (28.71%) | loss: 2.965805 | lrm: 1.00 | dt: 1977.69ms | tok/sec: 530,201 | bf16_mfu: 47.69 | epoch: 1 | total time: 45.44m | eta: 113.7m
step 01252/04357 (28.74%) | loss: 2.951507 | lrm: 1.00 | dt: 1990.31ms | tok/sec: 526,840 | bf16_mfu: 47.39 | epoch: 1 | total time: 45.47m | eta: 113.7m
step 01253/04357 (28.76%) | loss: 2.949732 | lrm: 1.00 | dt: 2001.51ms | tok/sec: 523,891 | bf16_mfu: 47.12 | epoch: 1 | total time: 45.51m | eta: 113.6m
step 01254/04357 (28.78%) | loss: 2.946524 | lrm: 1.00 | dt: 1983.75ms | tok/sec: 528,582 | bf16_mfu: 47.54 | epoch: 1 | total time: 45.54m | eta: 113.6m
step 01255/04357 (28.80%) | loss: 2.945959 | lrm: 1.00 | dt: 1990.78ms | tok/sec: 526,717 | bf16_mfu: 47.38 | epoch: 1 | total time: 45.57m | eta: 113.5m
step 01256/04357 (28.83%) | loss: 2.962280 | lrm: 1.00 | dt: 1989.15ms | tok/sec: 527,147 | bf16_mfu: 47.41 | epoch: 1 | total time: 45.60m | eta: 113.5m
step 01257/04357 (28.85%) | loss: 2.958200 | lrm: 1.00 | dt: 1989.56ms | tok/sec: 527,038 | bf16_mfu: 47.40 | epoch: 1 | total time: 45.64m | eta: 113.5m
step 01258/04357 (28.87%) | loss: 2.965514 | lrm: 1.00 | dt: 1988.96ms | tok/sec: 527,197 | bf16_mfu: 47.42 | epoch: 1 | total time: 45.67m | eta: 113.4m
step 01259/04357 (28.90%) | loss: 2.949704 | lrm: 1.00 | dt: 1988.34ms | tok/sec: 527,361 | bf16_mfu: 47.43 | epoch: 1 | total time: 45.70m | eta: 113.4m
step 01260/04357 (28.92%) | loss: 2.942839 | lrm: 1.00 | dt: 1993.38ms | tok/sec: 526,027 | bf16_mfu: 47.31 | epoch: 1 | total time: 45.74m | eta: 113.3m
step 01261/04357 (28.94%) | loss: 2.951888 | lrm: 1.00 | dt: 1990.52ms | tok/sec: 526,784 | bf16_mfu: 47.38 | epoch: 1 | total time: 45.77m | eta: 113.3m
step 01262/04357 (28.96%) | loss: 2.949575 | lrm: 1.00 | dt: 2002.34ms | tok/sec: 523,676 | bf16_mfu: 47.10 | epoch: 1 | total time: 45.80m | eta: 113.2m
step 01263/04357 (28.99%) | loss: 2.947408 | lrm: 1.00 | dt: 1995.91ms | tok/sec: 525,362 | bf16_mfu: 47.25 | epoch: 1 | total time: 45.84m | eta: 113.2m
step 01264/04357 (29.01%) | loss: 2.956668 | lrm: 1.00 | dt: 1993.72ms | tok/sec: 525,939 | bf16_mfu: 47.31 | epoch: 1 | total time: 45.87m | eta: 113.1m
step 01265/04357 (29.03%) | loss: 2.967027 | lrm: 1.00 | dt: 1998.13ms | tok/sec: 524,779 | bf16_mfu: 47.20 | epoch: 1 | total time: 45.90m | eta: 113.1m
step 01266/04357 (29.06%) | loss: 2.961084 | lrm: 1.00 | dt: 2000.31ms | tok/sec: 524,205 | bf16_mfu: 47.15 | epoch: 1 | total time: 45.94m | eta: 113.1m
step 01267/04357 (29.08%) | loss: 2.947940 | lrm: 1.00 | dt: 2001.19ms | tok/sec: 523,975 | bf16_mfu: 47.13 | epoch: 1 | total time: 45.97m | eta: 113.0m
step 01268/04357 (29.10%) | loss: 2.948616 | lrm: 1.00 | dt: 2002.48ms | tok/sec: 523,639 | bf16_mfu: 47.10 | epoch: 1 | total time: 46.00m | eta: 113.0m
step 01269/04357 (29.13%) | loss: 2.958014 | lrm: 1.00 | dt: 2003.41ms | tok/sec: 523,396 | bf16_mfu: 47.08 | epoch: 1 | total time: 46.04m | eta: 112.9m
step 01270/04357 (29.15%) | loss: 2.967865 | lrm: 1.00 | dt: 2003.89ms | tok/sec: 523,269 | bf16_mfu: 47.07 | epoch: 1 | total time: 46.07m | eta: 112.9m
step 01271/04357 (29.17%) | loss: 2.958984 | lrm: 1.00 | dt: 2002.80ms | tok/sec: 523,555 | bf16_mfu: 47.09 | epoch: 1 | total time: 46.10m | eta: 112.8m
step 01272/04357 (29.19%) | loss: 2.959432 | lrm: 1.00 | dt: 2007.62ms | tok/sec: 522,298 | bf16_mfu: 46.98 | epoch: 1 | total time: 46.14m | eta: 112.8m
step 01273/04357 (29.22%) | loss: 2.949435 | lrm: 1.00 | dt: 2008.87ms | tok/sec: 521,972 | bf16_mfu: 46.95 | epoch: 1 | total time: 46.17m | eta: 112.7m
step 01274/04357 (29.24%) | loss: 2.970105 | lrm: 1.00 | dt: 2007.64ms | tok/sec: 522,293 | bf16_mfu: 46.98 | epoch: 1 | total time: 46.20m | eta: 112.7m
step 01275/04357 (29.26%) | loss: 2.960551 | lrm: 1.00 | dt: 2008.93ms | tok/sec: 521,958 | bf16_mfu: 46.95 | epoch: 1 | total time: 46.24m | eta: 112.7m
step 01276/04357 (29.29%) | loss: 2.969518 | lrm: 1.00 | dt: 2011.34ms | tok/sec: 521,331 | bf16_mfu: 46.89 | epoch: 1 | total time: 46.27m | eta: 112.6m
step 01277/04357 (29.31%) | loss: 2.959397 | lrm: 1.00 | dt: 2009.93ms | tok/sec: 521,697 | bf16_mfu: 46.92 | epoch: 1 | total time: 46.31m | eta: 112.6m
step 01278/04357 (29.33%) | loss: 2.950869 | lrm: 1.00 | dt: 2011.54ms | tok/sec: 521,280 | bf16_mfu: 46.89 | epoch: 1 | total time: 46.34m | eta: 112.5m
step 01279/04357 (29.36%) | loss: 2.934267 | lrm: 1.00 | dt: 2016.88ms | tok/sec: 519,899 | bf16_mfu: 46.76 | epoch: 1 | total time: 46.37m | eta: 112.5m
step 01280/04357 (29.38%) | loss: 2.928166 | lrm: 1.00 | dt: 2013.69ms | tok/sec: 520,724 | bf16_mfu: 46.84 | epoch: 1 | total time: 46.41m | eta: 112.4m
step 01281/04357 (29.40%) | loss: 2.930575 | lrm: 1.00 | dt: 2013.67ms | tok/sec: 520,727 | bf16_mfu: 46.84 | epoch: 1 | total time: 46.44m | eta: 112.4m
step 01282/04357 (29.42%) | loss: 2.930790 | lrm: 1.00 | dt: 2015.62ms | tok/sec: 520,224 | bf16_mfu: 46.79 | epoch: 1 | total time: 46.47m | eta: 112.3m
step 01283/04357 (29.45%) | loss: 2.909028 | lrm: 1.00 | dt: 2020.98ms | tok/sec: 518,845 | bf16_mfu: 46.67 | epoch: 1 | total time: 46.51m | eta: 112.3m
step 01284/04357 (29.47%) | loss: 2.903430 | lrm: 1.00 | dt: 2020.24ms | tok/sec: 519,036 | bf16_mfu: 46.69 | epoch: 1 | total time: 46.54m | eta: 112.3m
step 01285/04357 (29.49%) | loss: 2.907050 | lrm: 1.00 | dt: 2018.68ms | tok/sec: 519,437 | bf16_mfu: 46.72 | epoch: 1 | total time: 46.57m | eta: 112.2m
step 01286/04357 (29.52%) | loss: 2.906211 | lrm: 1.00 | dt: 2023.83ms | tok/sec: 518,114 | bf16_mfu: 46.60 | epoch: 1 | total time: 46.61m | eta: 112.2m
step 01287/04357 (29.54%) | loss: 2.898793 | lrm: 1.00 | dt: 2018.87ms | tok/sec: 519,387 | bf16_mfu: 46.72 | epoch: 1 | total time: 46.64m | eta: 112.1m
step 01288/04357 (29.56%) | loss: 2.904751 | lrm: 1.00 | dt: 2024.92ms | tok/sec: 517,836 | bf16_mfu: 46.58 | epoch: 1 | total time: 46.68m | eta: 112.1m
step 01289/04357 (29.58%) | loss: 2.898298 | lrm: 1.00 | dt: 2023.32ms | tok/sec: 518,244 | bf16_mfu: 46.61 | epoch: 1 | total time: 46.71m | eta: 112.0m
step 01290/04357 (29.61%) | loss: 2.915408 | lrm: 1.00 | dt: 2023.29ms | tok/sec: 518,253 | bf16_mfu: 46.61 | epoch: 1 | total time: 46.74m | eta: 112.0m
step 01291/04357 (29.63%) | loss: 2.917845 | lrm: 1.00 | dt: 2037.72ms | tok/sec: 514,582 | bf16_mfu: 46.28 | epoch: 1 | total time: 46.78m | eta: 112.0m
step 01292/04357 (29.65%) | loss: 2.915471 | lrm: 1.00 | dt: 2023.28ms | tok/sec: 518,256 | bf16_mfu: 46.61 | epoch: 1 | total time: 46.81m | eta: 111.9m
step 01293/04357 (29.68%) | loss: 2.909768 | lrm: 1.00 | dt: 2019.04ms | tok/sec: 519,342 | bf16_mfu: 46.71 | epoch: 1 | total time: 46.84m | eta: 111.9m
step 01294/04357 (29.70%) | loss: 2.914763 | lrm: 1.00 | dt: 2016.15ms | tok/sec: 520,088 | bf16_mfu: 46.78 | epoch: 1 | total time: 46.88m | eta: 111.8m
step 01295/04357 (29.72%) | loss: 2.915691 | lrm: 1.00 | dt: 2023.87ms | tok/sec: 518,104 | bf16_mfu: 46.60 | epoch: 1 | total time: 46.91m | eta: 111.8m
step 01296/04357 (29.75%) | loss: 2.924865 | lrm: 1.00 | dt: 2025.29ms | tok/sec: 517,741 | bf16_mfu: 46.57 | epoch: 1 | total time: 46.94m | eta: 111.7m
step 01297/04357 (29.77%) | loss: 2.922557 | lrm: 1.00 | dt: 2029.51ms | tok/sec: 516,665 | bf16_mfu: 46.47 | epoch: 1 | total time: 46.98m | eta: 111.7m
step 01298/04357 (29.79%) | loss: 2.923231 | lrm: 1.00 | dt: 2024.58ms | tok/sec: 517,923 | bf16_mfu: 46.59 | epoch: 1 | total time: 47.01m | eta: 111.7m
step 01299/04357 (29.81%) | loss: 2.937343 | lrm: 1.00 | dt: 2025.72ms | tok/sec: 517,631 | bf16_mfu: 46.56 | epoch: 1 | total time: 47.05m | eta: 111.6m
step 01300/04357 (29.84%) | loss: 2.944234 | lrm: 1.00 | dt: 2019.80ms | tok/sec: 519,148 | bf16_mfu: 46.70 | epoch: 1 | total time: 47.08m | eta: 111.6m
step 01301/04357 (29.86%) | loss: 2.950217 | lrm: 1.00 | dt: 2024.42ms | tok/sec: 517,963 | bf16_mfu: 46.59 | epoch: 1 | total time: 47.11m | eta: 111.5m
step 01302/04357 (29.88%) | loss: 2.947669 | lrm: 1.00 | dt: 2038.96ms | tok/sec: 514,271 | bf16_mfu: 46.26 | epoch: 1 | total time: 47.15m | eta: 111.5m
step 01303/04357 (29.91%) | loss: 2.942630 | lrm: 1.00 | dt: 2027.83ms | tok/sec: 517,093 | bf16_mfu: 46.51 | epoch: 1 | total time: 47.18m | eta: 111.4m
step 01304/04357 (29.93%) | loss: 2.947903 | lrm: 1.00 | dt: 2028.58ms | tok/sec: 516,900 | bf16_mfu: 46.49 | epoch: 1 | total time: 47.22m | eta: 111.4m
step 01305/04357 (29.95%) | loss: 2.955712 | lrm: 1.00 | dt: 2047.82ms | tok/sec: 512,045 | bf16_mfu: 46.06 | epoch: 1 | total time: 47.25m | eta: 111.4m
step 01306/04357 (29.97%) | loss: 2.942443 | lrm: 1.00 | dt: 2024.53ms | tok/sec: 517,936 | bf16_mfu: 46.59 | epoch: 1 | total time: 47.28m | eta: 111.3m
step 01307/04357 (30.00%) | loss: 2.940113 | lrm: 1.00 | dt: 2025.27ms | tok/sec: 517,745 | bf16_mfu: 46.57 | epoch: 1 | total time: 47.32m | eta: 111.3m
step 01308/04357 (30.02%) | loss: 2.920030 | lrm: 1.00 | dt: 2045.18ms | tok/sec: 512,707 | bf16_mfu: 46.12 | epoch: 1 | total time: 47.35m | eta: 111.2m
step 01309/04357 (30.04%) | loss: 2.918000 | lrm: 1.00 | dt: 2031.80ms | tok/sec: 516,082 | bf16_mfu: 46.42 | epoch: 1 | total time: 47.38m | eta: 111.2m
step 01310/04357 (30.07%) | loss: 2.921016 | lrm: 1.00 | dt: 2029.63ms | tok/sec: 516,635 | bf16_mfu: 46.47 | epoch: 1 | total time: 47.42m | eta: 111.1m
step 01311/04357 (30.09%) | loss: 2.910054 | lrm: 1.00 | dt: 2062.70ms | tok/sec: 508,352 | bf16_mfu: 45.72 | epoch: 1 | total time: 47.45m | eta: 111.1m
step 01312/04357 (30.11%) | loss: 2.907193 | lrm: 1.00 | dt: 2028.31ms | tok/sec: 516,971 | bf16_mfu: 46.50 | epoch: 1 | total time: 47.49m | eta: 111.1m
step 01313/04357 (30.14%) | loss: 2.910505 | lrm: 1.00 | dt: 2026.82ms | tok/sec: 517,349 | bf16_mfu: 46.53 | epoch: 1 | total time: 47.52m | eta: 111.0m
step 01314/04357 (30.16%) | loss: 2.902726 | lrm: 1.00 | dt: 2032.69ms | tok/sec: 515,857 | bf16_mfu: 46.40 | epoch: 1 | total time: 47.55m | eta: 111.0m
step 01315/04357 (30.18%) | loss: 2.894371 | lrm: 1.00 | dt: 2026.63ms | tok/sec: 517,399 | bf16_mfu: 46.54 | epoch: 1 | total time: 47.59m | eta: 110.9m
step 01316/04357 (30.20%) | loss: 2.899244 | lrm: 1.00 | dt: 2032.23ms | tok/sec: 515,973 | bf16_mfu: 46.41 | epoch: 1 | total time: 47.62m | eta: 110.9m
step 01317/04357 (30.23%) | loss: 2.894178 | lrm: 1.00 | dt: 2032.16ms | tok/sec: 515,990 | bf16_mfu: 46.41 | epoch: 1 | total time: 47.66m | eta: 110.8m
step 01318/04357 (30.25%) | loss: 2.896869 | lrm: 1.00 | dt: 2034.45ms | tok/sec: 515,409 | bf16_mfu: 46.36 | epoch: 1 | total time: 47.69m | eta: 110.8m
step 01319/04357 (30.27%) | loss: 2.897232 | lrm: 1.00 | dt: 2030.51ms | tok/sec: 516,410 | bf16_mfu: 46.45 | epoch: 1 | total time: 47.72m | eta: 110.8m
step 01320/04357 (30.30%) | loss: 2.902429 | lrm: 1.00 | dt: 2030.25ms | tok/sec: 516,476 | bf16_mfu: 46.45 | epoch: 1 | total time: 47.76m | eta: 110.7m
step 01321/04357 (30.32%) | loss: 2.909723 | lrm: 1.00 | dt: 2033.30ms | tok/sec: 515,700 | bf16_mfu: 46.39 | epoch: 1 | total time: 47.79m | eta: 110.7m
step 01322/04357 (30.34%) | loss: 2.921563 | lrm: 1.00 | dt: 2032.16ms | tok/sec: 515,991 | bf16_mfu: 46.41 | epoch: 1 | total time: 47.83m | eta: 110.6m
step 01323/04357 (30.36%) | loss: 2.928983 | lrm: 1.00 | dt: 2027.72ms | tok/sec: 517,121 | bf16_mfu: 46.51 | epoch: 1 | total time: 47.86m | eta: 110.6m
step 01324/04357 (30.39%) | loss: 2.934193 | lrm: 1.00 | dt: 2028.71ms | tok/sec: 516,867 | bf16_mfu: 46.49 | epoch: 1 | total time: 47.89m | eta: 110.5m
step 01325/04357 (30.41%) | loss: 2.936487 | lrm: 1.00 | dt: 2028.94ms | tok/sec: 516,810 | bf16_mfu: 46.48 | epoch: 1 | total time: 47.93m | eta: 110.5m
step 01326/04357 (30.43%) | loss: 2.929882 | lrm: 1.00 | dt: 2030.92ms | tok/sec: 516,307 | bf16_mfu: 46.44 | epoch: 1 | total time: 47.96m | eta: 110.5m
step 01327/04357 (30.46%) | loss: 2.925708 | lrm: 1.00 | dt: 2032.93ms | tok/sec: 515,794 | bf16_mfu: 46.39 | epoch: 1 | total time: 47.99m | eta: 110.4m
step 01328/04357 (30.48%) | loss: 2.914111 | lrm: 1.00 | dt: 2029.70ms | tok/sec: 516,615 | bf16_mfu: 46.47 | epoch: 1 | total time: 48.03m | eta: 110.4m
step 01329/04357 (30.50%) | loss: 2.927071 | lrm: 1.00 | dt: 2033.98ms | tok/sec: 515,530 | bf16_mfu: 46.37 | epoch: 1 | total time: 48.06m | eta: 110.3m
step 01330/04357 (30.53%) | loss: 2.910347 | lrm: 1.00 | dt: 2030.69ms | tok/sec: 516,363 | bf16_mfu: 46.44 | epoch: 1 | total time: 48.10m | eta: 110.3m
step 01331/04357 (30.55%) | loss: 2.903028 | lrm: 1.00 | dt: 2028.16ms | tok/sec: 517,009 | bf16_mfu: 46.50 | epoch: 1 | total time: 48.13m | eta: 110.3m
step 01332/04357 (30.57%) | loss: 2.900641 | lrm: 1.00 | dt: 2030.36ms | tok/sec: 516,447 | bf16_mfu: 46.45 | epoch: 1 | total time: 48.16m | eta: 110.2m
step 01333/04357 (30.59%) | loss: 2.902888 | lrm: 1.00 | dt: 2026.03ms | tok/sec: 517,551 | bf16_mfu: 46.55 | epoch: 1 | total time: 48.20m | eta: 110.2m
step 01334/04357 (30.62%) | loss: 2.906419 | lrm: 1.00 | dt: 2029.15ms | tok/sec: 516,755 | bf16_mfu: 46.48 | epoch: 1 | total time: 48.23m | eta: 110.1m
step 01335/04357 (30.64%) | loss: 2.903676 | lrm: 1.00 | dt: 2035.61ms | tok/sec: 515,115 | bf16_mfu: 46.33 | epoch: 1 | total time: 48.27m | eta: 110.1m
step 01336/04357 (30.66%) | loss: 2.907027 | lrm: 1.00 | dt: 2031.02ms | tok/sec: 516,280 | bf16_mfu: 46.44 | epoch: 1 | total time: 48.30m | eta: 110.0m
step 01337/04357 (30.69%) | loss: 2.910898 | lrm: 1.00 | dt: 2034.00ms | tok/sec: 515,523 | bf16_mfu: 46.37 | epoch: 1 | total time: 48.33m | eta: 110.0m
step 01338/04357 (30.71%) | loss: 2.918532 | lrm: 1.00 | dt: 2032.25ms | tok/sec: 515,966 | bf16_mfu: 46.41 | epoch: 1 | total time: 48.37m | eta: 110.0m
step 01339/04357 (30.73%) | loss: 2.914743 | lrm: 1.00 | dt: 2032.35ms | tok/sec: 515,943 | bf16_mfu: 46.41 | epoch: 1 | total time: 48.40m | eta: 109.9m
step 01340/04357 (30.76%) | loss: 2.915759 | lrm: 1.00 | dt: 2029.01ms | tok/sec: 516,791 | bf16_mfu: 46.48 | epoch: 1 | total time: 48.43m | eta: 109.9m
step 01341/04357 (30.78%) | loss: 2.927089 | lrm: 1.00 | dt: 2030.66ms | tok/sec: 516,371 | bf16_mfu: 46.45 | epoch: 1 | total time: 48.47m | eta: 109.8m
step 01342/04357 (30.80%) | loss: 2.927706 | lrm: 1.00 | dt: 2028.92ms | tok/sec: 516,815 | bf16_mfu: 46.49 | epoch: 1 | total time: 48.50m | eta: 109.8m
step 01343/04357 (30.82%) | loss: 2.925196 | lrm: 1.00 | dt: 2029.39ms | tok/sec: 516,695 | bf16_mfu: 46.47 | epoch: 1 | total time: 48.54m | eta: 109.7m
step 01344/04357 (30.85%) | loss: 2.921515 | lrm: 1.00 | dt: 2029.24ms | tok/sec: 516,733 | bf16_mfu: 46.48 | epoch: 1 | total time: 48.57m | eta: 109.7m
step 01345/04357 (30.87%) | loss: 2.921965 | lrm: 1.00 | dt: 2033.51ms | tok/sec: 515,647 | bf16_mfu: 46.38 | epoch: 1 | total time: 48.60m | eta: 109.7m
step 01346/04357 (30.89%) | loss: 2.918619 | lrm: 1.00 | dt: 2030.65ms | tok/sec: 516,374 | bf16_mfu: 46.45 | epoch: 1 | total time: 48.64m | eta: 109.6m
step 01347/04357 (30.92%) | loss: 2.913671 | lrm: 1.00 | dt: 2040.12ms | tok/sec: 513,976 | bf16_mfu: 46.23 | epoch: 1 | total time: 48.67m | eta: 109.6m
step 01348/04357 (30.94%) | loss: 2.916231 | lrm: 1.00 | dt: 2025.73ms | tok/sec: 517,627 | bf16_mfu: 46.56 | epoch: 1 | total time: 48.71m | eta: 109.5m
step 01349/04357 (30.96%) | loss: 2.919728 | lrm: 1.00 | dt: 2041.62ms | tok/sec: 513,599 | bf16_mfu: 46.20 | epoch: 1 | total time: 48.74m | eta: 109.5m
step 01350/04357 (30.98%) | loss: 2.925721 | lrm: 1.00 | dt: 2032.18ms | tok/sec: 515,986 | bf16_mfu: 46.41 | epoch: 1 | total time: 48.77m | eta: 109.4m
step 01351/04357 (31.01%) | loss: 2.924945 | lrm: 1.00 | dt: 2056.72ms | tok/sec: 509,829 | bf16_mfu: 45.86 | epoch: 1 | total time: 48.81m | eta: 109.4m
step 01352/04357 (31.03%) | loss: 2.920120 | lrm: 1.00 | dt: 2030.20ms | tok/sec: 516,488 | bf16_mfu: 46.46 | epoch: 1 | total time: 48.84m | eta: 109.4m
step 01353/04357 (31.05%) | loss: 2.921552 | lrm: 1.00 | dt: 2032.27ms | tok/sec: 515,963 | bf16_mfu: 46.41 | epoch: 1 | total time: 48.88m | eta: 109.3m
step 01354/04357 (31.08%) | loss: 2.928967 | lrm: 1.00 | dt: 2032.82ms | tok/sec: 515,823 | bf16_mfu: 46.40 | epoch: 1 | total time: 48.91m | eta: 109.3m
step 01355/04357 (31.10%) | loss: 2.918353 | lrm: 1.00 | dt: 2034.50ms | tok/sec: 515,397 | bf16_mfu: 46.36 | epoch: 1 | total time: 48.94m | eta: 109.2m
step 01356/04357 (31.12%) | loss: 2.927588 | lrm: 1.00 | dt: 2030.83ms | tok/sec: 516,329 | bf16_mfu: 46.44 | epoch: 1 | total time: 48.98m | eta: 109.2m
step 01357/04357 (31.15%) | loss: 2.925053 | lrm: 1.00 | dt: 2030.70ms | tok/sec: 516,362 | bf16_mfu: 46.44 | epoch: 1 | total time: 49.01m | eta: 109.2m
step 01358/04357 (31.17%) | loss: 2.922285 | lrm: 1.00 | dt: 2035.21ms | tok/sec: 515,218 | bf16_mfu: 46.34 | epoch: 1 | total time: 49.04m | eta: 109.1m
step 01359/04357 (31.19%) | loss: 2.912601 | lrm: 1.00 | dt: 2030.68ms | tok/sec: 516,366 | bf16_mfu: 46.44 | epoch: 1 | total time: 49.08m | eta: 109.1m
step 01360/04357 (31.21%) | loss: 2.907707 | lrm: 1.00 | dt: 2030.24ms | tok/sec: 516,478 | bf16_mfu: 46.46 | epoch: 1 | total time: 49.11m | eta: 109.0m
step 01361/04357 (31.24%) | loss: 2.910865 | lrm: 1.00 | dt: 2035.76ms | tok/sec: 515,078 | bf16_mfu: 46.33 | epoch: 1 | total time: 49.15m | eta: 109.0m
step 01362/04357 (31.26%) | loss: 2.904849 | lrm: 1.00 | dt: 2037.03ms | tok/sec: 514,757 | bf16_mfu: 46.30 | epoch: 1 | total time: 49.18m | eta: 108.9m
step 01363/04357 (31.28%) | loss: 2.911858 | lrm: 1.00 | dt: 2031.38ms | tok/sec: 516,189 | bf16_mfu: 46.43 | epoch: 1 | total time: 49.21m | eta: 108.9m
step 01364/04357 (31.31%) | loss: 2.919157 | lrm: 1.00 | dt: 2035.88ms | tok/sec: 515,048 | bf16_mfu: 46.33 | epoch: 1 | total time: 49.25m | eta: 108.9m
step 01365/04357 (31.33%) | loss: 2.905763 | lrm: 1.00 | dt: 2035.02ms | tok/sec: 515,265 | bf16_mfu: 46.35 | epoch: 1 | total time: 49.28m | eta: 108.8m
step 01366/04357 (31.35%) | loss: 2.914785 | lrm: 1.00 | dt: 2033.57ms | tok/sec: 515,632 | bf16_mfu: 46.38 | epoch: 1 | total time: 49.32m | eta: 108.8m
step 01367/04357 (31.37%) | loss: 2.901678 | lrm: 1.00 | dt: 2033.66ms | tok/sec: 515,611 | bf16_mfu: 46.38 | epoch: 1 | total time: 49.35m | eta: 108.7m
step 01368/04357 (31.40%) | loss: 2.917805 | lrm: 1.00 | dt: 2032.62ms | tok/sec: 515,874 | bf16_mfu: 46.40 | epoch: 1 | total time: 49.38m | eta: 108.7m
step 01369/04357 (31.42%) | loss: 2.916096 | lrm: 1.00 | dt: 2049.43ms | tok/sec: 511,643 | bf16_mfu: 46.02 | epoch: 1 | total time: 49.42m | eta: 108.7m
step 01370/04357 (31.44%) | loss: 2.921294 | lrm: 1.00 | dt: 2030.05ms | tok/sec: 516,527 | bf16_mfu: 46.46 | epoch: 1 | total time: 49.45m | eta: 108.6m
step 01371/04357 (31.47%) | loss: 2.933825 | lrm: 1.00 | dt: 2036.49ms | tok/sec: 514,894 | bf16_mfu: 46.31 | epoch: 1 | total time: 49.49m | eta: 108.6m
step 01372/04357 (31.49%) | loss: 2.928921 | lrm: 1.00 | dt: 2031.72ms | tok/sec: 516,103 | bf16_mfu: 46.42 | epoch: 1 | total time: 49.52m | eta: 108.5m
step 01373/04357 (31.51%) | loss: 2.935782 | lrm: 1.00 | dt: 2034.38ms | tok/sec: 515,428 | bf16_mfu: 46.36 | epoch: 1 | total time: 49.55m | eta: 108.5m
step 01374/04357 (31.54%) | loss: 2.937155 | lrm: 1.00 | dt: 2031.81ms | tok/sec: 516,079 | bf16_mfu: 46.42 | epoch: 1 | total time: 49.59m | eta: 108.4m
step 01375/04357 (31.56%) | loss: 2.930763 | lrm: 1.00 | dt: 2031.33ms | tok/sec: 516,202 | bf16_mfu: 46.43 | epoch: 1 | total time: 49.62m | eta: 108.4m
step 01376/04357 (31.58%) | loss: 2.938248 | lrm: 1.00 | dt: 2033.20ms | tok/sec: 515,726 | bf16_mfu: 46.39 | epoch: 1 | total time: 49.65m | eta: 108.4m
step 01377/04357 (31.60%) | loss: 2.929577 | lrm: 1.00 | dt: 2042.69ms | tok/sec: 513,330 | bf16_mfu: 46.17 | epoch: 1 | total time: 49.69m | eta: 108.3m
step 01378/04357 (31.63%) | loss: 2.938064 | lrm: 1.00 | dt: 2031.26ms | tok/sec: 516,220 | bf16_mfu: 46.43 | epoch: 1 | total time: 49.72m | eta: 108.3m
step 01379/04357 (31.65%) | loss: 2.933824 | lrm: 1.00 | dt: 2032.51ms | tok/sec: 515,902 | bf16_mfu: 46.40 | epoch: 1 | total time: 49.76m | eta: 108.2m
step 01380/04357 (31.67%) | loss: 2.943339 | lrm: 1.00 | dt: 2035.58ms | tok/sec: 515,124 | bf16_mfu: 46.33 | epoch: 1 | total time: 49.79m | eta: 108.2m
step 01381/04357 (31.70%) | loss: 2.933506 | lrm: 1.00 | dt: 2033.77ms | tok/sec: 515,582 | bf16_mfu: 46.37 | epoch: 1 | total time: 49.82m | eta: 108.2m
step 01382/04357 (31.72%) | loss: 2.935198 | lrm: 1.00 | dt: 2035.95ms | tok/sec: 515,029 | bf16_mfu: 46.32 | epoch: 1 | total time: 49.86m | eta: 108.1m
step 01383/04357 (31.74%) | loss: 2.935031 | lrm: 1.00 | dt: 2030.39ms | tok/sec: 516,439 | bf16_mfu: 46.45 | epoch: 1 | total time: 49.89m | eta: 108.1m
step 01384/04357 (31.76%) | loss: 2.933929 | lrm: 1.00 | dt: 2031.92ms | tok/sec: 516,053 | bf16_mfu: 46.42 | epoch: 1 | total time: 49.93m | eta: 108.0m
step 01385/04357 (31.79%) | loss: 2.935214 | lrm: 1.00 | dt: 2037.57ms | tok/sec: 514,620 | bf16_mfu: 46.29 | epoch: 1 | total time: 49.96m | eta: 108.0m
step 01386/04357 (31.81%) | loss: 2.930270 | lrm: 1.00 | dt: 2044.61ms | tok/sec: 512,848 | bf16_mfu: 46.13 | epoch: 1 | total time: 49.99m | eta: 107.9m
step 01387/04357 (31.83%) | loss: 2.908710 | lrm: 1.00 | dt: 2034.78ms | tok/sec: 515,326 | bf16_mfu: 46.35 | epoch: 1 | total time: 50.03m | eta: 107.9m
step 01388/04357 (31.86%) | loss: 2.908011 | lrm: 1.00 | dt: 2030.19ms | tok/sec: 516,492 | bf16_mfu: 46.46 | epoch: 1 | total time: 50.06m | eta: 107.9m
step 01389/04357 (31.88%) | loss: 2.908170 | lrm: 1.00 | dt: 2035.93ms | tok/sec: 515,035 | bf16_mfu: 46.33 | epoch: 1 | total time: 50.10m | eta: 107.8m
step 01390/04357 (31.90%) | loss: 2.906674 | lrm: 1.00 | dt: 2031.65ms | tok/sec: 516,121 | bf16_mfu: 46.42 | epoch: 1 | total time: 50.13m | eta: 107.8m
step 01391/04357 (31.93%) | loss: 2.896920 | lrm: 1.00 | dt: 2023.63ms | tok/sec: 518,167 | bf16_mfu: 46.61 | epoch: 1 | total time: 50.16m | eta: 107.7m
step 01392/04357 (31.95%) | loss: 2.891750 | lrm: 1.00 | dt: 2032.01ms | tok/sec: 516,029 | bf16_mfu: 46.41 | epoch: 1 | total time: 50.20m | eta: 107.7m
step 01393/04357 (31.97%) | loss: 2.889512 | lrm: 1.00 | dt: 2031.79ms | tok/sec: 516,084 | bf16_mfu: 46.42 | epoch: 1 | total time: 50.23m | eta: 107.7m
step 01394/04357 (31.99%) | loss: 2.893850 | lrm: 1.00 | dt: 2036.72ms | tok/sec: 514,834 | bf16_mfu: 46.31 | epoch: 1 | total time: 50.27m | eta: 107.6m
step 01395/04357 (32.02%) | loss: 2.893755 | lrm: 1.00 | dt: 2037.81ms | tok/sec: 514,559 | bf16_mfu: 46.28 | epoch: 1 | total time: 50.30m | eta: 107.6m
step 01396/04357 (32.04%) | loss: 2.893218 | lrm: 1.00 | dt: 2033.14ms | tok/sec: 515,741 | bf16_mfu: 46.39 | epoch: 1 | total time: 50.33m | eta: 107.5m
step 01397/04357 (32.06%) | loss: 2.905604 | lrm: 1.00 | dt: 2032.01ms | tok/sec: 516,027 | bf16_mfu: 46.41 | epoch: 1 | total time: 50.37m | eta: 107.5m
step 01398/04357 (32.09%) | loss: 2.893036 | lrm: 1.00 | dt: 2028.11ms | tok/sec: 517,020 | bf16_mfu: 46.50 | epoch: 1 | total time: 50.40m | eta: 107.4m
step 01399/04357 (32.11%) | loss: 2.894456 | lrm: 1.00 | dt: 2037.23ms | tok/sec: 514,705 | bf16_mfu: 46.30 | epoch: 1 | total time: 50.43m | eta: 107.4m
step 01400/04357 (32.13%) | loss: 2.887975 | lrm: 1.00 | dt: 2034.37ms | tok/sec: 515,430 | bf16_mfu: 46.36 | epoch: 1 | total time: 50.47m | eta: 107.4m
step 01401/04357 (32.16%) | loss: 2.887727 | lrm: 1.00 | dt: 2036.91ms | tok/sec: 514,787 | bf16_mfu: 46.30 | epoch: 1 | total time: 50.50m | eta: 107.3m
step 01402/04357 (32.18%) | loss: 2.889981 | lrm: 1.00 | dt: 2034.27ms | tok/sec: 515,454 | bf16_mfu: 46.36 | epoch: 1 | total time: 50.54m | eta: 107.3m
step 01403/04357 (32.20%) | loss: 2.889571 | lrm: 1.00 | dt: 2033.03ms | tok/sec: 515,768 | bf16_mfu: 46.39 | epoch: 1 | total time: 50.57m | eta: 107.2m
step 01404/04357 (32.22%) | loss: 2.884851 | lrm: 1.00 | dt: 2033.30ms | tok/sec: 515,701 | bf16_mfu: 46.39 | epoch: 1 | total time: 50.60m | eta: 107.2m
step 01405/04357 (32.25%) | loss: 2.882806 | lrm: 1.00 | dt: 2032.60ms | tok/sec: 515,878 | bf16_mfu: 46.40 | epoch: 1 | total time: 50.64m | eta: 107.2m
step 01406/04357 (32.27%) | loss: 2.880793 | lrm: 1.00 | dt: 2033.99ms | tok/sec: 515,527 | bf16_mfu: 46.37 | epoch: 1 | total time: 50.67m | eta: 107.1m
step 01407/04357 (32.29%) | loss: 2.877131 | lrm: 1.00 | dt: 2039.92ms | tok/sec: 514,028 | bf16_mfu: 46.23 | epoch: 1 | total time: 50.71m | eta: 107.1m
step 01408/04357 (32.32%) | loss: 2.877635 | lrm: 1.00 | dt: 2034.57ms | tok/sec: 515,379 | bf16_mfu: 46.36 | epoch: 1 | total time: 50.74m | eta: 107.0m
step 01409/04357 (32.34%) | loss: 2.878780 | lrm: 1.00 | dt: 2037.72ms | tok/sec: 514,582 | bf16_mfu: 46.28 | epoch: 1 | total time: 50.77m | eta: 107.0m
step 01410/04357 (32.36%) | loss: 2.886006 | lrm: 1.00 | dt: 2035.74ms | tok/sec: 515,082 | bf16_mfu: 46.33 | epoch: 1 | total time: 50.81m | eta: 107.0m
step 01411/04357 (32.38%) | loss: 2.903375 | lrm: 1.00 | dt: 2033.84ms | tok/sec: 515,564 | bf16_mfu: 46.37 | epoch: 1 | total time: 50.84m | eta: 106.9m
step 01412/04357 (32.41%) | loss: 2.892384 | lrm: 1.00 | dt: 2031.03ms | tok/sec: 516,278 | bf16_mfu: 46.44 | epoch: 1 | total time: 50.88m | eta: 106.9m
step 01413/04357 (32.43%) | loss: 2.902609 | lrm: 1.00 | dt: 2032.18ms | tok/sec: 515,985 | bf16_mfu: 46.41 | epoch: 1 | total time: 50.91m | eta: 106.8m
step 01414/04357 (32.45%) | loss: 2.903422 | lrm: 1.00 | dt: 2034.16ms | tok/sec: 515,482 | bf16_mfu: 46.37 | epoch: 1 | total time: 50.94m | eta: 106.8m
step 01415/04357 (32.48%) | loss: 2.893684 | lrm: 1.00 | dt: 2030.83ms | tok/sec: 516,329 | bf16_mfu: 46.44 | epoch: 1 | total time: 50.98m | eta: 106.7m
step 01416/04357 (32.50%) | loss: 2.889657 | lrm: 1.00 | dt: 2037.63ms | tok/sec: 514,606 | bf16_mfu: 46.29 | epoch: 1 | total time: 51.01m | eta: 106.7m
step 01417/04357 (32.52%) | loss: 2.890932 | lrm: 1.00 | dt: 2033.73ms | tok/sec: 515,593 | bf16_mfu: 46.38 | epoch: 1 | total time: 51.04m | eta: 106.7m
step 01418/04357 (32.55%) | loss: 2.884087 | lrm: 1.00 | dt: 2034.93ms | tok/sec: 515,288 | bf16_mfu: 46.35 | epoch: 1 | total time: 51.08m | eta: 106.6m
step 01419/04357 (32.57%) | loss: 2.885076 | lrm: 1.00 | dt: 2032.37ms | tok/sec: 515,937 | bf16_mfu: 46.41 | epoch: 1 | total time: 51.11m | eta: 106.6m
step 01420/04357 (32.59%) | loss: 2.896267 | lrm: 1.00 | dt: 2031.78ms | tok/sec: 516,086 | bf16_mfu: 46.42 | epoch: 1 | total time: 51.15m | eta: 106.5m
step 01421/04357 (32.61%) | loss: 2.890130 | lrm: 1.00 | dt: 2034.23ms | tok/sec: 515,467 | bf16_mfu: 46.36 | epoch: 1 | total time: 51.18m | eta: 106.5m
step 01422/04357 (32.64%) | loss: 2.879981 | lrm: 1.00 | dt: 2031.40ms | tok/sec: 516,184 | bf16_mfu: 46.43 | epoch: 1 | total time: 51.21m | eta: 106.5m
step 01423/04357 (32.66%) | loss: 2.890514 | lrm: 1.00 | dt: 2035.20ms | tok/sec: 515,220 | bf16_mfu: 46.34 | epoch: 1 | total time: 51.25m | eta: 106.4m
step 01424/04357 (32.68%) | loss: 2.897443 | lrm: 1.00 | dt: 2031.32ms | tok/sec: 516,203 | bf16_mfu: 46.43 | epoch: 1 | total time: 51.28m | eta: 106.4m
step 01425/04357 (32.71%) | loss: 2.891729 | lrm: 1.00 | dt: 2030.99ms | tok/sec: 516,287 | bf16_mfu: 46.44 | epoch: 1 | total time: 51.32m | eta: 106.3m
step 01426/04357 (32.73%) | loss: 2.884280 | lrm: 1.00 | dt: 2033.14ms | tok/sec: 515,741 | bf16_mfu: 46.39 | epoch: 1 | total time: 51.35m | eta: 106.3m
step 01427/04357 (32.75%) | loss: 2.874555 | lrm: 1.00 | dt: 2033.01ms | tok/sec: 515,774 | bf16_mfu: 46.39 | epoch: 1 | total time: 51.38m | eta: 106.2m
step 01428/04357 (32.77%) | loss: 2.870775 | lrm: 1.00 | dt: 2035.21ms | tok/sec: 515,218 | bf16_mfu: 46.34 | epoch: 1 | total time: 51.42m | eta: 106.2m
step 01429/04357 (32.80%) | loss: 2.876882 | lrm: 1.00 | dt: 2035.42ms | tok/sec: 515,163 | bf16_mfu: 46.34 | epoch: 1 | total time: 51.45m | eta: 106.2m
step 01430/04357 (32.82%) | loss: 2.873717 | lrm: 1.00 | dt: 2034.33ms | tok/sec: 515,441 | bf16_mfu: 46.36 | epoch: 1 | total time: 51.49m | eta: 106.1m
step 01431/04357 (32.84%) | loss: 2.875627 | lrm: 1.00 | dt: 2033.62ms | tok/sec: 515,619 | bf16_mfu: 46.38 | epoch: 1 | total time: 51.52m | eta: 106.1m
step 01432/04357 (32.87%) | loss: 2.890245 | lrm: 1.00 | dt: 2029.40ms | tok/sec: 516,692 | bf16_mfu: 46.47 | epoch: 1 | total time: 51.55m | eta: 106.0m
step 01433/04357 (32.89%) | loss: 2.906941 | lrm: 1.00 | dt: 2034.36ms | tok/sec: 515,432 | bf16_mfu: 46.36 | epoch: 1 | total time: 51.59m | eta: 106.0m
step 01434/04357 (32.91%) | loss: 2.923631 | lrm: 1.00 | dt: 2036.23ms | tok/sec: 514,958 | bf16_mfu: 46.32 | epoch: 1 | total time: 51.62m | eta: 106.0m
step 01435/04357 (32.94%) | loss: 2.917121 | lrm: 1.00 | dt: 2031.08ms | tok/sec: 516,264 | bf16_mfu: 46.44 | epoch: 1 | total time: 51.65m | eta: 105.9m
step 01436/04357 (32.96%) | loss: 2.912743 | lrm: 1.00 | dt: 2035.00ms | tok/sec: 515,269 | bf16_mfu: 46.35 | epoch: 1 | total time: 51.69m | eta: 105.9m
step 01437/04357 (32.98%) | loss: 2.902207 | lrm: 1.00 | dt: 2031.44ms | tok/sec: 516,174 | bf16_mfu: 46.43 | epoch: 1 | total time: 51.72m | eta: 105.8m
step 01438/04357 (33.00%) | loss: 2.908681 | lrm: 1.00 | dt: 2034.82ms | tok/sec: 515,316 | bf16_mfu: 46.35 | epoch: 1 | total time: 51.76m | eta: 105.8m
step 01439/04357 (33.03%) | loss: 2.906584 | lrm: 1.00 | dt: 2035.86ms | tok/sec: 515,053 | bf16_mfu: 46.33 | epoch: 1 | total time: 51.79m | eta: 105.8m
step 01440/04357 (33.05%) | loss: 2.906958 | lrm: 1.00 | dt: 2035.38ms | tok/sec: 515,174 | bf16_mfu: 46.34 | epoch: 1 | total time: 51.82m | eta: 105.7m
step 01441/04357 (33.07%) | loss: 2.905594 | lrm: 1.00 | dt: 2037.57ms | tok/sec: 514,621 | bf16_mfu: 46.29 | epoch: 1 | total time: 51.86m | eta: 105.7m
step 01442/04357 (33.10%) | loss: 2.910916 | lrm: 1.00 | dt: 2033.17ms | tok/sec: 515,734 | bf16_mfu: 46.39 | epoch: 1 | total time: 51.89m | eta: 105.6m
step 01443/04357 (33.12%) | loss: 2.902626 | lrm: 1.00 | dt: 2052.63ms | tok/sec: 510,845 | bf16_mfu: 45.95 | epoch: 1 | total time: 51.93m | eta: 105.6m
step 01444/04357 (33.14%) | loss: 2.908063 | lrm: 1.00 | dt: 2029.33ms | tok/sec: 516,710 | bf16_mfu: 46.48 | epoch: 1 | total time: 51.96m | eta: 105.6m
step 01445/04357 (33.17%) | loss: 2.907576 | lrm: 1.00 | dt: 2031.85ms | tok/sec: 516,068 | bf16_mfu: 46.42 | epoch: 1 | total time: 51.99m | eta: 105.5m
step 01446/04357 (33.19%) | loss: 2.910301 | lrm: 1.00 | dt: 2033.73ms | tok/sec: 515,593 | bf16_mfu: 46.38 | epoch: 1 | total time: 52.03m | eta: 105.5m
step 01447/04357 (33.21%) | loss: 2.907376 | lrm: 1.00 | dt: 2030.42ms | tok/sec: 516,432 | bf16_mfu: 46.45 | epoch: 1 | total time: 52.06m | eta: 105.4m
step 01448/04357 (33.23%) | loss: 2.907686 | lrm: 1.00 | dt: 2032.34ms | tok/sec: 515,944 | bf16_mfu: 46.41 | epoch: 1 | total time: 52.10m | eta: 105.4m
step 01449/04357 (33.26%) | loss: 2.903353 | lrm: 1.00 | dt: 2029.74ms | tok/sec: 516,605 | bf16_mfu: 46.47 | epoch: 1 | total time: 52.13m | eta: 105.3m
step 01450/04357 (33.28%) | loss: 2.910632 | lrm: 1.00 | dt: 2031.21ms | tok/sec: 516,233 | bf16_mfu: 46.43 | epoch: 1 | total time: 52.16m | eta: 105.3m
step 01451/04357 (33.30%) | loss: 2.913175 | lrm: 1.00 | dt: 2032.14ms | tok/sec: 515,994 | bf16_mfu: 46.41 | epoch: 1 | total time: 52.20m | eta: 105.3m
step 01452/04357 (33.33%) | loss: 2.917371 | lrm: 1.00 | dt: 2033.16ms | tok/sec: 515,736 | bf16_mfu: 46.39 | epoch: 1 | total time: 52.23m | eta: 105.2m
step 01453/04357 (33.35%) | loss: 2.915570 | lrm: 1.00 | dt: 2032.59ms | tok/sec: 515,882 | bf16_mfu: 46.40 | epoch: 1 | total time: 52.27m | eta: 105.2m
step 01454/04357 (33.37%) | loss: 2.929630 | lrm: 1.00 | dt: 2030.32ms | tok/sec: 516,459 | bf16_mfu: 46.45 | epoch: 1 | total time: 52.30m | eta: 105.1m
step 01455/04357 (33.39%) | loss: 2.924836 | lrm: 1.00 | dt: 2034.01ms | tok/sec: 515,521 | bf16_mfu: 46.37 | epoch: 1 | total time: 52.33m | eta: 105.1m
step 01456/04357 (33.42%) | loss: 2.919962 | lrm: 1.00 | dt: 2030.00ms | tok/sec: 516,538 | bf16_mfu: 46.46 | epoch: 1 | total time: 52.37m | eta: 105.1m
step 01457/04357 (33.44%) | loss: 2.924561 | lrm: 1.00 | dt: 2031.22ms | tok/sec: 516,230 | bf16_mfu: 46.43 | epoch: 1 | total time: 52.40m | eta: 105.0m
step 01458/04357 (33.46%) | loss: 2.921804 | lrm: 1.00 | dt: 2039.77ms | tok/sec: 514,065 | bf16_mfu: 46.24 | epoch: 1 | total time: 52.43m | eta: 105.0m
step 01459/04357 (33.49%) | loss: 2.911981 | lrm: 1.00 | dt: 2031.33ms | tok/sec: 516,200 | bf16_mfu: 46.43 | epoch: 1 | total time: 52.47m | eta: 104.9m
step 01460/04357 (33.51%) | loss: 2.913440 | lrm: 1.00 | dt: 2025.32ms | tok/sec: 517,732 | bf16_mfu: 46.57 | epoch: 1 | total time: 52.50m | eta: 104.9m
step 01461/04357 (33.53%) | loss: 2.930573 | lrm: 1.00 | dt: 2032.34ms | tok/sec: 515,944 | bf16_mfu: 46.41 | epoch: 1 | total time: 52.54m | eta: 104.9m
step 01462/04357 (33.56%) | loss: 2.924771 | lrm: 1.00 | dt: 2031.58ms | tok/sec: 516,139 | bf16_mfu: 46.42 | epoch: 1 | total time: 52.57m | eta: 104.8m
step 01463/04357 (33.58%) | loss: 2.940139 | lrm: 1.00 | dt: 2034.55ms | tok/sec: 515,384 | bf16_mfu: 46.36 | epoch: 1 | total time: 52.60m | eta: 104.8m
step 01464/04357 (33.60%) | loss: 2.924370 | lrm: 1.00 | dt: 2033.81ms | tok/sec: 515,571 | bf16_mfu: 46.37 | epoch: 1 | total time: 52.64m | eta: 104.7m
step 01465/04357 (33.62%) | loss: 2.939520 | lrm: 1.00 | dt: 2033.66ms | tok/sec: 515,609 | bf16_mfu: 46.38 | epoch: 1 | total time: 52.67m | eta: 104.7m
step 01466/04357 (33.65%) | loss: 2.931201 | lrm: 1.00 | dt: 2032.72ms | tok/sec: 515,848 | bf16_mfu: 46.40 | epoch: 1 | total time: 52.71m | eta: 104.7m
step 01467/04357 (33.67%) | loss: 2.923951 | lrm: 1.00 | dt: 2033.81ms | tok/sec: 515,571 | bf16_mfu: 46.37 | epoch: 1 | total time: 52.74m | eta: 104.6m
step 01468/04357 (33.69%) | loss: 2.918894 | lrm: 1.00 | dt: 2035.76ms | tok/sec: 515,077 | bf16_mfu: 46.33 | epoch: 1 | total time: 52.77m | eta: 104.6m
step 01469/04357 (33.72%) | loss: 2.922517 | lrm: 1.00 | dt: 2045.03ms | tok/sec: 512,742 | bf16_mfu: 46.12 | epoch: 1 | total time: 52.81m | eta: 104.5m
step 01470/04357 (33.74%) | loss: 2.922460 | lrm: 1.00 | dt: 2035.82ms | tok/sec: 515,062 | bf16_mfu: 46.33 | epoch: 1 | total time: 52.84m | eta: 104.5m
step 01471/04357 (33.76%) | loss: 2.925656 | lrm: 1.00 | dt: 2033.36ms | tok/sec: 515,685 | bf16_mfu: 46.38 | epoch: 1 | total time: 52.88m | eta: 104.4m
step 01472/04357 (33.78%) | loss: 2.909216 | lrm: 1.00 | dt: 2036.74ms | tok/sec: 514,831 | bf16_mfu: 46.31 | epoch: 1 | total time: 52.91m | eta: 104.4m
step 01473/04357 (33.81%) | loss: 2.913328 | lrm: 1.00 | dt: 2033.38ms | tok/sec: 515,681 | bf16_mfu: 46.38 | epoch: 1 | total time: 52.94m | eta: 104.4m
step 01474/04357 (33.83%) | loss: 2.915971 | lrm: 1.00 | dt: 2030.39ms | tok/sec: 516,440 | bf16_mfu: 46.45 | epoch: 1 | total time: 52.98m | eta: 104.3m
step 01475/04357 (33.85%) | loss: 2.918115 | lrm: 1.00 | dt: 2034.07ms | tok/sec: 515,505 | bf16_mfu: 46.37 | epoch: 1 | total time: 53.01m | eta: 104.3m
step 01476/04357 (33.88%) | loss: 2.917021 | lrm: 1.00 | dt: 2036.60ms | tok/sec: 514,865 | bf16_mfu: 46.31 | epoch: 1 | total time: 53.04m | eta: 104.2m
step 01477/04357 (33.90%) | loss: 2.920664 | lrm: 1.00 | dt: 2032.34ms | tok/sec: 515,945 | bf16_mfu: 46.41 | epoch: 1 | total time: 53.08m | eta: 104.2m
step 01478/04357 (33.92%) | loss: 2.913782 | lrm: 1.00 | dt: 2036.40ms | tok/sec: 514,917 | bf16_mfu: 46.31 | epoch: 1 | total time: 53.11m | eta: 104.2m
step 01479/04357 (33.95%) | loss: 2.917079 | lrm: 1.00 | dt: 2033.92ms | tok/sec: 515,544 | bf16_mfu: 46.37 | epoch: 1 | total time: 53.15m | eta: 104.1m
step 01480/04357 (33.97%) | loss: 2.910648 | lrm: 1.00 | dt: 2029.24ms | tok/sec: 516,733 | bf16_mfu: 46.48 | epoch: 1 | total time: 53.18m | eta: 104.1m
step 01481/04357 (33.99%) | loss: 2.910649 | lrm: 1.00 | dt: 2035.24ms | tok/sec: 515,211 | bf16_mfu: 46.34 | epoch: 1 | total time: 53.21m | eta: 104.0m
step 01482/04357 (34.01%) | loss: 2.903473 | lrm: 1.00 | dt: 2034.46ms | tok/sec: 515,407 | bf16_mfu: 46.36 | epoch: 1 | total time: 53.25m | eta: 104.0m
step 01483/04357 (34.04%) | loss: 2.898783 | lrm: 1.00 | dt: 2035.04ms | tok/sec: 515,260 | bf16_mfu: 46.35 | epoch: 1 | total time: 53.28m | eta: 104.0m
step 01484/04357 (34.06%) | loss: 2.888914 | lrm: 1.00 | dt: 2034.16ms | tok/sec: 515,484 | bf16_mfu: 46.37 | epoch: 1 | total time: 53.32m | eta: 103.9m
step 01485/04357 (34.08%) | loss: 2.893965 | lrm: 1.00 | dt: 2035.36ms | tok/sec: 515,180 | bf16_mfu: 46.34 | epoch: 1 | total time: 53.35m | eta: 103.9m
step 01486/04357 (34.11%) | loss: 2.891698 | lrm: 1.00 | dt: 2031.34ms | tok/sec: 516,198 | bf16_mfu: 46.43 | epoch: 1 | total time: 53.38m | eta: 103.8m
step 01487/04357 (34.13%) | loss: 2.889710 | lrm: 1.00 | dt: 2033.33ms | tok/sec: 515,693 | bf16_mfu: 46.38 | epoch: 1 | total time: 53.42m | eta: 103.8m
step 01488/04357 (34.15%) | loss: 2.884429 | lrm: 1.00 | dt: 2036.81ms | tok/sec: 514,813 | bf16_mfu: 46.31 | epoch: 1 | total time: 53.45m | eta: 103.8m
step 01489/04357 (34.17%) | loss: 2.880273 | lrm: 1.00 | dt: 2032.59ms | tok/sec: 515,880 | bf16_mfu: 46.40 | epoch: 1 | total time: 53.49m | eta: 103.7m
step 01490/04357 (34.20%) | loss: 2.875061 | lrm: 1.00 | dt: 2032.98ms | tok/sec: 515,782 | bf16_mfu: 46.39 | epoch: 1 | total time: 53.52m | eta: 103.7m
step 01491/04357 (34.22%) | loss: 2.863377 | lrm: 1.00 | dt: 2032.80ms | tok/sec: 515,828 | bf16_mfu: 46.40 | epoch: 1 | total time: 53.55m | eta: 103.6m
step 01492/04357 (34.24%) | loss: 2.870414 | lrm: 1.00 | dt: 2035.91ms | tok/sec: 515,040 | bf16_mfu: 46.33 | epoch: 1 | total time: 53.59m | eta: 103.6m
step 01493/04357 (34.27%) | loss: 2.865052 | lrm: 1.00 | dt: 2033.96ms | tok/sec: 515,534 | bf16_mfu: 46.37 | epoch: 1 | total time: 53.62m | eta: 103.6m
step 01494/04357 (34.29%) | loss: 2.877289 | lrm: 1.00 | dt: 2033.19ms | tok/sec: 515,728 | bf16_mfu: 46.39 | epoch: 1 | total time: 53.65m | eta: 103.5m
step 01495/04357 (34.31%) | loss: 2.866782 | lrm: 1.00 | dt: 2037.99ms | tok/sec: 514,515 | bf16_mfu: 46.28 | epoch: 1 | total time: 53.69m | eta: 103.5m
step 01496/04357 (34.34%) | loss: 2.882642 | lrm: 1.00 | dt: 2033.04ms | tok/sec: 515,768 | bf16_mfu: 46.39 | epoch: 1 | total time: 53.72m | eta: 103.4m
step 01497/04357 (34.36%) | loss: 2.876326 | lrm: 1.00 | dt: 2031.60ms | tok/sec: 516,132 | bf16_mfu: 46.42 | epoch: 1 | total time: 53.76m | eta: 103.4m
step 01498/04357 (34.38%) | loss: 2.869175 | lrm: 1.00 | dt: 2042.44ms | tok/sec: 513,393 | bf16_mfu: 46.18 | epoch: 1 | total time: 53.79m | eta: 103.4m
step 01499/04357 (34.40%) | loss: 2.864296 | lrm: 1.00 | dt: 2035.47ms | tok/sec: 515,152 | bf16_mfu: 46.34 | epoch: 1 | total time: 53.82m | eta: 103.3m
Step 01500 | Validation bpb: 0.877996
step 01500/04357 (34.43%) | loss: 2.877621 | lrm: 1.00 | dt: 35648.48ms | tok/sec: 29,414 | bf16_mfu: 2.65 | epoch: 1 | total time: 54.42m | eta: 104.3m
step 01501/04357 (34.45%) | loss: 2.878116 | lrm: 1.00 | dt: 1977.22ms | tok/sec: 530,328 | bf16_mfu: 47.70 | epoch: 1 | total time: 54.45m | eta: 104.3m
step 01502/04357 (34.47%) | loss: 2.875303 | lrm: 1.00 | dt: 1984.60ms | tok/sec: 528,355 | bf16_mfu: 47.52 | epoch: 1 | total time: 54.48m | eta: 104.3m
step 01503/04357 (34.50%) | loss: 2.878353 | lrm: 1.00 | dt: 1984.16ms | tok/sec: 528,473 | bf16_mfu: 47.53 | epoch: 1 | total time: 54.52m | eta: 104.2m
step 01504/04357 (34.52%) | loss: 2.877412 | lrm: 1.00 | dt: 1995.76ms | tok/sec: 525,401 | bf16_mfu: 47.26 | epoch: 1 | total time: 54.55m | eta: 104.2m
step 01505/04357 (34.54%) | loss: 2.897337 | lrm: 1.00 | dt: 1987.45ms | tok/sec: 527,597 | bf16_mfu: 47.46 | epoch: 1 | total time: 54.58m | eta: 104.1m
step 01506/04357 (34.57%) | loss: 2.902877 | lrm: 1.00 | dt: 1989.07ms | tok/sec: 527,169 | bf16_mfu: 47.42 | epoch: 1 | total time: 54.62m | eta: 104.1m
step 01507/04357 (34.59%) | loss: 2.908838 | lrm: 1.00 | dt: 1991.47ms | tok/sec: 526,533 | bf16_mfu: 47.36 | epoch: 1 | total time: 54.65m | eta: 104.0m
step 01508/04357 (34.61%) | loss: 2.915613 | lrm: 1.00 | dt: 1993.90ms | tok/sec: 525,891 | bf16_mfu: 47.30 | epoch: 1 | total time: 54.68m | eta: 104.0m
step 01509/04357 (34.63%) | loss: 2.910082 | lrm: 1.00 | dt: 1994.34ms | tok/sec: 525,775 | bf16_mfu: 47.29 | epoch: 1 | total time: 54.72m | eta: 104.0m
step 01510/04357 (34.66%) | loss: 2.915883 | lrm: 1.00 | dt: 1988.46ms | tok/sec: 527,331 | bf16_mfu: 47.43 | epoch: 1 | total time: 54.75m | eta: 103.9m
step 01511/04357 (34.68%) | loss: 2.912767 | lrm: 1.00 | dt: 1987.31ms | tok/sec: 527,635 | bf16_mfu: 47.46 | epoch: 1 | total time: 54.78m | eta: 103.9m
step 01512/04357 (34.70%) | loss: 2.910236 | lrm: 1.00 | dt: 1994.26ms | tok/sec: 525,796 | bf16_mfu: 47.29 | epoch: 1 | total time: 54.82m | eta: 103.8m
step 01513/04357 (34.73%) | loss: 2.904882 | lrm: 1.00 | dt: 1995.51ms | tok/sec: 525,467 | bf16_mfu: 47.26 | epoch: 1 | total time: 54.85m | eta: 103.8m
step 01514/04357 (34.75%) | loss: 2.910257 | lrm: 1.00 | dt: 1989.80ms | tok/sec: 526,976 | bf16_mfu: 47.40 | epoch: 1 | total time: 54.88m | eta: 103.7m
step 01515/04357 (34.77%) | loss: 2.918783 | lrm: 1.00 | dt: 2037.70ms | tok/sec: 514,588 | bf16_mfu: 46.29 | epoch: 1 | total time: 54.92m | eta: 103.7m
step 01516/04357 (34.79%) | loss: 2.907110 | lrm: 1.00 | dt: 1998.29ms | tok/sec: 524,737 | bf16_mfu: 47.20 | epoch: 1 | total time: 54.95m | eta: 103.7m
step 01517/04357 (34.82%) | loss: 2.908752 | lrm: 1.00 | dt: 1999.68ms | tok/sec: 524,371 | bf16_mfu: 47.16 | epoch: 1 | total time: 54.98m | eta: 103.6m
step 01518/04357 (34.84%) | loss: 2.900599 | lrm: 1.00 | dt: 2001.68ms | tok/sec: 523,848 | bf16_mfu: 47.12 | epoch: 1 | total time: 55.02m | eta: 103.6m
step 01519/04357 (34.86%) | loss: 2.905900 | lrm: 1.00 | dt: 2003.17ms | tok/sec: 523,457 | bf16_mfu: 47.08 | epoch: 1 | total time: 55.05m | eta: 103.5m
step 01520/04357 (34.89%) | loss: 2.909057 | lrm: 1.00 | dt: 2004.55ms | tok/sec: 523,098 | bf16_mfu: 47.05 | epoch: 1 | total time: 55.08m | eta: 103.5m
step 01521/04357 (34.91%) | loss: 2.912967 | lrm: 1.00 | dt: 2005.38ms | tok/sec: 522,881 | bf16_mfu: 47.03 | epoch: 1 | total time: 55.12m | eta: 103.4m
step 01522/04357 (34.93%) | loss: 2.915953 | lrm: 1.00 | dt: 2005.34ms | tok/sec: 522,892 | bf16_mfu: 47.03 | epoch: 1 | total time: 55.15m | eta: 103.4m
step 01523/04357 (34.96%) | loss: 2.908194 | lrm: 1.00 | dt: 2002.17ms | tok/sec: 523,719 | bf16_mfu: 47.11 | epoch: 1 | total time: 55.18m | eta: 103.4m
step 01524/04357 (34.98%) | loss: 2.894285 | lrm: 1.00 | dt: 2021.87ms | tok/sec: 518,617 | bf16_mfu: 46.65 | epoch: 1 | total time: 55.22m | eta: 103.3m
step 01525/04357 (35.00%) | loss: 2.890910 | lrm: 1.00 | dt: 2011.20ms | tok/sec: 521,368 | bf16_mfu: 46.89 | epoch: 1 | total time: 55.25m | eta: 103.3m
step 01526/04357 (35.02%) | loss: 2.885108 | lrm: 1.00 | dt: 2012.36ms | tok/sec: 521,067 | bf16_mfu: 46.87 | epoch: 1 | total time: 55.28m | eta: 103.2m
step 01527/04357 (35.05%) | loss: 2.885527 | lrm: 1.00 | dt: 2009.26ms | tok/sec: 521,871 | bf16_mfu: 46.94 | epoch: 1 | total time: 55.32m | eta: 103.2m
step 01528/04357 (35.07%) | loss: 2.890966 | lrm: 1.00 | dt: 2009.18ms | tok/sec: 521,891 | bf16_mfu: 46.94 | epoch: 1 | total time: 55.35m | eta: 103.2m
step 01529/04357 (35.09%) | loss: 2.893574 | lrm: 1.00 | dt: 2014.30ms | tok/sec: 520,565 | bf16_mfu: 46.82 | epoch: 1 | total time: 55.39m | eta: 103.1m
step 01530/04357 (35.12%) | loss: 2.895182 | lrm: 1.00 | dt: 2015.14ms | tok/sec: 520,348 | bf16_mfu: 46.80 | epoch: 1 | total time: 55.42m | eta: 103.1m
step 01531/04357 (35.14%) | loss: 2.909624 | lrm: 1.00 | dt: 2012.21ms | tok/sec: 521,107 | bf16_mfu: 46.87 | epoch: 1 | total time: 55.45m | eta: 103.0m
step 01532/04357 (35.16%) | loss: 2.908322 | lrm: 1.00 | dt: 2013.63ms | tok/sec: 520,739 | bf16_mfu: 46.84 | epoch: 1 | total time: 55.49m | eta: 103.0m
step 01533/04357 (35.18%) | loss: 2.891212 | lrm: 1.00 | dt: 2022.58ms | tok/sec: 518,435 | bf16_mfu: 46.63 | epoch: 1 | total time: 55.52m | eta: 102.9m
step 01534/04357 (35.21%) | loss: 2.899666 | lrm: 1.00 | dt: 2014.65ms | tok/sec: 520,474 | bf16_mfu: 46.81 | epoch: 1 | total time: 55.55m | eta: 102.9m
step 01535/04357 (35.23%) | loss: 2.898494 | lrm: 1.00 | dt: 2017.94ms | tok/sec: 519,627 | bf16_mfu: 46.74 | epoch: 1 | total time: 55.59m | eta: 102.9m
step 01536/04357 (35.25%) | loss: 2.910134 | lrm: 1.00 | dt: 2034.24ms | tok/sec: 515,463 | bf16_mfu: 46.36 | epoch: 1 | total time: 55.62m | eta: 102.8m
step 01537/04357 (35.28%) | loss: 2.904841 | lrm: 1.00 | dt: 2023.67ms | tok/sec: 518,156 | bf16_mfu: 46.61 | epoch: 1 | total time: 55.65m | eta: 102.8m
step 01538/04357 (35.30%) | loss: 2.895460 | lrm: 1.00 | dt: 2014.41ms | tok/sec: 520,536 | bf16_mfu: 46.82 | epoch: 1 | total time: 55.69m | eta: 102.7m
step 01539/04357 (35.32%) | loss: 2.897040 | lrm: 1.00 | dt: 2019.79ms | tok/sec: 519,151 | bf16_mfu: 46.70 | epoch: 1 | total time: 55.72m | eta: 102.7m
step 01540/04357 (35.35%) | loss: 2.897206 | lrm: 1.00 | dt: 2020.44ms | tok/sec: 518,985 | bf16_mfu: 46.68 | epoch: 1 | total time: 55.76m | eta: 102.7m
step 01541/04357 (35.37%) | loss: 2.901822 | lrm: 1.00 | dt: 2031.93ms | tok/sec: 516,049 | bf16_mfu: 46.42 | epoch: 1 | total time: 55.79m | eta: 102.6m
step 01542/04357 (35.39%) | loss: 2.904821 | lrm: 1.00 | dt: 2018.87ms | tok/sec: 519,386 | bf16_mfu: 46.72 | epoch: 1 | total time: 55.82m | eta: 102.6m
step 01543/04357 (35.41%) | loss: 2.897740 | lrm: 1.00 | dt: 2022.63ms | tok/sec: 518,423 | bf16_mfu: 46.63 | epoch: 1 | total time: 55.86m | eta: 102.5m
step 01544/04357 (35.44%) | loss: 2.896242 | lrm: 1.00 | dt: 2044.80ms | tok/sec: 512,801 | bf16_mfu: 46.12 | epoch: 1 | total time: 55.89m | eta: 102.5m
step 01545/04357 (35.46%) | loss: 2.898893 | lrm: 1.00 | dt: 2024.99ms | tok/sec: 517,817 | bf16_mfu: 46.58 | epoch: 1 | total time: 55.92m | eta: 102.4m
step 01546/04357 (35.48%) | loss: 2.914355 | lrm: 1.00 | dt: 2028.06ms | tok/sec: 517,032 | bf16_mfu: 46.50 | epoch: 1 | total time: 55.96m | eta: 102.4m
step 01547/04357 (35.51%) | loss: 2.920870 | lrm: 1.00 | dt: 2022.59ms | tok/sec: 518,431 | bf16_mfu: 46.63 | epoch: 1 | total time: 55.99m | eta: 102.4m
step 01548/04357 (35.53%) | loss: 2.911160 | lrm: 1.00 | dt: 2026.04ms | tok/sec: 517,549 | bf16_mfu: 46.55 | epoch: 1 | total time: 56.03m | eta: 102.3m
step 01549/04357 (35.55%) | loss: 2.911616 | lrm: 1.00 | dt: 2025.88ms | tok/sec: 517,591 | bf16_mfu: 46.56 | epoch: 1 | total time: 56.06m | eta: 102.3m
step 01550/04357 (35.57%) | loss: 2.900300 | lrm: 1.00 | dt: 2014.66ms | tok/sec: 520,473 | bf16_mfu: 46.81 | epoch: 1 | total time: 56.09m | eta: 102.2m
step 01551/04357 (35.60%) | loss: 2.878920 | lrm: 1.00 | dt: 2020.91ms | tok/sec: 518,863 | bf16_mfu: 46.67 | epoch: 1 | total time: 56.13m | eta: 102.2m
step 01552/04357 (35.62%) | loss: 2.909643 | lrm: 1.00 | dt: 2022.86ms | tok/sec: 518,362 | bf16_mfu: 46.62 | epoch: 1 | total time: 56.16m | eta: 102.2m
step 01553/04357 (35.64%) | loss: 2.912667 | lrm: 1.00 | dt: 2021.41ms | tok/sec: 518,733 | bf16_mfu: 46.66 | epoch: 1 | total time: 56.19m | eta: 102.1m
step 01554/04357 (35.67%) | loss: 2.905129 | lrm: 1.00 | dt: 2025.35ms | tok/sec: 517,725 | bf16_mfu: 46.57 | epoch: 1 | total time: 56.23m | eta: 102.1m
step 01555/04357 (35.69%) | loss: 2.901900 | lrm: 1.00 | dt: 2025.72ms | tok/sec: 517,631 | bf16_mfu: 46.56 | epoch: 1 | total time: 56.26m | eta: 102.0m
step 01556/04357 (35.71%) | loss: 2.900058 | lrm: 1.00 | dt: 2027.58ms | tok/sec: 517,156 | bf16_mfu: 46.52 | epoch: 1 | total time: 56.30m | eta: 102.0m
step 01557/04357 (35.74%) | loss: 2.885441 | lrm: 1.00 | dt: 2030.63ms | tok/sec: 516,378 | bf16_mfu: 46.45 | epoch: 1 | total time: 56.33m | eta: 102.0m
step 01558/04357 (35.76%) | loss: 2.884196 | lrm: 1.00 | dt: 2025.51ms | tok/sec: 517,685 | bf16_mfu: 46.56 | epoch: 1 | total time: 56.36m | eta: 101.9m
step 01559/04357 (35.78%) | loss: 2.883760 | lrm: 1.00 | dt: 2026.57ms | tok/sec: 517,413 | bf16_mfu: 46.54 | epoch: 1 | total time: 56.40m | eta: 101.9m
step 01560/04357 (35.80%) | loss: 2.883463 | lrm: 1.00 | dt: 2025.44ms | tok/sec: 517,703 | bf16_mfu: 46.57 | epoch: 1 | total time: 56.43m | eta: 101.8m
step 01561/04357 (35.83%) | loss: 2.888690 | lrm: 1.00 | dt: 2029.82ms | tok/sec: 516,585 | bf16_mfu: 46.46 | epoch: 1 | total time: 56.46m | eta: 101.8m
step 01562/04357 (35.85%) | loss: 2.875936 | lrm: 1.00 | dt: 2033.66ms | tok/sec: 515,610 | bf16_mfu: 46.38 | epoch: 1 | total time: 56.50m | eta: 101.7m
step 01563/04357 (35.87%) | loss: 2.883048 | lrm: 1.00 | dt: 2024.81ms | tok/sec: 517,864 | bf16_mfu: 46.58 | epoch: 1 | total time: 56.53m | eta: 101.7m
step 01564/04357 (35.90%) | loss: 2.881930 | lrm: 1.00 | dt: 2027.66ms | tok/sec: 517,134 | bf16_mfu: 46.51 | epoch: 1 | total time: 56.57m | eta: 101.7m
step 01565/04357 (35.92%) | loss: 2.882566 | lrm: 1.00 | dt: 2028.35ms | tok/sec: 516,959 | bf16_mfu: 46.50 | epoch: 1 | total time: 56.60m | eta: 101.6m
step 01566/04357 (35.94%) | loss: 2.884958 | lrm: 1.00 | dt: 2029.35ms | tok/sec: 516,705 | bf16_mfu: 46.48 | epoch: 1 | total time: 56.63m | eta: 101.6m
step 01567/04357 (35.97%) | loss: 2.885156 | lrm: 1.00 | dt: 2031.72ms | tok/sec: 516,101 | bf16_mfu: 46.42 | epoch: 1 | total time: 56.67m | eta: 101.5m
step 01568/04357 (35.99%) | loss: 2.892751 | lrm: 1.00 | dt: 2031.27ms | tok/sec: 516,217 | bf16_mfu: 46.43 | epoch: 1 | total time: 56.70m | eta: 101.5m
step 01569/04357 (36.01%) | loss: 2.904200 | lrm: 1.00 | dt: 2031.80ms | tok/sec: 516,082 | bf16_mfu: 46.42 | epoch: 1 | total time: 56.73m | eta: 101.5m
step 01570/04357 (36.03%) | loss: 2.900240 | lrm: 1.00 | dt: 2035.17ms | tok/sec: 515,227 | bf16_mfu: 46.34 | epoch: 1 | total time: 56.77m | eta: 101.4m
step 01571/04357 (36.06%) | loss: 2.892735 | lrm: 1.00 | dt: 2027.81ms | tok/sec: 517,097 | bf16_mfu: 46.51 | epoch: 1 | total time: 56.80m | eta: 101.4m
step 01572/04357 (36.08%) | loss: 2.904727 | lrm: 1.00 | dt: 2033.43ms | tok/sec: 515,668 | bf16_mfu: 46.38 | epoch: 1 | total time: 56.84m | eta: 101.3m
step 01573/04357 (36.10%) | loss: 2.911400 | lrm: 1.00 | dt: 2025.68ms | tok/sec: 517,641 | bf16_mfu: 46.56 | epoch: 1 | total time: 56.87m | eta: 101.3m
step 01574/04357 (36.13%) | loss: 2.919510 | lrm: 1.00 | dt: 2029.08ms | tok/sec: 516,773 | bf16_mfu: 46.48 | epoch: 1 | total time: 56.90m | eta: 101.3m
step 01575/04357 (36.15%) | loss: 2.914080 | lrm: 1.00 | dt: 2031.77ms | tok/sec: 516,088 | bf16_mfu: 46.42 | epoch: 1 | total time: 56.94m | eta: 101.2m
step 01576/04357 (36.17%) | loss: 2.915228 | lrm: 1.00 | dt: 2030.38ms | tok/sec: 516,442 | bf16_mfu: 46.45 | epoch: 1 | total time: 56.97m | eta: 101.2m
step 01577/04357 (36.19%) | loss: 2.907193 | lrm: 1.00 | dt: 2033.16ms | tok/sec: 515,737 | bf16_mfu: 46.39 | epoch: 1 | total time: 57.01m | eta: 101.1m
step 01578/04357 (36.22%) | loss: 2.907412 | lrm: 1.00 | dt: 2029.84ms | tok/sec: 516,580 | bf16_mfu: 46.46 | epoch: 1 | total time: 57.04m | eta: 101.1m
step 01579/04357 (36.24%) | loss: 2.889408 | lrm: 1.00 | dt: 2034.09ms | tok/sec: 515,501 | bf16_mfu: 46.37 | epoch: 1 | total time: 57.07m | eta: 101.1m
step 01580/04357 (36.26%) | loss: 2.895119 | lrm: 1.00 | dt: 2030.32ms | tok/sec: 516,458 | bf16_mfu: 46.45 | epoch: 1 | total time: 57.11m | eta: 101.0m
step 01581/04357 (36.29%) | loss: 2.893539 | lrm: 1.00 | dt: 2030.26ms | tok/sec: 516,474 | bf16_mfu: 46.45 | epoch: 1 | total time: 57.14m | eta: 101.0m
step 01582/04357 (36.31%) | loss: 2.890972 | lrm: 1.00 | dt: 2033.44ms | tok/sec: 515,665 | bf16_mfu: 46.38 | epoch: 1 | total time: 57.18m | eta: 100.9m
step 01583/04357 (36.33%) | loss: 2.886483 | lrm: 1.00 | dt: 2032.85ms | tok/sec: 515,815 | bf16_mfu: 46.40 | epoch: 1 | total time: 57.21m | eta: 100.9m
step 01584/04357 (36.36%) | loss: 2.881801 | lrm: 1.00 | dt: 2034.35ms | tok/sec: 515,434 | bf16_mfu: 46.36 | epoch: 1 | total time: 57.24m | eta: 100.8m
step 01585/04357 (36.38%) | loss: 2.881651 | lrm: 1.00 | dt: 2026.45ms | tok/sec: 517,445 | bf16_mfu: 46.54 | epoch: 1 | total time: 57.28m | eta: 100.8m
step 01586/04357 (36.40%) | loss: 2.884641 | lrm: 1.00 | dt: 2032.92ms | tok/sec: 515,798 | bf16_mfu: 46.39 | epoch: 1 | total time: 57.31m | eta: 100.8m
step 01587/04357 (36.42%) | loss: 2.877864 | lrm: 1.00 | dt: 2029.55ms | tok/sec: 516,653 | bf16_mfu: 46.47 | epoch: 1 | total time: 57.34m | eta: 100.7m
step 01588/04357 (36.45%) | loss: 2.876908 | lrm: 1.00 | dt: 2024.57ms | tok/sec: 517,924 | bf16_mfu: 46.59 | epoch: 1 | total time: 57.38m | eta: 100.7m
step 01589/04357 (36.47%) | loss: 2.876627 | lrm: 1.00 | dt: 2031.54ms | tok/sec: 516,148 | bf16_mfu: 46.43 | epoch: 1 | total time: 57.41m | eta: 100.6m
step 01590/04357 (36.49%) | loss: 2.876754 | lrm: 1.00 | dt: 2037.60ms | tok/sec: 514,612 | bf16_mfu: 46.29 | epoch: 1 | total time: 57.45m | eta: 100.6m
step 01591/04357 (36.52%) | loss: 2.877960 | lrm: 1.00 | dt: 2034.02ms | tok/sec: 515,519 | bf16_mfu: 46.37 | epoch: 1 | total time: 57.48m | eta: 100.6m
step 01592/04357 (36.54%) | loss: 2.881912 | lrm: 1.00 | dt: 2032.03ms | tok/sec: 516,023 | bf16_mfu: 46.41 | epoch: 1 | total time: 57.51m | eta: 100.5m
step 01593/04357 (36.56%) | loss: 2.889341 | lrm: 1.00 | dt: 2031.20ms | tok/sec: 516,235 | bf16_mfu: 46.43 | epoch: 1 | total time: 57.55m | eta: 100.5m
step 01594/04357 (36.58%) | loss: 2.897799 | lrm: 1.00 | dt: 2031.25ms | tok/sec: 516,223 | bf16_mfu: 46.43 | epoch: 1 | total time: 57.58m | eta: 100.4m
step 01595/04357 (36.61%) | loss: 2.896784 | lrm: 1.00 | dt: 2034.88ms | tok/sec: 515,300 | bf16_mfu: 46.35 | epoch: 1 | total time: 57.62m | eta: 100.4m
step 01596/04357 (36.63%) | loss: 2.879842 | lrm: 1.00 | dt: 2044.66ms | tok/sec: 512,836 | bf16_mfu: 46.13 | epoch: 1 | total time: 57.65m | eta: 100.4m
step 01597/04357 (36.65%) | loss: 2.882870 | lrm: 1.00 | dt: 2031.00ms | tok/sec: 516,285 | bf16_mfu: 46.44 | epoch: 1 | total time: 57.68m | eta: 100.3m
step 01598/04357 (36.68%) | loss: 2.881840 | lrm: 1.00 | dt: 2030.49ms | tok/sec: 516,414 | bf16_mfu: 46.45 | epoch: 1 | total time: 57.72m | eta: 100.3m
step 01599/04357 (36.70%) | loss: 2.887058 | lrm: 1.00 | dt: 2038.06ms | tok/sec: 514,497 | bf16_mfu: 46.28 | epoch: 1 | total time: 57.75m | eta: 100.2m
step 01600/04357 (36.72%) | loss: 2.879575 | lrm: 1.00 | dt: 2030.16ms | tok/sec: 516,499 | bf16_mfu: 46.46 | epoch: 1 | total time: 57.78m | eta: 100.2m
step 01601/04357 (36.75%) | loss: 2.867917 | lrm: 1.00 | dt: 2032.91ms | tok/sec: 515,801 | bf16_mfu: 46.39 | epoch: 1 | total time: 57.82m | eta: 100.2m
step 01602/04357 (36.77%) | loss: 2.877321 | lrm: 1.00 | dt: 2032.27ms | tok/sec: 515,963 | bf16_mfu: 46.41 | epoch: 1 | total time: 57.85m | eta: 100.1m
step 01603/04357 (36.79%) | loss: 2.864985 | lrm: 1.00 | dt: 2030.78ms | tok/sec: 516,340 | bf16_mfu: 46.44 | epoch: 1 | total time: 57.89m | eta: 100.1m
step 01604/04357 (36.81%) | loss: 2.862621 | lrm: 1.00 | dt: 2027.35ms | tok/sec: 517,215 | bf16_mfu: 46.52 | epoch: 1 | total time: 57.92m | eta: 100.0m
step 01605/04357 (36.84%) | loss: 2.864467 | lrm: 1.00 | dt: 2026.00ms | tok/sec: 517,560 | bf16_mfu: 46.55 | epoch: 1 | total time: 57.95m | eta: 100.0m
step 01606/04357 (36.86%) | loss: 2.872585 | lrm: 1.00 | dt: 2033.57ms | tok/sec: 515,632 | bf16_mfu: 46.38 | epoch: 1 | total time: 57.99m | eta: 100.0m
step 01607/04357 (36.88%) | loss: 2.877760 | lrm: 1.00 | dt: 2035.50ms | tok/sec: 515,142 | bf16_mfu: 46.33 | epoch: 1 | total time: 58.02m | eta: 99.9m
step 01608/04357 (36.91%) | loss: 2.855820 | lrm: 1.00 | dt: 2029.97ms | tok/sec: 516,546 | bf16_mfu: 46.46 | epoch: 1 | total time: 58.06m | eta: 99.9m
step 01609/04357 (36.93%) | loss: 2.869931 | lrm: 1.00 | dt: 2030.86ms | tok/sec: 516,322 | bf16_mfu: 46.44 | epoch: 1 | total time: 58.09m | eta: 99.8m
step 01610/04357 (36.95%) | loss: 2.875669 | lrm: 1.00 | dt: 2028.02ms | tok/sec: 517,044 | bf16_mfu: 46.51 | epoch: 1 | total time: 58.12m | eta: 99.8m
step 01611/04357 (36.97%) | loss: 2.879819 | lrm: 1.00 | dt: 2033.54ms | tok/sec: 515,641 | bf16_mfu: 46.38 | epoch: 1 | total time: 58.16m | eta: 99.7m
step 01612/04357 (37.00%) | loss: 2.879965 | lrm: 1.00 | dt: 2031.78ms | tok/sec: 516,087 | bf16_mfu: 46.42 | epoch: 1 | total time: 58.19m | eta: 99.7m
step 01613/04357 (37.02%) | loss: 2.882510 | lrm: 1.00 | dt: 2031.80ms | tok/sec: 516,083 | bf16_mfu: 46.42 | epoch: 1 | total time: 58.22m | eta: 99.7m
step 01614/04357 (37.04%) | loss: 2.893976 | lrm: 1.00 | dt: 2033.32ms | tok/sec: 515,696 | bf16_mfu: 46.38 | epoch: 1 | total time: 58.26m | eta: 99.6m
step 01615/04357 (37.07%) | loss: 2.901040 | lrm: 1.00 | dt: 2030.72ms | tok/sec: 516,356 | bf16_mfu: 46.44 | epoch: 1 | total time: 58.29m | eta: 99.6m
step 01616/04357 (37.09%) | loss: 2.885714 | lrm: 1.00 | dt: 2032.59ms | tok/sec: 515,882 | bf16_mfu: 46.40 | epoch: 1 | total time: 58.33m | eta: 99.5m
step 01617/04357 (37.11%) | loss: 2.881450 | lrm: 1.00 | dt: 2032.46ms | tok/sec: 515,914 | bf16_mfu: 46.40 | epoch: 1 | total time: 58.36m | eta: 99.5m
step 01618/04357 (37.14%) | loss: 2.901724 | lrm: 1.00 | dt: 2031.14ms | tok/sec: 516,250 | bf16_mfu: 46.43 | epoch: 1 | total time: 58.39m | eta: 99.5m
step 01619/04357 (37.16%) | loss: 2.905445 | lrm: 1.00 | dt: 2033.72ms | tok/sec: 515,594 | bf16_mfu: 46.38 | epoch: 1 | total time: 58.43m | eta: 99.4m
step 01620/04357 (37.18%) | loss: 2.904480 | lrm: 1.00 | dt: 2030.37ms | tok/sec: 516,446 | bf16_mfu: 46.45 | epoch: 1 | total time: 58.46m | eta: 99.4m
step 01621/04357 (37.20%) | loss: 2.914501 | lrm: 1.00 | dt: 2031.41ms | tok/sec: 516,181 | bf16_mfu: 46.43 | epoch: 1 | total time: 58.50m | eta: 99.3m
step 01622/04357 (37.23%) | loss: 2.908416 | lrm: 1.00 | dt: 2033.67ms | tok/sec: 515,607 | bf16_mfu: 46.38 | epoch: 1 | total time: 58.53m | eta: 99.3m
step 01623/04357 (37.25%) | loss: 2.913082 | lrm: 1.00 | dt: 2031.22ms | tok/sec: 516,230 | bf16_mfu: 46.43 | epoch: 1 | total time: 58.56m | eta: 99.3m
step 01624/04357 (37.27%) | loss: 2.894649 | lrm: 1.00 | dt: 2033.10ms | tok/sec: 515,751 | bf16_mfu: 46.39 | epoch: 1 | total time: 58.60m | eta: 99.2m
step 01625/04357 (37.30%) | loss: 2.881665 | lrm: 1.00 | dt: 2033.38ms | tok/sec: 515,681 | bf16_mfu: 46.38 | epoch: 1 | total time: 58.63m | eta: 99.2m
step 01626/04357 (37.32%) | loss: 2.892575 | lrm: 1.00 | dt: 2030.61ms | tok/sec: 516,385 | bf16_mfu: 46.45 | epoch: 1 | total time: 58.67m | eta: 99.1m
step 01627/04357 (37.34%) | loss: 2.897633 | lrm: 1.00 | dt: 2033.83ms | tok/sec: 515,566 | bf16_mfu: 46.37 | epoch: 1 | total time: 58.70m | eta: 99.1m
step 01628/04357 (37.37%) | loss: 2.894599 | lrm: 1.00 | dt: 2031.88ms | tok/sec: 516,062 | bf16_mfu: 46.42 | epoch: 1 | total time: 58.73m | eta: 99.1m
step 01629/04357 (37.39%) | loss: 2.885418 | lrm: 1.00 | dt: 2030.63ms | tok/sec: 516,379 | bf16_mfu: 46.45 | epoch: 1 | total time: 58.77m | eta: 99.0m
step 01630/04357 (37.41%) | loss: 2.878701 | lrm: 1.00 | dt: 2033.29ms | tok/sec: 515,704 | bf16_mfu: 46.39 | epoch: 1 | total time: 58.80m | eta: 99.0m
step 01631/04357 (37.43%) | loss: 2.883538 | lrm: 1.00 | dt: 2039.85ms | tok/sec: 514,044 | bf16_mfu: 46.24 | epoch: 1 | total time: 58.83m | eta: 98.9m
step 01632/04357 (37.46%) | loss: 2.888555 | lrm: 1.00 | dt: 2033.81ms | tok/sec: 515,572 | bf16_mfu: 46.37 | epoch: 1 | total time: 58.87m | eta: 98.9m
step 01633/04357 (37.48%) | loss: 2.882162 | lrm: 1.00 | dt: 2037.60ms | tok/sec: 514,614 | bf16_mfu: 46.29 | epoch: 1 | total time: 58.90m | eta: 98.9m
step 01634/04357 (37.50%) | loss: 2.888901 | lrm: 1.00 | dt: 2031.83ms | tok/sec: 516,075 | bf16_mfu: 46.42 | epoch: 1 | total time: 58.94m | eta: 98.8m
step 01635/04357 (37.53%) | loss: 2.880836 | lrm: 1.00 | dt: 2029.96ms | tok/sec: 516,549 | bf16_mfu: 46.46 | epoch: 1 | total time: 58.97m | eta: 98.8m
step 01636/04357 (37.55%) | loss: 2.890797 | lrm: 1.00 | dt: 2031.97ms | tok/sec: 516,038 | bf16_mfu: 46.42 | epoch: 1 | total time: 59.00m | eta: 98.7m
step 01637/04357 (37.57%) | loss: 2.893593 | lrm: 1.00 | dt: 2034.38ms | tok/sec: 515,427 | bf16_mfu: 46.36 | epoch: 1 | total time: 59.04m | eta: 98.7m
step 01638/04357 (37.59%) | loss: 2.901616 | lrm: 1.00 | dt: 2032.54ms | tok/sec: 515,894 | bf16_mfu: 46.40 | epoch: 1 | total time: 59.07m | eta: 98.7m
step 01639/04357 (37.62%) | loss: 2.897188 | lrm: 1.00 | dt: 2032.62ms | tok/sec: 515,873 | bf16_mfu: 46.40 | epoch: 1 | total time: 59.11m | eta: 98.6m
step 01640/04357 (37.64%) | loss: 2.899274 | lrm: 1.00 | dt: 2029.63ms | tok/sec: 516,634 | bf16_mfu: 46.47 | epoch: 1 | total time: 59.14m | eta: 98.6m
step 01641/04357 (37.66%) | loss: 2.892115 | lrm: 1.00 | dt: 2033.09ms | tok/sec: 515,755 | bf16_mfu: 46.39 | epoch: 1 | total time: 59.17m | eta: 98.5m
step 01642/04357 (37.69%) | loss: 2.901341 | lrm: 1.00 | dt: 2033.76ms | tok/sec: 515,584 | bf16_mfu: 46.37 | epoch: 1 | total time: 59.21m | eta: 98.5m
step 01643/04357 (37.71%) | loss: 2.901057 | lrm: 1.00 | dt: 2030.82ms | tok/sec: 516,330 | bf16_mfu: 46.44 | epoch: 1 | total time: 59.24m | eta: 98.5m
step 01644/04357 (37.73%) | loss: 2.901729 | lrm: 1.00 | dt: 2034.76ms | tok/sec: 515,331 | bf16_mfu: 46.35 | epoch: 1 | total time: 59.28m | eta: 98.4m
step 01645/04357 (37.76%) | loss: 2.896547 | lrm: 1.00 | dt: 2029.18ms | tok/sec: 516,747 | bf16_mfu: 46.48 | epoch: 1 | total time: 59.31m | eta: 98.4m
step 01646/04357 (37.78%) | loss: 2.892449 | lrm: 1.00 | dt: 2038.92ms | tok/sec: 514,279 | bf16_mfu: 46.26 | epoch: 1 | total time: 59.34m | eta: 98.3m
step 01647/04357 (37.80%) | loss: 2.891077 | lrm: 1.00 | dt: 2034.86ms | tok/sec: 515,307 | bf16_mfu: 46.35 | epoch: 1 | total time: 59.38m | eta: 98.3m
step 01648/04357 (37.82%) | loss: 2.893093 | lrm: 1.00 | dt: 2041.33ms | tok/sec: 513,672 | bf16_mfu: 46.20 | epoch: 1 | total time: 59.41m | eta: 98.3m
step 01649/04357 (37.85%) | loss: 2.901602 | lrm: 1.00 | dt: 2034.60ms | tok/sec: 515,372 | bf16_mfu: 46.36 | epoch: 1 | total time: 59.44m | eta: 98.2m
step 01650/04357 (37.87%) | loss: 2.904112 | lrm: 1.00 | dt: 2028.69ms | tok/sec: 516,873 | bf16_mfu: 46.49 | epoch: 1 | total time: 59.48m | eta: 98.2m
step 01651/04357 (37.89%) | loss: 2.894670 | lrm: 1.00 | dt: 2031.15ms | tok/sec: 516,246 | bf16_mfu: 46.43 | epoch: 1 | total time: 59.51m | eta: 98.1m
step 01652/04357 (37.92%) | loss: 2.894270 | lrm: 1.00 | dt: 2035.90ms | tok/sec: 515,041 | bf16_mfu: 46.33 | epoch: 1 | total time: 59.55m | eta: 98.1m
step 01653/04357 (37.94%) | loss: 2.895280 | lrm: 1.00 | dt: 2033.74ms | tok/sec: 515,589 | bf16_mfu: 46.38 | epoch: 1 | total time: 59.58m | eta: 98.1m
step 01654/04357 (37.96%) | loss: 2.904114 | lrm: 1.00 | dt: 2032.74ms | tok/sec: 515,843 | bf16_mfu: 46.40 | epoch: 1 | total time: 59.61m | eta: 98.0m
step 01655/04357 (37.98%) | loss: 2.885182 | lrm: 1.00 | dt: 2032.80ms | tok/sec: 515,827 | bf16_mfu: 46.40 | epoch: 1 | total time: 59.65m | eta: 98.0m
step 01656/04357 (38.01%) | loss: 2.880582 | lrm: 1.00 | dt: 2034.76ms | tok/sec: 515,331 | bf16_mfu: 46.35 | epoch: 1 | total time: 59.68m | eta: 97.9m
step 01657/04357 (38.03%) | loss: 2.880963 | lrm: 1.00 | dt: 2036.42ms | tok/sec: 514,911 | bf16_mfu: 46.31 | epoch: 1 | total time: 59.72m | eta: 97.9m
step 01658/04357 (38.05%) | loss: 2.883546 | lrm: 1.00 | dt: 2032.18ms | tok/sec: 515,985 | bf16_mfu: 46.41 | epoch: 1 | total time: 59.75m | eta: 97.9m
step 01659/04357 (38.08%) | loss: 2.888621 | lrm: 1.00 | dt: 2040.87ms | tok/sec: 513,788 | bf16_mfu: 46.21 | epoch: 1 | total time: 59.78m | eta: 97.8m
step 01660/04357 (38.10%) | loss: 2.892985 | lrm: 1.00 | dt: 2045.44ms | tok/sec: 512,640 | bf16_mfu: 46.11 | epoch: 1 | total time: 59.82m | eta: 97.8m
step 01661/04357 (38.12%) | loss: 2.893650 | lrm: 1.00 | dt: 2022.36ms | tok/sec: 518,490 | bf16_mfu: 46.64 | epoch: 1 | total time: 59.85m | eta: 97.7m
step 01662/04357 (38.15%) | loss: 2.894759 | lrm: 1.00 | dt: 2036.38ms | tok/sec: 514,920 | bf16_mfu: 46.31 | epoch: 1 | total time: 59.89m | eta: 97.7m
step 01663/04357 (38.17%) | loss: 2.895546 | lrm: 1.00 | dt: 2033.39ms | tok/sec: 515,677 | bf16_mfu: 46.38 | epoch: 1 | total time: 59.92m | eta: 97.7m
step 01664/04357 (38.19%) | loss: 2.895403 | lrm: 1.00 | dt: 2025.80ms | tok/sec: 517,609 | bf16_mfu: 46.56 | epoch: 1 | total time: 59.95m | eta: 97.6m
step 01665/04357 (38.21%) | loss: 2.901152 | lrm: 1.00 | dt: 2028.90ms | tok/sec: 516,818 | bf16_mfu: 46.49 | epoch: 1 | total time: 59.99m | eta: 97.6m
step 01666/04357 (38.24%) | loss: 2.888852 | lrm: 1.00 | dt: 2034.21ms | tok/sec: 515,471 | bf16_mfu: 46.36 | epoch: 1 | total time: 60.02m | eta: 97.5m
step 01667/04357 (38.26%) | loss: 2.881523 | lrm: 1.00 | dt: 2033.11ms | tok/sec: 515,748 | bf16_mfu: 46.39 | epoch: 1 | total time: 60.05m | eta: 97.5m
step 01668/04357 (38.28%) | loss: 2.883776 | lrm: 1.00 | dt: 2027.46ms | tok/sec: 517,186 | bf16_mfu: 46.52 | epoch: 1 | total time: 60.09m | eta: 97.5m
step 01669/04357 (38.31%) | loss: 2.886502 | lrm: 1.00 | dt: 2034.28ms | tok/sec: 515,452 | bf16_mfu: 46.36 | epoch: 1 | total time: 60.12m | eta: 97.4m
step 01670/04357 (38.33%) | loss: 2.884052 | lrm: 1.00 | dt: 2026.67ms | tok/sec: 517,387 | bf16_mfu: 46.54 | epoch: 1 | total time: 60.16m | eta: 97.4m
step 01671/04357 (38.35%) | loss: 2.884242 | lrm: 1.00 | dt: 2035.76ms | tok/sec: 515,079 | bf16_mfu: 46.33 | epoch: 1 | total time: 60.19m | eta: 97.3m
step 01672/04357 (38.38%) | loss: 2.893693 | lrm: 1.00 | dt: 2031.92ms | tok/sec: 516,052 | bf16_mfu: 46.42 | epoch: 1 | total time: 60.22m | eta: 97.3m
step 01673/04357 (38.40%) | loss: 2.895653 | lrm: 1.00 | dt: 2032.07ms | tok/sec: 516,012 | bf16_mfu: 46.41 | epoch: 1 | total time: 60.26m | eta: 97.3m
step 01674/04357 (38.42%) | loss: 2.911070 | lrm: 1.00 | dt: 2059.16ms | tok/sec: 509,224 | bf16_mfu: 45.80 | epoch: 1 | total time: 60.29m | eta: 97.2m
step 01675/04357 (38.44%) | loss: 2.926320 | lrm: 1.00 | dt: 2034.15ms | tok/sec: 515,486 | bf16_mfu: 46.37 | epoch: 1 | total time: 60.33m | eta: 97.2m
step 01676/04357 (38.47%) | loss: 2.924936 | lrm: 1.00 | dt: 2032.38ms | tok/sec: 515,934 | bf16_mfu: 46.41 | epoch: 1 | total time: 60.36m | eta: 97.1m
step 01677/04357 (38.49%) | loss: 2.919685 | lrm: 1.00 | dt: 2047.64ms | tok/sec: 512,090 | bf16_mfu: 46.06 | epoch: 1 | total time: 60.39m | eta: 97.1m
step 01678/04357 (38.51%) | loss: 2.913561 | lrm: 1.00 | dt: 2033.24ms | tok/sec: 515,717 | bf16_mfu: 46.39 | epoch: 1 | total time: 60.43m | eta: 97.1m
step 01679/04357 (38.54%) | loss: 2.909955 | lrm: 1.00 | dt: 2039.13ms | tok/sec: 514,226 | bf16_mfu: 46.25 | epoch: 1 | total time: 60.46m | eta: 97.0m
step 01680/04357 (38.56%) | loss: 2.898271 | lrm: 1.00 | dt: 2049.32ms | tok/sec: 511,670 | bf16_mfu: 46.02 | epoch: 1 | total time: 60.50m | eta: 97.0m
step 01681/04357 (38.58%) | loss: 2.900755 | lrm: 1.00 | dt: 2032.11ms | tok/sec: 516,003 | bf16_mfu: 46.41 | epoch: 1 | total time: 60.53m | eta: 96.9m
step 01682/04357 (38.60%) | loss: 2.889995 | lrm: 1.00 | dt: 2033.41ms | tok/sec: 515,673 | bf16_mfu: 46.38 | epoch: 1 | total time: 60.56m | eta: 96.9m
step 01683/04357 (38.63%) | loss: 2.881108 | lrm: 1.00 | dt: 2044.81ms | tok/sec: 512,798 | bf16_mfu: 46.12 | epoch: 1 | total time: 60.60m | eta: 96.9m
step 01684/04357 (38.65%) | loss: 2.888463 | lrm: 1.00 | dt: 2037.07ms | tok/sec: 514,747 | bf16_mfu: 46.30 | epoch: 1 | total time: 60.63m | eta: 96.8m
step 01685/04357 (38.67%) | loss: 2.891581 | lrm: 1.00 | dt: 2030.31ms | tok/sec: 516,460 | bf16_mfu: 46.45 | epoch: 1 | total time: 60.67m | eta: 96.8m
step 01686/04357 (38.70%) | loss: 2.873604 | lrm: 1.00 | dt: 2033.12ms | tok/sec: 515,747 | bf16_mfu: 46.39 | epoch: 1 | total time: 60.70m | eta: 96.7m
step 01687/04357 (38.72%) | loss: 2.859421 | lrm: 1.00 | dt: 2032.48ms | tok/sec: 515,909 | bf16_mfu: 46.40 | epoch: 1 | total time: 60.73m | eta: 96.7m
step 01688/04357 (38.74%) | loss: 2.863950 | lrm: 1.00 | dt: 2030.60ms | tok/sec: 516,388 | bf16_mfu: 46.45 | epoch: 1 | total time: 60.77m | eta: 96.7m
step 01689/04357 (38.77%) | loss: 2.853755 | lrm: 1.00 | dt: 2034.20ms | tok/sec: 515,472 | bf16_mfu: 46.36 | epoch: 1 | total time: 60.80m | eta: 96.6m
step 01690/04357 (38.79%) | loss: 2.864623 | lrm: 1.00 | dt: 2031.06ms | tok/sec: 516,269 | bf16_mfu: 46.44 | epoch: 1 | total time: 60.84m | eta: 96.6m
step 01691/04357 (38.81%) | loss: 2.868112 | lrm: 1.00 | dt: 2032.06ms | tok/sec: 516,017 | bf16_mfu: 46.41 | epoch: 1 | total time: 60.87m | eta: 96.5m
step 01692/04357 (38.83%) | loss: 2.877907 | lrm: 1.00 | dt: 2031.23ms | tok/sec: 516,226 | bf16_mfu: 46.43 | epoch: 1 | total time: 60.90m | eta: 96.5m
step 01693/04357 (38.86%) | loss: 2.878324 | lrm: 1.00 | dt: 2034.68ms | tok/sec: 515,352 | bf16_mfu: 46.35 | epoch: 1 | total time: 60.94m | eta: 96.5m
step 01694/04357 (38.88%) | loss: 2.883090 | lrm: 1.00 | dt: 2027.85ms | tok/sec: 517,087 | bf16_mfu: 46.51 | epoch: 1 | total time: 60.97m | eta: 96.4m
step 01695/04357 (38.90%) | loss: 2.872702 | lrm: 1.00 | dt: 2036.04ms | tok/sec: 515,008 | bf16_mfu: 46.32 | epoch: 1 | total time: 61.00m | eta: 96.4m
step 01696/04357 (38.93%) | loss: 2.870732 | lrm: 1.00 | dt: 2035.19ms | tok/sec: 515,223 | bf16_mfu: 46.34 | epoch: 1 | total time: 61.04m | eta: 96.3m
step 01697/04357 (38.95%) | loss: 2.870558 | lrm: 1.00 | dt: 2030.81ms | tok/sec: 516,333 | bf16_mfu: 46.44 | epoch: 1 | total time: 61.07m | eta: 96.3m
step 01698/04357 (38.97%) | loss: 2.879786 | lrm: 1.00 | dt: 2033.01ms | tok/sec: 515,776 | bf16_mfu: 46.39 | epoch: 1 | total time: 61.11m | eta: 96.3m
step 01699/04357 (38.99%) | loss: 2.883810 | lrm: 1.00 | dt: 2035.58ms | tok/sec: 515,123 | bf16_mfu: 46.33 | epoch: 1 | total time: 61.14m | eta: 96.2m
step 01700/04357 (39.02%) | loss: 2.877281 | lrm: 1.00 | dt: 2030.41ms | tok/sec: 516,436 | bf16_mfu: 46.45 | epoch: 1 | total time: 61.17m | eta: 96.2m
step 01701/04357 (39.04%) | loss: 2.888411 | lrm: 1.00 | dt: 2035.03ms | tok/sec: 515,264 | bf16_mfu: 46.35 | epoch: 1 | total time: 61.21m | eta: 96.1m
step 01702/04357 (39.06%) | loss: 2.894134 | lrm: 1.00 | dt: 2027.65ms | tok/sec: 517,138 | bf16_mfu: 46.51 | epoch: 1 | total time: 61.24m | eta: 96.1m
step 01703/04357 (39.09%) | loss: 2.878038 | lrm: 1.00 | dt: 2041.49ms | tok/sec: 513,632 | bf16_mfu: 46.20 | epoch: 1 | total time: 61.28m | eta: 96.1m
step 01704/04357 (39.11%) | loss: 2.881960 | lrm: 1.00 | dt: 2031.22ms | tok/sec: 516,228 | bf16_mfu: 46.43 | epoch: 1 | total time: 61.31m | eta: 96.0m
step 01705/04357 (39.13%) | loss: 2.879384 | lrm: 1.00 | dt: 2029.13ms | tok/sec: 516,761 | bf16_mfu: 46.48 | epoch: 1 | total time: 61.34m | eta: 96.0m
step 01706/04357 (39.16%) | loss: 2.877362 | lrm: 1.00 | dt: 2034.20ms | tok/sec: 515,473 | bf16_mfu: 46.36 | epoch: 1 | total time: 61.38m | eta: 95.9m
step 01707/04357 (39.18%) | loss: 2.882203 | lrm: 1.00 | dt: 2032.42ms | tok/sec: 515,924 | bf16_mfu: 46.41 | epoch: 1 | total time: 61.41m | eta: 95.9m
step 01708/04357 (39.20%) | loss: 2.874260 | lrm: 1.00 | dt: 2032.30ms | tok/sec: 515,955 | bf16_mfu: 46.41 | epoch: 1 | total time: 61.44m | eta: 95.9m
step 01709/04357 (39.22%) | loss: 2.873689 | lrm: 1.00 | dt: 2037.07ms | tok/sec: 514,748 | bf16_mfu: 46.30 | epoch: 1 | total time: 61.48m | eta: 95.8m
step 01710/04357 (39.25%) | loss: 2.871134 | lrm: 1.00 | dt: 2037.08ms | tok/sec: 514,745 | bf16_mfu: 46.30 | epoch: 1 | total time: 61.51m | eta: 95.8m
step 01711/04357 (39.27%) | loss: 2.864267 | lrm: 1.00 | dt: 2034.27ms | tok/sec: 515,455 | bf16_mfu: 46.36 | epoch: 1 | total time: 61.55m | eta: 95.7m
step 01712/04357 (39.29%) | loss: 2.860548 | lrm: 1.00 | dt: 2033.79ms | tok/sec: 515,576 | bf16_mfu: 46.37 | epoch: 1 | total time: 61.58m | eta: 95.7m
step 01713/04357 (39.32%) | loss: 2.857865 | lrm: 1.00 | dt: 2033.97ms | tok/sec: 515,531 | bf16_mfu: 46.37 | epoch: 1 | total time: 61.61m | eta: 95.7m
step 01714/04357 (39.34%) | loss: 2.844996 | lrm: 1.00 | dt: 2034.49ms | tok/sec: 515,399 | bf16_mfu: 46.36 | epoch: 1 | total time: 61.65m | eta: 95.6m
step 01715/04357 (39.36%) | loss: 2.856501 | lrm: 1.00 | dt: 2034.26ms | tok/sec: 515,458 | bf16_mfu: 46.36 | epoch: 1 | total time: 61.68m | eta: 95.6m
step 01716/04357 (39.38%) | loss: 2.861126 | lrm: 1.00 | dt: 2035.74ms | tok/sec: 515,084 | bf16_mfu: 46.33 | epoch: 1 | total time: 61.72m | eta: 95.5m
step 01717/04357 (39.41%) | loss: 2.859219 | lrm: 1.00 | dt: 2031.18ms | tok/sec: 516,240 | bf16_mfu: 46.43 | epoch: 1 | total time: 61.75m | eta: 95.5m
step 01718/04357 (39.43%) | loss: 2.858563 | lrm: 1.00 | dt: 2038.48ms | tok/sec: 514,390 | bf16_mfu: 46.27 | epoch: 1 | total time: 61.78m | eta: 95.5m
step 01719/04357 (39.45%) | loss: 2.856318 | lrm: 1.00 | dt: 2033.31ms | tok/sec: 515,697 | bf16_mfu: 46.38 | epoch: 1 | total time: 61.82m | eta: 95.4m
step 01720/04357 (39.48%) | loss: 2.862223 | lrm: 1.00 | dt: 2031.17ms | tok/sec: 516,242 | bf16_mfu: 46.43 | epoch: 1 | total time: 61.85m | eta: 95.4m
step 01721/04357 (39.50%) | loss: 2.858618 | lrm: 1.00 | dt: 2031.49ms | tok/sec: 516,160 | bf16_mfu: 46.43 | epoch: 1 | total time: 61.89m | eta: 95.3m
step 01722/04357 (39.52%) | loss: 2.863671 | lrm: 1.00 | dt: 2026.03ms | tok/sec: 517,551 | bf16_mfu: 46.55 | epoch: 1 | total time: 61.92m | eta: 95.3m
step 01723/04357 (39.55%) | loss: 2.866465 | lrm: 1.00 | dt: 2032.48ms | tok/sec: 515,908 | bf16_mfu: 46.40 | epoch: 1 | total time: 61.95m | eta: 95.3m
step 01724/04357 (39.57%) | loss: 2.854596 | lrm: 1.00 | dt: 2027.46ms | tok/sec: 517,186 | bf16_mfu: 46.52 | epoch: 1 | total time: 61.99m | eta: 95.2m
step 01725/04357 (39.59%) | loss: 2.861274 | lrm: 1.00 | dt: 2035.80ms | tok/sec: 515,069 | bf16_mfu: 46.33 | epoch: 1 | total time: 62.02m | eta: 95.2m
step 01726/04357 (39.61%) | loss: 2.864839 | lrm: 1.00 | dt: 2038.93ms | tok/sec: 514,277 | bf16_mfu: 46.26 | epoch: 1 | total time: 62.06m | eta: 95.1m
step 01727/04357 (39.64%) | loss: 2.864971 | lrm: 1.00 | dt: 2035.79ms | tok/sec: 515,070 | bf16_mfu: 46.33 | epoch: 1 | total time: 62.09m | eta: 95.1m
step 01728/04357 (39.66%) | loss: 2.854522 | lrm: 1.00 | dt: 2037.70ms | tok/sec: 514,587 | bf16_mfu: 46.29 | epoch: 1 | total time: 62.12m | eta: 95.1m
step 01729/04357 (39.68%) | loss: 2.854349 | lrm: 1.00 | dt: 2034.60ms | tok/sec: 515,373 | bf16_mfu: 46.36 | epoch: 1 | total time: 62.16m | eta: 95.0m
step 01730/04357 (39.71%) | loss: 2.861814 | lrm: 1.00 | dt: 2030.05ms | tok/sec: 516,526 | bf16_mfu: 46.46 | epoch: 1 | total time: 62.19m | eta: 95.0m
step 01731/04357 (39.73%) | loss: 2.859195 | lrm: 1.00 | dt: 2034.17ms | tok/sec: 515,481 | bf16_mfu: 46.37 | epoch: 1 | total time: 62.22m | eta: 94.9m
step 01732/04357 (39.75%) | loss: 2.853578 | lrm: 1.00 | dt: 2028.93ms | tok/sec: 516,811 | bf16_mfu: 46.49 | epoch: 1 | total time: 62.26m | eta: 94.9m
step 01733/04357 (39.78%) | loss: 2.857470 | lrm: 1.00 | dt: 2029.73ms | tok/sec: 516,608 | bf16_mfu: 46.47 | epoch: 1 | total time: 62.29m | eta: 94.9m
step 01734/04357 (39.80%) | loss: 2.869775 | lrm: 1.00 | dt: 2035.68ms | tok/sec: 515,097 | bf16_mfu: 46.33 | epoch: 1 | total time: 62.33m | eta: 94.8m
step 01735/04357 (39.82%) | loss: 2.861917 | lrm: 1.00 | dt: 2031.78ms | tok/sec: 516,086 | bf16_mfu: 46.42 | epoch: 1 | total time: 62.36m | eta: 94.8m
step 01736/04357 (39.84%) | loss: 2.857421 | lrm: 1.00 | dt: 2030.78ms | tok/sec: 516,341 | bf16_mfu: 46.44 | epoch: 1 | total time: 62.39m | eta: 94.7m
step 01737/04357 (39.87%) | loss: 2.849558 | lrm: 1.00 | dt: 2030.81ms | tok/sec: 516,333 | bf16_mfu: 46.44 | epoch: 1 | total time: 62.43m | eta: 94.7m
step 01738/04357 (39.89%) | loss: 2.861056 | lrm: 1.00 | dt: 2031.11ms | tok/sec: 516,257 | bf16_mfu: 46.44 | epoch: 1 | total time: 62.46m | eta: 94.7m
step 01739/04357 (39.91%) | loss: 2.865590 | lrm: 1.00 | dt: 2034.07ms | tok/sec: 515,507 | bf16_mfu: 46.37 | epoch: 1 | total time: 62.50m | eta: 94.6m
step 01740/04357 (39.94%) | loss: 2.869171 | lrm: 1.00 | dt: 2031.95ms | tok/sec: 516,043 | bf16_mfu: 46.42 | epoch: 1 | total time: 62.53m | eta: 94.6m
step 01741/04357 (39.96%) | loss: 2.861151 | lrm: 1.00 | dt: 2032.33ms | tok/sec: 515,948 | bf16_mfu: 46.41 | epoch: 1 | total time: 62.56m | eta: 94.5m
step 01742/04357 (39.98%) | loss: 2.863112 | lrm: 1.00 | dt: 2030.56ms | tok/sec: 516,396 | bf16_mfu: 46.45 | epoch: 1 | total time: 62.60m | eta: 94.5m
step 01743/04357 (40.00%) | loss: 2.870821 | lrm: 1.00 | dt: 2061.10ms | tok/sec: 508,746 | bf16_mfu: 45.76 | epoch: 1 | total time: 62.63m | eta: 94.5m
step 01744/04357 (40.03%) | loss: 2.859914 | lrm: 1.00 | dt: 2034.14ms | tok/sec: 515,488 | bf16_mfu: 46.37 | epoch: 1 | total time: 62.67m | eta: 94.4m
step 01745/04357 (40.05%) | loss: 2.862004 | lrm: 1.00 | dt: 2034.62ms | tok/sec: 515,367 | bf16_mfu: 46.36 | epoch: 1 | total time: 62.70m | eta: 94.4m
step 01746/04357 (40.07%) | loss: 2.880972 | lrm: 1.00 | dt: 2036.21ms | tok/sec: 514,963 | bf16_mfu: 46.32 | epoch: 1 | total time: 62.73m | eta: 94.4m
step 01747/04357 (40.10%) | loss: 2.888844 | lrm: 1.00 | dt: 2026.91ms | tok/sec: 517,326 | bf16_mfu: 46.53 | epoch: 1 | total time: 62.77m | eta: 94.3m
step 01748/04357 (40.12%) | loss: 2.875700 | lrm: 1.00 | dt: 2036.47ms | tok/sec: 514,898 | bf16_mfu: 46.31 | epoch: 1 | total time: 62.80m | eta: 94.3m
step 01749/04357 (40.14%) | loss: 2.880322 | lrm: 1.00 | dt: 2030.83ms | tok/sec: 516,329 | bf16_mfu: 46.44 | epoch: 1 | total time: 62.83m | eta: 94.2m
Step 01750 | Validation bpb: 0.870272
step 01750/04357 (40.17%) | loss: 2.869366 | lrm: 1.00 | dt: 35656.81ms | tok/sec: 29,407 | bf16_mfu: 2.65 | epoch: 1 | total time: 63.43m | eta: 95.0m
step 01751/04357 (40.19%) | loss: 2.873941 | lrm: 1.00 | dt: 1975.02ms | tok/sec: 530,919 | bf16_mfu: 47.75 | epoch: 1 | total time: 63.46m | eta: 95.0m
step 01752/04357 (40.21%) | loss: 2.865317 | lrm: 1.00 | dt: 1987.06ms | tok/sec: 527,702 | bf16_mfu: 47.46 | epoch: 1 | total time: 63.50m | eta: 95.0m
step 01753/04357 (40.23%) | loss: 2.863846 | lrm: 1.00 | dt: 1982.25ms | tok/sec: 528,982 | bf16_mfu: 47.58 | epoch: 1 | total time: 63.53m | eta: 94.9m
step 01754/04357 (40.26%) | loss: 2.853998 | lrm: 1.00 | dt: 2001.31ms | tok/sec: 523,944 | bf16_mfu: 47.13 | epoch: 1 | total time: 63.56m | eta: 94.9m
step 01755/04357 (40.28%) | loss: 2.859151 | lrm: 1.00 | dt: 1990.43ms | tok/sec: 526,809 | bf16_mfu: 47.38 | epoch: 1 | total time: 63.59m | eta: 94.8m
step 01756/04357 (40.30%) | loss: 2.861669 | lrm: 1.00 | dt: 1985.77ms | tok/sec: 528,044 | bf16_mfu: 47.50 | epoch: 1 | total time: 63.63m | eta: 94.8m
step 01757/04357 (40.33%) | loss: 2.857028 | lrm: 1.00 | dt: 1986.22ms | tok/sec: 527,924 | bf16_mfu: 47.48 | epoch: 1 | total time: 63.66m | eta: 94.7m
step 01758/04357 (40.35%) | loss: 2.846734 | lrm: 1.00 | dt: 1994.07ms | tok/sec: 525,847 | bf16_mfu: 47.30 | epoch: 1 | total time: 63.69m | eta: 94.7m
step 01759/04357 (40.37%) | loss: 2.845517 | lrm: 1.00 | dt: 1991.60ms | tok/sec: 526,499 | bf16_mfu: 47.36 | epoch: 1 | total time: 63.73m | eta: 94.7m
step 01760/04357 (40.39%) | loss: 2.851960 | lrm: 1.00 | dt: 1995.21ms | tok/sec: 525,547 | bf16_mfu: 47.27 | epoch: 1 | total time: 63.76m | eta: 94.6m
step 01761/04357 (40.42%) | loss: 2.866043 | lrm: 1.00 | dt: 1989.57ms | tok/sec: 527,037 | bf16_mfu: 47.40 | epoch: 1 | total time: 63.79m | eta: 94.6m
step 01762/04357 (40.44%) | loss: 2.867064 | lrm: 1.00 | dt: 1992.45ms | tok/sec: 526,274 | bf16_mfu: 47.34 | epoch: 1 | total time: 63.83m | eta: 94.5m
step 01763/04357 (40.46%) | loss: 2.847542 | lrm: 1.00 | dt: 1989.11ms | tok/sec: 527,159 | bf16_mfu: 47.42 | epoch: 1 | total time: 63.86m | eta: 94.5m
step 01764/04357 (40.49%) | loss: 2.843767 | lrm: 1.00 | dt: 1992.39ms | tok/sec: 526,290 | bf16_mfu: 47.34 | epoch: 1 | total time: 63.89m | eta: 94.5m
step 01765/04357 (40.51%) | loss: 2.840081 | lrm: 1.00 | dt: 1996.27ms | tok/sec: 525,267 | bf16_mfu: 47.25 | epoch: 1 | total time: 63.93m | eta: 94.4m
step 01766/04357 (40.53%) | loss: 2.844913 | lrm: 1.00 | dt: 2001.78ms | tok/sec: 523,821 | bf16_mfu: 47.12 | epoch: 1 | total time: 63.96m | eta: 94.4m
step 01767/04357 (40.56%) | loss: 2.843817 | lrm: 1.00 | dt: 1999.47ms | tok/sec: 524,426 | bf16_mfu: 47.17 | epoch: 1 | total time: 63.99m | eta: 94.3m
step 01768/04357 (40.58%) | loss: 2.856151 | lrm: 1.00 | dt: 2000.70ms | tok/sec: 524,105 | bf16_mfu: 47.14 | epoch: 1 | total time: 64.03m | eta: 94.3m
step 01769/04357 (40.60%) | loss: 2.855909 | lrm: 1.00 | dt: 2002.75ms | tok/sec: 523,567 | bf16_mfu: 47.09 | epoch: 1 | total time: 64.06m | eta: 94.3m
step 01770/04357 (40.62%) | loss: 2.839308 | lrm: 1.00 | dt: 2001.71ms | tok/sec: 523,840 | bf16_mfu: 47.12 | epoch: 1 | total time: 64.09m | eta: 94.2m
step 01771/04357 (40.65%) | loss: 2.840673 | lrm: 1.00 | dt: 2001.28ms | tok/sec: 523,952 | bf16_mfu: 47.13 | epoch: 1 | total time: 64.13m | eta: 94.2m
step 01772/04357 (40.67%) | loss: 2.829481 | lrm: 1.00 | dt: 2004.84ms | tok/sec: 523,021 | bf16_mfu: 47.04 | epoch: 1 | total time: 64.16m | eta: 94.1m
step 01773/04357 (40.69%) | loss: 2.836836 | lrm: 1.00 | dt: 2005.97ms | tok/sec: 522,727 | bf16_mfu: 47.02 | epoch: 1 | total time: 64.19m | eta: 94.1m
step 01774/04357 (40.72%) | loss: 2.825988 | lrm: 1.00 | dt: 2006.45ms | tok/sec: 522,602 | bf16_mfu: 47.01 | epoch: 1 | total time: 64.23m | eta: 94.0m
step 01775/04357 (40.74%) | loss: 2.823184 | lrm: 1.00 | dt: 2007.22ms | tok/sec: 522,402 | bf16_mfu: 46.99 | epoch: 1 | total time: 64.26m | eta: 94.0m
step 01776/04357 (40.76%) | loss: 2.840629 | lrm: 1.00 | dt: 2011.48ms | tok/sec: 521,296 | bf16_mfu: 46.89 | epoch: 1 | total time: 64.29m | eta: 94.0m
step 01777/04357 (40.78%) | loss: 2.851784 | lrm: 1.00 | dt: 2013.12ms | tok/sec: 520,871 | bf16_mfu: 46.85 | epoch: 1 | total time: 64.33m | eta: 93.9m
step 01778/04357 (40.81%) | loss: 2.852787 | lrm: 1.00 | dt: 2010.05ms | tok/sec: 521,667 | bf16_mfu: 46.92 | epoch: 1 | total time: 64.36m | eta: 93.9m
step 01779/04357 (40.83%) | loss: 2.841275 | lrm: 1.00 | dt: 2013.35ms | tok/sec: 520,812 | bf16_mfu: 46.84 | epoch: 1 | total time: 64.39m | eta: 93.8m
step 01780/04357 (40.85%) | loss: 2.842773 | lrm: 1.00 | dt: 2013.44ms | tok/sec: 520,788 | bf16_mfu: 46.84 | epoch: 1 | total time: 64.43m | eta: 93.8m
step 01781/04357 (40.88%) | loss: 2.843570 | lrm: 1.00 | dt: 2012.79ms | tok/sec: 520,956 | bf16_mfu: 46.86 | epoch: 1 | total time: 64.46m | eta: 93.8m
step 01782/04357 (40.90%) | loss: 2.854333 | lrm: 1.00 | dt: 2016.65ms | tok/sec: 519,960 | bf16_mfu: 46.77 | epoch: 1 | total time: 64.50m | eta: 93.7m
step 01783/04357 (40.92%) | loss: 2.858140 | lrm: 1.00 | dt: 2022.16ms | tok/sec: 518,541 | bf16_mfu: 46.64 | epoch: 1 | total time: 64.53m | eta: 93.7m
step 01784/04357 (40.95%) | loss: 2.852236 | lrm: 1.00 | dt: 2019.05ms | tok/sec: 519,341 | bf16_mfu: 46.71 | epoch: 1 | total time: 64.56m | eta: 93.6m
step 01785/04357 (40.97%) | loss: 2.868046 | lrm: 1.00 | dt: 2014.15ms | tok/sec: 520,605 | bf16_mfu: 46.83 | epoch: 1 | total time: 64.60m | eta: 93.6m
step 01786/04357 (40.99%) | loss: 2.871947 | lrm: 1.00 | dt: 2015.22ms | tok/sec: 520,327 | bf16_mfu: 46.80 | epoch: 1 | total time: 64.63m | eta: 93.6m
step 01787/04357 (41.01%) | loss: 2.873603 | lrm: 1.00 | dt: 2017.52ms | tok/sec: 519,734 | bf16_mfu: 46.75 | epoch: 1 | total time: 64.66m | eta: 93.5m
step 01788/04357 (41.04%) | loss: 2.882303 | lrm: 1.00 | dt: 2017.50ms | tok/sec: 519,739 | bf16_mfu: 46.75 | epoch: 1 | total time: 64.70m | eta: 93.5m
step 01789/04357 (41.06%) | loss: 2.884994 | lrm: 1.00 | dt: 2019.70ms | tok/sec: 519,174 | bf16_mfu: 46.70 | epoch: 1 | total time: 64.73m | eta: 93.4m
step 01790/04357 (41.08%) | loss: 2.888975 | lrm: 1.00 | dt: 2019.39ms | tok/sec: 519,253 | bf16_mfu: 46.70 | epoch: 1 | total time: 64.76m | eta: 93.4m
step 01791/04357 (41.11%) | loss: 2.886303 | lrm: 1.00 | dt: 2016.09ms | tok/sec: 520,103 | bf16_mfu: 46.78 | epoch: 1 | total time: 64.80m | eta: 93.4m
step 01792/04357 (41.13%) | loss: 2.881969 | lrm: 1.00 | dt: 2021.84ms | tok/sec: 518,623 | bf16_mfu: 46.65 | epoch: 1 | total time: 64.83m | eta: 93.3m
step 01793/04357 (41.15%) | loss: 2.880580 | lrm: 1.00 | dt: 2018.82ms | tok/sec: 519,400 | bf16_mfu: 46.72 | epoch: 1 | total time: 64.87m | eta: 93.3m
step 01794/04357 (41.18%) | loss: 2.873907 | lrm: 1.00 | dt: 2017.35ms | tok/sec: 519,780 | bf16_mfu: 46.75 | epoch: 1 | total time: 64.90m | eta: 93.2m
step 01795/04357 (41.20%) | loss: 2.884452 | lrm: 1.00 | dt: 2012.62ms | tok/sec: 521,000 | bf16_mfu: 46.86 | epoch: 1 | total time: 64.93m | eta: 93.2m
step 01796/04357 (41.22%) | loss: 2.879746 | lrm: 1.00 | dt: 2023.83ms | tok/sec: 518,114 | bf16_mfu: 46.60 | epoch: 1 | total time: 64.97m | eta: 93.2m
step 01797/04357 (41.24%) | loss: 2.876622 | lrm: 1.00 | dt: 2021.96ms | tok/sec: 518,594 | bf16_mfu: 46.65 | epoch: 1 | total time: 65.00m | eta: 93.1m
step 01798/04357 (41.27%) | loss: 2.868397 | lrm: 1.00 | dt: 2019.34ms | tok/sec: 519,267 | bf16_mfu: 46.71 | epoch: 1 | total time: 65.03m | eta: 93.1m
step 01799/04357 (41.29%) | loss: 2.879457 | lrm: 1.00 | dt: 2025.99ms | tok/sec: 517,562 | bf16_mfu: 46.55 | epoch: 1 | total time: 65.07m | eta: 93.0m
step 01800/04357 (41.31%) | loss: 2.867131 | lrm: 1.00 | dt: 2021.98ms | tok/sec: 518,589 | bf16_mfu: 46.64 | epoch: 1 | total time: 65.10m | eta: 93.0m
step 01801/04357 (41.34%) | loss: 2.858691 | lrm: 1.00 | dt: 2026.87ms | tok/sec: 517,337 | bf16_mfu: 46.53 | epoch: 1 | total time: 65.13m | eta: 93.0m
step 01802/04357 (41.36%) | loss: 2.855518 | lrm: 1.00 | dt: 2027.75ms | tok/sec: 517,113 | bf16_mfu: 46.51 | epoch: 1 | total time: 65.17m | eta: 92.9m
step 01803/04357 (41.38%) | loss: 2.856511 | lrm: 1.00 | dt: 2022.33ms | tok/sec: 518,499 | bf16_mfu: 46.64 | epoch: 1 | total time: 65.20m | eta: 92.9m
step 01804/04357 (41.40%) | loss: 2.865697 | lrm: 1.00 | dt: 2025.46ms | tok/sec: 517,696 | bf16_mfu: 46.56 | epoch: 1 | total time: 65.24m | eta: 92.8m
step 01805/04357 (41.43%) | loss: 2.869063 | lrm: 1.00 | dt: 2028.27ms | tok/sec: 516,981 | bf16_mfu: 46.50 | epoch: 1 | total time: 65.27m | eta: 92.8m
step 01806/04357 (41.45%) | loss: 2.869177 | lrm: 1.00 | dt: 2027.40ms | tok/sec: 517,202 | bf16_mfu: 46.52 | epoch: 1 | total time: 65.30m | eta: 92.8m
step 01807/04357 (41.47%) | loss: 2.868424 | lrm: 1.00 | dt: 2027.82ms | tok/sec: 517,096 | bf16_mfu: 46.51 | epoch: 1 | total time: 65.34m | eta: 92.7m
step 01808/04357 (41.50%) | loss: 2.873542 | lrm: 1.00 | dt: 2026.58ms | tok/sec: 517,410 | bf16_mfu: 46.54 | epoch: 1 | total time: 65.37m | eta: 92.7m
step 01809/04357 (41.52%) | loss: 2.867695 | lrm: 1.00 | dt: 2026.26ms | tok/sec: 517,494 | bf16_mfu: 46.55 | epoch: 1 | total time: 65.40m | eta: 92.6m
step 01810/04357 (41.54%) | loss: 2.866306 | lrm: 1.00 | dt: 2030.87ms | tok/sec: 516,319 | bf16_mfu: 46.44 | epoch: 1 | total time: 65.44m | eta: 92.6m
step 01811/04357 (41.57%) | loss: 2.874013 | lrm: 1.00 | dt: 2029.54ms | tok/sec: 516,657 | bf16_mfu: 46.47 | epoch: 1 | total time: 65.47m | eta: 92.6m
step 01812/04357 (41.59%) | loss: 2.879126 | lrm: 1.00 | dt: 2031.11ms | tok/sec: 516,257 | bf16_mfu: 46.44 | epoch: 1 | total time: 65.51m | eta: 92.5m
step 01813/04357 (41.61%) | loss: 2.871155 | lrm: 1.00 | dt: 2028.25ms | tok/sec: 516,986 | bf16_mfu: 46.50 | epoch: 1 | total time: 65.54m | eta: 92.5m
step 01814/04357 (41.63%) | loss: 2.865951 | lrm: 1.00 | dt: 2027.68ms | tok/sec: 517,130 | bf16_mfu: 46.51 | epoch: 1 | total time: 65.57m | eta: 92.4m
step 01815/04357 (41.66%) | loss: 2.867739 | lrm: 1.00 | dt: 2030.37ms | tok/sec: 516,446 | bf16_mfu: 46.45 | epoch: 1 | total time: 65.61m | eta: 92.4m
step 01816/04357 (41.68%) | loss: 2.860283 | lrm: 1.00 | dt: 2027.54ms | tok/sec: 517,165 | bf16_mfu: 46.52 | epoch: 1 | total time: 65.64m | eta: 92.4m
step 01817/04357 (41.70%) | loss: 2.861319 | lrm: 1.00 | dt: 2031.28ms | tok/sec: 516,213 | bf16_mfu: 46.43 | epoch: 1 | total time: 65.68m | eta: 92.3m
step 01818/04357 (41.73%) | loss: 2.855508 | lrm: 1.00 | dt: 2029.94ms | tok/sec: 516,554 | bf16_mfu: 46.46 | epoch: 1 | total time: 65.71m | eta: 92.3m
step 01819/04357 (41.75%) | loss: 2.849645 | lrm: 1.00 | dt: 2027.11ms | tok/sec: 517,275 | bf16_mfu: 46.53 | epoch: 1 | total time: 65.74m | eta: 92.2m
step 01820/04357 (41.77%) | loss: 2.861111 | lrm: 1.00 | dt: 2034.09ms | tok/sec: 515,500 | bf16_mfu: 46.37 | epoch: 1 | total time: 65.78m | eta: 92.2m
step 01821/04357 (41.79%) | loss: 2.863945 | lrm: 1.00 | dt: 2032.66ms | tok/sec: 515,865 | bf16_mfu: 46.40 | epoch: 1 | total time: 65.81m | eta: 92.2m
step 01822/04357 (41.82%) | loss: 2.853403 | lrm: 1.00 | dt: 2033.87ms | tok/sec: 515,556 | bf16_mfu: 46.37 | epoch: 1 | total time: 65.84m | eta: 92.1m
step 01823/04357 (41.84%) | loss: 2.857044 | lrm: 1.00 | dt: 2041.83ms | tok/sec: 513,547 | bf16_mfu: 46.19 | epoch: 1 | total time: 65.88m | eta: 92.1m
step 01824/04357 (41.86%) | loss: 2.862883 | lrm: 1.00 | dt: 2037.33ms | tok/sec: 514,682 | bf16_mfu: 46.29 | epoch: 1 | total time: 65.91m | eta: 92.0m
step 01825/04357 (41.89%) | loss: 2.873861 | lrm: 1.00 | dt: 2027.49ms | tok/sec: 517,178 | bf16_mfu: 46.52 | epoch: 1 | total time: 65.95m | eta: 92.0m
step 01826/04357 (41.91%) | loss: 2.858141 | lrm: 1.00 | dt: 2043.86ms | tok/sec: 513,036 | bf16_mfu: 46.15 | epoch: 1 | total time: 65.98m | eta: 92.0m
step 01827/04357 (41.93%) | loss: 2.866593 | lrm: 1.00 | dt: 2032.30ms | tok/sec: 515,955 | bf16_mfu: 46.41 | epoch: 1 | total time: 66.01m | eta: 91.9m
step 01828/04357 (41.96%) | loss: 2.877361 | lrm: 1.00 | dt: 2027.38ms | tok/sec: 517,207 | bf16_mfu: 46.52 | epoch: 1 | total time: 66.05m | eta: 91.9m
step 01829/04357 (41.98%) | loss: 2.871698 | lrm: 1.00 | dt: 2033.10ms | tok/sec: 515,751 | bf16_mfu: 46.39 | epoch: 1 | total time: 66.08m | eta: 91.8m
step 01830/04357 (42.00%) | loss: 2.877014 | lrm: 1.00 | dt: 2027.08ms | tok/sec: 517,284 | bf16_mfu: 46.53 | epoch: 1 | total time: 66.12m | eta: 91.8m
step 01831/04357 (42.02%) | loss: 2.881932 | lrm: 1.00 | dt: 2030.20ms | tok/sec: 516,488 | bf16_mfu: 46.46 | epoch: 1 | total time: 66.15m | eta: 91.8m
step 01832/04357 (42.05%) | loss: 2.870159 | lrm: 1.00 | dt: 2035.16ms | tok/sec: 515,230 | bf16_mfu: 46.34 | epoch: 1 | total time: 66.18m | eta: 91.7m
step 01833/04357 (42.07%) | loss: 2.862899 | lrm: 1.00 | dt: 2026.86ms | tok/sec: 517,341 | bf16_mfu: 46.53 | epoch: 1 | total time: 66.22m | eta: 91.7m
step 01834/04357 (42.09%) | loss: 2.857647 | lrm: 1.00 | dt: 2031.61ms | tok/sec: 516,130 | bf16_mfu: 46.42 | epoch: 1 | total time: 66.25m | eta: 91.6m
step 01835/04357 (42.12%) | loss: 2.862882 | lrm: 1.00 | dt: 2042.99ms | tok/sec: 513,255 | bf16_mfu: 46.17 | epoch: 1 | total time: 66.29m | eta: 91.6m
step 01836/04357 (42.14%) | loss: 2.865675 | lrm: 1.00 | dt: 2033.09ms | tok/sec: 515,753 | bf16_mfu: 46.39 | epoch: 1 | total time: 66.32m | eta: 91.6m
step 01837/04357 (42.16%) | loss: 2.858772 | lrm: 1.00 | dt: 2034.85ms | tok/sec: 515,307 | bf16_mfu: 46.35 | epoch: 1 | total time: 66.35m | eta: 91.5m
step 01838/04357 (42.18%) | loss: 2.868860 | lrm: 1.00 | dt: 2035.61ms | tok/sec: 515,117 | bf16_mfu: 46.33 | epoch: 1 | total time: 66.39m | eta: 91.5m
step 01839/04357 (42.21%) | loss: 2.861665 | lrm: 1.00 | dt: 2031.48ms | tok/sec: 516,164 | bf16_mfu: 46.43 | epoch: 1 | total time: 66.42m | eta: 91.4m
step 01840/04357 (42.23%) | loss: 2.854958 | lrm: 1.00 | dt: 2031.69ms | tok/sec: 516,110 | bf16_mfu: 46.42 | epoch: 1 | total time: 66.45m | eta: 91.4m
step 01841/04357 (42.25%) | loss: 2.866660 | lrm: 1.00 | dt: 2033.09ms | tok/sec: 515,755 | bf16_mfu: 46.39 | epoch: 1 | total time: 66.49m | eta: 91.4m
step 01842/04357 (42.28%) | loss: 2.862678 | lrm: 1.00 | dt: 2030.69ms | tok/sec: 516,364 | bf16_mfu: 46.44 | epoch: 1 | total time: 66.52m | eta: 91.3m
step 01843/04357 (42.30%) | loss: 2.863757 | lrm: 1.00 | dt: 2034.21ms | tok/sec: 515,469 | bf16_mfu: 46.36 | epoch: 1 | total time: 66.56m | eta: 91.3m
step 01844/04357 (42.32%) | loss: 2.856383 | lrm: 1.00 | dt: 2031.14ms | tok/sec: 516,250 | bf16_mfu: 46.43 | epoch: 1 | total time: 66.59m | eta: 91.2m
step 01845/04357 (42.35%) | loss: 2.841977 | lrm: 1.00 | dt: 2026.92ms | tok/sec: 517,323 | bf16_mfu: 46.53 | epoch: 1 | total time: 66.62m | eta: 91.2m
step 01846/04357 (42.37%) | loss: 2.842812 | lrm: 1.00 | dt: 2034.54ms | tok/sec: 515,386 | bf16_mfu: 46.36 | epoch: 1 | total time: 66.66m | eta: 91.2m
step 01847/04357 (42.39%) | loss: 2.846543 | lrm: 1.00 | dt: 2036.09ms | tok/sec: 514,995 | bf16_mfu: 46.32 | epoch: 1 | total time: 66.69m | eta: 91.1m
step 01848/04357 (42.41%) | loss: 2.855859 | lrm: 1.00 | dt: 2031.33ms | tok/sec: 516,200 | bf16_mfu: 46.43 | epoch: 1 | total time: 66.73m | eta: 91.1m
step 01849/04357 (42.44%) | loss: 2.846756 | lrm: 1.00 | dt: 2046.41ms | tok/sec: 512,397 | bf16_mfu: 46.09 | epoch: 1 | total time: 66.76m | eta: 91.0m
step 01850/04357 (42.46%) | loss: 2.834330 | lrm: 1.00 | dt: 2035.25ms | tok/sec: 515,206 | bf16_mfu: 46.34 | epoch: 1 | total time: 66.79m | eta: 91.0m
step 01851/04357 (42.48%) | loss: 2.835063 | lrm: 1.00 | dt: 2035.11ms | tok/sec: 515,243 | bf16_mfu: 46.34 | epoch: 1 | total time: 66.83m | eta: 91.0m
step 01852/04357 (42.51%) | loss: 2.833418 | lrm: 1.00 | dt: 2037.02ms | tok/sec: 514,760 | bf16_mfu: 46.30 | epoch: 1 | total time: 66.86m | eta: 90.9m
step 01853/04357 (42.53%) | loss: 2.829834 | lrm: 1.00 | dt: 2029.61ms | tok/sec: 516,640 | bf16_mfu: 46.47 | epoch: 1 | total time: 66.90m | eta: 90.9m
step 01854/04357 (42.55%) | loss: 2.818970 | lrm: 1.00 | dt: 2031.32ms | tok/sec: 516,205 | bf16_mfu: 46.43 | epoch: 1 | total time: 66.93m | eta: 90.8m
step 01855/04357 (42.58%) | loss: 2.826816 | lrm: 1.00 | dt: 2034.16ms | tok/sec: 515,482 | bf16_mfu: 46.37 | epoch: 1 | total time: 66.96m | eta: 90.8m
step 01856/04357 (42.60%) | loss: 2.825531 | lrm: 1.00 | dt: 2031.63ms | tok/sec: 516,126 | bf16_mfu: 46.42 | epoch: 1 | total time: 67.00m | eta: 90.8m
step 01857/04357 (42.62%) | loss: 2.813725 | lrm: 1.00 | dt: 2035.99ms | tok/sec: 515,021 | bf16_mfu: 46.32 | epoch: 1 | total time: 67.03m | eta: 90.7m
step 01858/04357 (42.64%) | loss: 2.833289 | lrm: 1.00 | dt: 2049.34ms | tok/sec: 511,665 | bf16_mfu: 46.02 | epoch: 1 | total time: 67.07m | eta: 90.7m
step 01859/04357 (42.67%) | loss: 2.828923 | lrm: 1.00 | dt: 2034.50ms | tok/sec: 515,397 | bf16_mfu: 46.36 | epoch: 1 | total time: 67.10m | eta: 90.7m
step 01860/04357 (42.69%) | loss: 2.834607 | lrm: 1.00 | dt: 2029.11ms | tok/sec: 516,765 | bf16_mfu: 46.48 | epoch: 1 | total time: 67.13m | eta: 90.6m
step 01861/04357 (42.71%) | loss: 2.844238 | lrm: 1.00 | dt: 2035.76ms | tok/sec: 515,077 | bf16_mfu: 46.33 | epoch: 1 | total time: 67.17m | eta: 90.6m
step 01862/04357 (42.74%) | loss: 2.846151 | lrm: 1.00 | dt: 2038.69ms | tok/sec: 514,337 | bf16_mfu: 46.26 | epoch: 1 | total time: 67.20m | eta: 90.5m
step 01863/04357 (42.76%) | loss: 2.834223 | lrm: 1.00 | dt: 2030.39ms | tok/sec: 516,441 | bf16_mfu: 46.45 | epoch: 1 | total time: 67.23m | eta: 90.5m
step 01864/04357 (42.78%) | loss: 2.831281 | lrm: 1.00 | dt: 2032.52ms | tok/sec: 515,899 | bf16_mfu: 46.40 | epoch: 1 | total time: 67.27m | eta: 90.5m
step 01865/04357 (42.80%) | loss: 2.826106 | lrm: 1.00 | dt: 2026.89ms | tok/sec: 517,332 | bf16_mfu: 46.53 | epoch: 1 | total time: 67.30m | eta: 90.4m
step 01866/04357 (42.83%) | loss: 2.829530 | lrm: 1.00 | dt: 2035.42ms | tok/sec: 515,165 | bf16_mfu: 46.34 | epoch: 1 | total time: 67.34m | eta: 90.4m
step 01867/04357 (42.85%) | loss: 2.838190 | lrm: 1.00 | dt: 2036.31ms | tok/sec: 514,938 | bf16_mfu: 46.32 | epoch: 1 | total time: 67.37m | eta: 90.3m
step 01868/04357 (42.87%) | loss: 2.838855 | lrm: 1.00 | dt: 2039.44ms | tok/sec: 514,147 | bf16_mfu: 46.25 | epoch: 1 | total time: 67.40m | eta: 90.3m
step 01869/04357 (42.90%) | loss: 2.846402 | lrm: 1.00 | dt: 2037.07ms | tok/sec: 514,747 | bf16_mfu: 46.30 | epoch: 1 | total time: 67.44m | eta: 90.3m
step 01870/04357 (42.92%) | loss: 2.850787 | lrm: 1.00 | dt: 2035.49ms | tok/sec: 515,146 | bf16_mfu: 46.34 | epoch: 1 | total time: 67.47m | eta: 90.2m
step 01871/04357 (42.94%) | loss: 2.849936 | lrm: 1.00 | dt: 2034.21ms | tok/sec: 515,470 | bf16_mfu: 46.36 | epoch: 1 | total time: 67.51m | eta: 90.2m
step 01872/04357 (42.97%) | loss: 2.840306 | lrm: 1.00 | dt: 2033.66ms | tok/sec: 515,609 | bf16_mfu: 46.38 | epoch: 1 | total time: 67.54m | eta: 90.1m
step 01873/04357 (42.99%) | loss: 2.853292 | lrm: 1.00 | dt: 2047.50ms | tok/sec: 512,123 | bf16_mfu: 46.06 | epoch: 1 | total time: 67.57m | eta: 90.1m
step 01874/04357 (43.01%) | loss: 2.856438 | lrm: 1.00 | dt: 2033.50ms | tok/sec: 515,651 | bf16_mfu: 46.38 | epoch: 1 | total time: 67.61m | eta: 90.1m
step 01875/04357 (43.03%) | loss: 2.867845 | lrm: 1.00 | dt: 2032.18ms | tok/sec: 515,986 | bf16_mfu: 46.41 | epoch: 1 | total time: 67.64m | eta: 90.0m
step 01876/04357 (43.06%) | loss: 2.866449 | lrm: 1.00 | dt: 2037.39ms | tok/sec: 514,667 | bf16_mfu: 46.29 | epoch: 1 | total time: 67.68m | eta: 90.0m
step 01877/04357 (43.08%) | loss: 2.868971 | lrm: 1.00 | dt: 2032.64ms | tok/sec: 515,868 | bf16_mfu: 46.40 | epoch: 1 | total time: 67.71m | eta: 89.9m
step 01878/04357 (43.10%) | loss: 2.873784 | lrm: 1.00 | dt: 2037.36ms | tok/sec: 514,673 | bf16_mfu: 46.29 | epoch: 1 | total time: 67.74m | eta: 89.9m
step 01879/04357 (43.13%) | loss: 2.878173 | lrm: 1.00 | dt: 2035.55ms | tok/sec: 515,130 | bf16_mfu: 46.33 | epoch: 1 | total time: 67.78m | eta: 89.9m
step 01880/04357 (43.15%) | loss: 2.882185 | lrm: 1.00 | dt: 2032.03ms | tok/sec: 516,024 | bf16_mfu: 46.41 | epoch: 1 | total time: 67.81m | eta: 89.8m
step 01881/04357 (43.17%) | loss: 2.887503 | lrm: 1.00 | dt: 2032.77ms | tok/sec: 515,834 | bf16_mfu: 46.40 | epoch: 1 | total time: 67.85m | eta: 89.8m
step 01882/04357 (43.19%) | loss: 2.881984 | lrm: 1.00 | dt: 2030.89ms | tok/sec: 516,314 | bf16_mfu: 46.44 | epoch: 1 | total time: 67.88m | eta: 89.7m
step 01883/04357 (43.22%) | loss: 2.870664 | lrm: 1.00 | dt: 2031.89ms | tok/sec: 516,058 | bf16_mfu: 46.42 | epoch: 1 | total time: 67.91m | eta: 89.7m
step 01884/04357 (43.24%) | loss: 2.863473 | lrm: 1.00 | dt: 2031.20ms | tok/sec: 516,233 | bf16_mfu: 46.43 | epoch: 1 | total time: 67.95m | eta: 89.7m
step 01885/04357 (43.26%) | loss: 2.854219 | lrm: 1.00 | dt: 2031.32ms | tok/sec: 516,205 | bf16_mfu: 46.43 | epoch: 1 | total time: 67.98m | eta: 89.6m
step 01886/04357 (43.29%) | loss: 2.868884 | lrm: 1.00 | dt: 2035.07ms | tok/sec: 515,252 | bf16_mfu: 46.34 | epoch: 1 | total time: 68.01m | eta: 89.6m
step 01887/04357 (43.31%) | loss: 2.863826 | lrm: 1.00 | dt: 2031.73ms | tok/sec: 516,099 | bf16_mfu: 46.42 | epoch: 1 | total time: 68.05m | eta: 89.5m
step 01888/04357 (43.33%) | loss: 2.863860 | lrm: 1.00 | dt: 2033.77ms | tok/sec: 515,582 | bf16_mfu: 46.37 | epoch: 1 | total time: 68.08m | eta: 89.5m
step 01889/04357 (43.36%) | loss: 2.854564 | lrm: 1.00 | dt: 2033.68ms | tok/sec: 515,604 | bf16_mfu: 46.38 | epoch: 1 | total time: 68.12m | eta: 89.5m
step 01890/04357 (43.38%) | loss: 2.866575 | lrm: 1.00 | dt: 2029.43ms | tok/sec: 516,683 | bf16_mfu: 46.47 | epoch: 1 | total time: 68.15m | eta: 89.4m
step 01891/04357 (43.40%) | loss: 2.866246 | lrm: 1.00 | dt: 2040.06ms | tok/sec: 513,993 | bf16_mfu: 46.23 | epoch: 1 | total time: 68.18m | eta: 89.4m
step 01892/04357 (43.42%) | loss: 2.862744 | lrm: 1.00 | dt: 2030.96ms | tok/sec: 516,294 | bf16_mfu: 46.44 | epoch: 1 | total time: 68.22m | eta: 89.4m
step 01893/04357 (43.45%) | loss: 2.866264 | lrm: 1.00 | dt: 2032.32ms | tok/sec: 515,949 | bf16_mfu: 46.41 | epoch: 1 | total time: 68.25m | eta: 89.3m
step 01894/04357 (43.47%) | loss: 2.859081 | lrm: 1.00 | dt: 2032.92ms | tok/sec: 515,797 | bf16_mfu: 46.39 | epoch: 1 | total time: 68.29m | eta: 89.3m
step 01895/04357 (43.49%) | loss: 2.842598 | lrm: 1.00 | dt: 2028.54ms | tok/sec: 516,912 | bf16_mfu: 46.49 | epoch: 1 | total time: 68.32m | eta: 89.2m
step 01896/04357 (43.52%) | loss: 2.859988 | lrm: 1.00 | dt: 2035.60ms | tok/sec: 515,119 | bf16_mfu: 46.33 | epoch: 1 | total time: 68.35m | eta: 89.2m
step 01897/04357 (43.54%) | loss: 2.864275 | lrm: 1.00 | dt: 2030.21ms | tok/sec: 516,487 | bf16_mfu: 46.46 | epoch: 1 | total time: 68.39m | eta: 89.2m
step 01898/04357 (43.56%) | loss: 2.863354 | lrm: 1.00 | dt: 2034.79ms | tok/sec: 515,324 | bf16_mfu: 46.35 | epoch: 1 | total time: 68.42m | eta: 89.1m
step 01899/04357 (43.59%) | loss: 2.856311 | lrm: 1.00 | dt: 2030.83ms | tok/sec: 516,328 | bf16_mfu: 46.44 | epoch: 1 | total time: 68.46m | eta: 89.1m
step 01900/04357 (43.61%) | loss: 2.859271 | lrm: 1.00 | dt: 2037.17ms | tok/sec: 514,721 | bf16_mfu: 46.30 | epoch: 1 | total time: 68.49m | eta: 89.0m
step 01901/04357 (43.63%) | loss: 2.852570 | lrm: 1.00 | dt: 2039.51ms | tok/sec: 514,131 | bf16_mfu: 46.24 | epoch: 1 | total time: 68.52m | eta: 89.0m
step 01902/04357 (43.65%) | loss: 2.847471 | lrm: 1.00 | dt: 2028.99ms | tok/sec: 516,796 | bf16_mfu: 46.48 | epoch: 1 | total time: 68.56m | eta: 89.0m
step 01903/04357 (43.68%) | loss: 2.847028 | lrm: 1.00 | dt: 2036.83ms | tok/sec: 514,807 | bf16_mfu: 46.30 | epoch: 1 | total time: 68.59m | eta: 88.9m
step 01904/04357 (43.70%) | loss: 2.836642 | lrm: 1.00 | dt: 2031.74ms | tok/sec: 516,096 | bf16_mfu: 46.42 | epoch: 1 | total time: 68.62m | eta: 88.9m
step 01905/04357 (43.72%) | loss: 2.845778 | lrm: 1.00 | dt: 2033.33ms | tok/sec: 515,693 | bf16_mfu: 46.38 | epoch: 1 | total time: 68.66m | eta: 88.8m
step 01906/04357 (43.75%) | loss: 2.844286 | lrm: 1.00 | dt: 2031.87ms | tok/sec: 516,063 | bf16_mfu: 46.42 | epoch: 1 | total time: 68.69m | eta: 88.8m
step 01907/04357 (43.77%) | loss: 2.854354 | lrm: 1.00 | dt: 2032.49ms | tok/sec: 515,906 | bf16_mfu: 46.40 | epoch: 1 | total time: 68.73m | eta: 88.8m
step 01908/04357 (43.79%) | loss: 2.865949 | lrm: 1.00 | dt: 2033.05ms | tok/sec: 515,764 | bf16_mfu: 46.39 | epoch: 1 | total time: 68.76m | eta: 88.7m
step 01909/04357 (43.81%) | loss: 2.872934 | lrm: 1.00 | dt: 2031.13ms | tok/sec: 516,252 | bf16_mfu: 46.43 | epoch: 1 | total time: 68.79m | eta: 88.7m
step 01910/04357 (43.84%) | loss: 2.872939 | lrm: 1.00 | dt: 2029.83ms | tok/sec: 516,583 | bf16_mfu: 46.46 | epoch: 1 | total time: 68.83m | eta: 88.6m
step 01911/04357 (43.86%) | loss: 2.870611 | lrm: 1.00 | dt: 2031.27ms | tok/sec: 516,216 | bf16_mfu: 46.43 | epoch: 1 | total time: 68.86m | eta: 88.6m
step 01912/04357 (43.88%) | loss: 2.876404 | lrm: 1.00 | dt: 2032.66ms | tok/sec: 515,863 | bf16_mfu: 46.40 | epoch: 1 | total time: 68.90m | eta: 88.6m
step 01913/04357 (43.91%) | loss: 2.878933 | lrm: 1.00 | dt: 2032.10ms | tok/sec: 516,004 | bf16_mfu: 46.41 | epoch: 1 | total time: 68.93m | eta: 88.5m
step 01914/04357 (43.93%) | loss: 2.867841 | lrm: 1.00 | dt: 2030.19ms | tok/sec: 516,491 | bf16_mfu: 46.46 | epoch: 1 | total time: 68.96m | eta: 88.5m
step 01915/04357 (43.95%) | loss: 2.864324 | lrm: 1.00 | dt: 2032.98ms | tok/sec: 515,782 | bf16_mfu: 46.39 | epoch: 1 | total time: 69.00m | eta: 88.4m
step 01916/04357 (43.98%) | loss: 2.865927 | lrm: 1.00 | dt: 2028.84ms | tok/sec: 516,835 | bf16_mfu: 46.49 | epoch: 1 | total time: 69.03m | eta: 88.4m
step 01917/04357 (44.00%) | loss: 2.864839 | lrm: 1.00 | dt: 2030.75ms | tok/sec: 516,349 | bf16_mfu: 46.44 | epoch: 1 | total time: 69.06m | eta: 88.4m
step 01918/04357 (44.02%) | loss: 2.849644 | lrm: 1.00 | dt: 2030.75ms | tok/sec: 516,347 | bf16_mfu: 46.44 | epoch: 1 | total time: 69.10m | eta: 88.3m
step 01919/04357 (44.04%) | loss: 2.846323 | lrm: 1.00 | dt: 2035.09ms | tok/sec: 515,248 | bf16_mfu: 46.34 | epoch: 1 | total time: 69.13m | eta: 88.3m
step 01920/04357 (44.07%) | loss: 2.846948 | lrm: 1.00 | dt: 2024.45ms | tok/sec: 517,955 | bf16_mfu: 46.59 | epoch: 1 | total time: 69.17m | eta: 88.3m
step 01921/04357 (44.09%) | loss: 2.845553 | lrm: 1.00 | dt: 2061.98ms | tok/sec: 508,528 | bf16_mfu: 45.74 | epoch: 1 | total time: 69.20m | eta: 88.2m
step 01922/04357 (44.11%) | loss: 2.833656 | lrm: 1.00 | dt: 2025.53ms | tok/sec: 517,680 | bf16_mfu: 46.56 | epoch: 1 | total time: 69.23m | eta: 88.2m
step 01923/04357 (44.14%) | loss: 2.821515 | lrm: 1.00 | dt: 2038.51ms | tok/sec: 514,382 | bf16_mfu: 46.27 | epoch: 1 | total time: 69.27m | eta: 88.1m
step 01924/04357 (44.16%) | loss: 2.830318 | lrm: 1.00 | dt: 2032.36ms | tok/sec: 515,939 | bf16_mfu: 46.41 | epoch: 1 | total time: 69.30m | eta: 88.1m
step 01925/04357 (44.18%) | loss: 2.839374 | lrm: 1.00 | dt: 2029.80ms | tok/sec: 516,590 | bf16_mfu: 46.47 | epoch: 1 | total time: 69.34m | eta: 88.1m
step 01926/04357 (44.20%) | loss: 2.836326 | lrm: 1.00 | dt: 2036.90ms | tok/sec: 514,789 | bf16_mfu: 46.30 | epoch: 1 | total time: 69.37m | eta: 88.0m
step 01927/04357 (44.23%) | loss: 2.828854 | lrm: 1.00 | dt: 2030.74ms | tok/sec: 516,350 | bf16_mfu: 46.44 | epoch: 1 | total time: 69.40m | eta: 88.0m
step 01928/04357 (44.25%) | loss: 2.819395 | lrm: 1.00 | dt: 2037.13ms | tok/sec: 514,730 | bf16_mfu: 46.30 | epoch: 1 | total time: 69.44m | eta: 87.9m
step 01929/04357 (44.27%) | loss: 2.824397 | lrm: 1.00 | dt: 2035.88ms | tok/sec: 515,047 | bf16_mfu: 46.33 | epoch: 1 | total time: 69.47m | eta: 87.9m
step 01930/04357 (44.30%) | loss: 2.838971 | lrm: 1.00 | dt: 2032.51ms | tok/sec: 515,900 | bf16_mfu: 46.40 | epoch: 1 | total time: 69.51m | eta: 87.9m
step 01931/04357 (44.32%) | loss: 2.844155 | lrm: 1.00 | dt: 2024.36ms | tok/sec: 517,978 | bf16_mfu: 46.59 | epoch: 1 | total time: 69.54m | eta: 87.8m
step 01932/04357 (44.34%) | loss: 2.844374 | lrm: 1.00 | dt: 2032.01ms | tok/sec: 516,028 | bf16_mfu: 46.41 | epoch: 1 | total time: 69.57m | eta: 87.8m
step 01933/04357 (44.37%) | loss: 2.839815 | lrm: 1.00 | dt: 2033.83ms | tok/sec: 515,567 | bf16_mfu: 46.37 | epoch: 1 | total time: 69.61m | eta: 87.7m
step 01934/04357 (44.39%) | loss: 2.843940 | lrm: 1.00 | dt: 2032.87ms | tok/sec: 515,811 | bf16_mfu: 46.40 | epoch: 1 | total time: 69.64m | eta: 87.7m
step 01935/04357 (44.41%) | loss: 2.848042 | lrm: 1.00 | dt: 2036.87ms | tok/sec: 514,798 | bf16_mfu: 46.30 | epoch: 1 | total time: 69.67m | eta: 87.7m
step 01936/04357 (44.43%) | loss: 2.843252 | lrm: 1.00 | dt: 2033.65ms | tok/sec: 515,613 | bf16_mfu: 46.38 | epoch: 1 | total time: 69.71m | eta: 87.6m
step 01937/04357 (44.46%) | loss: 2.839276 | lrm: 1.00 | dt: 2034.03ms | tok/sec: 515,516 | bf16_mfu: 46.37 | epoch: 1 | total time: 69.74m | eta: 87.6m
step 01938/04357 (44.48%) | loss: 2.849758 | lrm: 1.00 | dt: 2039.83ms | tok/sec: 514,049 | bf16_mfu: 46.24 | epoch: 1 | total time: 69.78m | eta: 87.5m
step 01939/04357 (44.50%) | loss: 2.843675 | lrm: 1.00 | dt: 2034.62ms | tok/sec: 515,366 | bf16_mfu: 46.36 | epoch: 1 | total time: 69.81m | eta: 87.5m
step 01940/04357 (44.53%) | loss: 2.856174 | lrm: 1.00 | dt: 2038.02ms | tok/sec: 514,506 | bf16_mfu: 46.28 | epoch: 1 | total time: 69.84m | eta: 87.5m
step 01941/04357 (44.55%) | loss: 2.853123 | lrm: 1.00 | dt: 2035.30ms | tok/sec: 515,193 | bf16_mfu: 46.34 | epoch: 1 | total time: 69.88m | eta: 87.4m
step 01942/04357 (44.57%) | loss: 2.856290 | lrm: 1.00 | dt: 2034.30ms | tok/sec: 515,447 | bf16_mfu: 46.36 | epoch: 1 | total time: 69.91m | eta: 87.4m
step 01943/04357 (44.59%) | loss: 2.862677 | lrm: 1.00 | dt: 2031.41ms | tok/sec: 516,180 | bf16_mfu: 46.43 | epoch: 1 | total time: 69.95m | eta: 87.4m
step 01944/04357 (44.62%) | loss: 2.844403 | lrm: 1.00 | dt: 2042.23ms | tok/sec: 513,446 | bf16_mfu: 46.18 | epoch: 1 | total time: 69.98m | eta: 87.3m
step 01945/04357 (44.64%) | loss: 2.853445 | lrm: 1.00 | dt: 2030.64ms | tok/sec: 516,376 | bf16_mfu: 46.45 | epoch: 1 | total time: 70.01m | eta: 87.3m
step 01946/04357 (44.66%) | loss: 2.855226 | lrm: 1.00 | dt: 2039.04ms | tok/sec: 514,249 | bf16_mfu: 46.25 | epoch: 1 | total time: 70.05m | eta: 87.2m
step 01947/04357 (44.69%) | loss: 2.848316 | lrm: 1.00 | dt: 2030.15ms | tok/sec: 516,501 | bf16_mfu: 46.46 | epoch: 1 | total time: 70.08m | eta: 87.2m
step 01948/04357 (44.71%) | loss: 2.852565 | lrm: 1.00 | dt: 2030.52ms | tok/sec: 516,407 | bf16_mfu: 46.45 | epoch: 1 | total time: 70.12m | eta: 87.2m
step 01949/04357 (44.73%) | loss: 2.849068 | lrm: 1.00 | dt: 2041.42ms | tok/sec: 513,650 | bf16_mfu: 46.20 | epoch: 1 | total time: 70.15m | eta: 87.1m
step 01950/04357 (44.76%) | loss: 2.846834 | lrm: 1.00 | dt: 2030.95ms | tok/sec: 516,298 | bf16_mfu: 46.44 | epoch: 1 | total time: 70.18m | eta: 87.1m
step 01951/04357 (44.78%) | loss: 2.847551 | lrm: 1.00 | dt: 2040.45ms | tok/sec: 513,895 | bf16_mfu: 46.22 | epoch: 1 | total time: 70.22m | eta: 87.0m
step 01952/04357 (44.80%) | loss: 2.852121 | lrm: 1.00 | dt: 2028.29ms | tok/sec: 516,975 | bf16_mfu: 46.50 | epoch: 1 | total time: 70.25m | eta: 87.0m
step 01953/04357 (44.82%) | loss: 2.835309 | lrm: 1.00 | dt: 2032.82ms | tok/sec: 515,822 | bf16_mfu: 46.40 | epoch: 1 | total time: 70.29m | eta: 87.0m
step 01954/04357 (44.85%) | loss: 2.826918 | lrm: 1.00 | dt: 2030.74ms | tok/sec: 516,351 | bf16_mfu: 46.44 | epoch: 1 | total time: 70.32m | eta: 86.9m
step 01955/04357 (44.87%) | loss: 2.838774 | lrm: 1.00 | dt: 2037.19ms | tok/sec: 514,715 | bf16_mfu: 46.30 | epoch: 1 | total time: 70.35m | eta: 86.9m
step 01956/04357 (44.89%) | loss: 2.839875 | lrm: 1.00 | dt: 2031.85ms | tok/sec: 516,069 | bf16_mfu: 46.42 | epoch: 1 | total time: 70.39m | eta: 86.8m
step 01957/04357 (44.92%) | loss: 2.851763 | lrm: 1.00 | dt: 2030.96ms | tok/sec: 516,296 | bf16_mfu: 46.44 | epoch: 1 | total time: 70.42m | eta: 86.8m
step 01958/04357 (44.94%) | loss: 2.868631 | lrm: 1.00 | dt: 2031.41ms | tok/sec: 516,182 | bf16_mfu: 46.43 | epoch: 1 | total time: 70.45m | eta: 86.8m
step 01959/04357 (44.96%) | loss: 2.860965 | lrm: 1.00 | dt: 2029.15ms | tok/sec: 516,757 | bf16_mfu: 46.48 | epoch: 1 | total time: 70.49m | eta: 86.7m
step 01960/04357 (44.99%) | loss: 2.861138 | lrm: 1.00 | dt: 2030.44ms | tok/sec: 516,428 | bf16_mfu: 46.45 | epoch: 1 | total time: 70.52m | eta: 86.7m
step 01961/04357 (45.01%) | loss: 2.864499 | lrm: 1.00 | dt: 2035.55ms | tok/sec: 515,131 | bf16_mfu: 46.33 | epoch: 1 | total time: 70.56m | eta: 86.6m
step 01962/04357 (45.03%) | loss: 2.857159 | lrm: 1.00 | dt: 2025.19ms | tok/sec: 517,765 | bf16_mfu: 46.57 | epoch: 1 | total time: 70.59m | eta: 86.6m
step 01963/04357 (45.05%) | loss: 2.858165 | lrm: 1.00 | dt: 2038.06ms | tok/sec: 514,496 | bf16_mfu: 46.28 | epoch: 1 | total time: 70.62m | eta: 86.6m
step 01964/04357 (45.08%) | loss: 2.847080 | lrm: 1.00 | dt: 2028.16ms | tok/sec: 517,007 | bf16_mfu: 46.50 | epoch: 1 | total time: 70.66m | eta: 86.5m
step 01965/04357 (45.10%) | loss: 2.871266 | lrm: 1.00 | dt: 2031.59ms | tok/sec: 516,136 | bf16_mfu: 46.42 | epoch: 1 | total time: 70.69m | eta: 86.5m
step 01966/04357 (45.12%) | loss: 2.865953 | lrm: 1.00 | dt: 2034.56ms | tok/sec: 515,381 | bf16_mfu: 46.36 | epoch: 1 | total time: 70.73m | eta: 86.5m
step 01967/04357 (45.15%) | loss: 2.856674 | lrm: 1.00 | dt: 2039.62ms | tok/sec: 514,104 | bf16_mfu: 46.24 | epoch: 1 | total time: 70.76m | eta: 86.4m
step 01968/04357 (45.17%) | loss: 2.849555 | lrm: 1.00 | dt: 2032.99ms | tok/sec: 515,780 | bf16_mfu: 46.39 | epoch: 1 | total time: 70.79m | eta: 86.4m
step 01969/04357 (45.19%) | loss: 2.839945 | lrm: 1.00 | dt: 2034.65ms | tok/sec: 515,359 | bf16_mfu: 46.35 | epoch: 1 | total time: 70.83m | eta: 86.3m
step 01970/04357 (45.21%) | loss: 2.839451 | lrm: 1.00 | dt: 2033.95ms | tok/sec: 515,536 | bf16_mfu: 46.37 | epoch: 1 | total time: 70.86m | eta: 86.3m
step 01971/04357 (45.24%) | loss: 2.843897 | lrm: 1.00 | dt: 2033.47ms | tok/sec: 515,658 | bf16_mfu: 46.38 | epoch: 1 | total time: 70.90m | eta: 86.3m
step 01972/04357 (45.26%) | loss: 2.848728 | lrm: 1.00 | dt: 2029.05ms | tok/sec: 516,781 | bf16_mfu: 46.48 | epoch: 1 | total time: 70.93m | eta: 86.2m
step 01973/04357 (45.28%) | loss: 2.841534 | lrm: 1.00 | dt: 2030.52ms | tok/sec: 516,408 | bf16_mfu: 46.45 | epoch: 1 | total time: 70.96m | eta: 86.2m
step 01974/04357 (45.31%) | loss: 2.846549 | lrm: 1.00 | dt: 2037.93ms | tok/sec: 514,530 | bf16_mfu: 46.28 | epoch: 1 | total time: 71.00m | eta: 86.1m
step 01975/04357 (45.33%) | loss: 2.845334 | lrm: 1.00 | dt: 2033.12ms | tok/sec: 515,746 | bf16_mfu: 46.39 | epoch: 1 | total time: 71.03m | eta: 86.1m
step 01976/04357 (45.35%) | loss: 2.852811 | lrm: 1.00 | dt: 2034.30ms | tok/sec: 515,448 | bf16_mfu: 46.36 | epoch: 1 | total time: 71.06m | eta: 86.1m
step 01977/04357 (45.38%) | loss: 2.846964 | lrm: 1.00 | dt: 2033.32ms | tok/sec: 515,697 | bf16_mfu: 46.38 | epoch: 1 | total time: 71.10m | eta: 86.0m
step 01978/04357 (45.40%) | loss: 2.827987 | lrm: 1.00 | dt: 2033.99ms | tok/sec: 515,525 | bf16_mfu: 46.37 | epoch: 1 | total time: 71.13m | eta: 86.0m
step 01979/04357 (45.42%) | loss: 2.823273 | lrm: 1.00 | dt: 2033.15ms | tok/sec: 515,740 | bf16_mfu: 46.39 | epoch: 1 | total time: 71.17m | eta: 85.9m
step 01980/04357 (45.44%) | loss: 2.841230 | lrm: 1.00 | dt: 2029.92ms | tok/sec: 516,560 | bf16_mfu: 46.46 | epoch: 1 | total time: 71.20m | eta: 85.9m
step 01981/04357 (45.47%) | loss: 2.832899 | lrm: 1.00 | dt: 2033.81ms | tok/sec: 515,572 | bf16_mfu: 46.37 | epoch: 1 | total time: 71.23m | eta: 85.9m
step 01982/04357 (45.49%) | loss: 2.848531 | lrm: 1.00 | dt: 2029.86ms | tok/sec: 516,575 | bf16_mfu: 46.46 | epoch: 1 | total time: 71.27m | eta: 85.8m
step 01983/04357 (45.51%) | loss: 2.856528 | lrm: 1.00 | dt: 2041.74ms | tok/sec: 513,570 | bf16_mfu: 46.19 | epoch: 1 | total time: 71.30m | eta: 85.8m
step 01984/04357 (45.54%) | loss: 2.842653 | lrm: 1.00 | dt: 2035.41ms | tok/sec: 515,167 | bf16_mfu: 46.34 | epoch: 1 | total time: 71.34m | eta: 85.8m
step 01985/04357 (45.56%) | loss: 2.851111 | lrm: 1.00 | dt: 2036.42ms | tok/sec: 514,911 | bf16_mfu: 46.31 | epoch: 1 | total time: 71.37m | eta: 85.7m
step 01986/04357 (45.58%) | loss: 2.840978 | lrm: 1.00 | dt: 2036.75ms | tok/sec: 514,827 | bf16_mfu: 46.31 | epoch: 1 | total time: 71.40m | eta: 85.7m
step 01987/04357 (45.60%) | loss: 2.834415 | lrm: 1.00 | dt: 2034.68ms | tok/sec: 515,352 | bf16_mfu: 46.35 | epoch: 1 | total time: 71.44m | eta: 85.6m
step 01988/04357 (45.63%) | loss: 2.841230 | lrm: 1.00 | dt: 2032.39ms | tok/sec: 515,932 | bf16_mfu: 46.41 | epoch: 1 | total time: 71.47m | eta: 85.6m
step 01989/04357 (45.65%) | loss: 2.857824 | lrm: 1.00 | dt: 2029.76ms | tok/sec: 516,601 | bf16_mfu: 46.47 | epoch: 1 | total time: 71.51m | eta: 85.6m
step 01990/04357 (45.67%) | loss: 2.855583 | lrm: 1.00 | dt: 2031.96ms | tok/sec: 516,041 | bf16_mfu: 46.42 | epoch: 1 | total time: 71.54m | eta: 85.5m
step 01991/04357 (45.70%) | loss: 2.855015 | lrm: 1.00 | dt: 2032.70ms | tok/sec: 515,853 | bf16_mfu: 46.40 | epoch: 1 | total time: 71.57m | eta: 85.5m
step 01992/04357 (45.72%) | loss: 2.846411 | lrm: 1.00 | dt: 2032.08ms | tok/sec: 516,010 | bf16_mfu: 46.41 | epoch: 1 | total time: 71.61m | eta: 85.4m
step 01993/04357 (45.74%) | loss: 2.845536 | lrm: 1.00 | dt: 2035.74ms | tok/sec: 515,082 | bf16_mfu: 46.33 | epoch: 1 | total time: 71.64m | eta: 85.4m
step 01994/04357 (45.77%) | loss: 2.853822 | lrm: 1.00 | dt: 2038.83ms | tok/sec: 514,303 | bf16_mfu: 46.26 | epoch: 1 | total time: 71.67m | eta: 85.4m
step 01995/04357 (45.79%) | loss: 2.856154 | lrm: 1.00 | dt: 2043.83ms | tok/sec: 513,044 | bf16_mfu: 46.15 | epoch: 1 | total time: 71.71m | eta: 85.3m
step 01996/04357 (45.81%) | loss: 2.858764 | lrm: 1.00 | dt: 2034.98ms | tok/sec: 515,276 | bf16_mfu: 46.35 | epoch: 1 | total time: 71.74m | eta: 85.3m
step 01997/04357 (45.83%) | loss: 2.858302 | lrm: 1.00 | dt: 2036.16ms | tok/sec: 514,978 | bf16_mfu: 46.32 | epoch: 1 | total time: 71.78m | eta: 85.3m
step 01998/04357 (45.86%) | loss: 2.862492 | lrm: 1.00 | dt: 2036.43ms | tok/sec: 514,909 | bf16_mfu: 46.31 | epoch: 1 | total time: 71.81m | eta: 85.2m
step 01999/04357 (45.88%) | loss: 2.855297 | lrm: 1.00 | dt: 2036.59ms | tok/sec: 514,867 | bf16_mfu: 46.31 | epoch: 1 | total time: 71.84m | eta: 85.2m
Step 02000 | Validation bpb: 0.862716
Evaluating: hellaswag_zeroshot (0-shot, type: multiple_choice)... accuracy: 0.3860 | centered: 0.1813 | time: 2.79s
Evaluating: jeopardy (10-shot, type: language_modeling)... accuracy: 0.0360 | centered: 0.0360 | time: 2.06s
Evaluating: bigbench_qa_wikidata (10-shot, type: language_modeling)... accuracy: 0.4100 | centered: 0.4100 | time: 1.92s
Evaluating: arc_easy (10-shot, type: multiple_choice)... accuracy: 0.5880 | centered: 0.4507 | time: 2.29s
Evaluating: arc_challenge (10-shot, type: multiple_choice)... accuracy: 0.3080 | centered: 0.0773 | time: 2.09s
Evaluating: copa (0-shot, type: multiple_choice)... accuracy: 0.6500 | centered: 0.3000 | time: 0.40s
Evaluating: commonsense_qa (10-shot, type: multiple_choice)... accuracy: 0.2320 | centered: 0.0400 | time: 2.03s
Evaluating: piqa (10-shot, type: multiple_choice)... accuracy: 0.6620 | centered: 0.3240 | time: 2.23s
Evaluating: openbook_qa (0-shot, type: multiple_choice)... accuracy: 0.3100 | centered: 0.0800 | time: 1.79s
Evaluating: lambada_openai (0-shot, type: language_modeling)... accuracy: 0.2940 | centered: 0.2940 | time: 1.99s
Evaluating: hellaswag (10-shot, type: multiple_choice)... accuracy: 0.3800 | centered: 0.1733 | time: 2.93s
Evaluating: winograd (0-shot, type: schema)... accuracy: 0.6154 | centered: 0.2308 | time: 0.91s
Evaluating: winogrande (0-shot, type: schema)... accuracy: 0.5340 | centered: 0.0680 | time: 1.65s
Evaluating: bigbench_dyck_languages (10-shot, type: language_modeling)... accuracy: 0.1280 | centered: 0.1280 | time: 2.13s
Evaluating: agi_eval_lsat_ar (3-shot, type: multiple_choice)... accuracy: 0.2391 | centered: 0.0489 | time: 1.29s
Evaluating: bigbench_cs_algorithms (10-shot, type: language_modeling)... accuracy: 0.4380 | centered: 0.4380 | time: 2.03s
Evaluating: bigbench_operators (10-shot, type: language_modeling)... accuracy: 0.1143 | centered: 0.1143 | time: 0.85s
Evaluating: bigbench_repeat_copy_logic (10-shot, type: language_modeling)... accuracy: 0.0312 | centered: 0.0312 | time: 0.13s
Evaluating: squad (10-shot, type: language_modeling)... accuracy: 0.1580 | centered: 0.1580 | time: 2.52s
Evaluating: coqa (0-shot, type: language_modeling)... accuracy: 0.1440 | centered: 0.1440 | time: 2.29s
Evaluating: boolq (10-shot, type: multiple_choice)... accuracy: 0.4600 | centered: -0.4211 | time: 2.81s
Evaluating: bigbench_language_identification (10-shot, type: multiple_choice)... accuracy: 0.2720 | centered: 0.1991 | time: 4.73s
Step 02000 | CORE metric: 0.1594
<|bos|>The capital of France is Paris. It is the largest city in the world. It is the capital of
<|bos|>The chemical symbol of gold is the symbol of the element gold. It is the 18th element in the
<|bos|>If yesterday was Friday, then tomorrow will be Saturday. The day of the week is Saturday, the day of the week is
step 02000/04357 (45.90%) | loss: 2.856298 | lrm: 1.00 | dt: 35675.32ms | tok/sec: 29,392 | bf16_mfu: 2.64 | epoch: 1 | total time: 72.44m | eta: 85.8m
step 02001/04357 (45.93%) | loss: 2.856079 | lrm: 1.00 | dt: 1979.63ms | tok/sec: 529,682 | bf16_mfu: 47.64 | epoch: 1 | total time: 72.47m | eta: 85.8m
step 02002/04357 (45.95%) | loss: 2.864523 | lrm: 1.00 | dt: 1979.25ms | tok/sec: 529,784 | bf16_mfu: 47.65 | epoch: 1 | total time: 72.51m | eta: 85.7m
step 02003/04357 (45.97%) | loss: 2.865877 | lrm: 1.00 | dt: 1985.01ms | tok/sec: 528,248 | bf16_mfu: 47.51 | epoch: 1 | total time: 72.54m | eta: 85.7m
step 02004/04357 (45.99%) | loss: 2.860816 | lrm: 1.00 | dt: 1988.19ms | tok/sec: 527,401 | bf16_mfu: 47.44 | epoch: 1 | total time: 72.57m | eta: 85.6m
step 02005/04357 (46.02%) | loss: 2.850416 | lrm: 1.00 | dt: 1988.62ms | tok/sec: 527,287 | bf16_mfu: 47.43 | epoch: 1 | total time: 72.60m | eta: 85.6m
step 02006/04357 (46.04%) | loss: 2.851436 | lrm: 1.00 | dt: 1978.03ms | tok/sec: 530,110 | bf16_mfu: 47.68 | epoch: 1 | total time: 72.64m | eta: 85.6m
step 02007/04357 (46.06%) | loss: 2.864728 | lrm: 1.00 | dt: 1979.46ms | tok/sec: 529,727 | bf16_mfu: 47.65 | epoch: 1 | total time: 72.67m | eta: 85.5m
step 02008/04357 (46.09%) | loss: 2.880714 | lrm: 1.00 | dt: 1988.05ms | tok/sec: 527,439 | bf16_mfu: 47.44 | epoch: 1 | total time: 72.70m | eta: 85.5m
step 02009/04357 (46.11%) | loss: 2.880713 | lrm: 1.00 | dt: 1988.24ms | tok/sec: 527,390 | bf16_mfu: 47.44 | epoch: 1 | total time: 72.74m | eta: 85.4m
step 02010/04357 (46.13%) | loss: 2.886811 | lrm: 1.00 | dt: 1984.04ms | tok/sec: 528,506 | bf16_mfu: 47.54 | epoch: 1 | total time: 72.77m | eta: 85.4m
step 02011/04357 (46.16%) | loss: 2.874208 | lrm: 1.00 | dt: 1987.99ms | tok/sec: 527,456 | bf16_mfu: 47.44 | epoch: 1 | total time: 72.80m | eta: 85.4m
step 02012/04357 (46.18%) | loss: 2.858805 | lrm: 1.00 | dt: 1992.99ms | tok/sec: 526,133 | bf16_mfu: 47.32 | epoch: 1 | total time: 72.84m | eta: 85.3m
step 02013/04357 (46.20%) | loss: 2.858985 | lrm: 1.00 | dt: 1991.25ms | tok/sec: 526,591 | bf16_mfu: 47.36 | epoch: 1 | total time: 72.87m | eta: 85.3m
step 02014/04357 (46.22%) | loss: 2.852549 | lrm: 1.00 | dt: 1987.07ms | tok/sec: 527,699 | bf16_mfu: 47.46 | epoch: 1 | total time: 72.90m | eta: 85.2m
step 02015/04357 (46.25%) | loss: 2.852889 | lrm: 1.00 | dt: 2010.46ms | tok/sec: 521,559 | bf16_mfu: 46.91 | epoch: 1 | total time: 72.94m | eta: 85.2m
step 02016/04357 (46.27%) | loss: 2.846149 | lrm: 1.00 | dt: 1987.61ms | tok/sec: 527,555 | bf16_mfu: 47.45 | epoch: 1 | total time: 72.97m | eta: 85.2m
step 02017/04357 (46.29%) | loss: 2.850191 | lrm: 1.00 | dt: 1992.48ms | tok/sec: 526,265 | bf16_mfu: 47.34 | epoch: 1 | total time: 73.00m | eta: 85.1m
step 02018/04357 (46.32%) | loss: 2.864990 | lrm: 1.00 | dt: 1996.62ms | tok/sec: 525,176 | bf16_mfu: 47.24 | epoch: 1 | total time: 73.04m | eta: 85.1m
step 02019/04357 (46.34%) | loss: 2.857105 | lrm: 1.00 | dt: 1993.82ms | tok/sec: 525,912 | bf16_mfu: 47.30 | epoch: 1 | total time: 73.07m | eta: 85.0m
step 02020/04357 (46.36%) | loss: 2.856195 | lrm: 1.00 | dt: 2001.42ms | tok/sec: 523,915 | bf16_mfu: 47.12 | epoch: 1 | total time: 73.10m | eta: 85.0m
step 02021/04357 (46.39%) | loss: 2.845908 | lrm: 1.00 | dt: 2012.70ms | tok/sec: 520,980 | bf16_mfu: 46.86 | epoch: 1 | total time: 73.14m | eta: 85.0m
step 02022/04357 (46.41%) | loss: 2.851501 | lrm: 1.00 | dt: 2000.54ms | tok/sec: 524,145 | bf16_mfu: 47.14 | epoch: 1 | total time: 73.17m | eta: 84.9m
step 02023/04357 (46.43%) | loss: 2.855213 | lrm: 1.00 | dt: 2000.50ms | tok/sec: 524,155 | bf16_mfu: 47.15 | epoch: 1 | total time: 73.20m | eta: 84.9m
step 02024/04357 (46.45%) | loss: 2.849298 | lrm: 1.00 | dt: 2006.97ms | tok/sec: 522,468 | bf16_mfu: 46.99 | epoch: 1 | total time: 73.24m | eta: 84.8m
step 02025/04357 (46.48%) | loss: 2.841957 | lrm: 1.00 | dt: 1999.41ms | tok/sec: 524,443 | bf16_mfu: 47.17 | epoch: 1 | total time: 73.27m | eta: 84.8m
step 02026/04357 (46.50%) | loss: 2.849651 | lrm: 1.00 | dt: 2001.53ms | tok/sec: 523,888 | bf16_mfu: 47.12 | epoch: 1 | total time: 73.30m | eta: 84.8m
step 02027/04357 (46.52%) | loss: 2.846567 | lrm: 1.00 | dt: 2003.57ms | tok/sec: 523,353 | bf16_mfu: 47.07 | epoch: 1 | total time: 73.34m | eta: 84.7m
step 02028/04357 (46.55%) | loss: 2.848650 | lrm: 1.00 | dt: 2003.57ms | tok/sec: 523,353 | bf16_mfu: 47.07 | epoch: 1 | total time: 73.37m | eta: 84.7m
step 02029/04357 (46.57%) | loss: 2.851828 | lrm: 1.00 | dt: 2008.22ms | tok/sec: 522,141 | bf16_mfu: 46.96 | epoch: 1 | total time: 73.40m | eta: 84.6m
step 02030/04357 (46.59%) | loss: 2.857955 | lrm: 1.00 | dt: 2002.81ms | tok/sec: 523,551 | bf16_mfu: 47.09 | epoch: 1 | total time: 73.44m | eta: 84.6m
step 02031/04357 (46.61%) | loss: 2.856875 | lrm: 1.00 | dt: 2009.42ms | tok/sec: 521,830 | bf16_mfu: 46.94 | epoch: 1 | total time: 73.47m | eta: 84.6m
step 02032/04357 (46.64%) | loss: 2.860853 | lrm: 1.00 | dt: 2012.20ms | tok/sec: 521,109 | bf16_mfu: 46.87 | epoch: 1 | total time: 73.50m | eta: 84.5m
step 02033/04357 (46.66%) | loss: 2.867353 | lrm: 1.00 | dt: 2008.01ms | tok/sec: 522,197 | bf16_mfu: 46.97 | epoch: 1 | total time: 73.54m | eta: 84.5m
step 02034/04357 (46.68%) | loss: 2.856716 | lrm: 1.00 | dt: 2012.64ms | tok/sec: 520,996 | bf16_mfu: 46.86 | epoch: 1 | total time: 73.57m | eta: 84.4m
step 02035/04357 (46.71%) | loss: 2.842868 | lrm: 1.00 | dt: 2014.92ms | tok/sec: 520,406 | bf16_mfu: 46.81 | epoch: 1 | total time: 73.60m | eta: 84.4m
step 02036/04357 (46.73%) | loss: 2.849544 | lrm: 1.00 | dt: 2009.31ms | tok/sec: 521,860 | bf16_mfu: 46.94 | epoch: 1 | total time: 73.64m | eta: 84.4m
step 02037/04357 (46.75%) | loss: 2.857549 | lrm: 1.00 | dt: 2014.69ms | tok/sec: 520,465 | bf16_mfu: 46.81 | epoch: 1 | total time: 73.67m | eta: 84.3m
step 02038/04357 (46.78%) | loss: 2.855245 | lrm: 1.00 | dt: 2008.21ms | tok/sec: 522,145 | bf16_mfu: 46.96 | epoch: 1 | total time: 73.70m | eta: 84.3m
step 02039/04357 (46.80%) | loss: 2.852728 | lrm: 1.00 | dt: 2016.69ms | tok/sec: 519,948 | bf16_mfu: 46.77 | epoch: 1 | total time: 73.74m | eta: 84.2m
step 02040/04357 (46.82%) | loss: 2.859544 | lrm: 1.00 | dt: 2014.14ms | tok/sec: 520,607 | bf16_mfu: 46.83 | epoch: 1 | total time: 73.77m | eta: 84.2m
step 02041/04357 (46.84%) | loss: 2.854775 | lrm: 1.00 | dt: 2015.95ms | tok/sec: 520,139 | bf16_mfu: 46.78 | epoch: 1 | total time: 73.81m | eta: 84.2m
step 02042/04357 (46.87%) | loss: 2.835519 | lrm: 1.00 | dt: 2016.41ms | tok/sec: 520,021 | bf16_mfu: 46.77 | epoch: 1 | total time: 73.84m | eta: 84.1m
step 02043/04357 (46.89%) | loss: 2.829098 | lrm: 1.00 | dt: 2018.14ms | tok/sec: 519,576 | bf16_mfu: 46.73 | epoch: 1 | total time: 73.87m | eta: 84.1m
step 02044/04357 (46.91%) | loss: 2.835842 | lrm: 1.00 | dt: 2008.23ms | tok/sec: 522,139 | bf16_mfu: 46.96 | epoch: 1 | total time: 73.91m | eta: 84.0m
step 02045/04357 (46.94%) | loss: 2.839446 | lrm: 1.00 | dt: 2018.43ms | tok/sec: 519,502 | bf16_mfu: 46.73 | epoch: 1 | total time: 73.94m | eta: 84.0m
step 02046/04357 (46.96%) | loss: 2.842706 | lrm: 1.00 | dt: 2016.74ms | tok/sec: 519,935 | bf16_mfu: 46.77 | epoch: 1 | total time: 73.97m | eta: 84.0m
step 02047/04357 (46.98%) | loss: 2.832942 | lrm: 1.00 | dt: 2020.90ms | tok/sec: 518,866 | bf16_mfu: 46.67 | epoch: 1 | total time: 74.01m | eta: 83.9m
step 02048/04357 (47.00%) | loss: 2.841865 | lrm: 1.00 | dt: 2015.84ms | tok/sec: 520,167 | bf16_mfu: 46.79 | epoch: 1 | total time: 74.04m | eta: 83.9m
step 02049/04357 (47.03%) | loss: 2.848238 | lrm: 1.00 | dt: 2022.55ms | tok/sec: 518,442 | bf16_mfu: 46.63 | epoch: 1 | total time: 74.07m | eta: 83.8m
step 02050/04357 (47.05%) | loss: 2.839433 | lrm: 1.00 | dt: 2029.90ms | tok/sec: 516,564 | bf16_mfu: 46.46 | epoch: 1 | total time: 74.11m | eta: 83.8m
step 02051/04357 (47.07%) | loss: 2.843749 | lrm: 1.00 | dt: 2022.35ms | tok/sec: 518,493 | bf16_mfu: 46.64 | epoch: 1 | total time: 74.14m | eta: 83.8m
step 02052/04357 (47.10%) | loss: 2.842640 | lrm: 1.00 | dt: 2018.52ms | tok/sec: 519,478 | bf16_mfu: 46.72 | epoch: 1 | total time: 74.18m | eta: 83.7m
step 02053/04357 (47.12%) | loss: 2.844619 | lrm: 1.00 | dt: 2022.93ms | tok/sec: 518,344 | bf16_mfu: 46.62 | epoch: 1 | total time: 74.21m | eta: 83.7m
step 02054/04357 (47.14%) | loss: 2.851021 | lrm: 1.00 | dt: 2023.24ms | tok/sec: 518,265 | bf16_mfu: 46.62 | epoch: 1 | total time: 74.24m | eta: 83.7m
step 02055/04357 (47.17%) | loss: 2.834123 | lrm: 1.00 | dt: 2025.34ms | tok/sec: 517,728 | bf16_mfu: 46.57 | epoch: 1 | total time: 74.28m | eta: 83.6m
step 02056/04357 (47.19%) | loss: 2.845922 | lrm: 1.00 | dt: 2014.61ms | tok/sec: 520,484 | bf16_mfu: 46.82 | epoch: 1 | total time: 74.31m | eta: 83.6m
step 02057/04357 (47.21%) | loss: 2.836746 | lrm: 1.00 | dt: 2026.81ms | tok/sec: 517,352 | bf16_mfu: 46.53 | epoch: 1 | total time: 74.34m | eta: 83.5m
step 02058/04357 (47.23%) | loss: 2.840088 | lrm: 1.00 | dt: 2023.22ms | tok/sec: 518,270 | bf16_mfu: 46.62 | epoch: 1 | total time: 74.38m | eta: 83.5m
step 02059/04357 (47.26%) | loss: 2.839485 | lrm: 1.00 | dt: 2023.91ms | tok/sec: 518,094 | bf16_mfu: 46.60 | epoch: 1 | total time: 74.41m | eta: 83.5m
step 02060/04357 (47.28%) | loss: 2.833904 | lrm: 1.00 | dt: 2025.68ms | tok/sec: 517,641 | bf16_mfu: 46.56 | epoch: 1 | total time: 74.45m | eta: 83.4m
step 02061/04357 (47.30%) | loss: 2.837530 | lrm: 1.00 | dt: 2024.60ms | tok/sec: 517,917 | bf16_mfu: 46.58 | epoch: 1 | total time: 74.48m | eta: 83.4m
step 02062/04357 (47.33%) | loss: 2.823572 | lrm: 1.00 | dt: 2026.07ms | tok/sec: 517,543 | bf16_mfu: 46.55 | epoch: 1 | total time: 74.51m | eta: 83.3m
step 02063/04357 (47.35%) | loss: 2.836496 | lrm: 1.00 | dt: 2025.69ms | tok/sec: 517,638 | bf16_mfu: 46.56 | epoch: 1 | total time: 74.55m | eta: 83.3m
step 02064/04357 (47.37%) | loss: 2.832869 | lrm: 1.00 | dt: 2026.07ms | tok/sec: 517,541 | bf16_mfu: 46.55 | epoch: 1 | total time: 74.58m | eta: 83.3m
step 02065/04357 (47.39%) | loss: 2.831498 | lrm: 1.00 | dt: 2025.13ms | tok/sec: 517,780 | bf16_mfu: 46.57 | epoch: 1 | total time: 74.61m | eta: 83.2m
step 02066/04357 (47.42%) | loss: 2.833816 | lrm: 1.00 | dt: 2022.36ms | tok/sec: 518,492 | bf16_mfu: 46.64 | epoch: 1 | total time: 74.65m | eta: 83.2m
step 02067/04357 (47.44%) | loss: 2.834679 | lrm: 1.00 | dt: 2028.90ms | tok/sec: 516,820 | bf16_mfu: 46.49 | epoch: 1 | total time: 74.68m | eta: 83.1m
step 02068/04357 (47.46%) | loss: 2.853643 | lrm: 1.00 | dt: 2019.50ms | tok/sec: 519,225 | bf16_mfu: 46.70 | epoch: 1 | total time: 74.72m | eta: 83.1m
step 02069/04357 (47.49%) | loss: 2.864511 | lrm: 1.00 | dt: 2030.95ms | tok/sec: 516,297 | bf16_mfu: 46.44 | epoch: 1 | total time: 74.75m | eta: 83.1m
step 02070/04357 (47.51%) | loss: 2.863112 | lrm: 1.00 | dt: 2026.63ms | tok/sec: 517,399 | bf16_mfu: 46.54 | epoch: 1 | total time: 74.78m | eta: 83.0m
step 02071/04357 (47.53%) | loss: 2.853034 | lrm: 1.00 | dt: 2021.03ms | tok/sec: 518,831 | bf16_mfu: 46.67 | epoch: 1 | total time: 74.82m | eta: 83.0m
step 02072/04357 (47.56%) | loss: 2.855394 | lrm: 1.00 | dt: 2027.64ms | tok/sec: 517,140 | bf16_mfu: 46.51 | epoch: 1 | total time: 74.85m | eta: 82.9m
step 02073/04357 (47.58%) | loss: 2.853202 | lrm: 1.00 | dt: 2026.61ms | tok/sec: 517,402 | bf16_mfu: 46.54 | epoch: 1 | total time: 74.88m | eta: 82.9m
step 02074/04357 (47.60%) | loss: 2.855514 | lrm: 1.00 | dt: 2031.23ms | tok/sec: 516,226 | bf16_mfu: 46.43 | epoch: 1 | total time: 74.92m | eta: 82.9m
step 02075/04357 (47.62%) | loss: 2.874624 | lrm: 1.00 | dt: 2031.85ms | tok/sec: 516,069 | bf16_mfu: 46.42 | epoch: 1 | total time: 74.95m | eta: 82.8m
step 02076/04357 (47.65%) | loss: 2.869464 | lrm: 1.00 | dt: 2026.97ms | tok/sec: 517,310 | bf16_mfu: 46.53 | epoch: 1 | total time: 74.99m | eta: 82.8m
step 02077/04357 (47.67%) | loss: 2.866468 | lrm: 1.00 | dt: 2029.86ms | tok/sec: 516,576 | bf16_mfu: 46.46 | epoch: 1 | total time: 75.02m | eta: 82.7m
step 02078/04357 (47.69%) | loss: 2.868002 | lrm: 1.00 | dt: 2027.44ms | tok/sec: 517,193 | bf16_mfu: 46.52 | epoch: 1 | total time: 75.05m | eta: 82.7m
step 02079/04357 (47.72%) | loss: 2.863865 | lrm: 1.00 | dt: 2030.92ms | tok/sec: 516,304 | bf16_mfu: 46.44 | epoch: 1 | total time: 75.09m | eta: 82.7m
step 02080/04357 (47.74%) | loss: 2.856053 | lrm: 1.00 | dt: 2029.24ms | tok/sec: 516,732 | bf16_mfu: 46.48 | epoch: 1 | total time: 75.12m | eta: 82.6m
step 02081/04357 (47.76%) | loss: 2.856783 | lrm: 1.00 | dt: 2024.75ms | tok/sec: 517,879 | bf16_mfu: 46.58 | epoch: 1 | total time: 75.15m | eta: 82.6m
step 02082/04357 (47.79%) | loss: 2.859002 | lrm: 1.00 | dt: 2029.91ms | tok/sec: 516,561 | bf16_mfu: 46.46 | epoch: 1 | total time: 75.19m | eta: 82.6m
step 02083/04357 (47.81%) | loss: 2.858139 | lrm: 1.00 | dt: 2026.70ms | tok/sec: 517,380 | bf16_mfu: 46.54 | epoch: 1 | total time: 75.22m | eta: 82.5m
step 02084/04357 (47.83%) | loss: 2.858513 | lrm: 1.00 | dt: 2029.93ms | tok/sec: 516,557 | bf16_mfu: 46.46 | epoch: 1 | total time: 75.26m | eta: 82.5m
step 02085/04357 (47.85%) | loss: 2.861421 | lrm: 1.00 | dt: 2031.65ms | tok/sec: 516,121 | bf16_mfu: 46.42 | epoch: 1 | total time: 75.29m | eta: 82.4m
step 02086/04357 (47.88%) | loss: 2.858813 | lrm: 1.00 | dt: 2024.71ms | tok/sec: 517,889 | bf16_mfu: 46.58 | epoch: 1 | total time: 75.32m | eta: 82.4m
step 02087/04357 (47.90%) | loss: 2.851054 | lrm: 1.00 | dt: 2038.73ms | tok/sec: 514,327 | bf16_mfu: 46.26 | epoch: 1 | total time: 75.36m | eta: 82.4m
step 02088/04357 (47.92%) | loss: 2.849490 | lrm: 1.00 | dt: 2031.33ms | tok/sec: 516,200 | bf16_mfu: 46.43 | epoch: 1 | total time: 75.39m | eta: 82.3m
step 02089/04357 (47.95%) | loss: 2.851793 | lrm: 1.00 | dt: 2031.77ms | tok/sec: 516,088 | bf16_mfu: 46.42 | epoch: 1 | total time: 75.43m | eta: 82.3m
step 02090/04357 (47.97%) | loss: 2.843646 | lrm: 1.00 | dt: 2030.36ms | tok/sec: 516,447 | bf16_mfu: 46.45 | epoch: 1 | total time: 75.46m | eta: 82.2m
step 02091/04357 (47.99%) | loss: 2.853042 | lrm: 1.00 | dt: 2031.02ms | tok/sec: 516,280 | bf16_mfu: 46.44 | epoch: 1 | total time: 75.49m | eta: 82.2m
step 02092/04357 (48.01%) | loss: 2.840704 | lrm: 1.00 | dt: 2035.90ms | tok/sec: 515,042 | bf16_mfu: 46.33 | epoch: 1 | total time: 75.53m | eta: 82.2m
step 02093/04357 (48.04%) | loss: 2.838953 | lrm: 1.00 | dt: 2034.24ms | tok/sec: 515,463 | bf16_mfu: 46.36 | epoch: 1 | total time: 75.56m | eta: 82.1m
step 02094/04357 (48.06%) | loss: 2.836119 | lrm: 1.00 | dt: 2040.45ms | tok/sec: 513,893 | bf16_mfu: 46.22 | epoch: 1 | total time: 75.59m | eta: 82.1m
step 02095/04357 (48.08%) | loss: 2.846033 | lrm: 1.00 | dt: 2033.31ms | tok/sec: 515,699 | bf16_mfu: 46.38 | epoch: 1 | total time: 75.63m | eta: 82.0m
step 02096/04357 (48.11%) | loss: 2.838380 | lrm: 1.00 | dt: 2034.29ms | tok/sec: 515,451 | bf16_mfu: 46.36 | epoch: 1 | total time: 75.66m | eta: 82.0m
step 02097/04357 (48.13%) | loss: 2.837759 | lrm: 1.00 | dt: 2032.19ms | tok/sec: 515,984 | bf16_mfu: 46.41 | epoch: 1 | total time: 75.70m | eta: 82.0m
step 02098/04357 (48.15%) | loss: 2.832651 | lrm: 1.00 | dt: 2032.62ms | tok/sec: 515,873 | bf16_mfu: 46.40 | epoch: 1 | total time: 75.73m | eta: 81.9m
step 02099/04357 (48.18%) | loss: 2.826487 | lrm: 1.00 | dt: 2035.96ms | tok/sec: 515,028 | bf16_mfu: 46.32 | epoch: 1 | total time: 75.76m | eta: 81.9m
step 02100/04357 (48.20%) | loss: 2.834355 | lrm: 1.00 | dt: 2034.57ms | tok/sec: 515,378 | bf16_mfu: 46.36 | epoch: 1 | total time: 75.80m | eta: 81.9m
step 02101/04357 (48.22%) | loss: 2.831137 | lrm: 1.00 | dt: 2033.36ms | tok/sec: 515,685 | bf16_mfu: 46.38 | epoch: 1 | total time: 75.83m | eta: 81.8m
step 02102/04357 (48.24%) | loss: 2.848352 | lrm: 1.00 | dt: 2031.28ms | tok/sec: 516,215 | bf16_mfu: 46.43 | epoch: 1 | total time: 75.87m | eta: 81.8m
step 02103/04357 (48.27%) | loss: 2.843437 | lrm: 1.00 | dt: 2026.27ms | tok/sec: 517,490 | bf16_mfu: 46.55 | epoch: 1 | total time: 75.90m | eta: 81.7m
step 02104/04357 (48.29%) | loss: 2.839507 | lrm: 1.00 | dt: 2030.41ms | tok/sec: 516,436 | bf16_mfu: 46.45 | epoch: 1 | total time: 75.93m | eta: 81.7m
step 02105/04357 (48.31%) | loss: 2.825716 | lrm: 1.00 | dt: 2034.68ms | tok/sec: 515,350 | bf16_mfu: 46.35 | epoch: 1 | total time: 75.97m | eta: 81.7m
step 02106/04357 (48.34%) | loss: 2.829102 | lrm: 1.00 | dt: 2030.67ms | tok/sec: 516,370 | bf16_mfu: 46.45 | epoch: 1 | total time: 76.00m | eta: 81.6m
step 02107/04357 (48.36%) | loss: 2.826794 | lrm: 1.00 | dt: 2032.87ms | tok/sec: 515,811 | bf16_mfu: 46.40 | epoch: 1 | total time: 76.04m | eta: 81.6m
step 02108/04357 (48.38%) | loss: 2.828068 | lrm: 1.00 | dt: 2033.10ms | tok/sec: 515,752 | bf16_mfu: 46.39 | epoch: 1 | total time: 76.07m | eta: 81.5m
step 02109/04357 (48.40%) | loss: 2.821762 | lrm: 1.00 | dt: 2033.69ms | tok/sec: 515,602 | bf16_mfu: 46.38 | epoch: 1 | total time: 76.10m | eta: 81.5m
step 02110/04357 (48.43%) | loss: 2.822091 | lrm: 1.00 | dt: 2044.41ms | tok/sec: 512,899 | bf16_mfu: 46.13 | epoch: 1 | total time: 76.14m | eta: 81.5m
step 02111/04357 (48.45%) | loss: 2.818602 | lrm: 1.00 | dt: 2032.96ms | tok/sec: 515,788 | bf16_mfu: 46.39 | epoch: 1 | total time: 76.17m | eta: 81.4m
step 02112/04357 (48.47%) | loss: 2.812985 | lrm: 1.00 | dt: 2033.74ms | tok/sec: 515,589 | bf16_mfu: 46.38 | epoch: 1 | total time: 76.20m | eta: 81.4m
step 02113/04357 (48.50%) | loss: 2.813115 | lrm: 1.00 | dt: 2028.65ms | tok/sec: 516,884 | bf16_mfu: 46.49 | epoch: 1 | total time: 76.24m | eta: 81.4m
step 02114/04357 (48.52%) | loss: 2.813215 | lrm: 1.00 | dt: 2033.62ms | tok/sec: 515,620 | bf16_mfu: 46.38 | epoch: 1 | total time: 76.27m | eta: 81.3m
step 02115/04357 (48.54%) | loss: 2.815432 | lrm: 1.00 | dt: 2039.37ms | tok/sec: 514,167 | bf16_mfu: 46.25 | epoch: 1 | total time: 76.31m | eta: 81.3m
step 02116/04357 (48.57%) | loss: 2.817626 | lrm: 1.00 | dt: 2027.52ms | tok/sec: 517,171 | bf16_mfu: 46.52 | epoch: 1 | total time: 76.34m | eta: 81.2m
step 02117/04357 (48.59%) | loss: 2.822847 | lrm: 1.00 | dt: 2033.16ms | tok/sec: 515,737 | bf16_mfu: 46.39 | epoch: 1 | total time: 76.37m | eta: 81.2m
step 02118/04357 (48.61%) | loss: 2.815519 | lrm: 1.00 | dt: 2032.44ms | tok/sec: 515,920 | bf16_mfu: 46.40 | epoch: 1 | total time: 76.41m | eta: 81.2m
step 02119/04357 (48.63%) | loss: 2.825207 | lrm: 1.00 | dt: 2034.56ms | tok/sec: 515,382 | bf16_mfu: 46.36 | epoch: 1 | total time: 76.44m | eta: 81.1m
step 02120/04357 (48.66%) | loss: 2.830861 | lrm: 1.00 | dt: 2032.85ms | tok/sec: 515,816 | bf16_mfu: 46.40 | epoch: 1 | total time: 76.48m | eta: 81.1m
step 02121/04357 (48.68%) | loss: 2.833534 | lrm: 1.00 | dt: 2035.25ms | tok/sec: 515,207 | bf16_mfu: 46.34 | epoch: 1 | total time: 76.51m | eta: 81.0m
step 02122/04357 (48.70%) | loss: 2.827654 | lrm: 1.00 | dt: 2034.44ms | tok/sec: 515,412 | bf16_mfu: 46.36 | epoch: 1 | total time: 76.54m | eta: 81.0m
step 02123/04357 (48.73%) | loss: 2.827894 | lrm: 1.00 | dt: 2028.54ms | tok/sec: 516,910 | bf16_mfu: 46.49 | epoch: 1 | total time: 76.58m | eta: 81.0m
step 02124/04357 (48.75%) | loss: 2.842301 | lrm: 1.00 | dt: 2040.09ms | tok/sec: 513,984 | bf16_mfu: 46.23 | epoch: 1 | total time: 76.61m | eta: 80.9m
step 02125/04357 (48.77%) | loss: 2.850232 | lrm: 1.00 | dt: 2030.91ms | tok/sec: 516,309 | bf16_mfu: 46.44 | epoch: 1 | total time: 76.65m | eta: 80.9m
step 02126/04357 (48.80%) | loss: 2.834326 | lrm: 1.00 | dt: 2030.28ms | tok/sec: 516,468 | bf16_mfu: 46.45 | epoch: 1 | total time: 76.68m | eta: 80.8m
step 02127/04357 (48.82%) | loss: 2.834332 | lrm: 1.00 | dt: 2034.20ms | tok/sec: 515,472 | bf16_mfu: 46.36 | epoch: 1 | total time: 76.71m | eta: 80.8m
step 02128/04357 (48.84%) | loss: 2.848830 | lrm: 1.00 | dt: 2042.93ms | tok/sec: 513,269 | bf16_mfu: 46.17 | epoch: 1 | total time: 76.75m | eta: 80.8m
step 02129/04357 (48.86%) | loss: 2.848590 | lrm: 1.00 | dt: 2030.83ms | tok/sec: 516,328 | bf16_mfu: 46.44 | epoch: 1 | total time: 76.78m | eta: 80.7m
step 02130/04357 (48.89%) | loss: 2.848378 | lrm: 1.00 | dt: 2032.27ms | tok/sec: 515,961 | bf16_mfu: 46.41 | epoch: 1 | total time: 76.81m | eta: 80.7m
step 02131/04357 (48.91%) | loss: 2.844743 | lrm: 1.00 | dt: 2030.56ms | tok/sec: 516,398 | bf16_mfu: 46.45 | epoch: 1 | total time: 76.85m | eta: 80.7m
step 02132/04357 (48.93%) | loss: 2.843216 | lrm: 1.00 | dt: 2031.89ms | tok/sec: 516,060 | bf16_mfu: 46.42 | epoch: 1 | total time: 76.88m | eta: 80.6m
step 02133/04357 (48.96%) | loss: 2.844604 | lrm: 1.00 | dt: 2029.23ms | tok/sec: 516,736 | bf16_mfu: 46.48 | epoch: 1 | total time: 76.92m | eta: 80.6m
step 02134/04357 (48.98%) | loss: 2.856068 | lrm: 1.00 | dt: 2031.62ms | tok/sec: 516,127 | bf16_mfu: 46.42 | epoch: 1 | total time: 76.95m | eta: 80.5m
step 02135/04357 (49.00%) | loss: 2.855637 | lrm: 1.00 | dt: 2034.40ms | tok/sec: 515,421 | bf16_mfu: 46.36 | epoch: 1 | total time: 76.98m | eta: 80.5m
step 02136/04357 (49.02%) | loss: 2.841800 | lrm: 1.00 | dt: 2028.63ms | tok/sec: 516,889 | bf16_mfu: 46.49 | epoch: 1 | total time: 77.02m | eta: 80.5m
step 02137/04357 (49.05%) | loss: 2.850269 | lrm: 1.00 | dt: 2032.63ms | tok/sec: 515,870 | bf16_mfu: 46.40 | epoch: 1 | total time: 77.05m | eta: 80.4m
step 02138/04357 (49.07%) | loss: 2.854282 | lrm: 1.00 | dt: 2027.41ms | tok/sec: 517,199 | bf16_mfu: 46.52 | epoch: 1 | total time: 77.09m | eta: 80.4m
step 02139/04357 (49.09%) | loss: 2.849180 | lrm: 1.00 | dt: 2031.33ms | tok/sec: 516,201 | bf16_mfu: 46.43 | epoch: 1 | total time: 77.12m | eta: 80.3m
step 02140/04357 (49.12%) | loss: 2.859025 | lrm: 1.00 | dt: 2031.96ms | tok/sec: 516,041 | bf16_mfu: 46.42 | epoch: 1 | total time: 77.15m | eta: 80.3m
step 02141/04357 (49.14%) | loss: 2.857366 | lrm: 1.00 | dt: 2027.50ms | tok/sec: 517,176 | bf16_mfu: 46.52 | epoch: 1 | total time: 77.19m | eta: 80.3m
step 02142/04357 (49.16%) | loss: 2.859812 | lrm: 1.00 | dt: 2033.19ms | tok/sec: 515,730 | bf16_mfu: 46.39 | epoch: 1 | total time: 77.22m | eta: 80.2m
step 02143/04357 (49.19%) | loss: 2.870629 | lrm: 1.00 | dt: 2028.68ms | tok/sec: 516,875 | bf16_mfu: 46.49 | epoch: 1 | total time: 77.25m | eta: 80.2m
step 02144/04357 (49.21%) | loss: 2.854983 | lrm: 1.00 | dt: 2033.29ms | tok/sec: 515,704 | bf16_mfu: 46.39 | epoch: 1 | total time: 77.29m | eta: 80.1m
step 02145/04357 (49.23%) | loss: 2.861539 | lrm: 1.00 | dt: 2033.31ms | tok/sec: 515,698 | bf16_mfu: 46.38 | epoch: 1 | total time: 77.32m | eta: 80.1m
step 02146/04357 (49.25%) | loss: 2.859061 | lrm: 1.00 | dt: 2027.34ms | tok/sec: 517,217 | bf16_mfu: 46.52 | epoch: 1 | total time: 77.36m | eta: 80.1m
step 02147/04357 (49.28%) | loss: 2.866542 | lrm: 1.00 | dt: 2030.97ms | tok/sec: 516,292 | bf16_mfu: 46.44 | epoch: 1 | total time: 77.39m | eta: 80.0m
step 02148/04357 (49.30%) | loss: 2.877795 | lrm: 1.00 | dt: 2031.91ms | tok/sec: 516,055 | bf16_mfu: 46.42 | epoch: 1 | total time: 77.42m | eta: 80.0m
step 02149/04357 (49.32%) | loss: 2.879741 | lrm: 1.00 | dt: 2035.67ms | tok/sec: 515,101 | bf16_mfu: 46.33 | epoch: 1 | total time: 77.46m | eta: 80.0m
step 02150/04357 (49.35%) | loss: 2.869453 | lrm: 1.00 | dt: 2033.36ms | tok/sec: 515,685 | bf16_mfu: 46.38 | epoch: 1 | total time: 77.49m | eta: 79.9m
step 02151/04357 (49.37%) | loss: 2.869612 | lrm: 1.00 | dt: 2031.47ms | tok/sec: 516,165 | bf16_mfu: 46.43 | epoch: 1 | total time: 77.53m | eta: 79.9m
step 02152/04357 (49.39%) | loss: 2.869859 | lrm: 1.00 | dt: 2033.14ms | tok/sec: 515,741 | bf16_mfu: 46.39 | epoch: 1 | total time: 77.56m | eta: 79.8m
step 02153/04357 (49.41%) | loss: 2.871230 | lrm: 1.00 | dt: 2030.93ms | tok/sec: 516,303 | bf16_mfu: 46.44 | epoch: 1 | total time: 77.59m | eta: 79.8m
step 02154/04357 (49.44%) | loss: 2.865053 | lrm: 1.00 | dt: 2031.90ms | tok/sec: 516,056 | bf16_mfu: 46.42 | epoch: 1 | total time: 77.63m | eta: 79.8m
step 02155/04357 (49.46%) | loss: 2.858586 | lrm: 1.00 | dt: 2034.99ms | tok/sec: 515,274 | bf16_mfu: 46.35 | epoch: 1 | total time: 77.66m | eta: 79.7m
step 02156/04357 (49.48%) | loss: 2.859396 | lrm: 1.00 | dt: 2030.72ms | tok/sec: 516,357 | bf16_mfu: 46.44 | epoch: 1 | total time: 77.70m | eta: 79.7m
step 02157/04357 (49.51%) | loss: 2.850972 | lrm: 1.00 | dt: 2032.99ms | tok/sec: 515,780 | bf16_mfu: 46.39 | epoch: 1 | total time: 77.73m | eta: 79.6m
step 02158/04357 (49.53%) | loss: 2.842682 | lrm: 1.00 | dt: 2036.55ms | tok/sec: 514,879 | bf16_mfu: 46.31 | epoch: 1 | total time: 77.76m | eta: 79.6m
step 02159/04357 (49.55%) | loss: 2.831682 | lrm: 1.00 | dt: 2067.36ms | tok/sec: 507,206 | bf16_mfu: 45.62 | epoch: 1 | total time: 77.80m | eta: 79.6m
step 02160/04357 (49.58%) | loss: 2.834037 | lrm: 1.00 | dt: 2032.34ms | tok/sec: 515,944 | bf16_mfu: 46.41 | epoch: 1 | total time: 77.83m | eta: 79.5m
step 02161/04357 (49.60%) | loss: 2.831450 | lrm: 1.00 | dt: 2031.79ms | tok/sec: 516,085 | bf16_mfu: 46.42 | epoch: 1 | total time: 77.87m | eta: 79.5m
step 02162/04357 (49.62%) | loss: 2.832559 | lrm: 1.00 | dt: 2032.80ms | tok/sec: 515,828 | bf16_mfu: 46.40 | epoch: 1 | total time: 77.90m | eta: 79.5m
step 02163/04357 (49.64%) | loss: 2.824863 | lrm: 1.00 | dt: 2031.76ms | tok/sec: 516,092 | bf16_mfu: 46.42 | epoch: 1 | total time: 77.93m | eta: 79.4m
step 02164/04357 (49.67%) | loss: 2.820950 | lrm: 1.00 | dt: 2034.94ms | tok/sec: 515,286 | bf16_mfu: 46.35 | epoch: 1 | total time: 77.97m | eta: 79.4m
step 02165/04357 (49.69%) | loss: 2.831464 | lrm: 1.00 | dt: 2030.71ms | tok/sec: 516,358 | bf16_mfu: 46.44 | epoch: 1 | total time: 78.00m | eta: 79.3m
step 02166/04357 (49.71%) | loss: 2.820794 | lrm: 1.00 | dt: 2033.67ms | tok/sec: 515,607 | bf16_mfu: 46.38 | epoch: 1 | total time: 78.03m | eta: 79.3m
step 02167/04357 (49.74%) | loss: 2.842759 | lrm: 1.00 | dt: 2038.03ms | tok/sec: 514,503 | bf16_mfu: 46.28 | epoch: 1 | total time: 78.07m | eta: 79.3m
step 02168/04357 (49.76%) | loss: 2.840902 | lrm: 1.00 | dt: 2050.70ms | tok/sec: 511,324 | bf16_mfu: 45.99 | epoch: 1 | total time: 78.10m | eta: 79.2m
step 02169/04357 (49.78%) | loss: 2.837563 | lrm: 1.00 | dt: 2034.55ms | tok/sec: 515,383 | bf16_mfu: 46.36 | epoch: 1 | total time: 78.14m | eta: 79.2m
step 02170/04357 (49.80%) | loss: 2.835806 | lrm: 1.00 | dt: 2029.82ms | tok/sec: 516,586 | bf16_mfu: 46.46 | epoch: 1 | total time: 78.17m | eta: 79.1m
step 02171/04357 (49.83%) | loss: 2.827905 | lrm: 1.00 | dt: 2035.38ms | tok/sec: 515,175 | bf16_mfu: 46.34 | epoch: 1 | total time: 78.20m | eta: 79.1m
step 02172/04357 (49.85%) | loss: 2.844409 | lrm: 1.00 | dt: 2034.12ms | tok/sec: 515,494 | bf16_mfu: 46.37 | epoch: 1 | total time: 78.24m | eta: 79.1m
step 02173/04357 (49.87%) | loss: 2.834645 | lrm: 1.00 | dt: 2032.37ms | tok/sec: 515,936 | bf16_mfu: 46.41 | epoch: 1 | total time: 78.27m | eta: 79.0m
step 02174/04357 (49.90%) | loss: 2.826681 | lrm: 1.00 | dt: 2032.20ms | tok/sec: 515,981 | bf16_mfu: 46.41 | epoch: 1 | total time: 78.31m | eta: 79.0m
step 02175/04357 (49.92%) | loss: 2.817851 | lrm: 1.00 | dt: 2032.25ms | tok/sec: 515,968 | bf16_mfu: 46.41 | epoch: 1 | total time: 78.34m | eta: 79.0m
step 02176/04357 (49.94%) | loss: 2.820062 | lrm: 1.00 | dt: 2028.21ms | tok/sec: 516,996 | bf16_mfu: 46.50 | epoch: 1 | total time: 78.37m | eta: 78.9m
step 02177/04357 (49.97%) | loss: 2.813419 | lrm: 1.00 | dt: 2036.17ms | tok/sec: 514,973 | bf16_mfu: 46.32 | epoch: 1 | total time: 78.41m | eta: 78.9m
step 02178/04357 (49.99%) | loss: 2.807008 | lrm: 1.00 | dt: 2034.39ms | tok/sec: 515,425 | bf16_mfu: 46.36 | epoch: 1 | total time: 78.44m | eta: 78.8m
step 02179/04357 (50.01%) | loss: 2.812165 | lrm: 1.00 | dt: 2036.41ms | tok/sec: 514,913 | bf16_mfu: 46.31 | epoch: 1 | total time: 78.48m | eta: 78.8m
step 02180/04357 (50.03%) | loss: 2.823215 | lrm: 1.00 | dt: 2021.33ms | tok/sec: 518,755 | bf16_mfu: 46.66 | epoch: 1 | total time: 78.51m | eta: 78.8m
step 02181/04357 (50.06%) | loss: 2.818415 | lrm: 1.00 | dt: 2035.36ms | tok/sec: 515,179 | bf16_mfu: 46.34 | epoch: 1 | total time: 78.54m | eta: 78.7m
step 02182/04357 (50.08%) | loss: 2.826873 | lrm: 1.00 | dt: 2037.89ms | tok/sec: 514,540 | bf16_mfu: 46.28 | epoch: 1 | total time: 78.58m | eta: 78.7m
step 02183/04357 (50.10%) | loss: 2.822625 | lrm: 1.00 | dt: 2029.56ms | tok/sec: 516,652 | bf16_mfu: 46.47 | epoch: 1 | total time: 78.61m | eta: 78.6m
step 02184/04357 (50.13%) | loss: 2.835050 | lrm: 1.00 | dt: 2034.28ms | tok/sec: 515,453 | bf16_mfu: 46.36 | epoch: 1 | total time: 78.64m | eta: 78.6m
step 02185/04357 (50.15%) | loss: 2.824175 | lrm: 1.00 | dt: 2036.73ms | tok/sec: 514,832 | bf16_mfu: 46.31 | epoch: 1 | total time: 78.68m | eta: 78.6m
step 02186/04357 (50.17%) | loss: 2.826350 | lrm: 1.00 | dt: 2030.01ms | tok/sec: 516,537 | bf16_mfu: 46.46 | epoch: 1 | total time: 78.71m | eta: 78.5m
step 02187/04357 (50.20%) | loss: 2.815492 | lrm: 1.00 | dt: 2037.27ms | tok/sec: 514,696 | bf16_mfu: 46.29 | epoch: 1 | total time: 78.75m | eta: 78.5m
step 02188/04357 (50.22%) | loss: 2.807063 | lrm: 1.00 | dt: 2027.61ms | tok/sec: 517,148 | bf16_mfu: 46.52 | epoch: 1 | total time: 78.78m | eta: 78.5m
step 02189/04357 (50.24%) | loss: 2.805623 | lrm: 1.00 | dt: 2031.45ms | tok/sec: 516,171 | bf16_mfu: 46.43 | epoch: 1 | total time: 78.81m | eta: 78.4m
step 02190/04357 (50.26%) | loss: 2.811441 | lrm: 0.99 | dt: 2028.27ms | tok/sec: 516,979 | bf16_mfu: 46.50 | epoch: 1 | total time: 78.85m | eta: 78.4m
step 02191/04357 (50.29%) | loss: 2.822572 | lrm: 0.99 | dt: 2037.61ms | tok/sec: 514,611 | bf16_mfu: 46.29 | epoch: 1 | total time: 78.88m | eta: 78.3m
step 02192/04357 (50.31%) | loss: 2.811293 | lrm: 0.99 | dt: 2032.97ms | tok/sec: 515,785 | bf16_mfu: 46.39 | epoch: 1 | total time: 78.92m | eta: 78.3m
step 02193/04357 (50.33%) | loss: 2.817936 | lrm: 0.99 | dt: 2030.48ms | tok/sec: 516,417 | bf16_mfu: 46.45 | epoch: 1 | total time: 78.95m | eta: 78.3m
step 02194/04357 (50.36%) | loss: 2.822641 | lrm: 0.99 | dt: 2035.20ms | tok/sec: 515,220 | bf16_mfu: 46.34 | epoch: 1 | total time: 78.98m | eta: 78.2m
step 02195/04357 (50.38%) | loss: 2.821382 | lrm: 0.99 | dt: 2032.80ms | tok/sec: 515,829 | bf16_mfu: 46.40 | epoch: 1 | total time: 79.02m | eta: 78.2m
step 02196/04357 (50.40%) | loss: 2.831845 | lrm: 0.99 | dt: 2035.29ms | tok/sec: 515,196 | bf16_mfu: 46.34 | epoch: 1 | total time: 79.05m | eta: 78.1m
step 02197/04357 (50.42%) | loss: 2.819811 | lrm: 0.99 | dt: 2035.45ms | tok/sec: 515,156 | bf16_mfu: 46.34 | epoch: 1 | total time: 79.09m | eta: 78.1m
step 02198/04357 (50.45%) | loss: 2.820426 | lrm: 0.99 | dt: 2032.24ms | tok/sec: 515,969 | bf16_mfu: 46.41 | epoch: 1 | total time: 79.12m | eta: 78.1m
step 02199/04357 (50.47%) | loss: 2.823246 | lrm: 0.99 | dt: 2032.86ms | tok/sec: 515,813 | bf16_mfu: 46.40 | epoch: 1 | total time: 79.15m | eta: 78.0m
step 02200/04357 (50.49%) | loss: 2.822393 | lrm: 0.99 | dt: 2033.84ms | tok/sec: 515,564 | bf16_mfu: 46.37 | epoch: 1 | total time: 79.19m | eta: 78.0m
step 02201/04357 (50.52%) | loss: 2.820431 | lrm: 0.99 | dt: 2033.38ms | tok/sec: 515,680 | bf16_mfu: 46.38 | epoch: 1 | total time: 79.22m | eta: 78.0m
step 02202/04357 (50.54%) | loss: 2.833548 | lrm: 0.99 | dt: 2034.01ms | tok/sec: 515,521 | bf16_mfu: 46.37 | epoch: 1 | total time: 79.25m | eta: 77.9m
step 02203/04357 (50.56%) | loss: 2.834423 | lrm: 0.99 | dt: 2030.40ms | tok/sec: 516,438 | bf16_mfu: 46.45 | epoch: 1 | total time: 79.29m | eta: 77.9m
step 02204/04357 (50.59%) | loss: 2.832040 | lrm: 0.99 | dt: 2040.46ms | tok/sec: 513,891 | bf16_mfu: 46.22 | epoch: 1 | total time: 79.32m | eta: 77.8m
step 02205/04357 (50.61%) | loss: 2.814716 | lrm: 0.99 | dt: 2028.26ms | tok/sec: 516,981 | bf16_mfu: 46.50 | epoch: 1 | total time: 79.36m | eta: 77.8m
step 02206/04357 (50.63%) | loss: 2.823873 | lrm: 0.99 | dt: 2030.14ms | tok/sec: 516,504 | bf16_mfu: 46.46 | epoch: 1 | total time: 79.39m | eta: 77.8m
step 02207/04357 (50.65%) | loss: 2.822441 | lrm: 0.99 | dt: 2035.63ms | tok/sec: 515,110 | bf16_mfu: 46.33 | epoch: 1 | total time: 79.42m | eta: 77.7m
step 02208/04357 (50.68%) | loss: 2.825019 | lrm: 0.99 | dt: 2029.92ms | tok/sec: 516,561 | bf16_mfu: 46.46 | epoch: 1 | total time: 79.46m | eta: 77.7m
step 02209/04357 (50.70%) | loss: 2.830136 | lrm: 0.99 | dt: 2034.24ms | tok/sec: 515,462 | bf16_mfu: 46.36 | epoch: 1 | total time: 79.49m | eta: 77.6m
step 02210/04357 (50.72%) | loss: 2.833257 | lrm: 0.99 | dt: 2033.38ms | tok/sec: 515,681 | bf16_mfu: 46.38 | epoch: 1 | total time: 79.53m | eta: 77.6m
step 02211/04357 (50.75%) | loss: 2.827826 | lrm: 0.99 | dt: 2031.56ms | tok/sec: 516,142 | bf16_mfu: 46.42 | epoch: 1 | total time: 79.56m | eta: 77.6m
step 02212/04357 (50.77%) | loss: 2.830910 | lrm: 0.98 | dt: 2032.31ms | tok/sec: 515,953 | bf16_mfu: 46.41 | epoch: 1 | total time: 79.59m | eta: 77.5m
step 02213/04357 (50.79%) | loss: 2.839845 | lrm: 0.98 | dt: 2029.38ms | tok/sec: 516,698 | bf16_mfu: 46.47 | epoch: 1 | total time: 79.63m | eta: 77.5m
step 02214/04357 (50.81%) | loss: 2.840523 | lrm: 0.98 | dt: 2034.08ms | tok/sec: 515,505 | bf16_mfu: 46.37 | epoch: 1 | total time: 79.66m | eta: 77.5m
step 02215/04357 (50.84%) | loss: 2.846858 | lrm: 0.98 | dt: 2031.90ms | tok/sec: 516,056 | bf16_mfu: 46.42 | epoch: 1 | total time: 79.70m | eta: 77.4m
step 02216/04357 (50.86%) | loss: 2.836157 | lrm: 0.98 | dt: 2031.48ms | tok/sec: 516,164 | bf16_mfu: 46.43 | epoch: 1 | total time: 79.73m | eta: 77.4m
step 02217/04357 (50.88%) | loss: 2.835824 | lrm: 0.98 | dt: 2033.34ms | tok/sec: 515,692 | bf16_mfu: 46.38 | epoch: 1 | total time: 79.76m | eta: 77.3m
step 02218/04357 (50.91%) | loss: 2.841654 | lrm: 0.98 | dt: 2030.57ms | tok/sec: 516,393 | bf16_mfu: 46.45 | epoch: 1 | total time: 79.80m | eta: 77.3m
step 02219/04357 (50.93%) | loss: 2.844172 | lrm: 0.98 | dt: 2035.78ms | tok/sec: 515,074 | bf16_mfu: 46.33 | epoch: 1 | total time: 79.83m | eta: 77.3m
step 02220/04357 (50.95%) | loss: 2.833096 | lrm: 0.98 | dt: 2035.20ms | tok/sec: 515,221 | bf16_mfu: 46.34 | epoch: 1 | total time: 79.86m | eta: 77.2m
step 02221/04357 (50.98%) | loss: 2.834029 | lrm: 0.98 | dt: 2032.51ms | tok/sec: 515,901 | bf16_mfu: 46.40 | epoch: 1 | total time: 79.90m | eta: 77.2m
step 02222/04357 (51.00%) | loss: 2.843363 | lrm: 0.98 | dt: 2031.01ms | tok/sec: 516,281 | bf16_mfu: 46.44 | epoch: 1 | total time: 79.93m | eta: 77.1m
step 02223/04357 (51.02%) | loss: 2.839268 | lrm: 0.98 | dt: 2030.48ms | tok/sec: 516,417 | bf16_mfu: 46.45 | epoch: 1 | total time: 79.97m | eta: 77.1m
step 02224/04357 (51.04%) | loss: 2.826209 | lrm: 0.98 | dt: 2034.62ms | tok/sec: 515,366 | bf16_mfu: 46.36 | epoch: 1 | total time: 80.00m | eta: 77.1m
step 02225/04357 (51.07%) | loss: 2.834219 | lrm: 0.98 | dt: 2033.07ms | tok/sec: 515,759 | bf16_mfu: 46.39 | epoch: 1 | total time: 80.03m | eta: 77.0m
step 02226/04357 (51.09%) | loss: 2.841613 | lrm: 0.98 | dt: 2031.31ms | tok/sec: 516,206 | bf16_mfu: 46.43 | epoch: 1 | total time: 80.07m | eta: 77.0m
step 02227/04357 (51.11%) | loss: 2.851159 | lrm: 0.98 | dt: 2031.37ms | tok/sec: 516,191 | bf16_mfu: 46.43 | epoch: 1 | total time: 80.10m | eta: 77.0m
step 02228/04357 (51.14%) | loss: 2.835866 | lrm: 0.98 | dt: 2029.32ms | tok/sec: 516,712 | bf16_mfu: 46.48 | epoch: 1 | total time: 80.14m | eta: 76.9m
step 02229/04357 (51.16%) | loss: 2.833684 | lrm: 0.98 | dt: 2033.08ms | tok/sec: 515,758 | bf16_mfu: 46.39 | epoch: 1 | total time: 80.17m | eta: 76.9m
step 02230/04357 (51.18%) | loss: 2.839033 | lrm: 0.98 | dt: 2036.20ms | tok/sec: 514,967 | bf16_mfu: 46.32 | epoch: 1 | total time: 80.20m | eta: 76.8m
step 02231/04357 (51.20%) | loss: 2.825705 | lrm: 0.98 | dt: 2029.65ms | tok/sec: 516,629 | bf16_mfu: 46.47 | epoch: 1 | total time: 80.24m | eta: 76.8m
step 02232/04357 (51.23%) | loss: 2.834062 | lrm: 0.98 | dt: 2033.33ms | tok/sec: 515,694 | bf16_mfu: 46.38 | epoch: 1 | total time: 80.27m | eta: 76.8m
step 02233/04357 (51.25%) | loss: 2.831622 | lrm: 0.98 | dt: 2032.88ms | tok/sec: 515,808 | bf16_mfu: 46.39 | epoch: 1 | total time: 80.30m | eta: 76.7m
step 02234/04357 (51.27%) | loss: 2.838007 | lrm: 0.97 | dt: 2041.56ms | tok/sec: 513,616 | bf16_mfu: 46.20 | epoch: 1 | total time: 80.34m | eta: 76.7m
step 02235/04357 (51.30%) | loss: 2.843782 | lrm: 0.97 | dt: 2034.37ms | tok/sec: 515,430 | bf16_mfu: 46.36 | epoch: 1 | total time: 80.37m | eta: 76.7m
step 02236/04357 (51.32%) | loss: 2.849671 | lrm: 0.97 | dt: 2023.56ms | tok/sec: 518,183 | bf16_mfu: 46.61 | epoch: 1 | total time: 80.41m | eta: 76.6m
step 02237/04357 (51.34%) | loss: 2.856411 | lrm: 0.97 | dt: 2031.31ms | tok/sec: 516,206 | bf16_mfu: 46.43 | epoch: 1 | total time: 80.44m | eta: 76.6m
step 02238/04357 (51.37%) | loss: 2.853182 | lrm: 0.97 | dt: 2035.95ms | tok/sec: 515,029 | bf16_mfu: 46.32 | epoch: 1 | total time: 80.47m | eta: 76.5m
step 02239/04357 (51.39%) | loss: 2.837284 | lrm: 0.97 | dt: 2033.09ms | tok/sec: 515,753 | bf16_mfu: 46.39 | epoch: 1 | total time: 80.51m | eta: 76.5m
step 02240/04357 (51.41%) | loss: 2.845380 | lrm: 0.97 | dt: 2037.28ms | tok/sec: 514,694 | bf16_mfu: 46.29 | epoch: 1 | total time: 80.54m | eta: 76.5m
step 02241/04357 (51.43%) | loss: 2.850840 | lrm: 0.97 | dt: 2033.25ms | tok/sec: 515,715 | bf16_mfu: 46.39 | epoch: 1 | total time: 80.58m | eta: 76.4m
step 02242/04357 (51.46%) | loss: 2.846626 | lrm: 0.97 | dt: 2036.79ms | tok/sec: 514,816 | bf16_mfu: 46.31 | epoch: 1 | total time: 80.61m | eta: 76.4m
step 02243/04357 (51.48%) | loss: 2.842055 | lrm: 0.97 | dt: 2028.94ms | tok/sec: 516,808 | bf16_mfu: 46.48 | epoch: 1 | total time: 80.64m | eta: 76.3m
step 02244/04357 (51.50%) | loss: 2.846407 | lrm: 0.97 | dt: 2036.19ms | tok/sec: 514,969 | bf16_mfu: 46.32 | epoch: 1 | total time: 80.68m | eta: 76.3m
step 02245/04357 (51.53%) | loss: 2.849785 | lrm: 0.97 | dt: 2035.63ms | tok/sec: 515,112 | bf16_mfu: 46.33 | epoch: 1 | total time: 80.71m | eta: 76.3m
step 02246/04357 (51.55%) | loss: 2.841787 | lrm: 0.97 | dt: 2028.35ms | tok/sec: 516,959 | bf16_mfu: 46.50 | epoch: 1 | total time: 80.75m | eta: 76.2m
step 02247/04357 (51.57%) | loss: 2.835798 | lrm: 0.97 | dt: 2031.63ms | tok/sec: 516,125 | bf16_mfu: 46.42 | epoch: 1 | total time: 80.78m | eta: 76.2m
step 02248/04357 (51.60%) | loss: 2.838709 | lrm: 0.97 | dt: 2031.62ms | tok/sec: 516,128 | bf16_mfu: 46.42 | epoch: 1 | total time: 80.81m | eta: 76.2m
step 02249/04357 (51.62%) | loss: 2.829327 | lrm: 0.97 | dt: 2031.93ms | tok/sec: 516,050 | bf16_mfu: 46.42 | epoch: 1 | total time: 80.85m | eta: 76.1m
Step 02250 | Validation bpb: 0.856590
step 02250/04357 (51.64%) | loss: 2.826239 | lrm: 0.97 | dt: 35648.76ms | tok/sec: 29,414 | bf16_mfu: 2.65 | epoch: 1 | total time: 81.44m | eta: 76.6m
step 02251/04357 (51.66%) | loss: 2.827922 | lrm: 0.97 | dt: 1979.36ms | tok/sec: 529,756 | bf16_mfu: 47.65 | epoch: 1 | total time: 81.47m | eta: 76.6m
step 02252/04357 (51.69%) | loss: 2.827513 | lrm: 0.97 | dt: 1985.82ms | tok/sec: 528,030 | bf16_mfu: 47.49 | epoch: 1 | total time: 81.51m | eta: 76.5m
step 02253/04357 (51.71%) | loss: 2.824436 | lrm: 0.97 | dt: 1985.19ms | tok/sec: 528,200 | bf16_mfu: 47.51 | epoch: 1 | total time: 81.54m | eta: 76.5m
step 02254/04357 (51.73%) | loss: 2.820734 | lrm: 0.97 | dt: 1987.77ms | tok/sec: 527,513 | bf16_mfu: 47.45 | epoch: 1 | total time: 81.57m | eta: 76.4m
step 02255/04357 (51.76%) | loss: 2.830866 | lrm: 0.97 | dt: 1984.80ms | tok/sec: 528,303 | bf16_mfu: 47.52 | epoch: 1 | total time: 81.61m | eta: 76.4m
step 02256/04357 (51.78%) | loss: 2.844908 | lrm: 0.96 | dt: 1979.93ms | tok/sec: 529,603 | bf16_mfu: 47.64 | epoch: 1 | total time: 81.64m | eta: 76.4m
step 02257/04357 (51.80%) | loss: 2.848586 | lrm: 0.96 | dt: 1993.44ms | tok/sec: 526,013 | bf16_mfu: 47.31 | epoch: 1 | total time: 81.67m | eta: 76.3m
step 02258/04357 (51.82%) | loss: 2.839839 | lrm: 0.96 | dt: 1994.81ms | tok/sec: 525,652 | bf16_mfu: 47.28 | epoch: 1 | total time: 81.71m | eta: 76.3m
step 02259/04357 (51.85%) | loss: 2.850307 | lrm: 0.96 | dt: 1984.28ms | tok/sec: 528,442 | bf16_mfu: 47.53 | epoch: 1 | total time: 81.74m | eta: 76.3m
step 02260/04357 (51.87%) | loss: 2.859103 | lrm: 0.96 | dt: 1990.49ms | tok/sec: 526,792 | bf16_mfu: 47.38 | epoch: 1 | total time: 81.77m | eta: 76.2m
step 02261/04357 (51.89%) | loss: 2.846378 | lrm: 0.96 | dt: 1987.86ms | tok/sec: 527,490 | bf16_mfu: 47.45 | epoch: 1 | total time: 81.81m | eta: 76.2m
step 02262/04357 (51.92%) | loss: 2.834687 | lrm: 0.96 | dt: 1992.82ms | tok/sec: 526,176 | bf16_mfu: 47.33 | epoch: 1 | total time: 81.84m | eta: 76.1m
step 02263/04357 (51.94%) | loss: 2.832683 | lrm: 0.96 | dt: 1992.66ms | tok/sec: 526,220 | bf16_mfu: 47.33 | epoch: 1 | total time: 81.87m | eta: 76.1m
step 02264/04357 (51.96%) | loss: 2.838085 | lrm: 0.96 | dt: 1991.30ms | tok/sec: 526,578 | bf16_mfu: 47.36 | epoch: 1 | total time: 81.91m | eta: 76.1m
step 02265/04357 (51.99%) | loss: 2.833112 | lrm: 0.96 | dt: 1995.15ms | tok/sec: 525,563 | bf16_mfu: 47.27 | epoch: 1 | total time: 81.94m | eta: 76.0m
step 02266/04357 (52.01%) | loss: 2.841018 | lrm: 0.96 | dt: 2000.18ms | tok/sec: 524,241 | bf16_mfu: 47.15 | epoch: 1 | total time: 81.97m | eta: 76.0m
step 02267/04357 (52.03%) | loss: 2.830102 | lrm: 0.96 | dt: 1999.47ms | tok/sec: 524,426 | bf16_mfu: 47.17 | epoch: 1 | total time: 82.00m | eta: 75.9m
step 02268/04357 (52.05%) | loss: 2.843662 | lrm: 0.96 | dt: 2001.80ms | tok/sec: 523,816 | bf16_mfu: 47.12 | epoch: 1 | total time: 82.04m | eta: 75.9m
step 02269/04357 (52.08%) | loss: 2.838935 | lrm: 0.96 | dt: 1999.45ms | tok/sec: 524,432 | bf16_mfu: 47.17 | epoch: 1 | total time: 82.07m | eta: 75.9m
step 02270/04357 (52.10%) | loss: 2.835284 | lrm: 0.96 | dt: 2000.99ms | tok/sec: 524,028 | bf16_mfu: 47.13 | epoch: 1 | total time: 82.10m | eta: 75.8m
step 02271/04357 (52.12%) | loss: 2.832019 | lrm: 0.96 | dt: 2002.83ms | tok/sec: 523,546 | bf16_mfu: 47.09 | epoch: 1 | total time: 82.14m | eta: 75.8m
step 02272/04357 (52.15%) | loss: 2.812839 | lrm: 0.96 | dt: 2006.14ms | tok/sec: 522,682 | bf16_mfu: 47.01 | epoch: 1 | total time: 82.17m | eta: 75.7m
step 02273/04357 (52.17%) | loss: 2.815464 | lrm: 0.96 | dt: 2004.92ms | tok/sec: 523,000 | bf16_mfu: 47.04 | epoch: 1 | total time: 82.21m | eta: 75.7m
step 02274/04357 (52.19%) | loss: 2.807939 | lrm: 0.96 | dt: 2003.85ms | tok/sec: 523,280 | bf16_mfu: 47.07 | epoch: 1 | total time: 82.24m | eta: 75.7m
step 02275/04357 (52.21%) | loss: 2.815484 | lrm: 0.96 | dt: 2008.62ms | tok/sec: 522,037 | bf16_mfu: 46.96 | epoch: 1 | total time: 82.27m | eta: 75.6m
step 02276/04357 (52.24%) | loss: 2.821587 | lrm: 0.96 | dt: 2002.75ms | tok/sec: 523,567 | bf16_mfu: 47.09 | epoch: 1 | total time: 82.31m | eta: 75.6m
step 02277/04357 (52.26%) | loss: 2.803792 | lrm: 0.96 | dt: 2011.87ms | tok/sec: 521,195 | bf16_mfu: 46.88 | epoch: 1 | total time: 82.34m | eta: 75.5m
step 02278/04357 (52.28%) | loss: 2.795818 | lrm: 0.95 | dt: 2009.73ms | tok/sec: 521,750 | bf16_mfu: 46.93 | epoch: 1 | total time: 82.37m | eta: 75.5m
step 02279/04357 (52.31%) | loss: 2.801261 | lrm: 0.95 | dt: 2007.98ms | tok/sec: 522,204 | bf16_mfu: 46.97 | epoch: 1 | total time: 82.41m | eta: 75.5m
step 02280/04357 (52.33%) | loss: 2.800968 | lrm: 0.95 | dt: 2013.06ms | tok/sec: 520,885 | bf16_mfu: 46.85 | epoch: 1 | total time: 82.44m | eta: 75.4m
step 02281/04357 (52.35%) | loss: 2.792220 | lrm: 0.95 | dt: 2013.07ms | tok/sec: 520,883 | bf16_mfu: 46.85 | epoch: 1 | total time: 82.47m | eta: 75.4m
step 02282/04357 (52.38%) | loss: 2.792751 | lrm: 0.95 | dt: 2013.94ms | tok/sec: 520,658 | bf16_mfu: 46.83 | epoch: 1 | total time: 82.51m | eta: 75.4m
step 02283/04357 (52.40%) | loss: 2.789621 | lrm: 0.95 | dt: 2029.29ms | tok/sec: 516,721 | bf16_mfu: 46.48 | epoch: 1 | total time: 82.54m | eta: 75.3m
step 02284/04357 (52.42%) | loss: 2.799352 | lrm: 0.95 | dt: 2010.46ms | tok/sec: 521,560 | bf16_mfu: 46.91 | epoch: 1 | total time: 82.57m | eta: 75.3m
step 02285/04357 (52.44%) | loss: 2.797209 | lrm: 0.95 | dt: 2016.81ms | tok/sec: 519,919 | bf16_mfu: 46.76 | epoch: 1 | total time: 82.61m | eta: 75.2m
step 02286/04357 (52.47%) | loss: 2.788194 | lrm: 0.95 | dt: 2018.79ms | tok/sec: 519,407 | bf16_mfu: 46.72 | epoch: 1 | total time: 82.64m | eta: 75.2m
step 02287/04357 (52.49%) | loss: 2.790586 | lrm: 0.95 | dt: 2016.34ms | tok/sec: 520,038 | bf16_mfu: 46.78 | epoch: 1 | total time: 82.67m | eta: 75.2m
step 02288/04357 (52.51%) | loss: 2.778640 | lrm: 0.95 | dt: 2017.68ms | tok/sec: 519,693 | bf16_mfu: 46.74 | epoch: 1 | total time: 82.71m | eta: 75.1m
step 02289/04357 (52.54%) | loss: 2.775082 | lrm: 0.95 | dt: 2015.18ms | tok/sec: 520,338 | bf16_mfu: 46.80 | epoch: 1 | total time: 82.74m | eta: 75.1m
step 02290/04357 (52.56%) | loss: 2.776728 | lrm: 0.95 | dt: 2016.34ms | tok/sec: 520,038 | bf16_mfu: 46.78 | epoch: 1 | total time: 82.78m | eta: 75.0m
step 02291/04357 (52.58%) | loss: 2.786533 | lrm: 0.95 | dt: 2022.98ms | tok/sec: 518,332 | bf16_mfu: 46.62 | epoch: 1 | total time: 82.81m | eta: 75.0m
step 02292/04357 (52.61%) | loss: 2.797571 | lrm: 0.95 | dt: 2022.34ms | tok/sec: 518,495 | bf16_mfu: 46.64 | epoch: 1 | total time: 82.84m | eta: 75.0m
step 02293/04357 (52.63%) | loss: 2.811084 | lrm: 0.95 | dt: 2021.73ms | tok/sec: 518,651 | bf16_mfu: 46.65 | epoch: 1 | total time: 82.88m | eta: 74.9m
step 02294/04357 (52.65%) | loss: 2.810288 | lrm: 0.95 | dt: 2019.78ms | tok/sec: 519,153 | bf16_mfu: 46.70 | epoch: 1 | total time: 82.91m | eta: 74.9m
step 02295/04357 (52.67%) | loss: 2.813735 | lrm: 0.95 | dt: 2025.02ms | tok/sec: 517,810 | bf16_mfu: 46.57 | epoch: 1 | total time: 82.94m | eta: 74.8m
step 02296/04357 (52.70%) | loss: 2.807477 | lrm: 0.95 | dt: 2022.02ms | tok/sec: 518,577 | bf16_mfu: 46.64 | epoch: 1 | total time: 82.98m | eta: 74.8m
step 02297/04357 (52.72%) | loss: 2.808747 | lrm: 0.95 | dt: 2021.49ms | tok/sec: 518,713 | bf16_mfu: 46.66 | epoch: 1 | total time: 83.01m | eta: 74.8m
step 02298/04357 (52.74%) | loss: 2.807975 | lrm: 0.95 | dt: 2021.60ms | tok/sec: 518,684 | bf16_mfu: 46.65 | epoch: 1 | total time: 83.05m | eta: 74.7m
step 02299/04357 (52.77%) | loss: 2.810662 | lrm: 0.94 | dt: 2025.72ms | tok/sec: 517,630 | bf16_mfu: 46.56 | epoch: 1 | total time: 83.08m | eta: 74.7m
step 02300/04357 (52.79%) | loss: 2.812149 | lrm: 0.94 | dt: 2021.80ms | tok/sec: 518,635 | bf16_mfu: 46.65 | epoch: 1 | total time: 83.11m | eta: 74.7m
step 02301/04357 (52.81%) | loss: 2.801703 | lrm: 0.94 | dt: 2025.59ms | tok/sec: 517,664 | bf16_mfu: 46.56 | epoch: 1 | total time: 83.15m | eta: 74.6m
step 02302/04357 (52.83%) | loss: 2.803510 | lrm: 0.94 | dt: 2021.29ms | tok/sec: 518,765 | bf16_mfu: 46.66 | epoch: 1 | total time: 83.18m | eta: 74.6m
step 02303/04357 (52.86%) | loss: 2.791917 | lrm: 0.94 | dt: 2027.02ms | tok/sec: 517,298 | bf16_mfu: 46.53 | epoch: 1 | total time: 83.21m | eta: 74.5m
step 02304/04357 (52.88%) | loss: 2.788270 | lrm: 0.94 | dt: 2024.36ms | tok/sec: 517,979 | bf16_mfu: 46.59 | epoch: 1 | total time: 83.25m | eta: 74.5m
step 02305/04357 (52.90%) | loss: 2.786471 | lrm: 0.94 | dt: 2024.35ms | tok/sec: 517,980 | bf16_mfu: 46.59 | epoch: 1 | total time: 83.28m | eta: 74.5m
step 02306/04357 (52.93%) | loss: 2.799752 | lrm: 0.94 | dt: 2036.64ms | tok/sec: 514,856 | bf16_mfu: 46.31 | epoch: 1 | total time: 83.32m | eta: 74.4m
step 02307/04357 (52.95%) | loss: 2.792153 | lrm: 0.94 | dt: 2017.51ms | tok/sec: 519,737 | bf16_mfu: 46.75 | epoch: 1 | total time: 83.35m | eta: 74.4m
step 02308/04357 (52.97%) | loss: 2.797298 | lrm: 0.94 | dt: 2025.56ms | tok/sec: 517,672 | bf16_mfu: 46.56 | epoch: 1 | total time: 83.38m | eta: 74.3m
step 02309/04357 (53.00%) | loss: 2.816748 | lrm: 0.94 | dt: 2020.69ms | tok/sec: 518,919 | bf16_mfu: 46.67 | epoch: 1 | total time: 83.42m | eta: 74.3m
step 02310/04357 (53.02%) | loss: 2.804391 | lrm: 0.94 | dt: 2025.60ms | tok/sec: 517,660 | bf16_mfu: 46.56 | epoch: 1 | total time: 83.45m | eta: 74.3m
step 02311/04357 (53.04%) | loss: 2.789803 | lrm: 0.94 | dt: 2024.62ms | tok/sec: 517,913 | bf16_mfu: 46.58 | epoch: 1 | total time: 83.48m | eta: 74.2m
step 02312/04357 (53.06%) | loss: 2.796492 | lrm: 0.94 | dt: 2034.82ms | tok/sec: 515,317 | bf16_mfu: 46.35 | epoch: 1 | total time: 83.52m | eta: 74.2m
step 02313/04357 (53.09%) | loss: 2.798689 | lrm: 0.94 | dt: 2028.63ms | tok/sec: 516,888 | bf16_mfu: 46.49 | epoch: 1 | total time: 83.55m | eta: 74.2m
step 02314/04357 (53.11%) | loss: 2.799745 | lrm: 0.94 | dt: 2024.34ms | tok/sec: 517,985 | bf16_mfu: 46.59 | epoch: 1 | total time: 83.59m | eta: 74.1m
step 02315/04357 (53.13%) | loss: 2.783823 | lrm: 0.94 | dt: 2020.55ms | tok/sec: 518,956 | bf16_mfu: 46.68 | epoch: 1 | total time: 83.62m | eta: 74.1m
step 02316/04357 (53.16%) | loss: 2.782902 | lrm: 0.94 | dt: 2028.78ms | tok/sec: 516,849 | bf16_mfu: 46.49 | epoch: 1 | total time: 83.65m | eta: 74.0m
step 02317/04357 (53.18%) | loss: 2.791432 | lrm: 0.94 | dt: 2026.64ms | tok/sec: 517,395 | bf16_mfu: 46.54 | epoch: 1 | total time: 83.69m | eta: 74.0m
step 02318/04357 (53.20%) | loss: 2.793819 | lrm: 0.94 | dt: 2027.16ms | tok/sec: 517,264 | bf16_mfu: 46.53 | epoch: 1 | total time: 83.72m | eta: 74.0m
step 02319/04357 (53.22%) | loss: 2.789093 | lrm: 0.94 | dt: 2021.96ms | tok/sec: 518,594 | bf16_mfu: 46.65 | epoch: 1 | total time: 83.75m | eta: 73.9m
step 02320/04357 (53.25%) | loss: 2.786769 | lrm: 0.94 | dt: 2031.06ms | tok/sec: 516,271 | bf16_mfu: 46.44 | epoch: 1 | total time: 83.79m | eta: 73.9m
step 02321/04357 (53.27%) | loss: 2.775875 | lrm: 0.93 | dt: 2030.48ms | tok/sec: 516,418 | bf16_mfu: 46.45 | epoch: 1 | total time: 83.82m | eta: 73.8m
step 02322/04357 (53.29%) | loss: 2.777941 | lrm: 0.93 | dt: 2029.48ms | tok/sec: 516,673 | bf16_mfu: 46.47 | epoch: 1 | total time: 83.86m | eta: 73.8m
step 02323/04357 (53.32%) | loss: 2.775748 | lrm: 0.93 | dt: 2030.91ms | tok/sec: 516,309 | bf16_mfu: 46.44 | epoch: 1 | total time: 83.89m | eta: 73.8m
step 02324/04357 (53.34%) | loss: 2.778296 | lrm: 0.93 | dt: 2029.62ms | tok/sec: 516,636 | bf16_mfu: 46.47 | epoch: 1 | total time: 83.92m | eta: 73.7m
step 02325/04357 (53.36%) | loss: 2.774344 | lrm: 0.93 | dt: 2026.07ms | tok/sec: 517,541 | bf16_mfu: 46.55 | epoch: 1 | total time: 83.96m | eta: 73.7m
step 02326/04357 (53.39%) | loss: 2.785092 | lrm: 0.93 | dt: 2030.64ms | tok/sec: 516,376 | bf16_mfu: 46.45 | epoch: 1 | total time: 83.99m | eta: 73.7m
step 02327/04357 (53.41%) | loss: 2.792844 | lrm: 0.93 | dt: 2030.16ms | tok/sec: 516,499 | bf16_mfu: 46.46 | epoch: 1 | total time: 84.02m | eta: 73.6m
step 02328/04357 (53.43%) | loss: 2.789298 | lrm: 0.93 | dt: 2028.68ms | tok/sec: 516,875 | bf16_mfu: 46.49 | epoch: 1 | total time: 84.06m | eta: 73.6m
step 02329/04357 (53.45%) | loss: 2.791887 | lrm: 0.93 | dt: 2048.24ms | tok/sec: 511,940 | bf16_mfu: 46.05 | epoch: 1 | total time: 84.09m | eta: 73.5m
step 02330/04357 (53.48%) | loss: 2.796362 | lrm: 0.93 | dt: 2023.46ms | tok/sec: 518,210 | bf16_mfu: 46.61 | epoch: 1 | total time: 84.13m | eta: 73.5m
step 02331/04357 (53.50%) | loss: 2.808628 | lrm: 0.93 | dt: 2030.19ms | tok/sec: 516,491 | bf16_mfu: 46.46 | epoch: 1 | total time: 84.16m | eta: 73.5m
step 02332/04357 (53.52%) | loss: 2.814331 | lrm: 0.93 | dt: 2028.42ms | tok/sec: 516,942 | bf16_mfu: 46.50 | epoch: 1 | total time: 84.19m | eta: 73.4m
step 02333/04357 (53.55%) | loss: 2.825514 | lrm: 0.93 | dt: 2029.28ms | tok/sec: 516,723 | bf16_mfu: 46.48 | epoch: 1 | total time: 84.23m | eta: 73.4m
step 02334/04357 (53.57%) | loss: 2.810183 | lrm: 0.93 | dt: 2032.20ms | tok/sec: 515,980 | bf16_mfu: 46.41 | epoch: 1 | total time: 84.26m | eta: 73.3m
step 02335/04357 (53.59%) | loss: 2.810178 | lrm: 0.93 | dt: 2029.23ms | tok/sec: 516,736 | bf16_mfu: 46.48 | epoch: 1 | total time: 84.30m | eta: 73.3m
step 02336/04357 (53.61%) | loss: 2.812734 | lrm: 0.93 | dt: 2024.66ms | tok/sec: 517,901 | bf16_mfu: 46.58 | epoch: 1 | total time: 84.33m | eta: 73.3m
step 02337/04357 (53.64%) | loss: 2.813225 | lrm: 0.93 | dt: 2026.23ms | tok/sec: 517,501 | bf16_mfu: 46.55 | epoch: 1 | total time: 84.36m | eta: 73.2m
step 02338/04357 (53.66%) | loss: 2.812640 | lrm: 0.93 | dt: 2030.33ms | tok/sec: 516,455 | bf16_mfu: 46.45 | epoch: 1 | total time: 84.40m | eta: 73.2m
step 02339/04357 (53.68%) | loss: 2.808632 | lrm: 0.93 | dt: 2028.24ms | tok/sec: 516,987 | bf16_mfu: 46.50 | epoch: 1 | total time: 84.43m | eta: 73.2m
step 02340/04357 (53.71%) | loss: 2.805897 | lrm: 0.93 | dt: 2024.08ms | tok/sec: 518,050 | bf16_mfu: 46.60 | epoch: 1 | total time: 84.46m | eta: 73.1m
step 02341/04357 (53.73%) | loss: 2.809263 | lrm: 0.93 | dt: 2040.92ms | tok/sec: 513,775 | bf16_mfu: 46.21 | epoch: 1 | total time: 84.50m | eta: 73.1m
step 02342/04357 (53.75%) | loss: 2.809553 | lrm: 0.93 | dt: 2028.28ms | tok/sec: 516,978 | bf16_mfu: 46.50 | epoch: 1 | total time: 84.53m | eta: 73.0m
step 02343/04357 (53.78%) | loss: 2.803226 | lrm: 0.92 | dt: 2033.18ms | tok/sec: 515,731 | bf16_mfu: 46.39 | epoch: 1 | total time: 84.57m | eta: 73.0m
step 02344/04357 (53.80%) | loss: 2.801255 | lrm: 0.92 | dt: 2032.67ms | tok/sec: 515,860 | bf16_mfu: 46.40 | epoch: 1 | total time: 84.60m | eta: 73.0m
step 02345/04357 (53.82%) | loss: 2.816856 | lrm: 0.92 | dt: 2024.92ms | tok/sec: 517,836 | bf16_mfu: 46.58 | epoch: 1 | total time: 84.63m | eta: 72.9m
step 02346/04357 (53.84%) | loss: 2.812289 | lrm: 0.92 | dt: 2032.54ms | tok/sec: 515,894 | bf16_mfu: 46.40 | epoch: 1 | total time: 84.67m | eta: 72.9m
step 02347/04357 (53.87%) | loss: 2.811116 | lrm: 0.92 | dt: 2040.39ms | tok/sec: 513,908 | bf16_mfu: 46.22 | epoch: 1 | total time: 84.70m | eta: 72.8m
step 02348/04357 (53.89%) | loss: 2.810197 | lrm: 0.92 | dt: 2029.43ms | tok/sec: 516,685 | bf16_mfu: 46.47 | epoch: 1 | total time: 84.74m | eta: 72.8m
step 02349/04357 (53.91%) | loss: 2.811437 | lrm: 0.92 | dt: 2044.92ms | tok/sec: 512,770 | bf16_mfu: 46.12 | epoch: 1 | total time: 84.77m | eta: 72.8m
step 02350/04357 (53.94%) | loss: 2.831478 | lrm: 0.92 | dt: 2026.27ms | tok/sec: 517,489 | bf16_mfu: 46.55 | epoch: 1 | total time: 84.80m | eta: 72.7m
step 02351/04357 (53.96%) | loss: 2.816652 | lrm: 0.92 | dt: 2031.46ms | tok/sec: 516,169 | bf16_mfu: 46.43 | epoch: 1 | total time: 84.84m | eta: 72.7m
step 02352/04357 (53.98%) | loss: 2.806426 | lrm: 0.92 | dt: 2041.37ms | tok/sec: 513,662 | bf16_mfu: 46.20 | epoch: 1 | total time: 84.87m | eta: 72.7m
step 02353/04357 (54.01%) | loss: 2.819771 | lrm: 0.92 | dt: 2030.17ms | tok/sec: 516,496 | bf16_mfu: 46.46 | epoch: 1 | total time: 84.91m | eta: 72.6m
step 02354/04357 (54.03%) | loss: 2.814160 | lrm: 0.92 | dt: 2032.85ms | tok/sec: 515,816 | bf16_mfu: 46.40 | epoch: 1 | total time: 84.94m | eta: 72.6m
step 02355/04357 (54.05%) | loss: 2.809761 | lrm: 0.92 | dt: 2032.81ms | tok/sec: 515,824 | bf16_mfu: 46.40 | epoch: 1 | total time: 84.97m | eta: 72.5m
step 02356/04357 (54.07%) | loss: 2.812274 | lrm: 0.92 | dt: 2029.37ms | tok/sec: 516,701 | bf16_mfu: 46.48 | epoch: 1 | total time: 85.01m | eta: 72.5m
step 02357/04357 (54.10%) | loss: 2.815289 | lrm: 0.92 | dt: 2031.49ms | tok/sec: 516,162 | bf16_mfu: 46.43 | epoch: 1 | total time: 85.04m | eta: 72.5m
step 02358/04357 (54.12%) | loss: 2.815916 | lrm: 0.92 | dt: 2034.02ms | tok/sec: 515,519 | bf16_mfu: 46.37 | epoch: 1 | total time: 85.07m | eta: 72.4m
step 02359/04357 (54.14%) | loss: 2.821356 | lrm: 0.92 | dt: 2029.51ms | tok/sec: 516,665 | bf16_mfu: 46.47 | epoch: 1 | total time: 85.11m | eta: 72.4m
step 02360/04357 (54.17%) | loss: 2.822473 | lrm: 0.92 | dt: 2032.52ms | tok/sec: 515,898 | bf16_mfu: 46.40 | epoch: 1 | total time: 85.14m | eta: 72.4m
step 02361/04357 (54.19%) | loss: 2.817853 | lrm: 0.92 | dt: 2030.47ms | tok/sec: 516,419 | bf16_mfu: 46.45 | epoch: 1 | total time: 85.18m | eta: 72.3m
step 02362/04357 (54.21%) | loss: 2.818232 | lrm: 0.92 | dt: 2028.44ms | tok/sec: 516,937 | bf16_mfu: 46.50 | epoch: 1 | total time: 85.21m | eta: 72.3m
step 02363/04357 (54.23%) | loss: 2.824103 | lrm: 0.92 | dt: 2031.79ms | tok/sec: 516,084 | bf16_mfu: 46.42 | epoch: 1 | total time: 85.24m | eta: 72.2m
step 02364/04357 (54.26%) | loss: 2.820835 | lrm: 0.92 | dt: 2048.05ms | tok/sec: 511,987 | bf16_mfu: 46.05 | epoch: 1 | total time: 85.28m | eta: 72.2m
step 02365/04357 (54.28%) | loss: 2.812710 | lrm: 0.91 | dt: 2029.98ms | tok/sec: 516,544 | bf16_mfu: 46.46 | epoch: 1 | total time: 85.31m | eta: 72.2m
step 02366/04357 (54.30%) | loss: 2.812500 | lrm: 0.91 | dt: 2029.37ms | tok/sec: 516,700 | bf16_mfu: 46.48 | epoch: 1 | total time: 85.35m | eta: 72.1m
step 02367/04357 (54.33%) | loss: 2.797586 | lrm: 0.91 | dt: 2031.20ms | tok/sec: 516,234 | bf16_mfu: 46.43 | epoch: 1 | total time: 85.38m | eta: 72.1m
step 02368/04357 (54.35%) | loss: 2.790844 | lrm: 0.91 | dt: 2028.82ms | tok/sec: 516,840 | bf16_mfu: 46.49 | epoch: 1 | total time: 85.41m | eta: 72.0m
step 02369/04357 (54.37%) | loss: 2.803020 | lrm: 0.91 | dt: 2030.96ms | tok/sec: 516,295 | bf16_mfu: 46.44 | epoch: 1 | total time: 85.45m | eta: 72.0m
step 02370/04357 (54.40%) | loss: 2.799003 | lrm: 0.91 | dt: 2027.14ms | tok/sec: 517,268 | bf16_mfu: 46.53 | epoch: 1 | total time: 85.48m | eta: 72.0m
step 02371/04357 (54.42%) | loss: 2.791988 | lrm: 0.91 | dt: 2035.68ms | tok/sec: 515,099 | bf16_mfu: 46.33 | epoch: 1 | total time: 85.51m | eta: 71.9m
step 02372/04357 (54.44%) | loss: 2.783164 | lrm: 0.91 | dt: 2026.66ms | tok/sec: 517,391 | bf16_mfu: 46.54 | epoch: 1 | total time: 85.55m | eta: 71.9m
step 02373/04357 (54.46%) | loss: 2.788692 | lrm: 0.91 | dt: 2036.41ms | tok/sec: 514,914 | bf16_mfu: 46.31 | epoch: 1 | total time: 85.58m | eta: 71.9m
step 02374/04357 (54.49%) | loss: 2.794734 | lrm: 0.91 | dt: 2027.90ms | tok/sec: 517,073 | bf16_mfu: 46.51 | epoch: 1 | total time: 85.62m | eta: 71.8m
step 02375/04357 (54.51%) | loss: 2.784661 | lrm: 0.91 | dt: 2036.98ms | tok/sec: 514,769 | bf16_mfu: 46.30 | epoch: 1 | total time: 85.65m | eta: 71.8m
step 02376/04357 (54.53%) | loss: 2.780097 | lrm: 0.91 | dt: 2032.64ms | tok/sec: 515,869 | bf16_mfu: 46.40 | epoch: 1 | total time: 85.68m | eta: 71.7m
step 02377/04357 (54.56%) | loss: 2.773225 | lrm: 0.91 | dt: 2028.05ms | tok/sec: 517,035 | bf16_mfu: 46.51 | epoch: 1 | total time: 85.72m | eta: 71.7m
step 02378/04357 (54.58%) | loss: 2.776881 | lrm: 0.91 | dt: 2035.89ms | tok/sec: 515,044 | bf16_mfu: 46.33 | epoch: 1 | total time: 85.75m | eta: 71.7m
step 02379/04357 (54.60%) | loss: 2.776537 | lrm: 0.91 | dt: 2036.37ms | tok/sec: 514,924 | bf16_mfu: 46.32 | epoch: 1 | total time: 85.79m | eta: 71.6m
step 02380/04357 (54.62%) | loss: 2.784070 | lrm: 0.91 | dt: 2035.88ms | tok/sec: 515,047 | bf16_mfu: 46.33 | epoch: 1 | total time: 85.82m | eta: 71.6m
step 02381/04357 (54.65%) | loss: 2.774511 | lrm: 0.91 | dt: 2031.01ms | tok/sec: 516,282 | bf16_mfu: 46.44 | epoch: 1 | total time: 85.85m | eta: 71.6m
step 02382/04357 (54.67%) | loss: 2.774005 | lrm: 0.91 | dt: 2025.33ms | tok/sec: 517,731 | bf16_mfu: 46.57 | epoch: 1 | total time: 85.89m | eta: 71.5m
step 02383/04357 (54.69%) | loss: 2.786020 | lrm: 0.91 | dt: 2031.61ms | tok/sec: 516,131 | bf16_mfu: 46.42 | epoch: 1 | total time: 85.92m | eta: 71.5m
step 02384/04357 (54.72%) | loss: 2.783301 | lrm: 0.91 | dt: 2056.68ms | tok/sec: 509,839 | bf16_mfu: 45.86 | epoch: 1 | total time: 85.96m | eta: 71.4m
step 02385/04357 (54.74%) | loss: 2.780883 | lrm: 0.91 | dt: 2032.29ms | tok/sec: 515,958 | bf16_mfu: 46.41 | epoch: 1 | total time: 85.99m | eta: 71.4m
step 02386/04357 (54.76%) | loss: 2.778151 | lrm: 0.90 | dt: 2034.04ms | tok/sec: 515,513 | bf16_mfu: 46.37 | epoch: 1 | total time: 86.02m | eta: 71.4m
step 02387/04357 (54.79%) | loss: 2.781139 | lrm: 0.90 | dt: 2033.76ms | tok/sec: 515,585 | bf16_mfu: 46.37 | epoch: 1 | total time: 86.06m | eta: 71.3m
step 02388/04357 (54.81%) | loss: 2.809711 | lrm: 0.90 | dt: 2033.22ms | tok/sec: 515,721 | bf16_mfu: 46.39 | epoch: 1 | total time: 86.09m | eta: 71.3m
step 02389/04357 (54.83%) | loss: 2.809489 | lrm: 0.90 | dt: 2032.53ms | tok/sec: 515,897 | bf16_mfu: 46.40 | epoch: 1 | total time: 86.12m | eta: 71.2m
step 02390/04357 (54.85%) | loss: 2.809974 | lrm: 0.90 | dt: 2030.50ms | tok/sec: 516,412 | bf16_mfu: 46.45 | epoch: 1 | total time: 86.16m | eta: 71.2m
step 02391/04357 (54.88%) | loss: 2.816414 | lrm: 0.90 | dt: 2031.65ms | tok/sec: 516,120 | bf16_mfu: 46.42 | epoch: 1 | total time: 86.19m | eta: 71.2m
step 02392/04357 (54.90%) | loss: 2.810189 | lrm: 0.90 | dt: 2035.36ms | tok/sec: 515,179 | bf16_mfu: 46.34 | epoch: 1 | total time: 86.23m | eta: 71.1m
step 02393/04357 (54.92%) | loss: 2.812149 | lrm: 0.90 | dt: 2032.82ms | tok/sec: 515,823 | bf16_mfu: 46.40 | epoch: 1 | total time: 86.26m | eta: 71.1m
step 02394/04357 (54.95%) | loss: 2.811583 | lrm: 0.90 | dt: 2029.76ms | tok/sec: 516,602 | bf16_mfu: 46.47 | epoch: 1 | total time: 86.29m | eta: 71.1m
step 02395/04357 (54.97%) | loss: 2.799827 | lrm: 0.90 | dt: 2035.64ms | tok/sec: 515,108 | bf16_mfu: 46.33 | epoch: 1 | total time: 86.33m | eta: 71.0m
step 02396/04357 (54.99%) | loss: 2.795990 | lrm: 0.90 | dt: 2026.50ms | tok/sec: 517,431 | bf16_mfu: 46.54 | epoch: 1 | total time: 86.36m | eta: 71.0m
step 02397/04357 (55.01%) | loss: 2.782418 | lrm: 0.90 | dt: 2030.85ms | tok/sec: 516,324 | bf16_mfu: 46.44 | epoch: 1 | total time: 86.40m | eta: 70.9m
step 02398/04357 (55.04%) | loss: 2.792283 | lrm: 0.90 | dt: 2033.39ms | tok/sec: 515,678 | bf16_mfu: 46.38 | epoch: 1 | total time: 86.43m | eta: 70.9m
step 02399/04357 (55.06%) | loss: 2.786690 | lrm: 0.90 | dt: 2032.73ms | tok/sec: 515,847 | bf16_mfu: 46.40 | epoch: 1 | total time: 86.46m | eta: 70.9m
step 02400/04357 (55.08%) | loss: 2.777067 | lrm: 0.90 | dt: 2029.78ms | tok/sec: 516,594 | bf16_mfu: 46.47 | epoch: 1 | total time: 86.50m | eta: 70.8m
step 02401/04357 (55.11%) | loss: 2.777552 | lrm: 0.90 | dt: 2035.05ms | tok/sec: 515,259 | bf16_mfu: 46.35 | epoch: 1 | total time: 86.53m | eta: 70.8m
step 02402/04357 (55.13%) | loss: 2.790172 | lrm: 0.90 | dt: 2034.32ms | tok/sec: 515,443 | bf16_mfu: 46.36 | epoch: 1 | total time: 86.57m | eta: 70.8m
step 02403/04357 (55.15%) | loss: 2.795299 | lrm: 0.90 | dt: 2032.64ms | tok/sec: 515,869 | bf16_mfu: 46.40 | epoch: 1 | total time: 86.60m | eta: 70.7m
step 02404/04357 (55.18%) | loss: 2.793833 | lrm: 0.90 | dt: 2031.76ms | tok/sec: 516,093 | bf16_mfu: 46.42 | epoch: 1 | total time: 86.63m | eta: 70.7m
step 02405/04357 (55.20%) | loss: 2.800386 | lrm: 0.90 | dt: 2033.91ms | tok/sec: 515,545 | bf16_mfu: 46.37 | epoch: 1 | total time: 86.67m | eta: 70.6m
step 02406/04357 (55.22%) | loss: 2.804271 | lrm: 0.90 | dt: 2033.75ms | tok/sec: 515,586 | bf16_mfu: 46.37 | epoch: 1 | total time: 86.70m | eta: 70.6m
step 02407/04357 (55.24%) | loss: 2.800448 | lrm: 0.90 | dt: 2029.66ms | tok/sec: 516,626 | bf16_mfu: 46.47 | epoch: 1 | total time: 86.73m | eta: 70.6m
step 02408/04357 (55.27%) | loss: 2.797864 | lrm: 0.89 | dt: 2032.87ms | tok/sec: 515,810 | bf16_mfu: 46.39 | epoch: 1 | total time: 86.77m | eta: 70.5m
step 02409/04357 (55.29%) | loss: 2.795985 | lrm: 0.89 | dt: 2034.89ms | tok/sec: 515,299 | bf16_mfu: 46.35 | epoch: 1 | total time: 86.80m | eta: 70.5m
step 02410/04357 (55.31%) | loss: 2.791454 | lrm: 0.89 | dt: 2034.68ms | tok/sec: 515,351 | bf16_mfu: 46.35 | epoch: 1 | total time: 86.84m | eta: 70.4m
step 02411/04357 (55.34%) | loss: 2.792839 | lrm: 0.89 | dt: 2038.50ms | tok/sec: 514,386 | bf16_mfu: 46.27 | epoch: 1 | total time: 86.87m | eta: 70.4m
step 02412/04357 (55.36%) | loss: 2.791676 | lrm: 0.89 | dt: 2032.74ms | tok/sec: 515,843 | bf16_mfu: 46.40 | epoch: 1 | total time: 86.90m | eta: 70.4m
step 02413/04357 (55.38%) | loss: 2.790594 | lrm: 0.89 | dt: 2032.50ms | tok/sec: 515,905 | bf16_mfu: 46.40 | epoch: 1 | total time: 86.94m | eta: 70.3m
step 02414/04357 (55.41%) | loss: 2.792118 | lrm: 0.89 | dt: 2033.78ms | tok/sec: 515,580 | bf16_mfu: 46.37 | epoch: 1 | total time: 86.97m | eta: 70.3m
step 02415/04357 (55.43%) | loss: 2.784083 | lrm: 0.89 | dt: 2032.99ms | tok/sec: 515,779 | bf16_mfu: 46.39 | epoch: 1 | total time: 87.01m | eta: 70.3m
step 02416/04357 (55.45%) | loss: 2.772210 | lrm: 0.89 | dt: 2030.48ms | tok/sec: 516,418 | bf16_mfu: 46.45 | epoch: 1 | total time: 87.04m | eta: 70.2m
step 02417/04357 (55.47%) | loss: 2.774585 | lrm: 0.89 | dt: 2033.47ms | tok/sec: 515,659 | bf16_mfu: 46.38 | epoch: 1 | total time: 87.07m | eta: 70.2m
step 02418/04357 (55.50%) | loss: 2.775687 | lrm: 0.89 | dt: 2033.24ms | tok/sec: 515,717 | bf16_mfu: 46.39 | epoch: 1 | total time: 87.11m | eta: 70.1m
step 02419/04357 (55.52%) | loss: 2.774339 | lrm: 0.89 | dt: 2032.05ms | tok/sec: 516,019 | bf16_mfu: 46.41 | epoch: 1 | total time: 87.14m | eta: 70.1m
step 02420/04357 (55.54%) | loss: 2.772003 | lrm: 0.89 | dt: 2032.42ms | tok/sec: 515,925 | bf16_mfu: 46.41 | epoch: 1 | total time: 87.18m | eta: 70.1m
step 02421/04357 (55.57%) | loss: 2.775823 | lrm: 0.89 | dt: 2034.03ms | tok/sec: 515,516 | bf16_mfu: 46.37 | epoch: 1 | total time: 87.21m | eta: 70.0m
step 02422/04357 (55.59%) | loss: 2.777896 | lrm: 0.89 | dt: 2031.24ms | tok/sec: 516,223 | bf16_mfu: 46.43 | epoch: 1 | total time: 87.24m | eta: 70.0m
step 02423/04357 (55.61%) | loss: 2.774856 | lrm: 0.89 | dt: 2031.04ms | tok/sec: 516,274 | bf16_mfu: 46.44 | epoch: 1 | total time: 87.28m | eta: 70.0m
step 02424/04357 (55.63%) | loss: 2.776499 | lrm: 0.89 | dt: 2040.70ms | tok/sec: 513,831 | bf16_mfu: 46.22 | epoch: 1 | total time: 87.31m | eta: 69.9m
step 02425/04357 (55.66%) | loss: 2.772982 | lrm: 0.89 | dt: 2036.71ms | tok/sec: 514,837 | bf16_mfu: 46.31 | epoch: 1 | total time: 87.34m | eta: 69.9m
step 02426/04357 (55.68%) | loss: 2.784851 | lrm: 0.89 | dt: 2032.83ms | tok/sec: 515,820 | bf16_mfu: 46.40 | epoch: 1 | total time: 87.38m | eta: 69.8m
step 02427/04357 (55.70%) | loss: 2.796320 | lrm: 0.89 | dt: 2035.55ms | tok/sec: 515,131 | bf16_mfu: 46.33 | epoch: 1 | total time: 87.41m | eta: 69.8m
step 02428/04357 (55.73%) | loss: 2.784083 | lrm: 0.89 | dt: 2035.82ms | tok/sec: 515,063 | bf16_mfu: 46.33 | epoch: 1 | total time: 87.45m | eta: 69.8m
step 02429/04357 (55.75%) | loss: 2.784584 | lrm: 0.89 | dt: 2038.12ms | tok/sec: 514,481 | bf16_mfu: 46.28 | epoch: 1 | total time: 87.48m | eta: 69.7m
step 02430/04357 (55.77%) | loss: 2.778221 | lrm: 0.88 | dt: 2033.76ms | tok/sec: 515,583 | bf16_mfu: 46.37 | epoch: 1 | total time: 87.51m | eta: 69.7m
step 02431/04357 (55.80%) | loss: 2.773704 | lrm: 0.88 | dt: 2034.97ms | tok/sec: 515,278 | bf16_mfu: 46.35 | epoch: 1 | total time: 87.55m | eta: 69.6m
step 02432/04357 (55.82%) | loss: 2.779479 | lrm: 0.88 | dt: 2034.78ms | tok/sec: 515,326 | bf16_mfu: 46.35 | epoch: 1 | total time: 87.58m | eta: 69.6m
step 02433/04357 (55.84%) | loss: 2.774677 | lrm: 0.88 | dt: 2034.47ms | tok/sec: 515,403 | bf16_mfu: 46.36 | epoch: 1 | total time: 87.62m | eta: 69.6m
step 02434/04357 (55.86%) | loss: 2.760792 | lrm: 0.88 | dt: 2028.18ms | tok/sec: 517,004 | bf16_mfu: 46.50 | epoch: 1 | total time: 87.65m | eta: 69.5m
step 02435/04357 (55.89%) | loss: 2.764094 | lrm: 0.88 | dt: 2034.18ms | tok/sec: 515,478 | bf16_mfu: 46.37 | epoch: 1 | total time: 87.68m | eta: 69.5m
step 02436/04357 (55.91%) | loss: 2.765243 | lrm: 0.88 | dt: 2032.42ms | tok/sec: 515,924 | bf16_mfu: 46.41 | epoch: 1 | total time: 87.72m | eta: 69.5m
step 02437/04357 (55.93%) | loss: 2.781347 | lrm: 0.88 | dt: 2033.84ms | tok/sec: 515,564 | bf16_mfu: 46.37 | epoch: 1 | total time: 87.75m | eta: 69.4m
step 02438/04357 (55.96%) | loss: 2.790716 | lrm: 0.88 | dt: 2033.34ms | tok/sec: 515,692 | bf16_mfu: 46.38 | epoch: 1 | total time: 87.79m | eta: 69.4m
step 02439/04357 (55.98%) | loss: 2.805946 | lrm: 0.88 | dt: 2035.06ms | tok/sec: 515,255 | bf16_mfu: 46.35 | epoch: 1 | total time: 87.82m | eta: 69.3m
step 02440/04357 (56.00%) | loss: 2.803011 | lrm: 0.88 | dt: 2035.17ms | tok/sec: 515,226 | bf16_mfu: 46.34 | epoch: 1 | total time: 87.85m | eta: 69.3m
step 02441/04357 (56.02%) | loss: 2.814332 | lrm: 0.88 | dt: 2029.96ms | tok/sec: 516,548 | bf16_mfu: 46.46 | epoch: 1 | total time: 87.89m | eta: 69.3m
step 02442/04357 (56.05%) | loss: 2.817174 | lrm: 0.88 | dt: 2041.42ms | tok/sec: 513,649 | bf16_mfu: 46.20 | epoch: 1 | total time: 87.92m | eta: 69.2m
step 02443/04357 (56.07%) | loss: 2.813552 | lrm: 0.88 | dt: 2031.38ms | tok/sec: 516,189 | bf16_mfu: 46.43 | epoch: 1 | total time: 87.95m | eta: 69.2m
step 02444/04357 (56.09%) | loss: 2.799690 | lrm: 0.88 | dt: 2035.28ms | tok/sec: 515,200 | bf16_mfu: 46.34 | epoch: 1 | total time: 87.99m | eta: 69.2m
step 02445/04357 (56.12%) | loss: 2.792403 | lrm: 0.88 | dt: 2033.92ms | tok/sec: 515,545 | bf16_mfu: 46.37 | epoch: 1 | total time: 88.02m | eta: 69.1m
step 02446/04357 (56.14%) | loss: 2.801626 | lrm: 0.88 | dt: 2031.12ms | tok/sec: 516,254 | bf16_mfu: 46.43 | epoch: 1 | total time: 88.06m | eta: 69.1m
step 02447/04357 (56.16%) | loss: 2.803779 | lrm: 0.88 | dt: 2033.69ms | tok/sec: 515,601 | bf16_mfu: 46.38 | epoch: 1 | total time: 88.09m | eta: 69.0m
step 02448/04357 (56.19%) | loss: 2.800196 | lrm: 0.88 | dt: 2033.65ms | tok/sec: 515,613 | bf16_mfu: 46.38 | epoch: 1 | total time: 88.12m | eta: 69.0m
step 02449/04357 (56.21%) | loss: 2.800374 | lrm: 0.88 | dt: 2033.61ms | tok/sec: 515,622 | bf16_mfu: 46.38 | epoch: 1 | total time: 88.16m | eta: 69.0m
step 02450/04357 (56.23%) | loss: 2.804849 | lrm: 0.88 | dt: 2033.73ms | tok/sec: 515,591 | bf16_mfu: 46.38 | epoch: 1 | total time: 88.19m | eta: 68.9m
step 02451/04357 (56.25%) | loss: 2.809168 | lrm: 0.88 | dt: 2023.50ms | tok/sec: 518,198 | bf16_mfu: 46.61 | epoch: 1 | total time: 88.23m | eta: 68.9m
step 02452/04357 (56.28%) | loss: 2.809209 | lrm: 0.87 | dt: 2035.17ms | tok/sec: 515,228 | bf16_mfu: 46.34 | epoch: 1 | total time: 88.26m | eta: 68.9m
step 02453/04357 (56.30%) | loss: 2.790410 | lrm: 0.87 | dt: 2034.65ms | tok/sec: 515,358 | bf16_mfu: 46.35 | epoch: 1 | total time: 88.29m | eta: 68.8m
step 02454/04357 (56.32%) | loss: 2.798701 | lrm: 0.87 | dt: 2035.82ms | tok/sec: 515,062 | bf16_mfu: 46.33 | epoch: 1 | total time: 88.33m | eta: 68.8m
step 02455/04357 (56.35%) | loss: 2.797855 | lrm: 0.87 | dt: 2028.36ms | tok/sec: 516,957 | bf16_mfu: 46.50 | epoch: 1 | total time: 88.36m | eta: 68.7m
step 02456/04357 (56.37%) | loss: 2.788096 | lrm: 0.87 | dt: 2030.31ms | tok/sec: 516,460 | bf16_mfu: 46.45 | epoch: 1 | total time: 88.40m | eta: 68.7m
step 02457/04357 (56.39%) | loss: 2.781927 | lrm: 0.87 | dt: 2029.42ms | tok/sec: 516,687 | bf16_mfu: 46.47 | epoch: 1 | total time: 88.43m | eta: 68.7m
step 02458/04357 (56.41%) | loss: 2.785294 | lrm: 0.87 | dt: 2032.71ms | tok/sec: 515,851 | bf16_mfu: 46.40 | epoch: 1 | total time: 88.46m | eta: 68.6m
step 02459/04357 (56.44%) | loss: 2.806298 | lrm: 0.87 | dt: 2031.83ms | tok/sec: 516,075 | bf16_mfu: 46.42 | epoch: 1 | total time: 88.50m | eta: 68.6m
step 02460/04357 (56.46%) | loss: 2.796913 | lrm: 0.87 | dt: 2034.07ms | tok/sec: 515,505 | bf16_mfu: 46.37 | epoch: 1 | total time: 88.53m | eta: 68.5m
step 02461/04357 (56.48%) | loss: 2.801231 | lrm: 0.87 | dt: 2035.49ms | tok/sec: 515,147 | bf16_mfu: 46.34 | epoch: 1 | total time: 88.56m | eta: 68.5m
step 02462/04357 (56.51%) | loss: 2.801687 | lrm: 0.87 | dt: 2027.01ms | tok/sec: 517,301 | bf16_mfu: 46.53 | epoch: 1 | total time: 88.60m | eta: 68.5m
step 02463/04357 (56.53%) | loss: 2.795773 | lrm: 0.87 | dt: 2036.52ms | tok/sec: 514,886 | bf16_mfu: 46.31 | epoch: 1 | total time: 88.63m | eta: 68.4m
step 02464/04357 (56.55%) | loss: 2.815191 | lrm: 0.87 | dt: 2041.22ms | tok/sec: 513,700 | bf16_mfu: 46.21 | epoch: 1 | total time: 88.67m | eta: 68.4m
step 02465/04357 (56.58%) | loss: 2.826785 | lrm: 0.87 | dt: 2032.40ms | tok/sec: 515,930 | bf16_mfu: 46.41 | epoch: 1 | total time: 88.70m | eta: 68.4m
step 02466/04357 (56.60%) | loss: 2.833583 | lrm: 0.87 | dt: 2036.34ms | tok/sec: 514,932 | bf16_mfu: 46.32 | epoch: 1 | total time: 88.73m | eta: 68.3m
step 02467/04357 (56.62%) | loss: 2.827243 | lrm: 0.87 | dt: 2031.05ms | tok/sec: 516,272 | bf16_mfu: 46.44 | epoch: 1 | total time: 88.77m | eta: 68.3m
step 02468/04357 (56.64%) | loss: 2.809267 | lrm: 0.87 | dt: 2034.01ms | tok/sec: 515,522 | bf16_mfu: 46.37 | epoch: 1 | total time: 88.80m | eta: 68.2m
step 02469/04357 (56.67%) | loss: 2.807885 | lrm: 0.87 | dt: 2035.54ms | tok/sec: 515,134 | bf16_mfu: 46.33 | epoch: 1 | total time: 88.84m | eta: 68.2m
step 02470/04357 (56.69%) | loss: 2.815543 | lrm: 0.87 | dt: 2032.03ms | tok/sec: 516,024 | bf16_mfu: 46.41 | epoch: 1 | total time: 88.87m | eta: 68.2m
step 02471/04357 (56.71%) | loss: 2.821580 | lrm: 0.87 | dt: 2062.63ms | tok/sec: 508,369 | bf16_mfu: 45.73 | epoch: 1 | total time: 88.90m | eta: 68.1m
step 02472/04357 (56.74%) | loss: 2.815210 | lrm: 0.87 | dt: 2032.63ms | tok/sec: 515,871 | bf16_mfu: 46.40 | epoch: 1 | total time: 88.94m | eta: 68.1m
step 02473/04357 (56.76%) | loss: 2.817537 | lrm: 0.87 | dt: 2034.98ms | tok/sec: 515,274 | bf16_mfu: 46.35 | epoch: 1 | total time: 88.97m | eta: 68.1m
step 02474/04357 (56.78%) | loss: 2.814654 | lrm: 0.86 | dt: 2033.19ms | tok/sec: 515,729 | bf16_mfu: 46.39 | epoch: 1 | total time: 89.01m | eta: 68.0m
step 02475/04357 (56.81%) | loss: 2.810496 | lrm: 0.86 | dt: 2034.75ms | tok/sec: 515,333 | bf16_mfu: 46.35 | epoch: 1 | total time: 89.04m | eta: 68.0m
step 02476/04357 (56.83%) | loss: 2.796143 | lrm: 0.86 | dt: 2029.78ms | tok/sec: 516,596 | bf16_mfu: 46.47 | epoch: 1 | total time: 89.07m | eta: 67.9m
step 02477/04357 (56.85%) | loss: 2.791325 | lrm: 0.86 | dt: 2031.82ms | tok/sec: 516,076 | bf16_mfu: 46.42 | epoch: 1 | total time: 89.11m | eta: 67.9m
step 02478/04357 (56.87%) | loss: 2.790746 | lrm: 0.86 | dt: 2039.54ms | tok/sec: 514,123 | bf16_mfu: 46.24 | epoch: 1 | total time: 89.14m | eta: 67.9m
step 02479/04357 (56.90%) | loss: 2.796031 | lrm: 0.86 | dt: 2048.93ms | tok/sec: 511,766 | bf16_mfu: 46.03 | epoch: 1 | total time: 89.18m | eta: 67.8m
step 02480/04357 (56.92%) | loss: 2.785453 | lrm: 0.86 | dt: 2033.59ms | tok/sec: 515,627 | bf16_mfu: 46.38 | epoch: 1 | total time: 89.21m | eta: 67.8m
step 02481/04357 (56.94%) | loss: 2.782418 | lrm: 0.86 | dt: 2033.66ms | tok/sec: 515,609 | bf16_mfu: 46.38 | epoch: 1 | total time: 89.24m | eta: 67.8m
step 02482/04357 (56.97%) | loss: 2.769724 | lrm: 0.86 | dt: 2036.69ms | tok/sec: 514,843 | bf16_mfu: 46.31 | epoch: 1 | total time: 89.28m | eta: 67.7m
step 02483/04357 (56.99%) | loss: 2.775372 | lrm: 0.86 | dt: 2030.95ms | tok/sec: 516,297 | bf16_mfu: 46.44 | epoch: 1 | total time: 89.31m | eta: 67.7m
step 02484/04357 (57.01%) | loss: 2.784161 | lrm: 0.86 | dt: 2033.90ms | tok/sec: 515,548 | bf16_mfu: 46.37 | epoch: 1 | total time: 89.35m | eta: 67.6m
step 02485/04357 (57.03%) | loss: 2.778568 | lrm: 0.86 | dt: 2026.75ms | tok/sec: 517,367 | bf16_mfu: 46.54 | epoch: 1 | total time: 89.38m | eta: 67.6m
step 02486/04357 (57.06%) | loss: 2.784002 | lrm: 0.86 | dt: 2023.68ms | tok/sec: 518,154 | bf16_mfu: 46.61 | epoch: 1 | total time: 89.41m | eta: 67.6m
step 02487/04357 (57.08%) | loss: 2.767324 | lrm: 0.86 | dt: 2033.60ms | tok/sec: 515,625 | bf16_mfu: 46.38 | epoch: 1 | total time: 89.45m | eta: 67.5m
step 02488/04357 (57.10%) | loss: 2.761341 | lrm: 0.86 | dt: 2029.03ms | tok/sec: 516,787 | bf16_mfu: 46.48 | epoch: 1 | total time: 89.48m | eta: 67.5m
step 02489/04357 (57.13%) | loss: 2.763592 | lrm: 0.86 | dt: 2030.33ms | tok/sec: 516,456 | bf16_mfu: 46.45 | epoch: 1 | total time: 89.51m | eta: 67.5m
step 02490/04357 (57.15%) | loss: 2.776614 | lrm: 0.86 | dt: 2033.03ms | tok/sec: 515,770 | bf16_mfu: 46.39 | epoch: 1 | total time: 89.55m | eta: 67.4m
step 02491/04357 (57.17%) | loss: 2.782014 | lrm: 0.86 | dt: 2036.23ms | tok/sec: 514,959 | bf16_mfu: 46.32 | epoch: 1 | total time: 89.58m | eta: 67.4m
step 02492/04357 (57.20%) | loss: 2.786449 | lrm: 0.86 | dt: 2033.03ms | tok/sec: 515,769 | bf16_mfu: 46.39 | epoch: 1 | total time: 89.62m | eta: 67.3m
step 02493/04357 (57.22%) | loss: 2.786649 | lrm: 0.86 | dt: 2031.19ms | tok/sec: 516,237 | bf16_mfu: 46.43 | epoch: 1 | total time: 89.65m | eta: 67.3m
step 02494/04357 (57.24%) | loss: 2.796773 | lrm: 0.86 | dt: 2057.39ms | tok/sec: 509,663 | bf16_mfu: 45.84 | epoch: 1 | total time: 89.68m | eta: 67.3m
step 02495/04357 (57.26%) | loss: 2.796807 | lrm: 0.85 | dt: 2029.94ms | tok/sec: 516,555 | bf16_mfu: 46.46 | epoch: 1 | total time: 89.72m | eta: 67.2m
step 02496/04357 (57.29%) | loss: 2.794268 | lrm: 0.85 | dt: 2053.57ms | tok/sec: 510,611 | bf16_mfu: 45.93 | epoch: 1 | total time: 89.75m | eta: 67.2m
step 02497/04357 (57.31%) | loss: 2.812303 | lrm: 0.85 | dt: 2033.50ms | tok/sec: 515,651 | bf16_mfu: 46.38 | epoch: 1 | total time: 89.79m | eta: 67.1m
step 02498/04357 (57.33%) | loss: 2.813975 | lrm: 0.85 | dt: 2034.27ms | tok/sec: 515,455 | bf16_mfu: 46.36 | epoch: 1 | total time: 89.82m | eta: 67.1m
step 02499/04357 (57.36%) | loss: 2.815188 | lrm: 0.85 | dt: 2031.26ms | tok/sec: 516,219 | bf16_mfu: 46.43 | epoch: 1 | total time: 89.85m | eta: 67.1m
Step 02500 | Validation bpb: 0.846507
step 02500/04357 (57.38%) | loss: 2.813177 | lrm: 0.85 | dt: 35744.25ms | tok/sec: 29,335 | bf16_mfu: 2.64 | epoch: 1 | total time: 90.45m | eta: 67.5m
step 02501/04357 (57.40%) | loss: 2.817510 | lrm: 0.85 | dt: 1977.01ms | tok/sec: 530,385 | bf16_mfu: 47.71 | epoch: 1 | total time: 90.48m | eta: 67.4m
step 02502/04357 (57.42%) | loss: 2.803442 | lrm: 0.85 | dt: 1991.29ms | tok/sec: 526,580 | bf16_mfu: 47.36 | epoch: 1 | total time: 90.52m | eta: 67.4m
step 02503/04357 (57.45%) | loss: 2.807944 | lrm: 0.85 | dt: 1979.08ms | tok/sec: 529,829 | bf16_mfu: 47.66 | epoch: 1 | total time: 90.55m | eta: 67.3m
step 02504/04357 (57.47%) | loss: 2.800245 | lrm: 0.85 | dt: 1988.92ms | tok/sec: 527,209 | bf16_mfu: 47.42 | epoch: 1 | total time: 90.58m | eta: 67.3m
step 02505/04357 (57.49%) | loss: 2.791359 | lrm: 0.85 | dt: 1983.24ms | tok/sec: 528,717 | bf16_mfu: 47.56 | epoch: 1 | total time: 90.61m | eta: 67.3m
step 02506/04357 (57.52%) | loss: 2.797489 | lrm: 0.85 | dt: 1983.78ms | tok/sec: 528,575 | bf16_mfu: 47.54 | epoch: 1 | total time: 90.65m | eta: 67.2m
step 02507/04357 (57.54%) | loss: 2.791072 | lrm: 0.85 | dt: 1992.78ms | tok/sec: 526,186 | bf16_mfu: 47.33 | epoch: 1 | total time: 90.68m | eta: 67.2m
step 02508/04357 (57.56%) | loss: 2.793022 | lrm: 0.85 | dt: 1992.37ms | tok/sec: 526,294 | bf16_mfu: 47.34 | epoch: 1 | total time: 90.71m | eta: 67.1m
step 02509/04357 (57.59%) | loss: 2.785984 | lrm: 0.85 | dt: 1991.89ms | tok/sec: 526,421 | bf16_mfu: 47.35 | epoch: 1 | total time: 90.75m | eta: 67.1m
step 02510/04357 (57.61%) | loss: 2.784655 | lrm: 0.85 | dt: 1990.83ms | tok/sec: 526,702 | bf16_mfu: 47.37 | epoch: 1 | total time: 90.78m | eta: 67.1m
step 02511/04357 (57.63%) | loss: 2.782691 | lrm: 0.85 | dt: 1991.25ms | tok/sec: 526,592 | bf16_mfu: 47.36 | epoch: 1 | total time: 90.81m | eta: 67.0m
step 02512/04357 (57.65%) | loss: 2.779322 | lrm: 0.85 | dt: 1991.25ms | tok/sec: 526,592 | bf16_mfu: 47.36 | epoch: 1 | total time: 90.85m | eta: 67.0m
step 02513/04357 (57.68%) | loss: 2.785516 | lrm: 0.85 | dt: 1993.83ms | tok/sec: 525,909 | bf16_mfu: 47.30 | epoch: 1 | total time: 90.88m | eta: 67.0m
step 02514/04357 (57.70%) | loss: 2.792341 | lrm: 0.85 | dt: 1994.57ms | tok/sec: 525,715 | bf16_mfu: 47.29 | epoch: 1 | total time: 90.91m | eta: 66.9m
step 02515/04357 (57.72%) | loss: 2.799870 | lrm: 0.85 | dt: 1992.98ms | tok/sec: 526,133 | bf16_mfu: 47.32 | epoch: 1 | total time: 90.95m | eta: 66.9m
step 02516/04357 (57.75%) | loss: 2.781375 | lrm: 0.85 | dt: 1994.35ms | tok/sec: 525,773 | bf16_mfu: 47.29 | epoch: 1 | total time: 90.98m | eta: 66.8m
step 02517/04357 (57.77%) | loss: 2.783043 | lrm: 0.84 | dt: 2024.82ms | tok/sec: 517,862 | bf16_mfu: 46.58 | epoch: 1 | total time: 91.01m | eta: 66.8m
step 02518/04357 (57.79%) | loss: 2.793745 | lrm: 0.84 | dt: 1999.27ms | tok/sec: 524,479 | bf16_mfu: 47.17 | epoch: 1 | total time: 91.05m | eta: 66.8m
step 02519/04357 (57.82%) | loss: 2.791530 | lrm: 0.84 | dt: 2006.61ms | tok/sec: 522,561 | bf16_mfu: 47.00 | epoch: 1 | total time: 91.08m | eta: 66.7m
step 02520/04357 (57.84%) | loss: 2.788720 | lrm: 0.84 | dt: 2002.48ms | tok/sec: 523,637 | bf16_mfu: 47.10 | epoch: 1 | total time: 91.11m | eta: 66.7m
step 02521/04357 (57.86%) | loss: 2.784255 | lrm: 0.84 | dt: 2003.22ms | tok/sec: 523,446 | bf16_mfu: 47.08 | epoch: 1 | total time: 91.15m | eta: 66.6m
step 02522/04357 (57.88%) | loss: 2.775549 | lrm: 0.84 | dt: 2008.38ms | tok/sec: 522,100 | bf16_mfu: 46.96 | epoch: 1 | total time: 91.18m | eta: 66.6m
step 02523/04357 (57.91%) | loss: 2.772742 | lrm: 0.84 | dt: 2005.00ms | tok/sec: 522,981 | bf16_mfu: 47.04 | epoch: 1 | total time: 91.21m | eta: 66.6m
step 02524/04357 (57.93%) | loss: 2.781882 | lrm: 0.84 | dt: 2007.78ms | tok/sec: 522,255 | bf16_mfu: 46.97 | epoch: 1 | total time: 91.25m | eta: 66.5m
step 02525/04357 (57.95%) | loss: 2.771187 | lrm: 0.84 | dt: 2048.58ms | tok/sec: 511,856 | bf16_mfu: 46.04 | epoch: 1 | total time: 91.28m | eta: 66.5m
step 02526/04357 (57.98%) | loss: 2.778367 | lrm: 0.84 | dt: 2004.86ms | tok/sec: 523,016 | bf16_mfu: 47.04 | epoch: 1 | total time: 91.32m | eta: 66.5m
step 02527/04357 (58.00%) | loss: 2.775657 | lrm: 0.84 | dt: 2011.30ms | tok/sec: 521,342 | bf16_mfu: 46.89 | epoch: 1 | total time: 91.35m | eta: 66.4m
step 02528/04357 (58.02%) | loss: 2.764826 | lrm: 0.84 | dt: 2008.25ms | tok/sec: 522,133 | bf16_mfu: 46.96 | epoch: 1 | total time: 91.38m | eta: 66.4m
step 02529/04357 (58.04%) | loss: 2.769189 | lrm: 0.84 | dt: 2010.31ms | tok/sec: 521,598 | bf16_mfu: 46.92 | epoch: 1 | total time: 91.42m | eta: 66.3m
step 02530/04357 (58.07%) | loss: 2.767889 | lrm: 0.84 | dt: 2011.67ms | tok/sec: 521,246 | bf16_mfu: 46.88 | epoch: 1 | total time: 91.45m | eta: 66.3m
step 02531/04357 (58.09%) | loss: 2.771457 | lrm: 0.84 | dt: 2029.45ms | tok/sec: 516,680 | bf16_mfu: 46.47 | epoch: 1 | total time: 91.48m | eta: 66.3m
step 02532/04357 (58.11%) | loss: 2.773347 | lrm: 0.84 | dt: 2015.82ms | tok/sec: 520,174 | bf16_mfu: 46.79 | epoch: 1 | total time: 91.52m | eta: 66.2m
step 02533/04357 (58.14%) | loss: 2.786294 | lrm: 0.84 | dt: 2016.17ms | tok/sec: 520,084 | bf16_mfu: 46.78 | epoch: 1 | total time: 91.55m | eta: 66.2m
step 02534/04357 (58.16%) | loss: 2.781765 | lrm: 0.84 | dt: 2011.22ms | tok/sec: 521,362 | bf16_mfu: 46.89 | epoch: 1 | total time: 91.58m | eta: 66.1m
step 02535/04357 (58.18%) | loss: 2.789332 | lrm: 0.84 | dt: 2017.89ms | tok/sec: 519,639 | bf16_mfu: 46.74 | epoch: 1 | total time: 91.62m | eta: 66.1m
step 02536/04357 (58.21%) | loss: 2.784765 | lrm: 0.84 | dt: 2021.23ms | tok/sec: 518,779 | bf16_mfu: 46.66 | epoch: 1 | total time: 91.65m | eta: 66.1m
step 02537/04357 (58.23%) | loss: 2.789698 | lrm: 0.84 | dt: 2018.38ms | tok/sec: 519,512 | bf16_mfu: 46.73 | epoch: 1 | total time: 91.68m | eta: 66.0m
step 02538/04357 (58.25%) | loss: 2.785424 | lrm: 0.84 | dt: 2020.14ms | tok/sec: 519,061 | bf16_mfu: 46.69 | epoch: 1 | total time: 91.72m | eta: 66.0m
step 02539/04357 (58.27%) | loss: 2.791205 | lrm: 0.83 | dt: 2019.57ms | tok/sec: 519,206 | bf16_mfu: 46.70 | epoch: 1 | total time: 91.75m | eta: 66.0m
step 02540/04357 (58.30%) | loss: 2.780238 | lrm: 0.83 | dt: 2017.91ms | tok/sec: 519,633 | bf16_mfu: 46.74 | epoch: 1 | total time: 91.79m | eta: 65.9m
step 02541/04357 (58.32%) | loss: 2.771270 | lrm: 0.83 | dt: 2018.29ms | tok/sec: 519,536 | bf16_mfu: 46.73 | epoch: 1 | total time: 91.82m | eta: 65.9m
step 02542/04357 (58.34%) | loss: 2.769323 | lrm: 0.83 | dt: 2022.12ms | tok/sec: 518,551 | bf16_mfu: 46.64 | epoch: 1 | total time: 91.85m | eta: 65.8m
step 02543/04357 (58.37%) | loss: 2.780255 | lrm: 0.83 | dt: 2023.90ms | tok/sec: 518,097 | bf16_mfu: 46.60 | epoch: 1 | total time: 91.89m | eta: 65.8m
step 02544/04357 (58.39%) | loss: 2.777100 | lrm: 0.83 | dt: 2024.19ms | tok/sec: 518,022 | bf16_mfu: 46.59 | epoch: 1 | total time: 91.92m | eta: 65.8m
step 02545/04357 (58.41%) | loss: 2.767728 | lrm: 0.83 | dt: 2026.82ms | tok/sec: 517,349 | bf16_mfu: 46.53 | epoch: 1 | total time: 91.95m | eta: 65.7m
step 02546/04357 (58.43%) | loss: 2.766315 | lrm: 0.83 | dt: 2023.06ms | tok/sec: 518,313 | bf16_mfu: 46.62 | epoch: 1 | total time: 91.99m | eta: 65.7m
step 02547/04357 (58.46%) | loss: 2.761766 | lrm: 0.83 | dt: 2019.72ms | tok/sec: 519,168 | bf16_mfu: 46.70 | epoch: 1 | total time: 92.02m | eta: 65.7m
step 02548/04357 (58.48%) | loss: 2.763838 | lrm: 0.83 | dt: 2020.71ms | tok/sec: 518,913 | bf16_mfu: 46.67 | epoch: 1 | total time: 92.06m | eta: 65.6m
step 02549/04357 (58.50%) | loss: 2.776453 | lrm: 0.83 | dt: 2022.34ms | tok/sec: 518,497 | bf16_mfu: 46.64 | epoch: 1 | total time: 92.09m | eta: 65.6m
step 02550/04357 (58.53%) | loss: 2.765344 | lrm: 0.83 | dt: 2022.59ms | tok/sec: 518,432 | bf16_mfu: 46.63 | epoch: 1 | total time: 92.12m | eta: 65.5m
step 02551/04357 (58.55%) | loss: 2.771876 | lrm: 0.83 | dt: 2025.50ms | tok/sec: 517,688 | bf16_mfu: 46.56 | epoch: 1 | total time: 92.16m | eta: 65.5m
step 02552/04357 (58.57%) | loss: 2.773447 | lrm: 0.83 | dt: 2023.08ms | tok/sec: 518,306 | bf16_mfu: 46.62 | epoch: 1 | total time: 92.19m | eta: 65.5m
step 02553/04357 (58.60%) | loss: 2.787054 | lrm: 0.83 | dt: 2028.19ms | tok/sec: 517,000 | bf16_mfu: 46.50 | epoch: 1 | total time: 92.22m | eta: 65.4m
step 02554/04357 (58.62%) | loss: 2.782002 | lrm: 0.83 | dt: 2028.98ms | tok/sec: 516,798 | bf16_mfu: 46.48 | epoch: 1 | total time: 92.26m | eta: 65.4m
step 02555/04357 (58.64%) | loss: 2.791716 | lrm: 0.83 | dt: 2033.42ms | tok/sec: 515,672 | bf16_mfu: 46.38 | epoch: 1 | total time: 92.29m | eta: 65.3m
step 02556/04357 (58.66%) | loss: 2.795978 | lrm: 0.83 | dt: 2020.09ms | tok/sec: 519,072 | bf16_mfu: 46.69 | epoch: 1 | total time: 92.33m | eta: 65.3m
step 02557/04357 (58.69%) | loss: 2.792720 | lrm: 0.83 | dt: 2023.92ms | tok/sec: 518,092 | bf16_mfu: 46.60 | epoch: 1 | total time: 92.36m | eta: 65.3m
step 02558/04357 (58.71%) | loss: 2.789242 | lrm: 0.83 | dt: 2024.65ms | tok/sec: 517,905 | bf16_mfu: 46.58 | epoch: 1 | total time: 92.39m | eta: 65.2m
step 02559/04357 (58.73%) | loss: 2.789176 | lrm: 0.83 | dt: 2025.87ms | tok/sec: 517,593 | bf16_mfu: 46.56 | epoch: 1 | total time: 92.43m | eta: 65.2m
step 02560/04357 (58.76%) | loss: 2.775321 | lrm: 0.83 | dt: 2031.51ms | tok/sec: 516,155 | bf16_mfu: 46.43 | epoch: 1 | total time: 92.46m | eta: 65.2m
step 02561/04357 (58.78%) | loss: 2.761049 | lrm: 0.82 | dt: 2027.14ms | tok/sec: 517,269 | bf16_mfu: 46.53 | epoch: 1 | total time: 92.49m | eta: 65.1m
step 02562/04357 (58.80%) | loss: 2.770319 | lrm: 0.82 | dt: 2025.55ms | tok/sec: 517,674 | bf16_mfu: 46.56 | epoch: 1 | total time: 92.53m | eta: 65.1m
step 02563/04357 (58.82%) | loss: 2.780049 | lrm: 0.82 | dt: 2029.61ms | tok/sec: 516,639 | bf16_mfu: 46.47 | epoch: 1 | total time: 92.56m | eta: 65.0m
step 02564/04357 (58.85%) | loss: 2.787335 | lrm: 0.82 | dt: 2027.89ms | tok/sec: 517,077 | bf16_mfu: 46.51 | epoch: 1 | total time: 92.60m | eta: 65.0m
step 02565/04357 (58.87%) | loss: 2.783179 | lrm: 0.82 | dt: 2029.86ms | tok/sec: 516,576 | bf16_mfu: 46.46 | epoch: 1 | total time: 92.63m | eta: 65.0m
step 02566/04357 (58.89%) | loss: 2.775793 | lrm: 0.82 | dt: 2029.74ms | tok/sec: 516,605 | bf16_mfu: 46.47 | epoch: 1 | total time: 92.66m | eta: 64.9m
step 02567/04357 (58.92%) | loss: 2.776529 | lrm: 0.82 | dt: 2025.98ms | tok/sec: 517,565 | bf16_mfu: 46.55 | epoch: 1 | total time: 92.70m | eta: 64.9m
step 02568/04357 (58.94%) | loss: 2.787979 | lrm: 0.82 | dt: 2027.83ms | tok/sec: 517,092 | bf16_mfu: 46.51 | epoch: 1 | total time: 92.73m | eta: 64.9m
step 02569/04357 (58.96%) | loss: 2.805047 | lrm: 0.82 | dt: 2026.64ms | tok/sec: 517,395 | bf16_mfu: 46.54 | epoch: 1 | total time: 92.76m | eta: 64.8m
step 02570/04357 (58.99%) | loss: 2.806364 | lrm: 0.82 | dt: 2042.96ms | tok/sec: 513,262 | bf16_mfu: 46.17 | epoch: 1 | total time: 92.80m | eta: 64.8m
step 02571/04357 (59.01%) | loss: 2.810989 | lrm: 0.82 | dt: 2038.51ms | tok/sec: 514,384 | bf16_mfu: 46.27 | epoch: 1 | total time: 92.83m | eta: 64.7m
step 02572/04357 (59.03%) | loss: 2.802742 | lrm: 0.82 | dt: 2031.87ms | tok/sec: 516,063 | bf16_mfu: 46.42 | epoch: 1 | total time: 92.87m | eta: 64.7m
step 02573/04357 (59.05%) | loss: 2.786948 | lrm: 0.82 | dt: 2032.64ms | tok/sec: 515,869 | bf16_mfu: 46.40 | epoch: 1 | total time: 92.90m | eta: 64.7m
step 02574/04357 (59.08%) | loss: 2.805239 | lrm: 0.82 | dt: 2033.97ms | tok/sec: 515,531 | bf16_mfu: 46.37 | epoch: 1 | total time: 92.93m | eta: 64.6m
step 02575/04357 (59.10%) | loss: 2.792722 | lrm: 0.82 | dt: 2029.78ms | tok/sec: 516,594 | bf16_mfu: 46.47 | epoch: 1 | total time: 92.97m | eta: 64.6m
step 02576/04357 (59.12%) | loss: 2.789695 | lrm: 0.82 | dt: 2031.07ms | tok/sec: 516,268 | bf16_mfu: 46.44 | epoch: 1 | total time: 93.00m | eta: 64.6m
step 02577/04357 (59.15%) | loss: 2.795012 | lrm: 0.82 | dt: 2034.57ms | tok/sec: 515,379 | bf16_mfu: 46.36 | epoch: 1 | total time: 93.04m | eta: 64.5m
step 02578/04357 (59.17%) | loss: 2.797962 | lrm: 0.82 | dt: 2028.69ms | tok/sec: 516,874 | bf16_mfu: 46.49 | epoch: 1 | total time: 93.07m | eta: 64.5m
step 02579/04357 (59.19%) | loss: 2.797713 | lrm: 0.82 | dt: 2030.21ms | tok/sec: 516,487 | bf16_mfu: 46.46 | epoch: 1 | total time: 93.10m | eta: 64.4m
step 02580/04357 (59.22%) | loss: 2.800085 | lrm: 0.82 | dt: 2030.10ms | tok/sec: 516,513 | bf16_mfu: 46.46 | epoch: 1 | total time: 93.14m | eta: 64.4m
step 02581/04357 (59.24%) | loss: 2.805824 | lrm: 0.82 | dt: 2030.43ms | tok/sec: 516,431 | bf16_mfu: 46.45 | epoch: 1 | total time: 93.17m | eta: 64.4m
step 02582/04357 (59.26%) | loss: 2.799976 | lrm: 0.81 | dt: 2030.90ms | tok/sec: 516,311 | bf16_mfu: 46.44 | epoch: 1 | total time: 93.20m | eta: 64.3m
step 02583/04357 (59.28%) | loss: 2.787593 | lrm: 0.81 | dt: 2032.92ms | tok/sec: 515,798 | bf16_mfu: 46.39 | epoch: 1 | total time: 93.24m | eta: 64.3m
step 02584/04357 (59.31%) | loss: 2.784105 | lrm: 0.81 | dt: 2030.81ms | tok/sec: 516,333 | bf16_mfu: 46.44 | epoch: 1 | total time: 93.27m | eta: 64.2m
step 02585/04357 (59.33%) | loss: 2.765688 | lrm: 0.81 | dt: 2021.13ms | tok/sec: 518,806 | bf16_mfu: 46.66 | epoch: 1 | total time: 93.31m | eta: 64.2m
step 02586/04357 (59.35%) | loss: 2.775965 | lrm: 0.81 | dt: 2026.19ms | tok/sec: 517,512 | bf16_mfu: 46.55 | epoch: 1 | total time: 93.34m | eta: 64.2m
step 02587/04357 (59.38%) | loss: 2.773122 | lrm: 0.81 | dt: 2027.20ms | tok/sec: 517,253 | bf16_mfu: 46.52 | epoch: 1 | total time: 93.37m | eta: 64.1m
step 02588/04357 (59.40%) | loss: 2.769766 | lrm: 0.81 | dt: 2032.75ms | tok/sec: 515,839 | bf16_mfu: 46.40 | epoch: 1 | total time: 93.41m | eta: 64.1m
step 02589/04357 (59.42%) | loss: 2.775458 | lrm: 0.81 | dt: 2031.34ms | tok/sec: 516,200 | bf16_mfu: 46.43 | epoch: 1 | total time: 93.44m | eta: 64.1m
step 02590/04357 (59.44%) | loss: 2.773418 | lrm: 0.81 | dt: 2035.99ms | tok/sec: 515,019 | bf16_mfu: 46.32 | epoch: 1 | total time: 93.48m | eta: 64.0m
step 02591/04357 (59.47%) | loss: 2.768013 | lrm: 0.81 | dt: 2033.81ms | tok/sec: 515,571 | bf16_mfu: 46.37 | epoch: 1 | total time: 93.51m | eta: 64.0m
step 02592/04357 (59.49%) | loss: 2.768004 | lrm: 0.81 | dt: 2029.99ms | tok/sec: 516,541 | bf16_mfu: 46.46 | epoch: 1 | total time: 93.54m | eta: 63.9m
step 02593/04357 (59.51%) | loss: 2.764869 | lrm: 0.81 | dt: 2029.65ms | tok/sec: 516,627 | bf16_mfu: 46.47 | epoch: 1 | total time: 93.58m | eta: 63.9m
step 02594/04357 (59.54%) | loss: 2.778563 | lrm: 0.81 | dt: 2028.98ms | tok/sec: 516,800 | bf16_mfu: 46.48 | epoch: 1 | total time: 93.61m | eta: 63.9m
step 02595/04357 (59.56%) | loss: 2.774747 | lrm: 0.81 | dt: 2032.37ms | tok/sec: 515,938 | bf16_mfu: 46.41 | epoch: 1 | total time: 93.64m | eta: 63.8m
step 02596/04357 (59.58%) | loss: 2.776030 | lrm: 0.81 | dt: 2032.97ms | tok/sec: 515,785 | bf16_mfu: 46.39 | epoch: 1 | total time: 93.68m | eta: 63.8m
step 02597/04357 (59.61%) | loss: 2.775749 | lrm: 0.81 | dt: 2028.66ms | tok/sec: 516,882 | bf16_mfu: 46.49 | epoch: 1 | total time: 93.71m | eta: 63.8m
step 02598/04357 (59.63%) | loss: 2.779097 | lrm: 0.81 | dt: 2032.26ms | tok/sec: 515,966 | bf16_mfu: 46.41 | epoch: 1 | total time: 93.75m | eta: 63.7m
step 02599/04357 (59.65%) | loss: 2.776886 | lrm: 0.81 | dt: 2032.21ms | tok/sec: 515,977 | bf16_mfu: 46.41 | epoch: 1 | total time: 93.78m | eta: 63.7m
step 02600/04357 (59.67%) | loss: 2.761595 | lrm: 0.81 | dt: 2033.97ms | tok/sec: 515,532 | bf16_mfu: 46.37 | epoch: 1 | total time: 93.81m | eta: 63.6m
step 02601/04357 (59.70%) | loss: 2.767603 | lrm: 0.81 | dt: 2036.44ms | tok/sec: 514,906 | bf16_mfu: 46.31 | epoch: 1 | total time: 93.85m | eta: 63.6m
step 02602/04357 (59.72%) | loss: 2.777369 | lrm: 0.81 | dt: 2033.33ms | tok/sec: 515,693 | bf16_mfu: 46.38 | epoch: 1 | total time: 93.88m | eta: 63.6m
step 02603/04357 (59.74%) | loss: 2.790417 | lrm: 0.81 | dt: 2034.79ms | tok/sec: 515,323 | bf16_mfu: 46.35 | epoch: 1 | total time: 93.92m | eta: 63.5m
step 02604/04357 (59.77%) | loss: 2.787001 | lrm: 0.80 | dt: 2031.98ms | tok/sec: 516,035 | bf16_mfu: 46.42 | epoch: 1 | total time: 93.95m | eta: 63.5m
step 02605/04357 (59.79%) | loss: 2.790045 | lrm: 0.80 | dt: 2036.21ms | tok/sec: 514,965 | bf16_mfu: 46.32 | epoch: 1 | total time: 93.98m | eta: 63.5m
step 02606/04357 (59.81%) | loss: 2.778764 | lrm: 0.80 | dt: 2066.03ms | tok/sec: 507,531 | bf16_mfu: 45.65 | epoch: 1 | total time: 94.02m | eta: 63.4m
step 02607/04357 (59.83%) | loss: 2.763934 | lrm: 0.80 | dt: 2030.05ms | tok/sec: 516,527 | bf16_mfu: 46.46 | epoch: 1 | total time: 94.05m | eta: 63.4m
step 02608/04357 (59.86%) | loss: 2.765405 | lrm: 0.80 | dt: 2034.55ms | tok/sec: 515,385 | bf16_mfu: 46.36 | epoch: 1 | total time: 94.09m | eta: 63.3m
step 02609/04357 (59.88%) | loss: 2.774016 | lrm: 0.80 | dt: 2034.44ms | tok/sec: 515,413 | bf16_mfu: 46.36 | epoch: 1 | total time: 94.12m | eta: 63.3m
step 02610/04357 (59.90%) | loss: 2.762080 | lrm: 0.80 | dt: 2038.16ms | tok/sec: 514,471 | bf16_mfu: 46.27 | epoch: 1 | total time: 94.15m | eta: 63.3m
step 02611/04357 (59.93%) | loss: 2.771372 | lrm: 0.80 | dt: 2051.43ms | tok/sec: 511,142 | bf16_mfu: 45.98 | epoch: 1 | total time: 94.19m | eta: 63.2m
step 02612/04357 (59.95%) | loss: 2.767739 | lrm: 0.80 | dt: 2035.44ms | tok/sec: 515,159 | bf16_mfu: 46.34 | epoch: 1 | total time: 94.22m | eta: 63.2m
step 02613/04357 (59.97%) | loss: 2.769923 | lrm: 0.80 | dt: 2029.43ms | tok/sec: 516,685 | bf16_mfu: 46.47 | epoch: 1 | total time: 94.26m | eta: 63.2m
step 02614/04357 (60.00%) | loss: 2.775551 | lrm: 0.80 | dt: 2037.29ms | tok/sec: 514,690 | bf16_mfu: 46.29 | epoch: 1 | total time: 94.29m | eta: 63.1m
step 02615/04357 (60.02%) | loss: 2.765229 | lrm: 0.80 | dt: 2035.64ms | tok/sec: 515,109 | bf16_mfu: 46.33 | epoch: 1 | total time: 94.32m | eta: 63.1m
step 02616/04357 (60.04%) | loss: 2.756922 | lrm: 0.80 | dt: 2028.54ms | tok/sec: 516,912 | bf16_mfu: 46.49 | epoch: 1 | total time: 94.36m | eta: 63.0m
step 02617/04357 (60.06%) | loss: 2.756412 | lrm: 0.80 | dt: 2034.09ms | tok/sec: 515,501 | bf16_mfu: 46.37 | epoch: 1 | total time: 94.39m | eta: 63.0m
step 02618/04357 (60.09%) | loss: 2.757259 | lrm: 0.80 | dt: 2038.08ms | tok/sec: 514,491 | bf16_mfu: 46.28 | epoch: 1 | total time: 94.43m | eta: 63.0m
step 02619/04357 (60.11%) | loss: 2.768258 | lrm: 0.80 | dt: 2034.77ms | tok/sec: 515,329 | bf16_mfu: 46.35 | epoch: 1 | total time: 94.46m | eta: 62.9m
step 02620/04357 (60.13%) | loss: 2.774506 | lrm: 0.80 | dt: 2034.65ms | tok/sec: 515,358 | bf16_mfu: 46.35 | epoch: 1 | total time: 94.49m | eta: 62.9m
step 02621/04357 (60.16%) | loss: 2.769212 | lrm: 0.80 | dt: 2035.33ms | tok/sec: 515,186 | bf16_mfu: 46.34 | epoch: 1 | total time: 94.53m | eta: 62.8m
step 02622/04357 (60.18%) | loss: 2.760113 | lrm: 0.80 | dt: 2034.46ms | tok/sec: 515,407 | bf16_mfu: 46.36 | epoch: 1 | total time: 94.56m | eta: 62.8m
step 02623/04357 (60.20%) | loss: 2.759767 | lrm: 0.80 | dt: 2032.78ms | tok/sec: 515,833 | bf16_mfu: 46.40 | epoch: 1 | total time: 94.59m | eta: 62.8m
step 02624/04357 (60.22%) | loss: 2.761049 | lrm: 0.80 | dt: 2035.85ms | tok/sec: 515,055 | bf16_mfu: 46.33 | epoch: 1 | total time: 94.63m | eta: 62.7m
step 02625/04357 (60.25%) | loss: 2.756685 | lrm: 0.80 | dt: 2037.25ms | tok/sec: 514,700 | bf16_mfu: 46.30 | epoch: 1 | total time: 94.66m | eta: 62.7m
step 02626/04357 (60.27%) | loss: 2.750867 | lrm: 0.79 | dt: 2035.05ms | tok/sec: 515,258 | bf16_mfu: 46.35 | epoch: 1 | total time: 94.70m | eta: 62.7m
step 02627/04357 (60.29%) | loss: 2.754563 | lrm: 0.79 | dt: 2033.67ms | tok/sec: 515,607 | bf16_mfu: 46.38 | epoch: 1 | total time: 94.73m | eta: 62.6m
step 02628/04357 (60.32%) | loss: 2.747976 | lrm: 0.79 | dt: 2033.31ms | tok/sec: 515,698 | bf16_mfu: 46.38 | epoch: 1 | total time: 94.76m | eta: 62.6m
step 02629/04357 (60.34%) | loss: 2.762754 | lrm: 0.79 | dt: 2031.53ms | tok/sec: 516,151 | bf16_mfu: 46.43 | epoch: 1 | total time: 94.80m | eta: 62.5m
step 02630/04357 (60.36%) | loss: 2.751455 | lrm: 0.79 | dt: 2045.63ms | tok/sec: 512,593 | bf16_mfu: 46.11 | epoch: 1 | total time: 94.83m | eta: 62.5m
step 02631/04357 (60.39%) | loss: 2.768401 | lrm: 0.79 | dt: 2035.51ms | tok/sec: 515,141 | bf16_mfu: 46.33 | epoch: 1 | total time: 94.87m | eta: 62.5m
step 02632/04357 (60.41%) | loss: 2.781347 | lrm: 0.79 | dt: 2035.66ms | tok/sec: 515,104 | bf16_mfu: 46.33 | epoch: 1 | total time: 94.90m | eta: 62.4m
step 02633/04357 (60.43%) | loss: 2.776866 | lrm: 0.79 | dt: 2034.38ms | tok/sec: 515,427 | bf16_mfu: 46.36 | epoch: 1 | total time: 94.93m | eta: 62.4m
step 02634/04357 (60.45%) | loss: 2.778413 | lrm: 0.79 | dt: 2036.46ms | tok/sec: 514,901 | bf16_mfu: 46.31 | epoch: 1 | total time: 94.97m | eta: 62.4m
step 02635/04357 (60.48%) | loss: 2.768728 | lrm: 0.79 | dt: 2038.97ms | tok/sec: 514,267 | bf16_mfu: 46.26 | epoch: 1 | total time: 95.00m | eta: 62.3m
step 02636/04357 (60.50%) | loss: 2.783059 | lrm: 0.79 | dt: 2035.22ms | tok/sec: 515,215 | bf16_mfu: 46.34 | epoch: 1 | total time: 95.04m | eta: 62.3m
step 02637/04357 (60.52%) | loss: 2.767959 | lrm: 0.79 | dt: 2030.19ms | tok/sec: 516,490 | bf16_mfu: 46.46 | epoch: 1 | total time: 95.07m | eta: 62.2m
step 02638/04357 (60.55%) | loss: 2.770550 | lrm: 0.79 | dt: 2034.35ms | tok/sec: 515,434 | bf16_mfu: 46.36 | epoch: 1 | total time: 95.10m | eta: 62.2m
step 02639/04357 (60.57%) | loss: 2.766667 | lrm: 0.79 | dt: 2036.67ms | tok/sec: 514,848 | bf16_mfu: 46.31 | epoch: 1 | total time: 95.14m | eta: 62.2m
step 02640/04357 (60.59%) | loss: 2.773190 | lrm: 0.79 | dt: 2031.39ms | tok/sec: 516,185 | bf16_mfu: 46.43 | epoch: 1 | total time: 95.17m | eta: 62.1m
step 02641/04357 (60.62%) | loss: 2.781460 | lrm: 0.79 | dt: 2035.54ms | tok/sec: 515,135 | bf16_mfu: 46.33 | epoch: 1 | total time: 95.21m | eta: 62.1m
step 02642/04357 (60.64%) | loss: 2.769027 | lrm: 0.79 | dt: 2032.36ms | tok/sec: 515,940 | bf16_mfu: 46.41 | epoch: 1 | total time: 95.24m | eta: 62.1m
step 02643/04357 (60.66%) | loss: 2.775478 | lrm: 0.79 | dt: 2037.82ms | tok/sec: 514,558 | bf16_mfu: 46.28 | epoch: 1 | total time: 95.27m | eta: 62.0m
step 02644/04357 (60.68%) | loss: 2.773024 | lrm: 0.79 | dt: 2040.40ms | tok/sec: 513,906 | bf16_mfu: 46.22 | epoch: 1 | total time: 95.31m | eta: 62.0m
step 02645/04357 (60.71%) | loss: 2.774669 | lrm: 0.79 | dt: 2032.89ms | tok/sec: 515,805 | bf16_mfu: 46.39 | epoch: 1 | total time: 95.34m | eta: 61.9m
step 02646/04357 (60.73%) | loss: 2.777761 | lrm: 0.79 | dt: 2029.39ms | tok/sec: 516,694 | bf16_mfu: 46.47 | epoch: 1 | total time: 95.37m | eta: 61.9m
step 02647/04357 (60.75%) | loss: 2.775566 | lrm: 0.79 | dt: 2037.89ms | tok/sec: 514,541 | bf16_mfu: 46.28 | epoch: 1 | total time: 95.41m | eta: 61.9m
step 02648/04357 (60.78%) | loss: 2.761988 | lrm: 0.78 | dt: 2034.87ms | tok/sec: 515,303 | bf16_mfu: 46.35 | epoch: 1 | total time: 95.44m | eta: 61.8m
step 02649/04357 (60.80%) | loss: 2.771839 | lrm: 0.78 | dt: 2035.77ms | tok/sec: 515,075 | bf16_mfu: 46.33 | epoch: 1 | total time: 95.48m | eta: 61.8m
step 02650/04357 (60.82%) | loss: 2.762776 | lrm: 0.78 | dt: 2031.28ms | tok/sec: 516,214 | bf16_mfu: 46.43 | epoch: 1 | total time: 95.51m | eta: 61.8m
step 02651/04357 (60.84%) | loss: 2.767847 | lrm: 0.78 | dt: 2036.13ms | tok/sec: 514,984 | bf16_mfu: 46.32 | epoch: 1 | total time: 95.54m | eta: 61.7m
step 02652/04357 (60.87%) | loss: 2.769741 | lrm: 0.78 | dt: 2035.85ms | tok/sec: 515,055 | bf16_mfu: 46.33 | epoch: 1 | total time: 95.58m | eta: 61.7m
step 02653/04357 (60.89%) | loss: 2.766203 | lrm: 0.78 | dt: 2035.77ms | tok/sec: 515,075 | bf16_mfu: 46.33 | epoch: 1 | total time: 95.61m | eta: 61.6m
step 02654/04357 (60.91%) | loss: 2.762022 | lrm: 0.78 | dt: 2040.25ms | tok/sec: 513,944 | bf16_mfu: 46.23 | epoch: 1 | total time: 95.65m | eta: 61.6m
step 02655/04357 (60.94%) | loss: 2.752866 | lrm: 0.78 | dt: 2035.68ms | tok/sec: 515,097 | bf16_mfu: 46.33 | epoch: 1 | total time: 95.68m | eta: 61.6m
step 02656/04357 (60.96%) | loss: 2.748736 | lrm: 0.78 | dt: 2034.19ms | tok/sec: 515,476 | bf16_mfu: 46.36 | epoch: 1 | total time: 95.71m | eta: 61.5m
step 02657/04357 (60.98%) | loss: 2.741425 | lrm: 0.78 | dt: 2036.99ms | tok/sec: 514,767 | bf16_mfu: 46.30 | epoch: 1 | total time: 95.75m | eta: 61.5m
step 02658/04357 (61.01%) | loss: 2.752551 | lrm: 0.78 | dt: 2038.12ms | tok/sec: 514,481 | bf16_mfu: 46.28 | epoch: 1 | total time: 95.78m | eta: 61.5m
step 02659/04357 (61.03%) | loss: 2.750550 | lrm: 0.78 | dt: 2035.17ms | tok/sec: 515,227 | bf16_mfu: 46.34 | epoch: 1 | total time: 95.82m | eta: 61.4m
step 02660/04357 (61.05%) | loss: 2.765709 | lrm: 0.78 | dt: 2036.59ms | tok/sec: 514,867 | bf16_mfu: 46.31 | epoch: 1 | total time: 95.85m | eta: 61.4m
step 02661/04357 (61.07%) | loss: 2.771119 | lrm: 0.78 | dt: 2037.59ms | tok/sec: 514,614 | bf16_mfu: 46.29 | epoch: 1 | total time: 95.88m | eta: 61.3m
step 02662/04357 (61.10%) | loss: 2.766693 | lrm: 0.78 | dt: 2033.76ms | tok/sec: 515,586 | bf16_mfu: 46.37 | epoch: 1 | total time: 95.92m | eta: 61.3m
step 02663/04357 (61.12%) | loss: 2.768680 | lrm: 0.78 | dt: 2036.99ms | tok/sec: 514,766 | bf16_mfu: 46.30 | epoch: 1 | total time: 95.95m | eta: 61.3m
step 02664/04357 (61.14%) | loss: 2.779056 | lrm: 0.78 | dt: 2033.83ms | tok/sec: 515,568 | bf16_mfu: 46.37 | epoch: 1 | total time: 95.99m | eta: 61.2m
step 02665/04357 (61.17%) | loss: 2.797751 | lrm: 0.78 | dt: 2038.22ms | tok/sec: 514,455 | bf16_mfu: 46.27 | epoch: 1 | total time: 96.02m | eta: 61.2m
step 02666/04357 (61.19%) | loss: 2.799575 | lrm: 0.78 | dt: 2030.72ms | tok/sec: 516,356 | bf16_mfu: 46.44 | epoch: 1 | total time: 96.05m | eta: 61.2m
step 02667/04357 (61.21%) | loss: 2.796744 | lrm: 0.78 | dt: 2032.78ms | tok/sec: 515,834 | bf16_mfu: 46.40 | epoch: 1 | total time: 96.09m | eta: 61.1m
step 02668/04357 (61.23%) | loss: 2.785288 | lrm: 0.78 | dt: 2033.71ms | tok/sec: 515,597 | bf16_mfu: 46.38 | epoch: 1 | total time: 96.12m | eta: 61.1m
step 02669/04357 (61.26%) | loss: 2.794210 | lrm: 0.78 | dt: 2033.15ms | tok/sec: 515,738 | bf16_mfu: 46.39 | epoch: 1 | total time: 96.16m | eta: 61.0m
step 02670/04357 (61.28%) | loss: 2.787387 | lrm: 0.77 | dt: 2035.43ms | tok/sec: 515,163 | bf16_mfu: 46.34 | epoch: 1 | total time: 96.19m | eta: 61.0m
step 02671/04357 (61.30%) | loss: 2.777997 | lrm: 0.77 | dt: 2034.70ms | tok/sec: 515,345 | bf16_mfu: 46.35 | epoch: 1 | total time: 96.22m | eta: 61.0m
step 02672/04357 (61.33%) | loss: 2.773660 | lrm: 0.77 | dt: 2040.04ms | tok/sec: 513,998 | bf16_mfu: 46.23 | epoch: 1 | total time: 96.26m | eta: 60.9m
step 02673/04357 (61.35%) | loss: 2.773080 | lrm: 0.77 | dt: 2037.55ms | tok/sec: 514,625 | bf16_mfu: 46.29 | epoch: 1 | total time: 96.29m | eta: 60.9m
step 02674/04357 (61.37%) | loss: 2.773406 | lrm: 0.77 | dt: 2036.65ms | tok/sec: 514,852 | bf16_mfu: 46.31 | epoch: 1 | total time: 96.32m | eta: 60.9m
step 02675/04357 (61.40%) | loss: 2.776337 | lrm: 0.77 | dt: 2036.00ms | tok/sec: 515,017 | bf16_mfu: 46.32 | epoch: 1 | total time: 96.36m | eta: 60.8m
step 02676/04357 (61.42%) | loss: 2.764901 | lrm: 0.77 | dt: 2029.86ms | tok/sec: 516,575 | bf16_mfu: 46.46 | epoch: 1 | total time: 96.39m | eta: 60.8m
step 02677/04357 (61.44%) | loss: 2.770640 | lrm: 0.77 | dt: 2037.05ms | tok/sec: 514,751 | bf16_mfu: 46.30 | epoch: 1 | total time: 96.43m | eta: 60.7m
step 02678/04357 (61.46%) | loss: 2.781533 | lrm: 0.77 | dt: 2035.81ms | tok/sec: 515,066 | bf16_mfu: 46.33 | epoch: 1 | total time: 96.46m | eta: 60.7m
step 02679/04357 (61.49%) | loss: 2.783110 | lrm: 0.77 | dt: 2035.87ms | tok/sec: 515,049 | bf16_mfu: 46.33 | epoch: 1 | total time: 96.49m | eta: 60.7m
step 02680/04357 (61.51%) | loss: 2.782215 | lrm: 0.77 | dt: 2038.25ms | tok/sec: 514,448 | bf16_mfu: 46.27 | epoch: 1 | total time: 96.53m | eta: 60.6m
step 02681/04357 (61.53%) | loss: 2.790050 | lrm: 0.77 | dt: 2033.41ms | tok/sec: 515,674 | bf16_mfu: 46.38 | epoch: 1 | total time: 96.56m | eta: 60.6m
step 02682/04357 (61.56%) | loss: 2.779966 | lrm: 0.77 | dt: 2038.15ms | tok/sec: 514,475 | bf16_mfu: 46.27 | epoch: 1 | total time: 96.60m | eta: 60.6m
step 02683/04357 (61.58%) | loss: 2.777859 | lrm: 0.77 | dt: 2033.26ms | tok/sec: 515,712 | bf16_mfu: 46.39 | epoch: 1 | total time: 96.63m | eta: 60.5m
step 02684/04357 (61.60%) | loss: 2.779439 | lrm: 0.77 | dt: 2034.53ms | tok/sec: 515,391 | bf16_mfu: 46.36 | epoch: 1 | total time: 96.66m | eta: 60.5m
step 02685/04357 (61.62%) | loss: 2.780585 | lrm: 0.77 | dt: 2031.38ms | tok/sec: 516,188 | bf16_mfu: 46.43 | epoch: 1 | total time: 96.70m | eta: 60.4m
step 02686/04357 (61.65%) | loss: 2.785217 | lrm: 0.77 | dt: 2035.55ms | tok/sec: 515,131 | bf16_mfu: 46.33 | epoch: 1 | total time: 96.73m | eta: 60.4m
step 02687/04357 (61.67%) | loss: 2.791198 | lrm: 0.77 | dt: 2037.42ms | tok/sec: 514,658 | bf16_mfu: 46.29 | epoch: 1 | total time: 96.77m | eta: 60.4m
step 02688/04357 (61.69%) | loss: 2.797954 | lrm: 0.77 | dt: 2034.78ms | tok/sec: 515,326 | bf16_mfu: 46.35 | epoch: 1 | total time: 96.80m | eta: 60.3m
step 02689/04357 (61.72%) | loss: 2.798085 | lrm: 0.77 | dt: 2043.94ms | tok/sec: 513,016 | bf16_mfu: 46.14 | epoch: 1 | total time: 96.83m | eta: 60.3m
step 02690/04357 (61.74%) | loss: 2.801402 | lrm: 0.77 | dt: 2036.54ms | tok/sec: 514,880 | bf16_mfu: 46.31 | epoch: 1 | total time: 96.87m | eta: 60.3m
step 02691/04357 (61.76%) | loss: 2.807700 | lrm: 0.76 | dt: 2036.06ms | tok/sec: 515,002 | bf16_mfu: 46.32 | epoch: 1 | total time: 96.90m | eta: 60.2m
step 02692/04357 (61.79%) | loss: 2.808528 | lrm: 0.76 | dt: 2037.37ms | tok/sec: 514,670 | bf16_mfu: 46.29 | epoch: 1 | total time: 96.94m | eta: 60.2m
step 02693/04357 (61.81%) | loss: 2.808772 | lrm: 0.76 | dt: 2033.41ms | tok/sec: 515,674 | bf16_mfu: 46.38 | epoch: 1 | total time: 96.97m | eta: 60.1m
step 02694/04357 (61.83%) | loss: 2.800712 | lrm: 0.76 | dt: 2033.66ms | tok/sec: 515,610 | bf16_mfu: 46.38 | epoch: 1 | total time: 97.00m | eta: 60.1m
step 02695/04357 (61.85%) | loss: 2.797872 | lrm: 0.76 | dt: 2031.08ms | tok/sec: 516,266 | bf16_mfu: 46.44 | epoch: 1 | total time: 97.04m | eta: 60.1m
step 02696/04357 (61.88%) | loss: 2.808972 | lrm: 0.76 | dt: 2042.94ms | tok/sec: 513,268 | bf16_mfu: 46.17 | epoch: 1 | total time: 97.07m | eta: 60.0m
step 02697/04357 (61.90%) | loss: 2.796974 | lrm: 0.76 | dt: 2036.55ms | tok/sec: 514,879 | bf16_mfu: 46.31 | epoch: 1 | total time: 97.11m | eta: 60.0m
step 02698/04357 (61.92%) | loss: 2.786423 | lrm: 0.76 | dt: 2036.21ms | tok/sec: 514,965 | bf16_mfu: 46.32 | epoch: 1 | total time: 97.14m | eta: 60.0m
step 02699/04357 (61.95%) | loss: 2.785472 | lrm: 0.76 | dt: 2034.26ms | tok/sec: 515,457 | bf16_mfu: 46.36 | epoch: 1 | total time: 97.17m | eta: 59.9m
step 02700/04357 (61.97%) | loss: 2.797186 | lrm: 0.76 | dt: 2032.45ms | tok/sec: 515,917 | bf16_mfu: 46.40 | epoch: 1 | total time: 97.21m | eta: 59.9m
step 02701/04357 (61.99%) | loss: 2.791508 | lrm: 0.76 | dt: 2036.75ms | tok/sec: 514,828 | bf16_mfu: 46.31 | epoch: 1 | total time: 97.24m | eta: 59.8m
step 02702/04357 (62.02%) | loss: 2.788160 | lrm: 0.76 | dt: 2039.26ms | tok/sec: 514,193 | bf16_mfu: 46.25 | epoch: 1 | total time: 97.27m | eta: 59.8m
step 02703/04357 (62.04%) | loss: 2.797485 | lrm: 0.76 | dt: 2037.71ms | tok/sec: 514,584 | bf16_mfu: 46.28 | epoch: 1 | total time: 97.31m | eta: 59.8m
step 02704/04357 (62.06%) | loss: 2.791104 | lrm: 0.76 | dt: 2033.35ms | tok/sec: 515,688 | bf16_mfu: 46.38 | epoch: 1 | total time: 97.34m | eta: 59.7m
step 02705/04357 (62.08%) | loss: 2.794209 | lrm: 0.76 | dt: 2030.25ms | tok/sec: 516,476 | bf16_mfu: 46.45 | epoch: 1 | total time: 97.38m | eta: 59.7m
step 02706/04357 (62.11%) | loss: 2.780972 | lrm: 0.76 | dt: 2027.49ms | tok/sec: 517,179 | bf16_mfu: 46.52 | epoch: 1 | total time: 97.41m | eta: 59.7m
step 02707/04357 (62.13%) | loss: 2.767259 | lrm: 0.76 | dt: 2029.34ms | tok/sec: 516,707 | bf16_mfu: 46.48 | epoch: 1 | total time: 97.44m | eta: 59.6m
step 02708/04357 (62.15%) | loss: 2.759397 | lrm: 0.76 | dt: 2037.56ms | tok/sec: 514,623 | bf16_mfu: 46.29 | epoch: 1 | total time: 97.48m | eta: 59.6m
step 02709/04357 (62.18%) | loss: 2.762703 | lrm: 0.76 | dt: 2031.45ms | tok/sec: 516,171 | bf16_mfu: 46.43 | epoch: 1 | total time: 97.51m | eta: 59.5m
step 02710/04357 (62.20%) | loss: 2.755692 | lrm: 0.76 | dt: 2034.80ms | tok/sec: 515,321 | bf16_mfu: 46.35 | epoch: 1 | total time: 97.55m | eta: 59.5m
step 02711/04357 (62.22%) | loss: 2.762364 | lrm: 0.76 | dt: 2036.36ms | tok/sec: 514,925 | bf16_mfu: 46.32 | epoch: 1 | total time: 97.58m | eta: 59.5m
step 02712/04357 (62.24%) | loss: 2.767918 | lrm: 0.76 | dt: 2027.79ms | tok/sec: 517,103 | bf16_mfu: 46.51 | epoch: 1 | total time: 97.61m | eta: 59.4m
step 02713/04357 (62.27%) | loss: 2.767202 | lrm: 0.75 | dt: 2037.02ms | tok/sec: 514,760 | bf16_mfu: 46.30 | epoch: 1 | total time: 97.65m | eta: 59.4m
step 02714/04357 (62.29%) | loss: 2.765906 | lrm: 0.75 | dt: 2032.82ms | tok/sec: 515,824 | bf16_mfu: 46.40 | epoch: 1 | total time: 97.68m | eta: 59.4m
step 02715/04357 (62.31%) | loss: 2.763486 | lrm: 0.75 | dt: 2039.52ms | tok/sec: 514,128 | bf16_mfu: 46.24 | epoch: 1 | total time: 97.72m | eta: 59.3m
step 02716/04357 (62.34%) | loss: 2.781091 | lrm: 0.75 | dt: 2036.70ms | tok/sec: 514,841 | bf16_mfu: 46.31 | epoch: 1 | total time: 97.75m | eta: 59.3m
step 02717/04357 (62.36%) | loss: 2.773073 | lrm: 0.75 | dt: 2035.06ms | tok/sec: 515,254 | bf16_mfu: 46.34 | epoch: 1 | total time: 97.78m | eta: 59.2m
step 02718/04357 (62.38%) | loss: 2.765832 | lrm: 0.75 | dt: 2029.97ms | tok/sec: 516,548 | bf16_mfu: 46.46 | epoch: 1 | total time: 97.82m | eta: 59.2m
step 02719/04357 (62.41%) | loss: 2.758666 | lrm: 0.75 | dt: 2030.76ms | tok/sec: 516,347 | bf16_mfu: 46.44 | epoch: 1 | total time: 97.85m | eta: 59.2m
step 02720/04357 (62.43%) | loss: 2.762825 | lrm: 0.75 | dt: 2031.19ms | tok/sec: 516,236 | bf16_mfu: 46.43 | epoch: 1 | total time: 97.88m | eta: 59.1m
step 02721/04357 (62.45%) | loss: 2.777155 | lrm: 0.75 | dt: 2028.53ms | tok/sec: 516,913 | bf16_mfu: 46.49 | epoch: 1 | total time: 97.92m | eta: 59.1m
step 02722/04357 (62.47%) | loss: 2.768228 | lrm: 0.75 | dt: 2035.83ms | tok/sec: 515,059 | bf16_mfu: 46.33 | epoch: 1 | total time: 97.95m | eta: 59.1m
step 02723/04357 (62.50%) | loss: 2.771103 | lrm: 0.75 | dt: 2041.00ms | tok/sec: 513,754 | bf16_mfu: 46.21 | epoch: 1 | total time: 97.99m | eta: 59.0m
step 02724/04357 (62.52%) | loss: 2.773240 | lrm: 0.75 | dt: 2039.78ms | tok/sec: 514,063 | bf16_mfu: 46.24 | epoch: 1 | total time: 98.02m | eta: 59.0m
step 02725/04357 (62.54%) | loss: 2.766262 | lrm: 0.75 | dt: 2037.14ms | tok/sec: 514,728 | bf16_mfu: 46.30 | epoch: 1 | total time: 98.05m | eta: 58.9m
step 02726/04357 (62.57%) | loss: 2.771851 | lrm: 0.75 | dt: 2037.74ms | tok/sec: 514,577 | bf16_mfu: 46.28 | epoch: 1 | total time: 98.09m | eta: 58.9m
step 02727/04357 (62.59%) | loss: 2.769442 | lrm: 0.75 | dt: 2036.29ms | tok/sec: 514,944 | bf16_mfu: 46.32 | epoch: 1 | total time: 98.12m | eta: 58.9m
step 02728/04357 (62.61%) | loss: 2.769501 | lrm: 0.75 | dt: 2033.76ms | tok/sec: 515,584 | bf16_mfu: 46.37 | epoch: 1 | total time: 98.16m | eta: 58.8m
step 02729/04357 (62.63%) | loss: 2.768468 | lrm: 0.75 | dt: 2033.71ms | tok/sec: 515,596 | bf16_mfu: 46.38 | epoch: 1 | total time: 98.19m | eta: 58.8m
step 02730/04357 (62.66%) | loss: 2.768173 | lrm: 0.75 | dt: 2034.13ms | tok/sec: 515,490 | bf16_mfu: 46.37 | epoch: 1 | total time: 98.22m | eta: 58.8m
step 02731/04357 (62.68%) | loss: 2.769325 | lrm: 0.75 | dt: 2032.21ms | tok/sec: 515,977 | bf16_mfu: 46.41 | epoch: 1 | total time: 98.26m | eta: 58.7m
step 02732/04357 (62.70%) | loss: 2.765658 | lrm: 0.75 | dt: 2051.86ms | tok/sec: 511,035 | bf16_mfu: 45.97 | epoch: 1 | total time: 98.29m | eta: 58.7m
step 02733/04357 (62.73%) | loss: 2.758191 | lrm: 0.75 | dt: 2039.61ms | tok/sec: 514,104 | bf16_mfu: 46.24 | epoch: 1 | total time: 98.33m | eta: 58.6m
step 02734/04357 (62.75%) | loss: 2.756271 | lrm: 0.75 | dt: 2037.79ms | tok/sec: 514,566 | bf16_mfu: 46.28 | epoch: 1 | total time: 98.36m | eta: 58.6m
step 02735/04357 (62.77%) | loss: 2.764206 | lrm: 0.74 | dt: 2052.57ms | tok/sec: 510,860 | bf16_mfu: 45.95 | epoch: 1 | total time: 98.39m | eta: 58.6m
step 02736/04357 (62.80%) | loss: 2.754456 | lrm: 0.74 | dt: 2027.60ms | tok/sec: 517,150 | bf16_mfu: 46.52 | epoch: 1 | total time: 98.43m | eta: 58.5m
step 02737/04357 (62.82%) | loss: 2.757424 | lrm: 0.74 | dt: 2033.21ms | tok/sec: 515,723 | bf16_mfu: 46.39 | epoch: 1 | total time: 98.46m | eta: 58.5m
step 02738/04357 (62.84%) | loss: 2.751949 | lrm: 0.74 | dt: 2037.66ms | tok/sec: 514,598 | bf16_mfu: 46.29 | epoch: 1 | total time: 98.50m | eta: 58.5m
step 02739/04357 (62.86%) | loss: 2.752116 | lrm: 0.74 | dt: 2032.98ms | tok/sec: 515,782 | bf16_mfu: 46.39 | epoch: 1 | total time: 98.53m | eta: 58.4m
step 02740/04357 (62.89%) | loss: 2.752981 | lrm: 0.74 | dt: 2029.03ms | tok/sec: 516,785 | bf16_mfu: 46.48 | epoch: 1 | total time: 98.56m | eta: 58.4m
step 02741/04357 (62.91%) | loss: 2.757579 | lrm: 0.74 | dt: 2036.50ms | tok/sec: 514,890 | bf16_mfu: 46.31 | epoch: 1 | total time: 98.60m | eta: 58.3m
step 02742/04357 (62.93%) | loss: 2.753486 | lrm: 0.74 | dt: 2030.28ms | tok/sec: 516,468 | bf16_mfu: 46.45 | epoch: 1 | total time: 98.63m | eta: 58.3m
step 02743/04357 (62.96%) | loss: 2.753499 | lrm: 0.74 | dt: 2032.61ms | tok/sec: 515,876 | bf16_mfu: 46.40 | epoch: 1 | total time: 98.67m | eta: 58.3m
step 02744/04357 (62.98%) | loss: 2.756938 | lrm: 0.74 | dt: 2035.98ms | tok/sec: 515,021 | bf16_mfu: 46.32 | epoch: 1 | total time: 98.70m | eta: 58.2m
step 02745/04357 (63.00%) | loss: 2.748677 | lrm: 0.74 | dt: 2038.71ms | tok/sec: 514,333 | bf16_mfu: 46.26 | epoch: 1 | total time: 98.73m | eta: 58.2m
step 02746/04357 (63.03%) | loss: 2.744524 | lrm: 0.74 | dt: 2033.13ms | tok/sec: 515,744 | bf16_mfu: 46.39 | epoch: 1 | total time: 98.77m | eta: 58.2m
step 02747/04357 (63.05%) | loss: 2.745146 | lrm: 0.74 | dt: 2036.11ms | tok/sec: 514,988 | bf16_mfu: 46.32 | epoch: 1 | total time: 98.80m | eta: 58.1m
step 02748/04357 (63.07%) | loss: 2.742907 | lrm: 0.74 | dt: 2037.89ms | tok/sec: 514,540 | bf16_mfu: 46.28 | epoch: 1 | total time: 98.84m | eta: 58.1m
step 02749/04357 (63.09%) | loss: 2.746819 | lrm: 0.74 | dt: 2038.90ms | tok/sec: 514,285 | bf16_mfu: 46.26 | epoch: 1 | total time: 98.87m | eta: 58.0m
Step 02750 | Validation bpb: 0.836791
step 02750/04357 (63.12%) | loss: 2.730524 | lrm: 0.74 | dt: 35752.24ms | tok/sec: 29,328 | bf16_mfu: 2.64 | epoch: 1 | total time: 99.47m | eta: 58.3m
step 02751/04357 (63.14%) | loss: 2.734653 | lrm: 0.74 | dt: 1981.81ms | tok/sec: 529,100 | bf16_mfu: 47.59 | epoch: 1 | total time: 99.50m | eta: 58.3m
step 02752/04357 (63.16%) | loss: 2.725233 | lrm: 0.74 | dt: 1997.92ms | tok/sec: 524,834 | bf16_mfu: 47.21 | epoch: 1 | total time: 99.53m | eta: 58.3m
step 02753/04357 (63.19%) | loss: 2.726967 | lrm: 0.74 | dt: 1988.69ms | tok/sec: 527,269 | bf16_mfu: 47.43 | epoch: 1 | total time: 99.56m | eta: 58.2m
step 02754/04357 (63.21%) | loss: 2.726328 | lrm: 0.74 | dt: 1985.08ms | tok/sec: 528,229 | bf16_mfu: 47.51 | epoch: 1 | total time: 99.60m | eta: 58.2m
step 02755/04357 (63.23%) | loss: 2.724998 | lrm: 0.74 | dt: 1987.55ms | tok/sec: 527,573 | bf16_mfu: 47.45 | epoch: 1 | total time: 99.63m | eta: 58.1m
step 02756/04357 (63.25%) | loss: 2.732652 | lrm: 0.74 | dt: 1988.76ms | tok/sec: 527,250 | bf16_mfu: 47.42 | epoch: 1 | total time: 99.66m | eta: 58.1m
step 02757/04357 (63.28%) | loss: 2.735079 | lrm: 0.73 | dt: 1989.39ms | tok/sec: 527,084 | bf16_mfu: 47.41 | epoch: 1 | total time: 99.70m | eta: 58.1m
step 02758/04357 (63.30%) | loss: 2.740528 | lrm: 0.73 | dt: 1992.15ms | tok/sec: 526,353 | bf16_mfu: 47.34 | epoch: 1 | total time: 99.73m | eta: 58.0m
step 02759/04357 (63.32%) | loss: 2.737647 | lrm: 0.73 | dt: 2001.85ms | tok/sec: 523,802 | bf16_mfu: 47.11 | epoch: 1 | total time: 99.76m | eta: 58.0m
step 02760/04357 (63.35%) | loss: 2.738010 | lrm: 0.73 | dt: 1991.12ms | tok/sec: 526,625 | bf16_mfu: 47.37 | epoch: 1 | total time: 99.80m | eta: 58.0m
step 02761/04357 (63.37%) | loss: 2.736736 | lrm: 0.73 | dt: 1992.33ms | tok/sec: 526,305 | bf16_mfu: 47.34 | epoch: 1 | total time: 99.83m | eta: 57.9m
step 02762/04357 (63.39%) | loss: 2.742394 | lrm: 0.73 | dt: 1993.02ms | tok/sec: 526,124 | bf16_mfu: 47.32 | epoch: 1 | total time: 99.86m | eta: 57.9m
step 02763/04357 (63.42%) | loss: 2.745571 | lrm: 0.73 | dt: 1991.49ms | tok/sec: 526,529 | bf16_mfu: 47.36 | epoch: 1 | total time: 99.90m | eta: 57.8m
step 02764/04357 (63.44%) | loss: 2.742747 | lrm: 0.73 | dt: 1996.13ms | tok/sec: 525,304 | bf16_mfu: 47.25 | epoch: 1 | total time: 99.93m | eta: 57.8m
step 02765/04357 (63.46%) | loss: 2.748610 | lrm: 0.73 | dt: 1997.60ms | tok/sec: 524,918 | bf16_mfu: 47.21 | epoch: 1 | total time: 99.96m | eta: 57.8m
step 02766/04357 (63.48%) | loss: 2.767026 | lrm: 0.73 | dt: 1997.99ms | tok/sec: 524,815 | bf16_mfu: 47.20 | epoch: 1 | total time: 100.00m | eta: 57.7m
step 02767/04357 (63.51%) | loss: 2.757470 | lrm: 0.73 | dt: 2000.08ms | tok/sec: 524,267 | bf16_mfu: 47.16 | epoch: 1 | total time: 100.03m | eta: 57.7m
step 02768/04357 (63.53%) | loss: 2.746634 | lrm: 0.73 | dt: 1998.19ms | tok/sec: 524,762 | bf16_mfu: 47.20 | epoch: 1 | total time: 100.06m | eta: 57.7m
step 02769/04357 (63.55%) | loss: 2.759081 | lrm: 0.73 | dt: 2005.18ms | tok/sec: 522,934 | bf16_mfu: 47.04 | epoch: 1 | total time: 100.10m | eta: 57.6m
step 02770/04357 (63.58%) | loss: 2.773603 | lrm: 0.73 | dt: 2009.69ms | tok/sec: 521,760 | bf16_mfu: 46.93 | epoch: 1 | total time: 100.13m | eta: 57.6m
step 02771/04357 (63.60%) | loss: 2.769192 | lrm: 0.73 | dt: 2024.17ms | tok/sec: 518,026 | bf16_mfu: 46.59 | epoch: 1 | total time: 100.16m | eta: 57.5m
step 02772/04357 (63.62%) | loss: 2.766401 | lrm: 0.73 | dt: 2006.16ms | tok/sec: 522,678 | bf16_mfu: 47.01 | epoch: 1 | total time: 100.20m | eta: 57.5m
step 02773/04357 (63.64%) | loss: 2.766449 | lrm: 0.73 | dt: 2006.55ms | tok/sec: 522,577 | bf16_mfu: 47.00 | epoch: 1 | total time: 100.23m | eta: 57.5m
step 02774/04357 (63.67%) | loss: 2.751364 | lrm: 0.73 | dt: 2011.15ms | tok/sec: 521,382 | bf16_mfu: 46.90 | epoch: 1 | total time: 100.26m | eta: 57.4m
step 02775/04357 (63.69%) | loss: 2.749410 | lrm: 0.73 | dt: 2009.54ms | tok/sec: 521,798 | bf16_mfu: 46.93 | epoch: 1 | total time: 100.30m | eta: 57.4m
step 02776/04357 (63.71%) | loss: 2.746926 | lrm: 0.73 | dt: 2006.20ms | tok/sec: 522,667 | bf16_mfu: 47.01 | epoch: 1 | total time: 100.33m | eta: 57.3m
step 02777/04357 (63.74%) | loss: 2.743618 | lrm: 0.73 | dt: 2010.90ms | tok/sec: 521,445 | bf16_mfu: 46.90 | epoch: 1 | total time: 100.36m | eta: 57.3m
step 02778/04357 (63.76%) | loss: 2.742710 | lrm: 0.72 | dt: 2014.67ms | tok/sec: 520,469 | bf16_mfu: 46.81 | epoch: 1 | total time: 100.40m | eta: 57.3m
step 02779/04357 (63.78%) | loss: 2.752150 | lrm: 0.72 | dt: 2030.37ms | tok/sec: 516,445 | bf16_mfu: 46.45 | epoch: 1 | total time: 100.43m | eta: 57.2m
step 02780/04357 (63.81%) | loss: 2.754031 | lrm: 0.72 | dt: 2014.91ms | tok/sec: 520,408 | bf16_mfu: 46.81 | epoch: 1 | total time: 100.47m | eta: 57.2m
step 02781/04357 (63.83%) | loss: 2.755740 | lrm: 0.72 | dt: 2014.11ms | tok/sec: 520,614 | bf16_mfu: 46.83 | epoch: 1 | total time: 100.50m | eta: 57.2m
step 02782/04357 (63.85%) | loss: 2.776760 | lrm: 0.72 | dt: 2018.19ms | tok/sec: 519,562 | bf16_mfu: 46.73 | epoch: 1 | total time: 100.53m | eta: 57.1m
step 02783/04357 (63.87%) | loss: 2.770453 | lrm: 0.72 | dt: 2014.17ms | tok/sec: 520,599 | bf16_mfu: 46.83 | epoch: 1 | total time: 100.57m | eta: 57.1m
step 02784/04357 (63.90%) | loss: 2.754842 | lrm: 0.72 | dt: 2016.61ms | tok/sec: 519,968 | bf16_mfu: 46.77 | epoch: 1 | total time: 100.60m | eta: 57.0m
step 02785/04357 (63.92%) | loss: 2.753712 | lrm: 0.72 | dt: 2018.47ms | tok/sec: 519,490 | bf16_mfu: 46.73 | epoch: 1 | total time: 100.63m | eta: 57.0m
step 02786/04357 (63.94%) | loss: 2.747653 | lrm: 0.72 | dt: 2017.93ms | tok/sec: 519,629 | bf16_mfu: 46.74 | epoch: 1 | total time: 100.67m | eta: 57.0m
step 02787/04357 (63.97%) | loss: 2.766364 | lrm: 0.72 | dt: 2018.69ms | tok/sec: 519,434 | bf16_mfu: 46.72 | epoch: 1 | total time: 100.70m | eta: 56.9m
step 02788/04357 (63.99%) | loss: 2.762607 | lrm: 0.72 | dt: 2017.04ms | tok/sec: 519,858 | bf16_mfu: 46.76 | epoch: 1 | total time: 100.73m | eta: 56.9m
step 02789/04357 (64.01%) | loss: 2.755499 | lrm: 0.72 | dt: 2022.06ms | tok/sec: 518,567 | bf16_mfu: 46.64 | epoch: 1 | total time: 100.77m | eta: 56.9m
step 02790/04357 (64.03%) | loss: 2.747517 | lrm: 0.72 | dt: 2022.37ms | tok/sec: 518,488 | bf16_mfu: 46.64 | epoch: 1 | total time: 100.80m | eta: 56.8m
step 02791/04357 (64.06%) | loss: 2.762407 | lrm: 0.72 | dt: 2021.57ms | tok/sec: 518,692 | bf16_mfu: 46.65 | epoch: 1 | total time: 100.84m | eta: 56.8m
step 02792/04357 (64.08%) | loss: 2.754666 | lrm: 0.72 | dt: 2020.02ms | tok/sec: 519,092 | bf16_mfu: 46.69 | epoch: 1 | total time: 100.87m | eta: 56.7m
step 02793/04357 (64.10%) | loss: 2.744063 | lrm: 0.72 | dt: 2024.06ms | tok/sec: 518,057 | bf16_mfu: 46.60 | epoch: 1 | total time: 100.90m | eta: 56.7m
step 02794/04357 (64.13%) | loss: 2.748592 | lrm: 0.72 | dt: 2021.23ms | tok/sec: 518,781 | bf16_mfu: 46.66 | epoch: 1 | total time: 100.94m | eta: 56.7m
step 02795/04357 (64.15%) | loss: 2.770019 | lrm: 0.72 | dt: 2024.18ms | tok/sec: 518,025 | bf16_mfu: 46.59 | epoch: 1 | total time: 100.97m | eta: 56.6m
step 02796/04357 (64.17%) | loss: 2.772383 | lrm: 0.72 | dt: 2021.72ms | tok/sec: 518,654 | bf16_mfu: 46.65 | epoch: 1 | total time: 101.00m | eta: 56.6m
step 02797/04357 (64.20%) | loss: 2.771769 | lrm: 0.72 | dt: 2023.06ms | tok/sec: 518,310 | bf16_mfu: 46.62 | epoch: 1 | total time: 101.04m | eta: 56.6m
step 02798/04357 (64.22%) | loss: 2.771051 | lrm: 0.72 | dt: 2024.54ms | tok/sec: 517,934 | bf16_mfu: 46.59 | epoch: 1 | total time: 101.07m | eta: 56.5m
step 02799/04357 (64.24%) | loss: 2.772591 | lrm: 0.72 | dt: 2023.01ms | tok/sec: 518,325 | bf16_mfu: 46.62 | epoch: 1 | total time: 101.11m | eta: 56.5m
step 02800/04357 (64.26%) | loss: 2.768226 | lrm: 0.71 | dt: 2023.46ms | tok/sec: 518,210 | bf16_mfu: 46.61 | epoch: 1 | total time: 101.14m | eta: 56.4m
step 02801/04357 (64.29%) | loss: 2.770462 | lrm: 0.71 | dt: 2023.63ms | tok/sec: 518,165 | bf16_mfu: 46.61 | epoch: 1 | total time: 101.17m | eta: 56.4m
step 02802/04357 (64.31%) | loss: 2.775151 | lrm: 0.71 | dt: 2026.10ms | tok/sec: 517,532 | bf16_mfu: 46.55 | epoch: 1 | total time: 101.21m | eta: 56.4m
step 02803/04357 (64.33%) | loss: 2.767608 | lrm: 0.71 | dt: 2025.20ms | tok/sec: 517,764 | bf16_mfu: 46.57 | epoch: 1 | total time: 101.24m | eta: 56.3m
step 02804/04357 (64.36%) | loss: 2.775748 | lrm: 0.71 | dt: 2033.30ms | tok/sec: 515,702 | bf16_mfu: 46.39 | epoch: 1 | total time: 101.27m | eta: 56.3m
step 02805/04357 (64.38%) | loss: 2.762310 | lrm: 0.71 | dt: 2025.44ms | tok/sec: 517,702 | bf16_mfu: 46.57 | epoch: 1 | total time: 101.31m | eta: 56.3m
step 02806/04357 (64.40%) | loss: 2.762690 | lrm: 0.71 | dt: 2022.00ms | tok/sec: 518,583 | bf16_mfu: 46.64 | epoch: 1 | total time: 101.34m | eta: 56.2m
step 02807/04357 (64.43%) | loss: 2.772440 | lrm: 0.71 | dt: 2029.55ms | tok/sec: 516,654 | bf16_mfu: 46.47 | epoch: 1 | total time: 101.38m | eta: 56.2m
step 02808/04357 (64.45%) | loss: 2.773631 | lrm: 0.71 | dt: 2028.32ms | tok/sec: 516,967 | bf16_mfu: 46.50 | epoch: 1 | total time: 101.41m | eta: 56.1m
step 02809/04357 (64.47%) | loss: 2.763399 | lrm: 0.71 | dt: 2026.59ms | tok/sec: 517,409 | bf16_mfu: 46.54 | epoch: 1 | total time: 101.44m | eta: 56.1m
step 02810/04357 (64.49%) | loss: 2.761873 | lrm: 0.71 | dt: 2034.59ms | tok/sec: 515,375 | bf16_mfu: 46.36 | epoch: 1 | total time: 101.48m | eta: 56.1m
step 02811/04357 (64.52%) | loss: 2.763583 | lrm: 0.71 | dt: 2029.70ms | tok/sec: 516,615 | bf16_mfu: 46.47 | epoch: 1 | total time: 101.51m | eta: 56.0m
step 02812/04357 (64.54%) | loss: 2.749290 | lrm: 0.71 | dt: 2029.34ms | tok/sec: 516,708 | bf16_mfu: 46.48 | epoch: 1 | total time: 101.54m | eta: 56.0m
step 02813/04357 (64.56%) | loss: 2.737763 | lrm: 0.71 | dt: 2026.84ms | tok/sec: 517,345 | bf16_mfu: 46.53 | epoch: 1 | total time: 101.58m | eta: 56.0m
step 02814/04357 (64.59%) | loss: 2.739895 | lrm: 0.71 | dt: 2034.18ms | tok/sec: 515,478 | bf16_mfu: 46.37 | epoch: 1 | total time: 101.61m | eta: 55.9m
step 02815/04357 (64.61%) | loss: 2.764576 | lrm: 0.71 | dt: 2030.17ms | tok/sec: 516,495 | bf16_mfu: 46.46 | epoch: 1 | total time: 101.65m | eta: 55.9m
step 02816/04357 (64.63%) | loss: 2.771101 | lrm: 0.71 | dt: 2029.71ms | tok/sec: 516,614 | bf16_mfu: 46.47 | epoch: 1 | total time: 101.68m | eta: 55.8m
step 02817/04357 (64.65%) | loss: 2.779820 | lrm: 0.71 | dt: 2036.09ms | tok/sec: 514,993 | bf16_mfu: 46.32 | epoch: 1 | total time: 101.71m | eta: 55.8m
step 02818/04357 (64.68%) | loss: 2.777912 | lrm: 0.71 | dt: 2032.05ms | tok/sec: 516,017 | bf16_mfu: 46.41 | epoch: 1 | total time: 101.75m | eta: 55.8m
step 02819/04357 (64.70%) | loss: 2.761498 | lrm: 0.71 | dt: 2028.94ms | tok/sec: 516,810 | bf16_mfu: 46.48 | epoch: 1 | total time: 101.78m | eta: 55.7m
step 02820/04357 (64.72%) | loss: 2.766772 | lrm: 0.71 | dt: 2031.31ms | tok/sec: 516,207 | bf16_mfu: 46.43 | epoch: 1 | total time: 101.82m | eta: 55.7m
step 02821/04357 (64.75%) | loss: 2.765768 | lrm: 0.71 | dt: 2033.51ms | tok/sec: 515,649 | bf16_mfu: 46.38 | epoch: 1 | total time: 101.85m | eta: 55.7m
step 02822/04357 (64.77%) | loss: 2.770945 | lrm: 0.70 | dt: 2030.62ms | tok/sec: 516,382 | bf16_mfu: 46.45 | epoch: 1 | total time: 101.88m | eta: 55.6m
step 02823/04357 (64.79%) | loss: 2.764792 | lrm: 0.70 | dt: 2030.48ms | tok/sec: 516,417 | bf16_mfu: 46.45 | epoch: 1 | total time: 101.92m | eta: 55.6m
step 02824/04357 (64.82%) | loss: 2.769920 | lrm: 0.70 | dt: 2030.27ms | tok/sec: 516,472 | bf16_mfu: 46.45 | epoch: 1 | total time: 101.95m | eta: 55.5m
step 02825/04357 (64.84%) | loss: 2.758006 | lrm: 0.70 | dt: 2028.69ms | tok/sec: 516,874 | bf16_mfu: 46.49 | epoch: 1 | total time: 101.98m | eta: 55.5m
step 02826/04357 (64.86%) | loss: 2.748247 | lrm: 0.70 | dt: 2032.50ms | tok/sec: 515,905 | bf16_mfu: 46.40 | epoch: 1 | total time: 102.02m | eta: 55.5m
step 02827/04357 (64.88%) | loss: 2.744897 | lrm: 0.70 | dt: 2042.91ms | tok/sec: 513,276 | bf16_mfu: 46.17 | epoch: 1 | total time: 102.05m | eta: 55.4m
step 02828/04357 (64.91%) | loss: 2.746600 | lrm: 0.70 | dt: 2030.74ms | tok/sec: 516,351 | bf16_mfu: 46.44 | epoch: 1 | total time: 102.09m | eta: 55.4m
step 02829/04357 (64.93%) | loss: 2.740160 | lrm: 0.70 | dt: 2047.95ms | tok/sec: 512,012 | bf16_mfu: 46.05 | epoch: 1 | total time: 102.12m | eta: 55.4m
step 02830/04357 (64.95%) | loss: 2.741731 | lrm: 0.70 | dt: 2032.54ms | tok/sec: 515,894 | bf16_mfu: 46.40 | epoch: 1 | total time: 102.15m | eta: 55.3m
step 02831/04357 (64.98%) | loss: 2.744925 | lrm: 0.70 | dt: 2032.58ms | tok/sec: 515,884 | bf16_mfu: 46.40 | epoch: 1 | total time: 102.19m | eta: 55.3m
step 02832/04357 (65.00%) | loss: 2.747818 | lrm: 0.70 | dt: 2031.07ms | tok/sec: 516,268 | bf16_mfu: 46.44 | epoch: 1 | total time: 102.22m | eta: 55.2m
step 02833/04357 (65.02%) | loss: 2.756317 | lrm: 0.70 | dt: 2032.20ms | tok/sec: 515,981 | bf16_mfu: 46.41 | epoch: 1 | total time: 102.26m | eta: 55.2m
step 02834/04357 (65.04%) | loss: 2.759521 | lrm: 0.70 | dt: 2030.71ms | tok/sec: 516,358 | bf16_mfu: 46.44 | epoch: 1 | total time: 102.29m | eta: 55.2m
step 02835/04357 (65.07%) | loss: 2.764607 | lrm: 0.70 | dt: 2033.70ms | tok/sec: 515,601 | bf16_mfu: 46.38 | epoch: 1 | total time: 102.32m | eta: 55.1m
step 02836/04357 (65.09%) | loss: 2.757303 | lrm: 0.70 | dt: 2025.25ms | tok/sec: 517,752 | bf16_mfu: 46.57 | epoch: 1 | total time: 102.36m | eta: 55.1m
step 02837/04357 (65.11%) | loss: 2.760676 | lrm: 0.70 | dt: 2032.53ms | tok/sec: 515,896 | bf16_mfu: 46.40 | epoch: 1 | total time: 102.39m | eta: 55.1m
step 02838/04357 (65.14%) | loss: 2.758675 | lrm: 0.70 | dt: 2034.35ms | tok/sec: 515,435 | bf16_mfu: 46.36 | epoch: 1 | total time: 102.43m | eta: 55.0m
step 02839/04357 (65.16%) | loss: 2.762602 | lrm: 0.70 | dt: 2028.05ms | tok/sec: 517,037 | bf16_mfu: 46.51 | epoch: 1 | total time: 102.46m | eta: 55.0m
step 02840/04357 (65.18%) | loss: 2.751088 | lrm: 0.70 | dt: 2031.98ms | tok/sec: 516,035 | bf16_mfu: 46.42 | epoch: 1 | total time: 102.49m | eta: 54.9m
step 02841/04357 (65.21%) | loss: 2.758034 | lrm: 0.70 | dt: 2033.78ms | tok/sec: 515,578 | bf16_mfu: 46.37 | epoch: 1 | total time: 102.53m | eta: 54.9m
step 02842/04357 (65.23%) | loss: 2.756671 | lrm: 0.70 | dt: 2031.46ms | tok/sec: 516,168 | bf16_mfu: 46.43 | epoch: 1 | total time: 102.56m | eta: 54.9m
step 02843/04357 (65.25%) | loss: 2.773152 | lrm: 0.70 | dt: 2031.15ms | tok/sec: 516,246 | bf16_mfu: 46.43 | epoch: 1 | total time: 102.59m | eta: 54.8m
step 02844/04357 (65.27%) | loss: 2.777540 | lrm: 0.69 | dt: 2032.04ms | tok/sec: 516,021 | bf16_mfu: 46.41 | epoch: 1 | total time: 102.63m | eta: 54.8m
step 02845/04357 (65.30%) | loss: 2.783710 | lrm: 0.69 | dt: 2031.46ms | tok/sec: 516,169 | bf16_mfu: 46.43 | epoch: 1 | total time: 102.66m | eta: 54.8m
step 02846/04357 (65.32%) | loss: 2.781795 | lrm: 0.69 | dt: 2032.46ms | tok/sec: 515,915 | bf16_mfu: 46.40 | epoch: 1 | total time: 102.70m | eta: 54.7m
step 02847/04357 (65.34%) | loss: 2.784209 | lrm: 0.69 | dt: 2026.62ms | tok/sec: 517,402 | bf16_mfu: 46.54 | epoch: 1 | total time: 102.73m | eta: 54.7m
step 02848/04357 (65.37%) | loss: 2.779796 | lrm: 0.69 | dt: 2035.06ms | tok/sec: 515,255 | bf16_mfu: 46.35 | epoch: 1 | total time: 102.76m | eta: 54.6m
step 02849/04357 (65.39%) | loss: 2.775245 | lrm: 0.69 | dt: 2033.05ms | tok/sec: 515,765 | bf16_mfu: 46.39 | epoch: 1 | total time: 102.80m | eta: 54.6m
step 02850/04357 (65.41%) | loss: 2.779709 | lrm: 0.69 | dt: 2036.91ms | tok/sec: 514,788 | bf16_mfu: 46.30 | epoch: 1 | total time: 102.83m | eta: 54.6m
step 02851/04357 (65.43%) | loss: 2.779943 | lrm: 0.69 | dt: 2029.47ms | tok/sec: 516,675 | bf16_mfu: 46.47 | epoch: 1 | total time: 102.87m | eta: 54.5m
step 02852/04357 (65.46%) | loss: 2.779215 | lrm: 0.69 | dt: 2037.77ms | tok/sec: 514,569 | bf16_mfu: 46.28 | epoch: 1 | total time: 102.90m | eta: 54.5m
step 02853/04357 (65.48%) | loss: 2.781858 | lrm: 0.69 | dt: 2037.92ms | tok/sec: 514,531 | bf16_mfu: 46.28 | epoch: 1 | total time: 102.93m | eta: 54.5m
step 02854/04357 (65.50%) | loss: 2.769105 | lrm: 0.69 | dt: 2035.25ms | tok/sec: 515,206 | bf16_mfu: 46.34 | epoch: 1 | total time: 102.97m | eta: 54.4m
step 02855/04357 (65.53%) | loss: 2.765627 | lrm: 0.69 | dt: 2028.80ms | tok/sec: 516,846 | bf16_mfu: 46.49 | epoch: 1 | total time: 103.00m | eta: 54.4m
step 02856/04357 (65.55%) | loss: 2.771318 | lrm: 0.69 | dt: 2031.02ms | tok/sec: 516,280 | bf16_mfu: 46.44 | epoch: 1 | total time: 103.03m | eta: 54.3m
step 02857/04357 (65.57%) | loss: 2.760580 | lrm: 0.69 | dt: 2031.99ms | tok/sec: 516,035 | bf16_mfu: 46.42 | epoch: 1 | total time: 103.07m | eta: 54.3m
step 02858/04357 (65.60%) | loss: 2.758626 | lrm: 0.69 | dt: 2033.85ms | tok/sec: 515,560 | bf16_mfu: 46.37 | epoch: 1 | total time: 103.10m | eta: 54.3m
step 02859/04357 (65.62%) | loss: 2.749416 | lrm: 0.69 | dt: 2041.67ms | tok/sec: 513,586 | bf16_mfu: 46.19 | epoch: 1 | total time: 103.14m | eta: 54.2m
step 02860/04357 (65.64%) | loss: 2.759829 | lrm: 0.69 | dt: 2037.08ms | tok/sec: 514,743 | bf16_mfu: 46.30 | epoch: 1 | total time: 103.17m | eta: 54.2m
step 02861/04357 (65.66%) | loss: 2.767952 | lrm: 0.69 | dt: 2032.57ms | tok/sec: 515,886 | bf16_mfu: 46.40 | epoch: 1 | total time: 103.20m | eta: 54.2m
step 02862/04357 (65.69%) | loss: 2.770066 | lrm: 0.69 | dt: 2033.73ms | tok/sec: 515,592 | bf16_mfu: 46.38 | epoch: 1 | total time: 103.24m | eta: 54.1m
step 02863/04357 (65.71%) | loss: 2.776176 | lrm: 0.69 | dt: 2034.61ms | tok/sec: 515,369 | bf16_mfu: 46.36 | epoch: 1 | total time: 103.27m | eta: 54.1m
step 02864/04357 (65.73%) | loss: 2.764420 | lrm: 0.69 | dt: 2030.80ms | tok/sec: 516,336 | bf16_mfu: 46.44 | epoch: 1 | total time: 103.31m | eta: 54.0m
step 02865/04357 (65.76%) | loss: 2.771554 | lrm: 0.69 | dt: 2036.88ms | tok/sec: 514,794 | bf16_mfu: 46.30 | epoch: 1 | total time: 103.34m | eta: 54.0m
step 02866/04357 (65.78%) | loss: 2.774142 | lrm: 0.68 | dt: 2030.70ms | tok/sec: 516,362 | bf16_mfu: 46.44 | epoch: 1 | total time: 103.37m | eta: 54.0m
step 02867/04357 (65.80%) | loss: 2.790274 | lrm: 0.68 | dt: 2047.86ms | tok/sec: 512,034 | bf16_mfu: 46.06 | epoch: 1 | total time: 103.41m | eta: 53.9m
step 02868/04357 (65.83%) | loss: 2.784333 | lrm: 0.68 | dt: 2033.70ms | tok/sec: 515,599 | bf16_mfu: 46.38 | epoch: 1 | total time: 103.44m | eta: 53.9m
step 02869/04357 (65.85%) | loss: 2.772098 | lrm: 0.68 | dt: 2033.58ms | tok/sec: 515,629 | bf16_mfu: 46.38 | epoch: 1 | total time: 103.48m | eta: 53.9m
step 02870/04357 (65.87%) | loss: 2.776663 | lrm: 0.68 | dt: 2033.66ms | tok/sec: 515,609 | bf16_mfu: 46.38 | epoch: 1 | total time: 103.51m | eta: 53.8m
step 02871/04357 (65.89%) | loss: 2.777972 | lrm: 0.68 | dt: 2031.69ms | tok/sec: 516,109 | bf16_mfu: 46.42 | epoch: 1 | total time: 103.54m | eta: 53.8m
step 02872/04357 (65.92%) | loss: 2.776393 | lrm: 0.68 | dt: 2033.82ms | tok/sec: 515,569 | bf16_mfu: 46.37 | epoch: 1 | total time: 103.58m | eta: 53.7m
step 02873/04357 (65.94%) | loss: 2.772981 | lrm: 0.68 | dt: 2034.18ms | tok/sec: 515,478 | bf16_mfu: 46.37 | epoch: 1 | total time: 103.61m | eta: 53.7m
step 02874/04357 (65.96%) | loss: 2.757555 | lrm: 0.68 | dt: 2029.73ms | tok/sec: 516,608 | bf16_mfu: 46.47 | epoch: 1 | total time: 103.65m | eta: 53.7m
step 02875/04357 (65.99%) | loss: 2.773918 | lrm: 0.68 | dt: 2032.80ms | tok/sec: 515,827 | bf16_mfu: 46.40 | epoch: 1 | total time: 103.68m | eta: 53.6m
step 02876/04357 (66.01%) | loss: 2.772842 | lrm: 0.68 | dt: 2039.26ms | tok/sec: 514,193 | bf16_mfu: 46.25 | epoch: 1 | total time: 103.71m | eta: 53.6m
step 02877/04357 (66.03%) | loss: 2.771971 | lrm: 0.68 | dt: 2035.43ms | tok/sec: 515,160 | bf16_mfu: 46.34 | epoch: 1 | total time: 103.75m | eta: 53.6m
step 02878/04357 (66.05%) | loss: 2.777928 | lrm: 0.68 | dt: 2035.07ms | tok/sec: 515,254 | bf16_mfu: 46.34 | epoch: 1 | total time: 103.78m | eta: 53.5m
step 02879/04357 (66.08%) | loss: 2.781759 | lrm: 0.68 | dt: 2034.12ms | tok/sec: 515,492 | bf16_mfu: 46.37 | epoch: 1 | total time: 103.81m | eta: 53.5m
step 02880/04357 (66.10%) | loss: 2.795802 | lrm: 0.68 | dt: 2038.46ms | tok/sec: 514,396 | bf16_mfu: 46.27 | epoch: 1 | total time: 103.85m | eta: 53.4m
step 02881/04357 (66.12%) | loss: 2.787678 | lrm: 0.68 | dt: 2031.82ms | tok/sec: 516,077 | bf16_mfu: 46.42 | epoch: 1 | total time: 103.88m | eta: 53.4m
step 02882/04357 (66.15%) | loss: 2.807906 | lrm: 0.68 | dt: 2037.18ms | tok/sec: 514,719 | bf16_mfu: 46.30 | epoch: 1 | total time: 103.92m | eta: 53.4m
step 02883/04357 (66.17%) | loss: 2.794376 | lrm: 0.68 | dt: 2037.10ms | tok/sec: 514,738 | bf16_mfu: 46.30 | epoch: 1 | total time: 103.95m | eta: 53.3m
step 02884/04357 (66.19%) | loss: 2.798756 | lrm: 0.68 | dt: 2031.71ms | tok/sec: 516,105 | bf16_mfu: 46.42 | epoch: 1 | total time: 103.98m | eta: 53.3m
step 02885/04357 (66.22%) | loss: 2.797248 | lrm: 0.68 | dt: 2037.16ms | tok/sec: 514,725 | bf16_mfu: 46.30 | epoch: 1 | total time: 104.02m | eta: 53.3m
step 02886/04357 (66.24%) | loss: 2.801448 | lrm: 0.68 | dt: 2037.47ms | tok/sec: 514,644 | bf16_mfu: 46.29 | epoch: 1 | total time: 104.05m | eta: 53.2m
step 02887/04357 (66.26%) | loss: 2.782725 | lrm: 0.67 | dt: 2038.29ms | tok/sec: 514,438 | bf16_mfu: 46.27 | epoch: 1 | total time: 104.09m | eta: 53.2m
step 02888/04357 (66.28%) | loss: 2.774064 | lrm: 0.67 | dt: 2035.50ms | tok/sec: 515,143 | bf16_mfu: 46.33 | epoch: 1 | total time: 104.12m | eta: 53.1m
step 02889/04357 (66.31%) | loss: 2.783816 | lrm: 0.67 | dt: 2039.69ms | tok/sec: 514,085 | bf16_mfu: 46.24 | epoch: 1 | total time: 104.15m | eta: 53.1m
step 02890/04357 (66.33%) | loss: 2.782630 | lrm: 0.67 | dt: 2037.58ms | tok/sec: 514,617 | bf16_mfu: 46.29 | epoch: 1 | total time: 104.19m | eta: 53.1m
step 02891/04357 (66.35%) | loss: 2.770215 | lrm: 0.67 | dt: 2034.25ms | tok/sec: 515,461 | bf16_mfu: 46.36 | epoch: 1 | total time: 104.22m | eta: 53.0m
step 02892/04357 (66.38%) | loss: 2.771638 | lrm: 0.67 | dt: 2036.54ms | tok/sec: 514,881 | bf16_mfu: 46.31 | epoch: 1 | total time: 104.26m | eta: 53.0m
step 02893/04357 (66.40%) | loss: 2.786483 | lrm: 0.67 | dt: 2033.33ms | tok/sec: 515,694 | bf16_mfu: 46.38 | epoch: 1 | total time: 104.29m | eta: 53.0m
step 02894/04357 (66.42%) | loss: 2.775393 | lrm: 0.67 | dt: 2033.73ms | tok/sec: 515,593 | bf16_mfu: 46.38 | epoch: 1 | total time: 104.32m | eta: 52.9m
step 02895/04357 (66.44%) | loss: 2.779185 | lrm: 0.67 | dt: 2033.75ms | tok/sec: 515,588 | bf16_mfu: 46.37 | epoch: 1 | total time: 104.36m | eta: 52.9m
step 02896/04357 (66.47%) | loss: 2.761739 | lrm: 0.67 | dt: 2030.78ms | tok/sec: 516,340 | bf16_mfu: 46.44 | epoch: 1 | total time: 104.39m | eta: 52.8m
step 02897/04357 (66.49%) | loss: 2.754088 | lrm: 0.67 | dt: 2036.68ms | tok/sec: 514,844 | bf16_mfu: 46.31 | epoch: 1 | total time: 104.43m | eta: 52.8m
step 02898/04357 (66.51%) | loss: 2.750769 | lrm: 0.67 | dt: 2036.70ms | tok/sec: 514,841 | bf16_mfu: 46.31 | epoch: 1 | total time: 104.46m | eta: 52.8m
step 02899/04357 (66.54%) | loss: 2.738480 | lrm: 0.67 | dt: 2034.68ms | tok/sec: 515,351 | bf16_mfu: 46.35 | epoch: 1 | total time: 104.49m | eta: 52.7m
step 02900/04357 (66.56%) | loss: 2.750993 | lrm: 0.67 | dt: 2034.47ms | tok/sec: 515,404 | bf16_mfu: 46.36 | epoch: 1 | total time: 104.53m | eta: 52.7m
step 02901/04357 (66.58%) | loss: 2.753412 | lrm: 0.67 | dt: 2034.95ms | tok/sec: 515,282 | bf16_mfu: 46.35 | epoch: 1 | total time: 104.56m | eta: 52.7m
step 02902/04357 (66.61%) | loss: 2.747242 | lrm: 0.67 | dt: 2031.98ms | tok/sec: 516,036 | bf16_mfu: 46.42 | epoch: 1 | total time: 104.60m | eta: 52.6m
step 02903/04357 (66.63%) | loss: 2.738809 | lrm: 0.67 | dt: 2037.45ms | tok/sec: 514,649 | bf16_mfu: 46.29 | epoch: 1 | total time: 104.63m | eta: 52.6m
step 02904/04357 (66.65%) | loss: 2.748994 | lrm: 0.67 | dt: 2034.36ms | tok/sec: 515,433 | bf16_mfu: 46.36 | epoch: 1 | total time: 104.66m | eta: 52.5m
step 02905/04357 (66.67%) | loss: 2.752622 | lrm: 0.67 | dt: 2034.22ms | tok/sec: 515,469 | bf16_mfu: 46.36 | epoch: 1 | total time: 104.70m | eta: 52.5m
step 02906/04357 (66.70%) | loss: 2.741231 | lrm: 0.67 | dt: 2035.36ms | tok/sec: 515,180 | bf16_mfu: 46.34 | epoch: 1 | total time: 104.73m | eta: 52.5m
step 02907/04357 (66.72%) | loss: 2.736633 | lrm: 0.67 | dt: 2029.92ms | tok/sec: 516,559 | bf16_mfu: 46.46 | epoch: 1 | total time: 104.76m | eta: 52.4m
step 02908/04357 (66.74%) | loss: 2.741991 | lrm: 0.67 | dt: 2035.11ms | tok/sec: 515,242 | bf16_mfu: 46.34 | epoch: 1 | total time: 104.80m | eta: 52.4m
step 02909/04357 (66.77%) | loss: 2.733235 | lrm: 0.66 | dt: 2034.99ms | tok/sec: 515,273 | bf16_mfu: 46.35 | epoch: 1 | total time: 104.83m | eta: 52.4m
step 02910/04357 (66.79%) | loss: 2.738521 | lrm: 0.66 | dt: 2033.07ms | tok/sec: 515,758 | bf16_mfu: 46.39 | epoch: 1 | total time: 104.87m | eta: 52.3m
step 02911/04357 (66.81%) | loss: 2.737656 | lrm: 0.66 | dt: 2039.00ms | tok/sec: 514,260 | bf16_mfu: 46.26 | epoch: 1 | total time: 104.90m | eta: 52.3m
step 02912/04357 (66.83%) | loss: 2.742171 | lrm: 0.66 | dt: 2040.13ms | tok/sec: 513,975 | bf16_mfu: 46.23 | epoch: 1 | total time: 104.93m | eta: 52.3m
step 02913/04357 (66.86%) | loss: 2.732612 | lrm: 0.66 | dt: 2034.78ms | tok/sec: 515,327 | bf16_mfu: 46.35 | epoch: 1 | total time: 104.97m | eta: 52.2m
step 02914/04357 (66.88%) | loss: 2.747865 | lrm: 0.66 | dt: 2029.14ms | tok/sec: 516,759 | bf16_mfu: 46.48 | epoch: 1 | total time: 105.00m | eta: 52.2m
step 02915/04357 (66.90%) | loss: 2.745325 | lrm: 0.66 | dt: 2035.78ms | tok/sec: 515,072 | bf16_mfu: 46.33 | epoch: 1 | total time: 105.04m | eta: 52.1m
step 02916/04357 (66.93%) | loss: 2.741327 | lrm: 0.66 | dt: 2037.37ms | tok/sec: 514,670 | bf16_mfu: 46.29 | epoch: 1 | total time: 105.07m | eta: 52.1m
step 02917/04357 (66.95%) | loss: 2.736245 | lrm: 0.66 | dt: 2038.93ms | tok/sec: 514,277 | bf16_mfu: 46.26 | epoch: 1 | total time: 105.10m | eta: 52.1m
step 02918/04357 (66.97%) | loss: 2.737370 | lrm: 0.66 | dt: 2038.47ms | tok/sec: 514,394 | bf16_mfu: 46.27 | epoch: 1 | total time: 105.14m | eta: 52.0m
step 02919/04357 (67.00%) | loss: 2.738618 | lrm: 0.66 | dt: 2036.31ms | tok/sec: 514,939 | bf16_mfu: 46.32 | epoch: 1 | total time: 105.17m | eta: 52.0m
step 02920/04357 (67.02%) | loss: 2.739847 | lrm: 0.66 | dt: 2034.88ms | tok/sec: 515,301 | bf16_mfu: 46.35 | epoch: 1 | total time: 105.21m | eta: 52.0m
step 02921/04357 (67.04%) | loss: 2.751789 | lrm: 0.66 | dt: 2037.39ms | tok/sec: 514,665 | bf16_mfu: 46.29 | epoch: 1 | total time: 105.24m | eta: 51.9m
step 02922/04357 (67.06%) | loss: 2.748953 | lrm: 0.66 | dt: 2031.36ms | tok/sec: 516,195 | bf16_mfu: 46.43 | epoch: 1 | total time: 105.27m | eta: 51.9m
step 02923/04357 (67.09%) | loss: 2.756399 | lrm: 0.66 | dt: 2032.57ms | tok/sec: 515,887 | bf16_mfu: 46.40 | epoch: 1 | total time: 105.31m | eta: 51.8m
step 02924/04357 (67.11%) | loss: 2.761897 | lrm: 0.66 | dt: 2031.99ms | tok/sec: 516,034 | bf16_mfu: 46.42 | epoch: 1 | total time: 105.34m | eta: 51.8m
step 02925/04357 (67.13%) | loss: 2.757682 | lrm: 0.66 | dt: 2039.32ms | tok/sec: 514,178 | bf16_mfu: 46.25 | epoch: 1 | total time: 105.38m | eta: 51.8m
step 02926/04357 (67.16%) | loss: 2.771533 | lrm: 0.66 | dt: 2030.47ms | tok/sec: 516,420 | bf16_mfu: 46.45 | epoch: 1 | total time: 105.41m | eta: 51.7m
step 02927/04357 (67.18%) | loss: 2.764466 | lrm: 0.66 | dt: 2025.73ms | tok/sec: 517,629 | bf16_mfu: 46.56 | epoch: 1 | total time: 105.44m | eta: 51.7m
step 02928/04357 (67.20%) | loss: 2.763083 | lrm: 0.66 | dt: 2032.40ms | tok/sec: 515,930 | bf16_mfu: 46.41 | epoch: 1 | total time: 105.48m | eta: 51.7m
step 02929/04357 (67.23%) | loss: 2.766428 | lrm: 0.66 | dt: 2030.90ms | tok/sec: 516,309 | bf16_mfu: 46.44 | epoch: 1 | total time: 105.51m | eta: 51.6m
step 02930/04357 (67.25%) | loss: 2.765188 | lrm: 0.66 | dt: 2031.05ms | tok/sec: 516,273 | bf16_mfu: 46.44 | epoch: 1 | total time: 105.54m | eta: 51.6m
step 02931/04357 (67.27%) | loss: 2.767540 | lrm: 0.65 | dt: 2028.52ms | tok/sec: 516,917 | bf16_mfu: 46.49 | epoch: 1 | total time: 105.58m | eta: 51.5m
step 02932/04357 (67.29%) | loss: 2.765257 | lrm: 0.65 | dt: 2036.99ms | tok/sec: 514,767 | bf16_mfu: 46.30 | epoch: 1 | total time: 105.61m | eta: 51.5m
step 02933/04357 (67.32%) | loss: 2.755262 | lrm: 0.65 | dt: 2039.76ms | tok/sec: 514,069 | bf16_mfu: 46.24 | epoch: 1 | total time: 105.65m | eta: 51.5m
step 02934/04357 (67.34%) | loss: 2.756978 | lrm: 0.65 | dt: 2033.91ms | tok/sec: 515,546 | bf16_mfu: 46.37 | epoch: 1 | total time: 105.68m | eta: 51.4m
step 02935/04357 (67.36%) | loss: 2.759604 | lrm: 0.65 | dt: 2035.07ms | tok/sec: 515,254 | bf16_mfu: 46.34 | epoch: 1 | total time: 105.71m | eta: 51.4m
step 02936/04357 (67.39%) | loss: 2.759058 | lrm: 0.65 | dt: 2036.65ms | tok/sec: 514,852 | bf16_mfu: 46.31 | epoch: 1 | total time: 105.75m | eta: 51.4m
step 02937/04357 (67.41%) | loss: 2.747452 | lrm: 0.65 | dt: 2034.70ms | tok/sec: 515,347 | bf16_mfu: 46.35 | epoch: 1 | total time: 105.78m | eta: 51.3m
step 02938/04357 (67.43%) | loss: 2.754240 | lrm: 0.65 | dt: 2039.90ms | tok/sec: 514,032 | bf16_mfu: 46.24 | epoch: 1 | total time: 105.82m | eta: 51.3m
step 02939/04357 (67.45%) | loss: 2.753003 | lrm: 0.65 | dt: 2033.98ms | tok/sec: 515,528 | bf16_mfu: 46.37 | epoch: 1 | total time: 105.85m | eta: 51.2m
step 02940/04357 (67.48%) | loss: 2.746757 | lrm: 0.65 | dt: 2034.17ms | tok/sec: 515,480 | bf16_mfu: 46.37 | epoch: 1 | total time: 105.88m | eta: 51.2m
step 02941/04357 (67.50%) | loss: 2.745181 | lrm: 0.65 | dt: 2036.09ms | tok/sec: 514,995 | bf16_mfu: 46.32 | epoch: 1 | total time: 105.92m | eta: 51.2m
step 02942/04357 (67.52%) | loss: 2.741607 | lrm: 0.65 | dt: 2037.38ms | tok/sec: 514,668 | bf16_mfu: 46.29 | epoch: 1 | total time: 105.95m | eta: 51.1m
step 02943/04357 (67.55%) | loss: 2.739654 | lrm: 0.65 | dt: 2038.33ms | tok/sec: 514,427 | bf16_mfu: 46.27 | epoch: 1 | total time: 105.99m | eta: 51.1m
step 02944/04357 (67.57%) | loss: 2.741252 | lrm: 0.65 | dt: 2032.78ms | tok/sec: 515,834 | bf16_mfu: 46.40 | epoch: 1 | total time: 106.02m | eta: 51.1m
step 02945/04357 (67.59%) | loss: 2.744919 | lrm: 0.65 | dt: 2037.29ms | tok/sec: 514,692 | bf16_mfu: 46.29 | epoch: 1 | total time: 106.05m | eta: 51.0m
step 02946/04357 (67.62%) | loss: 2.755360 | lrm: 0.65 | dt: 2035.91ms | tok/sec: 515,039 | bf16_mfu: 46.33 | epoch: 1 | total time: 106.09m | eta: 51.0m
step 02947/04357 (67.64%) | loss: 2.739158 | lrm: 0.65 | dt: 2033.39ms | tok/sec: 515,678 | bf16_mfu: 46.38 | epoch: 1 | total time: 106.12m | eta: 50.9m
step 02948/04357 (67.66%) | loss: 2.726393 | lrm: 0.65 | dt: 2037.12ms | tok/sec: 514,735 | bf16_mfu: 46.30 | epoch: 1 | total time: 106.16m | eta: 50.9m
step 02949/04357 (67.68%) | loss: 2.710966 | lrm: 0.65 | dt: 2032.84ms | tok/sec: 515,817 | bf16_mfu: 46.40 | epoch: 1 | total time: 106.19m | eta: 50.9m
step 02950/04357 (67.71%) | loss: 2.716615 | lrm: 0.65 | dt: 2037.86ms | tok/sec: 514,548 | bf16_mfu: 46.28 | epoch: 1 | total time: 106.22m | eta: 50.8m
step 02951/04357 (67.73%) | loss: 2.733303 | lrm: 0.65 | dt: 2039.09ms | tok/sec: 514,236 | bf16_mfu: 46.25 | epoch: 1 | total time: 106.26m | eta: 50.8m
step 02952/04357 (67.75%) | loss: 2.741711 | lrm: 0.65 | dt: 2034.03ms | tok/sec: 515,516 | bf16_mfu: 46.37 | epoch: 1 | total time: 106.29m | eta: 50.8m
step 02953/04357 (67.78%) | loss: 2.745509 | lrm: 0.64 | dt: 2034.55ms | tok/sec: 515,385 | bf16_mfu: 46.36 | epoch: 1 | total time: 106.32m | eta: 50.7m
step 02954/04357 (67.80%) | loss: 2.750985 | lrm: 0.64 | dt: 2029.67ms | tok/sec: 516,623 | bf16_mfu: 46.47 | epoch: 1 | total time: 106.36m | eta: 50.7m
step 02955/04357 (67.82%) | loss: 2.750292 | lrm: 0.64 | dt: 2038.74ms | tok/sec: 514,325 | bf16_mfu: 46.26 | epoch: 1 | total time: 106.39m | eta: 50.6m
step 02956/04357 (67.84%) | loss: 2.745776 | lrm: 0.64 | dt: 2029.29ms | tok/sec: 516,720 | bf16_mfu: 46.48 | epoch: 1 | total time: 106.43m | eta: 50.6m
step 02957/04357 (67.87%) | loss: 2.756356 | lrm: 0.64 | dt: 2028.59ms | tok/sec: 516,899 | bf16_mfu: 46.49 | epoch: 1 | total time: 106.46m | eta: 50.6m
step 02958/04357 (67.89%) | loss: 2.754484 | lrm: 0.64 | dt: 2039.56ms | tok/sec: 514,118 | bf16_mfu: 46.24 | epoch: 1 | total time: 106.49m | eta: 50.5m
step 02959/04357 (67.91%) | loss: 2.747381 | lrm: 0.64 | dt: 2035.33ms | tok/sec: 515,187 | bf16_mfu: 46.34 | epoch: 1 | total time: 106.53m | eta: 50.5m
step 02960/04357 (67.94%) | loss: 2.731494 | lrm: 0.64 | dt: 2035.52ms | tok/sec: 515,140 | bf16_mfu: 46.33 | epoch: 1 | total time: 106.56m | eta: 50.5m
step 02961/04357 (67.96%) | loss: 2.726415 | lrm: 0.64 | dt: 2039.12ms | tok/sec: 514,230 | bf16_mfu: 46.25 | epoch: 1 | total time: 106.60m | eta: 50.4m
step 02962/04357 (67.98%) | loss: 2.726986 | lrm: 0.64 | dt: 2035.27ms | tok/sec: 515,203 | bf16_mfu: 46.34 | epoch: 1 | total time: 106.63m | eta: 50.4m
step 02963/04357 (68.01%) | loss: 2.725744 | lrm: 0.64 | dt: 2042.83ms | tok/sec: 513,295 | bf16_mfu: 46.17 | epoch: 1 | total time: 106.66m | eta: 50.4m
step 02964/04357 (68.03%) | loss: 2.728538 | lrm: 0.64 | dt: 2037.44ms | tok/sec: 514,653 | bf16_mfu: 46.29 | epoch: 1 | total time: 106.70m | eta: 50.3m
step 02965/04357 (68.05%) | loss: 2.726333 | lrm: 0.64 | dt: 2036.56ms | tok/sec: 514,877 | bf16_mfu: 46.31 | epoch: 1 | total time: 106.73m | eta: 50.3m
step 02966/04357 (68.07%) | loss: 2.726107 | lrm: 0.64 | dt: 2034.37ms | tok/sec: 515,430 | bf16_mfu: 46.36 | epoch: 1 | total time: 106.77m | eta: 50.2m
step 02967/04357 (68.10%) | loss: 2.720096 | lrm: 0.64 | dt: 2034.36ms | tok/sec: 515,432 | bf16_mfu: 46.36 | epoch: 1 | total time: 106.80m | eta: 50.2m
step 02968/04357 (68.12%) | loss: 2.728416 | lrm: 0.64 | dt: 2040.96ms | tok/sec: 513,765 | bf16_mfu: 46.21 | epoch: 1 | total time: 106.83m | eta: 50.2m
step 02969/04357 (68.14%) | loss: 2.725027 | lrm: 0.64 | dt: 2029.43ms | tok/sec: 516,684 | bf16_mfu: 46.47 | epoch: 1 | total time: 106.87m | eta: 50.1m
step 02970/04357 (68.17%) | loss: 2.737246 | lrm: 0.64 | dt: 2049.64ms | tok/sec: 511,589 | bf16_mfu: 46.02 | epoch: 1 | total time: 106.90m | eta: 50.1m
step 02971/04357 (68.19%) | loss: 2.745347 | lrm: 0.64 | dt: 2037.14ms | tok/sec: 514,729 | bf16_mfu: 46.30 | epoch: 1 | total time: 106.94m | eta: 50.1m
step 02972/04357 (68.21%) | loss: 2.741525 | lrm: 0.64 | dt: 2037.37ms | tok/sec: 514,670 | bf16_mfu: 46.29 | epoch: 1 | total time: 106.97m | eta: 50.0m
step 02973/04357 (68.24%) | loss: 2.740431 | lrm: 0.64 | dt: 2041.98ms | tok/sec: 513,509 | bf16_mfu: 46.19 | epoch: 1 | total time: 107.00m | eta: 50.0m
step 02974/04357 (68.26%) | loss: 2.742377 | lrm: 0.63 | dt: 2036.65ms | tok/sec: 514,853 | bf16_mfu: 46.31 | epoch: 1 | total time: 107.04m | eta: 49.9m
step 02975/04357 (68.28%) | loss: 2.744577 | lrm: 0.63 | dt: 2033.25ms | tok/sec: 515,715 | bf16_mfu: 46.39 | epoch: 1 | total time: 107.07m | eta: 49.9m
step 02976/04357 (68.30%) | loss: 2.737827 | lrm: 0.63 | dt: 2037.01ms | tok/sec: 514,763 | bf16_mfu: 46.30 | epoch: 1 | total time: 107.11m | eta: 49.9m
step 02977/04357 (68.33%) | loss: 2.740961 | lrm: 0.63 | dt: 2040.47ms | tok/sec: 513,888 | bf16_mfu: 46.22 | epoch: 1 | total time: 107.14m | eta: 49.8m
step 02978/04357 (68.35%) | loss: 2.731808 | lrm: 0.63 | dt: 2038.41ms | tok/sec: 514,408 | bf16_mfu: 46.27 | epoch: 1 | total time: 107.17m | eta: 49.8m
step 02979/04357 (68.37%) | loss: 2.741773 | lrm: 0.63 | dt: 2035.60ms | tok/sec: 515,118 | bf16_mfu: 46.33 | epoch: 1 | total time: 107.21m | eta: 49.8m
step 02980/04357 (68.40%) | loss: 2.746399 | lrm: 0.63 | dt: 2035.26ms | tok/sec: 515,205 | bf16_mfu: 46.34 | epoch: 1 | total time: 107.24m | eta: 49.7m
step 02981/04357 (68.42%) | loss: 2.754706 | lrm: 0.63 | dt: 2037.00ms | tok/sec: 514,764 | bf16_mfu: 46.30 | epoch: 1 | total time: 107.28m | eta: 49.7m
step 02982/04357 (68.44%) | loss: 2.752288 | lrm: 0.63 | dt: 2034.94ms | tok/sec: 515,284 | bf16_mfu: 46.35 | epoch: 1 | total time: 107.31m | eta: 49.6m
step 02983/04357 (68.46%) | loss: 2.751963 | lrm: 0.63 | dt: 2038.36ms | tok/sec: 514,420 | bf16_mfu: 46.27 | epoch: 1 | total time: 107.34m | eta: 49.6m
step 02984/04357 (68.49%) | loss: 2.753903 | lrm: 0.63 | dt: 2034.52ms | tok/sec: 515,392 | bf16_mfu: 46.36 | epoch: 1 | total time: 107.38m | eta: 49.6m
step 02985/04357 (68.51%) | loss: 2.766824 | lrm: 0.63 | dt: 2036.54ms | tok/sec: 514,881 | bf16_mfu: 46.31 | epoch: 1 | total time: 107.41m | eta: 49.5m
step 02986/04357 (68.53%) | loss: 2.760001 | lrm: 0.63 | dt: 2037.40ms | tok/sec: 514,662 | bf16_mfu: 46.29 | epoch: 1 | total time: 107.44m | eta: 49.5m
step 02987/04357 (68.56%) | loss: 2.745061 | lrm: 0.63 | dt: 2031.16ms | tok/sec: 516,244 | bf16_mfu: 46.43 | epoch: 1 | total time: 107.48m | eta: 49.5m
step 02988/04357 (68.58%) | loss: 2.732603 | lrm: 0.63 | dt: 2034.62ms | tok/sec: 515,367 | bf16_mfu: 46.36 | epoch: 1 | total time: 107.51m | eta: 49.4m
step 02989/04357 (68.60%) | loss: 2.729816 | lrm: 0.63 | dt: 2034.62ms | tok/sec: 515,366 | bf16_mfu: 46.36 | epoch: 1 | total time: 107.55m | eta: 49.4m
step 02990/04357 (68.63%) | loss: 2.739671 | lrm: 0.63 | dt: 2033.02ms | tok/sec: 515,772 | bf16_mfu: 46.39 | epoch: 1 | total time: 107.58m | eta: 49.3m
step 02991/04357 (68.65%) | loss: 2.734345 | lrm: 0.63 | dt: 2026.08ms | tok/sec: 517,538 | bf16_mfu: 46.55 | epoch: 1 | total time: 107.61m | eta: 49.3m
step 02992/04357 (68.67%) | loss: 2.746190 | lrm: 0.63 | dt: 2032.32ms | tok/sec: 515,949 | bf16_mfu: 46.41 | epoch: 1 | total time: 107.65m | eta: 49.3m
step 02993/04357 (68.69%) | loss: 2.740944 | lrm: 0.63 | dt: 2040.07ms | tok/sec: 513,989 | bf16_mfu: 46.23 | epoch: 1 | total time: 107.68m | eta: 49.2m
step 02994/04357 (68.72%) | loss: 2.749154 | lrm: 0.63 | dt: 2034.10ms | tok/sec: 515,499 | bf16_mfu: 46.37 | epoch: 1 | total time: 107.72m | eta: 49.2m
step 02995/04357 (68.74%) | loss: 2.750979 | lrm: 0.63 | dt: 2033.34ms | tok/sec: 515,692 | bf16_mfu: 46.38 | epoch: 1 | total time: 107.75m | eta: 49.2m
step 02996/04357 (68.76%) | loss: 2.750894 | lrm: 0.62 | dt: 2037.59ms | tok/sec: 514,616 | bf16_mfu: 46.29 | epoch: 1 | total time: 107.78m | eta: 49.1m
step 02997/04357 (68.79%) | loss: 2.754499 | lrm: 0.62 | dt: 2032.66ms | tok/sec: 515,863 | bf16_mfu: 46.40 | epoch: 1 | total time: 107.82m | eta: 49.1m
step 02998/04357 (68.81%) | loss: 2.755060 | lrm: 0.62 | dt: 2037.70ms | tok/sec: 514,588 | bf16_mfu: 46.29 | epoch: 1 | total time: 107.85m | eta: 49.1m
step 02999/04357 (68.83%) | loss: 2.737019 | lrm: 0.62 | dt: 2038.63ms | tok/sec: 514,354 | bf16_mfu: 46.26 | epoch: 1 | total time: 107.89m | eta: 49.0m
Step 03000 | Validation bpb: 0.827917
step 03000/04357 (68.85%) | loss: 2.736027 | lrm: 0.62 | dt: 35802.09ms | tok/sec: 29,288 | bf16_mfu: 2.63 | epoch: 1 | total time: 108.48m | eta: 49.2m
step 03001/04357 (68.88%) | loss: 2.735038 | lrm: 0.62 | dt: 1990.46ms | tok/sec: 526,800 | bf16_mfu: 47.38 | epoch: 1 | total time: 108.52m | eta: 49.2m
step 03002/04357 (68.90%) | loss: 2.743253 | lrm: 0.62 | dt: 1986.16ms | tok/sec: 527,942 | bf16_mfu: 47.49 | epoch: 1 | total time: 108.55m | eta: 49.2m
step 03003/04357 (68.92%) | loss: 2.738515 | lrm: 0.62 | dt: 1981.83ms | tok/sec: 529,096 | bf16_mfu: 47.59 | epoch: 1 | total time: 108.58m | eta: 49.1m
step 03004/04357 (68.95%) | loss: 2.736963 | lrm: 0.62 | dt: 1981.49ms | tok/sec: 529,184 | bf16_mfu: 47.60 | epoch: 1 | total time: 108.61m | eta: 49.1m
step 03005/04357 (68.97%) | loss: 2.746450 | lrm: 0.62 | dt: 1985.45ms | tok/sec: 528,131 | bf16_mfu: 47.50 | epoch: 1 | total time: 108.65m | eta: 49.0m
step 03006/04357 (68.99%) | loss: 2.747637 | lrm: 0.62 | dt: 1986.14ms | tok/sec: 527,947 | bf16_mfu: 47.49 | epoch: 1 | total time: 108.68m | eta: 49.0m
step 03007/04357 (69.02%) | loss: 2.754743 | lrm: 0.62 | dt: 1993.93ms | tok/sec: 525,885 | bf16_mfu: 47.30 | epoch: 1 | total time: 108.71m | eta: 49.0m
step 03008/04357 (69.04%) | loss: 2.750900 | lrm: 0.62 | dt: 1991.29ms | tok/sec: 526,580 | bf16_mfu: 47.36 | epoch: 1 | total time: 108.75m | eta: 48.9m
step 03009/04357 (69.06%) | loss: 2.757601 | lrm: 0.62 | dt: 1991.04ms | tok/sec: 526,648 | bf16_mfu: 47.37 | epoch: 1 | total time: 108.78m | eta: 48.9m
step 03010/04357 (69.08%) | loss: 2.741409 | lrm: 0.62 | dt: 1994.95ms | tok/sec: 525,616 | bf16_mfu: 47.28 | epoch: 1 | total time: 108.81m | eta: 48.9m
step 03011/04357 (69.11%) | loss: 2.748492 | lrm: 0.62 | dt: 1993.49ms | tok/sec: 526,000 | bf16_mfu: 47.31 | epoch: 1 | total time: 108.85m | eta: 48.8m
step 03012/04357 (69.13%) | loss: 2.752476 | lrm: 0.62 | dt: 1993.30ms | tok/sec: 526,050 | bf16_mfu: 47.32 | epoch: 1 | total time: 108.88m | eta: 48.8m
step 03013/04357 (69.15%) | loss: 2.755875 | lrm: 0.62 | dt: 1994.97ms | tok/sec: 525,609 | bf16_mfu: 47.28 | epoch: 1 | total time: 108.91m | eta: 48.7m
step 03014/04357 (69.18%) | loss: 2.758404 | lrm: 0.62 | dt: 1996.33ms | tok/sec: 525,252 | bf16_mfu: 47.24 | epoch: 1 | total time: 108.95m | eta: 48.7m
step 03015/04357 (69.20%) | loss: 2.749569 | lrm: 0.62 | dt: 1996.37ms | tok/sec: 525,240 | bf16_mfu: 47.24 | epoch: 1 | total time: 108.98m | eta: 48.7m
step 03016/04357 (69.22%) | loss: 2.743867 | lrm: 0.62 | dt: 2001.84ms | tok/sec: 523,804 | bf16_mfu: 47.11 | epoch: 1 | total time: 109.01m | eta: 48.6m
step 03017/04357 (69.24%) | loss: 2.743065 | lrm: 0.62 | dt: 2002.09ms | tok/sec: 523,740 | bf16_mfu: 47.11 | epoch: 1 | total time: 109.05m | eta: 48.6m
step 03018/04357 (69.27%) | loss: 2.743215 | lrm: 0.61 | dt: 2021.35ms | tok/sec: 518,751 | bf16_mfu: 46.66 | epoch: 1 | total time: 109.08m | eta: 48.6m
step 03019/04357 (69.29%) | loss: 2.753929 | lrm: 0.61 | dt: 2003.38ms | tok/sec: 523,403 | bf16_mfu: 47.08 | epoch: 1 | total time: 109.11m | eta: 48.5m
step 03020/04357 (69.31%) | loss: 2.757453 | lrm: 0.61 | dt: 2001.20ms | tok/sec: 523,974 | bf16_mfu: 47.13 | epoch: 1 | total time: 109.15m | eta: 48.5m
step 03021/04357 (69.34%) | loss: 2.754102 | lrm: 0.61 | dt: 2007.48ms | tok/sec: 522,333 | bf16_mfu: 46.98 | epoch: 1 | total time: 109.18m | eta: 48.4m
step 03022/04357 (69.36%) | loss: 2.745419 | lrm: 0.61 | dt: 2005.74ms | tok/sec: 522,788 | bf16_mfu: 47.02 | epoch: 1 | total time: 109.21m | eta: 48.4m
step 03023/04357 (69.38%) | loss: 2.744611 | lrm: 0.61 | dt: 2004.98ms | tok/sec: 522,984 | bf16_mfu: 47.04 | epoch: 1 | total time: 109.25m | eta: 48.4m
step 03024/04357 (69.41%) | loss: 2.738650 | lrm: 0.61 | dt: 2009.17ms | tok/sec: 521,896 | bf16_mfu: 46.94 | epoch: 1 | total time: 109.28m | eta: 48.3m
step 03025/04357 (69.43%) | loss: 2.739135 | lrm: 0.61 | dt: 2009.35ms | tok/sec: 521,848 | bf16_mfu: 46.94 | epoch: 1 | total time: 109.31m | eta: 48.3m
step 03026/04357 (69.45%) | loss: 2.729448 | lrm: 0.61 | dt: 2005.38ms | tok/sec: 522,880 | bf16_mfu: 47.03 | epoch: 1 | total time: 109.35m | eta: 48.3m
step 03027/04357 (69.47%) | loss: 2.717422 | lrm: 0.61 | dt: 2008.97ms | tok/sec: 521,947 | bf16_mfu: 46.95 | epoch: 1 | total time: 109.38m | eta: 48.2m
step 03028/04357 (69.50%) | loss: 2.703402 | lrm: 0.61 | dt: 2013.13ms | tok/sec: 520,868 | bf16_mfu: 46.85 | epoch: 1 | total time: 109.41m | eta: 48.2m
step 03029/04357 (69.52%) | loss: 2.710926 | lrm: 0.61 | dt: 2011.93ms | tok/sec: 521,178 | bf16_mfu: 46.88 | epoch: 1 | total time: 109.45m | eta: 48.1m
step 03030/04357 (69.54%) | loss: 2.727231 | lrm: 0.61 | dt: 2013.00ms | tok/sec: 520,902 | bf16_mfu: 46.85 | epoch: 1 | total time: 109.48m | eta: 48.1m
step 03031/04357 (69.57%) | loss: 2.741547 | lrm: 0.61 | dt: 2010.13ms | tok/sec: 521,646 | bf16_mfu: 46.92 | epoch: 1 | total time: 109.52m | eta: 48.1m
step 03032/04357 (69.59%) | loss: 2.738780 | lrm: 0.61 | dt: 2014.36ms | tok/sec: 520,550 | bf16_mfu: 46.82 | epoch: 1 | total time: 109.55m | eta: 48.0m
step 03033/04357 (69.61%) | loss: 2.738160 | lrm: 0.61 | dt: 2012.36ms | tok/sec: 521,068 | bf16_mfu: 46.87 | epoch: 1 | total time: 109.58m | eta: 48.0m
step 03034/04357 (69.64%) | loss: 2.750626 | lrm: 0.61 | dt: 2019.18ms | tok/sec: 519,307 | bf16_mfu: 46.71 | epoch: 1 | total time: 109.62m | eta: 48.0m
step 03035/04357 (69.66%) | loss: 2.738406 | lrm: 0.61 | dt: 2020.35ms | tok/sec: 519,007 | bf16_mfu: 46.68 | epoch: 1 | total time: 109.65m | eta: 47.9m
step 03036/04357 (69.68%) | loss: 2.737207 | lrm: 0.61 | dt: 2012.35ms | tok/sec: 521,071 | bf16_mfu: 46.87 | epoch: 1 | total time: 109.68m | eta: 47.9m
step 03037/04357 (69.70%) | loss: 2.734741 | lrm: 0.61 | dt: 2023.70ms | tok/sec: 518,147 | bf16_mfu: 46.61 | epoch: 1 | total time: 109.72m | eta: 47.8m
step 03038/04357 (69.73%) | loss: 2.737352 | lrm: 0.61 | dt: 2011.95ms | tok/sec: 521,173 | bf16_mfu: 46.88 | epoch: 1 | total time: 109.75m | eta: 47.8m
step 03039/04357 (69.75%) | loss: 2.740988 | lrm: 0.61 | dt: 2020.75ms | tok/sec: 518,904 | bf16_mfu: 46.67 | epoch: 1 | total time: 109.78m | eta: 47.8m
step 03040/04357 (69.77%) | loss: 2.734210 | lrm: 0.60 | dt: 2020.50ms | tok/sec: 518,967 | bf16_mfu: 46.68 | epoch: 1 | total time: 109.82m | eta: 47.7m
step 03041/04357 (69.80%) | loss: 2.727551 | lrm: 0.60 | dt: 2028.82ms | tok/sec: 516,840 | bf16_mfu: 46.49 | epoch: 1 | total time: 109.85m | eta: 47.7m
step 03042/04357 (69.82%) | loss: 2.717154 | lrm: 0.60 | dt: 2019.57ms | tok/sec: 519,207 | bf16_mfu: 46.70 | epoch: 1 | total time: 109.89m | eta: 47.7m
step 03043/04357 (69.84%) | loss: 2.711118 | lrm: 0.60 | dt: 2029.89ms | tok/sec: 516,568 | bf16_mfu: 46.46 | epoch: 1 | total time: 109.92m | eta: 47.6m
step 03044/04357 (69.86%) | loss: 2.711469 | lrm: 0.60 | dt: 2023.81ms | tok/sec: 518,119 | bf16_mfu: 46.60 | epoch: 1 | total time: 109.95m | eta: 47.6m
step 03045/04357 (69.89%) | loss: 2.706137 | lrm: 0.60 | dt: 2024.29ms | tok/sec: 517,998 | bf16_mfu: 46.59 | epoch: 1 | total time: 109.99m | eta: 47.5m
step 03046/04357 (69.91%) | loss: 2.712031 | lrm: 0.60 | dt: 2025.97ms | tok/sec: 517,567 | bf16_mfu: 46.55 | epoch: 1 | total time: 110.02m | eta: 47.5m
step 03047/04357 (69.93%) | loss: 2.705663 | lrm: 0.60 | dt: 2019.91ms | tok/sec: 519,118 | bf16_mfu: 46.69 | epoch: 1 | total time: 110.05m | eta: 47.5m
step 03048/04357 (69.96%) | loss: 2.711503 | lrm: 0.60 | dt: 2023.51ms | tok/sec: 518,195 | bf16_mfu: 46.61 | epoch: 1 | total time: 110.09m | eta: 47.4m
step 03049/04357 (69.98%) | loss: 2.712288 | lrm: 0.60 | dt: 2024.81ms | tok/sec: 517,865 | bf16_mfu: 46.58 | epoch: 1 | total time: 110.12m | eta: 47.4m
step 03050/04357 (70.00%) | loss: 2.712684 | lrm: 0.60 | dt: 2027.60ms | tok/sec: 517,151 | bf16_mfu: 46.52 | epoch: 1 | total time: 110.16m | eta: 47.4m
step 03051/04357 (70.03%) | loss: 2.717166 | lrm: 0.60 | dt: 2024.46ms | tok/sec: 517,953 | bf16_mfu: 46.59 | epoch: 1 | total time: 110.19m | eta: 47.3m
step 03052/04357 (70.05%) | loss: 2.713123 | lrm: 0.60 | dt: 2026.93ms | tok/sec: 517,321 | bf16_mfu: 46.53 | epoch: 1 | total time: 110.22m | eta: 47.3m
step 03053/04357 (70.07%) | loss: 2.703213 | lrm: 0.60 | dt: 2034.28ms | tok/sec: 515,452 | bf16_mfu: 46.36 | epoch: 1 | total time: 110.26m | eta: 47.2m
step 03054/04357 (70.09%) | loss: 2.696863 | lrm: 0.60 | dt: 2024.23ms | tok/sec: 518,012 | bf16_mfu: 46.59 | epoch: 1 | total time: 110.29m | eta: 47.2m
step 03055/04357 (70.12%) | loss: 2.707467 | lrm: 0.60 | dt: 2028.99ms | tok/sec: 516,797 | bf16_mfu: 46.48 | epoch: 1 | total time: 110.32m | eta: 47.2m
step 03056/04357 (70.14%) | loss: 2.718611 | lrm: 0.60 | dt: 2022.22ms | tok/sec: 518,527 | bf16_mfu: 46.64 | epoch: 1 | total time: 110.36m | eta: 47.1m
step 03057/04357 (70.16%) | loss: 2.723797 | lrm: 0.60 | dt: 2029.46ms | tok/sec: 516,677 | bf16_mfu: 46.47 | epoch: 1 | total time: 110.39m | eta: 47.1m
step 03058/04357 (70.19%) | loss: 2.717014 | lrm: 0.60 | dt: 2030.93ms | tok/sec: 516,303 | bf16_mfu: 46.44 | epoch: 1 | total time: 110.43m | eta: 47.1m
step 03059/04357 (70.21%) | loss: 2.714816 | lrm: 0.60 | dt: 2029.91ms | tok/sec: 516,562 | bf16_mfu: 46.46 | epoch: 1 | total time: 110.46m | eta: 47.0m
step 03060/04357 (70.23%) | loss: 2.713213 | lrm: 0.60 | dt: 2026.34ms | tok/sec: 517,474 | bf16_mfu: 46.54 | epoch: 1 | total time: 110.49m | eta: 47.0m
step 03061/04357 (70.25%) | loss: 2.718217 | lrm: 0.60 | dt: 2027.21ms | tok/sec: 517,251 | bf16_mfu: 46.52 | epoch: 1 | total time: 110.53m | eta: 46.9m
step 03062/04357 (70.28%) | loss: 2.712431 | lrm: 0.59 | dt: 2029.63ms | tok/sec: 516,633 | bf16_mfu: 46.47 | epoch: 1 | total time: 110.56m | eta: 46.9m
step 03063/04357 (70.30%) | loss: 2.717175 | lrm: 0.59 | dt: 2027.83ms | tok/sec: 517,093 | bf16_mfu: 46.51 | epoch: 1 | total time: 110.59m | eta: 46.9m
step 03064/04357 (70.32%) | loss: 2.700950 | lrm: 0.59 | dt: 2032.19ms | tok/sec: 515,982 | bf16_mfu: 46.41 | epoch: 1 | total time: 110.63m | eta: 46.8m
step 03065/04357 (70.35%) | loss: 2.719046 | lrm: 0.59 | dt: 2031.63ms | tok/sec: 516,125 | bf16_mfu: 46.42 | epoch: 1 | total time: 110.66m | eta: 46.8m
step 03066/04357 (70.37%) | loss: 2.721847 | lrm: 0.59 | dt: 2028.50ms | tok/sec: 516,922 | bf16_mfu: 46.50 | epoch: 1 | total time: 110.70m | eta: 46.8m
step 03067/04357 (70.39%) | loss: 2.712069 | lrm: 0.59 | dt: 2033.76ms | tok/sec: 515,584 | bf16_mfu: 46.37 | epoch: 1 | total time: 110.73m | eta: 46.7m
step 03068/04357 (70.42%) | loss: 2.707295 | lrm: 0.59 | dt: 2030.07ms | tok/sec: 516,522 | bf16_mfu: 46.46 | epoch: 1 | total time: 110.76m | eta: 46.7m
step 03069/04357 (70.44%) | loss: 2.701035 | lrm: 0.59 | dt: 2034.13ms | tok/sec: 515,490 | bf16_mfu: 46.37 | epoch: 1 | total time: 110.80m | eta: 46.7m
step 03070/04357 (70.46%) | loss: 2.683196 | lrm: 0.59 | dt: 2034.89ms | tok/sec: 515,298 | bf16_mfu: 46.35 | epoch: 1 | total time: 110.83m | eta: 46.6m
step 03071/04357 (70.48%) | loss: 2.691033 | lrm: 0.59 | dt: 2033.76ms | tok/sec: 515,585 | bf16_mfu: 46.37 | epoch: 1 | total time: 110.87m | eta: 46.6m
step 03072/04357 (70.51%) | loss: 2.688667 | lrm: 0.59 | dt: 2030.39ms | tok/sec: 516,441 | bf16_mfu: 46.45 | epoch: 1 | total time: 110.90m | eta: 46.5m
step 03073/04357 (70.53%) | loss: 2.683621 | lrm: 0.59 | dt: 2031.02ms | tok/sec: 516,281 | bf16_mfu: 46.44 | epoch: 1 | total time: 110.93m | eta: 46.5m
step 03074/04357 (70.55%) | loss: 2.691855 | lrm: 0.59 | dt: 2033.22ms | tok/sec: 515,722 | bf16_mfu: 46.39 | epoch: 1 | total time: 110.97m | eta: 46.5m
step 03075/04357 (70.58%) | loss: 2.716039 | lrm: 0.59 | dt: 2033.59ms | tok/sec: 515,628 | bf16_mfu: 46.38 | epoch: 1 | total time: 111.00m | eta: 46.4m
step 03076/04357 (70.60%) | loss: 2.708385 | lrm: 0.59 | dt: 2031.40ms | tok/sec: 516,185 | bf16_mfu: 46.43 | epoch: 1 | total time: 111.04m | eta: 46.4m
step 03077/04357 (70.62%) | loss: 2.707201 | lrm: 0.59 | dt: 2032.41ms | tok/sec: 515,927 | bf16_mfu: 46.41 | epoch: 1 | total time: 111.07m | eta: 46.4m
step 03078/04357 (70.64%) | loss: 2.720548 | lrm: 0.59 | dt: 2029.98ms | tok/sec: 516,544 | bf16_mfu: 46.46 | epoch: 1 | total time: 111.10m | eta: 46.3m
step 03079/04357 (70.67%) | loss: 2.720536 | lrm: 0.59 | dt: 2032.54ms | tok/sec: 515,895 | bf16_mfu: 46.40 | epoch: 1 | total time: 111.14m | eta: 46.3m
step 03080/04357 (70.69%) | loss: 2.718774 | lrm: 0.59 | dt: 2033.12ms | tok/sec: 515,746 | bf16_mfu: 46.39 | epoch: 1 | total time: 111.17m | eta: 46.2m
step 03081/04357 (70.71%) | loss: 2.730985 | lrm: 0.59 | dt: 2029.43ms | tok/sec: 516,684 | bf16_mfu: 46.47 | epoch: 1 | total time: 111.20m | eta: 46.2m
step 03082/04357 (70.74%) | loss: 2.717613 | lrm: 0.59 | dt: 2032.31ms | tok/sec: 515,952 | bf16_mfu: 46.41 | epoch: 1 | total time: 111.24m | eta: 46.2m
step 03083/04357 (70.76%) | loss: 2.727755 | lrm: 0.58 | dt: 2033.86ms | tok/sec: 515,559 | bf16_mfu: 46.37 | epoch: 1 | total time: 111.27m | eta: 46.1m
step 03084/04357 (70.78%) | loss: 2.722295 | lrm: 0.58 | dt: 2032.33ms | tok/sec: 515,947 | bf16_mfu: 46.41 | epoch: 1 | total time: 111.31m | eta: 46.1m
step 03085/04357 (70.81%) | loss: 2.713718 | lrm: 0.58 | dt: 2035.59ms | tok/sec: 515,121 | bf16_mfu: 46.33 | epoch: 1 | total time: 111.34m | eta: 46.1m
step 03086/04357 (70.83%) | loss: 2.707728 | lrm: 0.58 | dt: 2027.74ms | tok/sec: 517,114 | bf16_mfu: 46.51 | epoch: 1 | total time: 111.37m | eta: 46.0m
step 03087/04357 (70.85%) | loss: 2.692618 | lrm: 0.58 | dt: 2033.89ms | tok/sec: 515,553 | bf16_mfu: 46.37 | epoch: 1 | total time: 111.41m | eta: 46.0m
step 03088/04357 (70.87%) | loss: 2.698143 | lrm: 0.58 | dt: 2031.67ms | tok/sec: 516,115 | bf16_mfu: 46.42 | epoch: 1 | total time: 111.44m | eta: 45.9m
step 03089/04357 (70.90%) | loss: 2.713907 | lrm: 0.58 | dt: 2038.18ms | tok/sec: 514,467 | bf16_mfu: 46.27 | epoch: 1 | total time: 111.48m | eta: 45.9m
step 03090/04357 (70.92%) | loss: 2.723183 | lrm: 0.58 | dt: 2037.63ms | tok/sec: 514,604 | bf16_mfu: 46.29 | epoch: 1 | total time: 111.51m | eta: 45.9m
step 03091/04357 (70.94%) | loss: 2.740082 | lrm: 0.58 | dt: 2023.10ms | tok/sec: 518,301 | bf16_mfu: 46.62 | epoch: 1 | total time: 111.54m | eta: 45.8m
step 03092/04357 (70.97%) | loss: 2.718159 | lrm: 0.58 | dt: 2038.39ms | tok/sec: 514,412 | bf16_mfu: 46.27 | epoch: 1 | total time: 111.58m | eta: 45.8m
step 03093/04357 (70.99%) | loss: 2.718432 | lrm: 0.58 | dt: 2028.70ms | tok/sec: 516,870 | bf16_mfu: 46.49 | epoch: 1 | total time: 111.61m | eta: 45.8m
step 03094/04357 (71.01%) | loss: 2.707975 | lrm: 0.58 | dt: 2030.75ms | tok/sec: 516,348 | bf16_mfu: 46.44 | epoch: 1 | total time: 111.64m | eta: 45.7m
step 03095/04357 (71.04%) | loss: 2.711856 | lrm: 0.58 | dt: 2034.63ms | tok/sec: 515,363 | bf16_mfu: 46.35 | epoch: 1 | total time: 111.68m | eta: 45.7m
step 03096/04357 (71.06%) | loss: 2.706988 | lrm: 0.58 | dt: 2031.10ms | tok/sec: 516,260 | bf16_mfu: 46.44 | epoch: 1 | total time: 111.71m | eta: 45.6m
step 03097/04357 (71.08%) | loss: 2.699574 | lrm: 0.58 | dt: 2034.43ms | tok/sec: 515,414 | bf16_mfu: 46.36 | epoch: 1 | total time: 111.75m | eta: 45.6m
step 03098/04357 (71.10%) | loss: 2.696783 | lrm: 0.58 | dt: 2031.85ms | tok/sec: 516,068 | bf16_mfu: 46.42 | epoch: 1 | total time: 111.78m | eta: 45.6m
step 03099/04357 (71.13%) | loss: 2.702104 | lrm: 0.58 | dt: 2033.37ms | tok/sec: 515,682 | bf16_mfu: 46.38 | epoch: 1 | total time: 111.81m | eta: 45.5m
step 03100/04357 (71.15%) | loss: 2.704110 | lrm: 0.58 | dt: 2035.16ms | tok/sec: 515,229 | bf16_mfu: 46.34 | epoch: 1 | total time: 111.85m | eta: 45.5m
step 03101/04357 (71.17%) | loss: 2.710161 | lrm: 0.58 | dt: 2032.06ms | tok/sec: 516,015 | bf16_mfu: 46.41 | epoch: 1 | total time: 111.88m | eta: 45.5m
step 03102/04357 (71.20%) | loss: 2.726763 | lrm: 0.58 | dt: 2038.96ms | tok/sec: 514,270 | bf16_mfu: 46.26 | epoch: 1 | total time: 111.92m | eta: 45.4m
step 03103/04357 (71.22%) | loss: 2.728976 | lrm: 0.58 | dt: 2036.30ms | tok/sec: 514,942 | bf16_mfu: 46.32 | epoch: 1 | total time: 111.95m | eta: 45.4m
step 03104/04357 (71.24%) | loss: 2.721825 | lrm: 0.58 | dt: 2036.24ms | tok/sec: 514,956 | bf16_mfu: 46.32 | epoch: 1 | total time: 111.98m | eta: 45.4m
step 03105/04357 (71.26%) | loss: 2.721248 | lrm: 0.57 | dt: 2031.95ms | tok/sec: 516,044 | bf16_mfu: 46.42 | epoch: 1 | total time: 112.02m | eta: 45.3m
step 03106/04357 (71.29%) | loss: 2.712388 | lrm: 0.57 | dt: 2033.98ms | tok/sec: 515,528 | bf16_mfu: 46.37 | epoch: 1 | total time: 112.05m | eta: 45.3m
step 03107/04357 (71.31%) | loss: 2.702294 | lrm: 0.57 | dt: 2034.72ms | tok/sec: 515,342 | bf16_mfu: 46.35 | epoch: 1 | total time: 112.09m | eta: 45.2m
step 03108/04357 (71.33%) | loss: 2.694362 | lrm: 0.57 | dt: 2028.83ms | tok/sec: 516,837 | bf16_mfu: 46.49 | epoch: 1 | total time: 112.12m | eta: 45.2m
step 03109/04357 (71.36%) | loss: 2.697060 | lrm: 0.57 | dt: 2031.73ms | tok/sec: 516,099 | bf16_mfu: 46.42 | epoch: 1 | total time: 112.15m | eta: 45.2m
step 03110/04357 (71.38%) | loss: 2.700185 | lrm: 0.57 | dt: 2034.48ms | tok/sec: 515,402 | bf16_mfu: 46.36 | epoch: 1 | total time: 112.19m | eta: 45.1m
step 03111/04357 (71.40%) | loss: 2.696299 | lrm: 0.57 | dt: 2034.31ms | tok/sec: 515,445 | bf16_mfu: 46.36 | epoch: 1 | total time: 112.22m | eta: 45.1m
step 03112/04357 (71.43%) | loss: 2.698162 | lrm: 0.57 | dt: 2033.39ms | tok/sec: 515,679 | bf16_mfu: 46.38 | epoch: 1 | total time: 112.26m | eta: 45.1m
step 03113/04357 (71.45%) | loss: 2.703839 | lrm: 0.57 | dt: 2034.14ms | tok/sec: 515,487 | bf16_mfu: 46.37 | epoch: 1 | total time: 112.29m | eta: 45.0m
step 03114/04357 (71.47%) | loss: 2.706156 | lrm: 0.57 | dt: 2034.46ms | tok/sec: 515,406 | bf16_mfu: 46.36 | epoch: 1 | total time: 112.32m | eta: 45.0m
step 03115/04357 (71.49%) | loss: 2.691526 | lrm: 0.57 | dt: 2034.35ms | tok/sec: 515,434 | bf16_mfu: 46.36 | epoch: 1 | total time: 112.36m | eta: 44.9m
step 03116/04357 (71.52%) | loss: 2.688976 | lrm: 0.57 | dt: 2024.81ms | tok/sec: 517,862 | bf16_mfu: 46.58 | epoch: 1 | total time: 112.39m | eta: 44.9m
step 03117/04357 (71.54%) | loss: 2.688545 | lrm: 0.57 | dt: 2034.85ms | tok/sec: 515,308 | bf16_mfu: 46.35 | epoch: 1 | total time: 112.42m | eta: 44.9m
step 03118/04357 (71.56%) | loss: 2.699558 | lrm: 0.57 | dt: 2031.10ms | tok/sec: 516,260 | bf16_mfu: 46.44 | epoch: 1 | total time: 112.46m | eta: 44.8m
step 03119/04357 (71.59%) | loss: 2.705385 | lrm: 0.57 | dt: 2034.59ms | tok/sec: 515,373 | bf16_mfu: 46.36 | epoch: 1 | total time: 112.49m | eta: 44.8m
step 03120/04357 (71.61%) | loss: 2.705268 | lrm: 0.57 | dt: 2036.31ms | tok/sec: 514,940 | bf16_mfu: 46.32 | epoch: 1 | total time: 112.53m | eta: 44.8m
step 03121/04357 (71.63%) | loss: 2.712335 | lrm: 0.57 | dt: 2037.11ms | tok/sec: 514,738 | bf16_mfu: 46.30 | epoch: 1 | total time: 112.56m | eta: 44.7m
step 03122/04357 (71.65%) | loss: 2.717440 | lrm: 0.57 | dt: 2035.71ms | tok/sec: 515,092 | bf16_mfu: 46.33 | epoch: 1 | total time: 112.59m | eta: 44.7m
step 03123/04357 (71.68%) | loss: 2.725983 | lrm: 0.57 | dt: 2029.83ms | tok/sec: 516,583 | bf16_mfu: 46.46 | epoch: 1 | total time: 112.63m | eta: 44.6m
step 03124/04357 (71.70%) | loss: 2.719470 | lrm: 0.57 | dt: 2042.04ms | tok/sec: 513,493 | bf16_mfu: 46.19 | epoch: 1 | total time: 112.66m | eta: 44.6m
step 03125/04357 (71.72%) | loss: 2.726441 | lrm: 0.57 | dt: 2026.21ms | tok/sec: 517,506 | bf16_mfu: 46.55 | epoch: 1 | total time: 112.70m | eta: 44.6m
step 03126/04357 (71.75%) | loss: 2.707955 | lrm: 0.57 | dt: 2032.54ms | tok/sec: 515,893 | bf16_mfu: 46.40 | epoch: 1 | total time: 112.73m | eta: 44.5m
step 03127/04357 (71.77%) | loss: 2.717292 | lrm: 0.56 | dt: 2033.01ms | tok/sec: 515,776 | bf16_mfu: 46.39 | epoch: 1 | total time: 112.76m | eta: 44.5m
step 03128/04357 (71.79%) | loss: 2.700229 | lrm: 0.56 | dt: 2031.66ms | tok/sec: 516,116 | bf16_mfu: 46.42 | epoch: 1 | total time: 112.80m | eta: 44.5m
step 03129/04357 (71.82%) | loss: 2.698844 | lrm: 0.56 | dt: 2034.59ms | tok/sec: 515,374 | bf16_mfu: 46.36 | epoch: 1 | total time: 112.83m | eta: 44.4m
step 03130/04357 (71.84%) | loss: 2.701817 | lrm: 0.56 | dt: 2033.17ms | tok/sec: 515,733 | bf16_mfu: 46.39 | epoch: 1 | total time: 112.87m | eta: 44.4m
step 03131/04357 (71.86%) | loss: 2.697177 | lrm: 0.56 | dt: 2033.88ms | tok/sec: 515,554 | bf16_mfu: 46.37 | epoch: 1 | total time: 112.90m | eta: 44.3m
step 03132/04357 (71.88%) | loss: 2.692925 | lrm: 0.56 | dt: 2035.95ms | tok/sec: 515,031 | bf16_mfu: 46.32 | epoch: 1 | total time: 112.93m | eta: 44.3m
step 03133/04357 (71.91%) | loss: 2.684043 | lrm: 0.56 | dt: 2033.86ms | tok/sec: 515,558 | bf16_mfu: 46.37 | epoch: 1 | total time: 112.97m | eta: 44.3m
step 03134/04357 (71.93%) | loss: 2.695677 | lrm: 0.56 | dt: 2034.68ms | tok/sec: 515,351 | bf16_mfu: 46.35 | epoch: 1 | total time: 113.00m | eta: 44.2m
step 03135/04357 (71.95%) | loss: 2.701937 | lrm: 0.56 | dt: 2034.04ms | tok/sec: 515,514 | bf16_mfu: 46.37 | epoch: 1 | total time: 113.03m | eta: 44.2m
step 03136/04357 (71.98%) | loss: 2.705166 | lrm: 0.56 | dt: 2029.95ms | tok/sec: 516,552 | bf16_mfu: 46.46 | epoch: 1 | total time: 113.07m | eta: 44.2m
step 03137/04357 (72.00%) | loss: 2.711661 | lrm: 0.56 | dt: 2036.40ms | tok/sec: 514,917 | bf16_mfu: 46.31 | epoch: 1 | total time: 113.10m | eta: 44.1m
step 03138/04357 (72.02%) | loss: 2.718847 | lrm: 0.56 | dt: 2035.72ms | tok/sec: 515,087 | bf16_mfu: 46.33 | epoch: 1 | total time: 113.14m | eta: 44.1m
step 03139/04357 (72.04%) | loss: 2.713229 | lrm: 0.56 | dt: 2036.22ms | tok/sec: 514,961 | bf16_mfu: 46.32 | epoch: 1 | total time: 113.17m | eta: 44.1m
step 03140/04357 (72.07%) | loss: 2.707894 | lrm: 0.56 | dt: 2040.96ms | tok/sec: 513,766 | bf16_mfu: 46.21 | epoch: 1 | total time: 113.20m | eta: 44.0m
step 03141/04357 (72.09%) | loss: 2.700595 | lrm: 0.56 | dt: 2033.84ms | tok/sec: 515,565 | bf16_mfu: 46.37 | epoch: 1 | total time: 113.24m | eta: 44.0m
step 03142/04357 (72.11%) | loss: 2.690438 | lrm: 0.56 | dt: 2038.04ms | tok/sec: 514,502 | bf16_mfu: 46.28 | epoch: 1 | total time: 113.27m | eta: 43.9m
step 03143/04357 (72.14%) | loss: 2.690555 | lrm: 0.56 | dt: 2032.61ms | tok/sec: 515,875 | bf16_mfu: 46.40 | epoch: 1 | total time: 113.31m | eta: 43.9m
step 03144/04357 (72.16%) | loss: 2.688235 | lrm: 0.56 | dt: 2032.62ms | tok/sec: 515,874 | bf16_mfu: 46.40 | epoch: 1 | total time: 113.34m | eta: 43.9m
step 03145/04357 (72.18%) | loss: 2.684931 | lrm: 0.56 | dt: 2036.02ms | tok/sec: 515,012 | bf16_mfu: 46.32 | epoch: 1 | total time: 113.37m | eta: 43.8m
step 03146/04357 (72.21%) | loss: 2.698602 | lrm: 0.56 | dt: 2028.72ms | tok/sec: 516,864 | bf16_mfu: 46.49 | epoch: 1 | total time: 113.41m | eta: 43.8m
step 03147/04357 (72.23%) | loss: 2.715479 | lrm: 0.56 | dt: 2039.67ms | tok/sec: 514,090 | bf16_mfu: 46.24 | epoch: 1 | total time: 113.44m | eta: 43.8m
step 03148/04357 (72.25%) | loss: 2.707106 | lrm: 0.56 | dt: 2031.30ms | tok/sec: 516,209 | bf16_mfu: 46.43 | epoch: 1 | total time: 113.48m | eta: 43.7m
step 03149/04357 (72.27%) | loss: 2.709503 | lrm: 0.55 | dt: 2032.29ms | tok/sec: 515,957 | bf16_mfu: 46.41 | epoch: 1 | total time: 113.51m | eta: 43.7m
step 03150/04357 (72.30%) | loss: 2.697916 | lrm: 0.55 | dt: 2033.95ms | tok/sec: 515,537 | bf16_mfu: 46.37 | epoch: 1 | total time: 113.54m | eta: 43.6m
step 03151/04357 (72.32%) | loss: 2.695060 | lrm: 0.55 | dt: 2034.22ms | tok/sec: 515,467 | bf16_mfu: 46.36 | epoch: 1 | total time: 113.58m | eta: 43.6m
step 03152/04357 (72.34%) | loss: 2.680653 | lrm: 0.55 | dt: 2034.71ms | tok/sec: 515,344 | bf16_mfu: 46.35 | epoch: 1 | total time: 113.61m | eta: 43.6m
step 03153/04357 (72.37%) | loss: 2.678471 | lrm: 0.55 | dt: 2035.89ms | tok/sec: 515,046 | bf16_mfu: 46.33 | epoch: 1 | total time: 113.64m | eta: 43.5m
step 03154/04357 (72.39%) | loss: 2.673397 | lrm: 0.55 | dt: 2038.39ms | tok/sec: 514,414 | bf16_mfu: 46.27 | epoch: 1 | total time: 113.68m | eta: 43.5m
step 03155/04357 (72.41%) | loss: 2.688889 | lrm: 0.55 | dt: 2036.39ms | tok/sec: 514,918 | bf16_mfu: 46.31 | epoch: 1 | total time: 113.71m | eta: 43.5m
step 03156/04357 (72.44%) | loss: 2.679247 | lrm: 0.55 | dt: 2033.46ms | tok/sec: 515,661 | bf16_mfu: 46.38 | epoch: 1 | total time: 113.75m | eta: 43.4m
step 03157/04357 (72.46%) | loss: 2.698349 | lrm: 0.55 | dt: 2034.12ms | tok/sec: 515,493 | bf16_mfu: 46.37 | epoch: 1 | total time: 113.78m | eta: 43.4m
step 03158/04357 (72.48%) | loss: 2.696245 | lrm: 0.55 | dt: 2034.38ms | tok/sec: 515,427 | bf16_mfu: 46.36 | epoch: 1 | total time: 113.81m | eta: 43.3m
step 03159/04357 (72.50%) | loss: 2.699393 | lrm: 0.55 | dt: 2029.65ms | tok/sec: 516,629 | bf16_mfu: 46.47 | epoch: 1 | total time: 113.85m | eta: 43.3m
step 03160/04357 (72.53%) | loss: 2.698563 | lrm: 0.55 | dt: 2040.09ms | tok/sec: 513,983 | bf16_mfu: 46.23 | epoch: 1 | total time: 113.88m | eta: 43.3m
step 03161/04357 (72.55%) | loss: 2.697942 | lrm: 0.55 | dt: 2037.46ms | tok/sec: 514,648 | bf16_mfu: 46.29 | epoch: 1 | total time: 113.92m | eta: 43.2m
step 03162/04357 (72.57%) | loss: 2.701314 | lrm: 0.55 | dt: 2037.08ms | tok/sec: 514,743 | bf16_mfu: 46.30 | epoch: 1 | total time: 113.95m | eta: 43.2m
step 03163/04357 (72.60%) | loss: 2.699687 | lrm: 0.55 | dt: 2032.53ms | tok/sec: 515,897 | bf16_mfu: 46.40 | epoch: 1 | total time: 113.98m | eta: 43.2m
step 03164/04357 (72.62%) | loss: 2.698208 | lrm: 0.55 | dt: 2038.94ms | tok/sec: 514,274 | bf16_mfu: 46.26 | epoch: 1 | total time: 114.02m | eta: 43.1m
step 03165/04357 (72.64%) | loss: 2.691154 | lrm: 0.55 | dt: 2034.90ms | tok/sec: 515,296 | bf16_mfu: 46.35 | epoch: 1 | total time: 114.05m | eta: 43.1m
step 03166/04357 (72.66%) | loss: 2.700183 | lrm: 0.55 | dt: 2034.13ms | tok/sec: 515,490 | bf16_mfu: 46.37 | epoch: 1 | total time: 114.09m | eta: 43.1m
step 03167/04357 (72.69%) | loss: 2.704384 | lrm: 0.55 | dt: 2034.03ms | tok/sec: 515,517 | bf16_mfu: 46.37 | epoch: 1 | total time: 114.12m | eta: 43.0m
step 03168/04357 (72.71%) | loss: 2.718868 | lrm: 0.55 | dt: 2036.44ms | tok/sec: 514,906 | bf16_mfu: 46.31 | epoch: 1 | total time: 114.15m | eta: 43.0m
step 03169/04357 (72.73%) | loss: 2.717807 | lrm: 0.55 | dt: 2037.01ms | tok/sec: 514,761 | bf16_mfu: 46.30 | epoch: 1 | total time: 114.19m | eta: 42.9m
step 03170/04357 (72.76%) | loss: 2.716001 | lrm: 0.54 | dt: 2037.53ms | tok/sec: 514,630 | bf16_mfu: 46.29 | epoch: 1 | total time: 114.22m | eta: 42.9m
step 03171/04357 (72.78%) | loss: 2.713758 | lrm: 0.54 | dt: 2035.29ms | tok/sec: 515,196 | bf16_mfu: 46.34 | epoch: 1 | total time: 114.26m | eta: 42.9m
step 03172/04357 (72.80%) | loss: 2.706150 | lrm: 0.54 | dt: 2039.94ms | tok/sec: 514,023 | bf16_mfu: 46.23 | epoch: 1 | total time: 114.29m | eta: 42.8m
step 03173/04357 (72.83%) | loss: 2.711339 | lrm: 0.54 | dt: 2027.94ms | tok/sec: 517,064 | bf16_mfu: 46.51 | epoch: 1 | total time: 114.32m | eta: 42.8m
step 03174/04357 (72.85%) | loss: 2.710256 | lrm: 0.54 | dt: 2032.10ms | tok/sec: 516,006 | bf16_mfu: 46.41 | epoch: 1 | total time: 114.36m | eta: 42.8m
step 03175/04357 (72.87%) | loss: 2.705886 | lrm: 0.54 | dt: 2033.68ms | tok/sec: 515,604 | bf16_mfu: 46.38 | epoch: 1 | total time: 114.39m | eta: 42.7m
step 03176/04357 (72.89%) | loss: 2.705976 | lrm: 0.54 | dt: 2030.94ms | tok/sec: 516,300 | bf16_mfu: 46.44 | epoch: 1 | total time: 114.43m | eta: 42.7m
step 03177/04357 (72.92%) | loss: 2.703227 | lrm: 0.54 | dt: 2053.68ms | tok/sec: 510,583 | bf16_mfu: 45.92 | epoch: 1 | total time: 114.46m | eta: 42.6m
step 03178/04357 (72.94%) | loss: 2.702181 | lrm: 0.54 | dt: 2029.24ms | tok/sec: 516,732 | bf16_mfu: 46.48 | epoch: 1 | total time: 114.49m | eta: 42.6m
step 03179/04357 (72.96%) | loss: 2.685630 | lrm: 0.54 | dt: 2037.27ms | tok/sec: 514,697 | bf16_mfu: 46.29 | epoch: 1 | total time: 114.53m | eta: 42.6m
step 03180/04357 (72.99%) | loss: 2.669576 | lrm: 0.54 | dt: 2046.27ms | tok/sec: 512,433 | bf16_mfu: 46.09 | epoch: 1 | total time: 114.56m | eta: 42.5m
step 03181/04357 (73.01%) | loss: 2.669186 | lrm: 0.54 | dt: 2035.53ms | tok/sec: 515,137 | bf16_mfu: 46.33 | epoch: 1 | total time: 114.60m | eta: 42.5m
step 03182/04357 (73.03%) | loss: 2.681360 | lrm: 0.54 | dt: 2030.94ms | tok/sec: 516,300 | bf16_mfu: 46.44 | epoch: 1 | total time: 114.63m | eta: 42.5m
step 03183/04357 (73.05%) | loss: 2.674276 | lrm: 0.54 | dt: 2036.16ms | tok/sec: 514,976 | bf16_mfu: 46.32 | epoch: 1 | total time: 114.66m | eta: 42.4m
step 03184/04357 (73.08%) | loss: 2.670760 | lrm: 0.54 | dt: 2035.57ms | tok/sec: 515,126 | bf16_mfu: 46.33 | epoch: 1 | total time: 114.70m | eta: 42.4m
step 03185/04357 (73.10%) | loss: 2.666405 | lrm: 0.54 | dt: 2040.50ms | tok/sec: 513,882 | bf16_mfu: 46.22 | epoch: 1 | total time: 114.73m | eta: 42.4m
step 03186/04357 (73.12%) | loss: 2.668124 | lrm: 0.54 | dt: 2033.20ms | tok/sec: 515,727 | bf16_mfu: 46.39 | epoch: 1 | total time: 114.76m | eta: 42.3m
step 03187/04357 (73.15%) | loss: 2.680325 | lrm: 0.54 | dt: 2035.21ms | tok/sec: 515,216 | bf16_mfu: 46.34 | epoch: 1 | total time: 114.80m | eta: 42.3m
step 03188/04357 (73.17%) | loss: 2.682140 | lrm: 0.54 | dt: 2036.54ms | tok/sec: 514,882 | bf16_mfu: 46.31 | epoch: 1 | total time: 114.83m | eta: 42.2m
step 03189/04357 (73.19%) | loss: 2.672877 | lrm: 0.54 | dt: 2031.44ms | tok/sec: 516,174 | bf16_mfu: 46.43 | epoch: 1 | total time: 114.87m | eta: 42.2m
step 03190/04357 (73.22%) | loss: 2.664767 | lrm: 0.54 | dt: 2035.49ms | tok/sec: 515,146 | bf16_mfu: 46.34 | epoch: 1 | total time: 114.90m | eta: 42.2m
step 03191/04357 (73.24%) | loss: 2.650192 | lrm: 0.54 | dt: 2034.13ms | tok/sec: 515,491 | bf16_mfu: 46.37 | epoch: 1 | total time: 114.93m | eta: 42.1m
step 03192/04357 (73.26%) | loss: 2.648588 | lrm: 0.53 | dt: 2034.03ms | tok/sec: 515,517 | bf16_mfu: 46.37 | epoch: 1 | total time: 114.97m | eta: 42.1m
step 03193/04357 (73.28%) | loss: 2.662390 | lrm: 0.53 | dt: 2038.70ms | tok/sec: 514,334 | bf16_mfu: 46.26 | epoch: 1 | total time: 115.00m | eta: 42.1m
step 03194/04357 (73.31%) | loss: 2.687860 | lrm: 0.53 | dt: 2040.69ms | tok/sec: 513,834 | bf16_mfu: 46.22 | epoch: 1 | total time: 115.04m | eta: 42.0m
step 03195/04357 (73.33%) | loss: 2.691508 | lrm: 0.53 | dt: 2031.46ms | tok/sec: 516,168 | bf16_mfu: 46.43 | epoch: 1 | total time: 115.07m | eta: 42.0m
step 03196/04357 (73.35%) | loss: 2.705794 | lrm: 0.53 | dt: 2032.35ms | tok/sec: 515,943 | bf16_mfu: 46.41 | epoch: 1 | total time: 115.10m | eta: 41.9m
step 03197/04357 (73.38%) | loss: 2.711116 | lrm: 0.53 | dt: 2036.81ms | tok/sec: 514,813 | bf16_mfu: 46.31 | epoch: 1 | total time: 115.14m | eta: 41.9m
step 03198/04357 (73.40%) | loss: 2.721586 | lrm: 0.53 | dt: 2034.74ms | tok/sec: 515,336 | bf16_mfu: 46.35 | epoch: 1 | total time: 115.17m | eta: 41.9m
step 03199/04357 (73.42%) | loss: 2.715715 | lrm: 0.53 | dt: 2040.68ms | tok/sec: 513,836 | bf16_mfu: 46.22 | epoch: 1 | total time: 115.21m | eta: 41.8m
step 03200/04357 (73.45%) | loss: 2.707799 | lrm: 0.53 | dt: 2036.22ms | tok/sec: 514,962 | bf16_mfu: 46.32 | epoch: 1 | total time: 115.24m | eta: 41.8m
step 03201/04357 (73.47%) | loss: 2.702803 | lrm: 0.53 | dt: 2035.99ms | tok/sec: 515,019 | bf16_mfu: 46.32 | epoch: 1 | total time: 115.27m | eta: 41.8m
step 03202/04357 (73.49%) | loss: 2.701014 | lrm: 0.53 | dt: 2038.32ms | tok/sec: 514,432 | bf16_mfu: 46.27 | epoch: 1 | total time: 115.31m | eta: 41.7m
step 03203/04357 (73.51%) | loss: 2.704120 | lrm: 0.53 | dt: 2037.74ms | tok/sec: 514,578 | bf16_mfu: 46.28 | epoch: 1 | total time: 115.34m | eta: 41.7m
step 03204/04357 (73.54%) | loss: 2.714001 | lrm: 0.53 | dt: 2038.12ms | tok/sec: 514,481 | bf16_mfu: 46.28 | epoch: 1 | total time: 115.38m | eta: 41.6m
step 03205/04357 (73.56%) | loss: 2.701578 | lrm: 0.53 | dt: 2040.23ms | tok/sec: 513,949 | bf16_mfu: 46.23 | epoch: 1 | total time: 115.41m | eta: 41.6m
step 03206/04357 (73.58%) | loss: 2.715976 | lrm: 0.53 | dt: 2031.44ms | tok/sec: 516,174 | bf16_mfu: 46.43 | epoch: 1 | total time: 115.44m | eta: 41.6m
step 03207/04357 (73.61%) | loss: 2.717406 | lrm: 0.53 | dt: 2035.54ms | tok/sec: 515,133 | bf16_mfu: 46.33 | epoch: 1 | total time: 115.48m | eta: 41.5m
step 03208/04357 (73.63%) | loss: 2.715490 | lrm: 0.53 | dt: 2033.42ms | tok/sec: 515,669 | bf16_mfu: 46.38 | epoch: 1 | total time: 115.51m | eta: 41.5m
step 03209/04357 (73.65%) | loss: 2.725191 | lrm: 0.53 | dt: 2035.30ms | tok/sec: 515,193 | bf16_mfu: 46.34 | epoch: 1 | total time: 115.55m | eta: 41.5m
step 03210/04357 (73.67%) | loss: 2.731091 | lrm: 0.53 | dt: 2046.55ms | tok/sec: 512,361 | bf16_mfu: 46.08 | epoch: 1 | total time: 115.58m | eta: 41.4m
step 03211/04357 (73.70%) | loss: 2.738415 | lrm: 0.53 | dt: 2030.48ms | tok/sec: 516,417 | bf16_mfu: 46.45 | epoch: 1 | total time: 115.61m | eta: 41.4m
step 03212/04357 (73.72%) | loss: 2.736883 | lrm: 0.53 | dt: 2034.23ms | tok/sec: 515,465 | bf16_mfu: 46.36 | epoch: 1 | total time: 115.65m | eta: 41.4m
step 03213/04357 (73.74%) | loss: 2.726282 | lrm: 0.53 | dt: 2025.41ms | tok/sec: 517,710 | bf16_mfu: 46.57 | epoch: 1 | total time: 115.68m | eta: 41.3m
step 03214/04357 (73.77%) | loss: 2.727567 | lrm: 0.52 | dt: 2034.76ms | tok/sec: 515,330 | bf16_mfu: 46.35 | epoch: 1 | total time: 115.71m | eta: 41.3m
step 03215/04357 (73.79%) | loss: 2.726312 | lrm: 0.52 | dt: 2033.61ms | tok/sec: 515,624 | bf16_mfu: 46.38 | epoch: 1 | total time: 115.75m | eta: 41.2m
step 03216/04357 (73.81%) | loss: 2.726998 | lrm: 0.52 | dt: 2033.65ms | tok/sec: 515,613 | bf16_mfu: 46.38 | epoch: 1 | total time: 115.78m | eta: 41.2m
step 03217/04357 (73.84%) | loss: 2.716696 | lrm: 0.52 | dt: 2042.01ms | tok/sec: 513,500 | bf16_mfu: 46.19 | epoch: 1 | total time: 115.82m | eta: 41.2m
step 03218/04357 (73.86%) | loss: 2.710257 | lrm: 0.52 | dt: 2035.40ms | tok/sec: 515,169 | bf16_mfu: 46.34 | epoch: 1 | total time: 115.85m | eta: 41.1m
step 03219/04357 (73.88%) | loss: 2.721523 | lrm: 0.52 | dt: 2038.23ms | tok/sec: 514,453 | bf16_mfu: 46.27 | epoch: 1 | total time: 115.88m | eta: 41.1m
step 03220/04357 (73.90%) | loss: 2.730900 | lrm: 0.52 | dt: 2034.15ms | tok/sec: 515,486 | bf16_mfu: 46.37 | epoch: 1 | total time: 115.92m | eta: 41.1m
step 03221/04357 (73.93%) | loss: 2.734471 | lrm: 0.52 | dt: 2037.10ms | tok/sec: 514,739 | bf16_mfu: 46.30 | epoch: 1 | total time: 115.95m | eta: 41.0m
step 03222/04357 (73.95%) | loss: 2.730773 | lrm: 0.52 | dt: 2038.12ms | tok/sec: 514,481 | bf16_mfu: 46.28 | epoch: 1 | total time: 115.99m | eta: 41.0m
step 03223/04357 (73.97%) | loss: 2.724732 | lrm: 0.52 | dt: 2034.27ms | tok/sec: 515,454 | bf16_mfu: 46.36 | epoch: 1 | total time: 116.02m | eta: 40.9m
step 03224/04357 (74.00%) | loss: 2.729005 | lrm: 0.52 | dt: 2039.60ms | tok/sec: 514,108 | bf16_mfu: 46.24 | epoch: 1 | total time: 116.05m | eta: 40.9m
step 03225/04357 (74.02%) | loss: 2.727795 | lrm: 0.52 | dt: 2037.50ms | tok/sec: 514,638 | bf16_mfu: 46.29 | epoch: 1 | total time: 116.09m | eta: 40.9m
step 03226/04357 (74.04%) | loss: 2.718559 | lrm: 0.52 | dt: 2036.80ms | tok/sec: 514,816 | bf16_mfu: 46.31 | epoch: 1 | total time: 116.12m | eta: 40.8m
step 03227/04357 (74.06%) | loss: 2.709261 | lrm: 0.52 | dt: 2035.92ms | tok/sec: 515,039 | bf16_mfu: 46.33 | epoch: 1 | total time: 116.16m | eta: 40.8m
step 03228/04357 (74.09%) | loss: 2.710398 | lrm: 0.52 | dt: 2032.25ms | tok/sec: 515,968 | bf16_mfu: 46.41 | epoch: 1 | total time: 116.19m | eta: 40.8m
step 03229/04357 (74.11%) | loss: 2.718483 | lrm: 0.52 | dt: 2034.12ms | tok/sec: 515,493 | bf16_mfu: 46.37 | epoch: 1 | total time: 116.22m | eta: 40.7m
step 03230/04357 (74.13%) | loss: 2.719984 | lrm: 0.52 | dt: 2060.43ms | tok/sec: 508,910 | bf16_mfu: 45.77 | epoch: 1 | total time: 116.26m | eta: 40.7m
step 03231/04357 (74.16%) | loss: 2.726154 | lrm: 0.52 | dt: 2033.77ms | tok/sec: 515,581 | bf16_mfu: 46.37 | epoch: 1 | total time: 116.29m | eta: 40.7m
step 03232/04357 (74.18%) | loss: 2.727322 | lrm: 0.52 | dt: 2038.46ms | tok/sec: 514,396 | bf16_mfu: 46.27 | epoch: 1 | total time: 116.33m | eta: 40.6m
step 03233/04357 (74.20%) | loss: 2.720282 | lrm: 0.52 | dt: 2035.64ms | tok/sec: 515,108 | bf16_mfu: 46.33 | epoch: 1 | total time: 116.36m | eta: 40.6m
step 03234/04357 (74.23%) | loss: 2.718749 | lrm: 0.52 | dt: 2034.58ms | tok/sec: 515,377 | bf16_mfu: 46.36 | epoch: 1 | total time: 116.39m | eta: 40.5m
step 03235/04357 (74.25%) | loss: 2.725815 | lrm: 0.52 | dt: 2042.26ms | tok/sec: 513,439 | bf16_mfu: 46.18 | epoch: 1 | total time: 116.43m | eta: 40.5m
step 03236/04357 (74.27%) | loss: 2.724306 | lrm: 0.51 | dt: 2028.50ms | tok/sec: 516,923 | bf16_mfu: 46.50 | epoch: 1 | total time: 116.46m | eta: 40.5m
step 03237/04357 (74.29%) | loss: 2.717812 | lrm: 0.51 | dt: 2033.79ms | tok/sec: 515,578 | bf16_mfu: 46.37 | epoch: 1 | total time: 116.50m | eta: 40.4m
step 03238/04357 (74.32%) | loss: 2.729444 | lrm: 0.51 | dt: 2032.31ms | tok/sec: 515,952 | bf16_mfu: 46.41 | epoch: 1 | total time: 116.53m | eta: 40.4m
step 03239/04357 (74.34%) | loss: 2.731659 | lrm: 0.51 | dt: 2030.66ms | tok/sec: 516,372 | bf16_mfu: 46.45 | epoch: 1 | total time: 116.56m | eta: 40.4m
step 03240/04357 (74.36%) | loss: 2.741687 | lrm: 0.51 | dt: 2035.98ms | tok/sec: 515,021 | bf16_mfu: 46.32 | epoch: 1 | total time: 116.60m | eta: 40.3m
step 03241/04357 (74.39%) | loss: 2.731578 | lrm: 0.51 | dt: 2040.01ms | tok/sec: 514,005 | bf16_mfu: 46.23 | epoch: 1 | total time: 116.63m | eta: 40.3m
step 03242/04357 (74.41%) | loss: 2.735527 | lrm: 0.51 | dt: 2034.32ms | tok/sec: 515,442 | bf16_mfu: 46.36 | epoch: 1 | total time: 116.67m | eta: 40.2m
step 03243/04357 (74.43%) | loss: 2.729297 | lrm: 0.51 | dt: 2036.21ms | tok/sec: 514,963 | bf16_mfu: 46.32 | epoch: 1 | total time: 116.70m | eta: 40.2m
step 03244/04357 (74.45%) | loss: 2.715436 | lrm: 0.51 | dt: 2036.07ms | tok/sec: 514,999 | bf16_mfu: 46.32 | epoch: 1 | total time: 116.73m | eta: 40.2m
step 03245/04357 (74.48%) | loss: 2.713130 | lrm: 0.51 | dt: 2037.08ms | tok/sec: 514,744 | bf16_mfu: 46.30 | epoch: 1 | total time: 116.77m | eta: 40.1m
step 03246/04357 (74.50%) | loss: 2.706331 | lrm: 0.51 | dt: 2034.10ms | tok/sec: 515,497 | bf16_mfu: 46.37 | epoch: 1 | total time: 116.80m | eta: 40.1m
step 03247/04357 (74.52%) | loss: 2.701259 | lrm: 0.51 | dt: 2036.79ms | tok/sec: 514,817 | bf16_mfu: 46.31 | epoch: 1 | total time: 116.83m | eta: 40.1m
step 03248/04357 (74.55%) | loss: 2.709214 | lrm: 0.51 | dt: 2034.46ms | tok/sec: 515,406 | bf16_mfu: 46.36 | epoch: 1 | total time: 116.87m | eta: 40.0m
step 03249/04357 (74.57%) | loss: 2.697484 | lrm: 0.51 | dt: 2034.70ms | tok/sec: 515,346 | bf16_mfu: 46.35 | epoch: 1 | total time: 116.90m | eta: 40.0m
Step 03250 | Validation bpb: 0.819430
step 03250/04357 (74.59%) | loss: 2.701234 | lrm: 0.51 | dt: 35822.62ms | tok/sec: 29,271 | bf16_mfu: 2.63 | epoch: 1 | total time: 117.50m | eta: 40.1m
step 03251/04357 (74.62%) | loss: 2.711326 | lrm: 0.51 | dt: 1983.79ms | tok/sec: 528,572 | bf16_mfu: 47.54 | epoch: 1 | total time: 117.53m | eta: 40.1m
step 03252/04357 (74.64%) | loss: 2.712977 | lrm: 0.51 | dt: 1994.28ms | tok/sec: 525,791 | bf16_mfu: 47.29 | epoch: 1 | total time: 117.57m | eta: 40.1m
step 03253/04357 (74.66%) | loss: 2.713825 | lrm: 0.51 | dt: 1984.67ms | tok/sec: 528,337 | bf16_mfu: 47.52 | epoch: 1 | total time: 117.60m | eta: 40.0m
step 03254/04357 (74.68%) | loss: 2.697366 | lrm: 0.51 | dt: 1982.82ms | tok/sec: 528,830 | bf16_mfu: 47.57 | epoch: 1 | total time: 117.63m | eta: 40.0m
step 03255/04357 (74.71%) | loss: 2.703290 | lrm: 0.51 | dt: 1986.05ms | tok/sec: 527,970 | bf16_mfu: 47.49 | epoch: 1 | total time: 117.67m | eta: 40.0m
step 03256/04357 (74.73%) | loss: 2.713611 | lrm: 0.51 | dt: 1993.48ms | tok/sec: 526,003 | bf16_mfu: 47.31 | epoch: 1 | total time: 117.70m | eta: 39.9m
step 03257/04357 (74.75%) | loss: 2.713045 | lrm: 0.51 | dt: 1992.11ms | tok/sec: 526,365 | bf16_mfu: 47.34 | epoch: 1 | total time: 117.73m | eta: 39.9m
step 03258/04357 (74.78%) | loss: 2.720429 | lrm: 0.50 | dt: 1995.42ms | tok/sec: 525,490 | bf16_mfu: 47.27 | epoch: 1 | total time: 117.76m | eta: 39.8m
step 03259/04357 (74.80%) | loss: 2.719840 | lrm: 0.50 | dt: 1990.76ms | tok/sec: 526,722 | bf16_mfu: 47.38 | epoch: 1 | total time: 117.80m | eta: 39.8m
step 03260/04357 (74.82%) | loss: 2.710641 | lrm: 0.50 | dt: 1996.96ms | tok/sec: 525,086 | bf16_mfu: 47.23 | epoch: 1 | total time: 117.83m | eta: 39.8m
step 03261/04357 (74.85%) | loss: 2.720440 | lrm: 0.50 | dt: 1992.47ms | tok/sec: 526,270 | bf16_mfu: 47.34 | epoch: 1 | total time: 117.86m | eta: 39.7m
step 03262/04357 (74.87%) | loss: 2.722379 | lrm: 0.50 | dt: 1991.54ms | tok/sec: 526,513 | bf16_mfu: 47.36 | epoch: 1 | total time: 117.90m | eta: 39.7m
step 03263/04357 (74.89%) | loss: 2.711508 | lrm: 0.50 | dt: 1993.05ms | tok/sec: 526,115 | bf16_mfu: 47.32 | epoch: 1 | total time: 117.93m | eta: 39.7m
step 03264/04357 (74.91%) | loss: 2.705884 | lrm: 0.50 | dt: 1998.52ms | tok/sec: 524,675 | bf16_mfu: 47.19 | epoch: 1 | total time: 117.96m | eta: 39.6m
step 03265/04357 (74.94%) | loss: 2.698489 | lrm: 0.50 | dt: 1995.46ms | tok/sec: 525,481 | bf16_mfu: 47.26 | epoch: 1 | total time: 118.00m | eta: 39.6m
step 03266/04357 (74.96%) | loss: 2.687064 | lrm: 0.50 | dt: 1999.75ms | tok/sec: 524,353 | bf16_mfu: 47.16 | epoch: 1 | total time: 118.03m | eta: 39.5m
step 03267/04357 (74.98%) | loss: 2.692384 | lrm: 0.50 | dt: 1998.25ms | tok/sec: 524,747 | bf16_mfu: 47.20 | epoch: 1 | total time: 118.06m | eta: 39.5m
step 03268/04357 (75.01%) | loss: 2.694628 | lrm: 0.50 | dt: 1999.76ms | tok/sec: 524,352 | bf16_mfu: 47.16 | epoch: 1 | total time: 118.10m | eta: 39.5m
step 03269/04357 (75.03%) | loss: 2.701750 | lrm: 0.50 | dt: 2004.04ms | tok/sec: 523,229 | bf16_mfu: 47.06 | epoch: 1 | total time: 118.13m | eta: 39.4m
step 03270/04357 (75.05%) | loss: 2.702840 | lrm: 0.50 | dt: 1997.14ms | tok/sec: 525,038 | bf16_mfu: 47.23 | epoch: 1 | total time: 118.16m | eta: 39.4m
step 03271/04357 (75.07%) | loss: 2.694763 | lrm: 0.50 | dt: 2006.16ms | tok/sec: 522,679 | bf16_mfu: 47.01 | epoch: 1 | total time: 118.20m | eta: 39.4m
step 03272/04357 (75.10%) | loss: 2.695983 | lrm: 0.50 | dt: 2009.41ms | tok/sec: 521,833 | bf16_mfu: 46.94 | epoch: 1 | total time: 118.23m | eta: 39.3m
step 03273/04357 (75.12%) | loss: 2.705040 | lrm: 0.50 | dt: 2005.48ms | tok/sec: 522,854 | bf16_mfu: 47.03 | epoch: 1 | total time: 118.26m | eta: 39.3m
step 03274/04357 (75.14%) | loss: 2.715747 | lrm: 0.50 | dt: 2010.61ms | tok/sec: 521,521 | bf16_mfu: 46.91 | epoch: 1 | total time: 118.30m | eta: 39.3m
step 03275/04357 (75.17%) | loss: 2.723728 | lrm: 0.50 | dt: 2009.05ms | tok/sec: 521,927 | bf16_mfu: 46.95 | epoch: 1 | total time: 118.33m | eta: 39.2m
step 03276/04357 (75.19%) | loss: 2.724141 | lrm: 0.50 | dt: 2006.67ms | tok/sec: 522,544 | bf16_mfu: 47.00 | epoch: 1 | total time: 118.36m | eta: 39.2m
step 03277/04357 (75.21%) | loss: 2.714337 | lrm: 0.50 | dt: 2011.75ms | tok/sec: 521,225 | bf16_mfu: 46.88 | epoch: 1 | total time: 118.40m | eta: 39.1m
step 03278/04357 (75.24%) | loss: 2.727464 | lrm: 0.50 | dt: 2012.51ms | tok/sec: 521,028 | bf16_mfu: 46.86 | epoch: 1 | total time: 118.43m | eta: 39.1m
step 03279/04357 (75.26%) | loss: 2.737857 | lrm: 0.49 | dt: 2040.97ms | tok/sec: 513,763 | bf16_mfu: 46.21 | epoch: 1 | total time: 118.47m | eta: 39.1m
step 03280/04357 (75.28%) | loss: 2.744839 | lrm: 0.49 | dt: 2015.14ms | tok/sec: 520,348 | bf16_mfu: 46.80 | epoch: 1 | total time: 118.50m | eta: 39.0m
step 03281/04357 (75.30%) | loss: 2.733424 | lrm: 0.49 | dt: 2016.61ms | tok/sec: 519,970 | bf16_mfu: 46.77 | epoch: 1 | total time: 118.53m | eta: 39.0m
step 03282/04357 (75.33%) | loss: 2.730010 | lrm: 0.49 | dt: 2010.45ms | tok/sec: 521,562 | bf16_mfu: 46.91 | epoch: 1 | total time: 118.57m | eta: 39.0m
step 03283/04357 (75.35%) | loss: 2.714058 | lrm: 0.49 | dt: 2016.36ms | tok/sec: 520,034 | bf16_mfu: 46.77 | epoch: 1 | total time: 118.60m | eta: 38.9m
step 03284/04357 (75.37%) | loss: 2.706198 | lrm: 0.49 | dt: 2015.34ms | tok/sec: 520,296 | bf16_mfu: 46.80 | epoch: 1 | total time: 118.63m | eta: 38.9m
step 03285/04357 (75.40%) | loss: 2.707772 | lrm: 0.49 | dt: 2015.39ms | tok/sec: 520,283 | bf16_mfu: 46.80 | epoch: 1 | total time: 118.67m | eta: 38.8m
step 03286/04357 (75.42%) | loss: 2.700035 | lrm: 0.49 | dt: 2020.31ms | tok/sec: 519,018 | bf16_mfu: 46.68 | epoch: 1 | total time: 118.70m | eta: 38.8m
step 03287/04357 (75.44%) | loss: 2.685678 | lrm: 0.49 | dt: 2017.57ms | tok/sec: 519,722 | bf16_mfu: 46.75 | epoch: 1 | total time: 118.73m | eta: 38.8m
step 03288/04357 (75.46%) | loss: 2.695997 | lrm: 0.49 | dt: 2023.88ms | tok/sec: 518,102 | bf16_mfu: 46.60 | epoch: 1 | total time: 118.77m | eta: 38.7m
step 03289/04357 (75.49%) | loss: 2.694317 | lrm: 0.49 | dt: 2019.30ms | tok/sec: 519,277 | bf16_mfu: 46.71 | epoch: 1 | total time: 118.80m | eta: 38.7m
step 03290/04357 (75.51%) | loss: 2.698454 | lrm: 0.49 | dt: 2023.69ms | tok/sec: 518,149 | bf16_mfu: 46.61 | epoch: 1 | total time: 118.84m | eta: 38.7m
step 03291/04357 (75.53%) | loss: 2.714690 | lrm: 0.49 | dt: 2022.93ms | tok/sec: 518,344 | bf16_mfu: 46.62 | epoch: 1 | total time: 118.87m | eta: 38.6m
step 03292/04357 (75.56%) | loss: 2.718475 | lrm: 0.49 | dt: 2022.70ms | tok/sec: 518,404 | bf16_mfu: 46.63 | epoch: 1 | total time: 118.90m | eta: 38.6m
step 03293/04357 (75.58%) | loss: 2.709834 | lrm: 0.49 | dt: 2020.19ms | tok/sec: 519,049 | bf16_mfu: 46.69 | epoch: 1 | total time: 118.94m | eta: 38.5m
step 03294/04357 (75.60%) | loss: 2.689330 | lrm: 0.49 | dt: 2025.43ms | tok/sec: 517,704 | bf16_mfu: 46.57 | epoch: 1 | total time: 118.97m | eta: 38.5m
step 03295/04357 (75.63%) | loss: 2.680026 | lrm: 0.49 | dt: 2020.91ms | tok/sec: 518,863 | bf16_mfu: 46.67 | epoch: 1 | total time: 119.00m | eta: 38.5m
step 03296/04357 (75.65%) | loss: 2.678565 | lrm: 0.49 | dt: 2024.18ms | tok/sec: 518,025 | bf16_mfu: 46.59 | epoch: 1 | total time: 119.04m | eta: 38.4m
step 03297/04357 (75.67%) | loss: 2.686106 | lrm: 0.49 | dt: 2022.14ms | tok/sec: 518,547 | bf16_mfu: 46.64 | epoch: 1 | total time: 119.07m | eta: 38.4m
step 03298/04357 (75.69%) | loss: 2.687592 | lrm: 0.49 | dt: 2026.63ms | tok/sec: 517,398 | bf16_mfu: 46.54 | epoch: 1 | total time: 119.11m | eta: 38.4m
step 03299/04357 (75.72%) | loss: 2.689399 | lrm: 0.49 | dt: 2027.92ms | tok/sec: 517,070 | bf16_mfu: 46.51 | epoch: 1 | total time: 119.14m | eta: 38.3m
step 03300/04357 (75.74%) | loss: 2.671358 | lrm: 0.49 | dt: 2023.88ms | tok/sec: 518,103 | bf16_mfu: 46.60 | epoch: 1 | total time: 119.17m | eta: 38.3m
step 03301/04357 (75.76%) | loss: 2.652009 | lrm: 0.48 | dt: 2027.40ms | tok/sec: 517,201 | bf16_mfu: 46.52 | epoch: 1 | total time: 119.21m | eta: 38.3m
step 03302/04357 (75.79%) | loss: 2.666568 | lrm: 0.48 | dt: 2022.10ms | tok/sec: 518,556 | bf16_mfu: 46.64 | epoch: 1 | total time: 119.24m | eta: 38.2m
step 03303/04357 (75.81%) | loss: 2.666105 | lrm: 0.48 | dt: 2023.06ms | tok/sec: 518,311 | bf16_mfu: 46.62 | epoch: 1 | total time: 119.27m | eta: 38.2m
step 03304/04357 (75.83%) | loss: 2.664097 | lrm: 0.48 | dt: 2026.00ms | tok/sec: 517,560 | bf16_mfu: 46.55 | epoch: 1 | total time: 119.31m | eta: 38.1m
step 03305/04357 (75.85%) | loss: 2.662953 | lrm: 0.48 | dt: 2024.12ms | tok/sec: 518,039 | bf16_mfu: 46.60 | epoch: 1 | total time: 119.34m | eta: 38.1m
step 03306/04357 (75.88%) | loss: 2.661244 | lrm: 0.48 | dt: 2020.09ms | tok/sec: 519,072 | bf16_mfu: 46.69 | epoch: 1 | total time: 119.38m | eta: 38.1m
step 03307/04357 (75.90%) | loss: 2.668437 | lrm: 0.48 | dt: 2022.14ms | tok/sec: 518,547 | bf16_mfu: 46.64 | epoch: 1 | total time: 119.41m | eta: 38.0m
step 03308/04357 (75.92%) | loss: 2.665439 | lrm: 0.48 | dt: 2026.58ms | tok/sec: 517,412 | bf16_mfu: 46.54 | epoch: 1 | total time: 119.44m | eta: 38.0m
step 03309/04357 (75.95%) | loss: 2.664487 | lrm: 0.48 | dt: 2030.83ms | tok/sec: 516,329 | bf16_mfu: 46.44 | epoch: 1 | total time: 119.48m | eta: 38.0m
step 03310/04357 (75.97%) | loss: 2.657803 | lrm: 0.48 | dt: 2032.45ms | tok/sec: 515,917 | bf16_mfu: 46.40 | epoch: 1 | total time: 119.51m | eta: 37.9m
step 03311/04357 (75.99%) | loss: 2.668965 | lrm: 0.48 | dt: 2030.42ms | tok/sec: 516,431 | bf16_mfu: 46.45 | epoch: 1 | total time: 119.54m | eta: 37.9m
step 03312/04357 (76.02%) | loss: 2.655944 | lrm: 0.48 | dt: 2026.47ms | tok/sec: 517,439 | bf16_mfu: 46.54 | epoch: 1 | total time: 119.58m | eta: 37.8m
step 03313/04357 (76.04%) | loss: 2.635562 | lrm: 0.48 | dt: 2033.98ms | tok/sec: 515,528 | bf16_mfu: 46.37 | epoch: 1 | total time: 119.61m | eta: 37.8m
step 03314/04357 (76.06%) | loss: 2.632364 | lrm: 0.48 | dt: 2029.11ms | tok/sec: 516,766 | bf16_mfu: 46.48 | epoch: 1 | total time: 119.65m | eta: 37.8m
step 03315/04357 (76.08%) | loss: 2.643863 | lrm: 0.48 | dt: 2029.30ms | tok/sec: 516,716 | bf16_mfu: 46.48 | epoch: 1 | total time: 119.68m | eta: 37.7m
step 03316/04357 (76.11%) | loss: 2.644760 | lrm: 0.48 | dt: 2033.43ms | tok/sec: 515,669 | bf16_mfu: 46.38 | epoch: 1 | total time: 119.71m | eta: 37.7m
step 03317/04357 (76.13%) | loss: 2.652011 | lrm: 0.48 | dt: 2031.57ms | tok/sec: 516,141 | bf16_mfu: 46.42 | epoch: 1 | total time: 119.75m | eta: 37.7m
step 03318/04357 (76.15%) | loss: 2.663374 | lrm: 0.48 | dt: 2029.75ms | tok/sec: 516,603 | bf16_mfu: 46.47 | epoch: 1 | total time: 119.78m | eta: 37.6m
step 03319/04357 (76.18%) | loss: 2.666032 | lrm: 0.48 | dt: 2031.22ms | tok/sec: 516,229 | bf16_mfu: 46.43 | epoch: 1 | total time: 119.82m | eta: 37.6m
step 03320/04357 (76.20%) | loss: 2.664118 | lrm: 0.48 | dt: 2026.70ms | tok/sec: 517,381 | bf16_mfu: 46.54 | epoch: 1 | total time: 119.85m | eta: 37.5m
step 03321/04357 (76.22%) | loss: 2.674154 | lrm: 0.48 | dt: 2031.58ms | tok/sec: 516,137 | bf16_mfu: 46.42 | epoch: 1 | total time: 119.88m | eta: 37.5m
step 03322/04357 (76.25%) | loss: 2.661235 | lrm: 0.48 | dt: 2039.35ms | tok/sec: 514,172 | bf16_mfu: 46.25 | epoch: 1 | total time: 119.92m | eta: 37.5m
step 03323/04357 (76.27%) | loss: 2.669695 | lrm: 0.47 | dt: 2034.48ms | tok/sec: 515,401 | bf16_mfu: 46.36 | epoch: 1 | total time: 119.95m | eta: 37.4m
step 03324/04357 (76.29%) | loss: 2.673073 | lrm: 0.47 | dt: 2032.49ms | tok/sec: 515,907 | bf16_mfu: 46.40 | epoch: 1 | total time: 119.98m | eta: 37.4m
step 03325/04357 (76.31%) | loss: 2.675222 | lrm: 0.47 | dt: 2028.33ms | tok/sec: 516,964 | bf16_mfu: 46.50 | epoch: 1 | total time: 120.02m | eta: 37.4m
step 03326/04357 (76.34%) | loss: 2.680596 | lrm: 0.47 | dt: 2031.05ms | tok/sec: 516,273 | bf16_mfu: 46.44 | epoch: 1 | total time: 120.05m | eta: 37.3m
step 03327/04357 (76.36%) | loss: 2.679981 | lrm: 0.47 | dt: 2031.45ms | tok/sec: 516,171 | bf16_mfu: 46.43 | epoch: 1 | total time: 120.09m | eta: 37.3m
step 03328/04357 (76.38%) | loss: 2.672981 | lrm: 0.47 | dt: 2032.47ms | tok/sec: 515,912 | bf16_mfu: 46.40 | epoch: 1 | total time: 120.12m | eta: 37.3m
step 03329/04357 (76.41%) | loss: 2.673895 | lrm: 0.47 | dt: 2046.90ms | tok/sec: 512,274 | bf16_mfu: 46.08 | epoch: 1 | total time: 120.15m | eta: 37.2m
step 03330/04357 (76.43%) | loss: 2.685290 | lrm: 0.47 | dt: 2028.65ms | tok/sec: 516,882 | bf16_mfu: 46.49 | epoch: 1 | total time: 120.19m | eta: 37.2m
step 03331/04357 (76.45%) | loss: 2.683629 | lrm: 0.47 | dt: 2035.63ms | tok/sec: 515,110 | bf16_mfu: 46.33 | epoch: 1 | total time: 120.22m | eta: 37.1m
step 03332/04357 (76.47%) | loss: 2.683927 | lrm: 0.47 | dt: 2034.57ms | tok/sec: 515,379 | bf16_mfu: 46.36 | epoch: 1 | total time: 120.26m | eta: 37.1m
step 03333/04357 (76.50%) | loss: 2.667906 | lrm: 0.47 | dt: 2035.27ms | tok/sec: 515,201 | bf16_mfu: 46.34 | epoch: 1 | total time: 120.29m | eta: 37.1m
step 03334/04357 (76.52%) | loss: 2.669985 | lrm: 0.47 | dt: 2047.81ms | tok/sec: 512,046 | bf16_mfu: 46.06 | epoch: 1 | total time: 120.32m | eta: 37.0m
step 03335/04357 (76.54%) | loss: 2.689884 | lrm: 0.47 | dt: 2026.26ms | tok/sec: 517,493 | bf16_mfu: 46.55 | epoch: 1 | total time: 120.36m | eta: 37.0m
step 03336/04357 (76.57%) | loss: 2.695892 | lrm: 0.47 | dt: 2025.35ms | tok/sec: 517,726 | bf16_mfu: 46.57 | epoch: 1 | total time: 120.39m | eta: 37.0m
step 03337/04357 (76.59%) | loss: 2.681614 | lrm: 0.47 | dt: 2033.01ms | tok/sec: 515,775 | bf16_mfu: 46.39 | epoch: 1 | total time: 120.43m | eta: 36.9m
step 03338/04357 (76.61%) | loss: 2.674236 | lrm: 0.47 | dt: 2034.56ms | tok/sec: 515,382 | bf16_mfu: 46.36 | epoch: 1 | total time: 120.46m | eta: 36.9m
step 03339/04357 (76.64%) | loss: 2.671290 | lrm: 0.47 | dt: 2035.86ms | tok/sec: 515,053 | bf16_mfu: 46.33 | epoch: 1 | total time: 120.49m | eta: 36.8m
step 03340/04357 (76.66%) | loss: 2.656596 | lrm: 0.47 | dt: 2037.34ms | tok/sec: 514,678 | bf16_mfu: 46.29 | epoch: 1 | total time: 120.53m | eta: 36.8m
step 03341/04357 (76.68%) | loss: 2.672081 | lrm: 0.47 | dt: 2034.10ms | tok/sec: 515,498 | bf16_mfu: 46.37 | epoch: 1 | total time: 120.56m | eta: 36.8m
step 03342/04357 (76.70%) | loss: 2.678033 | lrm: 0.47 | dt: 2033.87ms | tok/sec: 515,556 | bf16_mfu: 46.37 | epoch: 1 | total time: 120.59m | eta: 36.7m
step 03343/04357 (76.73%) | loss: 2.688393 | lrm: 0.47 | dt: 2033.25ms | tok/sec: 515,714 | bf16_mfu: 46.39 | epoch: 1 | total time: 120.63m | eta: 36.7m
step 03344/04357 (76.75%) | loss: 2.706657 | lrm: 0.47 | dt: 2033.30ms | tok/sec: 515,700 | bf16_mfu: 46.39 | epoch: 1 | total time: 120.66m | eta: 36.7m
step 03345/04357 (76.77%) | loss: 2.710506 | lrm: 0.46 | dt: 2028.49ms | tok/sec: 516,923 | bf16_mfu: 46.50 | epoch: 1 | total time: 120.70m | eta: 36.6m
step 03346/04357 (76.80%) | loss: 2.698115 | lrm: 0.46 | dt: 2035.91ms | tok/sec: 515,040 | bf16_mfu: 46.33 | epoch: 1 | total time: 120.73m | eta: 36.6m
step 03347/04357 (76.82%) | loss: 2.707161 | lrm: 0.46 | dt: 2034.99ms | tok/sec: 515,273 | bf16_mfu: 46.35 | epoch: 1 | total time: 120.76m | eta: 36.6m
step 03348/04357 (76.84%) | loss: 2.708177 | lrm: 0.46 | dt: 2037.66ms | tok/sec: 514,597 | bf16_mfu: 46.29 | epoch: 1 | total time: 120.80m | eta: 36.5m
step 03349/04357 (76.86%) | loss: 2.699070 | lrm: 0.46 | dt: 2038.01ms | tok/sec: 514,510 | bf16_mfu: 46.28 | epoch: 1 | total time: 120.83m | eta: 36.5m
step 03350/04357 (76.89%) | loss: 2.700105 | lrm: 0.46 | dt: 2030.47ms | tok/sec: 516,421 | bf16_mfu: 46.45 | epoch: 1 | total time: 120.87m | eta: 36.4m
step 03351/04357 (76.91%) | loss: 2.700986 | lrm: 0.46 | dt: 2034.95ms | tok/sec: 515,283 | bf16_mfu: 46.35 | epoch: 1 | total time: 120.90m | eta: 36.4m
step 03352/04357 (76.93%) | loss: 2.703431 | lrm: 0.46 | dt: 2027.79ms | tok/sec: 517,104 | bf16_mfu: 46.51 | epoch: 1 | total time: 120.93m | eta: 36.4m
step 03353/04357 (76.96%) | loss: 2.697048 | lrm: 0.46 | dt: 2034.86ms | tok/sec: 515,307 | bf16_mfu: 46.35 | epoch: 1 | total time: 120.97m | eta: 36.3m
step 03354/04357 (76.98%) | loss: 2.702827 | lrm: 0.46 | dt: 2036.41ms | tok/sec: 514,914 | bf16_mfu: 46.31 | epoch: 1 | total time: 121.00m | eta: 36.3m
step 03355/04357 (77.00%) | loss: 2.708409 | lrm: 0.46 | dt: 2034.95ms | tok/sec: 515,283 | bf16_mfu: 46.35 | epoch: 1 | total time: 121.04m | eta: 36.3m
step 03356/04357 (77.03%) | loss: 2.711625 | lrm: 0.46 | dt: 2037.29ms | tok/sec: 514,691 | bf16_mfu: 46.29 | epoch: 1 | total time: 121.07m | eta: 36.2m
step 03357/04357 (77.05%) | loss: 2.709952 | lrm: 0.46 | dt: 2032.76ms | tok/sec: 515,837 | bf16_mfu: 46.40 | epoch: 1 | total time: 121.10m | eta: 36.2m
step 03358/04357 (77.07%) | loss: 2.714767 | lrm: 0.46 | dt: 2032.23ms | tok/sec: 515,972 | bf16_mfu: 46.41 | epoch: 1 | total time: 121.14m | eta: 36.1m
step 03359/04357 (77.09%) | loss: 2.714757 | lrm: 0.46 | dt: 2031.33ms | tok/sec: 516,201 | bf16_mfu: 46.43 | epoch: 1 | total time: 121.17m | eta: 36.1m
step 03360/04357 (77.12%) | loss: 2.717065 | lrm: 0.46 | dt: 2048.60ms | tok/sec: 511,850 | bf16_mfu: 46.04 | epoch: 1 | total time: 121.21m | eta: 36.1m
step 03361/04357 (77.14%) | loss: 2.718439 | lrm: 0.46 | dt: 2034.99ms | tok/sec: 515,272 | bf16_mfu: 46.35 | epoch: 1 | total time: 121.24m | eta: 36.0m
step 03362/04357 (77.16%) | loss: 2.723272 | lrm: 0.46 | dt: 2030.33ms | tok/sec: 516,454 | bf16_mfu: 46.45 | epoch: 1 | total time: 121.27m | eta: 36.0m
step 03363/04357 (77.19%) | loss: 2.718303 | lrm: 0.46 | dt: 2032.07ms | tok/sec: 516,014 | bf16_mfu: 46.41 | epoch: 1 | total time: 121.31m | eta: 36.0m
step 03364/04357 (77.21%) | loss: 2.722130 | lrm: 0.46 | dt: 2030.83ms | tok/sec: 516,328 | bf16_mfu: 46.44 | epoch: 1 | total time: 121.34m | eta: 35.9m
step 03365/04357 (77.23%) | loss: 2.712311 | lrm: 0.46 | dt: 2032.29ms | tok/sec: 515,957 | bf16_mfu: 46.41 | epoch: 1 | total time: 121.37m | eta: 35.9m
step 03366/04357 (77.25%) | loss: 2.711391 | lrm: 0.46 | dt: 2042.35ms | tok/sec: 513,415 | bf16_mfu: 46.18 | epoch: 1 | total time: 121.41m | eta: 35.9m
step 03367/04357 (77.28%) | loss: 2.722405 | lrm: 0.45 | dt: 2036.85ms | tok/sec: 514,803 | bf16_mfu: 46.30 | epoch: 1 | total time: 121.44m | eta: 35.8m
step 03368/04357 (77.30%) | loss: 2.717645 | lrm: 0.45 | dt: 2034.88ms | tok/sec: 515,301 | bf16_mfu: 46.35 | epoch: 1 | total time: 121.48m | eta: 35.8m
step 03369/04357 (77.32%) | loss: 2.722968 | lrm: 0.45 | dt: 2047.76ms | tok/sec: 512,060 | bf16_mfu: 46.06 | epoch: 1 | total time: 121.51m | eta: 35.7m
step 03370/04357 (77.35%) | loss: 2.722471 | lrm: 0.45 | dt: 2035.06ms | tok/sec: 515,256 | bf16_mfu: 46.35 | epoch: 1 | total time: 121.54m | eta: 35.7m
step 03371/04357 (77.37%) | loss: 2.712493 | lrm: 0.45 | dt: 2038.24ms | tok/sec: 514,450 | bf16_mfu: 46.27 | epoch: 1 | total time: 121.58m | eta: 35.7m
step 03372/04357 (77.39%) | loss: 2.707371 | lrm: 0.45 | dt: 2039.51ms | tok/sec: 514,132 | bf16_mfu: 46.24 | epoch: 1 | total time: 121.61m | eta: 35.6m
step 03373/04357 (77.42%) | loss: 2.693759 | lrm: 0.45 | dt: 2036.79ms | tok/sec: 514,819 | bf16_mfu: 46.31 | epoch: 1 | total time: 121.65m | eta: 35.6m
step 03374/04357 (77.44%) | loss: 2.677976 | lrm: 0.45 | dt: 2032.40ms | tok/sec: 515,930 | bf16_mfu: 46.41 | epoch: 1 | total time: 121.68m | eta: 35.6m
step 03375/04357 (77.46%) | loss: 2.692787 | lrm: 0.45 | dt: 2034.74ms | tok/sec: 515,336 | bf16_mfu: 46.35 | epoch: 1 | total time: 121.71m | eta: 35.5m
step 03376/04357 (77.48%) | loss: 2.677911 | lrm: 0.45 | dt: 2036.25ms | tok/sec: 514,953 | bf16_mfu: 46.32 | epoch: 1 | total time: 121.75m | eta: 35.5m
step 03377/04357 (77.51%) | loss: 2.684484 | lrm: 0.45 | dt: 2036.82ms | tok/sec: 514,811 | bf16_mfu: 46.31 | epoch: 1 | total time: 121.78m | eta: 35.4m
step 03378/04357 (77.53%) | loss: 2.682405 | lrm: 0.45 | dt: 2036.25ms | tok/sec: 514,955 | bf16_mfu: 46.32 | epoch: 1 | total time: 121.82m | eta: 35.4m
step 03379/04357 (77.55%) | loss: 2.683811 | lrm: 0.45 | dt: 2033.81ms | tok/sec: 515,572 | bf16_mfu: 46.37 | epoch: 1 | total time: 121.85m | eta: 35.4m
step 03380/04357 (77.58%) | loss: 2.686228 | lrm: 0.45 | dt: 2033.58ms | tok/sec: 515,630 | bf16_mfu: 46.38 | epoch: 1 | total time: 121.88m | eta: 35.3m
step 03381/04357 (77.60%) | loss: 2.673805 | lrm: 0.45 | dt: 2037.86ms | tok/sec: 514,546 | bf16_mfu: 46.28 | epoch: 1 | total time: 121.92m | eta: 35.3m
step 03382/04357 (77.62%) | loss: 2.683363 | lrm: 0.45 | dt: 2036.02ms | tok/sec: 515,011 | bf16_mfu: 46.32 | epoch: 1 | total time: 121.95m | eta: 35.3m
step 03383/04357 (77.65%) | loss: 2.669824 | lrm: 0.45 | dt: 2035.04ms | tok/sec: 515,260 | bf16_mfu: 46.35 | epoch: 1 | total time: 121.99m | eta: 35.2m
step 03384/04357 (77.67%) | loss: 2.667151 | lrm: 0.45 | dt: 2041.59ms | tok/sec: 513,608 | bf16_mfu: 46.20 | epoch: 1 | total time: 122.02m | eta: 35.2m
step 03385/04357 (77.69%) | loss: 2.675337 | lrm: 0.45 | dt: 2031.24ms | tok/sec: 516,223 | bf16_mfu: 46.43 | epoch: 1 | total time: 122.05m | eta: 35.2m
step 03386/04357 (77.71%) | loss: 2.677282 | lrm: 0.45 | dt: 2034.28ms | tok/sec: 515,452 | bf16_mfu: 46.36 | epoch: 1 | total time: 122.09m | eta: 35.1m
step 03387/04357 (77.74%) | loss: 2.677643 | lrm: 0.45 | dt: 2038.57ms | tok/sec: 514,369 | bf16_mfu: 46.27 | epoch: 1 | total time: 122.12m | eta: 35.1m
step 03388/04357 (77.76%) | loss: 2.679634 | lrm: 0.44 | dt: 2036.72ms | tok/sec: 514,836 | bf16_mfu: 46.31 | epoch: 1 | total time: 122.16m | eta: 35.0m
step 03389/04357 (77.78%) | loss: 2.687042 | lrm: 0.44 | dt: 2039.80ms | tok/sec: 514,057 | bf16_mfu: 46.24 | epoch: 1 | total time: 122.19m | eta: 35.0m
step 03390/04357 (77.81%) | loss: 2.694450 | lrm: 0.44 | dt: 2032.10ms | tok/sec: 516,006 | bf16_mfu: 46.41 | epoch: 1 | total time: 122.22m | eta: 35.0m
step 03391/04357 (77.83%) | loss: 2.700722 | lrm: 0.44 | dt: 2034.04ms | tok/sec: 515,513 | bf16_mfu: 46.37 | epoch: 1 | total time: 122.26m | eta: 34.9m
step 03392/04357 (77.85%) | loss: 2.702249 | lrm: 0.44 | dt: 2031.84ms | tok/sec: 516,073 | bf16_mfu: 46.42 | epoch: 1 | total time: 122.29m | eta: 34.9m
step 03393/04357 (77.87%) | loss: 2.713627 | lrm: 0.44 | dt: 2038.79ms | tok/sec: 514,313 | bf16_mfu: 46.26 | epoch: 1 | total time: 122.33m | eta: 34.9m
step 03394/04357 (77.90%) | loss: 2.725994 | lrm: 0.44 | dt: 2040.35ms | tok/sec: 513,920 | bf16_mfu: 46.22 | epoch: 1 | total time: 122.36m | eta: 34.8m
step 03395/04357 (77.92%) | loss: 2.720821 | lrm: 0.44 | dt: 2025.44ms | tok/sec: 517,701 | bf16_mfu: 46.57 | epoch: 1 | total time: 122.39m | eta: 34.8m
step 03396/04357 (77.94%) | loss: 2.707826 | lrm: 0.44 | dt: 2030.06ms | tok/sec: 516,525 | bf16_mfu: 46.46 | epoch: 1 | total time: 122.43m | eta: 34.7m
step 03397/04357 (77.97%) | loss: 2.711972 | lrm: 0.44 | dt: 2045.08ms | tok/sec: 512,730 | bf16_mfu: 46.12 | epoch: 1 | total time: 122.46m | eta: 34.7m
step 03398/04357 (77.99%) | loss: 2.705410 | lrm: 0.44 | dt: 2034.73ms | tok/sec: 515,338 | bf16_mfu: 46.35 | epoch: 1 | total time: 122.49m | eta: 34.7m
step 03399/04357 (78.01%) | loss: 2.701168 | lrm: 0.44 | dt: 2036.36ms | tok/sec: 514,926 | bf16_mfu: 46.32 | epoch: 1 | total time: 122.53m | eta: 34.6m
step 03400/04357 (78.04%) | loss: 2.699123 | lrm: 0.44 | dt: 2032.73ms | tok/sec: 515,846 | bf16_mfu: 46.40 | epoch: 1 | total time: 122.56m | eta: 34.6m
step 03401/04357 (78.06%) | loss: 2.695915 | lrm: 0.44 | dt: 2035.62ms | tok/sec: 515,113 | bf16_mfu: 46.33 | epoch: 1 | total time: 122.60m | eta: 34.6m
step 03402/04357 (78.08%) | loss: 2.695114 | lrm: 0.44 | dt: 2028.58ms | tok/sec: 516,901 | bf16_mfu: 46.49 | epoch: 1 | total time: 122.63m | eta: 34.5m
step 03403/04357 (78.10%) | loss: 2.701409 | lrm: 0.44 | dt: 2035.04ms | tok/sec: 515,259 | bf16_mfu: 46.35 | epoch: 1 | total time: 122.66m | eta: 34.5m
step 03404/04357 (78.13%) | loss: 2.706587 | lrm: 0.44 | dt: 2050.62ms | tok/sec: 511,345 | bf16_mfu: 45.99 | epoch: 1 | total time: 122.70m | eta: 34.5m
step 03405/04357 (78.15%) | loss: 2.697227 | lrm: 0.44 | dt: 2035.85ms | tok/sec: 515,055 | bf16_mfu: 46.33 | epoch: 1 | total time: 122.73m | eta: 34.4m
step 03406/04357 (78.17%) | loss: 2.688610 | lrm: 0.44 | dt: 2030.48ms | tok/sec: 516,416 | bf16_mfu: 46.45 | epoch: 1 | total time: 122.77m | eta: 34.4m
step 03407/04357 (78.20%) | loss: 2.688029 | lrm: 0.44 | dt: 2032.05ms | tok/sec: 516,018 | bf16_mfu: 46.41 | epoch: 1 | total time: 122.80m | eta: 34.3m
step 03408/04357 (78.22%) | loss: 2.699423 | lrm: 0.44 | dt: 2035.66ms | tok/sec: 515,103 | bf16_mfu: 46.33 | epoch: 1 | total time: 122.83m | eta: 34.3m
step 03409/04357 (78.24%) | loss: 2.685810 | lrm: 0.44 | dt: 2034.54ms | tok/sec: 515,387 | bf16_mfu: 46.36 | epoch: 1 | total time: 122.87m | eta: 34.3m
step 03410/04357 (78.26%) | loss: 2.682309 | lrm: 0.43 | dt: 2030.35ms | tok/sec: 516,450 | bf16_mfu: 46.45 | epoch: 1 | total time: 122.90m | eta: 34.2m
step 03411/04357 (78.29%) | loss: 2.684268 | lrm: 0.43 | dt: 2034.78ms | tok/sec: 515,327 | bf16_mfu: 46.35 | epoch: 1 | total time: 122.94m | eta: 34.2m
step 03412/04357 (78.31%) | loss: 2.691818 | lrm: 0.43 | dt: 2029.64ms | tok/sec: 516,632 | bf16_mfu: 46.47 | epoch: 1 | total time: 122.97m | eta: 34.2m
step 03413/04357 (78.33%) | loss: 2.696471 | lrm: 0.43 | dt: 2035.19ms | tok/sec: 515,221 | bf16_mfu: 46.34 | epoch: 1 | total time: 123.00m | eta: 34.1m
step 03414/04357 (78.36%) | loss: 2.692733 | lrm: 0.43 | dt: 2035.51ms | tok/sec: 515,142 | bf16_mfu: 46.33 | epoch: 1 | total time: 123.04m | eta: 34.1m
step 03415/04357 (78.38%) | loss: 2.695981 | lrm: 0.43 | dt: 2031.68ms | tok/sec: 516,111 | bf16_mfu: 46.42 | epoch: 1 | total time: 123.07m | eta: 34.0m
step 03416/04357 (78.40%) | loss: 2.719792 | lrm: 0.43 | dt: 2038.80ms | tok/sec: 514,310 | bf16_mfu: 46.26 | epoch: 1 | total time: 123.11m | eta: 34.0m
step 03417/04357 (78.43%) | loss: 2.738152 | lrm: 0.43 | dt: 2035.90ms | tok/sec: 515,044 | bf16_mfu: 46.33 | epoch: 1 | total time: 123.14m | eta: 34.0m
step 03418/04357 (78.45%) | loss: 2.742828 | lrm: 0.43 | dt: 2034.03ms | tok/sec: 515,516 | bf16_mfu: 46.37 | epoch: 1 | total time: 123.17m | eta: 33.9m
step 03419/04357 (78.47%) | loss: 2.733339 | lrm: 0.43 | dt: 2035.51ms | tok/sec: 515,141 | bf16_mfu: 46.33 | epoch: 1 | total time: 123.21m | eta: 33.9m
step 03420/04357 (78.49%) | loss: 2.738321 | lrm: 0.43 | dt: 2034.38ms | tok/sec: 515,427 | bf16_mfu: 46.36 | epoch: 1 | total time: 123.24m | eta: 33.9m
step 03421/04357 (78.52%) | loss: 2.723719 | lrm: 0.43 | dt: 2036.92ms | tok/sec: 514,784 | bf16_mfu: 46.30 | epoch: 1 | total time: 123.27m | eta: 33.8m
step 03422/04357 (78.54%) | loss: 2.722595 | lrm: 0.43 | dt: 2034.20ms | tok/sec: 515,474 | bf16_mfu: 46.36 | epoch: 1 | total time: 123.31m | eta: 33.8m
step 03423/04357 (78.56%) | loss: 2.710562 | lrm: 0.43 | dt: 2035.42ms | tok/sec: 515,163 | bf16_mfu: 46.34 | epoch: 1 | total time: 123.34m | eta: 33.8m
step 03424/04357 (78.59%) | loss: 2.712099 | lrm: 0.43 | dt: 2039.23ms | tok/sec: 514,201 | bf16_mfu: 46.25 | epoch: 1 | total time: 123.38m | eta: 33.7m
step 03425/04357 (78.61%) | loss: 2.707348 | lrm: 0.43 | dt: 2035.31ms | tok/sec: 515,192 | bf16_mfu: 46.34 | epoch: 1 | total time: 123.41m | eta: 33.7m
step 03426/04357 (78.63%) | loss: 2.715013 | lrm: 0.43 | dt: 2025.71ms | tok/sec: 517,633 | bf16_mfu: 46.56 | epoch: 1 | total time: 123.44m | eta: 33.6m
step 03427/04357 (78.66%) | loss: 2.705051 | lrm: 0.43 | dt: 2037.47ms | tok/sec: 514,647 | bf16_mfu: 46.29 | epoch: 1 | total time: 123.48m | eta: 33.6m
step 03428/04357 (78.68%) | loss: 2.695141 | lrm: 0.43 | dt: 2039.56ms | tok/sec: 514,118 | bf16_mfu: 46.24 | epoch: 1 | total time: 123.51m | eta: 33.6m
step 03429/04357 (78.70%) | loss: 2.682153 | lrm: 0.43 | dt: 2045.17ms | tok/sec: 512,708 | bf16_mfu: 46.12 | epoch: 1 | total time: 123.55m | eta: 33.5m
step 03430/04357 (78.72%) | loss: 2.678363 | lrm: 0.43 | dt: 2036.65ms | tok/sec: 514,852 | bf16_mfu: 46.31 | epoch: 1 | total time: 123.58m | eta: 33.5m
step 03431/04357 (78.75%) | loss: 2.676639 | lrm: 0.43 | dt: 2043.23ms | tok/sec: 513,194 | bf16_mfu: 46.16 | epoch: 1 | total time: 123.61m | eta: 33.5m
step 03432/04357 (78.77%) | loss: 2.667950 | lrm: 0.42 | dt: 2031.96ms | tok/sec: 516,041 | bf16_mfu: 46.42 | epoch: 1 | total time: 123.65m | eta: 33.4m
step 03433/04357 (78.79%) | loss: 2.678511 | lrm: 0.42 | dt: 2039.02ms | tok/sec: 514,253 | bf16_mfu: 46.25 | epoch: 1 | total time: 123.68m | eta: 33.4m
step 03434/04357 (78.82%) | loss: 2.683361 | lrm: 0.42 | dt: 2033.34ms | tok/sec: 515,690 | bf16_mfu: 46.38 | epoch: 1 | total time: 123.72m | eta: 33.3m
step 03435/04357 (78.84%) | loss: 2.680649 | lrm: 0.42 | dt: 2034.10ms | tok/sec: 515,499 | bf16_mfu: 46.37 | epoch: 1 | total time: 123.75m | eta: 33.3m
step 03436/04357 (78.86%) | loss: 2.676164 | lrm: 0.42 | dt: 2034.62ms | tok/sec: 515,367 | bf16_mfu: 46.36 | epoch: 1 | total time: 123.78m | eta: 33.3m
step 03437/04357 (78.88%) | loss: 2.682490 | lrm: 0.42 | dt: 2035.75ms | tok/sec: 515,080 | bf16_mfu: 46.33 | epoch: 1 | total time: 123.82m | eta: 33.2m
step 03438/04357 (78.91%) | loss: 2.677382 | lrm: 0.42 | dt: 2037.72ms | tok/sec: 514,582 | bf16_mfu: 46.28 | epoch: 1 | total time: 123.85m | eta: 33.2m
step 03439/04357 (78.93%) | loss: 2.683831 | lrm: 0.42 | dt: 2036.86ms | tok/sec: 514,801 | bf16_mfu: 46.30 | epoch: 1 | total time: 123.89m | eta: 33.2m
step 03440/04357 (78.95%) | loss: 2.681330 | lrm: 0.42 | dt: 2034.30ms | tok/sec: 515,448 | bf16_mfu: 46.36 | epoch: 1 | total time: 123.92m | eta: 33.1m
step 03441/04357 (78.98%) | loss: 2.682257 | lrm: 0.42 | dt: 2039.38ms | tok/sec: 514,163 | bf16_mfu: 46.25 | epoch: 1 | total time: 123.95m | eta: 33.1m
step 03442/04357 (79.00%) | loss: 2.674898 | lrm: 0.42 | dt: 2034.19ms | tok/sec: 515,475 | bf16_mfu: 46.36 | epoch: 1 | total time: 123.99m | eta: 33.1m
step 03443/04357 (79.02%) | loss: 2.674436 | lrm: 0.42 | dt: 2042.53ms | tok/sec: 513,371 | bf16_mfu: 46.18 | epoch: 1 | total time: 124.02m | eta: 33.0m
step 03444/04357 (79.05%) | loss: 2.673955 | lrm: 0.42 | dt: 2031.90ms | tok/sec: 516,057 | bf16_mfu: 46.42 | epoch: 1 | total time: 124.06m | eta: 33.0m
step 03445/04357 (79.07%) | loss: 2.679897 | lrm: 0.42 | dt: 2032.93ms | tok/sec: 515,795 | bf16_mfu: 46.39 | epoch: 1 | total time: 124.09m | eta: 32.9m
step 03446/04357 (79.09%) | loss: 2.682409 | lrm: 0.42 | dt: 2033.95ms | tok/sec: 515,535 | bf16_mfu: 46.37 | epoch: 1 | total time: 124.12m | eta: 32.9m
step 03447/04357 (79.11%) | loss: 2.664634 | lrm: 0.42 | dt: 2029.61ms | tok/sec: 516,638 | bf16_mfu: 46.47 | epoch: 1 | total time: 124.16m | eta: 32.9m
step 03448/04357 (79.14%) | loss: 2.666988 | lrm: 0.42 | dt: 2038.58ms | tok/sec: 514,366 | bf16_mfu: 46.27 | epoch: 1 | total time: 124.19m | eta: 32.8m
step 03449/04357 (79.16%) | loss: 2.674951 | lrm: 0.42 | dt: 2036.65ms | tok/sec: 514,853 | bf16_mfu: 46.31 | epoch: 1 | total time: 124.22m | eta: 32.8m
step 03450/04357 (79.18%) | loss: 2.686246 | lrm: 0.42 | dt: 2038.48ms | tok/sec: 514,391 | bf16_mfu: 46.27 | epoch: 1 | total time: 124.26m | eta: 32.8m
step 03451/04357 (79.21%) | loss: 2.679993 | lrm: 0.42 | dt: 2037.29ms | tok/sec: 514,691 | bf16_mfu: 46.29 | epoch: 1 | total time: 124.29m | eta: 32.7m
step 03452/04357 (79.23%) | loss: 2.674239 | lrm: 0.42 | dt: 2040.53ms | tok/sec: 513,875 | bf16_mfu: 46.22 | epoch: 1 | total time: 124.33m | eta: 32.7m
step 03453/04357 (79.25%) | loss: 2.658913 | lrm: 0.42 | dt: 2031.31ms | tok/sec: 516,206 | bf16_mfu: 46.43 | epoch: 1 | total time: 124.36m | eta: 32.7m
step 03454/04357 (79.27%) | loss: 2.671201 | lrm: 0.41 | dt: 2030.05ms | tok/sec: 516,527 | bf16_mfu: 46.46 | epoch: 1 | total time: 124.39m | eta: 32.6m
step 03455/04357 (79.30%) | loss: 2.668900 | lrm: 0.41 | dt: 2032.40ms | tok/sec: 515,929 | bf16_mfu: 46.41 | epoch: 1 | total time: 124.43m | eta: 32.6m
step 03456/04357 (79.32%) | loss: 2.674882 | lrm: 0.41 | dt: 2033.85ms | tok/sec: 515,562 | bf16_mfu: 46.37 | epoch: 1 | total time: 124.46m | eta: 32.5m
step 03457/04357 (79.34%) | loss: 2.685513 | lrm: 0.41 | dt: 2030.06ms | tok/sec: 516,523 | bf16_mfu: 46.46 | epoch: 1 | total time: 124.50m | eta: 32.5m
step 03458/04357 (79.37%) | loss: 2.682178 | lrm: 0.41 | dt: 2041.34ms | tok/sec: 513,670 | bf16_mfu: 46.20 | epoch: 1 | total time: 124.53m | eta: 32.5m
step 03459/04357 (79.39%) | loss: 2.680596 | lrm: 0.41 | dt: 2031.42ms | tok/sec: 516,179 | bf16_mfu: 46.43 | epoch: 1 | total time: 124.56m | eta: 32.4m
step 03460/04357 (79.41%) | loss: 2.680731 | lrm: 0.41 | dt: 2033.88ms | tok/sec: 515,554 | bf16_mfu: 46.37 | epoch: 1 | total time: 124.60m | eta: 32.4m
step 03461/04357 (79.44%) | loss: 2.695252 | lrm: 0.41 | dt: 2035.05ms | tok/sec: 515,259 | bf16_mfu: 46.35 | epoch: 1 | total time: 124.63m | eta: 32.4m
step 03462/04357 (79.46%) | loss: 2.692357 | lrm: 0.41 | dt: 2033.95ms | tok/sec: 515,537 | bf16_mfu: 46.37 | epoch: 1 | total time: 124.67m | eta: 32.3m
step 03463/04357 (79.48%) | loss: 2.691337 | lrm: 0.41 | dt: 2036.60ms | tok/sec: 514,866 | bf16_mfu: 46.31 | epoch: 1 | total time: 124.70m | eta: 32.3m
step 03464/04357 (79.50%) | loss: 2.687475 | lrm: 0.41 | dt: 2034.51ms | tok/sec: 515,395 | bf16_mfu: 46.36 | epoch: 1 | total time: 124.73m | eta: 32.2m
step 03465/04357 (79.53%) | loss: 2.679636 | lrm: 0.41 | dt: 2042.36ms | tok/sec: 513,413 | bf16_mfu: 46.18 | epoch: 1 | total time: 124.77m | eta: 32.2m
step 03466/04357 (79.55%) | loss: 2.678353 | lrm: 0.41 | dt: 2036.86ms | tok/sec: 514,799 | bf16_mfu: 46.30 | epoch: 1 | total time: 124.80m | eta: 32.2m
step 03467/04357 (79.57%) | loss: 2.677345 | lrm: 0.41 | dt: 2037.49ms | tok/sec: 514,641 | bf16_mfu: 46.29 | epoch: 1 | total time: 124.84m | eta: 32.1m
step 03468/04357 (79.60%) | loss: 2.670238 | lrm: 0.41 | dt: 2036.17ms | tok/sec: 514,973 | bf16_mfu: 46.32 | epoch: 1 | total time: 124.87m | eta: 32.1m
step 03469/04357 (79.62%) | loss: 2.678806 | lrm: 0.41 | dt: 2039.44ms | tok/sec: 514,148 | bf16_mfu: 46.25 | epoch: 1 | total time: 124.90m | eta: 32.1m
step 03470/04357 (79.64%) | loss: 2.685650 | lrm: 0.41 | dt: 2037.98ms | tok/sec: 514,517 | bf16_mfu: 46.28 | epoch: 1 | total time: 124.94m | eta: 32.0m
step 03471/04357 (79.66%) | loss: 2.689927 | lrm: 0.41 | dt: 2032.41ms | tok/sec: 515,928 | bf16_mfu: 46.41 | epoch: 1 | total time: 124.97m | eta: 32.0m
step 03472/04357 (79.69%) | loss: 2.693840 | lrm: 0.41 | dt: 2030.75ms | tok/sec: 516,347 | bf16_mfu: 46.44 | epoch: 1 | total time: 125.01m | eta: 32.0m
step 03473/04357 (79.71%) | loss: 2.689256 | lrm: 0.41 | dt: 2033.70ms | tok/sec: 515,601 | bf16_mfu: 46.38 | epoch: 1 | total time: 125.04m | eta: 31.9m
step 03474/04357 (79.73%) | loss: 2.689566 | lrm: 0.41 | dt: 2038.09ms | tok/sec: 514,489 | bf16_mfu: 46.28 | epoch: 1 | total time: 125.07m | eta: 31.9m
step 03475/04357 (79.76%) | loss: 2.687822 | lrm: 0.40 | dt: 2048.01ms | tok/sec: 511,997 | bf16_mfu: 46.05 | epoch: 1 | total time: 125.11m | eta: 31.8m
step 03476/04357 (79.78%) | loss: 2.694971 | lrm: 0.40 | dt: 2036.25ms | tok/sec: 514,955 | bf16_mfu: 46.32 | epoch: 1 | total time: 125.14m | eta: 31.8m
step 03477/04357 (79.80%) | loss: 2.699259 | lrm: 0.40 | dt: 2038.38ms | tok/sec: 514,415 | bf16_mfu: 46.27 | epoch: 1 | total time: 125.17m | eta: 31.8m
step 03478/04357 (79.83%) | loss: 2.691122 | lrm: 0.40 | dt: 2039.15ms | tok/sec: 514,221 | bf16_mfu: 46.25 | epoch: 1 | total time: 125.21m | eta: 31.7m
step 03479/04357 (79.85%) | loss: 2.682203 | lrm: 0.40 | dt: 2031.21ms | tok/sec: 516,232 | bf16_mfu: 46.43 | epoch: 1 | total time: 125.24m | eta: 31.7m
step 03480/04357 (79.87%) | loss: 2.687383 | lrm: 0.40 | dt: 2035.71ms | tok/sec: 515,090 | bf16_mfu: 46.33 | epoch: 1 | total time: 125.28m | eta: 31.7m
step 03481/04357 (79.89%) | loss: 2.685405 | lrm: 0.40 | dt: 2051.90ms | tok/sec: 511,027 | bf16_mfu: 45.96 | epoch: 1 | total time: 125.31m | eta: 31.6m
step 03482/04357 (79.92%) | loss: 2.677306 | lrm: 0.40 | dt: 2038.03ms | tok/sec: 514,503 | bf16_mfu: 46.28 | epoch: 1 | total time: 125.34m | eta: 31.6m
step 03483/04357 (79.94%) | loss: 2.685817 | lrm: 0.40 | dt: 2036.01ms | tok/sec: 515,015 | bf16_mfu: 46.32 | epoch: 1 | total time: 125.38m | eta: 31.6m
step 03484/04357 (79.96%) | loss: 2.679641 | lrm: 0.40 | dt: 2032.54ms | tok/sec: 515,893 | bf16_mfu: 46.40 | epoch: 1 | total time: 125.41m | eta: 31.5m
step 03485/04357 (79.99%) | loss: 2.679573 | lrm: 0.40 | dt: 2038.68ms | tok/sec: 514,341 | bf16_mfu: 46.26 | epoch: 1 | total time: 125.45m | eta: 31.5m
step 03486/04357 (80.01%) | loss: 2.674499 | lrm: 0.40 | dt: 2026.08ms | tok/sec: 517,539 | bf16_mfu: 46.55 | epoch: 1 | total time: 125.48m | eta: 31.4m
step 03487/04357 (80.03%) | loss: 2.669326 | lrm: 0.40 | dt: 2037.98ms | tok/sec: 514,516 | bf16_mfu: 46.28 | epoch: 1 | total time: 125.51m | eta: 31.4m
step 03488/04357 (80.06%) | loss: 2.679298 | lrm: 0.40 | dt: 2039.41ms | tok/sec: 514,155 | bf16_mfu: 46.25 | epoch: 1 | total time: 125.55m | eta: 31.4m
step 03489/04357 (80.08%) | loss: 2.679680 | lrm: 0.40 | dt: 2035.83ms | tok/sec: 515,061 | bf16_mfu: 46.33 | epoch: 1 | total time: 125.58m | eta: 31.3m
step 03490/04357 (80.10%) | loss: 2.673946 | lrm: 0.40 | dt: 2036.42ms | tok/sec: 514,911 | bf16_mfu: 46.31 | epoch: 1 | total time: 125.62m | eta: 31.3m
step 03491/04357 (80.12%) | loss: 2.660816 | lrm: 0.40 | dt: 2040.94ms | tok/sec: 513,770 | bf16_mfu: 46.21 | epoch: 1 | total time: 125.65m | eta: 31.3m
step 03492/04357 (80.15%) | loss: 2.653672 | lrm: 0.40 | dt: 2040.50ms | tok/sec: 513,882 | bf16_mfu: 46.22 | epoch: 1 | total time: 125.68m | eta: 31.2m
step 03493/04357 (80.17%) | loss: 2.647656 | lrm: 0.40 | dt: 2041.04ms | tok/sec: 513,746 | bf16_mfu: 46.21 | epoch: 1 | total time: 125.72m | eta: 31.2m
step 03494/04357 (80.19%) | loss: 2.648857 | lrm: 0.40 | dt: 2034.26ms | tok/sec: 515,457 | bf16_mfu: 46.36 | epoch: 1 | total time: 125.75m | eta: 31.1m
step 03495/04357 (80.22%) | loss: 2.641269 | lrm: 0.40 | dt: 2034.85ms | tok/sec: 515,309 | bf16_mfu: 46.35 | epoch: 1 | total time: 125.79m | eta: 31.1m
step 03496/04357 (80.24%) | loss: 2.639626 | lrm: 0.40 | dt: 2033.62ms | tok/sec: 515,621 | bf16_mfu: 46.38 | epoch: 1 | total time: 125.82m | eta: 31.1m
step 03497/04357 (80.26%) | loss: 2.652820 | lrm: 0.39 | dt: 2034.49ms | tok/sec: 515,399 | bf16_mfu: 46.36 | epoch: 1 | total time: 125.85m | eta: 31.0m
step 03498/04357 (80.28%) | loss: 2.657606 | lrm: 0.39 | dt: 2039.63ms | tok/sec: 514,102 | bf16_mfu: 46.24 | epoch: 1 | total time: 125.89m | eta: 31.0m
step 03499/04357 (80.31%) | loss: 2.653686 | lrm: 0.39 | dt: 2035.99ms | tok/sec: 515,020 | bf16_mfu: 46.32 | epoch: 1 | total time: 125.92m | eta: 31.0m
Step 03500 | Validation bpb: 0.811440
step 03500/04357 (80.33%) | loss: 2.634940 | lrm: 0.39 | dt: 35890.94ms | tok/sec: 29,215 | bf16_mfu: 2.63 | epoch: 1 | total time: 126.52m | eta: 31.1m
step 03501/04357 (80.35%) | loss: 2.633214 | lrm: 0.39 | dt: 1990.55ms | tok/sec: 526,777 | bf16_mfu: 47.38 | epoch: 1 | total time: 126.55m | eta: 31.0m
step 03502/04357 (80.38%) | loss: 2.642184 | lrm: 0.39 | dt: 1988.43ms | tok/sec: 527,339 | bf16_mfu: 47.43 | epoch: 1 | total time: 126.59m | eta: 31.0m
step 03503/04357 (80.40%) | loss: 2.653215 | lrm: 0.39 | dt: 1995.97ms | tok/sec: 525,347 | bf16_mfu: 47.25 | epoch: 1 | total time: 126.62m | eta: 31.0m
step 03504/04357 (80.42%) | loss: 2.656393 | lrm: 0.39 | dt: 1985.53ms | tok/sec: 528,107 | bf16_mfu: 47.50 | epoch: 1 | total time: 126.65m | eta: 30.9m
step 03505/04357 (80.45%) | loss: 2.662775 | lrm: 0.39 | dt: 1983.28ms | tok/sec: 528,707 | bf16_mfu: 47.55 | epoch: 1 | total time: 126.69m | eta: 30.9m
step 03506/04357 (80.47%) | loss: 2.661157 | lrm: 0.39 | dt: 1988.24ms | tok/sec: 527,388 | bf16_mfu: 47.44 | epoch: 1 | total time: 126.72m | eta: 30.8m
step 03507/04357 (80.49%) | loss: 2.655741 | lrm: 0.39 | dt: 1992.42ms | tok/sec: 526,281 | bf16_mfu: 47.34 | epoch: 1 | total time: 126.75m | eta: 30.8m
step 03508/04357 (80.51%) | loss: 2.649682 | lrm: 0.39 | dt: 1994.07ms | tok/sec: 525,845 | bf16_mfu: 47.30 | epoch: 1 | total time: 126.79m | eta: 30.8m
step 03509/04357 (80.54%) | loss: 2.662343 | lrm: 0.39 | dt: 1983.59ms | tok/sec: 528,624 | bf16_mfu: 47.55 | epoch: 1 | total time: 126.82m | eta: 30.7m
step 03510/04357 (80.56%) | loss: 2.661321 | lrm: 0.39 | dt: 1992.49ms | tok/sec: 526,263 | bf16_mfu: 47.34 | epoch: 1 | total time: 126.85m | eta: 30.7m
step 03511/04357 (80.58%) | loss: 2.674835 | lrm: 0.39 | dt: 1998.02ms | tok/sec: 524,808 | bf16_mfu: 47.20 | epoch: 1 | total time: 126.88m | eta: 30.7m
step 03512/04357 (80.61%) | loss: 2.679014 | lrm: 0.39 | dt: 1993.68ms | tok/sec: 525,950 | bf16_mfu: 47.31 | epoch: 1 | total time: 126.92m | eta: 30.6m
step 03513/04357 (80.63%) | loss: 2.685085 | lrm: 0.39 | dt: 1999.72ms | tok/sec: 524,360 | bf16_mfu: 47.16 | epoch: 1 | total time: 126.95m | eta: 30.6m
step 03514/04357 (80.65%) | loss: 2.692565 | lrm: 0.39 | dt: 1996.68ms | tok/sec: 525,160 | bf16_mfu: 47.24 | epoch: 1 | total time: 126.98m | eta: 30.6m
step 03515/04357 (80.67%) | loss: 2.675269 | lrm: 0.39 | dt: 1997.41ms | tok/sec: 524,968 | bf16_mfu: 47.22 | epoch: 1 | total time: 127.02m | eta: 30.5m
step 03516/04357 (80.70%) | loss: 2.673819 | lrm: 0.39 | dt: 2003.10ms | tok/sec: 523,477 | bf16_mfu: 47.08 | epoch: 1 | total time: 127.05m | eta: 30.5m
step 03517/04357 (80.72%) | loss: 2.672313 | lrm: 0.39 | dt: 1999.85ms | tok/sec: 524,327 | bf16_mfu: 47.16 | epoch: 1 | total time: 127.08m | eta: 30.4m
step 03518/04357 (80.74%) | loss: 2.675679 | lrm: 0.39 | dt: 2001.99ms | tok/sec: 523,765 | bf16_mfu: 47.11 | epoch: 1 | total time: 127.12m | eta: 30.4m
step 03519/04357 (80.77%) | loss: 2.683036 | lrm: 0.38 | dt: 1999.82ms | tok/sec: 524,335 | bf16_mfu: 47.16 | epoch: 1 | total time: 127.15m | eta: 30.4m
step 03520/04357 (80.79%) | loss: 2.678590 | lrm: 0.38 | dt: 2009.37ms | tok/sec: 521,843 | bf16_mfu: 46.94 | epoch: 1 | total time: 127.18m | eta: 30.3m
step 03521/04357 (80.81%) | loss: 2.677794 | lrm: 0.38 | dt: 2010.94ms | tok/sec: 521,436 | bf16_mfu: 46.90 | epoch: 1 | total time: 127.22m | eta: 30.3m
step 03522/04357 (80.84%) | loss: 2.680167 | lrm: 0.38 | dt: 2010.54ms | tok/sec: 521,540 | bf16_mfu: 46.91 | epoch: 1 | total time: 127.25m | eta: 30.3m
step 03523/04357 (80.86%) | loss: 2.680242 | lrm: 0.38 | dt: 2009.76ms | tok/sec: 521,742 | bf16_mfu: 46.93 | epoch: 1 | total time: 127.29m | eta: 30.2m
step 03524/04357 (80.88%) | loss: 2.676477 | lrm: 0.38 | dt: 2008.56ms | tok/sec: 522,052 | bf16_mfu: 46.96 | epoch: 1 | total time: 127.32m | eta: 30.2m
step 03525/04357 (80.90%) | loss: 2.677998 | lrm: 0.38 | dt: 2010.47ms | tok/sec: 521,557 | bf16_mfu: 46.91 | epoch: 1 | total time: 127.35m | eta: 30.1m
step 03526/04357 (80.93%) | loss: 2.677255 | lrm: 0.38 | dt: 2004.41ms | tok/sec: 523,134 | bf16_mfu: 47.05 | epoch: 1 | total time: 127.39m | eta: 30.1m
step 03527/04357 (80.95%) | loss: 2.666379 | lrm: 0.38 | dt: 2009.08ms | tok/sec: 521,918 | bf16_mfu: 46.94 | epoch: 1 | total time: 127.42m | eta: 30.1m
step 03528/04357 (80.97%) | loss: 2.662000 | lrm: 0.38 | dt: 2010.13ms | tok/sec: 521,646 | bf16_mfu: 46.92 | epoch: 1 | total time: 127.45m | eta: 30.0m
step 03529/04357 (81.00%) | loss: 2.666538 | lrm: 0.38 | dt: 2014.78ms | tok/sec: 520,441 | bf16_mfu: 46.81 | epoch: 1 | total time: 127.49m | eta: 30.0m
step 03530/04357 (81.02%) | loss: 2.665439 | lrm: 0.38 | dt: 2015.34ms | tok/sec: 520,298 | bf16_mfu: 46.80 | epoch: 1 | total time: 127.52m | eta: 30.0m
step 03531/04357 (81.04%) | loss: 2.668125 | lrm: 0.38 | dt: 2012.31ms | tok/sec: 521,080 | bf16_mfu: 46.87 | epoch: 1 | total time: 127.55m | eta: 29.9m
step 03532/04357 (81.06%) | loss: 2.665016 | lrm: 0.38 | dt: 2009.35ms | tok/sec: 521,849 | bf16_mfu: 46.94 | epoch: 1 | total time: 127.59m | eta: 29.9m
step 03533/04357 (81.09%) | loss: 2.639865 | lrm: 0.38 | dt: 2016.71ms | tok/sec: 519,944 | bf16_mfu: 46.77 | epoch: 1 | total time: 127.62m | eta: 29.8m
step 03534/04357 (81.11%) | loss: 2.641615 | lrm: 0.38 | dt: 2013.24ms | tok/sec: 520,840 | bf16_mfu: 46.85 | epoch: 1 | total time: 127.65m | eta: 29.8m
step 03535/04357 (81.13%) | loss: 2.639570 | lrm: 0.38 | dt: 2014.12ms | tok/sec: 520,611 | bf16_mfu: 46.83 | epoch: 1 | total time: 127.69m | eta: 29.8m
step 03536/04357 (81.16%) | loss: 2.644079 | lrm: 0.38 | dt: 2021.59ms | tok/sec: 518,687 | bf16_mfu: 46.65 | epoch: 1 | total time: 127.72m | eta: 29.7m
step 03537/04357 (81.18%) | loss: 2.658691 | lrm: 0.38 | dt: 2018.72ms | tok/sec: 519,427 | bf16_mfu: 46.72 | epoch: 1 | total time: 127.76m | eta: 29.7m
step 03538/04357 (81.20%) | loss: 2.664209 | lrm: 0.38 | dt: 2022.26ms | tok/sec: 518,517 | bf16_mfu: 46.64 | epoch: 1 | total time: 127.79m | eta: 29.7m
step 03539/04357 (81.23%) | loss: 2.665493 | lrm: 0.38 | dt: 2019.90ms | tok/sec: 519,122 | bf16_mfu: 46.69 | epoch: 1 | total time: 127.82m | eta: 29.6m
step 03540/04357 (81.25%) | loss: 2.660866 | lrm: 0.38 | dt: 2017.16ms | tok/sec: 519,829 | bf16_mfu: 46.76 | epoch: 1 | total time: 127.86m | eta: 29.6m
step 03541/04357 (81.27%) | loss: 2.659472 | lrm: 0.37 | dt: 2021.04ms | tok/sec: 518,828 | bf16_mfu: 46.67 | epoch: 1 | total time: 127.89m | eta: 29.6m
step 03542/04357 (81.29%) | loss: 2.661098 | lrm: 0.37 | dt: 2016.83ms | tok/sec: 519,913 | bf16_mfu: 46.76 | epoch: 1 | total time: 127.92m | eta: 29.5m
step 03543/04357 (81.32%) | loss: 2.652386 | lrm: 0.37 | dt: 2026.06ms | tok/sec: 517,544 | bf16_mfu: 46.55 | epoch: 1 | total time: 127.96m | eta: 29.5m
step 03544/04357 (81.34%) | loss: 2.651549 | lrm: 0.37 | dt: 2024.89ms | tok/sec: 517,842 | bf16_mfu: 46.58 | epoch: 1 | total time: 127.99m | eta: 29.4m
step 03545/04357 (81.36%) | loss: 2.647883 | lrm: 0.37 | dt: 2026.72ms | tok/sec: 517,375 | bf16_mfu: 46.54 | epoch: 1 | total time: 128.02m | eta: 29.4m
step 03546/04357 (81.39%) | loss: 2.647590 | lrm: 0.37 | dt: 2024.75ms | tok/sec: 517,879 | bf16_mfu: 46.58 | epoch: 1 | total time: 128.06m | eta: 29.4m
step 03547/04357 (81.41%) | loss: 2.647084 | lrm: 0.37 | dt: 2025.18ms | tok/sec: 517,768 | bf16_mfu: 46.57 | epoch: 1 | total time: 128.09m | eta: 29.3m
step 03548/04357 (81.43%) | loss: 2.647677 | lrm: 0.37 | dt: 2025.03ms | tok/sec: 517,806 | bf16_mfu: 46.57 | epoch: 1 | total time: 128.13m | eta: 29.3m
step 03549/04357 (81.46%) | loss: 2.650212 | lrm: 0.37 | dt: 2024.04ms | tok/sec: 518,059 | bf16_mfu: 46.60 | epoch: 1 | total time: 128.16m | eta: 29.3m
step 03550/04357 (81.48%) | loss: 2.648424 | lrm: 0.37 | dt: 2019.41ms | tok/sec: 519,249 | bf16_mfu: 46.70 | epoch: 1 | total time: 128.19m | eta: 29.2m
step 03551/04357 (81.50%) | loss: 2.644810 | lrm: 0.37 | dt: 2029.21ms | tok/sec: 516,740 | bf16_mfu: 46.48 | epoch: 1 | total time: 128.23m | eta: 29.2m
step 03552/04357 (81.52%) | loss: 2.649261 | lrm: 0.37 | dt: 2022.60ms | tok/sec: 518,430 | bf16_mfu: 46.63 | epoch: 1 | total time: 128.26m | eta: 29.2m
step 03553/04357 (81.55%) | loss: 2.651447 | lrm: 0.37 | dt: 2024.34ms | tok/sec: 517,983 | bf16_mfu: 46.59 | epoch: 1 | total time: 128.29m | eta: 29.1m
step 03554/04357 (81.57%) | loss: 2.654686 | lrm: 0.37 | dt: 2028.47ms | tok/sec: 516,930 | bf16_mfu: 46.50 | epoch: 1 | total time: 128.33m | eta: 29.1m
step 03555/04357 (81.59%) | loss: 2.657258 | lrm: 0.37 | dt: 2031.01ms | tok/sec: 516,284 | bf16_mfu: 46.44 | epoch: 1 | total time: 128.36m | eta: 29.0m
step 03556/04357 (81.62%) | loss: 2.663559 | lrm: 0.37 | dt: 2021.08ms | tok/sec: 518,818 | bf16_mfu: 46.67 | epoch: 1 | total time: 128.40m | eta: 29.0m
step 03557/04357 (81.64%) | loss: 2.633378 | lrm: 0.37 | dt: 2028.81ms | tok/sec: 516,842 | bf16_mfu: 46.49 | epoch: 1 | total time: 128.43m | eta: 29.0m
step 03558/04357 (81.66%) | loss: 2.639997 | lrm: 0.37 | dt: 2027.88ms | tok/sec: 517,080 | bf16_mfu: 46.51 | epoch: 1 | total time: 128.46m | eta: 28.9m
step 03559/04357 (81.68%) | loss: 2.647760 | lrm: 0.37 | dt: 2031.96ms | tok/sec: 516,041 | bf16_mfu: 46.42 | epoch: 1 | total time: 128.50m | eta: 28.9m
step 03560/04357 (81.71%) | loss: 2.636311 | lrm: 0.37 | dt: 2026.91ms | tok/sec: 517,327 | bf16_mfu: 46.53 | epoch: 1 | total time: 128.53m | eta: 28.9m
step 03561/04357 (81.73%) | loss: 2.639753 | lrm: 0.37 | dt: 2026.35ms | tok/sec: 517,470 | bf16_mfu: 46.54 | epoch: 1 | total time: 128.56m | eta: 28.8m
step 03562/04357 (81.75%) | loss: 2.636955 | lrm: 0.37 | dt: 2033.38ms | tok/sec: 515,681 | bf16_mfu: 46.38 | epoch: 1 | total time: 128.60m | eta: 28.8m
step 03563/04357 (81.78%) | loss: 2.645893 | lrm: 0.36 | dt: 2028.44ms | tok/sec: 516,937 | bf16_mfu: 46.50 | epoch: 1 | total time: 128.63m | eta: 28.7m
step 03564/04357 (81.80%) | loss: 2.643610 | lrm: 0.36 | dt: 2030.63ms | tok/sec: 516,378 | bf16_mfu: 46.45 | epoch: 1 | total time: 128.67m | eta: 28.7m
step 03565/04357 (81.82%) | loss: 2.654389 | lrm: 0.36 | dt: 2027.79ms | tok/sec: 517,103 | bf16_mfu: 46.51 | epoch: 1 | total time: 128.70m | eta: 28.7m
step 03566/04357 (81.85%) | loss: 2.649882 | lrm: 0.36 | dt: 2032.80ms | tok/sec: 515,827 | bf16_mfu: 46.40 | epoch: 1 | total time: 128.73m | eta: 28.6m
step 03567/04357 (81.87%) | loss: 2.645535 | lrm: 0.36 | dt: 2022.49ms | tok/sec: 518,458 | bf16_mfu: 46.63 | epoch: 1 | total time: 128.77m | eta: 28.6m
step 03568/04357 (81.89%) | loss: 2.627956 | lrm: 0.36 | dt: 2027.89ms | tok/sec: 517,076 | bf16_mfu: 46.51 | epoch: 1 | total time: 128.80m | eta: 28.6m
step 03569/04357 (81.91%) | loss: 2.624566 | lrm: 0.36 | dt: 2028.20ms | tok/sec: 516,998 | bf16_mfu: 46.50 | epoch: 1 | total time: 128.84m | eta: 28.5m
step 03570/04357 (81.94%) | loss: 2.637599 | lrm: 0.36 | dt: 2029.55ms | tok/sec: 516,654 | bf16_mfu: 46.47 | epoch: 1 | total time: 128.87m | eta: 28.5m
step 03571/04357 (81.96%) | loss: 2.622134 | lrm: 0.36 | dt: 2029.78ms | tok/sec: 516,596 | bf16_mfu: 46.47 | epoch: 1 | total time: 128.90m | eta: 28.5m
step 03572/04357 (81.98%) | loss: 2.619492 | lrm: 0.36 | dt: 2031.45ms | tok/sec: 516,171 | bf16_mfu: 46.43 | epoch: 1 | total time: 128.94m | eta: 28.4m
step 03573/04357 (82.01%) | loss: 2.623667 | lrm: 0.36 | dt: 2033.56ms | tok/sec: 515,636 | bf16_mfu: 46.38 | epoch: 1 | total time: 128.97m | eta: 28.4m
step 03574/04357 (82.03%) | loss: 2.624867 | lrm: 0.36 | dt: 2031.75ms | tok/sec: 516,094 | bf16_mfu: 46.42 | epoch: 1 | total time: 129.00m | eta: 28.3m
step 03575/04357 (82.05%) | loss: 2.629024 | lrm: 0.36 | dt: 2038.47ms | tok/sec: 514,392 | bf16_mfu: 46.27 | epoch: 1 | total time: 129.04m | eta: 28.3m
step 03576/04357 (82.07%) | loss: 2.622710 | lrm: 0.36 | dt: 2033.17ms | tok/sec: 515,733 | bf16_mfu: 46.39 | epoch: 1 | total time: 129.07m | eta: 28.3m
step 03577/04357 (82.10%) | loss: 2.618493 | lrm: 0.36 | dt: 2030.88ms | tok/sec: 516,314 | bf16_mfu: 46.44 | epoch: 1 | total time: 129.11m | eta: 28.2m
step 03578/04357 (82.12%) | loss: 2.614771 | lrm: 0.36 | dt: 2032.33ms | tok/sec: 515,947 | bf16_mfu: 46.41 | epoch: 1 | total time: 129.14m | eta: 28.2m
step 03579/04357 (82.14%) | loss: 2.621400 | lrm: 0.36 | dt: 2032.71ms | tok/sec: 515,851 | bf16_mfu: 46.40 | epoch: 1 | total time: 129.17m | eta: 28.2m
step 03580/04357 (82.17%) | loss: 2.624823 | lrm: 0.36 | dt: 2030.00ms | tok/sec: 516,539 | bf16_mfu: 46.46 | epoch: 1 | total time: 129.21m | eta: 28.1m
step 03581/04357 (82.19%) | loss: 2.632470 | lrm: 0.36 | dt: 2038.64ms | tok/sec: 514,350 | bf16_mfu: 46.26 | epoch: 1 | total time: 129.24m | eta: 28.1m
step 03582/04357 (82.21%) | loss: 2.633685 | lrm: 0.36 | dt: 2032.75ms | tok/sec: 515,841 | bf16_mfu: 46.40 | epoch: 1 | total time: 129.28m | eta: 28.0m
step 03583/04357 (82.24%) | loss: 2.638195 | lrm: 0.36 | dt: 2031.53ms | tok/sec: 516,149 | bf16_mfu: 46.43 | epoch: 1 | total time: 129.31m | eta: 28.0m
step 03584/04357 (82.26%) | loss: 2.637648 | lrm: 0.35 | dt: 2033.23ms | tok/sec: 515,719 | bf16_mfu: 46.39 | epoch: 1 | total time: 129.34m | eta: 28.0m
step 03585/04357 (82.28%) | loss: 2.635930 | lrm: 0.35 | dt: 2032.75ms | tok/sec: 515,841 | bf16_mfu: 46.40 | epoch: 1 | total time: 129.38m | eta: 27.9m
step 03586/04357 (82.30%) | loss: 2.644219 | lrm: 0.35 | dt: 2027.89ms | tok/sec: 517,078 | bf16_mfu: 46.51 | epoch: 1 | total time: 129.41m | eta: 27.9m
step 03587/04357 (82.33%) | loss: 2.646194 | lrm: 0.35 | dt: 2032.56ms | tok/sec: 515,889 | bf16_mfu: 46.40 | epoch: 1 | total time: 129.45m | eta: 27.9m
step 03588/04357 (82.35%) | loss: 2.648693 | lrm: 0.35 | dt: 2035.61ms | tok/sec: 515,116 | bf16_mfu: 46.33 | epoch: 1 | total time: 129.48m | eta: 27.8m
step 03589/04357 (82.37%) | loss: 2.651038 | lrm: 0.35 | dt: 2032.89ms | tok/sec: 515,806 | bf16_mfu: 46.39 | epoch: 1 | total time: 129.51m | eta: 27.8m
step 03590/04357 (82.40%) | loss: 2.641843 | lrm: 0.35 | dt: 2035.17ms | tok/sec: 515,226 | bf16_mfu: 46.34 | epoch: 1 | total time: 129.55m | eta: 27.8m
step 03591/04357 (82.42%) | loss: 2.656069 | lrm: 0.35 | dt: 2035.45ms | tok/sec: 515,156 | bf16_mfu: 46.34 | epoch: 1 | total time: 129.58m | eta: 27.7m
step 03592/04357 (82.44%) | loss: 2.649417 | lrm: 0.35 | dt: 2033.46ms | tok/sec: 515,661 | bf16_mfu: 46.38 | epoch: 1 | total time: 129.61m | eta: 27.7m
step 03593/04357 (82.46%) | loss: 2.640370 | lrm: 0.35 | dt: 2033.84ms | tok/sec: 515,563 | bf16_mfu: 46.37 | epoch: 1 | total time: 129.65m | eta: 27.6m
step 03594/04357 (82.49%) | loss: 2.640071 | lrm: 0.35 | dt: 2033.22ms | tok/sec: 515,721 | bf16_mfu: 46.39 | epoch: 1 | total time: 129.68m | eta: 27.6m
step 03595/04357 (82.51%) | loss: 2.639390 | lrm: 0.35 | dt: 2035.59ms | tok/sec: 515,122 | bf16_mfu: 46.33 | epoch: 1 | total time: 129.72m | eta: 27.6m
step 03596/04357 (82.53%) | loss: 2.650675 | lrm: 0.35 | dt: 2037.57ms | tok/sec: 514,621 | bf16_mfu: 46.29 | epoch: 1 | total time: 129.75m | eta: 27.5m
step 03597/04357 (82.56%) | loss: 2.652870 | lrm: 0.35 | dt: 2033.66ms | tok/sec: 515,609 | bf16_mfu: 46.38 | epoch: 1 | total time: 129.78m | eta: 27.5m
step 03598/04357 (82.58%) | loss: 2.653194 | lrm: 0.35 | dt: 2035.77ms | tok/sec: 515,074 | bf16_mfu: 46.33 | epoch: 1 | total time: 129.82m | eta: 27.5m
step 03599/04357 (82.60%) | loss: 2.651540 | lrm: 0.35 | dt: 2036.08ms | tok/sec: 514,997 | bf16_mfu: 46.32 | epoch: 1 | total time: 129.85m | eta: 27.4m
step 03600/04357 (82.63%) | loss: 2.653241 | lrm: 0.35 | dt: 2037.49ms | tok/sec: 514,641 | bf16_mfu: 46.29 | epoch: 1 | total time: 129.89m | eta: 27.4m
step 03601/04357 (82.65%) | loss: 2.661614 | lrm: 0.35 | dt: 2030.79ms | tok/sec: 516,337 | bf16_mfu: 46.44 | epoch: 1 | total time: 129.92m | eta: 27.4m
step 03602/04357 (82.67%) | loss: 2.661606 | lrm: 0.35 | dt: 2039.50ms | tok/sec: 514,134 | bf16_mfu: 46.24 | epoch: 1 | total time: 129.95m | eta: 27.3m
step 03603/04357 (82.69%) | loss: 2.666599 | lrm: 0.35 | dt: 2037.12ms | tok/sec: 514,735 | bf16_mfu: 46.30 | epoch: 1 | total time: 129.99m | eta: 27.3m
step 03604/04357 (82.72%) | loss: 2.674878 | lrm: 0.35 | dt: 2047.56ms | tok/sec: 512,109 | bf16_mfu: 46.06 | epoch: 1 | total time: 130.02m | eta: 27.2m
step 03605/04357 (82.74%) | loss: 2.675403 | lrm: 0.35 | dt: 2035.45ms | tok/sec: 515,157 | bf16_mfu: 46.34 | epoch: 1 | total time: 130.06m | eta: 27.2m
step 03606/04357 (82.76%) | loss: 2.669742 | lrm: 0.34 | dt: 2036.17ms | tok/sec: 514,975 | bf16_mfu: 46.32 | epoch: 1 | total time: 130.09m | eta: 27.2m
step 03607/04357 (82.79%) | loss: 2.660951 | lrm: 0.34 | dt: 2035.47ms | tok/sec: 515,152 | bf16_mfu: 46.34 | epoch: 1 | total time: 130.12m | eta: 27.1m
step 03608/04357 (82.81%) | loss: 2.665098 | lrm: 0.34 | dt: 2035.46ms | tok/sec: 515,155 | bf16_mfu: 46.34 | epoch: 1 | total time: 130.16m | eta: 27.1m
step 03609/04357 (82.83%) | loss: 2.662589 | lrm: 0.34 | dt: 2035.47ms | tok/sec: 515,151 | bf16_mfu: 46.34 | epoch: 1 | total time: 130.19m | eta: 27.1m
step 03610/04357 (82.86%) | loss: 2.660684 | lrm: 0.34 | dt: 2034.79ms | tok/sec: 515,324 | bf16_mfu: 46.35 | epoch: 1 | total time: 130.23m | eta: 27.0m
step 03611/04357 (82.88%) | loss: 2.645385 | lrm: 0.34 | dt: 2037.14ms | tok/sec: 514,728 | bf16_mfu: 46.30 | epoch: 1 | total time: 130.26m | eta: 27.0m
step 03612/04357 (82.90%) | loss: 2.643760 | lrm: 0.34 | dt: 2034.16ms | tok/sec: 515,484 | bf16_mfu: 46.37 | epoch: 1 | total time: 130.29m | eta: 26.9m
step 03613/04357 (82.92%) | loss: 2.634728 | lrm: 0.34 | dt: 2037.58ms | tok/sec: 514,618 | bf16_mfu: 46.29 | epoch: 1 | total time: 130.33m | eta: 26.9m
step 03614/04357 (82.95%) | loss: 2.627681 | lrm: 0.34 | dt: 2034.59ms | tok/sec: 515,375 | bf16_mfu: 46.36 | epoch: 1 | total time: 130.36m | eta: 26.9m
step 03615/04357 (82.97%) | loss: 2.626327 | lrm: 0.34 | dt: 2036.66ms | tok/sec: 514,849 | bf16_mfu: 46.31 | epoch: 1 | total time: 130.40m | eta: 26.8m
step 03616/04357 (82.99%) | loss: 2.643896 | lrm: 0.34 | dt: 2029.21ms | tok/sec: 516,740 | bf16_mfu: 46.48 | epoch: 1 | total time: 130.43m | eta: 26.8m
step 03617/04357 (83.02%) | loss: 2.655683 | lrm: 0.34 | dt: 2034.93ms | tok/sec: 515,288 | bf16_mfu: 46.35 | epoch: 1 | total time: 130.46m | eta: 26.8m
step 03618/04357 (83.04%) | loss: 2.647874 | lrm: 0.34 | dt: 2034.56ms | tok/sec: 515,381 | bf16_mfu: 46.36 | epoch: 1 | total time: 130.50m | eta: 26.7m
step 03619/04357 (83.06%) | loss: 2.646197 | lrm: 0.34 | dt: 2032.65ms | tok/sec: 515,867 | bf16_mfu: 46.40 | epoch: 1 | total time: 130.53m | eta: 26.7m
step 03620/04357 (83.08%) | loss: 2.640912 | lrm: 0.34 | dt: 2033.22ms | tok/sec: 515,721 | bf16_mfu: 46.39 | epoch: 1 | total time: 130.56m | eta: 26.7m
step 03621/04357 (83.11%) | loss: 2.646546 | lrm: 0.34 | dt: 2032.27ms | tok/sec: 515,963 | bf16_mfu: 46.41 | epoch: 1 | total time: 130.60m | eta: 26.6m
step 03622/04357 (83.13%) | loss: 2.646121 | lrm: 0.34 | dt: 2031.70ms | tok/sec: 516,107 | bf16_mfu: 46.42 | epoch: 1 | total time: 130.63m | eta: 26.6m
step 03623/04357 (83.15%) | loss: 2.662645 | lrm: 0.34 | dt: 2035.88ms | tok/sec: 515,047 | bf16_mfu: 46.33 | epoch: 1 | total time: 130.67m | eta: 26.5m
step 03624/04357 (83.18%) | loss: 2.655009 | lrm: 0.34 | dt: 2036.03ms | tok/sec: 515,010 | bf16_mfu: 46.32 | epoch: 1 | total time: 130.70m | eta: 26.5m
step 03625/04357 (83.20%) | loss: 2.652432 | lrm: 0.34 | dt: 2040.11ms | tok/sec: 513,979 | bf16_mfu: 46.23 | epoch: 1 | total time: 130.73m | eta: 26.5m
step 03626/04357 (83.22%) | loss: 2.643940 | lrm: 0.34 | dt: 2033.26ms | tok/sec: 515,710 | bf16_mfu: 46.39 | epoch: 1 | total time: 130.77m | eta: 26.4m
step 03627/04357 (83.25%) | loss: 2.658448 | lrm: 0.34 | dt: 2032.68ms | tok/sec: 515,859 | bf16_mfu: 46.40 | epoch: 1 | total time: 130.80m | eta: 26.4m
step 03628/04357 (83.27%) | loss: 2.670344 | lrm: 0.33 | dt: 2032.98ms | tok/sec: 515,783 | bf16_mfu: 46.39 | epoch: 1 | total time: 130.84m | eta: 26.4m
step 03629/04357 (83.29%) | loss: 2.669626 | lrm: 0.33 | dt: 2033.16ms | tok/sec: 515,737 | bf16_mfu: 46.39 | epoch: 1 | total time: 130.87m | eta: 26.3m
step 03630/04357 (83.31%) | loss: 2.661179 | lrm: 0.33 | dt: 2033.03ms | tok/sec: 515,771 | bf16_mfu: 46.39 | epoch: 1 | total time: 130.90m | eta: 26.3m
step 03631/04357 (83.34%) | loss: 2.657637 | lrm: 0.33 | dt: 2035.22ms | tok/sec: 515,214 | bf16_mfu: 46.34 | epoch: 1 | total time: 130.94m | eta: 26.3m
step 03632/04357 (83.36%) | loss: 2.648393 | lrm: 0.33 | dt: 2034.06ms | tok/sec: 515,509 | bf16_mfu: 46.37 | epoch: 1 | total time: 130.97m | eta: 26.2m
step 03633/04357 (83.38%) | loss: 2.648946 | lrm: 0.33 | dt: 2040.82ms | tok/sec: 513,800 | bf16_mfu: 46.21 | epoch: 1 | total time: 131.01m | eta: 26.2m
step 03634/04357 (83.41%) | loss: 2.642844 | lrm: 0.33 | dt: 2053.27ms | tok/sec: 510,685 | bf16_mfu: 45.93 | epoch: 1 | total time: 131.04m | eta: 26.1m
step 03635/04357 (83.43%) | loss: 2.648052 | lrm: 0.33 | dt: 2034.45ms | tok/sec: 515,410 | bf16_mfu: 46.36 | epoch: 1 | total time: 131.07m | eta: 26.1m
step 03636/04357 (83.45%) | loss: 2.635092 | lrm: 0.33 | dt: 2040.50ms | tok/sec: 513,882 | bf16_mfu: 46.22 | epoch: 1 | total time: 131.11m | eta: 26.1m
step 03637/04357 (83.47%) | loss: 2.637230 | lrm: 0.33 | dt: 2034.34ms | tok/sec: 515,436 | bf16_mfu: 46.36 | epoch: 1 | total time: 131.14m | eta: 26.0m
step 03638/04357 (83.50%) | loss: 2.650845 | lrm: 0.33 | dt: 2038.00ms | tok/sec: 514,512 | bf16_mfu: 46.28 | epoch: 1 | total time: 131.18m | eta: 26.0m
step 03639/04357 (83.52%) | loss: 2.663137 | lrm: 0.33 | dt: 2035.61ms | tok/sec: 515,116 | bf16_mfu: 46.33 | epoch: 1 | total time: 131.21m | eta: 26.0m
step 03640/04357 (83.54%) | loss: 2.659886 | lrm: 0.33 | dt: 2031.21ms | tok/sec: 516,233 | bf16_mfu: 46.43 | epoch: 1 | total time: 131.24m | eta: 25.9m
step 03641/04357 (83.57%) | loss: 2.655568 | lrm: 0.33 | dt: 2033.22ms | tok/sec: 515,721 | bf16_mfu: 46.39 | epoch: 1 | total time: 131.28m | eta: 25.9m
step 03642/04357 (83.59%) | loss: 2.671328 | lrm: 0.33 | dt: 2044.84ms | tok/sec: 512,791 | bf16_mfu: 46.12 | epoch: 1 | total time: 131.31m | eta: 25.9m
step 03643/04357 (83.61%) | loss: 2.656259 | lrm: 0.33 | dt: 2034.10ms | tok/sec: 515,499 | bf16_mfu: 46.37 | epoch: 1 | total time: 131.35m | eta: 25.8m
step 03644/04357 (83.64%) | loss: 2.661828 | lrm: 0.33 | dt: 2030.84ms | tok/sec: 516,324 | bf16_mfu: 46.44 | epoch: 1 | total time: 131.38m | eta: 25.8m
step 03645/04357 (83.66%) | loss: 2.655525 | lrm: 0.33 | dt: 2035.44ms | tok/sec: 515,159 | bf16_mfu: 46.34 | epoch: 1 | total time: 131.41m | eta: 25.7m
step 03646/04357 (83.68%) | loss: 2.672184 | lrm: 0.33 | dt: 2026.84ms | tok/sec: 517,344 | bf16_mfu: 46.53 | epoch: 1 | total time: 131.45m | eta: 25.7m
step 03647/04357 (83.70%) | loss: 2.667122 | lrm: 0.33 | dt: 2034.21ms | tok/sec: 515,470 | bf16_mfu: 46.36 | epoch: 1 | total time: 131.48m | eta: 25.7m
step 03648/04357 (83.73%) | loss: 2.665364 | lrm: 0.33 | dt: 2046.98ms | tok/sec: 512,254 | bf16_mfu: 46.08 | epoch: 1 | total time: 131.51m | eta: 25.6m
step 03649/04357 (83.75%) | loss: 2.663762 | lrm: 0.33 | dt: 2031.62ms | tok/sec: 516,127 | bf16_mfu: 46.42 | epoch: 1 | total time: 131.55m | eta: 25.6m
step 03650/04357 (83.77%) | loss: 2.666723 | lrm: 0.32 | dt: 2035.28ms | tok/sec: 515,201 | bf16_mfu: 46.34 | epoch: 1 | total time: 131.58m | eta: 25.6m
step 03651/04357 (83.80%) | loss: 2.658739 | lrm: 0.32 | dt: 2037.44ms | tok/sec: 514,654 | bf16_mfu: 46.29 | epoch: 1 | total time: 131.62m | eta: 25.5m
step 03652/04357 (83.82%) | loss: 2.672462 | lrm: 0.32 | dt: 2034.24ms | tok/sec: 515,463 | bf16_mfu: 46.36 | epoch: 1 | total time: 131.65m | eta: 25.5m
step 03653/04357 (83.84%) | loss: 2.654381 | lrm: 0.32 | dt: 2041.68ms | tok/sec: 513,585 | bf16_mfu: 46.19 | epoch: 1 | total time: 131.68m | eta: 25.4m
step 03654/04357 (83.87%) | loss: 2.646994 | lrm: 0.32 | dt: 2037.11ms | tok/sec: 514,736 | bf16_mfu: 46.30 | epoch: 1 | total time: 131.72m | eta: 25.4m
step 03655/04357 (83.89%) | loss: 2.633549 | lrm: 0.32 | dt: 2027.79ms | tok/sec: 517,102 | bf16_mfu: 46.51 | epoch: 1 | total time: 131.75m | eta: 25.4m
step 03656/04357 (83.91%) | loss: 2.649092 | lrm: 0.32 | dt: 2036.81ms | tok/sec: 514,812 | bf16_mfu: 46.31 | epoch: 1 | total time: 131.79m | eta: 25.3m
step 03657/04357 (83.93%) | loss: 2.633736 | lrm: 0.32 | dt: 2035.42ms | tok/sec: 515,163 | bf16_mfu: 46.34 | epoch: 1 | total time: 131.82m | eta: 25.3m
step 03658/04357 (83.96%) | loss: 2.637117 | lrm: 0.32 | dt: 2034.03ms | tok/sec: 515,517 | bf16_mfu: 46.37 | epoch: 1 | total time: 131.85m | eta: 25.3m
step 03659/04357 (83.98%) | loss: 2.635156 | lrm: 0.32 | dt: 2037.18ms | tok/sec: 514,719 | bf16_mfu: 46.30 | epoch: 1 | total time: 131.89m | eta: 25.2m
step 03660/04357 (84.00%) | loss: 2.641111 | lrm: 0.32 | dt: 2036.82ms | tok/sec: 514,809 | bf16_mfu: 46.30 | epoch: 1 | total time: 131.92m | eta: 25.2m
step 03661/04357 (84.03%) | loss: 2.634739 | lrm: 0.32 | dt: 2035.16ms | tok/sec: 515,230 | bf16_mfu: 46.34 | epoch: 1 | total time: 131.96m | eta: 25.2m
step 03662/04357 (84.05%) | loss: 2.646829 | lrm: 0.32 | dt: 2038.81ms | tok/sec: 514,307 | bf16_mfu: 46.26 | epoch: 1 | total time: 131.99m | eta: 25.1m
step 03663/04357 (84.07%) | loss: 2.639044 | lrm: 0.32 | dt: 2034.08ms | tok/sec: 515,505 | bf16_mfu: 46.37 | epoch: 1 | total time: 132.02m | eta: 25.1m
step 03664/04357 (84.09%) | loss: 2.653128 | lrm: 0.32 | dt: 2031.49ms | tok/sec: 516,160 | bf16_mfu: 46.43 | epoch: 1 | total time: 132.06m | eta: 25.0m
step 03665/04357 (84.12%) | loss: 2.642859 | lrm: 0.32 | dt: 2027.76ms | tok/sec: 517,111 | bf16_mfu: 46.51 | epoch: 1 | total time: 132.09m | eta: 25.0m
step 03666/04357 (84.14%) | loss: 2.628603 | lrm: 0.32 | dt: 2040.28ms | tok/sec: 513,937 | bf16_mfu: 46.23 | epoch: 1 | total time: 132.13m | eta: 25.0m
step 03667/04357 (84.16%) | loss: 2.635797 | lrm: 0.32 | dt: 2035.72ms | tok/sec: 515,088 | bf16_mfu: 46.33 | epoch: 1 | total time: 132.16m | eta: 24.9m
step 03668/04357 (84.19%) | loss: 2.656155 | lrm: 0.32 | dt: 2034.04ms | tok/sec: 515,514 | bf16_mfu: 46.37 | epoch: 1 | total time: 132.19m | eta: 24.9m
step 03669/04357 (84.21%) | loss: 2.654625 | lrm: 0.32 | dt: 2032.65ms | tok/sec: 515,865 | bf16_mfu: 46.40 | epoch: 1 | total time: 132.23m | eta: 24.9m
step 03670/04357 (84.23%) | loss: 2.655919 | lrm: 0.32 | dt: 2037.19ms | tok/sec: 514,717 | bf16_mfu: 46.30 | epoch: 1 | total time: 132.26m | eta: 24.8m
step 03671/04357 (84.26%) | loss: 2.664604 | lrm: 0.31 | dt: 2034.86ms | tok/sec: 515,307 | bf16_mfu: 46.35 | epoch: 1 | total time: 132.29m | eta: 24.8m
step 03672/04357 (84.28%) | loss: 2.666302 | lrm: 0.31 | dt: 2042.71ms | tok/sec: 513,325 | bf16_mfu: 46.17 | epoch: 1 | total time: 132.33m | eta: 24.8m
step 03673/04357 (84.30%) | loss: 2.680015 | lrm: 0.31 | dt: 2034.67ms | tok/sec: 515,354 | bf16_mfu: 46.35 | epoch: 1 | total time: 132.36m | eta: 24.7m
step 03674/04357 (84.32%) | loss: 2.673665 | lrm: 0.31 | dt: 2040.91ms | tok/sec: 513,777 | bf16_mfu: 46.21 | epoch: 1 | total time: 132.40m | eta: 24.7m
step 03675/04357 (84.35%) | loss: 2.658265 | lrm: 0.31 | dt: 2038.01ms | tok/sec: 514,510 | bf16_mfu: 46.28 | epoch: 1 | total time: 132.43m | eta: 24.6m
step 03676/04357 (84.37%) | loss: 2.657415 | lrm: 0.31 | dt: 2027.01ms | tok/sec: 517,300 | bf16_mfu: 46.53 | epoch: 1 | total time: 132.46m | eta: 24.6m
step 03677/04357 (84.39%) | loss: 2.650710 | lrm: 0.31 | dt: 2036.62ms | tok/sec: 514,861 | bf16_mfu: 46.31 | epoch: 1 | total time: 132.50m | eta: 24.6m
step 03678/04357 (84.42%) | loss: 2.639797 | lrm: 0.31 | dt: 2034.51ms | tok/sec: 515,393 | bf16_mfu: 46.36 | epoch: 1 | total time: 132.53m | eta: 24.5m
step 03679/04357 (84.44%) | loss: 2.623644 | lrm: 0.31 | dt: 2033.42ms | tok/sec: 515,671 | bf16_mfu: 46.38 | epoch: 1 | total time: 132.57m | eta: 24.5m
step 03680/04357 (84.46%) | loss: 2.629485 | lrm: 0.31 | dt: 2031.57ms | tok/sec: 516,140 | bf16_mfu: 46.42 | epoch: 1 | total time: 132.60m | eta: 24.5m
step 03681/04357 (84.48%) | loss: 2.635078 | lrm: 0.31 | dt: 2041.99ms | tok/sec: 513,506 | bf16_mfu: 46.19 | epoch: 1 | total time: 132.63m | eta: 24.4m
step 03682/04357 (84.51%) | loss: 2.625959 | lrm: 0.31 | dt: 2041.22ms | tok/sec: 513,699 | bf16_mfu: 46.21 | epoch: 1 | total time: 132.67m | eta: 24.4m
step 03683/04357 (84.53%) | loss: 2.630433 | lrm: 0.31 | dt: 2041.71ms | tok/sec: 513,576 | bf16_mfu: 46.19 | epoch: 1 | total time: 132.70m | eta: 24.4m
step 03684/04357 (84.55%) | loss: 2.630174 | lrm: 0.31 | dt: 2036.08ms | tok/sec: 514,997 | bf16_mfu: 46.32 | epoch: 1 | total time: 132.74m | eta: 24.3m
step 03685/04357 (84.58%) | loss: 2.638616 | lrm: 0.31 | dt: 2034.83ms | tok/sec: 515,314 | bf16_mfu: 46.35 | epoch: 1 | total time: 132.77m | eta: 24.3m
step 03686/04357 (84.60%) | loss: 2.644749 | lrm: 0.31 | dt: 2036.17ms | tok/sec: 514,973 | bf16_mfu: 46.32 | epoch: 1 | total time: 132.80m | eta: 24.2m
step 03687/04357 (84.62%) | loss: 2.648871 | lrm: 0.31 | dt: 2036.07ms | tok/sec: 515,000 | bf16_mfu: 46.32 | epoch: 1 | total time: 132.84m | eta: 24.2m
step 03688/04357 (84.65%) | loss: 2.659378 | lrm: 0.31 | dt: 2034.90ms | tok/sec: 515,296 | bf16_mfu: 46.35 | epoch: 1 | total time: 132.87m | eta: 24.2m
step 03689/04357 (84.67%) | loss: 2.653386 | lrm: 0.31 | dt: 2034.52ms | tok/sec: 515,391 | bf16_mfu: 46.36 | epoch: 1 | total time: 132.91m | eta: 24.1m
step 03690/04357 (84.69%) | loss: 2.658833 | lrm: 0.31 | dt: 2034.99ms | tok/sec: 515,274 | bf16_mfu: 46.35 | epoch: 1 | total time: 132.94m | eta: 24.1m
step 03691/04357 (84.71%) | loss: 2.648172 | lrm: 0.31 | dt: 2040.31ms | tok/sec: 513,929 | bf16_mfu: 46.23 | epoch: 1 | total time: 132.97m | eta: 24.1m
step 03692/04357 (84.74%) | loss: 2.635096 | lrm: 0.31 | dt: 2040.91ms | tok/sec: 513,779 | bf16_mfu: 46.21 | epoch: 1 | total time: 133.01m | eta: 24.0m
step 03693/04357 (84.76%) | loss: 2.634923 | lrm: 0.30 | dt: 2034.55ms | tok/sec: 515,384 | bf16_mfu: 46.36 | epoch: 1 | total time: 133.04m | eta: 24.0m
step 03694/04357 (84.78%) | loss: 2.630051 | lrm: 0.30 | dt: 2036.68ms | tok/sec: 514,846 | bf16_mfu: 46.31 | epoch: 1 | total time: 133.08m | eta: 23.9m
step 03695/04357 (84.81%) | loss: 2.634716 | lrm: 0.30 | dt: 2034.68ms | tok/sec: 515,352 | bf16_mfu: 46.35 | epoch: 1 | total time: 133.11m | eta: 23.9m
step 03696/04357 (84.83%) | loss: 2.630073 | lrm: 0.30 | dt: 2033.74ms | tok/sec: 515,590 | bf16_mfu: 46.38 | epoch: 1 | total time: 133.14m | eta: 23.9m
step 03697/04357 (84.85%) | loss: 2.633381 | lrm: 0.30 | dt: 2037.28ms | tok/sec: 514,694 | bf16_mfu: 46.29 | epoch: 1 | total time: 133.18m | eta: 23.8m
step 03698/04357 (84.87%) | loss: 2.643104 | lrm: 0.30 | dt: 2038.01ms | tok/sec: 514,510 | bf16_mfu: 46.28 | epoch: 1 | total time: 133.21m | eta: 23.8m
step 03699/04357 (84.90%) | loss: 2.647577 | lrm: 0.30 | dt: 2037.23ms | tok/sec: 514,706 | bf16_mfu: 46.30 | epoch: 1 | total time: 133.25m | eta: 23.8m
step 03700/04357 (84.92%) | loss: 2.638583 | lrm: 0.30 | dt: 2040.00ms | tok/sec: 514,007 | bf16_mfu: 46.23 | epoch: 1 | total time: 133.28m | eta: 23.7m
step 03701/04357 (84.94%) | loss: 2.640319 | lrm: 0.30 | dt: 2038.77ms | tok/sec: 514,317 | bf16_mfu: 46.26 | epoch: 1 | total time: 133.31m | eta: 23.7m
step 03702/04357 (84.97%) | loss: 2.642901 | lrm: 0.30 | dt: 2034.96ms | tok/sec: 515,280 | bf16_mfu: 46.35 | epoch: 1 | total time: 133.35m | eta: 23.7m
step 03703/04357 (84.99%) | loss: 2.633133 | lrm: 0.30 | dt: 2037.37ms | tok/sec: 514,671 | bf16_mfu: 46.29 | epoch: 1 | total time: 133.38m | eta: 23.6m
step 03704/04357 (85.01%) | loss: 2.629892 | lrm: 0.30 | dt: 2032.96ms | tok/sec: 515,786 | bf16_mfu: 46.39 | epoch: 1 | total time: 133.42m | eta: 23.6m
step 03705/04357 (85.04%) | loss: 2.638323 | lrm: 0.30 | dt: 2041.69ms | tok/sec: 513,582 | bf16_mfu: 46.19 | epoch: 1 | total time: 133.45m | eta: 23.5m
step 03706/04357 (85.06%) | loss: 2.657198 | lrm: 0.30 | dt: 2033.01ms | tok/sec: 515,774 | bf16_mfu: 46.39 | epoch: 1 | total time: 133.48m | eta: 23.5m
step 03707/04357 (85.08%) | loss: 2.663628 | lrm: 0.30 | dt: 2036.62ms | tok/sec: 514,861 | bf16_mfu: 46.31 | epoch: 1 | total time: 133.52m | eta: 23.5m
step 03708/04357 (85.10%) | loss: 2.672302 | lrm: 0.30 | dt: 2035.97ms | tok/sec: 515,024 | bf16_mfu: 46.32 | epoch: 1 | total time: 133.55m | eta: 23.4m
step 03709/04357 (85.13%) | loss: 2.676233 | lrm: 0.30 | dt: 2036.31ms | tok/sec: 514,939 | bf16_mfu: 46.32 | epoch: 1 | total time: 133.58m | eta: 23.4m
step 03710/04357 (85.15%) | loss: 2.673837 | lrm: 0.30 | dt: 2035.33ms | tok/sec: 515,187 | bf16_mfu: 46.34 | epoch: 1 | total time: 133.62m | eta: 23.4m
step 03711/04357 (85.17%) | loss: 2.666488 | lrm: 0.30 | dt: 2036.77ms | tok/sec: 514,822 | bf16_mfu: 46.31 | epoch: 1 | total time: 133.65m | eta: 23.3m
step 03712/04357 (85.20%) | loss: 2.672318 | lrm: 0.30 | dt: 2034.49ms | tok/sec: 515,400 | bf16_mfu: 46.36 | epoch: 1 | total time: 133.69m | eta: 23.3m
step 03713/04357 (85.22%) | loss: 2.676939 | lrm: 0.30 | dt: 2036.19ms | tok/sec: 514,969 | bf16_mfu: 46.32 | epoch: 1 | total time: 133.72m | eta: 23.3m
step 03714/04357 (85.24%) | loss: 2.663060 | lrm: 0.30 | dt: 2038.09ms | tok/sec: 514,489 | bf16_mfu: 46.28 | epoch: 1 | total time: 133.75m | eta: 23.2m
step 03715/04357 (85.27%) | loss: 2.665071 | lrm: 0.29 | dt: 2037.69ms | tok/sec: 514,589 | bf16_mfu: 46.29 | epoch: 1 | total time: 133.79m | eta: 23.2m
step 03716/04357 (85.29%) | loss: 2.680201 | lrm: 0.29 | dt: 2035.67ms | tok/sec: 515,102 | bf16_mfu: 46.33 | epoch: 1 | total time: 133.82m | eta: 23.1m
step 03717/04357 (85.31%) | loss: 2.677982 | lrm: 0.29 | dt: 2031.04ms | tok/sec: 516,275 | bf16_mfu: 46.44 | epoch: 1 | total time: 133.86m | eta: 23.1m
step 03718/04357 (85.33%) | loss: 2.672498 | lrm: 0.29 | dt: 2032.70ms | tok/sec: 515,854 | bf16_mfu: 46.40 | epoch: 1 | total time: 133.89m | eta: 23.1m
step 03719/04357 (85.36%) | loss: 2.674626 | lrm: 0.29 | dt: 2027.58ms | tok/sec: 517,156 | bf16_mfu: 46.52 | epoch: 1 | total time: 133.92m | eta: 23.0m
step 03720/04357 (85.38%) | loss: 2.669368 | lrm: 0.29 | dt: 2037.17ms | tok/sec: 514,722 | bf16_mfu: 46.30 | epoch: 1 | total time: 133.96m | eta: 23.0m
step 03721/04357 (85.40%) | loss: 2.666106 | lrm: 0.29 | dt: 2043.25ms | tok/sec: 513,189 | bf16_mfu: 46.16 | epoch: 1 | total time: 133.99m | eta: 23.0m
step 03722/04357 (85.43%) | loss: 2.671723 | lrm: 0.29 | dt: 2040.40ms | tok/sec: 513,908 | bf16_mfu: 46.22 | epoch: 1 | total time: 134.03m | eta: 22.9m
step 03723/04357 (85.45%) | loss: 2.652951 | lrm: 0.29 | dt: 2042.36ms | tok/sec: 513,413 | bf16_mfu: 46.18 | epoch: 1 | total time: 134.06m | eta: 22.9m
step 03724/04357 (85.47%) | loss: 2.658000 | lrm: 0.29 | dt: 2036.38ms | tok/sec: 514,920 | bf16_mfu: 46.31 | epoch: 1 | total time: 134.09m | eta: 22.9m
step 03725/04357 (85.49%) | loss: 2.652249 | lrm: 0.29 | dt: 2033.42ms | tok/sec: 515,670 | bf16_mfu: 46.38 | epoch: 1 | total time: 134.13m | eta: 22.8m
step 03726/04357 (85.52%) | loss: 2.657721 | lrm: 0.29 | dt: 2036.49ms | tok/sec: 514,894 | bf16_mfu: 46.31 | epoch: 1 | total time: 134.16m | eta: 22.8m
step 03727/04357 (85.54%) | loss: 2.658267 | lrm: 0.29 | dt: 2037.55ms | tok/sec: 514,625 | bf16_mfu: 46.29 | epoch: 1 | total time: 134.20m | eta: 22.7m
step 03728/04357 (85.56%) | loss: 2.668333 | lrm: 0.29 | dt: 2040.78ms | tok/sec: 513,811 | bf16_mfu: 46.22 | epoch: 1 | total time: 134.23m | eta: 22.7m
step 03729/04357 (85.59%) | loss: 2.666106 | lrm: 0.29 | dt: 2039.73ms | tok/sec: 514,077 | bf16_mfu: 46.24 | epoch: 1 | total time: 134.26m | eta: 22.7m
step 03730/04357 (85.61%) | loss: 2.660297 | lrm: 0.29 | dt: 2040.46ms | tok/sec: 513,890 | bf16_mfu: 46.22 | epoch: 1 | total time: 134.30m | eta: 22.6m
step 03731/04357 (85.63%) | loss: 2.661821 | lrm: 0.29 | dt: 2032.42ms | tok/sec: 515,924 | bf16_mfu: 46.41 | epoch: 1 | total time: 134.33m | eta: 22.6m
step 03732/04357 (85.66%) | loss: 2.661683 | lrm: 0.29 | dt: 2033.52ms | tok/sec: 515,645 | bf16_mfu: 46.38 | epoch: 1 | total time: 134.37m | eta: 22.6m
step 03733/04357 (85.68%) | loss: 2.667869 | lrm: 0.29 | dt: 2035.80ms | tok/sec: 515,067 | bf16_mfu: 46.33 | epoch: 1 | total time: 134.40m | eta: 22.5m
step 03734/04357 (85.70%) | loss: 2.662137 | lrm: 0.29 | dt: 2035.35ms | tok/sec: 515,181 | bf16_mfu: 46.34 | epoch: 1 | total time: 134.43m | eta: 22.5m
step 03735/04357 (85.72%) | loss: 2.655701 | lrm: 0.29 | dt: 2042.06ms | tok/sec: 513,489 | bf16_mfu: 46.19 | epoch: 1 | total time: 134.47m | eta: 22.5m
step 03736/04357 (85.75%) | loss: 2.645423 | lrm: 0.29 | dt: 2028.94ms | tok/sec: 516,809 | bf16_mfu: 46.48 | epoch: 1 | total time: 134.50m | eta: 22.4m
step 03737/04357 (85.77%) | loss: 2.649761 | lrm: 0.28 | dt: 2035.54ms | tok/sec: 515,134 | bf16_mfu: 46.33 | epoch: 1 | total time: 134.54m | eta: 22.4m
step 03738/04357 (85.79%) | loss: 2.650433 | lrm: 0.28 | dt: 2035.58ms | tok/sec: 515,123 | bf16_mfu: 46.33 | epoch: 1 | total time: 134.57m | eta: 22.3m
step 03739/04357 (85.82%) | loss: 2.644616 | lrm: 0.28 | dt: 2040.26ms | tok/sec: 513,943 | bf16_mfu: 46.23 | epoch: 1 | total time: 134.60m | eta: 22.3m
step 03740/04357 (85.84%) | loss: 2.649589 | lrm: 0.28 | dt: 2039.47ms | tok/sec: 514,141 | bf16_mfu: 46.24 | epoch: 1 | total time: 134.64m | eta: 22.3m
step 03741/04357 (85.86%) | loss: 2.639529 | lrm: 0.28 | dt: 2033.30ms | tok/sec: 515,700 | bf16_mfu: 46.39 | epoch: 1 | total time: 134.67m | eta: 22.2m
step 03742/04357 (85.88%) | loss: 2.638248 | lrm: 0.28 | dt: 2036.83ms | tok/sec: 514,808 | bf16_mfu: 46.30 | epoch: 1 | total time: 134.70m | eta: 22.2m
step 03743/04357 (85.91%) | loss: 2.625678 | lrm: 0.28 | dt: 2039.60ms | tok/sec: 514,108 | bf16_mfu: 46.24 | epoch: 1 | total time: 134.74m | eta: 22.2m
step 03744/04357 (85.93%) | loss: 2.630871 | lrm: 0.28 | dt: 2035.65ms | tok/sec: 515,107 | bf16_mfu: 46.33 | epoch: 1 | total time: 134.77m | eta: 22.1m
step 03745/04357 (85.95%) | loss: 2.630953 | lrm: 0.28 | dt: 2046.37ms | tok/sec: 512,407 | bf16_mfu: 46.09 | epoch: 1 | total time: 134.81m | eta: 22.1m
step 03746/04357 (85.98%) | loss: 2.621644 | lrm: 0.28 | dt: 2037.85ms | tok/sec: 514,549 | bf16_mfu: 46.28 | epoch: 1 | total time: 134.84m | eta: 22.1m
step 03747/04357 (86.00%) | loss: 2.618548 | lrm: 0.28 | dt: 2034.82ms | tok/sec: 515,317 | bf16_mfu: 46.35 | epoch: 1 | total time: 134.87m | eta: 22.0m
step 03748/04357 (86.02%) | loss: 2.620835 | lrm: 0.28 | dt: 2035.27ms | tok/sec: 515,201 | bf16_mfu: 46.34 | epoch: 1 | total time: 134.91m | eta: 22.0m
step 03749/04357 (86.05%) | loss: 2.630473 | lrm: 0.28 | dt: 2037.63ms | tok/sec: 514,606 | bf16_mfu: 46.29 | epoch: 1 | total time: 134.94m | eta: 21.9m
Step 03750 | Validation bpb: 0.803848
step 03750/04357 (86.07%) | loss: 2.641022 | lrm: 0.28 | dt: 35948.06ms | tok/sec: 29,169 | bf16_mfu: 2.62 | epoch: 1 | total time: 135.54m | eta: 22.0m
step 03751/04357 (86.09%) | loss: 2.638322 | lrm: 0.28 | dt: 1982.24ms | tok/sec: 528,984 | bf16_mfu: 47.58 | epoch: 1 | total time: 135.57m | eta: 22.0m
step 03752/04357 (86.11%) | loss: 2.649579 | lrm: 0.28 | dt: 1985.66ms | tok/sec: 528,073 | bf16_mfu: 47.50 | epoch: 1 | total time: 135.61m | eta: 21.9m
step 03753/04357 (86.14%) | loss: 2.654317 | lrm: 0.28 | dt: 1989.65ms | tok/sec: 527,014 | bf16_mfu: 47.40 | epoch: 1 | total time: 135.64m | eta: 21.9m
step 03754/04357 (86.16%) | loss: 2.651396 | lrm: 0.28 | dt: 1986.64ms | tok/sec: 527,812 | bf16_mfu: 47.47 | epoch: 1 | total time: 135.67m | eta: 21.9m
step 03755/04357 (86.18%) | loss: 2.643306 | lrm: 0.28 | dt: 1985.68ms | tok/sec: 528,068 | bf16_mfu: 47.50 | epoch: 1 | total time: 135.71m | eta: 21.8m
step 03756/04357 (86.21%) | loss: 2.657070 | lrm: 0.28 | dt: 1991.49ms | tok/sec: 526,528 | bf16_mfu: 47.36 | epoch: 1 | total time: 135.74m | eta: 21.8m
step 03757/04357 (86.23%) | loss: 2.652011 | lrm: 0.28 | dt: 2019.80ms | tok/sec: 519,148 | bf16_mfu: 46.70 | epoch: 1 | total time: 135.77m | eta: 21.7m
step 03758/04357 (86.25%) | loss: 2.645028 | lrm: 0.28 | dt: 1999.43ms | tok/sec: 524,437 | bf16_mfu: 47.17 | epoch: 1 | total time: 135.81m | eta: 21.7m
step 03759/04357 (86.27%) | loss: 2.640838 | lrm: 0.27 | dt: 1996.10ms | tok/sec: 525,313 | bf16_mfu: 47.25 | epoch: 1 | total time: 135.84m | eta: 21.7m
step 03760/04357 (86.30%) | loss: 2.648208 | lrm: 0.27 | dt: 2028.06ms | tok/sec: 517,035 | bf16_mfu: 46.51 | epoch: 1 | total time: 135.87m | eta: 21.6m
step 03761/04357 (86.32%) | loss: 2.636267 | lrm: 0.27 | dt: 1998.03ms | tok/sec: 524,805 | bf16_mfu: 47.20 | epoch: 1 | total time: 135.91m | eta: 21.6m
step 03762/04357 (86.34%) | loss: 2.640082 | lrm: 0.27 | dt: 2001.49ms | tok/sec: 523,898 | bf16_mfu: 47.12 | epoch: 1 | total time: 135.94m | eta: 21.6m
step 03763/04357 (86.37%) | loss: 2.635586 | lrm: 0.27 | dt: 2008.28ms | tok/sec: 522,126 | bf16_mfu: 46.96 | epoch: 1 | total time: 135.97m | eta: 21.5m
step 03764/04357 (86.39%) | loss: 2.633578 | lrm: 0.27 | dt: 1991.98ms | tok/sec: 526,400 | bf16_mfu: 47.35 | epoch: 1 | total time: 136.01m | eta: 21.5m
step 03765/04357 (86.41%) | loss: 2.637401 | lrm: 0.27 | dt: 1996.68ms | tok/sec: 525,158 | bf16_mfu: 47.24 | epoch: 1 | total time: 136.04m | eta: 21.4m
step 03766/04357 (86.44%) | loss: 2.644813 | lrm: 0.27 | dt: 2002.38ms | tok/sec: 523,664 | bf16_mfu: 47.10 | epoch: 1 | total time: 136.07m | eta: 21.4m
step 03767/04357 (86.46%) | loss: 2.644487 | lrm: 0.27 | dt: 2003.40ms | tok/sec: 523,399 | bf16_mfu: 47.08 | epoch: 1 | total time: 136.11m | eta: 21.4m
step 03768/04357 (86.48%) | loss: 2.636093 | lrm: 0.27 | dt: 2001.92ms | tok/sec: 523,784 | bf16_mfu: 47.11 | epoch: 1 | total time: 136.14m | eta: 21.3m
step 03769/04357 (86.50%) | loss: 2.641169 | lrm: 0.27 | dt: 2002.87ms | tok/sec: 523,535 | bf16_mfu: 47.09 | epoch: 1 | total time: 136.17m | eta: 21.3m
step 03770/04357 (86.53%) | loss: 2.632715 | lrm: 0.27 | dt: 2005.65ms | tok/sec: 522,810 | bf16_mfu: 47.02 | epoch: 1 | total time: 136.21m | eta: 21.3m
step 03771/04357 (86.55%) | loss: 2.620765 | lrm: 0.27 | dt: 2006.89ms | tok/sec: 522,487 | bf16_mfu: 47.00 | epoch: 1 | total time: 136.24m | eta: 21.2m
step 03772/04357 (86.57%) | loss: 2.620470 | lrm: 0.27 | dt: 2007.54ms | tok/sec: 522,319 | bf16_mfu: 46.98 | epoch: 1 | total time: 136.27m | eta: 21.2m
step 03773/04357 (86.60%) | loss: 2.618980 | lrm: 0.27 | dt: 2007.12ms | tok/sec: 522,427 | bf16_mfu: 46.99 | epoch: 1 | total time: 136.31m | eta: 21.2m
step 03774/04357 (86.62%) | loss: 2.627753 | lrm: 0.27 | dt: 2009.80ms | tok/sec: 521,731 | bf16_mfu: 46.93 | epoch: 1 | total time: 136.34m | eta: 21.1m
step 03775/04357 (86.64%) | loss: 2.631332 | lrm: 0.27 | dt: 2013.16ms | tok/sec: 520,861 | bf16_mfu: 46.85 | epoch: 1 | total time: 136.38m | eta: 21.1m
step 03776/04357 (86.67%) | loss: 2.621465 | lrm: 0.27 | dt: 2008.16ms | tok/sec: 522,156 | bf16_mfu: 46.97 | epoch: 1 | total time: 136.41m | eta: 21.0m
step 03777/04357 (86.69%) | loss: 2.615585 | lrm: 0.27 | dt: 2012.53ms | tok/sec: 521,024 | bf16_mfu: 46.86 | epoch: 1 | total time: 136.44m | eta: 21.0m
step 03778/04357 (86.71%) | loss: 2.613654 | lrm: 0.27 | dt: 2014.80ms | tok/sec: 520,437 | bf16_mfu: 46.81 | epoch: 1 | total time: 136.48m | eta: 21.0m
step 03779/04357 (86.73%) | loss: 2.617514 | lrm: 0.27 | dt: 2006.59ms | tok/sec: 522,567 | bf16_mfu: 47.00 | epoch: 1 | total time: 136.51m | eta: 20.9m
step 03780/04357 (86.76%) | loss: 2.611991 | lrm: 0.26 | dt: 2017.39ms | tok/sec: 519,769 | bf16_mfu: 46.75 | epoch: 1 | total time: 136.54m | eta: 20.9m
step 03781/04357 (86.78%) | loss: 2.602824 | lrm: 0.26 | dt: 2013.34ms | tok/sec: 520,814 | bf16_mfu: 46.85 | epoch: 1 | total time: 136.58m | eta: 20.9m
step 03782/04357 (86.80%) | loss: 2.598098 | lrm: 0.26 | dt: 2016.43ms | tok/sec: 520,014 | bf16_mfu: 46.77 | epoch: 1 | total time: 136.61m | eta: 20.8m
step 03783/04357 (86.83%) | loss: 2.598941 | lrm: 0.26 | dt: 2017.15ms | tok/sec: 519,830 | bf16_mfu: 46.76 | epoch: 1 | total time: 136.64m | eta: 20.8m
step 03784/04357 (86.85%) | loss: 2.598584 | lrm: 0.26 | dt: 2014.45ms | tok/sec: 520,527 | bf16_mfu: 46.82 | epoch: 1 | total time: 136.68m | eta: 20.8m
step 03785/04357 (86.87%) | loss: 2.579733 | lrm: 0.26 | dt: 2017.46ms | tok/sec: 519,750 | bf16_mfu: 46.75 | epoch: 1 | total time: 136.71m | eta: 20.7m
step 03786/04357 (86.89%) | loss: 2.583069 | lrm: 0.26 | dt: 2018.01ms | tok/sec: 519,608 | bf16_mfu: 46.74 | epoch: 1 | total time: 136.74m | eta: 20.7m
step 03787/04357 (86.92%) | loss: 2.599584 | lrm: 0.26 | dt: 2013.71ms | tok/sec: 520,718 | bf16_mfu: 46.84 | epoch: 1 | total time: 136.78m | eta: 20.6m
step 03788/04357 (86.94%) | loss: 2.602000 | lrm: 0.26 | dt: 2022.13ms | tok/sec: 518,550 | bf16_mfu: 46.64 | epoch: 1 | total time: 136.81m | eta: 20.6m
step 03789/04357 (86.96%) | loss: 2.598603 | lrm: 0.26 | dt: 2015.72ms | tok/sec: 520,198 | bf16_mfu: 46.79 | epoch: 1 | total time: 136.85m | eta: 20.6m
step 03790/04357 (86.99%) | loss: 2.599766 | lrm: 0.26 | dt: 2024.49ms | tok/sec: 517,946 | bf16_mfu: 46.59 | epoch: 1 | total time: 136.88m | eta: 20.5m
step 03791/04357 (87.01%) | loss: 2.607302 | lrm: 0.26 | dt: 2023.51ms | tok/sec: 518,195 | bf16_mfu: 46.61 | epoch: 1 | total time: 136.91m | eta: 20.5m
step 03792/04357 (87.03%) | loss: 2.611467 | lrm: 0.26 | dt: 2016.85ms | tok/sec: 519,908 | bf16_mfu: 46.76 | epoch: 1 | total time: 136.95m | eta: 20.5m
step 03793/04357 (87.06%) | loss: 2.608078 | lrm: 0.26 | dt: 2021.61ms | tok/sec: 518,682 | bf16_mfu: 46.65 | epoch: 1 | total time: 136.98m | eta: 20.4m
step 03794/04357 (87.08%) | loss: 2.609463 | lrm: 0.26 | dt: 2023.97ms | tok/sec: 518,078 | bf16_mfu: 46.60 | epoch: 1 | total time: 137.01m | eta: 20.4m
step 03795/04357 (87.10%) | loss: 2.602181 | lrm: 0.26 | dt: 2026.81ms | tok/sec: 517,352 | bf16_mfu: 46.53 | epoch: 1 | total time: 137.05m | eta: 20.3m
step 03796/04357 (87.12%) | loss: 2.599618 | lrm: 0.26 | dt: 2023.39ms | tok/sec: 518,226 | bf16_mfu: 46.61 | epoch: 1 | total time: 137.08m | eta: 20.3m
step 03797/04357 (87.15%) | loss: 2.605724 | lrm: 0.26 | dt: 2025.39ms | tok/sec: 517,714 | bf16_mfu: 46.57 | epoch: 1 | total time: 137.12m | eta: 20.3m
step 03798/04357 (87.17%) | loss: 2.617408 | lrm: 0.26 | dt: 2028.33ms | tok/sec: 516,965 | bf16_mfu: 46.50 | epoch: 1 | total time: 137.15m | eta: 20.2m
step 03799/04357 (87.19%) | loss: 2.626161 | lrm: 0.26 | dt: 2019.55ms | tok/sec: 519,213 | bf16_mfu: 46.70 | epoch: 1 | total time: 137.18m | eta: 20.2m
step 03800/04357 (87.22%) | loss: 2.632413 | lrm: 0.26 | dt: 2025.72ms | tok/sec: 517,632 | bf16_mfu: 46.56 | epoch: 1 | total time: 137.22m | eta: 20.2m
step 03801/04357 (87.24%) | loss: 2.647280 | lrm: 0.26 | dt: 2030.00ms | tok/sec: 516,538 | bf16_mfu: 46.46 | epoch: 1 | total time: 137.25m | eta: 20.1m
step 03802/04357 (87.26%) | loss: 2.643382 | lrm: 0.25 | dt: 2020.79ms | tok/sec: 518,894 | bf16_mfu: 46.67 | epoch: 1 | total time: 137.28m | eta: 20.1m
step 03803/04357 (87.28%) | loss: 2.645947 | lrm: 0.25 | dt: 2054.22ms | tok/sec: 510,449 | bf16_mfu: 45.91 | epoch: 1 | total time: 137.32m | eta: 20.1m
step 03804/04357 (87.31%) | loss: 2.640947 | lrm: 0.25 | dt: 2025.49ms | tok/sec: 517,690 | bf16_mfu: 46.56 | epoch: 1 | total time: 137.35m | eta: 20.0m
step 03805/04357 (87.33%) | loss: 2.642315 | lrm: 0.25 | dt: 2028.29ms | tok/sec: 516,974 | bf16_mfu: 46.50 | epoch: 1 | total time: 137.39m | eta: 20.0m
step 03806/04357 (87.35%) | loss: 2.646563 | lrm: 0.25 | dt: 2023.76ms | tok/sec: 518,131 | bf16_mfu: 46.60 | epoch: 1 | total time: 137.42m | eta: 19.9m
step 03807/04357 (87.38%) | loss: 2.639966 | lrm: 0.25 | dt: 2027.70ms | tok/sec: 517,126 | bf16_mfu: 46.51 | epoch: 1 | total time: 137.45m | eta: 19.9m
step 03808/04357 (87.40%) | loss: 2.650258 | lrm: 0.25 | dt: 2029.65ms | tok/sec: 516,628 | bf16_mfu: 46.47 | epoch: 1 | total time: 137.49m | eta: 19.9m
step 03809/04357 (87.42%) | loss: 2.648809 | lrm: 0.25 | dt: 2024.09ms | tok/sec: 518,049 | bf16_mfu: 46.60 | epoch: 1 | total time: 137.52m | eta: 19.8m
step 03810/04357 (87.45%) | loss: 2.659774 | lrm: 0.25 | dt: 2032.14ms | tok/sec: 515,995 | bf16_mfu: 46.41 | epoch: 1 | total time: 137.55m | eta: 19.8m
step 03811/04357 (87.47%) | loss: 2.656299 | lrm: 0.25 | dt: 2031.01ms | tok/sec: 516,283 | bf16_mfu: 46.44 | epoch: 1 | total time: 137.59m | eta: 19.8m
step 03812/04357 (87.49%) | loss: 2.665953 | lrm: 0.25 | dt: 2027.43ms | tok/sec: 517,195 | bf16_mfu: 46.52 | epoch: 1 | total time: 137.62m | eta: 19.7m
step 03813/04357 (87.51%) | loss: 2.666341 | lrm: 0.25 | dt: 2029.83ms | tok/sec: 516,582 | bf16_mfu: 46.46 | epoch: 1 | total time: 137.66m | eta: 19.7m
step 03814/04357 (87.54%) | loss: 2.663605 | lrm: 0.25 | dt: 2033.55ms | tok/sec: 515,638 | bf16_mfu: 46.38 | epoch: 1 | total time: 137.69m | eta: 19.7m
step 03815/04357 (87.56%) | loss: 2.671192 | lrm: 0.25 | dt: 2031.45ms | tok/sec: 516,170 | bf16_mfu: 46.43 | epoch: 1 | total time: 137.72m | eta: 19.6m
step 03816/04357 (87.58%) | loss: 2.660425 | lrm: 0.25 | dt: 2029.87ms | tok/sec: 516,572 | bf16_mfu: 46.46 | epoch: 1 | total time: 137.76m | eta: 19.6m
step 03817/04357 (87.61%) | loss: 2.660806 | lrm: 0.25 | dt: 2027.83ms | tok/sec: 517,092 | bf16_mfu: 46.51 | epoch: 1 | total time: 137.79m | eta: 19.5m
step 03818/04357 (87.63%) | loss: 2.654385 | lrm: 0.25 | dt: 2031.08ms | tok/sec: 516,265 | bf16_mfu: 46.44 | epoch: 1 | total time: 137.83m | eta: 19.5m
step 03819/04357 (87.65%) | loss: 2.656559 | lrm: 0.25 | dt: 2032.34ms | tok/sec: 515,944 | bf16_mfu: 46.41 | epoch: 1 | total time: 137.86m | eta: 19.5m
step 03820/04357 (87.68%) | loss: 2.667389 | lrm: 0.25 | dt: 2032.67ms | tok/sec: 515,862 | bf16_mfu: 46.40 | epoch: 1 | total time: 137.89m | eta: 19.4m
step 03821/04357 (87.70%) | loss: 2.670695 | lrm: 0.25 | dt: 2033.08ms | tok/sec: 515,757 | bf16_mfu: 46.39 | epoch: 1 | total time: 137.93m | eta: 19.4m
step 03822/04357 (87.72%) | loss: 2.663978 | lrm: 0.25 | dt: 2032.38ms | tok/sec: 515,935 | bf16_mfu: 46.41 | epoch: 1 | total time: 137.96m | eta: 19.4m
step 03823/04357 (87.74%) | loss: 2.664019 | lrm: 0.25 | dt: 2035.86ms | tok/sec: 515,053 | bf16_mfu: 46.33 | epoch: 1 | total time: 137.99m | eta: 19.3m
step 03824/04357 (87.77%) | loss: 2.662211 | lrm: 0.24 | dt: 2034.00ms | tok/sec: 515,525 | bf16_mfu: 46.37 | epoch: 1 | total time: 138.03m | eta: 19.3m
step 03825/04357 (87.79%) | loss: 2.678059 | lrm: 0.24 | dt: 2035.43ms | tok/sec: 515,161 | bf16_mfu: 46.34 | epoch: 1 | total time: 138.06m | eta: 19.3m
step 03826/04357 (87.81%) | loss: 2.672679 | lrm: 0.24 | dt: 2033.83ms | tok/sec: 515,567 | bf16_mfu: 46.37 | epoch: 1 | total time: 138.10m | eta: 19.2m
step 03827/04357 (87.84%) | loss: 2.652376 | lrm: 0.24 | dt: 2035.06ms | tok/sec: 515,256 | bf16_mfu: 46.35 | epoch: 1 | total time: 138.13m | eta: 19.2m
step 03828/04357 (87.86%) | loss: 2.647471 | lrm: 0.24 | dt: 2034.36ms | tok/sec: 515,434 | bf16_mfu: 46.36 | epoch: 1 | total time: 138.16m | eta: 19.1m
step 03829/04357 (87.88%) | loss: 2.635567 | lrm: 0.24 | dt: 2032.49ms | tok/sec: 515,906 | bf16_mfu: 46.40 | epoch: 1 | total time: 138.20m | eta: 19.1m
step 03830/04357 (87.90%) | loss: 2.641188 | lrm: 0.24 | dt: 2033.28ms | tok/sec: 515,706 | bf16_mfu: 46.39 | epoch: 1 | total time: 138.23m | eta: 19.1m
step 03831/04357 (87.93%) | loss: 2.637969 | lrm: 0.24 | dt: 2037.42ms | tok/sec: 514,658 | bf16_mfu: 46.29 | epoch: 1 | total time: 138.27m | eta: 19.0m
step 03832/04357 (87.95%) | loss: 2.670125 | lrm: 0.24 | dt: 2034.92ms | tok/sec: 515,290 | bf16_mfu: 46.35 | epoch: 1 | total time: 138.30m | eta: 19.0m
step 03833/04357 (87.97%) | loss: 2.665840 | lrm: 0.24 | dt: 2033.06ms | tok/sec: 515,761 | bf16_mfu: 46.39 | epoch: 1 | total time: 138.33m | eta: 19.0m
step 03834/04357 (88.00%) | loss: 2.670155 | lrm: 0.24 | dt: 2032.61ms | tok/sec: 515,876 | bf16_mfu: 46.40 | epoch: 1 | total time: 138.37m | eta: 18.9m
step 03835/04357 (88.02%) | loss: 2.662330 | lrm: 0.24 | dt: 2038.97ms | tok/sec: 514,268 | bf16_mfu: 46.26 | epoch: 1 | total time: 138.40m | eta: 18.9m
step 03836/04357 (88.04%) | loss: 2.647126 | lrm: 0.24 | dt: 2026.78ms | tok/sec: 517,361 | bf16_mfu: 46.53 | epoch: 1 | total time: 138.44m | eta: 18.9m
step 03837/04357 (88.07%) | loss: 2.638714 | lrm: 0.24 | dt: 2034.95ms | tok/sec: 515,282 | bf16_mfu: 46.35 | epoch: 1 | total time: 138.47m | eta: 18.8m
step 03838/04357 (88.09%) | loss: 2.647330 | lrm: 0.24 | dt: 2037.24ms | tok/sec: 514,703 | bf16_mfu: 46.30 | epoch: 1 | total time: 138.50m | eta: 18.8m
step 03839/04357 (88.11%) | loss: 2.655544 | lrm: 0.24 | dt: 2032.87ms | tok/sec: 515,809 | bf16_mfu: 46.39 | epoch: 1 | total time: 138.54m | eta: 18.7m
step 03840/04357 (88.13%) | loss: 2.654241 | lrm: 0.24 | dt: 2037.52ms | tok/sec: 514,632 | bf16_mfu: 46.29 | epoch: 1 | total time: 138.57m | eta: 18.7m
step 03841/04357 (88.16%) | loss: 2.653628 | lrm: 0.24 | dt: 2034.63ms | tok/sec: 515,365 | bf16_mfu: 46.35 | epoch: 1 | total time: 138.61m | eta: 18.7m
step 03842/04357 (88.18%) | loss: 2.663162 | lrm: 0.24 | dt: 2033.36ms | tok/sec: 515,685 | bf16_mfu: 46.38 | epoch: 1 | total time: 138.64m | eta: 18.6m
step 03843/04357 (88.20%) | loss: 2.664073 | lrm: 0.24 | dt: 2035.40ms | tok/sec: 515,169 | bf16_mfu: 46.34 | epoch: 1 | total time: 138.67m | eta: 18.6m
step 03844/04357 (88.23%) | loss: 2.673529 | lrm: 0.24 | dt: 2034.71ms | tok/sec: 515,345 | bf16_mfu: 46.35 | epoch: 1 | total time: 138.71m | eta: 18.6m
step 03845/04357 (88.25%) | loss: 2.665366 | lrm: 0.24 | dt: 2034.07ms | tok/sec: 515,506 | bf16_mfu: 46.37 | epoch: 1 | total time: 138.74m | eta: 18.5m
step 03846/04357 (88.27%) | loss: 2.666042 | lrm: 0.23 | dt: 2041.99ms | tok/sec: 513,507 | bf16_mfu: 46.19 | epoch: 1 | total time: 138.77m | eta: 18.5m
step 03847/04357 (88.29%) | loss: 2.661825 | lrm: 0.23 | dt: 2039.18ms | tok/sec: 514,214 | bf16_mfu: 46.25 | epoch: 1 | total time: 138.81m | eta: 18.4m
step 03848/04357 (88.32%) | loss: 2.659091 | lrm: 0.23 | dt: 2038.17ms | tok/sec: 514,468 | bf16_mfu: 46.27 | epoch: 1 | total time: 138.84m | eta: 18.4m
step 03849/04357 (88.34%) | loss: 2.653388 | lrm: 0.23 | dt: 2035.85ms | tok/sec: 515,055 | bf16_mfu: 46.33 | epoch: 1 | total time: 138.88m | eta: 18.4m
step 03850/04357 (88.36%) | loss: 2.647037 | lrm: 0.23 | dt: 2034.52ms | tok/sec: 515,391 | bf16_mfu: 46.36 | epoch: 1 | total time: 138.91m | eta: 18.3m
step 03851/04357 (88.39%) | loss: 2.639759 | lrm: 0.23 | dt: 2039.43ms | tok/sec: 514,151 | bf16_mfu: 46.25 | epoch: 1 | total time: 138.94m | eta: 18.3m
step 03852/04357 (88.41%) | loss: 2.636495 | lrm: 0.23 | dt: 2037.89ms | tok/sec: 514,540 | bf16_mfu: 46.28 | epoch: 1 | total time: 138.98m | eta: 18.3m
step 03853/04357 (88.43%) | loss: 2.643784 | lrm: 0.23 | dt: 2037.37ms | tok/sec: 514,670 | bf16_mfu: 46.29 | epoch: 1 | total time: 139.01m | eta: 18.2m
step 03854/04357 (88.46%) | loss: 2.639352 | lrm: 0.23 | dt: 2036.24ms | tok/sec: 514,957 | bf16_mfu: 46.32 | epoch: 1 | total time: 139.05m | eta: 18.2m
step 03855/04357 (88.48%) | loss: 2.634727 | lrm: 0.23 | dt: 2039.53ms | tok/sec: 514,127 | bf16_mfu: 46.24 | epoch: 1 | total time: 139.08m | eta: 18.2m
step 03856/04357 (88.50%) | loss: 2.621356 | lrm: 0.23 | dt: 2039.67ms | tok/sec: 514,090 | bf16_mfu: 46.24 | epoch: 1 | total time: 139.11m | eta: 18.1m
step 03857/04357 (88.52%) | loss: 2.620472 | lrm: 0.23 | dt: 2036.60ms | tok/sec: 514,866 | bf16_mfu: 46.31 | epoch: 1 | total time: 139.15m | eta: 18.1m
step 03858/04357 (88.55%) | loss: 2.612940 | lrm: 0.23 | dt: 2036.82ms | tok/sec: 514,809 | bf16_mfu: 46.30 | epoch: 1 | total time: 139.18m | eta: 18.0m
step 03859/04357 (88.57%) | loss: 2.617793 | lrm: 0.23 | dt: 2038.45ms | tok/sec: 514,398 | bf16_mfu: 46.27 | epoch: 1 | total time: 139.22m | eta: 18.0m
step 03860/04357 (88.59%) | loss: 2.617333 | lrm: 0.23 | dt: 2034.07ms | tok/sec: 515,507 | bf16_mfu: 46.37 | epoch: 1 | total time: 139.25m | eta: 18.0m
step 03861/04357 (88.62%) | loss: 2.621555 | lrm: 0.23 | dt: 2039.22ms | tok/sec: 514,204 | bf16_mfu: 46.25 | epoch: 1 | total time: 139.28m | eta: 17.9m
step 03862/04357 (88.64%) | loss: 2.619690 | lrm: 0.23 | dt: 2035.44ms | tok/sec: 515,160 | bf16_mfu: 46.34 | epoch: 1 | total time: 139.32m | eta: 17.9m
step 03863/04357 (88.66%) | loss: 2.604712 | lrm: 0.23 | dt: 2039.41ms | tok/sec: 514,155 | bf16_mfu: 46.25 | epoch: 1 | total time: 139.35m | eta: 17.9m
step 03864/04357 (88.68%) | loss: 2.594962 | lrm: 0.23 | dt: 2034.84ms | tok/sec: 515,311 | bf16_mfu: 46.35 | epoch: 1 | total time: 139.39m | eta: 17.8m
step 03865/04357 (88.71%) | loss: 2.594594 | lrm: 0.23 | dt: 2034.60ms | tok/sec: 515,371 | bf16_mfu: 46.36 | epoch: 1 | total time: 139.42m | eta: 17.8m
step 03866/04357 (88.73%) | loss: 2.594644 | lrm: 0.23 | dt: 2025.98ms | tok/sec: 517,566 | bf16_mfu: 46.55 | epoch: 1 | total time: 139.45m | eta: 17.8m
step 03867/04357 (88.75%) | loss: 2.607793 | lrm: 0.22 | dt: 2037.78ms | tok/sec: 514,566 | bf16_mfu: 46.28 | epoch: 1 | total time: 139.49m | eta: 17.7m
step 03868/04357 (88.78%) | loss: 2.604075 | lrm: 0.22 | dt: 2036.88ms | tok/sec: 514,794 | bf16_mfu: 46.30 | epoch: 1 | total time: 139.52m | eta: 17.7m
step 03869/04357 (88.80%) | loss: 2.612697 | lrm: 0.22 | dt: 2036.43ms | tok/sec: 514,909 | bf16_mfu: 46.31 | epoch: 1 | total time: 139.56m | eta: 17.6m
step 03870/04357 (88.82%) | loss: 2.617414 | lrm: 0.22 | dt: 2035.35ms | tok/sec: 515,183 | bf16_mfu: 46.34 | epoch: 1 | total time: 139.59m | eta: 17.6m
step 03871/04357 (88.85%) | loss: 2.625704 | lrm: 0.22 | dt: 2035.49ms | tok/sec: 515,147 | bf16_mfu: 46.34 | epoch: 1 | total time: 139.62m | eta: 17.6m
step 03872/04357 (88.87%) | loss: 2.618561 | lrm: 0.22 | dt: 2037.99ms | tok/sec: 514,516 | bf16_mfu: 46.28 | epoch: 1 | total time: 139.66m | eta: 17.5m
step 03873/04357 (88.89%) | loss: 2.629775 | lrm: 0.22 | dt: 2036.33ms | tok/sec: 514,933 | bf16_mfu: 46.32 | epoch: 1 | total time: 139.69m | eta: 17.5m
step 03874/04357 (88.91%) | loss: 2.627387 | lrm: 0.22 | dt: 2035.56ms | tok/sec: 515,128 | bf16_mfu: 46.33 | epoch: 1 | total time: 139.73m | eta: 17.5m
step 03875/04357 (88.94%) | loss: 2.626414 | lrm: 0.22 | dt: 2033.88ms | tok/sec: 515,554 | bf16_mfu: 46.37 | epoch: 1 | total time: 139.76m | eta: 17.4m
step 03876/04357 (88.96%) | loss: 2.612132 | lrm: 0.22 | dt: 2038.75ms | tok/sec: 514,321 | bf16_mfu: 46.26 | epoch: 1 | total time: 139.79m | eta: 17.4m
step 03877/04357 (88.98%) | loss: 2.628123 | lrm: 0.22 | dt: 2038.11ms | tok/sec: 514,483 | bf16_mfu: 46.28 | epoch: 1 | total time: 139.83m | eta: 17.4m
step 03878/04357 (89.01%) | loss: 2.630743 | lrm: 0.22 | dt: 2034.28ms | tok/sec: 515,453 | bf16_mfu: 46.36 | epoch: 1 | total time: 139.86m | eta: 17.3m
step 03879/04357 (89.03%) | loss: 2.626017 | lrm: 0.22 | dt: 2034.97ms | tok/sec: 515,278 | bf16_mfu: 46.35 | epoch: 1 | total time: 139.90m | eta: 17.3m
step 03880/04357 (89.05%) | loss: 2.615987 | lrm: 0.22 | dt: 2035.25ms | tok/sec: 515,207 | bf16_mfu: 46.34 | epoch: 1 | total time: 139.93m | eta: 17.2m
step 03881/04357 (89.08%) | loss: 2.623163 | lrm: 0.22 | dt: 2035.04ms | tok/sec: 515,260 | bf16_mfu: 46.35 | epoch: 1 | total time: 139.96m | eta: 17.2m
step 03882/04357 (89.10%) | loss: 2.630310 | lrm: 0.22 | dt: 2032.92ms | tok/sec: 515,797 | bf16_mfu: 46.39 | epoch: 1 | total time: 140.00m | eta: 17.2m
step 03883/04357 (89.12%) | loss: 2.631730 | lrm: 0.22 | dt: 2036.60ms | tok/sec: 514,865 | bf16_mfu: 46.31 | epoch: 1 | total time: 140.03m | eta: 17.1m
step 03884/04357 (89.14%) | loss: 2.633393 | lrm: 0.22 | dt: 2036.14ms | tok/sec: 514,981 | bf16_mfu: 46.32 | epoch: 1 | total time: 140.06m | eta: 17.1m
step 03885/04357 (89.17%) | loss: 2.647399 | lrm: 0.22 | dt: 2043.06ms | tok/sec: 513,236 | bf16_mfu: 46.16 | epoch: 1 | total time: 140.10m | eta: 17.1m
step 03886/04357 (89.19%) | loss: 2.647769 | lrm: 0.22 | dt: 2035.39ms | tok/sec: 515,172 | bf16_mfu: 46.34 | epoch: 1 | total time: 140.13m | eta: 17.0m
step 03887/04357 (89.21%) | loss: 2.636288 | lrm: 0.22 | dt: 2045.26ms | tok/sec: 512,686 | bf16_mfu: 46.11 | epoch: 1 | total time: 140.17m | eta: 17.0m
step 03888/04357 (89.24%) | loss: 2.611368 | lrm: 0.22 | dt: 2037.56ms | tok/sec: 514,622 | bf16_mfu: 46.29 | epoch: 1 | total time: 140.20m | eta: 17.0m
step 03889/04357 (89.26%) | loss: 2.612641 | lrm: 0.21 | dt: 2033.73ms | tok/sec: 515,593 | bf16_mfu: 46.38 | epoch: 1 | total time: 140.23m | eta: 16.9m
step 03890/04357 (89.28%) | loss: 2.606773 | lrm: 0.21 | dt: 2035.92ms | tok/sec: 515,039 | bf16_mfu: 46.33 | epoch: 1 | total time: 140.27m | eta: 16.9m
step 03891/04357 (89.30%) | loss: 2.612032 | lrm: 0.21 | dt: 2035.24ms | tok/sec: 515,210 | bf16_mfu: 46.34 | epoch: 1 | total time: 140.30m | eta: 16.8m
step 03892/04357 (89.33%) | loss: 2.621118 | lrm: 0.21 | dt: 2062.42ms | tok/sec: 508,420 | bf16_mfu: 45.73 | epoch: 1 | total time: 140.34m | eta: 16.8m
step 03893/04357 (89.35%) | loss: 2.624383 | lrm: 0.21 | dt: 2035.59ms | tok/sec: 515,121 | bf16_mfu: 46.33 | epoch: 1 | total time: 140.37m | eta: 16.8m
step 03894/04357 (89.37%) | loss: 2.623357 | lrm: 0.21 | dt: 2037.66ms | tok/sec: 514,597 | bf16_mfu: 46.29 | epoch: 1 | total time: 140.40m | eta: 16.7m
step 03895/04357 (89.40%) | loss: 2.625641 | lrm: 0.21 | dt: 2033.05ms | tok/sec: 515,765 | bf16_mfu: 46.39 | epoch: 1 | total time: 140.44m | eta: 16.7m
step 03896/04357 (89.42%) | loss: 2.618598 | lrm: 0.21 | dt: 2031.84ms | tok/sec: 516,071 | bf16_mfu: 46.42 | epoch: 1 | total time: 140.47m | eta: 16.7m
step 03897/04357 (89.44%) | loss: 2.610750 | lrm: 0.21 | dt: 2040.50ms | tok/sec: 513,881 | bf16_mfu: 46.22 | epoch: 1 | total time: 140.51m | eta: 16.6m
step 03898/04357 (89.47%) | loss: 2.624526 | lrm: 0.21 | dt: 2034.91ms | tok/sec: 515,294 | bf16_mfu: 46.35 | epoch: 1 | total time: 140.54m | eta: 16.6m
step 03899/04357 (89.49%) | loss: 2.631905 | lrm: 0.21 | dt: 2034.94ms | tok/sec: 515,286 | bf16_mfu: 46.35 | epoch: 1 | total time: 140.57m | eta: 16.6m
step 03900/04357 (89.51%) | loss: 2.624278 | lrm: 0.21 | dt: 2035.82ms | tok/sec: 515,062 | bf16_mfu: 46.33 | epoch: 1 | total time: 140.61m | eta: 16.5m
step 03901/04357 (89.53%) | loss: 2.625622 | lrm: 0.21 | dt: 2036.39ms | tok/sec: 514,918 | bf16_mfu: 46.31 | epoch: 1 | total time: 140.64m | eta: 16.5m
step 03902/04357 (89.56%) | loss: 2.624292 | lrm: 0.21 | dt: 2037.46ms | tok/sec: 514,647 | bf16_mfu: 46.29 | epoch: 1 | total time: 140.68m | eta: 16.4m
step 03903/04357 (89.58%) | loss: 2.626255 | lrm: 0.21 | dt: 2035.85ms | tok/sec: 515,054 | bf16_mfu: 46.33 | epoch: 1 | total time: 140.71m | eta: 16.4m
step 03904/04357 (89.60%) | loss: 2.628402 | lrm: 0.21 | dt: 2035.44ms | tok/sec: 515,159 | bf16_mfu: 46.34 | epoch: 1 | total time: 140.74m | eta: 16.4m
step 03905/04357 (89.63%) | loss: 2.624667 | lrm: 0.21 | dt: 2040.44ms | tok/sec: 513,897 | bf16_mfu: 46.22 | epoch: 1 | total time: 140.78m | eta: 16.3m
step 03906/04357 (89.65%) | loss: 2.627843 | lrm: 0.21 | dt: 2028.48ms | tok/sec: 516,927 | bf16_mfu: 46.50 | epoch: 1 | total time: 140.81m | eta: 16.3m
step 03907/04357 (89.67%) | loss: 2.630133 | lrm: 0.21 | dt: 2037.93ms | tok/sec: 514,530 | bf16_mfu: 46.28 | epoch: 1 | total time: 140.85m | eta: 16.3m
step 03908/04357 (89.69%) | loss: 2.629130 | lrm: 0.21 | dt: 2038.00ms | tok/sec: 514,512 | bf16_mfu: 46.28 | epoch: 1 | total time: 140.88m | eta: 16.2m
step 03909/04357 (89.72%) | loss: 2.633077 | lrm: 0.21 | dt: 2037.62ms | tok/sec: 514,607 | bf16_mfu: 46.29 | epoch: 1 | total time: 140.91m | eta: 16.2m
step 03910/04357 (89.74%) | loss: 2.623595 | lrm: 0.21 | dt: 2037.48ms | tok/sec: 514,644 | bf16_mfu: 46.29 | epoch: 1 | total time: 140.95m | eta: 16.2m
step 03911/04357 (89.76%) | loss: 2.629726 | lrm: 0.20 | dt: 2035.47ms | tok/sec: 515,151 | bf16_mfu: 46.34 | epoch: 1 | total time: 140.98m | eta: 16.1m
step 03912/04357 (89.79%) | loss: 2.622753 | lrm: 0.20 | dt: 2039.18ms | tok/sec: 514,214 | bf16_mfu: 46.25 | epoch: 1 | total time: 141.02m | eta: 16.1m
step 03913/04357 (89.81%) | loss: 2.619655 | lrm: 0.20 | dt: 2037.13ms | tok/sec: 514,732 | bf16_mfu: 46.30 | epoch: 1 | total time: 141.05m | eta: 16.0m
step 03914/04357 (89.83%) | loss: 2.610625 | lrm: 0.20 | dt: 2039.63ms | tok/sec: 514,100 | bf16_mfu: 46.24 | epoch: 1 | total time: 141.08m | eta: 16.0m
step 03915/04357 (89.86%) | loss: 2.616414 | lrm: 0.20 | dt: 2037.00ms | tok/sec: 514,764 | bf16_mfu: 46.30 | epoch: 1 | total time: 141.12m | eta: 16.0m
step 03916/04357 (89.88%) | loss: 2.633003 | lrm: 0.20 | dt: 2040.15ms | tok/sec: 513,970 | bf16_mfu: 46.23 | epoch: 1 | total time: 141.15m | eta: 15.9m
step 03917/04357 (89.90%) | loss: 2.628260 | lrm: 0.20 | dt: 2035.77ms | tok/sec: 515,076 | bf16_mfu: 46.33 | epoch: 1 | total time: 141.19m | eta: 15.9m
step 03918/04357 (89.92%) | loss: 2.626390 | lrm: 0.20 | dt: 2034.47ms | tok/sec: 515,404 | bf16_mfu: 46.36 | epoch: 1 | total time: 141.22m | eta: 15.9m
step 03919/04357 (89.95%) | loss: 2.624230 | lrm: 0.20 | dt: 2035.32ms | tok/sec: 515,189 | bf16_mfu: 46.34 | epoch: 1 | total time: 141.25m | eta: 15.8m
step 03920/04357 (89.97%) | loss: 2.628031 | lrm: 0.20 | dt: 2039.59ms | tok/sec: 514,111 | bf16_mfu: 46.24 | epoch: 1 | total time: 141.29m | eta: 15.8m
step 03921/04357 (89.99%) | loss: 2.624386 | lrm: 0.20 | dt: 2039.97ms | tok/sec: 514,015 | bf16_mfu: 46.23 | epoch: 1 | total time: 141.32m | eta: 15.8m
step 03922/04357 (90.02%) | loss: 2.629309 | lrm: 0.20 | dt: 2039.28ms | tok/sec: 514,189 | bf16_mfu: 46.25 | epoch: 1 | total time: 141.36m | eta: 15.7m
step 03923/04357 (90.04%) | loss: 2.625189 | lrm: 0.20 | dt: 2041.30ms | tok/sec: 513,679 | bf16_mfu: 46.20 | epoch: 1 | total time: 141.39m | eta: 15.7m
step 03924/04357 (90.06%) | loss: 2.644400 | lrm: 0.20 | dt: 2035.46ms | tok/sec: 515,154 | bf16_mfu: 46.34 | epoch: 1 | total time: 141.42m | eta: 15.6m
step 03925/04357 (90.08%) | loss: 2.659034 | lrm: 0.20 | dt: 2047.40ms | tok/sec: 512,149 | bf16_mfu: 46.07 | epoch: 1 | total time: 141.46m | eta: 15.6m
step 03926/04357 (90.11%) | loss: 2.664269 | lrm: 0.20 | dt: 2033.97ms | tok/sec: 515,531 | bf16_mfu: 46.37 | epoch: 1 | total time: 141.49m | eta: 15.6m
step 03927/04357 (90.13%) | loss: 2.662977 | lrm: 0.20 | dt: 2036.10ms | tok/sec: 514,991 | bf16_mfu: 46.32 | epoch: 1 | total time: 141.53m | eta: 15.5m
step 03928/04357 (90.15%) | loss: 2.647223 | lrm: 0.20 | dt: 2041.00ms | tok/sec: 513,756 | bf16_mfu: 46.21 | epoch: 1 | total time: 141.56m | eta: 15.5m
step 03929/04357 (90.18%) | loss: 2.640308 | lrm: 0.20 | dt: 2035.01ms | tok/sec: 515,268 | bf16_mfu: 46.35 | epoch: 1 | total time: 141.59m | eta: 15.5m
step 03930/04357 (90.20%) | loss: 2.642129 | lrm: 0.20 | dt: 2037.97ms | tok/sec: 514,519 | bf16_mfu: 46.28 | epoch: 1 | total time: 141.63m | eta: 15.4m
step 03931/04357 (90.22%) | loss: 2.633993 | lrm: 0.20 | dt: 2038.12ms | tok/sec: 514,483 | bf16_mfu: 46.28 | epoch: 1 | total time: 141.66m | eta: 15.4m
step 03932/04357 (90.25%) | loss: 2.637606 | lrm: 0.20 | dt: 2044.68ms | tok/sec: 512,830 | bf16_mfu: 46.13 | epoch: 1 | total time: 141.69m | eta: 15.4m
step 03933/04357 (90.27%) | loss: 2.639649 | lrm: 0.19 | dt: 2034.73ms | tok/sec: 515,339 | bf16_mfu: 46.35 | epoch: 1 | total time: 141.73m | eta: 15.3m
step 03934/04357 (90.29%) | loss: 2.636345 | lrm: 0.19 | dt: 2039.75ms | tok/sec: 514,070 | bf16_mfu: 46.24 | epoch: 1 | total time: 141.76m | eta: 15.3m
step 03935/04357 (90.31%) | loss: 2.635350 | lrm: 0.19 | dt: 2027.33ms | tok/sec: 517,220 | bf16_mfu: 46.52 | epoch: 1 | total time: 141.80m | eta: 15.2m
step 03936/04357 (90.34%) | loss: 2.632448 | lrm: 0.19 | dt: 2033.92ms | tok/sec: 515,545 | bf16_mfu: 46.37 | epoch: 1 | total time: 141.83m | eta: 15.2m
step 03937/04357 (90.36%) | loss: 2.638615 | lrm: 0.19 | dt: 2035.03ms | tok/sec: 515,263 | bf16_mfu: 46.35 | epoch: 1 | total time: 141.86m | eta: 15.2m
step 03938/04357 (90.38%) | loss: 2.642106 | lrm: 0.19 | dt: 2038.45ms | tok/sec: 514,399 | bf16_mfu: 46.27 | epoch: 1 | total time: 141.90m | eta: 15.1m
step 03939/04357 (90.41%) | loss: 2.642382 | lrm: 0.19 | dt: 2039.50ms | tok/sec: 514,134 | bf16_mfu: 46.24 | epoch: 1 | total time: 141.93m | eta: 15.1m
step 03940/04357 (90.43%) | loss: 2.647197 | lrm: 0.19 | dt: 2036.46ms | tok/sec: 514,900 | bf16_mfu: 46.31 | epoch: 1 | total time: 141.97m | eta: 15.1m
step 03941/04357 (90.45%) | loss: 2.640607 | lrm: 0.19 | dt: 2044.13ms | tok/sec: 512,968 | bf16_mfu: 46.14 | epoch: 1 | total time: 142.00m | eta: 15.0m
step 03942/04357 (90.48%) | loss: 2.646977 | lrm: 0.19 | dt: 2038.83ms | tok/sec: 514,303 | bf16_mfu: 46.26 | epoch: 1 | total time: 142.03m | eta: 15.0m
step 03943/04357 (90.50%) | loss: 2.645114 | lrm: 0.19 | dt: 2038.73ms | tok/sec: 514,326 | bf16_mfu: 46.26 | epoch: 1 | total time: 142.07m | eta: 15.0m
step 03944/04357 (90.52%) | loss: 2.647468 | lrm: 0.19 | dt: 2036.59ms | tok/sec: 514,867 | bf16_mfu: 46.31 | epoch: 1 | total time: 142.10m | eta: 14.9m
step 03945/04357 (90.54%) | loss: 2.640596 | lrm: 0.19 | dt: 2039.03ms | tok/sec: 514,251 | bf16_mfu: 46.25 | epoch: 1 | total time: 142.14m | eta: 14.9m
step 03946/04357 (90.57%) | loss: 2.635771 | lrm: 0.19 | dt: 2038.76ms | tok/sec: 514,319 | bf16_mfu: 46.26 | epoch: 1 | total time: 142.17m | eta: 14.8m
step 03947/04357 (90.59%) | loss: 2.628204 | lrm: 0.19 | dt: 2035.45ms | tok/sec: 515,157 | bf16_mfu: 46.34 | epoch: 1 | total time: 142.20m | eta: 14.8m
step 03948/04357 (90.61%) | loss: 2.622604 | lrm: 0.19 | dt: 2034.50ms | tok/sec: 515,397 | bf16_mfu: 46.36 | epoch: 1 | total time: 142.24m | eta: 14.8m
step 03949/04357 (90.64%) | loss: 2.631266 | lrm: 0.19 | dt: 2038.70ms | tok/sec: 514,336 | bf16_mfu: 46.26 | epoch: 1 | total time: 142.27m | eta: 14.7m
step 03950/04357 (90.66%) | loss: 2.640062 | lrm: 0.19 | dt: 2041.04ms | tok/sec: 513,746 | bf16_mfu: 46.21 | epoch: 1 | total time: 142.31m | eta: 14.7m
step 03951/04357 (90.68%) | loss: 2.635244 | lrm: 0.19 | dt: 2035.40ms | tok/sec: 515,170 | bf16_mfu: 46.34 | epoch: 1 | total time: 142.34m | eta: 14.7m
step 03952/04357 (90.70%) | loss: 2.639899 | lrm: 0.19 | dt: 2039.98ms | tok/sec: 514,012 | bf16_mfu: 46.23 | epoch: 1 | total time: 142.37m | eta: 14.6m
step 03953/04357 (90.73%) | loss: 2.652990 | lrm: 0.19 | dt: 2038.00ms | tok/sec: 514,511 | bf16_mfu: 46.28 | epoch: 1 | total time: 142.41m | eta: 14.6m
step 03954/04357 (90.75%) | loss: 2.656477 | lrm: 0.19 | dt: 2036.60ms | tok/sec: 514,865 | bf16_mfu: 46.31 | epoch: 1 | total time: 142.44m | eta: 14.6m
step 03955/04357 (90.77%) | loss: 2.648861 | lrm: 0.18 | dt: 2037.87ms | tok/sec: 514,545 | bf16_mfu: 46.28 | epoch: 1 | total time: 142.48m | eta: 14.5m
step 03956/04357 (90.80%) | loss: 2.649758 | lrm: 0.18 | dt: 2028.52ms | tok/sec: 516,917 | bf16_mfu: 46.49 | epoch: 1 | total time: 142.51m | eta: 14.5m
step 03957/04357 (90.82%) | loss: 2.655965 | lrm: 0.18 | dt: 2034.70ms | tok/sec: 515,347 | bf16_mfu: 46.35 | epoch: 1 | total time: 142.54m | eta: 14.4m
step 03958/04357 (90.84%) | loss: 2.661263 | lrm: 0.18 | dt: 2034.61ms | tok/sec: 515,369 | bf16_mfu: 46.36 | epoch: 1 | total time: 142.58m | eta: 14.4m
step 03959/04357 (90.87%) | loss: 2.662615 | lrm: 0.18 | dt: 2037.75ms | tok/sec: 514,574 | bf16_mfu: 46.28 | epoch: 1 | total time: 142.61m | eta: 14.4m
step 03960/04357 (90.89%) | loss: 2.631242 | lrm: 0.18 | dt: 2035.37ms | tok/sec: 515,176 | bf16_mfu: 46.34 | epoch: 1 | total time: 142.65m | eta: 14.3m
step 03961/04357 (90.91%) | loss: 2.624712 | lrm: 0.18 | dt: 2037.81ms | tok/sec: 514,559 | bf16_mfu: 46.28 | epoch: 1 | total time: 142.68m | eta: 14.3m
step 03962/04357 (90.93%) | loss: 2.639398 | lrm: 0.18 | dt: 2057.82ms | tok/sec: 509,557 | bf16_mfu: 45.83 | epoch: 1 | total time: 142.71m | eta: 14.3m
step 03963/04357 (90.96%) | loss: 2.626803 | lrm: 0.18 | dt: 2036.43ms | tok/sec: 514,910 | bf16_mfu: 46.31 | epoch: 1 | total time: 142.75m | eta: 14.2m
step 03964/04357 (90.98%) | loss: 2.627402 | lrm: 0.18 | dt: 2036.79ms | tok/sec: 514,817 | bf16_mfu: 46.31 | epoch: 1 | total time: 142.78m | eta: 14.2m
step 03965/04357 (91.00%) | loss: 2.627797 | lrm: 0.18 | dt: 2032.63ms | tok/sec: 515,871 | bf16_mfu: 46.40 | epoch: 1 | total time: 142.82m | eta: 14.2m
step 03966/04357 (91.03%) | loss: 2.631133 | lrm: 0.18 | dt: 2031.54ms | tok/sec: 516,147 | bf16_mfu: 46.43 | epoch: 1 | total time: 142.85m | eta: 14.1m
step 03967/04357 (91.05%) | loss: 2.641918 | lrm: 0.18 | dt: 2035.30ms | tok/sec: 515,194 | bf16_mfu: 46.34 | epoch: 1 | total time: 142.88m | eta: 14.1m
step 03968/04357 (91.07%) | loss: 2.635269 | lrm: 0.18 | dt: 2028.34ms | tok/sec: 516,963 | bf16_mfu: 46.50 | epoch: 1 | total time: 142.92m | eta: 14.0m
step 03969/04357 (91.09%) | loss: 2.649615 | lrm: 0.18 | dt: 2041.06ms | tok/sec: 513,741 | bf16_mfu: 46.21 | epoch: 1 | total time: 142.95m | eta: 14.0m
step 03970/04357 (91.12%) | loss: 2.646020 | lrm: 0.18 | dt: 2034.25ms | tok/sec: 515,461 | bf16_mfu: 46.36 | epoch: 1 | total time: 142.99m | eta: 14.0m
step 03971/04357 (91.14%) | loss: 2.636165 | lrm: 0.18 | dt: 2034.78ms | tok/sec: 515,327 | bf16_mfu: 46.35 | epoch: 1 | total time: 143.02m | eta: 13.9m
step 03972/04357 (91.16%) | loss: 2.635026 | lrm: 0.18 | dt: 2042.59ms | tok/sec: 513,357 | bf16_mfu: 46.17 | epoch: 1 | total time: 143.05m | eta: 13.9m
step 03973/04357 (91.19%) | loss: 2.640110 | lrm: 0.18 | dt: 2032.82ms | tok/sec: 515,824 | bf16_mfu: 46.40 | epoch: 1 | total time: 143.09m | eta: 13.9m
step 03974/04357 (91.21%) | loss: 2.648595 | lrm: 0.18 | dt: 2038.85ms | tok/sec: 514,297 | bf16_mfu: 46.26 | epoch: 1 | total time: 143.12m | eta: 13.8m
step 03975/04357 (91.23%) | loss: 2.637495 | lrm: 0.18 | dt: 2037.46ms | tok/sec: 514,649 | bf16_mfu: 46.29 | epoch: 1 | total time: 143.15m | eta: 13.8m
step 03976/04357 (91.26%) | loss: 2.637617 | lrm: 0.17 | dt: 2030.70ms | tok/sec: 516,360 | bf16_mfu: 46.44 | epoch: 1 | total time: 143.19m | eta: 13.8m
step 03977/04357 (91.28%) | loss: 2.652075 | lrm: 0.17 | dt: 2034.38ms | tok/sec: 515,427 | bf16_mfu: 46.36 | epoch: 1 | total time: 143.22m | eta: 13.7m
step 03978/04357 (91.30%) | loss: 2.655823 | lrm: 0.17 | dt: 2032.58ms | tok/sec: 515,884 | bf16_mfu: 46.40 | epoch: 1 | total time: 143.26m | eta: 13.7m
step 03979/04357 (91.32%) | loss: 2.640004 | lrm: 0.17 | dt: 2038.66ms | tok/sec: 514,346 | bf16_mfu: 46.26 | epoch: 1 | total time: 143.29m | eta: 13.6m
step 03980/04357 (91.35%) | loss: 2.637617 | lrm: 0.17 | dt: 2070.19ms | tok/sec: 506,510 | bf16_mfu: 45.56 | epoch: 1 | total time: 143.32m | eta: 13.6m
step 03981/04357 (91.37%) | loss: 2.639378 | lrm: 0.17 | dt: 2036.81ms | tok/sec: 514,811 | bf16_mfu: 46.31 | epoch: 1 | total time: 143.36m | eta: 13.6m
step 03982/04357 (91.39%) | loss: 2.655067 | lrm: 0.17 | dt: 2036.91ms | tok/sec: 514,788 | bf16_mfu: 46.30 | epoch: 1 | total time: 143.39m | eta: 13.5m
step 03983/04357 (91.42%) | loss: 2.650632 | lrm: 0.17 | dt: 2037.28ms | tok/sec: 514,693 | bf16_mfu: 46.29 | epoch: 1 | total time: 143.43m | eta: 13.5m
step 03984/04357 (91.44%) | loss: 2.658640 | lrm: 0.17 | dt: 2037.53ms | tok/sec: 514,631 | bf16_mfu: 46.29 | epoch: 1 | total time: 143.46m | eta: 13.5m
step 03985/04357 (91.46%) | loss: 2.655792 | lrm: 0.17 | dt: 2038.80ms | tok/sec: 514,311 | bf16_mfu: 46.26 | epoch: 1 | total time: 143.49m | eta: 13.4m
step 03986/04357 (91.48%) | loss: 2.645382 | lrm: 0.17 | dt: 2030.21ms | tok/sec: 516,486 | bf16_mfu: 46.46 | epoch: 1 | total time: 143.53m | eta: 13.4m
step 03987/04357 (91.51%) | loss: 2.642510 | lrm: 0.17 | dt: 2039.66ms | tok/sec: 514,094 | bf16_mfu: 46.24 | epoch: 1 | total time: 143.56m | eta: 13.4m
step 03988/04357 (91.53%) | loss: 2.641301 | lrm: 0.17 | dt: 2040.12ms | tok/sec: 513,978 | bf16_mfu: 46.23 | epoch: 1 | total time: 143.60m | eta: 13.3m
step 03989/04357 (91.55%) | loss: 2.635731 | lrm: 0.17 | dt: 2039.49ms | tok/sec: 514,135 | bf16_mfu: 46.24 | epoch: 1 | total time: 143.63m | eta: 13.3m
step 03990/04357 (91.58%) | loss: 2.631854 | lrm: 0.17 | dt: 2038.69ms | tok/sec: 514,339 | bf16_mfu: 46.26 | epoch: 1 | total time: 143.66m | eta: 13.2m
step 03991/04357 (91.60%) | loss: 2.633022 | lrm: 0.17 | dt: 2039.67ms | tok/sec: 514,090 | bf16_mfu: 46.24 | epoch: 1 | total time: 143.70m | eta: 13.2m
step 03992/04357 (91.62%) | loss: 2.645070 | lrm: 0.17 | dt: 2045.31ms | tok/sec: 512,674 | bf16_mfu: 46.11 | epoch: 1 | total time: 143.73m | eta: 13.2m
step 03993/04357 (91.65%) | loss: 2.644266 | lrm: 0.17 | dt: 2035.48ms | tok/sec: 515,149 | bf16_mfu: 46.34 | epoch: 1 | total time: 143.77m | eta: 13.1m
step 03994/04357 (91.67%) | loss: 2.635009 | lrm: 0.17 | dt: 2036.00ms | tok/sec: 515,017 | bf16_mfu: 46.32 | epoch: 1 | total time: 143.80m | eta: 13.1m
step 03995/04357 (91.69%) | loss: 2.647819 | lrm: 0.17 | dt: 2040.19ms | tok/sec: 513,960 | bf16_mfu: 46.23 | epoch: 1 | total time: 143.83m | eta: 13.1m
step 03996/04357 (91.71%) | loss: 2.638975 | lrm: 0.17 | dt: 2033.68ms | tok/sec: 515,604 | bf16_mfu: 46.38 | epoch: 1 | total time: 143.87m | eta: 13.0m
step 03997/04357 (91.74%) | loss: 2.651606 | lrm: 0.17 | dt: 2034.87ms | tok/sec: 515,302 | bf16_mfu: 46.35 | epoch: 1 | total time: 143.90m | eta: 13.0m
step 03998/04357 (91.76%) | loss: 2.644556 | lrm: 0.16 | dt: 2032.70ms | tok/sec: 515,853 | bf16_mfu: 46.40 | epoch: 1 | total time: 143.94m | eta: 13.0m
step 03999/04357 (91.78%) | loss: 2.649068 | lrm: 0.16 | dt: 2036.69ms | tok/sec: 514,843 | bf16_mfu: 46.31 | epoch: 1 | total time: 143.97m | eta: 12.9m
Step 04000 | Validation bpb: 0.797259
Evaluating: hellaswag_zeroshot (0-shot, type: multiple_choice)... accuracy: 0.4480 | centered: 0.2640 | time: 1.75s
Evaluating: jeopardy (10-shot, type: language_modeling)... accuracy: 0.0720 | centered: 0.0720 | time: 1.74s
Evaluating: bigbench_qa_wikidata (10-shot, type: language_modeling)... accuracy: 0.4960 | centered: 0.4960 | time: 1.72s
Evaluating: arc_easy (10-shot, type: multiple_choice)... accuracy: 0.6320 | centered: 0.5093 | time: 1.86s
Evaluating: arc_challenge (10-shot, type: multiple_choice)... accuracy: 0.3520 | centered: 0.1360 | time: 1.87s
Evaluating: copa (0-shot, type: multiple_choice)... accuracy: 0.5900 | centered: 0.1800 | time: 0.33s
Evaluating: commonsense_qa (10-shot, type: multiple_choice)... accuracy: 0.3120 | centered: 0.1400 | time: 1.92s
Evaluating: piqa (10-shot, type: multiple_choice)... accuracy: 0.6880 | centered: 0.3760 | time: 1.73s
Evaluating: openbook_qa (0-shot, type: multiple_choice)... accuracy: 0.3620 | centered: 0.1493 | time: 1.63s
Evaluating: lambada_openai (0-shot, type: language_modeling)... accuracy: 0.4040 | centered: 0.4040 | time: 1.68s
Evaluating: hellaswag (10-shot, type: multiple_choice)... accuracy: 0.4500 | centered: 0.2667 | time: 2.80s
Evaluating: winograd (0-shot, type: schema)... accuracy: 0.6484 | centered: 0.2967 | time: 0.88s
Evaluating: winogrande (0-shot, type: schema)... accuracy: 0.5580 | centered: 0.1160 | time: 1.64s
Evaluating: bigbench_dyck_languages (10-shot, type: language_modeling)... accuracy: 0.1000 | centered: 0.1000 | time: 1.78s
Evaluating: agi_eval_lsat_ar (3-shot, type: multiple_choice)... accuracy: 0.2261 | centered: 0.0326 | time: 1.23s
Evaluating: bigbench_cs_algorithms (10-shot, type: language_modeling)... accuracy: 0.4680 | centered: 0.4680 | time: 1.71s
Evaluating: bigbench_operators (10-shot, type: language_modeling)... accuracy: 0.1714 | centered: 0.1714 | time: 0.73s
Evaluating: bigbench_repeat_copy_logic (10-shot, type: language_modeling)... accuracy: 0.0000 | centered: 0.0000 | time: 0.11s
Evaluating: squad (10-shot, type: language_modeling)... accuracy: 0.2900 | centered: 0.2900 | time: 2.09s
Evaluating: coqa (0-shot, type: language_modeling)... accuracy: 0.1960 | centered: 0.1960 | time: 1.79s
Evaluating: boolq (10-shot, type: multiple_choice)... accuracy: 0.4800 | centered: -0.3684 | time: 2.63s
Evaluating: bigbench_language_identification (10-shot, type: multiple_choice)... accuracy: 0.2680 | centered: 0.1947 | time: 4.60s
Step 04000 | CORE metric: 0.2041
<|bos|>The capital of France is Paris. It is the largest city in France and the second largest city in Europe
<|bos|>The chemical symbol of gold is Au. It is a soft, silvery metal that is highly malleable
<|bos|>If yesterday was Friday, then tomorrow will be Saturday. If today is Saturday, then tomorrow will be Sunday. If tomorrow is
step 04000/04357 (91.81%) | loss: 2.647834 | lrm: 0.16 | dt: 36015.04ms | tok/sec: 29,114 | bf16_mfu: 2.62 | epoch: 1 | total time: 144.57m | eta: 12.9m
step 04001/04357 (91.83%) | loss: 2.635702 | lrm: 0.16 | dt: 1965.80ms | tok/sec: 533,409 | bf16_mfu: 47.98 | epoch: 1 | total time: 144.60m | eta: 12.9m
step 04002/04357 (91.85%) | loss: 2.627452 | lrm: 0.16 | dt: 1980.20ms | tok/sec: 529,530 | bf16_mfu: 47.63 | epoch: 1 | total time: 144.64m | eta: 12.9m
step 04003/04357 (91.88%) | loss: 2.633978 | lrm: 0.16 | dt: 1980.23ms | tok/sec: 529,523 | bf16_mfu: 47.63 | epoch: 1 | total time: 144.67m | eta: 12.8m
step 04004/04357 (91.90%) | loss: 2.621908 | lrm: 0.16 | dt: 1985.51ms | tok/sec: 528,114 | bf16_mfu: 47.50 | epoch: 1 | total time: 144.70m | eta: 12.8m
step 04005/04357 (91.92%) | loss: 2.621614 | lrm: 0.16 | dt: 1986.41ms | tok/sec: 527,874 | bf16_mfu: 47.48 | epoch: 1 | total time: 144.74m | eta: 12.8m
step 04006/04357 (91.94%) | loss: 2.623012 | lrm: 0.16 | dt: 1989.68ms | tok/sec: 527,006 | bf16_mfu: 47.40 | epoch: 1 | total time: 144.77m | eta: 12.7m
step 04007/04357 (91.97%) | loss: 2.623963 | lrm: 0.16 | dt: 1993.12ms | tok/sec: 526,098 | bf16_mfu: 47.32 | epoch: 1 | total time: 144.80m | eta: 12.7m
step 04008/04357 (91.99%) | loss: 2.626784 | lrm: 0.16 | dt: 1982.11ms | tok/sec: 529,021 | bf16_mfu: 47.58 | epoch: 1 | total time: 144.83m | eta: 12.6m
step 04009/04357 (92.01%) | loss: 2.632190 | lrm: 0.16 | dt: 1989.41ms | tok/sec: 527,079 | bf16_mfu: 47.41 | epoch: 1 | total time: 144.87m | eta: 12.6m
step 04010/04357 (92.04%) | loss: 2.635961 | lrm: 0.16 | dt: 1985.23ms | tok/sec: 528,189 | bf16_mfu: 47.51 | epoch: 1 | total time: 144.90m | eta: 12.6m
step 04011/04357 (92.06%) | loss: 2.623563 | lrm: 0.16 | dt: 1994.29ms | tok/sec: 525,789 | bf16_mfu: 47.29 | epoch: 1 | total time: 144.93m | eta: 12.5m
step 04012/04357 (92.08%) | loss: 2.616436 | lrm: 0.16 | dt: 1995.53ms | tok/sec: 525,462 | bf16_mfu: 47.26 | epoch: 1 | total time: 144.97m | eta: 12.5m
step 04013/04357 (92.10%) | loss: 2.606900 | lrm: 0.16 | dt: 1993.35ms | tok/sec: 526,037 | bf16_mfu: 47.31 | epoch: 1 | total time: 145.00m | eta: 12.5m
step 04014/04357 (92.13%) | loss: 2.612160 | lrm: 0.16 | dt: 1999.91ms | tok/sec: 524,312 | bf16_mfu: 47.16 | epoch: 1 | total time: 145.03m | eta: 12.4m
step 04015/04357 (92.15%) | loss: 2.600973 | lrm: 0.16 | dt: 1997.62ms | tok/sec: 524,912 | bf16_mfu: 47.21 | epoch: 1 | total time: 145.07m | eta: 12.4m
step 04016/04357 (92.17%) | loss: 2.601361 | lrm: 0.16 | dt: 1993.98ms | tok/sec: 525,870 | bf16_mfu: 47.30 | epoch: 1 | total time: 145.10m | eta: 12.4m
step 04017/04357 (92.20%) | loss: 2.603381 | lrm: 0.16 | dt: 1996.13ms | tok/sec: 525,303 | bf16_mfu: 47.25 | epoch: 1 | total time: 145.13m | eta: 12.3m
step 04018/04357 (92.22%) | loss: 2.610788 | lrm: 0.16 | dt: 1995.93ms | tok/sec: 525,358 | bf16_mfu: 47.25 | epoch: 1 | total time: 145.17m | eta: 12.3m
step 04019/04357 (92.24%) | loss: 2.625284 | lrm: 0.16 | dt: 1999.65ms | tok/sec: 524,380 | bf16_mfu: 47.17 | epoch: 1 | total time: 145.20m | eta: 12.2m
step 04020/04357 (92.27%) | loss: 2.648566 | lrm: 0.15 | dt: 1992.81ms | tok/sec: 526,180 | bf16_mfu: 47.33 | epoch: 1 | total time: 145.23m | eta: 12.2m
step 04021/04357 (92.29%) | loss: 2.641021 | lrm: 0.15 | dt: 2000.98ms | tok/sec: 524,030 | bf16_mfu: 47.13 | epoch: 1 | total time: 145.27m | eta: 12.2m
step 04022/04357 (92.31%) | loss: 2.634059 | lrm: 0.15 | dt: 2002.75ms | tok/sec: 523,569 | bf16_mfu: 47.09 | epoch: 1 | total time: 145.30m | eta: 12.1m
step 04023/04357 (92.33%) | loss: 2.635507 | lrm: 0.15 | dt: 2002.85ms | tok/sec: 523,541 | bf16_mfu: 47.09 | epoch: 1 | total time: 145.33m | eta: 12.1m
step 04024/04357 (92.36%) | loss: 2.637386 | lrm: 0.15 | dt: 2005.30ms | tok/sec: 522,901 | bf16_mfu: 47.03 | epoch: 1 | total time: 145.37m | eta: 12.1m
step 04025/04357 (92.38%) | loss: 2.634919 | lrm: 0.15 | dt: 2002.26ms | tok/sec: 523,695 | bf16_mfu: 47.10 | epoch: 1 | total time: 145.40m | eta: 12.0m
step 04026/04357 (92.40%) | loss: 2.625647 | lrm: 0.15 | dt: 2005.26ms | tok/sec: 522,911 | bf16_mfu: 47.03 | epoch: 1 | total time: 145.43m | eta: 12.0m
step 04027/04357 (92.43%) | loss: 2.629777 | lrm: 0.15 | dt: 2007.96ms | tok/sec: 522,208 | bf16_mfu: 46.97 | epoch: 1 | total time: 145.47m | eta: 12.0m
step 04028/04357 (92.45%) | loss: 2.633629 | lrm: 0.15 | dt: 2008.96ms | tok/sec: 521,948 | bf16_mfu: 46.95 | epoch: 1 | total time: 145.50m | eta: 11.9m
step 04029/04357 (92.47%) | loss: 2.636100 | lrm: 0.15 | dt: 2012.64ms | tok/sec: 520,995 | bf16_mfu: 46.86 | epoch: 1 | total time: 145.53m | eta: 11.9m
step 04030/04357 (92.49%) | loss: 2.631502 | lrm: 0.15 | dt: 1999.68ms | tok/sec: 524,370 | bf16_mfu: 47.16 | epoch: 1 | total time: 145.57m | eta: 11.8m
step 04031/04357 (92.52%) | loss: 2.632093 | lrm: 0.15 | dt: 2013.85ms | tok/sec: 520,681 | bf16_mfu: 46.83 | epoch: 1 | total time: 145.60m | eta: 11.8m
step 04032/04357 (92.54%) | loss: 2.620984 | lrm: 0.15 | dt: 2016.64ms | tok/sec: 519,960 | bf16_mfu: 46.77 | epoch: 1 | total time: 145.63m | eta: 11.8m
step 04033/04357 (92.56%) | loss: 2.618009 | lrm: 0.15 | dt: 2010.48ms | tok/sec: 521,553 | bf16_mfu: 46.91 | epoch: 1 | total time: 145.67m | eta: 11.7m
step 04034/04357 (92.59%) | loss: 2.623448 | lrm: 0.15 | dt: 2016.55ms | tok/sec: 519,985 | bf16_mfu: 46.77 | epoch: 1 | total time: 145.70m | eta: 11.7m
step 04035/04357 (92.61%) | loss: 2.626802 | lrm: 0.15 | dt: 2013.67ms | tok/sec: 520,727 | bf16_mfu: 46.84 | epoch: 1 | total time: 145.74m | eta: 11.7m
step 04036/04357 (92.63%) | loss: 2.622066 | lrm: 0.15 | dt: 2014.38ms | tok/sec: 520,546 | bf16_mfu: 46.82 | epoch: 1 | total time: 145.77m | eta: 11.6m
step 04037/04357 (92.66%) | loss: 2.624154 | lrm: 0.15 | dt: 2017.79ms | tok/sec: 519,664 | bf16_mfu: 46.74 | epoch: 1 | total time: 145.80m | eta: 11.6m
step 04038/04357 (92.68%) | loss: 2.584475 | lrm: 0.15 | dt: 2015.47ms | tok/sec: 520,263 | bf16_mfu: 46.80 | epoch: 1 | total time: 145.84m | eta: 11.5m
step 04039/04357 (92.70%) | loss: 2.587994 | lrm: 0.15 | dt: 2018.93ms | tok/sec: 519,372 | bf16_mfu: 46.72 | epoch: 1 | total time: 145.87m | eta: 11.5m
step 04040/04357 (92.72%) | loss: 2.579337 | lrm: 0.15 | dt: 2019.99ms | tok/sec: 519,098 | bf16_mfu: 46.69 | epoch: 1 | total time: 145.90m | eta: 11.5m
step 04041/04357 (92.75%) | loss: 2.579369 | lrm: 0.15 | dt: 2020.20ms | tok/sec: 519,046 | bf16_mfu: 46.69 | epoch: 1 | total time: 145.94m | eta: 11.4m
step 04042/04357 (92.77%) | loss: 2.593860 | lrm: 0.14 | dt: 2019.52ms | tok/sec: 519,219 | bf16_mfu: 46.70 | epoch: 1 | total time: 145.97m | eta: 11.4m
step 04043/04357 (92.79%) | loss: 2.599787 | lrm: 0.14 | dt: 2020.79ms | tok/sec: 518,893 | bf16_mfu: 46.67 | epoch: 1 | total time: 146.00m | eta: 11.4m
step 04044/04357 (92.82%) | loss: 2.615920 | lrm: 0.14 | dt: 2022.18ms | tok/sec: 518,537 | bf16_mfu: 46.64 | epoch: 1 | total time: 146.04m | eta: 11.3m
step 04045/04357 (92.84%) | loss: 2.612690 | lrm: 0.14 | dt: 2023.87ms | tok/sec: 518,103 | bf16_mfu: 46.60 | epoch: 1 | total time: 146.07m | eta: 11.3m
step 04046/04357 (92.86%) | loss: 2.609008 | lrm: 0.14 | dt: 2021.13ms | tok/sec: 518,806 | bf16_mfu: 46.66 | epoch: 1 | total time: 146.11m | eta: 11.3m
step 04047/04357 (92.89%) | loss: 2.615095 | lrm: 0.14 | dt: 2024.51ms | tok/sec: 517,939 | bf16_mfu: 46.59 | epoch: 1 | total time: 146.14m | eta: 11.2m
step 04048/04357 (92.91%) | loss: 2.610328 | lrm: 0.14 | dt: 2021.77ms | tok/sec: 518,642 | bf16_mfu: 46.65 | epoch: 1 | total time: 146.17m | eta: 11.2m
step 04049/04357 (92.93%) | loss: 2.621726 | lrm: 0.14 | dt: 2026.68ms | tok/sec: 517,384 | bf16_mfu: 46.54 | epoch: 1 | total time: 146.21m | eta: 11.1m
step 04050/04357 (92.95%) | loss: 2.621478 | lrm: 0.14 | dt: 2021.09ms | tok/sec: 518,817 | bf16_mfu: 46.67 | epoch: 1 | total time: 146.24m | eta: 11.1m
step 04051/04357 (92.98%) | loss: 2.631369 | lrm: 0.14 | dt: 2024.39ms | tok/sec: 517,970 | bf16_mfu: 46.59 | epoch: 1 | total time: 146.27m | eta: 11.1m
step 04052/04357 (93.00%) | loss: 2.634910 | lrm: 0.14 | dt: 2024.71ms | tok/sec: 517,889 | bf16_mfu: 46.58 | epoch: 1 | total time: 146.31m | eta: 11.0m
step 04053/04357 (93.02%) | loss: 2.634483 | lrm: 0.14 | dt: 2025.89ms | tok/sec: 517,588 | bf16_mfu: 46.55 | epoch: 1 | total time: 146.34m | eta: 11.0m
step 04054/04357 (93.05%) | loss: 2.638009 | lrm: 0.14 | dt: 2028.81ms | tok/sec: 516,842 | bf16_mfu: 46.49 | epoch: 1 | total time: 146.38m | eta: 11.0m
step 04055/04357 (93.07%) | loss: 2.637925 | lrm: 0.14 | dt: 2026.18ms | tok/sec: 517,513 | bf16_mfu: 46.55 | epoch: 1 | total time: 146.41m | eta: 10.9m
step 04056/04357 (93.09%) | loss: 2.623733 | lrm: 0.14 | dt: 2024.10ms | tok/sec: 518,045 | bf16_mfu: 46.60 | epoch: 1 | total time: 146.44m | eta: 10.9m
step 04057/04357 (93.11%) | loss: 2.620881 | lrm: 0.14 | dt: 2026.53ms | tok/sec: 517,425 | bf16_mfu: 46.54 | epoch: 1 | total time: 146.48m | eta: 10.9m
step 04058/04357 (93.14%) | loss: 2.616870 | lrm: 0.14 | dt: 2027.92ms | tok/sec: 517,068 | bf16_mfu: 46.51 | epoch: 1 | total time: 146.51m | eta: 10.8m
step 04059/04357 (93.16%) | loss: 2.617167 | lrm: 0.14 | dt: 2031.06ms | tok/sec: 516,270 | bf16_mfu: 46.44 | epoch: 1 | total time: 146.54m | eta: 10.8m
step 04060/04357 (93.18%) | loss: 2.600974 | lrm: 0.14 | dt: 2026.40ms | tok/sec: 517,457 | bf16_mfu: 46.54 | epoch: 1 | total time: 146.58m | eta: 10.7m
step 04061/04357 (93.21%) | loss: 2.608137 | lrm: 0.14 | dt: 2026.38ms | tok/sec: 517,461 | bf16_mfu: 46.54 | epoch: 1 | total time: 146.61m | eta: 10.7m
step 04062/04357 (93.23%) | loss: 2.620704 | lrm: 0.14 | dt: 2032.73ms | tok/sec: 515,847 | bf16_mfu: 46.40 | epoch: 1 | total time: 146.65m | eta: 10.7m
step 04063/04357 (93.25%) | loss: 2.612371 | lrm: 0.13 | dt: 2028.29ms | tok/sec: 516,975 | bf16_mfu: 46.50 | epoch: 1 | total time: 146.68m | eta: 10.6m
step 04064/04357 (93.28%) | loss: 2.612501 | lrm: 0.13 | dt: 2030.70ms | tok/sec: 516,361 | bf16_mfu: 46.44 | epoch: 1 | total time: 146.71m | eta: 10.6m
step 04065/04357 (93.30%) | loss: 2.611625 | lrm: 0.13 | dt: 2022.42ms | tok/sec: 518,476 | bf16_mfu: 46.63 | epoch: 1 | total time: 146.75m | eta: 10.6m
step 04066/04357 (93.32%) | loss: 2.599163 | lrm: 0.13 | dt: 2030.73ms | tok/sec: 516,353 | bf16_mfu: 46.44 | epoch: 1 | total time: 146.78m | eta: 10.5m
step 04067/04357 (93.34%) | loss: 2.606290 | lrm: 0.13 | dt: 2031.45ms | tok/sec: 516,171 | bf16_mfu: 46.43 | epoch: 1 | total time: 146.82m | eta: 10.5m
step 04068/04357 (93.37%) | loss: 2.615331 | lrm: 0.13 | dt: 2024.93ms | tok/sec: 517,834 | bf16_mfu: 46.58 | epoch: 1 | total time: 146.85m | eta: 10.5m
step 04069/04357 (93.39%) | loss: 2.616201 | lrm: 0.13 | dt: 2030.65ms | tok/sec: 516,375 | bf16_mfu: 46.45 | epoch: 1 | total time: 146.88m | eta: 10.4m
step 04070/04357 (93.41%) | loss: 2.621364 | lrm: 0.13 | dt: 2028.96ms | tok/sec: 516,803 | bf16_mfu: 46.48 | epoch: 1 | total time: 146.92m | eta: 10.4m
step 04071/04357 (93.44%) | loss: 2.624018 | lrm: 0.13 | dt: 2034.59ms | tok/sec: 515,374 | bf16_mfu: 46.36 | epoch: 1 | total time: 146.95m | eta: 10.3m
step 04072/04357 (93.46%) | loss: 2.625215 | lrm: 0.13 | dt: 2033.67ms | tok/sec: 515,606 | bf16_mfu: 46.38 | epoch: 1 | total time: 146.98m | eta: 10.3m
step 04073/04357 (93.48%) | loss: 2.616009 | lrm: 0.13 | dt: 2031.82ms | tok/sec: 516,076 | bf16_mfu: 46.42 | epoch: 1 | total time: 147.02m | eta: 10.3m
step 04074/04357 (93.50%) | loss: 2.606971 | lrm: 0.13 | dt: 2035.32ms | tok/sec: 515,188 | bf16_mfu: 46.34 | epoch: 1 | total time: 147.05m | eta: 10.2m
step 04075/04357 (93.53%) | loss: 2.610692 | lrm: 0.13 | dt: 2029.63ms | tok/sec: 516,633 | bf16_mfu: 46.47 | epoch: 1 | total time: 147.09m | eta: 10.2m
step 04076/04357 (93.55%) | loss: 2.615037 | lrm: 0.13 | dt: 2030.85ms | tok/sec: 516,324 | bf16_mfu: 46.44 | epoch: 1 | total time: 147.12m | eta: 10.2m
step 04077/04357 (93.57%) | loss: 2.618933 | lrm: 0.13 | dt: 2044.99ms | tok/sec: 512,754 | bf16_mfu: 46.12 | epoch: 1 | total time: 147.15m | eta: 10.1m
step 04078/04357 (93.60%) | loss: 2.615518 | lrm: 0.13 | dt: 2036.16ms | tok/sec: 514,977 | bf16_mfu: 46.32 | epoch: 1 | total time: 147.19m | eta: 10.1m
step 04079/04357 (93.62%) | loss: 2.610798 | lrm: 0.13 | dt: 2038.49ms | tok/sec: 514,388 | bf16_mfu: 46.27 | epoch: 1 | total time: 147.22m | eta: 10.1m
step 04080/04357 (93.64%) | loss: 2.612726 | lrm: 0.13 | dt: 2027.51ms | tok/sec: 517,174 | bf16_mfu: 46.52 | epoch: 1 | total time: 147.26m | eta: 10.0m
step 04081/04357 (93.67%) | loss: 2.623781 | lrm: 0.13 | dt: 2031.64ms | tok/sec: 516,122 | bf16_mfu: 46.42 | epoch: 1 | total time: 147.29m | eta: 10.0m
step 04082/04357 (93.69%) | loss: 2.617878 | lrm: 0.13 | dt: 2029.61ms | tok/sec: 516,638 | bf16_mfu: 46.47 | epoch: 1 | total time: 147.32m | eta: 9.9m
step 04083/04357 (93.71%) | loss: 2.618184 | lrm: 0.13 | dt: 2032.60ms | tok/sec: 515,878 | bf16_mfu: 46.40 | epoch: 1 | total time: 147.36m | eta: 9.9m
step 04084/04357 (93.73%) | loss: 2.623903 | lrm: 0.13 | dt: 2033.40ms | tok/sec: 515,676 | bf16_mfu: 46.38 | epoch: 1 | total time: 147.39m | eta: 9.9m
step 04085/04357 (93.76%) | loss: 2.612972 | lrm: 0.12 | dt: 2033.79ms | tok/sec: 515,578 | bf16_mfu: 46.37 | epoch: 1 | total time: 147.43m | eta: 9.8m
step 04086/04357 (93.78%) | loss: 2.610491 | lrm: 0.12 | dt: 2028.98ms | tok/sec: 516,799 | bf16_mfu: 46.48 | epoch: 1 | total time: 147.46m | eta: 9.8m
step 04087/04357 (93.80%) | loss: 2.607764 | lrm: 0.12 | dt: 2031.69ms | tok/sec: 516,111 | bf16_mfu: 46.42 | epoch: 1 | total time: 147.49m | eta: 9.8m
step 04088/04357 (93.83%) | loss: 2.595112 | lrm: 0.12 | dt: 2030.99ms | tok/sec: 516,287 | bf16_mfu: 46.44 | epoch: 1 | total time: 147.53m | eta: 9.7m
step 04089/04357 (93.85%) | loss: 2.605295 | lrm: 0.12 | dt: 2046.57ms | tok/sec: 512,357 | bf16_mfu: 46.08 | epoch: 1 | total time: 147.56m | eta: 9.7m
step 04090/04357 (93.87%) | loss: 2.593166 | lrm: 0.12 | dt: 2037.32ms | tok/sec: 514,684 | bf16_mfu: 46.29 | epoch: 1 | total time: 147.59m | eta: 9.7m
step 04091/04357 (93.89%) | loss: 2.593727 | lrm: 0.12 | dt: 2033.26ms | tok/sec: 515,712 | bf16_mfu: 46.39 | epoch: 1 | total time: 147.63m | eta: 9.6m
step 04092/04357 (93.92%) | loss: 2.604497 | lrm: 0.12 | dt: 2032.79ms | tok/sec: 515,832 | bf16_mfu: 46.40 | epoch: 1 | total time: 147.66m | eta: 9.6m
step 04093/04357 (93.94%) | loss: 2.599350 | lrm: 0.12 | dt: 2034.20ms | tok/sec: 515,472 | bf16_mfu: 46.36 | epoch: 1 | total time: 147.70m | eta: 9.5m
step 04094/04357 (93.96%) | loss: 2.610476 | lrm: 0.12 | dt: 2034.18ms | tok/sec: 515,477 | bf16_mfu: 46.37 | epoch: 1 | total time: 147.73m | eta: 9.5m
step 04095/04357 (93.99%) | loss: 2.603314 | lrm: 0.12 | dt: 2032.74ms | tok/sec: 515,843 | bf16_mfu: 46.40 | epoch: 1 | total time: 147.76m | eta: 9.5m
step 04096/04357 (94.01%) | loss: 2.605415 | lrm: 0.12 | dt: 2041.73ms | tok/sec: 513,572 | bf16_mfu: 46.19 | epoch: 1 | total time: 147.80m | eta: 9.4m
step 04097/04357 (94.03%) | loss: 2.624203 | lrm: 0.12 | dt: 2037.42ms | tok/sec: 514,658 | bf16_mfu: 46.29 | epoch: 1 | total time: 147.83m | eta: 9.4m
step 04098/04357 (94.06%) | loss: 2.632954 | lrm: 0.12 | dt: 2034.24ms | tok/sec: 515,464 | bf16_mfu: 46.36 | epoch: 1 | total time: 147.87m | eta: 9.4m
step 04099/04357 (94.08%) | loss: 2.642562 | lrm: 0.12 | dt: 2032.14ms | tok/sec: 515,996 | bf16_mfu: 46.41 | epoch: 1 | total time: 147.90m | eta: 9.3m
step 04100/04357 (94.10%) | loss: 2.635147 | lrm: 0.12 | dt: 2033.09ms | tok/sec: 515,753 | bf16_mfu: 46.39 | epoch: 1 | total time: 147.93m | eta: 9.3m
step 04101/04357 (94.12%) | loss: 2.637889 | lrm: 0.12 | dt: 2034.17ms | tok/sec: 515,481 | bf16_mfu: 46.37 | epoch: 1 | total time: 147.97m | eta: 9.3m
step 04102/04357 (94.15%) | loss: 2.624993 | lrm: 0.12 | dt: 2038.90ms | tok/sec: 514,284 | bf16_mfu: 46.26 | epoch: 1 | total time: 148.00m | eta: 9.2m
step 04103/04357 (94.17%) | loss: 2.613630 | lrm: 0.12 | dt: 2030.97ms | tok/sec: 516,291 | bf16_mfu: 46.44 | epoch: 1 | total time: 148.04m | eta: 9.2m
step 04104/04357 (94.19%) | loss: 2.608597 | lrm: 0.12 | dt: 2034.50ms | tok/sec: 515,396 | bf16_mfu: 46.36 | epoch: 1 | total time: 148.07m | eta: 9.2m
step 04105/04357 (94.22%) | loss: 2.615362 | lrm: 0.12 | dt: 2036.73ms | tok/sec: 514,832 | bf16_mfu: 46.31 | epoch: 1 | total time: 148.10m | eta: 9.1m
step 04106/04357 (94.24%) | loss: 2.615123 | lrm: 0.12 | dt: 2040.24ms | tok/sec: 513,947 | bf16_mfu: 46.23 | epoch: 1 | total time: 148.14m | eta: 9.1m
step 04107/04357 (94.26%) | loss: 2.616417 | lrm: 0.11 | dt: 2038.80ms | tok/sec: 514,309 | bf16_mfu: 46.26 | epoch: 1 | total time: 148.17m | eta: 9.0m
step 04108/04357 (94.29%) | loss: 2.618005 | lrm: 0.11 | dt: 2027.30ms | tok/sec: 517,227 | bf16_mfu: 46.52 | epoch: 1 | total time: 148.21m | eta: 9.0m
step 04109/04357 (94.31%) | loss: 2.620228 | lrm: 0.11 | dt: 2035.08ms | tok/sec: 515,249 | bf16_mfu: 46.34 | epoch: 1 | total time: 148.24m | eta: 9.0m
step 04110/04357 (94.33%) | loss: 2.632847 | lrm: 0.11 | dt: 2028.93ms | tok/sec: 516,812 | bf16_mfu: 46.49 | epoch: 1 | total time: 148.27m | eta: 8.9m
step 04111/04357 (94.35%) | loss: 2.637328 | lrm: 0.11 | dt: 2032.57ms | tok/sec: 515,885 | bf16_mfu: 46.40 | epoch: 1 | total time: 148.31m | eta: 8.9m
step 04112/04357 (94.38%) | loss: 2.645355 | lrm: 0.11 | dt: 2032.45ms | tok/sec: 515,917 | bf16_mfu: 46.40 | epoch: 1 | total time: 148.34m | eta: 8.9m
step 04113/04357 (94.40%) | loss: 2.648246 | lrm: 0.11 | dt: 2037.99ms | tok/sec: 514,514 | bf16_mfu: 46.28 | epoch: 1 | total time: 148.37m | eta: 8.8m
step 04114/04357 (94.42%) | loss: 2.647136 | lrm: 0.11 | dt: 2033.64ms | tok/sec: 515,615 | bf16_mfu: 46.38 | epoch: 1 | total time: 148.41m | eta: 8.8m
step 04115/04357 (94.45%) | loss: 2.634715 | lrm: 0.11 | dt: 2037.55ms | tok/sec: 514,625 | bf16_mfu: 46.29 | epoch: 1 | total time: 148.44m | eta: 8.8m
step 04116/04357 (94.47%) | loss: 2.634652 | lrm: 0.11 | dt: 2032.91ms | tok/sec: 515,800 | bf16_mfu: 46.39 | epoch: 1 | total time: 148.48m | eta: 8.7m
step 04117/04357 (94.49%) | loss: 2.643824 | lrm: 0.11 | dt: 2036.32ms | tok/sec: 514,936 | bf16_mfu: 46.32 | epoch: 1 | total time: 148.51m | eta: 8.7m
step 04118/04357 (94.51%) | loss: 2.621118 | lrm: 0.11 | dt: 2032.57ms | tok/sec: 515,887 | bf16_mfu: 46.40 | epoch: 1 | total time: 148.54m | eta: 8.6m
step 04119/04357 (94.54%) | loss: 2.637152 | lrm: 0.11 | dt: 2037.65ms | tok/sec: 514,600 | bf16_mfu: 46.29 | epoch: 1 | total time: 148.58m | eta: 8.6m
step 04120/04357 (94.56%) | loss: 2.639190 | lrm: 0.11 | dt: 2028.71ms | tok/sec: 516,867 | bf16_mfu: 46.49 | epoch: 1 | total time: 148.61m | eta: 8.6m
step 04121/04357 (94.58%) | loss: 2.639207 | lrm: 0.11 | dt: 2038.64ms | tok/sec: 514,349 | bf16_mfu: 46.26 | epoch: 1 | total time: 148.65m | eta: 8.5m
step 04122/04357 (94.61%) | loss: 2.642727 | lrm: 0.11 | dt: 2032.79ms | tok/sec: 515,831 | bf16_mfu: 46.40 | epoch: 1 | total time: 148.68m | eta: 8.5m
step 04123/04357 (94.63%) | loss: 2.642607 | lrm: 0.11 | dt: 2036.19ms | tok/sec: 514,969 | bf16_mfu: 46.32 | epoch: 1 | total time: 148.71m | eta: 8.5m
step 04124/04357 (94.65%) | loss: 2.632863 | lrm: 0.11 | dt: 2036.51ms | tok/sec: 514,889 | bf16_mfu: 46.31 | epoch: 1 | total time: 148.75m | eta: 8.4m
step 04125/04357 (94.68%) | loss: 2.634482 | lrm: 0.11 | dt: 2033.34ms | tok/sec: 515,690 | bf16_mfu: 46.38 | epoch: 1 | total time: 148.78m | eta: 8.4m
step 04126/04357 (94.70%) | loss: 2.631964 | lrm: 0.11 | dt: 2035.81ms | tok/sec: 515,064 | bf16_mfu: 46.33 | epoch: 1 | total time: 148.82m | eta: 8.4m
step 04127/04357 (94.72%) | loss: 2.630399 | lrm: 0.11 | dt: 2039.61ms | tok/sec: 514,106 | bf16_mfu: 46.24 | epoch: 1 | total time: 148.85m | eta: 8.3m
step 04128/04357 (94.74%) | loss: 2.632506 | lrm: 0.11 | dt: 2035.81ms | tok/sec: 515,065 | bf16_mfu: 46.33 | epoch: 1 | total time: 148.88m | eta: 8.3m
step 04129/04357 (94.77%) | loss: 2.648594 | lrm: 0.10 | dt: 2037.31ms | tok/sec: 514,686 | bf16_mfu: 46.29 | epoch: 1 | total time: 148.92m | eta: 8.2m
step 04130/04357 (94.79%) | loss: 2.652711 | lrm: 0.10 | dt: 2039.93ms | tok/sec: 514,025 | bf16_mfu: 46.23 | epoch: 1 | total time: 148.95m | eta: 8.2m
step 04131/04357 (94.81%) | loss: 2.653079 | lrm: 0.10 | dt: 2035.52ms | tok/sec: 515,139 | bf16_mfu: 46.33 | epoch: 1 | total time: 148.99m | eta: 8.2m
step 04132/04357 (94.84%) | loss: 2.644018 | lrm: 0.10 | dt: 2037.45ms | tok/sec: 514,651 | bf16_mfu: 46.29 | epoch: 1 | total time: 149.02m | eta: 8.1m
step 04133/04357 (94.86%) | loss: 2.635411 | lrm: 0.10 | dt: 2029.31ms | tok/sec: 516,716 | bf16_mfu: 46.48 | epoch: 1 | total time: 149.05m | eta: 8.1m
step 04134/04357 (94.88%) | loss: 2.624428 | lrm: 0.10 | dt: 2041.31ms | tok/sec: 513,677 | bf16_mfu: 46.20 | epoch: 1 | total time: 149.09m | eta: 8.1m
step 04135/04357 (94.90%) | loss: 2.629838 | lrm: 0.10 | dt: 2036.89ms | tok/sec: 514,792 | bf16_mfu: 46.30 | epoch: 1 | total time: 149.12m | eta: 8.0m
step 04136/04357 (94.93%) | loss: 2.623136 | lrm: 0.10 | dt: 2036.34ms | tok/sec: 514,931 | bf16_mfu: 46.32 | epoch: 1 | total time: 149.15m | eta: 8.0m
step 04137/04357 (94.95%) | loss: 2.618933 | lrm: 0.10 | dt: 2033.15ms | tok/sec: 515,739 | bf16_mfu: 46.39 | epoch: 1 | total time: 149.19m | eta: 8.0m
step 04138/04357 (94.97%) | loss: 2.622975 | lrm: 0.10 | dt: 2035.10ms | tok/sec: 515,244 | bf16_mfu: 46.34 | epoch: 1 | total time: 149.22m | eta: 7.9m
step 04139/04357 (95.00%) | loss: 2.621589 | lrm: 0.10 | dt: 2039.03ms | tok/sec: 514,251 | bf16_mfu: 46.25 | epoch: 1 | total time: 149.26m | eta: 7.9m
step 04140/04357 (95.02%) | loss: 2.623240 | lrm: 0.10 | dt: 2031.62ms | tok/sec: 516,129 | bf16_mfu: 46.42 | epoch: 1 | total time: 149.29m | eta: 7.8m
step 04141/04357 (95.04%) | loss: 2.624041 | lrm: 0.10 | dt: 2036.47ms | tok/sec: 514,899 | bf16_mfu: 46.31 | epoch: 1 | total time: 149.32m | eta: 7.8m
step 04142/04357 (95.07%) | loss: 2.617075 | lrm: 0.10 | dt: 2038.15ms | tok/sec: 514,473 | bf16_mfu: 46.27 | epoch: 1 | total time: 149.36m | eta: 7.8m
step 04143/04357 (95.09%) | loss: 2.614478 | lrm: 0.10 | dt: 2038.03ms | tok/sec: 514,503 | bf16_mfu: 46.28 | epoch: 1 | total time: 149.39m | eta: 7.7m
step 04144/04357 (95.11%) | loss: 2.607861 | lrm: 0.10 | dt: 2034.81ms | tok/sec: 515,319 | bf16_mfu: 46.35 | epoch: 1 | total time: 149.43m | eta: 7.7m
step 04145/04357 (95.13%) | loss: 2.617724 | lrm: 0.10 | dt: 2038.64ms | tok/sec: 514,351 | bf16_mfu: 46.26 | epoch: 1 | total time: 149.46m | eta: 7.7m
step 04146/04357 (95.16%) | loss: 2.618934 | lrm: 0.10 | dt: 2034.73ms | tok/sec: 515,339 | bf16_mfu: 46.35 | epoch: 1 | total time: 149.49m | eta: 7.6m
step 04147/04357 (95.18%) | loss: 2.631836 | lrm: 0.10 | dt: 2040.08ms | tok/sec: 513,987 | bf16_mfu: 46.23 | epoch: 1 | total time: 149.53m | eta: 7.6m
step 04148/04357 (95.20%) | loss: 2.641451 | lrm: 0.10 | dt: 2036.07ms | tok/sec: 514,999 | bf16_mfu: 46.32 | epoch: 1 | total time: 149.56m | eta: 7.6m
step 04149/04357 (95.23%) | loss: 2.635249 | lrm: 0.10 | dt: 2037.41ms | tok/sec: 514,660 | bf16_mfu: 46.29 | epoch: 1 | total time: 149.60m | eta: 7.5m
step 04150/04357 (95.25%) | loss: 2.628984 | lrm: 0.10 | dt: 2037.77ms | tok/sec: 514,570 | bf16_mfu: 46.28 | epoch: 1 | total time: 149.63m | eta: 7.5m
step 04151/04357 (95.27%) | loss: 2.626523 | lrm: 0.09 | dt: 2037.88ms | tok/sec: 514,541 | bf16_mfu: 46.28 | epoch: 1 | total time: 149.66m | eta: 7.4m
step 04152/04357 (95.29%) | loss: 2.627546 | lrm: 0.09 | dt: 2038.30ms | tok/sec: 514,437 | bf16_mfu: 46.27 | epoch: 1 | total time: 149.70m | eta: 7.4m
step 04153/04357 (95.32%) | loss: 2.622715 | lrm: 0.09 | dt: 2040.86ms | tok/sec: 513,791 | bf16_mfu: 46.21 | epoch: 1 | total time: 149.73m | eta: 7.4m
step 04154/04357 (95.34%) | loss: 2.618338 | lrm: 0.09 | dt: 2040.82ms | tok/sec: 513,802 | bf16_mfu: 46.21 | epoch: 1 | total time: 149.77m | eta: 7.3m
step 04155/04357 (95.36%) | loss: 2.625559 | lrm: 0.09 | dt: 2039.45ms | tok/sec: 514,145 | bf16_mfu: 46.25 | epoch: 1 | total time: 149.80m | eta: 7.3m
step 04156/04357 (95.39%) | loss: 2.641091 | lrm: 0.09 | dt: 2036.97ms | tok/sec: 514,772 | bf16_mfu: 46.30 | epoch: 1 | total time: 149.83m | eta: 7.3m
step 04157/04357 (95.41%) | loss: 2.619061 | lrm: 0.09 | dt: 2040.60ms | tok/sec: 513,857 | bf16_mfu: 46.22 | epoch: 1 | total time: 149.87m | eta: 7.2m
step 04158/04357 (95.43%) | loss: 2.597206 | lrm: 0.09 | dt: 2032.54ms | tok/sec: 515,893 | bf16_mfu: 46.40 | epoch: 1 | total time: 149.90m | eta: 7.2m
step 04159/04357 (95.46%) | loss: 2.595352 | lrm: 0.09 | dt: 2040.86ms | tok/sec: 513,791 | bf16_mfu: 46.21 | epoch: 1 | total time: 149.94m | eta: 7.2m
step 04160/04357 (95.48%) | loss: 2.588216 | lrm: 0.09 | dt: 2042.50ms | tok/sec: 513,379 | bf16_mfu: 46.18 | epoch: 1 | total time: 149.97m | eta: 7.1m
step 04161/04357 (95.50%) | loss: 2.591036 | lrm: 0.09 | dt: 2036.48ms | tok/sec: 514,896 | bf16_mfu: 46.31 | epoch: 1 | total time: 150.00m | eta: 7.1m
step 04162/04357 (95.52%) | loss: 2.598145 | lrm: 0.09 | dt: 2042.38ms | tok/sec: 513,410 | bf16_mfu: 46.18 | epoch: 1 | total time: 150.04m | eta: 7.0m
step 04163/04357 (95.55%) | loss: 2.599648 | lrm: 0.09 | dt: 2035.95ms | tok/sec: 515,030 | bf16_mfu: 46.32 | epoch: 1 | total time: 150.07m | eta: 7.0m
step 04164/04357 (95.57%) | loss: 2.592345 | lrm: 0.09 | dt: 2034.85ms | tok/sec: 515,309 | bf16_mfu: 46.35 | epoch: 1 | total time: 150.11m | eta: 7.0m
step 04165/04357 (95.59%) | loss: 2.585025 | lrm: 0.09 | dt: 2036.10ms | tok/sec: 514,992 | bf16_mfu: 46.32 | epoch: 1 | total time: 150.14m | eta: 6.9m
step 04166/04357 (95.62%) | loss: 2.600455 | lrm: 0.09 | dt: 2036.19ms | tok/sec: 514,969 | bf16_mfu: 46.32 | epoch: 1 | total time: 150.17m | eta: 6.9m
step 04167/04357 (95.64%) | loss: 2.611039 | lrm: 0.09 | dt: 2039.89ms | tok/sec: 514,035 | bf16_mfu: 46.24 | epoch: 1 | total time: 150.21m | eta: 6.9m
step 04168/04357 (95.66%) | loss: 2.602586 | lrm: 0.09 | dt: 2033.53ms | tok/sec: 515,642 | bf16_mfu: 46.38 | epoch: 1 | total time: 150.24m | eta: 6.8m
step 04169/04357 (95.69%) | loss: 2.609441 | lrm: 0.09 | dt: 2036.91ms | tok/sec: 514,786 | bf16_mfu: 46.30 | epoch: 1 | total time: 150.28m | eta: 6.8m
step 04170/04357 (95.71%) | loss: 2.613743 | lrm: 0.09 | dt: 2037.37ms | tok/sec: 514,671 | bf16_mfu: 46.29 | epoch: 1 | total time: 150.31m | eta: 6.8m
step 04171/04357 (95.73%) | loss: 2.612300 | lrm: 0.09 | dt: 2035.00ms | tok/sec: 515,271 | bf16_mfu: 46.35 | epoch: 1 | total time: 150.34m | eta: 6.7m
step 04172/04357 (95.75%) | loss: 2.617264 | lrm: 0.08 | dt: 2038.20ms | tok/sec: 514,462 | bf16_mfu: 46.27 | epoch: 1 | total time: 150.38m | eta: 6.7m
step 04173/04357 (95.78%) | loss: 2.620729 | lrm: 0.08 | dt: 2043.99ms | tok/sec: 513,003 | bf16_mfu: 46.14 | epoch: 1 | total time: 150.41m | eta: 6.6m
step 04174/04357 (95.80%) | loss: 2.614243 | lrm: 0.08 | dt: 2039.72ms | tok/sec: 514,077 | bf16_mfu: 46.24 | epoch: 1 | total time: 150.45m | eta: 6.6m
step 04175/04357 (95.82%) | loss: 2.613606 | lrm: 0.08 | dt: 2037.21ms | tok/sec: 514,712 | bf16_mfu: 46.30 | epoch: 1 | total time: 150.48m | eta: 6.6m
step 04176/04357 (95.85%) | loss: 2.614108 | lrm: 0.08 | dt: 2031.43ms | tok/sec: 516,177 | bf16_mfu: 46.43 | epoch: 1 | total time: 150.51m | eta: 6.5m
step 04177/04357 (95.87%) | loss: 2.606504 | lrm: 0.08 | dt: 2036.22ms | tok/sec: 514,962 | bf16_mfu: 46.32 | epoch: 1 | total time: 150.55m | eta: 6.5m
step 04178/04357 (95.89%) | loss: 2.622939 | lrm: 0.08 | dt: 2040.03ms | tok/sec: 513,999 | bf16_mfu: 46.23 | epoch: 1 | total time: 150.58m | eta: 6.5m
step 04179/04357 (95.91%) | loss: 2.624994 | lrm: 0.08 | dt: 2038.48ms | tok/sec: 514,391 | bf16_mfu: 46.27 | epoch: 1 | total time: 150.62m | eta: 6.4m
step 04180/04357 (95.94%) | loss: 2.636153 | lrm: 0.08 | dt: 2035.91ms | tok/sec: 515,041 | bf16_mfu: 46.33 | epoch: 1 | total time: 150.65m | eta: 6.4m
step 04181/04357 (95.96%) | loss: 2.633407 | lrm: 0.08 | dt: 2035.86ms | tok/sec: 515,053 | bf16_mfu: 46.33 | epoch: 1 | total time: 150.68m | eta: 6.4m
step 04182/04357 (95.98%) | loss: 2.617674 | lrm: 0.08 | dt: 2042.92ms | tok/sec: 513,274 | bf16_mfu: 46.17 | epoch: 1 | total time: 150.72m | eta: 6.3m
step 04183/04357 (96.01%) | loss: 2.633494 | lrm: 0.08 | dt: 2035.11ms | tok/sec: 515,243 | bf16_mfu: 46.34 | epoch: 1 | total time: 150.75m | eta: 6.3m
step 04184/04357 (96.03%) | loss: 2.634964 | lrm: 0.08 | dt: 2036.55ms | tok/sec: 514,879 | bf16_mfu: 46.31 | epoch: 1 | total time: 150.78m | eta: 6.2m
step 04185/04357 (96.05%) | loss: 2.633655 | lrm: 0.08 | dt: 2041.97ms | tok/sec: 513,511 | bf16_mfu: 46.19 | epoch: 1 | total time: 150.82m | eta: 6.2m
step 04186/04357 (96.08%) | loss: 2.648725 | lrm: 0.08 | dt: 2032.95ms | tok/sec: 515,789 | bf16_mfu: 46.39 | epoch: 1 | total time: 150.85m | eta: 6.2m
step 04187/04357 (96.10%) | loss: 2.633800 | lrm: 0.08 | dt: 2035.98ms | tok/sec: 515,023 | bf16_mfu: 46.32 | epoch: 1 | total time: 150.89m | eta: 6.1m
step 04188/04357 (96.12%) | loss: 2.637649 | lrm: 0.08 | dt: 2043.03ms | tok/sec: 513,244 | bf16_mfu: 46.16 | epoch: 1 | total time: 150.92m | eta: 6.1m
step 04189/04357 (96.14%) | loss: 2.642871 | lrm: 0.08 | dt: 2039.18ms | tok/sec: 514,213 | bf16_mfu: 46.25 | epoch: 1 | total time: 150.95m | eta: 6.1m
step 04190/04357 (96.17%) | loss: 2.638842 | lrm: 0.08 | dt: 2041.06ms | tok/sec: 513,739 | bf16_mfu: 46.21 | epoch: 1 | total time: 150.99m | eta: 6.0m
step 04191/04357 (96.19%) | loss: 2.640112 | lrm: 0.08 | dt: 2044.25ms | tok/sec: 512,939 | bf16_mfu: 46.14 | epoch: 1 | total time: 151.02m | eta: 6.0m
step 04192/04357 (96.21%) | loss: 2.643169 | lrm: 0.08 | dt: 2044.08ms | tok/sec: 512,981 | bf16_mfu: 46.14 | epoch: 1 | total time: 151.06m | eta: 6.0m
step 04193/04357 (96.24%) | loss: 2.645889 | lrm: 0.08 | dt: 2031.76ms | tok/sec: 516,092 | bf16_mfu: 46.42 | epoch: 1 | total time: 151.09m | eta: 5.9m
step 04194/04357 (96.26%) | loss: 2.644707 | lrm: 0.07 | dt: 2035.69ms | tok/sec: 515,097 | bf16_mfu: 46.33 | epoch: 1 | total time: 151.12m | eta: 5.9m
step 04195/04357 (96.28%) | loss: 2.630520 | lrm: 0.07 | dt: 2043.33ms | tok/sec: 513,171 | bf16_mfu: 46.16 | epoch: 1 | total time: 151.16m | eta: 5.9m
step 04196/04357 (96.30%) | loss: 2.623145 | lrm: 0.07 | dt: 2041.32ms | tok/sec: 513,675 | bf16_mfu: 46.20 | epoch: 1 | total time: 151.19m | eta: 5.8m
step 04197/04357 (96.33%) | loss: 2.610228 | lrm: 0.07 | dt: 2039.37ms | tok/sec: 514,166 | bf16_mfu: 46.25 | epoch: 1 | total time: 151.23m | eta: 5.8m
step 04198/04357 (96.35%) | loss: 2.606300 | lrm: 0.07 | dt: 2039.20ms | tok/sec: 514,209 | bf16_mfu: 46.25 | epoch: 1 | total time: 151.26m | eta: 5.7m
step 04199/04357 (96.37%) | loss: 2.604764 | lrm: 0.07 | dt: 2036.89ms | tok/sec: 514,793 | bf16_mfu: 46.30 | epoch: 1 | total time: 151.29m | eta: 5.7m
step 04200/04357 (96.40%) | loss: 2.601390 | lrm: 0.07 | dt: 2027.91ms | tok/sec: 517,071 | bf16_mfu: 46.51 | epoch: 1 | total time: 151.33m | eta: 5.7m
step 04201/04357 (96.42%) | loss: 2.602024 | lrm: 0.07 | dt: 2050.91ms | tok/sec: 511,272 | bf16_mfu: 45.99 | epoch: 1 | total time: 151.36m | eta: 5.6m
step 04202/04357 (96.44%) | loss: 2.606733 | lrm: 0.07 | dt: 2036.87ms | tok/sec: 514,798 | bf16_mfu: 46.30 | epoch: 1 | total time: 151.40m | eta: 5.6m
step 04203/04357 (96.47%) | loss: 2.604102 | lrm: 0.07 | dt: 2032.75ms | tok/sec: 515,841 | bf16_mfu: 46.40 | epoch: 1 | total time: 151.43m | eta: 5.6m
step 04204/04357 (96.49%) | loss: 2.601055 | lrm: 0.07 | dt: 2040.37ms | tok/sec: 513,914 | bf16_mfu: 46.22 | epoch: 1 | total time: 151.46m | eta: 5.5m
step 04205/04357 (96.51%) | loss: 2.603525 | lrm: 0.07 | dt: 2042.40ms | tok/sec: 513,404 | bf16_mfu: 46.18 | epoch: 1 | total time: 151.50m | eta: 5.5m
step 04206/04357 (96.53%) | loss: 2.604177 | lrm: 0.07 | dt: 2036.99ms | tok/sec: 514,766 | bf16_mfu: 46.30 | epoch: 1 | total time: 151.53m | eta: 5.5m
step 04207/04357 (96.56%) | loss: 2.605963 | lrm: 0.07 | dt: 2053.95ms | tok/sec: 510,515 | bf16_mfu: 45.92 | epoch: 1 | total time: 151.57m | eta: 5.4m
step 04208/04357 (96.58%) | loss: 2.594454 | lrm: 0.07 | dt: 2034.71ms | tok/sec: 515,343 | bf16_mfu: 46.35 | epoch: 1 | total time: 151.60m | eta: 5.4m
step 04209/04357 (96.60%) | loss: 2.605131 | lrm: 0.07 | dt: 2038.52ms | tok/sec: 514,381 | bf16_mfu: 46.27 | epoch: 1 | total time: 151.63m | eta: 5.3m
step 04210/04357 (96.63%) | loss: 2.609653 | lrm: 0.07 | dt: 2037.85ms | tok/sec: 514,550 | bf16_mfu: 46.28 | epoch: 1 | total time: 151.67m | eta: 5.3m
step 04211/04357 (96.65%) | loss: 2.605659 | lrm: 0.07 | dt: 2037.19ms | tok/sec: 514,717 | bf16_mfu: 46.30 | epoch: 1 | total time: 151.70m | eta: 5.3m
step 04212/04357 (96.67%) | loss: 2.617293 | lrm: 0.07 | dt: 2044.03ms | tok/sec: 512,994 | bf16_mfu: 46.14 | epoch: 1 | total time: 151.74m | eta: 5.2m
step 04213/04357 (96.69%) | loss: 2.607912 | lrm: 0.07 | dt: 2038.85ms | tok/sec: 514,297 | bf16_mfu: 46.26 | epoch: 1 | total time: 151.77m | eta: 5.2m
step 04214/04357 (96.72%) | loss: 2.607303 | lrm: 0.07 | dt: 2038.89ms | tok/sec: 514,288 | bf16_mfu: 46.26 | epoch: 1 | total time: 151.80m | eta: 5.2m
step 04215/04357 (96.74%) | loss: 2.621205 | lrm: 0.07 | dt: 2042.19ms | tok/sec: 513,456 | bf16_mfu: 46.18 | epoch: 1 | total time: 151.84m | eta: 5.1m
step 04216/04357 (96.76%) | loss: 2.635993 | lrm: 0.06 | dt: 2032.09ms | tok/sec: 516,008 | bf16_mfu: 46.41 | epoch: 1 | total time: 151.87m | eta: 5.1m
step 04217/04357 (96.79%) | loss: 2.637949 | lrm: 0.06 | dt: 2035.54ms | tok/sec: 515,133 | bf16_mfu: 46.33 | epoch: 1 | total time: 151.91m | eta: 5.1m
step 04218/04357 (96.81%) | loss: 2.640707 | lrm: 0.06 | dt: 2033.20ms | tok/sec: 515,727 | bf16_mfu: 46.39 | epoch: 1 | total time: 151.94m | eta: 5.0m
step 04219/04357 (96.83%) | loss: 2.630084 | lrm: 0.06 | dt: 2035.66ms | tok/sec: 515,102 | bf16_mfu: 46.33 | epoch: 1 | total time: 151.97m | eta: 5.0m
step 04220/04357 (96.86%) | loss: 2.614149 | lrm: 0.06 | dt: 2039.81ms | tok/sec: 514,055 | bf16_mfu: 46.24 | epoch: 1 | total time: 152.01m | eta: 4.9m
step 04221/04357 (96.88%) | loss: 2.614690 | lrm: 0.06 | dt: 2036.94ms | tok/sec: 514,780 | bf16_mfu: 46.30 | epoch: 1 | total time: 152.04m | eta: 4.9m
step 04222/04357 (96.90%) | loss: 2.620348 | lrm: 0.06 | dt: 2039.79ms | tok/sec: 514,060 | bf16_mfu: 46.24 | epoch: 1 | total time: 152.08m | eta: 4.9m
step 04223/04357 (96.92%) | loss: 2.630836 | lrm: 0.06 | dt: 2043.47ms | tok/sec: 513,135 | bf16_mfu: 46.15 | epoch: 1 | total time: 152.11m | eta: 4.8m
step 04224/04357 (96.95%) | loss: 2.621779 | lrm: 0.06 | dt: 2041.60ms | tok/sec: 513,605 | bf16_mfu: 46.20 | epoch: 1 | total time: 152.14m | eta: 4.8m
step 04225/04357 (96.97%) | loss: 2.624470 | lrm: 0.06 | dt: 2037.90ms | tok/sec: 514,537 | bf16_mfu: 46.28 | epoch: 1 | total time: 152.18m | eta: 4.8m
step 04226/04357 (96.99%) | loss: 2.623753 | lrm: 0.06 | dt: 2035.18ms | tok/sec: 515,224 | bf16_mfu: 46.34 | epoch: 1 | total time: 152.21m | eta: 4.7m
step 04227/04357 (97.02%) | loss: 2.612909 | lrm: 0.06 | dt: 2038.42ms | tok/sec: 514,406 | bf16_mfu: 46.27 | epoch: 1 | total time: 152.25m | eta: 4.7m
step 04228/04357 (97.04%) | loss: 2.607439 | lrm: 0.06 | dt: 2030.79ms | tok/sec: 516,338 | bf16_mfu: 46.44 | epoch: 1 | total time: 152.28m | eta: 4.7m
step 04229/04357 (97.06%) | loss: 2.597226 | lrm: 0.06 | dt: 2037.62ms | tok/sec: 514,607 | bf16_mfu: 46.29 | epoch: 1 | total time: 152.31m | eta: 4.6m
step 04230/04357 (97.09%) | loss: 2.601857 | lrm: 0.06 | dt: 2032.06ms | tok/sec: 516,017 | bf16_mfu: 46.41 | epoch: 1 | total time: 152.35m | eta: 4.6m
step 04231/04357 (97.11%) | loss: 2.605813 | lrm: 0.06 | dt: 2034.75ms | tok/sec: 515,333 | bf16_mfu: 46.35 | epoch: 1 | total time: 152.38m | eta: 4.5m
step 04232/04357 (97.13%) | loss: 2.610254 | lrm: 0.06 | dt: 2039.30ms | tok/sec: 514,185 | bf16_mfu: 46.25 | epoch: 1 | total time: 152.42m | eta: 4.5m
step 04233/04357 (97.15%) | loss: 2.612551 | lrm: 0.06 | dt: 2034.68ms | tok/sec: 515,351 | bf16_mfu: 46.35 | epoch: 1 | total time: 152.45m | eta: 4.5m
step 04234/04357 (97.18%) | loss: 2.617552 | lrm: 0.06 | dt: 2033.18ms | tok/sec: 515,732 | bf16_mfu: 46.39 | epoch: 1 | total time: 152.48m | eta: 4.4m
step 04235/04357 (97.20%) | loss: 2.608578 | lrm: 0.06 | dt: 2033.08ms | tok/sec: 515,757 | bf16_mfu: 46.39 | epoch: 1 | total time: 152.52m | eta: 4.4m
step 04236/04357 (97.22%) | loss: 2.611903 | lrm: 0.06 | dt: 2030.08ms | tok/sec: 516,519 | bf16_mfu: 46.46 | epoch: 1 | total time: 152.55m | eta: 4.4m
step 04237/04357 (97.25%) | loss: 2.605060 | lrm: 0.06 | dt: 2040.60ms | tok/sec: 513,857 | bf16_mfu: 46.22 | epoch: 1 | total time: 152.59m | eta: 4.3m
step 04238/04357 (97.27%) | loss: 2.601003 | lrm: 0.05 | dt: 2043.14ms | tok/sec: 513,217 | bf16_mfu: 46.16 | epoch: 1 | total time: 152.62m | eta: 4.3m
step 04239/04357 (97.29%) | loss: 2.603153 | lrm: 0.05 | dt: 2039.29ms | tok/sec: 514,187 | bf16_mfu: 46.25 | epoch: 1 | total time: 152.65m | eta: 4.3m
step 04240/04357 (97.31%) | loss: 2.611331 | lrm: 0.05 | dt: 2035.61ms | tok/sec: 515,116 | bf16_mfu: 46.33 | epoch: 1 | total time: 152.69m | eta: 4.2m
step 04241/04357 (97.34%) | loss: 2.603339 | lrm: 0.05 | dt: 2041.66ms | tok/sec: 513,589 | bf16_mfu: 46.20 | epoch: 1 | total time: 152.72m | eta: 4.2m
step 04242/04357 (97.36%) | loss: 2.600555 | lrm: 0.05 | dt: 2037.64ms | tok/sec: 514,602 | bf16_mfu: 46.29 | epoch: 1 | total time: 152.76m | eta: 4.2m
step 04243/04357 (97.38%) | loss: 2.607398 | lrm: 0.05 | dt: 2037.32ms | tok/sec: 514,685 | bf16_mfu: 46.29 | epoch: 1 | total time: 152.79m | eta: 4.1m
step 04244/04357 (97.41%) | loss: 2.581594 | lrm: 0.05 | dt: 2035.02ms | tok/sec: 515,264 | bf16_mfu: 46.35 | epoch: 1 | total time: 152.82m | eta: 4.1m
step 04245/04357 (97.43%) | loss: 2.596174 | lrm: 0.05 | dt: 2037.09ms | tok/sec: 514,740 | bf16_mfu: 46.30 | epoch: 1 | total time: 152.86m | eta: 4.0m
step 04246/04357 (97.45%) | loss: 2.607951 | lrm: 0.05 | dt: 2039.48ms | tok/sec: 514,139 | bf16_mfu: 46.24 | epoch: 1 | total time: 152.89m | eta: 4.0m
step 04247/04357 (97.48%) | loss: 2.591286 | lrm: 0.05 | dt: 2036.10ms | tok/sec: 514,991 | bf16_mfu: 46.32 | epoch: 1 | total time: 152.92m | eta: 4.0m
step 04248/04357 (97.50%) | loss: 2.596722 | lrm: 0.05 | dt: 2036.07ms | tok/sec: 514,999 | bf16_mfu: 46.32 | epoch: 1 | total time: 152.96m | eta: 3.9m
step 04249/04357 (97.52%) | loss: 2.595261 | lrm: 0.05 | dt: 2040.40ms | tok/sec: 513,907 | bf16_mfu: 46.22 | epoch: 1 | total time: 152.99m | eta: 3.9m
Step 04250 | Validation bpb: 0.792270
step 04250/04357 (97.54%) | loss: 2.593188 | lrm: 0.05 | dt: 36018.34ms | tok/sec: 29,112 | bf16_mfu: 2.62 | epoch: 1 | total time: 153.59m | eta: 3.9m
step 04251/04357 (97.57%) | loss: 2.603056 | lrm: 0.05 | dt: 1978.06ms | tok/sec: 530,102 | bf16_mfu: 47.68 | epoch: 1 | total time: 153.63m | eta: 3.8m
step 04252/04357 (97.59%) | loss: 2.603755 | lrm: 0.05 | dt: 2015.89ms | tok/sec: 520,155 | bf16_mfu: 46.79 | epoch: 1 | total time: 153.66m | eta: 3.8m
step 04253/04357 (97.61%) | loss: 2.614867 | lrm: 0.05 | dt: 1991.54ms | tok/sec: 526,514 | bf16_mfu: 47.36 | epoch: 1 | total time: 153.69m | eta: 3.8m
step 04254/04357 (97.64%) | loss: 2.614281 | lrm: 0.05 | dt: 1984.18ms | tok/sec: 528,466 | bf16_mfu: 47.53 | epoch: 1 | total time: 153.73m | eta: 3.7m
step 04255/04357 (97.66%) | loss: 2.616403 | lrm: 0.05 | dt: 1998.11ms | tok/sec: 524,784 | bf16_mfu: 47.20 | epoch: 1 | total time: 153.76m | eta: 3.7m
step 04256/04357 (97.68%) | loss: 2.607680 | lrm: 0.05 | dt: 1988.08ms | tok/sec: 527,431 | bf16_mfu: 47.44 | epoch: 1 | total time: 153.79m | eta: 3.7m
step 04257/04357 (97.70%) | loss: 2.610848 | lrm: 0.05 | dt: 1993.92ms | tok/sec: 525,886 | bf16_mfu: 47.30 | epoch: 1 | total time: 153.83m | eta: 3.6m
step 04258/04357 (97.73%) | loss: 2.621895 | lrm: 0.05 | dt: 1996.37ms | tok/sec: 525,240 | bf16_mfu: 47.24 | epoch: 1 | total time: 153.86m | eta: 3.6m
step 04259/04357 (97.75%) | loss: 2.617491 | lrm: 0.04 | dt: 1992.48ms | tok/sec: 526,266 | bf16_mfu: 47.34 | epoch: 1 | total time: 153.89m | eta: 3.5m
step 04260/04357 (97.77%) | loss: 2.622555 | lrm: 0.04 | dt: 1997.54ms | tok/sec: 524,934 | bf16_mfu: 47.22 | epoch: 1 | total time: 153.93m | eta: 3.5m
step 04261/04357 (97.80%) | loss: 2.612296 | lrm: 0.04 | dt: 2027.77ms | tok/sec: 517,106 | bf16_mfu: 46.51 | epoch: 1 | total time: 153.96m | eta: 3.5m
step 04262/04357 (97.82%) | loss: 2.614864 | lrm: 0.04 | dt: 1991.41ms | tok/sec: 526,549 | bf16_mfu: 47.36 | epoch: 1 | total time: 153.99m | eta: 3.4m
step 04263/04357 (97.84%) | loss: 2.603758 | lrm: 0.04 | dt: 1993.77ms | tok/sec: 525,925 | bf16_mfu: 47.30 | epoch: 1 | total time: 154.03m | eta: 3.4m
step 04264/04357 (97.87%) | loss: 2.614484 | lrm: 0.04 | dt: 1996.34ms | tok/sec: 525,248 | bf16_mfu: 47.24 | epoch: 1 | total time: 154.06m | eta: 3.4m
step 04265/04357 (97.89%) | loss: 2.610453 | lrm: 0.04 | dt: 1996.70ms | tok/sec: 525,154 | bf16_mfu: 47.24 | epoch: 1 | total time: 154.09m | eta: 3.3m
step 04266/04357 (97.91%) | loss: 2.609369 | lrm: 0.04 | dt: 2002.33ms | tok/sec: 523,678 | bf16_mfu: 47.10 | epoch: 1 | total time: 154.13m | eta: 3.3m
step 04267/04357 (97.93%) | loss: 2.614297 | lrm: 0.04 | dt: 2003.13ms | tok/sec: 523,468 | bf16_mfu: 47.08 | epoch: 1 | total time: 154.16m | eta: 3.3m
step 04268/04357 (97.96%) | loss: 2.617841 | lrm: 0.04 | dt: 2002.69ms | tok/sec: 523,583 | bf16_mfu: 47.09 | epoch: 1 | total time: 154.19m | eta: 3.2m
step 04269/04357 (97.98%) | loss: 2.615963 | lrm: 0.04 | dt: 2002.40ms | tok/sec: 523,659 | bf16_mfu: 47.10 | epoch: 1 | total time: 154.23m | eta: 3.2m
step 04270/04357 (98.00%) | loss: 2.622924 | lrm: 0.04 | dt: 2010.00ms | tok/sec: 521,678 | bf16_mfu: 46.92 | epoch: 1 | total time: 154.26m | eta: 3.2m
step 04271/04357 (98.03%) | loss: 2.612849 | lrm: 0.04 | dt: 2006.15ms | tok/sec: 522,680 | bf16_mfu: 47.01 | epoch: 1 | total time: 154.29m | eta: 3.1m
step 04272/04357 (98.05%) | loss: 2.595195 | lrm: 0.04 | dt: 2005.58ms | tok/sec: 522,829 | bf16_mfu: 47.03 | epoch: 1 | total time: 154.33m | eta: 3.1m
step 04273/04357 (98.07%) | loss: 2.601301 | lrm: 0.04 | dt: 2014.02ms | tok/sec: 520,637 | bf16_mfu: 46.83 | epoch: 1 | total time: 154.36m | eta: 3.0m
step 04274/04357 (98.10%) | loss: 2.611995 | lrm: 0.04 | dt: 2008.81ms | tok/sec: 521,989 | bf16_mfu: 46.95 | epoch: 1 | total time: 154.39m | eta: 3.0m
step 04275/04357 (98.12%) | loss: 2.607856 | lrm: 0.04 | dt: 2009.76ms | tok/sec: 521,740 | bf16_mfu: 46.93 | epoch: 1 | total time: 154.43m | eta: 3.0m
step 04276/04357 (98.14%) | loss: 2.610378 | lrm: 0.04 | dt: 2012.28ms | tok/sec: 521,087 | bf16_mfu: 46.87 | epoch: 1 | total time: 154.46m | eta: 2.9m
step 04277/04357 (98.16%) | loss: 2.594139 | lrm: 0.04 | dt: 2007.38ms | tok/sec: 522,360 | bf16_mfu: 46.98 | epoch: 1 | total time: 154.49m | eta: 2.9m
step 04278/04357 (98.19%) | loss: 2.610160 | lrm: 0.04 | dt: 2016.56ms | tok/sec: 519,981 | bf16_mfu: 46.77 | epoch: 1 | total time: 154.53m | eta: 2.9m
step 04279/04357 (98.21%) | loss: 2.609606 | lrm: 0.04 | dt: 2008.50ms | tok/sec: 522,068 | bf16_mfu: 46.96 | epoch: 1 | total time: 154.56m | eta: 2.8m
step 04280/04357 (98.23%) | loss: 2.607059 | lrm: 0.04 | dt: 2015.78ms | tok/sec: 520,184 | bf16_mfu: 46.79 | epoch: 1 | total time: 154.59m | eta: 2.8m
step 04281/04357 (98.26%) | loss: 2.613369 | lrm: 0.03 | dt: 2014.65ms | tok/sec: 520,474 | bf16_mfu: 46.81 | epoch: 1 | total time: 154.63m | eta: 2.8m
step 04282/04357 (98.28%) | loss: 2.605625 | lrm: 0.03 | dt: 2018.20ms | tok/sec: 519,559 | bf16_mfu: 46.73 | epoch: 1 | total time: 154.66m | eta: 2.7m
step 04283/04357 (98.30%) | loss: 2.607748 | lrm: 0.03 | dt: 2015.92ms | tok/sec: 520,148 | bf16_mfu: 46.79 | epoch: 1 | total time: 154.70m | eta: 2.7m
step 04284/04357 (98.32%) | loss: 2.615697 | lrm: 0.03 | dt: 2018.31ms | tok/sec: 519,532 | bf16_mfu: 46.73 | epoch: 1 | total time: 154.73m | eta: 2.6m
step 04285/04357 (98.35%) | loss: 2.612499 | lrm: 0.03 | dt: 2017.74ms | tok/sec: 519,677 | bf16_mfu: 46.74 | epoch: 1 | total time: 154.76m | eta: 2.6m
step 04286/04357 (98.37%) | loss: 2.609267 | lrm: 0.03 | dt: 2020.24ms | tok/sec: 519,035 | bf16_mfu: 46.69 | epoch: 1 | total time: 154.80m | eta: 2.6m
step 04287/04357 (98.39%) | loss: 2.612842 | lrm: 0.03 | dt: 2020.55ms | tok/sec: 518,955 | bf16_mfu: 46.68 | epoch: 1 | total time: 154.83m | eta: 2.5m
step 04288/04357 (98.42%) | loss: 2.606472 | lrm: 0.03 | dt: 2028.27ms | tok/sec: 516,981 | bf16_mfu: 46.50 | epoch: 1 | total time: 154.86m | eta: 2.5m
step 04289/04357 (98.44%) | loss: 2.612538 | lrm: 0.03 | dt: 2020.74ms | tok/sec: 518,905 | bf16_mfu: 46.67 | epoch: 1 | total time: 154.90m | eta: 2.5m
step 04290/04357 (98.46%) | loss: 2.620047 | lrm: 0.03 | dt: 2022.56ms | tok/sec: 518,441 | bf16_mfu: 46.63 | epoch: 1 | total time: 154.93m | eta: 2.4m
step 04291/04357 (98.49%) | loss: 2.612040 | lrm: 0.03 | dt: 2022.05ms | tok/sec: 518,570 | bf16_mfu: 46.64 | epoch: 1 | total time: 154.96m | eta: 2.4m
step 04292/04357 (98.51%) | loss: 2.603653 | lrm: 0.03 | dt: 2020.87ms | tok/sec: 518,872 | bf16_mfu: 46.67 | epoch: 1 | total time: 155.00m | eta: 2.4m
step 04293/04357 (98.53%) | loss: 2.593204 | lrm: 0.03 | dt: 2023.34ms | tok/sec: 518,240 | bf16_mfu: 46.61 | epoch: 1 | total time: 155.03m | eta: 2.3m
step 04294/04357 (98.55%) | loss: 2.600369 | lrm: 0.03 | dt: 2023.35ms | tok/sec: 518,238 | bf16_mfu: 46.61 | epoch: 1 | total time: 155.07m | eta: 2.3m
step 04295/04357 (98.58%) | loss: 2.598379 | lrm: 0.03 | dt: 2029.29ms | tok/sec: 516,721 | bf16_mfu: 46.48 | epoch: 1 | total time: 155.10m | eta: 2.2m
step 04296/04357 (98.60%) | loss: 2.614119 | lrm: 0.03 | dt: 2025.02ms | tok/sec: 517,810 | bf16_mfu: 46.57 | epoch: 1 | total time: 155.13m | eta: 2.2m
step 04297/04357 (98.62%) | loss: 2.606342 | lrm: 0.03 | dt: 2025.17ms | tok/sec: 517,772 | bf16_mfu: 46.57 | epoch: 1 | total time: 155.17m | eta: 2.2m
step 04298/04357 (98.65%) | loss: 2.608526 | lrm: 0.03 | dt: 2025.74ms | tok/sec: 517,627 | bf16_mfu: 46.56 | epoch: 1 | total time: 155.20m | eta: 2.1m
step 04299/04357 (98.67%) | loss: 2.624973 | lrm: 0.03 | dt: 2024.08ms | tok/sec: 518,050 | bf16_mfu: 46.60 | epoch: 1 | total time: 155.23m | eta: 2.1m
step 04300/04357 (98.69%) | loss: 2.618238 | lrm: 0.03 | dt: 2017.81ms | tok/sec: 519,661 | bf16_mfu: 46.74 | epoch: 1 | total time: 155.27m | eta: 2.1m
step 04301/04357 (98.71%) | loss: 2.629930 | lrm: 0.03 | dt: 2029.47ms | tok/sec: 516,674 | bf16_mfu: 46.47 | epoch: 1 | total time: 155.30m | eta: 2.0m
step 04302/04357 (98.74%) | loss: 2.639178 | lrm: 0.03 | dt: 2023.88ms | tok/sec: 518,100 | bf16_mfu: 46.60 | epoch: 1 | total time: 155.34m | eta: 2.0m
step 04303/04357 (98.76%) | loss: 2.642809 | lrm: 0.02 | dt: 2027.53ms | tok/sec: 517,169 | bf16_mfu: 46.52 | epoch: 1 | total time: 155.37m | eta: 2.0m
step 04304/04357 (98.78%) | loss: 2.637119 | lrm: 0.02 | dt: 2072.08ms | tok/sec: 506,049 | bf16_mfu: 45.52 | epoch: 1 | total time: 155.40m | eta: 1.9m
step 04305/04357 (98.81%) | loss: 2.642074 | lrm: 0.02 | dt: 2030.15ms | tok/sec: 516,502 | bf16_mfu: 46.46 | epoch: 1 | total time: 155.44m | eta: 1.9m
step 04306/04357 (98.83%) | loss: 2.642306 | lrm: 0.02 | dt: 2030.53ms | tok/sec: 516,405 | bf16_mfu: 46.45 | epoch: 1 | total time: 155.47m | eta: 1.8m
step 04307/04357 (98.85%) | loss: 2.633406 | lrm: 0.02 | dt: 2027.43ms | tok/sec: 517,195 | bf16_mfu: 46.52 | epoch: 1 | total time: 155.51m | eta: 1.8m
step 04308/04357 (98.88%) | loss: 2.621531 | lrm: 0.02 | dt: 2027.86ms | tok/sec: 517,084 | bf16_mfu: 46.51 | epoch: 1 | total time: 155.54m | eta: 1.8m
step 04309/04357 (98.90%) | loss: 2.612356 | lrm: 0.02 | dt: 2027.02ms | tok/sec: 517,299 | bf16_mfu: 46.53 | epoch: 1 | total time: 155.57m | eta: 1.7m
step 04310/04357 (98.92%) | loss: 2.612912 | lrm: 0.02 | dt: 2027.68ms | tok/sec: 517,131 | bf16_mfu: 46.51 | epoch: 1 | total time: 155.61m | eta: 1.7m
step 04311/04357 (98.94%) | loss: 2.615850 | lrm: 0.02 | dt: 2030.54ms | tok/sec: 516,403 | bf16_mfu: 46.45 | epoch: 1 | total time: 155.64m | eta: 1.7m
step 04312/04357 (98.97%) | loss: 2.610382 | lrm: 0.02 | dt: 2031.29ms | tok/sec: 516,212 | bf16_mfu: 46.43 | epoch: 1 | total time: 155.67m | eta: 1.6m
step 04313/04357 (98.99%) | loss: 2.605325 | lrm: 0.02 | dt: 2029.71ms | tok/sec: 516,614 | bf16_mfu: 46.47 | epoch: 1 | total time: 155.71m | eta: 1.6m
step 04314/04357 (99.01%) | loss: 2.595121 | lrm: 0.02 | dt: 2029.54ms | tok/sec: 516,657 | bf16_mfu: 46.47 | epoch: 1 | total time: 155.74m | eta: 1.6m
step 04315/04357 (99.04%) | loss: 2.596774 | lrm: 0.02 | dt: 2036.13ms | tok/sec: 514,985 | bf16_mfu: 46.32 | epoch: 1 | total time: 155.78m | eta: 1.5m
step 04316/04357 (99.06%) | loss: 2.603348 | lrm: 0.02 | dt: 2037.01ms | tok/sec: 514,762 | bf16_mfu: 46.30 | epoch: 1 | total time: 155.81m | eta: 1.5m
step 04317/04357 (99.08%) | loss: 2.602344 | lrm: 0.02 | dt: 2027.87ms | tok/sec: 517,083 | bf16_mfu: 46.51 | epoch: 1 | total time: 155.84m | eta: 1.4m
step 04318/04357 (99.10%) | loss: 2.607642 | lrm: 0.02 | dt: 2029.03ms | tok/sec: 516,786 | bf16_mfu: 46.48 | epoch: 1 | total time: 155.88m | eta: 1.4m
step 04319/04357 (99.13%) | loss: 2.602254 | lrm: 0.02 | dt: 2030.98ms | tok/sec: 516,291 | bf16_mfu: 46.44 | epoch: 1 | total time: 155.91m | eta: 1.4m
step 04320/04357 (99.15%) | loss: 2.608037 | lrm: 0.02 | dt: 2032.42ms | tok/sec: 515,924 | bf16_mfu: 46.41 | epoch: 1 | total time: 155.95m | eta: 1.3m
step 04321/04357 (99.17%) | loss: 2.599341 | lrm: 0.02 | dt: 2032.84ms | tok/sec: 515,817 | bf16_mfu: 46.40 | epoch: 1 | total time: 155.98m | eta: 1.3m
step 04322/04357 (99.20%) | loss: 2.608763 | lrm: 0.02 | dt: 2033.36ms | tok/sec: 515,687 | bf16_mfu: 46.38 | epoch: 1 | total time: 156.01m | eta: 1.3m
step 04323/04357 (99.22%) | loss: 2.595103 | lrm: 0.02 | dt: 2031.69ms | tok/sec: 516,109 | bf16_mfu: 46.42 | epoch: 1 | total time: 156.05m | eta: 1.2m
step 04324/04357 (99.24%) | loss: 2.604702 | lrm: 0.02 | dt: 2031.93ms | tok/sec: 516,048 | bf16_mfu: 46.42 | epoch: 1 | total time: 156.08m | eta: 1.2m
step 04325/04357 (99.27%) | loss: 2.618515 | lrm: 0.01 | dt: 2032.48ms | tok/sec: 515,908 | bf16_mfu: 46.40 | epoch: 1 | total time: 156.11m | eta: 1.2m
step 04326/04357 (99.29%) | loss: 2.622081 | lrm: 0.01 | dt: 2033.52ms | tok/sec: 515,646 | bf16_mfu: 46.38 | epoch: 1 | total time: 156.15m | eta: 1.1m
step 04327/04357 (99.31%) | loss: 2.609259 | lrm: 0.01 | dt: 2031.82ms | tok/sec: 516,077 | bf16_mfu: 46.42 | epoch: 1 | total time: 156.18m | eta: 1.1m
step 04328/04357 (99.33%) | loss: 2.617016 | lrm: 0.01 | dt: 2032.89ms | tok/sec: 515,804 | bf16_mfu: 46.39 | epoch: 1 | total time: 156.22m | eta: 1.0m
step 04329/04357 (99.36%) | loss: 2.625203 | lrm: 0.01 | dt: 2032.69ms | tok/sec: 515,857 | bf16_mfu: 46.40 | epoch: 1 | total time: 156.25m | eta: 1.0m
step 04330/04357 (99.38%) | loss: 2.626046 | lrm: 0.01 | dt: 2032.32ms | tok/sec: 515,950 | bf16_mfu: 46.41 | epoch: 1 | total time: 156.28m | eta: 1.0m
step 04331/04357 (99.40%) | loss: 2.626840 | lrm: 0.01 | dt: 2033.80ms | tok/sec: 515,575 | bf16_mfu: 46.37 | epoch: 1 | total time: 156.32m | eta: 0.9m
step 04332/04357 (99.43%) | loss: 2.640301 | lrm: 0.01 | dt: 2029.69ms | tok/sec: 516,619 | bf16_mfu: 46.47 | epoch: 1 | total time: 156.35m | eta: 0.9m
step 04333/04357 (99.45%) | loss: 2.649047 | lrm: 0.01 | dt: 2035.43ms | tok/sec: 515,161 | bf16_mfu: 46.34 | epoch: 1 | total time: 156.39m | eta: 0.9m
step 04334/04357 (99.47%) | loss: 2.642417 | lrm: 0.01 | dt: 2029.35ms | tok/sec: 516,704 | bf16_mfu: 46.48 | epoch: 1 | total time: 156.42m | eta: 0.8m
step 04335/04357 (99.50%) | loss: 2.623298 | lrm: 0.01 | dt: 2032.26ms | tok/sec: 515,965 | bf16_mfu: 46.41 | epoch: 1 | total time: 156.45m | eta: 0.8m
step 04336/04357 (99.52%) | loss: 2.615497 | lrm: 0.01 | dt: 2033.05ms | tok/sec: 515,764 | bf16_mfu: 46.39 | epoch: 1 | total time: 156.49m | eta: 0.8m
step 04337/04357 (99.54%) | loss: 2.635053 | lrm: 0.01 | dt: 2033.24ms | tok/sec: 515,717 | bf16_mfu: 46.39 | epoch: 1 | total time: 156.52m | eta: 0.7m
step 04338/04357 (99.56%) | loss: 2.637096 | lrm: 0.01 | dt: 2034.35ms | tok/sec: 515,434 | bf16_mfu: 46.36 | epoch: 1 | total time: 156.56m | eta: 0.7m
step 04339/04357 (99.59%) | loss: 2.632020 | lrm: 0.01 | dt: 2032.15ms | tok/sec: 515,994 | bf16_mfu: 46.41 | epoch: 1 | total time: 156.59m | eta: 0.7m
step 04340/04357 (99.61%) | loss: 2.630774 | lrm: 0.01 | dt: 2033.99ms | tok/sec: 515,526 | bf16_mfu: 46.37 | epoch: 1 | total time: 156.62m | eta: 0.6m
step 04341/04357 (99.63%) | loss: 2.618864 | lrm: 0.01 | dt: 2034.65ms | tok/sec: 515,358 | bf16_mfu: 46.35 | epoch: 1 | total time: 156.66m | eta: 0.6m
step 04342/04357 (99.66%) | loss: 2.628778 | lrm: 0.01 | dt: 2036.02ms | tok/sec: 515,013 | bf16_mfu: 46.32 | epoch: 1 | total time: 156.69m | eta: 0.5m
step 04343/04357 (99.68%) | loss: 2.618278 | lrm: 0.01 | dt: 2038.22ms | tok/sec: 514,457 | bf16_mfu: 46.27 | epoch: 1 | total time: 156.72m | eta: 0.5m
step 04344/04357 (99.70%) | loss: 2.628435 | lrm: 0.01 | dt: 2032.34ms | tok/sec: 515,944 | bf16_mfu: 46.41 | epoch: 1 | total time: 156.76m | eta: 0.5m
step 04345/04357 (99.72%) | loss: 2.628819 | lrm: 0.01 | dt: 2033.90ms | tok/sec: 515,548 | bf16_mfu: 46.37 | epoch: 1 | total time: 156.79m | eta: 0.4m
step 04346/04357 (99.75%) | loss: 2.624787 | lrm: 0.01 | dt: 2036.24ms | tok/sec: 514,957 | bf16_mfu: 46.32 | epoch: 1 | total time: 156.83m | eta: 0.4m
step 04347/04357 (99.77%) | loss: 2.624083 | lrm: 0.00 | dt: 2033.86ms | tok/sec: 515,558 | bf16_mfu: 46.37 | epoch: 1 | total time: 156.86m | eta: 0.4m
step 04348/04357 (99.79%) | loss: 2.642634 | lrm: 0.00 | dt: 2043.54ms | tok/sec: 513,116 | bf16_mfu: 46.15 | epoch: 1 | total time: 156.89m | eta: 0.3m
step 04349/04357 (99.82%) | loss: 2.653615 | lrm: 0.00 | dt: 2034.59ms | tok/sec: 515,375 | bf16_mfu: 46.36 | epoch: 1 | total time: 156.93m | eta: 0.3m
step 04350/04357 (99.84%) | loss: 2.633899 | lrm: 0.00 | dt: 2036.94ms | tok/sec: 514,780 | bf16_mfu: 46.30 | epoch: 1 | total time: 156.96m | eta: 0.3m
step 04351/04357 (99.86%) | loss: 2.641464 | lrm: 0.00 | dt: 2035.20ms | tok/sec: 515,220 | bf16_mfu: 46.34 | epoch: 1 | total time: 157.00m | eta: 0.2m
step 04352/04357 (99.89%) | loss: 2.637066 | lrm: 0.00 | dt: 2034.79ms | tok/sec: 515,323 | bf16_mfu: 46.35 | epoch: 1 | total time: 157.03m | eta: 0.2m
step 04353/04357 (99.91%) | loss: 2.639008 | lrm: 0.00 | dt: 2040.71ms | tok/sec: 513,829 | bf16_mfu: 46.22 | epoch: 1 | total time: 157.06m | eta: 0.1m
step 04354/04357 (99.93%) | loss: 2.634900 | lrm: 0.00 | dt: 2035.00ms | tok/sec: 515,270 | bf16_mfu: 46.35 | epoch: 1 | total time: 157.10m | eta: 0.1m
step 04355/04357 (99.95%) | loss: 2.630318 | lrm: 0.00 | dt: 2036.59ms | tok/sec: 514,869 | bf16_mfu: 46.31 | epoch: 1 | total time: 157.13m | eta: 0.1m
step 04356/04357 (99.98%) | loss: 2.624500 | lrm: 0.00 | dt: 2037.13ms | tok/sec: 514,731 | bf16_mfu: 46.30 | epoch: 1 | total time: 157.17m | eta: 0.0m
Step 04357 | Validation bpb: 0.791381
Evaluating: hellaswag_zeroshot (0-shot, type: multiple_choice)... accuracy: 0.4660 | centered: 0.2880 | time: 1.71s
Evaluating: jeopardy (10-shot, type: language_modeling)... accuracy: 0.0740 | centered: 0.0740 | time: 1.72s
Evaluating: bigbench_qa_wikidata (10-shot, type: language_modeling)... accuracy: 0.4980 | centered: 0.4980 | time: 1.72s
Evaluating: arc_easy (10-shot, type: multiple_choice)... accuracy: 0.6280 | centered: 0.5040 | time: 1.84s
Evaluating: arc_challenge (10-shot, type: multiple_choice)... accuracy: 0.3400 | centered: 0.1200 | time: 1.86s
Evaluating: copa (0-shot, type: multiple_choice)... accuracy: 0.6300 | centered: 0.2600 | time: 0.33s
Evaluating: commonsense_qa (10-shot, type: multiple_choice)... accuracy: 0.3420 | centered: 0.1775 | time: 1.91s
Evaluating: piqa (10-shot, type: multiple_choice)... accuracy: 0.6820 | centered: 0.3640 | time: 1.78s
Evaluating: openbook_qa (0-shot, type: multiple_choice)... accuracy: 0.3480 | centered: 0.1307 | time: 1.66s
Evaluating: lambada_openai (0-shot, type: language_modeling)... accuracy: 0.4080 | centered: 0.4080 | time: 1.67s
Evaluating: hellaswag (10-shot, type: multiple_choice)... accuracy: 0.4460 | centered: 0.2613 | time: 2.80s
Evaluating: winograd (0-shot, type: schema)... accuracy: 0.6667 | centered: 0.3333 | time: 0.88s
Evaluating: winogrande (0-shot, type: schema)... accuracy: 0.5680 | centered: 0.1360 | time: 1.63s
Evaluating: bigbench_dyck_languages (10-shot, type: language_modeling)... accuracy: 0.1000 | centered: 0.1000 | time: 1.76s
Evaluating: agi_eval_lsat_ar (3-shot, type: multiple_choice)... accuracy: 0.2304 | centered: 0.0380 | time: 1.23s
Evaluating: bigbench_cs_algorithms (10-shot, type: language_modeling)... accuracy: 0.4460 | centered: 0.4460 | time: 1.72s
Evaluating: bigbench_operators (10-shot, type: language_modeling)... accuracy: 0.1571 | centered: 0.1571 | time: 0.72s
Evaluating: bigbench_repeat_copy_logic (10-shot, type: language_modeling)... accuracy: 0.0312 | centered: 0.0312 | time: 0.13s
Evaluating: squad (10-shot, type: language_modeling)... accuracy: 0.2980 | centered: 0.2980 | time: 2.07s
Evaluating: coqa (0-shot, type: language_modeling)... accuracy: 0.2100 | centered: 0.2100 | time: 1.77s
Evaluating: boolq (10-shot, type: multiple_choice)... accuracy: 0.4980 | centered: -0.3211 | time: 2.62s
Evaluating: bigbench_language_identification (10-shot, type: multiple_choice)... accuracy: 0.2680 | centered: 0.1947 | time: 4.60s
Step 04357 | CORE metric: 0.2140
<|bos|>The capital of France is Paris. It is the largest city in France and the second largest city in Europe
<|bos|>The chemical symbol of gold is Au and the atomic number is 79. It is a soft, malle
<|bos|>If yesterday was Friday, then tomorrow will be Saturday. If today is Saturday, then tomorrow will be Sunday. If tomorrow is
Peak memory usage: 40719.18MiB
Total training time: 157.17m
Minimum validation bpb: 0.791381
========================================
Baseline Muon SVD training completed at: Sun Mar  8 22:41:22 EDT 2026
========================================
