========================================
Job ID: 507843
Node: andreas-h100-1
Config: Subspace Momentum - Double Mid (momentum=0.90)
Start Time: Tue Mar 10 19:41:29 EDT 2026
========================================
Tue Mar 10 19:41:29 2026       
+-----------------------------------------------------------------------------------------+
| NVIDIA-SMI 575.57.08              Driver Version: 575.57.08      CUDA Version: 12.9     |
|-----------------------------------------+------------------------+----------------------+
| GPU  Name                 Persistence-M | Bus-Id          Disp.A | Volatile Uncorr. ECC |
| Fan  Temp   Perf          Pwr:Usage/Cap |           Memory-Usage | GPU-Util  Compute M. |
|                                         |                        |               MIG M. |
|=========================================+========================+======================|
|   0  NVIDIA H100 NVL                On  |   00000000:01:00.0 Off |                    0 |
| N/A   57C    P0             71W /  400W |       0MiB /  95830MiB |      0%      Default |
|                                         |                        |             Disabled |
+-----------------------------------------+------------------------+----------------------+
|   1  NVIDIA H100 NVL                On  |   00000000:E1:00.0 Off |                    0 |
| N/A   55C    P0             70W /  400W |       0MiB /  95830MiB |      0%      Default |
|                                         |                        |             Disabled |
+-----------------------------------------+------------------------+----------------------+
                                                                                         
+-----------------------------------------------------------------------------------------+
| Processes:                                                                              |
|  GPU   GI   CI              PID   Type   Process name                        GPU Memory |
|        ID   ID                                                               Usage      |
|=========================================================================================|
|  No running processes found                                                             |
+-----------------------------------------------------------------------------------------+

                                                       █████                █████
                                                      ░░███                ░░███
     ████████    ██████   ████████    ██████   ██████  ░███████    ██████  ███████
    ░░███░░███  ░░░░░███ ░░███░░███  ███░░███ ███░░███ ░███░░███  ░░░░░███░░░███░
     ░███ ░███   ███████  ░███ ░███ ░███ ░███░███ ░░░  ░███ ░███   ███████  ░███
     ░███ ░███  ███░░███  ░███ ░███ ░███ ░███░███  ███ ░███ ░███  ███░░███  ░███ ███
     ████ █████░░████████ ████ █████░░██████ ░░██████  ████ █████░░███████  ░░█████
    ░░░░ ░░░░░  ░░░░░░░░ ░░░░ ░░░░░  ░░░░░░   ░░░░░░  ░░░░ ░░░░░  ░░░░░░░░   ░░░░░
    
Newton-Schulz mode: baseline (5 iterations, 15 matmuls)
Subspace momentum mode: double
Target Muon momentum: 0.9 (warmup from 0.85)
Newton-Schulz mode: baseline (5 iterations, 15 matmuls)
Subspace momentum mode: double
Target Muon momentum: 0.9 (warmup from 0.85)
Autodetected device type: cuda
GPU: NVIDIA H100 NVL | Peak FLOPS (BF16): 8.35e+14
Using Flash Attention 3
Vocab size: 32,768
Model config:
{
  "sequence_len": 2048,
  "vocab_size": 32768,
  "n_layer": 20,
  "n_head": 10,
  "n_kv_head": 10,
  "n_embd": 1280,
  "window_pattern": "SSSL"
}
FP8 training enabled (tensorwise) - converted 121 layers
Parameter counts:
wte                     : 41,943,040
value_embeds            : 419,430,400
lm_head                 : 41,943,040
transformer_matrices    : 393,219,200
scalars                 : 40
total                   : 896,535,720
Estimated FLOPs per token: 3.004189e+09
Auto-computed optimal batch size: 1,048,576 tokens
Scaling LRs by 1.4142 for batch size 1,048,576
Scaling weight decay from 0.200000 to 0.071563
Scaling the LR for the AdamW parameters ∝1/√(1280/768) = 0.774597
Patched optimizer to use double subspace momentum step function
Calculated iterations from target data:param ratio: 4,357
Total training tokens: 4,568,645,632
Tokens : Scaling params ratio: 10.50
Total batch size 1,048,576 => gradient accumulation steps: 16
Step 00000 | Validation bpb: 3.172610
step 00000/04357 (0.00%) | loss: 10.398407 | lrm: 1.00 | dt: 29001.55ms | tok/sec: 36,155 | bf16_mfu: 6.50 | epoch: 1 | total time: 0.00m
step 00001/04357 (0.02%) | loss: 10.891957 | lrm: 1.00 | dt: 3912.18ms | tok/sec: 268,028 | bf16_mfu: 48.22 | epoch: 1 | total time: 0.00m
step 00002/04357 (0.05%) | loss: 10.784812 | lrm: 1.00 | dt: 3927.49ms | tok/sec: 266,983 | bf16_mfu: 48.03 | epoch: 1 | total time: 0.00m
step 00003/04357 (0.07%) | loss: 10.256951 | lrm: 1.00 | dt: 3939.63ms | tok/sec: 266,161 | bf16_mfu: 47.88 | epoch: 1 | total time: 0.00m
step 00004/04357 (0.09%) | loss: 9.610672 | lrm: 1.00 | dt: 3959.65ms | tok/sec: 264,815 | bf16_mfu: 47.64 | epoch: 1 | total time: 0.00m
step 00005/04357 (0.11%) | loss: 9.060853 | lrm: 1.00 | dt: 3966.12ms | tok/sec: 264,383 | bf16_mfu: 47.56 | epoch: 1 | total time: 0.00m
step 00006/04357 (0.14%) | loss: 8.637744 | lrm: 1.00 | dt: 3995.80ms | tok/sec: 262,419 | bf16_mfu: 47.21 | epoch: 1 | total time: 0.00m
step 00007/04357 (0.16%) | loss: 8.285117 | lrm: 1.00 | dt: 3973.44ms | tok/sec: 263,896 | bf16_mfu: 47.47 | epoch: 1 | total time: 0.00m
step 00008/04357 (0.18%) | loss: 8.004223 | lrm: 1.00 | dt: 3983.71ms | tok/sec: 263,215 | bf16_mfu: 47.35 | epoch: 1 | total time: 0.00m
step 00009/04357 (0.21%) | loss: 7.762695 | lrm: 1.00 | dt: 3992.71ms | tok/sec: 262,622 | bf16_mfu: 47.24 | epoch: 1 | total time: 0.00m
step 00010/04357 (0.23%) | loss: 7.542742 | lrm: 1.00 | dt: 3999.16ms | tok/sec: 262,199 | bf16_mfu: 47.17 | epoch: 1 | total time: 0.00m
step 00011/04357 (0.25%) | loss: 7.359982 | lrm: 1.00 | dt: 4009.50ms | tok/sec: 261,522 | bf16_mfu: 47.05 | epoch: 1 | total time: 0.07m | eta: 290.4m
step 00012/04357 (0.28%) | loss: 7.190831 | lrm: 1.00 | dt: 4022.87ms | tok/sec: 260,653 | bf16_mfu: 46.89 | epoch: 1 | total time: 0.13m | eta: 290.8m
step 00013/04357 (0.30%) | loss: 7.045327 | lrm: 1.00 | dt: 4024.98ms | tok/sec: 260,516 | bf16_mfu: 46.86 | epoch: 1 | total time: 0.20m | eta: 291.0m
step 00014/04357 (0.32%) | loss: 6.930711 | lrm: 1.00 | dt: 4035.57ms | tok/sec: 259,833 | bf16_mfu: 46.74 | epoch: 1 | total time: 0.27m | eta: 291.2m
step 00015/04357 (0.34%) | loss: 6.814515 | lrm: 1.00 | dt: 4034.63ms | tok/sec: 259,893 | bf16_mfu: 46.75 | epoch: 1 | total time: 0.34m | eta: 291.3m
step 00016/04357 (0.37%) | loss: 6.727563 | lrm: 1.00 | dt: 4036.52ms | tok/sec: 259,772 | bf16_mfu: 46.73 | epoch: 1 | total time: 0.40m | eta: 291.4m
step 00017/04357 (0.39%) | loss: 6.637469 | lrm: 1.00 | dt: 4052.48ms | tok/sec: 258,748 | bf16_mfu: 46.55 | epoch: 1 | total time: 0.47m | eta: 291.6m
step 00018/04357 (0.41%) | loss: 6.546664 | lrm: 1.00 | dt: 4060.27ms | tok/sec: 258,252 | bf16_mfu: 46.46 | epoch: 1 | total time: 0.54m | eta: 291.8m
step 00019/04357 (0.44%) | loss: 6.476684 | lrm: 1.00 | dt: 4045.50ms | tok/sec: 259,195 | bf16_mfu: 46.63 | epoch: 1 | total time: 0.61m | eta: 291.8m
step 00020/04357 (0.46%) | loss: 6.405574 | lrm: 1.00 | dt: 4063.88ms | tok/sec: 258,023 | bf16_mfu: 46.42 | epoch: 1 | total time: 0.67m | eta: 291.9m
step 00021/04357 (0.48%) | loss: 6.347223 | lrm: 1.00 | dt: 4068.51ms | tok/sec: 257,729 | bf16_mfu: 46.36 | epoch: 1 | total time: 0.74m | eta: 292.1m
step 00022/04357 (0.50%) | loss: 6.298863 | lrm: 1.00 | dt: 4070.44ms | tok/sec: 257,607 | bf16_mfu: 46.34 | epoch: 1 | total time: 0.81m | eta: 292.2m
step 00023/04357 (0.53%) | loss: 6.250711 | lrm: 1.00 | dt: 4064.76ms | tok/sec: 257,967 | bf16_mfu: 46.41 | epoch: 1 | total time: 0.88m | eta: 292.2m
step 00024/04357 (0.55%) | loss: 6.191264 | lrm: 1.00 | dt: 4073.23ms | tok/sec: 257,431 | bf16_mfu: 46.31 | epoch: 1 | total time: 0.94m | eta: 292.3m
step 00025/04357 (0.57%) | loss: 6.155429 | lrm: 1.00 | dt: 4067.34ms | tok/sec: 257,803 | bf16_mfu: 46.38 | epoch: 1 | total time: 1.01m | eta: 292.3m
step 00026/04357 (0.60%) | loss: 6.117711 | lrm: 1.00 | dt: 4075.22ms | tok/sec: 257,305 | bf16_mfu: 46.29 | epoch: 1 | total time: 1.08m | eta: 292.4m
step 00027/04357 (0.62%) | loss: 6.084546 | lrm: 1.00 | dt: 4079.40ms | tok/sec: 257,042 | bf16_mfu: 46.24 | epoch: 1 | total time: 1.15m | eta: 292.4m
step 00028/04357 (0.64%) | loss: 6.049790 | lrm: 1.00 | dt: 4088.18ms | tok/sec: 256,489 | bf16_mfu: 46.14 | epoch: 1 | total time: 1.22m | eta: 292.5m
step 00029/04357 (0.67%) | loss: 6.025388 | lrm: 1.00 | dt: 4079.68ms | tok/sec: 257,024 | bf16_mfu: 46.24 | epoch: 1 | total time: 1.28m | eta: 292.5m
step 00030/04357 (0.69%) | loss: 6.002607 | lrm: 1.00 | dt: 4088.13ms | tok/sec: 256,492 | bf16_mfu: 46.14 | epoch: 1 | total time: 1.35m | eta: 292.6m
step 00031/04357 (0.71%) | loss: 5.977401 | lrm: 1.00 | dt: 4090.99ms | tok/sec: 256,313 | bf16_mfu: 46.11 | epoch: 1 | total time: 1.42m | eta: 292.6m
step 00032/04357 (0.73%) | loss: 5.956904 | lrm: 1.00 | dt: 4091.63ms | tok/sec: 256,273 | bf16_mfu: 46.10 | epoch: 1 | total time: 1.49m | eta: 292.7m
step 00033/04357 (0.76%) | loss: 5.930242 | lrm: 1.00 | dt: 4093.41ms | tok/sec: 256,162 | bf16_mfu: 46.08 | epoch: 1 | total time: 1.56m | eta: 292.7m
step 00034/04357 (0.78%) | loss: 5.892038 | lrm: 1.00 | dt: 4094.90ms | tok/sec: 256,068 | bf16_mfu: 46.06 | epoch: 1 | total time: 1.63m | eta: 292.7m
step 00035/04357 (0.80%) | loss: 5.874457 | lrm: 1.00 | dt: 4092.93ms | tok/sec: 256,191 | bf16_mfu: 46.09 | epoch: 1 | total time: 1.69m | eta: 292.8m
step 00036/04357 (0.83%) | loss: 5.853128 | lrm: 1.00 | dt: 4088.50ms | tok/sec: 256,469 | bf16_mfu: 46.14 | epoch: 1 | total time: 1.76m | eta: 292.8m
step 00037/04357 (0.85%) | loss: 5.822776 | lrm: 1.00 | dt: 4098.08ms | tok/sec: 255,870 | bf16_mfu: 46.03 | epoch: 1 | total time: 1.83m | eta: 292.8m
step 00038/04357 (0.87%) | loss: 5.797987 | lrm: 1.00 | dt: 4084.29ms | tok/sec: 256,733 | bf16_mfu: 46.18 | epoch: 1 | total time: 1.90m | eta: 292.8m
step 00039/04357 (0.90%) | loss: 5.774861 | lrm: 1.00 | dt: 4089.80ms | tok/sec: 256,388 | bf16_mfu: 46.12 | epoch: 1 | total time: 1.97m | eta: 292.7m
step 00040/04357 (0.92%) | loss: 5.749732 | lrm: 1.00 | dt: 4088.34ms | tok/sec: 256,479 | bf16_mfu: 46.14 | epoch: 1 | total time: 2.03m | eta: 292.7m
step 00041/04357 (0.94%) | loss: 5.727006 | lrm: 1.00 | dt: 4088.14ms | tok/sec: 256,491 | bf16_mfu: 46.14 | epoch: 1 | total time: 2.10m | eta: 292.7m
step 00042/04357 (0.96%) | loss: 5.697721 | lrm: 1.00 | dt: 4091.94ms | tok/sec: 256,254 | bf16_mfu: 46.10 | epoch: 1 | total time: 2.17m | eta: 292.7m
step 00043/04357 (0.99%) | loss: 5.674852 | lrm: 1.00 | dt: 4091.64ms | tok/sec: 256,272 | bf16_mfu: 46.10 | epoch: 1 | total time: 2.24m | eta: 292.7m
step 00044/04357 (1.01%) | loss: 5.654852 | lrm: 1.00 | dt: 4091.51ms | tok/sec: 256,280 | bf16_mfu: 46.10 | epoch: 1 | total time: 2.31m | eta: 292.6m
step 00045/04357 (1.03%) | loss: 5.620297 | lrm: 1.00 | dt: 4093.99ms | tok/sec: 256,125 | bf16_mfu: 46.07 | epoch: 1 | total time: 2.38m | eta: 292.6m
step 00046/04357 (1.06%) | loss: 5.605265 | lrm: 1.00 | dt: 4084.86ms | tok/sec: 256,697 | bf16_mfu: 46.18 | epoch: 1 | total time: 2.44m | eta: 292.6m
step 00047/04357 (1.08%) | loss: 5.577088 | lrm: 1.00 | dt: 4089.16ms | tok/sec: 256,427 | bf16_mfu: 46.13 | epoch: 1 | total time: 2.51m | eta: 292.5m
step 00048/04357 (1.10%) | loss: 5.553749 | lrm: 1.00 | dt: 4090.98ms | tok/sec: 256,313 | bf16_mfu: 46.11 | epoch: 1 | total time: 2.58m | eta: 292.5m
step 00049/04357 (1.12%) | loss: 5.524313 | lrm: 1.00 | dt: 4097.88ms | tok/sec: 255,882 | bf16_mfu: 46.03 | epoch: 1 | total time: 2.65m | eta: 292.5m
step 00050/04357 (1.15%) | loss: 5.513078 | lrm: 1.00 | dt: 4099.70ms | tok/sec: 255,768 | bf16_mfu: 46.01 | epoch: 1 | total time: 2.72m | eta: 292.5m
step 00051/04357 (1.17%) | loss: 5.486715 | lrm: 1.00 | dt: 4083.46ms | tok/sec: 256,786 | bf16_mfu: 46.19 | epoch: 1 | total time: 2.78m | eta: 292.4m
step 00052/04357 (1.19%) | loss: 5.463575 | lrm: 1.00 | dt: 4087.47ms | tok/sec: 256,534 | bf16_mfu: 46.15 | epoch: 1 | total time: 2.85m | eta: 292.4m
step 00053/04357 (1.22%) | loss: 5.427829 | lrm: 1.00 | dt: 4103.90ms | tok/sec: 255,506 | bf16_mfu: 45.96 | epoch: 1 | total time: 2.92m | eta: 292.4m
step 00054/04357 (1.24%) | loss: 5.391643 | lrm: 1.00 | dt: 4092.41ms | tok/sec: 256,224 | bf16_mfu: 46.09 | epoch: 1 | total time: 2.99m | eta: 292.3m
step 00055/04357 (1.26%) | loss: 5.375295 | lrm: 1.00 | dt: 4107.48ms | tok/sec: 255,284 | bf16_mfu: 45.92 | epoch: 1 | total time: 3.06m | eta: 292.3m
step 00056/04357 (1.29%) | loss: 5.356344 | lrm: 1.00 | dt: 4096.79ms | tok/sec: 255,950 | bf16_mfu: 46.04 | epoch: 1 | total time: 3.13m | eta: 292.3m
step 00057/04357 (1.31%) | loss: 5.319644 | lrm: 1.00 | dt: 4102.74ms | tok/sec: 255,579 | bf16_mfu: 45.98 | epoch: 1 | total time: 3.19m | eta: 292.2m
step 00058/04357 (1.33%) | loss: 5.294361 | lrm: 1.00 | dt: 4134.84ms | tok/sec: 253,595 | bf16_mfu: 45.62 | epoch: 1 | total time: 3.26m | eta: 292.2m
step 00059/04357 (1.35%) | loss: 5.271880 | lrm: 1.00 | dt: 4126.39ms | tok/sec: 254,114 | bf16_mfu: 45.71 | epoch: 1 | total time: 3.33m | eta: 292.2m
step 00060/04357 (1.38%) | loss: 5.242702 | lrm: 1.00 | dt: 4109.83ms | tok/sec: 255,138 | bf16_mfu: 45.90 | epoch: 1 | total time: 3.40m | eta: 292.2m
step 00061/04357 (1.40%) | loss: 5.225942 | lrm: 1.00 | dt: 4099.87ms | tok/sec: 255,758 | bf16_mfu: 46.01 | epoch: 1 | total time: 3.47m | eta: 292.2m
step 00062/04357 (1.42%) | loss: 5.202236 | lrm: 1.00 | dt: 4093.89ms | tok/sec: 256,132 | bf16_mfu: 46.08 | epoch: 1 | total time: 3.54m | eta: 292.1m
step 00063/04357 (1.45%) | loss: 5.187621 | lrm: 1.00 | dt: 4098.86ms | tok/sec: 255,821 | bf16_mfu: 46.02 | epoch: 1 | total time: 3.61m | eta: 292.1m
step 00064/04357 (1.47%) | loss: 5.166061 | lrm: 1.00 | dt: 4097.07ms | tok/sec: 255,933 | bf16_mfu: 46.04 | epoch: 1 | total time: 3.67m | eta: 292.0m
step 00065/04357 (1.49%) | loss: 5.147427 | lrm: 1.00 | dt: 4101.78ms | tok/sec: 255,639 | bf16_mfu: 45.99 | epoch: 1 | total time: 3.74m | eta: 292.0m
step 00066/04357 (1.51%) | loss: 5.132475 | lrm: 1.00 | dt: 4078.40ms | tok/sec: 257,104 | bf16_mfu: 46.25 | epoch: 1 | total time: 3.81m | eta: 291.9m
step 00067/04357 (1.54%) | loss: 5.107665 | lrm: 1.00 | dt: 4093.91ms | tok/sec: 256,130 | bf16_mfu: 46.08 | epoch: 1 | total time: 3.88m | eta: 291.9m
step 00068/04357 (1.56%) | loss: 5.099631 | lrm: 1.00 | dt: 4097.52ms | tok/sec: 255,904 | bf16_mfu: 46.04 | epoch: 1 | total time: 3.95m | eta: 291.8m
step 00069/04357 (1.58%) | loss: 5.073776 | lrm: 1.00 | dt: 4096.50ms | tok/sec: 255,968 | bf16_mfu: 46.05 | epoch: 1 | total time: 4.01m | eta: 291.8m
step 00070/04357 (1.61%) | loss: 5.060834 | lrm: 1.00 | dt: 4096.21ms | tok/sec: 255,986 | bf16_mfu: 46.05 | epoch: 1 | total time: 4.08m | eta: 291.7m
step 00071/04357 (1.63%) | loss: 5.041122 | lrm: 1.00 | dt: 4106.94ms | tok/sec: 255,318 | bf16_mfu: 45.93 | epoch: 1 | total time: 4.15m | eta: 291.7m
step 00072/04357 (1.65%) | loss: 5.023479 | lrm: 1.00 | dt: 4094.55ms | tok/sec: 256,090 | bf16_mfu: 46.07 | epoch: 1 | total time: 4.22m | eta: 291.6m
step 00073/04357 (1.68%) | loss: 5.011183 | lrm: 1.00 | dt: 4092.13ms | tok/sec: 256,242 | bf16_mfu: 46.10 | epoch: 1 | total time: 4.29m | eta: 291.6m
step 00074/04357 (1.70%) | loss: 4.979536 | lrm: 1.00 | dt: 4092.87ms | tok/sec: 256,196 | bf16_mfu: 46.09 | epoch: 1 | total time: 4.36m | eta: 291.5m
step 00075/04357 (1.72%) | loss: 4.959129 | lrm: 1.00 | dt: 4092.03ms | tok/sec: 256,248 | bf16_mfu: 46.10 | epoch: 1 | total time: 4.42m | eta: 291.5m
step 00076/04357 (1.74%) | loss: 4.940410 | lrm: 1.00 | dt: 4091.83ms | tok/sec: 256,261 | bf16_mfu: 46.10 | epoch: 1 | total time: 4.49m | eta: 291.4m
step 00077/04357 (1.77%) | loss: 4.919421 | lrm: 1.00 | dt: 4099.35ms | tok/sec: 255,790 | bf16_mfu: 46.01 | epoch: 1 | total time: 4.56m | eta: 291.3m
step 00078/04357 (1.79%) | loss: 4.899652 | lrm: 1.00 | dt: 4093.61ms | tok/sec: 256,149 | bf16_mfu: 46.08 | epoch: 1 | total time: 4.63m | eta: 291.3m
step 00079/04357 (1.81%) | loss: 4.873821 | lrm: 1.00 | dt: 4099.98ms | tok/sec: 255,751 | bf16_mfu: 46.01 | epoch: 1 | total time: 4.70m | eta: 291.2m
step 00080/04357 (1.84%) | loss: 4.849395 | lrm: 1.00 | dt: 4096.67ms | tok/sec: 255,958 | bf16_mfu: 46.04 | epoch: 1 | total time: 4.77m | eta: 291.2m
step 00081/04357 (1.86%) | loss: 4.815815 | lrm: 1.00 | dt: 4096.48ms | tok/sec: 255,969 | bf16_mfu: 46.05 | epoch: 1 | total time: 4.83m | eta: 291.1m
step 00082/04357 (1.88%) | loss: 4.799979 | lrm: 1.00 | dt: 4106.99ms | tok/sec: 255,315 | bf16_mfu: 45.93 | epoch: 1 | total time: 4.90m | eta: 291.1m
step 00083/04357 (1.90%) | loss: 4.773675 | lrm: 1.00 | dt: 4089.73ms | tok/sec: 256,392 | bf16_mfu: 46.12 | epoch: 1 | total time: 4.97m | eta: 291.0m
step 00084/04357 (1.93%) | loss: 4.781871 | lrm: 1.00 | dt: 4091.36ms | tok/sec: 256,290 | bf16_mfu: 46.10 | epoch: 1 | total time: 5.04m | eta: 290.9m
step 00085/04357 (1.95%) | loss: 4.767938 | lrm: 1.00 | dt: 4098.73ms | tok/sec: 255,829 | bf16_mfu: 46.02 | epoch: 1 | total time: 5.11m | eta: 290.9m
step 00086/04357 (1.97%) | loss: 4.762284 | lrm: 1.00 | dt: 4098.09ms | tok/sec: 255,869 | bf16_mfu: 46.03 | epoch: 1 | total time: 5.18m | eta: 290.8m
step 00087/04357 (2.00%) | loss: 4.740033 | lrm: 1.00 | dt: 4101.25ms | tok/sec: 255,672 | bf16_mfu: 45.99 | epoch: 1 | total time: 5.24m | eta: 290.8m
step 00088/04357 (2.02%) | loss: 4.730260 | lrm: 1.00 | dt: 4097.87ms | tok/sec: 255,883 | bf16_mfu: 46.03 | epoch: 1 | total time: 5.31m | eta: 290.7m
step 00089/04357 (2.04%) | loss: 4.726258 | lrm: 1.00 | dt: 4112.36ms | tok/sec: 254,981 | bf16_mfu: 45.87 | epoch: 1 | total time: 5.38m | eta: 290.7m
step 00090/04357 (2.07%) | loss: 4.710067 | lrm: 1.00 | dt: 4103.23ms | tok/sec: 255,548 | bf16_mfu: 45.97 | epoch: 1 | total time: 5.45m | eta: 290.6m
step 00091/04357 (2.09%) | loss: 4.688914 | lrm: 1.00 | dt: 4091.11ms | tok/sec: 256,306 | bf16_mfu: 46.11 | epoch: 1 | total time: 5.52m | eta: 290.6m
step 00092/04357 (2.11%) | loss: 4.654481 | lrm: 1.00 | dt: 4095.66ms | tok/sec: 256,021 | bf16_mfu: 46.06 | epoch: 1 | total time: 5.59m | eta: 290.5m
step 00093/04357 (2.13%) | loss: 4.636628 | lrm: 1.00 | dt: 4088.90ms | tok/sec: 256,444 | bf16_mfu: 46.13 | epoch: 1 | total time: 5.65m | eta: 290.4m
step 00094/04357 (2.16%) | loss: 4.615779 | lrm: 1.00 | dt: 4096.35ms | tok/sec: 255,978 | bf16_mfu: 46.05 | epoch: 1 | total time: 5.72m | eta: 290.4m
step 00095/04357 (2.18%) | loss: 4.610918 | lrm: 1.00 | dt: 4084.54ms | tok/sec: 256,718 | bf16_mfu: 46.18 | epoch: 1 | total time: 5.79m | eta: 290.3m
step 00096/04357 (2.20%) | loss: 4.580846 | lrm: 1.00 | dt: 4085.23ms | tok/sec: 256,674 | bf16_mfu: 46.17 | epoch: 1 | total time: 5.86m | eta: 290.2m
step 00097/04357 (2.23%) | loss: 4.548473 | lrm: 1.00 | dt: 4092.61ms | tok/sec: 256,211 | bf16_mfu: 46.09 | epoch: 1 | total time: 5.93m | eta: 290.2m
step 00098/04357 (2.25%) | loss: 4.542320 | lrm: 1.00 | dt: 4095.35ms | tok/sec: 256,040 | bf16_mfu: 46.06 | epoch: 1 | total time: 5.99m | eta: 290.1m
step 00099/04357 (2.27%) | loss: 4.531304 | lrm: 1.00 | dt: 4099.93ms | tok/sec: 255,754 | bf16_mfu: 46.01 | epoch: 1 | total time: 6.06m | eta: 290.1m
step 00100/04357 (2.30%) | loss: 4.516891 | lrm: 1.00 | dt: 4099.75ms | tok/sec: 255,765 | bf16_mfu: 46.01 | epoch: 1 | total time: 6.13m | eta: 290.0m
step 00101/04357 (2.32%) | loss: 4.501941 | lrm: 1.00 | dt: 4090.06ms | tok/sec: 256,371 | bf16_mfu: 46.12 | epoch: 1 | total time: 6.20m | eta: 289.9m
step 00102/04357 (2.34%) | loss: 4.494967 | lrm: 1.00 | dt: 4096.30ms | tok/sec: 255,981 | bf16_mfu: 46.05 | epoch: 1 | total time: 6.27m | eta: 289.9m
step 00103/04357 (2.36%) | loss: 4.475418 | lrm: 1.00 | dt: 4093.91ms | tok/sec: 256,130 | bf16_mfu: 46.08 | epoch: 1 | total time: 6.34m | eta: 289.8m
step 00104/04357 (2.39%) | loss: 4.461971 | lrm: 1.00 | dt: 4095.05ms | tok/sec: 256,059 | bf16_mfu: 46.06 | epoch: 1 | total time: 6.40m | eta: 289.7m
step 00105/04357 (2.41%) | loss: 4.441664 | lrm: 1.00 | dt: 4113.89ms | tok/sec: 254,886 | bf16_mfu: 45.85 | epoch: 1 | total time: 6.47m | eta: 289.7m
step 00106/04357 (2.43%) | loss: 4.423151 | lrm: 1.00 | dt: 4100.28ms | tok/sec: 255,732 | bf16_mfu: 46.00 | epoch: 1 | total time: 6.54m | eta: 289.6m
step 00107/04357 (2.46%) | loss: 4.405656 | lrm: 1.00 | dt: 4092.85ms | tok/sec: 256,196 | bf16_mfu: 46.09 | epoch: 1 | total time: 6.61m | eta: 289.6m
step 00108/04357 (2.48%) | loss: 4.407239 | lrm: 1.00 | dt: 4094.24ms | tok/sec: 256,110 | bf16_mfu: 46.07 | epoch: 1 | total time: 6.68m | eta: 289.5m
step 00109/04357 (2.50%) | loss: 4.393167 | lrm: 1.00 | dt: 4098.15ms | tok/sec: 255,865 | bf16_mfu: 46.03 | epoch: 1 | total time: 6.75m | eta: 289.4m
step 00110/04357 (2.52%) | loss: 4.378559 | lrm: 1.00 | dt: 4094.81ms | tok/sec: 256,074 | bf16_mfu: 46.07 | epoch: 1 | total time: 6.81m | eta: 289.4m
step 00111/04357 (2.55%) | loss: 4.356295 | lrm: 1.00 | dt: 4108.17ms | tok/sec: 255,241 | bf16_mfu: 45.92 | epoch: 1 | total time: 6.88m | eta: 289.3m
step 00112/04357 (2.57%) | loss: 4.345377 | lrm: 1.00 | dt: 4144.99ms | tok/sec: 252,974 | bf16_mfu: 45.51 | epoch: 1 | total time: 6.95m | eta: 289.3m
step 00113/04357 (2.59%) | loss: 4.339196 | lrm: 1.00 | dt: 4145.46ms | tok/sec: 252,945 | bf16_mfu: 45.50 | epoch: 1 | total time: 7.02m | eta: 289.3m
step 00114/04357 (2.62%) | loss: 4.308173 | lrm: 1.00 | dt: 4127.98ms | tok/sec: 254,016 | bf16_mfu: 45.70 | epoch: 1 | total time: 7.09m | eta: 289.2m
step 00115/04357 (2.64%) | loss: 4.311929 | lrm: 1.00 | dt: 4103.39ms | tok/sec: 255,539 | bf16_mfu: 45.97 | epoch: 1 | total time: 7.16m | eta: 289.2m
step 00116/04357 (2.66%) | loss: 4.294990 | lrm: 1.00 | dt: 4096.61ms | tok/sec: 255,961 | bf16_mfu: 46.05 | epoch: 1 | total time: 7.23m | eta: 289.1m
step 00117/04357 (2.69%) | loss: 4.272659 | lrm: 1.00 | dt: 4107.05ms | tok/sec: 255,311 | bf16_mfu: 45.93 | epoch: 1 | total time: 7.29m | eta: 289.0m
step 00118/04357 (2.71%) | loss: 4.262685 | lrm: 1.00 | dt: 4095.88ms | tok/sec: 256,007 | bf16_mfu: 46.05 | epoch: 1 | total time: 7.36m | eta: 289.0m
step 00119/04357 (2.73%) | loss: 4.245942 | lrm: 1.00 | dt: 4092.51ms | tok/sec: 256,218 | bf16_mfu: 46.09 | epoch: 1 | total time: 7.43m | eta: 288.9m
step 00120/04357 (2.75%) | loss: 4.238233 | lrm: 1.00 | dt: 4094.61ms | tok/sec: 256,086 | bf16_mfu: 46.07 | epoch: 1 | total time: 7.50m | eta: 288.9m
step 00121/04357 (2.78%) | loss: 4.225983 | lrm: 1.00 | dt: 4088.22ms | tok/sec: 256,486 | bf16_mfu: 46.14 | epoch: 1 | total time: 7.57m | eta: 288.8m
step 00122/04357 (2.80%) | loss: 4.209471 | lrm: 1.00 | dt: 4093.39ms | tok/sec: 256,163 | bf16_mfu: 46.08 | epoch: 1 | total time: 7.64m | eta: 288.7m
step 00123/04357 (2.82%) | loss: 4.206386 | lrm: 1.00 | dt: 4086.75ms | tok/sec: 256,579 | bf16_mfu: 46.16 | epoch: 1 | total time: 7.70m | eta: 288.6m
step 00124/04357 (2.85%) | loss: 4.189602 | lrm: 1.00 | dt: 4096.22ms | tok/sec: 255,986 | bf16_mfu: 46.05 | epoch: 1 | total time: 7.77m | eta: 288.6m
step 00125/04357 (2.87%) | loss: 4.172140 | lrm: 1.00 | dt: 4094.66ms | tok/sec: 256,083 | bf16_mfu: 46.07 | epoch: 1 | total time: 7.84m | eta: 288.5m
step 00126/04357 (2.89%) | loss: 4.159975 | lrm: 1.00 | dt: 4082.28ms | tok/sec: 256,860 | bf16_mfu: 46.21 | epoch: 1 | total time: 7.91m | eta: 288.4m
step 00127/04357 (2.91%) | loss: 4.160795 | lrm: 1.00 | dt: 4099.12ms | tok/sec: 255,805 | bf16_mfu: 46.02 | epoch: 1 | total time: 7.98m | eta: 288.4m
step 00128/04357 (2.94%) | loss: 4.149546 | lrm: 1.00 | dt: 4093.03ms | tok/sec: 256,185 | bf16_mfu: 46.09 | epoch: 1 | total time: 8.04m | eta: 288.3m
step 00129/04357 (2.96%) | loss: 4.139531 | lrm: 1.00 | dt: 4096.16ms | tok/sec: 255,989 | bf16_mfu: 46.05 | epoch: 1 | total time: 8.11m | eta: 288.2m
step 00130/04357 (2.98%) | loss: 4.124293 | lrm: 1.00 | dt: 4094.97ms | tok/sec: 256,064 | bf16_mfu: 46.06 | epoch: 1 | total time: 8.18m | eta: 288.2m
step 00131/04357 (3.01%) | loss: 4.107830 | lrm: 1.00 | dt: 4099.99ms | tok/sec: 255,751 | bf16_mfu: 46.01 | epoch: 1 | total time: 8.25m | eta: 288.1m
step 00132/04357 (3.03%) | loss: 4.101147 | lrm: 1.00 | dt: 4098.74ms | tok/sec: 255,829 | bf16_mfu: 46.02 | epoch: 1 | total time: 8.32m | eta: 288.1m
step 00133/04357 (3.05%) | loss: 4.091801 | lrm: 1.00 | dt: 4098.41ms | tok/sec: 255,849 | bf16_mfu: 46.03 | epoch: 1 | total time: 8.39m | eta: 288.0m
step 00134/04357 (3.08%) | loss: 4.085417 | lrm: 1.00 | dt: 4099.26ms | tok/sec: 255,796 | bf16_mfu: 46.02 | epoch: 1 | total time: 8.45m | eta: 287.9m
step 00135/04357 (3.10%) | loss: 4.041453 | lrm: 1.00 | dt: 4101.00ms | tok/sec: 255,688 | bf16_mfu: 46.00 | epoch: 1 | total time: 8.52m | eta: 287.9m
step 00136/04357 (3.12%) | loss: 4.026506 | lrm: 1.00 | dt: 4095.35ms | tok/sec: 256,040 | bf16_mfu: 46.06 | epoch: 1 | total time: 8.59m | eta: 287.8m
step 00137/04357 (3.14%) | loss: 4.029830 | lrm: 1.00 | dt: 4107.87ms | tok/sec: 255,260 | bf16_mfu: 45.92 | epoch: 1 | total time: 8.66m | eta: 287.7m
step 00138/04357 (3.17%) | loss: 4.029143 | lrm: 1.00 | dt: 4105.06ms | tok/sec: 255,434 | bf16_mfu: 45.95 | epoch: 1 | total time: 8.73m | eta: 287.7m
step 00139/04357 (3.19%) | loss: 4.013671 | lrm: 1.00 | dt: 4096.25ms | tok/sec: 255,984 | bf16_mfu: 46.05 | epoch: 1 | total time: 8.80m | eta: 287.6m
step 00140/04357 (3.21%) | loss: 4.001076 | lrm: 1.00 | dt: 4111.79ms | tok/sec: 255,016 | bf16_mfu: 45.88 | epoch: 1 | total time: 8.86m | eta: 287.6m
step 00141/04357 (3.24%) | loss: 3.988060 | lrm: 1.00 | dt: 4094.94ms | tok/sec: 256,066 | bf16_mfu: 46.06 | epoch: 1 | total time: 8.93m | eta: 287.5m
step 00142/04357 (3.26%) | loss: 3.991814 | lrm: 1.00 | dt: 4091.03ms | tok/sec: 256,310 | bf16_mfu: 46.11 | epoch: 1 | total time: 9.00m | eta: 287.4m
step 00143/04357 (3.28%) | loss: 3.972261 | lrm: 1.00 | dt: 4108.88ms | tok/sec: 255,197 | bf16_mfu: 45.91 | epoch: 1 | total time: 9.07m | eta: 287.4m
step 00144/04357 (3.31%) | loss: 3.966933 | lrm: 1.00 | dt: 4090.39ms | tok/sec: 256,351 | bf16_mfu: 46.12 | epoch: 1 | total time: 9.14m | eta: 287.3m
step 00145/04357 (3.33%) | loss: 3.939400 | lrm: 1.00 | dt: 4096.71ms | tok/sec: 255,955 | bf16_mfu: 46.04 | epoch: 1 | total time: 9.21m | eta: 287.2m
step 00146/04357 (3.35%) | loss: 3.947903 | lrm: 1.00 | dt: 4110.78ms | tok/sec: 255,079 | bf16_mfu: 45.89 | epoch: 1 | total time: 9.27m | eta: 287.2m
step 00147/04357 (3.37%) | loss: 3.941228 | lrm: 1.00 | dt: 4102.40ms | tok/sec: 255,600 | bf16_mfu: 45.98 | epoch: 1 | total time: 9.34m | eta: 287.1m
step 00148/04357 (3.40%) | loss: 3.952472 | lrm: 1.00 | dt: 4104.40ms | tok/sec: 255,476 | bf16_mfu: 45.96 | epoch: 1 | total time: 9.41m | eta: 287.0m
step 00149/04357 (3.42%) | loss: 3.937031 | lrm: 1.00 | dt: 4096.04ms | tok/sec: 255,997 | bf16_mfu: 46.05 | epoch: 1 | total time: 9.48m | eta: 287.0m
step 00150/04357 (3.44%) | loss: 3.925816 | lrm: 1.00 | dt: 4105.55ms | tok/sec: 255,404 | bf16_mfu: 45.95 | epoch: 1 | total time: 9.55m | eta: 286.9m
step 00151/04357 (3.47%) | loss: 3.913014 | lrm: 1.00 | dt: 4081.25ms | tok/sec: 256,925 | bf16_mfu: 46.22 | epoch: 1 | total time: 9.62m | eta: 286.8m
step 00152/04357 (3.49%) | loss: 3.906135 | lrm: 1.00 | dt: 4100.85ms | tok/sec: 255,697 | bf16_mfu: 46.00 | epoch: 1 | total time: 9.68m | eta: 286.8m
step 00153/04357 (3.51%) | loss: 3.893094 | lrm: 1.00 | dt: 4108.10ms | tok/sec: 255,246 | bf16_mfu: 45.92 | epoch: 1 | total time: 9.75m | eta: 286.7m
step 00154/04357 (3.53%) | loss: 3.893277 | lrm: 1.00 | dt: 4085.97ms | tok/sec: 256,628 | bf16_mfu: 46.17 | epoch: 1 | total time: 9.82m | eta: 286.7m
step 00155/04357 (3.56%) | loss: 3.893963 | lrm: 1.00 | dt: 4100.08ms | tok/sec: 255,745 | bf16_mfu: 46.01 | epoch: 1 | total time: 9.89m | eta: 286.6m
step 00156/04357 (3.58%) | loss: 3.903405 | lrm: 1.00 | dt: 4093.34ms | tok/sec: 256,166 | bf16_mfu: 46.08 | epoch: 1 | total time: 9.96m | eta: 286.5m
step 00157/04357 (3.60%) | loss: 3.901414 | lrm: 1.00 | dt: 4088.18ms | tok/sec: 256,489 | bf16_mfu: 46.14 | epoch: 1 | total time: 10.03m | eta: 286.4m
step 00158/04357 (3.63%) | loss: 3.892323 | lrm: 1.00 | dt: 4097.91ms | tok/sec: 255,880 | bf16_mfu: 46.03 | epoch: 1 | total time: 10.09m | eta: 286.4m
step 00159/04357 (3.65%) | loss: 3.878071 | lrm: 1.00 | dt: 4090.64ms | tok/sec: 256,335 | bf16_mfu: 46.11 | epoch: 1 | total time: 10.16m | eta: 286.3m
step 00160/04357 (3.67%) | loss: 3.869428 | lrm: 1.00 | dt: 4092.49ms | tok/sec: 256,219 | bf16_mfu: 46.09 | epoch: 1 | total time: 10.23m | eta: 286.2m
step 00161/04357 (3.70%) | loss: 3.862359 | lrm: 1.00 | dt: 4094.57ms | tok/sec: 256,089 | bf16_mfu: 46.07 | epoch: 1 | total time: 10.30m | eta: 286.2m
step 00162/04357 (3.72%) | loss: 3.858910 | lrm: 1.00 | dt: 4090.69ms | tok/sec: 256,332 | bf16_mfu: 46.11 | epoch: 1 | total time: 10.37m | eta: 286.1m
step 00163/04357 (3.74%) | loss: 3.829437 | lrm: 1.00 | dt: 4118.89ms | tok/sec: 254,577 | bf16_mfu: 45.80 | epoch: 1 | total time: 10.44m | eta: 286.1m
step 00164/04357 (3.76%) | loss: 3.842502 | lrm: 1.00 | dt: 4154.05ms | tok/sec: 252,422 | bf16_mfu: 45.41 | epoch: 1 | total time: 10.50m | eta: 286.0m
step 00165/04357 (3.79%) | loss: 3.842643 | lrm: 1.00 | dt: 4117.39ms | tok/sec: 254,669 | bf16_mfu: 45.81 | epoch: 1 | total time: 10.57m | eta: 286.0m
step 00166/04357 (3.81%) | loss: 3.845330 | lrm: 1.00 | dt: 4098.24ms | tok/sec: 255,859 | bf16_mfu: 46.03 | epoch: 1 | total time: 10.64m | eta: 285.9m
step 00167/04357 (3.83%) | loss: 3.824333 | lrm: 1.00 | dt: 4083.83ms | tok/sec: 256,762 | bf16_mfu: 46.19 | epoch: 1 | total time: 10.71m | eta: 285.8m
step 00168/04357 (3.86%) | loss: 3.818113 | lrm: 1.00 | dt: 4101.70ms | tok/sec: 255,644 | bf16_mfu: 45.99 | epoch: 1 | total time: 10.78m | eta: 285.8m
step 00169/04357 (3.88%) | loss: 3.807645 | lrm: 1.00 | dt: 4078.77ms | tok/sec: 257,081 | bf16_mfu: 46.25 | epoch: 1 | total time: 10.85m | eta: 285.7m
step 00170/04357 (3.90%) | loss: 3.799228 | lrm: 1.00 | dt: 4102.96ms | tok/sec: 255,565 | bf16_mfu: 45.97 | epoch: 1 | total time: 10.91m | eta: 285.6m
step 00171/04357 (3.92%) | loss: 3.793114 | lrm: 1.00 | dt: 4078.31ms | tok/sec: 257,110 | bf16_mfu: 46.25 | epoch: 1 | total time: 10.98m | eta: 285.5m
step 00172/04357 (3.95%) | loss: 3.787132 | lrm: 1.00 | dt: 4099.75ms | tok/sec: 255,766 | bf16_mfu: 46.01 | epoch: 1 | total time: 11.05m | eta: 285.5m
step 00173/04357 (3.97%) | loss: 3.774734 | lrm: 1.00 | dt: 4091.77ms | tok/sec: 256,264 | bf16_mfu: 46.10 | epoch: 1 | total time: 11.12m | eta: 285.4m
step 00174/04357 (3.99%) | loss: 3.775564 | lrm: 1.00 | dt: 4101.41ms | tok/sec: 255,662 | bf16_mfu: 45.99 | epoch: 1 | total time: 11.19m | eta: 285.3m
step 00175/04357 (4.02%) | loss: 3.772162 | lrm: 1.00 | dt: 4090.06ms | tok/sec: 256,372 | bf16_mfu: 46.12 | epoch: 1 | total time: 11.26m | eta: 285.3m
step 00176/04357 (4.04%) | loss: 3.770631 | lrm: 1.00 | dt: 4090.01ms | tok/sec: 256,375 | bf16_mfu: 46.12 | epoch: 1 | total time: 11.32m | eta: 285.2m
step 00177/04357 (4.06%) | loss: 3.760889 | lrm: 1.00 | dt: 4095.69ms | tok/sec: 256,019 | bf16_mfu: 46.06 | epoch: 1 | total time: 11.39m | eta: 285.1m
step 00178/04357 (4.09%) | loss: 3.759821 | lrm: 1.00 | dt: 4094.89ms | tok/sec: 256,069 | bf16_mfu: 46.06 | epoch: 1 | total time: 11.46m | eta: 285.1m
step 00179/04357 (4.11%) | loss: 3.766162 | lrm: 1.00 | dt: 4089.46ms | tok/sec: 256,409 | bf16_mfu: 46.13 | epoch: 1 | total time: 11.53m | eta: 285.0m
step 00180/04357 (4.13%) | loss: 3.753384 | lrm: 1.00 | dt: 4092.11ms | tok/sec: 256,243 | bf16_mfu: 46.10 | epoch: 1 | total time: 11.60m | eta: 284.9m
step 00181/04357 (4.15%) | loss: 3.748344 | lrm: 1.00 | dt: 4090.11ms | tok/sec: 256,368 | bf16_mfu: 46.12 | epoch: 1 | total time: 11.66m | eta: 284.9m
step 00182/04357 (4.18%) | loss: 3.740756 | lrm: 1.00 | dt: 4093.13ms | tok/sec: 256,179 | bf16_mfu: 46.08 | epoch: 1 | total time: 11.73m | eta: 284.8m
step 00183/04357 (4.20%) | loss: 3.733318 | lrm: 1.00 | dt: 4082.56ms | tok/sec: 256,842 | bf16_mfu: 46.20 | epoch: 1 | total time: 11.80m | eta: 284.7m
step 00184/04357 (4.22%) | loss: 3.731320 | lrm: 1.00 | dt: 4102.23ms | tok/sec: 255,611 | bf16_mfu: 45.98 | epoch: 1 | total time: 11.87m | eta: 284.7m
step 00185/04357 (4.25%) | loss: 3.740780 | lrm: 1.00 | dt: 4090.01ms | tok/sec: 256,374 | bf16_mfu: 46.12 | epoch: 1 | total time: 11.94m | eta: 284.6m
step 00186/04357 (4.27%) | loss: 3.731250 | lrm: 1.00 | dt: 4089.96ms | tok/sec: 256,377 | bf16_mfu: 46.12 | epoch: 1 | total time: 12.01m | eta: 284.5m
step 00187/04357 (4.29%) | loss: 3.720885 | lrm: 1.00 | dt: 4091.00ms | tok/sec: 256,312 | bf16_mfu: 46.11 | epoch: 1 | total time: 12.07m | eta: 284.5m
step 00188/04357 (4.31%) | loss: 3.721639 | lrm: 1.00 | dt: 4089.26ms | tok/sec: 256,422 | bf16_mfu: 46.13 | epoch: 1 | total time: 12.14m | eta: 284.4m
step 00189/04357 (4.34%) | loss: 3.701543 | lrm: 1.00 | dt: 4093.22ms | tok/sec: 256,174 | bf16_mfu: 46.08 | epoch: 1 | total time: 12.21m | eta: 284.3m
step 00190/04357 (4.36%) | loss: 3.718813 | lrm: 1.00 | dt: 4096.80ms | tok/sec: 255,950 | bf16_mfu: 46.04 | epoch: 1 | total time: 12.28m | eta: 284.2m
step 00191/04357 (4.38%) | loss: 3.703307 | lrm: 1.00 | dt: 4093.01ms | tok/sec: 256,187 | bf16_mfu: 46.09 | epoch: 1 | total time: 12.35m | eta: 284.2m
step 00192/04357 (4.41%) | loss: 3.710728 | lrm: 1.00 | dt: 4086.81ms | tok/sec: 256,575 | bf16_mfu: 46.16 | epoch: 1 | total time: 12.41m | eta: 284.1m
step 00193/04357 (4.43%) | loss: 3.711069 | lrm: 1.00 | dt: 4080.55ms | tok/sec: 256,969 | bf16_mfu: 46.23 | epoch: 1 | total time: 12.48m | eta: 284.0m
step 00194/04357 (4.45%) | loss: 3.717193 | lrm: 1.00 | dt: 4095.64ms | tok/sec: 256,022 | bf16_mfu: 46.06 | epoch: 1 | total time: 12.55m | eta: 284.0m
step 00195/04357 (4.48%) | loss: 3.699794 | lrm: 1.00 | dt: 4086.47ms | tok/sec: 256,597 | bf16_mfu: 46.16 | epoch: 1 | total time: 12.62m | eta: 283.9m
step 00196/04357 (4.50%) | loss: 3.694736 | lrm: 1.00 | dt: 4080.99ms | tok/sec: 256,941 | bf16_mfu: 46.22 | epoch: 1 | total time: 12.69m | eta: 283.8m
step 00197/04357 (4.52%) | loss: 3.701715 | lrm: 1.00 | dt: 4103.04ms | tok/sec: 255,560 | bf16_mfu: 45.97 | epoch: 1 | total time: 12.76m | eta: 283.8m
step 00198/04357 (4.54%) | loss: 3.692632 | lrm: 1.00 | dt: 4082.43ms | tok/sec: 256,850 | bf16_mfu: 46.21 | epoch: 1 | total time: 12.82m | eta: 283.7m
step 00199/04357 (4.57%) | loss: 3.674334 | lrm: 1.00 | dt: 4090.54ms | tok/sec: 256,341 | bf16_mfu: 46.11 | epoch: 1 | total time: 12.89m | eta: 283.6m
step 00200/04357 (4.59%) | loss: 3.663295 | lrm: 1.00 | dt: 4095.61ms | tok/sec: 256,024 | bf16_mfu: 46.06 | epoch: 1 | total time: 12.96m | eta: 283.6m
step 00201/04357 (4.61%) | loss: 3.674731 | lrm: 1.00 | dt: 4090.87ms | tok/sec: 256,321 | bf16_mfu: 46.11 | epoch: 1 | total time: 13.03m | eta: 283.5m
step 00202/04357 (4.64%) | loss: 3.668599 | lrm: 1.00 | dt: 4104.04ms | tok/sec: 255,498 | bf16_mfu: 45.96 | epoch: 1 | total time: 13.10m | eta: 283.4m
step 00203/04357 (4.66%) | loss: 3.665341 | lrm: 1.00 | dt: 4089.15ms | tok/sec: 256,428 | bf16_mfu: 46.13 | epoch: 1 | total time: 13.16m | eta: 283.3m
step 00204/04357 (4.68%) | loss: 3.668058 | lrm: 1.00 | dt: 4083.14ms | tok/sec: 256,806 | bf16_mfu: 46.20 | epoch: 1 | total time: 13.23m | eta: 283.3m
step 00205/04357 (4.71%) | loss: 3.660725 | lrm: 1.00 | dt: 4094.23ms | tok/sec: 256,110 | bf16_mfu: 46.07 | epoch: 1 | total time: 13.30m | eta: 283.2m
step 00206/04357 (4.73%) | loss: 3.648934 | lrm: 1.00 | dt: 4086.60ms | tok/sec: 256,588 | bf16_mfu: 46.16 | epoch: 1 | total time: 13.37m | eta: 283.1m
step 00207/04357 (4.75%) | loss: 3.653397 | lrm: 1.00 | dt: 4095.14ms | tok/sec: 256,053 | bf16_mfu: 46.06 | epoch: 1 | total time: 13.44m | eta: 283.1m
step 00208/04357 (4.77%) | loss: 3.652218 | lrm: 1.00 | dt: 4091.22ms | tok/sec: 256,299 | bf16_mfu: 46.11 | epoch: 1 | total time: 13.51m | eta: 283.0m
step 00209/04357 (4.80%) | loss: 3.655374 | lrm: 1.00 | dt: 4096.54ms | tok/sec: 255,966 | bf16_mfu: 46.05 | epoch: 1 | total time: 13.57m | eta: 282.9m
step 00210/04357 (4.82%) | loss: 3.648390 | lrm: 1.00 | dt: 4093.95ms | tok/sec: 256,127 | bf16_mfu: 46.08 | epoch: 1 | total time: 13.64m | eta: 282.9m
step 00211/04357 (4.84%) | loss: 3.638353 | lrm: 1.00 | dt: 4126.46ms | tok/sec: 254,110 | bf16_mfu: 45.71 | epoch: 1 | total time: 13.71m | eta: 282.8m
step 00212/04357 (4.87%) | loss: 3.633387 | lrm: 1.00 | dt: 4144.36ms | tok/sec: 253,012 | bf16_mfu: 45.51 | epoch: 1 | total time: 13.78m | eta: 282.8m
step 00213/04357 (4.89%) | loss: 3.620702 | lrm: 1.00 | dt: 4117.15ms | tok/sec: 254,685 | bf16_mfu: 45.82 | epoch: 1 | total time: 13.85m | eta: 282.7m
step 00214/04357 (4.91%) | loss: 3.612410 | lrm: 1.00 | dt: 4101.50ms | tok/sec: 255,656 | bf16_mfu: 45.99 | epoch: 1 | total time: 13.92m | eta: 282.6m
step 00215/04357 (4.93%) | loss: 3.612130 | lrm: 1.00 | dt: 4086.32ms | tok/sec: 256,606 | bf16_mfu: 46.16 | epoch: 1 | total time: 13.99m | eta: 282.6m
step 00216/04357 (4.96%) | loss: 3.605059 | lrm: 1.00 | dt: 4091.98ms | tok/sec: 256,251 | bf16_mfu: 46.10 | epoch: 1 | total time: 14.05m | eta: 282.5m
step 00217/04357 (4.98%) | loss: 3.614472 | lrm: 1.00 | dt: 4101.14ms | tok/sec: 255,679 | bf16_mfu: 45.99 | epoch: 1 | total time: 14.12m | eta: 282.4m
step 00218/04357 (5.00%) | loss: 3.598063 | lrm: 1.00 | dt: 4090.00ms | tok/sec: 256,375 | bf16_mfu: 46.12 | epoch: 1 | total time: 14.19m | eta: 282.4m
step 00219/04357 (5.03%) | loss: 3.606644 | lrm: 1.00 | dt: 4089.92ms | tok/sec: 256,380 | bf16_mfu: 46.12 | epoch: 1 | total time: 14.26m | eta: 282.3m
step 00220/04357 (5.05%) | loss: 3.600776 | lrm: 1.00 | dt: 4084.05ms | tok/sec: 256,749 | bf16_mfu: 46.19 | epoch: 1 | total time: 14.33m | eta: 282.2m
step 00221/04357 (5.07%) | loss: 3.605336 | lrm: 1.00 | dt: 4101.02ms | tok/sec: 255,686 | bf16_mfu: 46.00 | epoch: 1 | total time: 14.39m | eta: 282.2m
step 00222/04357 (5.10%) | loss: 3.597437 | lrm: 1.00 | dt: 4088.73ms | tok/sec: 256,454 | bf16_mfu: 46.13 | epoch: 1 | total time: 14.46m | eta: 282.1m
step 00223/04357 (5.12%) | loss: 3.603883 | lrm: 1.00 | dt: 4090.92ms | tok/sec: 256,318 | bf16_mfu: 46.11 | epoch: 1 | total time: 14.53m | eta: 282.0m
step 00224/04357 (5.14%) | loss: 3.584914 | lrm: 1.00 | dt: 4095.48ms | tok/sec: 256,032 | bf16_mfu: 46.06 | epoch: 1 | total time: 14.60m | eta: 282.0m
step 00225/04357 (5.16%) | loss: 3.594732 | lrm: 1.00 | dt: 4097.09ms | tok/sec: 255,931 | bf16_mfu: 46.04 | epoch: 1 | total time: 14.67m | eta: 281.9m
step 00226/04357 (5.19%) | loss: 3.588375 | lrm: 1.00 | dt: 4072.25ms | tok/sec: 257,492 | bf16_mfu: 46.32 | epoch: 1 | total time: 14.74m | eta: 281.8m
step 00227/04357 (5.21%) | loss: 3.590108 | lrm: 1.00 | dt: 4097.12ms | tok/sec: 255,930 | bf16_mfu: 46.04 | epoch: 1 | total time: 14.80m | eta: 281.7m
step 00228/04357 (5.23%) | loss: 3.565788 | lrm: 1.00 | dt: 4086.00ms | tok/sec: 256,626 | bf16_mfu: 46.16 | epoch: 1 | total time: 14.87m | eta: 281.7m
step 00229/04357 (5.26%) | loss: 3.570555 | lrm: 1.00 | dt: 4086.92ms | tok/sec: 256,568 | bf16_mfu: 46.15 | epoch: 1 | total time: 14.94m | eta: 281.6m
step 00230/04357 (5.28%) | loss: 3.576606 | lrm: 1.00 | dt: 4086.88ms | tok/sec: 256,571 | bf16_mfu: 46.16 | epoch: 1 | total time: 15.01m | eta: 281.5m
step 00231/04357 (5.30%) | loss: 3.583693 | lrm: 1.00 | dt: 4081.27ms | tok/sec: 256,923 | bf16_mfu: 46.22 | epoch: 1 | total time: 15.08m | eta: 281.5m
step 00232/04357 (5.32%) | loss: 3.582474 | lrm: 1.00 | dt: 4096.06ms | tok/sec: 255,996 | bf16_mfu: 46.05 | epoch: 1 | total time: 15.14m | eta: 281.4m
step 00233/04357 (5.35%) | loss: 3.559312 | lrm: 1.00 | dt: 4073.21ms | tok/sec: 257,432 | bf16_mfu: 46.31 | epoch: 1 | total time: 15.21m | eta: 281.3m
step 00234/04357 (5.37%) | loss: 3.556233 | lrm: 1.00 | dt: 4091.30ms | tok/sec: 256,294 | bf16_mfu: 46.11 | epoch: 1 | total time: 15.28m | eta: 281.2m
step 00235/04357 (5.39%) | loss: 3.552877 | lrm: 1.00 | dt: 4104.71ms | tok/sec: 255,456 | bf16_mfu: 45.95 | epoch: 1 | total time: 15.35m | eta: 281.2m
step 00236/04357 (5.42%) | loss: 3.543830 | lrm: 1.00 | dt: 4081.37ms | tok/sec: 256,917 | bf16_mfu: 46.22 | epoch: 1 | total time: 15.42m | eta: 281.1m
step 00237/04357 (5.44%) | loss: 3.541992 | lrm: 1.00 | dt: 4103.25ms | tok/sec: 255,547 | bf16_mfu: 45.97 | epoch: 1 | total time: 15.48m | eta: 281.0m
step 00238/04357 (5.46%) | loss: 3.543443 | lrm: 1.00 | dt: 4083.64ms | tok/sec: 256,774 | bf16_mfu: 46.19 | epoch: 1 | total time: 15.55m | eta: 281.0m
step 00239/04357 (5.49%) | loss: 3.543293 | lrm: 1.00 | dt: 4089.99ms | tok/sec: 256,376 | bf16_mfu: 46.12 | epoch: 1 | total time: 15.62m | eta: 280.9m
step 00240/04357 (5.51%) | loss: 3.533585 | lrm: 1.00 | dt: 4090.84ms | tok/sec: 256,323 | bf16_mfu: 46.11 | epoch: 1 | total time: 15.69m | eta: 280.8m
step 00241/04357 (5.53%) | loss: 3.538146 | lrm: 1.00 | dt: 4097.46ms | tok/sec: 255,909 | bf16_mfu: 46.04 | epoch: 1 | total time: 15.76m | eta: 280.8m
step 00242/04357 (5.55%) | loss: 3.538965 | lrm: 1.00 | dt: 4085.50ms | tok/sec: 256,657 | bf16_mfu: 46.17 | epoch: 1 | total time: 15.83m | eta: 280.7m
step 00243/04357 (5.58%) | loss: 3.544492 | lrm: 1.00 | dt: 4091.56ms | tok/sec: 256,277 | bf16_mfu: 46.10 | epoch: 1 | total time: 15.89m | eta: 280.6m
step 00244/04357 (5.60%) | loss: 3.560852 | lrm: 1.00 | dt: 4093.98ms | tok/sec: 256,126 | bf16_mfu: 46.08 | epoch: 1 | total time: 15.96m | eta: 280.6m
step 00245/04357 (5.62%) | loss: 3.550803 | lrm: 1.00 | dt: 4087.01ms | tok/sec: 256,562 | bf16_mfu: 46.15 | epoch: 1 | total time: 16.03m | eta: 280.5m
step 00246/04357 (5.65%) | loss: 3.539825 | lrm: 1.00 | dt: 4094.77ms | tok/sec: 256,076 | bf16_mfu: 46.07 | epoch: 1 | total time: 16.10m | eta: 280.4m
step 00247/04357 (5.67%) | loss: 3.542111 | lrm: 1.00 | dt: 4090.35ms | tok/sec: 256,353 | bf16_mfu: 46.12 | epoch: 1 | total time: 16.17m | eta: 280.4m
step 00248/04357 (5.69%) | loss: 3.532203 | lrm: 1.00 | dt: 4090.80ms | tok/sec: 256,325 | bf16_mfu: 46.11 | epoch: 1 | total time: 16.23m | eta: 280.3m
step 00249/04357 (5.71%) | loss: 3.534823 | lrm: 1.00 | dt: 4079.61ms | tok/sec: 257,028 | bf16_mfu: 46.24 | epoch: 1 | total time: 16.30m | eta: 280.2m
Step 00250 | Validation bpb: 1.064514
step 00250/04357 (5.74%) | loss: 3.522648 | lrm: 1.00 | dt: 4127.42ms | tok/sec: 254,051 | bf16_mfu: 45.70 | epoch: 1 | total time: 16.37m | eta: 280.2m
step 00251/04357 (5.76%) | loss: 3.519320 | lrm: 1.00 | dt: 4091.31ms | tok/sec: 256,293 | bf16_mfu: 46.11 | epoch: 1 | total time: 16.44m | eta: 280.1m
step 00252/04357 (5.78%) | loss: 3.518932 | lrm: 1.00 | dt: 4086.90ms | tok/sec: 256,570 | bf16_mfu: 46.15 | epoch: 1 | total time: 16.51m | eta: 280.0m
step 00253/04357 (5.81%) | loss: 3.525699 | lrm: 1.00 | dt: 4085.47ms | tok/sec: 256,659 | bf16_mfu: 46.17 | epoch: 1 | total time: 16.58m | eta: 279.9m
step 00254/04357 (5.83%) | loss: 3.530449 | lrm: 1.00 | dt: 4086.76ms | tok/sec: 256,578 | bf16_mfu: 46.16 | epoch: 1 | total time: 16.64m | eta: 279.9m
step 00255/04357 (5.85%) | loss: 3.528233 | lrm: 1.00 | dt: 4079.26ms | tok/sec: 257,050 | bf16_mfu: 46.24 | epoch: 1 | total time: 16.71m | eta: 279.8m
step 00256/04357 (5.88%) | loss: 3.527142 | lrm: 1.00 | dt: 4094.80ms | tok/sec: 256,075 | bf16_mfu: 46.07 | epoch: 1 | total time: 16.78m | eta: 279.7m
step 00257/04357 (5.90%) | loss: 3.513810 | lrm: 1.00 | dt: 4093.64ms | tok/sec: 256,147 | bf16_mfu: 46.08 | epoch: 1 | total time: 16.85m | eta: 279.7m
step 00258/04357 (5.92%) | loss: 3.502840 | lrm: 1.00 | dt: 4096.78ms | tok/sec: 255,951 | bf16_mfu: 46.04 | epoch: 1 | total time: 16.92m | eta: 279.6m
step 00259/04357 (5.94%) | loss: 3.509207 | lrm: 1.00 | dt: 4087.95ms | tok/sec: 256,504 | bf16_mfu: 46.14 | epoch: 1 | total time: 16.98m | eta: 279.5m
step 00260/04357 (5.97%) | loss: 3.503217 | lrm: 1.00 | dt: 4093.60ms | tok/sec: 256,149 | bf16_mfu: 46.08 | epoch: 1 | total time: 17.05m | eta: 279.5m
step 00261/04357 (5.99%) | loss: 3.504215 | lrm: 1.00 | dt: 4093.10ms | tok/sec: 256,181 | bf16_mfu: 46.08 | epoch: 1 | total time: 17.12m | eta: 279.4m
step 00262/04357 (6.01%) | loss: 3.516786 | lrm: 1.00 | dt: 4085.40ms | tok/sec: 256,664 | bf16_mfu: 46.17 | epoch: 1 | total time: 17.19m | eta: 279.3m
step 00263/04357 (6.04%) | loss: 3.520524 | lrm: 1.00 | dt: 4102.68ms | tok/sec: 255,583 | bf16_mfu: 45.98 | epoch: 1 | total time: 17.26m | eta: 279.3m
step 00264/04357 (6.06%) | loss: 3.505167 | lrm: 1.00 | dt: 4085.21ms | tok/sec: 256,676 | bf16_mfu: 46.17 | epoch: 1 | total time: 17.33m | eta: 279.2m
step 00265/04357 (6.08%) | loss: 3.499793 | lrm: 1.00 | dt: 4091.82ms | tok/sec: 256,261 | bf16_mfu: 46.10 | epoch: 1 | total time: 17.39m | eta: 279.1m
step 00266/04357 (6.11%) | loss: 3.488352 | lrm: 1.00 | dt: 4087.78ms | tok/sec: 256,514 | bf16_mfu: 46.14 | epoch: 1 | total time: 17.46m | eta: 279.1m
step 00267/04357 (6.13%) | loss: 3.491786 | lrm: 1.00 | dt: 4093.89ms | tok/sec: 256,131 | bf16_mfu: 46.08 | epoch: 1 | total time: 17.53m | eta: 279.0m
step 00268/04357 (6.15%) | loss: 3.493480 | lrm: 1.00 | dt: 4096.85ms | tok/sec: 255,947 | bf16_mfu: 46.04 | epoch: 1 | total time: 17.60m | eta: 278.9m
step 00269/04357 (6.17%) | loss: 3.493922 | lrm: 1.00 | dt: 4085.77ms | tok/sec: 256,641 | bf16_mfu: 46.17 | epoch: 1 | total time: 17.67m | eta: 278.9m
step 00270/04357 (6.20%) | loss: 3.484753 | lrm: 1.00 | dt: 4086.69ms | tok/sec: 256,583 | bf16_mfu: 46.16 | epoch: 1 | total time: 17.74m | eta: 278.8m
step 00271/04357 (6.22%) | loss: 3.492351 | lrm: 1.00 | dt: 4093.08ms | tok/sec: 256,182 | bf16_mfu: 46.09 | epoch: 1 | total time: 17.80m | eta: 278.7m
step 00272/04357 (6.24%) | loss: 3.496520 | lrm: 1.00 | dt: 4084.00ms | tok/sec: 256,752 | bf16_mfu: 46.19 | epoch: 1 | total time: 17.87m | eta: 278.6m
step 00273/04357 (6.27%) | loss: 3.472427 | lrm: 1.00 | dt: 4078.87ms | tok/sec: 257,075 | bf16_mfu: 46.25 | epoch: 1 | total time: 17.94m | eta: 278.6m
step 00274/04357 (6.29%) | loss: 3.480291 | lrm: 1.00 | dt: 4089.46ms | tok/sec: 256,409 | bf16_mfu: 46.13 | epoch: 1 | total time: 18.01m | eta: 278.5m
step 00275/04357 (6.31%) | loss: 3.478999 | lrm: 1.00 | dt: 4093.37ms | tok/sec: 256,164 | bf16_mfu: 46.08 | epoch: 1 | total time: 18.08m | eta: 278.4m
step 00276/04357 (6.33%) | loss: 3.470174 | lrm: 1.00 | dt: 4087.12ms | tok/sec: 256,556 | bf16_mfu: 46.15 | epoch: 1 | total time: 18.14m | eta: 278.4m
step 00277/04357 (6.36%) | loss: 3.469700 | lrm: 1.00 | dt: 4106.15ms | tok/sec: 255,367 | bf16_mfu: 45.94 | epoch: 1 | total time: 18.21m | eta: 278.3m
step 00278/04357 (6.38%) | loss: 3.452915 | lrm: 1.00 | dt: 4082.48ms | tok/sec: 256,847 | bf16_mfu: 46.20 | epoch: 1 | total time: 18.28m | eta: 278.2m
step 00279/04357 (6.40%) | loss: 3.450165 | lrm: 1.00 | dt: 4089.23ms | tok/sec: 256,423 | bf16_mfu: 46.13 | epoch: 1 | total time: 18.35m | eta: 278.2m
step 00280/04357 (6.43%) | loss: 3.443572 | lrm: 1.00 | dt: 4093.20ms | tok/sec: 256,174 | bf16_mfu: 46.08 | epoch: 1 | total time: 18.42m | eta: 278.1m
step 00281/04357 (6.45%) | loss: 3.431382 | lrm: 1.00 | dt: 4084.47ms | tok/sec: 256,722 | bf16_mfu: 46.18 | epoch: 1 | total time: 18.48m | eta: 278.0m
step 00282/04357 (6.47%) | loss: 3.427206 | lrm: 1.00 | dt: 4090.33ms | tok/sec: 256,354 | bf16_mfu: 46.12 | epoch: 1 | total time: 18.55m | eta: 278.0m
step 00283/04357 (6.50%) | loss: 3.413146 | lrm: 1.00 | dt: 4087.95ms | tok/sec: 256,504 | bf16_mfu: 46.14 | epoch: 1 | total time: 18.62m | eta: 277.9m
step 00284/04357 (6.52%) | loss: 3.429703 | lrm: 1.00 | dt: 4080.64ms | tok/sec: 256,963 | bf16_mfu: 46.23 | epoch: 1 | total time: 18.69m | eta: 277.8m
step 00285/04357 (6.54%) | loss: 3.436676 | lrm: 1.00 | dt: 4093.24ms | tok/sec: 256,172 | bf16_mfu: 46.08 | epoch: 1 | total time: 18.76m | eta: 277.7m
step 00286/04357 (6.56%) | loss: 3.421860 | lrm: 1.00 | dt: 4090.67ms | tok/sec: 256,333 | bf16_mfu: 46.11 | epoch: 1 | total time: 18.83m | eta: 277.7m
step 00287/04357 (6.59%) | loss: 3.427714 | lrm: 1.00 | dt: 4083.78ms | tok/sec: 256,766 | bf16_mfu: 46.19 | epoch: 1 | total time: 18.89m | eta: 277.6m
step 00288/04357 (6.61%) | loss: 3.429044 | lrm: 1.00 | dt: 4080.00ms | tok/sec: 257,004 | bf16_mfu: 46.23 | epoch: 1 | total time: 18.96m | eta: 277.5m
step 00289/04357 (6.63%) | loss: 3.425198 | lrm: 1.00 | dt: 4095.76ms | tok/sec: 256,014 | bf16_mfu: 46.05 | epoch: 1 | total time: 19.03m | eta: 277.5m
step 00290/04357 (6.66%) | loss: 3.427857 | lrm: 1.00 | dt: 4086.30ms | tok/sec: 256,607 | bf16_mfu: 46.16 | epoch: 1 | total time: 19.10m | eta: 277.4m
step 00291/04357 (6.68%) | loss: 3.434651 | lrm: 1.00 | dt: 4082.20ms | tok/sec: 256,865 | bf16_mfu: 46.21 | epoch: 1 | total time: 19.17m | eta: 277.3m
step 00292/04357 (6.70%) | loss: 3.430100 | lrm: 1.00 | dt: 4085.79ms | tok/sec: 256,639 | bf16_mfu: 46.17 | epoch: 1 | total time: 19.23m | eta: 277.3m
step 00293/04357 (6.72%) | loss: 3.439299 | lrm: 1.00 | dt: 4091.40ms | tok/sec: 256,287 | bf16_mfu: 46.10 | epoch: 1 | total time: 19.30m | eta: 277.2m
step 00294/04357 (6.75%) | loss: 3.434742 | lrm: 1.00 | dt: 4089.16ms | tok/sec: 256,428 | bf16_mfu: 46.13 | epoch: 1 | total time: 19.37m | eta: 277.1m
step 00295/04357 (6.77%) | loss: 3.428563 | lrm: 1.00 | dt: 4074.29ms | tok/sec: 257,364 | bf16_mfu: 46.30 | epoch: 1 | total time: 19.44m | eta: 277.0m
step 00296/04357 (6.79%) | loss: 3.418800 | lrm: 1.00 | dt: 4082.46ms | tok/sec: 256,849 | bf16_mfu: 46.21 | epoch: 1 | total time: 19.51m | eta: 277.0m
step 00297/04357 (6.82%) | loss: 3.403320 | lrm: 1.00 | dt: 4088.59ms | tok/sec: 256,464 | bf16_mfu: 46.14 | epoch: 1 | total time: 19.57m | eta: 276.9m
step 00298/04357 (6.84%) | loss: 3.399954 | lrm: 1.00 | dt: 4085.55ms | tok/sec: 256,654 | bf16_mfu: 46.17 | epoch: 1 | total time: 19.64m | eta: 276.8m
step 00299/04357 (6.86%) | loss: 3.417463 | lrm: 1.00 | dt: 4090.34ms | tok/sec: 256,354 | bf16_mfu: 46.12 | epoch: 1 | total time: 19.71m | eta: 276.8m
step 00300/04357 (6.89%) | loss: 3.421253 | lrm: 1.00 | dt: 4082.02ms | tok/sec: 256,876 | bf16_mfu: 46.21 | epoch: 1 | total time: 19.78m | eta: 276.7m
step 00301/04357 (6.91%) | loss: 3.420748 | lrm: 1.00 | dt: 4094.15ms | tok/sec: 256,115 | bf16_mfu: 46.07 | epoch: 1 | total time: 19.85m | eta: 276.6m
step 00302/04357 (6.93%) | loss: 3.418864 | lrm: 1.00 | dt: 4078.68ms | tok/sec: 257,087 | bf16_mfu: 46.25 | epoch: 1 | total time: 19.91m | eta: 276.6m
step 00303/04357 (6.95%) | loss: 3.418443 | lrm: 1.00 | dt: 4084.11ms | tok/sec: 256,745 | bf16_mfu: 46.19 | epoch: 1 | total time: 19.98m | eta: 276.5m
step 00304/04357 (6.98%) | loss: 3.421224 | lrm: 1.00 | dt: 4074.82ms | tok/sec: 257,330 | bf16_mfu: 46.29 | epoch: 1 | total time: 20.05m | eta: 276.4m
step 00305/04357 (7.00%) | loss: 3.425656 | lrm: 1.00 | dt: 4088.80ms | tok/sec: 256,450 | bf16_mfu: 46.13 | epoch: 1 | total time: 20.12m | eta: 276.3m
step 00306/04357 (7.02%) | loss: 3.419008 | lrm: 1.00 | dt: 4095.05ms | tok/sec: 256,059 | bf16_mfu: 46.06 | epoch: 1 | total time: 20.19m | eta: 276.3m
step 00307/04357 (7.05%) | loss: 3.408658 | lrm: 1.00 | dt: 4110.28ms | tok/sec: 255,110 | bf16_mfu: 45.89 | epoch: 1 | total time: 20.26m | eta: 276.2m
step 00308/04357 (7.07%) | loss: 3.412127 | lrm: 1.00 | dt: 4125.40ms | tok/sec: 254,175 | bf16_mfu: 45.72 | epoch: 1 | total time: 20.32m | eta: 276.2m
step 00309/04357 (7.09%) | loss: 3.398750 | lrm: 1.00 | dt: 4113.13ms | tok/sec: 254,933 | bf16_mfu: 45.86 | epoch: 1 | total time: 20.39m | eta: 276.1m
step 00310/04357 (7.11%) | loss: 3.399911 | lrm: 1.00 | dt: 4092.18ms | tok/sec: 256,238 | bf16_mfu: 46.10 | epoch: 1 | total time: 20.46m | eta: 276.0m
step 00311/04357 (7.14%) | loss: 3.401748 | lrm: 1.00 | dt: 4079.33ms | tok/sec: 257,046 | bf16_mfu: 46.24 | epoch: 1 | total time: 20.53m | eta: 276.0m
step 00312/04357 (7.16%) | loss: 3.404719 | lrm: 1.00 | dt: 4078.28ms | tok/sec: 257,112 | bf16_mfu: 46.25 | epoch: 1 | total time: 20.60m | eta: 275.9m
step 00313/04357 (7.18%) | loss: 3.415101 | lrm: 1.00 | dt: 4088.01ms | tok/sec: 256,500 | bf16_mfu: 46.14 | epoch: 1 | total time: 20.67m | eta: 275.8m
step 00314/04357 (7.21%) | loss: 3.411874 | lrm: 1.00 | dt: 4090.79ms | tok/sec: 256,325 | bf16_mfu: 46.11 | epoch: 1 | total time: 20.73m | eta: 275.7m
step 00315/04357 (7.23%) | loss: 3.418000 | lrm: 1.00 | dt: 4093.26ms | tok/sec: 256,171 | bf16_mfu: 46.08 | epoch: 1 | total time: 20.80m | eta: 275.7m
step 00316/04357 (7.25%) | loss: 3.417295 | lrm: 1.00 | dt: 4086.51ms | tok/sec: 256,594 | bf16_mfu: 46.16 | epoch: 1 | total time: 20.87m | eta: 275.6m
step 00317/04357 (7.28%) | loss: 3.409675 | lrm: 1.00 | dt: 4081.14ms | tok/sec: 256,932 | bf16_mfu: 46.22 | epoch: 1 | total time: 20.94m | eta: 275.5m
step 00318/04357 (7.30%) | loss: 3.412338 | lrm: 1.00 | dt: 4085.08ms | tok/sec: 256,684 | bf16_mfu: 46.18 | epoch: 1 | total time: 21.01m | eta: 275.5m
step 00319/04357 (7.32%) | loss: 3.403349 | lrm: 1.00 | dt: 4077.82ms | tok/sec: 257,141 | bf16_mfu: 46.26 | epoch: 1 | total time: 21.07m | eta: 275.4m
step 00320/04357 (7.34%) | loss: 3.399684 | lrm: 1.00 | dt: 4086.46ms | tok/sec: 256,597 | bf16_mfu: 46.16 | epoch: 1 | total time: 21.14m | eta: 275.3m
step 00321/04357 (7.37%) | loss: 3.394793 | lrm: 1.00 | dt: 4078.63ms | tok/sec: 257,089 | bf16_mfu: 46.25 | epoch: 1 | total time: 21.21m | eta: 275.3m
step 00322/04357 (7.39%) | loss: 3.398426 | lrm: 1.00 | dt: 4085.36ms | tok/sec: 256,666 | bf16_mfu: 46.17 | epoch: 1 | total time: 21.28m | eta: 275.2m
step 00323/04357 (7.41%) | loss: 3.385985 | lrm: 1.00 | dt: 4096.60ms | tok/sec: 255,962 | bf16_mfu: 46.05 | epoch: 1 | total time: 21.35m | eta: 275.1m
step 00324/04357 (7.44%) | loss: 3.371661 | lrm: 1.00 | dt: 4089.97ms | tok/sec: 256,377 | bf16_mfu: 46.12 | epoch: 1 | total time: 21.41m | eta: 275.0m
step 00325/04357 (7.46%) | loss: 3.359271 | lrm: 1.00 | dt: 4075.38ms | tok/sec: 257,295 | bf16_mfu: 46.29 | epoch: 1 | total time: 21.48m | eta: 275.0m
step 00326/04357 (7.48%) | loss: 3.366906 | lrm: 1.00 | dt: 4084.68ms | tok/sec: 256,709 | bf16_mfu: 46.18 | epoch: 1 | total time: 21.55m | eta: 274.9m
step 00327/04357 (7.51%) | loss: 3.351952 | lrm: 1.00 | dt: 4083.66ms | tok/sec: 256,773 | bf16_mfu: 46.19 | epoch: 1 | total time: 21.62m | eta: 274.8m
step 00328/04357 (7.53%) | loss: 3.355450 | lrm: 1.00 | dt: 4085.24ms | tok/sec: 256,674 | bf16_mfu: 46.17 | epoch: 1 | total time: 21.69m | eta: 274.8m
step 00329/04357 (7.55%) | loss: 3.369931 | lrm: 1.00 | dt: 4091.16ms | tok/sec: 256,303 | bf16_mfu: 46.11 | epoch: 1 | total time: 21.75m | eta: 274.7m
step 00330/04357 (7.57%) | loss: 3.373698 | lrm: 1.00 | dt: 4087.59ms | tok/sec: 256,526 | bf16_mfu: 46.15 | epoch: 1 | total time: 21.82m | eta: 274.6m
step 00331/04357 (7.60%) | loss: 3.375378 | lrm: 1.00 | dt: 4082.37ms | tok/sec: 256,854 | bf16_mfu: 46.21 | epoch: 1 | total time: 21.89m | eta: 274.6m
step 00332/04357 (7.62%) | loss: 3.371164 | lrm: 1.00 | dt: 4081.88ms | tok/sec: 256,885 | bf16_mfu: 46.21 | epoch: 1 | total time: 21.96m | eta: 274.5m
step 00333/04357 (7.64%) | loss: 3.374573 | lrm: 1.00 | dt: 4081.73ms | tok/sec: 256,894 | bf16_mfu: 46.21 | epoch: 1 | total time: 22.03m | eta: 274.4m
step 00334/04357 (7.67%) | loss: 3.379778 | lrm: 1.00 | dt: 4075.70ms | tok/sec: 257,275 | bf16_mfu: 46.28 | epoch: 1 | total time: 22.10m | eta: 274.3m
step 00335/04357 (7.69%) | loss: 3.381134 | lrm: 1.00 | dt: 4077.51ms | tok/sec: 257,160 | bf16_mfu: 46.26 | epoch: 1 | total time: 22.16m | eta: 274.3m
step 00336/04357 (7.71%) | loss: 3.382658 | lrm: 1.00 | dt: 4076.00ms | tok/sec: 257,256 | bf16_mfu: 46.28 | epoch: 1 | total time: 22.23m | eta: 274.2m
step 00337/04357 (7.73%) | loss: 3.394293 | lrm: 1.00 | dt: 4080.09ms | tok/sec: 256,998 | bf16_mfu: 46.23 | epoch: 1 | total time: 22.30m | eta: 274.1m
step 00338/04357 (7.76%) | loss: 3.383111 | lrm: 1.00 | dt: 4078.71ms | tok/sec: 257,085 | bf16_mfu: 46.25 | epoch: 1 | total time: 22.37m | eta: 274.1m
step 00339/04357 (7.78%) | loss: 3.368153 | lrm: 1.00 | dt: 4071.89ms | tok/sec: 257,515 | bf16_mfu: 46.32 | epoch: 1 | total time: 22.43m | eta: 274.0m
step 00340/04357 (7.80%) | loss: 3.363379 | lrm: 1.00 | dt: 4080.69ms | tok/sec: 256,960 | bf16_mfu: 46.23 | epoch: 1 | total time: 22.50m | eta: 273.9m
step 00341/04357 (7.83%) | loss: 3.362605 | lrm: 1.00 | dt: 4072.60ms | tok/sec: 257,470 | bf16_mfu: 46.32 | epoch: 1 | total time: 22.57m | eta: 273.8m
step 00342/04357 (7.85%) | loss: 3.354212 | lrm: 1.00 | dt: 4085.91ms | tok/sec: 256,632 | bf16_mfu: 46.17 | epoch: 1 | total time: 22.64m | eta: 273.8m
step 00343/04357 (7.87%) | loss: 3.350177 | lrm: 1.00 | dt: 4077.29ms | tok/sec: 257,174 | bf16_mfu: 46.26 | epoch: 1 | total time: 22.71m | eta: 273.7m
step 00344/04357 (7.90%) | loss: 3.358763 | lrm: 1.00 | dt: 4070.29ms | tok/sec: 257,617 | bf16_mfu: 46.34 | epoch: 1 | total time: 22.77m | eta: 273.6m
step 00345/04357 (7.92%) | loss: 3.365606 | lrm: 1.00 | dt: 4074.72ms | tok/sec: 257,337 | bf16_mfu: 46.29 | epoch: 1 | total time: 22.84m | eta: 273.6m
step 00346/04357 (7.94%) | loss: 3.369125 | lrm: 1.00 | dt: 4082.72ms | tok/sec: 256,832 | bf16_mfu: 46.20 | epoch: 1 | total time: 22.91m | eta: 273.5m
step 00347/04357 (7.96%) | loss: 3.371528 | lrm: 1.00 | dt: 4077.04ms | tok/sec: 257,190 | bf16_mfu: 46.27 | epoch: 1 | total time: 22.98m | eta: 273.4m
step 00348/04357 (7.99%) | loss: 3.360956 | lrm: 1.00 | dt: 4082.25ms | tok/sec: 256,862 | bf16_mfu: 46.21 | epoch: 1 | total time: 23.05m | eta: 273.4m
step 00349/04357 (8.01%) | loss: 3.352110 | lrm: 1.00 | dt: 4075.31ms | tok/sec: 257,299 | bf16_mfu: 46.29 | epoch: 1 | total time: 23.11m | eta: 273.3m
step 00350/04357 (8.03%) | loss: 3.362456 | lrm: 1.00 | dt: 4079.93ms | tok/sec: 257,008 | bf16_mfu: 46.23 | epoch: 1 | total time: 23.18m | eta: 273.2m
step 00351/04357 (8.06%) | loss: 3.353442 | lrm: 1.00 | dt: 4084.90ms | tok/sec: 256,695 | bf16_mfu: 46.18 | epoch: 1 | total time: 23.25m | eta: 273.1m
step 00352/04357 (8.08%) | loss: 3.345456 | lrm: 1.00 | dt: 4082.75ms | tok/sec: 256,830 | bf16_mfu: 46.20 | epoch: 1 | total time: 23.32m | eta: 273.1m
step 00353/04357 (8.10%) | loss: 3.352481 | lrm: 1.00 | dt: 4078.45ms | tok/sec: 257,101 | bf16_mfu: 46.25 | epoch: 1 | total time: 23.39m | eta: 273.0m
step 00354/04357 (8.12%) | loss: 3.348715 | lrm: 1.00 | dt: 4076.70ms | tok/sec: 257,212 | bf16_mfu: 46.27 | epoch: 1 | total time: 23.45m | eta: 272.9m
step 00355/04357 (8.15%) | loss: 3.348858 | lrm: 1.00 | dt: 4075.98ms | tok/sec: 257,257 | bf16_mfu: 46.28 | epoch: 1 | total time: 23.52m | eta: 272.9m
step 00356/04357 (8.17%) | loss: 3.354119 | lrm: 1.00 | dt: 4081.24ms | tok/sec: 256,925 | bf16_mfu: 46.22 | epoch: 1 | total time: 23.59m | eta: 272.8m
step 00357/04357 (8.19%) | loss: 3.369739 | lrm: 1.00 | dt: 4088.49ms | tok/sec: 256,470 | bf16_mfu: 46.14 | epoch: 1 | total time: 23.66m | eta: 272.7m
step 00358/04357 (8.22%) | loss: 3.351386 | lrm: 1.00 | dt: 4076.33ms | tok/sec: 257,235 | bf16_mfu: 46.27 | epoch: 1 | total time: 23.73m | eta: 272.7m
step 00359/04357 (8.24%) | loss: 3.367210 | lrm: 1.00 | dt: 4073.64ms | tok/sec: 257,405 | bf16_mfu: 46.31 | epoch: 1 | total time: 23.79m | eta: 272.6m
step 00360/04357 (8.26%) | loss: 3.363341 | lrm: 1.00 | dt: 4075.65ms | tok/sec: 257,278 | bf16_mfu: 46.28 | epoch: 1 | total time: 23.86m | eta: 272.5m
step 00361/04357 (8.29%) | loss: 3.361599 | lrm: 1.00 | dt: 4086.07ms | tok/sec: 256,622 | bf16_mfu: 46.16 | epoch: 1 | total time: 23.93m | eta: 272.4m
step 00362/04357 (8.31%) | loss: 3.358057 | lrm: 1.00 | dt: 4077.47ms | tok/sec: 257,163 | bf16_mfu: 46.26 | epoch: 1 | total time: 24.00m | eta: 272.4m
step 00363/04357 (8.33%) | loss: 3.347980 | lrm: 1.00 | dt: 4073.82ms | tok/sec: 257,393 | bf16_mfu: 46.30 | epoch: 1 | total time: 24.07m | eta: 272.3m
step 00364/04357 (8.35%) | loss: 3.359887 | lrm: 1.00 | dt: 4076.69ms | tok/sec: 257,212 | bf16_mfu: 46.27 | epoch: 1 | total time: 24.13m | eta: 272.2m
step 00365/04357 (8.38%) | loss: 3.347128 | lrm: 1.00 | dt: 4082.86ms | tok/sec: 256,823 | bf16_mfu: 46.20 | epoch: 1 | total time: 24.20m | eta: 272.2m
step 00366/04357 (8.40%) | loss: 3.348418 | lrm: 1.00 | dt: 4081.66ms | tok/sec: 256,899 | bf16_mfu: 46.21 | epoch: 1 | total time: 24.27m | eta: 272.1m
step 00367/04357 (8.42%) | loss: 3.340608 | lrm: 1.00 | dt: 4075.69ms | tok/sec: 257,275 | bf16_mfu: 46.28 | epoch: 1 | total time: 24.34m | eta: 272.0m
step 00368/04357 (8.45%) | loss: 3.349037 | lrm: 1.00 | dt: 4076.14ms | tok/sec: 257,247 | bf16_mfu: 46.28 | epoch: 1 | total time: 24.41m | eta: 271.9m
step 00369/04357 (8.47%) | loss: 3.347859 | lrm: 1.00 | dt: 4077.44ms | tok/sec: 257,165 | bf16_mfu: 46.26 | epoch: 1 | total time: 24.47m | eta: 271.9m
step 00370/04357 (8.49%) | loss: 3.348333 | lrm: 1.00 | dt: 4086.44ms | tok/sec: 256,598 | bf16_mfu: 46.16 | epoch: 1 | total time: 24.54m | eta: 271.8m
step 00371/04357 (8.52%) | loss: 3.346620 | lrm: 1.00 | dt: 4071.14ms | tok/sec: 257,563 | bf16_mfu: 46.33 | epoch: 1 | total time: 24.61m | eta: 271.7m
step 00372/04357 (8.54%) | loss: 3.328102 | lrm: 1.00 | dt: 4077.85ms | tok/sec: 257,139 | bf16_mfu: 46.26 | epoch: 1 | total time: 24.68m | eta: 271.7m
step 00373/04357 (8.56%) | loss: 3.312361 | lrm: 1.00 | dt: 4085.43ms | tok/sec: 256,662 | bf16_mfu: 46.17 | epoch: 1 | total time: 24.75m | eta: 271.6m
step 00374/04357 (8.58%) | loss: 3.311494 | lrm: 1.00 | dt: 4075.44ms | tok/sec: 257,291 | bf16_mfu: 46.28 | epoch: 1 | total time: 24.81m | eta: 271.5m
step 00375/04357 (8.61%) | loss: 3.309925 | lrm: 1.00 | dt: 4081.42ms | tok/sec: 256,914 | bf16_mfu: 46.22 | epoch: 1 | total time: 24.88m | eta: 271.5m
step 00376/04357 (8.63%) | loss: 3.311040 | lrm: 1.00 | dt: 4079.90ms | tok/sec: 257,010 | bf16_mfu: 46.23 | epoch: 1 | total time: 24.95m | eta: 271.4m
step 00377/04357 (8.65%) | loss: 3.328371 | lrm: 1.00 | dt: 4093.40ms | tok/sec: 256,162 | bf16_mfu: 46.08 | epoch: 1 | total time: 25.02m | eta: 271.3m
step 00378/04357 (8.68%) | loss: 3.340661 | lrm: 1.00 | dt: 4115.04ms | tok/sec: 254,815 | bf16_mfu: 45.84 | epoch: 1 | total time: 25.09m | eta: 271.3m
step 00379/04357 (8.70%) | loss: 3.334070 | lrm: 1.00 | dt: 4116.74ms | tok/sec: 254,710 | bf16_mfu: 45.82 | epoch: 1 | total time: 25.16m | eta: 271.2m
step 00380/04357 (8.72%) | loss: 3.317993 | lrm: 1.00 | dt: 4124.21ms | tok/sec: 254,248 | bf16_mfu: 45.74 | epoch: 1 | total time: 25.22m | eta: 271.1m
step 00381/04357 (8.74%) | loss: 3.313232 | lrm: 1.00 | dt: 4102.20ms | tok/sec: 255,613 | bf16_mfu: 45.98 | epoch: 1 | total time: 25.29m | eta: 271.1m
step 00382/04357 (8.77%) | loss: 3.323894 | lrm: 1.00 | dt: 4089.60ms | tok/sec: 256,400 | bf16_mfu: 46.12 | epoch: 1 | total time: 25.36m | eta: 271.0m
step 00383/04357 (8.79%) | loss: 3.330988 | lrm: 1.00 | dt: 4067.61ms | tok/sec: 257,786 | bf16_mfu: 46.37 | epoch: 1 | total time: 25.43m | eta: 270.9m
step 00384/04357 (8.81%) | loss: 3.329246 | lrm: 1.00 | dt: 4082.33ms | tok/sec: 256,857 | bf16_mfu: 46.21 | epoch: 1 | total time: 25.50m | eta: 270.9m
step 00385/04357 (8.84%) | loss: 3.322548 | lrm: 1.00 | dt: 4062.00ms | tok/sec: 258,142 | bf16_mfu: 46.44 | epoch: 1 | total time: 25.56m | eta: 270.8m
step 00386/04357 (8.86%) | loss: 3.311402 | lrm: 1.00 | dt: 4079.66ms | tok/sec: 257,025 | bf16_mfu: 46.24 | epoch: 1 | total time: 25.63m | eta: 270.7m
step 00387/04357 (8.88%) | loss: 3.307067 | lrm: 1.00 | dt: 4074.77ms | tok/sec: 257,333 | bf16_mfu: 46.29 | epoch: 1 | total time: 25.70m | eta: 270.6m
step 00388/04357 (8.91%) | loss: 3.302885 | lrm: 1.00 | dt: 4076.17ms | tok/sec: 257,245 | bf16_mfu: 46.28 | epoch: 1 | total time: 25.77m | eta: 270.6m
step 00389/04357 (8.93%) | loss: 3.297555 | lrm: 1.00 | dt: 4086.46ms | tok/sec: 256,597 | bf16_mfu: 46.16 | epoch: 1 | total time: 25.84m | eta: 270.5m
step 00390/04357 (8.95%) | loss: 3.296517 | lrm: 1.00 | dt: 4072.25ms | tok/sec: 257,492 | bf16_mfu: 46.32 | epoch: 1 | total time: 25.90m | eta: 270.4m
step 00391/04357 (8.97%) | loss: 3.309694 | lrm: 1.00 | dt: 4075.46ms | tok/sec: 257,290 | bf16_mfu: 46.28 | epoch: 1 | total time: 25.97m | eta: 270.4m
step 00392/04357 (9.00%) | loss: 3.302003 | lrm: 1.00 | dt: 4069.08ms | tok/sec: 257,693 | bf16_mfu: 46.36 | epoch: 1 | total time: 26.04m | eta: 270.3m
step 00393/04357 (9.02%) | loss: 3.308211 | lrm: 1.00 | dt: 4072.41ms | tok/sec: 257,483 | bf16_mfu: 46.32 | epoch: 1 | total time: 26.11m | eta: 270.2m
step 00394/04357 (9.04%) | loss: 3.308749 | lrm: 1.00 | dt: 4077.51ms | tok/sec: 257,160 | bf16_mfu: 46.26 | epoch: 1 | total time: 26.18m | eta: 270.1m
step 00395/04357 (9.07%) | loss: 3.313246 | lrm: 1.00 | dt: 4079.77ms | tok/sec: 257,018 | bf16_mfu: 46.24 | epoch: 1 | total time: 26.24m | eta: 270.1m
step 00396/04357 (9.09%) | loss: 3.317690 | lrm: 1.00 | dt: 4082.76ms | tok/sec: 256,830 | bf16_mfu: 46.20 | epoch: 1 | total time: 26.31m | eta: 270.0m
step 00397/04357 (9.11%) | loss: 3.310699 | lrm: 1.00 | dt: 4074.89ms | tok/sec: 257,326 | bf16_mfu: 46.29 | epoch: 1 | total time: 26.38m | eta: 269.9m
step 00398/04357 (9.13%) | loss: 3.321218 | lrm: 1.00 | dt: 4080.27ms | tok/sec: 256,986 | bf16_mfu: 46.23 | epoch: 1 | total time: 26.45m | eta: 269.9m
step 00399/04357 (9.16%) | loss: 3.324049 | lrm: 1.00 | dt: 4073.55ms | tok/sec: 257,410 | bf16_mfu: 46.31 | epoch: 1 | total time: 26.52m | eta: 269.8m
step 00400/04357 (9.18%) | loss: 3.327925 | lrm: 1.00 | dt: 4065.52ms | tok/sec: 257,919 | bf16_mfu: 46.40 | epoch: 1 | total time: 26.58m | eta: 269.7m
step 00401/04357 (9.20%) | loss: 3.323504 | lrm: 1.00 | dt: 4076.10ms | tok/sec: 257,250 | bf16_mfu: 46.28 | epoch: 1 | total time: 26.65m | eta: 269.6m
step 00402/04357 (9.23%) | loss: 3.309328 | lrm: 1.00 | dt: 4062.30ms | tok/sec: 258,123 | bf16_mfu: 46.43 | epoch: 1 | total time: 26.72m | eta: 269.6m
step 00403/04357 (9.25%) | loss: 3.313351 | lrm: 1.00 | dt: 4080.72ms | tok/sec: 256,958 | bf16_mfu: 46.22 | epoch: 1 | total time: 26.79m | eta: 269.5m
step 00404/04357 (9.27%) | loss: 3.334185 | lrm: 1.00 | dt: 4065.43ms | tok/sec: 257,924 | bf16_mfu: 46.40 | epoch: 1 | total time: 26.85m | eta: 269.4m
step 00405/04357 (9.30%) | loss: 3.326678 | lrm: 1.00 | dt: 4080.20ms | tok/sec: 256,991 | bf16_mfu: 46.23 | epoch: 1 | total time: 26.92m | eta: 269.4m
step 00406/04357 (9.32%) | loss: 3.326558 | lrm: 1.00 | dt: 4077.70ms | tok/sec: 257,148 | bf16_mfu: 46.26 | epoch: 1 | total time: 26.99m | eta: 269.3m
step 00407/04357 (9.34%) | loss: 3.314455 | lrm: 1.00 | dt: 4071.04ms | tok/sec: 257,569 | bf16_mfu: 46.33 | epoch: 1 | total time: 27.06m | eta: 269.2m
step 00408/04357 (9.36%) | loss: 3.314324 | lrm: 1.00 | dt: 4090.39ms | tok/sec: 256,350 | bf16_mfu: 46.12 | epoch: 1 | total time: 27.13m | eta: 269.2m
step 00409/04357 (9.39%) | loss: 3.305721 | lrm: 1.00 | dt: 4068.36ms | tok/sec: 257,739 | bf16_mfu: 46.37 | epoch: 1 | total time: 27.19m | eta: 269.1m
step 00410/04357 (9.41%) | loss: 3.298260 | lrm: 1.00 | dt: 4075.47ms | tok/sec: 257,289 | bf16_mfu: 46.28 | epoch: 1 | total time: 27.26m | eta: 269.0m
step 00411/04357 (9.43%) | loss: 3.295457 | lrm: 1.00 | dt: 4071.43ms | tok/sec: 257,544 | bf16_mfu: 46.33 | epoch: 1 | total time: 27.33m | eta: 268.9m
step 00412/04357 (9.46%) | loss: 3.287879 | lrm: 1.00 | dt: 4084.60ms | tok/sec: 256,714 | bf16_mfu: 46.18 | epoch: 1 | total time: 27.40m | eta: 268.9m
step 00413/04357 (9.48%) | loss: 3.302329 | lrm: 1.00 | dt: 4060.44ms | tok/sec: 258,241 | bf16_mfu: 46.46 | epoch: 1 | total time: 27.47m | eta: 268.8m
step 00414/04357 (9.50%) | loss: 3.292458 | lrm: 1.00 | dt: 4072.98ms | tok/sec: 257,447 | bf16_mfu: 46.31 | epoch: 1 | total time: 27.53m | eta: 268.7m
step 00415/04357 (9.52%) | loss: 3.286557 | lrm: 1.00 | dt: 4076.64ms | tok/sec: 257,216 | bf16_mfu: 46.27 | epoch: 1 | total time: 27.60m | eta: 268.7m
step 00416/04357 (9.55%) | loss: 3.288232 | lrm: 1.00 | dt: 4076.10ms | tok/sec: 257,249 | bf16_mfu: 46.28 | epoch: 1 | total time: 27.67m | eta: 268.6m
step 00417/04357 (9.57%) | loss: 3.306644 | lrm: 1.00 | dt: 4068.29ms | tok/sec: 257,743 | bf16_mfu: 46.37 | epoch: 1 | total time: 27.74m | eta: 268.5m
step 00418/04357 (9.59%) | loss: 3.299026 | lrm: 1.00 | dt: 4078.08ms | tok/sec: 257,124 | bf16_mfu: 46.25 | epoch: 1 | total time: 27.81m | eta: 268.4m
step 00419/04357 (9.62%) | loss: 3.297926 | lrm: 1.00 | dt: 4063.76ms | tok/sec: 258,030 | bf16_mfu: 46.42 | epoch: 1 | total time: 27.87m | eta: 268.4m
step 00420/04357 (9.64%) | loss: 3.298659 | lrm: 1.00 | dt: 4074.14ms | tok/sec: 257,373 | bf16_mfu: 46.30 | epoch: 1 | total time: 27.94m | eta: 268.3m
step 00421/04357 (9.66%) | loss: 3.296649 | lrm: 1.00 | dt: 4069.51ms | tok/sec: 257,666 | bf16_mfu: 46.35 | epoch: 1 | total time: 28.01m | eta: 268.2m
step 00422/04357 (9.69%) | loss: 3.292765 | lrm: 1.00 | dt: 4083.33ms | tok/sec: 256,794 | bf16_mfu: 46.20 | epoch: 1 | total time: 28.08m | eta: 268.2m
step 00423/04357 (9.71%) | loss: 3.292176 | lrm: 1.00 | dt: 4069.41ms | tok/sec: 257,672 | bf16_mfu: 46.35 | epoch: 1 | total time: 28.14m | eta: 268.1m
step 00424/04357 (9.73%) | loss: 3.282766 | lrm: 1.00 | dt: 4071.06ms | tok/sec: 257,568 | bf16_mfu: 46.33 | epoch: 1 | total time: 28.21m | eta: 268.0m
step 00425/04357 (9.75%) | loss: 3.274454 | lrm: 1.00 | dt: 4074.10ms | tok/sec: 257,376 | bf16_mfu: 46.30 | epoch: 1 | total time: 28.28m | eta: 268.0m
step 00426/04357 (9.78%) | loss: 3.268490 | lrm: 1.00 | dt: 4078.53ms | tok/sec: 257,096 | bf16_mfu: 46.25 | epoch: 1 | total time: 28.35m | eta: 267.9m
step 00427/04357 (9.80%) | loss: 3.273011 | lrm: 1.00 | dt: 4067.57ms | tok/sec: 257,789 | bf16_mfu: 46.37 | epoch: 1 | total time: 28.42m | eta: 267.8m
step 00428/04357 (9.82%) | loss: 3.272655 | lrm: 1.00 | dt: 4062.17ms | tok/sec: 258,132 | bf16_mfu: 46.44 | epoch: 1 | total time: 28.48m | eta: 267.7m
step 00429/04357 (9.85%) | loss: 3.257362 | lrm: 1.00 | dt: 4069.73ms | tok/sec: 257,652 | bf16_mfu: 46.35 | epoch: 1 | total time: 28.55m | eta: 267.7m
step 00430/04357 (9.87%) | loss: 3.260402 | lrm: 1.00 | dt: 4070.35ms | tok/sec: 257,613 | bf16_mfu: 46.34 | epoch: 1 | total time: 28.62m | eta: 267.6m
step 00431/04357 (9.89%) | loss: 3.259535 | lrm: 1.00 | dt: 4075.39ms | tok/sec: 257,294 | bf16_mfu: 46.29 | epoch: 1 | total time: 28.69m | eta: 267.5m
step 00432/04357 (9.92%) | loss: 3.259683 | lrm: 1.00 | dt: 4070.64ms | tok/sec: 257,594 | bf16_mfu: 46.34 | epoch: 1 | total time: 28.76m | eta: 267.5m
step 00433/04357 (9.94%) | loss: 3.261684 | lrm: 1.00 | dt: 4070.92ms | tok/sec: 257,577 | bf16_mfu: 46.34 | epoch: 1 | total time: 28.82m | eta: 267.4m
step 00434/04357 (9.96%) | loss: 3.262322 | lrm: 1.00 | dt: 4071.16ms | tok/sec: 257,562 | bf16_mfu: 46.33 | epoch: 1 | total time: 28.89m | eta: 267.3m
step 00435/04357 (9.98%) | loss: 3.268178 | lrm: 1.00 | dt: 4075.38ms | tok/sec: 257,295 | bf16_mfu: 46.29 | epoch: 1 | total time: 28.96m | eta: 267.2m
step 00436/04357 (10.01%) | loss: 3.254499 | lrm: 1.00 | dt: 4077.74ms | tok/sec: 257,146 | bf16_mfu: 46.26 | epoch: 1 | total time: 29.03m | eta: 267.2m
step 00437/04357 (10.03%) | loss: 3.255097 | lrm: 1.00 | dt: 4071.67ms | tok/sec: 257,529 | bf16_mfu: 46.33 | epoch: 1 | total time: 29.10m | eta: 267.1m
step 00438/04357 (10.05%) | loss: 3.263312 | lrm: 1.00 | dt: 4080.82ms | tok/sec: 256,952 | bf16_mfu: 46.22 | epoch: 1 | total time: 29.16m | eta: 267.0m
step 00439/04357 (10.08%) | loss: 3.269420 | lrm: 1.00 | dt: 4068.08ms | tok/sec: 257,757 | bf16_mfu: 46.37 | epoch: 1 | total time: 29.23m | eta: 267.0m
step 00440/04357 (10.10%) | loss: 3.266893 | lrm: 1.00 | dt: 4072.21ms | tok/sec: 257,495 | bf16_mfu: 46.32 | epoch: 1 | total time: 29.30m | eta: 266.9m
step 00441/04357 (10.12%) | loss: 3.271302 | lrm: 1.00 | dt: 4073.00ms | tok/sec: 257,445 | bf16_mfu: 46.31 | epoch: 1 | total time: 29.37m | eta: 266.8m
step 00442/04357 (10.14%) | loss: 3.270961 | lrm: 1.00 | dt: 4072.82ms | tok/sec: 257,456 | bf16_mfu: 46.31 | epoch: 1 | total time: 29.43m | eta: 266.8m
step 00443/04357 (10.17%) | loss: 3.265053 | lrm: 1.00 | dt: 4070.38ms | tok/sec: 257,611 | bf16_mfu: 46.34 | epoch: 1 | total time: 29.50m | eta: 266.7m
step 00444/04357 (10.19%) | loss: 3.266051 | lrm: 1.00 | dt: 4056.57ms | tok/sec: 258,488 | bf16_mfu: 46.50 | epoch: 1 | total time: 29.57m | eta: 266.6m
step 00445/04357 (10.21%) | loss: 3.275737 | lrm: 1.00 | dt: 4072.67ms | tok/sec: 257,466 | bf16_mfu: 46.32 | epoch: 1 | total time: 29.64m | eta: 266.5m
step 00446/04357 (10.24%) | loss: 3.269428 | lrm: 1.00 | dt: 4076.01ms | tok/sec: 257,255 | bf16_mfu: 46.28 | epoch: 1 | total time: 29.71m | eta: 266.5m
step 00447/04357 (10.26%) | loss: 3.276736 | lrm: 1.00 | dt: 4072.94ms | tok/sec: 257,449 | bf16_mfu: 46.31 | epoch: 1 | total time: 29.77m | eta: 266.4m
step 00448/04357 (10.28%) | loss: 3.266336 | lrm: 1.00 | dt: 4075.13ms | tok/sec: 257,310 | bf16_mfu: 46.29 | epoch: 1 | total time: 29.84m | eta: 266.3m
step 00449/04357 (10.31%) | loss: 3.269651 | lrm: 1.00 | dt: 4074.96ms | tok/sec: 257,321 | bf16_mfu: 46.29 | epoch: 1 | total time: 29.91m | eta: 266.3m
step 00450/04357 (10.33%) | loss: 3.278856 | lrm: 1.00 | dt: 4078.08ms | tok/sec: 257,125 | bf16_mfu: 46.25 | epoch: 1 | total time: 29.98m | eta: 266.2m
step 00451/04357 (10.35%) | loss: 3.282952 | lrm: 1.00 | dt: 4072.85ms | tok/sec: 257,455 | bf16_mfu: 46.31 | epoch: 1 | total time: 30.05m | eta: 266.1m
step 00452/04357 (10.37%) | loss: 3.288044 | lrm: 1.00 | dt: 4087.12ms | tok/sec: 256,556 | bf16_mfu: 46.15 | epoch: 1 | total time: 30.11m | eta: 266.0m
step 00453/04357 (10.40%) | loss: 3.286353 | lrm: 1.00 | dt: 4067.49ms | tok/sec: 257,794 | bf16_mfu: 46.38 | epoch: 1 | total time: 30.18m | eta: 266.0m
step 00454/04357 (10.42%) | loss: 3.288272 | lrm: 1.00 | dt: 4078.71ms | tok/sec: 257,085 | bf16_mfu: 46.25 | epoch: 1 | total time: 30.25m | eta: 265.9m
step 00455/04357 (10.44%) | loss: 3.297237 | lrm: 1.00 | dt: 4071.40ms | tok/sec: 257,546 | bf16_mfu: 46.33 | epoch: 1 | total time: 30.32m | eta: 265.8m
step 00456/04357 (10.47%) | loss: 3.302982 | lrm: 1.00 | dt: 4061.29ms | tok/sec: 258,187 | bf16_mfu: 46.45 | epoch: 1 | total time: 30.38m | eta: 265.8m
step 00457/04357 (10.49%) | loss: 3.286560 | lrm: 1.00 | dt: 4072.47ms | tok/sec: 257,479 | bf16_mfu: 46.32 | epoch: 1 | total time: 30.45m | eta: 265.7m
step 00458/04357 (10.51%) | loss: 3.281190 | lrm: 1.00 | dt: 4080.03ms | tok/sec: 257,002 | bf16_mfu: 46.23 | epoch: 1 | total time: 30.52m | eta: 265.6m
step 00459/04357 (10.53%) | loss: 3.266386 | lrm: 1.00 | dt: 4074.06ms | tok/sec: 257,378 | bf16_mfu: 46.30 | epoch: 1 | total time: 30.59m | eta: 265.6m
step 00460/04357 (10.56%) | loss: 3.272783 | lrm: 1.00 | dt: 4067.06ms | tok/sec: 257,821 | bf16_mfu: 46.38 | epoch: 1 | total time: 30.66m | eta: 265.5m
step 00461/04357 (10.58%) | loss: 3.264668 | lrm: 1.00 | dt: 4050.30ms | tok/sec: 258,888 | bf16_mfu: 46.57 | epoch: 1 | total time: 30.72m | eta: 265.4m
step 00462/04357 (10.60%) | loss: 3.265564 | lrm: 1.00 | dt: 4065.43ms | tok/sec: 257,924 | bf16_mfu: 46.40 | epoch: 1 | total time: 30.79m | eta: 265.3m
step 00463/04357 (10.63%) | loss: 3.253470 | lrm: 1.00 | dt: 4067.36ms | tok/sec: 257,802 | bf16_mfu: 46.38 | epoch: 1 | total time: 30.86m | eta: 265.3m
step 00464/04357 (10.65%) | loss: 3.237732 | lrm: 1.00 | dt: 4107.17ms | tok/sec: 255,303 | bf16_mfu: 45.93 | epoch: 1 | total time: 30.93m | eta: 265.2m
step 00465/04357 (10.67%) | loss: 3.243242 | lrm: 1.00 | dt: 4102.89ms | tok/sec: 255,570 | bf16_mfu: 45.97 | epoch: 1 | total time: 31.00m | eta: 265.1m
step 00466/04357 (10.70%) | loss: 3.246466 | lrm: 1.00 | dt: 4126.22ms | tok/sec: 254,125 | bf16_mfu: 45.72 | epoch: 1 | total time: 31.07m | eta: 265.1m
step 00467/04357 (10.72%) | loss: 3.226505 | lrm: 1.00 | dt: 4107.79ms | tok/sec: 255,265 | bf16_mfu: 45.92 | epoch: 1 | total time: 31.13m | eta: 265.0m
step 00468/04357 (10.74%) | loss: 3.228422 | lrm: 1.00 | dt: 4086.51ms | tok/sec: 256,594 | bf16_mfu: 46.16 | epoch: 1 | total time: 31.20m | eta: 264.9m
step 00469/04357 (10.76%) | loss: 3.234039 | lrm: 1.00 | dt: 4077.00ms | tok/sec: 257,193 | bf16_mfu: 46.27 | epoch: 1 | total time: 31.27m | eta: 264.9m
step 00470/04357 (10.79%) | loss: 3.236138 | lrm: 1.00 | dt: 4067.30ms | tok/sec: 257,806 | bf16_mfu: 46.38 | epoch: 1 | total time: 31.34m | eta: 264.8m
step 00471/04357 (10.81%) | loss: 3.233216 | lrm: 1.00 | dt: 4076.51ms | tok/sec: 257,223 | bf16_mfu: 46.27 | epoch: 1 | total time: 31.41m | eta: 264.7m
step 00472/04357 (10.83%) | loss: 3.237867 | lrm: 1.00 | dt: 4072.26ms | tok/sec: 257,492 | bf16_mfu: 46.32 | epoch: 1 | total time: 31.47m | eta: 264.7m
step 00473/04357 (10.86%) | loss: 3.237299 | lrm: 1.00 | dt: 4080.64ms | tok/sec: 256,963 | bf16_mfu: 46.23 | epoch: 1 | total time: 31.54m | eta: 264.6m
step 00474/04357 (10.88%) | loss: 3.250596 | lrm: 1.00 | dt: 4076.22ms | tok/sec: 257,242 | bf16_mfu: 46.28 | epoch: 1 | total time: 31.61m | eta: 264.5m
step 00475/04357 (10.90%) | loss: 3.245574 | lrm: 1.00 | dt: 4068.97ms | tok/sec: 257,700 | bf16_mfu: 46.36 | epoch: 1 | total time: 31.68m | eta: 264.5m
step 00476/04357 (10.92%) | loss: 3.234555 | lrm: 1.00 | dt: 4071.86ms | tok/sec: 257,517 | bf16_mfu: 46.33 | epoch: 1 | total time: 31.74m | eta: 264.4m
step 00477/04357 (10.95%) | loss: 3.227792 | lrm: 1.00 | dt: 4064.97ms | tok/sec: 257,954 | bf16_mfu: 46.40 | epoch: 1 | total time: 31.81m | eta: 264.3m
step 00478/04357 (10.97%) | loss: 3.225467 | lrm: 1.00 | dt: 4074.14ms | tok/sec: 257,373 | bf16_mfu: 46.30 | epoch: 1 | total time: 31.88m | eta: 264.2m
step 00479/04357 (10.99%) | loss: 3.223163 | lrm: 1.00 | dt: 4058.53ms | tok/sec: 258,363 | bf16_mfu: 46.48 | epoch: 1 | total time: 31.95m | eta: 264.2m
step 00480/04357 (11.02%) | loss: 3.221333 | lrm: 1.00 | dt: 4083.88ms | tok/sec: 256,759 | bf16_mfu: 46.19 | epoch: 1 | total time: 32.02m | eta: 264.1m
step 00481/04357 (11.04%) | loss: 3.235894 | lrm: 1.00 | dt: 4073.58ms | tok/sec: 257,408 | bf16_mfu: 46.31 | epoch: 1 | total time: 32.08m | eta: 264.0m
step 00482/04357 (11.06%) | loss: 3.226027 | lrm: 1.00 | dt: 4077.09ms | tok/sec: 257,187 | bf16_mfu: 46.27 | epoch: 1 | total time: 32.15m | eta: 264.0m
step 00483/04357 (11.09%) | loss: 3.229701 | lrm: 1.00 | dt: 4066.19ms | tok/sec: 257,876 | bf16_mfu: 46.39 | epoch: 1 | total time: 32.22m | eta: 263.9m
step 00484/04357 (11.11%) | loss: 3.226370 | lrm: 1.00 | dt: 4064.83ms | tok/sec: 257,963 | bf16_mfu: 46.41 | epoch: 1 | total time: 32.29m | eta: 263.8m
step 00485/04357 (11.13%) | loss: 3.238037 | lrm: 1.00 | dt: 4068.40ms | tok/sec: 257,736 | bf16_mfu: 46.36 | epoch: 1 | total time: 32.36m | eta: 263.7m
step 00486/04357 (11.15%) | loss: 3.228841 | lrm: 1.00 | dt: 4057.00ms | tok/sec: 258,460 | bf16_mfu: 46.49 | epoch: 1 | total time: 32.42m | eta: 263.7m
step 00487/04357 (11.18%) | loss: 3.231317 | lrm: 1.00 | dt: 4072.91ms | tok/sec: 257,451 | bf16_mfu: 46.31 | epoch: 1 | total time: 32.49m | eta: 263.6m
step 00488/04357 (11.20%) | loss: 3.227267 | lrm: 1.00 | dt: 4070.27ms | tok/sec: 257,618 | bf16_mfu: 46.34 | epoch: 1 | total time: 32.56m | eta: 263.5m
step 00489/04357 (11.22%) | loss: 3.218348 | lrm: 1.00 | dt: 4065.73ms | tok/sec: 257,906 | bf16_mfu: 46.40 | epoch: 1 | total time: 32.63m | eta: 263.5m
step 00490/04357 (11.25%) | loss: 3.222479 | lrm: 1.00 | dt: 4076.61ms | tok/sec: 257,217 | bf16_mfu: 46.27 | epoch: 1 | total time: 32.69m | eta: 263.4m
step 00491/04357 (11.27%) | loss: 3.225167 | lrm: 1.00 | dt: 4079.62ms | tok/sec: 257,028 | bf16_mfu: 46.24 | epoch: 1 | total time: 32.76m | eta: 263.3m
step 00492/04357 (11.29%) | loss: 3.225209 | lrm: 1.00 | dt: 4066.38ms | tok/sec: 257,864 | bf16_mfu: 46.39 | epoch: 1 | total time: 32.83m | eta: 263.3m
step 00493/04357 (11.32%) | loss: 3.212820 | lrm: 1.00 | dt: 4068.93ms | tok/sec: 257,702 | bf16_mfu: 46.36 | epoch: 1 | total time: 32.90m | eta: 263.2m
step 00494/04357 (11.34%) | loss: 3.217922 | lrm: 1.00 | dt: 4076.00ms | tok/sec: 257,255 | bf16_mfu: 46.28 | epoch: 1 | total time: 32.97m | eta: 263.1m
step 00495/04357 (11.36%) | loss: 3.218165 | lrm: 1.00 | dt: 4064.88ms | tok/sec: 257,959 | bf16_mfu: 46.40 | epoch: 1 | total time: 33.03m | eta: 263.0m
step 00496/04357 (11.38%) | loss: 3.212757 | lrm: 1.00 | dt: 4072.33ms | tok/sec: 257,487 | bf16_mfu: 46.32 | epoch: 1 | total time: 33.10m | eta: 263.0m
step 00497/04357 (11.41%) | loss: 3.218251 | lrm: 1.00 | dt: 4071.58ms | tok/sec: 257,535 | bf16_mfu: 46.33 | epoch: 1 | total time: 33.17m | eta: 262.9m
step 00498/04357 (11.43%) | loss: 3.214874 | lrm: 1.00 | dt: 4070.15ms | tok/sec: 257,626 | bf16_mfu: 46.34 | epoch: 1 | total time: 33.24m | eta: 262.8m
step 00499/04357 (11.45%) | loss: 3.221629 | lrm: 1.00 | dt: 4075.72ms | tok/sec: 257,274 | bf16_mfu: 46.28 | epoch: 1 | total time: 33.31m | eta: 262.8m
Step 00500 | Validation bpb: 0.981637
step 00500/04357 (11.48%) | loss: 3.225836 | lrm: 1.00 | dt: 4092.54ms | tok/sec: 256,216 | bf16_mfu: 46.09 | epoch: 1 | total time: 33.37m | eta: 262.7m
step 00501/04357 (11.50%) | loss: 3.231073 | lrm: 1.00 | dt: 4079.73ms | tok/sec: 257,021 | bf16_mfu: 46.24 | epoch: 1 | total time: 33.44m | eta: 262.6m
step 00502/04357 (11.52%) | loss: 3.226743 | lrm: 1.00 | dt: 4065.27ms | tok/sec: 257,935 | bf16_mfu: 46.40 | epoch: 1 | total time: 33.51m | eta: 262.6m
step 00503/04357 (11.54%) | loss: 3.233021 | lrm: 1.00 | dt: 4074.34ms | tok/sec: 257,360 | bf16_mfu: 46.30 | epoch: 1 | total time: 33.58m | eta: 262.5m
step 00504/04357 (11.57%) | loss: 3.230229 | lrm: 1.00 | dt: 4066.76ms | tok/sec: 257,840 | bf16_mfu: 46.38 | epoch: 1 | total time: 33.64m | eta: 262.4m
step 00505/04357 (11.59%) | loss: 3.225593 | lrm: 1.00 | dt: 4072.44ms | tok/sec: 257,480 | bf16_mfu: 46.32 | epoch: 1 | total time: 33.71m | eta: 262.3m
step 00506/04357 (11.61%) | loss: 3.231536 | lrm: 1.00 | dt: 4081.86ms | tok/sec: 256,886 | bf16_mfu: 46.21 | epoch: 1 | total time: 33.78m | eta: 262.3m
step 00507/04357 (11.64%) | loss: 3.228537 | lrm: 1.00 | dt: 4061.27ms | tok/sec: 258,188 | bf16_mfu: 46.45 | epoch: 1 | total time: 33.85m | eta: 262.2m
step 00508/04357 (11.66%) | loss: 3.228291 | lrm: 1.00 | dt: 4078.68ms | tok/sec: 257,086 | bf16_mfu: 46.25 | epoch: 1 | total time: 33.92m | eta: 262.1m
step 00509/04357 (11.68%) | loss: 3.228207 | lrm: 1.00 | dt: 4066.34ms | tok/sec: 257,867 | bf16_mfu: 46.39 | epoch: 1 | total time: 33.98m | eta: 262.1m
step 00510/04357 (11.71%) | loss: 3.219176 | lrm: 1.00 | dt: 4075.94ms | tok/sec: 257,260 | bf16_mfu: 46.28 | epoch: 1 | total time: 34.05m | eta: 262.0m
step 00511/04357 (11.73%) | loss: 3.236787 | lrm: 1.00 | dt: 4073.37ms | tok/sec: 257,422 | bf16_mfu: 46.31 | epoch: 1 | total time: 34.12m | eta: 261.9m
step 00512/04357 (11.75%) | loss: 3.240869 | lrm: 1.00 | dt: 4067.24ms | tok/sec: 257,810 | bf16_mfu: 46.38 | epoch: 1 | total time: 34.19m | eta: 261.9m
step 00513/04357 (11.77%) | loss: 3.254982 | lrm: 1.00 | dt: 4066.92ms | tok/sec: 257,830 | bf16_mfu: 46.38 | epoch: 1 | total time: 34.26m | eta: 261.8m
step 00514/04357 (11.80%) | loss: 3.260202 | lrm: 1.00 | dt: 4083.09ms | tok/sec: 256,809 | bf16_mfu: 46.20 | epoch: 1 | total time: 34.32m | eta: 261.7m
step 00515/04357 (11.82%) | loss: 3.254839 | lrm: 1.00 | dt: 4073.61ms | tok/sec: 257,407 | bf16_mfu: 46.31 | epoch: 1 | total time: 34.39m | eta: 261.6m
step 00516/04357 (11.84%) | loss: 3.255919 | lrm: 1.00 | dt: 4069.41ms | tok/sec: 257,673 | bf16_mfu: 46.35 | epoch: 1 | total time: 34.46m | eta: 261.6m
step 00517/04357 (11.87%) | loss: 3.258607 | lrm: 1.00 | dt: 4069.76ms | tok/sec: 257,650 | bf16_mfu: 46.35 | epoch: 1 | total time: 34.53m | eta: 261.5m
step 00518/04357 (11.89%) | loss: 3.226463 | lrm: 1.00 | dt: 4072.37ms | tok/sec: 257,485 | bf16_mfu: 46.32 | epoch: 1 | total time: 34.59m | eta: 261.4m
step 00519/04357 (11.91%) | loss: 3.224709 | lrm: 1.00 | dt: 4064.66ms | tok/sec: 257,973 | bf16_mfu: 46.41 | epoch: 1 | total time: 34.66m | eta: 261.4m
step 00520/04357 (11.93%) | loss: 3.225988 | lrm: 1.00 | dt: 4073.46ms | tok/sec: 257,416 | bf16_mfu: 46.31 | epoch: 1 | total time: 34.73m | eta: 261.3m
step 00521/04357 (11.96%) | loss: 3.227517 | lrm: 1.00 | dt: 4069.04ms | tok/sec: 257,696 | bf16_mfu: 46.36 | epoch: 1 | total time: 34.80m | eta: 261.2m
step 00522/04357 (11.98%) | loss: 3.224572 | lrm: 1.00 | dt: 4078.48ms | tok/sec: 257,099 | bf16_mfu: 46.25 | epoch: 1 | total time: 34.87m | eta: 261.2m
step 00523/04357 (12.00%) | loss: 3.219577 | lrm: 1.00 | dt: 4070.78ms | tok/sec: 257,586 | bf16_mfu: 46.34 | epoch: 1 | total time: 34.93m | eta: 261.1m
step 00524/04357 (12.03%) | loss: 3.222829 | lrm: 1.00 | dt: 4069.88ms | tok/sec: 257,642 | bf16_mfu: 46.35 | epoch: 1 | total time: 35.00m | eta: 261.0m
step 00525/04357 (12.05%) | loss: 3.217693 | lrm: 1.00 | dt: 4068.84ms | tok/sec: 257,708 | bf16_mfu: 46.36 | epoch: 1 | total time: 35.07m | eta: 260.9m
step 00526/04357 (12.07%) | loss: 3.215323 | lrm: 1.00 | dt: 4062.81ms | tok/sec: 258,091 | bf16_mfu: 46.43 | epoch: 1 | total time: 35.14m | eta: 260.9m
step 00527/04357 (12.10%) | loss: 3.219425 | lrm: 1.00 | dt: 4069.41ms | tok/sec: 257,672 | bf16_mfu: 46.35 | epoch: 1 | total time: 35.21m | eta: 260.8m
step 00528/04357 (12.12%) | loss: 3.218717 | lrm: 1.00 | dt: 4063.21ms | tok/sec: 258,066 | bf16_mfu: 46.42 | epoch: 1 | total time: 35.27m | eta: 260.7m
step 00529/04357 (12.14%) | loss: 3.220604 | lrm: 1.00 | dt: 4068.69ms | tok/sec: 257,718 | bf16_mfu: 46.36 | epoch: 1 | total time: 35.34m | eta: 260.7m
step 00530/04357 (12.16%) | loss: 3.219380 | lrm: 1.00 | dt: 4070.46ms | tok/sec: 257,606 | bf16_mfu: 46.34 | epoch: 1 | total time: 35.41m | eta: 260.6m
step 00531/04357 (12.19%) | loss: 3.221558 | lrm: 1.00 | dt: 4066.76ms | tok/sec: 257,840 | bf16_mfu: 46.38 | epoch: 1 | total time: 35.48m | eta: 260.5m
step 00532/04357 (12.21%) | loss: 3.222906 | lrm: 1.00 | dt: 4051.04ms | tok/sec: 258,841 | bf16_mfu: 46.56 | epoch: 1 | total time: 35.54m | eta: 260.5m
step 00533/04357 (12.23%) | loss: 3.229070 | lrm: 1.00 | dt: 4058.35ms | tok/sec: 258,374 | bf16_mfu: 46.48 | epoch: 1 | total time: 35.61m | eta: 260.4m
step 00534/04357 (12.26%) | loss: 3.229731 | lrm: 1.00 | dt: 4074.73ms | tok/sec: 257,336 | bf16_mfu: 46.29 | epoch: 1 | total time: 35.68m | eta: 260.3m
step 00535/04357 (12.28%) | loss: 3.228307 | lrm: 1.00 | dt: 4075.61ms | tok/sec: 257,281 | bf16_mfu: 46.28 | epoch: 1 | total time: 35.75m | eta: 260.2m
step 00536/04357 (12.30%) | loss: 3.225959 | lrm: 1.00 | dt: 4066.46ms | tok/sec: 257,859 | bf16_mfu: 46.39 | epoch: 1 | total time: 35.82m | eta: 260.2m
step 00537/04357 (12.32%) | loss: 3.223487 | lrm: 1.00 | dt: 4063.45ms | tok/sec: 258,050 | bf16_mfu: 46.42 | epoch: 1 | total time: 35.88m | eta: 260.1m
step 00538/04357 (12.35%) | loss: 3.213513 | lrm: 1.00 | dt: 4065.70ms | tok/sec: 257,908 | bf16_mfu: 46.40 | epoch: 1 | total time: 35.95m | eta: 260.0m
step 00539/04357 (12.37%) | loss: 3.215075 | lrm: 1.00 | dt: 4068.13ms | tok/sec: 257,754 | bf16_mfu: 46.37 | epoch: 1 | total time: 36.02m | eta: 260.0m
step 00540/04357 (12.39%) | loss: 3.212189 | lrm: 1.00 | dt: 4072.75ms | tok/sec: 257,461 | bf16_mfu: 46.32 | epoch: 1 | total time: 36.09m | eta: 259.9m
step 00541/04357 (12.42%) | loss: 3.217819 | lrm: 1.00 | dt: 4068.20ms | tok/sec: 257,749 | bf16_mfu: 46.37 | epoch: 1 | total time: 36.15m | eta: 259.8m
step 00542/04357 (12.44%) | loss: 3.222010 | lrm: 1.00 | dt: 4070.90ms | tok/sec: 257,578 | bf16_mfu: 46.34 | epoch: 1 | total time: 36.22m | eta: 259.8m
step 00543/04357 (12.46%) | loss: 3.215114 | lrm: 1.00 | dt: 4071.50ms | tok/sec: 257,540 | bf16_mfu: 46.33 | epoch: 1 | total time: 36.29m | eta: 259.7m
step 00544/04357 (12.49%) | loss: 3.194530 | lrm: 1.00 | dt: 4069.07ms | tok/sec: 257,694 | bf16_mfu: 46.36 | epoch: 1 | total time: 36.36m | eta: 259.6m
step 00545/04357 (12.51%) | loss: 3.197430 | lrm: 1.00 | dt: 4084.14ms | tok/sec: 256,743 | bf16_mfu: 46.19 | epoch: 1 | total time: 36.43m | eta: 259.5m
step 00546/04357 (12.53%) | loss: 3.204033 | lrm: 1.00 | dt: 4078.04ms | tok/sec: 257,127 | bf16_mfu: 46.26 | epoch: 1 | total time: 36.49m | eta: 259.5m
step 00547/04357 (12.55%) | loss: 3.198626 | lrm: 1.00 | dt: 4108.68ms | tok/sec: 255,210 | bf16_mfu: 45.91 | epoch: 1 | total time: 36.56m | eta: 259.4m
step 00548/04357 (12.58%) | loss: 3.207411 | lrm: 1.00 | dt: 4115.79ms | tok/sec: 254,769 | bf16_mfu: 45.83 | epoch: 1 | total time: 36.63m | eta: 259.3m
step 00549/04357 (12.60%) | loss: 3.212666 | lrm: 1.00 | dt: 4105.51ms | tok/sec: 255,407 | bf16_mfu: 45.95 | epoch: 1 | total time: 36.70m | eta: 259.3m
step 00550/04357 (12.62%) | loss: 3.194931 | lrm: 1.00 | dt: 4101.99ms | tok/sec: 255,626 | bf16_mfu: 45.98 | epoch: 1 | total time: 36.77m | eta: 259.2m
step 00551/04357 (12.65%) | loss: 3.187600 | lrm: 1.00 | dt: 4079.70ms | tok/sec: 257,022 | bf16_mfu: 46.24 | epoch: 1 | total time: 36.84m | eta: 259.1m
step 00552/04357 (12.67%) | loss: 3.191197 | lrm: 1.00 | dt: 4062.98ms | tok/sec: 258,080 | bf16_mfu: 46.43 | epoch: 1 | total time: 36.90m | eta: 259.1m
step 00553/04357 (12.69%) | loss: 3.196055 | lrm: 1.00 | dt: 4071.94ms | tok/sec: 257,512 | bf16_mfu: 46.32 | epoch: 1 | total time: 36.97m | eta: 259.0m
step 00554/04357 (12.72%) | loss: 3.205101 | lrm: 1.00 | dt: 4071.42ms | tok/sec: 257,545 | bf16_mfu: 46.33 | epoch: 1 | total time: 37.04m | eta: 258.9m
step 00555/04357 (12.74%) | loss: 3.202453 | lrm: 1.00 | dt: 4074.91ms | tok/sec: 257,324 | bf16_mfu: 46.29 | epoch: 1 | total time: 37.11m | eta: 258.9m
step 00556/04357 (12.76%) | loss: 3.210714 | lrm: 1.00 | dt: 4069.94ms | tok/sec: 257,638 | bf16_mfu: 46.35 | epoch: 1 | total time: 37.17m | eta: 258.8m
step 00557/04357 (12.78%) | loss: 3.206611 | lrm: 1.00 | dt: 4069.38ms | tok/sec: 257,674 | bf16_mfu: 46.35 | epoch: 1 | total time: 37.24m | eta: 258.7m
step 00558/04357 (12.81%) | loss: 3.223579 | lrm: 1.00 | dt: 4059.98ms | tok/sec: 258,270 | bf16_mfu: 46.46 | epoch: 1 | total time: 37.31m | eta: 258.7m
step 00559/04357 (12.83%) | loss: 3.211437 | lrm: 1.00 | dt: 4075.04ms | tok/sec: 257,316 | bf16_mfu: 46.29 | epoch: 1 | total time: 37.38m | eta: 258.6m
step 00560/04357 (12.85%) | loss: 3.222148 | lrm: 1.00 | dt: 4063.95ms | tok/sec: 258,019 | bf16_mfu: 46.42 | epoch: 1 | total time: 37.45m | eta: 258.5m
step 00561/04357 (12.88%) | loss: 3.220682 | lrm: 1.00 | dt: 4067.24ms | tok/sec: 257,809 | bf16_mfu: 46.38 | epoch: 1 | total time: 37.51m | eta: 258.4m
step 00562/04357 (12.90%) | loss: 3.226070 | lrm: 1.00 | dt: 4078.64ms | tok/sec: 257,089 | bf16_mfu: 46.25 | epoch: 1 | total time: 37.58m | eta: 258.4m
step 00563/04357 (12.92%) | loss: 3.234889 | lrm: 1.00 | dt: 4061.44ms | tok/sec: 258,178 | bf16_mfu: 46.44 | epoch: 1 | total time: 37.65m | eta: 258.3m
step 00564/04357 (12.94%) | loss: 3.234426 | lrm: 1.00 | dt: 4070.23ms | tok/sec: 257,620 | bf16_mfu: 46.34 | epoch: 1 | total time: 37.72m | eta: 258.2m
step 00565/04357 (12.97%) | loss: 3.234122 | lrm: 1.00 | dt: 4060.57ms | tok/sec: 258,233 | bf16_mfu: 46.45 | epoch: 1 | total time: 37.79m | eta: 258.2m
step 00566/04357 (12.99%) | loss: 3.234526 | lrm: 1.00 | dt: 4072.55ms | tok/sec: 257,474 | bf16_mfu: 46.32 | epoch: 1 | total time: 37.85m | eta: 258.1m
step 00567/04357 (13.01%) | loss: 3.225814 | lrm: 1.00 | dt: 4083.53ms | tok/sec: 256,781 | bf16_mfu: 46.19 | epoch: 1 | total time: 37.92m | eta: 258.0m
step 00568/04357 (13.04%) | loss: 3.217140 | lrm: 1.00 | dt: 4056.56ms | tok/sec: 258,489 | bf16_mfu: 46.50 | epoch: 1 | total time: 37.99m | eta: 258.0m
step 00569/04357 (13.06%) | loss: 3.217413 | lrm: 1.00 | dt: 4086.40ms | tok/sec: 256,601 | bf16_mfu: 46.16 | epoch: 1 | total time: 38.06m | eta: 257.9m
step 00570/04357 (13.08%) | loss: 3.228311 | lrm: 1.00 | dt: 4057.77ms | tok/sec: 258,411 | bf16_mfu: 46.49 | epoch: 1 | total time: 38.12m | eta: 257.8m
step 00571/04357 (13.11%) | loss: 3.239834 | lrm: 1.00 | dt: 4073.66ms | tok/sec: 257,403 | bf16_mfu: 46.30 | epoch: 1 | total time: 38.19m | eta: 257.7m
step 00572/04357 (13.13%) | loss: 3.223149 | lrm: 1.00 | dt: 4069.20ms | tok/sec: 257,686 | bf16_mfu: 46.36 | epoch: 1 | total time: 38.26m | eta: 257.7m
step 00573/04357 (13.15%) | loss: 3.216382 | lrm: 1.00 | dt: 4074.40ms | tok/sec: 257,356 | bf16_mfu: 46.30 | epoch: 1 | total time: 38.33m | eta: 257.6m
step 00574/04357 (13.17%) | loss: 3.203496 | lrm: 1.00 | dt: 4079.66ms | tok/sec: 257,025 | bf16_mfu: 46.24 | epoch: 1 | total time: 38.40m | eta: 257.5m
step 00575/04357 (13.20%) | loss: 3.200639 | lrm: 1.00 | dt: 4060.66ms | tok/sec: 258,228 | bf16_mfu: 46.45 | epoch: 1 | total time: 38.46m | eta: 257.5m
step 00576/04357 (13.22%) | loss: 3.203785 | lrm: 1.00 | dt: 4072.35ms | tok/sec: 257,486 | bf16_mfu: 46.32 | epoch: 1 | total time: 38.53m | eta: 257.4m
step 00577/04357 (13.24%) | loss: 3.200370 | lrm: 1.00 | dt: 4067.66ms | tok/sec: 257,783 | bf16_mfu: 46.37 | epoch: 1 | total time: 38.60m | eta: 257.3m
step 00578/04357 (13.27%) | loss: 3.198412 | lrm: 1.00 | dt: 4070.51ms | tok/sec: 257,603 | bf16_mfu: 46.34 | epoch: 1 | total time: 38.67m | eta: 257.3m
step 00579/04357 (13.29%) | loss: 3.202827 | lrm: 1.00 | dt: 4072.27ms | tok/sec: 257,491 | bf16_mfu: 46.32 | epoch: 1 | total time: 38.73m | eta: 257.2m
step 00580/04357 (13.31%) | loss: 3.208474 | lrm: 1.00 | dt: 4074.97ms | tok/sec: 257,320 | bf16_mfu: 46.29 | epoch: 1 | total time: 38.80m | eta: 257.1m
step 00581/04357 (13.33%) | loss: 3.210093 | lrm: 1.00 | dt: 4075.03ms | tok/sec: 257,317 | bf16_mfu: 46.29 | epoch: 1 | total time: 38.87m | eta: 257.1m
step 00582/04357 (13.36%) | loss: 3.203779 | lrm: 1.00 | dt: 4072.37ms | tok/sec: 257,485 | bf16_mfu: 46.32 | epoch: 1 | total time: 38.94m | eta: 257.0m
step 00583/04357 (13.38%) | loss: 3.210839 | lrm: 1.00 | dt: 4071.87ms | tok/sec: 257,517 | bf16_mfu: 46.33 | epoch: 1 | total time: 39.01m | eta: 256.9m
step 00584/04357 (13.40%) | loss: 3.208603 | lrm: 1.00 | dt: 4075.52ms | tok/sec: 257,286 | bf16_mfu: 46.28 | epoch: 1 | total time: 39.07m | eta: 256.8m
step 00585/04357 (13.43%) | loss: 3.204589 | lrm: 1.00 | dt: 4064.73ms | tok/sec: 257,969 | bf16_mfu: 46.41 | epoch: 1 | total time: 39.14m | eta: 256.8m
step 00586/04357 (13.45%) | loss: 3.201331 | lrm: 1.00 | dt: 4059.96ms | tok/sec: 258,272 | bf16_mfu: 46.46 | epoch: 1 | total time: 39.21m | eta: 256.7m
step 00587/04357 (13.47%) | loss: 3.190151 | lrm: 1.00 | dt: 4063.39ms | tok/sec: 258,054 | bf16_mfu: 46.42 | epoch: 1 | total time: 39.28m | eta: 256.6m
step 00588/04357 (13.50%) | loss: 3.177271 | lrm: 1.00 | dt: 4087.92ms | tok/sec: 256,505 | bf16_mfu: 46.14 | epoch: 1 | total time: 39.35m | eta: 256.6m
step 00589/04357 (13.52%) | loss: 3.176208 | lrm: 1.00 | dt: 4056.13ms | tok/sec: 258,516 | bf16_mfu: 46.50 | epoch: 1 | total time: 39.41m | eta: 256.5m
step 00590/04357 (13.54%) | loss: 3.174652 | lrm: 1.00 | dt: 4067.34ms | tok/sec: 257,804 | bf16_mfu: 46.38 | epoch: 1 | total time: 39.48m | eta: 256.4m
step 00591/04357 (13.56%) | loss: 3.186523 | lrm: 1.00 | dt: 4054.91ms | tok/sec: 258,594 | bf16_mfu: 46.52 | epoch: 1 | total time: 39.55m | eta: 256.4m
step 00592/04357 (13.59%) | loss: 3.196586 | lrm: 1.00 | dt: 4069.95ms | tok/sec: 257,638 | bf16_mfu: 46.35 | epoch: 1 | total time: 39.62m | eta: 256.3m
step 00593/04357 (13.61%) | loss: 3.198168 | lrm: 1.00 | dt: 4066.04ms | tok/sec: 257,886 | bf16_mfu: 46.39 | epoch: 1 | total time: 39.68m | eta: 256.2m
step 00594/04357 (13.63%) | loss: 3.179861 | lrm: 1.00 | dt: 4061.98ms | tok/sec: 258,143 | bf16_mfu: 46.44 | epoch: 1 | total time: 39.75m | eta: 256.1m
step 00595/04357 (13.66%) | loss: 3.164200 | lrm: 1.00 | dt: 4064.68ms | tok/sec: 257,972 | bf16_mfu: 46.41 | epoch: 1 | total time: 39.82m | eta: 256.1m
step 00596/04357 (13.68%) | loss: 3.155290 | lrm: 1.00 | dt: 4059.35ms | tok/sec: 258,311 | bf16_mfu: 46.47 | epoch: 1 | total time: 39.89m | eta: 256.0m
step 00597/04357 (13.70%) | loss: 3.159678 | lrm: 1.00 | dt: 4082.60ms | tok/sec: 256,840 | bf16_mfu: 46.20 | epoch: 1 | total time: 39.96m | eta: 255.9m
step 00598/04357 (13.73%) | loss: 3.176343 | lrm: 1.00 | dt: 4062.95ms | tok/sec: 258,082 | bf16_mfu: 46.43 | epoch: 1 | total time: 40.02m | eta: 255.9m
step 00599/04357 (13.75%) | loss: 3.179223 | lrm: 1.00 | dt: 4080.10ms | tok/sec: 256,997 | bf16_mfu: 46.23 | epoch: 1 | total time: 40.09m | eta: 255.8m
step 00600/04357 (13.77%) | loss: 3.171117 | lrm: 1.00 | dt: 4064.51ms | tok/sec: 257,983 | bf16_mfu: 46.41 | epoch: 1 | total time: 40.16m | eta: 255.7m
step 00601/04357 (13.79%) | loss: 3.182756 | lrm: 1.00 | dt: 4073.44ms | tok/sec: 257,417 | bf16_mfu: 46.31 | epoch: 1 | total time: 40.23m | eta: 255.7m
step 00602/04357 (13.82%) | loss: 3.173231 | lrm: 1.00 | dt: 4066.93ms | tok/sec: 257,830 | bf16_mfu: 46.38 | epoch: 1 | total time: 40.29m | eta: 255.6m
step 00603/04357 (13.84%) | loss: 3.170791 | lrm: 1.00 | dt: 4063.44ms | tok/sec: 258,051 | bf16_mfu: 46.42 | epoch: 1 | total time: 40.36m | eta: 255.5m
step 00604/04357 (13.86%) | loss: 3.168995 | lrm: 1.00 | dt: 4075.13ms | tok/sec: 257,310 | bf16_mfu: 46.29 | epoch: 1 | total time: 40.43m | eta: 255.4m
step 00605/04357 (13.89%) | loss: 3.181262 | lrm: 1.00 | dt: 4055.01ms | tok/sec: 258,587 | bf16_mfu: 46.52 | epoch: 1 | total time: 40.50m | eta: 255.4m
step 00606/04357 (13.91%) | loss: 3.177650 | lrm: 1.00 | dt: 4060.73ms | tok/sec: 258,223 | bf16_mfu: 46.45 | epoch: 1 | total time: 40.57m | eta: 255.3m
step 00607/04357 (13.93%) | loss: 3.193201 | lrm: 1.00 | dt: 4064.55ms | tok/sec: 257,980 | bf16_mfu: 46.41 | epoch: 1 | total time: 40.63m | eta: 255.2m
step 00608/04357 (13.95%) | loss: 3.200337 | lrm: 1.00 | dt: 4061.55ms | tok/sec: 258,171 | bf16_mfu: 46.44 | epoch: 1 | total time: 40.70m | eta: 255.2m
step 00609/04357 (13.98%) | loss: 3.203067 | lrm: 1.00 | dt: 4074.85ms | tok/sec: 257,328 | bf16_mfu: 46.29 | epoch: 1 | total time: 40.77m | eta: 255.1m
step 00610/04357 (14.00%) | loss: 3.202343 | lrm: 1.00 | dt: 4060.61ms | tok/sec: 258,231 | bf16_mfu: 46.45 | epoch: 1 | total time: 40.84m | eta: 255.0m
step 00611/04357 (14.02%) | loss: 3.192527 | lrm: 1.00 | dt: 4076.16ms | tok/sec: 257,245 | bf16_mfu: 46.28 | epoch: 1 | total time: 40.90m | eta: 255.0m
step 00612/04357 (14.05%) | loss: 3.181820 | lrm: 1.00 | dt: 4068.44ms | tok/sec: 257,734 | bf16_mfu: 46.36 | epoch: 1 | total time: 40.97m | eta: 254.9m
step 00613/04357 (14.07%) | loss: 3.183979 | lrm: 1.00 | dt: 4079.76ms | tok/sec: 257,018 | bf16_mfu: 46.24 | epoch: 1 | total time: 41.04m | eta: 254.8m
step 00614/04357 (14.09%) | loss: 3.181859 | lrm: 1.00 | dt: 4061.26ms | tok/sec: 258,190 | bf16_mfu: 46.45 | epoch: 1 | total time: 41.11m | eta: 254.7m
step 00615/04357 (14.12%) | loss: 3.178252 | lrm: 1.00 | dt: 4070.13ms | tok/sec: 257,626 | bf16_mfu: 46.34 | epoch: 1 | total time: 41.18m | eta: 254.7m
step 00616/04357 (14.14%) | loss: 3.167522 | lrm: 1.00 | dt: 4064.80ms | tok/sec: 257,965 | bf16_mfu: 46.41 | epoch: 1 | total time: 41.24m | eta: 254.6m
step 00617/04357 (14.16%) | loss: 3.171263 | lrm: 1.00 | dt: 4071.70ms | tok/sec: 257,528 | bf16_mfu: 46.33 | epoch: 1 | total time: 41.31m | eta: 254.5m
step 00618/04357 (14.18%) | loss: 3.166395 | lrm: 1.00 | dt: 4064.22ms | tok/sec: 258,001 | bf16_mfu: 46.41 | epoch: 1 | total time: 41.38m | eta: 254.5m
step 00619/04357 (14.21%) | loss: 3.175512 | lrm: 1.00 | dt: 4068.96ms | tok/sec: 257,701 | bf16_mfu: 46.36 | epoch: 1 | total time: 41.45m | eta: 254.4m
step 00620/04357 (14.23%) | loss: 3.163036 | lrm: 1.00 | dt: 4062.83ms | tok/sec: 258,090 | bf16_mfu: 46.43 | epoch: 1 | total time: 41.51m | eta: 254.3m
step 00621/04357 (14.25%) | loss: 3.159949 | lrm: 1.00 | dt: 4059.88ms | tok/sec: 258,277 | bf16_mfu: 46.46 | epoch: 1 | total time: 41.58m | eta: 254.3m
step 00622/04357 (14.28%) | loss: 3.156497 | lrm: 1.00 | dt: 4076.12ms | tok/sec: 257,248 | bf16_mfu: 46.28 | epoch: 1 | total time: 41.65m | eta: 254.2m
step 00623/04357 (14.30%) | loss: 3.153899 | lrm: 1.00 | dt: 4068.94ms | tok/sec: 257,702 | bf16_mfu: 46.36 | epoch: 1 | total time: 41.72m | eta: 254.1m
step 00624/04357 (14.32%) | loss: 3.139603 | lrm: 1.00 | dt: 4072.49ms | tok/sec: 257,478 | bf16_mfu: 46.32 | epoch: 1 | total time: 41.79m | eta: 254.1m
step 00625/04357 (14.34%) | loss: 3.116161 | lrm: 1.00 | dt: 4071.81ms | tok/sec: 257,521 | bf16_mfu: 46.33 | epoch: 1 | total time: 41.85m | eta: 254.0m
step 00626/04357 (14.37%) | loss: 3.120370 | lrm: 1.00 | dt: 4069.60ms | tok/sec: 257,660 | bf16_mfu: 46.35 | epoch: 1 | total time: 41.92m | eta: 253.9m
step 00627/04357 (14.39%) | loss: 3.126403 | lrm: 1.00 | dt: 4068.00ms | tok/sec: 257,762 | bf16_mfu: 46.37 | epoch: 1 | total time: 41.99m | eta: 253.8m
step 00628/04357 (14.41%) | loss: 3.127952 | lrm: 1.00 | dt: 4061.80ms | tok/sec: 258,155 | bf16_mfu: 46.44 | epoch: 1 | total time: 42.06m | eta: 253.8m
step 00629/04357 (14.44%) | loss: 3.137834 | lrm: 1.00 | dt: 4074.26ms | tok/sec: 257,365 | bf16_mfu: 46.30 | epoch: 1 | total time: 42.13m | eta: 253.7m
step 00630/04357 (14.46%) | loss: 3.145834 | lrm: 1.00 | dt: 4062.37ms | tok/sec: 258,119 | bf16_mfu: 46.43 | epoch: 1 | total time: 42.19m | eta: 253.6m
step 00631/04357 (14.48%) | loss: 3.128215 | lrm: 1.00 | dt: 4068.00ms | tok/sec: 257,762 | bf16_mfu: 46.37 | epoch: 1 | total time: 42.26m | eta: 253.6m
step 00632/04357 (14.51%) | loss: 3.131828 | lrm: 1.00 | dt: 4061.52ms | tok/sec: 258,173 | bf16_mfu: 46.44 | epoch: 1 | total time: 42.33m | eta: 253.5m
step 00633/04357 (14.53%) | loss: 3.130785 | lrm: 1.00 | dt: 4078.68ms | tok/sec: 257,087 | bf16_mfu: 46.25 | epoch: 1 | total time: 42.40m | eta: 253.4m
step 00634/04357 (14.55%) | loss: 3.137806 | lrm: 1.00 | dt: 4065.14ms | tok/sec: 257,943 | bf16_mfu: 46.40 | epoch: 1 | total time: 42.46m | eta: 253.4m
step 00635/04357 (14.57%) | loss: 3.134355 | lrm: 1.00 | dt: 4065.40ms | tok/sec: 257,926 | bf16_mfu: 46.40 | epoch: 1 | total time: 42.53m | eta: 253.3m
step 00636/04357 (14.60%) | loss: 3.135367 | lrm: 1.00 | dt: 4069.73ms | tok/sec: 257,652 | bf16_mfu: 46.35 | epoch: 1 | total time: 42.60m | eta: 253.2m
step 00637/04357 (14.62%) | loss: 3.129501 | lrm: 1.00 | dt: 4066.24ms | tok/sec: 257,873 | bf16_mfu: 46.39 | epoch: 1 | total time: 42.67m | eta: 253.1m
step 00638/04357 (14.64%) | loss: 3.138601 | lrm: 1.00 | dt: 4067.72ms | tok/sec: 257,779 | bf16_mfu: 46.37 | epoch: 1 | total time: 42.74m | eta: 253.1m
step 00639/04357 (14.67%) | loss: 3.133728 | lrm: 1.00 | dt: 4064.93ms | tok/sec: 257,956 | bf16_mfu: 46.40 | epoch: 1 | total time: 42.80m | eta: 253.0m
step 00640/04357 (14.69%) | loss: 3.140208 | lrm: 1.00 | dt: 4072.31ms | tok/sec: 257,489 | bf16_mfu: 46.32 | epoch: 1 | total time: 42.87m | eta: 252.9m
step 00641/04357 (14.71%) | loss: 3.143195 | lrm: 1.00 | dt: 4071.44ms | tok/sec: 257,544 | bf16_mfu: 46.33 | epoch: 1 | total time: 42.94m | eta: 252.9m
step 00642/04357 (14.73%) | loss: 3.131824 | lrm: 1.00 | dt: 4077.83ms | tok/sec: 257,140 | bf16_mfu: 46.26 | epoch: 1 | total time: 43.01m | eta: 252.8m
step 00643/04357 (14.76%) | loss: 3.145185 | lrm: 1.00 | dt: 4076.44ms | tok/sec: 257,228 | bf16_mfu: 46.27 | epoch: 1 | total time: 43.07m | eta: 252.7m
step 00644/04357 (14.78%) | loss: 3.134461 | lrm: 1.00 | dt: 4062.77ms | tok/sec: 258,094 | bf16_mfu: 46.43 | epoch: 1 | total time: 43.14m | eta: 252.7m
step 00645/04357 (14.80%) | loss: 3.142021 | lrm: 1.00 | dt: 4073.45ms | tok/sec: 257,416 | bf16_mfu: 46.31 | epoch: 1 | total time: 43.21m | eta: 252.6m
step 00646/04357 (14.83%) | loss: 3.139388 | lrm: 1.00 | dt: 4068.84ms | tok/sec: 257,708 | bf16_mfu: 46.36 | epoch: 1 | total time: 43.28m | eta: 252.5m
step 00647/04357 (14.85%) | loss: 3.144880 | lrm: 1.00 | dt: 4074.64ms | tok/sec: 257,342 | bf16_mfu: 46.29 | epoch: 1 | total time: 43.35m | eta: 252.5m
step 00648/04357 (14.87%) | loss: 3.155176 | lrm: 1.00 | dt: 4066.95ms | tok/sec: 257,828 | bf16_mfu: 46.38 | epoch: 1 | total time: 43.41m | eta: 252.4m
step 00649/04357 (14.90%) | loss: 3.152217 | lrm: 1.00 | dt: 4063.21ms | tok/sec: 258,065 | bf16_mfu: 46.42 | epoch: 1 | total time: 43.48m | eta: 252.3m
step 00650/04357 (14.92%) | loss: 3.148190 | lrm: 1.00 | dt: 4063.88ms | tok/sec: 258,023 | bf16_mfu: 46.42 | epoch: 1 | total time: 43.55m | eta: 252.2m
step 00651/04357 (14.94%) | loss: 3.156372 | lrm: 1.00 | dt: 4076.18ms | tok/sec: 257,244 | bf16_mfu: 46.28 | epoch: 1 | total time: 43.62m | eta: 252.2m
step 00652/04357 (14.96%) | loss: 3.149592 | lrm: 1.00 | dt: 4065.04ms | tok/sec: 257,949 | bf16_mfu: 46.40 | epoch: 1 | total time: 43.68m | eta: 252.1m
step 00653/04357 (14.99%) | loss: 3.140485 | lrm: 1.00 | dt: 4064.95ms | tok/sec: 257,955 | bf16_mfu: 46.40 | epoch: 1 | total time: 43.75m | eta: 252.0m
step 00654/04357 (15.01%) | loss: 3.138076 | lrm: 1.00 | dt: 4072.44ms | tok/sec: 257,481 | bf16_mfu: 46.32 | epoch: 1 | total time: 43.82m | eta: 252.0m
step 00655/04357 (15.03%) | loss: 3.134181 | lrm: 1.00 | dt: 4074.11ms | tok/sec: 257,375 | bf16_mfu: 46.30 | epoch: 1 | total time: 43.89m | eta: 251.9m
step 00656/04357 (15.06%) | loss: 3.142428 | lrm: 1.00 | dt: 4074.55ms | tok/sec: 257,347 | bf16_mfu: 46.29 | epoch: 1 | total time: 43.96m | eta: 251.8m
step 00657/04357 (15.08%) | loss: 3.146095 | lrm: 1.00 | dt: 4071.01ms | tok/sec: 257,571 | bf16_mfu: 46.33 | epoch: 1 | total time: 44.02m | eta: 251.8m
step 00658/04357 (15.10%) | loss: 3.137181 | lrm: 1.00 | dt: 4070.27ms | tok/sec: 257,618 | bf16_mfu: 46.34 | epoch: 1 | total time: 44.09m | eta: 251.7m
step 00659/04357 (15.13%) | loss: 3.138530 | lrm: 1.00 | dt: 4075.29ms | tok/sec: 257,301 | bf16_mfu: 46.29 | epoch: 1 | total time: 44.16m | eta: 251.6m
step 00660/04357 (15.15%) | loss: 3.136417 | lrm: 1.00 | dt: 4067.59ms | tok/sec: 257,788 | bf16_mfu: 46.37 | epoch: 1 | total time: 44.23m | eta: 251.6m
step 00661/04357 (15.17%) | loss: 3.136648 | lrm: 1.00 | dt: 4066.60ms | tok/sec: 257,850 | bf16_mfu: 46.39 | epoch: 1 | total time: 44.30m | eta: 251.5m
step 00662/04357 (15.19%) | loss: 3.130911 | lrm: 1.00 | dt: 4065.16ms | tok/sec: 257,941 | bf16_mfu: 46.40 | epoch: 1 | total time: 44.36m | eta: 251.4m
step 00663/04357 (15.22%) | loss: 3.120891 | lrm: 1.00 | dt: 4057.92ms | tok/sec: 258,402 | bf16_mfu: 46.48 | epoch: 1 | total time: 44.43m | eta: 251.3m
step 00664/04357 (15.24%) | loss: 3.135875 | lrm: 1.00 | dt: 4084.39ms | tok/sec: 256,727 | bf16_mfu: 46.18 | epoch: 1 | total time: 44.50m | eta: 251.3m
step 00665/04357 (15.26%) | loss: 3.152160 | lrm: 1.00 | dt: 4085.52ms | tok/sec: 256,656 | bf16_mfu: 46.17 | epoch: 1 | total time: 44.57m | eta: 251.2m
step 00666/04357 (15.29%) | loss: 3.142403 | lrm: 1.00 | dt: 4105.07ms | tok/sec: 255,434 | bf16_mfu: 45.95 | epoch: 1 | total time: 44.64m | eta: 251.1m
step 00667/04357 (15.31%) | loss: 3.140587 | lrm: 1.00 | dt: 4123.70ms | tok/sec: 254,280 | bf16_mfu: 45.74 | epoch: 1 | total time: 44.70m | eta: 251.1m
step 00668/04357 (15.33%) | loss: 3.138245 | lrm: 1.00 | dt: 4107.12ms | tok/sec: 255,306 | bf16_mfu: 45.93 | epoch: 1 | total time: 44.77m | eta: 251.0m
step 00669/04357 (15.35%) | loss: 3.133400 | lrm: 1.00 | dt: 4095.44ms | tok/sec: 256,034 | bf16_mfu: 46.06 | epoch: 1 | total time: 44.84m | eta: 250.9m
step 00670/04357 (15.38%) | loss: 3.133008 | lrm: 1.00 | dt: 4083.52ms | tok/sec: 256,782 | bf16_mfu: 46.19 | epoch: 1 | total time: 44.91m | eta: 250.9m
step 00671/04357 (15.40%) | loss: 3.144215 | lrm: 1.00 | dt: 4084.48ms | tok/sec: 256,721 | bf16_mfu: 46.18 | epoch: 1 | total time: 44.98m | eta: 250.8m
step 00672/04357 (15.42%) | loss: 3.144678 | lrm: 1.00 | dt: 4056.12ms | tok/sec: 258,517 | bf16_mfu: 46.51 | epoch: 1 | total time: 45.04m | eta: 250.7m
step 00673/04357 (15.45%) | loss: 3.140671 | lrm: 1.00 | dt: 4069.73ms | tok/sec: 257,652 | bf16_mfu: 46.35 | epoch: 1 | total time: 45.11m | eta: 250.7m
step 00674/04357 (15.47%) | loss: 3.138941 | lrm: 1.00 | dt: 4066.13ms | tok/sec: 257,880 | bf16_mfu: 46.39 | epoch: 1 | total time: 45.18m | eta: 250.6m
step 00675/04357 (15.49%) | loss: 3.148759 | lrm: 1.00 | dt: 4075.15ms | tok/sec: 257,309 | bf16_mfu: 46.29 | epoch: 1 | total time: 45.25m | eta: 250.5m
step 00676/04357 (15.52%) | loss: 3.151729 | lrm: 1.00 | dt: 4057.13ms | tok/sec: 258,452 | bf16_mfu: 46.49 | epoch: 1 | total time: 45.32m | eta: 250.5m
step 00677/04357 (15.54%) | loss: 3.140970 | lrm: 1.00 | dt: 4075.32ms | tok/sec: 257,298 | bf16_mfu: 46.29 | epoch: 1 | total time: 45.38m | eta: 250.4m
step 00678/04357 (15.56%) | loss: 3.141426 | lrm: 1.00 | dt: 4071.67ms | tok/sec: 257,529 | bf16_mfu: 46.33 | epoch: 1 | total time: 45.45m | eta: 250.3m
step 00679/04357 (15.58%) | loss: 3.136915 | lrm: 1.00 | dt: 4069.14ms | tok/sec: 257,689 | bf16_mfu: 46.36 | epoch: 1 | total time: 45.52m | eta: 250.3m
step 00680/04357 (15.61%) | loss: 3.138406 | lrm: 1.00 | dt: 4049.77ms | tok/sec: 258,922 | bf16_mfu: 46.58 | epoch: 1 | total time: 45.59m | eta: 250.2m
step 00681/04357 (15.63%) | loss: 3.135184 | lrm: 1.00 | dt: 4070.17ms | tok/sec: 257,624 | bf16_mfu: 46.34 | epoch: 1 | total time: 45.65m | eta: 250.1m
step 00682/04357 (15.65%) | loss: 3.134398 | lrm: 1.00 | dt: 4061.38ms | tok/sec: 258,182 | bf16_mfu: 46.44 | epoch: 1 | total time: 45.72m | eta: 250.0m
step 00683/04357 (15.68%) | loss: 3.137843 | lrm: 1.00 | dt: 4066.45ms | tok/sec: 257,860 | bf16_mfu: 46.39 | epoch: 1 | total time: 45.79m | eta: 250.0m
step 00684/04357 (15.70%) | loss: 3.157874 | lrm: 1.00 | dt: 4066.23ms | tok/sec: 257,874 | bf16_mfu: 46.39 | epoch: 1 | total time: 45.86m | eta: 249.9m
step 00685/04357 (15.72%) | loss: 3.159832 | lrm: 1.00 | dt: 4067.01ms | tok/sec: 257,824 | bf16_mfu: 46.38 | epoch: 1 | total time: 45.93m | eta: 249.8m
step 00686/04357 (15.74%) | loss: 3.157174 | lrm: 1.00 | dt: 4065.89ms | tok/sec: 257,896 | bf16_mfu: 46.39 | epoch: 1 | total time: 45.99m | eta: 249.8m
step 00687/04357 (15.77%) | loss: 3.155417 | lrm: 1.00 | dt: 4062.46ms | tok/sec: 258,113 | bf16_mfu: 46.43 | epoch: 1 | total time: 46.06m | eta: 249.7m
step 00688/04357 (15.79%) | loss: 3.155980 | lrm: 1.00 | dt: 4066.77ms | tok/sec: 257,840 | bf16_mfu: 46.38 | epoch: 1 | total time: 46.13m | eta: 249.6m
step 00689/04357 (15.81%) | loss: 3.159154 | lrm: 1.00 | dt: 4059.03ms | tok/sec: 258,331 | bf16_mfu: 46.47 | epoch: 1 | total time: 46.20m | eta: 249.6m
step 00690/04357 (15.84%) | loss: 3.156580 | lrm: 1.00 | dt: 4071.73ms | tok/sec: 257,526 | bf16_mfu: 46.33 | epoch: 1 | total time: 46.26m | eta: 249.5m
step 00691/04357 (15.86%) | loss: 3.167170 | lrm: 1.00 | dt: 4069.69ms | tok/sec: 257,654 | bf16_mfu: 46.35 | epoch: 1 | total time: 46.33m | eta: 249.4m
step 00692/04357 (15.88%) | loss: 3.157315 | lrm: 1.00 | dt: 4064.72ms | tok/sec: 257,970 | bf16_mfu: 46.41 | epoch: 1 | total time: 46.40m | eta: 249.3m
step 00693/04357 (15.91%) | loss: 3.150345 | lrm: 1.00 | dt: 4062.65ms | tok/sec: 258,101 | bf16_mfu: 46.43 | epoch: 1 | total time: 46.47m | eta: 249.3m
step 00694/04357 (15.93%) | loss: 3.158786 | lrm: 1.00 | dt: 4071.64ms | tok/sec: 257,531 | bf16_mfu: 46.33 | epoch: 1 | total time: 46.54m | eta: 249.2m
step 00695/04357 (15.95%) | loss: 3.156696 | lrm: 1.00 | dt: 4069.43ms | tok/sec: 257,671 | bf16_mfu: 46.35 | epoch: 1 | total time: 46.60m | eta: 249.1m
step 00696/04357 (15.97%) | loss: 3.163212 | lrm: 1.00 | dt: 4079.01ms | tok/sec: 257,066 | bf16_mfu: 46.24 | epoch: 1 | total time: 46.67m | eta: 249.1m
step 00697/04357 (16.00%) | loss: 3.168952 | lrm: 1.00 | dt: 4069.03ms | tok/sec: 257,696 | bf16_mfu: 46.36 | epoch: 1 | total time: 46.74m | eta: 249.0m
step 00698/04357 (16.02%) | loss: 3.152369 | lrm: 1.00 | dt: 4065.74ms | tok/sec: 257,905 | bf16_mfu: 46.39 | epoch: 1 | total time: 46.81m | eta: 248.9m
step 00699/04357 (16.04%) | loss: 3.139180 | lrm: 1.00 | dt: 4072.77ms | tok/sec: 257,459 | bf16_mfu: 46.31 | epoch: 1 | total time: 46.87m | eta: 248.9m
step 00700/04357 (16.07%) | loss: 3.139212 | lrm: 1.00 | dt: 4066.14ms | tok/sec: 257,879 | bf16_mfu: 46.39 | epoch: 1 | total time: 46.94m | eta: 248.8m
step 00701/04357 (16.09%) | loss: 3.122080 | lrm: 1.00 | dt: 4067.52ms | tok/sec: 257,792 | bf16_mfu: 46.37 | epoch: 1 | total time: 47.01m | eta: 248.7m
step 00702/04357 (16.11%) | loss: 3.121493 | lrm: 1.00 | dt: 4062.73ms | tok/sec: 258,096 | bf16_mfu: 46.43 | epoch: 1 | total time: 47.08m | eta: 248.7m
step 00703/04357 (16.13%) | loss: 3.114859 | lrm: 1.00 | dt: 4066.21ms | tok/sec: 257,875 | bf16_mfu: 46.39 | epoch: 1 | total time: 47.15m | eta: 248.6m
step 00704/04357 (16.16%) | loss: 3.115570 | lrm: 1.00 | dt: 4060.07ms | tok/sec: 258,265 | bf16_mfu: 46.46 | epoch: 1 | total time: 47.21m | eta: 248.5m
step 00705/04357 (16.18%) | loss: 3.120724 | lrm: 1.00 | dt: 4066.82ms | tok/sec: 257,836 | bf16_mfu: 46.38 | epoch: 1 | total time: 47.28m | eta: 248.4m
step 00706/04357 (16.20%) | loss: 3.111406 | lrm: 1.00 | dt: 4065.93ms | tok/sec: 257,893 | bf16_mfu: 46.39 | epoch: 1 | total time: 47.35m | eta: 248.4m
step 00707/04357 (16.23%) | loss: 3.116982 | lrm: 1.00 | dt: 4069.87ms | tok/sec: 257,643 | bf16_mfu: 46.35 | epoch: 1 | total time: 47.42m | eta: 248.3m
step 00708/04357 (16.25%) | loss: 3.121656 | lrm: 1.00 | dt: 4077.93ms | tok/sec: 257,134 | bf16_mfu: 46.26 | epoch: 1 | total time: 47.48m | eta: 248.2m
step 00709/04357 (16.27%) | loss: 3.140231 | lrm: 1.00 | dt: 4058.37ms | tok/sec: 258,373 | bf16_mfu: 46.48 | epoch: 1 | total time: 47.55m | eta: 248.2m
step 00710/04357 (16.30%) | loss: 3.146351 | lrm: 1.00 | dt: 4072.09ms | tok/sec: 257,503 | bf16_mfu: 46.32 | epoch: 1 | total time: 47.62m | eta: 248.1m
step 00711/04357 (16.32%) | loss: 3.140762 | lrm: 1.00 | dt: 4073.19ms | tok/sec: 257,433 | bf16_mfu: 46.31 | epoch: 1 | total time: 47.69m | eta: 248.0m
step 00712/04357 (16.34%) | loss: 3.127970 | lrm: 1.00 | dt: 4064.04ms | tok/sec: 258,013 | bf16_mfu: 46.41 | epoch: 1 | total time: 47.76m | eta: 248.0m
step 00713/04357 (16.36%) | loss: 3.125206 | lrm: 1.00 | dt: 4065.76ms | tok/sec: 257,904 | bf16_mfu: 46.39 | epoch: 1 | total time: 47.82m | eta: 247.9m
step 00714/04357 (16.39%) | loss: 3.127746 | lrm: 1.00 | dt: 4062.69ms | tok/sec: 258,098 | bf16_mfu: 46.43 | epoch: 1 | total time: 47.89m | eta: 247.8m
step 00715/04357 (16.41%) | loss: 3.129392 | lrm: 1.00 | dt: 4073.22ms | tok/sec: 257,431 | bf16_mfu: 46.31 | epoch: 1 | total time: 47.96m | eta: 247.8m
step 00716/04357 (16.43%) | loss: 3.118640 | lrm: 1.00 | dt: 4064.06ms | tok/sec: 258,011 | bf16_mfu: 46.41 | epoch: 1 | total time: 48.03m | eta: 247.7m
step 00717/04357 (16.46%) | loss: 3.114149 | lrm: 1.00 | dt: 4072.62ms | tok/sec: 257,469 | bf16_mfu: 46.32 | epoch: 1 | total time: 48.09m | eta: 247.6m
step 00718/04357 (16.48%) | loss: 3.112519 | lrm: 1.00 | dt: 4066.21ms | tok/sec: 257,875 | bf16_mfu: 46.39 | epoch: 1 | total time: 48.16m | eta: 247.5m
step 00719/04357 (16.50%) | loss: 3.110970 | lrm: 1.00 | dt: 4062.86ms | tok/sec: 258,088 | bf16_mfu: 46.43 | epoch: 1 | total time: 48.23m | eta: 247.5m
step 00720/04357 (16.53%) | loss: 3.112701 | lrm: 1.00 | dt: 4063.18ms | tok/sec: 258,067 | bf16_mfu: 46.42 | epoch: 1 | total time: 48.30m | eta: 247.4m
step 00721/04357 (16.55%) | loss: 3.104335 | lrm: 1.00 | dt: 4068.93ms | tok/sec: 257,703 | bf16_mfu: 46.36 | epoch: 1 | total time: 48.37m | eta: 247.3m
step 00722/04357 (16.57%) | loss: 3.109314 | lrm: 1.00 | dt: 4066.29ms | tok/sec: 257,870 | bf16_mfu: 46.39 | epoch: 1 | total time: 48.43m | eta: 247.3m
step 00723/04357 (16.59%) | loss: 3.104744 | lrm: 1.00 | dt: 4058.95ms | tok/sec: 258,336 | bf16_mfu: 46.47 | epoch: 1 | total time: 48.50m | eta: 247.2m
step 00724/04357 (16.62%) | loss: 3.108806 | lrm: 1.00 | dt: 4063.58ms | tok/sec: 258,042 | bf16_mfu: 46.42 | epoch: 1 | total time: 48.57m | eta: 247.1m
step 00725/04357 (16.64%) | loss: 3.122941 | lrm: 1.00 | dt: 4071.07ms | tok/sec: 257,567 | bf16_mfu: 46.33 | epoch: 1 | total time: 48.64m | eta: 247.1m
step 00726/04357 (16.66%) | loss: 3.121334 | lrm: 1.00 | dt: 4054.78ms | tok/sec: 258,602 | bf16_mfu: 46.52 | epoch: 1 | total time: 48.70m | eta: 247.0m
step 00727/04357 (16.69%) | loss: 3.124570 | lrm: 1.00 | dt: 4069.11ms | tok/sec: 257,691 | bf16_mfu: 46.36 | epoch: 1 | total time: 48.77m | eta: 246.9m
step 00728/04357 (16.71%) | loss: 3.138064 | lrm: 1.00 | dt: 4060.43ms | tok/sec: 258,242 | bf16_mfu: 46.46 | epoch: 1 | total time: 48.84m | eta: 246.9m
step 00729/04357 (16.73%) | loss: 3.129819 | lrm: 1.00 | dt: 4065.36ms | tok/sec: 257,929 | bf16_mfu: 46.40 | epoch: 1 | total time: 48.91m | eta: 246.8m
step 00730/04357 (16.75%) | loss: 3.139768 | lrm: 1.00 | dt: 4069.46ms | tok/sec: 257,669 | bf16_mfu: 46.35 | epoch: 1 | total time: 48.98m | eta: 246.7m
step 00731/04357 (16.78%) | loss: 3.129755 | lrm: 1.00 | dt: 4064.79ms | tok/sec: 257,965 | bf16_mfu: 46.41 | epoch: 1 | total time: 49.04m | eta: 246.6m
step 00732/04357 (16.80%) | loss: 3.118738 | lrm: 1.00 | dt: 4066.93ms | tok/sec: 257,830 | bf16_mfu: 46.38 | epoch: 1 | total time: 49.11m | eta: 246.6m
step 00733/04357 (16.82%) | loss: 3.127456 | lrm: 1.00 | dt: 4061.62ms | tok/sec: 258,166 | bf16_mfu: 46.44 | epoch: 1 | total time: 49.18m | eta: 246.5m
step 00734/04357 (16.85%) | loss: 3.127971 | lrm: 1.00 | dt: 4071.58ms | tok/sec: 257,535 | bf16_mfu: 46.33 | epoch: 1 | total time: 49.25m | eta: 246.4m
step 00735/04357 (16.87%) | loss: 3.125146 | lrm: 1.00 | dt: 4054.02ms | tok/sec: 258,650 | bf16_mfu: 46.53 | epoch: 1 | total time: 49.31m | eta: 246.4m
step 00736/04357 (16.89%) | loss: 3.111195 | lrm: 1.00 | dt: 4074.19ms | tok/sec: 257,370 | bf16_mfu: 46.30 | epoch: 1 | total time: 49.38m | eta: 246.3m
step 00737/04357 (16.92%) | loss: 3.116672 | lrm: 1.00 | dt: 4074.18ms | tok/sec: 257,370 | bf16_mfu: 46.30 | epoch: 1 | total time: 49.45m | eta: 246.2m
step 00738/04357 (16.94%) | loss: 3.122163 | lrm: 1.00 | dt: 4068.88ms | tok/sec: 257,706 | bf16_mfu: 46.36 | epoch: 1 | total time: 49.52m | eta: 246.2m
step 00739/04357 (16.96%) | loss: 3.121568 | lrm: 1.00 | dt: 4074.77ms | tok/sec: 257,333 | bf16_mfu: 46.29 | epoch: 1 | total time: 49.59m | eta: 246.1m
step 00740/04357 (16.98%) | loss: 3.118333 | lrm: 1.00 | dt: 4068.59ms | tok/sec: 257,724 | bf16_mfu: 46.36 | epoch: 1 | total time: 49.65m | eta: 246.0m
step 00741/04357 (17.01%) | loss: 3.120976 | lrm: 1.00 | dt: 4068.31ms | tok/sec: 257,742 | bf16_mfu: 46.37 | epoch: 1 | total time: 49.72m | eta: 246.0m
step 00742/04357 (17.03%) | loss: 3.121081 | lrm: 1.00 | dt: 4067.33ms | tok/sec: 257,804 | bf16_mfu: 46.38 | epoch: 1 | total time: 49.79m | eta: 245.9m
step 00743/04357 (17.05%) | loss: 3.111706 | lrm: 1.00 | dt: 4069.56ms | tok/sec: 257,663 | bf16_mfu: 46.35 | epoch: 1 | total time: 49.86m | eta: 245.8m
step 00744/04357 (17.08%) | loss: 3.110847 | lrm: 1.00 | dt: 4058.06ms | tok/sec: 258,393 | bf16_mfu: 46.48 | epoch: 1 | total time: 49.92m | eta: 245.7m
step 00745/04357 (17.10%) | loss: 3.109018 | lrm: 1.00 | dt: 4068.95ms | tok/sec: 257,701 | bf16_mfu: 46.36 | epoch: 1 | total time: 49.99m | eta: 245.7m
step 00746/04357 (17.12%) | loss: 3.133391 | lrm: 1.00 | dt: 4074.50ms | tok/sec: 257,350 | bf16_mfu: 46.30 | epoch: 1 | total time: 50.06m | eta: 245.6m
step 00747/04357 (17.14%) | loss: 3.142476 | lrm: 1.00 | dt: 4067.14ms | tok/sec: 257,816 | bf16_mfu: 46.38 | epoch: 1 | total time: 50.13m | eta: 245.5m
step 00748/04357 (17.17%) | loss: 3.142120 | lrm: 1.00 | dt: 4067.56ms | tok/sec: 257,789 | bf16_mfu: 46.37 | epoch: 1 | total time: 50.20m | eta: 245.5m
step 00749/04357 (17.19%) | loss: 3.134613 | lrm: 1.00 | dt: 4060.34ms | tok/sec: 258,248 | bf16_mfu: 46.46 | epoch: 1 | total time: 50.26m | eta: 245.4m
Step 00750 | Validation bpb: 0.945182
step 00750/04357 (17.21%) | loss: 3.116541 | lrm: 1.00 | dt: 4076.52ms | tok/sec: 257,223 | bf16_mfu: 46.27 | epoch: 1 | total time: 50.33m | eta: 245.3m
step 00751/04357 (17.24%) | loss: 3.120160 | lrm: 1.00 | dt: 4063.13ms | tok/sec: 258,070 | bf16_mfu: 46.42 | epoch: 1 | total time: 50.40m | eta: 245.3m
step 00752/04357 (17.26%) | loss: 3.116548 | lrm: 1.00 | dt: 4060.20ms | tok/sec: 258,257 | bf16_mfu: 46.46 | epoch: 1 | total time: 50.47m | eta: 245.2m
step 00753/04357 (17.28%) | loss: 3.123268 | lrm: 1.00 | dt: 4062.60ms | tok/sec: 258,104 | bf16_mfu: 46.43 | epoch: 1 | total time: 50.53m | eta: 245.1m
step 00754/04357 (17.31%) | loss: 3.129986 | lrm: 1.00 | dt: 4059.79ms | tok/sec: 258,283 | bf16_mfu: 46.46 | epoch: 1 | total time: 50.60m | eta: 245.1m
step 00755/04357 (17.33%) | loss: 3.127529 | lrm: 1.00 | dt: 4054.25ms | tok/sec: 258,636 | bf16_mfu: 46.53 | epoch: 1 | total time: 50.67m | eta: 245.0m
step 00756/04357 (17.35%) | loss: 3.120250 | lrm: 1.00 | dt: 4069.06ms | tok/sec: 257,694 | bf16_mfu: 46.36 | epoch: 1 | total time: 50.74m | eta: 244.9m
step 00757/04357 (17.37%) | loss: 3.120853 | lrm: 1.00 | dt: 4072.23ms | tok/sec: 257,494 | bf16_mfu: 46.32 | epoch: 1 | total time: 50.81m | eta: 244.8m
step 00758/04357 (17.40%) | loss: 3.125579 | lrm: 1.00 | dt: 4054.21ms | tok/sec: 258,638 | bf16_mfu: 46.53 | epoch: 1 | total time: 50.87m | eta: 244.8m
step 00759/04357 (17.42%) | loss: 3.120832 | lrm: 1.00 | dt: 4064.74ms | tok/sec: 257,969 | bf16_mfu: 46.41 | epoch: 1 | total time: 50.94m | eta: 244.7m
step 00760/04357 (17.44%) | loss: 3.147757 | lrm: 1.00 | dt: 4061.95ms | tok/sec: 258,145 | bf16_mfu: 46.44 | epoch: 1 | total time: 51.01m | eta: 244.6m
step 00761/04357 (17.47%) | loss: 3.142234 | lrm: 1.00 | dt: 4066.46ms | tok/sec: 257,859 | bf16_mfu: 46.39 | epoch: 1 | total time: 51.08m | eta: 244.6m
step 00762/04357 (17.49%) | loss: 3.138635 | lrm: 1.00 | dt: 4064.52ms | tok/sec: 257,982 | bf16_mfu: 46.41 | epoch: 1 | total time: 51.14m | eta: 244.5m
step 00763/04357 (17.51%) | loss: 3.132810 | lrm: 1.00 | dt: 4059.94ms | tok/sec: 258,273 | bf16_mfu: 46.46 | epoch: 1 | total time: 51.21m | eta: 244.4m
step 00764/04357 (17.54%) | loss: 3.137450 | lrm: 1.00 | dt: 4071.85ms | tok/sec: 257,518 | bf16_mfu: 46.33 | epoch: 1 | total time: 51.28m | eta: 244.4m
step 00765/04357 (17.56%) | loss: 3.135271 | lrm: 1.00 | dt: 4078.58ms | tok/sec: 257,093 | bf16_mfu: 46.25 | epoch: 1 | total time: 51.35m | eta: 244.3m
step 00766/04357 (17.58%) | loss: 3.127679 | lrm: 1.00 | dt: 4098.83ms | tok/sec: 255,823 | bf16_mfu: 46.02 | epoch: 1 | total time: 51.42m | eta: 244.2m
step 00767/04357 (17.60%) | loss: 3.121566 | lrm: 1.00 | dt: 4104.94ms | tok/sec: 255,442 | bf16_mfu: 45.95 | epoch: 1 | total time: 51.48m | eta: 244.2m
step 00768/04357 (17.63%) | loss: 3.112381 | lrm: 1.00 | dt: 4109.86ms | tok/sec: 255,136 | bf16_mfu: 45.90 | epoch: 1 | total time: 51.55m | eta: 244.1m
step 00769/04357 (17.65%) | loss: 3.099633 | lrm: 1.00 | dt: 4098.22ms | tok/sec: 255,861 | bf16_mfu: 46.03 | epoch: 1 | total time: 51.62m | eta: 244.0m
step 00770/04357 (17.67%) | loss: 3.112028 | lrm: 1.00 | dt: 4091.95ms | tok/sec: 256,253 | bf16_mfu: 46.10 | epoch: 1 | total time: 51.69m | eta: 244.0m
step 00771/04357 (17.70%) | loss: 3.107306 | lrm: 1.00 | dt: 4075.54ms | tok/sec: 257,285 | bf16_mfu: 46.28 | epoch: 1 | total time: 51.76m | eta: 243.9m
step 00772/04357 (17.72%) | loss: 3.111094 | lrm: 1.00 | dt: 4060.91ms | tok/sec: 258,211 | bf16_mfu: 46.45 | epoch: 1 | total time: 51.82m | eta: 243.8m
step 00773/04357 (17.74%) | loss: 3.117767 | lrm: 1.00 | dt: 4052.98ms | tok/sec: 258,717 | bf16_mfu: 46.54 | epoch: 1 | total time: 51.89m | eta: 243.8m
step 00774/04357 (17.76%) | loss: 3.125472 | lrm: 1.00 | dt: 4066.12ms | tok/sec: 257,881 | bf16_mfu: 46.39 | epoch: 1 | total time: 51.96m | eta: 243.7m
step 00775/04357 (17.79%) | loss: 3.113998 | lrm: 1.00 | dt: 4055.06ms | tok/sec: 258,584 | bf16_mfu: 46.52 | epoch: 1 | total time: 52.03m | eta: 243.6m
step 00776/04357 (17.81%) | loss: 3.111974 | lrm: 1.00 | dt: 4059.04ms | tok/sec: 258,330 | bf16_mfu: 46.47 | epoch: 1 | total time: 52.10m | eta: 243.5m
step 00777/04357 (17.83%) | loss: 3.107008 | lrm: 1.00 | dt: 4068.45ms | tok/sec: 257,733 | bf16_mfu: 46.36 | epoch: 1 | total time: 52.16m | eta: 243.5m
step 00778/04357 (17.86%) | loss: 3.110305 | lrm: 1.00 | dt: 4055.70ms | tok/sec: 258,543 | bf16_mfu: 46.51 | epoch: 1 | total time: 52.23m | eta: 243.4m
step 00779/04357 (17.88%) | loss: 3.110282 | lrm: 1.00 | dt: 4063.23ms | tok/sec: 258,064 | bf16_mfu: 46.42 | epoch: 1 | total time: 52.30m | eta: 243.3m
step 00780/04357 (17.90%) | loss: 3.117387 | lrm: 1.00 | dt: 4062.33ms | tok/sec: 258,121 | bf16_mfu: 46.43 | epoch: 1 | total time: 52.37m | eta: 243.3m
step 00781/04357 (17.93%) | loss: 3.110162 | lrm: 1.00 | dt: 4060.71ms | tok/sec: 258,224 | bf16_mfu: 46.45 | epoch: 1 | total time: 52.43m | eta: 243.2m
step 00782/04357 (17.95%) | loss: 3.105613 | lrm: 1.00 | dt: 4067.47ms | tok/sec: 257,795 | bf16_mfu: 46.38 | epoch: 1 | total time: 52.50m | eta: 243.1m
step 00783/04357 (17.97%) | loss: 3.109049 | lrm: 1.00 | dt: 4048.50ms | tok/sec: 259,003 | bf16_mfu: 46.59 | epoch: 1 | total time: 52.57m | eta: 243.1m
step 00784/04357 (17.99%) | loss: 3.104553 | lrm: 1.00 | dt: 4064.02ms | tok/sec: 258,014 | bf16_mfu: 46.41 | epoch: 1 | total time: 52.64m | eta: 243.0m
step 00785/04357 (18.02%) | loss: 3.108503 | lrm: 1.00 | dt: 4055.31ms | tok/sec: 258,568 | bf16_mfu: 46.51 | epoch: 1 | total time: 52.70m | eta: 242.9m
step 00786/04357 (18.04%) | loss: 3.096676 | lrm: 1.00 | dt: 4063.22ms | tok/sec: 258,065 | bf16_mfu: 46.42 | epoch: 1 | total time: 52.77m | eta: 242.8m
step 00787/04357 (18.06%) | loss: 3.105969 | lrm: 1.00 | dt: 4062.90ms | tok/sec: 258,085 | bf16_mfu: 46.43 | epoch: 1 | total time: 52.84m | eta: 242.8m
step 00788/04357 (18.09%) | loss: 3.101274 | lrm: 1.00 | dt: 4067.91ms | tok/sec: 257,767 | bf16_mfu: 46.37 | epoch: 1 | total time: 52.91m | eta: 242.7m
step 00789/04357 (18.11%) | loss: 3.104034 | lrm: 1.00 | dt: 4053.55ms | tok/sec: 258,680 | bf16_mfu: 46.53 | epoch: 1 | total time: 52.98m | eta: 242.6m
step 00790/04357 (18.13%) | loss: 3.105040 | lrm: 1.00 | dt: 4058.15ms | tok/sec: 258,387 | bf16_mfu: 46.48 | epoch: 1 | total time: 53.04m | eta: 242.6m
step 00791/04357 (18.15%) | loss: 3.091790 | lrm: 1.00 | dt: 4062.40ms | tok/sec: 258,117 | bf16_mfu: 46.43 | epoch: 1 | total time: 53.11m | eta: 242.5m
step 00792/04357 (18.18%) | loss: 3.099001 | lrm: 1.00 | dt: 4062.57ms | tok/sec: 258,106 | bf16_mfu: 46.43 | epoch: 1 | total time: 53.18m | eta: 242.4m
step 00793/04357 (18.20%) | loss: 3.124634 | lrm: 1.00 | dt: 4065.26ms | tok/sec: 257,935 | bf16_mfu: 46.40 | epoch: 1 | total time: 53.25m | eta: 242.4m
step 00794/04357 (18.22%) | loss: 3.114932 | lrm: 1.00 | dt: 4058.66ms | tok/sec: 258,355 | bf16_mfu: 46.48 | epoch: 1 | total time: 53.31m | eta: 242.3m
step 00795/04357 (18.25%) | loss: 3.111702 | lrm: 1.00 | dt: 4063.08ms | tok/sec: 258,074 | bf16_mfu: 46.43 | epoch: 1 | total time: 53.38m | eta: 242.2m
step 00796/04357 (18.27%) | loss: 3.114235 | lrm: 1.00 | dt: 4058.71ms | tok/sec: 258,352 | bf16_mfu: 46.48 | epoch: 1 | total time: 53.45m | eta: 242.2m
step 00797/04357 (18.29%) | loss: 3.121033 | lrm: 1.00 | dt: 4070.63ms | tok/sec: 257,595 | bf16_mfu: 46.34 | epoch: 1 | total time: 53.52m | eta: 242.1m
step 00798/04357 (18.32%) | loss: 3.114432 | lrm: 1.00 | dt: 4059.60ms | tok/sec: 258,295 | bf16_mfu: 46.47 | epoch: 1 | total time: 53.58m | eta: 242.0m
step 00799/04357 (18.34%) | loss: 3.098281 | lrm: 1.00 | dt: 4058.37ms | tok/sec: 258,373 | bf16_mfu: 46.48 | epoch: 1 | total time: 53.65m | eta: 241.9m
step 00800/04357 (18.36%) | loss: 3.091472 | lrm: 1.00 | dt: 4059.84ms | tok/sec: 258,280 | bf16_mfu: 46.46 | epoch: 1 | total time: 53.72m | eta: 241.9m
step 00801/04357 (18.38%) | loss: 3.095004 | lrm: 1.00 | dt: 4068.88ms | tok/sec: 257,706 | bf16_mfu: 46.36 | epoch: 1 | total time: 53.79m | eta: 241.8m
step 00802/04357 (18.41%) | loss: 3.099216 | lrm: 1.00 | dt: 4066.10ms | tok/sec: 257,882 | bf16_mfu: 46.39 | epoch: 1 | total time: 53.86m | eta: 241.7m
step 00803/04357 (18.43%) | loss: 3.091201 | lrm: 1.00 | dt: 4055.52ms | tok/sec: 258,555 | bf16_mfu: 46.51 | epoch: 1 | total time: 53.92m | eta: 241.7m
step 00804/04357 (18.45%) | loss: 3.085743 | lrm: 1.00 | dt: 4073.47ms | tok/sec: 257,416 | bf16_mfu: 46.31 | epoch: 1 | total time: 53.99m | eta: 241.6m
step 00805/04357 (18.48%) | loss: 3.081399 | lrm: 1.00 | dt: 4059.02ms | tok/sec: 258,332 | bf16_mfu: 46.47 | epoch: 1 | total time: 54.06m | eta: 241.5m
step 00806/04357 (18.50%) | loss: 3.082302 | lrm: 1.00 | dt: 4068.11ms | tok/sec: 257,754 | bf16_mfu: 46.37 | epoch: 1 | total time: 54.13m | eta: 241.5m
step 00807/04357 (18.52%) | loss: 3.077590 | lrm: 1.00 | dt: 4059.82ms | tok/sec: 258,281 | bf16_mfu: 46.46 | epoch: 1 | total time: 54.19m | eta: 241.4m
step 00808/04357 (18.54%) | loss: 3.082845 | lrm: 1.00 | dt: 4059.76ms | tok/sec: 258,285 | bf16_mfu: 46.46 | epoch: 1 | total time: 54.26m | eta: 241.3m
step 00809/04357 (18.57%) | loss: 3.079116 | lrm: 1.00 | dt: 4056.38ms | tok/sec: 258,500 | bf16_mfu: 46.50 | epoch: 1 | total time: 54.33m | eta: 241.3m
step 00810/04357 (18.59%) | loss: 3.066678 | lrm: 1.00 | dt: 4064.81ms | tok/sec: 257,964 | bf16_mfu: 46.41 | epoch: 1 | total time: 54.40m | eta: 241.2m
step 00811/04357 (18.61%) | loss: 3.076447 | lrm: 1.00 | dt: 4058.20ms | tok/sec: 258,384 | bf16_mfu: 46.48 | epoch: 1 | total time: 54.46m | eta: 241.1m
step 00812/04357 (18.64%) | loss: 3.082092 | lrm: 1.00 | dt: 4068.23ms | tok/sec: 257,747 | bf16_mfu: 46.37 | epoch: 1 | total time: 54.53m | eta: 241.0m
step 00813/04357 (18.66%) | loss: 3.088707 | lrm: 1.00 | dt: 4067.33ms | tok/sec: 257,804 | bf16_mfu: 46.38 | epoch: 1 | total time: 54.60m | eta: 241.0m
step 00814/04357 (18.68%) | loss: 3.081371 | lrm: 1.00 | dt: 4052.35ms | tok/sec: 258,757 | bf16_mfu: 46.55 | epoch: 1 | total time: 54.67m | eta: 240.9m
step 00815/04357 (18.71%) | loss: 3.078832 | lrm: 1.00 | dt: 4062.43ms | tok/sec: 258,115 | bf16_mfu: 46.43 | epoch: 1 | total time: 54.74m | eta: 240.8m
step 00816/04357 (18.73%) | loss: 3.089982 | lrm: 1.00 | dt: 4060.79ms | tok/sec: 258,219 | bf16_mfu: 46.45 | epoch: 1 | total time: 54.80m | eta: 240.8m
step 00817/04357 (18.75%) | loss: 3.087894 | lrm: 1.00 | dt: 4055.53ms | tok/sec: 258,554 | bf16_mfu: 46.51 | epoch: 1 | total time: 54.87m | eta: 240.7m
step 00818/04357 (18.77%) | loss: 3.089921 | lrm: 1.00 | dt: 4056.20ms | tok/sec: 258,512 | bf16_mfu: 46.50 | epoch: 1 | total time: 54.94m | eta: 240.6m
step 00819/04357 (18.80%) | loss: 3.096439 | lrm: 1.00 | dt: 4068.04ms | tok/sec: 257,759 | bf16_mfu: 46.37 | epoch: 1 | total time: 55.01m | eta: 240.6m
step 00820/04357 (18.82%) | loss: 3.099802 | lrm: 1.00 | dt: 4072.49ms | tok/sec: 257,477 | bf16_mfu: 46.32 | epoch: 1 | total time: 55.07m | eta: 240.5m
step 00821/04357 (18.84%) | loss: 3.101434 | lrm: 1.00 | dt: 4066.99ms | tok/sec: 257,825 | bf16_mfu: 46.38 | epoch: 1 | total time: 55.14m | eta: 240.4m
step 00822/04357 (18.87%) | loss: 3.103778 | lrm: 1.00 | dt: 4073.48ms | tok/sec: 257,415 | bf16_mfu: 46.31 | epoch: 1 | total time: 55.21m | eta: 240.4m
step 00823/04357 (18.89%) | loss: 3.097164 | lrm: 1.00 | dt: 4048.02ms | tok/sec: 259,034 | bf16_mfu: 46.60 | epoch: 1 | total time: 55.28m | eta: 240.3m
step 00824/04357 (18.91%) | loss: 3.090878 | lrm: 1.00 | dt: 4067.26ms | tok/sec: 257,809 | bf16_mfu: 46.38 | epoch: 1 | total time: 55.35m | eta: 240.2m
step 00825/04357 (18.94%) | loss: 3.087684 | lrm: 1.00 | dt: 4044.62ms | tok/sec: 259,251 | bf16_mfu: 46.64 | epoch: 1 | total time: 55.41m | eta: 240.1m
step 00826/04357 (18.96%) | loss: 3.095432 | lrm: 1.00 | dt: 4068.05ms | tok/sec: 257,758 | bf16_mfu: 46.37 | epoch: 1 | total time: 55.48m | eta: 240.1m
step 00827/04357 (18.98%) | loss: 3.095978 | lrm: 1.00 | dt: 4061.78ms | tok/sec: 258,156 | bf16_mfu: 46.44 | epoch: 1 | total time: 55.55m | eta: 240.0m
step 00828/04357 (19.00%) | loss: 3.088033 | lrm: 1.00 | dt: 4055.94ms | tok/sec: 258,528 | bf16_mfu: 46.51 | epoch: 1 | total time: 55.62m | eta: 239.9m
step 00829/04357 (19.03%) | loss: 3.096849 | lrm: 1.00 | dt: 4058.66ms | tok/sec: 258,355 | bf16_mfu: 46.48 | epoch: 1 | total time: 55.68m | eta: 239.9m
step 00830/04357 (19.05%) | loss: 3.086677 | lrm: 1.00 | dt: 4049.92ms | tok/sec: 258,913 | bf16_mfu: 46.58 | epoch: 1 | total time: 55.75m | eta: 239.8m
step 00831/04357 (19.07%) | loss: 3.076414 | lrm: 1.00 | dt: 4070.72ms | tok/sec: 257,589 | bf16_mfu: 46.34 | epoch: 1 | total time: 55.82m | eta: 239.7m
step 00832/04357 (19.10%) | loss: 3.078432 | lrm: 1.00 | dt: 4057.51ms | tok/sec: 258,428 | bf16_mfu: 46.49 | epoch: 1 | total time: 55.89m | eta: 239.7m
step 00833/04357 (19.12%) | loss: 3.085117 | lrm: 1.00 | dt: 4068.89ms | tok/sec: 257,705 | bf16_mfu: 46.36 | epoch: 1 | total time: 55.95m | eta: 239.6m
step 00834/04357 (19.14%) | loss: 3.078114 | lrm: 1.00 | dt: 4064.18ms | tok/sec: 258,004 | bf16_mfu: 46.41 | epoch: 1 | total time: 56.02m | eta: 239.5m
step 00835/04357 (19.16%) | loss: 3.074222 | lrm: 1.00 | dt: 4064.38ms | tok/sec: 257,991 | bf16_mfu: 46.41 | epoch: 1 | total time: 56.09m | eta: 239.5m
step 00836/04357 (19.19%) | loss: 3.057887 | lrm: 1.00 | dt: 4066.45ms | tok/sec: 257,860 | bf16_mfu: 46.39 | epoch: 1 | total time: 56.16m | eta: 239.4m
step 00837/04357 (19.21%) | loss: 3.060723 | lrm: 1.00 | dt: 4046.38ms | tok/sec: 259,139 | bf16_mfu: 46.62 | epoch: 1 | total time: 56.22m | eta: 239.3m
step 00838/04357 (19.23%) | loss: 3.060451 | lrm: 1.00 | dt: 4066.65ms | tok/sec: 257,847 | bf16_mfu: 46.38 | epoch: 1 | total time: 56.29m | eta: 239.2m
step 00839/04357 (19.26%) | loss: 3.062736 | lrm: 1.00 | dt: 4059.39ms | tok/sec: 258,308 | bf16_mfu: 46.47 | epoch: 1 | total time: 56.36m | eta: 239.2m
step 00840/04357 (19.28%) | loss: 3.072564 | lrm: 1.00 | dt: 4062.26ms | tok/sec: 258,125 | bf16_mfu: 46.43 | epoch: 1 | total time: 56.43m | eta: 239.1m
step 00841/04357 (19.30%) | loss: 3.074505 | lrm: 1.00 | dt: 4059.89ms | tok/sec: 258,276 | bf16_mfu: 46.46 | epoch: 1 | total time: 56.50m | eta: 239.0m
step 00842/04357 (19.33%) | loss: 3.082700 | lrm: 1.00 | dt: 4071.01ms | tok/sec: 257,571 | bf16_mfu: 46.33 | epoch: 1 | total time: 56.56m | eta: 239.0m
step 00843/04357 (19.35%) | loss: 3.071450 | lrm: 1.00 | dt: 4068.71ms | tok/sec: 257,716 | bf16_mfu: 46.36 | epoch: 1 | total time: 56.63m | eta: 238.9m
step 00844/04357 (19.37%) | loss: 3.082573 | lrm: 1.00 | dt: 4056.31ms | tok/sec: 258,504 | bf16_mfu: 46.50 | epoch: 1 | total time: 56.70m | eta: 238.8m
step 00845/04357 (19.39%) | loss: 3.073850 | lrm: 1.00 | dt: 4068.62ms | tok/sec: 257,722 | bf16_mfu: 46.36 | epoch: 1 | total time: 56.77m | eta: 238.8m
step 00846/04357 (19.42%) | loss: 3.076181 | lrm: 1.00 | dt: 4061.92ms | tok/sec: 258,148 | bf16_mfu: 46.44 | epoch: 1 | total time: 56.83m | eta: 238.7m
step 00847/04357 (19.44%) | loss: 3.083171 | lrm: 1.00 | dt: 4061.89ms | tok/sec: 258,149 | bf16_mfu: 46.44 | epoch: 1 | total time: 56.90m | eta: 238.6m
step 00848/04357 (19.46%) | loss: 3.079812 | lrm: 1.00 | dt: 4054.24ms | tok/sec: 258,636 | bf16_mfu: 46.53 | epoch: 1 | total time: 56.97m | eta: 238.6m
step 00849/04357 (19.49%) | loss: 3.069153 | lrm: 1.00 | dt: 4068.09ms | tok/sec: 257,756 | bf16_mfu: 46.37 | epoch: 1 | total time: 57.04m | eta: 238.5m
step 00850/04357 (19.51%) | loss: 3.066450 | lrm: 1.00 | dt: 4065.10ms | tok/sec: 257,946 | bf16_mfu: 46.40 | epoch: 1 | total time: 57.11m | eta: 238.4m
step 00851/04357 (19.53%) | loss: 3.059587 | lrm: 1.00 | dt: 4057.10ms | tok/sec: 258,454 | bf16_mfu: 46.49 | epoch: 1 | total time: 57.17m | eta: 238.3m
step 00852/04357 (19.55%) | loss: 3.056982 | lrm: 1.00 | dt: 4061.05ms | tok/sec: 258,203 | bf16_mfu: 46.45 | epoch: 1 | total time: 57.24m | eta: 238.3m
step 00853/04357 (19.58%) | loss: 3.057052 | lrm: 1.00 | dt: 4065.40ms | tok/sec: 257,926 | bf16_mfu: 46.40 | epoch: 1 | total time: 57.31m | eta: 238.2m
step 00854/04357 (19.60%) | loss: 3.057714 | lrm: 1.00 | dt: 4058.14ms | tok/sec: 258,388 | bf16_mfu: 46.48 | epoch: 1 | total time: 57.38m | eta: 238.1m
step 00855/04357 (19.62%) | loss: 3.057522 | lrm: 1.00 | dt: 4061.26ms | tok/sec: 258,189 | bf16_mfu: 46.45 | epoch: 1 | total time: 57.44m | eta: 238.1m
step 00856/04357 (19.65%) | loss: 3.060941 | lrm: 1.00 | dt: 4066.30ms | tok/sec: 257,870 | bf16_mfu: 46.39 | epoch: 1 | total time: 57.51m | eta: 238.0m
step 00857/04357 (19.67%) | loss: 3.062853 | lrm: 1.00 | dt: 4046.25ms | tok/sec: 259,147 | bf16_mfu: 46.62 | epoch: 1 | total time: 57.58m | eta: 237.9m
step 00858/04357 (19.69%) | loss: 3.065868 | lrm: 1.00 | dt: 4056.73ms | tok/sec: 258,477 | bf16_mfu: 46.50 | epoch: 1 | total time: 57.65m | eta: 237.9m
step 00859/04357 (19.72%) | loss: 3.054291 | lrm: 1.00 | dt: 4057.69ms | tok/sec: 258,417 | bf16_mfu: 46.49 | epoch: 1 | total time: 57.71m | eta: 237.8m
step 00860/04357 (19.74%) | loss: 3.048979 | lrm: 1.00 | dt: 4068.46ms | tok/sec: 257,733 | bf16_mfu: 46.36 | epoch: 1 | total time: 57.78m | eta: 237.7m
step 00861/04357 (19.76%) | loss: 3.048355 | lrm: 1.00 | dt: 4056.84ms | tok/sec: 258,471 | bf16_mfu: 46.50 | epoch: 1 | total time: 57.85m | eta: 237.7m
step 00862/04357 (19.78%) | loss: 3.061763 | lrm: 1.00 | dt: 4066.73ms | tok/sec: 257,842 | bf16_mfu: 46.38 | epoch: 1 | total time: 57.92m | eta: 237.6m
step 00863/04357 (19.81%) | loss: 3.058481 | lrm: 1.00 | dt: 4056.63ms | tok/sec: 258,484 | bf16_mfu: 46.50 | epoch: 1 | total time: 57.98m | eta: 237.5m
step 00864/04357 (19.83%) | loss: 3.045630 | lrm: 1.00 | dt: 4059.67ms | tok/sec: 258,291 | bf16_mfu: 46.46 | epoch: 1 | total time: 58.05m | eta: 237.4m
step 00865/04357 (19.85%) | loss: 3.041685 | lrm: 1.00 | dt: 4067.61ms | tok/sec: 257,786 | bf16_mfu: 46.37 | epoch: 1 | total time: 58.12m | eta: 237.4m
step 00866/04357 (19.88%) | loss: 3.046223 | lrm: 1.00 | dt: 4059.44ms | tok/sec: 258,305 | bf16_mfu: 46.47 | epoch: 1 | total time: 58.19m | eta: 237.3m
step 00867/04357 (19.90%) | loss: 3.053403 | lrm: 1.00 | dt: 4059.42ms | tok/sec: 258,306 | bf16_mfu: 46.47 | epoch: 1 | total time: 58.26m | eta: 237.2m
step 00868/04357 (19.92%) | loss: 3.051041 | lrm: 1.00 | dt: 4066.23ms | tok/sec: 257,874 | bf16_mfu: 46.39 | epoch: 1 | total time: 58.32m | eta: 237.2m
step 00869/04357 (19.94%) | loss: 3.057169 | lrm: 1.00 | dt: 4059.51ms | tok/sec: 258,300 | bf16_mfu: 46.47 | epoch: 1 | total time: 58.39m | eta: 237.1m
step 00870/04357 (19.97%) | loss: 3.060979 | lrm: 1.00 | dt: 4052.39ms | tok/sec: 258,754 | bf16_mfu: 46.55 | epoch: 1 | total time: 58.46m | eta: 237.0m
step 00871/04357 (19.99%) | loss: 3.068624 | lrm: 1.00 | dt: 4055.60ms | tok/sec: 258,550 | bf16_mfu: 46.51 | epoch: 1 | total time: 58.53m | eta: 237.0m
step 00872/04357 (20.01%) | loss: 3.068000 | lrm: 1.00 | dt: 4062.06ms | tok/sec: 258,138 | bf16_mfu: 46.44 | epoch: 1 | total time: 58.59m | eta: 236.9m
step 00873/04357 (20.04%) | loss: 3.071746 | lrm: 1.00 | dt: 4059.26ms | tok/sec: 258,317 | bf16_mfu: 46.47 | epoch: 1 | total time: 58.66m | eta: 236.8m
step 00874/04357 (20.06%) | loss: 3.083840 | lrm: 1.00 | dt: 4066.47ms | tok/sec: 257,858 | bf16_mfu: 46.39 | epoch: 1 | total time: 58.73m | eta: 236.8m
step 00875/04357 (20.08%) | loss: 3.075830 | lrm: 1.00 | dt: 4056.92ms | tok/sec: 258,465 | bf16_mfu: 46.50 | epoch: 1 | total time: 58.80m | eta: 236.7m
step 00876/04357 (20.11%) | loss: 3.075949 | lrm: 1.00 | dt: 4060.06ms | tok/sec: 258,266 | bf16_mfu: 46.46 | epoch: 1 | total time: 58.86m | eta: 236.6m
step 00877/04357 (20.13%) | loss: 3.069727 | lrm: 1.00 | dt: 4065.95ms | tok/sec: 257,892 | bf16_mfu: 46.39 | epoch: 1 | total time: 58.93m | eta: 236.5m
step 00878/04357 (20.15%) | loss: 3.081259 | lrm: 1.00 | dt: 4068.47ms | tok/sec: 257,732 | bf16_mfu: 46.36 | epoch: 1 | total time: 59.00m | eta: 236.5m
step 00879/04357 (20.17%) | loss: 3.086586 | lrm: 1.00 | dt: 4053.61ms | tok/sec: 258,676 | bf16_mfu: 46.53 | epoch: 1 | total time: 59.07m | eta: 236.4m
step 00880/04357 (20.20%) | loss: 3.080013 | lrm: 1.00 | dt: 4055.29ms | tok/sec: 258,569 | bf16_mfu: 46.51 | epoch: 1 | total time: 59.14m | eta: 236.3m
step 00881/04357 (20.22%) | loss: 3.076228 | lrm: 1.00 | dt: 4067.70ms | tok/sec: 257,781 | bf16_mfu: 46.37 | epoch: 1 | total time: 59.20m | eta: 236.3m
step 00882/04357 (20.24%) | loss: 3.086908 | lrm: 1.00 | dt: 4045.41ms | tok/sec: 259,201 | bf16_mfu: 46.63 | epoch: 1 | total time: 59.27m | eta: 236.2m
step 00883/04357 (20.27%) | loss: 3.085833 | lrm: 1.00 | dt: 4060.48ms | tok/sec: 258,239 | bf16_mfu: 46.46 | epoch: 1 | total time: 59.34m | eta: 236.1m
step 00884/04357 (20.29%) | loss: 3.076607 | lrm: 1.00 | dt: 4060.89ms | tok/sec: 258,213 | bf16_mfu: 46.45 | epoch: 1 | total time: 59.41m | eta: 236.1m
step 00885/04357 (20.31%) | loss: 3.069368 | lrm: 1.00 | dt: 4053.75ms | tok/sec: 258,667 | bf16_mfu: 46.53 | epoch: 1 | total time: 59.47m | eta: 236.0m
step 00886/04357 (20.34%) | loss: 3.079241 | lrm: 1.00 | dt: 4061.27ms | tok/sec: 258,189 | bf16_mfu: 46.45 | epoch: 1 | total time: 59.54m | eta: 235.9m
step 00887/04357 (20.36%) | loss: 3.072261 | lrm: 1.00 | dt: 4060.27ms | tok/sec: 258,253 | bf16_mfu: 46.46 | epoch: 1 | total time: 59.61m | eta: 235.9m
step 00888/04357 (20.38%) | loss: 3.084239 | lrm: 1.00 | dt: 4065.83ms | tok/sec: 257,899 | bf16_mfu: 46.39 | epoch: 1 | total time: 59.68m | eta: 235.8m
step 00889/04357 (20.40%) | loss: 3.073548 | lrm: 1.00 | dt: 4056.27ms | tok/sec: 258,507 | bf16_mfu: 46.50 | epoch: 1 | total time: 59.74m | eta: 235.7m
step 00890/04357 (20.43%) | loss: 3.087979 | lrm: 1.00 | dt: 4066.77ms | tok/sec: 257,840 | bf16_mfu: 46.38 | epoch: 1 | total time: 59.81m | eta: 235.6m
step 00891/04357 (20.45%) | loss: 3.097171 | lrm: 1.00 | dt: 4065.99ms | tok/sec: 257,889 | bf16_mfu: 46.39 | epoch: 1 | total time: 59.88m | eta: 235.6m
step 00892/04357 (20.47%) | loss: 3.090748 | lrm: 1.00 | dt: 4062.62ms | tok/sec: 258,103 | bf16_mfu: 46.43 | epoch: 1 | total time: 59.95m | eta: 235.5m
step 00893/04357 (20.50%) | loss: 3.081384 | lrm: 1.00 | dt: 4057.56ms | tok/sec: 258,425 | bf16_mfu: 46.49 | epoch: 1 | total time: 60.02m | eta: 235.4m
step 00894/04357 (20.52%) | loss: 3.081838 | lrm: 1.00 | dt: 4067.12ms | tok/sec: 257,817 | bf16_mfu: 46.38 | epoch: 1 | total time: 60.08m | eta: 235.4m
step 00895/04357 (20.54%) | loss: 3.078000 | lrm: 1.00 | dt: 4053.25ms | tok/sec: 258,699 | bf16_mfu: 46.54 | epoch: 1 | total time: 60.15m | eta: 235.3m
step 00896/04357 (20.56%) | loss: 3.085591 | lrm: 1.00 | dt: 4055.72ms | tok/sec: 258,542 | bf16_mfu: 46.51 | epoch: 1 | total time: 60.22m | eta: 235.2m
step 00897/04357 (20.59%) | loss: 3.086284 | lrm: 1.00 | dt: 4067.77ms | tok/sec: 257,776 | bf16_mfu: 46.37 | epoch: 1 | total time: 60.29m | eta: 235.2m
step 00898/04357 (20.61%) | loss: 3.101058 | lrm: 1.00 | dt: 4057.48ms | tok/sec: 258,430 | bf16_mfu: 46.49 | epoch: 1 | total time: 60.35m | eta: 235.1m
step 00899/04357 (20.63%) | loss: 3.097955 | lrm: 1.00 | dt: 4072.22ms | tok/sec: 257,494 | bf16_mfu: 46.32 | epoch: 1 | total time: 60.42m | eta: 235.0m
step 00900/04357 (20.66%) | loss: 3.089950 | lrm: 1.00 | dt: 4059.34ms | tok/sec: 258,311 | bf16_mfu: 46.47 | epoch: 1 | total time: 60.49m | eta: 235.0m
step 00901/04357 (20.68%) | loss: 3.096297 | lrm: 1.00 | dt: 4055.48ms | tok/sec: 258,557 | bf16_mfu: 46.51 | epoch: 1 | total time: 60.56m | eta: 234.9m
step 00902/04357 (20.70%) | loss: 3.092460 | lrm: 1.00 | dt: 4066.05ms | tok/sec: 257,885 | bf16_mfu: 46.39 | epoch: 1 | total time: 60.62m | eta: 234.8m
step 00903/04357 (20.73%) | loss: 3.100003 | lrm: 1.00 | dt: 4057.51ms | tok/sec: 258,428 | bf16_mfu: 46.49 | epoch: 1 | total time: 60.69m | eta: 234.7m
step 00904/04357 (20.75%) | loss: 3.109329 | lrm: 1.00 | dt: 4070.50ms | tok/sec: 257,603 | bf16_mfu: 46.34 | epoch: 1 | total time: 60.76m | eta: 234.7m
step 00905/04357 (20.77%) | loss: 3.104522 | lrm: 1.00 | dt: 4051.22ms | tok/sec: 258,829 | bf16_mfu: 46.56 | epoch: 1 | total time: 60.83m | eta: 234.6m
step 00906/04357 (20.79%) | loss: 3.100802 | lrm: 1.00 | dt: 4065.21ms | tok/sec: 257,938 | bf16_mfu: 46.40 | epoch: 1 | total time: 60.90m | eta: 234.5m
step 00907/04357 (20.82%) | loss: 3.099073 | lrm: 1.00 | dt: 4057.41ms | tok/sec: 258,434 | bf16_mfu: 46.49 | epoch: 1 | total time: 60.96m | eta: 234.5m
step 00908/04357 (20.84%) | loss: 3.101320 | lrm: 1.00 | dt: 4064.10ms | tok/sec: 258,009 | bf16_mfu: 46.41 | epoch: 1 | total time: 61.03m | eta: 234.4m
step 00909/04357 (20.86%) | loss: 3.106001 | lrm: 1.00 | dt: 4078.38ms | tok/sec: 257,106 | bf16_mfu: 46.25 | epoch: 1 | total time: 61.10m | eta: 234.3m
step 00910/04357 (20.89%) | loss: 3.097274 | lrm: 1.00 | dt: 4074.38ms | tok/sec: 257,358 | bf16_mfu: 46.30 | epoch: 1 | total time: 61.17m | eta: 234.3m
step 00911/04357 (20.91%) | loss: 3.100689 | lrm: 1.00 | dt: 4099.31ms | tok/sec: 255,793 | bf16_mfu: 46.02 | epoch: 1 | total time: 61.23m | eta: 234.2m
step 00912/04357 (20.93%) | loss: 3.105892 | lrm: 1.00 | dt: 4095.51ms | tok/sec: 256,030 | bf16_mfu: 46.06 | epoch: 1 | total time: 61.30m | eta: 234.1m
step 00913/04357 (20.95%) | loss: 3.103142 | lrm: 1.00 | dt: 4114.61ms | tok/sec: 254,842 | bf16_mfu: 45.84 | epoch: 1 | total time: 61.37m | eta: 234.1m
step 00914/04357 (20.98%) | loss: 3.087668 | lrm: 1.00 | dt: 4111.39ms | tok/sec: 255,041 | bf16_mfu: 45.88 | epoch: 1 | total time: 61.44m | eta: 234.0m
step 00915/04357 (21.00%) | loss: 3.081715 | lrm: 1.00 | dt: 4110.87ms | tok/sec: 255,074 | bf16_mfu: 45.89 | epoch: 1 | total time: 61.51m | eta: 233.9m
step 00916/04357 (21.02%) | loss: 3.076641 | lrm: 1.00 | dt: 4097.39ms | tok/sec: 255,913 | bf16_mfu: 46.04 | epoch: 1 | total time: 61.58m | eta: 233.9m
step 00917/04357 (21.05%) | loss: 3.069127 | lrm: 1.00 | dt: 4093.77ms | tok/sec: 256,139 | bf16_mfu: 46.08 | epoch: 1 | total time: 61.64m | eta: 233.8m
step 00918/04357 (21.07%) | loss: 3.069633 | lrm: 1.00 | dt: 4087.49ms | tok/sec: 256,532 | bf16_mfu: 46.15 | epoch: 1 | total time: 61.71m | eta: 233.7m
step 00919/04357 (21.09%) | loss: 3.072929 | lrm: 1.00 | dt: 4080.39ms | tok/sec: 256,979 | bf16_mfu: 46.23 | epoch: 1 | total time: 61.78m | eta: 233.7m
step 00920/04357 (21.12%) | loss: 3.058495 | lrm: 1.00 | dt: 4065.05ms | tok/sec: 257,949 | bf16_mfu: 46.40 | epoch: 1 | total time: 61.85m | eta: 233.6m
step 00921/04357 (21.14%) | loss: 3.057432 | lrm: 1.00 | dt: 4069.29ms | tok/sec: 257,680 | bf16_mfu: 46.35 | epoch: 1 | total time: 61.92m | eta: 233.5m
step 00922/04357 (21.16%) | loss: 3.048141 | lrm: 1.00 | dt: 4067.51ms | tok/sec: 257,793 | bf16_mfu: 46.37 | epoch: 1 | total time: 61.98m | eta: 233.5m
step 00923/04357 (21.18%) | loss: 3.055401 | lrm: 1.00 | dt: 4067.93ms | tok/sec: 257,766 | bf16_mfu: 46.37 | epoch: 1 | total time: 62.05m | eta: 233.4m
step 00924/04357 (21.21%) | loss: 3.042208 | lrm: 1.00 | dt: 4055.50ms | tok/sec: 258,556 | bf16_mfu: 46.51 | epoch: 1 | total time: 62.12m | eta: 233.3m
step 00925/04357 (21.23%) | loss: 3.043530 | lrm: 1.00 | dt: 4065.47ms | tok/sec: 257,922 | bf16_mfu: 46.40 | epoch: 1 | total time: 62.19m | eta: 233.3m
step 00926/04357 (21.25%) | loss: 3.043119 | lrm: 1.00 | dt: 4063.56ms | tok/sec: 258,043 | bf16_mfu: 46.42 | epoch: 1 | total time: 62.26m | eta: 233.2m
step 00927/04357 (21.28%) | loss: 3.045873 | lrm: 1.00 | dt: 4066.26ms | tok/sec: 257,872 | bf16_mfu: 46.39 | epoch: 1 | total time: 62.32m | eta: 233.1m
step 00928/04357 (21.30%) | loss: 3.050551 | lrm: 1.00 | dt: 4063.35ms | tok/sec: 258,057 | bf16_mfu: 46.42 | epoch: 1 | total time: 62.39m | eta: 233.0m
step 00929/04357 (21.32%) | loss: 3.053098 | lrm: 1.00 | dt: 4061.53ms | tok/sec: 258,172 | bf16_mfu: 46.44 | epoch: 1 | total time: 62.46m | eta: 233.0m
step 00930/04357 (21.34%) | loss: 3.046097 | lrm: 1.00 | dt: 4062.27ms | tok/sec: 258,125 | bf16_mfu: 46.43 | epoch: 1 | total time: 62.53m | eta: 232.9m
step 00931/04357 (21.37%) | loss: 3.043022 | lrm: 1.00 | dt: 4060.19ms | tok/sec: 258,257 | bf16_mfu: 46.46 | epoch: 1 | total time: 62.59m | eta: 232.8m
step 00932/04357 (21.39%) | loss: 3.050046 | lrm: 1.00 | dt: 4076.84ms | tok/sec: 257,203 | bf16_mfu: 46.27 | epoch: 1 | total time: 62.66m | eta: 232.8m
step 00933/04357 (21.41%) | loss: 3.061127 | lrm: 1.00 | dt: 4072.86ms | tok/sec: 257,454 | bf16_mfu: 46.31 | epoch: 1 | total time: 62.73m | eta: 232.7m
step 00934/04357 (21.44%) | loss: 3.061393 | lrm: 1.00 | dt: 4061.23ms | tok/sec: 258,191 | bf16_mfu: 46.45 | epoch: 1 | total time: 62.80m | eta: 232.6m
step 00935/04357 (21.46%) | loss: 3.061352 | lrm: 1.00 | dt: 4072.56ms | tok/sec: 257,473 | bf16_mfu: 46.32 | epoch: 1 | total time: 62.87m | eta: 232.6m
step 00936/04357 (21.48%) | loss: 3.047955 | lrm: 1.00 | dt: 4064.82ms | tok/sec: 257,963 | bf16_mfu: 46.41 | epoch: 1 | total time: 62.93m | eta: 232.5m
step 00937/04357 (21.51%) | loss: 3.049848 | lrm: 1.00 | dt: 4050.49ms | tok/sec: 258,876 | bf16_mfu: 46.57 | epoch: 1 | total time: 63.00m | eta: 232.4m
step 00938/04357 (21.53%) | loss: 3.056743 | lrm: 1.00 | dt: 4057.58ms | tok/sec: 258,423 | bf16_mfu: 46.49 | epoch: 1 | total time: 63.07m | eta: 232.4m
step 00939/04357 (21.55%) | loss: 3.052695 | lrm: 1.00 | dt: 4065.08ms | tok/sec: 257,947 | bf16_mfu: 46.40 | epoch: 1 | total time: 63.14m | eta: 232.3m
step 00940/04357 (21.57%) | loss: 3.048921 | lrm: 1.00 | dt: 4059.61ms | tok/sec: 258,294 | bf16_mfu: 46.47 | epoch: 1 | total time: 63.20m | eta: 232.2m
step 00941/04357 (21.60%) | loss: 3.044186 | lrm: 1.00 | dt: 4063.94ms | tok/sec: 258,019 | bf16_mfu: 46.42 | epoch: 1 | total time: 63.27m | eta: 232.2m
step 00942/04357 (21.62%) | loss: 3.038736 | lrm: 1.00 | dt: 4061.04ms | tok/sec: 258,204 | bf16_mfu: 46.45 | epoch: 1 | total time: 63.34m | eta: 232.1m
step 00943/04357 (21.64%) | loss: 3.024014 | lrm: 1.00 | dt: 4068.07ms | tok/sec: 257,757 | bf16_mfu: 46.37 | epoch: 1 | total time: 63.41m | eta: 232.0m
step 00944/04357 (21.67%) | loss: 3.025525 | lrm: 1.00 | dt: 4060.75ms | tok/sec: 258,222 | bf16_mfu: 46.45 | epoch: 1 | total time: 63.47m | eta: 231.9m
step 00945/04357 (21.69%) | loss: 3.029215 | lrm: 1.00 | dt: 4061.54ms | tok/sec: 258,172 | bf16_mfu: 46.44 | epoch: 1 | total time: 63.54m | eta: 231.9m
step 00946/04357 (21.71%) | loss: 3.026859 | lrm: 1.00 | dt: 4065.08ms | tok/sec: 257,947 | bf16_mfu: 46.40 | epoch: 1 | total time: 63.61m | eta: 231.8m
step 00947/04357 (21.74%) | loss: 3.029145 | lrm: 1.00 | dt: 4060.52ms | tok/sec: 258,237 | bf16_mfu: 46.45 | epoch: 1 | total time: 63.68m | eta: 231.7m
step 00948/04357 (21.76%) | loss: 3.043910 | lrm: 1.00 | dt: 4073.12ms | tok/sec: 257,438 | bf16_mfu: 46.31 | epoch: 1 | total time: 63.75m | eta: 231.7m
step 00949/04357 (21.78%) | loss: 3.034243 | lrm: 1.00 | dt: 4066.14ms | tok/sec: 257,879 | bf16_mfu: 46.39 | epoch: 1 | total time: 63.81m | eta: 231.6m
step 00950/04357 (21.80%) | loss: 3.035639 | lrm: 1.00 | dt: 4067.25ms | tok/sec: 257,809 | bf16_mfu: 46.38 | epoch: 1 | total time: 63.88m | eta: 231.5m
step 00951/04357 (21.83%) | loss: 3.043009 | lrm: 1.00 | dt: 4054.15ms | tok/sec: 258,642 | bf16_mfu: 46.53 | epoch: 1 | total time: 63.95m | eta: 231.5m
step 00952/04357 (21.85%) | loss: 3.033357 | lrm: 1.00 | dt: 4058.33ms | tok/sec: 258,376 | bf16_mfu: 46.48 | epoch: 1 | total time: 64.02m | eta: 231.4m
step 00953/04357 (21.87%) | loss: 3.033035 | lrm: 1.00 | dt: 4067.68ms | tok/sec: 257,782 | bf16_mfu: 46.37 | epoch: 1 | total time: 64.08m | eta: 231.3m
step 00954/04357 (21.90%) | loss: 3.026480 | lrm: 1.00 | dt: 4071.27ms | tok/sec: 257,554 | bf16_mfu: 46.33 | epoch: 1 | total time: 64.15m | eta: 231.3m
step 00955/04357 (21.92%) | loss: 3.027605 | lrm: 1.00 | dt: 4075.67ms | tok/sec: 257,277 | bf16_mfu: 46.28 | epoch: 1 | total time: 64.22m | eta: 231.2m
step 00956/04357 (21.94%) | loss: 3.024940 | lrm: 1.00 | dt: 4070.61ms | tok/sec: 257,597 | bf16_mfu: 46.34 | epoch: 1 | total time: 64.29m | eta: 231.1m
step 00957/04357 (21.96%) | loss: 3.019132 | lrm: 1.00 | dt: 4060.22ms | tok/sec: 258,255 | bf16_mfu: 46.46 | epoch: 1 | total time: 64.36m | eta: 231.1m
step 00958/04357 (21.99%) | loss: 3.032901 | lrm: 1.00 | dt: 4054.76ms | tok/sec: 258,603 | bf16_mfu: 46.52 | epoch: 1 | total time: 64.42m | eta: 231.0m
step 00959/04357 (22.01%) | loss: 3.028144 | lrm: 1.00 | dt: 4053.32ms | tok/sec: 258,695 | bf16_mfu: 46.54 | epoch: 1 | total time: 64.49m | eta: 230.9m
step 00960/04357 (22.03%) | loss: 3.041398 | lrm: 1.00 | dt: 4063.86ms | tok/sec: 258,024 | bf16_mfu: 46.42 | epoch: 1 | total time: 64.56m | eta: 230.8m
step 00961/04357 (22.06%) | loss: 3.038526 | lrm: 1.00 | dt: 4054.86ms | tok/sec: 258,597 | bf16_mfu: 46.52 | epoch: 1 | total time: 64.63m | eta: 230.8m
step 00962/04357 (22.08%) | loss: 3.035952 | lrm: 1.00 | dt: 4062.99ms | tok/sec: 258,079 | bf16_mfu: 46.43 | epoch: 1 | total time: 64.69m | eta: 230.7m
step 00963/04357 (22.10%) | loss: 3.025972 | lrm: 1.00 | dt: 4058.82ms | tok/sec: 258,345 | bf16_mfu: 46.47 | epoch: 1 | total time: 64.76m | eta: 230.6m
step 00964/04357 (22.13%) | loss: 3.033363 | lrm: 1.00 | dt: 4064.08ms | tok/sec: 258,010 | bf16_mfu: 46.41 | epoch: 1 | total time: 64.83m | eta: 230.6m
step 00965/04357 (22.15%) | loss: 3.039286 | lrm: 1.00 | dt: 4056.96ms | tok/sec: 258,463 | bf16_mfu: 46.50 | epoch: 1 | total time: 64.90m | eta: 230.5m
step 00966/04357 (22.17%) | loss: 3.038179 | lrm: 1.00 | dt: 4064.60ms | tok/sec: 257,977 | bf16_mfu: 46.41 | epoch: 1 | total time: 64.96m | eta: 230.4m
step 00967/04357 (22.19%) | loss: 3.025391 | lrm: 1.00 | dt: 4060.95ms | tok/sec: 258,209 | bf16_mfu: 46.45 | epoch: 1 | total time: 65.03m | eta: 230.4m
step 00968/04357 (22.22%) | loss: 3.043941 | lrm: 1.00 | dt: 4056.99ms | tok/sec: 258,461 | bf16_mfu: 46.50 | epoch: 1 | total time: 65.10m | eta: 230.3m
step 00969/04357 (22.24%) | loss: 3.040839 | lrm: 1.00 | dt: 4065.72ms | tok/sec: 257,906 | bf16_mfu: 46.40 | epoch: 1 | total time: 65.17m | eta: 230.2m
step 00970/04357 (22.26%) | loss: 3.044998 | lrm: 1.00 | dt: 4058.23ms | tok/sec: 258,382 | bf16_mfu: 46.48 | epoch: 1 | total time: 65.23m | eta: 230.2m
step 00971/04357 (22.29%) | loss: 3.048129 | lrm: 1.00 | dt: 4068.26ms | tok/sec: 257,745 | bf16_mfu: 46.37 | epoch: 1 | total time: 65.30m | eta: 230.1m
step 00972/04357 (22.31%) | loss: 3.041042 | lrm: 1.00 | dt: 4063.37ms | tok/sec: 258,055 | bf16_mfu: 46.42 | epoch: 1 | total time: 65.37m | eta: 230.0m
step 00973/04357 (22.33%) | loss: 3.036354 | lrm: 1.00 | dt: 4052.01ms | tok/sec: 258,779 | bf16_mfu: 46.55 | epoch: 1 | total time: 65.44m | eta: 230.0m
step 00974/04357 (22.35%) | loss: 3.034821 | lrm: 1.00 | dt: 4030.26ms | tok/sec: 260,175 | bf16_mfu: 46.80 | epoch: 1 | total time: 65.51m | eta: 229.9m
step 00975/04357 (22.38%) | loss: 3.038327 | lrm: 1.00 | dt: 4055.51ms | tok/sec: 258,556 | bf16_mfu: 46.51 | epoch: 1 | total time: 65.57m | eta: 229.8m
step 00976/04357 (22.40%) | loss: 3.024553 | lrm: 1.00 | dt: 4060.45ms | tok/sec: 258,241 | bf16_mfu: 46.46 | epoch: 1 | total time: 65.64m | eta: 229.7m
step 00977/04357 (22.42%) | loss: 3.033755 | lrm: 1.00 | dt: 4046.15ms | tok/sec: 259,153 | bf16_mfu: 46.62 | epoch: 1 | total time: 65.71m | eta: 229.7m
step 00978/04357 (22.45%) | loss: 3.034849 | lrm: 1.00 | dt: 4060.28ms | tok/sec: 258,251 | bf16_mfu: 46.46 | epoch: 1 | total time: 65.78m | eta: 229.6m
step 00979/04357 (22.47%) | loss: 3.017877 | lrm: 1.00 | dt: 4067.07ms | tok/sec: 257,820 | bf16_mfu: 46.38 | epoch: 1 | total time: 65.84m | eta: 229.5m
step 00980/04357 (22.49%) | loss: 3.024798 | lrm: 1.00 | dt: 4060.27ms | tok/sec: 258,252 | bf16_mfu: 46.46 | epoch: 1 | total time: 65.91m | eta: 229.5m
step 00981/04357 (22.52%) | loss: 3.038579 | lrm: 1.00 | dt: 4060.58ms | tok/sec: 258,232 | bf16_mfu: 46.45 | epoch: 1 | total time: 65.98m | eta: 229.4m
step 00982/04357 (22.54%) | loss: 3.046884 | lrm: 1.00 | dt: 4054.11ms | tok/sec: 258,645 | bf16_mfu: 46.53 | epoch: 1 | total time: 66.05m | eta: 229.3m
step 00983/04357 (22.56%) | loss: 3.042887 | lrm: 1.00 | dt: 4050.33ms | tok/sec: 258,886 | bf16_mfu: 46.57 | epoch: 1 | total time: 66.11m | eta: 229.3m
step 00984/04357 (22.58%) | loss: 3.043208 | lrm: 1.00 | dt: 4048.15ms | tok/sec: 259,026 | bf16_mfu: 46.60 | epoch: 1 | total time: 66.18m | eta: 229.2m
step 00985/04357 (22.61%) | loss: 3.044630 | lrm: 1.00 | dt: 4056.30ms | tok/sec: 258,505 | bf16_mfu: 46.50 | epoch: 1 | total time: 66.25m | eta: 229.1m
step 00986/04357 (22.63%) | loss: 3.056487 | lrm: 1.00 | dt: 4059.01ms | tok/sec: 258,332 | bf16_mfu: 46.47 | epoch: 1 | total time: 66.32m | eta: 229.1m
step 00987/04357 (22.65%) | loss: 3.046869 | lrm: 1.00 | dt: 4065.86ms | tok/sec: 257,897 | bf16_mfu: 46.39 | epoch: 1 | total time: 66.38m | eta: 229.0m
step 00988/04357 (22.68%) | loss: 3.040975 | lrm: 1.00 | dt: 4062.17ms | tok/sec: 258,131 | bf16_mfu: 46.44 | epoch: 1 | total time: 66.45m | eta: 228.9m
step 00989/04357 (22.70%) | loss: 3.041048 | lrm: 1.00 | dt: 4056.48ms | tok/sec: 258,493 | bf16_mfu: 46.50 | epoch: 1 | total time: 66.52m | eta: 228.8m
step 00990/04357 (22.72%) | loss: 3.033238 | lrm: 1.00 | dt: 4056.44ms | tok/sec: 258,496 | bf16_mfu: 46.50 | epoch: 1 | total time: 66.59m | eta: 228.8m
step 00991/04357 (22.75%) | loss: 3.042145 | lrm: 1.00 | dt: 4052.56ms | tok/sec: 258,744 | bf16_mfu: 46.55 | epoch: 1 | total time: 66.65m | eta: 228.7m
step 00992/04357 (22.77%) | loss: 3.035827 | lrm: 1.00 | dt: 4068.37ms | tok/sec: 257,738 | bf16_mfu: 46.37 | epoch: 1 | total time: 66.72m | eta: 228.6m
step 00993/04357 (22.79%) | loss: 3.039362 | lrm: 1.00 | dt: 4050.93ms | tok/sec: 258,848 | bf16_mfu: 46.56 | epoch: 1 | total time: 66.79m | eta: 228.6m
step 00994/04357 (22.81%) | loss: 3.036735 | lrm: 1.00 | dt: 4069.79ms | tok/sec: 257,648 | bf16_mfu: 46.35 | epoch: 1 | total time: 66.86m | eta: 228.5m
step 00995/04357 (22.84%) | loss: 3.020791 | lrm: 1.00 | dt: 4051.02ms | tok/sec: 258,842 | bf16_mfu: 46.56 | epoch: 1 | total time: 66.93m | eta: 228.4m
step 00996/04357 (22.86%) | loss: 3.022721 | lrm: 1.00 | dt: 4055.72ms | tok/sec: 258,542 | bf16_mfu: 46.51 | epoch: 1 | total time: 66.99m | eta: 228.4m
step 00997/04357 (22.88%) | loss: 3.011836 | lrm: 1.00 | dt: 4063.22ms | tok/sec: 258,065 | bf16_mfu: 46.42 | epoch: 1 | total time: 67.06m | eta: 228.3m
step 00998/04357 (22.91%) | loss: 3.012540 | lrm: 1.00 | dt: 4067.68ms | tok/sec: 257,782 | bf16_mfu: 46.37 | epoch: 1 | total time: 67.13m | eta: 228.2m
step 00999/04357 (22.93%) | loss: 3.020464 | lrm: 1.00 | dt: 4056.94ms | tok/sec: 258,464 | bf16_mfu: 46.50 | epoch: 1 | total time: 67.20m | eta: 228.2m
Step 01000 | Validation bpb: 0.924240
step 01000/04357 (22.95%) | loss: 3.014261 | lrm: 1.00 | dt: 4079.29ms | tok/sec: 257,048 | bf16_mfu: 46.24 | epoch: 1 | total time: 67.26m | eta: 228.1m
step 01001/04357 (22.97%) | loss: 3.026084 | lrm: 1.00 | dt: 4057.63ms | tok/sec: 258,420 | bf16_mfu: 46.49 | epoch: 1 | total time: 67.33m | eta: 228.0m
step 01002/04357 (23.00%) | loss: 3.019474 | lrm: 1.00 | dt: 4061.61ms | tok/sec: 258,167 | bf16_mfu: 46.44 | epoch: 1 | total time: 67.40m | eta: 227.9m
step 01003/04357 (23.02%) | loss: 3.020925 | lrm: 1.00 | dt: 4060.04ms | tok/sec: 258,267 | bf16_mfu: 46.46 | epoch: 1 | total time: 67.47m | eta: 227.9m
step 01004/04357 (23.04%) | loss: 3.021370 | lrm: 1.00 | dt: 4056.33ms | tok/sec: 258,503 | bf16_mfu: 46.50 | epoch: 1 | total time: 67.53m | eta: 227.8m
step 01005/04357 (23.07%) | loss: 3.020257 | lrm: 1.00 | dt: 4058.09ms | tok/sec: 258,391 | bf16_mfu: 46.48 | epoch: 1 | total time: 67.60m | eta: 227.7m
step 01006/04357 (23.09%) | loss: 3.014624 | lrm: 1.00 | dt: 4058.76ms | tok/sec: 258,349 | bf16_mfu: 46.47 | epoch: 1 | total time: 67.67m | eta: 227.7m
step 01007/04357 (23.11%) | loss: 3.003768 | lrm: 1.00 | dt: 4049.70ms | tok/sec: 258,926 | bf16_mfu: 46.58 | epoch: 1 | total time: 67.74m | eta: 227.6m
step 01008/04357 (23.14%) | loss: 3.002907 | lrm: 1.00 | dt: 4051.77ms | tok/sec: 258,794 | bf16_mfu: 46.55 | epoch: 1 | total time: 67.80m | eta: 227.5m
step 01009/04357 (23.16%) | loss: 3.006957 | lrm: 1.00 | dt: 4057.73ms | tok/sec: 258,414 | bf16_mfu: 46.49 | epoch: 1 | total time: 67.87m | eta: 227.5m
step 01010/04357 (23.18%) | loss: 3.010680 | lrm: 1.00 | dt: 4065.06ms | tok/sec: 257,948 | bf16_mfu: 46.40 | epoch: 1 | total time: 67.94m | eta: 227.4m
step 01011/04357 (23.20%) | loss: 3.011062 | lrm: 1.00 | dt: 4059.27ms | tok/sec: 258,316 | bf16_mfu: 46.47 | epoch: 1 | total time: 68.01m | eta: 227.3m
step 01012/04357 (23.23%) | loss: 3.011132 | lrm: 1.00 | dt: 4056.25ms | tok/sec: 258,508 | bf16_mfu: 46.50 | epoch: 1 | total time: 68.08m | eta: 227.3m
step 01013/04357 (23.25%) | loss: 3.022777 | lrm: 1.00 | dt: 4059.63ms | tok/sec: 258,293 | bf16_mfu: 46.46 | epoch: 1 | total time: 68.14m | eta: 227.2m
step 01014/04357 (23.27%) | loss: 3.025985 | lrm: 1.00 | dt: 4059.36ms | tok/sec: 258,310 | bf16_mfu: 46.47 | epoch: 1 | total time: 68.21m | eta: 227.1m
step 01015/04357 (23.30%) | loss: 3.017973 | lrm: 1.00 | dt: 4051.30ms | tok/sec: 258,824 | bf16_mfu: 46.56 | epoch: 1 | total time: 68.28m | eta: 227.1m
step 01016/04357 (23.32%) | loss: 3.027111 | lrm: 1.00 | dt: 4063.53ms | tok/sec: 258,045 | bf16_mfu: 46.42 | epoch: 1 | total time: 68.35m | eta: 227.0m
step 01017/04357 (23.34%) | loss: 3.033561 | lrm: 1.00 | dt: 4059.44ms | tok/sec: 258,305 | bf16_mfu: 46.47 | epoch: 1 | total time: 68.41m | eta: 226.9m
step 01018/04357 (23.36%) | loss: 3.034749 | lrm: 1.00 | dt: 4071.26ms | tok/sec: 257,555 | bf16_mfu: 46.33 | epoch: 1 | total time: 68.48m | eta: 226.8m
step 01019/04357 (23.39%) | loss: 3.034274 | lrm: 1.00 | dt: 4058.29ms | tok/sec: 258,378 | bf16_mfu: 46.48 | epoch: 1 | total time: 68.55m | eta: 226.8m
step 01020/04357 (23.41%) | loss: 3.041819 | lrm: 1.00 | dt: 4061.17ms | tok/sec: 258,195 | bf16_mfu: 46.45 | epoch: 1 | total time: 68.62m | eta: 226.7m
step 01021/04357 (23.43%) | loss: 3.051905 | lrm: 1.00 | dt: 4075.02ms | tok/sec: 257,317 | bf16_mfu: 46.29 | epoch: 1 | total time: 68.68m | eta: 226.6m
step 01022/04357 (23.46%) | loss: 3.052405 | lrm: 1.00 | dt: 4059.48ms | tok/sec: 258,303 | bf16_mfu: 46.47 | epoch: 1 | total time: 68.75m | eta: 226.6m
step 01023/04357 (23.48%) | loss: 3.048215 | lrm: 1.00 | dt: 4059.53ms | tok/sec: 258,299 | bf16_mfu: 46.47 | epoch: 1 | total time: 68.82m | eta: 226.5m
step 01024/04357 (23.50%) | loss: 3.048284 | lrm: 1.00 | dt: 4056.05ms | tok/sec: 258,521 | bf16_mfu: 46.51 | epoch: 1 | total time: 68.89m | eta: 226.4m
step 01025/04357 (23.53%) | loss: 3.048736 | lrm: 1.00 | dt: 4053.82ms | tok/sec: 258,663 | bf16_mfu: 46.53 | epoch: 1 | total time: 68.96m | eta: 226.4m
step 01026/04357 (23.55%) | loss: 3.045110 | lrm: 1.00 | dt: 4056.52ms | tok/sec: 258,491 | bf16_mfu: 46.50 | epoch: 1 | total time: 69.02m | eta: 226.3m
step 01027/04357 (23.57%) | loss: 3.040199 | lrm: 1.00 | dt: 4063.54ms | tok/sec: 258,045 | bf16_mfu: 46.42 | epoch: 1 | total time: 69.09m | eta: 226.2m
step 01028/04357 (23.59%) | loss: 3.038847 | lrm: 1.00 | dt: 4064.16ms | tok/sec: 258,005 | bf16_mfu: 46.41 | epoch: 1 | total time: 69.16m | eta: 226.2m
step 01029/04357 (23.62%) | loss: 3.020257 | lrm: 1.00 | dt: 4062.35ms | tok/sec: 258,120 | bf16_mfu: 46.43 | epoch: 1 | total time: 69.23m | eta: 226.1m
step 01030/04357 (23.64%) | loss: 3.016392 | lrm: 1.00 | dt: 4058.66ms | tok/sec: 258,355 | bf16_mfu: 46.48 | epoch: 1 | total time: 69.29m | eta: 226.0m
step 01031/04357 (23.66%) | loss: 3.022033 | lrm: 1.00 | dt: 4062.70ms | tok/sec: 258,098 | bf16_mfu: 46.43 | epoch: 1 | total time: 69.36m | eta: 226.0m
step 01032/04357 (23.69%) | loss: 3.017037 | lrm: 1.00 | dt: 4064.84ms | tok/sec: 257,962 | bf16_mfu: 46.41 | epoch: 1 | total time: 69.43m | eta: 225.9m
step 01033/04357 (23.71%) | loss: 3.015011 | lrm: 1.00 | dt: 4049.78ms | tok/sec: 258,921 | bf16_mfu: 46.58 | epoch: 1 | total time: 69.50m | eta: 225.8m
step 01034/04357 (23.73%) | loss: 3.009663 | lrm: 1.00 | dt: 4055.32ms | tok/sec: 258,568 | bf16_mfu: 46.51 | epoch: 1 | total time: 69.56m | eta: 225.7m
step 01035/04357 (23.75%) | loss: 3.008108 | lrm: 1.00 | dt: 4069.56ms | tok/sec: 257,663 | bf16_mfu: 46.35 | epoch: 1 | total time: 69.63m | eta: 225.7m
step 01036/04357 (23.78%) | loss: 3.012382 | lrm: 1.00 | dt: 4060.68ms | tok/sec: 258,226 | bf16_mfu: 46.45 | epoch: 1 | total time: 69.70m | eta: 225.6m
step 01037/04357 (23.80%) | loss: 3.007322 | lrm: 1.00 | dt: 4061.38ms | tok/sec: 258,181 | bf16_mfu: 46.44 | epoch: 1 | total time: 69.77m | eta: 225.5m
step 01038/04357 (23.82%) | loss: 3.023704 | lrm: 1.00 | dt: 4056.12ms | tok/sec: 258,517 | bf16_mfu: 46.51 | epoch: 1 | total time: 69.84m | eta: 225.5m
step 01039/04357 (23.85%) | loss: 3.028158 | lrm: 1.00 | dt: 4068.17ms | tok/sec: 257,751 | bf16_mfu: 46.37 | epoch: 1 | total time: 69.90m | eta: 225.4m
step 01040/04357 (23.87%) | loss: 3.032612 | lrm: 1.00 | dt: 4084.49ms | tok/sec: 256,721 | bf16_mfu: 46.18 | epoch: 1 | total time: 69.97m | eta: 225.3m
step 01041/04357 (23.89%) | loss: 3.037938 | lrm: 1.00 | dt: 4084.70ms | tok/sec: 256,707 | bf16_mfu: 46.18 | epoch: 1 | total time: 70.04m | eta: 225.3m
step 01042/04357 (23.92%) | loss: 3.038126 | lrm: 1.00 | dt: 4106.39ms | tok/sec: 255,352 | bf16_mfu: 45.94 | epoch: 1 | total time: 70.11m | eta: 225.2m
step 01043/04357 (23.94%) | loss: 3.042981 | lrm: 1.00 | dt: 4101.65ms | tok/sec: 255,647 | bf16_mfu: 45.99 | epoch: 1 | total time: 70.18m | eta: 225.1m
step 01044/04357 (23.96%) | loss: 3.043252 | lrm: 1.00 | dt: 4106.62ms | tok/sec: 255,337 | bf16_mfu: 45.93 | epoch: 1 | total time: 70.24m | eta: 225.1m
step 01045/04357 (23.98%) | loss: 3.042250 | lrm: 1.00 | dt: 4087.51ms | tok/sec: 256,531 | bf16_mfu: 46.15 | epoch: 1 | total time: 70.31m | eta: 225.0m
step 01046/04357 (24.01%) | loss: 3.033212 | lrm: 1.00 | dt: 4086.27ms | tok/sec: 256,609 | bf16_mfu: 46.16 | epoch: 1 | total time: 70.38m | eta: 224.9m
step 01047/04357 (24.03%) | loss: 3.031932 | lrm: 1.00 | dt: 4087.31ms | tok/sec: 256,544 | bf16_mfu: 46.15 | epoch: 1 | total time: 70.45m | eta: 224.9m
step 01048/04357 (24.05%) | loss: 3.030617 | lrm: 1.00 | dt: 4068.23ms | tok/sec: 257,747 | bf16_mfu: 46.37 | epoch: 1 | total time: 70.52m | eta: 224.8m
step 01049/04357 (24.08%) | loss: 3.025319 | lrm: 1.00 | dt: 4053.60ms | tok/sec: 258,677 | bf16_mfu: 46.53 | epoch: 1 | total time: 70.58m | eta: 224.7m
step 01050/04357 (24.10%) | loss: 3.019991 | lrm: 1.00 | dt: 4062.08ms | tok/sec: 258,137 | bf16_mfu: 46.44 | epoch: 1 | total time: 70.65m | eta: 224.7m
step 01051/04357 (24.12%) | loss: 3.028250 | lrm: 1.00 | dt: 4056.34ms | tok/sec: 258,503 | bf16_mfu: 46.50 | epoch: 1 | total time: 70.72m | eta: 224.6m
step 01052/04357 (24.15%) | loss: 3.027824 | lrm: 1.00 | dt: 4047.82ms | tok/sec: 259,047 | bf16_mfu: 46.60 | epoch: 1 | total time: 70.79m | eta: 224.5m
step 01053/04357 (24.17%) | loss: 3.028107 | lrm: 1.00 | dt: 4059.70ms | tok/sec: 258,289 | bf16_mfu: 46.46 | epoch: 1 | total time: 70.85m | eta: 224.5m
step 01054/04357 (24.19%) | loss: 3.019405 | lrm: 1.00 | dt: 4060.14ms | tok/sec: 258,261 | bf16_mfu: 46.46 | epoch: 1 | total time: 70.92m | eta: 224.4m
step 01055/04357 (24.21%) | loss: 3.004770 | lrm: 1.00 | dt: 4054.68ms | tok/sec: 258,608 | bf16_mfu: 46.52 | epoch: 1 | total time: 70.99m | eta: 224.3m
step 01056/04357 (24.24%) | loss: 3.018554 | lrm: 1.00 | dt: 4060.77ms | tok/sec: 258,221 | bf16_mfu: 46.45 | epoch: 1 | total time: 71.06m | eta: 224.2m
step 01057/04357 (24.26%) | loss: 3.026156 | lrm: 1.00 | dt: 4058.16ms | tok/sec: 258,386 | bf16_mfu: 46.48 | epoch: 1 | total time: 71.13m | eta: 224.2m
step 01058/04357 (24.28%) | loss: 3.013255 | lrm: 1.00 | dt: 4060.77ms | tok/sec: 258,220 | bf16_mfu: 46.45 | epoch: 1 | total time: 71.19m | eta: 224.1m
step 01059/04357 (24.31%) | loss: 2.999352 | lrm: 1.00 | dt: 4056.80ms | tok/sec: 258,473 | bf16_mfu: 46.50 | epoch: 1 | total time: 71.26m | eta: 224.0m
step 01060/04357 (24.33%) | loss: 3.017633 | lrm: 1.00 | dt: 4058.58ms | tok/sec: 258,360 | bf16_mfu: 46.48 | epoch: 1 | total time: 71.33m | eta: 224.0m
step 01061/04357 (24.35%) | loss: 3.026742 | lrm: 1.00 | dt: 4052.64ms | tok/sec: 258,738 | bf16_mfu: 46.54 | epoch: 1 | total time: 71.40m | eta: 223.9m
step 01062/04357 (24.37%) | loss: 3.027294 | lrm: 1.00 | dt: 4061.56ms | tok/sec: 258,170 | bf16_mfu: 46.44 | epoch: 1 | total time: 71.46m | eta: 223.8m
step 01063/04357 (24.40%) | loss: 3.029073 | lrm: 1.00 | dt: 4051.16ms | tok/sec: 258,833 | bf16_mfu: 46.56 | epoch: 1 | total time: 71.53m | eta: 223.8m
step 01064/04357 (24.42%) | loss: 3.021663 | lrm: 1.00 | dt: 4043.18ms | tok/sec: 259,344 | bf16_mfu: 46.65 | epoch: 1 | total time: 71.60m | eta: 223.7m
step 01065/04357 (24.44%) | loss: 3.017603 | lrm: 1.00 | dt: 4057.95ms | tok/sec: 258,400 | bf16_mfu: 46.48 | epoch: 1 | total time: 71.67m | eta: 223.6m
step 01066/04357 (24.47%) | loss: 3.018672 | lrm: 1.00 | dt: 4051.30ms | tok/sec: 258,824 | bf16_mfu: 46.56 | epoch: 1 | total time: 71.73m | eta: 223.6m
step 01067/04357 (24.49%) | loss: 3.029550 | lrm: 1.00 | dt: 4060.61ms | tok/sec: 258,230 | bf16_mfu: 46.45 | epoch: 1 | total time: 71.80m | eta: 223.5m
step 01068/04357 (24.51%) | loss: 3.031358 | lrm: 1.00 | dt: 4056.00ms | tok/sec: 258,524 | bf16_mfu: 46.51 | epoch: 1 | total time: 71.87m | eta: 223.4m
step 01069/04357 (24.54%) | loss: 3.035066 | lrm: 1.00 | dt: 4064.94ms | tok/sec: 257,956 | bf16_mfu: 46.40 | epoch: 1 | total time: 71.94m | eta: 223.3m
step 01070/04357 (24.56%) | loss: 3.034084 | lrm: 1.00 | dt: 4061.89ms | tok/sec: 258,149 | bf16_mfu: 46.44 | epoch: 1 | total time: 72.00m | eta: 223.3m
step 01071/04357 (24.58%) | loss: 3.033557 | lrm: 1.00 | dt: 4058.83ms | tok/sec: 258,344 | bf16_mfu: 46.47 | epoch: 1 | total time: 72.07m | eta: 223.2m
step 01072/04357 (24.60%) | loss: 3.026149 | lrm: 1.00 | dt: 4060.18ms | tok/sec: 258,258 | bf16_mfu: 46.46 | epoch: 1 | total time: 72.14m | eta: 223.1m
step 01073/04357 (24.63%) | loss: 3.032190 | lrm: 1.00 | dt: 4058.14ms | tok/sec: 258,388 | bf16_mfu: 46.48 | epoch: 1 | total time: 72.21m | eta: 223.1m
step 01074/04357 (24.65%) | loss: 3.018906 | lrm: 1.00 | dt: 4061.55ms | tok/sec: 258,171 | bf16_mfu: 46.44 | epoch: 1 | total time: 72.27m | eta: 223.0m
step 01075/04357 (24.67%) | loss: 3.015511 | lrm: 1.00 | dt: 4051.57ms | tok/sec: 258,807 | bf16_mfu: 46.56 | epoch: 1 | total time: 72.34m | eta: 222.9m
step 01076/04357 (24.70%) | loss: 3.019035 | lrm: 1.00 | dt: 4060.95ms | tok/sec: 258,209 | bf16_mfu: 46.45 | epoch: 1 | total time: 72.41m | eta: 222.9m
step 01077/04357 (24.72%) | loss: 3.007831 | lrm: 1.00 | dt: 4059.23ms | tok/sec: 258,319 | bf16_mfu: 46.47 | epoch: 1 | total time: 72.48m | eta: 222.8m
step 01078/04357 (24.74%) | loss: 3.020159 | lrm: 1.00 | dt: 4061.01ms | tok/sec: 258,205 | bf16_mfu: 46.45 | epoch: 1 | total time: 72.55m | eta: 222.7m
step 01079/04357 (24.76%) | loss: 3.020494 | lrm: 1.00 | dt: 4056.64ms | tok/sec: 258,484 | bf16_mfu: 46.50 | epoch: 1 | total time: 72.61m | eta: 222.7m
step 01080/04357 (24.79%) | loss: 3.038958 | lrm: 1.00 | dt: 4056.25ms | tok/sec: 258,508 | bf16_mfu: 46.50 | epoch: 1 | total time: 72.68m | eta: 222.6m
step 01081/04357 (24.81%) | loss: 3.032361 | lrm: 1.00 | dt: 4055.95ms | tok/sec: 258,527 | bf16_mfu: 46.51 | epoch: 1 | total time: 72.75m | eta: 222.5m
step 01082/04357 (24.83%) | loss: 3.040770 | lrm: 1.00 | dt: 4056.57ms | tok/sec: 258,488 | bf16_mfu: 46.50 | epoch: 1 | total time: 72.82m | eta: 222.5m
step 01083/04357 (24.86%) | loss: 3.044178 | lrm: 1.00 | dt: 4062.39ms | tok/sec: 258,118 | bf16_mfu: 46.43 | epoch: 1 | total time: 72.88m | eta: 222.4m
step 01084/04357 (24.88%) | loss: 3.051128 | lrm: 1.00 | dt: 4060.61ms | tok/sec: 258,230 | bf16_mfu: 46.45 | epoch: 1 | total time: 72.95m | eta: 222.3m
step 01085/04357 (24.90%) | loss: 3.043302 | lrm: 1.00 | dt: 4055.69ms | tok/sec: 258,544 | bf16_mfu: 46.51 | epoch: 1 | total time: 73.02m | eta: 222.2m
step 01086/04357 (24.93%) | loss: 3.042510 | lrm: 1.00 | dt: 4056.76ms | tok/sec: 258,475 | bf16_mfu: 46.50 | epoch: 1 | total time: 73.09m | eta: 222.2m
step 01087/04357 (24.95%) | loss: 3.042037 | lrm: 1.00 | dt: 4048.56ms | tok/sec: 258,999 | bf16_mfu: 46.59 | epoch: 1 | total time: 73.15m | eta: 222.1m
step 01088/04357 (24.97%) | loss: 3.038255 | lrm: 1.00 | dt: 4056.79ms | tok/sec: 258,474 | bf16_mfu: 46.50 | epoch: 1 | total time: 73.22m | eta: 222.0m
step 01089/04357 (24.99%) | loss: 3.036633 | lrm: 1.00 | dt: 4056.46ms | tok/sec: 258,495 | bf16_mfu: 46.50 | epoch: 1 | total time: 73.29m | eta: 222.0m
step 01090/04357 (25.02%) | loss: 3.028920 | lrm: 1.00 | dt: 4058.17ms | tok/sec: 258,386 | bf16_mfu: 46.48 | epoch: 1 | total time: 73.36m | eta: 221.9m
step 01091/04357 (25.04%) | loss: 3.028819 | lrm: 1.00 | dt: 4056.28ms | tok/sec: 258,506 | bf16_mfu: 46.50 | epoch: 1 | total time: 73.42m | eta: 221.8m
step 01092/04357 (25.06%) | loss: 3.030904 | lrm: 1.00 | dt: 4051.95ms | tok/sec: 258,783 | bf16_mfu: 46.55 | epoch: 1 | total time: 73.49m | eta: 221.8m
step 01093/04357 (25.09%) | loss: 3.025615 | lrm: 1.00 | dt: 4063.75ms | tok/sec: 258,031 | bf16_mfu: 46.42 | epoch: 1 | total time: 73.56m | eta: 221.7m
step 01094/04357 (25.11%) | loss: 3.025517 | lrm: 1.00 | dt: 4058.24ms | tok/sec: 258,382 | bf16_mfu: 46.48 | epoch: 1 | total time: 73.63m | eta: 221.6m
step 01095/04357 (25.13%) | loss: 3.025344 | lrm: 1.00 | dt: 4068.23ms | tok/sec: 257,747 | bf16_mfu: 46.37 | epoch: 1 | total time: 73.69m | eta: 221.6m
step 01096/04357 (25.15%) | loss: 3.026849 | lrm: 1.00 | dt: 4053.96ms | tok/sec: 258,654 | bf16_mfu: 46.53 | epoch: 1 | total time: 73.76m | eta: 221.5m
step 01097/04357 (25.18%) | loss: 3.030654 | lrm: 1.00 | dt: 4053.15ms | tok/sec: 258,706 | bf16_mfu: 46.54 | epoch: 1 | total time: 73.83m | eta: 221.4m
step 01098/04357 (25.20%) | loss: 3.033269 | lrm: 1.00 | dt: 4068.65ms | tok/sec: 257,720 | bf16_mfu: 46.36 | epoch: 1 | total time: 73.90m | eta: 221.4m
step 01099/04357 (25.22%) | loss: 3.027105 | lrm: 1.00 | dt: 4053.03ms | tok/sec: 258,713 | bf16_mfu: 46.54 | epoch: 1 | total time: 73.97m | eta: 221.3m
step 01100/04357 (25.25%) | loss: 3.024583 | lrm: 1.00 | dt: 4054.50ms | tok/sec: 258,620 | bf16_mfu: 46.52 | epoch: 1 | total time: 74.03m | eta: 221.2m
step 01101/04357 (25.27%) | loss: 3.019930 | lrm: 1.00 | dt: 4068.25ms | tok/sec: 257,746 | bf16_mfu: 46.37 | epoch: 1 | total time: 74.10m | eta: 221.1m
step 01102/04357 (25.29%) | loss: 3.017867 | lrm: 1.00 | dt: 4061.93ms | tok/sec: 258,147 | bf16_mfu: 46.44 | epoch: 1 | total time: 74.17m | eta: 221.1m
step 01103/04357 (25.32%) | loss: 3.007374 | lrm: 1.00 | dt: 4058.01ms | tok/sec: 258,396 | bf16_mfu: 46.48 | epoch: 1 | total time: 74.24m | eta: 221.0m
step 01104/04357 (25.34%) | loss: 3.003532 | lrm: 1.00 | dt: 4057.05ms | tok/sec: 258,457 | bf16_mfu: 46.49 | epoch: 1 | total time: 74.30m | eta: 220.9m
step 01105/04357 (25.36%) | loss: 3.007005 | lrm: 1.00 | dt: 4068.41ms | tok/sec: 257,735 | bf16_mfu: 46.36 | epoch: 1 | total time: 74.37m | eta: 220.9m
step 01106/04357 (25.38%) | loss: 3.030036 | lrm: 1.00 | dt: 4057.43ms | tok/sec: 258,433 | bf16_mfu: 46.49 | epoch: 1 | total time: 74.44m | eta: 220.8m
step 01107/04357 (25.41%) | loss: 3.022543 | lrm: 1.00 | dt: 4040.56ms | tok/sec: 259,512 | bf16_mfu: 46.68 | epoch: 1 | total time: 74.51m | eta: 220.7m
step 01108/04357 (25.43%) | loss: 3.022565 | lrm: 1.00 | dt: 4050.40ms | tok/sec: 258,881 | bf16_mfu: 46.57 | epoch: 1 | total time: 74.57m | eta: 220.7m
step 01109/04357 (25.45%) | loss: 3.023533 | lrm: 1.00 | dt: 4055.65ms | tok/sec: 258,547 | bf16_mfu: 46.51 | epoch: 1 | total time: 74.64m | eta: 220.6m
step 01110/04357 (25.48%) | loss: 3.016421 | lrm: 1.00 | dt: 4059.95ms | tok/sec: 258,273 | bf16_mfu: 46.46 | epoch: 1 | total time: 74.71m | eta: 220.5m
step 01111/04357 (25.50%) | loss: 3.022413 | lrm: 1.00 | dt: 4064.36ms | tok/sec: 257,992 | bf16_mfu: 46.41 | epoch: 1 | total time: 74.78m | eta: 220.5m
step 01112/04357 (25.52%) | loss: 3.025946 | lrm: 1.00 | dt: 4060.55ms | tok/sec: 258,234 | bf16_mfu: 46.45 | epoch: 1 | total time: 74.84m | eta: 220.4m
step 01113/04357 (25.55%) | loss: 3.019414 | lrm: 1.00 | dt: 4054.29ms | tok/sec: 258,633 | bf16_mfu: 46.53 | epoch: 1 | total time: 74.91m | eta: 220.3m
step 01114/04357 (25.57%) | loss: 3.025874 | lrm: 1.00 | dt: 4064.05ms | tok/sec: 258,012 | bf16_mfu: 46.41 | epoch: 1 | total time: 74.98m | eta: 220.3m
step 01115/04357 (25.59%) | loss: 3.025739 | lrm: 1.00 | dt: 4051.34ms | tok/sec: 258,821 | bf16_mfu: 46.56 | epoch: 1 | total time: 75.05m | eta: 220.2m
step 01116/04357 (25.61%) | loss: 3.015876 | lrm: 1.00 | dt: 4058.90ms | tok/sec: 258,340 | bf16_mfu: 46.47 | epoch: 1 | total time: 75.12m | eta: 220.1m
step 01117/04357 (25.64%) | loss: 3.016338 | lrm: 1.00 | dt: 4050.65ms | tok/sec: 258,865 | bf16_mfu: 46.57 | epoch: 1 | total time: 75.18m | eta: 220.0m
step 01118/04357 (25.66%) | loss: 3.009323 | lrm: 1.00 | dt: 4048.87ms | tok/sec: 258,980 | bf16_mfu: 46.59 | epoch: 1 | total time: 75.25m | eta: 220.0m
step 01119/04357 (25.68%) | loss: 3.015915 | lrm: 1.00 | dt: 4051.45ms | tok/sec: 258,815 | bf16_mfu: 46.56 | epoch: 1 | total time: 75.32m | eta: 219.9m
step 01120/04357 (25.71%) | loss: 2.998972 | lrm: 1.00 | dt: 4049.44ms | tok/sec: 258,943 | bf16_mfu: 46.58 | epoch: 1 | total time: 75.39m | eta: 219.8m
step 01121/04357 (25.73%) | loss: 2.993801 | lrm: 1.00 | dt: 4053.09ms | tok/sec: 258,710 | bf16_mfu: 46.54 | epoch: 1 | total time: 75.45m | eta: 219.8m
step 01122/04357 (25.75%) | loss: 2.998994 | lrm: 1.00 | dt: 4053.43ms | tok/sec: 258,688 | bf16_mfu: 46.54 | epoch: 1 | total time: 75.52m | eta: 219.7m
step 01123/04357 (25.77%) | loss: 2.978109 | lrm: 1.00 | dt: 4064.46ms | tok/sec: 257,986 | bf16_mfu: 46.41 | epoch: 1 | total time: 75.59m | eta: 219.6m
step 01124/04357 (25.80%) | loss: 2.968331 | lrm: 1.00 | dt: 4055.03ms | tok/sec: 258,586 | bf16_mfu: 46.52 | epoch: 1 | total time: 75.66m | eta: 219.6m
step 01125/04357 (25.82%) | loss: 2.969028 | lrm: 1.00 | dt: 4031.15ms | tok/sec: 260,118 | bf16_mfu: 46.79 | epoch: 1 | total time: 75.72m | eta: 219.5m
step 01126/04357 (25.84%) | loss: 2.980226 | lrm: 1.00 | dt: 4060.07ms | tok/sec: 258,265 | bf16_mfu: 46.46 | epoch: 1 | total time: 75.79m | eta: 219.4m
step 01127/04357 (25.87%) | loss: 2.979442 | lrm: 1.00 | dt: 4063.42ms | tok/sec: 258,052 | bf16_mfu: 46.42 | epoch: 1 | total time: 75.86m | eta: 219.4m
step 01128/04357 (25.89%) | loss: 2.995817 | lrm: 1.00 | dt: 4062.27ms | tok/sec: 258,125 | bf16_mfu: 46.43 | epoch: 1 | total time: 75.93m | eta: 219.3m
step 01129/04357 (25.91%) | loss: 2.991524 | lrm: 1.00 | dt: 4063.83ms | tok/sec: 258,026 | bf16_mfu: 46.42 | epoch: 1 | total time: 75.99m | eta: 219.2m
step 01130/04357 (25.94%) | loss: 2.984737 | lrm: 1.00 | dt: 4047.81ms | tok/sec: 259,047 | bf16_mfu: 46.60 | epoch: 1 | total time: 76.06m | eta: 219.2m
step 01131/04357 (25.96%) | loss: 2.996834 | lrm: 1.00 | dt: 4063.18ms | tok/sec: 258,067 | bf16_mfu: 46.42 | epoch: 1 | total time: 76.13m | eta: 219.1m
step 01132/04357 (25.98%) | loss: 3.008787 | lrm: 1.00 | dt: 4054.59ms | tok/sec: 258,614 | bf16_mfu: 46.52 | epoch: 1 | total time: 76.20m | eta: 219.0m
step 01133/04357 (26.00%) | loss: 3.001793 | lrm: 1.00 | dt: 4051.94ms | tok/sec: 258,783 | bf16_mfu: 46.55 | epoch: 1 | total time: 76.26m | eta: 218.9m
step 01134/04357 (26.03%) | loss: 2.985018 | lrm: 1.00 | dt: 4064.09ms | tok/sec: 258,009 | bf16_mfu: 46.41 | epoch: 1 | total time: 76.33m | eta: 218.9m
step 01135/04357 (26.05%) | loss: 2.979078 | lrm: 1.00 | dt: 4044.47ms | tok/sec: 259,261 | bf16_mfu: 46.64 | epoch: 1 | total time: 76.40m | eta: 218.8m
step 01136/04357 (26.07%) | loss: 2.986936 | lrm: 1.00 | dt: 4061.84ms | tok/sec: 258,153 | bf16_mfu: 46.44 | epoch: 1 | total time: 76.47m | eta: 218.7m
step 01137/04357 (26.10%) | loss: 2.986845 | lrm: 1.00 | dt: 4058.91ms | tok/sec: 258,339 | bf16_mfu: 46.47 | epoch: 1 | total time: 76.53m | eta: 218.7m
step 01138/04357 (26.12%) | loss: 3.001793 | lrm: 1.00 | dt: 4062.47ms | tok/sec: 258,112 | bf16_mfu: 46.43 | epoch: 1 | total time: 76.60m | eta: 218.6m
step 01139/04357 (26.14%) | loss: 3.001928 | lrm: 1.00 | dt: 4053.38ms | tok/sec: 258,691 | bf16_mfu: 46.54 | epoch: 1 | total time: 76.67m | eta: 218.5m
step 01140/04357 (26.16%) | loss: 3.003705 | lrm: 1.00 | dt: 4059.66ms | tok/sec: 258,291 | bf16_mfu: 46.46 | epoch: 1 | total time: 76.74m | eta: 218.5m
step 01141/04357 (26.19%) | loss: 3.027575 | lrm: 1.00 | dt: 4062.98ms | tok/sec: 258,080 | bf16_mfu: 46.43 | epoch: 1 | total time: 76.81m | eta: 218.4m
step 01142/04357 (26.21%) | loss: 3.024769 | lrm: 1.00 | dt: 4050.77ms | tok/sec: 258,858 | bf16_mfu: 46.57 | epoch: 1 | total time: 76.87m | eta: 218.3m
step 01143/04357 (26.23%) | loss: 3.014823 | lrm: 1.00 | dt: 4050.98ms | tok/sec: 258,845 | bf16_mfu: 46.56 | epoch: 1 | total time: 76.94m | eta: 218.3m
step 01144/04357 (26.26%) | loss: 3.013181 | lrm: 1.00 | dt: 4050.44ms | tok/sec: 258,879 | bf16_mfu: 46.57 | epoch: 1 | total time: 77.01m | eta: 218.2m
step 01145/04357 (26.28%) | loss: 3.018441 | lrm: 1.00 | dt: 4055.98ms | tok/sec: 258,526 | bf16_mfu: 46.51 | epoch: 1 | total time: 77.08m | eta: 218.1m
step 01146/04357 (26.30%) | loss: 3.020525 | lrm: 1.00 | dt: 4067.36ms | tok/sec: 257,802 | bf16_mfu: 46.38 | epoch: 1 | total time: 77.14m | eta: 218.1m
step 01147/04357 (26.33%) | loss: 3.013554 | lrm: 1.00 | dt: 4052.43ms | tok/sec: 258,752 | bf16_mfu: 46.55 | epoch: 1 | total time: 77.21m | eta: 218.0m
step 01148/04357 (26.35%) | loss: 3.014880 | lrm: 1.00 | dt: 4053.22ms | tok/sec: 258,702 | bf16_mfu: 46.54 | epoch: 1 | total time: 77.28m | eta: 217.9m
step 01149/04357 (26.37%) | loss: 3.027752 | lrm: 1.00 | dt: 4053.21ms | tok/sec: 258,702 | bf16_mfu: 46.54 | epoch: 1 | total time: 77.35m | eta: 217.8m
step 01150/04357 (26.39%) | loss: 3.029265 | lrm: 1.00 | dt: 4069.35ms | tok/sec: 257,676 | bf16_mfu: 46.35 | epoch: 1 | total time: 77.41m | eta: 217.8m
step 01151/04357 (26.42%) | loss: 3.027169 | lrm: 1.00 | dt: 4049.96ms | tok/sec: 258,910 | bf16_mfu: 46.58 | epoch: 1 | total time: 77.48m | eta: 217.7m
step 01152/04357 (26.44%) | loss: 3.034791 | lrm: 1.00 | dt: 4064.85ms | tok/sec: 257,961 | bf16_mfu: 46.41 | epoch: 1 | total time: 77.55m | eta: 217.6m
step 01153/04357 (26.46%) | loss: 3.030244 | lrm: 1.00 | dt: 4052.38ms | tok/sec: 258,755 | bf16_mfu: 46.55 | epoch: 1 | total time: 77.62m | eta: 217.6m
step 01154/04357 (26.49%) | loss: 3.044201 | lrm: 1.00 | dt: 4056.22ms | tok/sec: 258,510 | bf16_mfu: 46.50 | epoch: 1 | total time: 77.68m | eta: 217.5m
step 01155/04357 (26.51%) | loss: 3.045816 | lrm: 1.00 | dt: 4054.53ms | tok/sec: 258,618 | bf16_mfu: 46.52 | epoch: 1 | total time: 77.75m | eta: 217.4m
step 01156/04357 (26.53%) | loss: 3.063528 | lrm: 1.00 | dt: 4057.48ms | tok/sec: 258,430 | bf16_mfu: 46.49 | epoch: 1 | total time: 77.82m | eta: 217.4m
step 01157/04357 (26.55%) | loss: 3.062459 | lrm: 1.00 | dt: 4062.49ms | tok/sec: 258,111 | bf16_mfu: 46.43 | epoch: 1 | total time: 77.89m | eta: 217.3m
step 01158/04357 (26.58%) | loss: 3.065817 | lrm: 1.00 | dt: 4048.11ms | tok/sec: 259,028 | bf16_mfu: 46.60 | epoch: 1 | total time: 77.95m | eta: 217.2m
step 01159/04357 (26.60%) | loss: 3.055483 | lrm: 1.00 | dt: 4052.30ms | tok/sec: 258,760 | bf16_mfu: 46.55 | epoch: 1 | total time: 78.02m | eta: 217.2m
step 01160/04357 (26.62%) | loss: 3.039305 | lrm: 1.00 | dt: 4055.17ms | tok/sec: 258,577 | bf16_mfu: 46.52 | epoch: 1 | total time: 78.09m | eta: 217.1m
step 01161/04357 (26.65%) | loss: 3.029714 | lrm: 1.00 | dt: 4061.07ms | tok/sec: 258,201 | bf16_mfu: 46.45 | epoch: 1 | total time: 78.16m | eta: 217.0m
step 01162/04357 (26.67%) | loss: 3.028555 | lrm: 1.00 | dt: 4061.02ms | tok/sec: 258,205 | bf16_mfu: 46.45 | epoch: 1 | total time: 78.22m | eta: 217.0m
step 01163/04357 (26.69%) | loss: 3.018263 | lrm: 1.00 | dt: 4064.47ms | tok/sec: 257,985 | bf16_mfu: 46.41 | epoch: 1 | total time: 78.29m | eta: 216.9m
step 01164/04357 (26.72%) | loss: 3.021479 | lrm: 1.00 | dt: 4056.45ms | tok/sec: 258,495 | bf16_mfu: 46.50 | epoch: 1 | total time: 78.36m | eta: 216.8m
step 01165/04357 (26.74%) | loss: 3.009855 | lrm: 1.00 | dt: 4054.44ms | tok/sec: 258,623 | bf16_mfu: 46.52 | epoch: 1 | total time: 78.43m | eta: 216.7m
step 01166/04357 (26.76%) | loss: 3.011447 | lrm: 1.00 | dt: 4063.21ms | tok/sec: 258,066 | bf16_mfu: 46.42 | epoch: 1 | total time: 78.50m | eta: 216.7m
step 01167/04357 (26.78%) | loss: 3.022377 | lrm: 1.00 | dt: 4060.42ms | tok/sec: 258,243 | bf16_mfu: 46.46 | epoch: 1 | total time: 78.56m | eta: 216.6m
step 01168/04357 (26.81%) | loss: 3.026507 | lrm: 1.00 | dt: 4059.39ms | tok/sec: 258,308 | bf16_mfu: 46.47 | epoch: 1 | total time: 78.63m | eta: 216.5m
step 01169/04357 (26.83%) | loss: 3.023066 | lrm: 1.00 | dt: 4054.30ms | tok/sec: 258,633 | bf16_mfu: 46.53 | epoch: 1 | total time: 78.70m | eta: 216.5m
step 01170/04357 (26.85%) | loss: 3.022903 | lrm: 1.00 | dt: 4060.25ms | tok/sec: 258,254 | bf16_mfu: 46.46 | epoch: 1 | total time: 78.77m | eta: 216.4m
step 01171/04357 (26.88%) | loss: 3.019027 | lrm: 1.00 | dt: 4053.24ms | tok/sec: 258,700 | bf16_mfu: 46.54 | epoch: 1 | total time: 78.83m | eta: 216.3m
step 01172/04357 (26.90%) | loss: 3.017878 | lrm: 1.00 | dt: 4062.78ms | tok/sec: 258,093 | bf16_mfu: 46.43 | epoch: 1 | total time: 78.90m | eta: 216.3m
step 01173/04357 (26.92%) | loss: 3.009575 | lrm: 1.00 | dt: 4044.31ms | tok/sec: 259,271 | bf16_mfu: 46.64 | epoch: 1 | total time: 78.97m | eta: 216.2m
step 01174/04357 (26.95%) | loss: 3.005025 | lrm: 1.00 | dt: 4063.23ms | tok/sec: 258,064 | bf16_mfu: 46.42 | epoch: 1 | total time: 79.04m | eta: 216.1m
step 01175/04357 (26.97%) | loss: 2.995441 | lrm: 1.00 | dt: 4070.43ms | tok/sec: 257,608 | bf16_mfu: 46.34 | epoch: 1 | total time: 79.10m | eta: 216.1m
step 01176/04357 (26.99%) | loss: 2.994222 | lrm: 1.00 | dt: 4062.71ms | tok/sec: 258,097 | bf16_mfu: 46.43 | epoch: 1 | total time: 79.17m | eta: 216.0m
step 01177/04357 (27.01%) | loss: 2.993669 | lrm: 1.00 | dt: 4059.94ms | tok/sec: 258,273 | bf16_mfu: 46.46 | epoch: 1 | total time: 79.24m | eta: 215.9m
step 01178/04357 (27.04%) | loss: 2.987153 | lrm: 1.00 | dt: 4050.91ms | tok/sec: 258,849 | bf16_mfu: 46.56 | epoch: 1 | total time: 79.31m | eta: 215.9m
step 01179/04357 (27.06%) | loss: 2.987641 | lrm: 1.00 | dt: 4066.80ms | tok/sec: 257,837 | bf16_mfu: 46.38 | epoch: 1 | total time: 79.37m | eta: 215.8m
step 01180/04357 (27.08%) | loss: 2.991509 | lrm: 1.00 | dt: 4056.27ms | tok/sec: 258,507 | bf16_mfu: 46.50 | epoch: 1 | total time: 79.44m | eta: 215.7m
step 01181/04357 (27.11%) | loss: 2.995735 | lrm: 1.00 | dt: 4063.05ms | tok/sec: 258,075 | bf16_mfu: 46.43 | epoch: 1 | total time: 79.51m | eta: 215.6m
step 01182/04357 (27.13%) | loss: 2.992897 | lrm: 1.00 | dt: 4049.59ms | tok/sec: 258,933 | bf16_mfu: 46.58 | epoch: 1 | total time: 79.58m | eta: 215.6m
step 01183/04357 (27.15%) | loss: 2.982337 | lrm: 1.00 | dt: 4056.44ms | tok/sec: 258,496 | bf16_mfu: 46.50 | epoch: 1 | total time: 79.65m | eta: 215.5m
step 01184/04357 (27.17%) | loss: 2.988695 | lrm: 1.00 | dt: 4063.68ms | tok/sec: 258,036 | bf16_mfu: 46.42 | epoch: 1 | total time: 79.71m | eta: 215.4m
step 01185/04357 (27.20%) | loss: 2.993551 | lrm: 1.00 | dt: 4056.45ms | tok/sec: 258,495 | bf16_mfu: 46.50 | epoch: 1 | total time: 79.78m | eta: 215.4m
step 01186/04357 (27.22%) | loss: 2.994156 | lrm: 1.00 | dt: 4058.05ms | tok/sec: 258,394 | bf16_mfu: 46.48 | epoch: 1 | total time: 79.85m | eta: 215.3m
step 01187/04357 (27.24%) | loss: 2.995540 | lrm: 1.00 | dt: 4048.69ms | tok/sec: 258,991 | bf16_mfu: 46.59 | epoch: 1 | total time: 79.92m | eta: 215.2m
step 01188/04357 (27.27%) | loss: 2.997283 | lrm: 1.00 | dt: 4059.70ms | tok/sec: 258,289 | bf16_mfu: 46.46 | epoch: 1 | total time: 79.98m | eta: 215.2m
step 01189/04357 (27.29%) | loss: 2.995890 | lrm: 1.00 | dt: 4055.57ms | tok/sec: 258,551 | bf16_mfu: 46.51 | epoch: 1 | total time: 80.05m | eta: 215.1m
step 01190/04357 (27.31%) | loss: 3.008772 | lrm: 1.00 | dt: 4062.91ms | tok/sec: 258,084 | bf16_mfu: 46.43 | epoch: 1 | total time: 80.12m | eta: 215.0m
step 01191/04357 (27.34%) | loss: 2.982986 | lrm: 1.00 | dt: 4057.69ms | tok/sec: 258,416 | bf16_mfu: 46.49 | epoch: 1 | total time: 80.19m | eta: 215.0m
step 01192/04357 (27.36%) | loss: 2.980885 | lrm: 1.00 | dt: 4064.42ms | tok/sec: 257,988 | bf16_mfu: 46.41 | epoch: 1 | total time: 80.25m | eta: 214.9m
step 01193/04357 (27.38%) | loss: 2.991376 | lrm: 1.00 | dt: 4051.15ms | tok/sec: 258,834 | bf16_mfu: 46.56 | epoch: 1 | total time: 80.32m | eta: 214.8m
step 01194/04357 (27.40%) | loss: 2.984148 | lrm: 1.00 | dt: 4063.02ms | tok/sec: 258,078 | bf16_mfu: 46.43 | epoch: 1 | total time: 80.39m | eta: 214.8m
step 01195/04357 (27.43%) | loss: 2.989725 | lrm: 1.00 | dt: 4064.14ms | tok/sec: 258,006 | bf16_mfu: 46.41 | epoch: 1 | total time: 80.46m | eta: 214.7m
step 01196/04357 (27.45%) | loss: 2.992592 | lrm: 1.00 | dt: 4087.50ms | tok/sec: 256,532 | bf16_mfu: 46.15 | epoch: 1 | total time: 80.53m | eta: 214.6m
step 01197/04357 (27.47%) | loss: 3.006933 | lrm: 1.00 | dt: 4077.26ms | tok/sec: 257,176 | bf16_mfu: 46.26 | epoch: 1 | total time: 80.59m | eta: 214.6m
step 01198/04357 (27.50%) | loss: 3.000283 | lrm: 1.00 | dt: 4099.84ms | tok/sec: 255,760 | bf16_mfu: 46.01 | epoch: 1 | total time: 80.66m | eta: 214.5m
step 01199/04357 (27.52%) | loss: 2.988160 | lrm: 1.00 | dt: 4093.07ms | tok/sec: 256,183 | bf16_mfu: 46.09 | epoch: 1 | total time: 80.73m | eta: 214.4m
step 01200/04357 (27.54%) | loss: 2.990877 | lrm: 1.00 | dt: 4111.67ms | tok/sec: 255,024 | bf16_mfu: 45.88 | epoch: 1 | total time: 80.80m | eta: 214.4m
step 01201/04357 (27.56%) | loss: 2.992175 | lrm: 1.00 | dt: 4094.52ms | tok/sec: 256,092 | bf16_mfu: 46.07 | epoch: 1 | total time: 80.87m | eta: 214.3m
step 01202/04357 (27.59%) | loss: 2.990325 | lrm: 1.00 | dt: 4086.20ms | tok/sec: 256,613 | bf16_mfu: 46.16 | epoch: 1 | total time: 80.93m | eta: 214.2m
step 01203/04357 (27.61%) | loss: 2.981272 | lrm: 1.00 | dt: 4074.13ms | tok/sec: 257,374 | bf16_mfu: 46.30 | epoch: 1 | total time: 81.00m | eta: 214.2m
step 01204/04357 (27.63%) | loss: 2.988610 | lrm: 1.00 | dt: 4059.89ms | tok/sec: 258,277 | bf16_mfu: 46.46 | epoch: 1 | total time: 81.07m | eta: 214.1m
step 01205/04357 (27.66%) | loss: 2.992474 | lrm: 1.00 | dt: 4052.75ms | tok/sec: 258,732 | bf16_mfu: 46.54 | epoch: 1 | total time: 81.14m | eta: 214.0m
step 01206/04357 (27.68%) | loss: 2.980028 | lrm: 1.00 | dt: 4067.45ms | tok/sec: 257,796 | bf16_mfu: 46.38 | epoch: 1 | total time: 81.21m | eta: 213.9m
step 01207/04357 (27.70%) | loss: 2.982728 | lrm: 1.00 | dt: 4041.16ms | tok/sec: 259,473 | bf16_mfu: 46.68 | epoch: 1 | total time: 81.27m | eta: 213.9m
step 01208/04357 (27.73%) | loss: 2.989587 | lrm: 1.00 | dt: 4058.41ms | tok/sec: 258,370 | bf16_mfu: 46.48 | epoch: 1 | total time: 81.34m | eta: 213.8m
step 01209/04357 (27.75%) | loss: 2.992727 | lrm: 1.00 | dt: 4057.10ms | tok/sec: 258,454 | bf16_mfu: 46.49 | epoch: 1 | total time: 81.41m | eta: 213.7m
step 01210/04357 (27.77%) | loss: 2.986554 | lrm: 1.00 | dt: 4048.19ms | tok/sec: 259,023 | bf16_mfu: 46.60 | epoch: 1 | total time: 81.48m | eta: 213.7m
step 01211/04357 (27.79%) | loss: 2.994812 | lrm: 1.00 | dt: 4051.99ms | tok/sec: 258,780 | bf16_mfu: 46.55 | epoch: 1 | total time: 81.54m | eta: 213.6m
step 01212/04357 (27.82%) | loss: 2.992174 | lrm: 1.00 | dt: 4052.84ms | tok/sec: 258,726 | bf16_mfu: 46.54 | epoch: 1 | total time: 81.61m | eta: 213.5m
step 01213/04357 (27.84%) | loss: 3.000937 | lrm: 1.00 | dt: 4052.26ms | tok/sec: 258,763 | bf16_mfu: 46.55 | epoch: 1 | total time: 81.68m | eta: 213.5m
step 01214/04357 (27.86%) | loss: 2.987632 | lrm: 1.00 | dt: 4068.16ms | tok/sec: 257,752 | bf16_mfu: 46.37 | epoch: 1 | total time: 81.75m | eta: 213.4m
step 01215/04357 (27.89%) | loss: 2.990049 | lrm: 1.00 | dt: 4049.70ms | tok/sec: 258,926 | bf16_mfu: 46.58 | epoch: 1 | total time: 81.81m | eta: 213.3m
step 01216/04357 (27.91%) | loss: 2.993746 | lrm: 1.00 | dt: 4052.93ms | tok/sec: 258,720 | bf16_mfu: 46.54 | epoch: 1 | total time: 81.88m | eta: 213.3m
step 01217/04357 (27.93%) | loss: 2.994420 | lrm: 1.00 | dt: 4064.20ms | tok/sec: 258,003 | bf16_mfu: 46.41 | epoch: 1 | total time: 81.95m | eta: 213.2m
step 01218/04357 (27.96%) | loss: 2.978982 | lrm: 1.00 | dt: 4057.04ms | tok/sec: 258,458 | bf16_mfu: 46.49 | epoch: 1 | total time: 82.02m | eta: 213.1m
step 01219/04357 (27.98%) | loss: 2.983150 | lrm: 1.00 | dt: 4049.62ms | tok/sec: 258,932 | bf16_mfu: 46.58 | epoch: 1 | total time: 82.08m | eta: 213.1m
step 01220/04357 (28.00%) | loss: 2.997368 | lrm: 1.00 | dt: 4058.18ms | tok/sec: 258,385 | bf16_mfu: 46.48 | epoch: 1 | total time: 82.15m | eta: 213.0m
step 01221/04357 (28.02%) | loss: 2.990958 | lrm: 1.00 | dt: 4058.22ms | tok/sec: 258,383 | bf16_mfu: 46.48 | epoch: 1 | total time: 82.22m | eta: 212.9m
step 01222/04357 (28.05%) | loss: 2.999161 | lrm: 1.00 | dt: 4061.48ms | tok/sec: 258,175 | bf16_mfu: 46.44 | epoch: 1 | total time: 82.29m | eta: 212.8m
step 01223/04357 (28.07%) | loss: 2.992485 | lrm: 1.00 | dt: 4051.34ms | tok/sec: 258,822 | bf16_mfu: 46.56 | epoch: 1 | total time: 82.35m | eta: 212.8m
step 01224/04357 (28.09%) | loss: 2.996674 | lrm: 1.00 | dt: 4053.00ms | tok/sec: 258,716 | bf16_mfu: 46.54 | epoch: 1 | total time: 82.42m | eta: 212.7m
step 01225/04357 (28.12%) | loss: 2.998865 | lrm: 1.00 | dt: 4052.72ms | tok/sec: 258,733 | bf16_mfu: 46.54 | epoch: 1 | total time: 82.49m | eta: 212.6m
step 01226/04357 (28.14%) | loss: 2.992115 | lrm: 1.00 | dt: 4064.82ms | tok/sec: 257,963 | bf16_mfu: 46.41 | epoch: 1 | total time: 82.56m | eta: 212.6m
step 01227/04357 (28.16%) | loss: 3.001877 | lrm: 1.00 | dt: 4052.29ms | tok/sec: 258,761 | bf16_mfu: 46.55 | epoch: 1 | total time: 82.62m | eta: 212.5m
step 01228/04357 (28.18%) | loss: 2.998083 | lrm: 1.00 | dt: 4051.66ms | tok/sec: 258,801 | bf16_mfu: 46.56 | epoch: 1 | total time: 82.69m | eta: 212.4m
step 01229/04357 (28.21%) | loss: 2.983222 | lrm: 1.00 | dt: 4060.17ms | tok/sec: 258,259 | bf16_mfu: 46.46 | epoch: 1 | total time: 82.76m | eta: 212.4m
step 01230/04357 (28.23%) | loss: 2.989870 | lrm: 1.00 | dt: 4062.58ms | tok/sec: 258,106 | bf16_mfu: 46.43 | epoch: 1 | total time: 82.83m | eta: 212.3m
step 01231/04357 (28.25%) | loss: 2.991488 | lrm: 1.00 | dt: 4054.93ms | tok/sec: 258,592 | bf16_mfu: 46.52 | epoch: 1 | total time: 82.90m | eta: 212.2m
step 01232/04357 (28.28%) | loss: 2.992750 | lrm: 1.00 | dt: 4058.26ms | tok/sec: 258,380 | bf16_mfu: 46.48 | epoch: 1 | total time: 82.96m | eta: 212.2m
step 01233/04357 (28.30%) | loss: 3.000228 | lrm: 1.00 | dt: 4061.08ms | tok/sec: 258,201 | bf16_mfu: 46.45 | epoch: 1 | total time: 83.03m | eta: 212.1m
step 01234/04357 (28.32%) | loss: 2.977589 | lrm: 1.00 | dt: 4048.25ms | tok/sec: 259,019 | bf16_mfu: 46.60 | epoch: 1 | total time: 83.10m | eta: 212.0m
step 01235/04357 (28.35%) | loss: 2.992256 | lrm: 1.00 | dt: 4072.11ms | tok/sec: 257,501 | bf16_mfu: 46.32 | epoch: 1 | total time: 83.17m | eta: 212.0m
step 01236/04357 (28.37%) | loss: 2.994414 | lrm: 1.00 | dt: 4054.17ms | tok/sec: 258,641 | bf16_mfu: 46.53 | epoch: 1 | total time: 83.23m | eta: 211.9m
step 01237/04357 (28.39%) | loss: 3.000454 | lrm: 1.00 | dt: 4052.80ms | tok/sec: 258,728 | bf16_mfu: 46.54 | epoch: 1 | total time: 83.30m | eta: 211.8m
step 01238/04357 (28.41%) | loss: 3.001836 | lrm: 1.00 | dt: 4058.86ms | tok/sec: 258,342 | bf16_mfu: 46.47 | epoch: 1 | total time: 83.37m | eta: 211.7m
step 01239/04357 (28.44%) | loss: 2.995387 | lrm: 1.00 | dt: 4055.75ms | tok/sec: 258,540 | bf16_mfu: 46.51 | epoch: 1 | total time: 83.44m | eta: 211.7m
step 01240/04357 (28.46%) | loss: 2.998145 | lrm: 1.00 | dt: 4056.33ms | tok/sec: 258,503 | bf16_mfu: 46.50 | epoch: 1 | total time: 83.50m | eta: 211.6m
step 01241/04357 (28.48%) | loss: 3.001030 | lrm: 1.00 | dt: 4060.25ms | tok/sec: 258,253 | bf16_mfu: 46.46 | epoch: 1 | total time: 83.57m | eta: 211.5m
step 01242/04357 (28.51%) | loss: 2.997986 | lrm: 1.00 | dt: 4063.08ms | tok/sec: 258,074 | bf16_mfu: 46.43 | epoch: 1 | total time: 83.64m | eta: 211.5m
step 01243/04357 (28.53%) | loss: 2.999746 | lrm: 1.00 | dt: 4053.87ms | tok/sec: 258,660 | bf16_mfu: 46.53 | epoch: 1 | total time: 83.71m | eta: 211.4m
step 01244/04357 (28.55%) | loss: 2.997132 | lrm: 1.00 | dt: 4068.07ms | tok/sec: 257,757 | bf16_mfu: 46.37 | epoch: 1 | total time: 83.77m | eta: 211.3m
step 01245/04357 (28.57%) | loss: 2.992419 | lrm: 1.00 | dt: 4048.79ms | tok/sec: 258,985 | bf16_mfu: 46.59 | epoch: 1 | total time: 83.84m | eta: 211.3m
step 01246/04357 (28.60%) | loss: 2.991006 | lrm: 1.00 | dt: 4058.06ms | tok/sec: 258,393 | bf16_mfu: 46.48 | epoch: 1 | total time: 83.91m | eta: 211.2m
step 01247/04357 (28.62%) | loss: 3.000850 | lrm: 1.00 | dt: 4057.86ms | tok/sec: 258,406 | bf16_mfu: 46.49 | epoch: 1 | total time: 83.98m | eta: 211.1m
step 01248/04357 (28.64%) | loss: 2.997215 | lrm: 1.00 | dt: 4054.80ms | tok/sec: 258,601 | bf16_mfu: 46.52 | epoch: 1 | total time: 84.04m | eta: 211.1m
step 01249/04357 (28.67%) | loss: 2.997822 | lrm: 1.00 | dt: 4060.91ms | tok/sec: 258,212 | bf16_mfu: 46.45 | epoch: 1 | total time: 84.11m | eta: 211.0m
Step 01250 | Validation bpb: 0.910853
step 01250/04357 (28.69%) | loss: 3.006478 | lrm: 1.00 | dt: 4077.48ms | tok/sec: 257,162 | bf16_mfu: 46.26 | epoch: 1 | total time: 84.18m | eta: 210.9m
step 01251/04357 (28.71%) | loss: 3.006062 | lrm: 1.00 | dt: 4060.27ms | tok/sec: 258,252 | bf16_mfu: 46.46 | epoch: 1 | total time: 84.25m | eta: 210.9m
step 01252/04357 (28.74%) | loss: 3.013138 | lrm: 1.00 | dt: 4060.43ms | tok/sec: 258,242 | bf16_mfu: 46.46 | epoch: 1 | total time: 84.32m | eta: 210.8m
step 01253/04357 (28.76%) | loss: 3.008007 | lrm: 1.00 | dt: 4052.22ms | tok/sec: 258,765 | bf16_mfu: 46.55 | epoch: 1 | total time: 84.38m | eta: 210.7m
step 01254/04357 (28.78%) | loss: 2.997388 | lrm: 1.00 | dt: 4053.21ms | tok/sec: 258,702 | bf16_mfu: 46.54 | epoch: 1 | total time: 84.45m | eta: 210.7m
step 01255/04357 (28.80%) | loss: 2.992382 | lrm: 1.00 | dt: 4064.16ms | tok/sec: 258,005 | bf16_mfu: 46.41 | epoch: 1 | total time: 84.52m | eta: 210.6m
step 01256/04357 (28.83%) | loss: 2.985302 | lrm: 1.00 | dt: 4059.70ms | tok/sec: 258,288 | bf16_mfu: 46.46 | epoch: 1 | total time: 84.59m | eta: 210.5m
step 01257/04357 (28.85%) | loss: 2.986790 | lrm: 1.00 | dt: 4061.17ms | tok/sec: 258,195 | bf16_mfu: 46.45 | epoch: 1 | total time: 84.65m | eta: 210.4m
step 01258/04357 (28.87%) | loss: 2.986143 | lrm: 1.00 | dt: 4052.94ms | tok/sec: 258,720 | bf16_mfu: 46.54 | epoch: 1 | total time: 84.72m | eta: 210.4m
step 01259/04357 (28.90%) | loss: 2.982162 | lrm: 1.00 | dt: 4046.13ms | tok/sec: 259,155 | bf16_mfu: 46.62 | epoch: 1 | total time: 84.79m | eta: 210.3m
step 01260/04357 (28.92%) | loss: 2.984912 | lrm: 1.00 | dt: 4046.06ms | tok/sec: 259,159 | bf16_mfu: 46.62 | epoch: 1 | total time: 84.86m | eta: 210.2m
step 01261/04357 (28.94%) | loss: 2.976522 | lrm: 1.00 | dt: 4062.81ms | tok/sec: 258,091 | bf16_mfu: 46.43 | epoch: 1 | total time: 84.92m | eta: 210.2m
step 01262/04357 (28.96%) | loss: 2.976485 | lrm: 1.00 | dt: 4054.23ms | tok/sec: 258,637 | bf16_mfu: 46.53 | epoch: 1 | total time: 84.99m | eta: 210.1m
step 01263/04357 (28.99%) | loss: 2.983240 | lrm: 1.00 | dt: 4057.38ms | tok/sec: 258,436 | bf16_mfu: 46.49 | epoch: 1 | total time: 85.06m | eta: 210.0m
step 01264/04357 (29.01%) | loss: 2.984376 | lrm: 1.00 | dt: 4054.69ms | tok/sec: 258,608 | bf16_mfu: 46.52 | epoch: 1 | total time: 85.13m | eta: 210.0m
step 01265/04357 (29.03%) | loss: 2.988137 | lrm: 1.00 | dt: 4047.13ms | tok/sec: 259,091 | bf16_mfu: 46.61 | epoch: 1 | total time: 85.19m | eta: 209.9m
step 01266/04357 (29.06%) | loss: 2.985365 | lrm: 1.00 | dt: 4050.70ms | tok/sec: 258,862 | bf16_mfu: 46.57 | epoch: 1 | total time: 85.26m | eta: 209.8m
step 01267/04357 (29.08%) | loss: 2.972982 | lrm: 1.00 | dt: 4058.09ms | tok/sec: 258,391 | bf16_mfu: 46.48 | epoch: 1 | total time: 85.33m | eta: 209.8m
step 01268/04357 (29.10%) | loss: 2.975632 | lrm: 1.00 | dt: 4059.99ms | tok/sec: 258,270 | bf16_mfu: 46.46 | epoch: 1 | total time: 85.40m | eta: 209.7m
step 01269/04357 (29.13%) | loss: 2.972270 | lrm: 1.00 | dt: 4038.64ms | tok/sec: 259,635 | bf16_mfu: 46.71 | epoch: 1 | total time: 85.46m | eta: 209.6m
step 01270/04357 (29.15%) | loss: 2.969123 | lrm: 1.00 | dt: 4050.63ms | tok/sec: 258,867 | bf16_mfu: 46.57 | epoch: 1 | total time: 85.53m | eta: 209.6m
step 01271/04357 (29.17%) | loss: 2.959837 | lrm: 1.00 | dt: 4067.17ms | tok/sec: 257,814 | bf16_mfu: 46.38 | epoch: 1 | total time: 85.60m | eta: 209.5m
step 01272/04357 (29.19%) | loss: 2.964171 | lrm: 1.00 | dt: 4063.04ms | tok/sec: 258,076 | bf16_mfu: 46.43 | epoch: 1 | total time: 85.67m | eta: 209.4m
step 01273/04357 (29.22%) | loss: 2.944940 | lrm: 1.00 | dt: 4056.97ms | tok/sec: 258,462 | bf16_mfu: 46.50 | epoch: 1 | total time: 85.74m | eta: 209.3m
step 01274/04357 (29.24%) | loss: 2.942492 | lrm: 1.00 | dt: 4065.21ms | tok/sec: 257,939 | bf16_mfu: 46.40 | epoch: 1 | total time: 85.80m | eta: 209.3m
step 01275/04357 (29.26%) | loss: 2.962934 | lrm: 1.00 | dt: 4061.37ms | tok/sec: 258,182 | bf16_mfu: 46.44 | epoch: 1 | total time: 85.87m | eta: 209.2m
step 01276/04357 (29.29%) | loss: 2.970346 | lrm: 1.00 | dt: 4060.61ms | tok/sec: 258,231 | bf16_mfu: 46.45 | epoch: 1 | total time: 85.94m | eta: 209.1m
step 01277/04357 (29.31%) | loss: 2.959651 | lrm: 1.00 | dt: 4055.37ms | tok/sec: 258,565 | bf16_mfu: 46.51 | epoch: 1 | total time: 86.01m | eta: 209.1m
step 01278/04357 (29.33%) | loss: 2.956487 | lrm: 1.00 | dt: 4062.66ms | tok/sec: 258,100 | bf16_mfu: 46.43 | epoch: 1 | total time: 86.07m | eta: 209.0m
step 01279/04357 (29.36%) | loss: 2.947516 | lrm: 1.00 | dt: 4046.54ms | tok/sec: 259,129 | bf16_mfu: 46.62 | epoch: 1 | total time: 86.14m | eta: 208.9m
step 01280/04357 (29.38%) | loss: 2.957546 | lrm: 1.00 | dt: 4054.92ms | tok/sec: 258,593 | bf16_mfu: 46.52 | epoch: 1 | total time: 86.21m | eta: 208.9m
step 01281/04357 (29.40%) | loss: 2.953399 | lrm: 1.00 | dt: 4058.80ms | tok/sec: 258,346 | bf16_mfu: 46.47 | epoch: 1 | total time: 86.28m | eta: 208.8m
step 01282/04357 (29.42%) | loss: 2.955070 | lrm: 1.00 | dt: 4059.51ms | tok/sec: 258,301 | bf16_mfu: 46.47 | epoch: 1 | total time: 86.34m | eta: 208.7m
step 01283/04357 (29.45%) | loss: 2.951986 | lrm: 1.00 | dt: 4063.35ms | tok/sec: 258,057 | bf16_mfu: 46.42 | epoch: 1 | total time: 86.41m | eta: 208.7m
step 01284/04357 (29.47%) | loss: 2.954944 | lrm: 1.00 | dt: 4053.65ms | tok/sec: 258,674 | bf16_mfu: 46.53 | epoch: 1 | total time: 86.48m | eta: 208.6m
step 01285/04357 (29.49%) | loss: 2.960580 | lrm: 1.00 | dt: 4054.05ms | tok/sec: 258,648 | bf16_mfu: 46.53 | epoch: 1 | total time: 86.55m | eta: 208.5m
step 01286/04357 (29.52%) | loss: 2.962075 | lrm: 1.00 | dt: 4047.23ms | tok/sec: 259,084 | bf16_mfu: 46.61 | epoch: 1 | total time: 86.61m | eta: 208.5m
step 01287/04357 (29.54%) | loss: 2.970586 | lrm: 1.00 | dt: 4060.23ms | tok/sec: 258,255 | bf16_mfu: 46.46 | epoch: 1 | total time: 86.68m | eta: 208.4m
step 01288/04357 (29.56%) | loss: 2.970988 | lrm: 1.00 | dt: 4049.67ms | tok/sec: 258,928 | bf16_mfu: 46.58 | epoch: 1 | total time: 86.75m | eta: 208.3m
step 01289/04357 (29.58%) | loss: 2.954099 | lrm: 1.00 | dt: 4061.81ms | tok/sec: 258,154 | bf16_mfu: 46.44 | epoch: 1 | total time: 86.82m | eta: 208.3m
step 01290/04357 (29.61%) | loss: 2.952302 | lrm: 1.00 | dt: 4057.61ms | tok/sec: 258,422 | bf16_mfu: 46.49 | epoch: 1 | total time: 86.88m | eta: 208.2m
step 01291/04357 (29.63%) | loss: 2.953206 | lrm: 1.00 | dt: 4054.45ms | tok/sec: 258,623 | bf16_mfu: 46.52 | epoch: 1 | total time: 86.95m | eta: 208.1m
step 01292/04357 (29.65%) | loss: 2.940231 | lrm: 1.00 | dt: 4050.63ms | tok/sec: 258,867 | bf16_mfu: 46.57 | epoch: 1 | total time: 87.02m | eta: 208.0m
step 01293/04357 (29.68%) | loss: 2.959098 | lrm: 1.00 | dt: 4042.81ms | tok/sec: 259,367 | bf16_mfu: 46.66 | epoch: 1 | total time: 87.09m | eta: 208.0m
step 01294/04357 (29.70%) | loss: 2.972148 | lrm: 1.00 | dt: 4058.37ms | tok/sec: 258,373 | bf16_mfu: 46.48 | epoch: 1 | total time: 87.15m | eta: 207.9m
step 01295/04357 (29.72%) | loss: 2.968891 | lrm: 1.00 | dt: 4058.62ms | tok/sec: 258,357 | bf16_mfu: 46.48 | epoch: 1 | total time: 87.22m | eta: 207.8m
step 01296/04357 (29.75%) | loss: 2.951289 | lrm: 1.00 | dt: 4063.67ms | tok/sec: 258,036 | bf16_mfu: 46.42 | epoch: 1 | total time: 87.29m | eta: 207.8m
step 01297/04357 (29.77%) | loss: 2.954063 | lrm: 1.00 | dt: 4060.25ms | tok/sec: 258,254 | bf16_mfu: 46.46 | epoch: 1 | total time: 87.36m | eta: 207.7m
step 01298/04357 (29.79%) | loss: 2.947098 | lrm: 1.00 | dt: 4066.07ms | tok/sec: 257,884 | bf16_mfu: 46.39 | epoch: 1 | total time: 87.43m | eta: 207.6m
step 01299/04357 (29.81%) | loss: 2.949218 | lrm: 1.00 | dt: 4046.06ms | tok/sec: 259,159 | bf16_mfu: 46.62 | epoch: 1 | total time: 87.49m | eta: 207.6m
step 01300/04357 (29.84%) | loss: 2.950554 | lrm: 1.00 | dt: 4056.19ms | tok/sec: 258,512 | bf16_mfu: 46.50 | epoch: 1 | total time: 87.56m | eta: 207.5m
step 01301/04357 (29.86%) | loss: 2.947674 | lrm: 1.00 | dt: 4053.59ms | tok/sec: 258,678 | bf16_mfu: 46.53 | epoch: 1 | total time: 87.63m | eta: 207.4m
step 01302/04357 (29.88%) | loss: 2.945688 | lrm: 1.00 | dt: 4049.63ms | tok/sec: 258,931 | bf16_mfu: 46.58 | epoch: 1 | total time: 87.70m | eta: 207.4m
step 01303/04357 (29.91%) | loss: 2.941460 | lrm: 1.00 | dt: 4060.42ms | tok/sec: 258,243 | bf16_mfu: 46.46 | epoch: 1 | total time: 87.76m | eta: 207.3m
step 01304/04357 (29.93%) | loss: 2.948504 | lrm: 1.00 | dt: 4053.65ms | tok/sec: 258,674 | bf16_mfu: 46.53 | epoch: 1 | total time: 87.83m | eta: 207.2m
step 01305/04357 (29.95%) | loss: 2.950953 | lrm: 1.00 | dt: 4061.70ms | tok/sec: 258,161 | bf16_mfu: 46.44 | epoch: 1 | total time: 87.90m | eta: 207.2m
step 01306/04357 (29.97%) | loss: 2.956600 | lrm: 1.00 | dt: 4058.19ms | tok/sec: 258,385 | bf16_mfu: 46.48 | epoch: 1 | total time: 87.97m | eta: 207.1m
step 01307/04357 (30.00%) | loss: 2.957796 | lrm: 1.00 | dt: 4054.44ms | tok/sec: 258,624 | bf16_mfu: 46.52 | epoch: 1 | total time: 88.03m | eta: 207.0m
step 01308/04357 (30.02%) | loss: 2.955567 | lrm: 1.00 | dt: 4051.40ms | tok/sec: 258,818 | bf16_mfu: 46.56 | epoch: 1 | total time: 88.10m | eta: 206.9m
step 01309/04357 (30.04%) | loss: 2.959113 | lrm: 1.00 | dt: 4046.52ms | tok/sec: 259,130 | bf16_mfu: 46.62 | epoch: 1 | total time: 88.17m | eta: 206.9m
step 01310/04357 (30.07%) | loss: 2.947872 | lrm: 1.00 | dt: 4048.60ms | tok/sec: 258,997 | bf16_mfu: 46.59 | epoch: 1 | total time: 88.24m | eta: 206.8m
step 01311/04357 (30.09%) | loss: 2.953523 | lrm: 1.00 | dt: 4047.26ms | tok/sec: 259,083 | bf16_mfu: 46.61 | epoch: 1 | total time: 88.30m | eta: 206.7m
step 01312/04357 (30.11%) | loss: 2.968997 | lrm: 1.00 | dt: 4063.40ms | tok/sec: 258,054 | bf16_mfu: 46.42 | epoch: 1 | total time: 88.37m | eta: 206.7m
step 01313/04357 (30.14%) | loss: 2.972903 | lrm: 1.00 | dt: 4058.43ms | tok/sec: 258,369 | bf16_mfu: 46.48 | epoch: 1 | total time: 88.44m | eta: 206.6m
step 01314/04357 (30.16%) | loss: 2.965633 | lrm: 1.00 | dt: 4055.92ms | tok/sec: 258,529 | bf16_mfu: 46.51 | epoch: 1 | total time: 88.51m | eta: 206.5m
step 01315/04357 (30.18%) | loss: 2.934467 | lrm: 1.00 | dt: 4061.76ms | tok/sec: 258,157 | bf16_mfu: 46.44 | epoch: 1 | total time: 88.57m | eta: 206.5m
step 01316/04357 (30.20%) | loss: 2.927296 | lrm: 1.00 | dt: 4059.23ms | tok/sec: 258,319 | bf16_mfu: 46.47 | epoch: 1 | total time: 88.64m | eta: 206.4m
step 01317/04357 (30.23%) | loss: 2.931793 | lrm: 1.00 | dt: 4051.90ms | tok/sec: 258,786 | bf16_mfu: 46.55 | epoch: 1 | total time: 88.71m | eta: 206.3m
step 01318/04357 (30.25%) | loss: 2.930966 | lrm: 1.00 | dt: 4062.21ms | tok/sec: 258,129 | bf16_mfu: 46.44 | epoch: 1 | total time: 88.78m | eta: 206.3m
step 01319/04357 (30.27%) | loss: 2.942595 | lrm: 1.00 | dt: 4059.15ms | tok/sec: 258,323 | bf16_mfu: 46.47 | epoch: 1 | total time: 88.84m | eta: 206.2m
step 01320/04357 (30.30%) | loss: 2.937321 | lrm: 1.00 | dt: 4043.96ms | tok/sec: 259,294 | bf16_mfu: 46.64 | epoch: 1 | total time: 88.91m | eta: 206.1m
step 01321/04357 (30.32%) | loss: 2.950910 | lrm: 1.00 | dt: 4045.39ms | tok/sec: 259,202 | bf16_mfu: 46.63 | epoch: 1 | total time: 88.98m | eta: 206.1m
step 01322/04357 (30.34%) | loss: 2.962095 | lrm: 1.00 | dt: 4056.65ms | tok/sec: 258,483 | bf16_mfu: 46.50 | epoch: 1 | total time: 89.05m | eta: 206.0m
step 01323/04357 (30.36%) | loss: 2.969380 | lrm: 1.00 | dt: 4061.64ms | tok/sec: 258,165 | bf16_mfu: 46.44 | epoch: 1 | total time: 89.12m | eta: 205.9m
step 01324/04357 (30.39%) | loss: 2.964732 | lrm: 1.00 | dt: 4053.02ms | tok/sec: 258,714 | bf16_mfu: 46.54 | epoch: 1 | total time: 89.18m | eta: 205.9m
step 01325/04357 (30.41%) | loss: 2.951839 | lrm: 1.00 | dt: 4044.51ms | tok/sec: 259,259 | bf16_mfu: 46.64 | epoch: 1 | total time: 89.25m | eta: 205.8m
step 01326/04357 (30.43%) | loss: 2.934715 | lrm: 1.00 | dt: 4051.96ms | tok/sec: 258,782 | bf16_mfu: 46.55 | epoch: 1 | total time: 89.32m | eta: 205.7m
step 01327/04357 (30.46%) | loss: 2.936647 | lrm: 1.00 | dt: 4051.92ms | tok/sec: 258,784 | bf16_mfu: 46.55 | epoch: 1 | total time: 89.39m | eta: 205.6m
step 01328/04357 (30.48%) | loss: 2.945713 | lrm: 1.00 | dt: 4063.30ms | tok/sec: 258,059 | bf16_mfu: 46.42 | epoch: 1 | total time: 89.45m | eta: 205.6m
step 01329/04357 (30.50%) | loss: 2.958651 | lrm: 1.00 | dt: 4071.06ms | tok/sec: 257,567 | bf16_mfu: 46.33 | epoch: 1 | total time: 89.52m | eta: 205.5m
step 01330/04357 (30.53%) | loss: 2.959669 | lrm: 1.00 | dt: 4089.76ms | tok/sec: 256,390 | bf16_mfu: 46.12 | epoch: 1 | total time: 89.59m | eta: 205.4m
step 01331/04357 (30.55%) | loss: 2.966281 | lrm: 1.00 | dt: 4099.45ms | tok/sec: 255,784 | bf16_mfu: 46.01 | epoch: 1 | total time: 89.66m | eta: 205.4m
step 01332/04357 (30.57%) | loss: 2.975427 | lrm: 1.00 | dt: 4114.90ms | tok/sec: 254,824 | bf16_mfu: 45.84 | epoch: 1 | total time: 89.73m | eta: 205.3m
step 01333/04357 (30.59%) | loss: 2.980541 | lrm: 1.00 | dt: 4096.27ms | tok/sec: 255,983 | bf16_mfu: 46.05 | epoch: 1 | total time: 89.79m | eta: 205.2m
step 01334/04357 (30.62%) | loss: 2.984681 | lrm: 1.00 | dt: 4091.05ms | tok/sec: 256,309 | bf16_mfu: 46.11 | epoch: 1 | total time: 89.86m | eta: 205.2m
step 01335/04357 (30.64%) | loss: 2.981202 | lrm: 1.00 | dt: 4085.24ms | tok/sec: 256,674 | bf16_mfu: 46.17 | epoch: 1 | total time: 89.93m | eta: 205.1m
step 01336/04357 (30.66%) | loss: 2.981224 | lrm: 1.00 | dt: 4064.72ms | tok/sec: 257,969 | bf16_mfu: 46.41 | epoch: 1 | total time: 90.00m | eta: 205.0m
step 01337/04357 (30.69%) | loss: 2.976235 | lrm: 1.00 | dt: 4061.36ms | tok/sec: 258,183 | bf16_mfu: 46.44 | epoch: 1 | total time: 90.07m | eta: 205.0m
step 01338/04357 (30.71%) | loss: 2.988881 | lrm: 1.00 | dt: 4058.40ms | tok/sec: 258,371 | bf16_mfu: 46.48 | epoch: 1 | total time: 90.13m | eta: 204.9m
step 01339/04357 (30.73%) | loss: 2.988461 | lrm: 1.00 | dt: 4052.63ms | tok/sec: 258,739 | bf16_mfu: 46.55 | epoch: 1 | total time: 90.20m | eta: 204.8m
step 01340/04357 (30.76%) | loss: 2.990737 | lrm: 1.00 | dt: 4051.92ms | tok/sec: 258,784 | bf16_mfu: 46.55 | epoch: 1 | total time: 90.27m | eta: 204.8m
step 01341/04357 (30.78%) | loss: 2.975123 | lrm: 1.00 | dt: 4063.76ms | tok/sec: 258,031 | bf16_mfu: 46.42 | epoch: 1 | total time: 90.34m | eta: 204.7m
step 01342/04357 (30.80%) | loss: 2.975856 | lrm: 1.00 | dt: 4048.64ms | tok/sec: 258,994 | bf16_mfu: 46.59 | epoch: 1 | total time: 90.40m | eta: 204.6m
step 01343/04357 (30.82%) | loss: 2.964926 | lrm: 1.00 | dt: 4052.66ms | tok/sec: 258,737 | bf16_mfu: 46.54 | epoch: 1 | total time: 90.47m | eta: 204.6m
step 01344/04357 (30.85%) | loss: 2.966346 | lrm: 1.00 | dt: 4055.19ms | tok/sec: 258,576 | bf16_mfu: 46.52 | epoch: 1 | total time: 90.54m | eta: 204.5m
step 01345/04357 (30.87%) | loss: 2.975823 | lrm: 1.00 | dt: 4058.16ms | tok/sec: 258,386 | bf16_mfu: 46.48 | epoch: 1 | total time: 90.61m | eta: 204.4m
step 01346/04357 (30.89%) | loss: 2.977110 | lrm: 1.00 | dt: 4052.56ms | tok/sec: 258,744 | bf16_mfu: 46.55 | epoch: 1 | total time: 90.67m | eta: 204.4m
step 01347/04357 (30.92%) | loss: 2.968131 | lrm: 1.00 | dt: 4060.80ms | tok/sec: 258,219 | bf16_mfu: 46.45 | epoch: 1 | total time: 90.74m | eta: 204.3m
step 01348/04357 (30.94%) | loss: 2.973323 | lrm: 1.00 | dt: 4056.66ms | tok/sec: 258,482 | bf16_mfu: 46.50 | epoch: 1 | total time: 90.81m | eta: 204.2m
step 01349/04357 (30.96%) | loss: 2.971081 | lrm: 1.00 | dt: 4061.03ms | tok/sec: 258,204 | bf16_mfu: 46.45 | epoch: 1 | total time: 90.88m | eta: 204.2m
step 01350/04357 (30.98%) | loss: 2.986080 | lrm: 1.00 | dt: 4056.28ms | tok/sec: 258,506 | bf16_mfu: 46.50 | epoch: 1 | total time: 90.94m | eta: 204.1m
step 01351/04357 (31.01%) | loss: 2.966146 | lrm: 1.00 | dt: 4068.99ms | tok/sec: 257,699 | bf16_mfu: 46.36 | epoch: 1 | total time: 91.01m | eta: 204.0m
step 01352/04357 (31.03%) | loss: 2.964818 | lrm: 1.00 | dt: 4060.17ms | tok/sec: 258,258 | bf16_mfu: 46.46 | epoch: 1 | total time: 91.08m | eta: 203.9m
step 01353/04357 (31.05%) | loss: 2.954772 | lrm: 1.00 | dt: 4063.90ms | tok/sec: 258,021 | bf16_mfu: 46.42 | epoch: 1 | total time: 91.15m | eta: 203.9m
step 01354/04357 (31.08%) | loss: 2.963825 | lrm: 1.00 | dt: 4043.47ms | tok/sec: 259,325 | bf16_mfu: 46.65 | epoch: 1 | total time: 91.22m | eta: 203.8m
step 01355/04357 (31.10%) | loss: 2.966379 | lrm: 1.00 | dt: 4059.58ms | tok/sec: 258,296 | bf16_mfu: 46.47 | epoch: 1 | total time: 91.28m | eta: 203.7m
step 01356/04357 (31.12%) | loss: 2.948511 | lrm: 1.00 | dt: 4062.51ms | tok/sec: 258,110 | bf16_mfu: 46.43 | epoch: 1 | total time: 91.35m | eta: 203.7m
step 01357/04357 (31.15%) | loss: 2.948932 | lrm: 1.00 | dt: 4069.84ms | tok/sec: 257,645 | bf16_mfu: 46.35 | epoch: 1 | total time: 91.42m | eta: 203.6m
step 01358/04357 (31.17%) | loss: 2.949256 | lrm: 1.00 | dt: 4052.87ms | tok/sec: 258,724 | bf16_mfu: 46.54 | epoch: 1 | total time: 91.49m | eta: 203.5m
step 01359/04357 (31.19%) | loss: 2.954540 | lrm: 1.00 | dt: 4071.14ms | tok/sec: 257,562 | bf16_mfu: 46.33 | epoch: 1 | total time: 91.55m | eta: 203.5m
step 01360/04357 (31.21%) | loss: 2.962932 | lrm: 1.00 | dt: 4056.92ms | tok/sec: 258,466 | bf16_mfu: 46.50 | epoch: 1 | total time: 91.62m | eta: 203.4m
step 01361/04357 (31.24%) | loss: 2.958652 | lrm: 1.00 | dt: 4061.93ms | tok/sec: 258,146 | bf16_mfu: 46.44 | epoch: 1 | total time: 91.69m | eta: 203.3m
step 01362/04357 (31.26%) | loss: 2.952880 | lrm: 1.00 | dt: 4048.94ms | tok/sec: 258,975 | bf16_mfu: 46.59 | epoch: 1 | total time: 91.76m | eta: 203.3m
step 01363/04357 (31.28%) | loss: 2.951616 | lrm: 1.00 | dt: 4060.73ms | tok/sec: 258,223 | bf16_mfu: 46.45 | epoch: 1 | total time: 91.82m | eta: 203.2m
step 01364/04357 (31.31%) | loss: 2.955777 | lrm: 1.00 | dt: 4060.14ms | tok/sec: 258,261 | bf16_mfu: 46.46 | epoch: 1 | total time: 91.89m | eta: 203.1m
step 01365/04357 (31.33%) | loss: 2.961557 | lrm: 1.00 | dt: 4055.46ms | tok/sec: 258,559 | bf16_mfu: 46.51 | epoch: 1 | total time: 91.96m | eta: 203.1m
step 01366/04357 (31.35%) | loss: 2.960608 | lrm: 1.00 | dt: 4061.59ms | tok/sec: 258,169 | bf16_mfu: 46.44 | epoch: 1 | total time: 92.03m | eta: 203.0m
step 01367/04357 (31.37%) | loss: 2.963518 | lrm: 1.00 | dt: 4051.66ms | tok/sec: 258,801 | bf16_mfu: 46.56 | epoch: 1 | total time: 92.09m | eta: 202.9m
step 01368/04357 (31.40%) | loss: 2.972842 | lrm: 1.00 | dt: 4061.27ms | tok/sec: 258,189 | bf16_mfu: 46.45 | epoch: 1 | total time: 92.16m | eta: 202.9m
step 01369/04357 (31.42%) | loss: 2.976558 | lrm: 1.00 | dt: 4062.81ms | tok/sec: 258,091 | bf16_mfu: 46.43 | epoch: 1 | total time: 92.23m | eta: 202.8m
step 01370/04357 (31.44%) | loss: 2.977832 | lrm: 1.00 | dt: 4068.60ms | tok/sec: 257,723 | bf16_mfu: 46.36 | epoch: 1 | total time: 92.30m | eta: 202.7m
step 01371/04357 (31.47%) | loss: 2.958432 | lrm: 1.00 | dt: 4062.06ms | tok/sec: 258,138 | bf16_mfu: 46.44 | epoch: 1 | total time: 92.37m | eta: 202.6m
step 01372/04357 (31.49%) | loss: 2.946903 | lrm: 1.00 | dt: 4057.99ms | tok/sec: 258,397 | bf16_mfu: 46.48 | epoch: 1 | total time: 92.43m | eta: 202.6m
step 01373/04357 (31.51%) | loss: 2.944763 | lrm: 1.00 | dt: 4057.74ms | tok/sec: 258,413 | bf16_mfu: 46.49 | epoch: 1 | total time: 92.50m | eta: 202.5m
step 01374/04357 (31.54%) | loss: 2.936553 | lrm: 1.00 | dt: 4069.06ms | tok/sec: 257,694 | bf16_mfu: 46.36 | epoch: 1 | total time: 92.57m | eta: 202.4m
step 01375/04357 (31.56%) | loss: 2.939827 | lrm: 1.00 | dt: 4064.99ms | tok/sec: 257,952 | bf16_mfu: 46.40 | epoch: 1 | total time: 92.64m | eta: 202.4m
step 01376/04357 (31.58%) | loss: 2.934908 | lrm: 1.00 | dt: 4061.08ms | tok/sec: 258,201 | bf16_mfu: 46.45 | epoch: 1 | total time: 92.70m | eta: 202.3m
step 01377/04357 (31.60%) | loss: 2.942688 | lrm: 1.00 | dt: 4070.50ms | tok/sec: 257,603 | bf16_mfu: 46.34 | epoch: 1 | total time: 92.77m | eta: 202.2m
step 01378/04357 (31.63%) | loss: 2.939972 | lrm: 1.00 | dt: 4068.67ms | tok/sec: 257,719 | bf16_mfu: 46.36 | epoch: 1 | total time: 92.84m | eta: 202.2m
step 01379/04357 (31.65%) | loss: 2.939746 | lrm: 1.00 | dt: 4063.79ms | tok/sec: 258,029 | bf16_mfu: 46.42 | epoch: 1 | total time: 92.91m | eta: 202.1m
step 01380/04357 (31.67%) | loss: 2.944246 | lrm: 1.00 | dt: 4053.38ms | tok/sec: 258,692 | bf16_mfu: 46.54 | epoch: 1 | total time: 92.97m | eta: 202.0m
step 01381/04357 (31.70%) | loss: 2.938491 | lrm: 1.00 | dt: 4076.95ms | tok/sec: 257,196 | bf16_mfu: 46.27 | epoch: 1 | total time: 93.04m | eta: 202.0m
step 01382/04357 (31.72%) | loss: 2.955148 | lrm: 1.00 | dt: 4054.77ms | tok/sec: 258,603 | bf16_mfu: 46.52 | epoch: 1 | total time: 93.11m | eta: 201.9m
step 01383/04357 (31.74%) | loss: 2.949580 | lrm: 1.00 | dt: 4066.15ms | tok/sec: 257,879 | bf16_mfu: 46.39 | epoch: 1 | total time: 93.18m | eta: 201.8m
step 01384/04357 (31.76%) | loss: 2.948689 | lrm: 1.00 | dt: 4056.13ms | tok/sec: 258,516 | bf16_mfu: 46.50 | epoch: 1 | total time: 93.25m | eta: 201.8m
step 01385/04357 (31.79%) | loss: 2.947559 | lrm: 1.00 | dt: 4059.97ms | tok/sec: 258,271 | bf16_mfu: 46.46 | epoch: 1 | total time: 93.31m | eta: 201.7m
step 01386/04357 (31.81%) | loss: 2.959449 | lrm: 1.00 | dt: 4063.74ms | tok/sec: 258,032 | bf16_mfu: 46.42 | epoch: 1 | total time: 93.38m | eta: 201.6m
step 01387/04357 (31.83%) | loss: 2.964354 | lrm: 1.00 | dt: 4061.57ms | tok/sec: 258,169 | bf16_mfu: 46.44 | epoch: 1 | total time: 93.45m | eta: 201.6m
step 01388/04357 (31.86%) | loss: 2.956800 | lrm: 1.00 | dt: 4052.05ms | tok/sec: 258,776 | bf16_mfu: 46.55 | epoch: 1 | total time: 93.52m | eta: 201.5m
step 01389/04357 (31.88%) | loss: 2.958778 | lrm: 1.00 | dt: 4063.45ms | tok/sec: 258,050 | bf16_mfu: 46.42 | epoch: 1 | total time: 93.58m | eta: 201.4m
step 01390/04357 (31.90%) | loss: 2.963522 | lrm: 1.00 | dt: 4063.92ms | tok/sec: 258,021 | bf16_mfu: 46.42 | epoch: 1 | total time: 93.65m | eta: 201.4m
step 01391/04357 (31.93%) | loss: 2.939601 | lrm: 1.00 | dt: 4028.54ms | tok/sec: 260,286 | bf16_mfu: 46.82 | epoch: 1 | total time: 93.72m | eta: 201.3m
step 01392/04357 (31.95%) | loss: 2.946764 | lrm: 1.00 | dt: 4064.27ms | tok/sec: 257,998 | bf16_mfu: 46.41 | epoch: 1 | total time: 93.79m | eta: 201.2m
step 01393/04357 (31.97%) | loss: 2.949276 | lrm: 1.00 | dt: 4064.71ms | tok/sec: 257,970 | bf16_mfu: 46.41 | epoch: 1 | total time: 93.85m | eta: 201.1m
step 01394/04357 (31.99%) | loss: 2.943277 | lrm: 1.00 | dt: 4072.42ms | tok/sec: 257,482 | bf16_mfu: 46.32 | epoch: 1 | total time: 93.92m | eta: 201.1m
step 01395/04357 (32.02%) | loss: 2.952090 | lrm: 1.00 | dt: 4060.30ms | tok/sec: 258,250 | bf16_mfu: 46.46 | epoch: 1 | total time: 93.99m | eta: 201.0m
step 01396/04357 (32.04%) | loss: 2.953562 | lrm: 1.00 | dt: 4067.25ms | tok/sec: 257,809 | bf16_mfu: 46.38 | epoch: 1 | total time: 94.06m | eta: 200.9m
step 01397/04357 (32.06%) | loss: 2.951617 | lrm: 1.00 | dt: 4058.26ms | tok/sec: 258,380 | bf16_mfu: 46.48 | epoch: 1 | total time: 94.13m | eta: 200.9m
step 01398/04357 (32.09%) | loss: 2.962267 | lrm: 1.00 | dt: 4063.69ms | tok/sec: 258,035 | bf16_mfu: 46.42 | epoch: 1 | total time: 94.19m | eta: 200.8m
step 01399/04357 (32.11%) | loss: 2.966459 | lrm: 1.00 | dt: 4071.36ms | tok/sec: 257,549 | bf16_mfu: 46.33 | epoch: 1 | total time: 94.26m | eta: 200.7m
step 01400/04357 (32.13%) | loss: 2.970238 | lrm: 1.00 | dt: 4051.18ms | tok/sec: 258,832 | bf16_mfu: 46.56 | epoch: 1 | total time: 94.33m | eta: 200.7m
step 01401/04357 (32.16%) | loss: 2.974266 | lrm: 1.00 | dt: 4067.92ms | tok/sec: 257,767 | bf16_mfu: 46.37 | epoch: 1 | total time: 94.40m | eta: 200.6m
step 01402/04357 (32.18%) | loss: 2.980763 | lrm: 1.00 | dt: 4062.68ms | tok/sec: 258,099 | bf16_mfu: 46.43 | epoch: 1 | total time: 94.46m | eta: 200.5m
step 01403/04357 (32.20%) | loss: 2.971043 | lrm: 1.00 | dt: 4068.10ms | tok/sec: 257,755 | bf16_mfu: 46.37 | epoch: 1 | total time: 94.53m | eta: 200.5m
step 01404/04357 (32.22%) | loss: 2.985739 | lrm: 1.00 | dt: 4068.28ms | tok/sec: 257,744 | bf16_mfu: 46.37 | epoch: 1 | total time: 94.60m | eta: 200.4m
step 01405/04357 (32.25%) | loss: 2.981002 | lrm: 1.00 | dt: 4056.42ms | tok/sec: 258,498 | bf16_mfu: 46.50 | epoch: 1 | total time: 94.67m | eta: 200.3m
step 01406/04357 (32.27%) | loss: 2.986198 | lrm: 1.00 | dt: 4067.40ms | tok/sec: 257,800 | bf16_mfu: 46.38 | epoch: 1 | total time: 94.74m | eta: 200.3m
step 01407/04357 (32.29%) | loss: 2.996400 | lrm: 1.00 | dt: 4054.68ms | tok/sec: 258,609 | bf16_mfu: 46.52 | epoch: 1 | total time: 94.80m | eta: 200.2m
step 01408/04357 (32.32%) | loss: 2.994310 | lrm: 1.00 | dt: 4073.07ms | tok/sec: 257,440 | bf16_mfu: 46.31 | epoch: 1 | total time: 94.87m | eta: 200.1m
step 01409/04357 (32.34%) | loss: 3.001996 | lrm: 1.00 | dt: 4069.02ms | tok/sec: 257,697 | bf16_mfu: 46.36 | epoch: 1 | total time: 94.94m | eta: 200.1m
step 01410/04357 (32.36%) | loss: 3.008720 | lrm: 1.00 | dt: 4070.88ms | tok/sec: 257,579 | bf16_mfu: 46.34 | epoch: 1 | total time: 95.01m | eta: 200.0m
step 01411/04357 (32.38%) | loss: 3.000442 | lrm: 1.00 | dt: 4062.25ms | tok/sec: 258,126 | bf16_mfu: 46.43 | epoch: 1 | total time: 95.07m | eta: 199.9m
step 01412/04357 (32.41%) | loss: 2.996979 | lrm: 1.00 | dt: 4071.06ms | tok/sec: 257,568 | bf16_mfu: 46.33 | epoch: 1 | total time: 95.14m | eta: 199.9m
step 01413/04357 (32.43%) | loss: 3.001348 | lrm: 1.00 | dt: 4070.68ms | tok/sec: 257,592 | bf16_mfu: 46.34 | epoch: 1 | total time: 95.21m | eta: 199.8m
step 01414/04357 (32.45%) | loss: 2.991106 | lrm: 1.00 | dt: 4070.13ms | tok/sec: 257,626 | bf16_mfu: 46.34 | epoch: 1 | total time: 95.28m | eta: 199.7m
step 01415/04357 (32.48%) | loss: 2.985321 | lrm: 1.00 | dt: 4059.52ms | tok/sec: 258,300 | bf16_mfu: 46.47 | epoch: 1 | total time: 95.35m | eta: 199.6m
step 01416/04357 (32.50%) | loss: 2.982500 | lrm: 1.00 | dt: 4068.33ms | tok/sec: 257,741 | bf16_mfu: 46.37 | epoch: 1 | total time: 95.41m | eta: 199.6m
step 01417/04357 (32.52%) | loss: 2.977471 | lrm: 1.00 | dt: 4059.16ms | tok/sec: 258,323 | bf16_mfu: 46.47 | epoch: 1 | total time: 95.48m | eta: 199.5m
step 01418/04357 (32.55%) | loss: 2.988268 | lrm: 1.00 | dt: 4061.45ms | tok/sec: 258,177 | bf16_mfu: 46.44 | epoch: 1 | total time: 95.55m | eta: 199.4m
step 01419/04357 (32.57%) | loss: 2.993796 | lrm: 1.00 | dt: 4057.23ms | tok/sec: 258,446 | bf16_mfu: 46.49 | epoch: 1 | total time: 95.62m | eta: 199.4m
step 01420/04357 (32.59%) | loss: 2.994892 | lrm: 1.00 | dt: 4060.20ms | tok/sec: 258,257 | bf16_mfu: 46.46 | epoch: 1 | total time: 95.68m | eta: 199.3m
step 01421/04357 (32.61%) | loss: 2.980763 | lrm: 1.00 | dt: 4069.20ms | tok/sec: 257,686 | bf16_mfu: 46.36 | epoch: 1 | total time: 95.75m | eta: 199.2m
step 01422/04357 (32.64%) | loss: 2.983620 | lrm: 1.00 | dt: 4066.04ms | tok/sec: 257,886 | bf16_mfu: 46.39 | epoch: 1 | total time: 95.82m | eta: 199.2m
step 01423/04357 (32.66%) | loss: 2.988723 | lrm: 1.00 | dt: 4057.62ms | tok/sec: 258,421 | bf16_mfu: 46.49 | epoch: 1 | total time: 95.89m | eta: 199.1m
step 01424/04357 (32.68%) | loss: 2.974043 | lrm: 1.00 | dt: 4072.25ms | tok/sec: 257,493 | bf16_mfu: 46.32 | epoch: 1 | total time: 95.95m | eta: 199.0m
step 01425/04357 (32.71%) | loss: 2.969818 | lrm: 1.00 | dt: 4073.82ms | tok/sec: 257,393 | bf16_mfu: 46.30 | epoch: 1 | total time: 96.02m | eta: 199.0m
step 01426/04357 (32.73%) | loss: 2.969014 | lrm: 1.00 | dt: 4071.31ms | tok/sec: 257,552 | bf16_mfu: 46.33 | epoch: 1 | total time: 96.09m | eta: 198.9m
step 01427/04357 (32.75%) | loss: 2.969521 | lrm: 1.00 | dt: 4062.11ms | tok/sec: 258,135 | bf16_mfu: 46.44 | epoch: 1 | total time: 96.16m | eta: 198.8m
step 01428/04357 (32.77%) | loss: 2.952078 | lrm: 1.00 | dt: 4064.48ms | tok/sec: 257,985 | bf16_mfu: 46.41 | epoch: 1 | total time: 96.23m | eta: 198.8m
step 01429/04357 (32.80%) | loss: 2.953167 | lrm: 1.00 | dt: 4065.95ms | tok/sec: 257,891 | bf16_mfu: 46.39 | epoch: 1 | total time: 96.29m | eta: 198.7m
step 01430/04357 (32.82%) | loss: 2.955255 | lrm: 1.00 | dt: 4062.10ms | tok/sec: 258,136 | bf16_mfu: 46.44 | epoch: 1 | total time: 96.36m | eta: 198.6m
step 01431/04357 (32.84%) | loss: 2.945305 | lrm: 1.00 | dt: 4062.78ms | tok/sec: 258,092 | bf16_mfu: 46.43 | epoch: 1 | total time: 96.43m | eta: 198.6m
step 01432/04357 (32.87%) | loss: 2.942422 | lrm: 1.00 | dt: 4066.40ms | tok/sec: 257,863 | bf16_mfu: 46.39 | epoch: 1 | total time: 96.50m | eta: 198.5m
step 01433/04357 (32.89%) | loss: 2.939995 | lrm: 1.00 | dt: 4065.32ms | tok/sec: 257,932 | bf16_mfu: 46.40 | epoch: 1 | total time: 96.56m | eta: 198.4m
step 01434/04357 (32.91%) | loss: 2.934467 | lrm: 1.00 | dt: 4070.16ms | tok/sec: 257,625 | bf16_mfu: 46.34 | epoch: 1 | total time: 96.63m | eta: 198.4m
step 01435/04357 (32.94%) | loss: 2.923223 | lrm: 1.00 | dt: 4057.55ms | tok/sec: 258,425 | bf16_mfu: 46.49 | epoch: 1 | total time: 96.70m | eta: 198.3m
step 01436/04357 (32.96%) | loss: 2.922431 | lrm: 1.00 | dt: 4058.77ms | tok/sec: 258,348 | bf16_mfu: 46.47 | epoch: 1 | total time: 96.77m | eta: 198.2m
step 01437/04357 (32.98%) | loss: 2.925347 | lrm: 1.00 | dt: 4067.84ms | tok/sec: 257,772 | bf16_mfu: 46.37 | epoch: 1 | total time: 96.84m | eta: 198.1m
step 01438/04357 (33.00%) | loss: 2.939938 | lrm: 1.00 | dt: 4067.39ms | tok/sec: 257,800 | bf16_mfu: 46.38 | epoch: 1 | total time: 96.90m | eta: 198.1m
step 01439/04357 (33.03%) | loss: 2.961926 | lrm: 1.00 | dt: 4063.91ms | tok/sec: 258,021 | bf16_mfu: 46.42 | epoch: 1 | total time: 96.97m | eta: 198.0m
step 01440/04357 (33.05%) | loss: 2.969656 | lrm: 1.00 | dt: 4061.69ms | tok/sec: 258,162 | bf16_mfu: 46.44 | epoch: 1 | total time: 97.04m | eta: 197.9m
step 01441/04357 (33.07%) | loss: 2.969064 | lrm: 1.00 | dt: 4075.77ms | tok/sec: 257,270 | bf16_mfu: 46.28 | epoch: 1 | total time: 97.11m | eta: 197.9m
step 01442/04357 (33.10%) | loss: 2.966298 | lrm: 1.00 | dt: 4068.14ms | tok/sec: 257,753 | bf16_mfu: 46.37 | epoch: 1 | total time: 97.17m | eta: 197.8m
step 01443/04357 (33.12%) | loss: 2.963621 | lrm: 1.00 | dt: 4066.93ms | tok/sec: 257,829 | bf16_mfu: 46.38 | epoch: 1 | total time: 97.24m | eta: 197.7m
step 01444/04357 (33.14%) | loss: 2.968418 | lrm: 1.00 | dt: 4076.50ms | tok/sec: 257,224 | bf16_mfu: 46.27 | epoch: 1 | total time: 97.31m | eta: 197.7m
step 01445/04357 (33.17%) | loss: 2.969277 | lrm: 1.00 | dt: 4066.00ms | tok/sec: 257,888 | bf16_mfu: 46.39 | epoch: 1 | total time: 97.38m | eta: 197.6m
step 01446/04357 (33.19%) | loss: 2.964448 | lrm: 1.00 | dt: 4080.37ms | tok/sec: 256,980 | bf16_mfu: 46.23 | epoch: 1 | total time: 97.45m | eta: 197.5m
step 01447/04357 (33.21%) | loss: 2.968959 | lrm: 1.00 | dt: 4062.39ms | tok/sec: 258,118 | bf16_mfu: 46.43 | epoch: 1 | total time: 97.51m | eta: 197.5m
step 01448/04357 (33.23%) | loss: 2.957724 | lrm: 1.00 | dt: 4065.25ms | tok/sec: 257,936 | bf16_mfu: 46.40 | epoch: 1 | total time: 97.58m | eta: 197.4m
step 01449/04357 (33.26%) | loss: 2.968882 | lrm: 1.00 | dt: 4063.72ms | tok/sec: 258,033 | bf16_mfu: 46.42 | epoch: 1 | total time: 97.65m | eta: 197.3m
step 01450/04357 (33.28%) | loss: 2.973127 | lrm: 1.00 | dt: 4069.83ms | tok/sec: 257,645 | bf16_mfu: 46.35 | epoch: 1 | total time: 97.72m | eta: 197.3m
step 01451/04357 (33.30%) | loss: 2.984554 | lrm: 1.00 | dt: 4069.94ms | tok/sec: 257,639 | bf16_mfu: 46.35 | epoch: 1 | total time: 97.78m | eta: 197.2m
step 01452/04357 (33.33%) | loss: 2.996367 | lrm: 1.00 | dt: 4061.76ms | tok/sec: 258,157 | bf16_mfu: 46.44 | epoch: 1 | total time: 97.85m | eta: 197.1m
step 01453/04357 (33.35%) | loss: 2.994123 | lrm: 1.00 | dt: 4048.30ms | tok/sec: 259,016 | bf16_mfu: 46.59 | epoch: 1 | total time: 97.92m | eta: 197.1m
step 01454/04357 (33.37%) | loss: 2.982380 | lrm: 1.00 | dt: 4068.95ms | tok/sec: 257,702 | bf16_mfu: 46.36 | epoch: 1 | total time: 97.99m | eta: 197.0m
step 01455/04357 (33.39%) | loss: 2.980766 | lrm: 1.00 | dt: 4066.76ms | tok/sec: 257,840 | bf16_mfu: 46.38 | epoch: 1 | total time: 98.06m | eta: 196.9m
step 01456/04357 (33.42%) | loss: 2.991013 | lrm: 1.00 | dt: 4061.35ms | tok/sec: 258,183 | bf16_mfu: 46.45 | epoch: 1 | total time: 98.12m | eta: 196.9m
step 01457/04357 (33.44%) | loss: 2.991490 | lrm: 1.00 | dt: 4074.76ms | tok/sec: 257,334 | bf16_mfu: 46.29 | epoch: 1 | total time: 98.19m | eta: 196.8m
step 01458/04357 (33.46%) | loss: 2.980936 | lrm: 1.00 | dt: 4060.34ms | tok/sec: 258,248 | bf16_mfu: 46.46 | epoch: 1 | total time: 98.26m | eta: 196.7m
step 01459/04357 (33.49%) | loss: 2.979102 | lrm: 1.00 | dt: 4068.69ms | tok/sec: 257,718 | bf16_mfu: 46.36 | epoch: 1 | total time: 98.33m | eta: 196.7m
step 01460/04357 (33.51%) | loss: 2.979155 | lrm: 1.00 | dt: 4060.13ms | tok/sec: 258,261 | bf16_mfu: 46.46 | epoch: 1 | total time: 98.39m | eta: 196.6m
step 01461/04357 (33.53%) | loss: 2.981506 | lrm: 1.00 | dt: 4063.94ms | tok/sec: 258,019 | bf16_mfu: 46.42 | epoch: 1 | total time: 98.46m | eta: 196.5m
step 01462/04357 (33.56%) | loss: 2.984787 | lrm: 1.00 | dt: 4073.81ms | tok/sec: 257,394 | bf16_mfu: 46.30 | epoch: 1 | total time: 98.53m | eta: 196.4m
step 01463/04357 (33.58%) | loss: 2.989820 | lrm: 1.00 | dt: 4052.43ms | tok/sec: 258,752 | bf16_mfu: 46.55 | epoch: 1 | total time: 98.60m | eta: 196.4m
step 01464/04357 (33.60%) | loss: 2.983447 | lrm: 1.00 | dt: 4067.52ms | tok/sec: 257,792 | bf16_mfu: 46.37 | epoch: 1 | total time: 98.67m | eta: 196.3m
step 01465/04357 (33.62%) | loss: 2.974125 | lrm: 1.00 | dt: 4069.37ms | tok/sec: 257,675 | bf16_mfu: 46.35 | epoch: 1 | total time: 98.73m | eta: 196.2m
step 01466/04357 (33.65%) | loss: 2.945399 | lrm: 1.00 | dt: 4067.68ms | tok/sec: 257,782 | bf16_mfu: 46.37 | epoch: 1 | total time: 98.80m | eta: 196.2m
step 01467/04357 (33.67%) | loss: 2.955572 | lrm: 1.00 | dt: 4057.41ms | tok/sec: 258,434 | bf16_mfu: 46.49 | epoch: 1 | total time: 98.87m | eta: 196.1m
step 01468/04357 (33.69%) | loss: 2.961810 | lrm: 1.00 | dt: 4074.51ms | tok/sec: 257,350 | bf16_mfu: 46.30 | epoch: 1 | total time: 98.94m | eta: 196.0m
step 01469/04357 (33.72%) | loss: 2.965589 | lrm: 1.00 | dt: 4068.60ms | tok/sec: 257,723 | bf16_mfu: 46.36 | epoch: 1 | total time: 99.00m | eta: 196.0m
step 01470/04357 (33.74%) | loss: 2.973759 | lrm: 1.00 | dt: 4063.16ms | tok/sec: 258,069 | bf16_mfu: 46.42 | epoch: 1 | total time: 99.07m | eta: 195.9m
step 01471/04357 (33.76%) | loss: 2.976281 | lrm: 1.00 | dt: 4068.54ms | tok/sec: 257,727 | bf16_mfu: 46.36 | epoch: 1 | total time: 99.14m | eta: 195.8m
step 01472/04357 (33.78%) | loss: 2.972082 | lrm: 1.00 | dt: 4063.34ms | tok/sec: 258,057 | bf16_mfu: 46.42 | epoch: 1 | total time: 99.21m | eta: 195.8m
step 01473/04357 (33.81%) | loss: 2.971976 | lrm: 1.00 | dt: 4061.65ms | tok/sec: 258,165 | bf16_mfu: 46.44 | epoch: 1 | total time: 99.28m | eta: 195.7m
step 01474/04357 (33.83%) | loss: 2.968544 | lrm: 1.00 | dt: 4064.85ms | tok/sec: 257,961 | bf16_mfu: 46.41 | epoch: 1 | total time: 99.34m | eta: 195.6m
step 01475/04357 (33.85%) | loss: 2.975949 | lrm: 1.00 | dt: 4060.22ms | tok/sec: 258,256 | bf16_mfu: 46.46 | epoch: 1 | total time: 99.41m | eta: 195.6m
step 01476/04357 (33.88%) | loss: 2.985781 | lrm: 1.00 | dt: 4059.38ms | tok/sec: 258,309 | bf16_mfu: 46.47 | epoch: 1 | total time: 99.48m | eta: 195.5m
step 01477/04357 (33.90%) | loss: 2.979163 | lrm: 1.00 | dt: 4073.30ms | tok/sec: 257,426 | bf16_mfu: 46.31 | epoch: 1 | total time: 99.55m | eta: 195.4m
step 01478/04357 (33.92%) | loss: 2.981242 | lrm: 1.00 | dt: 4072.08ms | tok/sec: 257,503 | bf16_mfu: 46.32 | epoch: 1 | total time: 99.61m | eta: 195.4m
step 01479/04357 (33.95%) | loss: 2.969416 | lrm: 1.00 | dt: 4060.02ms | tok/sec: 258,268 | bf16_mfu: 46.46 | epoch: 1 | total time: 99.68m | eta: 195.3m
step 01480/04357 (33.97%) | loss: 2.968485 | lrm: 1.00 | dt: 4059.85ms | tok/sec: 258,279 | bf16_mfu: 46.46 | epoch: 1 | total time: 99.75m | eta: 195.2m
step 01481/04357 (33.99%) | loss: 2.950260 | lrm: 1.00 | dt: 4072.53ms | tok/sec: 257,475 | bf16_mfu: 46.32 | epoch: 1 | total time: 99.82m | eta: 195.2m
step 01482/04357 (34.01%) | loss: 2.954771 | lrm: 1.00 | dt: 4069.74ms | tok/sec: 257,652 | bf16_mfu: 46.35 | epoch: 1 | total time: 99.89m | eta: 195.1m
step 01483/04357 (34.04%) | loss: 2.960075 | lrm: 1.00 | dt: 4073.36ms | tok/sec: 257,422 | bf16_mfu: 46.31 | epoch: 1 | total time: 99.95m | eta: 195.0m
step 01484/04357 (34.06%) | loss: 2.951771 | lrm: 1.00 | dt: 4065.77ms | tok/sec: 257,903 | bf16_mfu: 46.39 | epoch: 1 | total time: 100.02m | eta: 195.0m
step 01485/04357 (34.08%) | loss: 2.944399 | lrm: 1.00 | dt: 4065.25ms | tok/sec: 257,936 | bf16_mfu: 46.40 | epoch: 1 | total time: 100.09m | eta: 194.9m
step 01486/04357 (34.11%) | loss: 2.954451 | lrm: 1.00 | dt: 4071.13ms | tok/sec: 257,563 | bf16_mfu: 46.33 | epoch: 1 | total time: 100.16m | eta: 194.8m
step 01487/04357 (34.13%) | loss: 2.965743 | lrm: 1.00 | dt: 4066.54ms | tok/sec: 257,854 | bf16_mfu: 46.39 | epoch: 1 | total time: 100.22m | eta: 194.7m
step 01488/04357 (34.15%) | loss: 2.985796 | lrm: 1.00 | dt: 4065.59ms | tok/sec: 257,915 | bf16_mfu: 46.40 | epoch: 1 | total time: 100.29m | eta: 194.7m
step 01489/04357 (34.17%) | loss: 2.991545 | lrm: 1.00 | dt: 4091.35ms | tok/sec: 256,290 | bf16_mfu: 46.10 | epoch: 1 | total time: 100.36m | eta: 194.6m
step 01490/04357 (34.20%) | loss: 2.976411 | lrm: 1.00 | dt: 4092.65ms | tok/sec: 256,209 | bf16_mfu: 46.09 | epoch: 1 | total time: 100.43m | eta: 194.5m
step 01491/04357 (34.22%) | loss: 2.973737 | lrm: 1.00 | dt: 4111.99ms | tok/sec: 255,004 | bf16_mfu: 45.87 | epoch: 1 | total time: 100.50m | eta: 194.5m
step 01492/04357 (34.24%) | loss: 2.962350 | lrm: 1.00 | dt: 4132.29ms | tok/sec: 253,751 | bf16_mfu: 45.65 | epoch: 1 | total time: 100.57m | eta: 194.4m
step 01493/04357 (34.27%) | loss: 2.969348 | lrm: 1.00 | dt: 4103.81ms | tok/sec: 255,512 | bf16_mfu: 45.96 | epoch: 1 | total time: 100.63m | eta: 194.3m
step 01494/04357 (34.29%) | loss: 2.961929 | lrm: 1.00 | dt: 4102.76ms | tok/sec: 255,578 | bf16_mfu: 45.98 | epoch: 1 | total time: 100.70m | eta: 194.3m
step 01495/04357 (34.31%) | loss: 2.962440 | lrm: 1.00 | dt: 4090.48ms | tok/sec: 256,345 | bf16_mfu: 46.11 | epoch: 1 | total time: 100.77m | eta: 194.2m
step 01496/04357 (34.34%) | loss: 2.968036 | lrm: 1.00 | dt: 4083.46ms | tok/sec: 256,786 | bf16_mfu: 46.19 | epoch: 1 | total time: 100.84m | eta: 194.1m
step 01497/04357 (34.36%) | loss: 2.964482 | lrm: 1.00 | dt: 4077.88ms | tok/sec: 257,137 | bf16_mfu: 46.26 | epoch: 1 | total time: 100.91m | eta: 194.1m
step 01498/04357 (34.38%) | loss: 2.967066 | lrm: 1.00 | dt: 4058.86ms | tok/sec: 258,342 | bf16_mfu: 46.47 | epoch: 1 | total time: 100.97m | eta: 194.0m
step 01499/04357 (34.40%) | loss: 2.966231 | lrm: 1.00 | dt: 4063.17ms | tok/sec: 258,068 | bf16_mfu: 46.42 | epoch: 1 | total time: 101.04m | eta: 193.9m
Step 01500 | Validation bpb: 0.900762
step 01500/04357 (34.43%) | loss: 2.964339 | lrm: 1.00 | dt: 4087.66ms | tok/sec: 256,522 | bf16_mfu: 46.15 | epoch: 1 | total time: 101.11m | eta: 193.9m
step 01501/04357 (34.45%) | loss: 2.966583 | lrm: 1.00 | dt: 4059.54ms | tok/sec: 258,299 | bf16_mfu: 46.47 | epoch: 1 | total time: 101.18m | eta: 193.8m
step 01502/04357 (34.47%) | loss: 2.954598 | lrm: 1.00 | dt: 4056.59ms | tok/sec: 258,487 | bf16_mfu: 46.50 | epoch: 1 | total time: 101.25m | eta: 193.7m
step 01503/04357 (34.50%) | loss: 2.957801 | lrm: 1.00 | dt: 4058.00ms | tok/sec: 258,397 | bf16_mfu: 46.48 | epoch: 1 | total time: 101.31m | eta: 193.7m
step 01504/04357 (34.52%) | loss: 2.957100 | lrm: 1.00 | dt: 4049.31ms | tok/sec: 258,951 | bf16_mfu: 46.58 | epoch: 1 | total time: 101.38m | eta: 193.6m
step 01505/04357 (34.54%) | loss: 2.968826 | lrm: 1.00 | dt: 4055.72ms | tok/sec: 258,542 | bf16_mfu: 46.51 | epoch: 1 | total time: 101.45m | eta: 193.5m
step 01506/04357 (34.57%) | loss: 2.964604 | lrm: 1.00 | dt: 4060.69ms | tok/sec: 258,225 | bf16_mfu: 46.45 | epoch: 1 | total time: 101.52m | eta: 193.5m
step 01507/04357 (34.59%) | loss: 2.964797 | lrm: 1.00 | dt: 4071.03ms | tok/sec: 257,570 | bf16_mfu: 46.33 | epoch: 1 | total time: 101.58m | eta: 193.4m
step 01508/04357 (34.61%) | loss: 2.971464 | lrm: 1.00 | dt: 4068.07ms | tok/sec: 257,757 | bf16_mfu: 46.37 | epoch: 1 | total time: 101.65m | eta: 193.3m
step 01509/04357 (34.63%) | loss: 2.970844 | lrm: 1.00 | dt: 4065.38ms | tok/sec: 257,927 | bf16_mfu: 46.40 | epoch: 1 | total time: 101.72m | eta: 193.3m
step 01510/04357 (34.66%) | loss: 2.973274 | lrm: 1.00 | dt: 4054.86ms | tok/sec: 258,597 | bf16_mfu: 46.52 | epoch: 1 | total time: 101.79m | eta: 193.2m
step 01511/04357 (34.68%) | loss: 2.966196 | lrm: 1.00 | dt: 4073.77ms | tok/sec: 257,397 | bf16_mfu: 46.30 | epoch: 1 | total time: 101.85m | eta: 193.1m
step 01512/04357 (34.70%) | loss: 2.967722 | lrm: 1.00 | dt: 4061.29ms | tok/sec: 258,187 | bf16_mfu: 46.45 | epoch: 1 | total time: 101.92m | eta: 193.1m
step 01513/04357 (34.73%) | loss: 2.968636 | lrm: 1.00 | dt: 4054.75ms | tok/sec: 258,604 | bf16_mfu: 46.52 | epoch: 1 | total time: 101.99m | eta: 193.0m
step 01514/04357 (34.75%) | loss: 2.962892 | lrm: 1.00 | dt: 4065.69ms | tok/sec: 257,908 | bf16_mfu: 46.40 | epoch: 1 | total time: 102.06m | eta: 192.9m
step 01515/04357 (34.77%) | loss: 2.957652 | lrm: 1.00 | dt: 4058.20ms | tok/sec: 258,384 | bf16_mfu: 46.48 | epoch: 1 | total time: 102.13m | eta: 192.9m
step 01516/04357 (34.79%) | loss: 2.955171 | lrm: 1.00 | dt: 4050.56ms | tok/sec: 258,871 | bf16_mfu: 46.57 | epoch: 1 | total time: 102.19m | eta: 192.8m
step 01517/04357 (34.82%) | loss: 2.954904 | lrm: 1.00 | dt: 4054.93ms | tok/sec: 258,592 | bf16_mfu: 46.52 | epoch: 1 | total time: 102.26m | eta: 192.7m
step 01518/04357 (34.84%) | loss: 2.944909 | lrm: 1.00 | dt: 4066.87ms | tok/sec: 257,833 | bf16_mfu: 46.38 | epoch: 1 | total time: 102.33m | eta: 192.6m
step 01519/04357 (34.86%) | loss: 2.950196 | lrm: 1.00 | dt: 4066.10ms | tok/sec: 257,882 | bf16_mfu: 46.39 | epoch: 1 | total time: 102.40m | eta: 192.6m
step 01520/04357 (34.89%) | loss: 2.952519 | lrm: 1.00 | dt: 4074.11ms | tok/sec: 257,375 | bf16_mfu: 46.30 | epoch: 1 | total time: 102.46m | eta: 192.5m
step 01521/04357 (34.91%) | loss: 2.956951 | lrm: 1.00 | dt: 4067.74ms | tok/sec: 257,778 | bf16_mfu: 46.37 | epoch: 1 | total time: 102.53m | eta: 192.4m
step 01522/04357 (34.93%) | loss: 2.956306 | lrm: 1.00 | dt: 4069.23ms | tok/sec: 257,683 | bf16_mfu: 46.36 | epoch: 1 | total time: 102.60m | eta: 192.4m
step 01523/04357 (34.96%) | loss: 2.962284 | lrm: 1.00 | dt: 4067.67ms | tok/sec: 257,783 | bf16_mfu: 46.37 | epoch: 1 | total time: 102.67m | eta: 192.3m
step 01524/04357 (34.98%) | loss: 2.964147 | lrm: 1.00 | dt: 4065.39ms | tok/sec: 257,927 | bf16_mfu: 46.40 | epoch: 1 | total time: 102.74m | eta: 192.2m
step 01525/04357 (35.00%) | loss: 2.976631 | lrm: 1.00 | dt: 4044.35ms | tok/sec: 259,269 | bf16_mfu: 46.64 | epoch: 1 | total time: 102.80m | eta: 192.2m
step 01526/04357 (35.02%) | loss: 2.974297 | lrm: 1.00 | dt: 4067.82ms | tok/sec: 257,773 | bf16_mfu: 46.37 | epoch: 1 | total time: 102.87m | eta: 192.1m
step 01527/04357 (35.05%) | loss: 2.976616 | lrm: 1.00 | dt: 4062.03ms | tok/sec: 258,141 | bf16_mfu: 46.44 | epoch: 1 | total time: 102.94m | eta: 192.0m
step 01528/04357 (35.07%) | loss: 2.980924 | lrm: 1.00 | dt: 4064.47ms | tok/sec: 257,985 | bf16_mfu: 46.41 | epoch: 1 | total time: 103.01m | eta: 192.0m
step 01529/04357 (35.09%) | loss: 2.975024 | lrm: 1.00 | dt: 4061.00ms | tok/sec: 258,206 | bf16_mfu: 46.45 | epoch: 1 | total time: 103.07m | eta: 191.9m
step 01530/04357 (35.12%) | loss: 2.951010 | lrm: 1.00 | dt: 4058.38ms | tok/sec: 258,372 | bf16_mfu: 46.48 | epoch: 1 | total time: 103.14m | eta: 191.8m
step 01531/04357 (35.14%) | loss: 2.947632 | lrm: 1.00 | dt: 4069.38ms | tok/sec: 257,674 | bf16_mfu: 46.35 | epoch: 1 | total time: 103.21m | eta: 191.8m
step 01532/04357 (35.16%) | loss: 2.946704 | lrm: 1.00 | dt: 4071.59ms | tok/sec: 257,534 | bf16_mfu: 46.33 | epoch: 1 | total time: 103.28m | eta: 191.7m
step 01533/04357 (35.18%) | loss: 2.953812 | lrm: 1.00 | dt: 4068.19ms | tok/sec: 257,749 | bf16_mfu: 46.37 | epoch: 1 | total time: 103.34m | eta: 191.6m
step 01534/04357 (35.21%) | loss: 2.962507 | lrm: 1.00 | dt: 4020.51ms | tok/sec: 260,806 | bf16_mfu: 46.92 | epoch: 1 | total time: 103.41m | eta: 191.6m
step 01535/04357 (35.23%) | loss: 2.950435 | lrm: 1.00 | dt: 4058.52ms | tok/sec: 258,363 | bf16_mfu: 46.48 | epoch: 1 | total time: 103.48m | eta: 191.5m
step 01536/04357 (35.25%) | loss: 2.940454 | lrm: 1.00 | dt: 4067.39ms | tok/sec: 257,800 | bf16_mfu: 46.38 | epoch: 1 | total time: 103.55m | eta: 191.4m
step 01537/04357 (35.28%) | loss: 2.971995 | lrm: 1.00 | dt: 4065.19ms | tok/sec: 257,940 | bf16_mfu: 46.40 | epoch: 1 | total time: 103.61m | eta: 191.4m
step 01538/04357 (35.30%) | loss: 2.972161 | lrm: 1.00 | dt: 4069.79ms | tok/sec: 257,648 | bf16_mfu: 46.35 | epoch: 1 | total time: 103.68m | eta: 191.3m
step 01539/04357 (35.32%) | loss: 2.974067 | lrm: 1.00 | dt: 4066.91ms | tok/sec: 257,831 | bf16_mfu: 46.38 | epoch: 1 | total time: 103.75m | eta: 191.2m
step 01540/04357 (35.35%) | loss: 2.969905 | lrm: 1.00 | dt: 4071.95ms | tok/sec: 257,511 | bf16_mfu: 46.32 | epoch: 1 | total time: 103.82m | eta: 191.1m
step 01541/04357 (35.37%) | loss: 2.976307 | lrm: 1.00 | dt: 4065.25ms | tok/sec: 257,936 | bf16_mfu: 46.40 | epoch: 1 | total time: 103.89m | eta: 191.1m
step 01542/04357 (35.39%) | loss: 2.970784 | lrm: 1.00 | dt: 4059.97ms | tok/sec: 258,271 | bf16_mfu: 46.46 | epoch: 1 | total time: 103.95m | eta: 191.0m
step 01543/04357 (35.41%) | loss: 2.967555 | lrm: 1.00 | dt: 4068.39ms | tok/sec: 257,737 | bf16_mfu: 46.36 | epoch: 1 | total time: 104.02m | eta: 190.9m
step 01544/04357 (35.44%) | loss: 2.961844 | lrm: 1.00 | dt: 4073.50ms | tok/sec: 257,414 | bf16_mfu: 46.31 | epoch: 1 | total time: 104.09m | eta: 190.9m
step 01545/04357 (35.46%) | loss: 2.962456 | lrm: 1.00 | dt: 4077.24ms | tok/sec: 257,177 | bf16_mfu: 46.26 | epoch: 1 | total time: 104.16m | eta: 190.8m
step 01546/04357 (35.48%) | loss: 2.960077 | lrm: 1.00 | dt: 4060.18ms | tok/sec: 258,258 | bf16_mfu: 46.46 | epoch: 1 | total time: 104.22m | eta: 190.7m
step 01547/04357 (35.51%) | loss: 2.951269 | lrm: 1.00 | dt: 4060.84ms | tok/sec: 258,216 | bf16_mfu: 46.45 | epoch: 1 | total time: 104.29m | eta: 190.7m
step 01548/04357 (35.53%) | loss: 2.950527 | lrm: 1.00 | dt: 4070.42ms | tok/sec: 257,609 | bf16_mfu: 46.34 | epoch: 1 | total time: 104.36m | eta: 190.6m
step 01549/04357 (35.55%) | loss: 2.956227 | lrm: 1.00 | dt: 4073.87ms | tok/sec: 257,390 | bf16_mfu: 46.30 | epoch: 1 | total time: 104.43m | eta: 190.5m
step 01550/04357 (35.57%) | loss: 2.957856 | lrm: 1.00 | dt: 4065.26ms | tok/sec: 257,935 | bf16_mfu: 46.40 | epoch: 1 | total time: 104.50m | eta: 190.5m
step 01551/04357 (35.60%) | loss: 2.954593 | lrm: 1.00 | dt: 4051.28ms | tok/sec: 258,825 | bf16_mfu: 46.56 | epoch: 1 | total time: 104.56m | eta: 190.4m
step 01552/04357 (35.62%) | loss: 2.957416 | lrm: 1.00 | dt: 4065.22ms | tok/sec: 257,938 | bf16_mfu: 46.40 | epoch: 1 | total time: 104.63m | eta: 190.3m
step 01553/04357 (35.64%) | loss: 2.953002 | lrm: 1.00 | dt: 4055.74ms | tok/sec: 258,540 | bf16_mfu: 46.51 | epoch: 1 | total time: 104.70m | eta: 190.3m
step 01554/04357 (35.67%) | loss: 2.952858 | lrm: 1.00 | dt: 4078.50ms | tok/sec: 257,098 | bf16_mfu: 46.25 | epoch: 1 | total time: 104.77m | eta: 190.2m
step 01555/04357 (35.69%) | loss: 2.942525 | lrm: 1.00 | dt: 4054.44ms | tok/sec: 258,624 | bf16_mfu: 46.52 | epoch: 1 | total time: 104.83m | eta: 190.1m
step 01556/04357 (35.71%) | loss: 2.945352 | lrm: 1.00 | dt: 4077.78ms | tok/sec: 257,143 | bf16_mfu: 46.26 | epoch: 1 | total time: 104.90m | eta: 190.1m
step 01557/04357 (35.74%) | loss: 2.948286 | lrm: 1.00 | dt: 4062.82ms | tok/sec: 258,090 | bf16_mfu: 46.43 | epoch: 1 | total time: 104.97m | eta: 190.0m
step 01558/04357 (35.76%) | loss: 2.941662 | lrm: 1.00 | dt: 4066.28ms | tok/sec: 257,871 | bf16_mfu: 46.39 | epoch: 1 | total time: 105.04m | eta: 189.9m
step 01559/04357 (35.78%) | loss: 2.943471 | lrm: 1.00 | dt: 4052.53ms | tok/sec: 258,745 | bf16_mfu: 46.55 | epoch: 1 | total time: 105.11m | eta: 189.9m
step 01560/04357 (35.80%) | loss: 2.944052 | lrm: 1.00 | dt: 4055.64ms | tok/sec: 258,547 | bf16_mfu: 46.51 | epoch: 1 | total time: 105.17m | eta: 189.8m
step 01561/04357 (35.83%) | loss: 2.944663 | lrm: 1.00 | dt: 4057.38ms | tok/sec: 258,436 | bf16_mfu: 46.49 | epoch: 1 | total time: 105.24m | eta: 189.7m
step 01562/04357 (35.85%) | loss: 2.944802 | lrm: 1.00 | dt: 4059.00ms | tok/sec: 258,333 | bf16_mfu: 46.47 | epoch: 1 | total time: 105.31m | eta: 189.7m
step 01563/04357 (35.87%) | loss: 2.947777 | lrm: 1.00 | dt: 4070.83ms | tok/sec: 257,582 | bf16_mfu: 46.34 | epoch: 1 | total time: 105.38m | eta: 189.6m
step 01564/04357 (35.90%) | loss: 2.936917 | lrm: 1.00 | dt: 4058.54ms | tok/sec: 258,362 | bf16_mfu: 46.48 | epoch: 1 | total time: 105.44m | eta: 189.5m
step 01565/04357 (35.92%) | loss: 2.948973 | lrm: 1.00 | dt: 4071.11ms | tok/sec: 257,565 | bf16_mfu: 46.33 | epoch: 1 | total time: 105.51m | eta: 189.4m
step 01566/04357 (35.94%) | loss: 2.947559 | lrm: 1.00 | dt: 4063.92ms | tok/sec: 258,020 | bf16_mfu: 46.42 | epoch: 1 | total time: 105.58m | eta: 189.4m
step 01567/04357 (35.97%) | loss: 2.933682 | lrm: 1.00 | dt: 4066.29ms | tok/sec: 257,870 | bf16_mfu: 46.39 | epoch: 1 | total time: 105.65m | eta: 189.3m
step 01568/04357 (35.99%) | loss: 2.940317 | lrm: 1.00 | dt: 4068.57ms | tok/sec: 257,725 | bf16_mfu: 46.36 | epoch: 1 | total time: 105.72m | eta: 189.2m
step 01569/04357 (36.01%) | loss: 2.948482 | lrm: 1.00 | dt: 4041.26ms | tok/sec: 259,467 | bf16_mfu: 46.68 | epoch: 1 | total time: 105.78m | eta: 189.2m
step 01570/04357 (36.03%) | loss: 2.955550 | lrm: 1.00 | dt: 4068.57ms | tok/sec: 257,725 | bf16_mfu: 46.36 | epoch: 1 | total time: 105.85m | eta: 189.1m
step 01571/04357 (36.06%) | loss: 2.943039 | lrm: 1.00 | dt: 4064.01ms | tok/sec: 258,014 | bf16_mfu: 46.41 | epoch: 1 | total time: 105.92m | eta: 189.0m
step 01572/04357 (36.08%) | loss: 2.944108 | lrm: 1.00 | dt: 4067.10ms | tok/sec: 257,819 | bf16_mfu: 46.38 | epoch: 1 | total time: 105.99m | eta: 189.0m
step 01573/04357 (36.10%) | loss: 2.947252 | lrm: 1.00 | dt: 4067.15ms | tok/sec: 257,815 | bf16_mfu: 46.38 | epoch: 1 | total time: 106.05m | eta: 188.9m
step 01574/04357 (36.13%) | loss: 2.953526 | lrm: 1.00 | dt: 4062.26ms | tok/sec: 258,126 | bf16_mfu: 46.43 | epoch: 1 | total time: 106.12m | eta: 188.8m
step 01575/04357 (36.15%) | loss: 2.942106 | lrm: 1.00 | dt: 4037.81ms | tok/sec: 259,689 | bf16_mfu: 46.72 | epoch: 1 | total time: 106.19m | eta: 188.8m
step 01576/04357 (36.17%) | loss: 2.906714 | lrm: 1.00 | dt: 4058.28ms | tok/sec: 258,379 | bf16_mfu: 46.48 | epoch: 1 | total time: 106.26m | eta: 188.7m
step 01577/04357 (36.19%) | loss: 2.906438 | lrm: 1.00 | dt: 4065.24ms | tok/sec: 257,937 | bf16_mfu: 46.40 | epoch: 1 | total time: 106.32m | eta: 188.6m
step 01578/04357 (36.22%) | loss: 2.907871 | lrm: 1.00 | dt: 4064.57ms | tok/sec: 257,979 | bf16_mfu: 46.41 | epoch: 1 | total time: 106.39m | eta: 188.6m
step 01579/04357 (36.24%) | loss: 2.905100 | lrm: 1.00 | dt: 4039.25ms | tok/sec: 259,596 | bf16_mfu: 46.70 | epoch: 1 | total time: 106.46m | eta: 188.5m
step 01580/04357 (36.26%) | loss: 2.907442 | lrm: 1.00 | dt: 4065.20ms | tok/sec: 257,939 | bf16_mfu: 46.40 | epoch: 1 | total time: 106.53m | eta: 188.4m
step 01581/04357 (36.29%) | loss: 2.907259 | lrm: 1.00 | dt: 4071.19ms | tok/sec: 257,559 | bf16_mfu: 46.33 | epoch: 1 | total time: 106.59m | eta: 188.4m
step 01582/04357 (36.31%) | loss: 2.903872 | lrm: 1.00 | dt: 4051.28ms | tok/sec: 258,825 | bf16_mfu: 46.56 | epoch: 1 | total time: 106.66m | eta: 188.3m
step 01583/04357 (36.33%) | loss: 2.900221 | lrm: 1.00 | dt: 4060.74ms | tok/sec: 258,223 | bf16_mfu: 46.45 | epoch: 1 | total time: 106.73m | eta: 188.2m
step 01584/04357 (36.36%) | loss: 2.910334 | lrm: 1.00 | dt: 4064.60ms | tok/sec: 257,977 | bf16_mfu: 46.41 | epoch: 1 | total time: 106.80m | eta: 188.2m
step 01585/04357 (36.38%) | loss: 2.927626 | lrm: 1.00 | dt: 4058.34ms | tok/sec: 258,375 | bf16_mfu: 46.48 | epoch: 1 | total time: 106.87m | eta: 188.1m
step 01586/04357 (36.40%) | loss: 2.930104 | lrm: 1.00 | dt: 4065.33ms | tok/sec: 257,931 | bf16_mfu: 46.40 | epoch: 1 | total time: 106.93m | eta: 188.0m
step 01587/04357 (36.42%) | loss: 2.922333 | lrm: 1.00 | dt: 4064.46ms | tok/sec: 257,986 | bf16_mfu: 46.41 | epoch: 1 | total time: 107.00m | eta: 187.9m
step 01588/04357 (36.45%) | loss: 2.925789 | lrm: 1.00 | dt: 4066.53ms | tok/sec: 257,855 | bf16_mfu: 46.39 | epoch: 1 | total time: 107.07m | eta: 187.9m
step 01589/04357 (36.47%) | loss: 2.920754 | lrm: 1.00 | dt: 4082.60ms | tok/sec: 256,840 | bf16_mfu: 46.20 | epoch: 1 | total time: 107.14m | eta: 187.8m
step 01590/04357 (36.49%) | loss: 2.913565 | lrm: 1.00 | dt: 4072.05ms | tok/sec: 257,505 | bf16_mfu: 46.32 | epoch: 1 | total time: 107.20m | eta: 187.7m
step 01591/04357 (36.52%) | loss: 2.911223 | lrm: 1.00 | dt: 4101.73ms | tok/sec: 255,642 | bf16_mfu: 45.99 | epoch: 1 | total time: 107.27m | eta: 187.7m
step 01592/04357 (36.54%) | loss: 2.912773 | lrm: 1.00 | dt: 4111.46ms | tok/sec: 255,037 | bf16_mfu: 45.88 | epoch: 1 | total time: 107.34m | eta: 187.6m
step 01593/04357 (36.56%) | loss: 2.918872 | lrm: 1.00 | dt: 4116.04ms | tok/sec: 254,753 | bf16_mfu: 45.83 | epoch: 1 | total time: 107.41m | eta: 187.5m
step 01594/04357 (36.58%) | loss: 2.924591 | lrm: 1.00 | dt: 4095.40ms | tok/sec: 256,037 | bf16_mfu: 46.06 | epoch: 1 | total time: 107.48m | eta: 187.5m
step 01595/04357 (36.61%) | loss: 2.920248 | lrm: 1.00 | dt: 4083.09ms | tok/sec: 256,809 | bf16_mfu: 46.20 | epoch: 1 | total time: 107.55m | eta: 187.4m
step 01596/04357 (36.63%) | loss: 2.930444 | lrm: 1.00 | dt: 4086.49ms | tok/sec: 256,595 | bf16_mfu: 46.16 | epoch: 1 | total time: 107.61m | eta: 187.3m
step 01597/04357 (36.65%) | loss: 2.933846 | lrm: 1.00 | dt: 4071.95ms | tok/sec: 257,511 | bf16_mfu: 46.32 | epoch: 1 | total time: 107.68m | eta: 187.3m
step 01598/04357 (36.68%) | loss: 2.947919 | lrm: 1.00 | dt: 4060.86ms | tok/sec: 258,215 | bf16_mfu: 46.45 | epoch: 1 | total time: 107.75m | eta: 187.2m
step 01599/04357 (36.70%) | loss: 2.940864 | lrm: 1.00 | dt: 4051.26ms | tok/sec: 258,826 | bf16_mfu: 46.56 | epoch: 1 | total time: 107.82m | eta: 187.1m
step 01600/04357 (36.72%) | loss: 2.939726 | lrm: 1.00 | dt: 4060.32ms | tok/sec: 258,249 | bf16_mfu: 46.46 | epoch: 1 | total time: 107.88m | eta: 187.1m
step 01601/04357 (36.75%) | loss: 2.960368 | lrm: 1.00 | dt: 4057.77ms | tok/sec: 258,412 | bf16_mfu: 46.49 | epoch: 1 | total time: 107.95m | eta: 187.0m
step 01602/04357 (36.77%) | loss: 2.957323 | lrm: 1.00 | dt: 4062.64ms | tok/sec: 258,102 | bf16_mfu: 46.43 | epoch: 1 | total time: 108.02m | eta: 186.9m
step 01603/04357 (36.79%) | loss: 2.965026 | lrm: 1.00 | dt: 4062.93ms | tok/sec: 258,083 | bf16_mfu: 46.43 | epoch: 1 | total time: 108.09m | eta: 186.9m
step 01604/04357 (36.81%) | loss: 2.952536 | lrm: 1.00 | dt: 4062.04ms | tok/sec: 258,140 | bf16_mfu: 46.44 | epoch: 1 | total time: 108.16m | eta: 186.8m
step 01605/04357 (36.84%) | loss: 2.956595 | lrm: 1.00 | dt: 4057.90ms | tok/sec: 258,403 | bf16_mfu: 46.48 | epoch: 1 | total time: 108.22m | eta: 186.7m
step 01606/04357 (36.86%) | loss: 2.954396 | lrm: 1.00 | dt: 4061.28ms | tok/sec: 258,188 | bf16_mfu: 46.45 | epoch: 1 | total time: 108.29m | eta: 186.7m
step 01607/04357 (36.88%) | loss: 2.958127 | lrm: 1.00 | dt: 4067.07ms | tok/sec: 257,820 | bf16_mfu: 46.38 | epoch: 1 | total time: 108.36m | eta: 186.6m
step 01608/04357 (36.91%) | loss: 2.974459 | lrm: 1.00 | dt: 4058.81ms | tok/sec: 258,345 | bf16_mfu: 46.47 | epoch: 1 | total time: 108.43m | eta: 186.5m
step 01609/04357 (36.93%) | loss: 2.980433 | lrm: 1.00 | dt: 4058.02ms | tok/sec: 258,396 | bf16_mfu: 46.48 | epoch: 1 | total time: 108.49m | eta: 186.5m
step 01610/04357 (36.95%) | loss: 2.980596 | lrm: 1.00 | dt: 4051.85ms | tok/sec: 258,789 | bf16_mfu: 46.55 | epoch: 1 | total time: 108.56m | eta: 186.4m
step 01611/04357 (36.97%) | loss: 2.981786 | lrm: 1.00 | dt: 4070.25ms | tok/sec: 257,619 | bf16_mfu: 46.34 | epoch: 1 | total time: 108.63m | eta: 186.3m
step 01612/04357 (37.00%) | loss: 2.978651 | lrm: 1.00 | dt: 4065.57ms | tok/sec: 257,915 | bf16_mfu: 46.40 | epoch: 1 | total time: 108.70m | eta: 186.3m
step 01613/04357 (37.02%) | loss: 2.985358 | lrm: 1.00 | dt: 4056.27ms | tok/sec: 258,507 | bf16_mfu: 46.50 | epoch: 1 | total time: 108.76m | eta: 186.2m
step 01614/04357 (37.04%) | loss: 2.973676 | lrm: 1.00 | dt: 4069.74ms | tok/sec: 257,651 | bf16_mfu: 46.35 | epoch: 1 | total time: 108.83m | eta: 186.1m
step 01615/04357 (37.07%) | loss: 2.978158 | lrm: 1.00 | dt: 4058.63ms | tok/sec: 258,357 | bf16_mfu: 46.48 | epoch: 1 | total time: 108.90m | eta: 186.0m
step 01616/04357 (37.09%) | loss: 2.981036 | lrm: 1.00 | dt: 4069.25ms | tok/sec: 257,682 | bf16_mfu: 46.35 | epoch: 1 | total time: 108.97m | eta: 186.0m
step 01617/04357 (37.11%) | loss: 2.975628 | lrm: 1.00 | dt: 4052.68ms | tok/sec: 258,736 | bf16_mfu: 46.54 | epoch: 1 | total time: 109.04m | eta: 185.9m
step 01618/04357 (37.14%) | loss: 2.959833 | lrm: 1.00 | dt: 4062.87ms | tok/sec: 258,087 | bf16_mfu: 46.43 | epoch: 1 | total time: 109.10m | eta: 185.8m
step 01619/04357 (37.16%) | loss: 2.961204 | lrm: 1.00 | dt: 4056.30ms | tok/sec: 258,505 | bf16_mfu: 46.50 | epoch: 1 | total time: 109.17m | eta: 185.8m
step 01620/04357 (37.18%) | loss: 2.951144 | lrm: 1.00 | dt: 4050.11ms | tok/sec: 258,900 | bf16_mfu: 46.57 | epoch: 1 | total time: 109.24m | eta: 185.7m
step 01621/04357 (37.20%) | loss: 2.950265 | lrm: 1.00 | dt: 4062.48ms | tok/sec: 258,112 | bf16_mfu: 46.43 | epoch: 1 | total time: 109.31m | eta: 185.6m
step 01622/04357 (37.23%) | loss: 2.954517 | lrm: 1.00 | dt: 4063.47ms | tok/sec: 258,049 | bf16_mfu: 46.42 | epoch: 1 | total time: 109.37m | eta: 185.6m
step 01623/04357 (37.25%) | loss: 2.951311 | lrm: 1.00 | dt: 4068.22ms | tok/sec: 257,747 | bf16_mfu: 46.37 | epoch: 1 | total time: 109.44m | eta: 185.5m
step 01624/04357 (37.27%) | loss: 2.939175 | lrm: 1.00 | dt: 4051.62ms | tok/sec: 258,804 | bf16_mfu: 46.56 | epoch: 1 | total time: 109.51m | eta: 185.4m
step 01625/04357 (37.30%) | loss: 2.927469 | lrm: 1.00 | dt: 4047.40ms | tok/sec: 259,074 | bf16_mfu: 46.61 | epoch: 1 | total time: 109.58m | eta: 185.4m
step 01626/04357 (37.32%) | loss: 2.918462 | lrm: 1.00 | dt: 4064.89ms | tok/sec: 257,959 | bf16_mfu: 46.40 | epoch: 1 | total time: 109.64m | eta: 185.3m
step 01627/04357 (37.34%) | loss: 2.908397 | lrm: 1.00 | dt: 4054.34ms | tok/sec: 258,630 | bf16_mfu: 46.53 | epoch: 1 | total time: 109.71m | eta: 185.2m
step 01628/04357 (37.37%) | loss: 2.926933 | lrm: 1.00 | dt: 4056.86ms | tok/sec: 258,469 | bf16_mfu: 46.50 | epoch: 1 | total time: 109.78m | eta: 185.2m
step 01629/04357 (37.39%) | loss: 2.926128 | lrm: 1.00 | dt: 4059.44ms | tok/sec: 258,305 | bf16_mfu: 46.47 | epoch: 1 | total time: 109.85m | eta: 185.1m
step 01630/04357 (37.41%) | loss: 2.927797 | lrm: 1.00 | dt: 4063.08ms | tok/sec: 258,074 | bf16_mfu: 46.43 | epoch: 1 | total time: 109.92m | eta: 185.0m
step 01631/04357 (37.43%) | loss: 2.936965 | lrm: 1.00 | dt: 4058.44ms | tok/sec: 258,368 | bf16_mfu: 46.48 | epoch: 1 | total time: 109.98m | eta: 185.0m
step 01632/04357 (37.46%) | loss: 2.944948 | lrm: 1.00 | dt: 4059.94ms | tok/sec: 258,274 | bf16_mfu: 46.46 | epoch: 1 | total time: 110.05m | eta: 184.9m
step 01633/04357 (37.48%) | loss: 2.941072 | lrm: 1.00 | dt: 4064.36ms | tok/sec: 257,992 | bf16_mfu: 46.41 | epoch: 1 | total time: 110.12m | eta: 184.8m
step 01634/04357 (37.50%) | loss: 2.937962 | lrm: 1.00 | dt: 4064.31ms | tok/sec: 257,995 | bf16_mfu: 46.41 | epoch: 1 | total time: 110.19m | eta: 184.8m
step 01635/04357 (37.53%) | loss: 2.928273 | lrm: 1.00 | dt: 4047.73ms | tok/sec: 259,053 | bf16_mfu: 46.60 | epoch: 1 | total time: 110.25m | eta: 184.7m
step 01636/04357 (37.55%) | loss: 2.927026 | lrm: 1.00 | dt: 4067.43ms | tok/sec: 257,798 | bf16_mfu: 46.38 | epoch: 1 | total time: 110.32m | eta: 184.6m
step 01637/04357 (37.57%) | loss: 2.932898 | lrm: 1.00 | dt: 4065.31ms | tok/sec: 257,932 | bf16_mfu: 46.40 | epoch: 1 | total time: 110.39m | eta: 184.5m
step 01638/04357 (37.59%) | loss: 2.940793 | lrm: 1.00 | dt: 4055.45ms | tok/sec: 258,559 | bf16_mfu: 46.51 | epoch: 1 | total time: 110.46m | eta: 184.5m
step 01639/04357 (37.62%) | loss: 2.937147 | lrm: 1.00 | dt: 4050.14ms | tok/sec: 258,898 | bf16_mfu: 46.57 | epoch: 1 | total time: 110.52m | eta: 184.4m
step 01640/04357 (37.64%) | loss: 2.930920 | lrm: 1.00 | dt: 4046.55ms | tok/sec: 259,128 | bf16_mfu: 46.62 | epoch: 1 | total time: 110.59m | eta: 184.3m
step 01641/04357 (37.66%) | loss: 2.936128 | lrm: 1.00 | dt: 4068.27ms | tok/sec: 257,745 | bf16_mfu: 46.37 | epoch: 1 | total time: 110.66m | eta: 184.3m
step 01642/04357 (37.69%) | loss: 2.941065 | lrm: 1.00 | dt: 4057.63ms | tok/sec: 258,420 | bf16_mfu: 46.49 | epoch: 1 | total time: 110.73m | eta: 184.2m
step 01643/04357 (37.71%) | loss: 2.936896 | lrm: 1.00 | dt: 4071.24ms | tok/sec: 257,556 | bf16_mfu: 46.33 | epoch: 1 | total time: 110.79m | eta: 184.1m
step 01644/04357 (37.73%) | loss: 2.943845 | lrm: 1.00 | dt: 4068.40ms | tok/sec: 257,736 | bf16_mfu: 46.36 | epoch: 1 | total time: 110.86m | eta: 184.1m
step 01645/04357 (37.76%) | loss: 2.954843 | lrm: 1.00 | dt: 4064.64ms | tok/sec: 257,975 | bf16_mfu: 46.41 | epoch: 1 | total time: 110.93m | eta: 184.0m
step 01646/04357 (37.78%) | loss: 2.938983 | lrm: 1.00 | dt: 4057.58ms | tok/sec: 258,424 | bf16_mfu: 46.49 | epoch: 1 | total time: 111.00m | eta: 183.9m
step 01647/04357 (37.80%) | loss: 2.943510 | lrm: 1.00 | dt: 4059.89ms | tok/sec: 258,277 | bf16_mfu: 46.46 | epoch: 1 | total time: 111.07m | eta: 183.9m
step 01648/04357 (37.82%) | loss: 2.944856 | lrm: 1.00 | dt: 4062.19ms | tok/sec: 258,130 | bf16_mfu: 46.44 | epoch: 1 | total time: 111.13m | eta: 183.8m
step 01649/04357 (37.85%) | loss: 2.934681 | lrm: 1.00 | dt: 4066.39ms | tok/sec: 257,864 | bf16_mfu: 46.39 | epoch: 1 | total time: 111.20m | eta: 183.7m
step 01650/04357 (37.87%) | loss: 2.934288 | lrm: 1.00 | dt: 4052.17ms | tok/sec: 258,768 | bf16_mfu: 46.55 | epoch: 1 | total time: 111.27m | eta: 183.7m
step 01651/04357 (37.89%) | loss: 2.932093 | lrm: 1.00 | dt: 4064.72ms | tok/sec: 257,970 | bf16_mfu: 46.41 | epoch: 1 | total time: 111.34m | eta: 183.6m
step 01652/04357 (37.92%) | loss: 2.928733 | lrm: 1.00 | dt: 4050.64ms | tok/sec: 258,866 | bf16_mfu: 46.57 | epoch: 1 | total time: 111.40m | eta: 183.5m
step 01653/04357 (37.94%) | loss: 2.936687 | lrm: 1.00 | dt: 4069.60ms | tok/sec: 257,660 | bf16_mfu: 46.35 | epoch: 1 | total time: 111.47m | eta: 183.5m
step 01654/04357 (37.96%) | loss: 2.950634 | lrm: 1.00 | dt: 4058.34ms | tok/sec: 258,375 | bf16_mfu: 46.48 | epoch: 1 | total time: 111.54m | eta: 183.4m
step 01655/04357 (37.98%) | loss: 2.952767 | lrm: 1.00 | dt: 4059.08ms | tok/sec: 258,328 | bf16_mfu: 46.47 | epoch: 1 | total time: 111.61m | eta: 183.3m
step 01656/04357 (38.01%) | loss: 2.945245 | lrm: 1.00 | dt: 4058.89ms | tok/sec: 258,340 | bf16_mfu: 46.47 | epoch: 1 | total time: 111.67m | eta: 183.3m
step 01657/04357 (38.03%) | loss: 2.945808 | lrm: 1.00 | dt: 4061.66ms | tok/sec: 258,164 | bf16_mfu: 46.44 | epoch: 1 | total time: 111.74m | eta: 183.2m
step 01658/04357 (38.05%) | loss: 2.950304 | lrm: 1.00 | dt: 4057.52ms | tok/sec: 258,427 | bf16_mfu: 46.49 | epoch: 1 | total time: 111.81m | eta: 183.1m
step 01659/04357 (38.08%) | loss: 2.943867 | lrm: 1.00 | dt: 4068.44ms | tok/sec: 257,734 | bf16_mfu: 46.36 | epoch: 1 | total time: 111.88m | eta: 183.0m
step 01660/04357 (38.10%) | loss: 2.944076 | lrm: 1.00 | dt: 4071.19ms | tok/sec: 257,560 | bf16_mfu: 46.33 | epoch: 1 | total time: 111.95m | eta: 183.0m
step 01661/04357 (38.12%) | loss: 2.926669 | lrm: 1.00 | dt: 4049.72ms | tok/sec: 258,925 | bf16_mfu: 46.58 | epoch: 1 | total time: 112.01m | eta: 182.9m
step 01662/04357 (38.15%) | loss: 2.931375 | lrm: 1.00 | dt: 4071.28ms | tok/sec: 257,554 | bf16_mfu: 46.33 | epoch: 1 | total time: 112.08m | eta: 182.8m
step 01663/04357 (38.17%) | loss: 2.928923 | lrm: 1.00 | dt: 4060.08ms | tok/sec: 258,264 | bf16_mfu: 46.46 | epoch: 1 | total time: 112.15m | eta: 182.8m
step 01664/04357 (38.19%) | loss: 2.920225 | lrm: 1.00 | dt: 4060.39ms | tok/sec: 258,245 | bf16_mfu: 46.46 | epoch: 1 | total time: 112.22m | eta: 182.7m
step 01665/04357 (38.21%) | loss: 2.924130 | lrm: 1.00 | dt: 4062.34ms | tok/sec: 258,121 | bf16_mfu: 46.43 | epoch: 1 | total time: 112.28m | eta: 182.6m
step 01666/04357 (38.24%) | loss: 2.919519 | lrm: 1.00 | dt: 4068.80ms | tok/sec: 257,711 | bf16_mfu: 46.36 | epoch: 1 | total time: 112.35m | eta: 182.6m
step 01667/04357 (38.26%) | loss: 2.916962 | lrm: 1.00 | dt: 4061.55ms | tok/sec: 258,171 | bf16_mfu: 46.44 | epoch: 1 | total time: 112.42m | eta: 182.5m
step 01668/04357 (38.28%) | loss: 2.918217 | lrm: 1.00 | dt: 4063.35ms | tok/sec: 258,056 | bf16_mfu: 46.42 | epoch: 1 | total time: 112.49m | eta: 182.4m
step 01669/04357 (38.31%) | loss: 2.911736 | lrm: 1.00 | dt: 4067.75ms | tok/sec: 257,777 | bf16_mfu: 46.37 | epoch: 1 | total time: 112.55m | eta: 182.4m
step 01670/04357 (38.33%) | loss: 2.902756 | lrm: 1.00 | dt: 4051.07ms | tok/sec: 258,838 | bf16_mfu: 46.56 | epoch: 1 | total time: 112.62m | eta: 182.3m
step 01671/04357 (38.35%) | loss: 2.905953 | lrm: 1.00 | dt: 4064.91ms | tok/sec: 257,958 | bf16_mfu: 46.40 | epoch: 1 | total time: 112.69m | eta: 182.2m
step 01672/04357 (38.38%) | loss: 2.913028 | lrm: 1.00 | dt: 4064.47ms | tok/sec: 257,986 | bf16_mfu: 46.41 | epoch: 1 | total time: 112.76m | eta: 182.2m
step 01673/04357 (38.40%) | loss: 2.901926 | lrm: 1.00 | dt: 4062.09ms | tok/sec: 258,137 | bf16_mfu: 46.44 | epoch: 1 | total time: 112.83m | eta: 182.1m
step 01674/04357 (38.42%) | loss: 2.895801 | lrm: 1.00 | dt: 4063.31ms | tok/sec: 258,059 | bf16_mfu: 46.42 | epoch: 1 | total time: 112.89m | eta: 182.0m
step 01675/04357 (38.44%) | loss: 2.891958 | lrm: 1.00 | dt: 4068.18ms | tok/sec: 257,750 | bf16_mfu: 46.37 | epoch: 1 | total time: 112.96m | eta: 182.0m
step 01676/04357 (38.47%) | loss: 2.897126 | lrm: 1.00 | dt: 4050.66ms | tok/sec: 258,865 | bf16_mfu: 46.57 | epoch: 1 | total time: 113.03m | eta: 181.9m
step 01677/04357 (38.49%) | loss: 2.895473 | lrm: 1.00 | dt: 4063.35ms | tok/sec: 258,056 | bf16_mfu: 46.42 | epoch: 1 | total time: 113.10m | eta: 181.8m
step 01678/04357 (38.51%) | loss: 2.900898 | lrm: 1.00 | dt: 4075.52ms | tok/sec: 257,286 | bf16_mfu: 46.28 | epoch: 1 | total time: 113.16m | eta: 181.8m
step 01679/04357 (38.54%) | loss: 2.907476 | lrm: 1.00 | dt: 4055.40ms | tok/sec: 258,562 | bf16_mfu: 46.51 | epoch: 1 | total time: 113.23m | eta: 181.7m
step 01680/04357 (38.56%) | loss: 2.931882 | lrm: 1.00 | dt: 4059.44ms | tok/sec: 258,305 | bf16_mfu: 46.47 | epoch: 1 | total time: 113.30m | eta: 181.6m
step 01681/04357 (38.58%) | loss: 2.929795 | lrm: 1.00 | dt: 4058.91ms | tok/sec: 258,339 | bf16_mfu: 46.47 | epoch: 1 | total time: 113.37m | eta: 181.6m
step 01682/04357 (38.60%) | loss: 2.923168 | lrm: 1.00 | dt: 4067.45ms | tok/sec: 257,796 | bf16_mfu: 46.38 | epoch: 1 | total time: 113.44m | eta: 181.5m
step 01683/04357 (38.63%) | loss: 2.931920 | lrm: 1.00 | dt: 4064.94ms | tok/sec: 257,956 | bf16_mfu: 46.40 | epoch: 1 | total time: 113.50m | eta: 181.4m
step 01684/04357 (38.65%) | loss: 2.940102 | lrm: 1.00 | dt: 4063.11ms | tok/sec: 258,072 | bf16_mfu: 46.43 | epoch: 1 | total time: 113.57m | eta: 181.3m
step 01685/04357 (38.67%) | loss: 2.942335 | lrm: 1.00 | dt: 4066.94ms | tok/sec: 257,829 | bf16_mfu: 46.38 | epoch: 1 | total time: 113.64m | eta: 181.3m
step 01686/04357 (38.70%) | loss: 2.952309 | lrm: 1.00 | dt: 4056.48ms | tok/sec: 258,494 | bf16_mfu: 46.50 | epoch: 1 | total time: 113.71m | eta: 181.2m
step 01687/04357 (38.72%) | loss: 2.947058 | lrm: 1.00 | dt: 4021.12ms | tok/sec: 260,767 | bf16_mfu: 46.91 | epoch: 1 | total time: 113.77m | eta: 181.1m
step 01688/04357 (38.74%) | loss: 2.954611 | lrm: 1.00 | dt: 4058.23ms | tok/sec: 258,382 | bf16_mfu: 46.48 | epoch: 1 | total time: 113.84m | eta: 181.1m
step 01689/04357 (38.77%) | loss: 2.957294 | lrm: 1.00 | dt: 4070.63ms | tok/sec: 257,595 | bf16_mfu: 46.34 | epoch: 1 | total time: 113.91m | eta: 181.0m
step 01690/04357 (38.79%) | loss: 2.959176 | lrm: 1.00 | dt: 4060.52ms | tok/sec: 258,236 | bf16_mfu: 46.45 | epoch: 1 | total time: 113.98m | eta: 180.9m
step 01691/04357 (38.81%) | loss: 2.951537 | lrm: 1.00 | dt: 4064.66ms | tok/sec: 257,973 | bf16_mfu: 46.41 | epoch: 1 | total time: 114.04m | eta: 180.9m
step 01692/04357 (38.83%) | loss: 2.955834 | lrm: 1.00 | dt: 4065.03ms | tok/sec: 257,950 | bf16_mfu: 46.40 | epoch: 1 | total time: 114.11m | eta: 180.8m
step 01693/04357 (38.86%) | loss: 2.938022 | lrm: 1.00 | dt: 4061.27ms | tok/sec: 258,189 | bf16_mfu: 46.45 | epoch: 1 | total time: 114.18m | eta: 180.7m
step 01694/04357 (38.88%) | loss: 2.959014 | lrm: 1.00 | dt: 4064.85ms | tok/sec: 257,962 | bf16_mfu: 46.41 | epoch: 1 | total time: 114.25m | eta: 180.7m
step 01695/04357 (38.90%) | loss: 2.960285 | lrm: 1.00 | dt: 4060.92ms | tok/sec: 258,211 | bf16_mfu: 46.45 | epoch: 1 | total time: 114.31m | eta: 180.6m
step 01696/04357 (38.93%) | loss: 2.965387 | lrm: 1.00 | dt: 4063.67ms | tok/sec: 258,036 | bf16_mfu: 46.42 | epoch: 1 | total time: 114.38m | eta: 180.5m
step 01697/04357 (38.95%) | loss: 2.954191 | lrm: 1.00 | dt: 4067.74ms | tok/sec: 257,778 | bf16_mfu: 46.37 | epoch: 1 | total time: 114.45m | eta: 180.5m
step 01698/04357 (38.97%) | loss: 2.960582 | lrm: 1.00 | dt: 4062.00ms | tok/sec: 258,142 | bf16_mfu: 46.44 | epoch: 1 | total time: 114.52m | eta: 180.4m
step 01699/04357 (38.99%) | loss: 2.953773 | lrm: 1.00 | dt: 4066.91ms | tok/sec: 257,831 | bf16_mfu: 46.38 | epoch: 1 | total time: 114.59m | eta: 180.3m
step 01700/04357 (39.02%) | loss: 2.947454 | lrm: 1.00 | dt: 4057.38ms | tok/sec: 258,436 | bf16_mfu: 46.49 | epoch: 1 | total time: 114.65m | eta: 180.3m
step 01701/04357 (39.04%) | loss: 2.943902 | lrm: 1.00 | dt: 4074.75ms | tok/sec: 257,335 | bf16_mfu: 46.29 | epoch: 1 | total time: 114.72m | eta: 180.2m
step 01702/04357 (39.06%) | loss: 2.936240 | lrm: 1.00 | dt: 4062.62ms | tok/sec: 258,103 | bf16_mfu: 46.43 | epoch: 1 | total time: 114.79m | eta: 180.1m
step 01703/04357 (39.09%) | loss: 2.934650 | lrm: 1.00 | dt: 4056.51ms | tok/sec: 258,492 | bf16_mfu: 46.50 | epoch: 1 | total time: 114.86m | eta: 180.1m
step 01704/04357 (39.11%) | loss: 2.929079 | lrm: 1.00 | dt: 4064.54ms | tok/sec: 257,981 | bf16_mfu: 46.41 | epoch: 1 | total time: 114.92m | eta: 180.0m
step 01705/04357 (39.13%) | loss: 2.926486 | lrm: 1.00 | dt: 4062.49ms | tok/sec: 258,111 | bf16_mfu: 46.43 | epoch: 1 | total time: 114.99m | eta: 179.9m
step 01706/04357 (39.16%) | loss: 2.930243 | lrm: 1.00 | dt: 4068.78ms | tok/sec: 257,712 | bf16_mfu: 46.36 | epoch: 1 | total time: 115.06m | eta: 179.8m
step 01707/04357 (39.18%) | loss: 2.938452 | lrm: 1.00 | dt: 4061.45ms | tok/sec: 258,177 | bf16_mfu: 46.44 | epoch: 1 | total time: 115.13m | eta: 179.8m
step 01708/04357 (39.20%) | loss: 2.947386 | lrm: 1.00 | dt: 4062.77ms | tok/sec: 258,093 | bf16_mfu: 46.43 | epoch: 1 | total time: 115.20m | eta: 179.7m
step 01709/04357 (39.22%) | loss: 2.946309 | lrm: 1.00 | dt: 4068.69ms | tok/sec: 257,718 | bf16_mfu: 46.36 | epoch: 1 | total time: 115.26m | eta: 179.6m
step 01710/04357 (39.25%) | loss: 2.953201 | lrm: 1.00 | dt: 4021.89ms | tok/sec: 260,717 | bf16_mfu: 46.90 | epoch: 1 | total time: 115.33m | eta: 179.6m
step 01711/04357 (39.27%) | loss: 2.956950 | lrm: 1.00 | dt: 4051.93ms | tok/sec: 258,784 | bf16_mfu: 46.55 | epoch: 1 | total time: 115.40m | eta: 179.5m
step 01712/04357 (39.29%) | loss: 2.960252 | lrm: 1.00 | dt: 4062.90ms | tok/sec: 258,085 | bf16_mfu: 46.43 | epoch: 1 | total time: 115.47m | eta: 179.4m
step 01713/04357 (39.32%) | loss: 2.949397 | lrm: 1.00 | dt: 4058.54ms | tok/sec: 258,363 | bf16_mfu: 46.48 | epoch: 1 | total time: 115.53m | eta: 179.4m
step 01714/04357 (39.34%) | loss: 2.972889 | lrm: 1.00 | dt: 4058.42ms | tok/sec: 258,370 | bf16_mfu: 46.48 | epoch: 1 | total time: 115.60m | eta: 179.3m
step 01715/04357 (39.36%) | loss: 2.964485 | lrm: 1.00 | dt: 4074.29ms | tok/sec: 257,364 | bf16_mfu: 46.30 | epoch: 1 | total time: 115.67m | eta: 179.2m
step 01716/04357 (39.38%) | loss: 2.955414 | lrm: 1.00 | dt: 4069.76ms | tok/sec: 257,650 | bf16_mfu: 46.35 | epoch: 1 | total time: 115.74m | eta: 179.2m
step 01717/04357 (39.41%) | loss: 2.956597 | lrm: 1.00 | dt: 4085.74ms | tok/sec: 256,642 | bf16_mfu: 46.17 | epoch: 1 | total time: 115.80m | eta: 179.1m
step 01718/04357 (39.43%) | loss: 2.943264 | lrm: 1.00 | dt: 4080.44ms | tok/sec: 256,976 | bf16_mfu: 46.23 | epoch: 1 | total time: 115.87m | eta: 179.0m
step 01719/04357 (39.45%) | loss: 2.938700 | lrm: 1.00 | dt: 4067.26ms | tok/sec: 257,808 | bf16_mfu: 46.38 | epoch: 1 | total time: 115.94m | eta: 179.0m
step 01720/04357 (39.48%) | loss: 2.940649 | lrm: 1.00 | dt: 4074.84ms | tok/sec: 257,329 | bf16_mfu: 46.29 | epoch: 1 | total time: 116.01m | eta: 178.9m
step 01721/04357 (39.50%) | loss: 2.933419 | lrm: 1.00 | dt: 4062.77ms | tok/sec: 258,094 | bf16_mfu: 46.43 | epoch: 1 | total time: 116.08m | eta: 178.8m
step 01722/04357 (39.52%) | loss: 2.938087 | lrm: 1.00 | dt: 4065.66ms | tok/sec: 257,910 | bf16_mfu: 46.40 | epoch: 1 | total time: 116.14m | eta: 178.8m
step 01723/04357 (39.55%) | loss: 2.935826 | lrm: 1.00 | dt: 4060.74ms | tok/sec: 258,222 | bf16_mfu: 46.45 | epoch: 1 | total time: 116.21m | eta: 178.7m
step 01724/04357 (39.57%) | loss: 2.939747 | lrm: 1.00 | dt: 4075.91ms | tok/sec: 257,261 | bf16_mfu: 46.28 | epoch: 1 | total time: 116.28m | eta: 178.6m
step 01725/04357 (39.59%) | loss: 2.943649 | lrm: 1.00 | dt: 4060.38ms | tok/sec: 258,245 | bf16_mfu: 46.46 | epoch: 1 | total time: 116.35m | eta: 178.6m
step 01726/04357 (39.61%) | loss: 2.934102 | lrm: 1.00 | dt: 4074.26ms | tok/sec: 257,365 | bf16_mfu: 46.30 | epoch: 1 | total time: 116.41m | eta: 178.5m
step 01727/04357 (39.64%) | loss: 2.926979 | lrm: 1.00 | dt: 4100.82ms | tok/sec: 255,699 | bf16_mfu: 46.00 | epoch: 1 | total time: 116.48m | eta: 178.4m
step 01728/04357 (39.66%) | loss: 2.927553 | lrm: 1.00 | dt: 4088.51ms | tok/sec: 256,469 | bf16_mfu: 46.14 | epoch: 1 | total time: 116.55m | eta: 178.4m
step 01729/04357 (39.68%) | loss: 2.912631 | lrm: 1.00 | dt: 4087.14ms | tok/sec: 256,554 | bf16_mfu: 46.15 | epoch: 1 | total time: 116.62m | eta: 178.3m
step 01730/04357 (39.71%) | loss: 2.902727 | lrm: 1.00 | dt: 4080.30ms | tok/sec: 256,985 | bf16_mfu: 46.23 | epoch: 1 | total time: 116.69m | eta: 178.2m
step 01731/04357 (39.73%) | loss: 2.901787 | lrm: 1.00 | dt: 4073.33ms | tok/sec: 257,424 | bf16_mfu: 46.31 | epoch: 1 | total time: 116.76m | eta: 178.2m
step 01732/04357 (39.75%) | loss: 2.918934 | lrm: 1.00 | dt: 4066.39ms | tok/sec: 257,864 | bf16_mfu: 46.39 | epoch: 1 | total time: 116.82m | eta: 178.1m
step 01733/04357 (39.78%) | loss: 2.910851 | lrm: 1.00 | dt: 4062.36ms | tok/sec: 258,120 | bf16_mfu: 46.43 | epoch: 1 | total time: 116.89m | eta: 178.0m
step 01734/04357 (39.80%) | loss: 2.907923 | lrm: 1.00 | dt: 4053.99ms | tok/sec: 258,652 | bf16_mfu: 46.53 | epoch: 1 | total time: 116.96m | eta: 177.9m
step 01735/04357 (39.82%) | loss: 2.902444 | lrm: 1.00 | dt: 4063.03ms | tok/sec: 258,077 | bf16_mfu: 46.43 | epoch: 1 | total time: 117.03m | eta: 177.9m
step 01736/04357 (39.84%) | loss: 2.914167 | lrm: 1.00 | dt: 4069.24ms | tok/sec: 257,683 | bf16_mfu: 46.36 | epoch: 1 | total time: 117.09m | eta: 177.8m
step 01737/04357 (39.87%) | loss: 2.919577 | lrm: 1.00 | dt: 4066.63ms | tok/sec: 257,848 | bf16_mfu: 46.38 | epoch: 1 | total time: 117.16m | eta: 177.7m
step 01738/04357 (39.89%) | loss: 2.917334 | lrm: 1.00 | dt: 4046.72ms | tok/sec: 259,117 | bf16_mfu: 46.61 | epoch: 1 | total time: 117.23m | eta: 177.7m
step 01739/04357 (39.91%) | loss: 2.913400 | lrm: 1.00 | dt: 4062.25ms | tok/sec: 258,127 | bf16_mfu: 46.43 | epoch: 1 | total time: 117.30m | eta: 177.6m
step 01740/04357 (39.94%) | loss: 2.896766 | lrm: 1.00 | dt: 4050.42ms | tok/sec: 258,881 | bf16_mfu: 46.57 | epoch: 1 | total time: 117.36m | eta: 177.5m
step 01741/04357 (39.96%) | loss: 2.903519 | lrm: 1.00 | dt: 4073.00ms | tok/sec: 257,445 | bf16_mfu: 46.31 | epoch: 1 | total time: 117.43m | eta: 177.5m
step 01742/04357 (39.98%) | loss: 2.919057 | lrm: 1.00 | dt: 4069.85ms | tok/sec: 257,645 | bf16_mfu: 46.35 | epoch: 1 | total time: 117.50m | eta: 177.4m
step 01743/04357 (40.00%) | loss: 2.916959 | lrm: 1.00 | dt: 4066.02ms | tok/sec: 257,887 | bf16_mfu: 46.39 | epoch: 1 | total time: 117.57m | eta: 177.3m
step 01744/04357 (40.03%) | loss: 2.924195 | lrm: 1.00 | dt: 4070.19ms | tok/sec: 257,623 | bf16_mfu: 46.34 | epoch: 1 | total time: 117.64m | eta: 177.3m
step 01745/04357 (40.05%) | loss: 2.935832 | lrm: 1.00 | dt: 4065.38ms | tok/sec: 257,928 | bf16_mfu: 46.40 | epoch: 1 | total time: 117.70m | eta: 177.2m
step 01746/04357 (40.07%) | loss: 2.928862 | lrm: 1.00 | dt: 4053.35ms | tok/sec: 258,693 | bf16_mfu: 46.54 | epoch: 1 | total time: 117.77m | eta: 177.1m
step 01747/04357 (40.10%) | loss: 2.938670 | lrm: 1.00 | dt: 4069.15ms | tok/sec: 257,689 | bf16_mfu: 46.36 | epoch: 1 | total time: 117.84m | eta: 177.1m
step 01748/04357 (40.12%) | loss: 2.930623 | lrm: 1.00 | dt: 4066.93ms | tok/sec: 257,830 | bf16_mfu: 46.38 | epoch: 1 | total time: 117.91m | eta: 177.0m
step 01749/04357 (40.14%) | loss: 2.927046 | lrm: 1.00 | dt: 4043.59ms | tok/sec: 259,318 | bf16_mfu: 46.65 | epoch: 1 | total time: 117.97m | eta: 176.9m
Step 01750 | Validation bpb: 0.890643
step 01750/04357 (40.17%) | loss: 2.913933 | lrm: 1.00 | dt: 4072.58ms | tok/sec: 257,472 | bf16_mfu: 46.32 | epoch: 1 | total time: 118.04m | eta: 176.9m
step 01751/04357 (40.19%) | loss: 2.913889 | lrm: 1.00 | dt: 4061.84ms | tok/sec: 258,153 | bf16_mfu: 46.44 | epoch: 1 | total time: 118.11m | eta: 176.8m
step 01752/04357 (40.21%) | loss: 2.920065 | lrm: 1.00 | dt: 4066.95ms | tok/sec: 257,828 | bf16_mfu: 46.38 | epoch: 1 | total time: 118.18m | eta: 176.7m
step 01753/04357 (40.23%) | loss: 2.923406 | lrm: 1.00 | dt: 4064.00ms | tok/sec: 258,015 | bf16_mfu: 46.41 | epoch: 1 | total time: 118.24m | eta: 176.7m
step 01754/04357 (40.26%) | loss: 2.938025 | lrm: 1.00 | dt: 4064.32ms | tok/sec: 257,995 | bf16_mfu: 46.41 | epoch: 1 | total time: 118.31m | eta: 176.6m
step 01755/04357 (40.28%) | loss: 2.946055 | lrm: 1.00 | dt: 4061.97ms | tok/sec: 258,144 | bf16_mfu: 46.44 | epoch: 1 | total time: 118.38m | eta: 176.5m
step 01756/04357 (40.30%) | loss: 2.940658 | lrm: 1.00 | dt: 4069.53ms | tok/sec: 257,665 | bf16_mfu: 46.35 | epoch: 1 | total time: 118.45m | eta: 176.5m
step 01757/04357 (40.33%) | loss: 2.946548 | lrm: 1.00 | dt: 4071.84ms | tok/sec: 257,519 | bf16_mfu: 46.33 | epoch: 1 | total time: 118.52m | eta: 176.4m
step 01758/04357 (40.35%) | loss: 2.936806 | lrm: 1.00 | dt: 4076.21ms | tok/sec: 257,243 | bf16_mfu: 46.28 | epoch: 1 | total time: 118.58m | eta: 176.3m
step 01759/04357 (40.37%) | loss: 2.935489 | lrm: 1.00 | dt: 4048.25ms | tok/sec: 259,019 | bf16_mfu: 46.60 | epoch: 1 | total time: 118.65m | eta: 176.2m
step 01760/04357 (40.39%) | loss: 2.929062 | lrm: 1.00 | dt: 4055.62ms | tok/sec: 258,549 | bf16_mfu: 46.51 | epoch: 1 | total time: 118.72m | eta: 176.2m
step 01761/04357 (40.42%) | loss: 2.936388 | lrm: 1.00 | dt: 4070.92ms | tok/sec: 257,576 | bf16_mfu: 46.34 | epoch: 1 | total time: 118.79m | eta: 176.1m
step 01762/04357 (40.44%) | loss: 2.943060 | lrm: 1.00 | dt: 4064.49ms | tok/sec: 257,984 | bf16_mfu: 46.41 | epoch: 1 | total time: 118.85m | eta: 176.0m
step 01763/04357 (40.46%) | loss: 2.948156 | lrm: 1.00 | dt: 4061.44ms | tok/sec: 258,178 | bf16_mfu: 46.44 | epoch: 1 | total time: 118.92m | eta: 176.0m
step 01764/04357 (40.49%) | loss: 2.947090 | lrm: 1.00 | dt: 4041.74ms | tok/sec: 259,436 | bf16_mfu: 46.67 | epoch: 1 | total time: 118.99m | eta: 175.9m
step 01765/04357 (40.51%) | loss: 2.942758 | lrm: 1.00 | dt: 4059.97ms | tok/sec: 258,271 | bf16_mfu: 46.46 | epoch: 1 | total time: 119.06m | eta: 175.8m
step 01766/04357 (40.53%) | loss: 2.934906 | lrm: 1.00 | dt: 4060.05ms | tok/sec: 258,266 | bf16_mfu: 46.46 | epoch: 1 | total time: 119.13m | eta: 175.8m
step 01767/04357 (40.56%) | loss: 2.937355 | lrm: 1.00 | dt: 4061.98ms | tok/sec: 258,143 | bf16_mfu: 46.44 | epoch: 1 | total time: 119.19m | eta: 175.7m
step 01768/04357 (40.58%) | loss: 2.938639 | lrm: 1.00 | dt: 4060.37ms | tok/sec: 258,246 | bf16_mfu: 46.46 | epoch: 1 | total time: 119.26m | eta: 175.6m
step 01769/04357 (40.60%) | loss: 2.935775 | lrm: 1.00 | dt: 4068.67ms | tok/sec: 257,719 | bf16_mfu: 46.36 | epoch: 1 | total time: 119.33m | eta: 175.6m
step 01770/04357 (40.62%) | loss: 2.940110 | lrm: 1.00 | dt: 4072.18ms | tok/sec: 257,497 | bf16_mfu: 46.32 | epoch: 1 | total time: 119.40m | eta: 175.5m
step 01771/04357 (40.65%) | loss: 2.927018 | lrm: 1.00 | dt: 4062.58ms | tok/sec: 258,105 | bf16_mfu: 46.43 | epoch: 1 | total time: 119.46m | eta: 175.4m
step 01772/04357 (40.67%) | loss: 2.928314 | lrm: 1.00 | dt: 4062.17ms | tok/sec: 258,131 | bf16_mfu: 46.44 | epoch: 1 | total time: 119.53m | eta: 175.4m
step 01773/04357 (40.69%) | loss: 2.929194 | lrm: 1.00 | dt: 4063.06ms | tok/sec: 258,075 | bf16_mfu: 46.43 | epoch: 1 | total time: 119.60m | eta: 175.3m
step 01774/04357 (40.72%) | loss: 2.940006 | lrm: 1.00 | dt: 4064.93ms | tok/sec: 257,956 | bf16_mfu: 46.40 | epoch: 1 | total time: 119.67m | eta: 175.2m
step 01775/04357 (40.74%) | loss: 2.948312 | lrm: 1.00 | dt: 4065.40ms | tok/sec: 257,926 | bf16_mfu: 46.40 | epoch: 1 | total time: 119.73m | eta: 175.2m
step 01776/04357 (40.76%) | loss: 2.951416 | lrm: 1.00 | dt: 4054.91ms | tok/sec: 258,593 | bf16_mfu: 46.52 | epoch: 1 | total time: 119.80m | eta: 175.1m
step 01777/04357 (40.78%) | loss: 2.949652 | lrm: 1.00 | dt: 4070.37ms | tok/sec: 257,612 | bf16_mfu: 46.34 | epoch: 1 | total time: 119.87m | eta: 175.0m
step 01778/04357 (40.81%) | loss: 2.955184 | lrm: 1.00 | dt: 4062.27ms | tok/sec: 258,125 | bf16_mfu: 46.43 | epoch: 1 | total time: 119.94m | eta: 175.0m
step 01779/04357 (40.83%) | loss: 2.945546 | lrm: 1.00 | dt: 4076.78ms | tok/sec: 257,206 | bf16_mfu: 46.27 | epoch: 1 | total time: 120.01m | eta: 174.9m
step 01780/04357 (40.85%) | loss: 2.948962 | lrm: 1.00 | dt: 4059.44ms | tok/sec: 258,305 | bf16_mfu: 46.47 | epoch: 1 | total time: 120.07m | eta: 174.8m
step 01781/04357 (40.88%) | loss: 2.930348 | lrm: 1.00 | dt: 4071.29ms | tok/sec: 257,553 | bf16_mfu: 46.33 | epoch: 1 | total time: 120.14m | eta: 174.8m
step 01782/04357 (40.90%) | loss: 2.904847 | lrm: 1.00 | dt: 4056.71ms | tok/sec: 258,479 | bf16_mfu: 46.50 | epoch: 1 | total time: 120.21m | eta: 174.7m
step 01783/04357 (40.92%) | loss: 2.919063 | lrm: 1.00 | dt: 4067.93ms | tok/sec: 257,766 | bf16_mfu: 46.37 | epoch: 1 | total time: 120.28m | eta: 174.6m
step 01784/04357 (40.95%) | loss: 2.921999 | lrm: 1.00 | dt: 4061.93ms | tok/sec: 258,147 | bf16_mfu: 46.44 | epoch: 1 | total time: 120.34m | eta: 174.5m
step 01785/04357 (40.97%) | loss: 2.916914 | lrm: 1.00 | dt: 4065.00ms | tok/sec: 257,952 | bf16_mfu: 46.40 | epoch: 1 | total time: 120.41m | eta: 174.5m
step 01786/04357 (40.99%) | loss: 2.912102 | lrm: 1.00 | dt: 4051.84ms | tok/sec: 258,790 | bf16_mfu: 46.55 | epoch: 1 | total time: 120.48m | eta: 174.4m
step 01787/04357 (41.01%) | loss: 2.917974 | lrm: 1.00 | dt: 4030.35ms | tok/sec: 260,170 | bf16_mfu: 46.80 | epoch: 1 | total time: 120.55m | eta: 174.3m
step 01788/04357 (41.04%) | loss: 2.916761 | lrm: 1.00 | dt: 4061.22ms | tok/sec: 258,192 | bf16_mfu: 46.45 | epoch: 1 | total time: 120.61m | eta: 174.3m
step 01789/04357 (41.06%) | loss: 2.918171 | lrm: 1.00 | dt: 4063.26ms | tok/sec: 258,062 | bf16_mfu: 46.42 | epoch: 1 | total time: 120.68m | eta: 174.2m
step 01790/04357 (41.08%) | loss: 2.929218 | lrm: 1.00 | dt: 4049.48ms | tok/sec: 258,940 | bf16_mfu: 46.58 | epoch: 1 | total time: 120.75m | eta: 174.1m
step 01791/04357 (41.11%) | loss: 2.927267 | lrm: 1.00 | dt: 4043.22ms | tok/sec: 259,342 | bf16_mfu: 46.65 | epoch: 1 | total time: 120.82m | eta: 174.1m
step 01792/04357 (41.13%) | loss: 2.920609 | lrm: 1.00 | dt: 4065.42ms | tok/sec: 257,925 | bf16_mfu: 46.40 | epoch: 1 | total time: 120.88m | eta: 174.0m
step 01793/04357 (41.15%) | loss: 2.932229 | lrm: 1.00 | dt: 4055.57ms | tok/sec: 258,552 | bf16_mfu: 46.51 | epoch: 1 | total time: 120.95m | eta: 173.9m
step 01794/04357 (41.18%) | loss: 2.935369 | lrm: 1.00 | dt: 4053.95ms | tok/sec: 258,655 | bf16_mfu: 46.53 | epoch: 1 | total time: 121.02m | eta: 173.9m
step 01795/04357 (41.20%) | loss: 2.939614 | lrm: 1.00 | dt: 4062.54ms | tok/sec: 258,108 | bf16_mfu: 46.43 | epoch: 1 | total time: 121.09m | eta: 173.8m
step 01796/04357 (41.22%) | loss: 2.942070 | lrm: 1.00 | dt: 4065.80ms | tok/sec: 257,901 | bf16_mfu: 46.39 | epoch: 1 | total time: 121.16m | eta: 173.7m
step 01797/04357 (41.24%) | loss: 2.943259 | lrm: 1.00 | dt: 4073.77ms | tok/sec: 257,397 | bf16_mfu: 46.30 | epoch: 1 | total time: 121.22m | eta: 173.7m
step 01798/04357 (41.27%) | loss: 2.942673 | lrm: 1.00 | dt: 4076.73ms | tok/sec: 257,209 | bf16_mfu: 46.27 | epoch: 1 | total time: 121.29m | eta: 173.6m
step 01799/04357 (41.29%) | loss: 2.939570 | lrm: 1.00 | dt: 4080.20ms | tok/sec: 256,991 | bf16_mfu: 46.23 | epoch: 1 | total time: 121.36m | eta: 173.5m
step 01800/04357 (41.31%) | loss: 2.935463 | lrm: 1.00 | dt: 4078.25ms | tok/sec: 257,114 | bf16_mfu: 46.25 | epoch: 1 | total time: 121.43m | eta: 173.5m
step 01801/04357 (41.34%) | loss: 2.940963 | lrm: 1.00 | dt: 4082.06ms | tok/sec: 256,874 | bf16_mfu: 46.21 | epoch: 1 | total time: 121.50m | eta: 173.4m
step 01802/04357 (41.36%) | loss: 2.946313 | lrm: 1.00 | dt: 4075.70ms | tok/sec: 257,275 | bf16_mfu: 46.28 | epoch: 1 | total time: 121.56m | eta: 173.3m
step 01803/04357 (41.38%) | loss: 2.936917 | lrm: 1.00 | dt: 4093.52ms | tok/sec: 256,155 | bf16_mfu: 46.08 | epoch: 1 | total time: 121.63m | eta: 173.3m
step 01804/04357 (41.40%) | loss: 2.928530 | lrm: 1.00 | dt: 4086.64ms | tok/sec: 256,586 | bf16_mfu: 46.16 | epoch: 1 | total time: 121.70m | eta: 173.2m
step 01805/04357 (41.43%) | loss: 2.932370 | lrm: 1.00 | dt: 4088.94ms | tok/sec: 256,442 | bf16_mfu: 46.13 | epoch: 1 | total time: 121.77m | eta: 173.1m
step 01806/04357 (41.45%) | loss: 2.946931 | lrm: 1.00 | dt: 4080.91ms | tok/sec: 256,946 | bf16_mfu: 46.22 | epoch: 1 | total time: 121.84m | eta: 173.1m
step 01807/04357 (41.47%) | loss: 2.941742 | lrm: 1.00 | dt: 4069.13ms | tok/sec: 257,690 | bf16_mfu: 46.36 | epoch: 1 | total time: 121.90m | eta: 173.0m
step 01808/04357 (41.50%) | loss: 2.936546 | lrm: 1.00 | dt: 4088.79ms | tok/sec: 256,451 | bf16_mfu: 46.13 | epoch: 1 | total time: 121.97m | eta: 172.9m
step 01809/04357 (41.52%) | loss: 2.944140 | lrm: 1.00 | dt: 4073.26ms | tok/sec: 257,429 | bf16_mfu: 46.31 | epoch: 1 | total time: 122.04m | eta: 172.9m
step 01810/04357 (41.54%) | loss: 2.955651 | lrm: 1.00 | dt: 4084.63ms | tok/sec: 256,712 | bf16_mfu: 46.18 | epoch: 1 | total time: 122.11m | eta: 172.8m
step 01811/04357 (41.57%) | loss: 2.939131 | lrm: 1.00 | dt: 4087.01ms | tok/sec: 256,562 | bf16_mfu: 46.15 | epoch: 1 | total time: 122.18m | eta: 172.7m
step 01812/04357 (41.59%) | loss: 2.937983 | lrm: 1.00 | dt: 4094.26ms | tok/sec: 256,109 | bf16_mfu: 46.07 | epoch: 1 | total time: 122.24m | eta: 172.6m
step 01813/04357 (41.61%) | loss: 2.946259 | lrm: 1.00 | dt: 4084.94ms | tok/sec: 256,692 | bf16_mfu: 46.18 | epoch: 1 | total time: 122.31m | eta: 172.6m
step 01814/04357 (41.63%) | loss: 2.953644 | lrm: 1.00 | dt: 4086.16ms | tok/sec: 256,616 | bf16_mfu: 46.16 | epoch: 1 | total time: 122.38m | eta: 172.5m
step 01815/04357 (41.66%) | loss: 2.956963 | lrm: 1.00 | dt: 4086.06ms | tok/sec: 256,622 | bf16_mfu: 46.16 | epoch: 1 | total time: 122.45m | eta: 172.4m
step 01816/04357 (41.68%) | loss: 2.952887 | lrm: 1.00 | dt: 4068.62ms | tok/sec: 257,722 | bf16_mfu: 46.36 | epoch: 1 | total time: 122.52m | eta: 172.4m
step 01817/04357 (41.70%) | loss: 2.955010 | lrm: 1.00 | dt: 4086.66ms | tok/sec: 256,585 | bf16_mfu: 46.16 | epoch: 1 | total time: 122.58m | eta: 172.3m
step 01818/04357 (41.73%) | loss: 2.943129 | lrm: 1.00 | dt: 4069.91ms | tok/sec: 257,641 | bf16_mfu: 46.35 | epoch: 1 | total time: 122.65m | eta: 172.2m
step 01819/04357 (41.75%) | loss: 2.952356 | lrm: 1.00 | dt: 4081.61ms | tok/sec: 256,902 | bf16_mfu: 46.21 | epoch: 1 | total time: 122.72m | eta: 172.2m
step 01820/04357 (41.77%) | loss: 2.962591 | lrm: 1.00 | dt: 4069.16ms | tok/sec: 257,688 | bf16_mfu: 46.36 | epoch: 1 | total time: 122.79m | eta: 172.1m
step 01821/04357 (41.79%) | loss: 2.972272 | lrm: 1.00 | dt: 4081.54ms | tok/sec: 256,906 | bf16_mfu: 46.22 | epoch: 1 | total time: 122.86m | eta: 172.0m
step 01822/04357 (41.82%) | loss: 2.964572 | lrm: 1.00 | dt: 4070.31ms | tok/sec: 257,616 | bf16_mfu: 46.34 | epoch: 1 | total time: 122.92m | eta: 172.0m
step 01823/04357 (41.84%) | loss: 2.940631 | lrm: 1.00 | dt: 4084.99ms | tok/sec: 256,689 | bf16_mfu: 46.18 | epoch: 1 | total time: 122.99m | eta: 171.9m
step 01824/04357 (41.86%) | loss: 2.940293 | lrm: 1.00 | dt: 4088.51ms | tok/sec: 256,469 | bf16_mfu: 46.14 | epoch: 1 | total time: 123.06m | eta: 171.8m
step 01825/04357 (41.89%) | loss: 2.940349 | lrm: 1.00 | dt: 4090.26ms | tok/sec: 256,358 | bf16_mfu: 46.12 | epoch: 1 | total time: 123.13m | eta: 171.8m
step 01826/04357 (41.91%) | loss: 2.942454 | lrm: 1.00 | dt: 4086.63ms | tok/sec: 256,587 | bf16_mfu: 46.16 | epoch: 1 | total time: 123.20m | eta: 171.7m
step 01827/04357 (41.93%) | loss: 2.949498 | lrm: 1.00 | dt: 4077.18ms | tok/sec: 257,181 | bf16_mfu: 46.26 | epoch: 1 | total time: 123.26m | eta: 171.6m
step 01828/04357 (41.96%) | loss: 2.952357 | lrm: 1.00 | dt: 4079.74ms | tok/sec: 257,020 | bf16_mfu: 46.24 | epoch: 1 | total time: 123.33m | eta: 171.6m
step 01829/04357 (41.98%) | loss: 2.945181 | lrm: 1.00 | dt: 4093.52ms | tok/sec: 256,155 | bf16_mfu: 46.08 | epoch: 1 | total time: 123.40m | eta: 171.5m
step 01830/04357 (42.00%) | loss: 2.933271 | lrm: 1.00 | dt: 4034.54ms | tok/sec: 259,899 | bf16_mfu: 46.75 | epoch: 1 | total time: 123.47m | eta: 171.4m
step 01831/04357 (42.02%) | loss: 2.932958 | lrm: 1.00 | dt: 4050.36ms | tok/sec: 258,884 | bf16_mfu: 46.57 | epoch: 1 | total time: 123.54m | eta: 171.4m
step 01832/04357 (42.05%) | loss: 2.942131 | lrm: 1.00 | dt: 4056.43ms | tok/sec: 258,497 | bf16_mfu: 46.50 | epoch: 1 | total time: 123.60m | eta: 171.3m
step 01833/04357 (42.07%) | loss: 2.943554 | lrm: 1.00 | dt: 4073.24ms | tok/sec: 257,430 | bf16_mfu: 46.31 | epoch: 1 | total time: 123.67m | eta: 171.2m
step 01834/04357 (42.09%) | loss: 2.942610 | lrm: 1.00 | dt: 4081.15ms | tok/sec: 256,931 | bf16_mfu: 46.22 | epoch: 1 | total time: 123.74m | eta: 171.2m
step 01835/04357 (42.12%) | loss: 2.936973 | lrm: 1.00 | dt: 4076.53ms | tok/sec: 257,222 | bf16_mfu: 46.27 | epoch: 1 | total time: 123.81m | eta: 171.1m
step 01836/04357 (42.14%) | loss: 2.944876 | lrm: 1.00 | dt: 4083.79ms | tok/sec: 256,765 | bf16_mfu: 46.19 | epoch: 1 | total time: 123.87m | eta: 171.0m
step 01837/04357 (42.16%) | loss: 2.926414 | lrm: 1.00 | dt: 4081.35ms | tok/sec: 256,919 | bf16_mfu: 46.22 | epoch: 1 | total time: 123.94m | eta: 171.0m
step 01838/04357 (42.18%) | loss: 2.932182 | lrm: 1.00 | dt: 4077.57ms | tok/sec: 257,157 | bf16_mfu: 46.26 | epoch: 1 | total time: 124.01m | eta: 170.9m
step 01839/04357 (42.21%) | loss: 2.929120 | lrm: 1.00 | dt: 4048.04ms | tok/sec: 259,032 | bf16_mfu: 46.60 | epoch: 1 | total time: 124.08m | eta: 170.8m
step 01840/04357 (42.23%) | loss: 2.935220 | lrm: 1.00 | dt: 4086.75ms | tok/sec: 256,579 | bf16_mfu: 46.16 | epoch: 1 | total time: 124.15m | eta: 170.8m
step 01841/04357 (42.25%) | loss: 2.940518 | lrm: 1.00 | dt: 4085.34ms | tok/sec: 256,668 | bf16_mfu: 46.17 | epoch: 1 | total time: 124.21m | eta: 170.7m
step 01842/04357 (42.28%) | loss: 2.946368 | lrm: 1.00 | dt: 4081.55ms | tok/sec: 256,906 | bf16_mfu: 46.22 | epoch: 1 | total time: 124.28m | eta: 170.6m
step 01843/04357 (42.30%) | loss: 2.947078 | lrm: 1.00 | dt: 4072.42ms | tok/sec: 257,482 | bf16_mfu: 46.32 | epoch: 1 | total time: 124.35m | eta: 170.5m
step 01844/04357 (42.32%) | loss: 2.956227 | lrm: 1.00 | dt: 4091.20ms | tok/sec: 256,300 | bf16_mfu: 46.11 | epoch: 1 | total time: 124.42m | eta: 170.5m
step 01845/04357 (42.35%) | loss: 2.958431 | lrm: 1.00 | dt: 4087.31ms | tok/sec: 256,544 | bf16_mfu: 46.15 | epoch: 1 | total time: 124.49m | eta: 170.4m
step 01846/04357 (42.37%) | loss: 2.961068 | lrm: 1.00 | dt: 4079.74ms | tok/sec: 257,020 | bf16_mfu: 46.24 | epoch: 1 | total time: 124.55m | eta: 170.3m
step 01847/04357 (42.39%) | loss: 2.955508 | lrm: 1.00 | dt: 4070.64ms | tok/sec: 257,594 | bf16_mfu: 46.34 | epoch: 1 | total time: 124.62m | eta: 170.3m
step 01848/04357 (42.41%) | loss: 2.935495 | lrm: 1.00 | dt: 4080.21ms | tok/sec: 256,990 | bf16_mfu: 46.23 | epoch: 1 | total time: 124.69m | eta: 170.2m
step 01849/04357 (42.44%) | loss: 2.937922 | lrm: 1.00 | dt: 4060.86ms | tok/sec: 258,214 | bf16_mfu: 46.45 | epoch: 1 | total time: 124.76m | eta: 170.1m
step 01850/04357 (42.46%) | loss: 2.933747 | lrm: 1.00 | dt: 4079.88ms | tok/sec: 257,011 | bf16_mfu: 46.23 | epoch: 1 | total time: 124.83m | eta: 170.1m
step 01851/04357 (42.48%) | loss: 2.940278 | lrm: 1.00 | dt: 4071.15ms | tok/sec: 257,562 | bf16_mfu: 46.33 | epoch: 1 | total time: 124.89m | eta: 170.0m
step 01852/04357 (42.51%) | loss: 2.926134 | lrm: 1.00 | dt: 4091.45ms | tok/sec: 256,284 | bf16_mfu: 46.10 | epoch: 1 | total time: 124.96m | eta: 169.9m
step 01853/04357 (42.53%) | loss: 2.909595 | lrm: 1.00 | dt: 4078.95ms | tok/sec: 257,070 | bf16_mfu: 46.24 | epoch: 1 | total time: 125.03m | eta: 169.9m
step 01854/04357 (42.55%) | loss: 2.894897 | lrm: 1.00 | dt: 4071.08ms | tok/sec: 257,567 | bf16_mfu: 46.33 | epoch: 1 | total time: 125.10m | eta: 169.8m
step 01855/04357 (42.58%) | loss: 2.886555 | lrm: 1.00 | dt: 4068.92ms | tok/sec: 257,703 | bf16_mfu: 46.36 | epoch: 1 | total time: 125.17m | eta: 169.7m
step 01856/04357 (42.60%) | loss: 2.897543 | lrm: 1.00 | dt: 4079.10ms | tok/sec: 257,060 | bf16_mfu: 46.24 | epoch: 1 | total time: 125.23m | eta: 169.7m
step 01857/04357 (42.62%) | loss: 2.900683 | lrm: 1.00 | dt: 4070.38ms | tok/sec: 257,611 | bf16_mfu: 46.34 | epoch: 1 | total time: 125.30m | eta: 169.6m
step 01858/04357 (42.64%) | loss: 2.920106 | lrm: 1.00 | dt: 4064.12ms | tok/sec: 258,007 | bf16_mfu: 46.41 | epoch: 1 | total time: 125.37m | eta: 169.5m
step 01859/04357 (42.67%) | loss: 2.911494 | lrm: 1.00 | dt: 4079.58ms | tok/sec: 257,030 | bf16_mfu: 46.24 | epoch: 1 | total time: 125.44m | eta: 169.5m
step 01860/04357 (42.69%) | loss: 2.915658 | lrm: 1.00 | dt: 4080.18ms | tok/sec: 256,992 | bf16_mfu: 46.23 | epoch: 1 | total time: 125.51m | eta: 169.4m
step 01861/04357 (42.71%) | loss: 2.917661 | lrm: 1.00 | dt: 4067.69ms | tok/sec: 257,781 | bf16_mfu: 46.37 | epoch: 1 | total time: 125.57m | eta: 169.3m
step 01862/04357 (42.74%) | loss: 2.929252 | lrm: 1.00 | dt: 4076.04ms | tok/sec: 257,253 | bf16_mfu: 46.28 | epoch: 1 | total time: 125.64m | eta: 169.3m
step 01863/04357 (42.76%) | loss: 2.929885 | lrm: 1.00 | dt: 4074.45ms | tok/sec: 257,353 | bf16_mfu: 46.30 | epoch: 1 | total time: 125.71m | eta: 169.2m
step 01864/04357 (42.78%) | loss: 2.924470 | lrm: 1.00 | dt: 4070.91ms | tok/sec: 257,577 | bf16_mfu: 46.34 | epoch: 1 | total time: 125.78m | eta: 169.1m
step 01865/04357 (42.80%) | loss: 2.930987 | lrm: 1.00 | dt: 4077.06ms | tok/sec: 257,189 | bf16_mfu: 46.27 | epoch: 1 | total time: 125.84m | eta: 169.1m
step 01866/04357 (42.83%) | loss: 2.932632 | lrm: 1.00 | dt: 4081.63ms | tok/sec: 256,901 | bf16_mfu: 46.21 | epoch: 1 | total time: 125.91m | eta: 169.0m
step 01867/04357 (42.85%) | loss: 2.932060 | lrm: 1.00 | dt: 4071.63ms | tok/sec: 257,532 | bf16_mfu: 46.33 | epoch: 1 | total time: 125.98m | eta: 168.9m
step 01868/04357 (42.87%) | loss: 2.939222 | lrm: 1.00 | dt: 4075.32ms | tok/sec: 257,299 | bf16_mfu: 46.29 | epoch: 1 | total time: 126.05m | eta: 168.9m
step 01869/04357 (42.90%) | loss: 2.936591 | lrm: 1.00 | dt: 4068.72ms | tok/sec: 257,716 | bf16_mfu: 46.36 | epoch: 1 | total time: 126.12m | eta: 168.8m
step 01870/04357 (42.92%) | loss: 2.934281 | lrm: 1.00 | dt: 4086.47ms | tok/sec: 256,597 | bf16_mfu: 46.16 | epoch: 1 | total time: 126.18m | eta: 168.7m
step 01871/04357 (42.94%) | loss: 2.937146 | lrm: 1.00 | dt: 4077.31ms | tok/sec: 257,173 | bf16_mfu: 46.26 | epoch: 1 | total time: 126.25m | eta: 168.7m
step 01872/04357 (42.97%) | loss: 2.933831 | lrm: 1.00 | dt: 4078.28ms | tok/sec: 257,112 | bf16_mfu: 46.25 | epoch: 1 | total time: 126.32m | eta: 168.6m
step 01873/04357 (42.99%) | loss: 2.928789 | lrm: 1.00 | dt: 4073.02ms | tok/sec: 257,444 | bf16_mfu: 46.31 | epoch: 1 | total time: 126.39m | eta: 168.5m
step 01874/04357 (43.01%) | loss: 2.917707 | lrm: 1.00 | dt: 4083.33ms | tok/sec: 256,794 | bf16_mfu: 46.20 | epoch: 1 | total time: 126.46m | eta: 168.5m
step 01875/04357 (43.03%) | loss: 2.911667 | lrm: 1.00 | dt: 4084.03ms | tok/sec: 256,750 | bf16_mfu: 46.19 | epoch: 1 | total time: 126.52m | eta: 168.4m
step 01876/04357 (43.06%) | loss: 2.927448 | lrm: 1.00 | dt: 4070.90ms | tok/sec: 257,578 | bf16_mfu: 46.34 | epoch: 1 | total time: 126.59m | eta: 168.3m
step 01877/04357 (43.08%) | loss: 2.923802 | lrm: 1.00 | dt: 4089.12ms | tok/sec: 256,430 | bf16_mfu: 46.13 | epoch: 1 | total time: 126.66m | eta: 168.2m
step 01878/04357 (43.10%) | loss: 2.912944 | lrm: 1.00 | dt: 4089.79ms | tok/sec: 256,388 | bf16_mfu: 46.12 | epoch: 1 | total time: 126.73m | eta: 168.2m
step 01879/04357 (43.13%) | loss: 2.906602 | lrm: 1.00 | dt: 4089.02ms | tok/sec: 256,437 | bf16_mfu: 46.13 | epoch: 1 | total time: 126.80m | eta: 168.1m
step 01880/04357 (43.15%) | loss: 2.889240 | lrm: 1.00 | dt: 4074.12ms | tok/sec: 257,374 | bf16_mfu: 46.30 | epoch: 1 | total time: 126.86m | eta: 168.0m
step 01881/04357 (43.17%) | loss: 2.895867 | lrm: 1.00 | dt: 4085.72ms | tok/sec: 256,644 | bf16_mfu: 46.17 | epoch: 1 | total time: 126.93m | eta: 168.0m
step 01882/04357 (43.19%) | loss: 2.892319 | lrm: 1.00 | dt: 4070.31ms | tok/sec: 257,616 | bf16_mfu: 46.34 | epoch: 1 | total time: 127.00m | eta: 167.9m
step 01883/04357 (43.22%) | loss: 2.894099 | lrm: 1.00 | dt: 4065.84ms | tok/sec: 257,898 | bf16_mfu: 46.39 | epoch: 1 | total time: 127.07m | eta: 167.8m
step 01884/04357 (43.24%) | loss: 2.905470 | lrm: 1.00 | dt: 4079.20ms | tok/sec: 257,054 | bf16_mfu: 46.24 | epoch: 1 | total time: 127.14m | eta: 167.8m
step 01885/04357 (43.26%) | loss: 2.900547 | lrm: 1.00 | dt: 4074.18ms | tok/sec: 257,371 | bf16_mfu: 46.30 | epoch: 1 | total time: 127.20m | eta: 167.7m
step 01886/04357 (43.29%) | loss: 2.903779 | lrm: 1.00 | dt: 4068.77ms | tok/sec: 257,713 | bf16_mfu: 46.36 | epoch: 1 | total time: 127.27m | eta: 167.6m
step 01887/04357 (43.31%) | loss: 2.894551 | lrm: 1.00 | dt: 4070.06ms | tok/sec: 257,631 | bf16_mfu: 46.35 | epoch: 1 | total time: 127.34m | eta: 167.6m
step 01888/04357 (43.33%) | loss: 2.903341 | lrm: 1.00 | dt: 4067.60ms | tok/sec: 257,787 | bf16_mfu: 46.37 | epoch: 1 | total time: 127.41m | eta: 167.5m
step 01889/04357 (43.36%) | loss: 2.897788 | lrm: 1.00 | dt: 4072.33ms | tok/sec: 257,488 | bf16_mfu: 46.32 | epoch: 1 | total time: 127.48m | eta: 167.4m
step 01890/04357 (43.38%) | loss: 2.885435 | lrm: 1.00 | dt: 4082.17ms | tok/sec: 256,867 | bf16_mfu: 46.21 | epoch: 1 | total time: 127.54m | eta: 167.4m
step 01891/04357 (43.40%) | loss: 2.894400 | lrm: 1.00 | dt: 4067.08ms | tok/sec: 257,820 | bf16_mfu: 46.38 | epoch: 1 | total time: 127.61m | eta: 167.3m
step 01892/04357 (43.42%) | loss: 2.900811 | lrm: 1.00 | dt: 4067.13ms | tok/sec: 257,817 | bf16_mfu: 46.38 | epoch: 1 | total time: 127.68m | eta: 167.2m
step 01893/04357 (43.45%) | loss: 2.909755 | lrm: 1.00 | dt: 4070.52ms | tok/sec: 257,602 | bf16_mfu: 46.34 | epoch: 1 | total time: 127.75m | eta: 167.2m
step 01894/04357 (43.47%) | loss: 2.904786 | lrm: 1.00 | dt: 4078.42ms | tok/sec: 257,103 | bf16_mfu: 46.25 | epoch: 1 | total time: 127.82m | eta: 167.1m
step 01895/04357 (43.49%) | loss: 2.905703 | lrm: 1.00 | dt: 4074.15ms | tok/sec: 257,372 | bf16_mfu: 46.30 | epoch: 1 | total time: 127.88m | eta: 167.0m
step 01896/04357 (43.52%) | loss: 2.894548 | lrm: 1.00 | dt: 4076.86ms | tok/sec: 257,202 | bf16_mfu: 46.27 | epoch: 1 | total time: 127.95m | eta: 167.0m
step 01897/04357 (43.54%) | loss: 2.902056 | lrm: 1.00 | dt: 4084.32ms | tok/sec: 256,732 | bf16_mfu: 46.18 | epoch: 1 | total time: 128.02m | eta: 166.9m
step 01898/04357 (43.56%) | loss: 2.897299 | lrm: 1.00 | dt: 4074.78ms | tok/sec: 257,333 | bf16_mfu: 46.29 | epoch: 1 | total time: 128.09m | eta: 166.8m
step 01899/04357 (43.59%) | loss: 2.905992 | lrm: 1.00 | dt: 4083.35ms | tok/sec: 256,793 | bf16_mfu: 46.19 | epoch: 1 | total time: 128.16m | eta: 166.8m
step 01900/04357 (43.61%) | loss: 2.904069 | lrm: 1.00 | dt: 4082.30ms | tok/sec: 256,859 | bf16_mfu: 46.21 | epoch: 1 | total time: 128.22m | eta: 166.7m
step 01901/04357 (43.63%) | loss: 2.891325 | lrm: 1.00 | dt: 4084.12ms | tok/sec: 256,744 | bf16_mfu: 46.19 | epoch: 1 | total time: 128.29m | eta: 166.6m
step 01902/04357 (43.65%) | loss: 2.895402 | lrm: 1.00 | dt: 4080.91ms | tok/sec: 256,946 | bf16_mfu: 46.22 | epoch: 1 | total time: 128.36m | eta: 166.6m
step 01903/04357 (43.68%) | loss: 2.897287 | lrm: 1.00 | dt: 4061.19ms | tok/sec: 258,194 | bf16_mfu: 46.45 | epoch: 1 | total time: 128.43m | eta: 166.5m
step 01904/04357 (43.70%) | loss: 2.901995 | lrm: 1.00 | dt: 4082.65ms | tok/sec: 256,837 | bf16_mfu: 46.20 | epoch: 1 | total time: 128.49m | eta: 166.4m
step 01905/04357 (43.72%) | loss: 2.909690 | lrm: 1.00 | dt: 4078.93ms | tok/sec: 257,071 | bf16_mfu: 46.25 | epoch: 1 | total time: 128.56m | eta: 166.4m
step 01906/04357 (43.75%) | loss: 2.922567 | lrm: 1.00 | dt: 4078.50ms | tok/sec: 257,098 | bf16_mfu: 46.25 | epoch: 1 | total time: 128.63m | eta: 166.3m
step 01907/04357 (43.77%) | loss: 2.912934 | lrm: 1.00 | dt: 4079.73ms | tok/sec: 257,020 | bf16_mfu: 46.24 | epoch: 1 | total time: 128.70m | eta: 166.2m
step 01908/04357 (43.79%) | loss: 2.899259 | lrm: 1.00 | dt: 4073.68ms | tok/sec: 257,402 | bf16_mfu: 46.30 | epoch: 1 | total time: 128.77m | eta: 166.1m
step 01909/04357 (43.81%) | loss: 2.895656 | lrm: 1.00 | dt: 4089.20ms | tok/sec: 256,425 | bf16_mfu: 46.13 | epoch: 1 | total time: 128.83m | eta: 166.1m
step 01910/04357 (43.84%) | loss: 2.898477 | lrm: 1.00 | dt: 4074.24ms | tok/sec: 257,367 | bf16_mfu: 46.30 | epoch: 1 | total time: 128.90m | eta: 166.0m
step 01911/04357 (43.86%) | loss: 2.898574 | lrm: 1.00 | dt: 4078.30ms | tok/sec: 257,111 | bf16_mfu: 46.25 | epoch: 1 | total time: 128.97m | eta: 165.9m
step 01912/04357 (43.88%) | loss: 2.901164 | lrm: 1.00 | dt: 4064.99ms | tok/sec: 257,952 | bf16_mfu: 46.40 | epoch: 1 | total time: 129.04m | eta: 165.9m
step 01913/04357 (43.91%) | loss: 2.898153 | lrm: 1.00 | dt: 4071.03ms | tok/sec: 257,570 | bf16_mfu: 46.33 | epoch: 1 | total time: 129.11m | eta: 165.8m
step 01914/04357 (43.93%) | loss: 2.916246 | lrm: 1.00 | dt: 4077.93ms | tok/sec: 257,134 | bf16_mfu: 46.26 | epoch: 1 | total time: 129.17m | eta: 165.7m
step 01915/04357 (43.95%) | loss: 2.941523 | lrm: 1.00 | dt: 4084.31ms | tok/sec: 256,732 | bf16_mfu: 46.18 | epoch: 1 | total time: 129.24m | eta: 165.7m
step 01916/04357 (43.98%) | loss: 2.944659 | lrm: 1.00 | dt: 4073.53ms | tok/sec: 257,411 | bf16_mfu: 46.31 | epoch: 1 | total time: 129.31m | eta: 165.6m
step 01917/04357 (44.00%) | loss: 2.944169 | lrm: 1.00 | dt: 4078.78ms | tok/sec: 257,080 | bf16_mfu: 46.25 | epoch: 1 | total time: 129.38m | eta: 165.5m
step 01918/04357 (44.02%) | loss: 2.938076 | lrm: 1.00 | dt: 4088.44ms | tok/sec: 256,473 | bf16_mfu: 46.14 | epoch: 1 | total time: 129.45m | eta: 165.5m
step 01919/04357 (44.04%) | loss: 2.935648 | lrm: 1.00 | dt: 4069.65ms | tok/sec: 257,657 | bf16_mfu: 46.35 | epoch: 1 | total time: 129.51m | eta: 165.4m
step 01920/04357 (44.07%) | loss: 2.926530 | lrm: 1.00 | dt: 4071.63ms | tok/sec: 257,532 | bf16_mfu: 46.33 | epoch: 1 | total time: 129.58m | eta: 165.3m
step 01921/04357 (44.09%) | loss: 2.934365 | lrm: 1.00 | dt: 4079.23ms | tok/sec: 257,052 | bf16_mfu: 46.24 | epoch: 1 | total time: 129.65m | eta: 165.3m
step 01922/04357 (44.11%) | loss: 2.932337 | lrm: 1.00 | dt: 4073.47ms | tok/sec: 257,415 | bf16_mfu: 46.31 | epoch: 1 | total time: 129.72m | eta: 165.2m
step 01923/04357 (44.14%) | loss: 2.946208 | lrm: 1.00 | dt: 4085.43ms | tok/sec: 256,662 | bf16_mfu: 46.17 | epoch: 1 | total time: 129.79m | eta: 165.1m
step 01924/04357 (44.16%) | loss: 2.948769 | lrm: 1.00 | dt: 4076.08ms | tok/sec: 257,250 | bf16_mfu: 46.28 | epoch: 1 | total time: 129.85m | eta: 165.1m
step 01925/04357 (44.18%) | loss: 2.938924 | lrm: 1.00 | dt: 4080.59ms | tok/sec: 256,966 | bf16_mfu: 46.23 | epoch: 1 | total time: 129.92m | eta: 165.0m
step 01926/04357 (44.20%) | loss: 2.943734 | lrm: 1.00 | dt: 4086.26ms | tok/sec: 256,610 | bf16_mfu: 46.16 | epoch: 1 | total time: 129.99m | eta: 164.9m
step 01927/04357 (44.23%) | loss: 2.936743 | lrm: 1.00 | dt: 4082.28ms | tok/sec: 256,860 | bf16_mfu: 46.21 | epoch: 1 | total time: 130.06m | eta: 164.9m
step 01928/04357 (44.25%) | loss: 2.928291 | lrm: 1.00 | dt: 4079.25ms | tok/sec: 257,050 | bf16_mfu: 46.24 | epoch: 1 | total time: 130.13m | eta: 164.8m
step 01929/04357 (44.27%) | loss: 2.925457 | lrm: 1.00 | dt: 4064.45ms | tok/sec: 257,987 | bf16_mfu: 46.41 | epoch: 1 | total time: 130.19m | eta: 164.7m
step 01930/04357 (44.30%) | loss: 2.921485 | lrm: 1.00 | dt: 4078.26ms | tok/sec: 257,113 | bf16_mfu: 46.25 | epoch: 1 | total time: 130.26m | eta: 164.7m
step 01931/04357 (44.32%) | loss: 2.932182 | lrm: 1.00 | dt: 4083.24ms | tok/sec: 256,799 | bf16_mfu: 46.20 | epoch: 1 | total time: 130.33m | eta: 164.6m
step 01932/04357 (44.34%) | loss: 2.930544 | lrm: 1.00 | dt: 4070.14ms | tok/sec: 257,626 | bf16_mfu: 46.34 | epoch: 1 | total time: 130.40m | eta: 164.5m
step 01933/04357 (44.37%) | loss: 2.936912 | lrm: 1.00 | dt: 4072.05ms | tok/sec: 257,505 | bf16_mfu: 46.32 | epoch: 1 | total time: 130.47m | eta: 164.5m
step 01934/04357 (44.39%) | loss: 2.936674 | lrm: 1.00 | dt: 4079.67ms | tok/sec: 257,025 | bf16_mfu: 46.24 | epoch: 1 | total time: 130.53m | eta: 164.4m
step 01935/04357 (44.41%) | loss: 2.934057 | lrm: 1.00 | dt: 4074.86ms | tok/sec: 257,327 | bf16_mfu: 46.29 | epoch: 1 | total time: 130.60m | eta: 164.3m
step 01936/04357 (44.43%) | loss: 2.950397 | lrm: 1.00 | dt: 4076.88ms | tok/sec: 257,200 | bf16_mfu: 46.27 | epoch: 1 | total time: 130.67m | eta: 164.3m
step 01937/04357 (44.46%) | loss: 2.953581 | lrm: 1.00 | dt: 4077.37ms | tok/sec: 257,169 | bf16_mfu: 46.26 | epoch: 1 | total time: 130.74m | eta: 164.2m
step 01938/04357 (44.48%) | loss: 2.936240 | lrm: 1.00 | dt: 4061.62ms | tok/sec: 258,166 | bf16_mfu: 46.44 | epoch: 1 | total time: 130.81m | eta: 164.1m
step 01939/04357 (44.50%) | loss: 2.963056 | lrm: 1.00 | dt: 4070.15ms | tok/sec: 257,625 | bf16_mfu: 46.34 | epoch: 1 | total time: 130.87m | eta: 164.0m
step 01940/04357 (44.53%) | loss: 2.957789 | lrm: 1.00 | dt: 4071.98ms | tok/sec: 257,509 | bf16_mfu: 46.32 | epoch: 1 | total time: 130.94m | eta: 164.0m
step 01941/04357 (44.55%) | loss: 2.944057 | lrm: 1.00 | dt: 4082.30ms | tok/sec: 256,859 | bf16_mfu: 46.21 | epoch: 1 | total time: 131.01m | eta: 163.9m
step 01942/04357 (44.57%) | loss: 2.946566 | lrm: 1.00 | dt: 4079.59ms | tok/sec: 257,029 | bf16_mfu: 46.24 | epoch: 1 | total time: 131.08m | eta: 163.8m
step 01943/04357 (44.59%) | loss: 2.932458 | lrm: 1.00 | dt: 4067.04ms | tok/sec: 257,823 | bf16_mfu: 46.38 | epoch: 1 | total time: 131.14m | eta: 163.8m
step 01944/04357 (44.62%) | loss: 2.935454 | lrm: 1.00 | dt: 4071.03ms | tok/sec: 257,570 | bf16_mfu: 46.33 | epoch: 1 | total time: 131.21m | eta: 163.7m
step 01945/04357 (44.64%) | loss: 2.930518 | lrm: 1.00 | dt: 4073.33ms | tok/sec: 257,424 | bf16_mfu: 46.31 | epoch: 1 | total time: 131.28m | eta: 163.6m
step 01946/04357 (44.66%) | loss: 2.915306 | lrm: 1.00 | dt: 4070.35ms | tok/sec: 257,613 | bf16_mfu: 46.34 | epoch: 1 | total time: 131.35m | eta: 163.6m
step 01947/04357 (44.69%) | loss: 2.909804 | lrm: 1.00 | dt: 4073.47ms | tok/sec: 257,415 | bf16_mfu: 46.31 | epoch: 1 | total time: 131.42m | eta: 163.5m
step 01948/04357 (44.71%) | loss: 2.905961 | lrm: 1.00 | dt: 4079.39ms | tok/sec: 257,042 | bf16_mfu: 46.24 | epoch: 1 | total time: 131.48m | eta: 163.4m
step 01949/04357 (44.73%) | loss: 2.912778 | lrm: 1.00 | dt: 4074.58ms | tok/sec: 257,346 | bf16_mfu: 46.29 | epoch: 1 | total time: 131.55m | eta: 163.4m
step 01950/04357 (44.76%) | loss: 2.904827 | lrm: 1.00 | dt: 4077.82ms | tok/sec: 257,141 | bf16_mfu: 46.26 | epoch: 1 | total time: 131.62m | eta: 163.3m
step 01951/04357 (44.78%) | loss: 2.903834 | lrm: 1.00 | dt: 4065.74ms | tok/sec: 257,905 | bf16_mfu: 46.40 | epoch: 1 | total time: 131.69m | eta: 163.2m
step 01952/04357 (44.80%) | loss: 2.895619 | lrm: 1.00 | dt: 4080.53ms | tok/sec: 256,970 | bf16_mfu: 46.23 | epoch: 1 | total time: 131.76m | eta: 163.2m
step 01953/04357 (44.82%) | loss: 2.896498 | lrm: 1.00 | dt: 4080.07ms | tok/sec: 256,999 | bf16_mfu: 46.23 | epoch: 1 | total time: 131.82m | eta: 163.1m
step 01954/04357 (44.85%) | loss: 2.917467 | lrm: 1.00 | dt: 4074.14ms | tok/sec: 257,373 | bf16_mfu: 46.30 | epoch: 1 | total time: 131.89m | eta: 163.0m
step 01955/04357 (44.87%) | loss: 2.924554 | lrm: 1.00 | dt: 4073.82ms | tok/sec: 257,393 | bf16_mfu: 46.30 | epoch: 1 | total time: 131.96m | eta: 163.0m
step 01956/04357 (44.89%) | loss: 2.922390 | lrm: 1.00 | dt: 4066.69ms | tok/sec: 257,845 | bf16_mfu: 46.38 | epoch: 1 | total time: 132.03m | eta: 162.9m
step 01957/04357 (44.92%) | loss: 2.913199 | lrm: 1.00 | dt: 4090.20ms | tok/sec: 256,363 | bf16_mfu: 46.12 | epoch: 1 | total time: 132.10m | eta: 162.8m
step 01958/04357 (44.94%) | loss: 2.918194 | lrm: 1.00 | dt: 4082.30ms | tok/sec: 256,858 | bf16_mfu: 46.21 | epoch: 1 | total time: 132.16m | eta: 162.8m
step 01959/04357 (44.96%) | loss: 2.919430 | lrm: 1.00 | dt: 4069.25ms | tok/sec: 257,682 | bf16_mfu: 46.35 | epoch: 1 | total time: 132.23m | eta: 162.7m
step 01960/04357 (44.99%) | loss: 2.913715 | lrm: 1.00 | dt: 4079.96ms | tok/sec: 257,006 | bf16_mfu: 46.23 | epoch: 1 | total time: 132.30m | eta: 162.6m
step 01961/04357 (45.01%) | loss: 2.917118 | lrm: 1.00 | dt: 4070.70ms | tok/sec: 257,590 | bf16_mfu: 46.34 | epoch: 1 | total time: 132.37m | eta: 162.6m
step 01962/04357 (45.03%) | loss: 2.924846 | lrm: 1.00 | dt: 4066.84ms | tok/sec: 257,835 | bf16_mfu: 46.38 | epoch: 1 | total time: 132.43m | eta: 162.5m
step 01963/04357 (45.05%) | loss: 2.919235 | lrm: 1.00 | dt: 4081.96ms | tok/sec: 256,880 | bf16_mfu: 46.21 | epoch: 1 | total time: 132.50m | eta: 162.4m
step 01964/04357 (45.08%) | loss: 2.911414 | lrm: 1.00 | dt: 4066.53ms | tok/sec: 257,855 | bf16_mfu: 46.39 | epoch: 1 | total time: 132.57m | eta: 162.4m
step 01965/04357 (45.10%) | loss: 2.909709 | lrm: 1.00 | dt: 4071.84ms | tok/sec: 257,518 | bf16_mfu: 46.33 | epoch: 1 | total time: 132.64m | eta: 162.3m
step 01966/04357 (45.12%) | loss: 2.896106 | lrm: 1.00 | dt: 4076.38ms | tok/sec: 257,232 | bf16_mfu: 46.27 | epoch: 1 | total time: 132.71m | eta: 162.2m
step 01967/04357 (45.15%) | loss: 2.899001 | lrm: 1.00 | dt: 4080.76ms | tok/sec: 256,956 | bf16_mfu: 46.22 | epoch: 1 | total time: 132.77m | eta: 162.2m
step 01968/04357 (45.17%) | loss: 2.896565 | lrm: 1.00 | dt: 4071.68ms | tok/sec: 257,528 | bf16_mfu: 46.33 | epoch: 1 | total time: 132.84m | eta: 162.1m
step 01969/04357 (45.19%) | loss: 2.902599 | lrm: 1.00 | dt: 4070.72ms | tok/sec: 257,590 | bf16_mfu: 46.34 | epoch: 1 | total time: 132.91m | eta: 162.0m
step 01970/04357 (45.21%) | loss: 2.891877 | lrm: 1.00 | dt: 4075.32ms | tok/sec: 257,299 | bf16_mfu: 46.29 | epoch: 1 | total time: 132.98m | eta: 161.9m
step 01971/04357 (45.24%) | loss: 2.881835 | lrm: 1.00 | dt: 4070.49ms | tok/sec: 257,604 | bf16_mfu: 46.34 | epoch: 1 | total time: 133.05m | eta: 161.9m
step 01972/04357 (45.26%) | loss: 2.873568 | lrm: 1.00 | dt: 4073.29ms | tok/sec: 257,427 | bf16_mfu: 46.31 | epoch: 1 | total time: 133.11m | eta: 161.8m
step 01973/04357 (45.28%) | loss: 2.882166 | lrm: 1.00 | dt: 4073.32ms | tok/sec: 257,425 | bf16_mfu: 46.31 | epoch: 1 | total time: 133.18m | eta: 161.7m
step 01974/04357 (45.31%) | loss: 2.881554 | lrm: 1.00 | dt: 4058.75ms | tok/sec: 258,349 | bf16_mfu: 46.47 | epoch: 1 | total time: 133.25m | eta: 161.7m
step 01975/04357 (45.33%) | loss: 2.887199 | lrm: 1.00 | dt: 4067.30ms | tok/sec: 257,806 | bf16_mfu: 46.38 | epoch: 1 | total time: 133.32m | eta: 161.6m
step 01976/04357 (45.35%) | loss: 2.885154 | lrm: 1.00 | dt: 4077.98ms | tok/sec: 257,131 | bf16_mfu: 46.26 | epoch: 1 | total time: 133.39m | eta: 161.5m
step 01977/04357 (45.38%) | loss: 2.883455 | lrm: 1.00 | dt: 4073.90ms | tok/sec: 257,388 | bf16_mfu: 46.30 | epoch: 1 | total time: 133.45m | eta: 161.5m
step 01978/04357 (45.40%) | loss: 2.880737 | lrm: 1.00 | dt: 4076.50ms | tok/sec: 257,224 | bf16_mfu: 46.27 | epoch: 1 | total time: 133.52m | eta: 161.4m
step 01979/04357 (45.42%) | loss: 2.881818 | lrm: 1.00 | dt: 4070.51ms | tok/sec: 257,603 | bf16_mfu: 46.34 | epoch: 1 | total time: 133.59m | eta: 161.3m
step 01980/04357 (45.44%) | loss: 2.886491 | lrm: 1.00 | dt: 4074.41ms | tok/sec: 257,356 | bf16_mfu: 46.30 | epoch: 1 | total time: 133.66m | eta: 161.3m
step 01981/04357 (45.47%) | loss: 2.903513 | lrm: 1.00 | dt: 4076.95ms | tok/sec: 257,196 | bf16_mfu: 46.27 | epoch: 1 | total time: 133.72m | eta: 161.2m
step 01982/04357 (45.49%) | loss: 2.922476 | lrm: 1.00 | dt: 4082.30ms | tok/sec: 256,859 | bf16_mfu: 46.21 | epoch: 1 | total time: 133.79m | eta: 161.1m
step 01983/04357 (45.51%) | loss: 2.915678 | lrm: 1.00 | dt: 4075.78ms | tok/sec: 257,269 | bf16_mfu: 46.28 | epoch: 1 | total time: 133.86m | eta: 161.1m
step 01984/04357 (45.54%) | loss: 2.919404 | lrm: 1.00 | dt: 4073.44ms | tok/sec: 257,417 | bf16_mfu: 46.31 | epoch: 1 | total time: 133.93m | eta: 161.0m
step 01985/04357 (45.56%) | loss: 2.924166 | lrm: 1.00 | dt: 4076.74ms | tok/sec: 257,209 | bf16_mfu: 46.27 | epoch: 1 | total time: 134.00m | eta: 160.9m
step 01986/04357 (45.58%) | loss: 2.928068 | lrm: 1.00 | dt: 4069.38ms | tok/sec: 257,674 | bf16_mfu: 46.35 | epoch: 1 | total time: 134.06m | eta: 160.9m
step 01987/04357 (45.60%) | loss: 2.912617 | lrm: 1.00 | dt: 4069.34ms | tok/sec: 257,676 | bf16_mfu: 46.35 | epoch: 1 | total time: 134.13m | eta: 160.8m
step 01988/04357 (45.63%) | loss: 2.915321 | lrm: 1.00 | dt: 4074.55ms | tok/sec: 257,347 | bf16_mfu: 46.29 | epoch: 1 | total time: 134.20m | eta: 160.7m
step 01989/04357 (45.65%) | loss: 2.911571 | lrm: 1.00 | dt: 4079.58ms | tok/sec: 257,030 | bf16_mfu: 46.24 | epoch: 1 | total time: 134.27m | eta: 160.7m
step 01990/04357 (45.67%) | loss: 2.910058 | lrm: 1.00 | dt: 4081.81ms | tok/sec: 256,889 | bf16_mfu: 46.21 | epoch: 1 | total time: 134.34m | eta: 160.6m
step 01991/04357 (45.70%) | loss: 2.912101 | lrm: 1.00 | dt: 4065.59ms | tok/sec: 257,914 | bf16_mfu: 46.40 | epoch: 1 | total time: 134.40m | eta: 160.5m
step 01992/04357 (45.72%) | loss: 2.892736 | lrm: 1.00 | dt: 4082.84ms | tok/sec: 256,824 | bf16_mfu: 46.20 | epoch: 1 | total time: 134.47m | eta: 160.5m
step 01993/04357 (45.74%) | loss: 2.892031 | lrm: 1.00 | dt: 4079.39ms | tok/sec: 257,042 | bf16_mfu: 46.24 | epoch: 1 | total time: 134.54m | eta: 160.4m
step 01994/04357 (45.77%) | loss: 2.887911 | lrm: 1.00 | dt: 4074.36ms | tok/sec: 257,359 | bf16_mfu: 46.30 | epoch: 1 | total time: 134.61m | eta: 160.3m
step 01995/04357 (45.79%) | loss: 2.893634 | lrm: 1.00 | dt: 4064.12ms | tok/sec: 258,007 | bf16_mfu: 46.41 | epoch: 1 | total time: 134.68m | eta: 160.3m
step 01996/04357 (45.81%) | loss: 2.896799 | lrm: 1.00 | dt: 4074.06ms | tok/sec: 257,378 | bf16_mfu: 46.30 | epoch: 1 | total time: 134.74m | eta: 160.2m
step 01997/04357 (45.83%) | loss: 2.900104 | lrm: 1.00 | dt: 4072.80ms | tok/sec: 257,458 | bf16_mfu: 46.31 | epoch: 1 | total time: 134.81m | eta: 160.1m
step 01998/04357 (45.86%) | loss: 2.896743 | lrm: 1.00 | dt: 4081.53ms | tok/sec: 256,907 | bf16_mfu: 46.22 | epoch: 1 | total time: 134.88m | eta: 160.1m
step 01999/04357 (45.88%) | loss: 2.895595 | lrm: 1.00 | dt: 4066.17ms | tok/sec: 257,878 | bf16_mfu: 46.39 | epoch: 1 | total time: 134.95m | eta: 160.0m
Step 02000 | Validation bpb: 0.884781
Evaluating: hellaswag_zeroshot (0-shot, type: multiple_choice)... accuracy: 0.3880 | centered: 0.1840 | time: 4.03s
Evaluating: jeopardy (10-shot, type: language_modeling)... accuracy: 0.0060 | centered: 0.0060 | time: 3.82s
Evaluating: bigbench_qa_wikidata (10-shot, type: language_modeling)... accuracy: 0.4140 | centered: 0.4140 | time: 3.62s
Evaluating: arc_easy (10-shot, type: multiple_choice)... accuracy: 0.5740 | centered: 0.4320 | time: 4.38s
Evaluating: arc_challenge (10-shot, type: multiple_choice)... accuracy: 0.2860 | centered: 0.0480 | time: 4.05s
Evaluating: copa (0-shot, type: multiple_choice)... accuracy: 0.6600 | centered: 0.3200 | time: 0.74s
Evaluating: commonsense_qa (10-shot, type: multiple_choice)... accuracy: 0.2120 | centered: 0.0150 | time: 3.89s
Evaluating: piqa (10-shot, type: multiple_choice)... accuracy: 0.6360 | centered: 0.2720 | time: 4.21s
Evaluating: openbook_qa (0-shot, type: multiple_choice)... accuracy: 0.3320 | centered: 0.1093 | time: 3.47s
Evaluating: lambada_openai (0-shot, type: language_modeling)... accuracy: 0.3300 | centered: 0.3300 | time: 3.60s
Evaluating: hellaswag (10-shot, type: multiple_choice)... accuracy: 0.3700 | centered: 0.1600 | time: 5.79s
Evaluating: winograd (0-shot, type: schema)... accuracy: 0.6117 | centered: 0.2234 | time: 1.88s
Evaluating: winogrande (0-shot, type: schema)... accuracy: 0.5300 | centered: 0.0600 | time: 3.25s
Evaluating: bigbench_dyck_languages (10-shot, type: language_modeling)... accuracy: 0.1160 | centered: 0.1160 | time: 4.11s
Evaluating: agi_eval_lsat_ar (3-shot, type: multiple_choice)... accuracy: 0.3043 | centered: 0.1304 | time: 2.50s
Evaluating: bigbench_cs_algorithms (10-shot, type: language_modeling)... accuracy: 0.4460 | centered: 0.4460 | time: 3.71s
Evaluating: bigbench_operators (10-shot, type: language_modeling)... accuracy: 0.1190 | centered: 0.1190 | time: 1.58s
Evaluating: bigbench_repeat_copy_logic (10-shot, type: language_modeling)... accuracy: 0.0000 | centered: 0.0000 | time: 0.24s
Evaluating: squad (10-shot, type: language_modeling)... accuracy: 0.1180 | centered: 0.1180 | time: 4.56s
Evaluating: coqa (0-shot, type: language_modeling)... accuracy: 0.1380 | centered: 0.1380 | time: 3.91s
Evaluating: boolq (10-shot, type: multiple_choice)... accuracy: 0.6100 | centered: -0.0263 | time: 5.48s
Evaluating: bigbench_language_identification (10-shot, type: multiple_choice)... accuracy: 0.2360 | centered: 0.1595 | time: 9.32s
Step 02000 | CORE metric: 0.1716
<|bos|>The capital of France is Paris. It is the largest city in France. It is the capital of France
<|bos|>The chemical symbol of gold is Au. It is a metal that is found in nature. It is a metal
<|bos|>If yesterday was Friday, then tomorrow will be tomorrow. The word “future” is a word that has been used in
step 02000/04357 (45.90%) | loss: 2.901252 | lrm: 1.00 | dt: 3938.87ms | tok/sec: 266,212 | bf16_mfu: 47.89 | epoch: 1 | total time: 135.01m | eta: 159.9m
step 02001/04357 (45.93%) | loss: 2.912582 | lrm: 1.00 | dt: 4001.16ms | tok/sec: 262,068 | bf16_mfu: 47.14 | epoch: 1 | total time: 135.08m | eta: 159.8m
step 02002/04357 (45.95%) | loss: 2.913541 | lrm: 1.00 | dt: 3947.81ms | tok/sec: 265,609 | bf16_mfu: 47.78 | epoch: 1 | total time: 135.15m | eta: 159.8m
step 02003/04357 (45.97%) | loss: 2.919449 | lrm: 1.00 | dt: 3998.07ms | tok/sec: 262,270 | bf16_mfu: 47.18 | epoch: 1 | total time: 135.21m | eta: 159.7m
step 02004/04357 (45.99%) | loss: 2.910802 | lrm: 1.00 | dt: 4019.51ms | tok/sec: 260,871 | bf16_mfu: 46.93 | epoch: 1 | total time: 135.28m | eta: 159.6m
step 02005/04357 (46.02%) | loss: 2.917368 | lrm: 1.00 | dt: 4018.92ms | tok/sec: 260,910 | bf16_mfu: 46.94 | epoch: 1 | total time: 135.35m | eta: 159.6m
step 02006/04357 (46.04%) | loss: 2.910598 | lrm: 1.00 | dt: 4030.70ms | tok/sec: 260,147 | bf16_mfu: 46.80 | epoch: 1 | total time: 135.41m | eta: 159.5m
step 02007/04357 (46.06%) | loss: 2.909853 | lrm: 1.00 | dt: 3937.13ms | tok/sec: 266,330 | bf16_mfu: 47.91 | epoch: 1 | total time: 135.48m | eta: 159.4m
step 02008/04357 (46.09%) | loss: 2.906756 | lrm: 1.00 | dt: 3968.94ms | tok/sec: 264,195 | bf16_mfu: 47.53 | epoch: 1 | total time: 135.54m | eta: 159.4m
step 02009/04357 (46.11%) | loss: 2.907255 | lrm: 1.00 | dt: 4000.14ms | tok/sec: 262,134 | bf16_mfu: 47.16 | epoch: 1 | total time: 135.61m | eta: 159.3m
step 02010/04357 (46.13%) | loss: 2.910933 | lrm: 1.00 | dt: 4021.33ms | tok/sec: 260,753 | bf16_mfu: 46.91 | epoch: 1 | total time: 135.68m | eta: 159.2m
step 02011/04357 (46.16%) | loss: 2.918288 | lrm: 1.00 | dt: 4014.68ms | tok/sec: 261,185 | bf16_mfu: 46.99 | epoch: 1 | total time: 135.75m | eta: 159.1m
step 02012/04357 (46.18%) | loss: 2.912223 | lrm: 1.00 | dt: 4037.90ms | tok/sec: 259,683 | bf16_mfu: 46.71 | epoch: 1 | total time: 135.81m | eta: 159.1m
step 02013/04357 (46.20%) | loss: 2.918871 | lrm: 1.00 | dt: 4033.31ms | tok/sec: 259,978 | bf16_mfu: 46.77 | epoch: 1 | total time: 135.88m | eta: 159.0m
step 02014/04357 (46.22%) | loss: 2.911917 | lrm: 1.00 | dt: 4036.36ms | tok/sec: 259,782 | bf16_mfu: 46.73 | epoch: 1 | total time: 135.95m | eta: 158.9m
step 02015/04357 (46.25%) | loss: 2.916444 | lrm: 1.00 | dt: 4064.73ms | tok/sec: 257,969 | bf16_mfu: 46.41 | epoch: 1 | total time: 136.01m | eta: 158.9m
step 02016/04357 (46.27%) | loss: 2.921630 | lrm: 1.00 | dt: 4050.62ms | tok/sec: 258,868 | bf16_mfu: 46.57 | epoch: 1 | total time: 136.08m | eta: 158.8m
step 02017/04357 (46.29%) | loss: 2.903253 | lrm: 1.00 | dt: 4061.81ms | tok/sec: 258,155 | bf16_mfu: 46.44 | epoch: 1 | total time: 136.15m | eta: 158.7m
step 02018/04357 (46.32%) | loss: 2.911944 | lrm: 1.00 | dt: 4055.13ms | tok/sec: 258,580 | bf16_mfu: 46.52 | epoch: 1 | total time: 136.22m | eta: 158.7m
step 02019/04357 (46.34%) | loss: 2.929035 | lrm: 1.00 | dt: 3952.64ms | tok/sec: 265,284 | bf16_mfu: 47.72 | epoch: 1 | total time: 136.28m | eta: 158.6m
step 02020/04357 (46.36%) | loss: 2.928782 | lrm: 1.00 | dt: 3979.24ms | tok/sec: 263,511 | bf16_mfu: 47.40 | epoch: 1 | total time: 136.35m | eta: 158.5m
step 02021/04357 (46.39%) | loss: 2.924739 | lrm: 1.00 | dt: 4002.21ms | tok/sec: 261,999 | bf16_mfu: 47.13 | epoch: 1 | total time: 136.42m | eta: 158.5m
step 02022/04357 (46.41%) | loss: 2.933179 | lrm: 1.00 | dt: 4025.07ms | tok/sec: 260,511 | bf16_mfu: 46.86 | epoch: 1 | total time: 136.48m | eta: 158.4m
step 02023/04357 (46.43%) | loss: 2.929484 | lrm: 1.00 | dt: 4020.26ms | tok/sec: 260,822 | bf16_mfu: 46.92 | epoch: 1 | total time: 136.55m | eta: 158.3m
step 02024/04357 (46.45%) | loss: 2.907727 | lrm: 1.00 | dt: 4037.38ms | tok/sec: 259,716 | bf16_mfu: 46.72 | epoch: 1 | total time: 136.62m | eta: 158.3m
step 02025/04357 (46.48%) | loss: 2.905738 | lrm: 1.00 | dt: 4050.90ms | tok/sec: 258,850 | bf16_mfu: 46.56 | epoch: 1 | total time: 136.69m | eta: 158.2m
step 02026/04357 (46.50%) | loss: 2.898236 | lrm: 1.00 | dt: 4051.17ms | tok/sec: 258,832 | bf16_mfu: 46.56 | epoch: 1 | total time: 136.75m | eta: 158.1m
step 02027/04357 (46.52%) | loss: 2.900701 | lrm: 1.00 | dt: 4037.97ms | tok/sec: 259,679 | bf16_mfu: 46.71 | epoch: 1 | total time: 136.82m | eta: 158.1m
step 02028/04357 (46.55%) | loss: 2.894289 | lrm: 1.00 | dt: 4060.66ms | tok/sec: 258,227 | bf16_mfu: 46.45 | epoch: 1 | total time: 136.89m | eta: 158.0m
step 02029/04357 (46.57%) | loss: 2.906785 | lrm: 1.00 | dt: 4058.31ms | tok/sec: 258,377 | bf16_mfu: 46.48 | epoch: 1 | total time: 136.96m | eta: 157.9m
step 02030/04357 (46.59%) | loss: 2.895577 | lrm: 1.00 | dt: 4058.26ms | tok/sec: 258,380 | bf16_mfu: 46.48 | epoch: 1 | total time: 137.02m | eta: 157.8m
step 02031/04357 (46.61%) | loss: 2.910047 | lrm: 1.00 | dt: 4074.47ms | tok/sec: 257,352 | bf16_mfu: 46.30 | epoch: 1 | total time: 137.09m | eta: 157.8m
step 02032/04357 (46.64%) | loss: 2.910513 | lrm: 1.00 | dt: 4062.75ms | tok/sec: 258,095 | bf16_mfu: 46.43 | epoch: 1 | total time: 137.16m | eta: 157.7m
step 02033/04357 (46.66%) | loss: 2.918156 | lrm: 1.00 | dt: 4067.59ms | tok/sec: 257,787 | bf16_mfu: 46.37 | epoch: 1 | total time: 137.23m | eta: 157.6m
step 02034/04357 (46.68%) | loss: 2.928061 | lrm: 1.00 | dt: 4074.13ms | tok/sec: 257,374 | bf16_mfu: 46.30 | epoch: 1 | total time: 137.29m | eta: 157.6m
step 02035/04357 (46.71%) | loss: 2.917432 | lrm: 1.00 | dt: 4074.43ms | tok/sec: 257,355 | bf16_mfu: 46.30 | epoch: 1 | total time: 137.36m | eta: 157.5m
step 02036/04357 (46.73%) | loss: 2.911957 | lrm: 1.00 | dt: 4080.74ms | tok/sec: 256,957 | bf16_mfu: 46.22 | epoch: 1 | total time: 137.43m | eta: 157.4m
step 02037/04357 (46.75%) | loss: 2.898043 | lrm: 1.00 | dt: 4066.43ms | tok/sec: 257,861 | bf16_mfu: 46.39 | epoch: 1 | total time: 137.50m | eta: 157.4m
step 02038/04357 (46.78%) | loss: 2.892351 | lrm: 1.00 | dt: 4074.35ms | tok/sec: 257,360 | bf16_mfu: 46.30 | epoch: 1 | total time: 137.57m | eta: 157.3m
step 02039/04357 (46.80%) | loss: 2.882621 | lrm: 1.00 | dt: 4077.12ms | tok/sec: 257,185 | bf16_mfu: 46.27 | epoch: 1 | total time: 137.63m | eta: 157.2m
step 02040/04357 (46.82%) | loss: 2.900067 | lrm: 1.00 | dt: 4080.09ms | tok/sec: 256,998 | bf16_mfu: 46.23 | epoch: 1 | total time: 137.70m | eta: 157.2m
step 02041/04357 (46.84%) | loss: 2.906202 | lrm: 1.00 | dt: 4090.10ms | tok/sec: 256,369 | bf16_mfu: 46.12 | epoch: 1 | total time: 137.77m | eta: 157.1m
step 02042/04357 (46.87%) | loss: 2.907636 | lrm: 1.00 | dt: 4081.67ms | tok/sec: 256,899 | bf16_mfu: 46.21 | epoch: 1 | total time: 137.84m | eta: 157.0m
step 02043/04357 (46.89%) | loss: 2.910270 | lrm: 1.00 | dt: 4085.38ms | tok/sec: 256,665 | bf16_mfu: 46.17 | epoch: 1 | total time: 137.91m | eta: 157.0m
step 02044/04357 (46.91%) | loss: 2.919241 | lrm: 1.00 | dt: 4072.39ms | tok/sec: 257,484 | bf16_mfu: 46.32 | epoch: 1 | total time: 137.97m | eta: 156.9m
step 02045/04357 (46.94%) | loss: 2.915371 | lrm: 1.00 | dt: 4085.71ms | tok/sec: 256,644 | bf16_mfu: 46.17 | epoch: 1 | total time: 138.04m | eta: 156.8m
step 02046/04357 (46.96%) | loss: 2.926660 | lrm: 1.00 | dt: 4072.81ms | tok/sec: 257,457 | bf16_mfu: 46.31 | epoch: 1 | total time: 138.11m | eta: 156.8m
step 02047/04357 (46.98%) | loss: 2.923970 | lrm: 1.00 | dt: 4082.12ms | tok/sec: 256,870 | bf16_mfu: 46.21 | epoch: 1 | total time: 138.18m | eta: 156.7m
step 02048/04357 (47.00%) | loss: 2.918825 | lrm: 1.00 | dt: 4075.31ms | tok/sec: 257,299 | bf16_mfu: 46.29 | epoch: 1 | total time: 138.25m | eta: 156.6m
step 02049/04357 (47.03%) | loss: 2.930364 | lrm: 1.00 | dt: 4075.96ms | tok/sec: 257,258 | bf16_mfu: 46.28 | epoch: 1 | total time: 138.31m | eta: 156.6m
step 02050/04357 (47.05%) | loss: 2.915050 | lrm: 1.00 | dt: 4079.47ms | tok/sec: 257,037 | bf16_mfu: 46.24 | epoch: 1 | total time: 138.38m | eta: 156.5m
step 02051/04357 (47.07%) | loss: 2.914404 | lrm: 1.00 | dt: 4066.26ms | tok/sec: 257,872 | bf16_mfu: 46.39 | epoch: 1 | total time: 138.45m | eta: 156.4m
step 02052/04357 (47.10%) | loss: 2.909467 | lrm: 1.00 | dt: 4078.53ms | tok/sec: 257,096 | bf16_mfu: 46.25 | epoch: 1 | total time: 138.52m | eta: 156.4m
step 02053/04357 (47.12%) | loss: 2.907780 | lrm: 1.00 | dt: 4073.23ms | tok/sec: 257,431 | bf16_mfu: 46.31 | epoch: 1 | total time: 138.59m | eta: 156.3m
step 02054/04357 (47.14%) | loss: 2.916038 | lrm: 1.00 | dt: 4059.01ms | tok/sec: 258,333 | bf16_mfu: 46.47 | epoch: 1 | total time: 138.65m | eta: 156.2m
step 02055/04357 (47.17%) | loss: 2.915601 | lrm: 1.00 | dt: 4079.43ms | tok/sec: 257,039 | bf16_mfu: 46.24 | epoch: 1 | total time: 138.72m | eta: 156.2m
step 02056/04357 (47.19%) | loss: 2.911736 | lrm: 1.00 | dt: 4070.62ms | tok/sec: 257,596 | bf16_mfu: 46.34 | epoch: 1 | total time: 138.79m | eta: 156.1m
step 02057/04357 (47.21%) | loss: 2.916912 | lrm: 1.00 | dt: 4077.07ms | tok/sec: 257,188 | bf16_mfu: 46.27 | epoch: 1 | total time: 138.86m | eta: 156.0m
step 02058/04357 (47.23%) | loss: 2.913967 | lrm: 1.00 | dt: 4078.72ms | tok/sec: 257,084 | bf16_mfu: 46.25 | epoch: 1 | total time: 138.93m | eta: 156.0m
step 02059/04357 (47.26%) | loss: 2.929381 | lrm: 1.00 | dt: 4066.91ms | tok/sec: 257,831 | bf16_mfu: 46.38 | epoch: 1 | total time: 138.99m | eta: 155.9m
step 02060/04357 (47.28%) | loss: 2.927735 | lrm: 1.00 | dt: 4067.06ms | tok/sec: 257,821 | bf16_mfu: 46.38 | epoch: 1 | total time: 139.06m | eta: 155.8m
step 02061/04357 (47.30%) | loss: 2.914009 | lrm: 1.00 | dt: 4070.45ms | tok/sec: 257,606 | bf16_mfu: 46.34 | epoch: 1 | total time: 139.13m | eta: 155.7m
step 02062/04357 (47.33%) | loss: 2.911065 | lrm: 1.00 | dt: 4077.15ms | tok/sec: 257,183 | bf16_mfu: 46.27 | epoch: 1 | total time: 139.20m | eta: 155.7m
step 02063/04357 (47.35%) | loss: 2.911018 | lrm: 1.00 | dt: 4081.03ms | tok/sec: 256,938 | bf16_mfu: 46.22 | epoch: 1 | total time: 139.26m | eta: 155.6m
step 02064/04357 (47.37%) | loss: 2.908082 | lrm: 1.00 | dt: 4070.18ms | tok/sec: 257,623 | bf16_mfu: 46.34 | epoch: 1 | total time: 139.33m | eta: 155.5m
step 02065/04357 (47.39%) | loss: 2.919981 | lrm: 1.00 | dt: 4068.50ms | tok/sec: 257,730 | bf16_mfu: 46.36 | epoch: 1 | total time: 139.40m | eta: 155.5m
step 02066/04357 (47.42%) | loss: 2.925805 | lrm: 1.00 | dt: 4086.44ms | tok/sec: 256,598 | bf16_mfu: 46.16 | epoch: 1 | total time: 139.47m | eta: 155.4m
step 02067/04357 (47.44%) | loss: 2.920825 | lrm: 1.00 | dt: 4079.03ms | tok/sec: 257,065 | bf16_mfu: 46.24 | epoch: 1 | total time: 139.54m | eta: 155.3m
step 02068/04357 (47.46%) | loss: 2.931014 | lrm: 1.00 | dt: 4073.08ms | tok/sec: 257,440 | bf16_mfu: 46.31 | epoch: 1 | total time: 139.60m | eta: 155.3m
step 02069/04357 (47.49%) | loss: 2.938644 | lrm: 1.00 | dt: 4068.57ms | tok/sec: 257,726 | bf16_mfu: 46.36 | epoch: 1 | total time: 139.67m | eta: 155.2m
step 02070/04357 (47.51%) | loss: 2.937449 | lrm: 1.00 | dt: 4062.40ms | tok/sec: 258,117 | bf16_mfu: 46.43 | epoch: 1 | total time: 139.74m | eta: 155.1m
step 02071/04357 (47.53%) | loss: 2.929120 | lrm: 1.00 | dt: 4073.68ms | tok/sec: 257,402 | bf16_mfu: 46.30 | epoch: 1 | total time: 139.81m | eta: 155.1m
step 02072/04357 (47.56%) | loss: 2.923806 | lrm: 1.00 | dt: 4067.13ms | tok/sec: 257,817 | bf16_mfu: 46.38 | epoch: 1 | total time: 139.88m | eta: 155.0m
step 02073/04357 (47.58%) | loss: 2.917769 | lrm: 1.00 | dt: 4068.96ms | tok/sec: 257,700 | bf16_mfu: 46.36 | epoch: 1 | total time: 139.94m | eta: 154.9m
step 02074/04357 (47.60%) | loss: 2.926417 | lrm: 1.00 | dt: 4066.66ms | tok/sec: 257,847 | bf16_mfu: 46.38 | epoch: 1 | total time: 140.01m | eta: 154.9m
step 02075/04357 (47.62%) | loss: 2.918239 | lrm: 1.00 | dt: 4081.51ms | tok/sec: 256,908 | bf16_mfu: 46.22 | epoch: 1 | total time: 140.08m | eta: 154.8m
step 02076/04357 (47.65%) | loss: 2.905499 | lrm: 1.00 | dt: 4084.10ms | tok/sec: 256,745 | bf16_mfu: 46.19 | epoch: 1 | total time: 140.15m | eta: 154.7m
step 02077/04357 (47.67%) | loss: 2.904892 | lrm: 1.00 | dt: 4073.59ms | tok/sec: 257,408 | bf16_mfu: 46.31 | epoch: 1 | total time: 140.22m | eta: 154.7m
step 02078/04357 (47.69%) | loss: 2.906884 | lrm: 1.00 | dt: 4102.49ms | tok/sec: 255,594 | bf16_mfu: 45.98 | epoch: 1 | total time: 140.28m | eta: 154.6m
step 02079/04357 (47.72%) | loss: 2.913599 | lrm: 1.00 | dt: 4068.69ms | tok/sec: 257,718 | bf16_mfu: 46.36 | epoch: 1 | total time: 140.35m | eta: 154.5m
step 02080/04357 (47.74%) | loss: 2.916949 | lrm: 1.00 | dt: 4081.89ms | tok/sec: 256,884 | bf16_mfu: 46.21 | epoch: 1 | total time: 140.42m | eta: 154.5m
step 02081/04357 (47.76%) | loss: 2.920166 | lrm: 1.00 | dt: 4059.67ms | tok/sec: 258,290 | bf16_mfu: 46.46 | epoch: 1 | total time: 140.49m | eta: 154.4m
step 02082/04357 (47.79%) | loss: 2.914989 | lrm: 1.00 | dt: 4082.20ms | tok/sec: 256,865 | bf16_mfu: 46.21 | epoch: 1 | total time: 140.55m | eta: 154.3m
step 02083/04357 (47.81%) | loss: 2.909754 | lrm: 1.00 | dt: 4076.46ms | tok/sec: 257,226 | bf16_mfu: 46.27 | epoch: 1 | total time: 140.62m | eta: 154.3m
step 02084/04357 (47.83%) | loss: 2.903882 | lrm: 1.00 | dt: 4069.70ms | tok/sec: 257,654 | bf16_mfu: 46.35 | epoch: 1 | total time: 140.69m | eta: 154.2m
step 02085/04357 (47.85%) | loss: 2.911441 | lrm: 1.00 | dt: 4084.84ms | tok/sec: 256,699 | bf16_mfu: 46.18 | epoch: 1 | total time: 140.76m | eta: 154.1m
step 02086/04357 (47.88%) | loss: 2.907852 | lrm: 1.00 | dt: 4081.12ms | tok/sec: 256,933 | bf16_mfu: 46.22 | epoch: 1 | total time: 140.83m | eta: 154.1m
step 02087/04357 (47.90%) | loss: 2.903274 | lrm: 1.00 | dt: 4064.23ms | tok/sec: 258,001 | bf16_mfu: 46.41 | epoch: 1 | total time: 140.89m | eta: 154.0m
step 02088/04357 (47.92%) | loss: 2.900430 | lrm: 1.00 | dt: 4077.33ms | tok/sec: 257,171 | bf16_mfu: 46.26 | epoch: 1 | total time: 140.96m | eta: 153.9m
step 02089/04357 (47.95%) | loss: 2.903923 | lrm: 1.00 | dt: 4065.48ms | tok/sec: 257,921 | bf16_mfu: 46.40 | epoch: 1 | total time: 141.03m | eta: 153.9m
step 02090/04357 (47.97%) | loss: 2.909563 | lrm: 1.00 | dt: 4069.76ms | tok/sec: 257,650 | bf16_mfu: 46.35 | epoch: 1 | total time: 141.10m | eta: 153.8m
step 02091/04357 (47.99%) | loss: 2.914145 | lrm: 1.00 | dt: 4070.87ms | tok/sec: 257,580 | bf16_mfu: 46.34 | epoch: 1 | total time: 141.17m | eta: 153.7m
step 02092/04357 (48.01%) | loss: 2.906745 | lrm: 1.00 | dt: 4082.48ms | tok/sec: 256,847 | bf16_mfu: 46.20 | epoch: 1 | total time: 141.23m | eta: 153.6m
step 02093/04357 (48.04%) | loss: 2.907969 | lrm: 1.00 | dt: 4080.00ms | tok/sec: 257,003 | bf16_mfu: 46.23 | epoch: 1 | total time: 141.30m | eta: 153.6m
step 02094/04357 (48.06%) | loss: 2.908543 | lrm: 1.00 | dt: 4068.86ms | tok/sec: 257,707 | bf16_mfu: 46.36 | epoch: 1 | total time: 141.37m | eta: 153.5m
step 02095/04357 (48.08%) | loss: 2.909790 | lrm: 1.00 | dt: 4070.57ms | tok/sec: 257,599 | bf16_mfu: 46.34 | epoch: 1 | total time: 141.44m | eta: 153.4m
step 02096/04357 (48.11%) | loss: 2.912776 | lrm: 1.00 | dt: 4066.91ms | tok/sec: 257,831 | bf16_mfu: 46.38 | epoch: 1 | total time: 141.51m | eta: 153.4m
step 02097/04357 (48.13%) | loss: 2.911938 | lrm: 1.00 | dt: 4051.10ms | tok/sec: 258,837 | bf16_mfu: 46.56 | epoch: 1 | total time: 141.57m | eta: 153.3m
step 02098/04357 (48.15%) | loss: 2.914028 | lrm: 1.00 | dt: 4064.43ms | tok/sec: 257,988 | bf16_mfu: 46.41 | epoch: 1 | total time: 141.64m | eta: 153.2m
step 02099/04357 (48.18%) | loss: 2.908317 | lrm: 1.00 | dt: 4082.66ms | tok/sec: 256,836 | bf16_mfu: 46.20 | epoch: 1 | total time: 141.71m | eta: 153.2m
step 02100/04357 (48.20%) | loss: 2.909403 | lrm: 1.00 | dt: 4061.19ms | tok/sec: 258,194 | bf16_mfu: 46.45 | epoch: 1 | total time: 141.78m | eta: 153.1m
step 02101/04357 (48.22%) | loss: 2.912417 | lrm: 1.00 | dt: 4067.26ms | tok/sec: 257,809 | bf16_mfu: 46.38 | epoch: 1 | total time: 141.84m | eta: 153.0m
step 02102/04357 (48.24%) | loss: 2.913845 | lrm: 1.00 | dt: 4070.87ms | tok/sec: 257,580 | bf16_mfu: 46.34 | epoch: 1 | total time: 141.91m | eta: 153.0m
step 02103/04357 (48.27%) | loss: 2.907670 | lrm: 1.00 | dt: 4070.00ms | tok/sec: 257,635 | bf16_mfu: 46.35 | epoch: 1 | total time: 141.98m | eta: 152.9m
step 02104/04357 (48.29%) | loss: 2.910207 | lrm: 1.00 | dt: 4069.15ms | tok/sec: 257,689 | bf16_mfu: 46.36 | epoch: 1 | total time: 142.05m | eta: 152.8m
step 02105/04357 (48.31%) | loss: 2.905225 | lrm: 1.00 | dt: 4074.83ms | tok/sec: 257,330 | bf16_mfu: 46.29 | epoch: 1 | total time: 142.12m | eta: 152.8m
step 02106/04357 (48.34%) | loss: 2.901697 | lrm: 1.00 | dt: 4075.45ms | tok/sec: 257,290 | bf16_mfu: 46.28 | epoch: 1 | total time: 142.18m | eta: 152.7m
step 02107/04357 (48.36%) | loss: 2.915022 | lrm: 1.00 | dt: 4070.26ms | tok/sec: 257,619 | bf16_mfu: 46.34 | epoch: 1 | total time: 142.25m | eta: 152.6m
step 02108/04357 (48.38%) | loss: 2.917160 | lrm: 1.00 | dt: 4067.26ms | tok/sec: 257,808 | bf16_mfu: 46.38 | epoch: 1 | total time: 142.32m | eta: 152.6m
step 02109/04357 (48.40%) | loss: 2.923868 | lrm: 1.00 | dt: 4076.70ms | tok/sec: 257,212 | bf16_mfu: 46.27 | epoch: 1 | total time: 142.39m | eta: 152.5m
step 02110/04357 (48.43%) | loss: 2.937219 | lrm: 1.00 | dt: 4073.42ms | tok/sec: 257,418 | bf16_mfu: 46.31 | epoch: 1 | total time: 142.46m | eta: 152.4m
step 02111/04357 (48.45%) | loss: 2.943465 | lrm: 1.00 | dt: 4065.10ms | tok/sec: 257,946 | bf16_mfu: 46.40 | epoch: 1 | total time: 142.52m | eta: 152.4m
step 02112/04357 (48.47%) | loss: 2.942161 | lrm: 1.00 | dt: 4084.91ms | tok/sec: 256,695 | bf16_mfu: 46.18 | epoch: 1 | total time: 142.59m | eta: 152.3m
step 02113/04357 (48.50%) | loss: 2.928321 | lrm: 1.00 | dt: 4081.31ms | tok/sec: 256,921 | bf16_mfu: 46.22 | epoch: 1 | total time: 142.66m | eta: 152.2m
step 02114/04357 (48.52%) | loss: 2.917364 | lrm: 1.00 | dt: 4072.24ms | tok/sec: 257,493 | bf16_mfu: 46.32 | epoch: 1 | total time: 142.73m | eta: 152.2m
step 02115/04357 (48.54%) | loss: 2.901783 | lrm: 1.00 | dt: 4070.80ms | tok/sec: 257,584 | bf16_mfu: 46.34 | epoch: 1 | total time: 142.79m | eta: 152.1m
step 02116/04357 (48.57%) | loss: 2.895080 | lrm: 1.00 | dt: 4071.94ms | tok/sec: 257,512 | bf16_mfu: 46.32 | epoch: 1 | total time: 142.86m | eta: 152.0m
step 02117/04357 (48.59%) | loss: 2.889555 | lrm: 1.00 | dt: 4065.78ms | tok/sec: 257,902 | bf16_mfu: 46.39 | epoch: 1 | total time: 142.93m | eta: 152.0m
step 02118/04357 (48.61%) | loss: 2.883216 | lrm: 1.00 | dt: 4074.78ms | tok/sec: 257,333 | bf16_mfu: 46.29 | epoch: 1 | total time: 143.00m | eta: 151.9m
step 02119/04357 (48.63%) | loss: 2.876885 | lrm: 1.00 | dt: 4070.13ms | tok/sec: 257,627 | bf16_mfu: 46.34 | epoch: 1 | total time: 143.07m | eta: 151.8m
step 02120/04357 (48.66%) | loss: 2.883353 | lrm: 1.00 | dt: 4075.26ms | tok/sec: 257,303 | bf16_mfu: 46.29 | epoch: 1 | total time: 143.13m | eta: 151.7m
step 02121/04357 (48.68%) | loss: 2.891402 | lrm: 1.00 | dt: 4070.45ms | tok/sec: 257,607 | bf16_mfu: 46.34 | epoch: 1 | total time: 143.20m | eta: 151.7m
step 02122/04357 (48.70%) | loss: 2.904837 | lrm: 1.00 | dt: 4065.17ms | tok/sec: 257,941 | bf16_mfu: 46.40 | epoch: 1 | total time: 143.27m | eta: 151.6m
step 02123/04357 (48.73%) | loss: 2.896523 | lrm: 1.00 | dt: 4069.92ms | tok/sec: 257,640 | bf16_mfu: 46.35 | epoch: 1 | total time: 143.34m | eta: 151.5m
step 02124/04357 (48.75%) | loss: 2.910882 | lrm: 1.00 | dt: 4082.43ms | tok/sec: 256,851 | bf16_mfu: 46.21 | epoch: 1 | total time: 143.41m | eta: 151.5m
step 02125/04357 (48.77%) | loss: 2.907946 | lrm: 1.00 | dt: 4069.07ms | tok/sec: 257,694 | bf16_mfu: 46.36 | epoch: 1 | total time: 143.47m | eta: 151.4m
step 02126/04357 (48.80%) | loss: 2.909605 | lrm: 1.00 | dt: 4051.59ms | tok/sec: 258,806 | bf16_mfu: 46.56 | epoch: 1 | total time: 143.54m | eta: 151.3m
step 02127/04357 (48.82%) | loss: 2.912916 | lrm: 1.00 | dt: 4079.00ms | tok/sec: 257,066 | bf16_mfu: 46.24 | epoch: 1 | total time: 143.61m | eta: 151.3m
step 02128/04357 (48.84%) | loss: 2.918176 | lrm: 1.00 | dt: 4063.75ms | tok/sec: 258,031 | bf16_mfu: 46.42 | epoch: 1 | total time: 143.68m | eta: 151.2m
step 02129/04357 (48.86%) | loss: 2.914850 | lrm: 1.00 | dt: 4069.10ms | tok/sec: 257,692 | bf16_mfu: 46.36 | epoch: 1 | total time: 143.74m | eta: 151.1m
step 02130/04357 (48.89%) | loss: 2.915173 | lrm: 1.00 | dt: 4078.27ms | tok/sec: 257,112 | bf16_mfu: 46.25 | epoch: 1 | total time: 143.81m | eta: 151.1m
step 02131/04357 (48.91%) | loss: 2.920825 | lrm: 1.00 | dt: 4066.91ms | tok/sec: 257,831 | bf16_mfu: 46.38 | epoch: 1 | total time: 143.88m | eta: 151.0m
step 02132/04357 (48.93%) | loss: 2.925239 | lrm: 1.00 | dt: 4067.96ms | tok/sec: 257,764 | bf16_mfu: 46.37 | epoch: 1 | total time: 143.95m | eta: 150.9m
step 02133/04357 (48.96%) | loss: 2.921173 | lrm: 1.00 | dt: 4074.04ms | tok/sec: 257,379 | bf16_mfu: 46.30 | epoch: 1 | total time: 144.02m | eta: 150.9m
step 02134/04357 (48.98%) | loss: 2.929695 | lrm: 1.00 | dt: 4070.77ms | tok/sec: 257,586 | bf16_mfu: 46.34 | epoch: 1 | total time: 144.08m | eta: 150.8m
step 02135/04357 (49.00%) | loss: 2.931472 | lrm: 1.00 | dt: 4059.74ms | tok/sec: 258,286 | bf16_mfu: 46.46 | epoch: 1 | total time: 144.15m | eta: 150.7m
step 02136/04357 (49.02%) | loss: 2.928004 | lrm: 1.00 | dt: 4069.08ms | tok/sec: 257,693 | bf16_mfu: 46.36 | epoch: 1 | total time: 144.22m | eta: 150.7m
step 02137/04357 (49.05%) | loss: 2.920333 | lrm: 1.00 | dt: 4073.39ms | tok/sec: 257,421 | bf16_mfu: 46.31 | epoch: 1 | total time: 144.29m | eta: 150.6m
step 02138/04357 (49.07%) | loss: 2.920232 | lrm: 1.00 | dt: 4080.65ms | tok/sec: 256,963 | bf16_mfu: 46.23 | epoch: 1 | total time: 144.35m | eta: 150.5m
step 02139/04357 (49.09%) | loss: 2.926578 | lrm: 1.00 | dt: 4074.74ms | tok/sec: 257,335 | bf16_mfu: 46.29 | epoch: 1 | total time: 144.42m | eta: 150.5m
step 02140/04357 (49.12%) | loss: 2.919707 | lrm: 1.00 | dt: 4085.72ms | tok/sec: 256,643 | bf16_mfu: 46.17 | epoch: 1 | total time: 144.49m | eta: 150.4m
step 02141/04357 (49.14%) | loss: 2.903834 | lrm: 1.00 | dt: 4059.71ms | tok/sec: 258,288 | bf16_mfu: 46.46 | epoch: 1 | total time: 144.56m | eta: 150.3m
step 02142/04357 (49.16%) | loss: 2.902073 | lrm: 1.00 | dt: 4081.10ms | tok/sec: 256,934 | bf16_mfu: 46.22 | epoch: 1 | total time: 144.63m | eta: 150.3m
step 02143/04357 (49.19%) | loss: 2.894955 | lrm: 1.00 | dt: 4061.85ms | tok/sec: 258,152 | bf16_mfu: 46.44 | epoch: 1 | total time: 144.69m | eta: 150.2m
step 02144/04357 (49.21%) | loss: 2.893573 | lrm: 1.00 | dt: 4085.28ms | tok/sec: 256,671 | bf16_mfu: 46.17 | epoch: 1 | total time: 144.76m | eta: 150.1m
step 02145/04357 (49.23%) | loss: 2.901324 | lrm: 1.00 | dt: 4071.08ms | tok/sec: 257,566 | bf16_mfu: 46.33 | epoch: 1 | total time: 144.83m | eta: 150.1m
step 02146/04357 (49.25%) | loss: 2.892987 | lrm: 1.00 | dt: 4083.73ms | tok/sec: 256,769 | bf16_mfu: 46.19 | epoch: 1 | total time: 144.90m | eta: 150.0m
step 02147/04357 (49.28%) | loss: 2.887915 | lrm: 1.00 | dt: 4066.12ms | tok/sec: 257,880 | bf16_mfu: 46.39 | epoch: 1 | total time: 144.97m | eta: 149.9m
step 02148/04357 (49.30%) | loss: 2.879948 | lrm: 1.00 | dt: 4079.44ms | tok/sec: 257,039 | bf16_mfu: 46.24 | epoch: 1 | total time: 145.03m | eta: 149.9m
step 02149/04357 (49.32%) | loss: 2.877965 | lrm: 1.00 | dt: 4067.30ms | tok/sec: 257,806 | bf16_mfu: 46.38 | epoch: 1 | total time: 145.10m | eta: 149.8m
step 02150/04357 (49.35%) | loss: 2.873903 | lrm: 1.00 | dt: 4071.46ms | tok/sec: 257,543 | bf16_mfu: 46.33 | epoch: 1 | total time: 145.17m | eta: 149.7m
step 02151/04357 (49.37%) | loss: 2.870080 | lrm: 1.00 | dt: 4066.14ms | tok/sec: 257,880 | bf16_mfu: 46.39 | epoch: 1 | total time: 145.24m | eta: 149.6m
step 02152/04357 (49.39%) | loss: 2.860801 | lrm: 1.00 | dt: 4083.41ms | tok/sec: 256,789 | bf16_mfu: 46.19 | epoch: 1 | total time: 145.31m | eta: 149.6m
step 02153/04357 (49.41%) | loss: 2.857573 | lrm: 1.00 | dt: 4071.92ms | tok/sec: 257,514 | bf16_mfu: 46.32 | epoch: 1 | total time: 145.37m | eta: 149.5m
step 02154/04357 (49.44%) | loss: 2.862256 | lrm: 1.00 | dt: 4060.10ms | tok/sec: 258,263 | bf16_mfu: 46.46 | epoch: 1 | total time: 145.44m | eta: 149.4m
step 02155/04357 (49.46%) | loss: 2.864553 | lrm: 1.00 | dt: 4074.91ms | tok/sec: 257,325 | bf16_mfu: 46.29 | epoch: 1 | total time: 145.51m | eta: 149.4m
step 02156/04357 (49.48%) | loss: 2.868362 | lrm: 1.00 | dt: 4061.16ms | tok/sec: 258,196 | bf16_mfu: 46.45 | epoch: 1 | total time: 145.58m | eta: 149.3m
step 02157/04357 (49.51%) | loss: 2.876530 | lrm: 1.00 | dt: 4063.16ms | tok/sec: 258,069 | bf16_mfu: 46.42 | epoch: 1 | total time: 145.64m | eta: 149.2m
step 02158/04357 (49.53%) | loss: 2.883528 | lrm: 1.00 | dt: 4085.50ms | tok/sec: 256,657 | bf16_mfu: 46.17 | epoch: 1 | total time: 145.71m | eta: 149.2m
step 02159/04357 (49.55%) | loss: 2.891170 | lrm: 1.00 | dt: 4079.50ms | tok/sec: 257,035 | bf16_mfu: 46.24 | epoch: 1 | total time: 145.78m | eta: 149.1m
step 02160/04357 (49.58%) | loss: 2.894988 | lrm: 1.00 | dt: 4056.27ms | tok/sec: 258,507 | bf16_mfu: 46.50 | epoch: 1 | total time: 145.85m | eta: 149.0m
step 02161/04357 (49.60%) | loss: 2.896057 | lrm: 1.00 | dt: 4055.85ms | tok/sec: 258,534 | bf16_mfu: 46.51 | epoch: 1 | total time: 145.92m | eta: 149.0m
step 02162/04357 (49.62%) | loss: 2.885517 | lrm: 1.00 | dt: 4072.85ms | tok/sec: 257,455 | bf16_mfu: 46.31 | epoch: 1 | total time: 145.98m | eta: 148.9m
step 02163/04357 (49.64%) | loss: 2.879974 | lrm: 1.00 | dt: 4062.23ms | tok/sec: 258,128 | bf16_mfu: 46.44 | epoch: 1 | total time: 146.05m | eta: 148.8m
step 02164/04357 (49.67%) | loss: 2.872552 | lrm: 1.00 | dt: 4071.61ms | tok/sec: 257,533 | bf16_mfu: 46.33 | epoch: 1 | total time: 146.12m | eta: 148.8m
step 02165/04357 (49.69%) | loss: 2.871636 | lrm: 1.00 | dt: 4078.43ms | tok/sec: 257,103 | bf16_mfu: 46.25 | epoch: 1 | total time: 146.19m | eta: 148.7m
step 02166/04357 (49.71%) | loss: 2.871036 | lrm: 1.00 | dt: 4072.66ms | tok/sec: 257,467 | bf16_mfu: 46.32 | epoch: 1 | total time: 146.25m | eta: 148.6m
step 02167/04357 (49.74%) | loss: 2.872764 | lrm: 1.00 | dt: 4071.77ms | tok/sec: 257,523 | bf16_mfu: 46.33 | epoch: 1 | total time: 146.32m | eta: 148.6m
step 02168/04357 (49.76%) | loss: 2.875017 | lrm: 1.00 | dt: 4069.90ms | tok/sec: 257,641 | bf16_mfu: 46.35 | epoch: 1 | total time: 146.39m | eta: 148.5m
step 02169/04357 (49.78%) | loss: 2.876367 | lrm: 1.00 | dt: 4063.08ms | tok/sec: 258,074 | bf16_mfu: 46.43 | epoch: 1 | total time: 146.46m | eta: 148.4m
step 02170/04357 (49.80%) | loss: 2.871858 | lrm: 1.00 | dt: 4067.68ms | tok/sec: 257,782 | bf16_mfu: 46.37 | epoch: 1 | total time: 146.53m | eta: 148.4m
step 02171/04357 (49.83%) | loss: 2.880607 | lrm: 1.00 | dt: 4058.96ms | tok/sec: 258,336 | bf16_mfu: 46.47 | epoch: 1 | total time: 146.59m | eta: 148.3m
step 02172/04357 (49.85%) | loss: 2.891214 | lrm: 1.00 | dt: 4070.00ms | tok/sec: 257,635 | bf16_mfu: 46.35 | epoch: 1 | total time: 146.66m | eta: 148.2m
step 02173/04357 (49.87%) | loss: 2.893373 | lrm: 1.00 | dt: 4064.23ms | tok/sec: 258,000 | bf16_mfu: 46.41 | epoch: 1 | total time: 146.73m | eta: 148.2m
step 02174/04357 (49.90%) | loss: 2.895406 | lrm: 1.00 | dt: 4058.30ms | tok/sec: 258,378 | bf16_mfu: 46.48 | epoch: 1 | total time: 146.80m | eta: 148.1m
step 02175/04357 (49.92%) | loss: 2.898480 | lrm: 1.00 | dt: 4070.31ms | tok/sec: 257,615 | bf16_mfu: 46.34 | epoch: 1 | total time: 146.86m | eta: 148.0m
step 02176/04357 (49.94%) | loss: 2.898377 | lrm: 1.00 | dt: 4072.21ms | tok/sec: 257,495 | bf16_mfu: 46.32 | epoch: 1 | total time: 146.93m | eta: 148.0m
step 02177/04357 (49.97%) | loss: 2.900699 | lrm: 1.00 | dt: 4051.61ms | tok/sec: 258,804 | bf16_mfu: 46.56 | epoch: 1 | total time: 147.00m | eta: 147.9m
step 02178/04357 (49.99%) | loss: 2.902157 | lrm: 1.00 | dt: 4076.08ms | tok/sec: 257,251 | bf16_mfu: 46.28 | epoch: 1 | total time: 147.07m | eta: 147.8m
step 02179/04357 (50.01%) | loss: 2.898142 | lrm: 1.00 | dt: 4063.80ms | tok/sec: 258,028 | bf16_mfu: 46.42 | epoch: 1 | total time: 147.14m | eta: 147.7m
step 02180/04357 (50.03%) | loss: 2.889509 | lrm: 1.00 | dt: 4071.37ms | tok/sec: 257,548 | bf16_mfu: 46.33 | epoch: 1 | total time: 147.20m | eta: 147.7m
step 02181/04357 (50.06%) | loss: 2.890803 | lrm: 1.00 | dt: 4064.69ms | tok/sec: 257,971 | bf16_mfu: 46.41 | epoch: 1 | total time: 147.27m | eta: 147.6m
step 02182/04357 (50.08%) | loss: 2.889432 | lrm: 1.00 | dt: 4072.35ms | tok/sec: 257,486 | bf16_mfu: 46.32 | epoch: 1 | total time: 147.34m | eta: 147.5m
step 02183/04357 (50.10%) | loss: 2.889320 | lrm: 1.00 | dt: 4058.06ms | tok/sec: 258,393 | bf16_mfu: 46.48 | epoch: 1 | total time: 147.41m | eta: 147.5m
step 02184/04357 (50.13%) | loss: 2.876220 | lrm: 1.00 | dt: 4067.12ms | tok/sec: 257,818 | bf16_mfu: 46.38 | epoch: 1 | total time: 147.47m | eta: 147.4m
step 02185/04357 (50.15%) | loss: 2.892933 | lrm: 1.00 | dt: 4070.87ms | tok/sec: 257,580 | bf16_mfu: 46.34 | epoch: 1 | total time: 147.54m | eta: 147.3m
step 02186/04357 (50.17%) | loss: 2.888659 | lrm: 1.00 | dt: 4060.08ms | tok/sec: 258,264 | bf16_mfu: 46.46 | epoch: 1 | total time: 147.61m | eta: 147.3m
step 02187/04357 (50.20%) | loss: 2.896908 | lrm: 1.00 | dt: 4065.07ms | tok/sec: 257,947 | bf16_mfu: 46.40 | epoch: 1 | total time: 147.68m | eta: 147.2m
step 02188/04357 (50.22%) | loss: 2.892105 | lrm: 1.00 | dt: 4067.82ms | tok/sec: 257,773 | bf16_mfu: 46.37 | epoch: 1 | total time: 147.75m | eta: 147.1m
step 02189/04357 (50.24%) | loss: 2.886906 | lrm: 1.00 | dt: 4065.39ms | tok/sec: 257,927 | bf16_mfu: 46.40 | epoch: 1 | total time: 147.81m | eta: 147.1m
step 02190/04357 (50.26%) | loss: 2.895783 | lrm: 0.99 | dt: 4063.93ms | tok/sec: 258,020 | bf16_mfu: 46.42 | epoch: 1 | total time: 147.88m | eta: 147.0m
step 02191/04357 (50.29%) | loss: 2.894737 | lrm: 0.99 | dt: 4064.16ms | tok/sec: 258,005 | bf16_mfu: 46.41 | epoch: 1 | total time: 147.95m | eta: 146.9m
step 02192/04357 (50.31%) | loss: 2.882359 | lrm: 0.99 | dt: 4063.15ms | tok/sec: 258,069 | bf16_mfu: 46.42 | epoch: 1 | total time: 148.02m | eta: 146.9m
step 02193/04357 (50.33%) | loss: 2.882179 | lrm: 0.99 | dt: 4066.15ms | tok/sec: 257,879 | bf16_mfu: 46.39 | epoch: 1 | total time: 148.08m | eta: 146.8m
step 02194/04357 (50.36%) | loss: 2.884515 | lrm: 0.99 | dt: 4068.60ms | tok/sec: 257,724 | bf16_mfu: 46.36 | epoch: 1 | total time: 148.15m | eta: 146.7m
step 02195/04357 (50.38%) | loss: 2.884981 | lrm: 0.99 | dt: 4088.39ms | tok/sec: 256,476 | bf16_mfu: 46.14 | epoch: 1 | total time: 148.22m | eta: 146.7m
step 02196/04357 (50.40%) | loss: 2.889274 | lrm: 0.99 | dt: 4069.61ms | tok/sec: 257,659 | bf16_mfu: 46.35 | epoch: 1 | total time: 148.29m | eta: 146.6m
step 02197/04357 (50.42%) | loss: 2.884975 | lrm: 0.99 | dt: 4067.04ms | tok/sec: 257,823 | bf16_mfu: 46.38 | epoch: 1 | total time: 148.36m | eta: 146.5m
step 02198/04357 (50.45%) | loss: 2.878077 | lrm: 0.99 | dt: 4068.56ms | tok/sec: 257,726 | bf16_mfu: 46.36 | epoch: 1 | total time: 148.42m | eta: 146.5m
step 02199/04357 (50.47%) | loss: 2.889777 | lrm: 0.99 | dt: 4068.03ms | tok/sec: 257,760 | bf16_mfu: 46.37 | epoch: 1 | total time: 148.49m | eta: 146.4m
step 02200/04357 (50.49%) | loss: 2.887536 | lrm: 0.99 | dt: 4067.42ms | tok/sec: 257,798 | bf16_mfu: 46.38 | epoch: 1 | total time: 148.56m | eta: 146.3m
step 02201/04357 (50.52%) | loss: 2.884282 | lrm: 0.99 | dt: 4074.66ms | tok/sec: 257,340 | bf16_mfu: 46.29 | epoch: 1 | total time: 148.63m | eta: 146.3m
step 02202/04357 (50.54%) | loss: 2.883092 | lrm: 0.99 | dt: 4071.00ms | tok/sec: 257,571 | bf16_mfu: 46.34 | epoch: 1 | total time: 148.70m | eta: 146.2m
step 02203/04357 (50.56%) | loss: 2.884234 | lrm: 0.99 | dt: 4072.90ms | tok/sec: 257,451 | bf16_mfu: 46.31 | epoch: 1 | total time: 148.76m | eta: 146.1m
step 02204/04357 (50.59%) | loss: 2.888741 | lrm: 0.99 | dt: 4061.37ms | tok/sec: 258,182 | bf16_mfu: 46.44 | epoch: 1 | total time: 148.83m | eta: 146.0m
step 02205/04357 (50.61%) | loss: 2.880324 | lrm: 0.99 | dt: 4068.94ms | tok/sec: 257,702 | bf16_mfu: 46.36 | epoch: 1 | total time: 148.90m | eta: 146.0m
step 02206/04357 (50.63%) | loss: 2.886916 | lrm: 0.99 | dt: 4077.92ms | tok/sec: 257,134 | bf16_mfu: 46.26 | epoch: 1 | total time: 148.97m | eta: 145.9m
step 02207/04357 (50.65%) | loss: 2.885855 | lrm: 0.99 | dt: 4060.61ms | tok/sec: 258,231 | bf16_mfu: 46.45 | epoch: 1 | total time: 149.03m | eta: 145.8m
step 02208/04357 (50.68%) | loss: 2.878247 | lrm: 0.99 | dt: 4068.39ms | tok/sec: 257,737 | bf16_mfu: 46.36 | epoch: 1 | total time: 149.10m | eta: 145.8m
step 02209/04357 (50.70%) | loss: 2.865800 | lrm: 0.99 | dt: 4070.63ms | tok/sec: 257,595 | bf16_mfu: 46.34 | epoch: 1 | total time: 149.17m | eta: 145.7m
step 02210/04357 (50.72%) | loss: 2.870296 | lrm: 0.99 | dt: 4065.46ms | tok/sec: 257,922 | bf16_mfu: 46.40 | epoch: 1 | total time: 149.24m | eta: 145.6m
step 02211/04357 (50.75%) | loss: 2.874780 | lrm: 0.99 | dt: 4055.27ms | tok/sec: 258,571 | bf16_mfu: 46.51 | epoch: 1 | total time: 149.31m | eta: 145.6m
step 02212/04357 (50.77%) | loss: 2.872448 | lrm: 0.98 | dt: 4071.50ms | tok/sec: 257,540 | bf16_mfu: 46.33 | epoch: 1 | total time: 149.37m | eta: 145.5m
step 02213/04357 (50.79%) | loss: 2.874528 | lrm: 0.98 | dt: 4066.70ms | tok/sec: 257,844 | bf16_mfu: 46.38 | epoch: 1 | total time: 149.44m | eta: 145.4m
step 02214/04357 (50.81%) | loss: 2.868679 | lrm: 0.98 | dt: 4071.64ms | tok/sec: 257,531 | bf16_mfu: 46.33 | epoch: 1 | total time: 149.51m | eta: 145.4m
step 02215/04357 (50.84%) | loss: 2.861313 | lrm: 0.98 | dt: 4084.08ms | tok/sec: 256,747 | bf16_mfu: 46.19 | epoch: 1 | total time: 149.58m | eta: 145.3m
step 02216/04357 (50.86%) | loss: 2.861686 | lrm: 0.98 | dt: 4062.67ms | tok/sec: 258,100 | bf16_mfu: 46.43 | epoch: 1 | total time: 149.64m | eta: 145.2m
step 02217/04357 (50.88%) | loss: 2.861445 | lrm: 0.98 | dt: 4075.00ms | tok/sec: 257,319 | bf16_mfu: 46.29 | epoch: 1 | total time: 149.71m | eta: 145.2m
step 02218/04357 (50.91%) | loss: 2.867083 | lrm: 0.98 | dt: 4072.35ms | tok/sec: 257,486 | bf16_mfu: 46.32 | epoch: 1 | total time: 149.78m | eta: 145.1m
step 02219/04357 (50.93%) | loss: 2.874900 | lrm: 0.98 | dt: 4060.61ms | tok/sec: 258,231 | bf16_mfu: 46.45 | epoch: 1 | total time: 149.85m | eta: 145.0m
step 02220/04357 (50.95%) | loss: 2.863479 | lrm: 0.98 | dt: 4068.33ms | tok/sec: 257,741 | bf16_mfu: 46.37 | epoch: 1 | total time: 149.92m | eta: 145.0m
step 02221/04357 (50.98%) | loss: 2.864861 | lrm: 0.98 | dt: 4068.01ms | tok/sec: 257,761 | bf16_mfu: 46.37 | epoch: 1 | total time: 149.98m | eta: 144.9m
step 02222/04357 (51.00%) | loss: 2.854724 | lrm: 0.98 | dt: 4069.00ms | tok/sec: 257,698 | bf16_mfu: 46.36 | epoch: 1 | total time: 150.05m | eta: 144.8m
step 02223/04357 (51.02%) | loss: 2.860394 | lrm: 0.98 | dt: 4065.09ms | tok/sec: 257,946 | bf16_mfu: 46.40 | epoch: 1 | total time: 150.12m | eta: 144.8m
step 02224/04357 (51.04%) | loss: 2.869415 | lrm: 0.98 | dt: 4072.08ms | tok/sec: 257,503 | bf16_mfu: 46.32 | epoch: 1 | total time: 150.19m | eta: 144.7m
step 02225/04357 (51.07%) | loss: 2.857928 | lrm: 0.98 | dt: 4076.86ms | tok/sec: 257,201 | bf16_mfu: 46.27 | epoch: 1 | total time: 150.26m | eta: 144.6m
step 02226/04357 (51.09%) | loss: 2.859500 | lrm: 0.98 | dt: 4077.35ms | tok/sec: 257,170 | bf16_mfu: 46.26 | epoch: 1 | total time: 150.32m | eta: 144.6m
step 02227/04357 (51.11%) | loss: 2.867630 | lrm: 0.98 | dt: 4073.27ms | tok/sec: 257,428 | bf16_mfu: 46.31 | epoch: 1 | total time: 150.39m | eta: 144.5m
step 02228/04357 (51.14%) | loss: 2.853710 | lrm: 0.98 | dt: 4077.50ms | tok/sec: 257,161 | bf16_mfu: 46.26 | epoch: 1 | total time: 150.46m | eta: 144.4m
step 02229/04357 (51.16%) | loss: 2.861542 | lrm: 0.98 | dt: 4063.61ms | tok/sec: 258,040 | bf16_mfu: 46.42 | epoch: 1 | total time: 150.53m | eta: 144.4m
step 02230/04357 (51.18%) | loss: 2.856691 | lrm: 0.98 | dt: 4074.09ms | tok/sec: 257,377 | bf16_mfu: 46.30 | epoch: 1 | total time: 150.59m | eta: 144.3m
step 02231/04357 (51.20%) | loss: 2.859501 | lrm: 0.98 | dt: 4075.00ms | tok/sec: 257,319 | bf16_mfu: 46.29 | epoch: 1 | total time: 150.66m | eta: 144.2m
step 02232/04357 (51.23%) | loss: 2.880934 | lrm: 0.98 | dt: 4064.87ms | tok/sec: 257,960 | bf16_mfu: 46.40 | epoch: 1 | total time: 150.73m | eta: 144.2m
step 02233/04357 (51.25%) | loss: 2.874043 | lrm: 0.98 | dt: 4074.97ms | tok/sec: 257,321 | bf16_mfu: 46.29 | epoch: 1 | total time: 150.80m | eta: 144.1m
step 02234/04357 (51.27%) | loss: 2.876960 | lrm: 0.97 | dt: 4064.89ms | tok/sec: 257,959 | bf16_mfu: 46.40 | epoch: 1 | total time: 150.87m | eta: 144.0m
step 02235/04357 (51.30%) | loss: 2.882605 | lrm: 0.97 | dt: 4080.87ms | tok/sec: 256,948 | bf16_mfu: 46.22 | epoch: 1 | total time: 150.93m | eta: 143.9m
step 02236/04357 (51.32%) | loss: 2.870547 | lrm: 0.97 | dt: 4060.95ms | tok/sec: 258,209 | bf16_mfu: 46.45 | epoch: 1 | total time: 151.00m | eta: 143.9m
step 02237/04357 (51.34%) | loss: 2.874913 | lrm: 0.97 | dt: 4089.40ms | tok/sec: 256,413 | bf16_mfu: 46.13 | epoch: 1 | total time: 151.07m | eta: 143.8m
step 02238/04357 (51.37%) | loss: 2.870294 | lrm: 0.97 | dt: 4077.02ms | tok/sec: 257,191 | bf16_mfu: 46.27 | epoch: 1 | total time: 151.14m | eta: 143.7m
step 02239/04357 (51.39%) | loss: 2.864332 | lrm: 0.97 | dt: 4073.38ms | tok/sec: 257,421 | bf16_mfu: 46.31 | epoch: 1 | total time: 151.21m | eta: 143.7m
step 02240/04357 (51.41%) | loss: 2.871646 | lrm: 0.97 | dt: 4076.31ms | tok/sec: 257,236 | bf16_mfu: 46.27 | epoch: 1 | total time: 151.27m | eta: 143.6m
step 02241/04357 (51.43%) | loss: 2.872474 | lrm: 0.97 | dt: 4065.77ms | tok/sec: 257,903 | bf16_mfu: 46.39 | epoch: 1 | total time: 151.34m | eta: 143.5m
step 02242/04357 (51.46%) | loss: 2.856545 | lrm: 0.97 | dt: 4086.76ms | tok/sec: 256,578 | bf16_mfu: 46.16 | epoch: 1 | total time: 151.41m | eta: 143.5m
step 02243/04357 (51.48%) | loss: 2.860075 | lrm: 0.97 | dt: 4071.06ms | tok/sec: 257,568 | bf16_mfu: 46.33 | epoch: 1 | total time: 151.48m | eta: 143.4m
step 02244/04357 (51.50%) | loss: 2.861364 | lrm: 0.97 | dt: 4071.93ms | tok/sec: 257,513 | bf16_mfu: 46.32 | epoch: 1 | total time: 151.55m | eta: 143.3m
step 02245/04357 (51.53%) | loss: 2.880632 | lrm: 0.97 | dt: 4080.67ms | tok/sec: 256,961 | bf16_mfu: 46.23 | epoch: 1 | total time: 151.61m | eta: 143.3m
step 02246/04357 (51.55%) | loss: 2.872430 | lrm: 0.97 | dt: 4069.14ms | tok/sec: 257,690 | bf16_mfu: 46.36 | epoch: 1 | total time: 151.68m | eta: 143.2m
step 02247/04357 (51.57%) | loss: 2.876003 | lrm: 0.97 | dt: 4062.36ms | tok/sec: 258,119 | bf16_mfu: 46.43 | epoch: 1 | total time: 151.75m | eta: 143.1m
step 02248/04357 (51.60%) | loss: 2.864215 | lrm: 0.97 | dt: 4071.21ms | tok/sec: 257,559 | bf16_mfu: 46.33 | epoch: 1 | total time: 151.82m | eta: 143.1m
step 02249/04357 (51.62%) | loss: 2.861730 | lrm: 0.97 | dt: 4069.17ms | tok/sec: 257,687 | bf16_mfu: 46.36 | epoch: 1 | total time: 151.88m | eta: 143.0m
Step 02250 | Validation bpb: 0.876028
step 02250/04357 (51.64%) | loss: 2.866808 | lrm: 0.97 | dt: 4070.41ms | tok/sec: 257,609 | bf16_mfu: 46.34 | epoch: 1 | total time: 151.95m | eta: 142.9m
step 02251/04357 (51.66%) | loss: 2.873806 | lrm: 0.97 | dt: 4059.47ms | tok/sec: 258,303 | bf16_mfu: 46.47 | epoch: 1 | total time: 152.02m | eta: 142.9m
step 02252/04357 (51.69%) | loss: 2.867597 | lrm: 0.97 | dt: 4061.82ms | tok/sec: 258,154 | bf16_mfu: 46.44 | epoch: 1 | total time: 152.09m | eta: 142.8m
step 02253/04357 (51.71%) | loss: 2.872353 | lrm: 0.97 | dt: 4068.48ms | tok/sec: 257,731 | bf16_mfu: 46.36 | epoch: 1 | total time: 152.16m | eta: 142.7m
step 02254/04357 (51.73%) | loss: 2.872771 | lrm: 0.97 | dt: 4074.34ms | tok/sec: 257,361 | bf16_mfu: 46.30 | epoch: 1 | total time: 152.22m | eta: 142.7m
step 02255/04357 (51.76%) | loss: 2.891832 | lrm: 0.97 | dt: 4073.30ms | tok/sec: 257,426 | bf16_mfu: 46.31 | epoch: 1 | total time: 152.29m | eta: 142.6m
step 02256/04357 (51.78%) | loss: 2.898245 | lrm: 0.96 | dt: 4066.33ms | tok/sec: 257,868 | bf16_mfu: 46.39 | epoch: 1 | total time: 152.36m | eta: 142.5m
step 02257/04357 (51.80%) | loss: 2.886826 | lrm: 0.96 | dt: 4067.56ms | tok/sec: 257,790 | bf16_mfu: 46.37 | epoch: 1 | total time: 152.43m | eta: 142.5m
step 02258/04357 (51.82%) | loss: 2.887293 | lrm: 0.96 | dt: 4066.44ms | tok/sec: 257,860 | bf16_mfu: 46.39 | epoch: 1 | total time: 152.49m | eta: 142.4m
step 02259/04357 (51.85%) | loss: 2.885815 | lrm: 0.96 | dt: 4053.45ms | tok/sec: 258,687 | bf16_mfu: 46.54 | epoch: 1 | total time: 152.56m | eta: 142.3m
step 02260/04357 (51.87%) | loss: 2.889393 | lrm: 0.96 | dt: 4053.92ms | tok/sec: 258,657 | bf16_mfu: 46.53 | epoch: 1 | total time: 152.63m | eta: 142.3m
step 02261/04357 (51.89%) | loss: 2.884790 | lrm: 0.96 | dt: 4058.28ms | tok/sec: 258,379 | bf16_mfu: 46.48 | epoch: 1 | total time: 152.70m | eta: 142.2m
step 02262/04357 (51.92%) | loss: 2.883777 | lrm: 0.96 | dt: 4064.83ms | tok/sec: 257,962 | bf16_mfu: 46.41 | epoch: 1 | total time: 152.76m | eta: 142.1m
step 02263/04357 (51.94%) | loss: 2.888856 | lrm: 0.96 | dt: 4074.39ms | tok/sec: 257,357 | bf16_mfu: 46.30 | epoch: 1 | total time: 152.83m | eta: 142.0m
step 02264/04357 (51.96%) | loss: 2.885909 | lrm: 0.96 | dt: 4057.94ms | tok/sec: 258,400 | bf16_mfu: 46.48 | epoch: 1 | total time: 152.90m | eta: 142.0m
step 02265/04357 (51.99%) | loss: 2.885823 | lrm: 0.96 | dt: 4054.55ms | tok/sec: 258,617 | bf16_mfu: 46.52 | epoch: 1 | total time: 152.97m | eta: 141.9m
step 02266/04357 (52.01%) | loss: 2.882258 | lrm: 0.96 | dt: 4055.75ms | tok/sec: 258,540 | bf16_mfu: 46.51 | epoch: 1 | total time: 153.04m | eta: 141.8m
step 02267/04357 (52.03%) | loss: 2.879157 | lrm: 0.96 | dt: 4056.57ms | tok/sec: 258,488 | bf16_mfu: 46.50 | epoch: 1 | total time: 153.10m | eta: 141.8m
step 02268/04357 (52.05%) | loss: 2.870648 | lrm: 0.96 | dt: 4056.86ms | tok/sec: 258,469 | bf16_mfu: 46.50 | epoch: 1 | total time: 153.17m | eta: 141.7m
step 02269/04357 (52.08%) | loss: 2.858944 | lrm: 0.96 | dt: 4068.26ms | tok/sec: 257,745 | bf16_mfu: 46.37 | epoch: 1 | total time: 153.24m | eta: 141.6m
step 02270/04357 (52.10%) | loss: 2.855240 | lrm: 0.96 | dt: 4061.67ms | tok/sec: 258,163 | bf16_mfu: 46.44 | epoch: 1 | total time: 153.31m | eta: 141.6m
step 02271/04357 (52.12%) | loss: 2.867645 | lrm: 0.96 | dt: 4062.75ms | tok/sec: 258,095 | bf16_mfu: 46.43 | epoch: 1 | total time: 153.37m | eta: 141.5m
step 02272/04357 (52.15%) | loss: 2.876720 | lrm: 0.96 | dt: 4062.08ms | tok/sec: 258,137 | bf16_mfu: 46.44 | epoch: 1 | total time: 153.44m | eta: 141.4m
step 02273/04357 (52.17%) | loss: 2.868392 | lrm: 0.96 | dt: 4060.26ms | tok/sec: 258,253 | bf16_mfu: 46.46 | epoch: 1 | total time: 153.51m | eta: 141.4m
step 02274/04357 (52.19%) | loss: 2.866143 | lrm: 0.96 | dt: 4063.48ms | tok/sec: 258,048 | bf16_mfu: 46.42 | epoch: 1 | total time: 153.58m | eta: 141.3m
step 02275/04357 (52.21%) | loss: 2.875361 | lrm: 0.96 | dt: 4074.08ms | tok/sec: 257,377 | bf16_mfu: 46.30 | epoch: 1 | total time: 153.65m | eta: 141.2m
step 02276/04357 (52.24%) | loss: 2.887759 | lrm: 0.96 | dt: 4063.74ms | tok/sec: 258,032 | bf16_mfu: 46.42 | epoch: 1 | total time: 153.71m | eta: 141.2m
step 02277/04357 (52.26%) | loss: 2.899791 | lrm: 0.96 | dt: 4074.80ms | tok/sec: 257,332 | bf16_mfu: 46.29 | epoch: 1 | total time: 153.78m | eta: 141.1m
step 02278/04357 (52.28%) | loss: 2.897783 | lrm: 0.95 | dt: 4053.21ms | tok/sec: 258,702 | bf16_mfu: 46.54 | epoch: 1 | total time: 153.85m | eta: 141.0m
step 02279/04357 (52.31%) | loss: 2.898755 | lrm: 0.95 | dt: 4056.73ms | tok/sec: 258,478 | bf16_mfu: 46.50 | epoch: 1 | total time: 153.92m | eta: 141.0m
step 02280/04357 (52.33%) | loss: 2.902864 | lrm: 0.95 | dt: 4053.94ms | tok/sec: 258,656 | bf16_mfu: 46.53 | epoch: 1 | total time: 153.98m | eta: 140.9m
step 02281/04357 (52.35%) | loss: 2.902666 | lrm: 0.95 | dt: 4063.45ms | tok/sec: 258,050 | bf16_mfu: 46.42 | epoch: 1 | total time: 154.05m | eta: 140.8m
step 02282/04357 (52.38%) | loss: 2.890398 | lrm: 0.95 | dt: 4073.87ms | tok/sec: 257,390 | bf16_mfu: 46.30 | epoch: 1 | total time: 154.12m | eta: 140.8m
step 02283/04357 (52.40%) | loss: 2.896153 | lrm: 0.95 | dt: 4037.38ms | tok/sec: 259,717 | bf16_mfu: 46.72 | epoch: 1 | total time: 154.19m | eta: 140.7m
step 02284/04357 (52.42%) | loss: 2.890212 | lrm: 0.95 | dt: 4048.27ms | tok/sec: 259,018 | bf16_mfu: 46.60 | epoch: 1 | total time: 154.25m | eta: 140.6m
step 02285/04357 (52.44%) | loss: 2.890817 | lrm: 0.95 | dt: 4039.32ms | tok/sec: 259,592 | bf16_mfu: 46.70 | epoch: 1 | total time: 154.32m | eta: 140.6m
step 02286/04357 (52.47%) | loss: 2.896305 | lrm: 0.95 | dt: 4055.70ms | tok/sec: 258,543 | bf16_mfu: 46.51 | epoch: 1 | total time: 154.39m | eta: 140.5m
step 02287/04357 (52.49%) | loss: 2.894195 | lrm: 0.95 | dt: 4060.77ms | tok/sec: 258,221 | bf16_mfu: 46.45 | epoch: 1 | total time: 154.46m | eta: 140.4m
step 02288/04357 (52.51%) | loss: 2.900746 | lrm: 0.95 | dt: 4062.27ms | tok/sec: 258,125 | bf16_mfu: 46.43 | epoch: 1 | total time: 154.52m | eta: 140.3m
step 02289/04357 (52.54%) | loss: 2.910078 | lrm: 0.95 | dt: 4065.75ms | tok/sec: 257,904 | bf16_mfu: 46.39 | epoch: 1 | total time: 154.59m | eta: 140.3m
step 02290/04357 (52.56%) | loss: 2.900309 | lrm: 0.95 | dt: 4073.92ms | tok/sec: 257,387 | bf16_mfu: 46.30 | epoch: 1 | total time: 154.66m | eta: 140.2m
step 02291/04357 (52.58%) | loss: 2.898237 | lrm: 0.95 | dt: 4061.14ms | tok/sec: 258,197 | bf16_mfu: 46.45 | epoch: 1 | total time: 154.73m | eta: 140.1m
step 02292/04357 (52.61%) | loss: 2.893896 | lrm: 0.95 | dt: 4050.85ms | tok/sec: 258,853 | bf16_mfu: 46.57 | epoch: 1 | total time: 154.79m | eta: 140.1m
step 02293/04357 (52.63%) | loss: 2.904840 | lrm: 0.95 | dt: 4062.89ms | tok/sec: 258,086 | bf16_mfu: 46.43 | epoch: 1 | total time: 154.86m | eta: 140.0m
step 02294/04357 (52.65%) | loss: 2.907229 | lrm: 0.95 | dt: 4062.47ms | tok/sec: 258,113 | bf16_mfu: 46.43 | epoch: 1 | total time: 154.93m | eta: 139.9m
step 02295/04357 (52.67%) | loss: 2.908647 | lrm: 0.95 | dt: 4053.98ms | tok/sec: 258,653 | bf16_mfu: 46.53 | epoch: 1 | total time: 155.00m | eta: 139.9m
step 02296/04357 (52.70%) | loss: 2.915769 | lrm: 0.95 | dt: 4063.64ms | tok/sec: 258,038 | bf16_mfu: 46.42 | epoch: 1 | total time: 155.07m | eta: 139.8m
step 02297/04357 (52.72%) | loss: 2.908004 | lrm: 0.95 | dt: 4062.14ms | tok/sec: 258,134 | bf16_mfu: 46.44 | epoch: 1 | total time: 155.13m | eta: 139.7m
step 02298/04357 (52.74%) | loss: 2.917114 | lrm: 0.95 | dt: 4045.98ms | tok/sec: 259,164 | bf16_mfu: 46.62 | epoch: 1 | total time: 155.20m | eta: 139.7m
step 02299/04357 (52.77%) | loss: 2.913088 | lrm: 0.94 | dt: 4059.00ms | tok/sec: 258,333 | bf16_mfu: 46.47 | epoch: 1 | total time: 155.27m | eta: 139.6m
step 02300/04357 (52.79%) | loss: 2.905709 | lrm: 0.94 | dt: 4064.12ms | tok/sec: 258,008 | bf16_mfu: 46.41 | epoch: 1 | total time: 155.34m | eta: 139.5m
step 02301/04357 (52.81%) | loss: 2.893806 | lrm: 0.94 | dt: 4059.06ms | tok/sec: 258,329 | bf16_mfu: 46.47 | epoch: 1 | total time: 155.40m | eta: 139.5m
step 02302/04357 (52.83%) | loss: 2.891552 | lrm: 0.94 | dt: 4056.32ms | tok/sec: 258,504 | bf16_mfu: 46.50 | epoch: 1 | total time: 155.47m | eta: 139.4m
step 02303/04357 (52.86%) | loss: 2.883059 | lrm: 0.94 | dt: 4055.53ms | tok/sec: 258,554 | bf16_mfu: 46.51 | epoch: 1 | total time: 155.54m | eta: 139.3m
step 02304/04357 (52.88%) | loss: 2.874780 | lrm: 0.94 | dt: 4073.15ms | tok/sec: 257,436 | bf16_mfu: 46.31 | epoch: 1 | total time: 155.61m | eta: 139.3m
step 02305/04357 (52.90%) | loss: 2.872337 | lrm: 0.94 | dt: 4057.57ms | tok/sec: 258,424 | bf16_mfu: 46.49 | epoch: 1 | total time: 155.67m | eta: 139.2m
step 02306/04357 (52.93%) | loss: 2.877881 | lrm: 0.94 | dt: 4061.73ms | tok/sec: 258,159 | bf16_mfu: 46.44 | epoch: 1 | total time: 155.74m | eta: 139.1m
step 02307/04357 (52.95%) | loss: 2.875599 | lrm: 0.94 | dt: 4078.32ms | tok/sec: 257,109 | bf16_mfu: 46.25 | epoch: 1 | total time: 155.81m | eta: 139.1m
step 02308/04357 (52.97%) | loss: 2.867905 | lrm: 0.94 | dt: 4080.41ms | tok/sec: 256,977 | bf16_mfu: 46.23 | epoch: 1 | total time: 155.88m | eta: 139.0m
step 02309/04357 (53.00%) | loss: 2.874129 | lrm: 0.94 | dt: 4046.91ms | tok/sec: 259,105 | bf16_mfu: 46.61 | epoch: 1 | total time: 155.95m | eta: 138.9m
step 02310/04357 (53.02%) | loss: 2.866188 | lrm: 0.94 | dt: 4033.37ms | tok/sec: 259,975 | bf16_mfu: 46.77 | epoch: 1 | total time: 156.01m | eta: 138.9m
step 02311/04357 (53.04%) | loss: 2.870611 | lrm: 0.94 | dt: 4056.70ms | tok/sec: 258,480 | bf16_mfu: 46.50 | epoch: 1 | total time: 156.08m | eta: 138.8m
step 02312/04357 (53.06%) | loss: 2.874897 | lrm: 0.94 | dt: 4051.94ms | tok/sec: 258,783 | bf16_mfu: 46.55 | epoch: 1 | total time: 156.15m | eta: 138.7m
step 02313/04357 (53.09%) | loss: 2.880317 | lrm: 0.94 | dt: 4037.52ms | tok/sec: 259,708 | bf16_mfu: 46.72 | epoch: 1 | total time: 156.22m | eta: 138.6m
step 02314/04357 (53.11%) | loss: 2.875636 | lrm: 0.94 | dt: 4075.18ms | tok/sec: 257,307 | bf16_mfu: 46.29 | epoch: 1 | total time: 156.28m | eta: 138.6m
step 02315/04357 (53.13%) | loss: 2.888197 | lrm: 0.94 | dt: 4061.30ms | tok/sec: 258,187 | bf16_mfu: 46.45 | epoch: 1 | total time: 156.35m | eta: 138.5m
step 02316/04357 (53.16%) | loss: 2.888172 | lrm: 0.94 | dt: 4052.15ms | tok/sec: 258,770 | bf16_mfu: 46.55 | epoch: 1 | total time: 156.42m | eta: 138.4m
step 02317/04357 (53.18%) | loss: 2.879038 | lrm: 0.94 | dt: 4060.49ms | tok/sec: 258,238 | bf16_mfu: 46.45 | epoch: 1 | total time: 156.49m | eta: 138.4m
step 02318/04357 (53.20%) | loss: 2.875995 | lrm: 0.94 | dt: 4064.61ms | tok/sec: 257,977 | bf16_mfu: 46.41 | epoch: 1 | total time: 156.55m | eta: 138.3m
step 02319/04357 (53.22%) | loss: 2.873227 | lrm: 0.94 | dt: 4063.20ms | tok/sec: 258,066 | bf16_mfu: 46.42 | epoch: 1 | total time: 156.62m | eta: 138.2m
step 02320/04357 (53.25%) | loss: 2.876922 | lrm: 0.94 | dt: 4065.25ms | tok/sec: 257,936 | bf16_mfu: 46.40 | epoch: 1 | total time: 156.69m | eta: 138.2m
step 02321/04357 (53.27%) | loss: 2.858876 | lrm: 0.93 | dt: 4063.74ms | tok/sec: 258,032 | bf16_mfu: 46.42 | epoch: 1 | total time: 156.76m | eta: 138.1m
step 02322/04357 (53.29%) | loss: 2.860060 | lrm: 0.93 | dt: 4056.05ms | tok/sec: 258,521 | bf16_mfu: 46.51 | epoch: 1 | total time: 156.82m | eta: 138.0m
step 02323/04357 (53.32%) | loss: 2.858493 | lrm: 0.93 | dt: 4061.38ms | tok/sec: 258,182 | bf16_mfu: 46.44 | epoch: 1 | total time: 156.89m | eta: 138.0m
step 02324/04357 (53.34%) | loss: 2.854580 | lrm: 0.93 | dt: 4066.05ms | tok/sec: 257,885 | bf16_mfu: 46.39 | epoch: 1 | total time: 156.96m | eta: 137.9m
step 02325/04357 (53.36%) | loss: 2.858929 | lrm: 0.93 | dt: 4059.00ms | tok/sec: 258,333 | bf16_mfu: 46.47 | epoch: 1 | total time: 157.03m | eta: 137.8m
step 02326/04357 (53.39%) | loss: 2.862108 | lrm: 0.93 | dt: 4053.36ms | tok/sec: 258,693 | bf16_mfu: 46.54 | epoch: 1 | total time: 157.10m | eta: 137.8m
step 02327/04357 (53.41%) | loss: 2.871136 | lrm: 0.93 | dt: 4065.08ms | tok/sec: 257,947 | bf16_mfu: 46.40 | epoch: 1 | total time: 157.16m | eta: 137.7m
step 02328/04357 (53.43%) | loss: 2.873201 | lrm: 0.93 | dt: 4030.04ms | tok/sec: 260,189 | bf16_mfu: 46.81 | epoch: 1 | total time: 157.23m | eta: 137.6m
step 02329/04357 (53.45%) | loss: 2.873574 | lrm: 0.93 | dt: 4072.40ms | tok/sec: 257,483 | bf16_mfu: 46.32 | epoch: 1 | total time: 157.30m | eta: 137.6m
step 02330/04357 (53.48%) | loss: 2.867880 | lrm: 0.93 | dt: 4063.72ms | tok/sec: 258,033 | bf16_mfu: 46.42 | epoch: 1 | total time: 157.37m | eta: 137.5m
step 02331/04357 (53.50%) | loss: 2.861918 | lrm: 0.93 | dt: 4066.76ms | tok/sec: 257,840 | bf16_mfu: 46.38 | epoch: 1 | total time: 157.43m | eta: 137.4m
step 02332/04357 (53.52%) | loss: 2.876192 | lrm: 0.93 | dt: 4076.69ms | tok/sec: 257,212 | bf16_mfu: 46.27 | epoch: 1 | total time: 157.50m | eta: 137.4m
step 02333/04357 (53.55%) | loss: 2.871840 | lrm: 0.93 | dt: 4068.46ms | tok/sec: 257,732 | bf16_mfu: 46.36 | epoch: 1 | total time: 157.57m | eta: 137.3m
step 02334/04357 (53.57%) | loss: 2.876991 | lrm: 0.93 | dt: 4062.20ms | tok/sec: 258,130 | bf16_mfu: 46.44 | epoch: 1 | total time: 157.64m | eta: 137.2m
step 02335/04357 (53.59%) | loss: 2.882752 | lrm: 0.93 | dt: 4066.14ms | tok/sec: 257,879 | bf16_mfu: 46.39 | epoch: 1 | total time: 157.70m | eta: 137.2m
step 02336/04357 (53.61%) | loss: 2.874294 | lrm: 0.93 | dt: 4072.22ms | tok/sec: 257,494 | bf16_mfu: 46.32 | epoch: 1 | total time: 157.77m | eta: 137.1m
step 02337/04357 (53.64%) | loss: 2.883783 | lrm: 0.93 | dt: 4073.20ms | tok/sec: 257,433 | bf16_mfu: 46.31 | epoch: 1 | total time: 157.84m | eta: 137.0m
step 02338/04357 (53.66%) | loss: 2.889485 | lrm: 0.93 | dt: 4068.03ms | tok/sec: 257,760 | bf16_mfu: 46.37 | epoch: 1 | total time: 157.91m | eta: 136.9m
step 02339/04357 (53.68%) | loss: 2.886266 | lrm: 0.93 | dt: 4058.20ms | tok/sec: 258,384 | bf16_mfu: 46.48 | epoch: 1 | total time: 157.98m | eta: 136.9m
step 02340/04357 (53.71%) | loss: 2.887911 | lrm: 0.93 | dt: 4061.76ms | tok/sec: 258,158 | bf16_mfu: 46.44 | epoch: 1 | total time: 158.04m | eta: 136.8m
step 02341/04357 (53.73%) | loss: 2.892935 | lrm: 0.93 | dt: 4061.94ms | tok/sec: 258,146 | bf16_mfu: 46.44 | epoch: 1 | total time: 158.11m | eta: 136.7m
step 02342/04357 (53.75%) | loss: 2.893731 | lrm: 0.93 | dt: 4067.92ms | tok/sec: 257,767 | bf16_mfu: 46.37 | epoch: 1 | total time: 158.18m | eta: 136.7m
step 02343/04357 (53.78%) | loss: 2.890792 | lrm: 0.92 | dt: 4064.76ms | tok/sec: 257,967 | bf16_mfu: 46.41 | epoch: 1 | total time: 158.25m | eta: 136.6m
step 02344/04357 (53.80%) | loss: 2.897407 | lrm: 0.92 | dt: 4056.86ms | tok/sec: 258,469 | bf16_mfu: 46.50 | epoch: 1 | total time: 158.31m | eta: 136.5m
step 02345/04357 (53.82%) | loss: 2.887556 | lrm: 0.92 | dt: 4068.00ms | tok/sec: 257,761 | bf16_mfu: 46.37 | epoch: 1 | total time: 158.38m | eta: 136.5m
step 02346/04357 (53.84%) | loss: 2.880356 | lrm: 0.92 | dt: 4066.62ms | tok/sec: 257,849 | bf16_mfu: 46.38 | epoch: 1 | total time: 158.45m | eta: 136.4m
step 02347/04357 (53.87%) | loss: 2.869334 | lrm: 0.92 | dt: 4063.43ms | tok/sec: 258,051 | bf16_mfu: 46.42 | epoch: 1 | total time: 158.52m | eta: 136.3m
step 02348/04357 (53.89%) | loss: 2.878890 | lrm: 0.92 | dt: 4069.19ms | tok/sec: 257,686 | bf16_mfu: 46.36 | epoch: 1 | total time: 158.59m | eta: 136.3m
step 02349/04357 (53.91%) | loss: 2.873188 | lrm: 0.92 | dt: 4075.03ms | tok/sec: 257,317 | bf16_mfu: 46.29 | epoch: 1 | total time: 158.65m | eta: 136.2m
step 02350/04357 (53.94%) | loss: 2.870331 | lrm: 0.92 | dt: 4059.28ms | tok/sec: 258,315 | bf16_mfu: 46.47 | epoch: 1 | total time: 158.72m | eta: 136.1m
step 02351/04357 (53.96%) | loss: 2.859711 | lrm: 0.92 | dt: 4063.93ms | tok/sec: 258,020 | bf16_mfu: 46.42 | epoch: 1 | total time: 158.79m | eta: 136.1m
step 02352/04357 (53.98%) | loss: 2.854289 | lrm: 0.92 | dt: 4071.59ms | tok/sec: 257,535 | bf16_mfu: 46.33 | epoch: 1 | total time: 158.86m | eta: 136.0m
step 02353/04357 (54.01%) | loss: 2.859819 | lrm: 0.92 | dt: 4061.07ms | tok/sec: 258,201 | bf16_mfu: 46.45 | epoch: 1 | total time: 158.92m | eta: 135.9m
step 02354/04357 (54.03%) | loss: 2.863416 | lrm: 0.92 | dt: 4080.35ms | tok/sec: 256,981 | bf16_mfu: 46.23 | epoch: 1 | total time: 158.99m | eta: 135.9m
step 02355/04357 (54.05%) | loss: 2.865460 | lrm: 0.92 | dt: 4053.33ms | tok/sec: 258,695 | bf16_mfu: 46.54 | epoch: 1 | total time: 159.06m | eta: 135.8m
step 02356/04357 (54.07%) | loss: 2.865620 | lrm: 0.92 | dt: 4068.83ms | tok/sec: 257,709 | bf16_mfu: 46.36 | epoch: 1 | total time: 159.13m | eta: 135.7m
step 02357/04357 (54.10%) | loss: 2.864924 | lrm: 0.92 | dt: 4056.33ms | tok/sec: 258,503 | bf16_mfu: 46.50 | epoch: 1 | total time: 159.20m | eta: 135.7m
step 02358/04357 (54.12%) | loss: 2.856371 | lrm: 0.92 | dt: 4081.55ms | tok/sec: 256,906 | bf16_mfu: 46.22 | epoch: 1 | total time: 159.26m | eta: 135.6m
step 02359/04357 (54.14%) | loss: 2.848484 | lrm: 0.92 | dt: 4074.01ms | tok/sec: 257,382 | bf16_mfu: 46.30 | epoch: 1 | total time: 159.33m | eta: 135.5m
step 02360/04357 (54.17%) | loss: 2.851407 | lrm: 0.92 | dt: 4051.09ms | tok/sec: 258,837 | bf16_mfu: 46.56 | epoch: 1 | total time: 159.40m | eta: 135.5m
step 02361/04357 (54.19%) | loss: 2.845603 | lrm: 0.92 | dt: 4066.51ms | tok/sec: 257,856 | bf16_mfu: 46.39 | epoch: 1 | total time: 159.47m | eta: 135.4m
step 02362/04357 (54.21%) | loss: 2.856904 | lrm: 0.92 | dt: 4072.77ms | tok/sec: 257,459 | bf16_mfu: 46.31 | epoch: 1 | total time: 159.53m | eta: 135.3m
step 02363/04357 (54.23%) | loss: 2.864024 | lrm: 0.92 | dt: 4060.05ms | tok/sec: 258,266 | bf16_mfu: 46.46 | epoch: 1 | total time: 159.60m | eta: 135.3m
step 02364/04357 (54.26%) | loss: 2.861653 | lrm: 0.92 | dt: 4066.66ms | tok/sec: 257,846 | bf16_mfu: 46.38 | epoch: 1 | total time: 159.67m | eta: 135.2m
step 02365/04357 (54.28%) | loss: 2.855360 | lrm: 0.91 | dt: 4060.13ms | tok/sec: 258,261 | bf16_mfu: 46.46 | epoch: 1 | total time: 159.74m | eta: 135.1m
step 02366/04357 (54.30%) | loss: 2.855260 | lrm: 0.91 | dt: 4074.66ms | tok/sec: 257,340 | bf16_mfu: 46.29 | epoch: 1 | total time: 159.81m | eta: 135.0m
step 02367/04357 (54.33%) | loss: 2.862766 | lrm: 0.91 | dt: 4070.63ms | tok/sec: 257,595 | bf16_mfu: 46.34 | epoch: 1 | total time: 159.87m | eta: 135.0m
step 02368/04357 (54.35%) | loss: 2.866361 | lrm: 0.91 | dt: 4060.43ms | tok/sec: 258,242 | bf16_mfu: 46.46 | epoch: 1 | total time: 159.94m | eta: 134.9m
step 02369/04357 (54.37%) | loss: 2.881110 | lrm: 0.91 | dt: 4076.23ms | tok/sec: 257,241 | bf16_mfu: 46.28 | epoch: 1 | total time: 160.01m | eta: 134.8m
step 02370/04357 (54.40%) | loss: 2.866352 | lrm: 0.91 | dt: 4051.85ms | tok/sec: 258,789 | bf16_mfu: 46.55 | epoch: 1 | total time: 160.08m | eta: 134.8m
step 02371/04357 (54.42%) | loss: 2.871888 | lrm: 0.91 | dt: 4061.79ms | tok/sec: 258,155 | bf16_mfu: 46.44 | epoch: 1 | total time: 160.14m | eta: 134.7m
step 02372/04357 (54.44%) | loss: 2.875096 | lrm: 0.91 | dt: 4074.89ms | tok/sec: 257,326 | bf16_mfu: 46.29 | epoch: 1 | total time: 160.21m | eta: 134.6m
step 02373/04357 (54.46%) | loss: 2.867974 | lrm: 0.91 | dt: 4065.89ms | tok/sec: 257,895 | bf16_mfu: 46.39 | epoch: 1 | total time: 160.28m | eta: 134.6m
step 02374/04357 (54.49%) | loss: 2.866550 | lrm: 0.91 | dt: 4067.81ms | tok/sec: 257,774 | bf16_mfu: 46.37 | epoch: 1 | total time: 160.35m | eta: 134.5m
step 02375/04357 (54.51%) | loss: 2.868849 | lrm: 0.91 | dt: 4057.15ms | tok/sec: 258,451 | bf16_mfu: 46.49 | epoch: 1 | total time: 160.42m | eta: 134.4m
step 02376/04357 (54.53%) | loss: 2.874205 | lrm: 0.91 | dt: 4070.02ms | tok/sec: 257,634 | bf16_mfu: 46.35 | epoch: 1 | total time: 160.48m | eta: 134.4m
step 02377/04357 (54.56%) | loss: 2.865327 | lrm: 0.91 | dt: 4075.16ms | tok/sec: 257,309 | bf16_mfu: 46.29 | epoch: 1 | total time: 160.55m | eta: 134.3m
step 02378/04357 (54.58%) | loss: 2.866826 | lrm: 0.91 | dt: 4062.03ms | tok/sec: 258,141 | bf16_mfu: 46.44 | epoch: 1 | total time: 160.62m | eta: 134.2m
step 02379/04357 (54.60%) | loss: 2.869326 | lrm: 0.91 | dt: 4070.07ms | tok/sec: 257,631 | bf16_mfu: 46.35 | epoch: 1 | total time: 160.69m | eta: 134.2m
step 02380/04357 (54.62%) | loss: 2.869050 | lrm: 0.91 | dt: 4054.86ms | tok/sec: 258,597 | bf16_mfu: 46.52 | epoch: 1 | total time: 160.75m | eta: 134.1m
step 02381/04357 (54.65%) | loss: 2.875563 | lrm: 0.91 | dt: 4076.86ms | tok/sec: 257,201 | bf16_mfu: 46.27 | epoch: 1 | total time: 160.82m | eta: 134.0m
step 02382/04357 (54.67%) | loss: 2.871999 | lrm: 0.91 | dt: 4082.60ms | tok/sec: 256,840 | bf16_mfu: 46.20 | epoch: 1 | total time: 160.89m | eta: 134.0m
step 02383/04357 (54.69%) | loss: 2.876615 | lrm: 0.91 | dt: 4063.76ms | tok/sec: 258,030 | bf16_mfu: 46.42 | epoch: 1 | total time: 160.96m | eta: 133.9m
step 02384/04357 (54.72%) | loss: 2.864826 | lrm: 0.91 | dt: 4063.16ms | tok/sec: 258,069 | bf16_mfu: 46.42 | epoch: 1 | total time: 161.03m | eta: 133.8m
step 02385/04357 (54.74%) | loss: 2.875353 | lrm: 0.91 | dt: 4067.86ms | tok/sec: 257,771 | bf16_mfu: 46.37 | epoch: 1 | total time: 161.09m | eta: 133.8m
step 02386/04357 (54.76%) | loss: 2.883407 | lrm: 0.90 | dt: 4076.22ms | tok/sec: 257,242 | bf16_mfu: 46.28 | epoch: 1 | total time: 161.16m | eta: 133.7m
step 02387/04357 (54.79%) | loss: 2.882941 | lrm: 0.90 | dt: 4070.72ms | tok/sec: 257,589 | bf16_mfu: 46.34 | epoch: 1 | total time: 161.23m | eta: 133.6m
step 02388/04357 (54.81%) | loss: 2.873745 | lrm: 0.90 | dt: 4072.55ms | tok/sec: 257,474 | bf16_mfu: 46.32 | epoch: 1 | total time: 161.30m | eta: 133.6m
step 02389/04357 (54.83%) | loss: 2.865828 | lrm: 0.90 | dt: 4058.65ms | tok/sec: 258,355 | bf16_mfu: 46.48 | epoch: 1 | total time: 161.36m | eta: 133.5m
step 02390/04357 (54.85%) | loss: 2.856955 | lrm: 0.90 | dt: 4059.84ms | tok/sec: 258,280 | bf16_mfu: 46.46 | epoch: 1 | total time: 161.43m | eta: 133.4m
step 02391/04357 (54.88%) | loss: 2.858064 | lrm: 0.90 | dt: 4066.29ms | tok/sec: 257,870 | bf16_mfu: 46.39 | epoch: 1 | total time: 161.50m | eta: 133.4m
step 02392/04357 (54.90%) | loss: 2.863544 | lrm: 0.90 | dt: 4066.22ms | tok/sec: 257,875 | bf16_mfu: 46.39 | epoch: 1 | total time: 161.57m | eta: 133.3m
step 02393/04357 (54.92%) | loss: 2.856866 | lrm: 0.90 | dt: 4075.28ms | tok/sec: 257,301 | bf16_mfu: 46.29 | epoch: 1 | total time: 161.64m | eta: 133.2m
step 02394/04357 (54.95%) | loss: 2.854878 | lrm: 0.90 | dt: 4060.69ms | tok/sec: 258,225 | bf16_mfu: 46.45 | epoch: 1 | total time: 161.70m | eta: 133.1m
step 02395/04357 (54.97%) | loss: 2.835126 | lrm: 0.90 | dt: 4067.79ms | tok/sec: 257,775 | bf16_mfu: 46.37 | epoch: 1 | total time: 161.77m | eta: 133.1m
step 02396/04357 (54.99%) | loss: 2.832924 | lrm: 0.90 | dt: 4074.60ms | tok/sec: 257,344 | bf16_mfu: 46.29 | epoch: 1 | total time: 161.84m | eta: 133.0m
step 02397/04357 (55.01%) | loss: 2.832394 | lrm: 0.90 | dt: 4067.06ms | tok/sec: 257,821 | bf16_mfu: 46.38 | epoch: 1 | total time: 161.91m | eta: 132.9m
step 02398/04357 (55.04%) | loss: 2.824478 | lrm: 0.90 | dt: 4079.74ms | tok/sec: 257,020 | bf16_mfu: 46.24 | epoch: 1 | total time: 161.98m | eta: 132.9m
step 02399/04357 (55.06%) | loss: 2.823780 | lrm: 0.90 | dt: 4061.95ms | tok/sec: 258,145 | bf16_mfu: 46.44 | epoch: 1 | total time: 162.04m | eta: 132.8m
step 02400/04357 (55.08%) | loss: 2.822408 | lrm: 0.90 | dt: 4065.79ms | tok/sec: 257,902 | bf16_mfu: 46.39 | epoch: 1 | total time: 162.11m | eta: 132.7m
step 02401/04357 (55.11%) | loss: 2.831372 | lrm: 0.90 | dt: 4059.09ms | tok/sec: 258,327 | bf16_mfu: 46.47 | epoch: 1 | total time: 162.18m | eta: 132.7m
step 02402/04357 (55.13%) | loss: 2.830231 | lrm: 0.90 | dt: 4068.07ms | tok/sec: 257,757 | bf16_mfu: 46.37 | epoch: 1 | total time: 162.25m | eta: 132.6m
step 02403/04357 (55.15%) | loss: 2.831334 | lrm: 0.90 | dt: 4073.69ms | tok/sec: 257,401 | bf16_mfu: 46.30 | epoch: 1 | total time: 162.31m | eta: 132.5m
step 02404/04357 (55.18%) | loss: 2.820231 | lrm: 0.90 | dt: 4069.95ms | tok/sec: 257,638 | bf16_mfu: 46.35 | epoch: 1 | total time: 162.38m | eta: 132.5m
step 02405/04357 (55.20%) | loss: 2.822780 | lrm: 0.90 | dt: 4061.26ms | tok/sec: 258,189 | bf16_mfu: 46.45 | epoch: 1 | total time: 162.45m | eta: 132.4m
step 02406/04357 (55.22%) | loss: 2.832812 | lrm: 0.90 | dt: 4065.10ms | tok/sec: 257,945 | bf16_mfu: 46.40 | epoch: 1 | total time: 162.52m | eta: 132.3m
step 02407/04357 (55.24%) | loss: 2.842903 | lrm: 0.90 | dt: 4071.32ms | tok/sec: 257,551 | bf16_mfu: 46.33 | epoch: 1 | total time: 162.59m | eta: 132.3m
step 02408/04357 (55.27%) | loss: 2.835983 | lrm: 0.89 | dt: 4061.03ms | tok/sec: 258,204 | bf16_mfu: 46.45 | epoch: 1 | total time: 162.65m | eta: 132.2m
step 02409/04357 (55.29%) | loss: 2.843380 | lrm: 0.89 | dt: 4066.18ms | tok/sec: 257,877 | bf16_mfu: 46.39 | epoch: 1 | total time: 162.72m | eta: 132.1m
step 02410/04357 (55.31%) | loss: 2.844503 | lrm: 0.89 | dt: 4069.10ms | tok/sec: 257,692 | bf16_mfu: 46.36 | epoch: 1 | total time: 162.79m | eta: 132.1m
step 02411/04357 (55.34%) | loss: 2.842480 | lrm: 0.89 | dt: 4061.81ms | tok/sec: 258,155 | bf16_mfu: 46.44 | epoch: 1 | total time: 162.86m | eta: 132.0m
step 02412/04357 (55.36%) | loss: 2.837062 | lrm: 0.89 | dt: 4067.68ms | tok/sec: 257,782 | bf16_mfu: 46.37 | epoch: 1 | total time: 162.92m | eta: 131.9m
step 02413/04357 (55.38%) | loss: 2.825772 | lrm: 0.89 | dt: 4056.57ms | tok/sec: 258,488 | bf16_mfu: 46.50 | epoch: 1 | total time: 162.99m | eta: 131.9m
step 02414/04357 (55.41%) | loss: 2.826218 | lrm: 0.89 | dt: 4074.21ms | tok/sec: 257,369 | bf16_mfu: 46.30 | epoch: 1 | total time: 163.06m | eta: 131.8m
step 02415/04357 (55.43%) | loss: 2.829695 | lrm: 0.89 | dt: 4067.83ms | tok/sec: 257,772 | bf16_mfu: 46.37 | epoch: 1 | total time: 163.13m | eta: 131.7m
step 02416/04357 (55.45%) | loss: 2.834793 | lrm: 0.89 | dt: 4069.06ms | tok/sec: 257,694 | bf16_mfu: 46.36 | epoch: 1 | total time: 163.20m | eta: 131.7m
step 02417/04357 (55.47%) | loss: 2.841889 | lrm: 0.89 | dt: 4079.98ms | tok/sec: 257,005 | bf16_mfu: 46.23 | epoch: 1 | total time: 163.26m | eta: 131.6m
step 02418/04357 (55.50%) | loss: 2.849009 | lrm: 0.89 | dt: 4067.30ms | tok/sec: 257,806 | bf16_mfu: 46.38 | epoch: 1 | total time: 163.33m | eta: 131.5m
step 02419/04357 (55.52%) | loss: 2.849242 | lrm: 0.89 | dt: 4044.65ms | tok/sec: 259,250 | bf16_mfu: 46.64 | epoch: 1 | total time: 163.40m | eta: 131.5m
step 02420/04357 (55.54%) | loss: 2.855826 | lrm: 0.89 | dt: 4069.63ms | tok/sec: 257,659 | bf16_mfu: 46.35 | epoch: 1 | total time: 163.47m | eta: 131.4m
step 02421/04357 (55.57%) | loss: 2.851754 | lrm: 0.89 | dt: 4065.03ms | tok/sec: 257,950 | bf16_mfu: 46.40 | epoch: 1 | total time: 163.53m | eta: 131.3m
step 02422/04357 (55.59%) | loss: 2.859217 | lrm: 0.89 | dt: 4076.07ms | tok/sec: 257,251 | bf16_mfu: 46.28 | epoch: 1 | total time: 163.60m | eta: 131.2m
step 02423/04357 (55.61%) | loss: 2.864411 | lrm: 0.89 | dt: 4069.15ms | tok/sec: 257,689 | bf16_mfu: 46.36 | epoch: 1 | total time: 163.67m | eta: 131.2m
step 02424/04357 (55.63%) | loss: 2.863177 | lrm: 0.89 | dt: 4065.17ms | tok/sec: 257,941 | bf16_mfu: 46.40 | epoch: 1 | total time: 163.74m | eta: 131.1m
step 02425/04357 (55.66%) | loss: 2.880762 | lrm: 0.89 | dt: 4059.86ms | tok/sec: 258,278 | bf16_mfu: 46.46 | epoch: 1 | total time: 163.80m | eta: 131.0m
step 02426/04357 (55.68%) | loss: 2.883091 | lrm: 0.89 | dt: 4058.23ms | tok/sec: 258,382 | bf16_mfu: 46.48 | epoch: 1 | total time: 163.87m | eta: 131.0m
step 02427/04357 (55.70%) | loss: 2.874220 | lrm: 0.89 | dt: 4073.98ms | tok/sec: 257,383 | bf16_mfu: 46.30 | epoch: 1 | total time: 163.94m | eta: 130.9m
step 02428/04357 (55.73%) | loss: 2.861015 | lrm: 0.89 | dt: 4058.36ms | tok/sec: 258,374 | bf16_mfu: 46.48 | epoch: 1 | total time: 164.01m | eta: 130.8m
step 02429/04357 (55.75%) | loss: 2.863186 | lrm: 0.89 | dt: 4059.98ms | tok/sec: 258,271 | bf16_mfu: 46.46 | epoch: 1 | total time: 164.08m | eta: 130.8m
step 02430/04357 (55.77%) | loss: 2.863036 | lrm: 0.88 | dt: 4064.09ms | tok/sec: 258,009 | bf16_mfu: 46.41 | epoch: 1 | total time: 164.14m | eta: 130.7m
step 02431/04357 (55.80%) | loss: 2.855284 | lrm: 0.88 | dt: 4054.82ms | tok/sec: 258,600 | bf16_mfu: 46.52 | epoch: 1 | total time: 164.21m | eta: 130.6m
step 02432/04357 (55.82%) | loss: 2.850901 | lrm: 0.88 | dt: 4079.81ms | tok/sec: 257,016 | bf16_mfu: 46.24 | epoch: 1 | total time: 164.28m | eta: 130.6m
step 02433/04357 (55.84%) | loss: 2.845652 | lrm: 0.88 | dt: 4048.51ms | tok/sec: 259,003 | bf16_mfu: 46.59 | epoch: 1 | total time: 164.35m | eta: 130.5m
step 02434/04357 (55.86%) | loss: 2.852115 | lrm: 0.88 | dt: 4062.70ms | tok/sec: 258,098 | bf16_mfu: 46.43 | epoch: 1 | total time: 164.41m | eta: 130.4m
step 02435/04357 (55.89%) | loss: 2.858571 | lrm: 0.88 | dt: 4067.38ms | tok/sec: 257,801 | bf16_mfu: 46.38 | epoch: 1 | total time: 164.48m | eta: 130.4m
step 02436/04357 (55.91%) | loss: 2.846037 | lrm: 0.88 | dt: 4070.89ms | tok/sec: 257,578 | bf16_mfu: 46.34 | epoch: 1 | total time: 164.55m | eta: 130.3m
step 02437/04357 (55.93%) | loss: 2.859495 | lrm: 0.88 | dt: 4063.32ms | tok/sec: 258,058 | bf16_mfu: 46.42 | epoch: 1 | total time: 164.62m | eta: 130.2m
step 02438/04357 (55.96%) | loss: 2.860344 | lrm: 0.88 | dt: 4074.13ms | tok/sec: 257,374 | bf16_mfu: 46.30 | epoch: 1 | total time: 164.69m | eta: 130.2m
step 02439/04357 (55.98%) | loss: 2.864530 | lrm: 0.88 | dt: 4072.45ms | tok/sec: 257,480 | bf16_mfu: 46.32 | epoch: 1 | total time: 164.75m | eta: 130.1m
step 02440/04357 (56.00%) | loss: 2.861883 | lrm: 0.88 | dt: 4063.06ms | tok/sec: 258,075 | bf16_mfu: 46.43 | epoch: 1 | total time: 164.82m | eta: 130.0m
step 02441/04357 (56.02%) | loss: 2.865848 | lrm: 0.88 | dt: 4073.25ms | tok/sec: 257,429 | bf16_mfu: 46.31 | epoch: 1 | total time: 164.89m | eta: 130.0m
step 02442/04357 (56.05%) | loss: 2.857233 | lrm: 0.88 | dt: 4063.28ms | tok/sec: 258,061 | bf16_mfu: 46.42 | epoch: 1 | total time: 164.96m | eta: 129.9m
step 02443/04357 (56.07%) | loss: 2.862108 | lrm: 0.88 | dt: 4059.31ms | tok/sec: 258,313 | bf16_mfu: 46.47 | epoch: 1 | total time: 165.02m | eta: 129.8m
step 02444/04357 (56.09%) | loss: 2.866544 | lrm: 0.88 | dt: 4055.21ms | tok/sec: 258,574 | bf16_mfu: 46.52 | epoch: 1 | total time: 165.09m | eta: 129.8m
step 02445/04357 (56.12%) | loss: 2.866406 | lrm: 0.88 | dt: 4060.90ms | tok/sec: 258,212 | bf16_mfu: 46.45 | epoch: 1 | total time: 165.16m | eta: 129.7m
step 02446/04357 (56.14%) | loss: 2.878307 | lrm: 0.88 | dt: 4074.74ms | tok/sec: 257,335 | bf16_mfu: 46.29 | epoch: 1 | total time: 165.23m | eta: 129.6m
step 02447/04357 (56.16%) | loss: 2.874671 | lrm: 0.88 | dt: 4058.88ms | tok/sec: 258,341 | bf16_mfu: 46.47 | epoch: 1 | total time: 165.30m | eta: 129.6m
step 02448/04357 (56.19%) | loss: 2.866147 | lrm: 0.88 | dt: 4060.52ms | tok/sec: 258,236 | bf16_mfu: 46.45 | epoch: 1 | total time: 165.36m | eta: 129.5m
step 02449/04357 (56.21%) | loss: 2.870964 | lrm: 0.88 | dt: 4056.47ms | tok/sec: 258,494 | bf16_mfu: 46.50 | epoch: 1 | total time: 165.43m | eta: 129.4m
step 02450/04357 (56.23%) | loss: 2.877556 | lrm: 0.88 | dt: 4058.96ms | tok/sec: 258,335 | bf16_mfu: 46.47 | epoch: 1 | total time: 165.50m | eta: 129.3m
step 02451/04357 (56.25%) | loss: 2.868203 | lrm: 0.88 | dt: 4060.46ms | tok/sec: 258,240 | bf16_mfu: 46.46 | epoch: 1 | total time: 165.57m | eta: 129.3m
step 02452/04357 (56.28%) | loss: 2.869634 | lrm: 0.87 | dt: 4067.40ms | tok/sec: 257,799 | bf16_mfu: 46.38 | epoch: 1 | total time: 165.63m | eta: 129.2m
step 02453/04357 (56.30%) | loss: 2.869181 | lrm: 0.87 | dt: 4070.91ms | tok/sec: 257,577 | bf16_mfu: 46.34 | epoch: 1 | total time: 165.70m | eta: 129.1m
step 02454/04357 (56.32%) | loss: 2.870143 | lrm: 0.87 | dt: 4067.63ms | tok/sec: 257,785 | bf16_mfu: 46.37 | epoch: 1 | total time: 165.77m | eta: 129.1m
step 02455/04357 (56.35%) | loss: 2.867591 | lrm: 0.87 | dt: 4060.63ms | tok/sec: 258,229 | bf16_mfu: 46.45 | epoch: 1 | total time: 165.84m | eta: 129.0m
step 02456/04357 (56.37%) | loss: 2.873468 | lrm: 0.87 | dt: 4049.88ms | tok/sec: 258,915 | bf16_mfu: 46.58 | epoch: 1 | total time: 165.90m | eta: 128.9m
step 02457/04357 (56.39%) | loss: 2.873761 | lrm: 0.87 | dt: 4070.80ms | tok/sec: 257,584 | bf16_mfu: 46.34 | epoch: 1 | total time: 165.97m | eta: 128.9m
step 02458/04357 (56.41%) | loss: 2.871966 | lrm: 0.87 | dt: 4064.93ms | tok/sec: 257,956 | bf16_mfu: 46.40 | epoch: 1 | total time: 166.04m | eta: 128.8m
step 02459/04357 (56.44%) | loss: 2.855443 | lrm: 0.87 | dt: 4068.32ms | tok/sec: 257,741 | bf16_mfu: 46.37 | epoch: 1 | total time: 166.11m | eta: 128.7m
step 02460/04357 (56.46%) | loss: 2.867702 | lrm: 0.87 | dt: 4074.46ms | tok/sec: 257,353 | bf16_mfu: 46.30 | epoch: 1 | total time: 166.18m | eta: 128.7m
step 02461/04357 (56.48%) | loss: 2.861040 | lrm: 0.87 | dt: 4087.42ms | tok/sec: 256,537 | bf16_mfu: 46.15 | epoch: 1 | total time: 166.24m | eta: 128.6m
step 02462/04357 (56.51%) | loss: 2.853610 | lrm: 0.87 | dt: 4085.75ms | tok/sec: 256,641 | bf16_mfu: 46.17 | epoch: 1 | total time: 166.31m | eta: 128.5m
step 02463/04357 (56.53%) | loss: 2.861565 | lrm: 0.87 | dt: 4083.30ms | tok/sec: 256,796 | bf16_mfu: 46.20 | epoch: 1 | total time: 166.38m | eta: 128.5m
step 02464/04357 (56.55%) | loss: 2.845484 | lrm: 0.87 | dt: 4058.75ms | tok/sec: 258,349 | bf16_mfu: 46.47 | epoch: 1 | total time: 166.45m | eta: 128.4m
step 02465/04357 (56.58%) | loss: 2.852081 | lrm: 0.87 | dt: 4066.33ms | tok/sec: 257,868 | bf16_mfu: 46.39 | epoch: 1 | total time: 166.52m | eta: 128.3m
step 02466/04357 (56.60%) | loss: 2.847146 | lrm: 0.87 | dt: 4071.90ms | tok/sec: 257,514 | bf16_mfu: 46.32 | epoch: 1 | total time: 166.58m | eta: 128.3m
step 02467/04357 (56.62%) | loss: 2.847649 | lrm: 0.87 | dt: 4072.19ms | tok/sec: 257,497 | bf16_mfu: 46.32 | epoch: 1 | total time: 166.65m | eta: 128.2m
step 02468/04357 (56.64%) | loss: 2.856079 | lrm: 0.87 | dt: 4064.83ms | tok/sec: 257,962 | bf16_mfu: 46.41 | epoch: 1 | total time: 166.72m | eta: 128.1m
step 02469/04357 (56.67%) | loss: 2.843581 | lrm: 0.87 | dt: 4075.25ms | tok/sec: 257,303 | bf16_mfu: 46.29 | epoch: 1 | total time: 166.79m | eta: 128.1m
step 02470/04357 (56.69%) | loss: 2.841998 | lrm: 0.87 | dt: 4074.39ms | tok/sec: 257,357 | bf16_mfu: 46.30 | epoch: 1 | total time: 166.85m | eta: 128.0m
step 02471/04357 (56.71%) | loss: 2.847742 | lrm: 0.87 | dt: 4045.67ms | tok/sec: 259,184 | bf16_mfu: 46.63 | epoch: 1 | total time: 166.92m | eta: 127.9m
step 02472/04357 (56.74%) | loss: 2.848755 | lrm: 0.87 | dt: 4076.00ms | tok/sec: 257,255 | bf16_mfu: 46.28 | epoch: 1 | total time: 166.99m | eta: 127.9m
step 02473/04357 (56.76%) | loss: 2.848110 | lrm: 0.87 | dt: 4065.92ms | tok/sec: 257,894 | bf16_mfu: 46.39 | epoch: 1 | total time: 167.06m | eta: 127.8m
step 02474/04357 (56.78%) | loss: 2.853570 | lrm: 0.86 | dt: 4074.91ms | tok/sec: 257,325 | bf16_mfu: 46.29 | epoch: 1 | total time: 167.13m | eta: 127.7m
step 02475/04357 (56.81%) | loss: 2.857222 | lrm: 0.86 | dt: 4059.21ms | tok/sec: 258,320 | bf16_mfu: 46.47 | epoch: 1 | total time: 167.19m | eta: 127.7m
step 02476/04357 (56.83%) | loss: 2.846428 | lrm: 0.86 | dt: 4055.32ms | tok/sec: 258,568 | bf16_mfu: 46.51 | epoch: 1 | total time: 167.26m | eta: 127.6m
step 02477/04357 (56.85%) | loss: 2.842155 | lrm: 0.86 | dt: 4063.96ms | tok/sec: 258,018 | bf16_mfu: 46.42 | epoch: 1 | total time: 167.33m | eta: 127.5m
step 02478/04357 (56.87%) | loss: 2.837591 | lrm: 0.86 | dt: 4073.12ms | tok/sec: 257,437 | bf16_mfu: 46.31 | epoch: 1 | total time: 167.40m | eta: 127.4m
step 02479/04357 (56.90%) | loss: 2.833013 | lrm: 0.86 | dt: 4061.34ms | tok/sec: 258,185 | bf16_mfu: 46.45 | epoch: 1 | total time: 167.46m | eta: 127.4m
step 02480/04357 (56.92%) | loss: 2.834862 | lrm: 0.86 | dt: 4050.72ms | tok/sec: 258,861 | bf16_mfu: 46.57 | epoch: 1 | total time: 167.53m | eta: 127.3m
step 02481/04357 (56.94%) | loss: 2.819786 | lrm: 0.86 | dt: 4069.24ms | tok/sec: 257,683 | bf16_mfu: 46.36 | epoch: 1 | total time: 167.60m | eta: 127.2m
step 02482/04357 (56.97%) | loss: 2.826454 | lrm: 0.86 | dt: 4058.12ms | tok/sec: 258,389 | bf16_mfu: 46.48 | epoch: 1 | total time: 167.67m | eta: 127.2m
step 02483/04357 (56.99%) | loss: 2.826696 | lrm: 0.86 | dt: 4063.65ms | tok/sec: 258,037 | bf16_mfu: 46.42 | epoch: 1 | total time: 167.74m | eta: 127.1m
step 02484/04357 (57.01%) | loss: 2.828963 | lrm: 0.86 | dt: 4067.73ms | tok/sec: 257,779 | bf16_mfu: 46.37 | epoch: 1 | total time: 167.80m | eta: 127.0m
step 02485/04357 (57.03%) | loss: 2.826959 | lrm: 0.86 | dt: 4069.95ms | tok/sec: 257,638 | bf16_mfu: 46.35 | epoch: 1 | total time: 167.87m | eta: 127.0m
step 02486/04357 (57.06%) | loss: 2.832169 | lrm: 0.86 | dt: 4067.21ms | tok/sec: 257,812 | bf16_mfu: 46.38 | epoch: 1 | total time: 167.94m | eta: 126.9m
step 02487/04357 (57.08%) | loss: 2.824940 | lrm: 0.86 | dt: 4067.76ms | tok/sec: 257,777 | bf16_mfu: 46.37 | epoch: 1 | total time: 168.01m | eta: 126.8m
step 02488/04357 (57.10%) | loss: 2.821669 | lrm: 0.86 | dt: 4067.48ms | tok/sec: 257,795 | bf16_mfu: 46.38 | epoch: 1 | total time: 168.07m | eta: 126.8m
step 02489/04357 (57.13%) | loss: 2.796408 | lrm: 0.86 | dt: 4062.74ms | tok/sec: 258,095 | bf16_mfu: 46.43 | epoch: 1 | total time: 168.14m | eta: 126.7m
step 02490/04357 (57.15%) | loss: 2.802037 | lrm: 0.86 | dt: 4058.41ms | tok/sec: 258,370 | bf16_mfu: 46.48 | epoch: 1 | total time: 168.21m | eta: 126.6m
step 02491/04357 (57.17%) | loss: 2.804259 | lrm: 0.86 | dt: 4054.35ms | tok/sec: 258,629 | bf16_mfu: 46.53 | epoch: 1 | total time: 168.28m | eta: 126.6m
step 02492/04357 (57.20%) | loss: 2.803487 | lrm: 0.86 | dt: 4066.22ms | tok/sec: 257,874 | bf16_mfu: 46.39 | epoch: 1 | total time: 168.34m | eta: 126.5m
step 02493/04357 (57.22%) | loss: 2.809058 | lrm: 0.86 | dt: 4070.10ms | tok/sec: 257,629 | bf16_mfu: 46.35 | epoch: 1 | total time: 168.41m | eta: 126.4m
step 02494/04357 (57.24%) | loss: 2.820654 | lrm: 0.86 | dt: 4068.04ms | tok/sec: 257,759 | bf16_mfu: 46.37 | epoch: 1 | total time: 168.48m | eta: 126.4m
step 02495/04357 (57.26%) | loss: 2.822991 | lrm: 0.85 | dt: 4061.51ms | tok/sec: 258,174 | bf16_mfu: 46.44 | epoch: 1 | total time: 168.55m | eta: 126.3m
step 02496/04357 (57.29%) | loss: 2.827177 | lrm: 0.85 | dt: 4072.81ms | tok/sec: 257,457 | bf16_mfu: 46.31 | epoch: 1 | total time: 168.62m | eta: 126.2m
step 02497/04357 (57.31%) | loss: 2.822784 | lrm: 0.85 | dt: 4053.27ms | tok/sec: 258,698 | bf16_mfu: 46.54 | epoch: 1 | total time: 168.68m | eta: 126.2m
step 02498/04357 (57.33%) | loss: 2.820457 | lrm: 0.85 | dt: 4069.23ms | tok/sec: 257,684 | bf16_mfu: 46.36 | epoch: 1 | total time: 168.75m | eta: 126.1m
step 02499/04357 (57.36%) | loss: 2.832575 | lrm: 0.85 | dt: 4068.56ms | tok/sec: 257,726 | bf16_mfu: 46.36 | epoch: 1 | total time: 168.82m | eta: 126.0m
Step 02500 | Validation bpb: 0.865347
step 02500/04357 (57.38%) | loss: 2.831336 | lrm: 0.85 | dt: 4080.13ms | tok/sec: 256,995 | bf16_mfu: 46.23 | epoch: 1 | total time: 168.89m | eta: 126.0m
step 02501/04357 (57.40%) | loss: 2.824614 | lrm: 0.85 | dt: 4051.08ms | tok/sec: 258,838 | bf16_mfu: 46.56 | epoch: 1 | total time: 168.95m | eta: 125.9m
step 02502/04357 (57.42%) | loss: 2.819648 | lrm: 0.85 | dt: 4069.07ms | tok/sec: 257,694 | bf16_mfu: 46.36 | epoch: 1 | total time: 169.02m | eta: 125.8m
step 02503/04357 (57.45%) | loss: 2.807210 | lrm: 0.85 | dt: 4065.04ms | tok/sec: 257,949 | bf16_mfu: 46.40 | epoch: 1 | total time: 169.09m | eta: 125.7m
step 02504/04357 (57.47%) | loss: 2.809740 | lrm: 0.85 | dt: 4070.87ms | tok/sec: 257,580 | bf16_mfu: 46.34 | epoch: 1 | total time: 169.16m | eta: 125.7m
step 02505/04357 (57.49%) | loss: 2.809097 | lrm: 0.85 | dt: 4063.66ms | tok/sec: 258,037 | bf16_mfu: 46.42 | epoch: 1 | total time: 169.23m | eta: 125.6m
step 02506/04357 (57.52%) | loss: 2.820025 | lrm: 0.85 | dt: 4068.07ms | tok/sec: 257,757 | bf16_mfu: 46.37 | epoch: 1 | total time: 169.29m | eta: 125.5m
step 02507/04357 (57.54%) | loss: 2.824815 | lrm: 0.85 | dt: 4055.80ms | tok/sec: 258,537 | bf16_mfu: 46.51 | epoch: 1 | total time: 169.36m | eta: 125.5m
step 02508/04357 (57.56%) | loss: 2.840360 | lrm: 0.85 | dt: 4082.16ms | tok/sec: 256,868 | bf16_mfu: 46.21 | epoch: 1 | total time: 169.43m | eta: 125.4m
step 02509/04357 (57.59%) | loss: 2.849587 | lrm: 0.85 | dt: 4071.02ms | tok/sec: 257,571 | bf16_mfu: 46.33 | epoch: 1 | total time: 169.50m | eta: 125.3m
step 02510/04357 (57.61%) | loss: 2.841330 | lrm: 0.85 | dt: 4066.06ms | tok/sec: 257,885 | bf16_mfu: 46.39 | epoch: 1 | total time: 169.56m | eta: 125.3m
step 02511/04357 (57.63%) | loss: 2.845159 | lrm: 0.85 | dt: 4058.39ms | tok/sec: 258,372 | bf16_mfu: 46.48 | epoch: 1 | total time: 169.63m | eta: 125.2m
step 02512/04357 (57.65%) | loss: 2.869682 | lrm: 0.85 | dt: 4058.73ms | tok/sec: 258,350 | bf16_mfu: 46.48 | epoch: 1 | total time: 169.70m | eta: 125.1m
step 02513/04357 (57.68%) | loss: 2.864173 | lrm: 0.85 | dt: 4061.99ms | tok/sec: 258,143 | bf16_mfu: 46.44 | epoch: 1 | total time: 169.77m | eta: 125.1m
step 02514/04357 (57.70%) | loss: 2.861475 | lrm: 0.85 | dt: 4075.29ms | tok/sec: 257,300 | bf16_mfu: 46.29 | epoch: 1 | total time: 169.84m | eta: 125.0m
step 02515/04357 (57.72%) | loss: 2.849947 | lrm: 0.85 | dt: 4054.90ms | tok/sec: 258,594 | bf16_mfu: 46.52 | epoch: 1 | total time: 169.90m | eta: 124.9m
step 02516/04357 (57.75%) | loss: 2.844135 | lrm: 0.85 | dt: 4048.86ms | tok/sec: 258,980 | bf16_mfu: 46.59 | epoch: 1 | total time: 169.97m | eta: 124.9m
step 02517/04357 (57.77%) | loss: 2.843635 | lrm: 0.84 | dt: 4060.22ms | tok/sec: 258,256 | bf16_mfu: 46.46 | epoch: 1 | total time: 170.04m | eta: 124.8m
step 02518/04357 (57.79%) | loss: 2.836907 | lrm: 0.84 | dt: 4066.16ms | tok/sec: 257,878 | bf16_mfu: 46.39 | epoch: 1 | total time: 170.11m | eta: 124.7m
step 02519/04357 (57.82%) | loss: 2.830438 | lrm: 0.84 | dt: 4071.86ms | tok/sec: 257,517 | bf16_mfu: 46.33 | epoch: 1 | total time: 170.17m | eta: 124.7m
step 02520/04357 (57.84%) | loss: 2.824831 | lrm: 0.84 | dt: 4066.04ms | tok/sec: 257,886 | bf16_mfu: 46.39 | epoch: 1 | total time: 170.24m | eta: 124.6m
step 02521/04357 (57.86%) | loss: 2.838429 | lrm: 0.84 | dt: 4069.13ms | tok/sec: 257,690 | bf16_mfu: 46.36 | epoch: 1 | total time: 170.31m | eta: 124.5m
step 02522/04357 (57.88%) | loss: 2.845054 | lrm: 0.84 | dt: 4074.59ms | tok/sec: 257,345 | bf16_mfu: 46.29 | epoch: 1 | total time: 170.38m | eta: 124.5m
step 02523/04357 (57.91%) | loss: 2.832403 | lrm: 0.84 | dt: 4060.96ms | tok/sec: 258,208 | bf16_mfu: 46.45 | epoch: 1 | total time: 170.45m | eta: 124.4m
step 02524/04357 (57.93%) | loss: 2.832007 | lrm: 0.84 | dt: 4067.70ms | tok/sec: 257,781 | bf16_mfu: 46.37 | epoch: 1 | total time: 170.51m | eta: 124.3m
step 02525/04357 (57.95%) | loss: 2.831011 | lrm: 0.84 | dt: 4062.58ms | tok/sec: 258,105 | bf16_mfu: 46.43 | epoch: 1 | total time: 170.58m | eta: 124.3m
step 02526/04357 (57.98%) | loss: 2.835527 | lrm: 0.84 | dt: 4062.68ms | tok/sec: 258,099 | bf16_mfu: 46.43 | epoch: 1 | total time: 170.65m | eta: 124.2m
step 02527/04357 (58.00%) | loss: 2.834338 | lrm: 0.84 | dt: 4071.80ms | tok/sec: 257,521 | bf16_mfu: 46.33 | epoch: 1 | total time: 170.72m | eta: 124.1m
step 02528/04357 (58.02%) | loss: 2.840983 | lrm: 0.84 | dt: 4068.29ms | tok/sec: 257,743 | bf16_mfu: 46.37 | epoch: 1 | total time: 170.78m | eta: 124.1m
step 02529/04357 (58.04%) | loss: 2.840961 | lrm: 0.84 | dt: 4075.54ms | tok/sec: 257,285 | bf16_mfu: 46.28 | epoch: 1 | total time: 170.85m | eta: 124.0m
step 02530/04357 (58.07%) | loss: 2.855238 | lrm: 0.84 | dt: 4061.42ms | tok/sec: 258,179 | bf16_mfu: 46.44 | epoch: 1 | total time: 170.92m | eta: 123.9m
step 02531/04357 (58.09%) | loss: 2.858397 | lrm: 0.84 | dt: 4056.66ms | tok/sec: 258,482 | bf16_mfu: 46.50 | epoch: 1 | total time: 170.99m | eta: 123.8m
step 02532/04357 (58.11%) | loss: 2.854113 | lrm: 0.84 | dt: 4068.63ms | tok/sec: 257,721 | bf16_mfu: 46.36 | epoch: 1 | total time: 171.06m | eta: 123.8m
step 02533/04357 (58.14%) | loss: 2.845197 | lrm: 0.84 | dt: 4064.17ms | tok/sec: 258,004 | bf16_mfu: 46.41 | epoch: 1 | total time: 171.12m | eta: 123.7m
step 02534/04357 (58.16%) | loss: 2.841414 | lrm: 0.84 | dt: 4059.37ms | tok/sec: 258,309 | bf16_mfu: 46.47 | epoch: 1 | total time: 171.19m | eta: 123.6m
step 02535/04357 (58.18%) | loss: 2.835577 | lrm: 0.84 | dt: 4071.21ms | tok/sec: 257,558 | bf16_mfu: 46.33 | epoch: 1 | total time: 171.26m | eta: 123.6m
step 02536/04357 (58.21%) | loss: 2.839725 | lrm: 0.84 | dt: 4056.24ms | tok/sec: 258,509 | bf16_mfu: 46.50 | epoch: 1 | total time: 171.33m | eta: 123.5m
step 02537/04357 (58.23%) | loss: 2.839966 | lrm: 0.84 | dt: 4062.76ms | tok/sec: 258,094 | bf16_mfu: 46.43 | epoch: 1 | total time: 171.39m | eta: 123.4m
step 02538/04357 (58.25%) | loss: 2.844609 | lrm: 0.84 | dt: 4063.66ms | tok/sec: 258,037 | bf16_mfu: 46.42 | epoch: 1 | total time: 171.46m | eta: 123.4m
step 02539/04357 (58.27%) | loss: 2.855569 | lrm: 0.83 | dt: 4062.13ms | tok/sec: 258,134 | bf16_mfu: 46.44 | epoch: 1 | total time: 171.53m | eta: 123.3m
step 02540/04357 (58.30%) | loss: 2.857675 | lrm: 0.83 | dt: 4069.19ms | tok/sec: 257,686 | bf16_mfu: 46.36 | epoch: 1 | total time: 171.60m | eta: 123.2m
step 02541/04357 (58.32%) | loss: 2.877028 | lrm: 0.83 | dt: 4077.47ms | tok/sec: 257,163 | bf16_mfu: 46.26 | epoch: 1 | total time: 171.67m | eta: 123.2m
step 02542/04357 (58.34%) | loss: 2.873679 | lrm: 0.83 | dt: 4062.93ms | tok/sec: 258,083 | bf16_mfu: 46.43 | epoch: 1 | total time: 171.73m | eta: 123.1m
step 02543/04357 (58.37%) | loss: 2.884080 | lrm: 0.83 | dt: 4059.74ms | tok/sec: 258,286 | bf16_mfu: 46.46 | epoch: 1 | total time: 171.80m | eta: 123.0m
step 02544/04357 (58.39%) | loss: 2.875457 | lrm: 0.83 | dt: 4075.93ms | tok/sec: 257,260 | bf16_mfu: 46.28 | epoch: 1 | total time: 171.87m | eta: 123.0m
step 02545/04357 (58.41%) | loss: 2.887004 | lrm: 0.83 | dt: 4055.87ms | tok/sec: 258,532 | bf16_mfu: 46.51 | epoch: 1 | total time: 171.94m | eta: 122.9m
step 02546/04357 (58.43%) | loss: 2.889250 | lrm: 0.83 | dt: 4052.16ms | tok/sec: 258,769 | bf16_mfu: 46.55 | epoch: 1 | total time: 172.00m | eta: 122.8m
step 02547/04357 (58.46%) | loss: 2.884720 | lrm: 0.83 | dt: 4060.26ms | tok/sec: 258,253 | bf16_mfu: 46.46 | epoch: 1 | total time: 172.07m | eta: 122.8m
step 02548/04357 (58.48%) | loss: 2.893488 | lrm: 0.83 | dt: 4063.57ms | tok/sec: 258,043 | bf16_mfu: 46.42 | epoch: 1 | total time: 172.14m | eta: 122.7m
step 02549/04357 (58.50%) | loss: 2.876843 | lrm: 0.83 | dt: 4066.11ms | tok/sec: 257,881 | bf16_mfu: 46.39 | epoch: 1 | total time: 172.21m | eta: 122.6m
step 02550/04357 (58.53%) | loss: 2.882525 | lrm: 0.83 | dt: 4064.11ms | tok/sec: 258,008 | bf16_mfu: 46.41 | epoch: 1 | total time: 172.27m | eta: 122.6m
step 02551/04357 (58.55%) | loss: 2.874550 | lrm: 0.83 | dt: 4069.86ms | tok/sec: 257,644 | bf16_mfu: 46.35 | epoch: 1 | total time: 172.34m | eta: 122.5m
step 02552/04357 (58.57%) | loss: 2.868105 | lrm: 0.83 | dt: 4070.43ms | tok/sec: 257,608 | bf16_mfu: 46.34 | epoch: 1 | total time: 172.41m | eta: 122.4m
step 02553/04357 (58.60%) | loss: 2.865033 | lrm: 0.83 | dt: 4056.70ms | tok/sec: 258,479 | bf16_mfu: 46.50 | epoch: 1 | total time: 172.48m | eta: 122.4m
step 02554/04357 (58.62%) | loss: 2.850426 | lrm: 0.83 | dt: 4063.64ms | tok/sec: 258,038 | bf16_mfu: 46.42 | epoch: 1 | total time: 172.55m | eta: 122.3m
step 02555/04357 (58.64%) | loss: 2.845842 | lrm: 0.83 | dt: 4067.84ms | tok/sec: 257,772 | bf16_mfu: 46.37 | epoch: 1 | total time: 172.61m | eta: 122.2m
step 02556/04357 (58.66%) | loss: 2.847062 | lrm: 0.83 | dt: 4066.27ms | tok/sec: 257,871 | bf16_mfu: 46.39 | epoch: 1 | total time: 172.68m | eta: 122.2m
step 02557/04357 (58.69%) | loss: 2.862517 | lrm: 0.83 | dt: 4064.89ms | tok/sec: 257,959 | bf16_mfu: 46.40 | epoch: 1 | total time: 172.75m | eta: 122.1m
step 02558/04357 (58.71%) | loss: 2.864625 | lrm: 0.83 | dt: 4048.34ms | tok/sec: 259,013 | bf16_mfu: 46.59 | epoch: 1 | total time: 172.82m | eta: 122.0m
step 02559/04357 (58.73%) | loss: 2.852520 | lrm: 0.83 | dt: 4074.35ms | tok/sec: 257,360 | bf16_mfu: 46.30 | epoch: 1 | total time: 172.88m | eta: 121.9m
step 02560/04357 (58.76%) | loss: 2.849157 | lrm: 0.83 | dt: 4062.60ms | tok/sec: 258,104 | bf16_mfu: 46.43 | epoch: 1 | total time: 172.95m | eta: 121.9m
step 02561/04357 (58.78%) | loss: 2.849717 | lrm: 0.82 | dt: 4067.26ms | tok/sec: 257,809 | bf16_mfu: 46.38 | epoch: 1 | total time: 173.02m | eta: 121.8m
step 02562/04357 (58.80%) | loss: 2.847782 | lrm: 0.82 | dt: 4057.22ms | tok/sec: 258,447 | bf16_mfu: 46.49 | epoch: 1 | total time: 173.09m | eta: 121.7m
step 02563/04357 (58.82%) | loss: 2.847936 | lrm: 0.82 | dt: 4069.73ms | tok/sec: 257,652 | bf16_mfu: 46.35 | epoch: 1 | total time: 173.16m | eta: 121.7m
step 02564/04357 (58.85%) | loss: 2.834637 | lrm: 0.82 | dt: 4076.00ms | tok/sec: 257,256 | bf16_mfu: 46.28 | epoch: 1 | total time: 173.22m | eta: 121.6m
step 02565/04357 (58.87%) | loss: 2.843841 | lrm: 0.82 | dt: 4077.89ms | tok/sec: 257,136 | bf16_mfu: 46.26 | epoch: 1 | total time: 173.29m | eta: 121.5m
step 02566/04357 (58.89%) | loss: 2.839178 | lrm: 0.82 | dt: 4074.81ms | tok/sec: 257,331 | bf16_mfu: 46.29 | epoch: 1 | total time: 173.36m | eta: 121.5m
step 02567/04357 (58.92%) | loss: 2.825706 | lrm: 0.82 | dt: 4068.85ms | tok/sec: 257,708 | bf16_mfu: 46.36 | epoch: 1 | total time: 173.43m | eta: 121.4m
step 02568/04357 (58.94%) | loss: 2.828245 | lrm: 0.82 | dt: 4063.72ms | tok/sec: 258,033 | bf16_mfu: 46.42 | epoch: 1 | total time: 173.49m | eta: 121.3m
step 02569/04357 (58.96%) | loss: 2.826445 | lrm: 0.82 | dt: 4065.77ms | tok/sec: 257,903 | bf16_mfu: 46.39 | epoch: 1 | total time: 173.56m | eta: 121.3m
step 02570/04357 (58.99%) | loss: 2.827219 | lrm: 0.82 | dt: 4052.83ms | tok/sec: 258,727 | bf16_mfu: 46.54 | epoch: 1 | total time: 173.63m | eta: 121.2m
step 02571/04357 (59.01%) | loss: 2.831413 | lrm: 0.82 | dt: 4066.46ms | tok/sec: 257,859 | bf16_mfu: 46.39 | epoch: 1 | total time: 173.70m | eta: 121.1m
step 02572/04357 (59.03%) | loss: 2.838319 | lrm: 0.82 | dt: 4042.47ms | tok/sec: 259,389 | bf16_mfu: 46.66 | epoch: 1 | total time: 173.76m | eta: 121.1m
step 02573/04357 (59.05%) | loss: 2.836961 | lrm: 0.82 | dt: 4058.03ms | tok/sec: 258,395 | bf16_mfu: 46.48 | epoch: 1 | total time: 173.83m | eta: 121.0m
step 02574/04357 (59.08%) | loss: 2.838405 | lrm: 0.82 | dt: 4071.33ms | tok/sec: 257,551 | bf16_mfu: 46.33 | epoch: 1 | total time: 173.90m | eta: 120.9m
step 02575/04357 (59.10%) | loss: 2.819435 | lrm: 0.82 | dt: 4061.84ms | tok/sec: 258,152 | bf16_mfu: 46.44 | epoch: 1 | total time: 173.97m | eta: 120.9m
step 02576/04357 (59.12%) | loss: 2.808444 | lrm: 0.82 | dt: 4071.42ms | tok/sec: 257,545 | bf16_mfu: 46.33 | epoch: 1 | total time: 174.04m | eta: 120.8m
step 02577/04357 (59.15%) | loss: 2.803050 | lrm: 0.82 | dt: 4055.71ms | tok/sec: 258,543 | bf16_mfu: 46.51 | epoch: 1 | total time: 174.10m | eta: 120.7m
step 02578/04357 (59.17%) | loss: 2.808788 | lrm: 0.82 | dt: 4063.34ms | tok/sec: 258,057 | bf16_mfu: 46.42 | epoch: 1 | total time: 174.17m | eta: 120.7m
step 02579/04357 (59.19%) | loss: 2.826609 | lrm: 0.82 | dt: 4058.34ms | tok/sec: 258,375 | bf16_mfu: 46.48 | epoch: 1 | total time: 174.24m | eta: 120.6m
step 02580/04357 (59.22%) | loss: 2.833348 | lrm: 0.82 | dt: 4063.62ms | tok/sec: 258,039 | bf16_mfu: 46.42 | epoch: 1 | total time: 174.31m | eta: 120.5m
step 02581/04357 (59.24%) | loss: 2.837518 | lrm: 0.82 | dt: 4063.16ms | tok/sec: 258,069 | bf16_mfu: 46.42 | epoch: 1 | total time: 174.37m | eta: 120.5m
step 02582/04357 (59.26%) | loss: 2.831677 | lrm: 0.81 | dt: 4075.09ms | tok/sec: 257,313 | bf16_mfu: 46.29 | epoch: 1 | total time: 174.44m | eta: 120.4m
step 02583/04357 (59.28%) | loss: 2.826237 | lrm: 0.81 | dt: 4060.49ms | tok/sec: 258,239 | bf16_mfu: 46.46 | epoch: 1 | total time: 174.51m | eta: 120.3m
step 02584/04357 (59.31%) | loss: 2.814678 | lrm: 0.81 | dt: 4066.49ms | tok/sec: 257,857 | bf16_mfu: 46.39 | epoch: 1 | total time: 174.58m | eta: 120.3m
step 02585/04357 (59.33%) | loss: 2.811262 | lrm: 0.81 | dt: 4078.46ms | tok/sec: 257,101 | bf16_mfu: 46.25 | epoch: 1 | total time: 174.65m | eta: 120.2m
step 02586/04357 (59.35%) | loss: 2.826242 | lrm: 0.81 | dt: 4057.59ms | tok/sec: 258,423 | bf16_mfu: 46.49 | epoch: 1 | total time: 174.71m | eta: 120.1m
step 02587/04357 (59.38%) | loss: 2.829042 | lrm: 0.81 | dt: 4070.83ms | tok/sec: 257,582 | bf16_mfu: 46.34 | epoch: 1 | total time: 174.78m | eta: 120.0m
step 02588/04357 (59.40%) | loss: 2.839400 | lrm: 0.81 | dt: 4063.00ms | tok/sec: 258,079 | bf16_mfu: 46.43 | epoch: 1 | total time: 174.85m | eta: 120.0m
step 02589/04357 (59.42%) | loss: 2.828559 | lrm: 0.81 | dt: 4072.98ms | tok/sec: 257,447 | bf16_mfu: 46.31 | epoch: 1 | total time: 174.92m | eta: 119.9m
step 02590/04357 (59.44%) | loss: 2.827296 | lrm: 0.81 | dt: 4058.52ms | tok/sec: 258,363 | bf16_mfu: 46.48 | epoch: 1 | total time: 174.98m | eta: 119.8m
step 02591/04357 (59.47%) | loss: 2.835452 | lrm: 0.81 | dt: 4063.17ms | tok/sec: 258,068 | bf16_mfu: 46.42 | epoch: 1 | total time: 175.05m | eta: 119.8m
step 02592/04357 (59.49%) | loss: 2.844366 | lrm: 0.81 | dt: 4065.37ms | tok/sec: 257,928 | bf16_mfu: 46.40 | epoch: 1 | total time: 175.12m | eta: 119.7m
step 02593/04357 (59.51%) | loss: 2.843828 | lrm: 0.81 | dt: 4071.58ms | tok/sec: 257,535 | bf16_mfu: 46.33 | epoch: 1 | total time: 175.19m | eta: 119.6m
step 02594/04357 (59.54%) | loss: 2.841485 | lrm: 0.81 | dt: 4060.29ms | tok/sec: 258,251 | bf16_mfu: 46.46 | epoch: 1 | total time: 175.26m | eta: 119.6m
step 02595/04357 (59.56%) | loss: 2.838252 | lrm: 0.81 | dt: 4048.23ms | tok/sec: 259,020 | bf16_mfu: 46.60 | epoch: 1 | total time: 175.32m | eta: 119.5m
step 02596/04357 (59.58%) | loss: 2.838826 | lrm: 0.81 | dt: 4060.51ms | tok/sec: 258,237 | bf16_mfu: 46.45 | epoch: 1 | total time: 175.39m | eta: 119.4m
step 02597/04357 (59.61%) | loss: 2.828106 | lrm: 0.81 | dt: 4071.19ms | tok/sec: 257,560 | bf16_mfu: 46.33 | epoch: 1 | total time: 175.46m | eta: 119.4m
step 02598/04357 (59.63%) | loss: 2.825509 | lrm: 0.81 | dt: 4068.42ms | tok/sec: 257,735 | bf16_mfu: 46.36 | epoch: 1 | total time: 175.53m | eta: 119.3m
step 02599/04357 (59.65%) | loss: 2.831110 | lrm: 0.81 | dt: 4060.29ms | tok/sec: 258,251 | bf16_mfu: 46.46 | epoch: 1 | total time: 175.59m | eta: 119.2m
step 02600/04357 (59.67%) | loss: 2.815656 | lrm: 0.81 | dt: 4067.83ms | tok/sec: 257,772 | bf16_mfu: 46.37 | epoch: 1 | total time: 175.66m | eta: 119.2m
step 02601/04357 (59.70%) | loss: 2.806045 | lrm: 0.81 | dt: 4060.68ms | tok/sec: 258,226 | bf16_mfu: 46.45 | epoch: 1 | total time: 175.73m | eta: 119.1m
step 02602/04357 (59.72%) | loss: 2.813927 | lrm: 0.81 | dt: 4058.16ms | tok/sec: 258,386 | bf16_mfu: 46.48 | epoch: 1 | total time: 175.80m | eta: 119.0m
step 02603/04357 (59.74%) | loss: 2.814775 | lrm: 0.81 | dt: 4062.08ms | tok/sec: 258,137 | bf16_mfu: 46.44 | epoch: 1 | total time: 175.86m | eta: 119.0m
step 02604/04357 (59.77%) | loss: 2.810897 | lrm: 0.80 | dt: 4060.31ms | tok/sec: 258,250 | bf16_mfu: 46.46 | epoch: 1 | total time: 175.93m | eta: 118.9m
step 02605/04357 (59.79%) | loss: 2.814854 | lrm: 0.80 | dt: 4066.53ms | tok/sec: 257,854 | bf16_mfu: 46.39 | epoch: 1 | total time: 176.00m | eta: 118.8m
step 02606/04357 (59.81%) | loss: 2.817350 | lrm: 0.80 | dt: 4074.05ms | tok/sec: 257,379 | bf16_mfu: 46.30 | epoch: 1 | total time: 176.07m | eta: 118.8m
step 02607/04357 (59.83%) | loss: 2.808802 | lrm: 0.80 | dt: 4068.04ms | tok/sec: 257,759 | bf16_mfu: 46.37 | epoch: 1 | total time: 176.14m | eta: 118.7m
step 02608/04357 (59.86%) | loss: 2.805802 | lrm: 0.80 | dt: 4065.38ms | tok/sec: 257,927 | bf16_mfu: 46.40 | epoch: 1 | total time: 176.20m | eta: 118.6m
step 02609/04357 (59.88%) | loss: 2.803441 | lrm: 0.80 | dt: 4078.61ms | tok/sec: 257,091 | bf16_mfu: 46.25 | epoch: 1 | total time: 176.27m | eta: 118.6m
step 02610/04357 (59.90%) | loss: 2.806630 | lrm: 0.80 | dt: 4080.81ms | tok/sec: 256,953 | bf16_mfu: 46.22 | epoch: 1 | total time: 176.34m | eta: 118.5m
step 02611/04357 (59.93%) | loss: 2.810051 | lrm: 0.80 | dt: 4072.91ms | tok/sec: 257,451 | bf16_mfu: 46.31 | epoch: 1 | total time: 176.41m | eta: 118.4m
step 02612/04357 (59.95%) | loss: 2.814884 | lrm: 0.80 | dt: 4073.35ms | tok/sec: 257,423 | bf16_mfu: 46.31 | epoch: 1 | total time: 176.48m | eta: 118.4m
step 02613/04357 (59.97%) | loss: 2.825128 | lrm: 0.80 | dt: 4060.85ms | tok/sec: 258,215 | bf16_mfu: 46.45 | epoch: 1 | total time: 176.54m | eta: 118.3m
step 02614/04357 (60.00%) | loss: 2.827704 | lrm: 0.80 | dt: 4067.20ms | tok/sec: 257,812 | bf16_mfu: 46.38 | epoch: 1 | total time: 176.61m | eta: 118.2m
step 02615/04357 (60.02%) | loss: 2.838184 | lrm: 0.80 | dt: 4063.92ms | tok/sec: 258,020 | bf16_mfu: 46.42 | epoch: 1 | total time: 176.68m | eta: 118.1m
step 02616/04357 (60.04%) | loss: 2.831313 | lrm: 0.80 | dt: 4058.13ms | tok/sec: 258,389 | bf16_mfu: 46.48 | epoch: 1 | total time: 176.75m | eta: 118.1m
step 02617/04357 (60.06%) | loss: 2.821968 | lrm: 0.80 | dt: 4063.98ms | tok/sec: 258,016 | bf16_mfu: 46.42 | epoch: 1 | total time: 176.81m | eta: 118.0m
step 02618/04357 (60.09%) | loss: 2.826190 | lrm: 0.80 | dt: 4054.94ms | tok/sec: 258,592 | bf16_mfu: 46.52 | epoch: 1 | total time: 176.88m | eta: 117.9m
step 02619/04357 (60.11%) | loss: 2.817378 | lrm: 0.80 | dt: 4060.01ms | tok/sec: 258,269 | bf16_mfu: 46.46 | epoch: 1 | total time: 176.95m | eta: 117.9m
step 02620/04357 (60.13%) | loss: 2.811942 | lrm: 0.80 | dt: 4039.62ms | tok/sec: 259,572 | bf16_mfu: 46.69 | epoch: 1 | total time: 177.02m | eta: 117.8m
step 02621/04357 (60.16%) | loss: 2.803590 | lrm: 0.80 | dt: 4056.41ms | tok/sec: 258,498 | bf16_mfu: 46.50 | epoch: 1 | total time: 177.08m | eta: 117.7m
step 02622/04357 (60.18%) | loss: 2.807675 | lrm: 0.80 | dt: 4063.76ms | tok/sec: 258,031 | bf16_mfu: 46.42 | epoch: 1 | total time: 177.15m | eta: 117.7m
step 02623/04357 (60.20%) | loss: 2.818006 | lrm: 0.80 | dt: 4068.26ms | tok/sec: 257,745 | bf16_mfu: 46.37 | epoch: 1 | total time: 177.22m | eta: 117.6m
step 02624/04357 (60.22%) | loss: 2.821552 | lrm: 0.80 | dt: 4055.64ms | tok/sec: 258,547 | bf16_mfu: 46.51 | epoch: 1 | total time: 177.29m | eta: 117.5m
step 02625/04357 (60.25%) | loss: 2.815585 | lrm: 0.80 | dt: 4071.55ms | tok/sec: 257,537 | bf16_mfu: 46.33 | epoch: 1 | total time: 177.36m | eta: 117.5m
step 02626/04357 (60.27%) | loss: 2.812507 | lrm: 0.79 | dt: 4052.82ms | tok/sec: 258,727 | bf16_mfu: 46.54 | epoch: 1 | total time: 177.42m | eta: 117.4m
step 02627/04357 (60.29%) | loss: 2.815217 | lrm: 0.79 | dt: 4072.62ms | tok/sec: 257,469 | bf16_mfu: 46.32 | epoch: 1 | total time: 177.49m | eta: 117.3m
step 02628/04357 (60.32%) | loss: 2.802306 | lrm: 0.79 | dt: 4067.90ms | tok/sec: 257,768 | bf16_mfu: 46.37 | epoch: 1 | total time: 177.56m | eta: 117.3m
step 02629/04357 (60.34%) | loss: 2.811709 | lrm: 0.79 | dt: 4061.92ms | tok/sec: 258,147 | bf16_mfu: 46.44 | epoch: 1 | total time: 177.63m | eta: 117.2m
step 02630/04357 (60.36%) | loss: 2.807238 | lrm: 0.79 | dt: 4072.05ms | tok/sec: 257,505 | bf16_mfu: 46.32 | epoch: 1 | total time: 177.69m | eta: 117.1m
step 02631/04357 (60.39%) | loss: 2.805827 | lrm: 0.79 | dt: 4050.84ms | tok/sec: 258,854 | bf16_mfu: 46.57 | epoch: 1 | total time: 177.76m | eta: 117.1m
step 02632/04357 (60.41%) | loss: 2.802720 | lrm: 0.79 | dt: 4058.96ms | tok/sec: 258,336 | bf16_mfu: 46.47 | epoch: 1 | total time: 177.83m | eta: 117.0m
step 02633/04357 (60.43%) | loss: 2.805971 | lrm: 0.79 | dt: 4045.25ms | tok/sec: 259,211 | bf16_mfu: 46.63 | epoch: 1 | total time: 177.90m | eta: 116.9m
step 02634/04357 (60.45%) | loss: 2.812109 | lrm: 0.79 | dt: 4071.79ms | tok/sec: 257,521 | bf16_mfu: 46.33 | epoch: 1 | total time: 177.96m | eta: 116.9m
step 02635/04357 (60.48%) | loss: 2.817301 | lrm: 0.79 | dt: 4069.01ms | tok/sec: 257,698 | bf16_mfu: 46.36 | epoch: 1 | total time: 178.03m | eta: 116.8m
step 02636/04357 (60.50%) | loss: 2.820373 | lrm: 0.79 | dt: 4069.02ms | tok/sec: 257,697 | bf16_mfu: 46.36 | epoch: 1 | total time: 178.10m | eta: 116.7m
step 02637/04357 (60.52%) | loss: 2.830081 | lrm: 0.79 | dt: 4066.36ms | tok/sec: 257,866 | bf16_mfu: 46.39 | epoch: 1 | total time: 178.17m | eta: 116.7m
step 02638/04357 (60.55%) | loss: 2.839838 | lrm: 0.79 | dt: 4067.41ms | tok/sec: 257,799 | bf16_mfu: 46.38 | epoch: 1 | total time: 178.24m | eta: 116.6m
step 02639/04357 (60.57%) | loss: 2.834410 | lrm: 0.79 | dt: 4060.16ms | tok/sec: 258,259 | bf16_mfu: 46.46 | epoch: 1 | total time: 178.30m | eta: 116.5m
step 02640/04357 (60.59%) | loss: 2.828120 | lrm: 0.79 | dt: 4055.97ms | tok/sec: 258,526 | bf16_mfu: 46.51 | epoch: 1 | total time: 178.37m | eta: 116.4m
step 02641/04357 (60.62%) | loss: 2.815641 | lrm: 0.79 | dt: 4074.87ms | tok/sec: 257,327 | bf16_mfu: 46.29 | epoch: 1 | total time: 178.44m | eta: 116.4m
step 02642/04357 (60.64%) | loss: 2.834364 | lrm: 0.79 | dt: 4066.91ms | tok/sec: 257,830 | bf16_mfu: 46.38 | epoch: 1 | total time: 178.51m | eta: 116.3m
step 02643/04357 (60.66%) | loss: 2.826141 | lrm: 0.79 | dt: 4080.39ms | tok/sec: 256,979 | bf16_mfu: 46.23 | epoch: 1 | total time: 178.57m | eta: 116.2m
step 02644/04357 (60.68%) | loss: 2.830114 | lrm: 0.79 | dt: 4067.76ms | tok/sec: 257,777 | bf16_mfu: 46.37 | epoch: 1 | total time: 178.64m | eta: 116.2m
