========================================
Job ID: 507839
Node: andreas-h100-1
Config: Subspace Momentum - Baseline
Start Time: Tue Mar 10 16:43:09 EDT 2026
========================================
Tue Mar 10 16:43:09 2026       
+-----------------------------------------------------------------------------------------+
| NVIDIA-SMI 575.57.08              Driver Version: 575.57.08      CUDA Version: 12.9     |
|-----------------------------------------+------------------------+----------------------+
| GPU  Name                 Persistence-M | Bus-Id          Disp.A | Volatile Uncorr. ECC |
| Fan  Temp   Perf          Pwr:Usage/Cap |           Memory-Usage | GPU-Util  Compute M. |
|                                         |                        |               MIG M. |
|=========================================+========================+======================|
|   0  NVIDIA H100 NVL                On  |   00000000:A1:00.0 Off |                    0 |
| N/A   41C    P0             64W /  400W |       0MiB /  95830MiB |      0%      Default |
|                                         |                        |             Disabled |
+-----------------------------------------+------------------------+----------------------+
|   1  NVIDIA H100 NVL                On  |   00000000:C1:00.0 Off |                    0 |
| N/A   44C    P0             65W /  400W |       0MiB /  95830MiB |      0%      Default |
|                                         |                        |             Disabled |
+-----------------------------------------+------------------------+----------------------+
                                                                                         
+-----------------------------------------------------------------------------------------+
| Processes:                                                                              |
|  GPU   GI   CI              PID   Type   Process name                        GPU Memory |
|        ID   ID                                                               Usage      |
|=========================================================================================|
|  No running processes found                                                             |
+-----------------------------------------------------------------------------------------+

                                                       █████                █████
                                                      ░░███                ░░███
     ████████    ██████   ████████    ██████   ██████  ░███████    ██████  ███████
    ░░███░░███  ░░░░░███ ░░███░░███  ███░░███ ███░░███ ░███░░███  ░░░░░███░░░███░
     ░███ ░███   ███████  ░███ ░███ ░███ ░███░███ ░░░  ░███ ░███   ███████  ░███
     ░███ ░███  ███░░███  ░███ ░███ ░███ ░███░███  ███ ░███ ░███  ███░░███  ░███ ███
     ████ █████░░████████ ████ █████░░██████ ░░██████  ████ █████░░███████  ░░█████
    ░░░░ ░░░░░  ░░░░░░░░ ░░░░ ░░░░░  ░░░░░░   ░░░░░░  ░░░░ ░░░░░  ░░░░░░░░   ░░░░░
    
Newton-Schulz mode: baseline (5 iterations, 15 matmuls)
Subspace momentum mode: baseline
Target Muon momentum: 0.95 (warmup from 0.85)
Autodetected device type: cuda
Newton-Schulz mode: baseline (5 iterations, 15 matmuls)
Subspace momentum mode: baseline
Target Muon momentum: 0.95 (warmup from 0.85)
GPU: NVIDIA H100 NVL | Peak FLOPS (BF16): 8.35e+14
Using Flash Attention 3
Vocab size: 32,768
Model config:
{
  "sequence_len": 2048,
  "vocab_size": 32768,
  "n_layer": 20,
  "n_head": 10,
  "n_kv_head": 10,
  "n_embd": 1280,
  "window_pattern": "SSSL"
}
FP8 training enabled (tensorwise) - converted 121 layers
Parameter counts:
wte                     : 41,943,040
value_embeds            : 419,430,400
lm_head                 : 41,943,040
transformer_matrices    : 393,219,200
scalars                 : 40
total                   : 896,535,720
Estimated FLOPs per token: 3.004189e+09
Auto-computed optimal batch size: 1,048,576 tokens
Scaling LRs by 1.4142 for batch size 1,048,576
Scaling weight decay from 0.200000 to 0.071563
Scaling the LR for the AdamW parameters ∝1/√(1280/768) = 0.774597
Calculated iterations from target data:param ratio: 4,357
Total training tokens: 4,568,645,632
Tokens : Scaling params ratio: 10.50
Total batch size 1,048,576 => gradient accumulation steps: 16
Step 00000 | Validation bpb: 3.172610
step 00000/04357 (0.00%) | loss: 10.398407 | lrm: 1.00 | dt: 28683.76ms | tok/sec: 36,556 | bf16_mfu: 6.58 | epoch: 1 | total time: 0.00m
step 00001/04357 (0.02%) | loss: 10.891294 | lrm: 1.00 | dt: 3879.07ms | tok/sec: 270,316 | bf16_mfu: 48.63 | epoch: 1 | total time: 0.00m
step 00002/04357 (0.05%) | loss: 10.772473 | lrm: 1.00 | dt: 3858.49ms | tok/sec: 271,758 | bf16_mfu: 48.89 | epoch: 1 | total time: 0.00m
step 00003/04357 (0.07%) | loss: 10.244723 | lrm: 1.00 | dt: 3898.78ms | tok/sec: 268,949 | bf16_mfu: 48.38 | epoch: 1 | total time: 0.00m
step 00004/04357 (0.09%) | loss: 9.604163 | lrm: 1.00 | dt: 3891.83ms | tok/sec: 269,429 | bf16_mfu: 48.47 | epoch: 1 | total time: 0.00m
step 00005/04357 (0.11%) | loss: 9.065774 | lrm: 1.00 | dt: 3891.32ms | tok/sec: 269,465 | bf16_mfu: 48.47 | epoch: 1 | total time: 0.00m
step 00006/04357 (0.14%) | loss: 8.654295 | lrm: 1.00 | dt: 3900.40ms | tok/sec: 268,838 | bf16_mfu: 48.36 | epoch: 1 | total time: 0.00m
step 00007/04357 (0.16%) | loss: 8.309702 | lrm: 1.00 | dt: 3940.95ms | tok/sec: 266,072 | bf16_mfu: 47.86 | epoch: 1 | total time: 0.00m
step 00008/04357 (0.18%) | loss: 8.034546 | lrm: 1.00 | dt: 3943.48ms | tok/sec: 265,901 | bf16_mfu: 47.83 | epoch: 1 | total time: 0.00m
step 00009/04357 (0.21%) | loss: 7.795572 | lrm: 1.00 | dt: 3947.65ms | tok/sec: 265,620 | bf16_mfu: 47.78 | epoch: 1 | total time: 0.00m
step 00010/04357 (0.23%) | loss: 7.579335 | lrm: 1.00 | dt: 3961.14ms | tok/sec: 264,715 | bf16_mfu: 47.62 | epoch: 1 | total time: 0.00m
step 00011/04357 (0.25%) | loss: 7.399403 | lrm: 1.00 | dt: 3967.83ms | tok/sec: 264,269 | bf16_mfu: 47.54 | epoch: 1 | total time: 0.07m | eta: 287.4m
step 00012/04357 (0.28%) | loss: 7.230966 | lrm: 1.00 | dt: 3984.64ms | tok/sec: 263,154 | bf16_mfu: 47.34 | epoch: 1 | total time: 0.13m | eta: 287.9m
step 00013/04357 (0.30%) | loss: 7.085089 | lrm: 1.00 | dt: 3984.74ms | tok/sec: 263,147 | bf16_mfu: 47.34 | epoch: 1 | total time: 0.20m | eta: 288.1m
step 00014/04357 (0.32%) | loss: 6.970017 | lrm: 1.00 | dt: 3985.39ms | tok/sec: 263,105 | bf16_mfu: 47.33 | epoch: 1 | total time: 0.27m | eta: 288.1m
step 00015/04357 (0.34%) | loss: 6.853697 | lrm: 1.00 | dt: 4000.44ms | tok/sec: 262,115 | bf16_mfu: 47.15 | epoch: 1 | total time: 0.33m | eta: 288.4m
step 00016/04357 (0.37%) | loss: 6.766624 | lrm: 1.00 | dt: 3993.84ms | tok/sec: 262,548 | bf16_mfu: 47.23 | epoch: 1 | total time: 0.40m | eta: 288.4m
step 00017/04357 (0.39%) | loss: 6.675579 | lrm: 1.00 | dt: 4011.78ms | tok/sec: 261,374 | bf16_mfu: 47.02 | epoch: 1 | total time: 0.47m | eta: 288.6m
step 00018/04357 (0.41%) | loss: 6.584278 | lrm: 1.00 | dt: 4007.75ms | tok/sec: 261,637 | bf16_mfu: 47.07 | epoch: 1 | total time: 0.53m | eta: 288.7m
step 00019/04357 (0.44%) | loss: 6.513186 | lrm: 1.00 | dt: 4014.66ms | tok/sec: 261,186 | bf16_mfu: 46.99 | epoch: 1 | total time: 0.60m | eta: 288.8m
step 00020/04357 (0.46%) | loss: 6.441301 | lrm: 1.00 | dt: 4020.62ms | tok/sec: 260,799 | bf16_mfu: 46.92 | epoch: 1 | total time: 0.67m | eta: 288.9m
step 00021/04357 (0.48%) | loss: 6.382075 | lrm: 1.00 | dt: 4021.01ms | tok/sec: 260,774 | bf16_mfu: 46.91 | epoch: 1 | total time: 0.73m | eta: 289.0m
step 00022/04357 (0.50%) | loss: 6.333388 | lrm: 1.00 | dt: 4026.79ms | tok/sec: 260,400 | bf16_mfu: 46.84 | epoch: 1 | total time: 0.80m | eta: 289.1m
step 00023/04357 (0.53%) | loss: 6.285423 | lrm: 1.00 | dt: 4024.68ms | tok/sec: 260,536 | bf16_mfu: 46.87 | epoch: 1 | total time: 0.87m | eta: 289.2m
step 00024/04357 (0.55%) | loss: 6.226770 | lrm: 1.00 | dt: 4027.12ms | tok/sec: 260,378 | bf16_mfu: 46.84 | epoch: 1 | total time: 0.93m | eta: 289.2m
step 00025/04357 (0.57%) | loss: 6.190764 | lrm: 1.00 | dt: 4030.39ms | tok/sec: 260,167 | bf16_mfu: 46.80 | epoch: 1 | total time: 1.00m | eta: 289.3m
step 00026/04357 (0.60%) | loss: 6.153427 | lrm: 1.00 | dt: 4030.07ms | tok/sec: 260,188 | bf16_mfu: 46.81 | epoch: 1 | total time: 1.07m | eta: 289.3m
step 00027/04357 (0.62%) | loss: 6.121920 | lrm: 1.00 | dt: 4035.25ms | tok/sec: 259,853 | bf16_mfu: 46.75 | epoch: 1 | total time: 1.14m | eta: 289.4m
step 00028/04357 (0.64%) | loss: 6.090012 | lrm: 1.00 | dt: 4039.98ms | tok/sec: 259,550 | bf16_mfu: 46.69 | epoch: 1 | total time: 1.20m | eta: 289.4m
step 00029/04357 (0.67%) | loss: 6.066625 | lrm: 1.00 | dt: 4050.45ms | tok/sec: 258,878 | bf16_mfu: 46.57 | epoch: 1 | total time: 1.27m | eta: 289.5m
step 00030/04357 (0.69%) | loss: 6.046436 | lrm: 1.00 | dt: 4047.93ms | tok/sec: 259,040 | bf16_mfu: 46.60 | epoch: 1 | total time: 1.34m | eta: 289.6m
step 00031/04357 (0.71%) | loss: 6.023222 | lrm: 1.00 | dt: 4044.66ms | tok/sec: 259,249 | bf16_mfu: 46.64 | epoch: 1 | total time: 1.41m | eta: 289.6m
step 00032/04357 (0.73%) | loss: 6.006474 | lrm: 1.00 | dt: 4043.70ms | tok/sec: 259,311 | bf16_mfu: 46.65 | epoch: 1 | total time: 1.47m | eta: 289.6m
step 00033/04357 (0.76%) | loss: 5.983171 | lrm: 1.00 | dt: 4044.45ms | tok/sec: 259,262 | bf16_mfu: 46.64 | epoch: 1 | total time: 1.54m | eta: 289.6m
step 00034/04357 (0.78%) | loss: 5.949660 | lrm: 1.00 | dt: 4049.41ms | tok/sec: 258,945 | bf16_mfu: 46.58 | epoch: 1 | total time: 1.61m | eta: 289.7m
step 00035/04357 (0.80%) | loss: 5.936172 | lrm: 1.00 | dt: 4046.46ms | tok/sec: 259,134 | bf16_mfu: 46.62 | epoch: 1 | total time: 1.68m | eta: 289.7m
step 00036/04357 (0.83%) | loss: 5.920955 | lrm: 1.00 | dt: 4057.18ms | tok/sec: 258,449 | bf16_mfu: 46.49 | epoch: 1 | total time: 1.74m | eta: 289.7m
step 00037/04357 (0.85%) | loss: 5.895686 | lrm: 1.00 | dt: 4051.84ms | tok/sec: 258,790 | bf16_mfu: 46.55 | epoch: 1 | total time: 1.81m | eta: 289.7m
step 00038/04357 (0.87%) | loss: 5.875594 | lrm: 1.00 | dt: 4052.51ms | tok/sec: 258,747 | bf16_mfu: 46.55 | epoch: 1 | total time: 1.88m | eta: 289.7m
step 00039/04357 (0.90%) | loss: 5.856823 | lrm: 1.00 | dt: 4046.11ms | tok/sec: 259,156 | bf16_mfu: 46.62 | epoch: 1 | total time: 1.95m | eta: 289.7m
step 00040/04357 (0.92%) | loss: 5.834903 | lrm: 1.00 | dt: 4051.30ms | tok/sec: 258,824 | bf16_mfu: 46.56 | epoch: 1 | total time: 2.01m | eta: 289.7m
step 00041/04357 (0.94%) | loss: 5.817833 | lrm: 1.00 | dt: 4054.34ms | tok/sec: 258,630 | bf16_mfu: 46.53 | epoch: 1 | total time: 2.08m | eta: 289.7m
step 00042/04357 (0.96%) | loss: 5.792637 | lrm: 1.00 | dt: 4050.91ms | tok/sec: 258,849 | bf16_mfu: 46.56 | epoch: 1 | total time: 2.15m | eta: 289.7m
step 00043/04357 (0.99%) | loss: 5.773191 | lrm: 1.00 | dt: 4054.41ms | tok/sec: 258,625 | bf16_mfu: 46.52 | epoch: 1 | total time: 2.22m | eta: 289.7m
step 00044/04357 (1.01%) | loss: 5.757377 | lrm: 1.00 | dt: 4050.37ms | tok/sec: 258,883 | bf16_mfu: 46.57 | epoch: 1 | total time: 2.28m | eta: 289.7m
step 00045/04357 (1.03%) | loss: 5.725280 | lrm: 1.00 | dt: 4053.71ms | tok/sec: 258,670 | bf16_mfu: 46.53 | epoch: 1 | total time: 2.35m | eta: 289.6m
step 00046/04357 (1.06%) | loss: 5.714354 | lrm: 1.00 | dt: 4052.47ms | tok/sec: 258,750 | bf16_mfu: 46.55 | epoch: 1 | total time: 2.42m | eta: 289.6m
step 00047/04357 (1.08%) | loss: 5.689700 | lrm: 1.00 | dt: 4048.26ms | tok/sec: 259,018 | bf16_mfu: 46.60 | epoch: 1 | total time: 2.49m | eta: 289.6m
step 00048/04357 (1.10%) | loss: 5.670078 | lrm: 1.00 | dt: 4057.17ms | tok/sec: 258,450 | bf16_mfu: 46.49 | epoch: 1 | total time: 2.55m | eta: 289.6m
step 00049/04357 (1.12%) | loss: 5.644619 | lrm: 1.00 | dt: 4048.00ms | tok/sec: 259,035 | bf16_mfu: 46.60 | epoch: 1 | total time: 2.62m | eta: 289.5m
step 00050/04357 (1.15%) | loss: 5.635150 | lrm: 1.00 | dt: 4056.36ms | tok/sec: 258,501 | bf16_mfu: 46.50 | epoch: 1 | total time: 2.69m | eta: 289.5m
step 00051/04357 (1.17%) | loss: 5.611740 | lrm: 1.00 | dt: 4052.18ms | tok/sec: 258,768 | bf16_mfu: 46.55 | epoch: 1 | total time: 2.76m | eta: 289.5m
step 00052/04357 (1.19%) | loss: 5.591048 | lrm: 1.00 | dt: 4056.21ms | tok/sec: 258,511 | bf16_mfu: 46.50 | epoch: 1 | total time: 2.82m | eta: 289.4m
step 00053/04357 (1.22%) | loss: 5.557809 | lrm: 1.00 | dt: 4048.70ms | tok/sec: 258,990 | bf16_mfu: 46.59 | epoch: 1 | total time: 2.89m | eta: 289.4m
step 00054/04357 (1.24%) | loss: 5.525294 | lrm: 1.00 | dt: 4048.68ms | tok/sec: 258,992 | bf16_mfu: 46.59 | epoch: 1 | total time: 2.96m | eta: 289.4m
step 00055/04357 (1.26%) | loss: 5.510010 | lrm: 1.00 | dt: 4052.74ms | tok/sec: 258,732 | bf16_mfu: 46.54 | epoch: 1 | total time: 3.03m | eta: 289.3m
step 00056/04357 (1.29%) | loss: 5.491823 | lrm: 1.00 | dt: 4051.94ms | tok/sec: 258,783 | bf16_mfu: 46.55 | epoch: 1 | total time: 3.09m | eta: 289.3m
step 00057/04357 (1.31%) | loss: 5.456381 | lrm: 1.00 | dt: 4051.82ms | tok/sec: 258,791 | bf16_mfu: 46.55 | epoch: 1 | total time: 3.16m | eta: 289.2m
step 00058/04357 (1.33%) | loss: 5.432636 | lrm: 1.00 | dt: 4052.02ms | tok/sec: 258,778 | bf16_mfu: 46.55 | epoch: 1 | total time: 3.23m | eta: 289.2m
step 00059/04357 (1.35%) | loss: 5.411129 | lrm: 1.00 | dt: 4053.04ms | tok/sec: 258,713 | bf16_mfu: 46.54 | epoch: 1 | total time: 3.30m | eta: 289.1m
step 00060/04357 (1.38%) | loss: 5.382052 | lrm: 1.00 | dt: 4050.66ms | tok/sec: 258,865 | bf16_mfu: 46.57 | epoch: 1 | total time: 3.36m | eta: 289.1m
step 00061/04357 (1.40%) | loss: 5.366369 | lrm: 1.00 | dt: 4054.33ms | tok/sec: 258,631 | bf16_mfu: 46.53 | epoch: 1 | total time: 3.43m | eta: 289.1m
step 00062/04357 (1.42%) | loss: 5.344142 | lrm: 1.00 | dt: 4051.79ms | tok/sec: 258,793 | bf16_mfu: 46.55 | epoch: 1 | total time: 3.50m | eta: 289.0m
step 00063/04357 (1.45%) | loss: 5.330489 | lrm: 1.00 | dt: 4055.38ms | tok/sec: 258,564 | bf16_mfu: 46.51 | epoch: 1 | total time: 3.57m | eta: 289.0m
step 00064/04357 (1.47%) | loss: 5.310103 | lrm: 1.00 | dt: 4049.44ms | tok/sec: 258,943 | bf16_mfu: 46.58 | epoch: 1 | total time: 3.63m | eta: 288.9m
step 00065/04357 (1.49%) | loss: 5.291096 | lrm: 1.00 | dt: 4052.47ms | tok/sec: 258,749 | bf16_mfu: 46.55 | epoch: 1 | total time: 3.70m | eta: 288.9m
step 00066/04357 (1.51%) | loss: 5.278056 | lrm: 1.00 | dt: 4061.68ms | tok/sec: 258,163 | bf16_mfu: 46.44 | epoch: 1 | total time: 3.77m | eta: 288.8m
step 00067/04357 (1.54%) | loss: 5.254565 | lrm: 1.00 | dt: 4060.41ms | tok/sec: 258,243 | bf16_mfu: 46.46 | epoch: 1 | total time: 3.84m | eta: 288.8m
step 00068/04357 (1.56%) | loss: 5.245782 | lrm: 1.00 | dt: 4056.95ms | tok/sec: 258,463 | bf16_mfu: 46.50 | epoch: 1 | total time: 3.90m | eta: 288.7m
step 00069/04357 (1.58%) | loss: 5.222230 | lrm: 1.00 | dt: 4047.46ms | tok/sec: 259,069 | bf16_mfu: 46.60 | epoch: 1 | total time: 3.97m | eta: 288.7m
step 00070/04357 (1.61%) | loss: 5.212517 | lrm: 1.00 | dt: 4051.33ms | tok/sec: 258,822 | bf16_mfu: 46.56 | epoch: 1 | total time: 4.04m | eta: 288.6m
step 00071/04357 (1.63%) | loss: 5.193504 | lrm: 1.00 | dt: 4052.57ms | tok/sec: 258,743 | bf16_mfu: 46.55 | epoch: 1 | total time: 4.11m | eta: 288.6m
step 00072/04357 (1.65%) | loss: 5.176658 | lrm: 1.00 | dt: 4055.84ms | tok/sec: 258,535 | bf16_mfu: 46.51 | epoch: 1 | total time: 4.17m | eta: 288.5m
step 00073/04357 (1.68%) | loss: 5.164094 | lrm: 1.00 | dt: 4068.80ms | tok/sec: 257,711 | bf16_mfu: 46.36 | epoch: 1 | total time: 4.24m | eta: 288.5m
step 00074/04357 (1.70%) | loss: 5.134439 | lrm: 1.00 | dt: 4049.77ms | tok/sec: 258,922 | bf16_mfu: 46.58 | epoch: 1 | total time: 4.31m | eta: 288.4m
step 00075/04357 (1.72%) | loss: 5.114433 | lrm: 1.00 | dt: 4057.85ms | tok/sec: 258,406 | bf16_mfu: 46.49 | epoch: 1 | total time: 4.38m | eta: 288.4m
step 00076/04357 (1.74%) | loss: 5.096353 | lrm: 1.00 | dt: 4068.46ms | tok/sec: 257,732 | bf16_mfu: 46.36 | epoch: 1 | total time: 4.45m | eta: 288.4m
step 00077/04357 (1.77%) | loss: 5.074580 | lrm: 1.00 | dt: 4052.02ms | tok/sec: 258,778 | bf16_mfu: 46.55 | epoch: 1 | total time: 4.51m | eta: 288.3m
step 00078/04357 (1.79%) | loss: 5.054131 | lrm: 1.00 | dt: 4053.00ms | tok/sec: 258,715 | bf16_mfu: 46.54 | epoch: 1 | total time: 4.58m | eta: 288.2m
step 00079/04357 (1.81%) | loss: 5.029343 | lrm: 1.00 | dt: 4055.98ms | tok/sec: 258,526 | bf16_mfu: 46.51 | epoch: 1 | total time: 4.65m | eta: 288.2m
step 00080/04357 (1.84%) | loss: 5.004408 | lrm: 1.00 | dt: 4067.36ms | tok/sec: 257,802 | bf16_mfu: 46.38 | epoch: 1 | total time: 4.72m | eta: 288.1m
step 00081/04357 (1.86%) | loss: 4.971337 | lrm: 1.00 | dt: 4056.58ms | tok/sec: 258,487 | bf16_mfu: 46.50 | epoch: 1 | total time: 4.78m | eta: 288.1m
step 00082/04357 (1.88%) | loss: 4.956221 | lrm: 1.00 | dt: 4058.75ms | tok/sec: 258,349 | bf16_mfu: 46.47 | epoch: 1 | total time: 4.85m | eta: 288.0m
step 00083/04357 (1.90%) | loss: 4.930009 | lrm: 1.00 | dt: 4067.61ms | tok/sec: 257,786 | bf16_mfu: 46.37 | epoch: 1 | total time: 4.92m | eta: 288.0m
step 00084/04357 (1.93%) | loss: 4.937418 | lrm: 1.00 | dt: 4063.57ms | tok/sec: 258,042 | bf16_mfu: 46.42 | epoch: 1 | total time: 4.99m | eta: 288.0m
step 00085/04357 (1.95%) | loss: 4.923640 | lrm: 1.00 | dt: 4055.76ms | tok/sec: 258,540 | bf16_mfu: 46.51 | epoch: 1 | total time: 5.05m | eta: 287.9m
step 00086/04357 (1.97%) | loss: 4.918006 | lrm: 1.00 | dt: 4064.47ms | tok/sec: 257,985 | bf16_mfu: 46.41 | epoch: 1 | total time: 5.12m | eta: 287.8m
step 00087/04357 (2.00%) | loss: 4.896522 | lrm: 1.00 | dt: 4060.04ms | tok/sec: 258,267 | bf16_mfu: 46.46 | epoch: 1 | total time: 5.19m | eta: 287.8m
step 00088/04357 (2.02%) | loss: 4.886962 | lrm: 1.00 | dt: 4056.57ms | tok/sec: 258,488 | bf16_mfu: 46.50 | epoch: 1 | total time: 5.26m | eta: 287.7m
step 00089/04357 (2.04%) | loss: 4.881800 | lrm: 1.00 | dt: 4064.26ms | tok/sec: 257,999 | bf16_mfu: 46.41 | epoch: 1 | total time: 5.33m | eta: 287.7m
step 00090/04357 (2.07%) | loss: 4.865268 | lrm: 1.00 | dt: 4065.35ms | tok/sec: 257,930 | bf16_mfu: 46.40 | epoch: 1 | total time: 5.39m | eta: 287.6m
step 00091/04357 (2.09%) | loss: 4.844391 | lrm: 1.00 | dt: 4067.56ms | tok/sec: 257,790 | bf16_mfu: 46.37 | epoch: 1 | total time: 5.46m | eta: 287.6m
step 00092/04357 (2.11%) | loss: 4.810804 | lrm: 1.00 | dt: 4070.36ms | tok/sec: 257,612 | bf16_mfu: 46.34 | epoch: 1 | total time: 5.53m | eta: 287.6m
step 00093/04357 (2.13%) | loss: 4.794228 | lrm: 1.00 | dt: 4052.21ms | tok/sec: 258,766 | bf16_mfu: 46.55 | epoch: 1 | total time: 5.60m | eta: 287.5m
step 00094/04357 (2.16%) | loss: 4.772717 | lrm: 1.00 | dt: 4051.14ms | tok/sec: 258,834 | bf16_mfu: 46.56 | epoch: 1 | total time: 5.66m | eta: 287.4m
step 00095/04357 (2.18%) | loss: 4.766155 | lrm: 1.00 | dt: 4057.50ms | tok/sec: 258,429 | bf16_mfu: 46.49 | epoch: 1 | total time: 5.73m | eta: 287.4m
step 00096/04357 (2.20%) | loss: 4.734802 | lrm: 1.00 | dt: 4067.11ms | tok/sec: 257,818 | bf16_mfu: 46.38 | epoch: 1 | total time: 5.80m | eta: 287.3m
step 00097/04357 (2.23%) | loss: 4.702145 | lrm: 1.00 | dt: 4055.40ms | tok/sec: 258,562 | bf16_mfu: 46.51 | epoch: 1 | total time: 5.87m | eta: 287.3m
step 00098/04357 (2.25%) | loss: 4.694725 | lrm: 1.00 | dt: 4069.36ms | tok/sec: 257,676 | bf16_mfu: 46.35 | epoch: 1 | total time: 5.93m | eta: 287.2m
step 00099/04357 (2.27%) | loss: 4.683045 | lrm: 1.00 | dt: 4053.49ms | tok/sec: 258,684 | bf16_mfu: 46.54 | epoch: 1 | total time: 6.00m | eta: 287.1m
step 00100/04357 (2.30%) | loss: 4.668031 | lrm: 1.00 | dt: 4068.95ms | tok/sec: 257,701 | bf16_mfu: 46.36 | epoch: 1 | total time: 6.07m | eta: 287.1m
step 00101/04357 (2.32%) | loss: 4.656018 | lrm: 1.00 | dt: 4063.08ms | tok/sec: 258,074 | bf16_mfu: 46.43 | epoch: 1 | total time: 6.14m | eta: 287.0m
step 00102/04357 (2.34%) | loss: 4.648887 | lrm: 1.00 | dt: 4064.55ms | tok/sec: 257,980 | bf16_mfu: 46.41 | epoch: 1 | total time: 6.21m | eta: 287.0m
step 00103/04357 (2.36%) | loss: 4.627918 | lrm: 1.00 | dt: 4069.76ms | tok/sec: 257,650 | bf16_mfu: 46.35 | epoch: 1 | total time: 6.27m | eta: 286.9m
step 00104/04357 (2.39%) | loss: 4.614936 | lrm: 1.00 | dt: 4069.33ms | tok/sec: 257,677 | bf16_mfu: 46.35 | epoch: 1 | total time: 6.34m | eta: 286.9m
step 00105/04357 (2.41%) | loss: 4.594547 | lrm: 1.00 | dt: 4061.35ms | tok/sec: 258,184 | bf16_mfu: 46.45 | epoch: 1 | total time: 6.41m | eta: 286.8m
step 00106/04357 (2.43%) | loss: 4.576055 | lrm: 1.00 | dt: 4066.02ms | tok/sec: 257,887 | bf16_mfu: 46.39 | epoch: 1 | total time: 6.48m | eta: 286.8m
step 00107/04357 (2.46%) | loss: 4.556060 | lrm: 1.00 | dt: 4056.65ms | tok/sec: 258,483 | bf16_mfu: 46.50 | epoch: 1 | total time: 6.54m | eta: 286.7m
step 00108/04357 (2.48%) | loss: 4.555606 | lrm: 1.00 | dt: 4071.95ms | tok/sec: 257,512 | bf16_mfu: 46.32 | epoch: 1 | total time: 6.61m | eta: 286.7m
step 00109/04357 (2.50%) | loss: 4.541935 | lrm: 1.00 | dt: 4070.14ms | tok/sec: 257,626 | bf16_mfu: 46.34 | epoch: 1 | total time: 6.68m | eta: 286.6m
step 00110/04357 (2.52%) | loss: 4.528488 | lrm: 1.00 | dt: 4071.51ms | tok/sec: 257,539 | bf16_mfu: 46.33 | epoch: 1 | total time: 6.75m | eta: 286.6m
step 00111/04357 (2.55%) | loss: 4.503236 | lrm: 1.00 | dt: 4095.89ms | tok/sec: 256,006 | bf16_mfu: 46.05 | epoch: 1 | total time: 6.82m | eta: 286.5m
step 00112/04357 (2.57%) | loss: 4.489540 | lrm: 1.00 | dt: 4066.87ms | tok/sec: 257,833 | bf16_mfu: 46.38 | epoch: 1 | total time: 6.88m | eta: 286.5m
step 00113/04357 (2.59%) | loss: 4.482742 | lrm: 1.00 | dt: 4056.90ms | tok/sec: 258,467 | bf16_mfu: 46.50 | epoch: 1 | total time: 6.95m | eta: 286.4m
step 00114/04357 (2.62%) | loss: 4.451616 | lrm: 1.00 | dt: 4067.22ms | tok/sec: 257,811 | bf16_mfu: 46.38 | epoch: 1 | total time: 7.02m | eta: 286.4m
step 00115/04357 (2.64%) | loss: 4.456035 | lrm: 1.00 | dt: 4053.74ms | tok/sec: 258,668 | bf16_mfu: 46.53 | epoch: 1 | total time: 7.09m | eta: 286.3m
step 00116/04357 (2.66%) | loss: 4.436743 | lrm: 1.00 | dt: 4071.89ms | tok/sec: 257,516 | bf16_mfu: 46.32 | epoch: 1 | total time: 7.15m | eta: 286.2m
step 00117/04357 (2.69%) | loss: 4.412156 | lrm: 1.00 | dt: 4070.66ms | tok/sec: 257,593 | bf16_mfu: 46.34 | epoch: 1 | total time: 7.22m | eta: 286.2m
step 00118/04357 (2.71%) | loss: 4.402133 | lrm: 1.00 | dt: 4073.87ms | tok/sec: 257,390 | bf16_mfu: 46.30 | epoch: 1 | total time: 7.29m | eta: 286.1m
step 00119/04357 (2.73%) | loss: 4.383938 | lrm: 1.00 | dt: 4071.26ms | tok/sec: 257,555 | bf16_mfu: 46.33 | epoch: 1 | total time: 7.36m | eta: 286.1m
step 00120/04357 (2.75%) | loss: 4.375333 | lrm: 1.00 | dt: 4065.97ms | tok/sec: 257,890 | bf16_mfu: 46.39 | epoch: 1 | total time: 7.43m | eta: 286.0m
step 00121/04357 (2.78%) | loss: 4.360814 | lrm: 1.00 | dt: 4061.79ms | tok/sec: 258,156 | bf16_mfu: 46.44 | epoch: 1 | total time: 7.49m | eta: 286.0m
step 00122/04357 (2.80%) | loss: 4.342584 | lrm: 1.00 | dt: 4065.17ms | tok/sec: 257,941 | bf16_mfu: 46.40 | epoch: 1 | total time: 7.56m | eta: 285.9m
step 00123/04357 (2.82%) | loss: 4.337843 | lrm: 1.00 | dt: 4051.87ms | tok/sec: 258,788 | bf16_mfu: 46.55 | epoch: 1 | total time: 7.63m | eta: 285.8m
step 00124/04357 (2.85%) | loss: 4.320421 | lrm: 1.00 | dt: 4060.17ms | tok/sec: 258,259 | bf16_mfu: 46.46 | epoch: 1 | total time: 7.70m | eta: 285.8m
step 00125/04357 (2.87%) | loss: 4.303019 | lrm: 1.00 | dt: 4062.24ms | tok/sec: 258,127 | bf16_mfu: 46.43 | epoch: 1 | total time: 7.76m | eta: 285.7m
step 00126/04357 (2.89%) | loss: 4.287230 | lrm: 1.00 | dt: 4056.95ms | tok/sec: 258,464 | bf16_mfu: 46.50 | epoch: 1 | total time: 7.83m | eta: 285.7m
step 00127/04357 (2.91%) | loss: 4.286321 | lrm: 1.00 | dt: 4071.46ms | tok/sec: 257,542 | bf16_mfu: 46.33 | epoch: 1 | total time: 7.90m | eta: 285.6m
step 00128/04357 (2.94%) | loss: 4.274155 | lrm: 1.00 | dt: 4055.07ms | tok/sec: 258,584 | bf16_mfu: 46.52 | epoch: 1 | total time: 7.97m | eta: 285.5m
step 00129/04357 (2.96%) | loss: 4.262045 | lrm: 1.00 | dt: 4065.86ms | tok/sec: 257,897 | bf16_mfu: 46.39 | epoch: 1 | total time: 8.03m | eta: 285.5m
step 00130/04357 (2.98%) | loss: 4.247601 | lrm: 1.00 | dt: 4046.99ms | tok/sec: 259,100 | bf16_mfu: 46.61 | epoch: 1 | total time: 8.10m | eta: 285.4m
step 00131/04357 (3.01%) | loss: 4.230924 | lrm: 1.00 | dt: 4053.75ms | tok/sec: 258,668 | bf16_mfu: 46.53 | epoch: 1 | total time: 8.17m | eta: 285.3m
step 00132/04357 (3.03%) | loss: 4.219604 | lrm: 1.00 | dt: 4051.69ms | tok/sec: 258,799 | bf16_mfu: 46.56 | epoch: 1 | total time: 8.24m | eta: 285.3m
step 00133/04357 (3.05%) | loss: 4.207031 | lrm: 1.00 | dt: 4056.61ms | tok/sec: 258,485 | bf16_mfu: 46.50 | epoch: 1 | total time: 8.31m | eta: 285.2m
step 00134/04357 (3.08%) | loss: 4.199276 | lrm: 1.00 | dt: 4065.65ms | tok/sec: 257,911 | bf16_mfu: 46.40 | epoch: 1 | total time: 8.37m | eta: 285.1m
step 00135/04357 (3.10%) | loss: 4.155770 | lrm: 1.00 | dt: 4054.91ms | tok/sec: 258,594 | bf16_mfu: 46.52 | epoch: 1 | total time: 8.44m | eta: 285.1m
step 00136/04357 (3.12%) | loss: 4.139445 | lrm: 1.00 | dt: 4067.83ms | tok/sec: 257,772 | bf16_mfu: 46.37 | epoch: 1 | total time: 8.51m | eta: 285.0m
step 00137/04357 (3.14%) | loss: 4.143792 | lrm: 1.00 | dt: 4059.27ms | tok/sec: 258,316 | bf16_mfu: 46.47 | epoch: 1 | total time: 8.58m | eta: 285.0m
step 00138/04357 (3.17%) | loss: 4.138904 | lrm: 1.00 | dt: 4071.69ms | tok/sec: 257,528 | bf16_mfu: 46.33 | epoch: 1 | total time: 8.64m | eta: 284.9m
step 00139/04357 (3.19%) | loss: 4.121640 | lrm: 1.00 | dt: 4073.06ms | tok/sec: 257,441 | bf16_mfu: 46.31 | epoch: 1 | total time: 8.71m | eta: 284.8m
step 00140/04357 (3.21%) | loss: 4.106713 | lrm: 1.00 | dt: 4071.10ms | tok/sec: 257,565 | bf16_mfu: 46.33 | epoch: 1 | total time: 8.78m | eta: 284.8m
step 00141/04357 (3.24%) | loss: 4.091884 | lrm: 1.00 | dt: 4092.07ms | tok/sec: 256,245 | bf16_mfu: 46.10 | epoch: 1 | total time: 8.85m | eta: 284.7m
step 00142/04357 (3.26%) | loss: 4.093051 | lrm: 1.00 | dt: 4069.95ms | tok/sec: 257,638 | bf16_mfu: 46.35 | epoch: 1 | total time: 8.92m | eta: 284.7m
step 00143/04357 (3.28%) | loss: 4.070723 | lrm: 1.00 | dt: 4066.16ms | tok/sec: 257,878 | bf16_mfu: 46.39 | epoch: 1 | total time: 8.98m | eta: 284.6m
step 00144/04357 (3.31%) | loss: 4.063427 | lrm: 1.00 | dt: 4062.18ms | tok/sec: 258,131 | bf16_mfu: 46.44 | epoch: 1 | total time: 9.05m | eta: 284.6m
step 00145/04357 (3.33%) | loss: 4.034936 | lrm: 1.00 | dt: 4076.39ms | tok/sec: 257,231 | bf16_mfu: 46.27 | epoch: 1 | total time: 9.12m | eta: 284.5m
step 00146/04357 (3.35%) | loss: 4.038962 | lrm: 1.00 | dt: 4075.43ms | tok/sec: 257,292 | bf16_mfu: 46.28 | epoch: 1 | total time: 9.19m | eta: 284.5m
step 00147/04357 (3.37%) | loss: 4.029490 | lrm: 1.00 | dt: 4065.82ms | tok/sec: 257,900 | bf16_mfu: 46.39 | epoch: 1 | total time: 9.25m | eta: 284.4m
step 00148/04357 (3.40%) | loss: 4.037188 | lrm: 1.00 | dt: 4071.65ms | tok/sec: 257,530 | bf16_mfu: 46.33 | epoch: 1 | total time: 9.32m | eta: 284.3m
step 00149/04357 (3.42%) | loss: 4.019311 | lrm: 1.00 | dt: 4068.95ms | tok/sec: 257,701 | bf16_mfu: 46.36 | epoch: 1 | total time: 9.39m | eta: 284.3m
step 00150/04357 (3.44%) | loss: 4.004652 | lrm: 1.00 | dt: 4062.57ms | tok/sec: 258,106 | bf16_mfu: 46.43 | epoch: 1 | total time: 9.46m | eta: 284.2m
step 00151/04357 (3.47%) | loss: 3.989948 | lrm: 1.00 | dt: 4076.32ms | tok/sec: 257,236 | bf16_mfu: 46.27 | epoch: 1 | total time: 9.53m | eta: 284.2m
step 00152/04357 (3.49%) | loss: 3.979654 | lrm: 1.00 | dt: 4073.13ms | tok/sec: 257,437 | bf16_mfu: 46.31 | epoch: 1 | total time: 9.59m | eta: 284.1m
step 00153/04357 (3.51%) | loss: 3.961960 | lrm: 1.00 | dt: 4063.95ms | tok/sec: 258,018 | bf16_mfu: 46.42 | epoch: 1 | total time: 9.66m | eta: 284.0m
step 00154/04357 (3.53%) | loss: 3.959722 | lrm: 1.00 | dt: 4070.68ms | tok/sec: 257,592 | bf16_mfu: 46.34 | epoch: 1 | total time: 9.73m | eta: 284.0m
step 00155/04357 (3.56%) | loss: 3.958475 | lrm: 1.00 | dt: 4070.13ms | tok/sec: 257,626 | bf16_mfu: 46.34 | epoch: 1 | total time: 9.80m | eta: 283.9m
step 00156/04357 (3.58%) | loss: 3.966556 | lrm: 1.00 | dt: 4068.55ms | tok/sec: 257,726 | bf16_mfu: 46.36 | epoch: 1 | total time: 9.87m | eta: 283.9m
step 00157/04357 (3.60%) | loss: 3.961751 | lrm: 1.00 | dt: 4074.72ms | tok/sec: 257,336 | bf16_mfu: 46.29 | epoch: 1 | total time: 9.93m | eta: 283.8m
step 00158/04357 (3.63%) | loss: 3.950102 | lrm: 1.00 | dt: 4072.02ms | tok/sec: 257,507 | bf16_mfu: 46.32 | epoch: 1 | total time: 10.00m | eta: 283.7m
step 00159/04357 (3.65%) | loss: 3.932211 | lrm: 1.00 | dt: 4064.59ms | tok/sec: 257,978 | bf16_mfu: 46.41 | epoch: 1 | total time: 10.07m | eta: 283.7m
step 00160/04357 (3.67%) | loss: 3.921012 | lrm: 1.00 | dt: 4059.73ms | tok/sec: 258,287 | bf16_mfu: 46.46 | epoch: 1 | total time: 10.14m | eta: 283.6m
step 00161/04357 (3.70%) | loss: 3.914390 | lrm: 1.00 | dt: 4064.79ms | tok/sec: 257,965 | bf16_mfu: 46.41 | epoch: 1 | total time: 10.20m | eta: 283.5m
step 00162/04357 (3.72%) | loss: 3.909025 | lrm: 1.00 | dt: 4051.51ms | tok/sec: 258,811 | bf16_mfu: 46.56 | epoch: 1 | total time: 10.27m | eta: 283.5m
step 00163/04357 (3.74%) | loss: 3.879143 | lrm: 1.00 | dt: 4059.21ms | tok/sec: 258,319 | bf16_mfu: 46.47 | epoch: 1 | total time: 10.34m | eta: 283.4m
step 00164/04357 (3.76%) | loss: 3.890974 | lrm: 1.00 | dt: 4068.13ms | tok/sec: 257,753 | bf16_mfu: 46.37 | epoch: 1 | total time: 10.41m | eta: 283.4m
step 00165/04357 (3.79%) | loss: 3.889535 | lrm: 1.00 | dt: 4067.23ms | tok/sec: 257,810 | bf16_mfu: 46.38 | epoch: 1 | total time: 10.47m | eta: 283.3m
step 00166/04357 (3.81%) | loss: 3.890129 | lrm: 1.00 | dt: 4053.28ms | tok/sec: 258,698 | bf16_mfu: 46.54 | epoch: 1 | total time: 10.54m | eta: 283.2m
step 00167/04357 (3.83%) | loss: 3.866527 | lrm: 1.00 | dt: 4053.90ms | tok/sec: 258,658 | bf16_mfu: 46.53 | epoch: 1 | total time: 10.61m | eta: 283.2m
step 00168/04357 (3.86%) | loss: 3.858410 | lrm: 1.00 | dt: 4049.54ms | tok/sec: 258,937 | bf16_mfu: 46.58 | epoch: 1 | total time: 10.68m | eta: 283.1m
step 00169/04357 (3.88%) | loss: 3.844555 | lrm: 1.00 | dt: 4054.02ms | tok/sec: 258,651 | bf16_mfu: 46.53 | epoch: 1 | total time: 10.74m | eta: 283.0m
step 00170/04357 (3.90%) | loss: 3.833170 | lrm: 1.00 | dt: 4050.12ms | tok/sec: 258,900 | bf16_mfu: 46.57 | epoch: 1 | total time: 10.81m | eta: 282.9m
step 00171/04357 (3.92%) | loss: 3.825814 | lrm: 1.00 | dt: 4080.52ms | tok/sec: 256,970 | bf16_mfu: 46.23 | epoch: 1 | total time: 10.88m | eta: 282.9m
step 00172/04357 (3.95%) | loss: 3.817850 | lrm: 1.00 | dt: 4052.02ms | tok/sec: 258,778 | bf16_mfu: 46.55 | epoch: 1 | total time: 10.95m | eta: 282.8m
step 00173/04357 (3.97%) | loss: 3.801901 | lrm: 1.00 | dt: 4063.56ms | tok/sec: 258,043 | bf16_mfu: 46.42 | epoch: 1 | total time: 11.02m | eta: 282.8m
step 00174/04357 (3.99%) | loss: 3.800214 | lrm: 1.00 | dt: 4053.00ms | tok/sec: 258,715 | bf16_mfu: 46.54 | epoch: 1 | total time: 11.08m | eta: 282.7m
step 00175/04357 (4.02%) | loss: 3.796954 | lrm: 1.00 | dt: 4047.09ms | tok/sec: 259,093 | bf16_mfu: 46.61 | epoch: 1 | total time: 11.15m | eta: 282.6m
step 00176/04357 (4.04%) | loss: 3.794595 | lrm: 1.00 | dt: 4053.94ms | tok/sec: 258,655 | bf16_mfu: 46.53 | epoch: 1 | total time: 11.22m | eta: 282.6m
step 00177/04357 (4.06%) | loss: 3.782661 | lrm: 1.00 | dt: 4050.58ms | tok/sec: 258,870 | bf16_mfu: 46.57 | epoch: 1 | total time: 11.29m | eta: 282.5m
step 00178/04357 (4.09%) | loss: 3.779369 | lrm: 1.00 | dt: 4051.95ms | tok/sec: 258,783 | bf16_mfu: 46.55 | epoch: 1 | total time: 11.35m | eta: 282.4m
step 00179/04357 (4.11%) | loss: 3.783808 | lrm: 1.00 | dt: 4049.05ms | tok/sec: 258,968 | bf16_mfu: 46.59 | epoch: 1 | total time: 11.42m | eta: 282.3m
step 00180/04357 (4.13%) | loss: 3.770604 | lrm: 1.00 | dt: 4048.72ms | tok/sec: 258,989 | bf16_mfu: 46.59 | epoch: 1 | total time: 11.49m | eta: 282.3m
step 00181/04357 (4.15%) | loss: 3.764456 | lrm: 1.00 | dt: 4055.55ms | tok/sec: 258,553 | bf16_mfu: 46.51 | epoch: 1 | total time: 11.56m | eta: 282.2m
step 00182/04357 (4.18%) | loss: 3.754305 | lrm: 1.00 | dt: 4054.10ms | tok/sec: 258,645 | bf16_mfu: 46.53 | epoch: 1 | total time: 11.62m | eta: 282.1m
step 00183/04357 (4.20%) | loss: 3.745893 | lrm: 1.00 | dt: 4050.97ms | tok/sec: 258,845 | bf16_mfu: 46.56 | epoch: 1 | total time: 11.69m | eta: 282.1m
step 00184/04357 (4.22%) | loss: 3.743113 | lrm: 1.00 | dt: 4052.53ms | tok/sec: 258,745 | bf16_mfu: 46.55 | epoch: 1 | total time: 11.76m | eta: 282.0m
step 00185/04357 (4.25%) | loss: 3.752028 | lrm: 1.00 | dt: 4055.20ms | tok/sec: 258,575 | bf16_mfu: 46.52 | epoch: 1 | total time: 11.83m | eta: 281.9m
step 00186/04357 (4.27%) | loss: 3.740671 | lrm: 1.00 | dt: 4050.00ms | tok/sec: 258,907 | bf16_mfu: 46.58 | epoch: 1 | total time: 11.89m | eta: 281.9m
step 00187/04357 (4.29%) | loss: 3.728757 | lrm: 1.00 | dt: 4051.88ms | tok/sec: 258,787 | bf16_mfu: 46.55 | epoch: 1 | total time: 11.96m | eta: 281.8m
step 00188/04357 (4.31%) | loss: 3.729202 | lrm: 1.00 | dt: 4051.48ms | tok/sec: 258,813 | bf16_mfu: 46.56 | epoch: 1 | total time: 12.03m | eta: 281.7m
step 00189/04357 (4.34%) | loss: 3.708217 | lrm: 1.00 | dt: 4046.06ms | tok/sec: 259,159 | bf16_mfu: 46.62 | epoch: 1 | total time: 12.10m | eta: 281.7m
step 00190/04357 (4.36%) | loss: 3.725706 | lrm: 1.00 | dt: 4052.00ms | tok/sec: 258,780 | bf16_mfu: 46.55 | epoch: 1 | total time: 12.16m | eta: 281.6m
step 00191/04357 (4.38%) | loss: 3.710285 | lrm: 1.00 | dt: 4051.83ms | tok/sec: 258,790 | bf16_mfu: 46.55 | epoch: 1 | total time: 12.23m | eta: 281.5m
step 00192/04357 (4.41%) | loss: 3.716935 | lrm: 1.00 | dt: 4055.34ms | tok/sec: 258,566 | bf16_mfu: 46.51 | epoch: 1 | total time: 12.30m | eta: 281.5m
step 00193/04357 (4.43%) | loss: 3.716858 | lrm: 1.00 | dt: 4050.39ms | tok/sec: 258,882 | bf16_mfu: 46.57 | epoch: 1 | total time: 12.37m | eta: 281.4m
step 00194/04357 (4.45%) | loss: 3.721507 | lrm: 1.00 | dt: 4047.25ms | tok/sec: 259,083 | bf16_mfu: 46.61 | epoch: 1 | total time: 12.43m | eta: 281.3m
step 00195/04357 (4.48%) | loss: 3.703372 | lrm: 1.00 | dt: 4056.06ms | tok/sec: 258,521 | bf16_mfu: 46.51 | epoch: 1 | total time: 12.50m | eta: 281.2m
step 00196/04357 (4.50%) | loss: 3.695980 | lrm: 1.00 | dt: 4053.09ms | tok/sec: 258,709 | bf16_mfu: 46.54 | epoch: 1 | total time: 12.57m | eta: 281.2m
step 00197/04357 (4.52%) | loss: 3.700190 | lrm: 1.00 | dt: 4052.74ms | tok/sec: 258,732 | bf16_mfu: 46.54 | epoch: 1 | total time: 12.64m | eta: 281.1m
step 00198/04357 (4.54%) | loss: 3.689187 | lrm: 1.00 | dt: 4049.15ms | tok/sec: 258,961 | bf16_mfu: 46.59 | epoch: 1 | total time: 12.70m | eta: 281.0m
step 00199/04357 (4.57%) | loss: 3.670481 | lrm: 1.00 | dt: 4050.82ms | tok/sec: 258,855 | bf16_mfu: 46.57 | epoch: 1 | total time: 12.77m | eta: 281.0m
step 00200/04357 (4.59%) | loss: 3.659183 | lrm: 1.00 | dt: 4055.54ms | tok/sec: 258,553 | bf16_mfu: 46.51 | epoch: 1 | total time: 12.84m | eta: 280.9m
step 00201/04357 (4.61%) | loss: 3.670350 | lrm: 1.00 | dt: 4046.99ms | tok/sec: 259,099 | bf16_mfu: 46.61 | epoch: 1 | total time: 12.91m | eta: 280.8m
step 00202/04357 (4.64%) | loss: 3.662388 | lrm: 1.00 | dt: 4055.41ms | tok/sec: 258,562 | bf16_mfu: 46.51 | epoch: 1 | total time: 12.97m | eta: 280.8m
step 00203/04357 (4.66%) | loss: 3.655670 | lrm: 1.00 | dt: 4050.47ms | tok/sec: 258,877 | bf16_mfu: 46.57 | epoch: 1 | total time: 13.04m | eta: 280.7m
step 00204/04357 (4.68%) | loss: 3.657627 | lrm: 1.00 | dt: 4047.09ms | tok/sec: 259,093 | bf16_mfu: 46.61 | epoch: 1 | total time: 13.11m | eta: 280.6m
step 00205/04357 (4.71%) | loss: 3.649974 | lrm: 1.00 | dt: 4051.83ms | tok/sec: 258,790 | bf16_mfu: 46.55 | epoch: 1 | total time: 13.18m | eta: 280.6m
step 00206/04357 (4.73%) | loss: 3.635349 | lrm: 1.00 | dt: 4053.13ms | tok/sec: 258,707 | bf16_mfu: 46.54 | epoch: 1 | total time: 13.24m | eta: 280.5m
step 00207/04357 (4.75%) | loss: 3.639613 | lrm: 1.00 | dt: 4052.72ms | tok/sec: 258,733 | bf16_mfu: 46.54 | epoch: 1 | total time: 13.31m | eta: 280.4m
step 00208/04357 (4.77%) | loss: 3.638776 | lrm: 1.00 | dt: 4049.75ms | tok/sec: 258,923 | bf16_mfu: 46.58 | epoch: 1 | total time: 13.38m | eta: 280.4m
step 00209/04357 (4.80%) | loss: 3.641774 | lrm: 1.00 | dt: 4044.50ms | tok/sec: 259,259 | bf16_mfu: 46.64 | epoch: 1 | total time: 13.45m | eta: 280.3m
step 00210/04357 (4.82%) | loss: 3.634845 | lrm: 1.00 | dt: 4039.95ms | tok/sec: 259,551 | bf16_mfu: 46.69 | epoch: 1 | total time: 13.51m | eta: 280.2m
step 00211/04357 (4.84%) | loss: 3.623492 | lrm: 1.00 | dt: 4043.07ms | tok/sec: 259,351 | bf16_mfu: 46.66 | epoch: 1 | total time: 13.58m | eta: 280.1m
step 00212/04357 (4.87%) | loss: 3.618454 | lrm: 1.00 | dt: 4031.23ms | tok/sec: 260,113 | bf16_mfu: 46.79 | epoch: 1 | total time: 13.65m | eta: 280.1m
step 00213/04357 (4.89%) | loss: 3.605725 | lrm: 1.00 | dt: 4038.49ms | tok/sec: 259,645 | bf16_mfu: 46.71 | epoch: 1 | total time: 13.72m | eta: 280.0m
step 00214/04357 (4.91%) | loss: 3.597147 | lrm: 1.00 | dt: 4026.64ms | tok/sec: 260,409 | bf16_mfu: 46.85 | epoch: 1 | total time: 13.78m | eta: 279.9m
step 00215/04357 (4.93%) | loss: 3.596977 | lrm: 1.00 | dt: 4036.98ms | tok/sec: 259,742 | bf16_mfu: 46.73 | epoch: 1 | total time: 13.85m | eta: 279.8m
step 00216/04357 (4.96%) | loss: 3.589950 | lrm: 1.00 | dt: 4028.59ms | tok/sec: 260,283 | bf16_mfu: 46.82 | epoch: 1 | total time: 13.92m | eta: 279.8m
step 00217/04357 (4.98%) | loss: 3.598601 | lrm: 1.00 | dt: 4041.31ms | tok/sec: 259,464 | bf16_mfu: 46.68 | epoch: 1 | total time: 13.98m | eta: 279.7m
step 00218/04357 (5.00%) | loss: 3.581950 | lrm: 1.00 | dt: 4043.19ms | tok/sec: 259,343 | bf16_mfu: 46.65 | epoch: 1 | total time: 14.05m | eta: 279.6m
step 00219/04357 (5.03%) | loss: 3.590135 | lrm: 1.00 | dt: 4036.13ms | tok/sec: 259,797 | bf16_mfu: 46.74 | epoch: 1 | total time: 14.12m | eta: 279.5m
step 00220/04357 (5.05%) | loss: 3.585003 | lrm: 1.00 | dt: 4044.14ms | tok/sec: 259,282 | bf16_mfu: 46.64 | epoch: 1 | total time: 14.19m | eta: 279.5m
step 00221/04357 (5.07%) | loss: 3.589390 | lrm: 1.00 | dt: 4042.38ms | tok/sec: 259,395 | bf16_mfu: 46.66 | epoch: 1 | total time: 14.25m | eta: 279.4m
step 00222/04357 (5.10%) | loss: 3.580208 | lrm: 1.00 | dt: 4045.49ms | tok/sec: 259,196 | bf16_mfu: 46.63 | epoch: 1 | total time: 14.32m | eta: 279.3m
step 00223/04357 (5.12%) | loss: 3.585705 | lrm: 1.00 | dt: 4039.83ms | tok/sec: 259,559 | bf16_mfu: 46.69 | epoch: 1 | total time: 14.39m | eta: 279.3m
step 00224/04357 (5.14%) | loss: 3.565867 | lrm: 1.00 | dt: 4038.79ms | tok/sec: 259,626 | bf16_mfu: 46.70 | epoch: 1 | total time: 14.46m | eta: 279.2m
step 00225/04357 (5.16%) | loss: 3.572985 | lrm: 1.00 | dt: 4032.44ms | tok/sec: 260,035 | bf16_mfu: 46.78 | epoch: 1 | total time: 14.52m | eta: 279.1m
step 00226/04357 (5.19%) | loss: 3.566013 | lrm: 1.00 | dt: 4027.27ms | tok/sec: 260,369 | bf16_mfu: 46.84 | epoch: 1 | total time: 14.59m | eta: 279.0m
step 00227/04357 (5.21%) | loss: 3.568233 | lrm: 1.00 | dt: 4028.93ms | tok/sec: 260,261 | bf16_mfu: 46.82 | epoch: 1 | total time: 14.66m | eta: 279.0m
step 00228/04357 (5.23%) | loss: 3.542110 | lrm: 1.00 | dt: 4031.91ms | tok/sec: 260,069 | bf16_mfu: 46.78 | epoch: 1 | total time: 14.72m | eta: 278.9m
step 00229/04357 (5.26%) | loss: 3.547714 | lrm: 1.00 | dt: 4036.10ms | tok/sec: 259,799 | bf16_mfu: 46.74 | epoch: 1 | total time: 14.79m | eta: 278.8m
step 00230/04357 (5.28%) | loss: 3.552566 | lrm: 1.00 | dt: 4032.79ms | tok/sec: 260,012 | bf16_mfu: 46.77 | epoch: 1 | total time: 14.86m | eta: 278.7m
step 00231/04357 (5.30%) | loss: 3.557891 | lrm: 1.00 | dt: 4028.48ms | tok/sec: 260,290 | bf16_mfu: 46.82 | epoch: 1 | total time: 14.93m | eta: 278.7m
step 00232/04357 (5.32%) | loss: 3.555308 | lrm: 1.00 | dt: 4032.08ms | tok/sec: 260,058 | bf16_mfu: 46.78 | epoch: 1 | total time: 14.99m | eta: 278.6m
step 00233/04357 (5.35%) | loss: 3.529504 | lrm: 1.00 | dt: 4033.12ms | tok/sec: 259,991 | bf16_mfu: 46.77 | epoch: 1 | total time: 15.06m | eta: 278.5m
step 00234/04357 (5.37%) | loss: 3.524016 | lrm: 1.00 | dt: 4032.70ms | tok/sec: 260,018 | bf16_mfu: 46.78 | epoch: 1 | total time: 15.13m | eta: 278.4m
step 00235/04357 (5.39%) | loss: 3.519669 | lrm: 1.00 | dt: 4027.09ms | tok/sec: 260,380 | bf16_mfu: 46.84 | epoch: 1 | total time: 15.20m | eta: 278.4m
step 00236/04357 (5.42%) | loss: 3.510066 | lrm: 1.00 | dt: 4024.80ms | tok/sec: 260,528 | bf16_mfu: 46.87 | epoch: 1 | total time: 15.26m | eta: 278.3m
step 00237/04357 (5.44%) | loss: 3.507801 | lrm: 1.00 | dt: 4025.89ms | tok/sec: 260,458 | bf16_mfu: 46.85 | epoch: 1 | total time: 15.33m | eta: 278.2m
step 00238/04357 (5.46%) | loss: 3.509354 | lrm: 1.00 | dt: 4025.32ms | tok/sec: 260,495 | bf16_mfu: 46.86 | epoch: 1 | total time: 15.40m | eta: 278.1m
step 00239/04357 (5.49%) | loss: 3.509089 | lrm: 1.00 | dt: 4026.33ms | tok/sec: 260,429 | bf16_mfu: 46.85 | epoch: 1 | total time: 15.46m | eta: 278.1m
step 00240/04357 (5.51%) | loss: 3.498888 | lrm: 1.00 | dt: 4021.42ms | tok/sec: 260,748 | bf16_mfu: 46.91 | epoch: 1 | total time: 15.53m | eta: 278.0m
step 00241/04357 (5.53%) | loss: 3.504400 | lrm: 1.00 | dt: 4027.91ms | tok/sec: 260,327 | bf16_mfu: 46.83 | epoch: 1 | total time: 15.60m | eta: 277.9m
step 00242/04357 (5.55%) | loss: 3.507387 | lrm: 1.00 | dt: 4019.45ms | tok/sec: 260,875 | bf16_mfu: 46.93 | epoch: 1 | total time: 15.66m | eta: 277.8m
step 00243/04357 (5.58%) | loss: 3.513088 | lrm: 1.00 | dt: 4030.90ms | tok/sec: 260,134 | bf16_mfu: 46.80 | epoch: 1 | total time: 15.73m | eta: 277.8m
step 00244/04357 (5.60%) | loss: 3.528279 | lrm: 1.00 | dt: 4032.03ms | tok/sec: 260,061 | bf16_mfu: 46.78 | epoch: 1 | total time: 15.80m | eta: 277.7m
step 00245/04357 (5.62%) | loss: 3.517996 | lrm: 1.00 | dt: 4031.95ms | tok/sec: 260,066 | bf16_mfu: 46.78 | epoch: 1 | total time: 15.87m | eta: 277.6m
step 00246/04357 (5.65%) | loss: 3.508245 | lrm: 1.00 | dt: 4023.94ms | tok/sec: 260,584 | bf16_mfu: 46.88 | epoch: 1 | total time: 15.93m | eta: 277.5m
step 00247/04357 (5.67%) | loss: 3.510879 | lrm: 1.00 | dt: 4024.39ms | tok/sec: 260,555 | bf16_mfu: 46.87 | epoch: 1 | total time: 16.00m | eta: 277.5m
step 00248/04357 (5.69%) | loss: 3.500217 | lrm: 1.00 | dt: 4030.86ms | tok/sec: 260,136 | bf16_mfu: 46.80 | epoch: 1 | total time: 16.07m | eta: 277.4m
step 00249/04357 (5.71%) | loss: 3.502225 | lrm: 1.00 | dt: 4025.40ms | tok/sec: 260,489 | bf16_mfu: 46.86 | epoch: 1 | total time: 16.13m | eta: 277.3m
Step 00250 | Validation bpb: 1.055949
step 00250/04357 (5.74%) | loss: 3.490473 | lrm: 1.00 | dt: 4038.41ms | tok/sec: 259,650 | bf16_mfu: 46.71 | epoch: 1 | total time: 16.20m | eta: 277.3m
step 00251/04357 (5.76%) | loss: 3.487439 | lrm: 1.00 | dt: 4023.68ms | tok/sec: 260,600 | bf16_mfu: 46.88 | epoch: 1 | total time: 16.27m | eta: 277.2m
step 00252/04357 (5.78%) | loss: 3.487994 | lrm: 1.00 | dt: 4016.63ms | tok/sec: 261,058 | bf16_mfu: 46.96 | epoch: 1 | total time: 16.34m | eta: 277.1m
step 00253/04357 (5.81%) | loss: 3.494970 | lrm: 1.00 | dt: 4018.18ms | tok/sec: 260,957 | bf16_mfu: 46.94 | epoch: 1 | total time: 16.40m | eta: 277.0m
step 00254/04357 (5.83%) | loss: 3.498509 | lrm: 1.00 | dt: 4016.79ms | tok/sec: 261,048 | bf16_mfu: 46.96 | epoch: 1 | total time: 16.47m | eta: 277.0m
step 00255/04357 (5.85%) | loss: 3.496658 | lrm: 1.00 | dt: 4026.54ms | tok/sec: 260,416 | bf16_mfu: 46.85 | epoch: 1 | total time: 16.54m | eta: 276.9m
step 00256/04357 (5.88%) | loss: 3.495561 | lrm: 1.00 | dt: 4021.44ms | tok/sec: 260,746 | bf16_mfu: 46.91 | epoch: 1 | total time: 16.60m | eta: 276.8m
step 00257/04357 (5.90%) | loss: 3.481051 | lrm: 1.00 | dt: 4019.50ms | tok/sec: 260,871 | bf16_mfu: 46.93 | epoch: 1 | total time: 16.67m | eta: 276.7m
step 00258/04357 (5.92%) | loss: 3.470291 | lrm: 1.00 | dt: 4015.48ms | tok/sec: 261,133 | bf16_mfu: 46.98 | epoch: 1 | total time: 16.74m | eta: 276.6m
step 00259/04357 (5.94%) | loss: 3.476017 | lrm: 1.00 | dt: 4025.80ms | tok/sec: 260,463 | bf16_mfu: 46.86 | epoch: 1 | total time: 16.81m | eta: 276.6m
step 00260/04357 (5.97%) | loss: 3.467771 | lrm: 1.00 | dt: 4009.21ms | tok/sec: 261,542 | bf16_mfu: 47.05 | epoch: 1 | total time: 16.87m | eta: 276.5m
step 00261/04357 (5.99%) | loss: 3.467505 | lrm: 1.00 | dt: 4018.28ms | tok/sec: 260,951 | bf16_mfu: 46.94 | epoch: 1 | total time: 16.94m | eta: 276.4m
step 00262/04357 (6.01%) | loss: 3.480018 | lrm: 1.00 | dt: 4016.73ms | tok/sec: 261,052 | bf16_mfu: 46.96 | epoch: 1 | total time: 17.01m | eta: 276.3m
step 00263/04357 (6.04%) | loss: 3.482730 | lrm: 1.00 | dt: 4010.48ms | tok/sec: 261,459 | bf16_mfu: 47.03 | epoch: 1 | total time: 17.07m | eta: 276.3m
step 00264/04357 (6.06%) | loss: 3.465315 | lrm: 1.00 | dt: 4021.88ms | tok/sec: 260,718 | bf16_mfu: 46.90 | epoch: 1 | total time: 17.14m | eta: 276.2m
step 00265/04357 (6.08%) | loss: 3.458826 | lrm: 1.00 | dt: 4015.47ms | tok/sec: 261,134 | bf16_mfu: 46.98 | epoch: 1 | total time: 17.21m | eta: 276.1m
step 00266/04357 (6.11%) | loss: 3.447879 | lrm: 1.00 | dt: 4017.87ms | tok/sec: 260,978 | bf16_mfu: 46.95 | epoch: 1 | total time: 17.27m | eta: 276.0m
step 00267/04357 (6.13%) | loss: 3.450145 | lrm: 1.00 | dt: 4012.29ms | tok/sec: 261,341 | bf16_mfu: 47.01 | epoch: 1 | total time: 17.34m | eta: 276.0m
step 00268/04357 (6.15%) | loss: 3.452054 | lrm: 1.00 | dt: 4017.47ms | tok/sec: 261,003 | bf16_mfu: 46.95 | epoch: 1 | total time: 17.41m | eta: 275.9m
step 00269/04357 (6.17%) | loss: 3.452746 | lrm: 1.00 | dt: 4017.82ms | tok/sec: 260,981 | bf16_mfu: 46.95 | epoch: 1 | total time: 17.47m | eta: 275.8m
step 00270/04357 (6.20%) | loss: 3.443146 | lrm: 1.00 | dt: 4016.80ms | tok/sec: 261,047 | bf16_mfu: 46.96 | epoch: 1 | total time: 17.54m | eta: 275.7m
step 00271/04357 (6.22%) | loss: 3.448778 | lrm: 1.00 | dt: 4023.21ms | tok/sec: 260,631 | bf16_mfu: 46.89 | epoch: 1 | total time: 17.61m | eta: 275.7m
step 00272/04357 (6.24%) | loss: 3.452556 | lrm: 1.00 | dt: 4016.92ms | tok/sec: 261,039 | bf16_mfu: 46.96 | epoch: 1 | total time: 17.68m | eta: 275.6m
step 00273/04357 (6.27%) | loss: 3.428724 | lrm: 1.00 | dt: 4017.28ms | tok/sec: 261,016 | bf16_mfu: 46.95 | epoch: 1 | total time: 17.74m | eta: 275.5m
step 00274/04357 (6.29%) | loss: 3.437149 | lrm: 1.00 | dt: 4012.05ms | tok/sec: 261,356 | bf16_mfu: 47.02 | epoch: 1 | total time: 17.81m | eta: 275.4m
step 00275/04357 (6.31%) | loss: 3.437508 | lrm: 1.00 | dt: 4023.50ms | tok/sec: 260,612 | bf16_mfu: 46.88 | epoch: 1 | total time: 17.88m | eta: 275.4m
step 00276/04357 (6.33%) | loss: 3.428476 | lrm: 1.00 | dt: 4020.44ms | tok/sec: 260,810 | bf16_mfu: 46.92 | epoch: 1 | total time: 17.94m | eta: 275.3m
step 00277/04357 (6.36%) | loss: 3.428894 | lrm: 1.00 | dt: 4018.87ms | tok/sec: 260,913 | bf16_mfu: 46.94 | epoch: 1 | total time: 18.01m | eta: 275.2m
step 00278/04357 (6.38%) | loss: 3.410815 | lrm: 1.00 | dt: 4008.12ms | tok/sec: 261,612 | bf16_mfu: 47.06 | epoch: 1 | total time: 18.08m | eta: 275.1m
step 00279/04357 (6.40%) | loss: 3.406703 | lrm: 1.00 | dt: 4008.88ms | tok/sec: 261,563 | bf16_mfu: 47.05 | epoch: 1 | total time: 18.14m | eta: 275.1m
step 00280/04357 (6.43%) | loss: 3.401030 | lrm: 1.00 | dt: 4009.75ms | tok/sec: 261,506 | bf16_mfu: 47.04 | epoch: 1 | total time: 18.21m | eta: 275.0m
step 00281/04357 (6.45%) | loss: 3.387661 | lrm: 1.00 | dt: 4037.34ms | tok/sec: 259,719 | bf16_mfu: 46.72 | epoch: 1 | total time: 18.28m | eta: 274.9m
step 00282/04357 (6.47%) | loss: 3.384322 | lrm: 1.00 | dt: 4019.49ms | tok/sec: 260,873 | bf16_mfu: 46.93 | epoch: 1 | total time: 18.34m | eta: 274.8m
step 00283/04357 (6.50%) | loss: 3.370108 | lrm: 1.00 | dt: 4020.55ms | tok/sec: 260,804 | bf16_mfu: 46.92 | epoch: 1 | total time: 18.41m | eta: 274.8m
step 00284/04357 (6.52%) | loss: 3.386267 | lrm: 1.00 | dt: 4010.38ms | tok/sec: 261,465 | bf16_mfu: 47.04 | epoch: 1 | total time: 18.48m | eta: 274.7m
step 00285/04357 (6.54%) | loss: 3.393412 | lrm: 1.00 | dt: 4013.93ms | tok/sec: 261,234 | bf16_mfu: 46.99 | epoch: 1 | total time: 18.55m | eta: 274.6m
step 00286/04357 (6.56%) | loss: 3.378436 | lrm: 1.00 | dt: 4010.22ms | tok/sec: 261,475 | bf16_mfu: 47.04 | epoch: 1 | total time: 18.61m | eta: 274.5m
step 00287/04357 (6.59%) | loss: 3.383932 | lrm: 1.00 | dt: 4009.98ms | tok/sec: 261,491 | bf16_mfu: 47.04 | epoch: 1 | total time: 18.68m | eta: 274.5m
step 00288/04357 (6.61%) | loss: 3.385324 | lrm: 1.00 | dt: 4010.99ms | tok/sec: 261,425 | bf16_mfu: 47.03 | epoch: 1 | total time: 18.75m | eta: 274.4m
step 00289/04357 (6.63%) | loss: 3.381565 | lrm: 1.00 | dt: 4011.76ms | tok/sec: 261,375 | bf16_mfu: 47.02 | epoch: 1 | total time: 18.81m | eta: 274.3m
step 00290/04357 (6.66%) | loss: 3.384791 | lrm: 1.00 | dt: 4011.65ms | tok/sec: 261,382 | bf16_mfu: 47.02 | epoch: 1 | total time: 18.88m | eta: 274.2m
step 00291/04357 (6.68%) | loss: 3.392121 | lrm: 1.00 | dt: 4012.52ms | tok/sec: 261,325 | bf16_mfu: 47.01 | epoch: 1 | total time: 18.95m | eta: 274.2m
step 00292/04357 (6.70%) | loss: 3.388176 | lrm: 1.00 | dt: 4009.78ms | tok/sec: 261,504 | bf16_mfu: 47.04 | epoch: 1 | total time: 19.01m | eta: 274.1m
step 00293/04357 (6.72%) | loss: 3.398183 | lrm: 1.00 | dt: 4013.48ms | tok/sec: 261,263 | bf16_mfu: 47.00 | epoch: 1 | total time: 19.08m | eta: 274.0m
step 00294/04357 (6.75%) | loss: 3.392658 | lrm: 1.00 | dt: 4010.22ms | tok/sec: 261,475 | bf16_mfu: 47.04 | epoch: 1 | total time: 19.15m | eta: 273.9m
step 00295/04357 (6.77%) | loss: 3.386125 | lrm: 1.00 | dt: 4011.37ms | tok/sec: 261,400 | bf16_mfu: 47.02 | epoch: 1 | total time: 19.21m | eta: 273.9m
step 00296/04357 (6.79%) | loss: 3.375937 | lrm: 1.00 | dt: 4015.67ms | tok/sec: 261,121 | bf16_mfu: 46.97 | epoch: 1 | total time: 19.28m | eta: 273.8m
step 00297/04357 (6.82%) | loss: 3.360361 | lrm: 1.00 | dt: 4011.09ms | tok/sec: 261,419 | bf16_mfu: 47.03 | epoch: 1 | total time: 19.35m | eta: 273.7m
step 00298/04357 (6.84%) | loss: 3.357556 | lrm: 1.00 | dt: 4017.04ms | tok/sec: 261,032 | bf16_mfu: 46.96 | epoch: 1 | total time: 19.41m | eta: 273.6m
step 00299/04357 (6.86%) | loss: 3.375673 | lrm: 1.00 | dt: 4011.13ms | tok/sec: 261,416 | bf16_mfu: 47.03 | epoch: 1 | total time: 19.48m | eta: 273.6m
step 00300/04357 (6.89%) | loss: 3.378871 | lrm: 1.00 | dt: 4007.79ms | tok/sec: 261,634 | bf16_mfu: 47.07 | epoch: 1 | total time: 19.55m | eta: 273.5m
step 00301/04357 (6.91%) | loss: 3.378389 | lrm: 1.00 | dt: 4011.01ms | tok/sec: 261,424 | bf16_mfu: 47.03 | epoch: 1 | total time: 19.62m | eta: 273.4m
step 00302/04357 (6.93%) | loss: 3.375588 | lrm: 1.00 | dt: 4009.01ms | tok/sec: 261,555 | bf16_mfu: 47.05 | epoch: 1 | total time: 19.68m | eta: 273.3m
step 00303/04357 (6.95%) | loss: 3.373227 | lrm: 1.00 | dt: 4012.54ms | tok/sec: 261,325 | bf16_mfu: 47.01 | epoch: 1 | total time: 19.75m | eta: 273.3m
step 00304/04357 (6.98%) | loss: 3.375619 | lrm: 1.00 | dt: 4013.34ms | tok/sec: 261,272 | bf16_mfu: 47.00 | epoch: 1 | total time: 19.82m | eta: 273.2m
step 00305/04357 (7.00%) | loss: 3.379653 | lrm: 1.00 | dt: 4014.01ms | tok/sec: 261,229 | bf16_mfu: 46.99 | epoch: 1 | total time: 19.88m | eta: 273.1m
step 00306/04357 (7.02%) | loss: 3.372281 | lrm: 1.00 | dt: 4011.41ms | tok/sec: 261,398 | bf16_mfu: 47.02 | epoch: 1 | total time: 19.95m | eta: 273.0m
step 00307/04357 (7.05%) | loss: 3.361729 | lrm: 1.00 | dt: 4008.16ms | tok/sec: 261,610 | bf16_mfu: 47.06 | epoch: 1 | total time: 20.02m | eta: 273.0m
step 00308/04357 (7.07%) | loss: 3.363182 | lrm: 1.00 | dt: 4009.34ms | tok/sec: 261,533 | bf16_mfu: 47.05 | epoch: 1 | total time: 20.08m | eta: 272.9m
step 00309/04357 (7.09%) | loss: 3.348569 | lrm: 1.00 | dt: 4002.56ms | tok/sec: 261,976 | bf16_mfu: 47.13 | epoch: 1 | total time: 20.15m | eta: 272.8m
step 00310/04357 (7.11%) | loss: 3.348561 | lrm: 1.00 | dt: 4001.19ms | tok/sec: 262,066 | bf16_mfu: 47.14 | epoch: 1 | total time: 20.22m | eta: 272.7m
step 00311/04357 (7.14%) | loss: 3.350394 | lrm: 1.00 | dt: 3996.12ms | tok/sec: 262,398 | bf16_mfu: 47.20 | epoch: 1 | total time: 20.28m | eta: 272.6m
step 00312/04357 (7.16%) | loss: 3.353518 | lrm: 1.00 | dt: 4009.08ms | tok/sec: 261,550 | bf16_mfu: 47.05 | epoch: 1 | total time: 20.35m | eta: 272.6m
step 00313/04357 (7.18%) | loss: 3.363550 | lrm: 1.00 | dt: 4008.99ms | tok/sec: 261,556 | bf16_mfu: 47.05 | epoch: 1 | total time: 20.42m | eta: 272.5m
step 00314/04357 (7.21%) | loss: 3.359782 | lrm: 1.00 | dt: 4003.22ms | tok/sec: 261,933 | bf16_mfu: 47.12 | epoch: 1 | total time: 20.48m | eta: 272.4m
step 00315/04357 (7.23%) | loss: 3.365043 | lrm: 1.00 | dt: 4001.58ms | tok/sec: 262,040 | bf16_mfu: 47.14 | epoch: 1 | total time: 20.55m | eta: 272.3m
step 00316/04357 (7.25%) | loss: 3.363277 | lrm: 1.00 | dt: 4007.75ms | tok/sec: 261,637 | bf16_mfu: 47.07 | epoch: 1 | total time: 20.62m | eta: 272.3m
step 00317/04357 (7.28%) | loss: 3.355024 | lrm: 1.00 | dt: 4011.19ms | tok/sec: 261,412 | bf16_mfu: 47.03 | epoch: 1 | total time: 20.68m | eta: 272.2m
step 00318/04357 (7.30%) | loss: 3.359355 | lrm: 1.00 | dt: 4002.80ms | tok/sec: 261,960 | bf16_mfu: 47.12 | epoch: 1 | total time: 20.75m | eta: 272.1m
step 00319/04357 (7.32%) | loss: 3.350682 | lrm: 1.00 | dt: 4001.79ms | tok/sec: 262,026 | bf16_mfu: 47.14 | epoch: 1 | total time: 20.82m | eta: 272.0m
step 00320/04357 (7.34%) | loss: 3.347558 | lrm: 1.00 | dt: 4008.70ms | tok/sec: 261,574 | bf16_mfu: 47.06 | epoch: 1 | total time: 20.88m | eta: 272.0m
step 00321/04357 (7.37%) | loss: 3.342176 | lrm: 1.00 | dt: 3994.66ms | tok/sec: 262,494 | bf16_mfu: 47.22 | epoch: 1 | total time: 20.95m | eta: 271.9m
step 00322/04357 (7.39%) | loss: 3.346411 | lrm: 1.00 | dt: 4004.47ms | tok/sec: 261,851 | bf16_mfu: 47.10 | epoch: 1 | total time: 21.02m | eta: 271.8m
step 00323/04357 (7.41%) | loss: 3.333515 | lrm: 1.00 | dt: 3999.87ms | tok/sec: 262,152 | bf16_mfu: 47.16 | epoch: 1 | total time: 21.08m | eta: 271.7m
step 00324/04357 (7.44%) | loss: 3.319738 | lrm: 1.00 | dt: 4007.53ms | tok/sec: 261,651 | bf16_mfu: 47.07 | epoch: 1 | total time: 21.15m | eta: 271.7m
step 00325/04357 (7.46%) | loss: 3.308065 | lrm: 1.00 | dt: 3999.72ms | tok/sec: 262,162 | bf16_mfu: 47.16 | epoch: 1 | total time: 21.22m | eta: 271.6m
step 00326/04357 (7.48%) | loss: 3.315959 | lrm: 1.00 | dt: 4008.13ms | tok/sec: 261,612 | bf16_mfu: 47.06 | epoch: 1 | total time: 21.28m | eta: 271.5m
step 00327/04357 (7.51%) | loss: 3.301063 | lrm: 1.00 | dt: 3994.57ms | tok/sec: 262,500 | bf16_mfu: 47.22 | epoch: 1 | total time: 21.35m | eta: 271.4m
step 00328/04357 (7.53%) | loss: 3.305185 | lrm: 1.00 | dt: 4008.86ms | tok/sec: 261,564 | bf16_mfu: 47.05 | epoch: 1 | total time: 21.42m | eta: 271.4m
step 00329/04357 (7.55%) | loss: 3.318363 | lrm: 1.00 | dt: 3994.79ms | tok/sec: 262,485 | bf16_mfu: 47.22 | epoch: 1 | total time: 21.48m | eta: 271.3m
step 00330/04357 (7.57%) | loss: 3.321299 | lrm: 1.00 | dt: 4011.03ms | tok/sec: 261,423 | bf16_mfu: 47.03 | epoch: 1 | total time: 21.55m | eta: 271.2m
step 00331/04357 (7.60%) | loss: 3.323111 | lrm: 1.00 | dt: 3992.57ms | tok/sec: 262,632 | bf16_mfu: 47.25 | epoch: 1 | total time: 21.62m | eta: 271.1m
step 00332/04357 (7.62%) | loss: 3.318647 | lrm: 1.00 | dt: 4005.03ms | tok/sec: 261,815 | bf16_mfu: 47.10 | epoch: 1 | total time: 21.68m | eta: 271.1m
step 00333/04357 (7.64%) | loss: 3.321081 | lrm: 1.00 | dt: 3996.07ms | tok/sec: 262,401 | bf16_mfu: 47.20 | epoch: 1 | total time: 21.75m | eta: 271.0m
step 00334/04357 (7.67%) | loss: 3.325144 | lrm: 1.00 | dt: 3996.03ms | tok/sec: 262,404 | bf16_mfu: 47.20 | epoch: 1 | total time: 21.82m | eta: 270.9m
step 00335/04357 (7.69%) | loss: 3.325891 | lrm: 1.00 | dt: 4005.45ms | tok/sec: 261,787 | bf16_mfu: 47.09 | epoch: 1 | total time: 21.88m | eta: 270.8m
step 00336/04357 (7.71%) | loss: 3.326150 | lrm: 1.00 | dt: 3995.51ms | tok/sec: 262,438 | bf16_mfu: 47.21 | epoch: 1 | total time: 21.95m | eta: 270.8m
step 00337/04357 (7.73%) | loss: 3.336125 | lrm: 1.00 | dt: 4005.73ms | tok/sec: 261,769 | bf16_mfu: 47.09 | epoch: 1 | total time: 22.02m | eta: 270.7m
step 00338/04357 (7.76%) | loss: 3.324838 | lrm: 1.00 | dt: 3994.23ms | tok/sec: 262,522 | bf16_mfu: 47.23 | epoch: 1 | total time: 22.08m | eta: 270.6m
step 00339/04357 (7.78%) | loss: 3.309668 | lrm: 1.00 | dt: 3992.92ms | tok/sec: 262,608 | bf16_mfu: 47.24 | epoch: 1 | total time: 22.15m | eta: 270.5m
step 00340/04357 (7.80%) | loss: 3.304724 | lrm: 1.00 | dt: 3993.86ms | tok/sec: 262,547 | bf16_mfu: 47.23 | epoch: 1 | total time: 22.22m | eta: 270.4m
step 00341/04357 (7.83%) | loss: 3.305257 | lrm: 1.00 | dt: 4009.57ms | tok/sec: 261,518 | bf16_mfu: 47.05 | epoch: 1 | total time: 22.28m | eta: 270.4m
step 00342/04357 (7.85%) | loss: 3.298237 | lrm: 1.00 | dt: 3992.47ms | tok/sec: 262,638 | bf16_mfu: 47.25 | epoch: 1 | total time: 22.35m | eta: 270.3m
step 00343/04357 (7.87%) | loss: 3.294078 | lrm: 1.00 | dt: 4008.17ms | tok/sec: 261,609 | bf16_mfu: 47.06 | epoch: 1 | total time: 22.42m | eta: 270.2m
step 00344/04357 (7.90%) | loss: 3.301401 | lrm: 1.00 | dt: 3995.99ms | tok/sec: 262,407 | bf16_mfu: 47.20 | epoch: 1 | total time: 22.48m | eta: 270.1m
step 00345/04357 (7.92%) | loss: 3.307099 | lrm: 1.00 | dt: 3995.53ms | tok/sec: 262,437 | bf16_mfu: 47.21 | epoch: 1 | total time: 22.55m | eta: 270.1m
step 00346/04357 (7.94%) | loss: 3.311767 | lrm: 1.00 | dt: 4000.68ms | tok/sec: 262,099 | bf16_mfu: 47.15 | epoch: 1 | total time: 22.62m | eta: 270.0m
step 00347/04357 (7.96%) | loss: 3.314210 | lrm: 1.00 | dt: 3995.52ms | tok/sec: 262,437 | bf16_mfu: 47.21 | epoch: 1 | total time: 22.68m | eta: 269.9m
step 00348/04357 (7.99%) | loss: 3.304043 | lrm: 1.00 | dt: 3991.64ms | tok/sec: 262,693 | bf16_mfu: 47.26 | epoch: 1 | total time: 22.75m | eta: 269.8m
step 00349/04357 (8.01%) | loss: 3.294574 | lrm: 1.00 | dt: 3992.45ms | tok/sec: 262,639 | bf16_mfu: 47.25 | epoch: 1 | total time: 22.82m | eta: 269.8m
step 00350/04357 (8.03%) | loss: 3.304322 | lrm: 1.00 | dt: 3992.86ms | tok/sec: 262,612 | bf16_mfu: 47.24 | epoch: 1 | total time: 22.88m | eta: 269.7m
step 00351/04357 (8.06%) | loss: 3.294523 | lrm: 1.00 | dt: 3994.59ms | tok/sec: 262,498 | bf16_mfu: 47.22 | epoch: 1 | total time: 22.95m | eta: 269.6m
step 00352/04357 (8.08%) | loss: 3.286689 | lrm: 1.00 | dt: 3988.73ms | tok/sec: 262,884 | bf16_mfu: 47.29 | epoch: 1 | total time: 23.02m | eta: 269.5m
step 00353/04357 (8.10%) | loss: 3.294240 | lrm: 1.00 | dt: 4017.81ms | tok/sec: 260,981 | bf16_mfu: 46.95 | epoch: 1 | total time: 23.08m | eta: 269.5m
step 00354/04357 (8.12%) | loss: 3.290403 | lrm: 1.00 | dt: 3986.55ms | tok/sec: 263,028 | bf16_mfu: 47.32 | epoch: 1 | total time: 23.15m | eta: 269.4m
step 00355/04357 (8.15%) | loss: 3.290247 | lrm: 1.00 | dt: 3990.85ms | tok/sec: 262,745 | bf16_mfu: 47.27 | epoch: 1 | total time: 23.22m | eta: 269.3m
step 00356/04357 (8.17%) | loss: 3.295175 | lrm: 1.00 | dt: 3991.61ms | tok/sec: 262,695 | bf16_mfu: 47.26 | epoch: 1 | total time: 23.28m | eta: 269.2m
step 00357/04357 (8.19%) | loss: 3.309277 | lrm: 1.00 | dt: 3994.22ms | tok/sec: 262,523 | bf16_mfu: 47.23 | epoch: 1 | total time: 23.35m | eta: 269.2m
step 00358/04357 (8.22%) | loss: 3.289807 | lrm: 1.00 | dt: 3991.63ms | tok/sec: 262,693 | bf16_mfu: 47.26 | epoch: 1 | total time: 23.42m | eta: 269.1m
step 00359/04357 (8.24%) | loss: 3.304813 | lrm: 1.00 | dt: 3993.77ms | tok/sec: 262,552 | bf16_mfu: 47.23 | epoch: 1 | total time: 23.48m | eta: 269.0m
step 00360/04357 (8.26%) | loss: 3.301130 | lrm: 1.00 | dt: 3990.40ms | tok/sec: 262,774 | bf16_mfu: 47.27 | epoch: 1 | total time: 23.55m | eta: 268.9m
step 00361/04357 (8.29%) | loss: 3.299574 | lrm: 1.00 | dt: 3990.37ms | tok/sec: 262,776 | bf16_mfu: 47.27 | epoch: 1 | total time: 23.62m | eta: 268.9m
step 00362/04357 (8.31%) | loss: 3.297079 | lrm: 1.00 | dt: 3990.28ms | tok/sec: 262,782 | bf16_mfu: 47.27 | epoch: 1 | total time: 23.68m | eta: 268.8m
step 00363/04357 (8.33%) | loss: 3.286948 | lrm: 1.00 | dt: 3992.41ms | tok/sec: 262,642 | bf16_mfu: 47.25 | epoch: 1 | total time: 23.75m | eta: 268.7m
step 00364/04357 (8.35%) | loss: 3.298786 | lrm: 1.00 | dt: 3992.41ms | tok/sec: 262,642 | bf16_mfu: 47.25 | epoch: 1 | total time: 23.82m | eta: 268.6m
step 00365/04357 (8.38%) | loss: 3.286673 | lrm: 1.00 | dt: 3995.01ms | tok/sec: 262,471 | bf16_mfu: 47.22 | epoch: 1 | total time: 23.88m | eta: 268.6m
step 00366/04357 (8.40%) | loss: 3.287648 | lrm: 1.00 | dt: 4004.86ms | tok/sec: 261,826 | bf16_mfu: 47.10 | epoch: 1 | total time: 23.95m | eta: 268.5m
step 00367/04357 (8.42%) | loss: 3.279286 | lrm: 1.00 | dt: 3996.88ms | tok/sec: 262,348 | bf16_mfu: 47.19 | epoch: 1 | total time: 24.02m | eta: 268.4m
step 00368/04357 (8.45%) | loss: 3.285901 | lrm: 1.00 | dt: 3990.46ms | tok/sec: 262,770 | bf16_mfu: 47.27 | epoch: 1 | total time: 24.08m | eta: 268.3m
step 00369/04357 (8.47%) | loss: 3.285020 | lrm: 1.00 | dt: 3991.43ms | tok/sec: 262,706 | bf16_mfu: 47.26 | epoch: 1 | total time: 24.15m | eta: 268.3m
step 00370/04357 (8.49%) | loss: 3.285038 | lrm: 1.00 | dt: 3993.13ms | tok/sec: 262,594 | bf16_mfu: 47.24 | epoch: 1 | total time: 24.22m | eta: 268.2m
step 00371/04357 (8.52%) | loss: 3.283092 | lrm: 1.00 | dt: 3990.03ms | tok/sec: 262,798 | bf16_mfu: 47.28 | epoch: 1 | total time: 24.28m | eta: 268.1m
step 00372/04357 (8.54%) | loss: 3.264447 | lrm: 1.00 | dt: 3994.45ms | tok/sec: 262,508 | bf16_mfu: 47.22 | epoch: 1 | total time: 24.35m | eta: 268.0m
step 00373/04357 (8.56%) | loss: 3.248235 | lrm: 1.00 | dt: 3990.05ms | tok/sec: 262,797 | bf16_mfu: 47.28 | epoch: 1 | total time: 24.41m | eta: 268.0m
step 00374/04357 (8.58%) | loss: 3.247671 | lrm: 1.00 | dt: 3991.89ms | tok/sec: 262,676 | bf16_mfu: 47.25 | epoch: 1 | total time: 24.48m | eta: 267.9m
step 00375/04357 (8.61%) | loss: 3.245902 | lrm: 1.00 | dt: 3980.64ms | tok/sec: 263,419 | bf16_mfu: 47.39 | epoch: 1 | total time: 24.55m | eta: 267.8m
step 00376/04357 (8.63%) | loss: 3.246745 | lrm: 1.00 | dt: 3997.48ms | tok/sec: 262,308 | bf16_mfu: 47.19 | epoch: 1 | total time: 24.61m | eta: 267.7m
step 00377/04357 (8.65%) | loss: 3.265062 | lrm: 1.00 | dt: 3994.02ms | tok/sec: 262,536 | bf16_mfu: 47.23 | epoch: 1 | total time: 24.68m | eta: 267.7m
step 00378/04357 (8.68%) | loss: 3.279327 | lrm: 1.00 | dt: 3995.61ms | tok/sec: 262,431 | bf16_mfu: 47.21 | epoch: 1 | total time: 24.75m | eta: 267.6m
step 00379/04357 (8.70%) | loss: 3.273052 | lrm: 1.00 | dt: 3988.43ms | tok/sec: 262,904 | bf16_mfu: 47.29 | epoch: 1 | total time: 24.81m | eta: 267.5m
step 00380/04357 (8.72%) | loss: 3.256565 | lrm: 1.00 | dt: 3990.05ms | tok/sec: 262,797 | bf16_mfu: 47.28 | epoch: 1 | total time: 24.88m | eta: 267.4m
step 00381/04357 (8.74%) | loss: 3.250277 | lrm: 1.00 | dt: 3988.90ms | tok/sec: 262,873 | bf16_mfu: 47.29 | epoch: 1 | total time: 24.95m | eta: 267.4m
step 00382/04357 (8.77%) | loss: 3.260582 | lrm: 1.00 | dt: 3993.66ms | tok/sec: 262,560 | bf16_mfu: 47.23 | epoch: 1 | total time: 25.01m | eta: 267.3m
step 00383/04357 (8.79%) | loss: 3.268456 | lrm: 1.00 | dt: 3994.96ms | tok/sec: 262,474 | bf16_mfu: 47.22 | epoch: 1 | total time: 25.08m | eta: 267.2m
step 00384/04357 (8.81%) | loss: 3.268530 | lrm: 1.00 | dt: 3990.47ms | tok/sec: 262,770 | bf16_mfu: 47.27 | epoch: 1 | total time: 25.15m | eta: 267.1m
step 00385/04357 (8.84%) | loss: 3.262834 | lrm: 1.00 | dt: 3996.10ms | tok/sec: 262,399 | bf16_mfu: 47.20 | epoch: 1 | total time: 25.21m | eta: 267.1m
step 00386/04357 (8.86%) | loss: 3.252322 | lrm: 1.00 | dt: 3995.35ms | tok/sec: 262,449 | bf16_mfu: 47.21 | epoch: 1 | total time: 25.28m | eta: 267.0m
step 00387/04357 (8.88%) | loss: 3.247797 | lrm: 1.00 | dt: 3990.65ms | tok/sec: 262,758 | bf16_mfu: 47.27 | epoch: 1 | total time: 25.35m | eta: 266.9m
step 00388/04357 (8.91%) | loss: 3.242597 | lrm: 1.00 | dt: 3991.04ms | tok/sec: 262,732 | bf16_mfu: 47.26 | epoch: 1 | total time: 25.41m | eta: 266.8m
step 00389/04357 (8.93%) | loss: 3.237620 | lrm: 1.00 | dt: 3991.52ms | tok/sec: 262,700 | bf16_mfu: 47.26 | epoch: 1 | total time: 25.48m | eta: 266.8m
step 00390/04357 (8.95%) | loss: 3.237685 | lrm: 1.00 | dt: 3994.85ms | tok/sec: 262,481 | bf16_mfu: 47.22 | epoch: 1 | total time: 25.55m | eta: 266.7m
step 00391/04357 (8.97%) | loss: 3.250742 | lrm: 1.00 | dt: 3988.33ms | tok/sec: 262,911 | bf16_mfu: 47.30 | epoch: 1 | total time: 25.61m | eta: 266.6m
step 00392/04357 (9.00%) | loss: 3.244053 | lrm: 1.00 | dt: 3993.50ms | tok/sec: 262,570 | bf16_mfu: 47.23 | epoch: 1 | total time: 25.68m | eta: 266.5m
step 00393/04357 (9.02%) | loss: 3.249726 | lrm: 1.00 | dt: 3990.87ms | tok/sec: 262,743 | bf16_mfu: 47.27 | epoch: 1 | total time: 25.75m | eta: 266.5m
step 00394/04357 (9.04%) | loss: 3.251160 | lrm: 1.00 | dt: 3983.80ms | tok/sec: 263,209 | bf16_mfu: 47.35 | epoch: 1 | total time: 25.81m | eta: 266.4m
step 00395/04357 (9.07%) | loss: 3.255220 | lrm: 1.00 | dt: 3999.42ms | tok/sec: 262,182 | bf16_mfu: 47.16 | epoch: 1 | total time: 25.88m | eta: 266.3m
step 00396/04357 (9.09%) | loss: 3.258225 | lrm: 1.00 | dt: 3987.34ms | tok/sec: 262,976 | bf16_mfu: 47.31 | epoch: 1 | total time: 25.94m | eta: 266.2m
step 00397/04357 (9.11%) | loss: 3.249965 | lrm: 1.00 | dt: 3996.29ms | tok/sec: 262,387 | bf16_mfu: 47.20 | epoch: 1 | total time: 26.01m | eta: 266.2m
step 00398/04357 (9.13%) | loss: 3.258684 | lrm: 1.00 | dt: 3984.06ms | tok/sec: 263,192 | bf16_mfu: 47.35 | epoch: 1 | total time: 26.08m | eta: 266.1m
step 00399/04357 (9.16%) | loss: 3.262237 | lrm: 1.00 | dt: 3998.70ms | tok/sec: 262,229 | bf16_mfu: 47.17 | epoch: 1 | total time: 26.14m | eta: 266.0m
step 00400/04357 (9.18%) | loss: 3.266252 | lrm: 1.00 | dt: 3989.48ms | tok/sec: 262,835 | bf16_mfu: 47.28 | epoch: 1 | total time: 26.21m | eta: 265.9m
step 00401/04357 (9.20%) | loss: 3.263816 | lrm: 1.00 | dt: 3991.45ms | tok/sec: 262,705 | bf16_mfu: 47.26 | epoch: 1 | total time: 26.28m | eta: 265.9m
step 00402/04357 (9.23%) | loss: 3.249175 | lrm: 1.00 | dt: 3992.28ms | tok/sec: 262,650 | bf16_mfu: 47.25 | epoch: 1 | total time: 26.34m | eta: 265.8m
step 00403/04357 (9.25%) | loss: 3.252843 | lrm: 1.00 | dt: 3993.27ms | tok/sec: 262,585 | bf16_mfu: 47.24 | epoch: 1 | total time: 26.41m | eta: 265.7m
step 00404/04357 (9.27%) | loss: 3.273598 | lrm: 1.00 | dt: 3985.02ms | tok/sec: 263,129 | bf16_mfu: 47.33 | epoch: 1 | total time: 26.48m | eta: 265.6m
step 00405/04357 (9.30%) | loss: 3.265669 | lrm: 1.00 | dt: 3982.06ms | tok/sec: 263,324 | bf16_mfu: 47.37 | epoch: 1 | total time: 26.54m | eta: 265.6m
step 00406/04357 (9.32%) | loss: 3.266278 | lrm: 1.00 | dt: 3983.03ms | tok/sec: 263,261 | bf16_mfu: 47.36 | epoch: 1 | total time: 26.61m | eta: 265.5m
step 00407/04357 (9.34%) | loss: 3.252092 | lrm: 1.00 | dt: 3995.99ms | tok/sec: 262,406 | bf16_mfu: 47.20 | epoch: 1 | total time: 26.68m | eta: 265.4m
step 00408/04357 (9.36%) | loss: 3.248864 | lrm: 1.00 | dt: 3993.50ms | tok/sec: 262,570 | bf16_mfu: 47.23 | epoch: 1 | total time: 26.74m | eta: 265.3m
step 00409/04357 (9.39%) | loss: 3.238857 | lrm: 1.00 | dt: 3987.44ms | tok/sec: 262,969 | bf16_mfu: 47.31 | epoch: 1 | total time: 26.81m | eta: 265.3m
step 00410/04357 (9.41%) | loss: 3.232200 | lrm: 1.00 | dt: 3996.25ms | tok/sec: 262,389 | bf16_mfu: 47.20 | epoch: 1 | total time: 26.88m | eta: 265.2m
step 00411/04357 (9.43%) | loss: 3.229416 | lrm: 1.00 | dt: 3996.07ms | tok/sec: 262,401 | bf16_mfu: 47.20 | epoch: 1 | total time: 26.94m | eta: 265.1m
step 00412/04357 (9.46%) | loss: 3.222774 | lrm: 1.00 | dt: 4007.50ms | tok/sec: 261,653 | bf16_mfu: 47.07 | epoch: 1 | total time: 27.01m | eta: 265.1m
step 00413/04357 (9.48%) | loss: 3.238182 | lrm: 1.00 | dt: 3995.45ms | tok/sec: 262,442 | bf16_mfu: 47.21 | epoch: 1 | total time: 27.08m | eta: 265.0m
step 00414/04357 (9.50%) | loss: 3.228343 | lrm: 1.00 | dt: 4007.38ms | tok/sec: 261,660 | bf16_mfu: 47.07 | epoch: 1 | total time: 27.14m | eta: 264.9m
step 00415/04357 (9.52%) | loss: 3.220720 | lrm: 1.00 | dt: 3994.62ms | tok/sec: 262,497 | bf16_mfu: 47.22 | epoch: 1 | total time: 27.21m | eta: 264.8m
step 00416/04357 (9.55%) | loss: 3.222047 | lrm: 1.00 | dt: 4001.49ms | tok/sec: 262,046 | bf16_mfu: 47.14 | epoch: 1 | total time: 27.28m | eta: 264.8m
step 00417/04357 (9.57%) | loss: 3.240443 | lrm: 1.00 | dt: 4006.85ms | tok/sec: 261,696 | bf16_mfu: 47.08 | epoch: 1 | total time: 27.34m | eta: 264.7m
step 00418/04357 (9.59%) | loss: 3.232991 | lrm: 1.00 | dt: 4008.82ms | tok/sec: 261,567 | bf16_mfu: 47.05 | epoch: 1 | total time: 27.41m | eta: 264.6m
step 00419/04357 (9.62%) | loss: 3.232736 | lrm: 1.00 | dt: 4006.86ms | tok/sec: 261,695 | bf16_mfu: 47.08 | epoch: 1 | total time: 27.48m | eta: 264.6m
step 00420/04357 (9.64%) | loss: 3.234697 | lrm: 1.00 | dt: 4001.86ms | tok/sec: 262,022 | bf16_mfu: 47.14 | epoch: 1 | total time: 27.54m | eta: 264.5m
step 00421/04357 (9.66%) | loss: 3.232716 | lrm: 1.00 | dt: 4008.77ms | tok/sec: 261,570 | bf16_mfu: 47.05 | epoch: 1 | total time: 27.61m | eta: 264.4m
step 00422/04357 (9.69%) | loss: 3.228758 | lrm: 1.00 | dt: 4005.60ms | tok/sec: 261,777 | bf16_mfu: 47.09 | epoch: 1 | total time: 27.68m | eta: 264.3m
step 00423/04357 (9.71%) | loss: 3.226629 | lrm: 1.00 | dt: 4009.69ms | tok/sec: 261,510 | bf16_mfu: 47.04 | epoch: 1 | total time: 27.74m | eta: 264.3m
step 00424/04357 (9.73%) | loss: 3.216486 | lrm: 1.00 | dt: 4010.42ms | tok/sec: 261,462 | bf16_mfu: 47.03 | epoch: 1 | total time: 27.81m | eta: 264.2m
step 00425/04357 (9.75%) | loss: 3.208934 | lrm: 1.00 | dt: 3995.03ms | tok/sec: 262,470 | bf16_mfu: 47.22 | epoch: 1 | total time: 27.88m | eta: 264.1m
step 00426/04357 (9.78%) | loss: 3.202140 | lrm: 1.00 | dt: 4007.54ms | tok/sec: 261,650 | bf16_mfu: 47.07 | epoch: 1 | total time: 27.94m | eta: 264.1m
step 00427/04357 (9.80%) | loss: 3.207086 | lrm: 1.00 | dt: 4008.97ms | tok/sec: 261,557 | bf16_mfu: 47.05 | epoch: 1 | total time: 28.01m | eta: 264.0m
step 00428/04357 (9.82%) | loss: 3.206697 | lrm: 1.00 | dt: 3993.55ms | tok/sec: 262,567 | bf16_mfu: 47.23 | epoch: 1 | total time: 28.08m | eta: 263.9m
step 00429/04357 (9.85%) | loss: 3.191055 | lrm: 1.00 | dt: 3989.17ms | tok/sec: 262,855 | bf16_mfu: 47.29 | epoch: 1 | total time: 28.14m | eta: 263.8m
step 00430/04357 (9.87%) | loss: 3.194309 | lrm: 1.00 | dt: 3993.12ms | tok/sec: 262,595 | bf16_mfu: 47.24 | epoch: 1 | total time: 28.21m | eta: 263.8m
step 00431/04357 (9.89%) | loss: 3.193979 | lrm: 1.00 | dt: 4003.27ms | tok/sec: 261,929 | bf16_mfu: 47.12 | epoch: 1 | total time: 28.28m | eta: 263.7m
step 00432/04357 (9.92%) | loss: 3.193917 | lrm: 1.00 | dt: 3999.43ms | tok/sec: 262,181 | bf16_mfu: 47.16 | epoch: 1 | total time: 28.34m | eta: 263.6m
step 00433/04357 (9.94%) | loss: 3.196340 | lrm: 1.00 | dt: 3996.54ms | tok/sec: 262,371 | bf16_mfu: 47.20 | epoch: 1 | total time: 28.41m | eta: 263.5m
step 00434/04357 (9.96%) | loss: 3.196811 | lrm: 1.00 | dt: 3989.13ms | tok/sec: 262,858 | bf16_mfu: 47.29 | epoch: 1 | total time: 28.48m | eta: 263.5m
step 00435/04357 (9.98%) | loss: 3.202681 | lrm: 1.00 | dt: 3994.32ms | tok/sec: 262,517 | bf16_mfu: 47.22 | epoch: 1 | total time: 28.54m | eta: 263.4m
step 00436/04357 (10.01%) | loss: 3.187831 | lrm: 1.00 | dt: 4004.49ms | tok/sec: 261,850 | bf16_mfu: 47.10 | epoch: 1 | total time: 28.61m | eta: 263.3m
step 00437/04357 (10.03%) | loss: 3.188271 | lrm: 1.00 | dt: 3994.79ms | tok/sec: 262,485 | bf16_mfu: 47.22 | epoch: 1 | total time: 28.68m | eta: 263.3m
step 00438/04357 (10.05%) | loss: 3.196912 | lrm: 1.00 | dt: 3992.35ms | tok/sec: 262,646 | bf16_mfu: 47.25 | epoch: 1 | total time: 28.74m | eta: 263.2m
step 00439/04357 (10.08%) | loss: 3.202446 | lrm: 1.00 | dt: 3988.67ms | tok/sec: 262,888 | bf16_mfu: 47.29 | epoch: 1 | total time: 28.81m | eta: 263.1m
step 00440/04357 (10.10%) | loss: 3.198991 | lrm: 1.00 | dt: 3996.07ms | tok/sec: 262,401 | bf16_mfu: 47.20 | epoch: 1 | total time: 28.88m | eta: 263.0m
step 00441/04357 (10.12%) | loss: 3.203371 | lrm: 1.00 | dt: 3994.93ms | tok/sec: 262,476 | bf16_mfu: 47.22 | epoch: 1 | total time: 28.94m | eta: 263.0m
step 00442/04357 (10.14%) | loss: 3.203628 | lrm: 1.00 | dt: 3990.21ms | tok/sec: 262,786 | bf16_mfu: 47.27 | epoch: 1 | total time: 29.01m | eta: 262.9m
step 00443/04357 (10.17%) | loss: 3.197553 | lrm: 1.00 | dt: 3986.03ms | tok/sec: 263,063 | bf16_mfu: 47.32 | epoch: 1 | total time: 29.08m | eta: 262.8m
step 00444/04357 (10.19%) | loss: 3.198802 | lrm: 1.00 | dt: 3986.50ms | tok/sec: 263,032 | bf16_mfu: 47.32 | epoch: 1 | total time: 29.14m | eta: 262.7m
step 00445/04357 (10.21%) | loss: 3.208723 | lrm: 1.00 | dt: 3987.67ms | tok/sec: 262,954 | bf16_mfu: 47.30 | epoch: 1 | total time: 29.21m | eta: 262.7m
step 00446/04357 (10.24%) | loss: 3.202710 | lrm: 1.00 | dt: 3985.84ms | tok/sec: 263,075 | bf16_mfu: 47.33 | epoch: 1 | total time: 29.27m | eta: 262.6m
step 00447/04357 (10.26%) | loss: 3.210224 | lrm: 1.00 | dt: 3991.35ms | tok/sec: 262,711 | bf16_mfu: 47.26 | epoch: 1 | total time: 29.34m | eta: 262.5m
step 00448/04357 (10.28%) | loss: 3.200603 | lrm: 1.00 | dt: 3992.30ms | tok/sec: 262,649 | bf16_mfu: 47.25 | epoch: 1 | total time: 29.41m | eta: 262.5m
step 00449/04357 (10.31%) | loss: 3.203780 | lrm: 1.00 | dt: 3985.36ms | tok/sec: 263,107 | bf16_mfu: 47.33 | epoch: 1 | total time: 29.47m | eta: 262.4m
step 00450/04357 (10.33%) | loss: 3.212765 | lrm: 1.00 | dt: 3998.13ms | tok/sec: 262,266 | bf16_mfu: 47.18 | epoch: 1 | total time: 29.54m | eta: 262.3m
step 00451/04357 (10.35%) | loss: 3.216652 | lrm: 1.00 | dt: 3989.16ms | tok/sec: 262,856 | bf16_mfu: 47.29 | epoch: 1 | total time: 29.61m | eta: 262.2m
step 00452/04357 (10.37%) | loss: 3.221324 | lrm: 1.00 | dt: 3988.65ms | tok/sec: 262,889 | bf16_mfu: 47.29 | epoch: 1 | total time: 29.67m | eta: 262.2m
step 00453/04357 (10.40%) | loss: 3.218977 | lrm: 1.00 | dt: 3983.28ms | tok/sec: 263,244 | bf16_mfu: 47.36 | epoch: 1 | total time: 29.74m | eta: 262.1m
step 00454/04357 (10.42%) | loss: 3.219790 | lrm: 1.00 | dt: 3995.92ms | tok/sec: 262,411 | bf16_mfu: 47.21 | epoch: 1 | total time: 29.81m | eta: 262.0m
step 00455/04357 (10.44%) | loss: 3.227120 | lrm: 1.00 | dt: 3983.20ms | tok/sec: 263,249 | bf16_mfu: 47.36 | epoch: 1 | total time: 29.87m | eta: 261.9m
step 00456/04357 (10.47%) | loss: 3.233813 | lrm: 1.00 | dt: 3985.17ms | tok/sec: 263,119 | bf16_mfu: 47.33 | epoch: 1 | total time: 29.94m | eta: 261.9m
step 00457/04357 (10.49%) | loss: 3.217654 | lrm: 1.00 | dt: 3985.14ms | tok/sec: 263,121 | bf16_mfu: 47.33 | epoch: 1 | total time: 30.01m | eta: 261.8m
step 00458/04357 (10.51%) | loss: 3.212341 | lrm: 1.00 | dt: 3979.11ms | tok/sec: 263,520 | bf16_mfu: 47.41 | epoch: 1 | total time: 30.07m | eta: 261.7m
step 00459/04357 (10.53%) | loss: 3.198342 | lrm: 1.00 | dt: 3984.60ms | tok/sec: 263,157 | bf16_mfu: 47.34 | epoch: 1 | total time: 30.14m | eta: 261.7m
step 00460/04357 (10.56%) | loss: 3.205118 | lrm: 1.00 | dt: 3978.79ms | tok/sec: 263,541 | bf16_mfu: 47.41 | epoch: 1 | total time: 30.21m | eta: 261.6m
step 00461/04357 (10.58%) | loss: 3.196305 | lrm: 1.00 | dt: 3977.51ms | tok/sec: 263,626 | bf16_mfu: 47.42 | epoch: 1 | total time: 30.27m | eta: 261.5m
step 00462/04357 (10.60%) | loss: 3.196168 | lrm: 1.00 | dt: 3989.83ms | tok/sec: 262,812 | bf16_mfu: 47.28 | epoch: 1 | total time: 30.34m | eta: 261.4m
step 00463/04357 (10.63%) | loss: 3.182704 | lrm: 1.00 | dt: 3985.53ms | tok/sec: 263,095 | bf16_mfu: 47.33 | epoch: 1 | total time: 30.40m | eta: 261.4m
step 00464/04357 (10.65%) | loss: 3.166605 | lrm: 1.00 | dt: 3979.47ms | tok/sec: 263,496 | bf16_mfu: 47.40 | epoch: 1 | total time: 30.47m | eta: 261.3m
step 00465/04357 (10.67%) | loss: 3.173848 | lrm: 1.00 | dt: 3989.80ms | tok/sec: 262,814 | bf16_mfu: 47.28 | epoch: 1 | total time: 30.54m | eta: 261.2m
step 00466/04357 (10.70%) | loss: 3.177994 | lrm: 1.00 | dt: 3984.46ms | tok/sec: 263,166 | bf16_mfu: 47.34 | epoch: 1 | total time: 30.60m | eta: 261.1m
step 00467/04357 (10.72%) | loss: 3.158552 | lrm: 1.00 | dt: 3984.69ms | tok/sec: 263,151 | bf16_mfu: 47.34 | epoch: 1 | total time: 30.67m | eta: 261.1m
step 00468/04357 (10.74%) | loss: 3.160458 | lrm: 1.00 | dt: 3985.26ms | tok/sec: 263,113 | bf16_mfu: 47.33 | epoch: 1 | total time: 30.74m | eta: 261.0m
step 00469/04357 (10.76%) | loss: 3.165961 | lrm: 1.00 | dt: 3983.04ms | tok/sec: 263,259 | bf16_mfu: 47.36 | epoch: 1 | total time: 30.80m | eta: 260.9m
step 00470/04357 (10.79%) | loss: 3.168083 | lrm: 1.00 | dt: 3980.51ms | tok/sec: 263,427 | bf16_mfu: 47.39 | epoch: 1 | total time: 30.87m | eta: 260.8m
step 00471/04357 (10.81%) | loss: 3.165481 | lrm: 1.00 | dt: 3981.43ms | tok/sec: 263,366 | bf16_mfu: 47.38 | epoch: 1 | total time: 30.94m | eta: 260.8m
step 00472/04357 (10.83%) | loss: 3.169944 | lrm: 1.00 | dt: 3983.73ms | tok/sec: 263,214 | bf16_mfu: 47.35 | epoch: 1 | total time: 31.00m | eta: 260.7m
step 00473/04357 (10.86%) | loss: 3.168917 | lrm: 1.00 | dt: 3978.60ms | tok/sec: 263,553 | bf16_mfu: 47.41 | epoch: 1 | total time: 31.07m | eta: 260.6m
step 00474/04357 (10.88%) | loss: 3.182880 | lrm: 1.00 | dt: 3985.16ms | tok/sec: 263,120 | bf16_mfu: 47.33 | epoch: 1 | total time: 31.13m | eta: 260.6m
step 00475/04357 (10.90%) | loss: 3.177569 | lrm: 1.00 | dt: 3991.67ms | tok/sec: 262,690 | bf16_mfu: 47.26 | epoch: 1 | total time: 31.20m | eta: 260.5m
step 00476/04357 (10.92%) | loss: 3.166885 | lrm: 1.00 | dt: 3987.16ms | tok/sec: 262,988 | bf16_mfu: 47.31 | epoch: 1 | total time: 31.27m | eta: 260.4m
step 00477/04357 (10.95%) | loss: 3.159934 | lrm: 1.00 | dt: 3976.75ms | tok/sec: 263,676 | bf16_mfu: 47.43 | epoch: 1 | total time: 31.33m | eta: 260.3m
step 00478/04357 (10.97%) | loss: 3.158429 | lrm: 1.00 | dt: 3975.86ms | tok/sec: 263,735 | bf16_mfu: 47.44 | epoch: 1 | total time: 31.40m | eta: 260.3m
step 00479/04357 (10.99%) | loss: 3.156526 | lrm: 1.00 | dt: 3973.71ms | tok/sec: 263,878 | bf16_mfu: 47.47 | epoch: 1 | total time: 31.47m | eta: 260.2m
step 00480/04357 (11.02%) | loss: 3.154593 | lrm: 1.00 | dt: 3976.78ms | tok/sec: 263,674 | bf16_mfu: 47.43 | epoch: 1 | total time: 31.53m | eta: 260.1m
step 00481/04357 (11.04%) | loss: 3.169596 | lrm: 1.00 | dt: 3983.29ms | tok/sec: 263,243 | bf16_mfu: 47.36 | epoch: 1 | total time: 31.60m | eta: 260.0m
step 00482/04357 (11.06%) | loss: 3.159923 | lrm: 1.00 | dt: 3977.44ms | tok/sec: 263,630 | bf16_mfu: 47.42 | epoch: 1 | total time: 31.67m | eta: 260.0m
step 00483/04357 (11.09%) | loss: 3.163547 | lrm: 1.00 | dt: 3977.49ms | tok/sec: 263,627 | bf16_mfu: 47.42 | epoch: 1 | total time: 31.73m | eta: 259.9m
step 00484/04357 (11.11%) | loss: 3.157557 | lrm: 1.00 | dt: 3979.12ms | tok/sec: 263,519 | bf16_mfu: 47.40 | epoch: 1 | total time: 31.80m | eta: 259.8m
step 00485/04357 (11.13%) | loss: 3.167730 | lrm: 1.00 | dt: 3972.34ms | tok/sec: 263,969 | bf16_mfu: 47.49 | epoch: 1 | total time: 31.86m | eta: 259.7m
step 00486/04357 (11.15%) | loss: 3.158597 | lrm: 1.00 | dt: 3983.97ms | tok/sec: 263,198 | bf16_mfu: 47.35 | epoch: 1 | total time: 31.93m | eta: 259.7m
step 00487/04357 (11.18%) | loss: 3.162285 | lrm: 1.00 | dt: 3977.77ms | tok/sec: 263,609 | bf16_mfu: 47.42 | epoch: 1 | total time: 32.00m | eta: 259.6m
step 00488/04357 (11.20%) | loss: 3.159732 | lrm: 1.00 | dt: 3973.44ms | tok/sec: 263,896 | bf16_mfu: 47.47 | epoch: 1 | total time: 32.06m | eta: 259.5m
step 00489/04357 (11.22%) | loss: 3.151352 | lrm: 1.00 | dt: 3998.71ms | tok/sec: 262,228 | bf16_mfu: 47.17 | epoch: 1 | total time: 32.13m | eta: 259.5m
step 00490/04357 (11.25%) | loss: 3.155842 | lrm: 1.00 | dt: 3983.21ms | tok/sec: 263,248 | bf16_mfu: 47.36 | epoch: 1 | total time: 32.20m | eta: 259.4m
step 00491/04357 (11.27%) | loss: 3.158124 | lrm: 1.00 | dt: 3971.87ms | tok/sec: 264,000 | bf16_mfu: 47.49 | epoch: 1 | total time: 32.26m | eta: 259.3m
step 00492/04357 (11.29%) | loss: 3.157814 | lrm: 1.00 | dt: 3971.24ms | tok/sec: 264,042 | bf16_mfu: 47.50 | epoch: 1 | total time: 32.33m | eta: 259.2m
step 00493/04357 (11.32%) | loss: 3.145411 | lrm: 1.00 | dt: 3973.23ms | tok/sec: 263,910 | bf16_mfu: 47.48 | epoch: 1 | total time: 32.39m | eta: 259.2m
step 00494/04357 (11.34%) | loss: 3.149452 | lrm: 1.00 | dt: 3979.90ms | tok/sec: 263,467 | bf16_mfu: 47.40 | epoch: 1 | total time: 32.46m | eta: 259.1m
step 00495/04357 (11.36%) | loss: 3.150052 | lrm: 1.00 | dt: 3983.68ms | tok/sec: 263,217 | bf16_mfu: 47.35 | epoch: 1 | total time: 32.53m | eta: 259.0m
step 00496/04357 (11.38%) | loss: 3.145505 | lrm: 1.00 | dt: 3972.29ms | tok/sec: 263,972 | bf16_mfu: 47.49 | epoch: 1 | total time: 32.59m | eta: 258.9m
step 00497/04357 (11.41%) | loss: 3.151271 | lrm: 1.00 | dt: 3969.37ms | tok/sec: 264,166 | bf16_mfu: 47.52 | epoch: 1 | total time: 32.66m | eta: 258.9m
step 00498/04357 (11.43%) | loss: 3.146835 | lrm: 1.00 | dt: 3973.26ms | tok/sec: 263,908 | bf16_mfu: 47.47 | epoch: 1 | total time: 32.73m | eta: 258.8m
step 00499/04357 (11.45%) | loss: 3.151516 | lrm: 1.00 | dt: 3974.38ms | tok/sec: 263,834 | bf16_mfu: 47.46 | epoch: 1 | total time: 32.79m | eta: 258.7m
Step 00500 | Validation bpb: 0.960162
step 00500/04357 (11.48%) | loss: 3.155345 | lrm: 1.00 | dt: 3990.51ms | tok/sec: 262,767 | bf16_mfu: 47.27 | epoch: 1 | total time: 32.86m | eta: 258.6m
step 00501/04357 (11.50%) | loss: 3.161486 | lrm: 1.00 | dt: 3975.26ms | tok/sec: 263,775 | bf16_mfu: 47.45 | epoch: 1 | total time: 32.93m | eta: 258.6m
step 00502/04357 (11.52%) | loss: 3.157735 | lrm: 1.00 | dt: 3977.74ms | tok/sec: 263,610 | bf16_mfu: 47.42 | epoch: 1 | total time: 32.99m | eta: 258.5m
step 00503/04357 (11.54%) | loss: 3.164315 | lrm: 1.00 | dt: 3983.85ms | tok/sec: 263,206 | bf16_mfu: 47.35 | epoch: 1 | total time: 33.06m | eta: 258.4m
step 00504/04357 (11.57%) | loss: 3.161113 | lrm: 1.00 | dt: 3971.11ms | tok/sec: 264,050 | bf16_mfu: 47.50 | epoch: 1 | total time: 33.12m | eta: 258.4m
step 00505/04357 (11.59%) | loss: 3.155873 | lrm: 1.00 | dt: 3973.22ms | tok/sec: 263,910 | bf16_mfu: 47.48 | epoch: 1 | total time: 33.19m | eta: 258.3m
step 00506/04357 (11.61%) | loss: 3.160996 | lrm: 1.00 | dt: 3972.40ms | tok/sec: 263,965 | bf16_mfu: 47.49 | epoch: 1 | total time: 33.26m | eta: 258.2m
step 00507/04357 (11.64%) | loss: 3.158365 | lrm: 1.00 | dt: 3978.55ms | tok/sec: 263,557 | bf16_mfu: 47.41 | epoch: 1 | total time: 33.32m | eta: 258.1m
step 00508/04357 (11.66%) | loss: 3.158177 | lrm: 1.00 | dt: 3977.29ms | tok/sec: 263,640 | bf16_mfu: 47.43 | epoch: 1 | total time: 33.39m | eta: 258.1m
step 00509/04357 (11.68%) | loss: 3.158344 | lrm: 1.00 | dt: 3975.86ms | tok/sec: 263,735 | bf16_mfu: 47.44 | epoch: 1 | total time: 33.46m | eta: 258.0m
step 00510/04357 (11.71%) | loss: 3.148403 | lrm: 1.00 | dt: 3975.08ms | tok/sec: 263,787 | bf16_mfu: 47.45 | epoch: 1 | total time: 33.52m | eta: 257.9m
step 00511/04357 (11.73%) | loss: 3.166412 | lrm: 1.00 | dt: 3970.96ms | tok/sec: 264,061 | bf16_mfu: 47.50 | epoch: 1 | total time: 33.59m | eta: 257.8m
step 00512/04357 (11.75%) | loss: 3.170608 | lrm: 1.00 | dt: 3970.44ms | tok/sec: 264,095 | bf16_mfu: 47.51 | epoch: 1 | total time: 33.65m | eta: 257.8m
step 00513/04357 (11.77%) | loss: 3.184027 | lrm: 1.00 | dt: 3980.24ms | tok/sec: 263,445 | bf16_mfu: 47.39 | epoch: 1 | total time: 33.72m | eta: 257.7m
step 00514/04357 (11.80%) | loss: 3.189796 | lrm: 1.00 | dt: 3984.62ms | tok/sec: 263,155 | bf16_mfu: 47.34 | epoch: 1 | total time: 33.79m | eta: 257.6m
step 00515/04357 (11.82%) | loss: 3.184351 | lrm: 1.00 | dt: 3979.19ms | tok/sec: 263,514 | bf16_mfu: 47.40 | epoch: 1 | total time: 33.85m | eta: 257.6m
step 00516/04357 (11.84%) | loss: 3.185971 | lrm: 1.00 | dt: 3982.39ms | tok/sec: 263,303 | bf16_mfu: 47.37 | epoch: 1 | total time: 33.92m | eta: 257.5m
step 00517/04357 (11.87%) | loss: 3.189114 | lrm: 1.00 | dt: 4024.81ms | tok/sec: 260,528 | bf16_mfu: 46.87 | epoch: 1 | total time: 33.99m | eta: 257.4m
step 00518/04357 (11.89%) | loss: 3.156044 | lrm: 1.00 | dt: 3975.65ms | tok/sec: 263,749 | bf16_mfu: 47.45 | epoch: 1 | total time: 34.05m | eta: 257.3m
step 00519/04357 (11.91%) | loss: 3.154232 | lrm: 1.00 | dt: 3976.61ms | tok/sec: 263,686 | bf16_mfu: 47.43 | epoch: 1 | total time: 34.12m | eta: 257.3m
step 00520/04357 (11.93%) | loss: 3.155586 | lrm: 1.00 | dt: 3974.74ms | tok/sec: 263,810 | bf16_mfu: 47.46 | epoch: 1 | total time: 34.19m | eta: 257.2m
step 00521/04357 (11.96%) | loss: 3.157497 | lrm: 1.00 | dt: 3968.96ms | tok/sec: 264,194 | bf16_mfu: 47.53 | epoch: 1 | total time: 34.25m | eta: 257.1m
step 00522/04357 (11.98%) | loss: 3.155113 | lrm: 1.00 | dt: 3974.93ms | tok/sec: 263,797 | bf16_mfu: 47.45 | epoch: 1 | total time: 34.32m | eta: 257.0m
step 00523/04357 (12.00%) | loss: 3.150338 | lrm: 1.00 | dt: 3982.87ms | tok/sec: 263,271 | bf16_mfu: 47.36 | epoch: 1 | total time: 34.38m | eta: 257.0m
step 00524/04357 (12.03%) | loss: 3.152353 | lrm: 1.00 | dt: 3976.82ms | tok/sec: 263,671 | bf16_mfu: 47.43 | epoch: 1 | total time: 34.45m | eta: 256.9m
step 00525/04357 (12.05%) | loss: 3.146922 | lrm: 1.00 | dt: 3973.40ms | tok/sec: 263,899 | bf16_mfu: 47.47 | epoch: 1 | total time: 34.52m | eta: 256.8m
step 00526/04357 (12.07%) | loss: 3.145264 | lrm: 1.00 | dt: 3969.11ms | tok/sec: 264,184 | bf16_mfu: 47.52 | epoch: 1 | total time: 34.58m | eta: 256.8m
step 00527/04357 (12.10%) | loss: 3.150040 | lrm: 1.00 | dt: 3979.83ms | tok/sec: 263,472 | bf16_mfu: 47.40 | epoch: 1 | total time: 34.65m | eta: 256.7m
step 00528/04357 (12.12%) | loss: 3.150696 | lrm: 1.00 | dt: 3979.88ms | tok/sec: 263,469 | bf16_mfu: 47.40 | epoch: 1 | total time: 34.72m | eta: 256.6m
step 00529/04357 (12.14%) | loss: 3.152063 | lrm: 1.00 | dt: 3972.25ms | tok/sec: 263,975 | bf16_mfu: 47.49 | epoch: 1 | total time: 34.78m | eta: 256.5m
step 00530/04357 (12.16%) | loss: 3.150519 | lrm: 1.00 | dt: 3973.49ms | tok/sec: 263,893 | bf16_mfu: 47.47 | epoch: 1 | total time: 34.85m | eta: 256.5m
step 00531/04357 (12.19%) | loss: 3.150253 | lrm: 1.00 | dt: 3973.36ms | tok/sec: 263,901 | bf16_mfu: 47.47 | epoch: 1 | total time: 34.91m | eta: 256.4m
step 00532/04357 (12.21%) | loss: 3.151369 | lrm: 1.00 | dt: 3981.36ms | tok/sec: 263,371 | bf16_mfu: 47.38 | epoch: 1 | total time: 34.98m | eta: 256.3m
step 00533/04357 (12.23%) | loss: 3.157456 | lrm: 1.00 | dt: 3986.44ms | tok/sec: 263,035 | bf16_mfu: 47.32 | epoch: 1 | total time: 35.05m | eta: 256.3m
step 00534/04357 (12.26%) | loss: 3.158026 | lrm: 1.00 | dt: 3986.13ms | tok/sec: 263,055 | bf16_mfu: 47.32 | epoch: 1 | total time: 35.11m | eta: 256.2m
step 00535/04357 (12.28%) | loss: 3.157170 | lrm: 1.00 | dt: 3971.76ms | tok/sec: 264,007 | bf16_mfu: 47.49 | epoch: 1 | total time: 35.18m | eta: 256.1m
step 00536/04357 (12.30%) | loss: 3.155290 | lrm: 1.00 | dt: 3972.73ms | tok/sec: 263,943 | bf16_mfu: 47.48 | epoch: 1 | total time: 35.25m | eta: 256.0m
step 00537/04357 (12.32%) | loss: 3.153102 | lrm: 1.00 | dt: 3972.15ms | tok/sec: 263,981 | bf16_mfu: 47.49 | epoch: 1 | total time: 35.31m | eta: 256.0m
step 00538/04357 (12.35%) | loss: 3.143889 | lrm: 1.00 | dt: 3972.67ms | tok/sec: 263,947 | bf16_mfu: 47.48 | epoch: 1 | total time: 35.38m | eta: 255.9m
step 00539/04357 (12.37%) | loss: 3.145046 | lrm: 1.00 | dt: 3966.77ms | tok/sec: 264,340 | bf16_mfu: 47.55 | epoch: 1 | total time: 35.44m | eta: 255.8m
step 00540/04357 (12.39%) | loss: 3.142520 | lrm: 1.00 | dt: 3969.44ms | tok/sec: 264,162 | bf16_mfu: 47.52 | epoch: 1 | total time: 35.51m | eta: 255.7m
step 00541/04357 (12.42%) | loss: 3.148178 | lrm: 1.00 | dt: 3970.75ms | tok/sec: 264,074 | bf16_mfu: 47.50 | epoch: 1 | total time: 35.58m | eta: 255.7m
step 00542/04357 (12.44%) | loss: 3.153267 | lrm: 1.00 | dt: 3979.47ms | tok/sec: 263,496 | bf16_mfu: 47.40 | epoch: 1 | total time: 35.64m | eta: 255.6m
step 00543/04357 (12.46%) | loss: 3.146058 | lrm: 1.00 | dt: 3986.35ms | tok/sec: 263,041 | bf16_mfu: 47.32 | epoch: 1 | total time: 35.71m | eta: 255.5m
step 00544/04357 (12.49%) | loss: 3.126240 | lrm: 1.00 | dt: 3973.26ms | tok/sec: 263,908 | bf16_mfu: 47.47 | epoch: 1 | total time: 35.78m | eta: 255.5m
step 00545/04357 (12.51%) | loss: 3.129056 | lrm: 1.00 | dt: 3975.72ms | tok/sec: 263,744 | bf16_mfu: 47.45 | epoch: 1 | total time: 35.84m | eta: 255.4m
step 00546/04357 (12.53%) | loss: 3.137928 | lrm: 1.00 | dt: 3986.90ms | tok/sec: 263,005 | bf16_mfu: 47.31 | epoch: 1 | total time: 35.91m | eta: 255.3m
step 00547/04357 (12.55%) | loss: 3.133224 | lrm: 1.00 | dt: 3969.04ms | tok/sec: 264,188 | bf16_mfu: 47.53 | epoch: 1 | total time: 35.97m | eta: 255.2m
step 00548/04357 (12.58%) | loss: 3.141272 | lrm: 1.00 | dt: 3974.46ms | tok/sec: 263,828 | bf16_mfu: 47.46 | epoch: 1 | total time: 36.04m | eta: 255.2m
step 00549/04357 (12.60%) | loss: 3.146762 | lrm: 1.00 | dt: 3973.00ms | tok/sec: 263,925 | bf16_mfu: 47.48 | epoch: 1 | total time: 36.11m | eta: 255.1m
step 00550/04357 (12.62%) | loss: 3.128825 | lrm: 1.00 | dt: 3986.48ms | tok/sec: 263,032 | bf16_mfu: 47.32 | epoch: 1 | total time: 36.17m | eta: 255.0m
step 00551/04357 (12.65%) | loss: 3.122729 | lrm: 1.00 | dt: 3973.64ms | tok/sec: 263,882 | bf16_mfu: 47.47 | epoch: 1 | total time: 36.24m | eta: 254.9m
step 00552/04357 (12.67%) | loss: 3.125600 | lrm: 1.00 | dt: 3972.85ms | tok/sec: 263,935 | bf16_mfu: 47.48 | epoch: 1 | total time: 36.31m | eta: 254.9m
step 00553/04357 (12.69%) | loss: 3.129363 | lrm: 1.00 | dt: 3968.82ms | tok/sec: 264,203 | bf16_mfu: 47.53 | epoch: 1 | total time: 36.37m | eta: 254.8m
step 00554/04357 (12.72%) | loss: 3.136331 | lrm: 1.00 | dt: 3974.55ms | tok/sec: 263,822 | bf16_mfu: 47.46 | epoch: 1 | total time: 36.44m | eta: 254.7m
step 00555/04357 (12.74%) | loss: 3.132918 | lrm: 1.00 | dt: 3970.41ms | tok/sec: 264,097 | bf16_mfu: 47.51 | epoch: 1 | total time: 36.50m | eta: 254.7m
step 00556/04357 (12.76%) | loss: 3.141662 | lrm: 1.00 | dt: 3981.95ms | tok/sec: 263,332 | bf16_mfu: 47.37 | epoch: 1 | total time: 36.57m | eta: 254.6m
step 00557/04357 (12.78%) | loss: 3.137849 | lrm: 1.00 | dt: 3978.63ms | tok/sec: 263,552 | bf16_mfu: 47.41 | epoch: 1 | total time: 36.64m | eta: 254.5m
step 00558/04357 (12.81%) | loss: 3.154933 | lrm: 1.00 | dt: 3983.43ms | tok/sec: 263,234 | bf16_mfu: 47.35 | epoch: 1 | total time: 36.70m | eta: 254.4m
step 00559/04357 (12.83%) | loss: 3.143058 | lrm: 1.00 | dt: 3983.14ms | tok/sec: 263,253 | bf16_mfu: 47.36 | epoch: 1 | total time: 36.77m | eta: 254.4m
step 00560/04357 (12.85%) | loss: 3.154118 | lrm: 1.00 | dt: 3971.69ms | tok/sec: 264,012 | bf16_mfu: 47.49 | epoch: 1 | total time: 36.84m | eta: 254.3m
step 00561/04357 (12.88%) | loss: 3.151051 | lrm: 1.00 | dt: 3971.83ms | tok/sec: 264,003 | bf16_mfu: 47.49 | epoch: 1 | total time: 36.90m | eta: 254.2m
step 00562/04357 (12.90%) | loss: 3.155815 | lrm: 1.00 | dt: 3981.95ms | tok/sec: 263,332 | bf16_mfu: 47.37 | epoch: 1 | total time: 36.97m | eta: 254.2m
step 00563/04357 (12.92%) | loss: 3.164969 | lrm: 1.00 | dt: 3977.54ms | tok/sec: 263,624 | bf16_mfu: 47.42 | epoch: 1 | total time: 37.03m | eta: 254.1m
step 00564/04357 (12.94%) | loss: 3.165461 | lrm: 1.00 | dt: 3979.31ms | tok/sec: 263,507 | bf16_mfu: 47.40 | epoch: 1 | total time: 37.10m | eta: 254.0m
step 00565/04357 (12.97%) | loss: 3.165582 | lrm: 1.00 | dt: 3984.70ms | tok/sec: 263,150 | bf16_mfu: 47.34 | epoch: 1 | total time: 37.17m | eta: 253.9m
step 00566/04357 (12.99%) | loss: 3.166507 | lrm: 1.00 | dt: 3970.91ms | tok/sec: 264,064 | bf16_mfu: 47.50 | epoch: 1 | total time: 37.23m | eta: 253.9m
step 00567/04357 (13.01%) | loss: 3.157052 | lrm: 1.00 | dt: 3971.90ms | tok/sec: 263,998 | bf16_mfu: 47.49 | epoch: 1 | total time: 37.30m | eta: 253.8m
step 00568/04357 (13.04%) | loss: 3.147248 | lrm: 1.00 | dt: 3971.58ms | tok/sec: 264,019 | bf16_mfu: 47.49 | epoch: 1 | total time: 37.37m | eta: 253.7m
step 00569/04357 (13.06%) | loss: 3.146727 | lrm: 1.00 | dt: 3975.28ms | tok/sec: 263,774 | bf16_mfu: 47.45 | epoch: 1 | total time: 37.43m | eta: 253.7m
step 00570/04357 (13.08%) | loss: 3.157510 | lrm: 1.00 | dt: 3977.78ms | tok/sec: 263,608 | bf16_mfu: 47.42 | epoch: 1 | total time: 37.50m | eta: 253.6m
step 00571/04357 (13.11%) | loss: 3.169985 | lrm: 1.00 | dt: 3981.06ms | tok/sec: 263,390 | bf16_mfu: 47.38 | epoch: 1 | total time: 37.56m | eta: 253.5m
step 00572/04357 (13.13%) | loss: 3.152318 | lrm: 1.00 | dt: 3972.93ms | tok/sec: 263,930 | bf16_mfu: 47.48 | epoch: 1 | total time: 37.63m | eta: 253.4m
step 00573/04357 (13.15%) | loss: 3.144640 | lrm: 1.00 | dt: 3980.96ms | tok/sec: 263,397 | bf16_mfu: 47.38 | epoch: 1 | total time: 37.70m | eta: 253.4m
step 00574/04357 (13.17%) | loss: 3.130341 | lrm: 1.00 | dt: 3981.69ms | tok/sec: 263,349 | bf16_mfu: 47.37 | epoch: 1 | total time: 37.76m | eta: 253.3m
step 00575/04357 (13.20%) | loss: 3.125981 | lrm: 1.00 | dt: 3972.38ms | tok/sec: 263,966 | bf16_mfu: 47.49 | epoch: 1 | total time: 37.83m | eta: 253.2m
step 00576/04357 (13.22%) | loss: 3.128879 | lrm: 1.00 | dt: 3971.02ms | tok/sec: 264,057 | bf16_mfu: 47.50 | epoch: 1 | total time: 37.90m | eta: 253.2m
step 00577/04357 (13.24%) | loss: 3.125685 | lrm: 1.00 | dt: 3975.05ms | tok/sec: 263,789 | bf16_mfu: 47.45 | epoch: 1 | total time: 37.96m | eta: 253.1m
step 00578/04357 (13.27%) | loss: 3.123970 | lrm: 1.00 | dt: 3983.60ms | tok/sec: 263,223 | bf16_mfu: 47.35 | epoch: 1 | total time: 38.03m | eta: 253.0m
step 00579/04357 (13.29%) | loss: 3.129041 | lrm: 1.00 | dt: 3977.50ms | tok/sec: 263,626 | bf16_mfu: 47.42 | epoch: 1 | total time: 38.10m | eta: 252.9m
step 00580/04357 (13.31%) | loss: 3.133557 | lrm: 1.00 | dt: 3973.29ms | tok/sec: 263,905 | bf16_mfu: 47.47 | epoch: 1 | total time: 38.16m | eta: 252.9m
step 00581/04357 (13.33%) | loss: 3.133648 | lrm: 1.00 | dt: 3971.09ms | tok/sec: 264,052 | bf16_mfu: 47.50 | epoch: 1 | total time: 38.23m | eta: 252.8m
step 00582/04357 (13.36%) | loss: 3.127837 | lrm: 1.00 | dt: 3971.63ms | tok/sec: 264,016 | bf16_mfu: 47.49 | epoch: 1 | total time: 38.29m | eta: 252.7m
step 00583/04357 (13.38%) | loss: 3.134948 | lrm: 1.00 | dt: 3970.72ms | tok/sec: 264,077 | bf16_mfu: 47.51 | epoch: 1 | total time: 38.36m | eta: 252.7m
step 00584/04357 (13.40%) | loss: 3.133764 | lrm: 1.00 | dt: 3974.15ms | tok/sec: 263,849 | bf16_mfu: 47.46 | epoch: 1 | total time: 38.43m | eta: 252.6m
step 00585/04357 (13.43%) | loss: 3.131507 | lrm: 1.00 | dt: 3973.83ms | tok/sec: 263,870 | bf16_mfu: 47.47 | epoch: 1 | total time: 38.49m | eta: 252.5m
step 00586/04357 (13.45%) | loss: 3.127774 | lrm: 1.00 | dt: 3971.66ms | tok/sec: 264,014 | bf16_mfu: 47.49 | epoch: 1 | total time: 38.56m | eta: 252.4m
step 00587/04357 (13.47%) | loss: 3.116031 | lrm: 1.00 | dt: 3981.18ms | tok/sec: 263,383 | bf16_mfu: 47.38 | epoch: 1 | total time: 38.63m | eta: 252.4m
step 00588/04357 (13.50%) | loss: 3.102448 | lrm: 1.00 | dt: 3972.13ms | tok/sec: 263,983 | bf16_mfu: 47.49 | epoch: 1 | total time: 38.69m | eta: 252.3m
step 00589/04357 (13.52%) | loss: 3.101495 | lrm: 1.00 | dt: 3971.82ms | tok/sec: 264,003 | bf16_mfu: 47.49 | epoch: 1 | total time: 38.76m | eta: 252.2m
step 00590/04357 (13.54%) | loss: 3.101063 | lrm: 1.00 | dt: 3975.37ms | tok/sec: 263,767 | bf16_mfu: 47.45 | epoch: 1 | total time: 38.82m | eta: 252.2m
step 00591/04357 (13.56%) | loss: 3.113814 | lrm: 1.00 | dt: 3971.84ms | tok/sec: 264,002 | bf16_mfu: 47.49 | epoch: 1 | total time: 38.89m | eta: 252.1m
step 00592/04357 (13.59%) | loss: 3.123807 | lrm: 1.00 | dt: 3967.67ms | tok/sec: 264,280 | bf16_mfu: 47.54 | epoch: 1 | total time: 38.96m | eta: 252.0m
step 00593/04357 (13.61%) | loss: 3.126048 | lrm: 1.00 | dt: 3975.61ms | tok/sec: 263,751 | bf16_mfu: 47.45 | epoch: 1 | total time: 39.02m | eta: 251.9m
step 00594/04357 (13.63%) | loss: 3.108814 | lrm: 1.00 | dt: 3972.17ms | tok/sec: 263,980 | bf16_mfu: 47.49 | epoch: 1 | total time: 39.09m | eta: 251.9m
step 00595/04357 (13.66%) | loss: 3.092876 | lrm: 1.00 | dt: 3972.19ms | tok/sec: 263,979 | bf16_mfu: 47.49 | epoch: 1 | total time: 39.15m | eta: 251.8m
step 00596/04357 (13.68%) | loss: 3.083920 | lrm: 1.00 | dt: 3977.12ms | tok/sec: 263,652 | bf16_mfu: 47.43 | epoch: 1 | total time: 39.22m | eta: 251.7m
step 00597/04357 (13.70%) | loss: 3.087472 | lrm: 1.00 | dt: 3986.02ms | tok/sec: 263,063 | bf16_mfu: 47.32 | epoch: 1 | total time: 39.29m | eta: 251.7m
step 00598/04357 (13.73%) | loss: 3.103857 | lrm: 1.00 | dt: 3970.45ms | tok/sec: 264,095 | bf16_mfu: 47.51 | epoch: 1 | total time: 39.35m | eta: 251.6m
step 00599/04357 (13.75%) | loss: 3.107550 | lrm: 1.00 | dt: 3972.18ms | tok/sec: 263,979 | bf16_mfu: 47.49 | epoch: 1 | total time: 39.42m | eta: 251.5m
step 00600/04357 (13.77%) | loss: 3.097683 | lrm: 1.00 | dt: 3970.15ms | tok/sec: 264,114 | bf16_mfu: 47.51 | epoch: 1 | total time: 39.49m | eta: 251.4m
step 00601/04357 (13.79%) | loss: 3.109738 | lrm: 1.00 | dt: 3976.35ms | tok/sec: 263,703 | bf16_mfu: 47.44 | epoch: 1 | total time: 39.55m | eta: 251.4m
step 00602/04357 (13.82%) | loss: 3.099368 | lrm: 1.00 | dt: 3969.05ms | tok/sec: 264,187 | bf16_mfu: 47.53 | epoch: 1 | total time: 39.62m | eta: 251.3m
step 00603/04357 (13.84%) | loss: 3.096950 | lrm: 1.00 | dt: 3969.25ms | tok/sec: 264,175 | bf16_mfu: 47.52 | epoch: 1 | total time: 39.68m | eta: 251.2m
step 00604/04357 (13.86%) | loss: 3.095387 | lrm: 1.00 | dt: 3973.06ms | tok/sec: 263,921 | bf16_mfu: 47.48 | epoch: 1 | total time: 39.75m | eta: 251.2m
step 00605/04357 (13.89%) | loss: 3.108509 | lrm: 1.00 | dt: 3975.73ms | tok/sec: 263,744 | bf16_mfu: 47.45 | epoch: 1 | total time: 39.82m | eta: 251.1m
step 00606/04357 (13.91%) | loss: 3.104614 | lrm: 1.00 | dt: 3991.96ms | tok/sec: 262,672 | bf16_mfu: 47.25 | epoch: 1 | total time: 39.88m | eta: 251.0m
step 00607/04357 (13.93%) | loss: 3.121211 | lrm: 1.00 | dt: 3977.33ms | tok/sec: 263,638 | bf16_mfu: 47.43 | epoch: 1 | total time: 39.95m | eta: 250.9m
step 00608/04357 (13.95%) | loss: 3.127838 | lrm: 1.00 | dt: 3971.15ms | tok/sec: 264,048 | bf16_mfu: 47.50 | epoch: 1 | total time: 40.02m | eta: 250.9m
step 00609/04357 (13.98%) | loss: 3.130866 | lrm: 1.00 | dt: 3970.75ms | tok/sec: 264,074 | bf16_mfu: 47.50 | epoch: 1 | total time: 40.08m | eta: 250.8m
step 00610/04357 (14.00%) | loss: 3.129368 | lrm: 1.00 | dt: 3970.12ms | tok/sec: 264,117 | bf16_mfu: 47.51 | epoch: 1 | total time: 40.15m | eta: 250.7m
step 00611/04357 (14.02%) | loss: 3.119247 | lrm: 1.00 | dt: 3974.00ms | tok/sec: 263,859 | bf16_mfu: 47.47 | epoch: 1 | total time: 40.21m | eta: 250.7m
step 00612/04357 (14.05%) | loss: 3.108815 | lrm: 1.00 | dt: 3970.06ms | tok/sec: 264,121 | bf16_mfu: 47.51 | epoch: 1 | total time: 40.28m | eta: 250.6m
step 00613/04357 (14.07%) | loss: 3.111593 | lrm: 1.00 | dt: 3975.54ms | tok/sec: 263,756 | bf16_mfu: 47.45 | epoch: 1 | total time: 40.35m | eta: 250.5m
step 00614/04357 (14.09%) | loss: 3.110455 | lrm: 1.00 | dt: 3969.65ms | tok/sec: 264,148 | bf16_mfu: 47.52 | epoch: 1 | total time: 40.41m | eta: 250.4m
step 00615/04357 (14.12%) | loss: 3.105952 | lrm: 1.00 | dt: 3985.64ms | tok/sec: 263,088 | bf16_mfu: 47.33 | epoch: 1 | total time: 40.48m | eta: 250.4m
step 00616/04357 (14.14%) | loss: 3.094208 | lrm: 1.00 | dt: 3972.40ms | tok/sec: 263,965 | bf16_mfu: 47.49 | epoch: 1 | total time: 40.55m | eta: 250.3m
step 00617/04357 (14.16%) | loss: 3.099415 | lrm: 1.00 | dt: 3983.20ms | tok/sec: 263,249 | bf16_mfu: 47.36 | epoch: 1 | total time: 40.61m | eta: 250.2m
step 00618/04357 (14.18%) | loss: 3.093966 | lrm: 1.00 | dt: 3982.62ms | tok/sec: 263,287 | bf16_mfu: 47.36 | epoch: 1 | total time: 40.68m | eta: 250.2m
step 00619/04357 (14.21%) | loss: 3.103434 | lrm: 1.00 | dt: 3974.62ms | tok/sec: 263,817 | bf16_mfu: 47.46 | epoch: 1 | total time: 40.74m | eta: 250.1m
step 00620/04357 (14.23%) | loss: 3.092093 | lrm: 1.00 | dt: 3985.50ms | tok/sec: 263,098 | bf16_mfu: 47.33 | epoch: 1 | total time: 40.81m | eta: 250.0m
step 00621/04357 (14.25%) | loss: 3.088935 | lrm: 1.00 | dt: 3978.90ms | tok/sec: 263,534 | bf16_mfu: 47.41 | epoch: 1 | total time: 40.88m | eta: 249.9m
step 00622/04357 (14.28%) | loss: 3.085632 | lrm: 1.00 | dt: 3986.53ms | tok/sec: 263,029 | bf16_mfu: 47.32 | epoch: 1 | total time: 40.94m | eta: 249.9m
step 00623/04357 (14.30%) | loss: 3.082623 | lrm: 1.00 | dt: 3975.02ms | tok/sec: 263,791 | bf16_mfu: 47.45 | epoch: 1 | total time: 41.01m | eta: 249.8m
step 00624/04357 (14.32%) | loss: 3.067944 | lrm: 1.00 | dt: 3986.18ms | tok/sec: 263,052 | bf16_mfu: 47.32 | epoch: 1 | total time: 41.08m | eta: 249.7m
step 00625/04357 (14.34%) | loss: 3.045654 | lrm: 1.00 | dt: 3974.92ms | tok/sec: 263,797 | bf16_mfu: 47.46 | epoch: 1 | total time: 41.14m | eta: 249.7m
step 00626/04357 (14.37%) | loss: 3.049909 | lrm: 1.00 | dt: 3972.03ms | tok/sec: 263,989 | bf16_mfu: 47.49 | epoch: 1 | total time: 41.21m | eta: 249.6m
step 00627/04357 (14.39%) | loss: 3.056522 | lrm: 1.00 | dt: 3969.39ms | tok/sec: 264,165 | bf16_mfu: 47.52 | epoch: 1 | total time: 41.28m | eta: 249.5m
step 00628/04357 (14.41%) | loss: 3.058365 | lrm: 1.00 | dt: 3974.60ms | tok/sec: 263,819 | bf16_mfu: 47.46 | epoch: 1 | total time: 41.34m | eta: 249.5m
step 00629/04357 (14.44%) | loss: 3.069294 | lrm: 1.00 | dt: 3976.67ms | tok/sec: 263,681 | bf16_mfu: 47.43 | epoch: 1 | total time: 41.41m | eta: 249.4m
step 00630/04357 (14.46%) | loss: 3.076414 | lrm: 1.00 | dt: 3983.24ms | tok/sec: 263,246 | bf16_mfu: 47.36 | epoch: 1 | total time: 41.47m | eta: 249.3m
step 00631/04357 (14.48%) | loss: 3.059563 | lrm: 1.00 | dt: 3969.32ms | tok/sec: 264,170 | bf16_mfu: 47.52 | epoch: 1 | total time: 41.54m | eta: 249.2m
step 00632/04357 (14.51%) | loss: 3.061610 | lrm: 1.00 | dt: 3981.24ms | tok/sec: 263,379 | bf16_mfu: 47.38 | epoch: 1 | total time: 41.61m | eta: 249.2m
step 00633/04357 (14.53%) | loss: 3.061267 | lrm: 1.00 | dt: 3970.02ms | tok/sec: 264,123 | bf16_mfu: 47.51 | epoch: 1 | total time: 41.67m | eta: 249.1m
step 00634/04357 (14.55%) | loss: 3.067987 | lrm: 1.00 | dt: 3985.75ms | tok/sec: 263,081 | bf16_mfu: 47.33 | epoch: 1 | total time: 41.74m | eta: 249.0m
step 00635/04357 (14.57%) | loss: 3.064838 | lrm: 1.00 | dt: 3971.43ms | tok/sec: 264,029 | bf16_mfu: 47.50 | epoch: 1 | total time: 41.81m | eta: 249.0m
step 00636/04357 (14.60%) | loss: 3.066164 | lrm: 1.00 | dt: 3972.12ms | tok/sec: 263,983 | bf16_mfu: 47.49 | epoch: 1 | total time: 41.87m | eta: 248.9m
step 00637/04357 (14.62%) | loss: 3.059922 | lrm: 1.00 | dt: 3968.45ms | tok/sec: 264,227 | bf16_mfu: 47.53 | epoch: 1 | total time: 41.94m | eta: 248.8m
step 00638/04357 (14.64%) | loss: 3.067774 | lrm: 1.00 | dt: 3973.43ms | tok/sec: 263,897 | bf16_mfu: 47.47 | epoch: 1 | total time: 42.00m | eta: 248.7m
step 00639/04357 (14.67%) | loss: 3.062089 | lrm: 1.00 | dt: 3970.32ms | tok/sec: 264,103 | bf16_mfu: 47.51 | epoch: 1 | total time: 42.07m | eta: 248.7m
step 00640/04357 (14.69%) | loss: 3.068843 | lrm: 1.00 | dt: 3973.30ms | tok/sec: 263,905 | bf16_mfu: 47.47 | epoch: 1 | total time: 42.14m | eta: 248.6m
step 00641/04357 (14.71%) | loss: 3.071604 | lrm: 1.00 | dt: 3973.38ms | tok/sec: 263,900 | bf16_mfu: 47.47 | epoch: 1 | total time: 42.20m | eta: 248.5m
step 00642/04357 (14.73%) | loss: 3.061427 | lrm: 1.00 | dt: 3974.79ms | tok/sec: 263,806 | bf16_mfu: 47.46 | epoch: 1 | total time: 42.27m | eta: 248.5m
step 00643/04357 (14.76%) | loss: 3.075165 | lrm: 1.00 | dt: 3970.57ms | tok/sec: 264,086 | bf16_mfu: 47.51 | epoch: 1 | total time: 42.34m | eta: 248.4m
step 00644/04357 (14.78%) | loss: 3.063678 | lrm: 1.00 | dt: 3971.88ms | tok/sec: 264,000 | bf16_mfu: 47.49 | epoch: 1 | total time: 42.40m | eta: 248.3m
step 00645/04357 (14.80%) | loss: 3.071738 | lrm: 1.00 | dt: 3972.23ms | tok/sec: 263,976 | bf16_mfu: 47.49 | epoch: 1 | total time: 42.47m | eta: 248.3m
step 00646/04357 (14.83%) | loss: 3.068708 | lrm: 1.00 | dt: 3968.55ms | tok/sec: 264,221 | bf16_mfu: 47.53 | epoch: 1 | total time: 42.53m | eta: 248.2m
step 00647/04357 (14.85%) | loss: 3.074015 | lrm: 1.00 | dt: 3973.06ms | tok/sec: 263,921 | bf16_mfu: 47.48 | epoch: 1 | total time: 42.60m | eta: 248.1m
step 00648/04357 (14.87%) | loss: 3.083064 | lrm: 1.00 | dt: 3970.03ms | tok/sec: 264,122 | bf16_mfu: 47.51 | epoch: 1 | total time: 42.67m | eta: 248.0m
step 00649/04357 (14.90%) | loss: 3.079265 | lrm: 1.00 | dt: 3972.37ms | tok/sec: 263,967 | bf16_mfu: 47.49 | epoch: 1 | total time: 42.73m | eta: 248.0m
step 00650/04357 (14.92%) | loss: 3.075248 | lrm: 1.00 | dt: 3972.65ms | tok/sec: 263,948 | bf16_mfu: 47.48 | epoch: 1 | total time: 42.80m | eta: 247.9m
step 00651/04357 (14.94%) | loss: 3.083842 | lrm: 1.00 | dt: 3966.36ms | tok/sec: 264,367 | bf16_mfu: 47.56 | epoch: 1 | total time: 42.86m | eta: 247.8m
step 00652/04357 (14.96%) | loss: 3.077255 | lrm: 1.00 | dt: 3971.52ms | tok/sec: 264,023 | bf16_mfu: 47.50 | epoch: 1 | total time: 42.93m | eta: 247.8m
step 00653/04357 (14.99%) | loss: 3.069734 | lrm: 1.00 | dt: 3974.70ms | tok/sec: 263,812 | bf16_mfu: 47.46 | epoch: 1 | total time: 43.00m | eta: 247.7m
step 00654/04357 (15.01%) | loss: 3.067011 | lrm: 1.00 | dt: 3971.44ms | tok/sec: 264,029 | bf16_mfu: 47.50 | epoch: 1 | total time: 43.06m | eta: 247.6m
step 00655/04357 (15.03%) | loss: 3.064186 | lrm: 1.00 | dt: 3972.93ms | tok/sec: 263,930 | bf16_mfu: 47.48 | epoch: 1 | total time: 43.13m | eta: 247.5m
step 00656/04357 (15.06%) | loss: 3.071717 | lrm: 1.00 | dt: 3970.61ms | tok/sec: 264,084 | bf16_mfu: 47.51 | epoch: 1 | total time: 43.20m | eta: 247.5m
step 00657/04357 (15.08%) | loss: 3.075620 | lrm: 1.00 | dt: 3971.07ms | tok/sec: 264,053 | bf16_mfu: 47.50 | epoch: 1 | total time: 43.26m | eta: 247.4m
step 00658/04357 (15.10%) | loss: 3.066776 | lrm: 1.00 | dt: 3972.24ms | tok/sec: 263,975 | bf16_mfu: 47.49 | epoch: 1 | total time: 43.33m | eta: 247.3m
step 00659/04357 (15.13%) | loss: 3.067511 | lrm: 1.00 | dt: 3970.38ms | tok/sec: 264,099 | bf16_mfu: 47.51 | epoch: 1 | total time: 43.39m | eta: 247.3m
step 00660/04357 (15.15%) | loss: 3.065586 | lrm: 1.00 | dt: 3972.15ms | tok/sec: 263,981 | bf16_mfu: 47.49 | epoch: 1 | total time: 43.46m | eta: 247.2m
step 00661/04357 (15.17%) | loss: 3.067360 | lrm: 1.00 | dt: 3973.59ms | tok/sec: 263,885 | bf16_mfu: 47.47 | epoch: 1 | total time: 43.53m | eta: 247.1m
step 00662/04357 (15.19%) | loss: 3.062608 | lrm: 1.00 | dt: 3971.16ms | tok/sec: 264,047 | bf16_mfu: 47.50 | epoch: 1 | total time: 43.59m | eta: 247.0m
step 00663/04357 (15.22%) | loss: 3.053134 | lrm: 1.00 | dt: 3972.46ms | tok/sec: 263,961 | bf16_mfu: 47.48 | epoch: 1 | total time: 43.66m | eta: 247.0m
step 00664/04357 (15.24%) | loss: 3.067238 | lrm: 1.00 | dt: 3970.18ms | tok/sec: 264,112 | bf16_mfu: 47.51 | epoch: 1 | total time: 43.73m | eta: 246.9m
step 00665/04357 (15.26%) | loss: 3.083444 | lrm: 1.00 | dt: 3980.63ms | tok/sec: 263,419 | bf16_mfu: 47.39 | epoch: 1 | total time: 43.79m | eta: 246.8m
step 00666/04357 (15.29%) | loss: 3.074963 | lrm: 1.00 | dt: 3987.19ms | tok/sec: 262,986 | bf16_mfu: 47.31 | epoch: 1 | total time: 43.86m | eta: 246.8m
step 00667/04357 (15.31%) | loss: 3.072848 | lrm: 1.00 | dt: 3972.23ms | tok/sec: 263,976 | bf16_mfu: 47.49 | epoch: 1 | total time: 43.92m | eta: 246.7m
step 00668/04357 (15.33%) | loss: 3.069680 | lrm: 1.00 | dt: 3968.70ms | tok/sec: 264,211 | bf16_mfu: 47.53 | epoch: 1 | total time: 43.99m | eta: 246.6m
step 00669/04357 (15.35%) | loss: 3.063873 | lrm: 1.00 | dt: 3967.12ms | tok/sec: 264,316 | bf16_mfu: 47.55 | epoch: 1 | total time: 44.06m | eta: 246.6m
step 00670/04357 (15.38%) | loss: 3.063452 | lrm: 1.00 | dt: 3967.73ms | tok/sec: 264,276 | bf16_mfu: 47.54 | epoch: 1 | total time: 44.12m | eta: 246.5m
step 00671/04357 (15.40%) | loss: 3.074513 | lrm: 1.00 | dt: 3974.21ms | tok/sec: 263,845 | bf16_mfu: 47.46 | epoch: 1 | total time: 44.19m | eta: 246.4m
step 00672/04357 (15.42%) | loss: 3.075427 | lrm: 1.00 | dt: 3971.56ms | tok/sec: 264,021 | bf16_mfu: 47.50 | epoch: 1 | total time: 44.25m | eta: 246.3m
step 00673/04357 (15.45%) | loss: 3.070903 | lrm: 1.00 | dt: 3973.61ms | tok/sec: 263,884 | bf16_mfu: 47.47 | epoch: 1 | total time: 44.32m | eta: 246.3m
step 00674/04357 (15.47%) | loss: 3.069187 | lrm: 1.00 | dt: 3970.68ms | tok/sec: 264,079 | bf16_mfu: 47.51 | epoch: 1 | total time: 44.39m | eta: 246.2m
step 00675/04357 (15.49%) | loss: 3.079244 | lrm: 1.00 | dt: 3977.51ms | tok/sec: 263,626 | bf16_mfu: 47.42 | epoch: 1 | total time: 44.45m | eta: 246.1m
step 00676/04357 (15.52%) | loss: 3.082232 | lrm: 1.00 | dt: 3977.83ms | tok/sec: 263,605 | bf16_mfu: 47.42 | epoch: 1 | total time: 44.52m | eta: 246.1m
step 00677/04357 (15.54%) | loss: 3.070257 | lrm: 1.00 | dt: 3977.26ms | tok/sec: 263,642 | bf16_mfu: 47.43 | epoch: 1 | total time: 44.59m | eta: 246.0m
step 00678/04357 (15.56%) | loss: 3.070237 | lrm: 1.00 | dt: 3969.86ms | tok/sec: 264,134 | bf16_mfu: 47.52 | epoch: 1 | total time: 44.65m | eta: 245.9m
step 00679/04357 (15.58%) | loss: 3.065881 | lrm: 1.00 | dt: 3971.73ms | tok/sec: 264,010 | bf16_mfu: 47.49 | epoch: 1 | total time: 44.72m | eta: 245.9m
step 00680/04357 (15.61%) | loss: 3.066562 | lrm: 1.00 | dt: 3972.01ms | tok/sec: 263,991 | bf16_mfu: 47.49 | epoch: 1 | total time: 44.78m | eta: 245.8m
step 00681/04357 (15.63%) | loss: 3.062488 | lrm: 1.00 | dt: 3994.83ms | tok/sec: 262,483 | bf16_mfu: 47.22 | epoch: 1 | total time: 44.85m | eta: 245.7m
step 00682/04357 (15.65%) | loss: 3.061704 | lrm: 1.00 | dt: 3970.63ms | tok/sec: 264,083 | bf16_mfu: 47.51 | epoch: 1 | total time: 44.92m | eta: 245.6m
step 00683/04357 (15.68%) | loss: 3.066145 | lrm: 1.00 | dt: 3970.56ms | tok/sec: 264,087 | bf16_mfu: 47.51 | epoch: 1 | total time: 44.98m | eta: 245.6m
step 00684/04357 (15.70%) | loss: 3.085749 | lrm: 1.00 | dt: 3976.91ms | tok/sec: 263,666 | bf16_mfu: 47.43 | epoch: 1 | total time: 45.05m | eta: 245.5m
step 00685/04357 (15.72%) | loss: 3.085571 | lrm: 1.00 | dt: 3986.69ms | tok/sec: 263,019 | bf16_mfu: 47.31 | epoch: 1 | total time: 45.12m | eta: 245.4m
step 00686/04357 (15.74%) | loss: 3.084684 | lrm: 1.00 | dt: 3970.34ms | tok/sec: 264,102 | bf16_mfu: 47.51 | epoch: 1 | total time: 45.18m | eta: 245.4m
step 00687/04357 (15.77%) | loss: 3.083697 | lrm: 1.00 | dt: 3982.44ms | tok/sec: 263,299 | bf16_mfu: 47.37 | epoch: 1 | total time: 45.25m | eta: 245.3m
step 00688/04357 (15.79%) | loss: 3.084372 | lrm: 1.00 | dt: 3994.41ms | tok/sec: 262,510 | bf16_mfu: 47.22 | epoch: 1 | total time: 45.32m | eta: 245.2m
step 00689/04357 (15.81%) | loss: 3.087372 | lrm: 1.00 | dt: 3977.36ms | tok/sec: 263,636 | bf16_mfu: 47.43 | epoch: 1 | total time: 45.38m | eta: 245.2m
step 00690/04357 (15.84%) | loss: 3.085561 | lrm: 1.00 | dt: 3990.67ms | tok/sec: 262,756 | bf16_mfu: 47.27 | epoch: 1 | total time: 45.45m | eta: 245.1m
step 00691/04357 (15.86%) | loss: 3.095978 | lrm: 1.00 | dt: 3985.29ms | tok/sec: 263,111 | bf16_mfu: 47.33 | epoch: 1 | total time: 45.51m | eta: 245.0m
step 00692/04357 (15.88%) | loss: 3.086832 | lrm: 1.00 | dt: 3994.11ms | tok/sec: 262,530 | bf16_mfu: 47.23 | epoch: 1 | total time: 45.58m | eta: 244.9m
step 00693/04357 (15.91%) | loss: 3.079688 | lrm: 1.00 | dt: 3977.90ms | tok/sec: 263,600 | bf16_mfu: 47.42 | epoch: 1 | total time: 45.65m | eta: 244.9m
step 00694/04357 (15.93%) | loss: 3.088756 | lrm: 1.00 | dt: 3993.18ms | tok/sec: 262,591 | bf16_mfu: 47.24 | epoch: 1 | total time: 45.71m | eta: 244.8m
step 00695/04357 (15.95%) | loss: 3.087253 | lrm: 1.00 | dt: 3993.37ms | tok/sec: 262,579 | bf16_mfu: 47.24 | epoch: 1 | total time: 45.78m | eta: 244.7m
step 00696/04357 (15.97%) | loss: 3.093554 | lrm: 1.00 | dt: 3987.41ms | tok/sec: 262,971 | bf16_mfu: 47.31 | epoch: 1 | total time: 45.85m | eta: 244.7m
step 00697/04357 (16.00%) | loss: 3.099269 | lrm: 1.00 | dt: 3990.76ms | tok/sec: 262,750 | bf16_mfu: 47.27 | epoch: 1 | total time: 45.91m | eta: 244.6m
step 00698/04357 (16.02%) | loss: 3.081983 | lrm: 1.00 | dt: 3987.20ms | tok/sec: 262,985 | bf16_mfu: 47.31 | epoch: 1 | total time: 45.98m | eta: 244.5m
step 00699/04357 (16.04%) | loss: 3.068696 | lrm: 1.00 | dt: 3992.74ms | tok/sec: 262,620 | bf16_mfu: 47.24 | epoch: 1 | total time: 46.05m | eta: 244.5m
step 00700/04357 (16.07%) | loss: 3.068257 | lrm: 1.00 | dt: 3977.17ms | tok/sec: 263,648 | bf16_mfu: 47.43 | epoch: 1 | total time: 46.11m | eta: 244.4m
step 00701/04357 (16.09%) | loss: 3.050727 | lrm: 1.00 | dt: 3990.86ms | tok/sec: 262,744 | bf16_mfu: 47.27 | epoch: 1 | total time: 46.18m | eta: 244.3m
step 00702/04357 (16.11%) | loss: 3.051080 | lrm: 1.00 | dt: 3981.01ms | tok/sec: 263,394 | bf16_mfu: 47.38 | epoch: 1 | total time: 46.25m | eta: 244.3m
step 00703/04357 (16.13%) | loss: 3.045133 | lrm: 1.00 | dt: 3982.12ms | tok/sec: 263,321 | bf16_mfu: 47.37 | epoch: 1 | total time: 46.31m | eta: 244.2m
step 00704/04357 (16.16%) | loss: 3.046509 | lrm: 1.00 | dt: 3989.84ms | tok/sec: 262,811 | bf16_mfu: 47.28 | epoch: 1 | total time: 46.38m | eta: 244.1m
step 00705/04357 (16.18%) | loss: 3.051754 | lrm: 1.00 | dt: 3973.79ms | tok/sec: 263,873 | bf16_mfu: 47.47 | epoch: 1 | total time: 46.44m | eta: 244.1m
step 00706/04357 (16.20%) | loss: 3.040723 | lrm: 1.00 | dt: 3983.65ms | tok/sec: 263,219 | bf16_mfu: 47.35 | epoch: 1 | total time: 46.51m | eta: 244.0m
step 00707/04357 (16.23%) | loss: 3.046461 | lrm: 1.00 | dt: 3981.72ms | tok/sec: 263,347 | bf16_mfu: 47.37 | epoch: 1 | total time: 46.58m | eta: 243.9m
step 00708/04357 (16.25%) | loss: 3.051882 | lrm: 1.00 | dt: 3977.66ms | tok/sec: 263,616 | bf16_mfu: 47.42 | epoch: 1 | total time: 46.64m | eta: 243.8m
step 00709/04357 (16.27%) | loss: 3.071679 | lrm: 1.00 | dt: 3977.44ms | tok/sec: 263,630 | bf16_mfu: 47.42 | epoch: 1 | total time: 46.71m | eta: 243.8m
step 00710/04357 (16.30%) | loss: 3.076776 | lrm: 1.00 | dt: 3976.12ms | tok/sec: 263,718 | bf16_mfu: 47.44 | epoch: 1 | total time: 46.78m | eta: 243.7m
step 00711/04357 (16.32%) | loss: 3.071163 | lrm: 1.00 | dt: 3986.41ms | tok/sec: 263,037 | bf16_mfu: 47.32 | epoch: 1 | total time: 46.84m | eta: 243.6m
step 00712/04357 (16.34%) | loss: 3.058105 | lrm: 1.00 | dt: 3975.26ms | tok/sec: 263,775 | bf16_mfu: 47.45 | epoch: 1 | total time: 46.91m | eta: 243.6m
step 00713/04357 (16.36%) | loss: 3.054988 | lrm: 1.00 | dt: 3975.79ms | tok/sec: 263,740 | bf16_mfu: 47.44 | epoch: 1 | total time: 46.98m | eta: 243.5m
step 00714/04357 (16.39%) | loss: 3.059372 | lrm: 1.00 | dt: 3976.07ms | tok/sec: 263,721 | bf16_mfu: 47.44 | epoch: 1 | total time: 47.04m | eta: 243.4m
step 00715/04357 (16.41%) | loss: 3.061385 | lrm: 1.00 | dt: 3977.38ms | tok/sec: 263,634 | bf16_mfu: 47.43 | epoch: 1 | total time: 47.11m | eta: 243.4m
step 00716/04357 (16.43%) | loss: 3.050512 | lrm: 1.00 | dt: 3972.95ms | tok/sec: 263,928 | bf16_mfu: 47.48 | epoch: 1 | total time: 47.17m | eta: 243.3m
step 00717/04357 (16.46%) | loss: 3.045994 | lrm: 1.00 | dt: 3980.01ms | tok/sec: 263,460 | bf16_mfu: 47.39 | epoch: 1 | total time: 47.24m | eta: 243.2m
step 00718/04357 (16.48%) | loss: 3.043735 | lrm: 1.00 | dt: 3984.62ms | tok/sec: 263,155 | bf16_mfu: 47.34 | epoch: 1 | total time: 47.31m | eta: 243.2m
step 00719/04357 (16.50%) | loss: 3.041604 | lrm: 1.00 | dt: 3969.57ms | tok/sec: 264,153 | bf16_mfu: 47.52 | epoch: 1 | total time: 47.37m | eta: 243.1m
step 00720/04357 (16.53%) | loss: 3.041979 | lrm: 1.00 | dt: 3970.81ms | tok/sec: 264,070 | bf16_mfu: 47.50 | epoch: 1 | total time: 47.44m | eta: 243.0m
step 00721/04357 (16.55%) | loss: 3.033329 | lrm: 1.00 | dt: 3973.66ms | tok/sec: 263,881 | bf16_mfu: 47.47 | epoch: 1 | total time: 47.51m | eta: 242.9m
step 00722/04357 (16.57%) | loss: 3.039204 | lrm: 1.00 | dt: 3989.40ms | tok/sec: 262,840 | bf16_mfu: 47.28 | epoch: 1 | total time: 47.57m | eta: 242.9m
step 00723/04357 (16.59%) | loss: 3.034818 | lrm: 1.00 | dt: 3972.11ms | tok/sec: 263,984 | bf16_mfu: 47.49 | epoch: 1 | total time: 47.64m | eta: 242.8m
step 00724/04357 (16.62%) | loss: 3.038517 | lrm: 1.00 | dt: 3970.54ms | tok/sec: 264,089 | bf16_mfu: 47.51 | epoch: 1 | total time: 47.70m | eta: 242.7m
step 00725/04357 (16.64%) | loss: 3.052841 | lrm: 1.00 | dt: 3979.02ms | tok/sec: 263,525 | bf16_mfu: 47.41 | epoch: 1 | total time: 47.77m | eta: 242.7m
step 00726/04357 (16.66%) | loss: 3.050212 | lrm: 1.00 | dt: 3985.88ms | tok/sec: 263,072 | bf16_mfu: 47.32 | epoch: 1 | total time: 47.84m | eta: 242.6m
step 00727/04357 (16.69%) | loss: 3.051307 | lrm: 1.00 | dt: 3970.29ms | tok/sec: 264,105 | bf16_mfu: 47.51 | epoch: 1 | total time: 47.90m | eta: 242.5m
step 00728/04357 (16.71%) | loss: 3.066306 | lrm: 1.00 | dt: 3978.23ms | tok/sec: 263,578 | bf16_mfu: 47.42 | epoch: 1 | total time: 47.97m | eta: 242.5m
step 00729/04357 (16.73%) | loss: 3.059175 | lrm: 1.00 | dt: 3982.10ms | tok/sec: 263,322 | bf16_mfu: 47.37 | epoch: 1 | total time: 48.04m | eta: 242.4m
step 00730/04357 (16.75%) | loss: 3.069562 | lrm: 1.00 | dt: 3975.99ms | tok/sec: 263,726 | bf16_mfu: 47.44 | epoch: 1 | total time: 48.10m | eta: 242.3m
step 00731/04357 (16.78%) | loss: 3.059822 | lrm: 1.00 | dt: 3968.25ms | tok/sec: 264,241 | bf16_mfu: 47.53 | epoch: 1 | total time: 48.17m | eta: 242.2m
step 00732/04357 (16.80%) | loss: 3.047940 | lrm: 1.00 | dt: 3971.26ms | tok/sec: 264,041 | bf16_mfu: 47.50 | epoch: 1 | total time: 48.23m | eta: 242.2m
step 00733/04357 (16.82%) | loss: 3.055600 | lrm: 1.00 | dt: 3974.27ms | tok/sec: 263,840 | bf16_mfu: 47.46 | epoch: 1 | total time: 48.30m | eta: 242.1m
step 00734/04357 (16.85%) | loss: 3.055596 | lrm: 1.00 | dt: 3970.16ms | tok/sec: 264,114 | bf16_mfu: 47.51 | epoch: 1 | total time: 48.37m | eta: 242.0m
step 00735/04357 (16.87%) | loss: 3.052991 | lrm: 1.00 | dt: 3970.52ms | tok/sec: 264,090 | bf16_mfu: 47.51 | epoch: 1 | total time: 48.43m | eta: 242.0m
step 00736/04357 (16.89%) | loss: 3.039947 | lrm: 1.00 | dt: 3973.08ms | tok/sec: 263,920 | bf16_mfu: 47.48 | epoch: 1 | total time: 48.50m | eta: 241.9m
step 00737/04357 (16.92%) | loss: 3.046380 | lrm: 1.00 | dt: 3972.38ms | tok/sec: 263,966 | bf16_mfu: 47.49 | epoch: 1 | total time: 48.57m | eta: 241.8m
step 00738/04357 (16.94%) | loss: 3.051337 | lrm: 1.00 | dt: 3971.70ms | tok/sec: 264,011 | bf16_mfu: 47.49 | epoch: 1 | total time: 48.63m | eta: 241.8m
step 00739/04357 (16.96%) | loss: 3.051491 | lrm: 1.00 | dt: 3972.39ms | tok/sec: 263,966 | bf16_mfu: 47.49 | epoch: 1 | total time: 48.70m | eta: 241.7m
step 00740/04357 (16.98%) | loss: 3.048691 | lrm: 1.00 | dt: 3971.92ms | tok/sec: 263,996 | bf16_mfu: 47.49 | epoch: 1 | total time: 48.76m | eta: 241.6m
step 00741/04357 (17.01%) | loss: 3.051024 | lrm: 1.00 | dt: 3973.36ms | tok/sec: 263,901 | bf16_mfu: 47.47 | epoch: 1 | total time: 48.83m | eta: 241.5m
step 00742/04357 (17.03%) | loss: 3.051554 | lrm: 1.00 | dt: 3967.52ms | tok/sec: 264,289 | bf16_mfu: 47.54 | epoch: 1 | total time: 48.90m | eta: 241.5m
step 00743/04357 (17.05%) | loss: 3.042317 | lrm: 1.00 | dt: 3976.98ms | tok/sec: 263,661 | bf16_mfu: 47.43 | epoch: 1 | total time: 48.96m | eta: 241.4m
step 00744/04357 (17.08%) | loss: 3.041992 | lrm: 1.00 | dt: 3979.41ms | tok/sec: 263,500 | bf16_mfu: 47.40 | epoch: 1 | total time: 49.03m | eta: 241.3m
step 00745/04357 (17.10%) | loss: 3.040033 | lrm: 1.00 | dt: 3983.80ms | tok/sec: 263,210 | bf16_mfu: 47.35 | epoch: 1 | total time: 49.10m | eta: 241.3m
step 00746/04357 (17.12%) | loss: 3.064442 | lrm: 1.00 | dt: 3972.20ms | tok/sec: 263,978 | bf16_mfu: 47.49 | epoch: 1 | total time: 49.16m | eta: 241.2m
step 00747/04357 (17.14%) | loss: 3.072036 | lrm: 1.00 | dt: 3967.15ms | tok/sec: 264,314 | bf16_mfu: 47.55 | epoch: 1 | total time: 49.23m | eta: 241.1m
step 00748/04357 (17.17%) | loss: 3.071810 | lrm: 1.00 | dt: 3969.96ms | tok/sec: 264,127 | bf16_mfu: 47.51 | epoch: 1 | total time: 49.29m | eta: 241.1m
step 00749/04357 (17.19%) | loss: 3.063657 | lrm: 1.00 | dt: 3972.14ms | tok/sec: 263,982 | bf16_mfu: 47.49 | epoch: 1 | total time: 49.36m | eta: 241.0m
Step 00750 | Validation bpb: 0.924048
step 00750/04357 (17.21%) | loss: 3.046550 | lrm: 1.00 | dt: 3982.46ms | tok/sec: 263,298 | bf16_mfu: 47.37 | epoch: 1 | total time: 49.43m | eta: 240.9m
step 00751/04357 (17.24%) | loss: 3.050859 | lrm: 1.00 | dt: 3970.92ms | tok/sec: 264,063 | bf16_mfu: 47.50 | epoch: 1 | total time: 49.49m | eta: 240.9m
step 00752/04357 (17.26%) | loss: 3.047557 | lrm: 1.00 | dt: 3969.20ms | tok/sec: 264,178 | bf16_mfu: 47.52 | epoch: 1 | total time: 49.56m | eta: 240.8m
step 00753/04357 (17.28%) | loss: 3.054430 | lrm: 1.00 | dt: 3973.12ms | tok/sec: 263,917 | bf16_mfu: 47.48 | epoch: 1 | total time: 49.63m | eta: 240.7m
step 00754/04357 (17.31%) | loss: 3.061334 | lrm: 1.00 | dt: 3964.06ms | tok/sec: 264,520 | bf16_mfu: 47.59 | epoch: 1 | total time: 49.69m | eta: 240.6m
step 00755/04357 (17.33%) | loss: 3.058292 | lrm: 1.00 | dt: 3972.32ms | tok/sec: 263,970 | bf16_mfu: 47.49 | epoch: 1 | total time: 49.76m | eta: 240.6m
step 00756/04357 (17.35%) | loss: 3.050790 | lrm: 1.00 | dt: 3973.23ms | tok/sec: 263,910 | bf16_mfu: 47.48 | epoch: 1 | total time: 49.82m | eta: 240.5m
step 00757/04357 (17.37%) | loss: 3.050632 | lrm: 1.00 | dt: 3974.54ms | tok/sec: 263,822 | bf16_mfu: 47.46 | epoch: 1 | total time: 49.89m | eta: 240.4m
step 00758/04357 (17.40%) | loss: 3.055563 | lrm: 1.00 | dt: 3968.43ms | tok/sec: 264,229 | bf16_mfu: 47.53 | epoch: 1 | total time: 49.96m | eta: 240.4m
step 00759/04357 (17.42%) | loss: 3.050322 | lrm: 1.00 | dt: 3973.62ms | tok/sec: 263,884 | bf16_mfu: 47.47 | epoch: 1 | total time: 50.02m | eta: 240.3m
step 00760/04357 (17.44%) | loss: 3.077692 | lrm: 1.00 | dt: 3970.92ms | tok/sec: 264,063 | bf16_mfu: 47.50 | epoch: 1 | total time: 50.09m | eta: 240.2m
step 00761/04357 (17.47%) | loss: 3.071616 | lrm: 1.00 | dt: 3975.61ms | tok/sec: 263,752 | bf16_mfu: 47.45 | epoch: 1 | total time: 50.15m | eta: 240.2m
step 00762/04357 (17.49%) | loss: 3.068715 | lrm: 1.00 | dt: 3970.80ms | tok/sec: 264,071 | bf16_mfu: 47.50 | epoch: 1 | total time: 50.22m | eta: 240.1m
step 00763/04357 (17.51%) | loss: 3.063169 | lrm: 1.00 | dt: 3971.11ms | tok/sec: 264,051 | bf16_mfu: 47.50 | epoch: 1 | total time: 50.29m | eta: 240.0m
step 00764/04357 (17.54%) | loss: 3.067378 | lrm: 1.00 | dt: 3973.51ms | tok/sec: 263,891 | bf16_mfu: 47.47 | epoch: 1 | total time: 50.35m | eta: 239.9m
step 00765/04357 (17.56%) | loss: 3.065777 | lrm: 1.00 | dt: 3969.31ms | tok/sec: 264,170 | bf16_mfu: 47.52 | epoch: 1 | total time: 50.42m | eta: 239.9m
step 00766/04357 (17.58%) | loss: 3.057783 | lrm: 1.00 | dt: 3972.83ms | tok/sec: 263,937 | bf16_mfu: 47.48 | epoch: 1 | total time: 50.49m | eta: 239.8m
step 00767/04357 (17.60%) | loss: 3.050730 | lrm: 1.00 | dt: 3969.42ms | tok/sec: 264,163 | bf16_mfu: 47.52 | epoch: 1 | total time: 50.55m | eta: 239.7m
step 00768/04357 (17.63%) | loss: 3.041995 | lrm: 1.00 | dt: 3972.90ms | tok/sec: 263,932 | bf16_mfu: 47.48 | epoch: 1 | total time: 50.62m | eta: 239.7m
step 00769/04357 (17.65%) | loss: 3.029537 | lrm: 1.00 | dt: 3971.01ms | tok/sec: 264,057 | bf16_mfu: 47.50 | epoch: 1 | total time: 50.68m | eta: 239.6m
step 00770/04357 (17.67%) | loss: 3.041667 | lrm: 1.00 | dt: 3995.06ms | tok/sec: 262,467 | bf16_mfu: 47.22 | epoch: 1 | total time: 50.75m | eta: 239.5m
step 00771/04357 (17.70%) | loss: 3.036531 | lrm: 1.00 | dt: 3974.91ms | tok/sec: 263,798 | bf16_mfu: 47.46 | epoch: 1 | total time: 50.82m | eta: 239.5m
step 00772/04357 (17.72%) | loss: 3.040587 | lrm: 1.00 | dt: 3984.20ms | tok/sec: 263,183 | bf16_mfu: 47.34 | epoch: 1 | total time: 50.88m | eta: 239.4m
step 00773/04357 (17.74%) | loss: 3.046625 | lrm: 1.00 | dt: 3972.15ms | tok/sec: 263,981 | bf16_mfu: 47.49 | epoch: 1 | total time: 50.95m | eta: 239.3m
step 00774/04357 (17.76%) | loss: 3.055360 | lrm: 1.00 | dt: 3969.33ms | tok/sec: 264,169 | bf16_mfu: 47.52 | epoch: 1 | total time: 51.02m | eta: 239.3m
step 00775/04357 (17.79%) | loss: 3.044495 | lrm: 1.00 | dt: 3971.71ms | tok/sec: 264,011 | bf16_mfu: 47.49 | epoch: 1 | total time: 51.08m | eta: 239.2m
step 00776/04357 (17.81%) | loss: 3.042888 | lrm: 1.00 | dt: 3970.18ms | tok/sec: 264,113 | bf16_mfu: 47.51 | epoch: 1 | total time: 51.15m | eta: 239.1m
step 00777/04357 (17.83%) | loss: 3.037637 | lrm: 1.00 | dt: 3976.00ms | tok/sec: 263,726 | bf16_mfu: 47.44 | epoch: 1 | total time: 51.21m | eta: 239.0m
step 00778/04357 (17.86%) | loss: 3.040302 | lrm: 1.00 | dt: 3968.19ms | tok/sec: 264,245 | bf16_mfu: 47.54 | epoch: 1 | total time: 51.28m | eta: 239.0m
step 00779/04357 (17.88%) | loss: 3.040038 | lrm: 1.00 | dt: 3975.03ms | tok/sec: 263,790 | bf16_mfu: 47.45 | epoch: 1 | total time: 51.35m | eta: 238.9m
step 00780/04357 (17.90%) | loss: 3.047505 | lrm: 1.00 | dt: 3971.07ms | tok/sec: 264,054 | bf16_mfu: 47.50 | epoch: 1 | total time: 51.41m | eta: 238.8m
step 00781/04357 (17.93%) | loss: 3.040490 | lrm: 1.00 | dt: 3974.06ms | tok/sec: 263,855 | bf16_mfu: 47.47 | epoch: 1 | total time: 51.48m | eta: 238.8m
step 00782/04357 (17.95%) | loss: 3.036237 | lrm: 1.00 | dt: 3968.88ms | tok/sec: 264,199 | bf16_mfu: 47.53 | epoch: 1 | total time: 51.55m | eta: 238.7m
step 00783/04357 (17.97%) | loss: 3.039515 | lrm: 1.00 | dt: 3971.72ms | tok/sec: 264,010 | bf16_mfu: 47.49 | epoch: 1 | total time: 51.61m | eta: 238.6m
step 00784/04357 (17.99%) | loss: 3.034836 | lrm: 1.00 | dt: 3967.84ms | tok/sec: 264,268 | bf16_mfu: 47.54 | epoch: 1 | total time: 51.68m | eta: 238.6m
step 00785/04357 (18.02%) | loss: 3.036938 | lrm: 1.00 | dt: 3970.55ms | tok/sec: 264,088 | bf16_mfu: 47.51 | epoch: 1 | total time: 51.74m | eta: 238.5m
step 00786/04357 (18.04%) | loss: 3.024884 | lrm: 1.00 | dt: 3969.63ms | tok/sec: 264,149 | bf16_mfu: 47.52 | epoch: 1 | total time: 51.81m | eta: 238.4m
step 00787/04357 (18.06%) | loss: 3.034053 | lrm: 1.00 | dt: 3972.90ms | tok/sec: 263,931 | bf16_mfu: 47.48 | epoch: 1 | total time: 51.88m | eta: 238.4m
step 00788/04357 (18.09%) | loss: 3.029897 | lrm: 1.00 | dt: 3969.72ms | tok/sec: 264,143 | bf16_mfu: 47.52 | epoch: 1 | total time: 51.94m | eta: 238.3m
step 00789/04357 (18.11%) | loss: 3.033257 | lrm: 1.00 | dt: 3971.29ms | tok/sec: 264,039 | bf16_mfu: 47.50 | epoch: 1 | total time: 52.01m | eta: 238.2m
step 00790/04357 (18.13%) | loss: 3.033442 | lrm: 1.00 | dt: 3974.17ms | tok/sec: 263,847 | bf16_mfu: 47.46 | epoch: 1 | total time: 52.07m | eta: 238.1m
step 00791/04357 (18.15%) | loss: 3.020902 | lrm: 1.00 | dt: 3974.32ms | tok/sec: 263,838 | bf16_mfu: 47.46 | epoch: 1 | total time: 52.14m | eta: 238.1m
step 00792/04357 (18.18%) | loss: 3.028372 | lrm: 1.00 | dt: 3971.24ms | tok/sec: 264,042 | bf16_mfu: 47.50 | epoch: 1 | total time: 52.21m | eta: 238.0m
step 00793/04357 (18.20%) | loss: 3.054662 | lrm: 1.00 | dt: 3970.23ms | tok/sec: 264,109 | bf16_mfu: 47.51 | epoch: 1 | total time: 52.27m | eta: 237.9m
step 00794/04357 (18.22%) | loss: 3.045799 | lrm: 1.00 | dt: 3973.70ms | tok/sec: 263,879 | bf16_mfu: 47.47 | epoch: 1 | total time: 52.34m | eta: 237.9m
step 00795/04357 (18.25%) | loss: 3.042757 | lrm: 1.00 | dt: 3992.06ms | tok/sec: 262,665 | bf16_mfu: 47.25 | epoch: 1 | total time: 52.41m | eta: 237.8m
step 00796/04357 (18.27%) | loss: 3.045260 | lrm: 1.00 | dt: 3975.41ms | tok/sec: 263,765 | bf16_mfu: 47.45 | epoch: 1 | total time: 52.47m | eta: 237.7m
step 00797/04357 (18.29%) | loss: 3.053149 | lrm: 1.00 | dt: 3972.07ms | tok/sec: 263,986 | bf16_mfu: 47.49 | epoch: 1 | total time: 52.54m | eta: 237.7m
step 00798/04357 (18.32%) | loss: 3.046551 | lrm: 1.00 | dt: 3972.01ms | tok/sec: 263,991 | bf16_mfu: 47.49 | epoch: 1 | total time: 52.60m | eta: 237.6m
step 00799/04357 (18.34%) | loss: 3.030576 | lrm: 1.00 | dt: 3972.35ms | tok/sec: 263,968 | bf16_mfu: 47.49 | epoch: 1 | total time: 52.67m | eta: 237.5m
step 00800/04357 (18.36%) | loss: 3.023499 | lrm: 1.00 | dt: 3973.10ms | tok/sec: 263,918 | bf16_mfu: 47.48 | epoch: 1 | total time: 52.74m | eta: 237.5m
step 00801/04357 (18.38%) | loss: 3.027409 | lrm: 1.00 | dt: 3970.96ms | tok/sec: 264,060 | bf16_mfu: 47.50 | epoch: 1 | total time: 52.80m | eta: 237.4m
step 00802/04357 (18.41%) | loss: 3.031886 | lrm: 1.00 | dt: 3968.23ms | tok/sec: 264,242 | bf16_mfu: 47.54 | epoch: 1 | total time: 52.87m | eta: 237.3m
step 00803/04357 (18.43%) | loss: 3.022801 | lrm: 1.00 | dt: 3973.50ms | tok/sec: 263,892 | bf16_mfu: 47.47 | epoch: 1 | total time: 52.94m | eta: 237.2m
step 00804/04357 (18.45%) | loss: 3.017114 | lrm: 1.00 | dt: 3969.31ms | tok/sec: 264,170 | bf16_mfu: 47.52 | epoch: 1 | total time: 53.00m | eta: 237.2m
step 00805/04357 (18.48%) | loss: 3.012874 | lrm: 1.00 | dt: 3972.35ms | tok/sec: 263,968 | bf16_mfu: 47.49 | epoch: 1 | total time: 53.07m | eta: 237.1m
step 00806/04357 (18.50%) | loss: 3.012790 | lrm: 1.00 | dt: 3970.15ms | tok/sec: 264,115 | bf16_mfu: 47.51 | epoch: 1 | total time: 53.13m | eta: 237.0m
step 00807/04357 (18.52%) | loss: 3.007858 | lrm: 1.00 | dt: 3973.03ms | tok/sec: 263,923 | bf16_mfu: 47.48 | epoch: 1 | total time: 53.20m | eta: 237.0m
step 00808/04357 (18.54%) | loss: 3.013477 | lrm: 1.00 | dt: 3969.40ms | tok/sec: 264,164 | bf16_mfu: 47.52 | epoch: 1 | total time: 53.27m | eta: 236.9m
step 00809/04357 (18.57%) | loss: 3.010337 | lrm: 1.00 | dt: 3975.36ms | tok/sec: 263,768 | bf16_mfu: 47.45 | epoch: 1 | total time: 53.33m | eta: 236.8m
step 00810/04357 (18.59%) | loss: 2.998191 | lrm: 1.00 | dt: 3968.88ms | tok/sec: 264,199 | bf16_mfu: 47.53 | epoch: 1 | total time: 53.40m | eta: 236.8m
step 00811/04357 (18.61%) | loss: 3.008230 | lrm: 1.00 | dt: 3973.27ms | tok/sec: 263,907 | bf16_mfu: 47.47 | epoch: 1 | total time: 53.47m | eta: 236.7m
step 00812/04357 (18.64%) | loss: 3.013792 | lrm: 1.00 | dt: 3975.22ms | tok/sec: 263,778 | bf16_mfu: 47.45 | epoch: 1 | total time: 53.53m | eta: 236.6m
step 00813/04357 (18.66%) | loss: 3.017521 | lrm: 1.00 | dt: 3970.58ms | tok/sec: 264,086 | bf16_mfu: 47.51 | epoch: 1 | total time: 53.60m | eta: 236.6m
step 00814/04357 (18.68%) | loss: 3.009088 | lrm: 1.00 | dt: 3972.29ms | tok/sec: 263,972 | bf16_mfu: 47.49 | epoch: 1 | total time: 53.66m | eta: 236.5m
step 00815/04357 (18.71%) | loss: 3.006827 | lrm: 1.00 | dt: 3974.88ms | tok/sec: 263,800 | bf16_mfu: 47.46 | epoch: 1 | total time: 53.73m | eta: 236.4m
step 00816/04357 (18.73%) | loss: 3.018281 | lrm: 1.00 | dt: 3971.98ms | tok/sec: 263,993 | bf16_mfu: 47.49 | epoch: 1 | total time: 53.80m | eta: 236.3m
step 00817/04357 (18.75%) | loss: 3.016403 | lrm: 1.00 | dt: 3966.71ms | tok/sec: 264,344 | bf16_mfu: 47.55 | epoch: 1 | total time: 53.86m | eta: 236.3m
step 00818/04357 (18.77%) | loss: 3.017471 | lrm: 1.00 | dt: 3968.40ms | tok/sec: 264,231 | bf16_mfu: 47.53 | epoch: 1 | total time: 53.93m | eta: 236.2m
step 00819/04357 (18.80%) | loss: 3.023528 | lrm: 1.00 | dt: 3970.25ms | tok/sec: 264,108 | bf16_mfu: 47.51 | epoch: 1 | total time: 53.99m | eta: 236.1m
step 00820/04357 (18.82%) | loss: 3.027121 | lrm: 1.00 | dt: 3990.16ms | tok/sec: 262,790 | bf16_mfu: 47.27 | epoch: 1 | total time: 54.06m | eta: 236.1m
step 00821/04357 (18.84%) | loss: 3.028735 | lrm: 1.00 | dt: 3972.30ms | tok/sec: 263,972 | bf16_mfu: 47.49 | epoch: 1 | total time: 54.13m | eta: 236.0m
step 00822/04357 (18.87%) | loss: 3.031302 | lrm: 1.00 | dt: 3970.74ms | tok/sec: 264,075 | bf16_mfu: 47.51 | epoch: 1 | total time: 54.19m | eta: 235.9m
step 00823/04357 (18.89%) | loss: 3.023784 | lrm: 1.00 | dt: 3974.41ms | tok/sec: 263,832 | bf16_mfu: 47.46 | epoch: 1 | total time: 54.26m | eta: 235.9m
step 00824/04357 (18.91%) | loss: 3.018153 | lrm: 1.00 | dt: 3973.71ms | tok/sec: 263,878 | bf16_mfu: 47.47 | epoch: 1 | total time: 54.33m | eta: 235.8m
step 00825/04357 (18.94%) | loss: 3.016286 | lrm: 1.00 | dt: 3969.94ms | tok/sec: 264,128 | bf16_mfu: 47.51 | epoch: 1 | total time: 54.39m | eta: 235.7m
step 00826/04357 (18.96%) | loss: 3.023825 | lrm: 1.00 | dt: 3971.50ms | tok/sec: 264,025 | bf16_mfu: 47.50 | epoch: 1 | total time: 54.46m | eta: 235.7m
step 00827/04357 (18.98%) | loss: 3.024775 | lrm: 1.00 | dt: 3963.98ms | tok/sec: 264,526 | bf16_mfu: 47.59 | epoch: 1 | total time: 54.52m | eta: 235.6m
step 00828/04357 (19.00%) | loss: 3.016293 | lrm: 1.00 | dt: 3965.87ms | tok/sec: 264,399 | bf16_mfu: 47.56 | epoch: 1 | total time: 54.59m | eta: 235.5m
step 00829/04357 (19.03%) | loss: 3.025145 | lrm: 1.00 | dt: 3966.45ms | tok/sec: 264,361 | bf16_mfu: 47.56 | epoch: 1 | total time: 54.66m | eta: 235.4m
step 00830/04357 (19.05%) | loss: 3.014964 | lrm: 1.00 | dt: 3973.89ms | tok/sec: 263,866 | bf16_mfu: 47.47 | epoch: 1 | total time: 54.72m | eta: 235.4m
step 00831/04357 (19.07%) | loss: 3.004535 | lrm: 1.00 | dt: 3966.28ms | tok/sec: 264,372 | bf16_mfu: 47.56 | epoch: 1 | total time: 54.79m | eta: 235.3m
step 00832/04357 (19.10%) | loss: 3.007419 | lrm: 1.00 | dt: 3961.38ms | tok/sec: 264,699 | bf16_mfu: 47.62 | epoch: 1 | total time: 54.86m | eta: 235.2m
step 00833/04357 (19.12%) | loss: 3.014906 | lrm: 1.00 | dt: 3962.30ms | tok/sec: 264,638 | bf16_mfu: 47.61 | epoch: 1 | total time: 54.92m | eta: 235.2m
step 00834/04357 (19.14%) | loss: 3.007634 | lrm: 1.00 | dt: 3963.69ms | tok/sec: 264,545 | bf16_mfu: 47.59 | epoch: 1 | total time: 54.99m | eta: 235.1m
step 00835/04357 (19.16%) | loss: 3.004285 | lrm: 1.00 | dt: 3965.13ms | tok/sec: 264,449 | bf16_mfu: 47.57 | epoch: 1 | total time: 55.05m | eta: 235.0m
step 00836/04357 (19.19%) | loss: 2.988033 | lrm: 1.00 | dt: 3971.58ms | tok/sec: 264,020 | bf16_mfu: 47.49 | epoch: 1 | total time: 55.12m | eta: 235.0m
step 00837/04357 (19.21%) | loss: 2.989492 | lrm: 1.00 | dt: 3966.64ms | tok/sec: 264,348 | bf16_mfu: 47.55 | epoch: 1 | total time: 55.19m | eta: 234.9m
step 00838/04357 (19.23%) | loss: 2.989264 | lrm: 1.00 | dt: 3975.59ms | tok/sec: 263,753 | bf16_mfu: 47.45 | epoch: 1 | total time: 55.25m | eta: 234.8m
step 00839/04357 (19.26%) | loss: 2.990549 | lrm: 1.00 | dt: 3972.76ms | tok/sec: 263,941 | bf16_mfu: 47.48 | epoch: 1 | total time: 55.32m | eta: 234.8m
step 00840/04357 (19.28%) | loss: 3.000601 | lrm: 1.00 | dt: 3961.94ms | tok/sec: 264,662 | bf16_mfu: 47.61 | epoch: 1 | total time: 55.38m | eta: 234.7m
step 00841/04357 (19.30%) | loss: 3.002722 | lrm: 1.00 | dt: 3955.99ms | tok/sec: 265,060 | bf16_mfu: 47.68 | epoch: 1 | total time: 55.45m | eta: 234.6m
step 00842/04357 (19.33%) | loss: 3.009173 | lrm: 1.00 | dt: 3969.20ms | tok/sec: 264,178 | bf16_mfu: 47.52 | epoch: 1 | total time: 55.52m | eta: 234.5m
step 00843/04357 (19.35%) | loss: 2.997628 | lrm: 1.00 | dt: 3962.22ms | tok/sec: 264,643 | bf16_mfu: 47.61 | epoch: 1 | total time: 55.58m | eta: 234.5m
step 00844/04357 (19.37%) | loss: 3.008057 | lrm: 1.00 | dt: 3964.60ms | tok/sec: 264,484 | bf16_mfu: 47.58 | epoch: 1 | total time: 55.65m | eta: 234.4m
step 00845/04357 (19.39%) | loss: 3.000041 | lrm: 1.00 | dt: 3963.33ms | tok/sec: 264,569 | bf16_mfu: 47.59 | epoch: 1 | total time: 55.71m | eta: 234.3m
step 00846/04357 (19.42%) | loss: 3.003629 | lrm: 1.00 | dt: 3961.33ms | tok/sec: 264,702 | bf16_mfu: 47.62 | epoch: 1 | total time: 55.78m | eta: 234.3m
step 00847/04357 (19.44%) | loss: 3.010383 | lrm: 1.00 | dt: 3964.03ms | tok/sec: 264,522 | bf16_mfu: 47.59 | epoch: 1 | total time: 55.85m | eta: 234.2m
step 00848/04357 (19.46%) | loss: 3.006849 | lrm: 1.00 | dt: 3967.81ms | tok/sec: 264,270 | bf16_mfu: 47.54 | epoch: 1 | total time: 55.91m | eta: 234.1m
step 00849/04357 (19.49%) | loss: 2.995912 | lrm: 1.00 | dt: 3965.94ms | tok/sec: 264,395 | bf16_mfu: 47.56 | epoch: 1 | total time: 55.98m | eta: 234.1m
step 00850/04357 (19.51%) | loss: 2.993399 | lrm: 1.00 | dt: 3973.28ms | tok/sec: 263,906 | bf16_mfu: 47.47 | epoch: 1 | total time: 56.05m | eta: 234.0m
step 00851/04357 (19.53%) | loss: 2.987876 | lrm: 1.00 | dt: 3968.94ms | tok/sec: 264,195 | bf16_mfu: 47.53 | epoch: 1 | total time: 56.11m | eta: 233.9m
step 00852/04357 (19.55%) | loss: 2.985519 | lrm: 1.00 | dt: 3967.85ms | tok/sec: 264,267 | bf16_mfu: 47.54 | epoch: 1 | total time: 56.18m | eta: 233.9m
step 00853/04357 (19.58%) | loss: 2.986450 | lrm: 1.00 | dt: 3959.06ms | tok/sec: 264,854 | bf16_mfu: 47.65 | epoch: 1 | total time: 56.24m | eta: 233.8m
step 00854/04357 (19.60%) | loss: 2.986528 | lrm: 1.00 | dt: 3963.87ms | tok/sec: 264,533 | bf16_mfu: 47.59 | epoch: 1 | total time: 56.31m | eta: 233.7m
step 00855/04357 (19.62%) | loss: 2.986435 | lrm: 1.00 | dt: 3966.00ms | tok/sec: 264,391 | bf16_mfu: 47.56 | epoch: 1 | total time: 56.38m | eta: 233.6m
step 00856/04357 (19.65%) | loss: 2.990517 | lrm: 1.00 | dt: 3965.62ms | tok/sec: 264,416 | bf16_mfu: 47.57 | epoch: 1 | total time: 56.44m | eta: 233.6m
step 00857/04357 (19.67%) | loss: 2.991842 | lrm: 1.00 | dt: 3968.75ms | tok/sec: 264,208 | bf16_mfu: 47.53 | epoch: 1 | total time: 56.51m | eta: 233.5m
step 00858/04357 (19.69%) | loss: 2.994270 | lrm: 1.00 | dt: 3973.76ms | tok/sec: 263,875 | bf16_mfu: 47.47 | epoch: 1 | total time: 56.57m | eta: 233.4m
step 00859/04357 (19.72%) | loss: 2.983052 | lrm: 1.00 | dt: 3971.15ms | tok/sec: 264,048 | bf16_mfu: 47.50 | epoch: 1 | total time: 56.64m | eta: 233.4m
step 00860/04357 (19.74%) | loss: 2.976978 | lrm: 1.00 | dt: 3964.41ms | tok/sec: 264,497 | bf16_mfu: 47.58 | epoch: 1 | total time: 56.71m | eta: 233.3m
step 00861/04357 (19.76%) | loss: 2.976938 | lrm: 1.00 | dt: 3963.48ms | tok/sec: 264,559 | bf16_mfu: 47.59 | epoch: 1 | total time: 56.77m | eta: 233.2m
step 00862/04357 (19.78%) | loss: 2.989974 | lrm: 1.00 | dt: 3968.49ms | tok/sec: 264,225 | bf16_mfu: 47.53 | epoch: 1 | total time: 56.84m | eta: 233.2m
step 00863/04357 (19.81%) | loss: 2.986113 | lrm: 1.00 | dt: 3972.71ms | tok/sec: 263,944 | bf16_mfu: 47.48 | epoch: 1 | total time: 56.90m | eta: 233.1m
step 00864/04357 (19.83%) | loss: 2.973734 | lrm: 1.00 | dt: 3973.95ms | tok/sec: 263,862 | bf16_mfu: 47.47 | epoch: 1 | total time: 56.97m | eta: 233.0m
step 00865/04357 (19.85%) | loss: 2.969692 | lrm: 1.00 | dt: 3965.95ms | tok/sec: 264,394 | bf16_mfu: 47.56 | epoch: 1 | total time: 57.04m | eta: 233.0m
step 00866/04357 (19.88%) | loss: 2.974739 | lrm: 1.00 | dt: 3969.00ms | tok/sec: 264,191 | bf16_mfu: 47.53 | epoch: 1 | total time: 57.10m | eta: 232.9m
step 00867/04357 (19.90%) | loss: 2.982456 | lrm: 1.00 | dt: 3963.03ms | tok/sec: 264,589 | bf16_mfu: 47.60 | epoch: 1 | total time: 57.17m | eta: 232.8m
step 00868/04357 (19.92%) | loss: 2.980557 | lrm: 1.00 | dt: 3965.62ms | tok/sec: 264,416 | bf16_mfu: 47.57 | epoch: 1 | total time: 57.24m | eta: 232.7m
step 00869/04357 (19.94%) | loss: 2.986207 | lrm: 1.00 | dt: 3969.46ms | tok/sec: 264,160 | bf16_mfu: 47.52 | epoch: 1 | total time: 57.30m | eta: 232.7m
step 00870/04357 (19.97%) | loss: 2.990646 | lrm: 1.00 | dt: 3971.30ms | tok/sec: 264,038 | bf16_mfu: 47.50 | epoch: 1 | total time: 57.37m | eta: 232.6m
step 00871/04357 (19.99%) | loss: 2.997983 | lrm: 1.00 | dt: 3973.32ms | tok/sec: 263,904 | bf16_mfu: 47.47 | epoch: 1 | total time: 57.43m | eta: 232.5m
step 00872/04357 (20.01%) | loss: 2.998327 | lrm: 1.00 | dt: 3971.54ms | tok/sec: 264,022 | bf16_mfu: 47.50 | epoch: 1 | total time: 57.50m | eta: 232.5m
step 00873/04357 (20.04%) | loss: 3.002342 | lrm: 1.00 | dt: 3964.19ms | tok/sec: 264,512 | bf16_mfu: 47.58 | epoch: 1 | total time: 57.57m | eta: 232.4m
step 00874/04357 (20.06%) | loss: 3.012843 | lrm: 1.00 | dt: 3977.63ms | tok/sec: 263,618 | bf16_mfu: 47.42 | epoch: 1 | total time: 57.63m | eta: 232.3m
step 00875/04357 (20.08%) | loss: 3.003932 | lrm: 1.00 | dt: 3975.53ms | tok/sec: 263,757 | bf16_mfu: 47.45 | epoch: 1 | total time: 57.70m | eta: 232.3m
step 00876/04357 (20.11%) | loss: 3.004070 | lrm: 1.00 | dt: 3969.68ms | tok/sec: 264,145 | bf16_mfu: 47.52 | epoch: 1 | total time: 57.76m | eta: 232.2m
step 00877/04357 (20.13%) | loss: 2.998611 | lrm: 1.00 | dt: 3962.73ms | tok/sec: 264,609 | bf16_mfu: 47.60 | epoch: 1 | total time: 57.83m | eta: 232.1m
step 00878/04357 (20.15%) | loss: 3.011195 | lrm: 1.00 | dt: 3972.62ms | tok/sec: 263,950 | bf16_mfu: 47.48 | epoch: 1 | total time: 57.90m | eta: 232.1m
step 00879/04357 (20.17%) | loss: 3.016182 | lrm: 1.00 | dt: 3966.78ms | tok/sec: 264,339 | bf16_mfu: 47.55 | epoch: 1 | total time: 57.96m | eta: 232.0m
step 00880/04357 (20.20%) | loss: 3.009520 | lrm: 1.00 | dt: 3962.52ms | tok/sec: 264,623 | bf16_mfu: 47.60 | epoch: 1 | total time: 58.03m | eta: 231.9m
step 00881/04357 (20.22%) | loss: 3.006001 | lrm: 1.00 | dt: 3968.04ms | tok/sec: 264,255 | bf16_mfu: 47.54 | epoch: 1 | total time: 58.10m | eta: 231.8m
step 00882/04357 (20.24%) | loss: 3.017101 | lrm: 1.00 | dt: 3969.09ms | tok/sec: 264,185 | bf16_mfu: 47.52 | epoch: 1 | total time: 58.16m | eta: 231.8m
step 00883/04357 (20.27%) | loss: 3.016369 | lrm: 1.00 | dt: 3970.41ms | tok/sec: 264,097 | bf16_mfu: 47.51 | epoch: 1 | total time: 58.23m | eta: 231.7m
step 00884/04357 (20.29%) | loss: 3.007236 | lrm: 1.00 | dt: 3969.50ms | tok/sec: 264,158 | bf16_mfu: 47.52 | epoch: 1 | total time: 58.29m | eta: 231.6m
step 00885/04357 (20.31%) | loss: 2.999542 | lrm: 1.00 | dt: 3970.13ms | tok/sec: 264,116 | bf16_mfu: 47.51 | epoch: 1 | total time: 58.36m | eta: 231.6m
step 00886/04357 (20.34%) | loss: 3.008299 | lrm: 1.00 | dt: 3977.40ms | tok/sec: 263,633 | bf16_mfu: 47.43 | epoch: 1 | total time: 58.43m | eta: 231.5m
step 00887/04357 (20.36%) | loss: 3.001197 | lrm: 1.00 | dt: 3966.34ms | tok/sec: 264,368 | bf16_mfu: 47.56 | epoch: 1 | total time: 58.49m | eta: 231.4m
step 00888/04357 (20.38%) | loss: 3.013117 | lrm: 1.00 | dt: 3970.29ms | tok/sec: 264,105 | bf16_mfu: 47.51 | epoch: 1 | total time: 58.56m | eta: 231.4m
step 00889/04357 (20.40%) | loss: 3.003059 | lrm: 1.00 | dt: 3976.85ms | tok/sec: 263,669 | bf16_mfu: 47.43 | epoch: 1 | total time: 58.62m | eta: 231.3m
step 00890/04357 (20.43%) | loss: 3.016982 | lrm: 1.00 | dt: 3965.32ms | tok/sec: 264,436 | bf16_mfu: 47.57 | epoch: 1 | total time: 58.69m | eta: 231.2m
step 00891/04357 (20.45%) | loss: 3.026482 | lrm: 1.00 | dt: 3978.84ms | tok/sec: 263,538 | bf16_mfu: 47.41 | epoch: 1 | total time: 58.76m | eta: 231.2m
step 00892/04357 (20.47%) | loss: 3.019760 | lrm: 1.00 | dt: 3969.69ms | tok/sec: 264,145 | bf16_mfu: 47.52 | epoch: 1 | total time: 58.82m | eta: 231.1m
step 00893/04357 (20.50%) | loss: 3.010166 | lrm: 1.00 | dt: 3968.50ms | tok/sec: 264,224 | bf16_mfu: 47.53 | epoch: 1 | total time: 58.89m | eta: 231.0m
step 00894/04357 (20.52%) | loss: 3.012000 | lrm: 1.00 | dt: 3968.95ms | tok/sec: 264,195 | bf16_mfu: 47.53 | epoch: 1 | total time: 58.96m | eta: 231.0m
step 00895/04357 (20.54%) | loss: 3.007963 | lrm: 1.00 | dt: 3975.34ms | tok/sec: 263,770 | bf16_mfu: 47.45 | epoch: 1 | total time: 59.02m | eta: 230.9m
step 00896/04357 (20.56%) | loss: 3.016793 | lrm: 1.00 | dt: 3963.68ms | tok/sec: 264,546 | bf16_mfu: 47.59 | epoch: 1 | total time: 59.09m | eta: 230.8m
step 00897/04357 (20.59%) | loss: 3.017034 | lrm: 1.00 | dt: 3966.18ms | tok/sec: 264,379 | bf16_mfu: 47.56 | epoch: 1 | total time: 59.15m | eta: 230.7m
step 00898/04357 (20.61%) | loss: 3.032151 | lrm: 1.00 | dt: 3966.53ms | tok/sec: 264,356 | bf16_mfu: 47.56 | epoch: 1 | total time: 59.22m | eta: 230.7m
step 00899/04357 (20.63%) | loss: 3.029385 | lrm: 1.00 | dt: 3968.10ms | tok/sec: 264,251 | bf16_mfu: 47.54 | epoch: 1 | total time: 59.29m | eta: 230.6m
step 00900/04357 (20.66%) | loss: 3.022574 | lrm: 1.00 | dt: 3969.64ms | tok/sec: 264,149 | bf16_mfu: 47.52 | epoch: 1 | total time: 59.35m | eta: 230.5m
step 00901/04357 (20.68%) | loss: 3.029627 | lrm: 1.00 | dt: 3975.69ms | tok/sec: 263,747 | bf16_mfu: 47.45 | epoch: 1 | total time: 59.42m | eta: 230.5m
step 00902/04357 (20.70%) | loss: 3.024657 | lrm: 1.00 | dt: 3964.39ms | tok/sec: 264,498 | bf16_mfu: 47.58 | epoch: 1 | total time: 59.48m | eta: 230.4m
step 00903/04357 (20.73%) | loss: 3.031887 | lrm: 1.00 | dt: 3959.31ms | tok/sec: 264,838 | bf16_mfu: 47.64 | epoch: 1 | total time: 59.55m | eta: 230.3m
step 00904/04357 (20.75%) | loss: 3.040932 | lrm: 1.00 | dt: 3980.01ms | tok/sec: 263,460 | bf16_mfu: 47.39 | epoch: 1 | total time: 59.62m | eta: 230.3m
step 00905/04357 (20.77%) | loss: 3.035640 | lrm: 1.00 | dt: 3965.39ms | tok/sec: 264,431 | bf16_mfu: 47.57 | epoch: 1 | total time: 59.68m | eta: 230.2m
step 00906/04357 (20.79%) | loss: 3.031719 | lrm: 1.00 | dt: 3959.98ms | tok/sec: 264,793 | bf16_mfu: 47.63 | epoch: 1 | total time: 59.75m | eta: 230.1m
step 00907/04357 (20.82%) | loss: 3.030162 | lrm: 1.00 | dt: 3962.95ms | tok/sec: 264,594 | bf16_mfu: 47.60 | epoch: 1 | total time: 59.82m | eta: 230.1m
step 00908/04357 (20.84%) | loss: 3.031890 | lrm: 1.00 | dt: 3963.35ms | tok/sec: 264,568 | bf16_mfu: 47.59 | epoch: 1 | total time: 59.88m | eta: 230.0m
step 00909/04357 (20.86%) | loss: 3.035993 | lrm: 1.00 | dt: 3978.07ms | tok/sec: 263,588 | bf16_mfu: 47.42 | epoch: 1 | total time: 59.95m | eta: 229.9m
step 00910/04357 (20.89%) | loss: 3.026834 | lrm: 1.00 | dt: 3964.78ms | tok/sec: 264,472 | bf16_mfu: 47.58 | epoch: 1 | total time: 60.01m | eta: 229.9m
step 00911/04357 (20.91%) | loss: 3.029632 | lrm: 1.00 | dt: 3967.61ms | tok/sec: 264,284 | bf16_mfu: 47.54 | epoch: 1 | total time: 60.08m | eta: 229.8m
step 00912/04357 (20.93%) | loss: 3.034929 | lrm: 1.00 | dt: 3972.56ms | tok/sec: 263,954 | bf16_mfu: 47.48 | epoch: 1 | total time: 60.15m | eta: 229.7m
step 00913/04357 (20.95%) | loss: 3.032230 | lrm: 1.00 | dt: 3969.67ms | tok/sec: 264,146 | bf16_mfu: 47.52 | epoch: 1 | total time: 60.21m | eta: 229.6m
step 00914/04357 (20.98%) | loss: 3.016443 | lrm: 1.00 | dt: 3961.54ms | tok/sec: 264,688 | bf16_mfu: 47.62 | epoch: 1 | total time: 60.28m | eta: 229.6m
step 00915/04357 (21.00%) | loss: 3.010281 | lrm: 1.00 | dt: 3965.71ms | tok/sec: 264,410 | bf16_mfu: 47.57 | epoch: 1 | total time: 60.34m | eta: 229.5m
step 00916/04357 (21.02%) | loss: 3.005872 | lrm: 1.00 | dt: 3966.47ms | tok/sec: 264,359 | bf16_mfu: 47.56 | epoch: 1 | total time: 60.41m | eta: 229.4m
step 00917/04357 (21.05%) | loss: 2.999125 | lrm: 1.00 | dt: 3962.01ms | tok/sec: 264,657 | bf16_mfu: 47.61 | epoch: 1 | total time: 60.48m | eta: 229.4m
step 00918/04357 (21.07%) | loss: 2.999679 | lrm: 1.00 | dt: 3971.33ms | tok/sec: 264,036 | bf16_mfu: 47.50 | epoch: 1 | total time: 60.54m | eta: 229.3m
step 00919/04357 (21.09%) | loss: 3.003400 | lrm: 1.00 | dt: 3975.12ms | tok/sec: 263,784 | bf16_mfu: 47.45 | epoch: 1 | total time: 60.61m | eta: 229.2m
step 00920/04357 (21.12%) | loss: 2.988743 | lrm: 1.00 | dt: 3971.37ms | tok/sec: 264,033 | bf16_mfu: 47.50 | epoch: 1 | total time: 60.68m | eta: 229.2m
step 00921/04357 (21.14%) | loss: 2.987280 | lrm: 1.00 | dt: 3974.95ms | tok/sec: 263,796 | bf16_mfu: 47.45 | epoch: 1 | total time: 60.74m | eta: 229.1m
step 00922/04357 (21.16%) | loss: 2.977759 | lrm: 1.00 | dt: 3969.00ms | tok/sec: 264,191 | bf16_mfu: 47.53 | epoch: 1 | total time: 60.81m | eta: 229.0m
step 00923/04357 (21.18%) | loss: 2.985371 | lrm: 1.00 | dt: 3974.36ms | tok/sec: 263,834 | bf16_mfu: 47.46 | epoch: 1 | total time: 60.87m | eta: 229.0m
step 00924/04357 (21.21%) | loss: 2.972692 | lrm: 1.00 | dt: 3970.77ms | tok/sec: 264,073 | bf16_mfu: 47.50 | epoch: 1 | total time: 60.94m | eta: 228.9m
step 00925/04357 (21.23%) | loss: 2.974555 | lrm: 1.00 | dt: 3972.87ms | tok/sec: 263,933 | bf16_mfu: 47.48 | epoch: 1 | total time: 61.01m | eta: 228.8m
step 00926/04357 (21.25%) | loss: 2.973996 | lrm: 1.00 | dt: 3972.68ms | tok/sec: 263,946 | bf16_mfu: 47.48 | epoch: 1 | total time: 61.07m | eta: 228.8m
step 00927/04357 (21.28%) | loss: 2.975772 | lrm: 1.00 | dt: 3970.29ms | tok/sec: 264,105 | bf16_mfu: 47.51 | epoch: 1 | total time: 61.14m | eta: 228.7m
step 00928/04357 (21.30%) | loss: 2.979209 | lrm: 1.00 | dt: 3971.66ms | tok/sec: 264,014 | bf16_mfu: 47.49 | epoch: 1 | total time: 61.20m | eta: 228.6m
step 00929/04357 (21.32%) | loss: 2.981715 | lrm: 1.00 | dt: 3967.00ms | tok/sec: 264,324 | bf16_mfu: 47.55 | epoch: 1 | total time: 61.27m | eta: 228.5m
step 00930/04357 (21.34%) | loss: 2.974842 | lrm: 1.00 | dt: 3967.13ms | tok/sec: 264,315 | bf16_mfu: 47.55 | epoch: 1 | total time: 61.34m | eta: 228.5m
step 00931/04357 (21.37%) | loss: 2.973295 | lrm: 1.00 | dt: 3964.19ms | tok/sec: 264,511 | bf16_mfu: 47.58 | epoch: 1 | total time: 61.40m | eta: 228.4m
step 00932/04357 (21.39%) | loss: 2.981503 | lrm: 1.00 | dt: 3967.13ms | tok/sec: 264,315 | bf16_mfu: 47.55 | epoch: 1 | total time: 61.47m | eta: 228.3m
step 00933/04357 (21.41%) | loss: 2.992214 | lrm: 1.00 | dt: 3974.49ms | tok/sec: 263,826 | bf16_mfu: 47.46 | epoch: 1 | total time: 61.54m | eta: 228.3m
step 00934/04357 (21.44%) | loss: 2.991425 | lrm: 1.00 | dt: 3986.09ms | tok/sec: 263,058 | bf16_mfu: 47.32 | epoch: 1 | total time: 61.60m | eta: 228.2m
step 00935/04357 (21.46%) | loss: 2.990920 | lrm: 1.00 | dt: 3956.35ms | tok/sec: 265,036 | bf16_mfu: 47.68 | epoch: 1 | total time: 61.67m | eta: 228.1m
step 00936/04357 (21.48%) | loss: 2.977589 | lrm: 1.00 | dt: 3966.76ms | tok/sec: 264,340 | bf16_mfu: 47.55 | epoch: 1 | total time: 61.73m | eta: 228.1m
step 00937/04357 (21.51%) | loss: 2.978490 | lrm: 1.00 | dt: 3971.44ms | tok/sec: 264,029 | bf16_mfu: 47.50 | epoch: 1 | total time: 61.80m | eta: 228.0m
step 00938/04357 (21.53%) | loss: 2.985508 | lrm: 1.00 | dt: 3973.16ms | tok/sec: 263,914 | bf16_mfu: 47.48 | epoch: 1 | total time: 61.87m | eta: 227.9m
step 00939/04357 (21.55%) | loss: 2.981823 | lrm: 1.00 | dt: 3970.62ms | tok/sec: 264,083 | bf16_mfu: 47.51 | epoch: 1 | total time: 61.93m | eta: 227.9m
step 00940/04357 (21.57%) | loss: 2.977740 | lrm: 1.00 | dt: 3968.33ms | tok/sec: 264,236 | bf16_mfu: 47.53 | epoch: 1 | total time: 62.00m | eta: 227.8m
step 00941/04357 (21.60%) | loss: 2.973086 | lrm: 1.00 | dt: 3974.38ms | tok/sec: 263,834 | bf16_mfu: 47.46 | epoch: 1 | total time: 62.06m | eta: 227.7m
step 00942/04357 (21.62%) | loss: 2.967531 | lrm: 1.00 | dt: 3967.39ms | tok/sec: 264,298 | bf16_mfu: 47.55 | epoch: 1 | total time: 62.13m | eta: 227.7m
step 00943/04357 (21.64%) | loss: 2.951073 | lrm: 1.00 | dt: 3970.61ms | tok/sec: 264,084 | bf16_mfu: 47.51 | epoch: 1 | total time: 62.20m | eta: 227.6m
step 00944/04357 (21.67%) | loss: 2.951873 | lrm: 1.00 | dt: 3975.36ms | tok/sec: 263,768 | bf16_mfu: 47.45 | epoch: 1 | total time: 62.26m | eta: 227.5m
step 00945/04357 (21.69%) | loss: 2.956347 | lrm: 1.00 | dt: 3965.21ms | tok/sec: 264,443 | bf16_mfu: 47.57 | epoch: 1 | total time: 62.33m | eta: 227.5m
step 00946/04357 (21.71%) | loss: 2.954450 | lrm: 1.00 | dt: 3967.02ms | tok/sec: 264,323 | bf16_mfu: 47.55 | epoch: 1 | total time: 62.40m | eta: 227.4m
step 00947/04357 (21.74%) | loss: 2.956470 | lrm: 1.00 | dt: 3960.64ms | tok/sec: 264,749 | bf16_mfu: 47.63 | epoch: 1 | total time: 62.46m | eta: 227.3m
step 00948/04357 (21.76%) | loss: 2.971438 | lrm: 1.00 | dt: 3969.76ms | tok/sec: 264,141 | bf16_mfu: 47.52 | epoch: 1 | total time: 62.53m | eta: 227.2m
step 00949/04357 (21.78%) | loss: 2.961644 | lrm: 1.00 | dt: 3968.68ms | tok/sec: 264,212 | bf16_mfu: 47.53 | epoch: 1 | total time: 62.59m | eta: 227.2m
step 00950/04357 (21.80%) | loss: 2.963772 | lrm: 1.00 | dt: 3962.48ms | tok/sec: 264,625 | bf16_mfu: 47.60 | epoch: 1 | total time: 62.66m | eta: 227.1m
step 00951/04357 (21.83%) | loss: 2.971778 | lrm: 1.00 | dt: 3966.09ms | tok/sec: 264,385 | bf16_mfu: 47.56 | epoch: 1 | total time: 62.73m | eta: 227.0m
step 00952/04357 (21.85%) | loss: 2.962310 | lrm: 1.00 | dt: 3967.47ms | tok/sec: 264,293 | bf16_mfu: 47.54 | epoch: 1 | total time: 62.79m | eta: 227.0m
step 00953/04357 (21.87%) | loss: 2.962065 | lrm: 1.00 | dt: 3961.36ms | tok/sec: 264,701 | bf16_mfu: 47.62 | epoch: 1 | total time: 62.86m | eta: 226.9m
step 00954/04357 (21.90%) | loss: 2.954791 | lrm: 1.00 | dt: 3964.65ms | tok/sec: 264,481 | bf16_mfu: 47.58 | epoch: 1 | total time: 62.92m | eta: 226.8m
step 00955/04357 (21.92%) | loss: 2.956385 | lrm: 1.00 | dt: 3977.89ms | tok/sec: 263,601 | bf16_mfu: 47.42 | epoch: 1 | total time: 62.99m | eta: 226.8m
step 00956/04357 (21.94%) | loss: 2.953121 | lrm: 1.00 | dt: 3960.71ms | tok/sec: 264,744 | bf16_mfu: 47.63 | epoch: 1 | total time: 63.06m | eta: 226.7m
step 00957/04357 (21.96%) | loss: 2.946982 | lrm: 1.00 | dt: 3963.74ms | tok/sec: 264,542 | bf16_mfu: 47.59 | epoch: 1 | total time: 63.12m | eta: 226.6m
step 00958/04357 (21.99%) | loss: 2.959236 | lrm: 1.00 | dt: 3961.90ms | tok/sec: 264,664 | bf16_mfu: 47.61 | epoch: 1 | total time: 63.19m | eta: 226.6m
step 00959/04357 (22.01%) | loss: 2.954772 | lrm: 1.00 | dt: 3961.88ms | tok/sec: 264,666 | bf16_mfu: 47.61 | epoch: 1 | total time: 63.25m | eta: 226.5m
step 00960/04357 (22.03%) | loss: 2.968627 | lrm: 1.00 | dt: 3971.84ms | tok/sec: 264,002 | bf16_mfu: 47.49 | epoch: 1 | total time: 63.32m | eta: 226.4m
step 00961/04357 (22.06%) | loss: 2.966226 | lrm: 1.00 | dt: 3969.82ms | tok/sec: 264,137 | bf16_mfu: 47.52 | epoch: 1 | total time: 63.39m | eta: 226.4m
step 00962/04357 (22.08%) | loss: 2.964108 | lrm: 1.00 | dt: 3966.80ms | tok/sec: 264,338 | bf16_mfu: 47.55 | epoch: 1 | total time: 63.45m | eta: 226.3m
step 00963/04357 (22.10%) | loss: 2.953996 | lrm: 1.00 | dt: 3969.71ms | tok/sec: 264,144 | bf16_mfu: 47.52 | epoch: 1 | total time: 63.52m | eta: 226.2m
step 00964/04357 (22.13%) | loss: 2.961460 | lrm: 1.00 | dt: 3972.84ms | tok/sec: 263,936 | bf16_mfu: 47.48 | epoch: 1 | total time: 63.59m | eta: 226.1m
step 00965/04357 (22.15%) | loss: 2.967740 | lrm: 1.00 | dt: 3976.02ms | tok/sec: 263,725 | bf16_mfu: 47.44 | epoch: 1 | total time: 63.65m | eta: 226.1m
step 00966/04357 (22.17%) | loss: 2.966600 | lrm: 1.00 | dt: 3973.71ms | tok/sec: 263,878 | bf16_mfu: 47.47 | epoch: 1 | total time: 63.72m | eta: 226.0m
step 00967/04357 (22.19%) | loss: 2.952824 | lrm: 1.00 | dt: 3971.77ms | tok/sec: 264,007 | bf16_mfu: 47.49 | epoch: 1 | total time: 63.78m | eta: 225.9m
step 00968/04357 (22.22%) | loss: 2.971667 | lrm: 1.00 | dt: 3980.99ms | tok/sec: 263,395 | bf16_mfu: 47.38 | epoch: 1 | total time: 63.85m | eta: 225.9m
step 00969/04357 (22.24%) | loss: 2.969284 | lrm: 1.00 | dt: 3980.89ms | tok/sec: 263,402 | bf16_mfu: 47.38 | epoch: 1 | total time: 63.92m | eta: 225.8m
step 00970/04357 (22.26%) | loss: 2.974922 | lrm: 1.00 | dt: 3988.46ms | tok/sec: 262,902 | bf16_mfu: 47.29 | epoch: 1 | total time: 63.98m | eta: 225.7m
step 00971/04357 (22.29%) | loss: 2.977750 | lrm: 1.00 | dt: 3992.89ms | tok/sec: 262,610 | bf16_mfu: 47.24 | epoch: 1 | total time: 64.05m | eta: 225.7m
step 00972/04357 (22.31%) | loss: 2.969918 | lrm: 1.00 | dt: 3993.59ms | tok/sec: 262,565 | bf16_mfu: 47.23 | epoch: 1 | total time: 64.12m | eta: 225.6m
step 00973/04357 (22.33%) | loss: 2.965257 | lrm: 1.00 | dt: 3991.29ms | tok/sec: 262,716 | bf16_mfu: 47.26 | epoch: 1 | total time: 64.18m | eta: 225.5m
step 00974/04357 (22.35%) | loss: 2.964466 | lrm: 1.00 | dt: 3993.23ms | tok/sec: 262,588 | bf16_mfu: 47.24 | epoch: 1 | total time: 64.25m | eta: 225.5m
step 00975/04357 (22.38%) | loss: 2.967804 | lrm: 1.00 | dt: 3996.14ms | tok/sec: 262,397 | bf16_mfu: 47.20 | epoch: 1 | total time: 64.32m | eta: 225.4m
step 00976/04357 (22.40%) | loss: 2.954004 | lrm: 1.00 | dt: 3987.68ms | tok/sec: 262,953 | bf16_mfu: 47.30 | epoch: 1 | total time: 64.38m | eta: 225.3m
step 00977/04357 (22.42%) | loss: 2.963534 | lrm: 1.00 | dt: 4010.43ms | tok/sec: 261,462 | bf16_mfu: 47.03 | epoch: 1 | total time: 64.45m | eta: 225.3m
step 00978/04357 (22.45%) | loss: 2.965351 | lrm: 1.00 | dt: 4004.86ms | tok/sec: 261,825 | bf16_mfu: 47.10 | epoch: 1 | total time: 64.52m | eta: 225.2m
step 00979/04357 (22.47%) | loss: 2.948899 | lrm: 1.00 | dt: 3994.84ms | tok/sec: 262,482 | bf16_mfu: 47.22 | epoch: 1 | total time: 64.58m | eta: 225.1m
step 00980/04357 (22.49%) | loss: 2.955563 | lrm: 1.00 | dt: 4002.43ms | tok/sec: 261,984 | bf16_mfu: 47.13 | epoch: 1 | total time: 64.65m | eta: 225.1m
step 00981/04357 (22.52%) | loss: 2.968849 | lrm: 1.00 | dt: 4000.09ms | tok/sec: 262,138 | bf16_mfu: 47.16 | epoch: 1 | total time: 64.72m | eta: 225.0m
step 00982/04357 (22.54%) | loss: 2.976644 | lrm: 1.00 | dt: 4004.52ms | tok/sec: 261,848 | bf16_mfu: 47.10 | epoch: 1 | total time: 64.78m | eta: 224.9m
step 00983/04357 (22.56%) | loss: 2.972168 | lrm: 1.00 | dt: 4004.01ms | tok/sec: 261,881 | bf16_mfu: 47.11 | epoch: 1 | total time: 64.85m | eta: 224.9m
step 00984/04357 (22.58%) | loss: 2.973272 | lrm: 1.00 | dt: 4005.77ms | tok/sec: 261,766 | bf16_mfu: 47.09 | epoch: 1 | total time: 64.92m | eta: 224.8m
step 00985/04357 (22.61%) | loss: 2.975017 | lrm: 1.00 | dt: 4003.99ms | tok/sec: 261,882 | bf16_mfu: 47.11 | epoch: 1 | total time: 64.98m | eta: 224.7m
step 00986/04357 (22.63%) | loss: 2.987153 | lrm: 1.00 | dt: 4004.47ms | tok/sec: 261,851 | bf16_mfu: 47.10 | epoch: 1 | total time: 65.05m | eta: 224.7m
step 00987/04357 (22.65%) | loss: 2.977254 | lrm: 1.00 | dt: 4016.16ms | tok/sec: 261,089 | bf16_mfu: 46.97 | epoch: 1 | total time: 65.12m | eta: 224.6m
step 00988/04357 (22.68%) | loss: 2.971610 | lrm: 1.00 | dt: 3995.99ms | tok/sec: 262,407 | bf16_mfu: 47.20 | epoch: 1 | total time: 65.18m | eta: 224.5m
step 00989/04357 (22.70%) | loss: 2.970891 | lrm: 1.00 | dt: 4006.45ms | tok/sec: 261,721 | bf16_mfu: 47.08 | epoch: 1 | total time: 65.25m | eta: 224.5m
step 00990/04357 (22.72%) | loss: 2.962897 | lrm: 1.00 | dt: 4003.23ms | tok/sec: 261,932 | bf16_mfu: 47.12 | epoch: 1 | total time: 65.32m | eta: 224.4m
step 00991/04357 (22.75%) | loss: 2.971944 | lrm: 1.00 | dt: 4002.38ms | tok/sec: 261,987 | bf16_mfu: 47.13 | epoch: 1 | total time: 65.38m | eta: 224.3m
step 00992/04357 (22.77%) | loss: 2.965649 | lrm: 1.00 | dt: 4008.87ms | tok/sec: 261,564 | bf16_mfu: 47.05 | epoch: 1 | total time: 65.45m | eta: 224.3m
step 00993/04357 (22.79%) | loss: 2.969552 | lrm: 1.00 | dt: 4008.12ms | tok/sec: 261,612 | bf16_mfu: 47.06 | epoch: 1 | total time: 65.52m | eta: 224.2m
step 00994/04357 (22.81%) | loss: 2.967125 | lrm: 1.00 | dt: 4012.64ms | tok/sec: 261,318 | bf16_mfu: 47.01 | epoch: 1 | total time: 65.58m | eta: 224.1m
step 00995/04357 (22.84%) | loss: 2.951691 | lrm: 1.00 | dt: 4011.15ms | tok/sec: 261,415 | bf16_mfu: 47.03 | epoch: 1 | total time: 65.65m | eta: 224.1m
step 00996/04357 (22.86%) | loss: 2.954050 | lrm: 1.00 | dt: 4012.32ms | tok/sec: 261,338 | bf16_mfu: 47.01 | epoch: 1 | total time: 65.72m | eta: 224.0m
step 00997/04357 (22.88%) | loss: 2.943907 | lrm: 1.00 | dt: 4010.33ms | tok/sec: 261,468 | bf16_mfu: 47.04 | epoch: 1 | total time: 65.78m | eta: 223.9m
step 00998/04357 (22.91%) | loss: 2.944688 | lrm: 1.00 | dt: 4005.50ms | tok/sec: 261,783 | bf16_mfu: 47.09 | epoch: 1 | total time: 65.85m | eta: 223.9m
step 00999/04357 (22.93%) | loss: 2.953305 | lrm: 1.00 | dt: 4000.37ms | tok/sec: 262,119 | bf16_mfu: 47.15 | epoch: 1 | total time: 65.92m | eta: 223.8m
Step 01000 | Validation bpb: 0.903979
step 01000/04357 (22.95%) | loss: 2.946757 | lrm: 1.00 | dt: 4012.27ms | tok/sec: 261,342 | bf16_mfu: 47.01 | epoch: 1 | total time: 65.99m | eta: 223.7m
step 01001/04357 (22.97%) | loss: 2.958521 | lrm: 1.00 | dt: 4006.24ms | tok/sec: 261,735 | bf16_mfu: 47.08 | epoch: 1 | total time: 66.05m | eta: 223.7m
step 01002/04357 (23.00%) | loss: 2.951920 | lrm: 1.00 | dt: 3996.11ms | tok/sec: 262,399 | bf16_mfu: 47.20 | epoch: 1 | total time: 66.12m | eta: 223.6m
step 01003/04357 (23.02%) | loss: 2.953634 | lrm: 1.00 | dt: 4007.27ms | tok/sec: 261,668 | bf16_mfu: 47.07 | epoch: 1 | total time: 66.19m | eta: 223.6m
step 01004/04357 (23.04%) | loss: 2.954789 | lrm: 1.00 | dt: 3999.94ms | tok/sec: 262,147 | bf16_mfu: 47.16 | epoch: 1 | total time: 66.25m | eta: 223.5m
step 01005/04357 (23.07%) | loss: 2.953366 | lrm: 1.00 | dt: 4005.25ms | tok/sec: 261,800 | bf16_mfu: 47.10 | epoch: 1 | total time: 66.32m | eta: 223.4m
step 01006/04357 (23.09%) | loss: 2.948018 | lrm: 1.00 | dt: 3996.25ms | tok/sec: 262,389 | bf16_mfu: 47.20 | epoch: 1 | total time: 66.39m | eta: 223.4m
step 01007/04357 (23.11%) | loss: 2.936866 | lrm: 1.00 | dt: 4010.43ms | tok/sec: 261,461 | bf16_mfu: 47.03 | epoch: 1 | total time: 66.45m | eta: 223.3m
step 01008/04357 (23.14%) | loss: 2.934915 | lrm: 1.00 | dt: 3995.27ms | tok/sec: 262,454 | bf16_mfu: 47.21 | epoch: 1 | total time: 66.52m | eta: 223.2m
step 01009/04357 (23.16%) | loss: 2.937754 | lrm: 1.00 | dt: 4006.53ms | tok/sec: 261,716 | bf16_mfu: 47.08 | epoch: 1 | total time: 66.59m | eta: 223.2m
step 01010/04357 (23.18%) | loss: 2.937969 | lrm: 1.00 | dt: 3993.54ms | tok/sec: 262,568 | bf16_mfu: 47.23 | epoch: 1 | total time: 66.65m | eta: 223.1m
step 01011/04357 (23.20%) | loss: 2.938383 | lrm: 1.00 | dt: 3994.60ms | tok/sec: 262,498 | bf16_mfu: 47.22 | epoch: 1 | total time: 66.72m | eta: 223.0m
step 01012/04357 (23.23%) | loss: 2.938748 | lrm: 1.00 | dt: 4008.18ms | tok/sec: 261,608 | bf16_mfu: 47.06 | epoch: 1 | total time: 66.79m | eta: 223.0m
step 01013/04357 (23.25%) | loss: 2.950544 | lrm: 1.00 | dt: 3992.91ms | tok/sec: 262,609 | bf16_mfu: 47.24 | epoch: 1 | total time: 66.85m | eta: 222.9m
step 01014/04357 (23.27%) | loss: 2.953532 | lrm: 1.00 | dt: 3992.35ms | tok/sec: 262,646 | bf16_mfu: 47.25 | epoch: 1 | total time: 66.92m | eta: 222.8m
step 01015/04357 (23.30%) | loss: 2.945774 | lrm: 1.00 | dt: 4001.36ms | tok/sec: 262,054 | bf16_mfu: 47.14 | epoch: 1 | total time: 66.99m | eta: 222.8m
step 01016/04357 (23.32%) | loss: 2.954530 | lrm: 1.00 | dt: 3990.70ms | tok/sec: 262,754 | bf16_mfu: 47.27 | epoch: 1 | total time: 67.05m | eta: 222.7m
step 01017/04357 (23.34%) | loss: 2.960922 | lrm: 1.00 | dt: 3986.47ms | tok/sec: 263,033 | bf16_mfu: 47.32 | epoch: 1 | total time: 67.12m | eta: 222.6m
step 01018/04357 (23.36%) | loss: 2.962866 | lrm: 1.00 | dt: 3999.05ms | tok/sec: 262,206 | bf16_mfu: 47.17 | epoch: 1 | total time: 67.18m | eta: 222.5m
step 01019/04357 (23.39%) | loss: 2.962520 | lrm: 1.00 | dt: 3985.99ms | tok/sec: 263,065 | bf16_mfu: 47.32 | epoch: 1 | total time: 67.25m | eta: 222.5m
step 01020/04357 (23.41%) | loss: 2.969989 | lrm: 1.00 | dt: 3980.94ms | tok/sec: 263,398 | bf16_mfu: 47.38 | epoch: 1 | total time: 67.32m | eta: 222.4m
step 01021/04357 (23.43%) | loss: 2.980846 | lrm: 1.00 | dt: 3990.01ms | tok/sec: 262,800 | bf16_mfu: 47.28 | epoch: 1 | total time: 67.38m | eta: 222.3m
step 01022/04357 (23.46%) | loss: 2.982157 | lrm: 1.00 | dt: 3989.99ms | tok/sec: 262,801 | bf16_mfu: 47.28 | epoch: 1 | total time: 67.45m | eta: 222.3m
step 01023/04357 (23.48%) | loss: 2.977376 | lrm: 1.00 | dt: 3992.57ms | tok/sec: 262,631 | bf16_mfu: 47.25 | epoch: 1 | total time: 67.52m | eta: 222.2m
step 01024/04357 (23.50%) | loss: 2.978048 | lrm: 1.00 | dt: 3989.99ms | tok/sec: 262,801 | bf16_mfu: 47.28 | epoch: 1 | total time: 67.58m | eta: 222.1m
step 01025/04357 (23.53%) | loss: 2.978076 | lrm: 1.00 | dt: 3993.66ms | tok/sec: 262,559 | bf16_mfu: 47.23 | epoch: 1 | total time: 67.65m | eta: 222.1m
step 01026/04357 (23.55%) | loss: 2.973249 | lrm: 1.00 | dt: 3984.75ms | tok/sec: 263,147 | bf16_mfu: 47.34 | epoch: 1 | total time: 67.72m | eta: 222.0m
step 01027/04357 (23.57%) | loss: 2.969063 | lrm: 1.00 | dt: 3984.71ms | tok/sec: 263,149 | bf16_mfu: 47.34 | epoch: 1 | total time: 67.78m | eta: 221.9m
step 01028/04357 (23.59%) | loss: 2.967969 | lrm: 1.00 | dt: 3992.04ms | tok/sec: 262,666 | bf16_mfu: 47.25 | epoch: 1 | total time: 67.85m | eta: 221.9m
step 01029/04357 (23.62%) | loss: 2.948566 | lrm: 1.00 | dt: 3991.96ms | tok/sec: 262,671 | bf16_mfu: 47.25 | epoch: 1 | total time: 67.92m | eta: 221.8m
step 01030/04357 (23.64%) | loss: 2.944840 | lrm: 1.00 | dt: 3991.12ms | tok/sec: 262,727 | bf16_mfu: 47.26 | epoch: 1 | total time: 67.98m | eta: 221.7m
step 01031/04357 (23.66%) | loss: 2.951046 | lrm: 1.00 | dt: 3990.13ms | tok/sec: 262,792 | bf16_mfu: 47.27 | epoch: 1 | total time: 68.05m | eta: 221.7m
step 01032/04357 (23.69%) | loss: 2.947373 | lrm: 1.00 | dt: 3990.61ms | tok/sec: 262,760 | bf16_mfu: 47.27 | epoch: 1 | total time: 68.12m | eta: 221.6m
step 01033/04357 (23.71%) | loss: 2.945035 | lrm: 1.00 | dt: 3989.19ms | tok/sec: 262,854 | bf16_mfu: 47.29 | epoch: 1 | total time: 68.18m | eta: 221.5m
step 01034/04357 (23.73%) | loss: 2.939969 | lrm: 1.00 | dt: 3995.80ms | tok/sec: 262,419 | bf16_mfu: 47.21 | epoch: 1 | total time: 68.25m | eta: 221.5m
step 01035/04357 (23.75%) | loss: 2.936640 | lrm: 1.00 | dt: 3991.25ms | tok/sec: 262,718 | bf16_mfu: 47.26 | epoch: 1 | total time: 68.32m | eta: 221.4m
step 01036/04357 (23.78%) | loss: 2.942201 | lrm: 1.00 | dt: 3990.36ms | tok/sec: 262,777 | bf16_mfu: 47.27 | epoch: 1 | total time: 68.38m | eta: 221.3m
step 01037/04357 (23.80%) | loss: 2.936757 | lrm: 1.00 | dt: 3992.72ms | tok/sec: 262,622 | bf16_mfu: 47.24 | epoch: 1 | total time: 68.45m | eta: 221.3m
step 01038/04357 (23.82%) | loss: 2.953516 | lrm: 1.00 | dt: 3994.08ms | tok/sec: 262,532 | bf16_mfu: 47.23 | epoch: 1 | total time: 68.51m | eta: 221.2m
step 01039/04357 (23.85%) | loss: 2.957442 | lrm: 1.00 | dt: 3992.77ms | tok/sec: 262,618 | bf16_mfu: 47.24 | epoch: 1 | total time: 68.58m | eta: 221.1m
step 01040/04357 (23.87%) | loss: 2.962482 | lrm: 1.00 | dt: 3992.89ms | tok/sec: 262,611 | bf16_mfu: 47.24 | epoch: 1 | total time: 68.65m | eta: 221.1m
step 01041/04357 (23.89%) | loss: 2.967326 | lrm: 1.00 | dt: 3990.71ms | tok/sec: 262,754 | bf16_mfu: 47.27 | epoch: 1 | total time: 68.71m | eta: 221.0m
step 01042/04357 (23.92%) | loss: 2.966636 | lrm: 1.00 | dt: 3995.13ms | tok/sec: 262,463 | bf16_mfu: 47.21 | epoch: 1 | total time: 68.78m | eta: 220.9m
step 01043/04357 (23.94%) | loss: 2.971220 | lrm: 1.00 | dt: 3991.31ms | tok/sec: 262,714 | bf16_mfu: 47.26 | epoch: 1 | total time: 68.85m | eta: 220.9m
step 01044/04357 (23.96%) | loss: 2.971715 | lrm: 1.00 | dt: 3995.28ms | tok/sec: 262,453 | bf16_mfu: 47.21 | epoch: 1 | total time: 68.91m | eta: 220.8m
step 01045/04357 (23.98%) | loss: 2.969665 | lrm: 1.00 | dt: 3995.08ms | tok/sec: 262,466 | bf16_mfu: 47.22 | epoch: 1 | total time: 68.98m | eta: 220.7m
step 01046/04357 (24.01%) | loss: 2.962194 | lrm: 1.00 | dt: 3997.70ms | tok/sec: 262,294 | bf16_mfu: 47.18 | epoch: 1 | total time: 69.05m | eta: 220.7m
step 01047/04357 (24.03%) | loss: 2.960830 | lrm: 1.00 | dt: 3993.73ms | tok/sec: 262,555 | bf16_mfu: 47.23 | epoch: 1 | total time: 69.11m | eta: 220.6m
step 01048/04357 (24.05%) | loss: 2.960502 | lrm: 1.00 | dt: 3993.03ms | tok/sec: 262,601 | bf16_mfu: 47.24 | epoch: 1 | total time: 69.18m | eta: 220.5m
step 01049/04357 (24.08%) | loss: 2.955005 | lrm: 1.00 | dt: 3991.35ms | tok/sec: 262,712 | bf16_mfu: 47.26 | epoch: 1 | total time: 69.25m | eta: 220.5m
step 01050/04357 (24.10%) | loss: 2.949470 | lrm: 1.00 | dt: 3993.03ms | tok/sec: 262,601 | bf16_mfu: 47.24 | epoch: 1 | total time: 69.31m | eta: 220.4m
step 01051/04357 (24.12%) | loss: 2.956440 | lrm: 1.00 | dt: 4007.57ms | tok/sec: 261,648 | bf16_mfu: 47.07 | epoch: 1 | total time: 69.38m | eta: 220.3m
step 01052/04357 (24.15%) | loss: 2.956510 | lrm: 1.00 | dt: 3997.95ms | tok/sec: 262,278 | bf16_mfu: 47.18 | epoch: 1 | total time: 69.45m | eta: 220.3m
step 01053/04357 (24.17%) | loss: 2.957284 | lrm: 1.00 | dt: 4033.33ms | tok/sec: 259,977 | bf16_mfu: 46.77 | epoch: 1 | total time: 69.51m | eta: 220.2m
step 01054/04357 (24.19%) | loss: 2.948879 | lrm: 1.00 | dt: 3988.73ms | tok/sec: 262,884 | bf16_mfu: 47.29 | epoch: 1 | total time: 69.58m | eta: 220.1m
step 01055/04357 (24.21%) | loss: 2.934867 | lrm: 1.00 | dt: 3995.20ms | tok/sec: 262,458 | bf16_mfu: 47.21 | epoch: 1 | total time: 69.65m | eta: 220.1m
step 01056/04357 (24.24%) | loss: 2.947936 | lrm: 1.00 | dt: 4009.46ms | tok/sec: 261,525 | bf16_mfu: 47.05 | epoch: 1 | total time: 69.71m | eta: 220.0m
step 01057/04357 (24.26%) | loss: 2.956161 | lrm: 1.00 | dt: 3995.29ms | tok/sec: 262,452 | bf16_mfu: 47.21 | epoch: 1 | total time: 69.78m | eta: 219.9m
step 01058/04357 (24.28%) | loss: 2.941851 | lrm: 1.00 | dt: 4007.52ms | tok/sec: 261,651 | bf16_mfu: 47.07 | epoch: 1 | total time: 69.85m | eta: 219.9m
step 01059/04357 (24.31%) | loss: 2.927410 | lrm: 1.00 | dt: 3994.59ms | tok/sec: 262,499 | bf16_mfu: 47.22 | epoch: 1 | total time: 69.91m | eta: 219.8m
step 01060/04357 (24.33%) | loss: 2.943942 | lrm: 1.00 | dt: 3992.91ms | tok/sec: 262,609 | bf16_mfu: 47.24 | epoch: 1 | total time: 69.98m | eta: 219.7m
step 01061/04357 (24.35%) | loss: 2.952153 | lrm: 1.00 | dt: 4003.09ms | tok/sec: 261,941 | bf16_mfu: 47.12 | epoch: 1 | total time: 70.05m | eta: 219.7m
step 01062/04357 (24.37%) | loss: 2.953184 | lrm: 1.00 | dt: 3995.51ms | tok/sec: 262,438 | bf16_mfu: 47.21 | epoch: 1 | total time: 70.11m | eta: 219.6m
step 01063/04357 (24.40%) | loss: 2.954977 | lrm: 1.00 | dt: 4002.60ms | tok/sec: 261,973 | bf16_mfu: 47.13 | epoch: 1 | total time: 70.18m | eta: 219.5m
step 01064/04357 (24.42%) | loss: 2.947979 | lrm: 1.00 | dt: 4025.74ms | tok/sec: 260,468 | bf16_mfu: 46.86 | epoch: 1 | total time: 70.25m | eta: 219.5m
step 01065/04357 (24.44%) | loss: 2.944725 | lrm: 1.00 | dt: 3982.74ms | tok/sec: 263,279 | bf16_mfu: 47.36 | epoch: 1 | total time: 70.31m | eta: 219.4m
step 01066/04357 (24.47%) | loss: 2.945861 | lrm: 1.00 | dt: 4006.20ms | tok/sec: 261,738 | bf16_mfu: 47.08 | epoch: 1 | total time: 70.38m | eta: 219.3m
step 01067/04357 (24.49%) | loss: 2.957237 | lrm: 1.00 | dt: 4000.89ms | tok/sec: 262,085 | bf16_mfu: 47.15 | epoch: 1 | total time: 70.45m | eta: 219.3m
step 01068/04357 (24.51%) | loss: 2.960356 | lrm: 1.00 | dt: 4004.02ms | tok/sec: 261,881 | bf16_mfu: 47.11 | epoch: 1 | total time: 70.51m | eta: 219.2m
step 01069/04357 (24.54%) | loss: 2.964659 | lrm: 1.00 | dt: 3999.16ms | tok/sec: 262,199 | bf16_mfu: 47.17 | epoch: 1 | total time: 70.58m | eta: 219.1m
step 01070/04357 (24.56%) | loss: 2.963677 | lrm: 1.00 | dt: 4009.73ms | tok/sec: 261,507 | bf16_mfu: 47.04 | epoch: 1 | total time: 70.65m | eta: 219.1m
step 01071/04357 (24.58%) | loss: 2.963402 | lrm: 1.00 | dt: 3993.55ms | tok/sec: 262,567 | bf16_mfu: 47.23 | epoch: 1 | total time: 70.71m | eta: 219.0m
step 01072/04357 (24.60%) | loss: 2.956141 | lrm: 1.00 | dt: 3994.70ms | tok/sec: 262,491 | bf16_mfu: 47.22 | epoch: 1 | total time: 70.78m | eta: 218.9m
step 01073/04357 (24.63%) | loss: 2.962411 | lrm: 1.00 | dt: 3999.03ms | tok/sec: 262,207 | bf16_mfu: 47.17 | epoch: 1 | total time: 70.85m | eta: 218.9m
step 01074/04357 (24.65%) | loss: 2.949346 | lrm: 1.00 | dt: 4006.79ms | tok/sec: 261,699 | bf16_mfu: 47.08 | epoch: 1 | total time: 70.91m | eta: 218.8m
step 01075/04357 (24.67%) | loss: 2.947209 | lrm: 1.00 | dt: 4002.10ms | tok/sec: 262,006 | bf16_mfu: 47.13 | epoch: 1 | total time: 70.98m | eta: 218.7m
step 01076/04357 (24.70%) | loss: 2.951047 | lrm: 1.00 | dt: 3993.58ms | tok/sec: 262,565 | bf16_mfu: 47.23 | epoch: 1 | total time: 71.05m | eta: 218.7m
step 01077/04357 (24.72%) | loss: 2.939273 | lrm: 1.00 | dt: 3991.45ms | tok/sec: 262,705 | bf16_mfu: 47.26 | epoch: 1 | total time: 71.11m | eta: 218.6m
step 01078/04357 (24.74%) | loss: 2.951624 | lrm: 1.00 | dt: 3992.68ms | tok/sec: 262,624 | bf16_mfu: 47.24 | epoch: 1 | total time: 71.18m | eta: 218.5m
step 01079/04357 (24.76%) | loss: 2.950867 | lrm: 1.00 | dt: 3995.77ms | tok/sec: 262,421 | bf16_mfu: 47.21 | epoch: 1 | total time: 71.25m | eta: 218.5m
step 01080/04357 (24.79%) | loss: 2.968898 | lrm: 1.00 | dt: 4004.79ms | tok/sec: 261,830 | bf16_mfu: 47.10 | epoch: 1 | total time: 71.31m | eta: 218.4m
step 01081/04357 (24.81%) | loss: 2.962850 | lrm: 1.00 | dt: 3995.63ms | tok/sec: 262,430 | bf16_mfu: 47.21 | epoch: 1 | total time: 71.38m | eta: 218.3m
step 01082/04357 (24.83%) | loss: 2.971087 | lrm: 1.00 | dt: 3993.41ms | tok/sec: 262,576 | bf16_mfu: 47.24 | epoch: 1 | total time: 71.45m | eta: 218.3m
step 01083/04357 (24.86%) | loss: 2.974372 | lrm: 1.00 | dt: 4007.91ms | tok/sec: 261,626 | bf16_mfu: 47.06 | epoch: 1 | total time: 71.51m | eta: 218.2m
step 01084/04357 (24.88%) | loss: 2.980453 | lrm: 1.00 | dt: 3993.37ms | tok/sec: 262,579 | bf16_mfu: 47.24 | epoch: 1 | total time: 71.58m | eta: 218.1m
step 01085/04357 (24.90%) | loss: 2.973016 | lrm: 1.00 | dt: 3998.30ms | tok/sec: 262,255 | bf16_mfu: 47.18 | epoch: 1 | total time: 71.65m | eta: 218.1m
step 01086/04357 (24.93%) | loss: 2.971985 | lrm: 1.00 | dt: 4003.93ms | tok/sec: 261,886 | bf16_mfu: 47.11 | epoch: 1 | total time: 71.71m | eta: 218.0m
step 01087/04357 (24.95%) | loss: 2.971168 | lrm: 1.00 | dt: 3992.42ms | tok/sec: 262,641 | bf16_mfu: 47.25 | epoch: 1 | total time: 71.78m | eta: 217.9m
step 01088/04357 (24.97%) | loss: 2.968390 | lrm: 1.00 | dt: 3991.32ms | tok/sec: 262,714 | bf16_mfu: 47.26 | epoch: 1 | total time: 71.85m | eta: 217.9m
step 01089/04357 (24.99%) | loss: 2.967283 | lrm: 1.00 | dt: 3992.12ms | tok/sec: 262,661 | bf16_mfu: 47.25 | epoch: 1 | total time: 71.91m | eta: 217.8m
step 01090/04357 (25.02%) | loss: 2.959923 | lrm: 1.00 | dt: 3992.48ms | tok/sec: 262,637 | bf16_mfu: 47.25 | epoch: 1 | total time: 71.98m | eta: 217.7m
step 01091/04357 (25.04%) | loss: 2.959927 | lrm: 1.00 | dt: 3991.43ms | tok/sec: 262,706 | bf16_mfu: 47.26 | epoch: 1 | total time: 72.05m | eta: 217.7m
step 01092/04357 (25.06%) | loss: 2.962902 | lrm: 1.00 | dt: 3991.11ms | tok/sec: 262,727 | bf16_mfu: 47.26 | epoch: 1 | total time: 72.11m | eta: 217.6m
step 01093/04357 (25.09%) | loss: 2.957234 | lrm: 1.00 | dt: 3986.03ms | tok/sec: 263,063 | bf16_mfu: 47.32 | epoch: 1 | total time: 72.18m | eta: 217.5m
step 01094/04357 (25.11%) | loss: 2.957329 | lrm: 1.00 | dt: 3993.84ms | tok/sec: 262,548 | bf16_mfu: 47.23 | epoch: 1 | total time: 72.25m | eta: 217.5m
step 01095/04357 (25.13%) | loss: 2.956270 | lrm: 1.00 | dt: 3991.40ms | tok/sec: 262,709 | bf16_mfu: 47.26 | epoch: 1 | total time: 72.31m | eta: 217.4m
step 01096/04357 (25.15%) | loss: 2.956395 | lrm: 1.00 | dt: 3988.70ms | tok/sec: 262,886 | bf16_mfu: 47.29 | epoch: 1 | total time: 72.38m | eta: 217.3m
step 01097/04357 (25.18%) | loss: 2.959601 | lrm: 1.00 | dt: 3989.35ms | tok/sec: 262,844 | bf16_mfu: 47.28 | epoch: 1 | total time: 72.45m | eta: 217.3m
step 01098/04357 (25.20%) | loss: 2.962701 | lrm: 1.00 | dt: 3993.16ms | tok/sec: 262,592 | bf16_mfu: 47.24 | epoch: 1 | total time: 72.51m | eta: 217.2m
step 01099/04357 (25.22%) | loss: 2.958164 | lrm: 1.00 | dt: 3988.26ms | tok/sec: 262,915 | bf16_mfu: 47.30 | epoch: 1 | total time: 72.58m | eta: 217.1m
step 01100/04357 (25.25%) | loss: 2.956231 | lrm: 1.00 | dt: 3984.76ms | tok/sec: 263,146 | bf16_mfu: 47.34 | epoch: 1 | total time: 72.64m | eta: 217.1m
step 01101/04357 (25.27%) | loss: 2.952016 | lrm: 1.00 | dt: 3983.55ms | tok/sec: 263,226 | bf16_mfu: 47.35 | epoch: 1 | total time: 72.71m | eta: 217.0m
step 01102/04357 (25.29%) | loss: 2.949213 | lrm: 1.00 | dt: 3996.63ms | tok/sec: 262,364 | bf16_mfu: 47.20 | epoch: 1 | total time: 72.78m | eta: 216.9m
step 01103/04357 (25.32%) | loss: 2.938644 | lrm: 1.00 | dt: 3993.08ms | tok/sec: 262,598 | bf16_mfu: 47.24 | epoch: 1 | total time: 72.84m | eta: 216.9m
step 01104/04357 (25.34%) | loss: 2.935125 | lrm: 1.00 | dt: 3990.14ms | tok/sec: 262,791 | bf16_mfu: 47.27 | epoch: 1 | total time: 72.91m | eta: 216.8m
step 01105/04357 (25.36%) | loss: 2.938300 | lrm: 1.00 | dt: 3985.77ms | tok/sec: 263,080 | bf16_mfu: 47.33 | epoch: 1 | total time: 72.98m | eta: 216.7m
step 01106/04357 (25.38%) | loss: 2.960932 | lrm: 1.00 | dt: 3985.38ms | tok/sec: 263,105 | bf16_mfu: 47.33 | epoch: 1 | total time: 73.04m | eta: 216.7m
step 01107/04357 (25.41%) | loss: 2.952768 | lrm: 1.00 | dt: 3984.86ms | tok/sec: 263,140 | bf16_mfu: 47.34 | epoch: 1 | total time: 73.11m | eta: 216.6m
step 01108/04357 (25.43%) | loss: 2.952483 | lrm: 1.00 | dt: 3990.35ms | tok/sec: 262,778 | bf16_mfu: 47.27 | epoch: 1 | total time: 73.18m | eta: 216.5m
step 01109/04357 (25.45%) | loss: 2.952630 | lrm: 1.00 | dt: 3980.42ms | tok/sec: 263,433 | bf16_mfu: 47.39 | epoch: 1 | total time: 73.24m | eta: 216.5m
step 01110/04357 (25.48%) | loss: 2.945698 | lrm: 1.00 | dt: 3983.87ms | tok/sec: 263,205 | bf16_mfu: 47.35 | epoch: 1 | total time: 73.31m | eta: 216.4m
step 01111/04357 (25.50%) | loss: 2.951305 | lrm: 1.00 | dt: 3987.41ms | tok/sec: 262,971 | bf16_mfu: 47.31 | epoch: 1 | total time: 73.38m | eta: 216.3m
step 01112/04357 (25.52%) | loss: 2.955326 | lrm: 1.00 | dt: 3985.55ms | tok/sec: 263,094 | bf16_mfu: 47.33 | epoch: 1 | total time: 73.44m | eta: 216.3m
step 01113/04357 (25.55%) | loss: 2.949151 | lrm: 1.00 | dt: 3986.90ms | tok/sec: 263,005 | bf16_mfu: 47.31 | epoch: 1 | total time: 73.51m | eta: 216.2m
step 01114/04357 (25.57%) | loss: 2.956152 | lrm: 1.00 | dt: 3990.73ms | tok/sec: 262,753 | bf16_mfu: 47.27 | epoch: 1 | total time: 73.58m | eta: 216.1m
step 01115/04357 (25.59%) | loss: 2.955711 | lrm: 1.00 | dt: 3989.74ms | tok/sec: 262,818 | bf16_mfu: 47.28 | epoch: 1 | total time: 73.64m | eta: 216.1m
step 01116/04357 (25.61%) | loss: 2.945356 | lrm: 1.00 | dt: 3973.52ms | tok/sec: 263,890 | bf16_mfu: 47.47 | epoch: 1 | total time: 73.71m | eta: 216.0m
step 01117/04357 (25.64%) | loss: 2.945765 | lrm: 1.00 | dt: 3992.30ms | tok/sec: 262,649 | bf16_mfu: 47.25 | epoch: 1 | total time: 73.77m | eta: 215.9m
step 01118/04357 (25.66%) | loss: 2.938867 | lrm: 1.00 | dt: 3990.86ms | tok/sec: 262,744 | bf16_mfu: 47.27 | epoch: 1 | total time: 73.84m | eta: 215.9m
step 01119/04357 (25.68%) | loss: 2.945341 | lrm: 1.00 | dt: 3980.38ms | tok/sec: 263,436 | bf16_mfu: 47.39 | epoch: 1 | total time: 73.91m | eta: 215.8m
step 01120/04357 (25.71%) | loss: 2.929760 | lrm: 1.00 | dt: 3996.97ms | tok/sec: 262,342 | bf16_mfu: 47.19 | epoch: 1 | total time: 73.97m | eta: 215.7m
step 01121/04357 (25.73%) | loss: 2.924812 | lrm: 1.00 | dt: 3979.74ms | tok/sec: 263,478 | bf16_mfu: 47.40 | epoch: 1 | total time: 74.04m | eta: 215.7m
step 01122/04357 (25.75%) | loss: 2.930661 | lrm: 1.00 | dt: 3991.95ms | tok/sec: 262,672 | bf16_mfu: 47.25 | epoch: 1 | total time: 74.11m | eta: 215.6m
step 01123/04357 (25.77%) | loss: 2.908465 | lrm: 1.00 | dt: 3988.53ms | tok/sec: 262,897 | bf16_mfu: 47.29 | epoch: 1 | total time: 74.17m | eta: 215.5m
step 01124/04357 (25.80%) | loss: 2.898253 | lrm: 1.00 | dt: 3989.58ms | tok/sec: 262,828 | bf16_mfu: 47.28 | epoch: 1 | total time: 74.24m | eta: 215.5m
step 01125/04357 (25.82%) | loss: 2.897084 | lrm: 1.00 | dt: 3990.04ms | tok/sec: 262,798 | bf16_mfu: 47.28 | epoch: 1 | total time: 74.31m | eta: 215.4m
step 01126/04357 (25.84%) | loss: 2.908620 | lrm: 1.00 | dt: 3986.46ms | tok/sec: 263,034 | bf16_mfu: 47.32 | epoch: 1 | total time: 74.37m | eta: 215.3m
step 01127/04357 (25.87%) | loss: 2.907847 | lrm: 1.00 | dt: 3978.28ms | tok/sec: 263,575 | bf16_mfu: 47.41 | epoch: 1 | total time: 74.44m | eta: 215.3m
step 01128/04357 (25.89%) | loss: 2.925361 | lrm: 1.00 | dt: 3990.60ms | tok/sec: 262,761 | bf16_mfu: 47.27 | epoch: 1 | total time: 74.51m | eta: 215.2m
step 01129/04357 (25.91%) | loss: 2.921805 | lrm: 1.00 | dt: 3988.01ms | tok/sec: 262,932 | bf16_mfu: 47.30 | epoch: 1 | total time: 74.57m | eta: 215.1m
step 01130/04357 (25.94%) | loss: 2.915650 | lrm: 1.00 | dt: 3991.23ms | tok/sec: 262,720 | bf16_mfu: 47.26 | epoch: 1 | total time: 74.64m | eta: 215.1m
step 01131/04357 (25.96%) | loss: 2.928197 | lrm: 1.00 | dt: 3980.68ms | tok/sec: 263,416 | bf16_mfu: 47.39 | epoch: 1 | total time: 74.71m | eta: 215.0m
step 01132/04357 (25.98%) | loss: 2.939801 | lrm: 1.00 | dt: 3990.81ms | tok/sec: 262,747 | bf16_mfu: 47.27 | epoch: 1 | total time: 74.77m | eta: 214.9m
step 01133/04357 (26.00%) | loss: 2.933876 | lrm: 1.00 | dt: 4015.24ms | tok/sec: 261,149 | bf16_mfu: 46.98 | epoch: 1 | total time: 74.84m | eta: 214.9m
step 01134/04357 (26.03%) | loss: 2.917092 | lrm: 1.00 | dt: 3986.78ms | tok/sec: 263,013 | bf16_mfu: 47.31 | epoch: 1 | total time: 74.90m | eta: 214.8m
step 01135/04357 (26.05%) | loss: 2.911350 | lrm: 1.00 | dt: 3994.63ms | tok/sec: 262,496 | bf16_mfu: 47.22 | epoch: 1 | total time: 74.97m | eta: 214.7m
step 01136/04357 (26.07%) | loss: 2.919192 | lrm: 1.00 | dt: 3990.04ms | tok/sec: 262,798 | bf16_mfu: 47.28 | epoch: 1 | total time: 75.04m | eta: 214.7m
step 01137/04357 (26.10%) | loss: 2.918206 | lrm: 1.00 | dt: 3991.07ms | tok/sec: 262,730 | bf16_mfu: 47.26 | epoch: 1 | total time: 75.10m | eta: 214.6m
step 01138/04357 (26.12%) | loss: 2.933388 | lrm: 1.00 | dt: 3991.53ms | tok/sec: 262,700 | bf16_mfu: 47.26 | epoch: 1 | total time: 75.17m | eta: 214.5m
step 01139/04357 (26.14%) | loss: 2.933476 | lrm: 1.00 | dt: 3991.84ms | tok/sec: 262,680 | bf16_mfu: 47.25 | epoch: 1 | total time: 75.24m | eta: 214.5m
step 01140/04357 (26.16%) | loss: 2.935462 | lrm: 1.00 | dt: 3991.28ms | tok/sec: 262,716 | bf16_mfu: 47.26 | epoch: 1 | total time: 75.30m | eta: 214.4m
step 01141/04357 (26.19%) | loss: 2.959224 | lrm: 1.00 | dt: 3989.80ms | tok/sec: 262,814 | bf16_mfu: 47.28 | epoch: 1 | total time: 75.37m | eta: 214.3m
step 01142/04357 (26.21%) | loss: 2.957131 | lrm: 1.00 | dt: 3991.21ms | tok/sec: 262,721 | bf16_mfu: 47.26 | epoch: 1 | total time: 75.44m | eta: 214.2m
step 01143/04357 (26.23%) | loss: 2.947596 | lrm: 1.00 | dt: 3993.62ms | tok/sec: 262,562 | bf16_mfu: 47.23 | epoch: 1 | total time: 75.50m | eta: 214.2m
step 01144/04357 (26.26%) | loss: 2.944607 | lrm: 1.00 | dt: 3984.50ms | tok/sec: 263,164 | bf16_mfu: 47.34 | epoch: 1 | total time: 75.57m | eta: 214.1m
step 01145/04357 (26.28%) | loss: 2.949908 | lrm: 1.00 | dt: 3981.58ms | tok/sec: 263,356 | bf16_mfu: 47.38 | epoch: 1 | total time: 75.64m | eta: 214.0m
step 01146/04357 (26.30%) | loss: 2.951636 | lrm: 1.00 | dt: 3986.25ms | tok/sec: 263,048 | bf16_mfu: 47.32 | epoch: 1 | total time: 75.70m | eta: 214.0m
step 01147/04357 (26.33%) | loss: 2.945473 | lrm: 1.00 | dt: 3996.62ms | tok/sec: 262,365 | bf16_mfu: 47.20 | epoch: 1 | total time: 75.77m | eta: 213.9m
step 01148/04357 (26.35%) | loss: 2.946413 | lrm: 1.00 | dt: 3991.02ms | tok/sec: 262,733 | bf16_mfu: 47.26 | epoch: 1 | total time: 75.84m | eta: 213.8m
step 01149/04357 (26.37%) | loss: 2.958834 | lrm: 1.00 | dt: 3986.66ms | tok/sec: 263,021 | bf16_mfu: 47.32 | epoch: 1 | total time: 75.90m | eta: 213.8m
step 01150/04357 (26.39%) | loss: 2.959707 | lrm: 1.00 | dt: 4001.56ms | tok/sec: 262,041 | bf16_mfu: 47.14 | epoch: 1 | total time: 75.97m | eta: 213.7m
step 01151/04357 (26.42%) | loss: 2.956161 | lrm: 1.00 | dt: 3992.83ms | tok/sec: 262,614 | bf16_mfu: 47.24 | epoch: 1 | total time: 76.04m | eta: 213.6m
step 01152/04357 (26.44%) | loss: 2.963668 | lrm: 1.00 | dt: 3992.06ms | tok/sec: 262,665 | bf16_mfu: 47.25 | epoch: 1 | total time: 76.10m | eta: 213.6m
step 01153/04357 (26.46%) | loss: 2.959103 | lrm: 1.00 | dt: 3992.22ms | tok/sec: 262,655 | bf16_mfu: 47.25 | epoch: 1 | total time: 76.17m | eta: 213.5m
step 01154/04357 (26.49%) | loss: 2.972560 | lrm: 1.00 | dt: 3990.69ms | tok/sec: 262,755 | bf16_mfu: 47.27 | epoch: 1 | total time: 76.24m | eta: 213.4m
step 01155/04357 (26.51%) | loss: 2.974068 | lrm: 1.00 | dt: 3985.60ms | tok/sec: 263,091 | bf16_mfu: 47.33 | epoch: 1 | total time: 76.30m | eta: 213.4m
step 01156/04357 (26.53%) | loss: 2.989967 | lrm: 1.00 | dt: 3990.03ms | tok/sec: 262,799 | bf16_mfu: 47.28 | epoch: 1 | total time: 76.37m | eta: 213.3m
step 01157/04357 (26.55%) | loss: 2.989197 | lrm: 1.00 | dt: 3982.04ms | tok/sec: 263,326 | bf16_mfu: 47.37 | epoch: 1 | total time: 76.43m | eta: 213.2m
step 01158/04357 (26.58%) | loss: 2.993028 | lrm: 1.00 | dt: 3990.65ms | tok/sec: 262,758 | bf16_mfu: 47.27 | epoch: 1 | total time: 76.50m | eta: 213.2m
step 01159/04357 (26.60%) | loss: 2.983803 | lrm: 1.00 | dt: 3998.90ms | tok/sec: 262,215 | bf16_mfu: 47.17 | epoch: 1 | total time: 76.57m | eta: 213.1m
step 01160/04357 (26.62%) | loss: 2.967876 | lrm: 1.00 | dt: 4000.02ms | tok/sec: 262,142 | bf16_mfu: 47.16 | epoch: 1 | total time: 76.63m | eta: 213.0m
step 01161/04357 (26.65%) | loss: 2.957420 | lrm: 1.00 | dt: 3990.66ms | tok/sec: 262,757 | bf16_mfu: 47.27 | epoch: 1 | total time: 76.70m | eta: 213.0m
step 01162/04357 (26.67%) | loss: 2.957124 | lrm: 1.00 | dt: 3985.92ms | tok/sec: 263,070 | bf16_mfu: 47.32 | epoch: 1 | total time: 76.77m | eta: 212.9m
step 01163/04357 (26.69%) | loss: 2.947211 | lrm: 1.00 | dt: 3958.75ms | tok/sec: 264,875 | bf16_mfu: 47.65 | epoch: 1 | total time: 76.83m | eta: 212.8m
step 01164/04357 (26.72%) | loss: 2.951726 | lrm: 1.00 | dt: 3967.37ms | tok/sec: 264,299 | bf16_mfu: 47.55 | epoch: 1 | total time: 76.90m | eta: 212.8m
step 01165/04357 (26.74%) | loss: 2.941413 | lrm: 1.00 | dt: 3973.18ms | tok/sec: 263,913 | bf16_mfu: 47.48 | epoch: 1 | total time: 76.97m | eta: 212.7m
step 01166/04357 (26.76%) | loss: 2.942875 | lrm: 1.00 | dt: 3972.02ms | tok/sec: 263,990 | bf16_mfu: 47.49 | epoch: 1 | total time: 77.03m | eta: 212.6m
step 01167/04357 (26.78%) | loss: 2.952809 | lrm: 1.00 | dt: 3976.40ms | tok/sec: 263,699 | bf16_mfu: 47.44 | epoch: 1 | total time: 77.10m | eta: 212.6m
step 01168/04357 (26.81%) | loss: 2.956070 | lrm: 1.00 | dt: 3972.61ms | tok/sec: 263,951 | bf16_mfu: 47.48 | epoch: 1 | total time: 77.16m | eta: 212.5m
step 01169/04357 (26.83%) | loss: 2.953741 | lrm: 1.00 | dt: 3974.99ms | tok/sec: 263,793 | bf16_mfu: 47.45 | epoch: 1 | total time: 77.23m | eta: 212.4m
step 01170/04357 (26.85%) | loss: 2.954318 | lrm: 1.00 | dt: 3983.29ms | tok/sec: 263,244 | bf16_mfu: 47.36 | epoch: 1 | total time: 77.30m | eta: 212.4m
step 01171/04357 (26.88%) | loss: 2.951008 | lrm: 1.00 | dt: 3977.01ms | tok/sec: 263,659 | bf16_mfu: 47.43 | epoch: 1 | total time: 77.36m | eta: 212.3m
step 01172/04357 (26.90%) | loss: 2.950597 | lrm: 1.00 | dt: 3986.57ms | tok/sec: 263,026 | bf16_mfu: 47.32 | epoch: 1 | total time: 77.43m | eta: 212.2m
step 01173/04357 (26.92%) | loss: 2.942062 | lrm: 1.00 | dt: 3995.38ms | tok/sec: 262,447 | bf16_mfu: 47.21 | epoch: 1 | total time: 77.50m | eta: 212.2m
step 01174/04357 (26.95%) | loss: 2.937680 | lrm: 1.00 | dt: 3985.87ms | tok/sec: 263,073 | bf16_mfu: 47.32 | epoch: 1 | total time: 77.56m | eta: 212.1m
step 01175/04357 (26.97%) | loss: 2.927977 | lrm: 1.00 | dt: 3982.28ms | tok/sec: 263,310 | bf16_mfu: 47.37 | epoch: 1 | total time: 77.63m | eta: 212.0m
step 01176/04357 (26.99%) | loss: 2.926329 | lrm: 1.00 | dt: 3990.91ms | tok/sec: 262,740 | bf16_mfu: 47.26 | epoch: 1 | total time: 77.70m | eta: 212.0m
step 01177/04357 (27.01%) | loss: 2.923881 | lrm: 1.00 | dt: 3981.62ms | tok/sec: 263,354 | bf16_mfu: 47.38 | epoch: 1 | total time: 77.76m | eta: 211.9m
step 01178/04357 (27.04%) | loss: 2.918501 | lrm: 1.00 | dt: 3983.68ms | tok/sec: 263,217 | bf16_mfu: 47.35 | epoch: 1 | total time: 77.83m | eta: 211.8m
step 01179/04357 (27.06%) | loss: 2.920141 | lrm: 1.00 | dt: 3987.78ms | tok/sec: 262,947 | bf16_mfu: 47.30 | epoch: 1 | total time: 77.89m | eta: 211.8m
step 01180/04357 (27.08%) | loss: 2.923660 | lrm: 1.00 | dt: 3984.87ms | tok/sec: 263,139 | bf16_mfu: 47.34 | epoch: 1 | total time: 77.96m | eta: 211.7m
step 01181/04357 (27.11%) | loss: 2.927570 | lrm: 1.00 | dt: 3986.43ms | tok/sec: 263,036 | bf16_mfu: 47.32 | epoch: 1 | total time: 78.03m | eta: 211.6m
step 01182/04357 (27.13%) | loss: 2.924510 | lrm: 1.00 | dt: 3979.51ms | tok/sec: 263,493 | bf16_mfu: 47.40 | epoch: 1 | total time: 78.09m | eta: 211.6m
step 01183/04357 (27.15%) | loss: 2.914037 | lrm: 1.00 | dt: 3985.31ms | tok/sec: 263,110 | bf16_mfu: 47.33 | epoch: 1 | total time: 78.16m | eta: 211.5m
step 01184/04357 (27.17%) | loss: 2.919625 | lrm: 1.00 | dt: 3990.58ms | tok/sec: 262,763 | bf16_mfu: 47.27 | epoch: 1 | total time: 78.23m | eta: 211.4m
step 01185/04357 (27.20%) | loss: 2.925803 | lrm: 1.00 | dt: 3988.96ms | tok/sec: 262,869 | bf16_mfu: 47.29 | epoch: 1 | total time: 78.29m | eta: 211.4m
step 01186/04357 (27.22%) | loss: 2.926451 | lrm: 1.00 | dt: 3988.39ms | tok/sec: 262,906 | bf16_mfu: 47.29 | epoch: 1 | total time: 78.36m | eta: 211.3m
step 01187/04357 (27.24%) | loss: 2.927655 | lrm: 1.00 | dt: 3985.30ms | tok/sec: 263,111 | bf16_mfu: 47.33 | epoch: 1 | total time: 78.43m | eta: 211.2m
step 01188/04357 (27.27%) | loss: 2.930119 | lrm: 1.00 | dt: 3989.51ms | tok/sec: 262,833 | bf16_mfu: 47.28 | epoch: 1 | total time: 78.49m | eta: 211.2m
step 01189/04357 (27.29%) | loss: 2.928439 | lrm: 1.00 | dt: 3984.65ms | tok/sec: 263,153 | bf16_mfu: 47.34 | epoch: 1 | total time: 78.56m | eta: 211.1m
step 01190/04357 (27.31%) | loss: 2.940746 | lrm: 1.00 | dt: 3979.40ms | tok/sec: 263,501 | bf16_mfu: 47.40 | epoch: 1 | total time: 78.63m | eta: 211.0m
step 01191/04357 (27.34%) | loss: 2.915362 | lrm: 1.00 | dt: 3982.79ms | tok/sec: 263,276 | bf16_mfu: 47.36 | epoch: 1 | total time: 78.69m | eta: 211.0m
step 01192/04357 (27.36%) | loss: 2.913942 | lrm: 1.00 | dt: 3981.62ms | tok/sec: 263,353 | bf16_mfu: 47.38 | epoch: 1 | total time: 78.76m | eta: 210.9m
step 01193/04357 (27.38%) | loss: 2.924801 | lrm: 1.00 | dt: 3990.45ms | tok/sec: 262,771 | bf16_mfu: 47.27 | epoch: 1 | total time: 78.82m | eta: 210.8m
step 01194/04357 (27.40%) | loss: 2.917989 | lrm: 1.00 | dt: 3986.28ms | tok/sec: 263,045 | bf16_mfu: 47.32 | epoch: 1 | total time: 78.89m | eta: 210.8m
step 01195/04357 (27.43%) | loss: 2.922739 | lrm: 1.00 | dt: 3978.98ms | tok/sec: 263,529 | bf16_mfu: 47.41 | epoch: 1 | total time: 78.96m | eta: 210.7m
step 01196/04357 (27.45%) | loss: 2.925313 | lrm: 1.00 | dt: 3981.59ms | tok/sec: 263,356 | bf16_mfu: 47.38 | epoch: 1 | total time: 79.02m | eta: 210.6m
step 01197/04357 (27.47%) | loss: 2.939467 | lrm: 1.00 | dt: 3986.07ms | tok/sec: 263,059 | bf16_mfu: 47.32 | epoch: 1 | total time: 79.09m | eta: 210.6m
step 01198/04357 (27.50%) | loss: 2.934130 | lrm: 1.00 | dt: 3987.07ms | tok/sec: 262,994 | bf16_mfu: 47.31 | epoch: 1 | total time: 79.16m | eta: 210.5m
step 01199/04357 (27.52%) | loss: 2.921314 | lrm: 1.00 | dt: 3979.34ms | tok/sec: 263,504 | bf16_mfu: 47.40 | epoch: 1 | total time: 79.22m | eta: 210.4m
step 01200/04357 (27.54%) | loss: 2.925655 | lrm: 1.00 | dt: 3981.25ms | tok/sec: 263,378 | bf16_mfu: 47.38 | epoch: 1 | total time: 79.29m | eta: 210.4m
step 01201/04357 (27.56%) | loss: 2.927377 | lrm: 1.00 | dt: 3981.69ms | tok/sec: 263,349 | bf16_mfu: 47.37 | epoch: 1 | total time: 79.36m | eta: 210.3m
step 01202/04357 (27.59%) | loss: 2.924918 | lrm: 1.00 | dt: 3989.02ms | tok/sec: 262,865 | bf16_mfu: 47.29 | epoch: 1 | total time: 79.42m | eta: 210.2m
step 01203/04357 (27.61%) | loss: 2.916013 | lrm: 1.00 | dt: 3989.97ms | tok/sec: 262,802 | bf16_mfu: 47.28 | epoch: 1 | total time: 79.49m | eta: 210.1m
step 01204/04357 (27.63%) | loss: 2.923533 | lrm: 1.00 | dt: 3992.29ms | tok/sec: 262,650 | bf16_mfu: 47.25 | epoch: 1 | total time: 79.56m | eta: 210.1m
step 01205/04357 (27.66%) | loss: 2.926388 | lrm: 1.00 | dt: 3993.52ms | tok/sec: 262,569 | bf16_mfu: 47.23 | epoch: 1 | total time: 79.62m | eta: 210.0m
step 01206/04357 (27.68%) | loss: 2.913676 | lrm: 1.00 | dt: 3990.37ms | tok/sec: 262,776 | bf16_mfu: 47.27 | epoch: 1 | total time: 79.69m | eta: 209.9m
step 01207/04357 (27.70%) | loss: 2.914852 | lrm: 1.00 | dt: 3997.27ms | tok/sec: 262,322 | bf16_mfu: 47.19 | epoch: 1 | total time: 79.76m | eta: 209.9m
step 01208/04357 (27.73%) | loss: 2.920274 | lrm: 1.00 | dt: 3989.86ms | tok/sec: 262,809 | bf16_mfu: 47.28 | epoch: 1 | total time: 79.82m | eta: 209.8m
step 01209/04357 (27.75%) | loss: 2.924203 | lrm: 1.00 | dt: 3993.55ms | tok/sec: 262,567 | bf16_mfu: 47.23 | epoch: 1 | total time: 79.89m | eta: 209.7m
step 01210/04357 (27.77%) | loss: 2.917582 | lrm: 1.00 | dt: 3992.99ms | tok/sec: 262,604 | bf16_mfu: 47.24 | epoch: 1 | total time: 79.95m | eta: 209.7m
step 01211/04357 (27.79%) | loss: 2.925490 | lrm: 1.00 | dt: 3992.62ms | tok/sec: 262,628 | bf16_mfu: 47.24 | epoch: 1 | total time: 80.02m | eta: 209.6m
step 01212/04357 (27.82%) | loss: 2.923205 | lrm: 1.00 | dt: 3992.02ms | tok/sec: 262,668 | bf16_mfu: 47.25 | epoch: 1 | total time: 80.09m | eta: 209.5m
step 01213/04357 (27.84%) | loss: 2.931827 | lrm: 1.00 | dt: 3989.51ms | tok/sec: 262,833 | bf16_mfu: 47.28 | epoch: 1 | total time: 80.15m | eta: 209.5m
step 01214/04357 (27.86%) | loss: 2.919209 | lrm: 1.00 | dt: 3994.57ms | tok/sec: 262,500 | bf16_mfu: 47.22 | epoch: 1 | total time: 80.22m | eta: 209.4m
step 01215/04357 (27.89%) | loss: 2.921844 | lrm: 1.00 | dt: 3991.91ms | tok/sec: 262,675 | bf16_mfu: 47.25 | epoch: 1 | total time: 80.29m | eta: 209.3m
step 01216/04357 (27.91%) | loss: 2.926375 | lrm: 1.00 | dt: 3991.35ms | tok/sec: 262,711 | bf16_mfu: 47.26 | epoch: 1 | total time: 80.35m | eta: 209.3m
step 01217/04357 (27.93%) | loss: 2.927093 | lrm: 1.00 | dt: 3987.00ms | tok/sec: 262,998 | bf16_mfu: 47.31 | epoch: 1 | total time: 80.42m | eta: 209.2m
step 01218/04357 (27.96%) | loss: 2.911336 | lrm: 1.00 | dt: 3983.07ms | tok/sec: 263,258 | bf16_mfu: 47.36 | epoch: 1 | total time: 80.49m | eta: 209.1m
step 01219/04357 (27.98%) | loss: 2.915860 | lrm: 1.00 | dt: 3986.21ms | tok/sec: 263,050 | bf16_mfu: 47.32 | epoch: 1 | total time: 80.55m | eta: 209.1m
step 01220/04357 (28.00%) | loss: 2.930093 | lrm: 1.00 | dt: 3991.81ms | tok/sec: 262,681 | bf16_mfu: 47.25 | epoch: 1 | total time: 80.62m | eta: 209.0m
step 01221/04357 (28.02%) | loss: 2.923392 | lrm: 1.00 | dt: 3983.63ms | tok/sec: 263,221 | bf16_mfu: 47.35 | epoch: 1 | total time: 80.69m | eta: 208.9m
step 01222/04357 (28.05%) | loss: 2.930063 | lrm: 1.00 | dt: 3994.04ms | tok/sec: 262,535 | bf16_mfu: 47.23 | epoch: 1 | total time: 80.75m | eta: 208.9m
step 01223/04357 (28.07%) | loss: 2.923554 | lrm: 1.00 | dt: 3978.78ms | tok/sec: 263,542 | bf16_mfu: 47.41 | epoch: 1 | total time: 80.82m | eta: 208.8m
step 01224/04357 (28.09%) | loss: 2.928486 | lrm: 1.00 | dt: 3992.01ms | tok/sec: 262,668 | bf16_mfu: 47.25 | epoch: 1 | total time: 80.89m | eta: 208.7m
step 01225/04357 (28.12%) | loss: 2.930497 | lrm: 1.00 | dt: 3992.44ms | tok/sec: 262,640 | bf16_mfu: 47.25 | epoch: 1 | total time: 80.95m | eta: 208.7m
step 01226/04357 (28.14%) | loss: 2.923940 | lrm: 1.00 | dt: 3992.00ms | tok/sec: 262,669 | bf16_mfu: 47.25 | epoch: 1 | total time: 81.02m | eta: 208.6m
step 01227/04357 (28.16%) | loss: 2.934011 | lrm: 1.00 | dt: 3988.02ms | tok/sec: 262,931 | bf16_mfu: 47.30 | epoch: 1 | total time: 81.09m | eta: 208.5m
step 01228/04357 (28.18%) | loss: 2.930024 | lrm: 1.00 | dt: 3985.09ms | tok/sec: 263,124 | bf16_mfu: 47.33 | epoch: 1 | total time: 81.15m | eta: 208.5m
step 01229/04357 (28.21%) | loss: 2.915209 | lrm: 1.00 | dt: 3989.15ms | tok/sec: 262,856 | bf16_mfu: 47.29 | epoch: 1 | total time: 81.22m | eta: 208.4m
step 01230/04357 (28.23%) | loss: 2.922424 | lrm: 1.00 | dt: 3989.89ms | tok/sec: 262,808 | bf16_mfu: 47.28 | epoch: 1 | total time: 81.28m | eta: 208.3m
step 01231/04357 (28.25%) | loss: 2.923378 | lrm: 1.00 | dt: 3990.91ms | tok/sec: 262,740 | bf16_mfu: 47.26 | epoch: 1 | total time: 81.35m | eta: 208.3m
step 01232/04357 (28.28%) | loss: 2.924319 | lrm: 1.00 | dt: 3992.96ms | tok/sec: 262,606 | bf16_mfu: 47.24 | epoch: 1 | total time: 81.42m | eta: 208.2m
step 01233/04357 (28.30%) | loss: 2.933042 | lrm: 1.00 | dt: 3987.21ms | tok/sec: 262,985 | bf16_mfu: 47.31 | epoch: 1 | total time: 81.48m | eta: 208.1m
step 01234/04357 (28.32%) | loss: 2.909770 | lrm: 1.00 | dt: 3978.32ms | tok/sec: 263,572 | bf16_mfu: 47.41 | epoch: 1 | total time: 81.55m | eta: 208.1m
step 01235/04357 (28.35%) | loss: 2.924327 | lrm: 1.00 | dt: 3990.60ms | tok/sec: 262,761 | bf16_mfu: 47.27 | epoch: 1 | total time: 81.62m | eta: 208.0m
step 01236/04357 (28.37%) | loss: 2.927744 | lrm: 1.00 | dt: 3978.34ms | tok/sec: 263,571 | bf16_mfu: 47.41 | epoch: 1 | total time: 81.68m | eta: 207.9m
step 01237/04357 (28.39%) | loss: 2.933603 | lrm: 1.00 | dt: 3984.17ms | tok/sec: 263,185 | bf16_mfu: 47.34 | epoch: 1 | total time: 81.75m | eta: 207.9m
step 01238/04357 (28.41%) | loss: 2.935541 | lrm: 1.00 | dt: 3987.40ms | tok/sec: 262,972 | bf16_mfu: 47.31 | epoch: 1 | total time: 81.82m | eta: 207.8m
step 01239/04357 (28.44%) | loss: 2.929747 | lrm: 1.00 | dt: 3994.54ms | tok/sec: 262,502 | bf16_mfu: 47.22 | epoch: 1 | total time: 81.88m | eta: 207.7m
step 01240/04357 (28.46%) | loss: 2.932227 | lrm: 1.00 | dt: 3990.53ms | tok/sec: 262,766 | bf16_mfu: 47.27 | epoch: 1 | total time: 81.95m | eta: 207.7m
step 01241/04357 (28.48%) | loss: 2.934283 | lrm: 1.00 | dt: 3983.22ms | tok/sec: 263,248 | bf16_mfu: 47.36 | epoch: 1 | total time: 82.02m | eta: 207.6m
step 01242/04357 (28.51%) | loss: 2.931487 | lrm: 1.00 | dt: 3986.84ms | tok/sec: 263,009 | bf16_mfu: 47.31 | epoch: 1 | total time: 82.08m | eta: 207.5m
step 01243/04357 (28.53%) | loss: 2.933808 | lrm: 1.00 | dt: 3990.57ms | tok/sec: 262,763 | bf16_mfu: 47.27 | epoch: 1 | total time: 82.15m | eta: 207.5m
step 01244/04357 (28.55%) | loss: 2.931357 | lrm: 1.00 | dt: 3992.63ms | tok/sec: 262,628 | bf16_mfu: 47.24 | epoch: 1 | total time: 82.21m | eta: 207.4m
step 01245/04357 (28.57%) | loss: 2.925880 | lrm: 1.00 | dt: 3993.22ms | tok/sec: 262,588 | bf16_mfu: 47.24 | epoch: 1 | total time: 82.28m | eta: 207.3m
step 01246/04357 (28.60%) | loss: 2.923501 | lrm: 1.00 | dt: 3991.11ms | tok/sec: 262,727 | bf16_mfu: 47.26 | epoch: 1 | total time: 82.35m | eta: 207.3m
step 01247/04357 (28.62%) | loss: 2.933200 | lrm: 1.00 | dt: 3991.24ms | tok/sec: 262,719 | bf16_mfu: 47.26 | epoch: 1 | total time: 82.41m | eta: 207.2m
step 01248/04357 (28.64%) | loss: 2.929757 | lrm: 1.00 | dt: 3986.80ms | tok/sec: 263,012 | bf16_mfu: 47.31 | epoch: 1 | total time: 82.48m | eta: 207.1m
step 01249/04357 (28.67%) | loss: 2.930782 | lrm: 1.00 | dt: 3983.43ms | tok/sec: 263,234 | bf16_mfu: 47.35 | epoch: 1 | total time: 82.55m | eta: 207.1m
Step 01250 | Validation bpb: 0.890033
step 01250/04357 (28.69%) | loss: 2.939228 | lrm: 1.00 | dt: 4004.50ms | tok/sec: 261,849 | bf16_mfu: 47.10 | epoch: 1 | total time: 82.61m | eta: 207.0m
step 01251/04357 (28.71%) | loss: 2.938212 | lrm: 1.00 | dt: 3969.07ms | tok/sec: 264,186 | bf16_mfu: 47.52 | epoch: 1 | total time: 82.68m | eta: 206.9m
step 01252/04357 (28.74%) | loss: 2.944688 | lrm: 1.00 | dt: 3974.83ms | tok/sec: 263,803 | bf16_mfu: 47.46 | epoch: 1 | total time: 82.75m | eta: 206.9m
step 01253/04357 (28.76%) | loss: 2.939983 | lrm: 1.00 | dt: 3974.00ms | tok/sec: 263,858 | bf16_mfu: 47.47 | epoch: 1 | total time: 82.81m | eta: 206.8m
step 01254/04357 (28.78%) | loss: 2.930460 | lrm: 1.00 | dt: 3985.28ms | tok/sec: 263,112 | bf16_mfu: 47.33 | epoch: 1 | total time: 82.88m | eta: 206.7m
step 01255/04357 (28.80%) | loss: 2.925661 | lrm: 1.00 | dt: 3972.33ms | tok/sec: 263,970 | bf16_mfu: 47.49 | epoch: 1 | total time: 82.95m | eta: 206.7m
step 01256/04357 (28.83%) | loss: 2.919171 | lrm: 1.00 | dt: 3979.92ms | tok/sec: 263,466 | bf16_mfu: 47.40 | epoch: 1 | total time: 83.01m | eta: 206.6m
step 01257/04357 (28.85%) | loss: 2.922036 | lrm: 1.00 | dt: 3981.29ms | tok/sec: 263,376 | bf16_mfu: 47.38 | epoch: 1 | total time: 83.08m | eta: 206.5m
step 01258/04357 (28.87%) | loss: 2.921191 | lrm: 1.00 | dt: 3982.51ms | tok/sec: 263,295 | bf16_mfu: 47.36 | epoch: 1 | total time: 83.14m | eta: 206.5m
step 01259/04357 (28.90%) | loss: 2.916180 | lrm: 1.00 | dt: 3982.50ms | tok/sec: 263,295 | bf16_mfu: 47.36 | epoch: 1 | total time: 83.21m | eta: 206.4m
step 01260/04357 (28.92%) | loss: 2.917715 | lrm: 1.00 | dt: 3971.65ms | tok/sec: 264,015 | bf16_mfu: 47.49 | epoch: 1 | total time: 83.28m | eta: 206.3m
step 01261/04357 (28.94%) | loss: 2.909337 | lrm: 1.00 | dt: 3979.15ms | tok/sec: 263,517 | bf16_mfu: 47.40 | epoch: 1 | total time: 83.34m | eta: 206.3m
step 01262/04357 (28.96%) | loss: 2.909331 | lrm: 1.00 | dt: 3985.59ms | tok/sec: 263,091 | bf16_mfu: 47.33 | epoch: 1 | total time: 83.41m | eta: 206.2m
step 01263/04357 (28.99%) | loss: 2.915093 | lrm: 1.00 | dt: 3973.39ms | tok/sec: 263,899 | bf16_mfu: 47.47 | epoch: 1 | total time: 83.48m | eta: 206.1m
step 01264/04357 (29.01%) | loss: 2.916002 | lrm: 1.00 | dt: 3972.66ms | tok/sec: 263,947 | bf16_mfu: 47.48 | epoch: 1 | total time: 83.54m | eta: 206.1m
step 01265/04357 (29.03%) | loss: 2.920472 | lrm: 1.00 | dt: 3971.57ms | tok/sec: 264,020 | bf16_mfu: 47.50 | epoch: 1 | total time: 83.61m | eta: 206.0m
step 01266/04357 (29.06%) | loss: 2.917381 | lrm: 1.00 | dt: 3972.16ms | tok/sec: 263,981 | bf16_mfu: 47.49 | epoch: 1 | total time: 83.67m | eta: 205.9m
step 01267/04357 (29.08%) | loss: 2.905073 | lrm: 1.00 | dt: 3974.22ms | tok/sec: 263,844 | bf16_mfu: 47.46 | epoch: 1 | total time: 83.74m | eta: 205.9m
step 01268/04357 (29.10%) | loss: 2.907496 | lrm: 1.00 | dt: 3986.03ms | tok/sec: 263,062 | bf16_mfu: 47.32 | epoch: 1 | total time: 83.81m | eta: 205.8m
step 01269/04357 (29.13%) | loss: 2.904568 | lrm: 1.00 | dt: 3974.99ms | tok/sec: 263,793 | bf16_mfu: 47.45 | epoch: 1 | total time: 83.87m | eta: 205.7m
step 01270/04357 (29.15%) | loss: 2.900979 | lrm: 1.00 | dt: 3975.72ms | tok/sec: 263,744 | bf16_mfu: 47.45 | epoch: 1 | total time: 83.94m | eta: 205.7m
step 01271/04357 (29.17%) | loss: 2.890685 | lrm: 1.00 | dt: 3975.85ms | tok/sec: 263,736 | bf16_mfu: 47.44 | epoch: 1 | total time: 84.01m | eta: 205.6m
step 01272/04357 (29.19%) | loss: 2.895870 | lrm: 1.00 | dt: 3977.61ms | tok/sec: 263,619 | bf16_mfu: 47.42 | epoch: 1 | total time: 84.07m | eta: 205.5m
step 01273/04357 (29.22%) | loss: 2.876315 | lrm: 1.00 | dt: 3980.17ms | tok/sec: 263,449 | bf16_mfu: 47.39 | epoch: 1 | total time: 84.14m | eta: 205.5m
step 01274/04357 (29.24%) | loss: 2.873908 | lrm: 1.00 | dt: 3989.65ms | tok/sec: 262,824 | bf16_mfu: 47.28 | epoch: 1 | total time: 84.21m | eta: 205.4m
step 01275/04357 (29.26%) | loss: 2.893771 | lrm: 1.00 | dt: 3993.21ms | tok/sec: 262,589 | bf16_mfu: 47.24 | epoch: 1 | total time: 84.27m | eta: 205.3m
step 01276/04357 (29.29%) | loss: 2.900806 | lrm: 1.00 | dt: 3990.69ms | tok/sec: 262,755 | bf16_mfu: 47.27 | epoch: 1 | total time: 84.34m | eta: 205.2m
step 01277/04357 (29.31%) | loss: 2.889843 | lrm: 1.00 | dt: 3991.70ms | tok/sec: 262,688 | bf16_mfu: 47.26 | epoch: 1 | total time: 84.40m | eta: 205.2m
step 01278/04357 (29.33%) | loss: 2.887649 | lrm: 1.00 | dt: 3981.25ms | tok/sec: 263,378 | bf16_mfu: 47.38 | epoch: 1 | total time: 84.47m | eta: 205.1m
step 01279/04357 (29.36%) | loss: 2.879189 | lrm: 1.00 | dt: 3984.07ms | tok/sec: 263,192 | bf16_mfu: 47.35 | epoch: 1 | total time: 84.54m | eta: 205.0m
step 01280/04357 (29.38%) | loss: 2.888989 | lrm: 1.00 | dt: 3975.66ms | tok/sec: 263,749 | bf16_mfu: 47.45 | epoch: 1 | total time: 84.60m | eta: 205.0m
step 01281/04357 (29.40%) | loss: 2.885132 | lrm: 1.00 | dt: 3994.15ms | tok/sec: 262,528 | bf16_mfu: 47.23 | epoch: 1 | total time: 84.67m | eta: 204.9m
step 01282/04357 (29.42%) | loss: 2.886804 | lrm: 1.00 | dt: 3988.03ms | tok/sec: 262,930 | bf16_mfu: 47.30 | epoch: 1 | total time: 84.74m | eta: 204.8m
step 01283/04357 (29.45%) | loss: 2.883439 | lrm: 1.00 | dt: 3985.53ms | tok/sec: 263,095 | bf16_mfu: 47.33 | epoch: 1 | total time: 84.80m | eta: 204.8m
step 01284/04357 (29.47%) | loss: 2.886349 | lrm: 1.00 | dt: 3987.06ms | tok/sec: 262,994 | bf16_mfu: 47.31 | epoch: 1 | total time: 84.87m | eta: 204.7m
step 01285/04357 (29.49%) | loss: 2.892288 | lrm: 1.00 | dt: 3980.69ms | tok/sec: 263,415 | bf16_mfu: 47.39 | epoch: 1 | total time: 84.94m | eta: 204.6m
step 01286/04357 (29.52%) | loss: 2.894093 | lrm: 1.00 | dt: 3986.96ms | tok/sec: 263,001 | bf16_mfu: 47.31 | epoch: 1 | total time: 85.00m | eta: 204.6m
step 01287/04357 (29.54%) | loss: 2.902053 | lrm: 1.00 | dt: 3991.93ms | tok/sec: 262,674 | bf16_mfu: 47.25 | epoch: 1 | total time: 85.07m | eta: 204.5m
step 01288/04357 (29.56%) | loss: 2.902806 | lrm: 1.00 | dt: 3993.56ms | tok/sec: 262,566 | bf16_mfu: 47.23 | epoch: 1 | total time: 85.14m | eta: 204.4m
step 01289/04357 (29.58%) | loss: 2.886310 | lrm: 1.00 | dt: 3986.68ms | tok/sec: 263,019 | bf16_mfu: 47.32 | epoch: 1 | total time: 85.20m | eta: 204.4m
step 01290/04357 (29.61%) | loss: 2.883576 | lrm: 1.00 | dt: 3993.83ms | tok/sec: 262,548 | bf16_mfu: 47.23 | epoch: 1 | total time: 85.27m | eta: 204.3m
step 01291/04357 (29.63%) | loss: 2.885070 | lrm: 1.00 | dt: 3989.23ms | tok/sec: 262,851 | bf16_mfu: 47.28 | epoch: 1 | total time: 85.33m | eta: 204.2m
step 01292/04357 (29.65%) | loss: 2.872278 | lrm: 1.00 | dt: 3989.11ms | tok/sec: 262,859 | bf16_mfu: 47.29 | epoch: 1 | total time: 85.40m | eta: 204.2m
step 01293/04357 (29.68%) | loss: 2.891015 | lrm: 1.00 | dt: 3993.57ms | tok/sec: 262,566 | bf16_mfu: 47.23 | epoch: 1 | total time: 85.47m | eta: 204.1m
step 01294/04357 (29.70%) | loss: 2.904049 | lrm: 1.00 | dt: 3987.50ms | tok/sec: 262,966 | bf16_mfu: 47.31 | epoch: 1 | total time: 85.53m | eta: 204.0m
step 01295/04357 (29.72%) | loss: 2.900734 | lrm: 1.00 | dt: 3984.25ms | tok/sec: 263,180 | bf16_mfu: 47.34 | epoch: 1 | total time: 85.60m | eta: 204.0m
step 01296/04357 (29.75%) | loss: 2.883818 | lrm: 1.00 | dt: 3991.89ms | tok/sec: 262,676 | bf16_mfu: 47.25 | epoch: 1 | total time: 85.67m | eta: 203.9m
step 01297/04357 (29.77%) | loss: 2.887889 | lrm: 1.00 | dt: 3980.51ms | tok/sec: 263,427 | bf16_mfu: 47.39 | epoch: 1 | total time: 85.73m | eta: 203.8m
step 01298/04357 (29.79%) | loss: 2.881065 | lrm: 1.00 | dt: 3988.98ms | tok/sec: 262,868 | bf16_mfu: 47.29 | epoch: 1 | total time: 85.80m | eta: 203.8m
step 01299/04357 (29.81%) | loss: 2.882127 | lrm: 1.00 | dt: 3987.04ms | tok/sec: 262,996 | bf16_mfu: 47.31 | epoch: 1 | total time: 85.87m | eta: 203.7m
step 01300/04357 (29.84%) | loss: 2.882439 | lrm: 1.00 | dt: 3984.70ms | tok/sec: 263,150 | bf16_mfu: 47.34 | epoch: 1 | total time: 85.93m | eta: 203.6m
step 01301/04357 (29.86%) | loss: 2.879027 | lrm: 1.00 | dt: 3996.82ms | tok/sec: 262,352 | bf16_mfu: 47.20 | epoch: 1 | total time: 86.00m | eta: 203.6m
step 01302/04357 (29.88%) | loss: 2.876203 | lrm: 1.00 | dt: 3985.27ms | tok/sec: 263,112 | bf16_mfu: 47.33 | epoch: 1 | total time: 86.07m | eta: 203.5m
step 01303/04357 (29.91%) | loss: 2.872603 | lrm: 1.00 | dt: 3998.93ms | tok/sec: 262,214 | bf16_mfu: 47.17 | epoch: 1 | total time: 86.13m | eta: 203.4m
step 01304/04357 (29.93%) | loss: 2.879677 | lrm: 1.00 | dt: 3995.53ms | tok/sec: 262,437 | bf16_mfu: 47.21 | epoch: 1 | total time: 86.20m | eta: 203.4m
step 01305/04357 (29.95%) | loss: 2.883278 | lrm: 1.00 | dt: 3987.58ms | tok/sec: 262,960 | bf16_mfu: 47.30 | epoch: 1 | total time: 86.27m | eta: 203.3m
step 01306/04357 (29.97%) | loss: 2.890306 | lrm: 1.00 | dt: 3984.69ms | tok/sec: 263,150 | bf16_mfu: 47.34 | epoch: 1 | total time: 86.33m | eta: 203.2m
step 01307/04357 (30.00%) | loss: 2.891025 | lrm: 1.00 | dt: 3989.28ms | tok/sec: 262,848 | bf16_mfu: 47.28 | epoch: 1 | total time: 86.40m | eta: 203.2m
step 01308/04357 (30.02%) | loss: 2.888664 | lrm: 1.00 | dt: 3983.31ms | tok/sec: 263,242 | bf16_mfu: 47.36 | epoch: 1 | total time: 86.47m | eta: 203.1m
step 01309/04357 (30.04%) | loss: 2.893629 | lrm: 1.00 | dt: 3989.15ms | tok/sec: 262,857 | bf16_mfu: 47.29 | epoch: 1 | total time: 86.53m | eta: 203.0m
step 01310/04357 (30.07%) | loss: 2.881921 | lrm: 1.00 | dt: 3992.51ms | tok/sec: 262,635 | bf16_mfu: 47.25 | epoch: 1 | total time: 86.60m | eta: 203.0m
step 01311/04357 (30.09%) | loss: 2.887801 | lrm: 1.00 | dt: 3993.97ms | tok/sec: 262,539 | bf16_mfu: 47.23 | epoch: 1 | total time: 86.66m | eta: 202.9m
step 01312/04357 (30.11%) | loss: 2.903193 | lrm: 1.00 | dt: 3995.89ms | tok/sec: 262,413 | bf16_mfu: 47.21 | epoch: 1 | total time: 86.73m | eta: 202.8m
step 01313/04357 (30.14%) | loss: 2.906941 | lrm: 1.00 | dt: 3989.83ms | tok/sec: 262,812 | bf16_mfu: 47.28 | epoch: 1 | total time: 86.80m | eta: 202.8m
step 01314/04357 (30.16%) | loss: 2.898419 | lrm: 1.00 | dt: 3983.87ms | tok/sec: 263,205 | bf16_mfu: 47.35 | epoch: 1 | total time: 86.86m | eta: 202.7m
step 01315/04357 (30.18%) | loss: 2.867858 | lrm: 1.00 | dt: 3975.86ms | tok/sec: 263,735 | bf16_mfu: 47.44 | epoch: 1 | total time: 86.93m | eta: 202.6m
step 01316/04357 (30.20%) | loss: 2.861198 | lrm: 1.00 | dt: 3991.08ms | tok/sec: 262,730 | bf16_mfu: 47.26 | epoch: 1 | total time: 87.00m | eta: 202.6m
step 01317/04357 (30.23%) | loss: 2.866530 | lrm: 1.00 | dt: 3983.69ms | tok/sec: 263,217 | bf16_mfu: 47.35 | epoch: 1 | total time: 87.06m | eta: 202.5m
step 01318/04357 (30.25%) | loss: 2.866192 | lrm: 1.00 | dt: 3979.97ms | tok/sec: 263,462 | bf16_mfu: 47.39 | epoch: 1 | total time: 87.13m | eta: 202.4m
step 01319/04357 (30.27%) | loss: 2.877747 | lrm: 1.00 | dt: 3985.86ms | tok/sec: 263,073 | bf16_mfu: 47.32 | epoch: 1 | total time: 87.20m | eta: 202.4m
step 01320/04357 (30.30%) | loss: 2.872579 | lrm: 1.00 | dt: 3982.40ms | tok/sec: 263,302 | bf16_mfu: 47.37 | epoch: 1 | total time: 87.26m | eta: 202.3m
step 01321/04357 (30.32%) | loss: 2.885451 | lrm: 1.00 | dt: 3987.84ms | tok/sec: 262,943 | bf16_mfu: 47.30 | epoch: 1 | total time: 87.33m | eta: 202.2m
step 01322/04357 (30.34%) | loss: 2.897257 | lrm: 1.00 | dt: 3986.04ms | tok/sec: 263,061 | bf16_mfu: 47.32 | epoch: 1 | total time: 87.40m | eta: 202.2m
step 01323/04357 (30.36%) | loss: 2.904969 | lrm: 1.00 | dt: 3991.73ms | tok/sec: 262,687 | bf16_mfu: 47.26 | epoch: 1 | total time: 87.46m | eta: 202.1m
step 01324/04357 (30.39%) | loss: 2.899776 | lrm: 1.00 | dt: 3989.64ms | tok/sec: 262,824 | bf16_mfu: 47.28 | epoch: 1 | total time: 87.53m | eta: 202.0m
step 01325/04357 (30.41%) | loss: 2.887164 | lrm: 1.00 | dt: 3986.44ms | tok/sec: 263,035 | bf16_mfu: 47.32 | epoch: 1 | total time: 87.59m | eta: 202.0m
step 01326/04357 (30.43%) | loss: 2.869091 | lrm: 1.00 | dt: 3913.56ms | tok/sec: 267,934 | bf16_mfu: 48.20 | epoch: 1 | total time: 87.66m | eta: 201.9m
step 01327/04357 (30.46%) | loss: 2.869990 | lrm: 1.00 | dt: 3914.81ms | tok/sec: 267,848 | bf16_mfu: 48.18 | epoch: 1 | total time: 87.73m | eta: 201.8m
step 01328/04357 (30.48%) | loss: 2.878821 | lrm: 1.00 | dt: 3930.23ms | tok/sec: 266,797 | bf16_mfu: 47.99 | epoch: 1 | total time: 87.79m | eta: 201.8m
step 01329/04357 (30.50%) | loss: 2.890623 | lrm: 1.00 | dt: 3932.94ms | tok/sec: 266,613 | bf16_mfu: 47.96 | epoch: 1 | total time: 87.86m | eta: 201.7m
step 01330/04357 (30.53%) | loss: 2.889571 | lrm: 1.00 | dt: 3948.42ms | tok/sec: 265,568 | bf16_mfu: 47.77 | epoch: 1 | total time: 87.92m | eta: 201.6m
step 01331/04357 (30.55%) | loss: 2.896585 | lrm: 1.00 | dt: 3952.35ms | tok/sec: 265,304 | bf16_mfu: 47.73 | epoch: 1 | total time: 87.99m | eta: 201.6m
step 01332/04357 (30.57%) | loss: 2.905835 | lrm: 1.00 | dt: 3945.44ms | tok/sec: 265,769 | bf16_mfu: 47.81 | epoch: 1 | total time: 88.05m | eta: 201.5m
step 01333/04357 (30.59%) | loss: 2.910708 | lrm: 1.00 | dt: 3955.96ms | tok/sec: 265,062 | bf16_mfu: 47.68 | epoch: 1 | total time: 88.12m | eta: 201.4m
step 01334/04357 (30.62%) | loss: 2.914575 | lrm: 1.00 | dt: 3965.95ms | tok/sec: 264,394 | bf16_mfu: 47.56 | epoch: 1 | total time: 88.19m | eta: 201.3m
step 01335/04357 (30.64%) | loss: 2.911765 | lrm: 1.00 | dt: 3969.10ms | tok/sec: 264,185 | bf16_mfu: 47.52 | epoch: 1 | total time: 88.25m | eta: 201.3m
step 01336/04357 (30.66%) | loss: 2.912536 | lrm: 1.00 | dt: 3955.49ms | tok/sec: 265,093 | bf16_mfu: 47.69 | epoch: 1 | total time: 88.32m | eta: 201.2m
step 01337/04357 (30.69%) | loss: 2.908079 | lrm: 1.00 | dt: 3965.37ms | tok/sec: 264,433 | bf16_mfu: 47.57 | epoch: 1 | total time: 88.38m | eta: 201.1m
step 01338/04357 (30.71%) | loss: 2.920154 | lrm: 1.00 | dt: 3976.76ms | tok/sec: 263,675 | bf16_mfu: 47.43 | epoch: 1 | total time: 88.45m | eta: 201.1m
step 01339/04357 (30.73%) | loss: 2.920552 | lrm: 1.00 | dt: 3980.59ms | tok/sec: 263,422 | bf16_mfu: 47.39 | epoch: 1 | total time: 88.52m | eta: 201.0m
step 01340/04357 (30.76%) | loss: 2.923385 | lrm: 1.00 | dt: 3963.99ms | tok/sec: 264,525 | bf16_mfu: 47.59 | epoch: 1 | total time: 88.58m | eta: 200.9m
step 01341/04357 (30.78%) | loss: 2.907106 | lrm: 1.00 | dt: 3972.15ms | tok/sec: 263,981 | bf16_mfu: 47.49 | epoch: 1 | total time: 88.65m | eta: 200.9m
step 01342/04357 (30.80%) | loss: 2.909217 | lrm: 1.00 | dt: 3971.82ms | tok/sec: 264,004 | bf16_mfu: 47.49 | epoch: 1 | total time: 88.72m | eta: 200.8m
step 01343/04357 (30.82%) | loss: 2.897985 | lrm: 1.00 | dt: 3979.67ms | tok/sec: 263,483 | bf16_mfu: 47.40 | epoch: 1 | total time: 88.78m | eta: 200.7m
step 01344/04357 (30.85%) | loss: 2.899360 | lrm: 1.00 | dt: 3982.60ms | tok/sec: 263,289 | bf16_mfu: 47.36 | epoch: 1 | total time: 88.85m | eta: 200.7m
step 01345/04357 (30.87%) | loss: 2.909205 | lrm: 1.00 | dt: 3973.27ms | tok/sec: 263,907 | bf16_mfu: 47.47 | epoch: 1 | total time: 88.91m | eta: 200.6m
step 01346/04357 (30.89%) | loss: 2.910409 | lrm: 1.00 | dt: 3968.65ms | tok/sec: 264,214 | bf16_mfu: 47.53 | epoch: 1 | total time: 88.98m | eta: 200.5m
step 01347/04357 (30.92%) | loss: 2.901797 | lrm: 1.00 | dt: 3974.63ms | tok/sec: 263,817 | bf16_mfu: 47.46 | epoch: 1 | total time: 89.05m | eta: 200.5m
step 01348/04357 (30.94%) | loss: 2.907125 | lrm: 1.00 | dt: 3984.95ms | tok/sec: 263,134 | bf16_mfu: 47.34 | epoch: 1 | total time: 89.11m | eta: 200.4m
step 01349/04357 (30.96%) | loss: 2.905693 | lrm: 1.00 | dt: 3991.19ms | tok/sec: 262,722 | bf16_mfu: 47.26 | epoch: 1 | total time: 89.18m | eta: 200.3m
step 01350/04357 (30.98%) | loss: 2.920561 | lrm: 1.00 | dt: 3991.39ms | tok/sec: 262,709 | bf16_mfu: 47.26 | epoch: 1 | total time: 89.25m | eta: 200.3m
step 01351/04357 (31.01%) | loss: 2.901086 | lrm: 1.00 | dt: 3984.55ms | tok/sec: 263,160 | bf16_mfu: 47.34 | epoch: 1 | total time: 89.31m | eta: 200.2m
step 01352/04357 (31.03%) | loss: 2.900340 | lrm: 1.00 | dt: 3984.43ms | tok/sec: 263,168 | bf16_mfu: 47.34 | epoch: 1 | total time: 89.38m | eta: 200.1m
step 01353/04357 (31.05%) | loss: 2.890180 | lrm: 1.00 | dt: 3991.06ms | tok/sec: 262,731 | bf16_mfu: 47.26 | epoch: 1 | total time: 89.45m | eta: 200.1m
step 01354/04357 (31.08%) | loss: 2.898087 | lrm: 1.00 | dt: 3984.27ms | tok/sec: 263,179 | bf16_mfu: 47.34 | epoch: 1 | total time: 89.51m | eta: 200.0m
step 01355/04357 (31.10%) | loss: 2.900563 | lrm: 1.00 | dt: 3982.47ms | tok/sec: 263,298 | bf16_mfu: 47.37 | epoch: 1 | total time: 89.58m | eta: 199.9m
step 01356/04357 (31.12%) | loss: 2.884670 | lrm: 1.00 | dt: 3986.33ms | tok/sec: 263,042 | bf16_mfu: 47.32 | epoch: 1 | total time: 89.64m | eta: 199.9m
step 01357/04357 (31.15%) | loss: 2.885192 | lrm: 1.00 | dt: 3994.80ms | tok/sec: 262,485 | bf16_mfu: 47.22 | epoch: 1 | total time: 89.71m | eta: 199.8m
step 01358/04357 (31.17%) | loss: 2.885589 | lrm: 1.00 | dt: 3993.04ms | tok/sec: 262,600 | bf16_mfu: 47.24 | epoch: 1 | total time: 89.78m | eta: 199.7m
step 01359/04357 (31.19%) | loss: 2.888963 | lrm: 1.00 | dt: 3992.04ms | tok/sec: 262,666 | bf16_mfu: 47.25 | epoch: 1 | total time: 89.84m | eta: 199.7m
step 01360/04357 (31.21%) | loss: 2.896714 | lrm: 1.00 | dt: 3990.99ms | tok/sec: 262,735 | bf16_mfu: 47.26 | epoch: 1 | total time: 89.91m | eta: 199.6m
step 01361/04357 (31.24%) | loss: 2.893558 | lrm: 1.00 | dt: 3993.90ms | tok/sec: 262,544 | bf16_mfu: 47.23 | epoch: 1 | total time: 89.98m | eta: 199.5m
step 01362/04357 (31.26%) | loss: 2.887403 | lrm: 1.00 | dt: 3992.79ms | tok/sec: 262,617 | bf16_mfu: 47.24 | epoch: 1 | total time: 90.04m | eta: 199.5m
step 01363/04357 (31.28%) | loss: 2.886143 | lrm: 1.00 | dt: 3991.02ms | tok/sec: 262,733 | bf16_mfu: 47.26 | epoch: 1 | total time: 90.11m | eta: 199.4m
step 01364/04357 (31.31%) | loss: 2.890817 | lrm: 1.00 | dt: 3990.39ms | tok/sec: 262,775 | bf16_mfu: 47.27 | epoch: 1 | total time: 90.18m | eta: 199.3m
step 01365/04357 (31.33%) | loss: 2.896015 | lrm: 1.00 | dt: 3992.98ms | tok/sec: 262,604 | bf16_mfu: 47.24 | epoch: 1 | total time: 90.24m | eta: 199.3m
step 01366/04357 (31.35%) | loss: 2.895163 | lrm: 1.00 | dt: 3996.19ms | tok/sec: 262,394 | bf16_mfu: 47.20 | epoch: 1 | total time: 90.31m | eta: 199.2m
step 01367/04357 (31.37%) | loss: 2.897375 | lrm: 1.00 | dt: 3990.77ms | tok/sec: 262,750 | bf16_mfu: 47.27 | epoch: 1 | total time: 90.38m | eta: 199.1m
step 01368/04357 (31.40%) | loss: 2.906125 | lrm: 1.00 | dt: 3992.82ms | tok/sec: 262,615 | bf16_mfu: 47.24 | epoch: 1 | total time: 90.44m | eta: 199.1m
step 01369/04357 (31.42%) | loss: 2.908844 | lrm: 1.00 | dt: 3991.25ms | tok/sec: 262,718 | bf16_mfu: 47.26 | epoch: 1 | total time: 90.51m | eta: 199.0m
step 01370/04357 (31.44%) | loss: 2.908966 | lrm: 1.00 | dt: 3993.16ms | tok/sec: 262,593 | bf16_mfu: 47.24 | epoch: 1 | total time: 90.58m | eta: 198.9m
step 01371/04357 (31.47%) | loss: 2.888645 | lrm: 1.00 | dt: 3991.34ms | tok/sec: 262,712 | bf16_mfu: 47.26 | epoch: 1 | total time: 90.64m | eta: 198.9m
step 01372/04357 (31.49%) | loss: 2.877525 | lrm: 1.00 | dt: 3992.37ms | tok/sec: 262,645 | bf16_mfu: 47.25 | epoch: 1 | total time: 90.71m | eta: 198.8m
step 01373/04357 (31.51%) | loss: 2.874806 | lrm: 1.00 | dt: 4010.80ms | tok/sec: 261,437 | bf16_mfu: 47.03 | epoch: 1 | total time: 90.78m | eta: 198.7m
step 01374/04357 (31.54%) | loss: 2.866775 | lrm: 1.00 | dt: 3995.92ms | tok/sec: 262,411 | bf16_mfu: 47.21 | epoch: 1 | total time: 90.84m | eta: 198.7m
step 01375/04357 (31.56%) | loss: 2.870856 | lrm: 1.00 | dt: 3997.25ms | tok/sec: 262,324 | bf16_mfu: 47.19 | epoch: 1 | total time: 90.91m | eta: 198.6m
step 01376/04357 (31.58%) | loss: 2.865676 | lrm: 1.00 | dt: 3984.89ms | tok/sec: 263,138 | bf16_mfu: 47.34 | epoch: 1 | total time: 90.98m | eta: 198.5m
step 01377/04357 (31.60%) | loss: 2.873807 | lrm: 1.00 | dt: 3990.58ms | tok/sec: 262,762 | bf16_mfu: 47.27 | epoch: 1 | total time: 91.04m | eta: 198.5m
step 01378/04357 (31.63%) | loss: 2.872226 | lrm: 1.00 | dt: 3991.82ms | tok/sec: 262,681 | bf16_mfu: 47.25 | epoch: 1 | total time: 91.11m | eta: 198.4m
step 01379/04357 (31.65%) | loss: 2.872103 | lrm: 1.00 | dt: 4004.54ms | tok/sec: 261,846 | bf16_mfu: 47.10 | epoch: 1 | total time: 91.18m | eta: 198.3m
step 01380/04357 (31.67%) | loss: 2.876168 | lrm: 1.00 | dt: 3998.49ms | tok/sec: 262,243 | bf16_mfu: 47.18 | epoch: 1 | total time: 91.24m | eta: 198.3m
step 01381/04357 (31.70%) | loss: 2.870339 | lrm: 1.00 | dt: 4005.91ms | tok/sec: 261,757 | bf16_mfu: 47.09 | epoch: 1 | total time: 91.31m | eta: 198.2m
step 01382/04357 (31.72%) | loss: 2.886622 | lrm: 1.00 | dt: 3994.46ms | tok/sec: 262,507 | bf16_mfu: 47.22 | epoch: 1 | total time: 91.38m | eta: 198.1m
step 01383/04357 (31.74%) | loss: 2.881168 | lrm: 1.00 | dt: 3991.91ms | tok/sec: 262,675 | bf16_mfu: 47.25 | epoch: 1 | total time: 91.44m | eta: 198.1m
step 01384/04357 (31.76%) | loss: 2.879748 | lrm: 1.00 | dt: 4016.21ms | tok/sec: 261,086 | bf16_mfu: 46.97 | epoch: 1 | total time: 91.51m | eta: 198.0m
step 01385/04357 (31.79%) | loss: 2.879248 | lrm: 1.00 | dt: 3988.50ms | tok/sec: 262,899 | bf16_mfu: 47.29 | epoch: 1 | total time: 91.58m | eta: 197.9m
step 01386/04357 (31.81%) | loss: 2.892313 | lrm: 1.00 | dt: 3997.24ms | tok/sec: 262,324 | bf16_mfu: 47.19 | epoch: 1 | total time: 91.64m | eta: 197.9m
step 01387/04357 (31.83%) | loss: 2.897115 | lrm: 1.00 | dt: 3994.39ms | tok/sec: 262,512 | bf16_mfu: 47.22 | epoch: 1 | total time: 91.71m | eta: 197.8m
step 01388/04357 (31.86%) | loss: 2.889613 | lrm: 1.00 | dt: 4001.07ms | tok/sec: 262,073 | bf16_mfu: 47.14 | epoch: 1 | total time: 91.78m | eta: 197.7m
step 01389/04357 (31.88%) | loss: 2.891341 | lrm: 1.00 | dt: 3995.88ms | tok/sec: 262,414 | bf16_mfu: 47.21 | epoch: 1 | total time: 91.84m | eta: 197.7m
step 01390/04357 (31.90%) | loss: 2.895140 | lrm: 1.00 | dt: 3990.78ms | tok/sec: 262,749 | bf16_mfu: 47.27 | epoch: 1 | total time: 91.91m | eta: 197.6m
step 01391/04357 (31.93%) | loss: 2.871372 | lrm: 1.00 | dt: 3993.15ms | tok/sec: 262,593 | bf16_mfu: 47.24 | epoch: 1 | total time: 91.97m | eta: 197.5m
step 01392/04357 (31.95%) | loss: 2.878616 | lrm: 1.00 | dt: 3993.77ms | tok/sec: 262,553 | bf16_mfu: 47.23 | epoch: 1 | total time: 92.04m | eta: 197.5m
step 01393/04357 (31.97%) | loss: 2.881357 | lrm: 1.00 | dt: 3994.74ms | tok/sec: 262,489 | bf16_mfu: 47.22 | epoch: 1 | total time: 92.11m | eta: 197.4m
step 01394/04357 (31.99%) | loss: 2.876131 | lrm: 1.00 | dt: 3987.41ms | tok/sec: 262,971 | bf16_mfu: 47.31 | epoch: 1 | total time: 92.17m | eta: 197.3m
step 01395/04357 (32.02%) | loss: 2.884756 | lrm: 1.00 | dt: 3993.48ms | tok/sec: 262,571 | bf16_mfu: 47.23 | epoch: 1 | total time: 92.24m | eta: 197.3m
step 01396/04357 (32.04%) | loss: 2.885864 | lrm: 1.00 | dt: 3991.73ms | tok/sec: 262,686 | bf16_mfu: 47.26 | epoch: 1 | total time: 92.31m | eta: 197.2m
step 01397/04357 (32.06%) | loss: 2.884189 | lrm: 1.00 | dt: 3997.41ms | tok/sec: 262,313 | bf16_mfu: 47.19 | epoch: 1 | total time: 92.37m | eta: 197.1m
step 01398/04357 (32.09%) | loss: 2.894650 | lrm: 1.00 | dt: 3995.68ms | tok/sec: 262,427 | bf16_mfu: 47.21 | epoch: 1 | total time: 92.44m | eta: 197.1m
step 01399/04357 (32.11%) | loss: 2.899118 | lrm: 1.00 | dt: 4000.17ms | tok/sec: 262,132 | bf16_mfu: 47.16 | epoch: 1 | total time: 92.51m | eta: 197.0m
step 01400/04357 (32.13%) | loss: 2.902653 | lrm: 1.00 | dt: 3994.92ms | tok/sec: 262,477 | bf16_mfu: 47.22 | epoch: 1 | total time: 92.57m | eta: 196.9m
step 01401/04357 (32.16%) | loss: 2.907043 | lrm: 1.00 | dt: 3992.39ms | tok/sec: 262,643 | bf16_mfu: 47.25 | epoch: 1 | total time: 92.64m | eta: 196.9m
step 01402/04357 (32.18%) | loss: 2.913782 | lrm: 1.00 | dt: 3995.50ms | tok/sec: 262,439 | bf16_mfu: 47.21 | epoch: 1 | total time: 92.71m | eta: 196.8m
step 01403/04357 (32.20%) | loss: 2.904583 | lrm: 1.00 | dt: 3992.86ms | tok/sec: 262,612 | bf16_mfu: 47.24 | epoch: 1 | total time: 92.77m | eta: 196.7m
step 01404/04357 (32.22%) | loss: 2.919570 | lrm: 1.00 | dt: 3990.15ms | tok/sec: 262,791 | bf16_mfu: 47.27 | epoch: 1 | total time: 92.84m | eta: 196.7m
step 01405/04357 (32.25%) | loss: 2.914045 | lrm: 1.00 | dt: 3989.18ms | tok/sec: 262,854 | bf16_mfu: 47.29 | epoch: 1 | total time: 92.91m | eta: 196.6m
step 01406/04357 (32.27%) | loss: 2.919624 | lrm: 1.00 | dt: 3995.71ms | tok/sec: 262,425 | bf16_mfu: 47.21 | epoch: 1 | total time: 92.97m | eta: 196.5m
step 01407/04357 (32.29%) | loss: 2.930471 | lrm: 1.00 | dt: 3993.33ms | tok/sec: 262,581 | bf16_mfu: 47.24 | epoch: 1 | total time: 93.04m | eta: 196.5m
step 01408/04357 (32.32%) | loss: 2.929350 | lrm: 1.00 | dt: 3991.02ms | tok/sec: 262,733 | bf16_mfu: 47.26 | epoch: 1 | total time: 93.11m | eta: 196.4m
step 01409/04357 (32.34%) | loss: 2.936931 | lrm: 1.00 | dt: 3990.25ms | tok/sec: 262,784 | bf16_mfu: 47.27 | epoch: 1 | total time: 93.17m | eta: 196.3m
step 01410/04357 (32.36%) | loss: 2.943766 | lrm: 1.00 | dt: 3992.84ms | tok/sec: 262,614 | bf16_mfu: 47.24 | epoch: 1 | total time: 93.24m | eta: 196.3m
step 01411/04357 (32.38%) | loss: 2.935535 | lrm: 1.00 | dt: 3992.99ms | tok/sec: 262,603 | bf16_mfu: 47.24 | epoch: 1 | total time: 93.31m | eta: 196.2m
step 01412/04357 (32.41%) | loss: 2.931307 | lrm: 1.00 | dt: 3991.40ms | tok/sec: 262,708 | bf16_mfu: 47.26 | epoch: 1 | total time: 93.37m | eta: 196.1m
step 01413/04357 (32.43%) | loss: 2.935988 | lrm: 1.00 | dt: 3989.84ms | tok/sec: 262,811 | bf16_mfu: 47.28 | epoch: 1 | total time: 93.44m | eta: 196.1m
step 01414/04357 (32.45%) | loss: 2.925363 | lrm: 1.00 | dt: 3987.24ms | tok/sec: 262,982 | bf16_mfu: 47.31 | epoch: 1 | total time: 93.51m | eta: 196.0m
step 01415/04357 (32.48%) | loss: 2.919978 | lrm: 1.00 | dt: 3986.70ms | tok/sec: 263,018 | bf16_mfu: 47.31 | epoch: 1 | total time: 93.57m | eta: 195.9m
step 01416/04357 (32.50%) | loss: 2.917270 | lrm: 1.00 | dt: 3987.93ms | tok/sec: 262,937 | bf16_mfu: 47.30 | epoch: 1 | total time: 93.64m | eta: 195.9m
step 01417/04357 (32.52%) | loss: 2.911881 | lrm: 1.00 | dt: 3978.99ms | tok/sec: 263,527 | bf16_mfu: 47.41 | epoch: 1 | total time: 93.70m | eta: 195.8m
step 01418/04357 (32.55%) | loss: 2.922082 | lrm: 1.00 | dt: 3992.16ms | tok/sec: 262,658 | bf16_mfu: 47.25 | epoch: 1 | total time: 93.77m | eta: 195.7m
step 01419/04357 (32.57%) | loss: 2.927049 | lrm: 1.00 | dt: 3985.02ms | tok/sec: 263,129 | bf16_mfu: 47.33 | epoch: 1 | total time: 93.84m | eta: 195.7m
step 01420/04357 (32.59%) | loss: 2.928713 | lrm: 1.00 | dt: 3976.57ms | tok/sec: 263,688 | bf16_mfu: 47.44 | epoch: 1 | total time: 93.90m | eta: 195.6m
step 01421/04357 (32.61%) | loss: 2.915284 | lrm: 1.00 | dt: 3987.57ms | tok/sec: 262,961 | bf16_mfu: 47.30 | epoch: 1 | total time: 93.97m | eta: 195.5m
step 01422/04357 (32.64%) | loss: 2.917977 | lrm: 1.00 | dt: 3986.98ms | tok/sec: 263,000 | bf16_mfu: 47.31 | epoch: 1 | total time: 94.04m | eta: 195.5m
step 01423/04357 (32.66%) | loss: 2.922886 | lrm: 1.00 | dt: 3976.93ms | tok/sec: 263,664 | bf16_mfu: 47.43 | epoch: 1 | total time: 94.10m | eta: 195.4m
step 01424/04357 (32.68%) | loss: 2.907647 | lrm: 1.00 | dt: 3977.50ms | tok/sec: 263,626 | bf16_mfu: 47.42 | epoch: 1 | total time: 94.17m | eta: 195.3m
step 01425/04357 (32.71%) | loss: 2.902149 | lrm: 1.00 | dt: 3982.99ms | tok/sec: 263,263 | bf16_mfu: 47.36 | epoch: 1 | total time: 94.24m | eta: 195.3m
step 01426/04357 (32.73%) | loss: 2.900806 | lrm: 1.00 | dt: 3982.34ms | tok/sec: 263,306 | bf16_mfu: 47.37 | epoch: 1 | total time: 94.30m | eta: 195.2m
step 01427/04357 (32.75%) | loss: 2.900700 | lrm: 1.00 | dt: 3977.16ms | tok/sec: 263,649 | bf16_mfu: 47.43 | epoch: 1 | total time: 94.37m | eta: 195.1m
step 01428/04357 (32.77%) | loss: 2.883966 | lrm: 1.00 | dt: 3972.34ms | tok/sec: 263,969 | bf16_mfu: 47.49 | epoch: 1 | total time: 94.43m | eta: 195.1m
step 01429/04357 (32.80%) | loss: 2.886132 | lrm: 1.00 | dt: 3984.26ms | tok/sec: 263,179 | bf16_mfu: 47.34 | epoch: 1 | total time: 94.50m | eta: 195.0m
step 01430/04357 (32.82%) | loss: 2.888760 | lrm: 1.00 | dt: 3973.77ms | tok/sec: 263,874 | bf16_mfu: 47.47 | epoch: 1 | total time: 94.57m | eta: 194.9m
step 01431/04357 (32.84%) | loss: 2.880271 | lrm: 1.00 | dt: 3988.09ms | tok/sec: 262,926 | bf16_mfu: 47.30 | epoch: 1 | total time: 94.63m | eta: 194.9m
step 01432/04357 (32.87%) | loss: 2.876689 | lrm: 1.00 | dt: 3988.52ms | tok/sec: 262,898 | bf16_mfu: 47.29 | epoch: 1 | total time: 94.70m | eta: 194.8m
step 01433/04357 (32.89%) | loss: 2.873543 | lrm: 1.00 | dt: 3980.44ms | tok/sec: 263,432 | bf16_mfu: 47.39 | epoch: 1 | total time: 94.77m | eta: 194.7m
step 01434/04357 (32.91%) | loss: 2.867294 | lrm: 1.00 | dt: 3986.57ms | tok/sec: 263,027 | bf16_mfu: 47.32 | epoch: 1 | total time: 94.83m | eta: 194.7m
step 01435/04357 (32.94%) | loss: 2.855315 | lrm: 1.00 | dt: 3978.32ms | tok/sec: 263,572 | bf16_mfu: 47.41 | epoch: 1 | total time: 94.90m | eta: 194.6m
step 01436/04357 (32.96%) | loss: 2.855054 | lrm: 1.00 | dt: 3977.18ms | tok/sec: 263,648 | bf16_mfu: 47.43 | epoch: 1 | total time: 94.97m | eta: 194.5m
step 01437/04357 (32.98%) | loss: 2.856490 | lrm: 1.00 | dt: 3972.00ms | tok/sec: 263,991 | bf16_mfu: 47.49 | epoch: 1 | total time: 95.03m | eta: 194.5m
step 01438/04357 (33.00%) | loss: 2.870829 | lrm: 1.00 | dt: 3977.96ms | tok/sec: 263,596 | bf16_mfu: 47.42 | epoch: 1 | total time: 95.10m | eta: 194.4m
step 01439/04357 (33.03%) | loss: 2.892973 | lrm: 1.00 | dt: 3985.20ms | tok/sec: 263,117 | bf16_mfu: 47.33 | epoch: 1 | total time: 95.16m | eta: 194.3m
step 01440/04357 (33.05%) | loss: 2.900997 | lrm: 1.00 | dt: 3980.45ms | tok/sec: 263,431 | bf16_mfu: 47.39 | epoch: 1 | total time: 95.23m | eta: 194.3m
step 01441/04357 (33.07%) | loss: 2.900313 | lrm: 1.00 | dt: 3980.75ms | tok/sec: 263,411 | bf16_mfu: 47.39 | epoch: 1 | total time: 95.30m | eta: 194.2m
step 01442/04357 (33.10%) | loss: 2.897939 | lrm: 1.00 | dt: 3982.47ms | tok/sec: 263,298 | bf16_mfu: 47.37 | epoch: 1 | total time: 95.36m | eta: 194.1m
step 01443/04357 (33.12%) | loss: 2.895797 | lrm: 1.00 | dt: 3983.58ms | tok/sec: 263,224 | bf16_mfu: 47.35 | epoch: 1 | total time: 95.43m | eta: 194.1m
step 01444/04357 (33.14%) | loss: 2.900615 | lrm: 1.00 | dt: 3982.22ms | tok/sec: 263,314 | bf16_mfu: 47.37 | epoch: 1 | total time: 95.50m | eta: 194.0m
step 01445/04357 (33.17%) | loss: 2.902350 | lrm: 1.00 | dt: 3983.48ms | tok/sec: 263,231 | bf16_mfu: 47.35 | epoch: 1 | total time: 95.56m | eta: 193.9m
step 01446/04357 (33.19%) | loss: 2.897257 | lrm: 1.00 | dt: 3983.03ms | tok/sec: 263,261 | bf16_mfu: 47.36 | epoch: 1 | total time: 95.63m | eta: 193.9m
step 01447/04357 (33.21%) | loss: 2.901855 | lrm: 1.00 | dt: 3982.27ms | tok/sec: 263,311 | bf16_mfu: 47.37 | epoch: 1 | total time: 95.70m | eta: 193.8m
step 01448/04357 (33.23%) | loss: 2.891387 | lrm: 1.00 | dt: 3982.29ms | tok/sec: 263,310 | bf16_mfu: 47.37 | epoch: 1 | total time: 95.76m | eta: 193.7m
step 01449/04357 (33.26%) | loss: 2.902451 | lrm: 1.00 | dt: 3981.24ms | tok/sec: 263,379 | bf16_mfu: 47.38 | epoch: 1 | total time: 95.83m | eta: 193.7m
step 01450/04357 (33.28%) | loss: 2.905835 | lrm: 1.00 | dt: 3981.66ms | tok/sec: 263,351 | bf16_mfu: 47.37 | epoch: 1 | total time: 95.89m | eta: 193.6m
step 01451/04357 (33.30%) | loss: 2.917896 | lrm: 1.00 | dt: 3987.24ms | tok/sec: 262,982 | bf16_mfu: 47.31 | epoch: 1 | total time: 95.96m | eta: 193.5m
step 01452/04357 (33.33%) | loss: 2.929512 | lrm: 1.00 | dt: 3984.33ms | tok/sec: 263,174 | bf16_mfu: 47.34 | epoch: 1 | total time: 96.03m | eta: 193.5m
step 01453/04357 (33.35%) | loss: 2.926070 | lrm: 1.00 | dt: 4009.50ms | tok/sec: 261,522 | bf16_mfu: 47.05 | epoch: 1 | total time: 96.09m | eta: 193.4m
step 01454/04357 (33.37%) | loss: 2.913188 | lrm: 1.00 | dt: 3981.59ms | tok/sec: 263,356 | bf16_mfu: 47.38 | epoch: 1 | total time: 96.16m | eta: 193.3m
step 01455/04357 (33.39%) | loss: 2.911950 | lrm: 1.00 | dt: 3979.46ms | tok/sec: 263,496 | bf16_mfu: 47.40 | epoch: 1 | total time: 96.23m | eta: 193.3m
step 01456/04357 (33.42%) | loss: 2.923324 | lrm: 1.00 | dt: 3986.84ms | tok/sec: 263,009 | bf16_mfu: 47.31 | epoch: 1 | total time: 96.29m | eta: 193.2m
step 01457/04357 (33.44%) | loss: 2.924451 | lrm: 1.00 | dt: 3987.43ms | tok/sec: 262,970 | bf16_mfu: 47.31 | epoch: 1 | total time: 96.36m | eta: 193.1m
step 01458/04357 (33.46%) | loss: 2.913603 | lrm: 1.00 | dt: 3976.65ms | tok/sec: 263,683 | bf16_mfu: 47.43 | epoch: 1 | total time: 96.43m | eta: 193.1m
step 01459/04357 (33.49%) | loss: 2.911982 | lrm: 1.00 | dt: 3992.61ms | tok/sec: 262,629 | bf16_mfu: 47.24 | epoch: 1 | total time: 96.49m | eta: 193.0m
step 01460/04357 (33.51%) | loss: 2.912175 | lrm: 1.00 | dt: 3992.09ms | tok/sec: 262,663 | bf16_mfu: 47.25 | epoch: 1 | total time: 96.56m | eta: 192.9m
step 01461/04357 (33.53%) | loss: 2.914592 | lrm: 1.00 | dt: 3986.62ms | tok/sec: 263,024 | bf16_mfu: 47.32 | epoch: 1 | total time: 96.63m | eta: 192.9m
step 01462/04357 (33.56%) | loss: 2.917081 | lrm: 1.00 | dt: 3976.77ms | tok/sec: 263,675 | bf16_mfu: 47.43 | epoch: 1 | total time: 96.69m | eta: 192.8m
step 01463/04357 (33.58%) | loss: 2.922943 | lrm: 1.00 | dt: 3979.79ms | tok/sec: 263,475 | bf16_mfu: 47.40 | epoch: 1 | total time: 96.76m | eta: 192.7m
step 01464/04357 (33.60%) | loss: 2.916406 | lrm: 1.00 | dt: 3995.45ms | tok/sec: 262,442 | bf16_mfu: 47.21 | epoch: 1 | total time: 96.82m | eta: 192.7m
step 01465/04357 (33.62%) | loss: 2.907134 | lrm: 1.00 | dt: 3982.50ms | tok/sec: 263,296 | bf16_mfu: 47.36 | epoch: 1 | total time: 96.89m | eta: 192.6m
step 01466/04357 (33.65%) | loss: 2.879055 | lrm: 1.00 | dt: 3983.71ms | tok/sec: 263,215 | bf16_mfu: 47.35 | epoch: 1 | total time: 96.96m | eta: 192.5m
step 01467/04357 (33.67%) | loss: 2.889098 | lrm: 1.00 | dt: 3983.54ms | tok/sec: 263,227 | bf16_mfu: 47.35 | epoch: 1 | total time: 97.02m | eta: 192.4m
step 01468/04357 (33.69%) | loss: 2.894898 | lrm: 1.00 | dt: 3988.76ms | tok/sec: 262,882 | bf16_mfu: 47.29 | epoch: 1 | total time: 97.09m | eta: 192.4m
step 01469/04357 (33.72%) | loss: 2.898058 | lrm: 1.00 | dt: 3989.65ms | tok/sec: 262,824 | bf16_mfu: 47.28 | epoch: 1 | total time: 97.16m | eta: 192.3m
step 01470/04357 (33.74%) | loss: 2.906499 | lrm: 1.00 | dt: 3997.27ms | tok/sec: 262,323 | bf16_mfu: 47.19 | epoch: 1 | total time: 97.22m | eta: 192.2m
step 01471/04357 (33.76%) | loss: 2.908796 | lrm: 1.00 | dt: 3988.32ms | tok/sec: 262,911 | bf16_mfu: 47.30 | epoch: 1 | total time: 97.29m | eta: 192.2m
step 01472/04357 (33.78%) | loss: 2.904560 | lrm: 1.00 | dt: 3993.52ms | tok/sec: 262,569 | bf16_mfu: 47.23 | epoch: 1 | total time: 97.36m | eta: 192.1m
step 01473/04357 (33.81%) | loss: 2.905242 | lrm: 1.00 | dt: 3993.24ms | tok/sec: 262,587 | bf16_mfu: 47.24 | epoch: 1 | total time: 97.42m | eta: 192.0m
step 01474/04357 (33.83%) | loss: 2.901519 | lrm: 1.00 | dt: 3990.77ms | tok/sec: 262,750 | bf16_mfu: 47.27 | epoch: 1 | total time: 97.49m | eta: 192.0m
step 01475/04357 (33.85%) | loss: 2.909835 | lrm: 1.00 | dt: 3997.40ms | tok/sec: 262,314 | bf16_mfu: 47.19 | epoch: 1 | total time: 97.56m | eta: 191.9m
step 01476/04357 (33.88%) | loss: 2.919845 | lrm: 1.00 | dt: 3990.46ms | tok/sec: 262,770 | bf16_mfu: 47.27 | epoch: 1 | total time: 97.62m | eta: 191.8m
step 01477/04357 (33.90%) | loss: 2.913552 | lrm: 1.00 | dt: 3992.01ms | tok/sec: 262,668 | bf16_mfu: 47.25 | epoch: 1 | total time: 97.69m | eta: 191.8m
step 01478/04357 (33.92%) | loss: 2.914796 | lrm: 1.00 | dt: 3989.68ms | tok/sec: 262,821 | bf16_mfu: 47.28 | epoch: 1 | total time: 97.76m | eta: 191.7m
step 01479/04357 (33.95%) | loss: 2.902474 | lrm: 1.00 | dt: 3994.93ms | tok/sec: 262,476 | bf16_mfu: 47.22 | epoch: 1 | total time: 97.82m | eta: 191.6m
step 01480/04357 (33.97%) | loss: 2.901831 | lrm: 1.00 | dt: 3990.42ms | tok/sec: 262,773 | bf16_mfu: 47.27 | epoch: 1 | total time: 97.89m | eta: 191.6m
step 01481/04357 (33.99%) | loss: 2.882950 | lrm: 1.00 | dt: 3991.00ms | tok/sec: 262,734 | bf16_mfu: 47.26 | epoch: 1 | total time: 97.96m | eta: 191.5m
step 01482/04357 (34.01%) | loss: 2.886985 | lrm: 1.00 | dt: 3994.82ms | tok/sec: 262,483 | bf16_mfu: 47.22 | epoch: 1 | total time: 98.02m | eta: 191.4m
step 01483/04357 (34.04%) | loss: 2.893086 | lrm: 1.00 | dt: 3979.72ms | tok/sec: 263,479 | bf16_mfu: 47.40 | epoch: 1 | total time: 98.09m | eta: 191.4m
step 01484/04357 (34.06%) | loss: 2.885893 | lrm: 1.00 | dt: 3992.11ms | tok/sec: 262,662 | bf16_mfu: 47.25 | epoch: 1 | total time: 98.15m | eta: 191.3m
step 01485/04357 (34.08%) | loss: 2.879638 | lrm: 1.00 | dt: 3991.50ms | tok/sec: 262,702 | bf16_mfu: 47.26 | epoch: 1 | total time: 98.22m | eta: 191.2m
step 01486/04357 (34.11%) | loss: 2.889342 | lrm: 1.00 | dt: 3992.08ms | tok/sec: 262,664 | bf16_mfu: 47.25 | epoch: 1 | total time: 98.29m | eta: 191.2m
step 01487/04357 (34.13%) | loss: 2.899795 | lrm: 1.00 | dt: 3993.78ms | tok/sec: 262,551 | bf16_mfu: 47.23 | epoch: 1 | total time: 98.35m | eta: 191.1m
step 01488/04357 (34.15%) | loss: 2.919207 | lrm: 1.00 | dt: 3990.83ms | tok/sec: 262,746 | bf16_mfu: 47.27 | epoch: 1 | total time: 98.42m | eta: 191.0m
step 01489/04357 (34.17%) | loss: 2.925509 | lrm: 1.00 | dt: 3992.90ms | tok/sec: 262,609 | bf16_mfu: 47.24 | epoch: 1 | total time: 98.49m | eta: 191.0m
step 01490/04357 (34.20%) | loss: 2.910265 | lrm: 1.00 | dt: 3992.08ms | tok/sec: 262,664 | bf16_mfu: 47.25 | epoch: 1 | total time: 98.55m | eta: 190.9m
step 01491/04357 (34.22%) | loss: 2.907496 | lrm: 1.00 | dt: 3991.89ms | tok/sec: 262,676 | bf16_mfu: 47.25 | epoch: 1 | total time: 98.62m | eta: 190.8m
step 01492/04357 (34.24%) | loss: 2.896527 | lrm: 1.00 | dt: 3992.01ms | tok/sec: 262,668 | bf16_mfu: 47.25 | epoch: 1 | total time: 98.69m | eta: 190.8m
step 01493/04357 (34.27%) | loss: 2.903587 | lrm: 1.00 | dt: 3988.83ms | tok/sec: 262,878 | bf16_mfu: 47.29 | epoch: 1 | total time: 98.75m | eta: 190.7m
step 01494/04357 (34.29%) | loss: 2.897199 | lrm: 1.00 | dt: 3990.34ms | tok/sec: 262,778 | bf16_mfu: 47.27 | epoch: 1 | total time: 98.82m | eta: 190.6m
step 01495/04357 (34.31%) | loss: 2.897823 | lrm: 1.00 | dt: 3993.06ms | tok/sec: 262,599 | bf16_mfu: 47.24 | epoch: 1 | total time: 98.89m | eta: 190.6m
step 01496/04357 (34.34%) | loss: 2.903332 | lrm: 1.00 | dt: 3984.94ms | tok/sec: 263,134 | bf16_mfu: 47.34 | epoch: 1 | total time: 98.95m | eta: 190.5m
step 01497/04357 (34.36%) | loss: 2.899269 | lrm: 1.00 | dt: 3982.77ms | tok/sec: 263,277 | bf16_mfu: 47.36 | epoch: 1 | total time: 99.02m | eta: 190.4m
step 01498/04357 (34.38%) | loss: 2.901804 | lrm: 1.00 | dt: 3982.64ms | tok/sec: 263,286 | bf16_mfu: 47.36 | epoch: 1 | total time: 99.09m | eta: 190.4m
step 01499/04357 (34.40%) | loss: 2.901645 | lrm: 1.00 | dt: 3978.30ms | tok/sec: 263,573 | bf16_mfu: 47.41 | epoch: 1 | total time: 99.15m | eta: 190.3m
Step 01500 | Validation bpb: 0.879971
step 01500/04357 (34.43%) | loss: 2.898833 | lrm: 1.00 | dt: 3994.53ms | tok/sec: 262,502 | bf16_mfu: 47.22 | epoch: 1 | total time: 99.22m | eta: 190.2m
step 01501/04357 (34.45%) | loss: 2.899359 | lrm: 1.00 | dt: 3971.49ms | tok/sec: 264,025 | bf16_mfu: 47.50 | epoch: 1 | total time: 99.28m | eta: 190.2m
step 01502/04357 (34.47%) | loss: 2.886784 | lrm: 1.00 | dt: 3972.97ms | tok/sec: 263,927 | bf16_mfu: 47.48 | epoch: 1 | total time: 99.35m | eta: 190.1m
step 01503/04357 (34.50%) | loss: 2.890442 | lrm: 1.00 | dt: 3972.37ms | tok/sec: 263,967 | bf16_mfu: 47.49 | epoch: 1 | total time: 99.42m | eta: 190.0m
step 01504/04357 (34.52%) | loss: 2.890498 | lrm: 1.00 | dt: 3971.96ms | tok/sec: 263,994 | bf16_mfu: 47.49 | epoch: 1 | total time: 99.48m | eta: 190.0m
step 01505/04357 (34.54%) | loss: 2.902302 | lrm: 1.00 | dt: 3986.34ms | tok/sec: 263,041 | bf16_mfu: 47.32 | epoch: 1 | total time: 99.55m | eta: 189.9m
step 01506/04357 (34.57%) | loss: 2.898436 | lrm: 1.00 | dt: 3976.28ms | tok/sec: 263,707 | bf16_mfu: 47.44 | epoch: 1 | total time: 99.62m | eta: 189.8m
step 01507/04357 (34.59%) | loss: 2.899278 | lrm: 1.00 | dt: 3975.50ms | tok/sec: 263,759 | bf16_mfu: 47.45 | epoch: 1 | total time: 99.68m | eta: 189.8m
step 01508/04357 (34.61%) | loss: 2.905345 | lrm: 1.00 | dt: 3970.98ms | tok/sec: 264,059 | bf16_mfu: 47.50 | epoch: 1 | total time: 99.75m | eta: 189.7m
step 01509/04357 (34.63%) | loss: 2.904411 | lrm: 1.00 | dt: 3971.80ms | tok/sec: 264,005 | bf16_mfu: 47.49 | epoch: 1 | total time: 99.81m | eta: 189.6m
step 01510/04357 (34.66%) | loss: 2.906945 | lrm: 1.00 | dt: 3975.68ms | tok/sec: 263,747 | bf16_mfu: 47.45 | epoch: 1 | total time: 99.88m | eta: 189.6m
step 01511/04357 (34.68%) | loss: 2.899917 | lrm: 1.00 | dt: 3983.28ms | tok/sec: 263,244 | bf16_mfu: 47.36 | epoch: 1 | total time: 99.95m | eta: 189.5m
step 01512/04357 (34.70%) | loss: 2.900368 | lrm: 1.00 | dt: 3974.71ms | tok/sec: 263,811 | bf16_mfu: 47.46 | epoch: 1 | total time: 100.01m | eta: 189.4m
step 01513/04357 (34.73%) | loss: 2.901545 | lrm: 1.00 | dt: 3979.30ms | tok/sec: 263,507 | bf16_mfu: 47.40 | epoch: 1 | total time: 100.08m | eta: 189.4m
step 01514/04357 (34.75%) | loss: 2.895901 | lrm: 1.00 | dt: 3985.76ms | tok/sec: 263,080 | bf16_mfu: 47.33 | epoch: 1 | total time: 100.15m | eta: 189.3m
step 01515/04357 (34.77%) | loss: 2.889578 | lrm: 1.00 | dt: 3982.42ms | tok/sec: 263,300 | bf16_mfu: 47.37 | epoch: 1 | total time: 100.21m | eta: 189.2m
step 01516/04357 (34.79%) | loss: 2.886108 | lrm: 1.00 | dt: 3990.33ms | tok/sec: 262,779 | bf16_mfu: 47.27 | epoch: 1 | total time: 100.28m | eta: 189.2m
step 01517/04357 (34.82%) | loss: 2.886295 | lrm: 1.00 | dt: 3981.22ms | tok/sec: 263,380 | bf16_mfu: 47.38 | epoch: 1 | total time: 100.35m | eta: 189.1m
step 01518/04357 (34.84%) | loss: 2.876761 | lrm: 1.00 | dt: 3987.53ms | tok/sec: 262,963 | bf16_mfu: 47.30 | epoch: 1 | total time: 100.41m | eta: 189.0m
step 01519/04357 (34.86%) | loss: 2.881786 | lrm: 1.00 | dt: 3986.72ms | tok/sec: 263,017 | bf16_mfu: 47.31 | epoch: 1 | total time: 100.48m | eta: 189.0m
step 01520/04357 (34.89%) | loss: 2.885146 | lrm: 1.00 | dt: 3983.05ms | tok/sec: 263,259 | bf16_mfu: 47.36 | epoch: 1 | total time: 100.55m | eta: 188.9m
step 01521/04357 (34.91%) | loss: 2.889979 | lrm: 1.00 | dt: 3981.77ms | tok/sec: 263,344 | bf16_mfu: 47.37 | epoch: 1 | total time: 100.61m | eta: 188.8m
step 01522/04357 (34.93%) | loss: 2.889118 | lrm: 1.00 | dt: 3981.32ms | tok/sec: 263,373 | bf16_mfu: 47.38 | epoch: 1 | total time: 100.68m | eta: 188.8m
step 01523/04357 (34.96%) | loss: 2.895142 | lrm: 1.00 | dt: 3988.95ms | tok/sec: 262,870 | bf16_mfu: 47.29 | epoch: 1 | total time: 100.74m | eta: 188.7m
step 01524/04357 (34.98%) | loss: 2.898415 | lrm: 1.00 | dt: 3990.29ms | tok/sec: 262,781 | bf16_mfu: 47.27 | epoch: 1 | total time: 100.81m | eta: 188.6m
step 01525/04357 (35.00%) | loss: 2.911248 | lrm: 1.00 | dt: 3988.65ms | tok/sec: 262,890 | bf16_mfu: 47.29 | epoch: 1 | total time: 100.88m | eta: 188.6m
step 01526/04357 (35.02%) | loss: 2.908224 | lrm: 1.00 | dt: 3981.46ms | tok/sec: 263,364 | bf16_mfu: 47.38 | epoch: 1 | total time: 100.94m | eta: 188.5m
step 01527/04357 (35.05%) | loss: 2.910355 | lrm: 1.00 | dt: 3978.41ms | tok/sec: 263,566 | bf16_mfu: 47.41 | epoch: 1 | total time: 101.01m | eta: 188.4m
step 01528/04357 (35.07%) | loss: 2.915205 | lrm: 1.00 | dt: 3984.54ms | tok/sec: 263,161 | bf16_mfu: 47.34 | epoch: 1 | total time: 101.08m | eta: 188.4m
step 01529/04357 (35.09%) | loss: 2.908571 | lrm: 1.00 | dt: 3992.72ms | tok/sec: 262,621 | bf16_mfu: 47.24 | epoch: 1 | total time: 101.14m | eta: 188.3m
step 01530/04357 (35.12%) | loss: 2.884859 | lrm: 1.00 | dt: 3979.69ms | tok/sec: 263,481 | bf16_mfu: 47.40 | epoch: 1 | total time: 101.21m | eta: 188.2m
step 01531/04357 (35.14%) | loss: 2.882402 | lrm: 1.00 | dt: 3987.94ms | tok/sec: 262,936 | bf16_mfu: 47.30 | epoch: 1 | total time: 101.28m | eta: 188.2m
step 01532/04357 (35.16%) | loss: 2.880479 | lrm: 1.00 | dt: 3987.54ms | tok/sec: 262,963 | bf16_mfu: 47.30 | epoch: 1 | total time: 101.34m | eta: 188.1m
step 01533/04357 (35.18%) | loss: 2.887896 | lrm: 1.00 | dt: 3980.23ms | tok/sec: 263,446 | bf16_mfu: 47.39 | epoch: 1 | total time: 101.41m | eta: 188.0m
step 01534/04357 (35.21%) | loss: 2.895436 | lrm: 1.00 | dt: 3990.84ms | tok/sec: 262,745 | bf16_mfu: 47.27 | epoch: 1 | total time: 101.48m | eta: 188.0m
step 01535/04357 (35.23%) | loss: 2.883988 | lrm: 1.00 | dt: 3986.21ms | tok/sec: 263,051 | bf16_mfu: 47.32 | epoch: 1 | total time: 101.54m | eta: 187.9m
step 01536/04357 (35.25%) | loss: 2.874198 | lrm: 1.00 | dt: 3979.27ms | tok/sec: 263,509 | bf16_mfu: 47.40 | epoch: 1 | total time: 101.61m | eta: 187.8m
step 01537/04357 (35.28%) | loss: 2.904260 | lrm: 1.00 | dt: 3998.14ms | tok/sec: 262,266 | bf16_mfu: 47.18 | epoch: 1 | total time: 101.67m | eta: 187.8m
step 01538/04357 (35.30%) | loss: 2.903194 | lrm: 1.00 | dt: 3984.36ms | tok/sec: 263,172 | bf16_mfu: 47.34 | epoch: 1 | total time: 101.74m | eta: 187.7m
step 01539/04357 (35.32%) | loss: 2.905772 | lrm: 1.00 | dt: 3986.20ms | tok/sec: 263,051 | bf16_mfu: 47.32 | epoch: 1 | total time: 101.81m | eta: 187.6m
step 01540/04357 (35.35%) | loss: 2.902660 | lrm: 1.00 | dt: 3989.47ms | tok/sec: 262,836 | bf16_mfu: 47.28 | epoch: 1 | total time: 101.87m | eta: 187.6m
step 01541/04357 (35.37%) | loss: 2.910195 | lrm: 1.00 | dt: 3994.07ms | tok/sec: 262,533 | bf16_mfu: 47.23 | epoch: 1 | total time: 101.94m | eta: 187.5m
step 01542/04357 (35.39%) | loss: 2.904981 | lrm: 1.00 | dt: 3991.68ms | tok/sec: 262,690 | bf16_mfu: 47.26 | epoch: 1 | total time: 102.01m | eta: 187.4m
step 01543/04357 (35.41%) | loss: 2.902379 | lrm: 1.00 | dt: 3993.29ms | tok/sec: 262,584 | bf16_mfu: 47.24 | epoch: 1 | total time: 102.07m | eta: 187.4m
step 01544/04357 (35.44%) | loss: 2.896883 | lrm: 1.00 | dt: 3992.54ms | tok/sec: 262,633 | bf16_mfu: 47.25 | epoch: 1 | total time: 102.14m | eta: 187.3m
step 01545/04357 (35.46%) | loss: 2.897043 | lrm: 1.00 | dt: 3995.95ms | tok/sec: 262,409 | bf16_mfu: 47.21 | epoch: 1 | total time: 102.21m | eta: 187.2m
step 01546/04357 (35.48%) | loss: 2.895072 | lrm: 1.00 | dt: 3991.57ms | tok/sec: 262,697 | bf16_mfu: 47.26 | epoch: 1 | total time: 102.27m | eta: 187.2m
step 01547/04357 (35.51%) | loss: 2.885304 | lrm: 1.00 | dt: 3991.83ms | tok/sec: 262,680 | bf16_mfu: 47.25 | epoch: 1 | total time: 102.34m | eta: 187.1m
step 01548/04357 (35.53%) | loss: 2.886159 | lrm: 1.00 | dt: 3988.47ms | tok/sec: 262,901 | bf16_mfu: 47.29 | epoch: 1 | total time: 102.41m | eta: 187.0m
step 01549/04357 (35.55%) | loss: 2.891147 | lrm: 1.00 | dt: 3990.91ms | tok/sec: 262,740 | bf16_mfu: 47.26 | epoch: 1 | total time: 102.47m | eta: 187.0m
step 01550/04357 (35.57%) | loss: 2.892309 | lrm: 1.00 | dt: 3990.21ms | tok/sec: 262,787 | bf16_mfu: 47.27 | epoch: 1 | total time: 102.54m | eta: 186.9m
step 01551/04357 (35.60%) | loss: 2.888986 | lrm: 1.00 | dt: 3995.32ms | tok/sec: 262,451 | bf16_mfu: 47.21 | epoch: 1 | total time: 102.61m | eta: 186.8m
step 01552/04357 (35.62%) | loss: 2.892048 | lrm: 1.00 | dt: 3994.37ms | tok/sec: 262,513 | bf16_mfu: 47.22 | epoch: 1 | total time: 102.67m | eta: 186.8m
step 01553/04357 (35.64%) | loss: 2.888343 | lrm: 1.00 | dt: 3989.01ms | tok/sec: 262,866 | bf16_mfu: 47.29 | epoch: 1 | total time: 102.74m | eta: 186.7m
step 01554/04357 (35.67%) | loss: 2.887714 | lrm: 1.00 | dt: 3991.67ms | tok/sec: 262,690 | bf16_mfu: 47.26 | epoch: 1 | total time: 102.81m | eta: 186.6m
step 01555/04357 (35.69%) | loss: 2.877055 | lrm: 1.00 | dt: 3991.54ms | tok/sec: 262,699 | bf16_mfu: 47.26 | epoch: 1 | total time: 102.87m | eta: 186.6m
step 01556/04357 (35.71%) | loss: 2.878183 | lrm: 1.00 | dt: 3993.60ms | tok/sec: 262,564 | bf16_mfu: 47.23 | epoch: 1 | total time: 102.94m | eta: 186.5m
step 01557/04357 (35.74%) | loss: 2.880612 | lrm: 1.00 | dt: 3993.92ms | tok/sec: 262,543 | bf16_mfu: 47.23 | epoch: 1 | total time: 103.00m | eta: 186.4m
step 01558/04357 (35.76%) | loss: 2.874238 | lrm: 1.00 | dt: 4008.10ms | tok/sec: 261,614 | bf16_mfu: 47.06 | epoch: 1 | total time: 103.07m | eta: 186.4m
step 01559/04357 (35.78%) | loss: 2.876068 | lrm: 1.00 | dt: 3993.99ms | tok/sec: 262,538 | bf16_mfu: 47.23 | epoch: 1 | total time: 103.14m | eta: 186.3m
step 01560/04357 (35.80%) | loss: 2.876582 | lrm: 1.00 | dt: 3990.98ms | tok/sec: 262,736 | bf16_mfu: 47.26 | epoch: 1 | total time: 103.20m | eta: 186.2m
step 01561/04357 (35.83%) | loss: 2.876963 | lrm: 1.00 | dt: 3993.75ms | tok/sec: 262,554 | bf16_mfu: 47.23 | epoch: 1 | total time: 103.27m | eta: 186.2m
step 01562/04357 (35.85%) | loss: 2.876082 | lrm: 1.00 | dt: 3995.49ms | tok/sec: 262,440 | bf16_mfu: 47.21 | epoch: 1 | total time: 103.34m | eta: 186.1m
step 01563/04357 (35.87%) | loss: 2.878951 | lrm: 1.00 | dt: 3999.31ms | tok/sec: 262,189 | bf16_mfu: 47.17 | epoch: 1 | total time: 103.40m | eta: 186.0m
step 01564/04357 (35.90%) | loss: 2.867873 | lrm: 1.00 | dt: 3992.82ms | tok/sec: 262,615 | bf16_mfu: 47.24 | epoch: 1 | total time: 103.47m | eta: 186.0m
step 01565/04357 (35.92%) | loss: 2.879185 | lrm: 1.00 | dt: 3995.77ms | tok/sec: 262,421 | bf16_mfu: 47.21 | epoch: 1 | total time: 103.54m | eta: 185.9m
step 01566/04357 (35.94%) | loss: 2.878191 | lrm: 1.00 | dt: 3989.98ms | tok/sec: 262,802 | bf16_mfu: 47.28 | epoch: 1 | total time: 103.60m | eta: 185.8m
step 01567/04357 (35.97%) | loss: 2.864867 | lrm: 1.00 | dt: 3997.42ms | tok/sec: 262,312 | bf16_mfu: 47.19 | epoch: 1 | total time: 103.67m | eta: 185.8m
step 01568/04357 (35.99%) | loss: 2.871086 | lrm: 1.00 | dt: 3992.42ms | tok/sec: 262,641 | bf16_mfu: 47.25 | epoch: 1 | total time: 103.74m | eta: 185.7m
step 01569/04357 (36.01%) | loss: 2.878351 | lrm: 1.00 | dt: 4003.08ms | tok/sec: 261,942 | bf16_mfu: 47.12 | epoch: 1 | total time: 103.80m | eta: 185.6m
step 01570/04357 (36.03%) | loss: 2.885032 | lrm: 1.00 | dt: 3982.76ms | tok/sec: 263,278 | bf16_mfu: 47.36 | epoch: 1 | total time: 103.87m | eta: 185.6m
step 01571/04357 (36.06%) | loss: 2.872748 | lrm: 1.00 | dt: 3987.02ms | tok/sec: 262,997 | bf16_mfu: 47.31 | epoch: 1 | total time: 103.94m | eta: 185.5m
step 01572/04357 (36.08%) | loss: 2.874417 | lrm: 1.00 | dt: 3986.31ms | tok/sec: 263,044 | bf16_mfu: 47.32 | epoch: 1 | total time: 104.00m | eta: 185.4m
step 01573/04357 (36.10%) | loss: 2.877780 | lrm: 1.00 | dt: 3983.55ms | tok/sec: 263,226 | bf16_mfu: 47.35 | epoch: 1 | total time: 104.07m | eta: 185.4m
step 01574/04357 (36.13%) | loss: 2.884117 | lrm: 1.00 | dt: 3984.08ms | tok/sec: 263,191 | bf16_mfu: 47.35 | epoch: 1 | total time: 104.14m | eta: 185.3m
step 01575/04357 (36.15%) | loss: 2.872816 | lrm: 1.00 | dt: 3990.35ms | tok/sec: 262,777 | bf16_mfu: 47.27 | epoch: 1 | total time: 104.20m | eta: 185.2m
step 01576/04357 (36.17%) | loss: 2.838107 | lrm: 1.00 | dt: 3977.80ms | tok/sec: 263,607 | bf16_mfu: 47.42 | epoch: 1 | total time: 104.27m | eta: 185.2m
step 01577/04357 (36.19%) | loss: 2.838872 | lrm: 1.00 | dt: 3981.60ms | tok/sec: 263,355 | bf16_mfu: 47.38 | epoch: 1 | total time: 104.34m | eta: 185.1m
step 01578/04357 (36.22%) | loss: 2.841110 | lrm: 1.00 | dt: 3984.10ms | tok/sec: 263,190 | bf16_mfu: 47.35 | epoch: 1 | total time: 104.40m | eta: 185.0m
step 01579/04357 (36.24%) | loss: 2.837118 | lrm: 1.00 | dt: 3976.74ms | tok/sec: 263,677 | bf16_mfu: 47.43 | epoch: 1 | total time: 104.47m | eta: 185.0m
step 01580/04357 (36.26%) | loss: 2.839582 | lrm: 1.00 | dt: 3982.22ms | tok/sec: 263,314 | bf16_mfu: 47.37 | epoch: 1 | total time: 104.53m | eta: 184.9m
step 01581/04357 (36.29%) | loss: 2.840353 | lrm: 1.00 | dt: 3980.65ms | tok/sec: 263,418 | bf16_mfu: 47.39 | epoch: 1 | total time: 104.60m | eta: 184.8m
step 01582/04357 (36.31%) | loss: 2.838264 | lrm: 1.00 | dt: 3984.86ms | tok/sec: 263,139 | bf16_mfu: 47.34 | epoch: 1 | total time: 104.67m | eta: 184.8m
step 01583/04357 (36.33%) | loss: 2.834700 | lrm: 1.00 | dt: 3978.07ms | tok/sec: 263,589 | bf16_mfu: 47.42 | epoch: 1 | total time: 104.73m | eta: 184.7m
step 01584/04357 (36.36%) | loss: 2.844075 | lrm: 1.00 | dt: 3984.72ms | tok/sec: 263,149 | bf16_mfu: 47.34 | epoch: 1 | total time: 104.80m | eta: 184.6m
step 01585/04357 (36.38%) | loss: 2.861628 | lrm: 1.00 | dt: 3971.79ms | tok/sec: 264,006 | bf16_mfu: 47.49 | epoch: 1 | total time: 104.87m | eta: 184.6m
step 01586/04357 (36.40%) | loss: 2.864679 | lrm: 1.00 | dt: 3970.71ms | tok/sec: 264,077 | bf16_mfu: 47.51 | epoch: 1 | total time: 104.93m | eta: 184.5m
step 01587/04357 (36.42%) | loss: 2.856310 | lrm: 1.00 | dt: 3978.82ms | tok/sec: 263,539 | bf16_mfu: 47.41 | epoch: 1 | total time: 105.00m | eta: 184.4m
step 01588/04357 (36.45%) | loss: 2.861135 | lrm: 1.00 | dt: 3974.32ms | tok/sec: 263,837 | bf16_mfu: 47.46 | epoch: 1 | total time: 105.06m | eta: 184.4m
step 01589/04357 (36.47%) | loss: 2.856165 | lrm: 1.00 | dt: 3985.54ms | tok/sec: 263,095 | bf16_mfu: 47.33 | epoch: 1 | total time: 105.13m | eta: 184.3m
step 01590/04357 (36.49%) | loss: 2.849683 | lrm: 1.00 | dt: 3977.69ms | tok/sec: 263,614 | bf16_mfu: 47.42 | epoch: 1 | total time: 105.20m | eta: 184.2m
step 01591/04357 (36.52%) | loss: 2.846902 | lrm: 1.00 | dt: 3985.50ms | tok/sec: 263,097 | bf16_mfu: 47.33 | epoch: 1 | total time: 105.26m | eta: 184.2m
step 01592/04357 (36.54%) | loss: 2.847418 | lrm: 1.00 | dt: 3973.02ms | tok/sec: 263,923 | bf16_mfu: 47.48 | epoch: 1 | total time: 105.33m | eta: 184.1m
step 01593/04357 (36.56%) | loss: 2.852880 | lrm: 1.00 | dt: 3971.11ms | tok/sec: 264,051 | bf16_mfu: 47.50 | epoch: 1 | total time: 105.40m | eta: 184.0m
step 01594/04357 (36.58%) | loss: 2.858706 | lrm: 1.00 | dt: 3979.28ms | tok/sec: 263,508 | bf16_mfu: 47.40 | epoch: 1 | total time: 105.46m | eta: 184.0m
step 01595/04357 (36.61%) | loss: 2.855411 | lrm: 1.00 | dt: 3980.90ms | tok/sec: 263,401 | bf16_mfu: 47.38 | epoch: 1 | total time: 105.53m | eta: 183.9m
step 01596/04357 (36.63%) | loss: 2.865900 | lrm: 1.00 | dt: 3978.98ms | tok/sec: 263,528 | bf16_mfu: 47.41 | epoch: 1 | total time: 105.60m | eta: 183.8m
step 01597/04357 (36.65%) | loss: 2.868726 | lrm: 1.00 | dt: 3990.51ms | tok/sec: 262,767 | bf16_mfu: 47.27 | epoch: 1 | total time: 105.66m | eta: 183.8m
step 01598/04357 (36.68%) | loss: 2.882910 | lrm: 1.00 | dt: 3981.24ms | tok/sec: 263,379 | bf16_mfu: 47.38 | epoch: 1 | total time: 105.73m | eta: 183.7m
step 01599/04357 (36.70%) | loss: 2.876482 | lrm: 1.00 | dt: 3979.57ms | tok/sec: 263,489 | bf16_mfu: 47.40 | epoch: 1 | total time: 105.79m | eta: 183.6m
step 01600/04357 (36.72%) | loss: 2.874729 | lrm: 1.00 | dt: 3975.38ms | tok/sec: 263,767 | bf16_mfu: 47.45 | epoch: 1 | total time: 105.86m | eta: 183.6m
step 01601/04357 (36.75%) | loss: 2.895906 | lrm: 1.00 | dt: 3976.02ms | tok/sec: 263,724 | bf16_mfu: 47.44 | epoch: 1 | total time: 105.93m | eta: 183.5m
step 01602/04357 (36.77%) | loss: 2.892650 | lrm: 1.00 | dt: 3999.42ms | tok/sec: 262,182 | bf16_mfu: 47.16 | epoch: 1 | total time: 105.99m | eta: 183.4m
step 01603/04357 (36.79%) | loss: 2.900167 | lrm: 1.00 | dt: 3986.90ms | tok/sec: 263,005 | bf16_mfu: 47.31 | epoch: 1 | total time: 106.06m | eta: 183.4m
step 01604/04357 (36.81%) | loss: 2.887276 | lrm: 1.00 | dt: 3985.49ms | tok/sec: 263,098 | bf16_mfu: 47.33 | epoch: 1 | total time: 106.13m | eta: 183.3m
step 01605/04357 (36.84%) | loss: 2.891068 | lrm: 1.00 | dt: 3986.19ms | tok/sec: 263,052 | bf16_mfu: 47.32 | epoch: 1 | total time: 106.19m | eta: 183.2m
step 01606/04357 (36.86%) | loss: 2.888557 | lrm: 1.00 | dt: 3979.38ms | tok/sec: 263,502 | bf16_mfu: 47.40 | epoch: 1 | total time: 106.26m | eta: 183.2m
step 01607/04357 (36.88%) | loss: 2.892512 | lrm: 1.00 | dt: 3986.07ms | tok/sec: 263,060 | bf16_mfu: 47.32 | epoch: 1 | total time: 106.33m | eta: 183.1m
step 01608/04357 (36.91%) | loss: 2.909408 | lrm: 1.00 | dt: 3989.32ms | tok/sec: 262,845 | bf16_mfu: 47.28 | epoch: 1 | total time: 106.39m | eta: 183.0m
step 01609/04357 (36.93%) | loss: 2.915080 | lrm: 1.00 | dt: 3986.67ms | tok/sec: 263,020 | bf16_mfu: 47.32 | epoch: 1 | total time: 106.46m | eta: 183.0m
step 01610/04357 (36.95%) | loss: 2.914224 | lrm: 1.00 | dt: 3981.74ms | tok/sec: 263,346 | bf16_mfu: 47.37 | epoch: 1 | total time: 106.53m | eta: 182.9m
step 01611/04357 (36.97%) | loss: 2.914975 | lrm: 1.00 | dt: 3987.74ms | tok/sec: 262,949 | bf16_mfu: 47.30 | epoch: 1 | total time: 106.59m | eta: 182.8m
step 01612/04357 (37.00%) | loss: 2.911501 | lrm: 1.00 | dt: 3983.28ms | tok/sec: 263,244 | bf16_mfu: 47.36 | epoch: 1 | total time: 106.66m | eta: 182.8m
step 01613/04357 (37.02%) | loss: 2.917311 | lrm: 1.00 | dt: 3982.25ms | tok/sec: 263,312 | bf16_mfu: 47.37 | epoch: 1 | total time: 106.72m | eta: 182.7m
step 01614/04357 (37.04%) | loss: 2.905485 | lrm: 1.00 | dt: 3980.12ms | tok/sec: 263,453 | bf16_mfu: 47.39 | epoch: 1 | total time: 106.79m | eta: 182.6m
step 01615/04357 (37.07%) | loss: 2.911022 | lrm: 1.00 | dt: 3983.43ms | tok/sec: 263,234 | bf16_mfu: 47.35 | epoch: 1 | total time: 106.86m | eta: 182.6m
step 01616/04357 (37.09%) | loss: 2.912708 | lrm: 1.00 | dt: 3992.82ms | tok/sec: 262,615 | bf16_mfu: 47.24 | epoch: 1 | total time: 106.92m | eta: 182.5m
step 01617/04357 (37.11%) | loss: 2.907366 | lrm: 1.00 | dt: 3984.00ms | tok/sec: 263,196 | bf16_mfu: 47.35 | epoch: 1 | total time: 106.99m | eta: 182.4m
step 01618/04357 (37.14%) | loss: 2.892846 | lrm: 1.00 | dt: 3994.05ms | tok/sec: 262,534 | bf16_mfu: 47.23 | epoch: 1 | total time: 107.06m | eta: 182.4m
step 01619/04357 (37.16%) | loss: 2.894353 | lrm: 1.00 | dt: 3990.11ms | tok/sec: 262,793 | bf16_mfu: 47.27 | epoch: 1 | total time: 107.12m | eta: 182.3m
step 01620/04357 (37.18%) | loss: 2.884181 | lrm: 1.00 | dt: 3980.80ms | tok/sec: 263,408 | bf16_mfu: 47.38 | epoch: 1 | total time: 107.19m | eta: 182.2m
step 01621/04357 (37.20%) | loss: 2.883877 | lrm: 1.00 | dt: 3983.07ms | tok/sec: 263,258 | bf16_mfu: 47.36 | epoch: 1 | total time: 107.26m | eta: 182.2m
step 01622/04357 (37.23%) | loss: 2.888634 | lrm: 1.00 | dt: 3981.51ms | tok/sec: 263,361 | bf16_mfu: 47.38 | epoch: 1 | total time: 107.32m | eta: 182.1m
step 01623/04357 (37.25%) | loss: 2.886779 | lrm: 1.00 | dt: 3982.11ms | tok/sec: 263,321 | bf16_mfu: 47.37 | epoch: 1 | total time: 107.39m | eta: 182.0m
step 01624/04357 (37.27%) | loss: 2.874452 | lrm: 1.00 | dt: 3997.39ms | tok/sec: 262,315 | bf16_mfu: 47.19 | epoch: 1 | total time: 107.46m | eta: 182.0m
step 01625/04357 (37.30%) | loss: 2.862429 | lrm: 1.00 | dt: 3989.36ms | tok/sec: 262,843 | bf16_mfu: 47.28 | epoch: 1 | total time: 107.52m | eta: 181.9m
step 01626/04357 (37.32%) | loss: 2.852743 | lrm: 1.00 | dt: 3991.90ms | tok/sec: 262,675 | bf16_mfu: 47.25 | epoch: 1 | total time: 107.59m | eta: 181.8m
step 01627/04357 (37.34%) | loss: 2.843056 | lrm: 1.00 | dt: 4007.80ms | tok/sec: 261,634 | bf16_mfu: 47.07 | epoch: 1 | total time: 107.65m | eta: 181.8m
step 01628/04357 (37.37%) | loss: 2.861609 | lrm: 1.00 | dt: 3982.22ms | tok/sec: 263,314 | bf16_mfu: 47.37 | epoch: 1 | total time: 107.72m | eta: 181.7m
step 01629/04357 (37.39%) | loss: 2.859983 | lrm: 1.00 | dt: 3989.39ms | tok/sec: 262,841 | bf16_mfu: 47.28 | epoch: 1 | total time: 107.79m | eta: 181.6m
step 01630/04357 (37.41%) | loss: 2.861851 | lrm: 1.00 | dt: 3985.01ms | tok/sec: 263,129 | bf16_mfu: 47.33 | epoch: 1 | total time: 107.85m | eta: 181.6m
step 01631/04357 (37.43%) | loss: 2.870298 | lrm: 1.00 | dt: 3982.53ms | tok/sec: 263,294 | bf16_mfu: 47.36 | epoch: 1 | total time: 107.92m | eta: 181.5m
step 01632/04357 (37.46%) | loss: 2.879052 | lrm: 1.00 | dt: 3990.84ms | tok/sec: 262,745 | bf16_mfu: 47.27 | epoch: 1 | total time: 107.99m | eta: 181.4m
step 01633/04357 (37.48%) | loss: 2.875602 | lrm: 1.00 | dt: 3980.52ms | tok/sec: 263,426 | bf16_mfu: 47.39 | epoch: 1 | total time: 108.05m | eta: 181.4m
step 01634/04357 (37.50%) | loss: 2.872373 | lrm: 1.00 | dt: 3996.27ms | tok/sec: 262,388 | bf16_mfu: 47.20 | epoch: 1 | total time: 108.12m | eta: 181.3m
step 01635/04357 (37.53%) | loss: 2.863063 | lrm: 1.00 | dt: 3983.68ms | tok/sec: 263,217 | bf16_mfu: 47.35 | epoch: 1 | total time: 108.19m | eta: 181.2m
step 01636/04357 (37.55%) | loss: 2.861532 | lrm: 1.00 | dt: 3992.65ms | tok/sec: 262,626 | bf16_mfu: 47.24 | epoch: 1 | total time: 108.25m | eta: 181.2m
step 01637/04357 (37.57%) | loss: 2.867551 | lrm: 1.00 | dt: 3987.51ms | tok/sec: 262,965 | bf16_mfu: 47.31 | epoch: 1 | total time: 108.32m | eta: 181.1m
step 01638/04357 (37.59%) | loss: 2.874621 | lrm: 1.00 | dt: 3993.06ms | tok/sec: 262,599 | bf16_mfu: 47.24 | epoch: 1 | total time: 108.39m | eta: 181.0m
step 01639/04357 (37.62%) | loss: 2.871668 | lrm: 1.00 | dt: 3994.94ms | tok/sec: 262,476 | bf16_mfu: 47.22 | epoch: 1 | total time: 108.45m | eta: 181.0m
step 01640/04357 (37.64%) | loss: 2.865223 | lrm: 1.00 | dt: 3990.92ms | tok/sec: 262,740 | bf16_mfu: 47.26 | epoch: 1 | total time: 108.52m | eta: 180.9m
step 01641/04357 (37.66%) | loss: 2.869990 | lrm: 1.00 | dt: 3991.20ms | tok/sec: 262,722 | bf16_mfu: 47.26 | epoch: 1 | total time: 108.59m | eta: 180.8m
step 01642/04357 (37.69%) | loss: 2.875668 | lrm: 1.00 | dt: 3990.93ms | tok/sec: 262,739 | bf16_mfu: 47.26 | epoch: 1 | total time: 108.65m | eta: 180.8m
step 01643/04357 (37.71%) | loss: 2.872619 | lrm: 1.00 | dt: 3988.64ms | tok/sec: 262,890 | bf16_mfu: 47.29 | epoch: 1 | total time: 108.72m | eta: 180.7m
step 01644/04357 (37.73%) | loss: 2.878560 | lrm: 1.00 | dt: 3992.12ms | tok/sec: 262,661 | bf16_mfu: 47.25 | epoch: 1 | total time: 108.79m | eta: 180.6m
step 01645/04357 (37.76%) | loss: 2.889455 | lrm: 1.00 | dt: 3992.96ms | tok/sec: 262,606 | bf16_mfu: 47.24 | epoch: 1 | total time: 108.85m | eta: 180.6m
step 01646/04357 (37.78%) | loss: 2.873844 | lrm: 1.00 | dt: 3990.72ms | tok/sec: 262,753 | bf16_mfu: 47.27 | epoch: 1 | total time: 108.92m | eta: 180.5m
step 01647/04357 (37.80%) | loss: 2.877714 | lrm: 1.00 | dt: 3987.71ms | tok/sec: 262,951 | bf16_mfu: 47.30 | epoch: 1 | total time: 108.98m | eta: 180.4m
step 01648/04357 (37.82%) | loss: 2.878861 | lrm: 1.00 | dt: 3982.52ms | tok/sec: 263,294 | bf16_mfu: 47.36 | epoch: 1 | total time: 109.05m | eta: 180.4m
step 01649/04357 (37.85%) | loss: 2.869193 | lrm: 1.00 | dt: 4001.48ms | tok/sec: 262,047 | bf16_mfu: 47.14 | epoch: 1 | total time: 109.12m | eta: 180.3m
step 01650/04357 (37.87%) | loss: 2.868865 | lrm: 1.00 | dt: 3997.88ms | tok/sec: 262,283 | bf16_mfu: 47.18 | epoch: 1 | total time: 109.18m | eta: 180.2m
step 01651/04357 (37.89%) | loss: 2.866310 | lrm: 1.00 | dt: 3984.96ms | tok/sec: 263,133 | bf16_mfu: 47.34 | epoch: 1 | total time: 109.25m | eta: 180.2m
step 01652/04357 (37.92%) | loss: 2.863828 | lrm: 1.00 | dt: 3982.78ms | tok/sec: 263,277 | bf16_mfu: 47.36 | epoch: 1 | total time: 109.32m | eta: 180.1m
step 01653/04357 (37.94%) | loss: 2.871459 | lrm: 1.00 | dt: 3986.19ms | tok/sec: 263,051 | bf16_mfu: 47.32 | epoch: 1 | total time: 109.38m | eta: 180.0m
step 01654/04357 (37.96%) | loss: 2.884575 | lrm: 1.00 | dt: 3990.35ms | tok/sec: 262,778 | bf16_mfu: 47.27 | epoch: 1 | total time: 109.45m | eta: 180.0m
step 01655/04357 (37.98%) | loss: 2.886647 | lrm: 1.00 | dt: 3993.04ms | tok/sec: 262,600 | bf16_mfu: 47.24 | epoch: 1 | total time: 109.52m | eta: 179.9m
step 01656/04357 (38.01%) | loss: 2.879395 | lrm: 1.00 | dt: 3993.59ms | tok/sec: 262,564 | bf16_mfu: 47.23 | epoch: 1 | total time: 109.58m | eta: 179.8m
step 01657/04357 (38.03%) | loss: 2.879689 | lrm: 1.00 | dt: 3978.46ms | tok/sec: 263,563 | bf16_mfu: 47.41 | epoch: 1 | total time: 109.65m | eta: 179.8m
step 01658/04357 (38.05%) | loss: 2.883333 | lrm: 1.00 | dt: 3983.39ms | tok/sec: 263,237 | bf16_mfu: 47.35 | epoch: 1 | total time: 109.72m | eta: 179.7m
step 01659/04357 (38.08%) | loss: 2.875224 | lrm: 1.00 | dt: 3976.31ms | tok/sec: 263,705 | bf16_mfu: 47.44 | epoch: 1 | total time: 109.78m | eta: 179.6m
step 01660/04357 (38.10%) | loss: 2.876026 | lrm: 1.00 | dt: 3979.07ms | tok/sec: 263,522 | bf16_mfu: 47.41 | epoch: 1 | total time: 109.85m | eta: 179.6m
step 01661/04357 (38.12%) | loss: 2.858269 | lrm: 1.00 | dt: 3984.98ms | tok/sec: 263,131 | bf16_mfu: 47.34 | epoch: 1 | total time: 109.91m | eta: 179.5m
step 01662/04357 (38.15%) | loss: 2.863099 | lrm: 1.00 | dt: 3981.66ms | tok/sec: 263,351 | bf16_mfu: 47.37 | epoch: 1 | total time: 109.98m | eta: 179.4m
step 01663/04357 (38.17%) | loss: 2.860569 | lrm: 1.00 | dt: 3982.12ms | tok/sec: 263,320 | bf16_mfu: 47.37 | epoch: 1 | total time: 110.05m | eta: 179.4m
step 01664/04357 (38.19%) | loss: 2.852494 | lrm: 1.00 | dt: 3978.09ms | tok/sec: 263,587 | bf16_mfu: 47.42 | epoch: 1 | total time: 110.11m | eta: 179.3m
step 01665/04357 (38.21%) | loss: 2.856742 | lrm: 1.00 | dt: 3982.93ms | tok/sec: 263,267 | bf16_mfu: 47.36 | epoch: 1 | total time: 110.18m | eta: 179.2m
step 01666/04357 (38.24%) | loss: 2.852581 | lrm: 1.00 | dt: 3976.13ms | tok/sec: 263,717 | bf16_mfu: 47.44 | epoch: 1 | total time: 110.25m | eta: 179.2m
step 01667/04357 (38.26%) | loss: 2.849460 | lrm: 1.00 | dt: 3969.88ms | tok/sec: 264,132 | bf16_mfu: 47.52 | epoch: 1 | total time: 110.31m | eta: 179.1m
step 01668/04357 (38.28%) | loss: 2.850656 | lrm: 1.00 | dt: 3973.22ms | tok/sec: 263,911 | bf16_mfu: 47.48 | epoch: 1 | total time: 110.38m | eta: 179.0m
step 01669/04357 (38.31%) | loss: 2.843894 | lrm: 1.00 | dt: 3973.38ms | tok/sec: 263,900 | bf16_mfu: 47.47 | epoch: 1 | total time: 110.45m | eta: 178.9m
step 01670/04357 (38.33%) | loss: 2.834907 | lrm: 1.00 | dt: 3971.45ms | tok/sec: 264,028 | bf16_mfu: 47.50 | epoch: 1 | total time: 110.51m | eta: 178.9m
step 01671/04357 (38.35%) | loss: 2.838676 | lrm: 1.00 | dt: 3972.23ms | tok/sec: 263,976 | bf16_mfu: 47.49 | epoch: 1 | total time: 110.58m | eta: 178.8m
step 01672/04357 (38.38%) | loss: 2.845808 | lrm: 1.00 | dt: 3972.84ms | tok/sec: 263,935 | bf16_mfu: 47.48 | epoch: 1 | total time: 110.64m | eta: 178.7m
step 01673/04357 (38.40%) | loss: 2.836160 | lrm: 1.00 | dt: 3974.35ms | tok/sec: 263,835 | bf16_mfu: 47.46 | epoch: 1 | total time: 110.71m | eta: 178.7m
step 01674/04357 (38.42%) | loss: 2.830235 | lrm: 1.00 | dt: 3969.88ms | tok/sec: 264,133 | bf16_mfu: 47.52 | epoch: 1 | total time: 110.78m | eta: 178.6m
step 01675/04357 (38.44%) | loss: 2.826404 | lrm: 1.00 | dt: 3969.01ms | tok/sec: 264,190 | bf16_mfu: 47.53 | epoch: 1 | total time: 110.84m | eta: 178.5m
step 01676/04357 (38.47%) | loss: 2.831538 | lrm: 1.00 | dt: 3971.27ms | tok/sec: 264,040 | bf16_mfu: 47.50 | epoch: 1 | total time: 110.91m | eta: 178.5m
step 01677/04357 (38.49%) | loss: 2.830176 | lrm: 1.00 | dt: 3974.24ms | tok/sec: 263,843 | bf16_mfu: 47.46 | epoch: 1 | total time: 110.97m | eta: 178.4m
step 01678/04357 (38.51%) | loss: 2.835281 | lrm: 1.00 | dt: 3972.90ms | tok/sec: 263,932 | bf16_mfu: 47.48 | epoch: 1 | total time: 111.04m | eta: 178.3m
step 01679/04357 (38.54%) | loss: 2.842072 | lrm: 1.00 | dt: 3972.92ms | tok/sec: 263,930 | bf16_mfu: 47.48 | epoch: 1 | total time: 111.11m | eta: 178.3m
step 01680/04357 (38.56%) | loss: 2.866091 | lrm: 1.00 | dt: 3980.30ms | tok/sec: 263,441 | bf16_mfu: 47.39 | epoch: 1 | total time: 111.17m | eta: 178.2m
step 01681/04357 (38.58%) | loss: 2.864257 | lrm: 1.00 | dt: 3982.48ms | tok/sec: 263,297 | bf16_mfu: 47.36 | epoch: 1 | total time: 111.24m | eta: 178.1m
step 01682/04357 (38.60%) | loss: 2.856882 | lrm: 1.00 | dt: 3978.67ms | tok/sec: 263,549 | bf16_mfu: 47.41 | epoch: 1 | total time: 111.31m | eta: 178.1m
step 01683/04357 (38.63%) | loss: 2.866111 | lrm: 1.00 | dt: 3985.82ms | tok/sec: 263,076 | bf16_mfu: 47.33 | epoch: 1 | total time: 111.37m | eta: 178.0m
step 01684/04357 (38.65%) | loss: 2.875119 | lrm: 1.00 | dt: 3982.56ms | tok/sec: 263,291 | bf16_mfu: 47.36 | epoch: 1 | total time: 111.44m | eta: 177.9m
step 01685/04357 (38.67%) | loss: 2.876595 | lrm: 1.00 | dt: 3983.69ms | tok/sec: 263,217 | bf16_mfu: 47.35 | epoch: 1 | total time: 111.51m | eta: 177.9m
step 01686/04357 (38.70%) | loss: 2.887296 | lrm: 1.00 | dt: 3991.85ms | tok/sec: 262,679 | bf16_mfu: 47.25 | epoch: 1 | total time: 111.57m | eta: 177.8m
step 01687/04357 (38.72%) | loss: 2.882758 | lrm: 1.00 | dt: 3974.10ms | tok/sec: 263,852 | bf16_mfu: 47.46 | epoch: 1 | total time: 111.64m | eta: 177.7m
step 01688/04357 (38.74%) | loss: 2.890665 | lrm: 1.00 | dt: 3985.66ms | tok/sec: 263,086 | bf16_mfu: 47.33 | epoch: 1 | total time: 111.70m | eta: 177.7m
step 01689/04357 (38.77%) | loss: 2.893733 | lrm: 1.00 | dt: 3978.53ms | tok/sec: 263,558 | bf16_mfu: 47.41 | epoch: 1 | total time: 111.77m | eta: 177.6m
step 01690/04357 (38.79%) | loss: 2.894879 | lrm: 1.00 | dt: 3991.79ms | tok/sec: 262,682 | bf16_mfu: 47.25 | epoch: 1 | total time: 111.84m | eta: 177.5m
step 01691/04357 (38.81%) | loss: 2.886710 | lrm: 1.00 | dt: 3987.40ms | tok/sec: 262,972 | bf16_mfu: 47.31 | epoch: 1 | total time: 111.90m | eta: 177.5m
step 01692/04357 (38.83%) | loss: 2.890564 | lrm: 1.00 | dt: 3979.96ms | tok/sec: 263,464 | bf16_mfu: 47.39 | epoch: 1 | total time: 111.97m | eta: 177.4m
step 01693/04357 (38.86%) | loss: 2.872739 | lrm: 1.00 | dt: 3987.34ms | tok/sec: 262,976 | bf16_mfu: 47.31 | epoch: 1 | total time: 112.04m | eta: 177.3m
step 01694/04357 (38.88%) | loss: 2.894029 | lrm: 1.00 | dt: 3985.06ms | tok/sec: 263,126 | bf16_mfu: 47.33 | epoch: 1 | total time: 112.10m | eta: 177.3m
step 01695/04357 (38.90%) | loss: 2.894853 | lrm: 1.00 | dt: 3997.64ms | tok/sec: 262,298 | bf16_mfu: 47.19 | epoch: 1 | total time: 112.17m | eta: 177.2m
step 01696/04357 (38.93%) | loss: 2.900499 | lrm: 1.00 | dt: 3988.11ms | tok/sec: 262,925 | bf16_mfu: 47.30 | epoch: 1 | total time: 112.24m | eta: 177.1m
step 01697/04357 (38.95%) | loss: 2.888569 | lrm: 1.00 | dt: 3978.84ms | tok/sec: 263,538 | bf16_mfu: 47.41 | epoch: 1 | total time: 112.30m | eta: 177.1m
step 01698/04357 (38.97%) | loss: 2.894367 | lrm: 1.00 | dt: 3982.38ms | tok/sec: 263,303 | bf16_mfu: 47.37 | epoch: 1 | total time: 112.37m | eta: 177.0m
step 01699/04357 (38.99%) | loss: 2.887277 | lrm: 1.00 | dt: 3983.00ms | tok/sec: 263,262 | bf16_mfu: 47.36 | epoch: 1 | total time: 112.44m | eta: 176.9m
step 01700/04357 (39.02%) | loss: 2.880641 | lrm: 1.00 | dt: 3980.76ms | tok/sec: 263,411 | bf16_mfu: 47.39 | epoch: 1 | total time: 112.50m | eta: 176.9m
step 01701/04357 (39.04%) | loss: 2.876412 | lrm: 1.00 | dt: 3987.11ms | tok/sec: 262,991 | bf16_mfu: 47.31 | epoch: 1 | total time: 112.57m | eta: 176.8m
step 01702/04357 (39.06%) | loss: 2.868863 | lrm: 1.00 | dt: 3970.52ms | tok/sec: 264,090 | bf16_mfu: 47.51 | epoch: 1 | total time: 112.63m | eta: 176.7m
step 01703/04357 (39.09%) | loss: 2.867553 | lrm: 1.00 | dt: 3974.48ms | tok/sec: 263,827 | bf16_mfu: 47.46 | epoch: 1 | total time: 112.70m | eta: 176.7m
step 01704/04357 (39.11%) | loss: 2.861497 | lrm: 1.00 | dt: 3985.97ms | tok/sec: 263,066 | bf16_mfu: 47.32 | epoch: 1 | total time: 112.77m | eta: 176.6m
step 01705/04357 (39.13%) | loss: 2.859319 | lrm: 1.00 | dt: 3984.86ms | tok/sec: 263,139 | bf16_mfu: 47.34 | epoch: 1 | total time: 112.83m | eta: 176.5m
step 01706/04357 (39.16%) | loss: 2.861833 | lrm: 1.00 | dt: 3988.42ms | tok/sec: 262,905 | bf16_mfu: 47.29 | epoch: 1 | total time: 112.90m | eta: 176.5m
step 01707/04357 (39.18%) | loss: 2.869755 | lrm: 1.00 | dt: 3985.26ms | tok/sec: 263,113 | bf16_mfu: 47.33 | epoch: 1 | total time: 112.97m | eta: 176.4m
step 01708/04357 (39.20%) | loss: 2.878538 | lrm: 1.00 | dt: 3978.58ms | tok/sec: 263,555 | bf16_mfu: 47.41 | epoch: 1 | total time: 113.03m | eta: 176.3m
step 01709/04357 (39.22%) | loss: 2.877924 | lrm: 1.00 | dt: 3987.94ms | tok/sec: 262,936 | bf16_mfu: 47.30 | epoch: 1 | total time: 113.10m | eta: 176.3m
step 01710/04357 (39.25%) | loss: 2.884986 | lrm: 1.00 | dt: 3990.36ms | tok/sec: 262,777 | bf16_mfu: 47.27 | epoch: 1 | total time: 113.17m | eta: 176.2m
step 01711/04357 (39.27%) | loss: 2.889003 | lrm: 1.00 | dt: 3983.49ms | tok/sec: 263,230 | bf16_mfu: 47.35 | epoch: 1 | total time: 113.23m | eta: 176.1m
step 01712/04357 (39.29%) | loss: 2.891987 | lrm: 1.00 | dt: 3995.66ms | tok/sec: 262,428 | bf16_mfu: 47.21 | epoch: 1 | total time: 113.30m | eta: 176.1m
step 01713/04357 (39.32%) | loss: 2.881151 | lrm: 1.00 | dt: 3994.16ms | tok/sec: 262,527 | bf16_mfu: 47.23 | epoch: 1 | total time: 113.37m | eta: 176.0m
step 01714/04357 (39.34%) | loss: 2.904617 | lrm: 1.00 | dt: 3984.66ms | tok/sec: 263,152 | bf16_mfu: 47.34 | epoch: 1 | total time: 113.43m | eta: 175.9m
step 01715/04357 (39.36%) | loss: 2.895928 | lrm: 1.00 | dt: 3997.31ms | tok/sec: 262,320 | bf16_mfu: 47.19 | epoch: 1 | total time: 113.50m | eta: 175.9m
step 01716/04357 (39.38%) | loss: 2.886691 | lrm: 1.00 | dt: 3996.21ms | tok/sec: 262,392 | bf16_mfu: 47.20 | epoch: 1 | total time: 113.56m | eta: 175.8m
step 01717/04357 (39.41%) | loss: 2.888417 | lrm: 1.00 | dt: 3983.04ms | tok/sec: 263,260 | bf16_mfu: 47.36 | epoch: 1 | total time: 113.63m | eta: 175.7m
step 01718/04357 (39.43%) | loss: 2.875102 | lrm: 1.00 | dt: 3982.30ms | tok/sec: 263,309 | bf16_mfu: 47.37 | epoch: 1 | total time: 113.70m | eta: 175.7m
step 01719/04357 (39.45%) | loss: 2.871887 | lrm: 1.00 | dt: 3984.67ms | tok/sec: 263,152 | bf16_mfu: 47.34 | epoch: 1 | total time: 113.76m | eta: 175.6m
step 01720/04357 (39.48%) | loss: 2.873765 | lrm: 1.00 | dt: 3993.71ms | tok/sec: 262,556 | bf16_mfu: 47.23 | epoch: 1 | total time: 113.83m | eta: 175.5m
step 01721/04357 (39.50%) | loss: 2.867131 | lrm: 1.00 | dt: 3987.74ms | tok/sec: 262,950 | bf16_mfu: 47.30 | epoch: 1 | total time: 113.90m | eta: 175.5m
step 01722/04357 (39.52%) | loss: 2.871661 | lrm: 1.00 | dt: 3983.56ms | tok/sec: 263,226 | bf16_mfu: 47.35 | epoch: 1 | total time: 113.96m | eta: 175.4m
step 01723/04357 (39.55%) | loss: 2.869793 | lrm: 1.00 | dt: 3989.25ms | tok/sec: 262,850 | bf16_mfu: 47.28 | epoch: 1 | total time: 114.03m | eta: 175.3m
step 01724/04357 (39.57%) | loss: 2.874266 | lrm: 1.00 | dt: 3991.71ms | tok/sec: 262,688 | bf16_mfu: 47.26 | epoch: 1 | total time: 114.10m | eta: 175.3m
step 01725/04357 (39.59%) | loss: 2.878685 | lrm: 1.00 | dt: 3990.26ms | tok/sec: 262,783 | bf16_mfu: 47.27 | epoch: 1 | total time: 114.16m | eta: 175.2m
step 01726/04357 (39.61%) | loss: 2.869226 | lrm: 1.00 | dt: 3994.94ms | tok/sec: 262,476 | bf16_mfu: 47.22 | epoch: 1 | total time: 114.23m | eta: 175.1m
step 01727/04357 (39.64%) | loss: 2.863644 | lrm: 1.00 | dt: 3984.98ms | tok/sec: 263,132 | bf16_mfu: 47.34 | epoch: 1 | total time: 114.30m | eta: 175.1m
step 01728/04357 (39.66%) | loss: 2.863729 | lrm: 1.00 | dt: 3979.62ms | tok/sec: 263,486 | bf16_mfu: 47.40 | epoch: 1 | total time: 114.36m | eta: 175.0m
step 01729/04357 (39.68%) | loss: 2.849090 | lrm: 1.00 | dt: 3992.07ms | tok/sec: 262,664 | bf16_mfu: 47.25 | epoch: 1 | total time: 114.43m | eta: 174.9m
step 01730/04357 (39.71%) | loss: 2.839371 | lrm: 1.00 | dt: 3980.56ms | tok/sec: 263,423 | bf16_mfu: 47.39 | epoch: 1 | total time: 114.50m | eta: 174.9m
step 01731/04357 (39.73%) | loss: 2.838077 | lrm: 1.00 | dt: 3984.45ms | tok/sec: 263,167 | bf16_mfu: 47.34 | epoch: 1 | total time: 114.56m | eta: 174.8m
step 01732/04357 (39.75%) | loss: 2.854376 | lrm: 1.00 | dt: 3995.54ms | tok/sec: 262,436 | bf16_mfu: 47.21 | epoch: 1 | total time: 114.63m | eta: 174.7m
step 01733/04357 (39.78%) | loss: 2.847776 | lrm: 1.00 | dt: 3989.23ms | tok/sec: 262,851 | bf16_mfu: 47.28 | epoch: 1 | total time: 114.69m | eta: 174.7m
step 01734/04357 (39.80%) | loss: 2.844529 | lrm: 1.00 | dt: 3992.97ms | tok/sec: 262,605 | bf16_mfu: 47.24 | epoch: 1 | total time: 114.76m | eta: 174.6m
step 01735/04357 (39.82%) | loss: 2.839633 | lrm: 1.00 | dt: 3993.60ms | tok/sec: 262,564 | bf16_mfu: 47.23 | epoch: 1 | total time: 114.83m | eta: 174.5m
step 01736/04357 (39.84%) | loss: 2.850707 | lrm: 1.00 | dt: 3990.57ms | tok/sec: 262,763 | bf16_mfu: 47.27 | epoch: 1 | total time: 114.89m | eta: 174.5m
step 01737/04357 (39.87%) | loss: 2.856367 | lrm: 1.00 | dt: 3989.91ms | tok/sec: 262,806 | bf16_mfu: 47.28 | epoch: 1 | total time: 114.96m | eta: 174.4m
step 01738/04357 (39.89%) | loss: 2.853535 | lrm: 1.00 | dt: 3993.16ms | tok/sec: 262,593 | bf16_mfu: 47.24 | epoch: 1 | total time: 115.03m | eta: 174.3m
step 01739/04357 (39.91%) | loss: 2.849829 | lrm: 1.00 | dt: 3987.60ms | tok/sec: 262,958 | bf16_mfu: 47.30 | epoch: 1 | total time: 115.09m | eta: 174.3m
step 01740/04357 (39.94%) | loss: 2.833345 | lrm: 1.00 | dt: 3974.31ms | tok/sec: 263,838 | bf16_mfu: 47.46 | epoch: 1 | total time: 115.16m | eta: 174.2m
step 01741/04357 (39.96%) | loss: 2.841154 | lrm: 1.00 | dt: 3986.27ms | tok/sec: 263,047 | bf16_mfu: 47.32 | epoch: 1 | total time: 115.23m | eta: 174.1m
step 01742/04357 (39.98%) | loss: 2.856772 | lrm: 1.00 | dt: 3986.97ms | tok/sec: 263,000 | bf16_mfu: 47.31 | epoch: 1 | total time: 115.29m | eta: 174.1m
step 01743/04357 (40.00%) | loss: 2.854506 | lrm: 1.00 | dt: 3989.87ms | tok/sec: 262,809 | bf16_mfu: 47.28 | epoch: 1 | total time: 115.36m | eta: 174.0m
step 01744/04357 (40.03%) | loss: 2.861107 | lrm: 1.00 | dt: 3981.57ms | tok/sec: 263,357 | bf16_mfu: 47.38 | epoch: 1 | total time: 115.43m | eta: 173.9m
step 01745/04357 (40.05%) | loss: 2.872520 | lrm: 1.00 | dt: 3974.43ms | tok/sec: 263,830 | bf16_mfu: 47.46 | epoch: 1 | total time: 115.49m | eta: 173.9m
step 01746/04357 (40.07%) | loss: 2.864620 | lrm: 1.00 | dt: 3972.96ms | tok/sec: 263,928 | bf16_mfu: 47.48 | epoch: 1 | total time: 115.56m | eta: 173.8m
step 01747/04357 (40.10%) | loss: 2.874713 | lrm: 1.00 | dt: 3969.43ms | tok/sec: 264,162 | bf16_mfu: 47.52 | epoch: 1 | total time: 115.62m | eta: 173.7m
step 01748/04357 (40.12%) | loss: 2.866213 | lrm: 1.00 | dt: 3971.15ms | tok/sec: 264,048 | bf16_mfu: 47.50 | epoch: 1 | total time: 115.69m | eta: 173.7m
step 01749/04357 (40.14%) | loss: 2.862936 | lrm: 1.00 | dt: 3977.56ms | tok/sec: 263,622 | bf16_mfu: 47.42 | epoch: 1 | total time: 115.76m | eta: 173.6m
Step 01750 | Validation bpb: 0.871606
step 01750/04357 (40.17%) | loss: 2.850955 | lrm: 1.00 | dt: 3991.87ms | tok/sec: 262,677 | bf16_mfu: 47.25 | epoch: 1 | total time: 115.82m | eta: 173.5m
step 01751/04357 (40.19%) | loss: 2.851348 | lrm: 1.00 | dt: 3972.68ms | tok/sec: 263,946 | bf16_mfu: 47.48 | epoch: 1 | total time: 115.89m | eta: 173.5m
step 01752/04357 (40.21%) | loss: 2.857222 | lrm: 1.00 | dt: 3970.62ms | tok/sec: 264,083 | bf16_mfu: 47.51 | epoch: 1 | total time: 115.96m | eta: 173.4m
step 01753/04357 (40.23%) | loss: 2.860475 | lrm: 1.00 | dt: 3974.95ms | tok/sec: 263,795 | bf16_mfu: 47.45 | epoch: 1 | total time: 116.02m | eta: 173.3m
step 01754/04357 (40.26%) | loss: 2.873947 | lrm: 1.00 | dt: 3973.60ms | tok/sec: 263,885 | bf16_mfu: 47.47 | epoch: 1 | total time: 116.09m | eta: 173.3m
step 01755/04357 (40.28%) | loss: 2.881579 | lrm: 1.00 | dt: 3970.56ms | tok/sec: 264,087 | bf16_mfu: 47.51 | epoch: 1 | total time: 116.15m | eta: 173.2m
step 01756/04357 (40.30%) | loss: 2.875652 | lrm: 1.00 | dt: 3973.34ms | tok/sec: 263,902 | bf16_mfu: 47.47 | epoch: 1 | total time: 116.22m | eta: 173.1m
step 01757/04357 (40.33%) | loss: 2.882305 | lrm: 1.00 | dt: 3979.85ms | tok/sec: 263,471 | bf16_mfu: 47.40 | epoch: 1 | total time: 116.29m | eta: 173.1m
step 01758/04357 (40.35%) | loss: 2.872723 | lrm: 1.00 | dt: 3977.06ms | tok/sec: 263,656 | bf16_mfu: 47.43 | epoch: 1 | total time: 116.35m | eta: 173.0m
step 01759/04357 (40.37%) | loss: 2.871275 | lrm: 1.00 | dt: 3980.59ms | tok/sec: 263,422 | bf16_mfu: 47.39 | epoch: 1 | total time: 116.42m | eta: 172.9m
step 01760/04357 (40.39%) | loss: 2.865663 | lrm: 1.00 | dt: 3978.78ms | tok/sec: 263,542 | bf16_mfu: 47.41 | epoch: 1 | total time: 116.49m | eta: 172.9m
step 01761/04357 (40.42%) | loss: 2.873110 | lrm: 1.00 | dt: 3982.03ms | tok/sec: 263,326 | bf16_mfu: 47.37 | epoch: 1 | total time: 116.55m | eta: 172.8m
step 01762/04357 (40.44%) | loss: 2.879006 | lrm: 1.00 | dt: 3974.12ms | tok/sec: 263,851 | bf16_mfu: 47.46 | epoch: 1 | total time: 116.62m | eta: 172.7m
step 01763/04357 (40.46%) | loss: 2.881875 | lrm: 1.00 | dt: 3972.43ms | tok/sec: 263,963 | bf16_mfu: 47.48 | epoch: 1 | total time: 116.68m | eta: 172.7m
step 01764/04357 (40.49%) | loss: 2.881250 | lrm: 1.00 | dt: 3980.20ms | tok/sec: 263,447 | bf16_mfu: 47.39 | epoch: 1 | total time: 116.75m | eta: 172.6m
step 01765/04357 (40.51%) | loss: 2.877061 | lrm: 1.00 | dt: 3985.02ms | tok/sec: 263,129 | bf16_mfu: 47.33 | epoch: 1 | total time: 116.82m | eta: 172.5m
step 01766/04357 (40.53%) | loss: 2.868910 | lrm: 1.00 | dt: 3977.79ms | tok/sec: 263,607 | bf16_mfu: 47.42 | epoch: 1 | total time: 116.88m | eta: 172.5m
step 01767/04357 (40.56%) | loss: 2.871008 | lrm: 1.00 | dt: 3983.04ms | tok/sec: 263,259 | bf16_mfu: 47.36 | epoch: 1 | total time: 116.95m | eta: 172.4m
step 01768/04357 (40.58%) | loss: 2.873014 | lrm: 1.00 | dt: 3978.91ms | tok/sec: 263,533 | bf16_mfu: 47.41 | epoch: 1 | total time: 117.02m | eta: 172.3m
step 01769/04357 (40.60%) | loss: 2.869290 | lrm: 1.00 | dt: 3987.55ms | tok/sec: 262,962 | bf16_mfu: 47.30 | epoch: 1 | total time: 117.08m | eta: 172.3m
step 01770/04357 (40.62%) | loss: 2.872898 | lrm: 1.00 | dt: 3985.98ms | tok/sec: 263,066 | bf16_mfu: 47.32 | epoch: 1 | total time: 117.15m | eta: 172.2m
step 01771/04357 (40.65%) | loss: 2.860091 | lrm: 1.00 | dt: 3977.53ms | tok/sec: 263,624 | bf16_mfu: 47.42 | epoch: 1 | total time: 117.22m | eta: 172.1m
step 01772/04357 (40.67%) | loss: 2.861132 | lrm: 1.00 | dt: 3989.08ms | tok/sec: 262,861 | bf16_mfu: 47.29 | epoch: 1 | total time: 117.28m | eta: 172.1m
step 01773/04357 (40.69%) | loss: 2.861946 | lrm: 1.00 | dt: 3976.18ms | tok/sec: 263,714 | bf16_mfu: 47.44 | epoch: 1 | total time: 117.35m | eta: 172.0m
step 01774/04357 (40.72%) | loss: 2.872711 | lrm: 1.00 | dt: 3979.00ms | tok/sec: 263,527 | bf16_mfu: 47.41 | epoch: 1 | total time: 117.41m | eta: 171.9m
step 01775/04357 (40.74%) | loss: 2.881786 | lrm: 1.00 | dt: 3984.93ms | tok/sec: 263,135 | bf16_mfu: 47.34 | epoch: 1 | total time: 117.48m | eta: 171.9m
step 01776/04357 (40.76%) | loss: 2.884792 | lrm: 1.00 | dt: 3992.76ms | tok/sec: 262,619 | bf16_mfu: 47.24 | epoch: 1 | total time: 117.55m | eta: 171.8m
step 01777/04357 (40.78%) | loss: 2.882689 | lrm: 1.00 | dt: 3983.06ms | tok/sec: 263,258 | bf16_mfu: 47.36 | epoch: 1 | total time: 117.61m | eta: 171.7m
step 01778/04357 (40.81%) | loss: 2.888634 | lrm: 1.00 | dt: 3982.53ms | tok/sec: 263,294 | bf16_mfu: 47.36 | epoch: 1 | total time: 117.68m | eta: 171.7m
step 01779/04357 (40.83%) | loss: 2.878297 | lrm: 1.00 | dt: 4010.89ms | tok/sec: 261,432 | bf16_mfu: 47.03 | epoch: 1 | total time: 117.75m | eta: 171.6m
step 01780/04357 (40.85%) | loss: 2.882432 | lrm: 1.00 | dt: 3984.25ms | tok/sec: 263,180 | bf16_mfu: 47.34 | epoch: 1 | total time: 117.81m | eta: 171.5m
step 01781/04357 (40.88%) | loss: 2.864384 | lrm: 1.00 | dt: 3978.63ms | tok/sec: 263,551 | bf16_mfu: 47.41 | epoch: 1 | total time: 117.88m | eta: 171.5m
step 01782/04357 (40.90%) | loss: 2.838942 | lrm: 1.00 | dt: 3978.93ms | tok/sec: 263,531 | bf16_mfu: 47.41 | epoch: 1 | total time: 117.95m | eta: 171.4m
step 01783/04357 (40.92%) | loss: 2.853546 | lrm: 1.00 | dt: 3983.45ms | tok/sec: 263,232 | bf16_mfu: 47.35 | epoch: 1 | total time: 118.01m | eta: 171.3m
step 01784/04357 (40.95%) | loss: 2.857012 | lrm: 1.00 | dt: 3979.98ms | tok/sec: 263,462 | bf16_mfu: 47.39 | epoch: 1 | total time: 118.08m | eta: 171.3m
step 01785/04357 (40.97%) | loss: 2.853367 | lrm: 1.00 | dt: 3985.91ms | tok/sec: 263,070 | bf16_mfu: 47.32 | epoch: 1 | total time: 118.15m | eta: 171.2m
step 01786/04357 (40.99%) | loss: 2.848304 | lrm: 1.00 | dt: 3990.12ms | tok/sec: 262,792 | bf16_mfu: 47.27 | epoch: 1 | total time: 118.21m | eta: 171.1m
step 01787/04357 (41.01%) | loss: 2.854140 | lrm: 1.00 | dt: 3983.79ms | tok/sec: 263,210 | bf16_mfu: 47.35 | epoch: 1 | total time: 118.28m | eta: 171.1m
step 01788/04357 (41.04%) | loss: 2.853745 | lrm: 1.00 | dt: 3982.64ms | tok/sec: 263,286 | bf16_mfu: 47.36 | epoch: 1 | total time: 118.34m | eta: 171.0m
step 01789/04357 (41.06%) | loss: 2.854892 | lrm: 1.00 | dt: 3984.13ms | tok/sec: 263,188 | bf16_mfu: 47.35 | epoch: 1 | total time: 118.41m | eta: 170.9m
step 01790/04357 (41.08%) | loss: 2.864962 | lrm: 1.00 | dt: 3979.72ms | tok/sec: 263,479 | bf16_mfu: 47.40 | epoch: 1 | total time: 118.48m | eta: 170.9m
step 01791/04357 (41.11%) | loss: 2.862454 | lrm: 1.00 | dt: 3972.66ms | tok/sec: 263,948 | bf16_mfu: 47.48 | epoch: 1 | total time: 118.54m | eta: 170.8m
step 01792/04357 (41.13%) | loss: 2.855436 | lrm: 1.00 | dt: 3987.18ms | tok/sec: 262,986 | bf16_mfu: 47.31 | epoch: 1 | total time: 118.61m | eta: 170.7m
step 01793/04357 (41.15%) | loss: 2.867015 | lrm: 1.00 | dt: 3994.47ms | tok/sec: 262,506 | bf16_mfu: 47.22 | epoch: 1 | total time: 118.68m | eta: 170.7m
step 01794/04357 (41.18%) | loss: 2.870110 | lrm: 1.00 | dt: 3988.33ms | tok/sec: 262,911 | bf16_mfu: 47.30 | epoch: 1 | total time: 118.74m | eta: 170.6m
step 01795/04357 (41.20%) | loss: 2.874820 | lrm: 1.00 | dt: 3988.50ms | tok/sec: 262,899 | bf16_mfu: 47.29 | epoch: 1 | total time: 118.81m | eta: 170.5m
step 01796/04357 (41.22%) | loss: 2.878464 | lrm: 1.00 | dt: 3983.23ms | tok/sec: 263,247 | bf16_mfu: 47.36 | epoch: 1 | total time: 118.88m | eta: 170.5m
step 01797/04357 (41.24%) | loss: 2.879682 | lrm: 1.00 | dt: 3986.89ms | tok/sec: 263,006 | bf16_mfu: 47.31 | epoch: 1 | total time: 118.94m | eta: 170.4m
step 01798/04357 (41.27%) | loss: 2.878702 | lrm: 1.00 | dt: 3981.47ms | tok/sec: 263,364 | bf16_mfu: 47.38 | epoch: 1 | total time: 119.01m | eta: 170.3m
step 01799/04357 (41.29%) | loss: 2.877062 | lrm: 1.00 | dt: 3981.63ms | tok/sec: 263,353 | bf16_mfu: 47.38 | epoch: 1 | total time: 119.08m | eta: 170.3m
step 01800/04357 (41.31%) | loss: 2.872859 | lrm: 1.00 | dt: 3987.80ms | tok/sec: 262,946 | bf16_mfu: 47.30 | epoch: 1 | total time: 119.14m | eta: 170.2m
step 01801/04357 (41.34%) | loss: 2.877331 | lrm: 1.00 | dt: 3987.11ms | tok/sec: 262,991 | bf16_mfu: 47.31 | epoch: 1 | total time: 119.21m | eta: 170.1m
step 01802/04357 (41.36%) | loss: 2.883542 | lrm: 1.00 | dt: 3998.20ms | tok/sec: 262,261 | bf16_mfu: 47.18 | epoch: 1 | total time: 119.27m | eta: 170.1m
step 01803/04357 (41.38%) | loss: 2.874080 | lrm: 1.00 | dt: 3987.12ms | tok/sec: 262,990 | bf16_mfu: 47.31 | epoch: 1 | total time: 119.34m | eta: 170.0m
step 01804/04357 (41.40%) | loss: 2.865809 | lrm: 1.00 | dt: 3981.67ms | tok/sec: 263,350 | bf16_mfu: 47.37 | epoch: 1 | total time: 119.41m | eta: 169.9m
step 01805/04357 (41.43%) | loss: 2.870519 | lrm: 1.00 | dt: 3987.34ms | tok/sec: 262,976 | bf16_mfu: 47.31 | epoch: 1 | total time: 119.47m | eta: 169.9m
step 01806/04357 (41.45%) | loss: 2.884726 | lrm: 1.00 | dt: 3996.12ms | tok/sec: 262,398 | bf16_mfu: 47.20 | epoch: 1 | total time: 119.54m | eta: 169.8m
step 01807/04357 (41.47%) | loss: 2.879800 | lrm: 1.00 | dt: 3973.66ms | tok/sec: 263,881 | bf16_mfu: 47.47 | epoch: 1 | total time: 119.61m | eta: 169.7m
step 01808/04357 (41.50%) | loss: 2.873551 | lrm: 1.00 | dt: 3990.75ms | tok/sec: 262,751 | bf16_mfu: 47.27 | epoch: 1 | total time: 119.67m | eta: 169.7m
step 01809/04357 (41.52%) | loss: 2.880002 | lrm: 1.00 | dt: 3990.35ms | tok/sec: 262,777 | bf16_mfu: 47.27 | epoch: 1 | total time: 119.74m | eta: 169.6m
step 01810/04357 (41.54%) | loss: 2.891905 | lrm: 1.00 | dt: 3976.42ms | tok/sec: 263,698 | bf16_mfu: 47.44 | epoch: 1 | total time: 119.81m | eta: 169.5m
step 01811/04357 (41.57%) | loss: 2.875411 | lrm: 1.00 | dt: 3980.08ms | tok/sec: 263,455 | bf16_mfu: 47.39 | epoch: 1 | total time: 119.87m | eta: 169.5m
step 01812/04357 (41.59%) | loss: 2.873036 | lrm: 1.00 | dt: 3985.62ms | tok/sec: 263,089 | bf16_mfu: 47.33 | epoch: 1 | total time: 119.94m | eta: 169.4m
step 01813/04357 (41.61%) | loss: 2.882140 | lrm: 1.00 | dt: 3980.76ms | tok/sec: 263,411 | bf16_mfu: 47.39 | epoch: 1 | total time: 120.01m | eta: 169.3m
step 01814/04357 (41.63%) | loss: 2.889282 | lrm: 1.00 | dt: 3988.06ms | tok/sec: 262,928 | bf16_mfu: 47.30 | epoch: 1 | total time: 120.07m | eta: 169.3m
step 01815/04357 (41.66%) | loss: 2.892690 | lrm: 1.00 | dt: 3981.89ms | tok/sec: 263,336 | bf16_mfu: 47.37 | epoch: 1 | total time: 120.14m | eta: 169.2m
step 01816/04357 (41.68%) | loss: 2.888620 | lrm: 1.00 | dt: 3973.30ms | tok/sec: 263,905 | bf16_mfu: 47.47 | epoch: 1 | total time: 120.20m | eta: 169.1m
step 01817/04357 (41.70%) | loss: 2.889682 | lrm: 1.00 | dt: 3971.49ms | tok/sec: 264,025 | bf16_mfu: 47.50 | epoch: 1 | total time: 120.27m | eta: 169.1m
step 01818/04357 (41.73%) | loss: 2.876697 | lrm: 1.00 | dt: 3970.79ms | tok/sec: 264,072 | bf16_mfu: 47.50 | epoch: 1 | total time: 120.34m | eta: 169.0m
step 01819/04357 (41.75%) | loss: 2.884954 | lrm: 1.00 | dt: 3973.72ms | tok/sec: 263,877 | bf16_mfu: 47.47 | epoch: 1 | total time: 120.40m | eta: 168.9m
step 01820/04357 (41.77%) | loss: 2.896090 | lrm: 1.00 | dt: 3971.82ms | tok/sec: 264,004 | bf16_mfu: 47.49 | epoch: 1 | total time: 120.47m | eta: 168.9m
step 01821/04357 (41.79%) | loss: 2.905308 | lrm: 1.00 | dt: 3972.49ms | tok/sec: 263,959 | bf16_mfu: 47.48 | epoch: 1 | total time: 120.54m | eta: 168.8m
step 01822/04357 (41.82%) | loss: 2.897034 | lrm: 1.00 | dt: 3972.14ms | tok/sec: 263,982 | bf16_mfu: 47.49 | epoch: 1 | total time: 120.60m | eta: 168.7m
step 01823/04357 (41.84%) | loss: 2.873491 | lrm: 1.00 | dt: 3974.30ms | tok/sec: 263,839 | bf16_mfu: 47.46 | epoch: 1 | total time: 120.67m | eta: 168.7m
step 01824/04357 (41.86%) | loss: 2.872251 | lrm: 1.00 | dt: 3969.89ms | tok/sec: 264,131 | bf16_mfu: 47.52 | epoch: 1 | total time: 120.73m | eta: 168.6m
step 01825/04357 (41.89%) | loss: 2.871341 | lrm: 1.00 | dt: 3973.67ms | tok/sec: 263,880 | bf16_mfu: 47.47 | epoch: 1 | total time: 120.80m | eta: 168.5m
step 01826/04357 (41.91%) | loss: 2.874098 | lrm: 1.00 | dt: 3992.58ms | tok/sec: 262,631 | bf16_mfu: 47.25 | epoch: 1 | total time: 120.87m | eta: 168.5m
step 01827/04357 (41.93%) | loss: 2.882037 | lrm: 1.00 | dt: 3971.14ms | tok/sec: 264,048 | bf16_mfu: 47.50 | epoch: 1 | total time: 120.93m | eta: 168.4m
step 01828/04357 (41.96%) | loss: 2.884568 | lrm: 1.00 | dt: 3970.75ms | tok/sec: 264,074 | bf16_mfu: 47.50 | epoch: 1 | total time: 121.00m | eta: 168.3m
step 01829/04357 (41.98%) | loss: 2.877442 | lrm: 1.00 | dt: 3971.00ms | tok/sec: 264,058 | bf16_mfu: 47.50 | epoch: 1 | total time: 121.07m | eta: 168.3m
step 01830/04357 (42.00%) | loss: 2.865889 | lrm: 1.00 | dt: 3966.04ms | tok/sec: 264,388 | bf16_mfu: 47.56 | epoch: 1 | total time: 121.13m | eta: 168.2m
step 01831/04357 (42.02%) | loss: 2.865543 | lrm: 1.00 | dt: 3973.27ms | tok/sec: 263,907 | bf16_mfu: 47.47 | epoch: 1 | total time: 121.20m | eta: 168.1m
step 01832/04357 (42.05%) | loss: 2.874542 | lrm: 1.00 | dt: 3973.56ms | tok/sec: 263,888 | bf16_mfu: 47.47 | epoch: 1 | total time: 121.26m | eta: 168.1m
step 01833/04357 (42.07%) | loss: 2.874976 | lrm: 1.00 | dt: 3972.32ms | tok/sec: 263,970 | bf16_mfu: 47.49 | epoch: 1 | total time: 121.33m | eta: 168.0m
step 01834/04357 (42.09%) | loss: 2.874058 | lrm: 1.00 | dt: 3970.78ms | tok/sec: 264,073 | bf16_mfu: 47.50 | epoch: 1 | total time: 121.40m | eta: 167.9m
step 01835/04357 (42.12%) | loss: 2.866179 | lrm: 1.00 | dt: 3972.94ms | tok/sec: 263,929 | bf16_mfu: 47.48 | epoch: 1 | total time: 121.46m | eta: 167.9m
step 01836/04357 (42.14%) | loss: 2.874730 | lrm: 1.00 | dt: 3972.03ms | tok/sec: 263,990 | bf16_mfu: 47.49 | epoch: 1 | total time: 121.53m | eta: 167.8m
step 01837/04357 (42.16%) | loss: 2.857318 | lrm: 1.00 | dt: 3974.95ms | tok/sec: 263,795 | bf16_mfu: 47.45 | epoch: 1 | total time: 121.59m | eta: 167.7m
step 01838/04357 (42.18%) | loss: 2.863696 | lrm: 1.00 | dt: 3971.93ms | tok/sec: 263,996 | bf16_mfu: 47.49 | epoch: 1 | total time: 121.66m | eta: 167.6m
step 01839/04357 (42.21%) | loss: 2.859438 | lrm: 1.00 | dt: 3973.52ms | tok/sec: 263,890 | bf16_mfu: 47.47 | epoch: 1 | total time: 121.73m | eta: 167.6m
step 01840/04357 (42.23%) | loss: 2.865708 | lrm: 1.00 | dt: 3969.99ms | tok/sec: 264,125 | bf16_mfu: 47.51 | epoch: 1 | total time: 121.79m | eta: 167.5m
step 01841/04357 (42.25%) | loss: 2.870253 | lrm: 1.00 | dt: 3973.18ms | tok/sec: 263,913 | bf16_mfu: 47.48 | epoch: 1 | total time: 121.86m | eta: 167.4m
step 01842/04357 (42.28%) | loss: 2.875664 | lrm: 1.00 | dt: 3971.49ms | tok/sec: 264,026 | bf16_mfu: 47.50 | epoch: 1 | total time: 121.93m | eta: 167.4m
step 01843/04357 (42.30%) | loss: 2.876703 | lrm: 1.00 | dt: 3974.21ms | tok/sec: 263,844 | bf16_mfu: 47.46 | epoch: 1 | total time: 121.99m | eta: 167.3m
step 01844/04357 (42.32%) | loss: 2.886321 | lrm: 1.00 | dt: 3974.12ms | tok/sec: 263,851 | bf16_mfu: 47.46 | epoch: 1 | total time: 122.06m | eta: 167.2m
step 01845/04357 (42.35%) | loss: 2.890092 | lrm: 1.00 | dt: 3990.78ms | tok/sec: 262,749 | bf16_mfu: 47.27 | epoch: 1 | total time: 122.12m | eta: 167.2m
step 01846/04357 (42.37%) | loss: 2.894021 | lrm: 1.00 | dt: 3981.99ms | tok/sec: 263,329 | bf16_mfu: 47.37 | epoch: 1 | total time: 122.19m | eta: 167.1m
step 01847/04357 (42.39%) | loss: 2.889262 | lrm: 1.00 | dt: 3982.66ms | tok/sec: 263,285 | bf16_mfu: 47.36 | epoch: 1 | total time: 122.26m | eta: 167.0m
step 01848/04357 (42.41%) | loss: 2.870578 | lrm: 1.00 | dt: 3969.48ms | tok/sec: 264,159 | bf16_mfu: 47.52 | epoch: 1 | total time: 122.32m | eta: 167.0m
step 01849/04357 (42.44%) | loss: 2.872430 | lrm: 1.00 | dt: 3988.32ms | tok/sec: 262,911 | bf16_mfu: 47.30 | epoch: 1 | total time: 122.39m | eta: 166.9m
step 01850/04357 (42.46%) | loss: 2.869416 | lrm: 1.00 | dt: 3973.11ms | tok/sec: 263,918 | bf16_mfu: 47.48 | epoch: 1 | total time: 122.46m | eta: 166.8m
step 01851/04357 (42.48%) | loss: 2.876240 | lrm: 1.00 | dt: 3973.47ms | tok/sec: 263,894 | bf16_mfu: 47.47 | epoch: 1 | total time: 122.52m | eta: 166.8m
step 01852/04357 (42.51%) | loss: 2.861430 | lrm: 1.00 | dt: 3972.34ms | tok/sec: 263,969 | bf16_mfu: 47.49 | epoch: 1 | total time: 122.59m | eta: 166.7m
step 01853/04357 (42.53%) | loss: 2.845398 | lrm: 1.00 | dt: 3979.42ms | tok/sec: 263,499 | bf16_mfu: 47.40 | epoch: 1 | total time: 122.66m | eta: 166.6m
step 01854/04357 (42.55%) | loss: 2.830157 | lrm: 1.00 | dt: 3983.40ms | tok/sec: 263,236 | bf16_mfu: 47.35 | epoch: 1 | total time: 122.72m | eta: 166.6m
step 01855/04357 (42.58%) | loss: 2.821183 | lrm: 1.00 | dt: 3976.15ms | tok/sec: 263,716 | bf16_mfu: 47.44 | epoch: 1 | total time: 122.79m | eta: 166.5m
step 01856/04357 (42.60%) | loss: 2.831928 | lrm: 1.00 | dt: 3986.01ms | tok/sec: 263,064 | bf16_mfu: 47.32 | epoch: 1 | total time: 122.85m | eta: 166.4m
step 01857/04357 (42.62%) | loss: 2.835632 | lrm: 1.00 | dt: 3980.38ms | tok/sec: 263,436 | bf16_mfu: 47.39 | epoch: 1 | total time: 122.92m | eta: 166.4m
step 01858/04357 (42.64%) | loss: 2.855921 | lrm: 1.00 | dt: 3988.53ms | tok/sec: 262,897 | bf16_mfu: 47.29 | epoch: 1 | total time: 122.99m | eta: 166.3m
step 01859/04357 (42.67%) | loss: 2.847474 | lrm: 1.00 | dt: 3979.89ms | tok/sec: 263,468 | bf16_mfu: 47.40 | epoch: 1 | total time: 123.05m | eta: 166.2m
step 01860/04357 (42.69%) | loss: 2.852483 | lrm: 1.00 | dt: 3985.78ms | tok/sec: 263,079 | bf16_mfu: 47.33 | epoch: 1 | total time: 123.12m | eta: 166.2m
step 01861/04357 (42.71%) | loss: 2.855198 | lrm: 1.00 | dt: 3986.63ms | tok/sec: 263,023 | bf16_mfu: 47.32 | epoch: 1 | total time: 123.19m | eta: 166.1m
step 01862/04357 (42.74%) | loss: 2.865529 | lrm: 1.00 | dt: 3983.46ms | tok/sec: 263,232 | bf16_mfu: 47.35 | epoch: 1 | total time: 123.25m | eta: 166.0m
step 01863/04357 (42.76%) | loss: 2.866498 | lrm: 1.00 | dt: 3977.14ms | tok/sec: 263,650 | bf16_mfu: 47.43 | epoch: 1 | total time: 123.32m | eta: 166.0m
step 01864/04357 (42.78%) | loss: 2.860965 | lrm: 1.00 | dt: 3972.21ms | tok/sec: 263,978 | bf16_mfu: 47.49 | epoch: 1 | total time: 123.39m | eta: 165.9m
step 01865/04357 (42.80%) | loss: 2.867572 | lrm: 1.00 | dt: 3984.91ms | tok/sec: 263,136 | bf16_mfu: 47.34 | epoch: 1 | total time: 123.45m | eta: 165.8m
step 01866/04357 (42.83%) | loss: 2.869228 | lrm: 1.00 | dt: 3981.29ms | tok/sec: 263,375 | bf16_mfu: 47.38 | epoch: 1 | total time: 123.52m | eta: 165.8m
step 01867/04357 (42.85%) | loss: 2.868414 | lrm: 1.00 | dt: 3982.39ms | tok/sec: 263,303 | bf16_mfu: 47.37 | epoch: 1 | total time: 123.58m | eta: 165.7m
step 01868/04357 (42.87%) | loss: 2.875138 | lrm: 1.00 | dt: 3981.57ms | tok/sec: 263,357 | bf16_mfu: 47.38 | epoch: 1 | total time: 123.65m | eta: 165.6m
step 01869/04357 (42.90%) | loss: 2.872635 | lrm: 1.00 | dt: 3987.92ms | tok/sec: 262,937 | bf16_mfu: 47.30 | epoch: 1 | total time: 123.72m | eta: 165.6m
step 01870/04357 (42.92%) | loss: 2.869994 | lrm: 1.00 | dt: 3977.56ms | tok/sec: 263,622 | bf16_mfu: 47.42 | epoch: 1 | total time: 123.78m | eta: 165.5m
step 01871/04357 (42.94%) | loss: 2.873150 | lrm: 1.00 | dt: 3983.05ms | tok/sec: 263,259 | bf16_mfu: 47.36 | epoch: 1 | total time: 123.85m | eta: 165.4m
step 01872/04357 (42.97%) | loss: 2.869467 | lrm: 1.00 | dt: 3982.51ms | tok/sec: 263,295 | bf16_mfu: 47.36 | epoch: 1 | total time: 123.92m | eta: 165.4m
step 01873/04357 (42.99%) | loss: 2.864116 | lrm: 1.00 | dt: 3999.38ms | tok/sec: 262,184 | bf16_mfu: 47.16 | epoch: 1 | total time: 123.98m | eta: 165.3m
step 01874/04357 (43.01%) | loss: 2.852864 | lrm: 1.00 | dt: 3986.56ms | tok/sec: 263,028 | bf16_mfu: 47.32 | epoch: 1 | total time: 124.05m | eta: 165.2m
step 01875/04357 (43.03%) | loss: 2.847018 | lrm: 1.00 | dt: 3980.45ms | tok/sec: 263,431 | bf16_mfu: 47.39 | epoch: 1 | total time: 124.12m | eta: 165.2m
step 01876/04357 (43.06%) | loss: 2.861821 | lrm: 1.00 | dt: 3981.99ms | tok/sec: 263,329 | bf16_mfu: 47.37 | epoch: 1 | total time: 124.18m | eta: 165.1m
step 01877/04357 (43.08%) | loss: 2.856975 | lrm: 1.00 | dt: 3976.60ms | tok/sec: 263,686 | bf16_mfu: 47.43 | epoch: 1 | total time: 124.25m | eta: 165.0m
step 01878/04357 (43.10%) | loss: 2.846219 | lrm: 1.00 | dt: 3985.16ms | tok/sec: 263,120 | bf16_mfu: 47.33 | epoch: 1 | total time: 124.31m | eta: 165.0m
step 01879/04357 (43.13%) | loss: 2.839174 | lrm: 1.00 | dt: 3990.36ms | tok/sec: 262,777 | bf16_mfu: 47.27 | epoch: 1 | total time: 124.38m | eta: 164.9m
step 01880/04357 (43.15%) | loss: 2.823113 | lrm: 1.00 | dt: 3988.37ms | tok/sec: 262,908 | bf16_mfu: 47.29 | epoch: 1 | total time: 124.45m | eta: 164.8m
step 01881/04357 (43.17%) | loss: 2.829928 | lrm: 1.00 | dt: 3977.58ms | tok/sec: 263,621 | bf16_mfu: 47.42 | epoch: 1 | total time: 124.51m | eta: 164.8m
step 01882/04357 (43.19%) | loss: 2.826867 | lrm: 1.00 | dt: 3982.49ms | tok/sec: 263,296 | bf16_mfu: 47.36 | epoch: 1 | total time: 124.58m | eta: 164.7m
step 01883/04357 (43.22%) | loss: 2.828529 | lrm: 1.00 | dt: 3984.07ms | tok/sec: 263,192 | bf16_mfu: 47.35 | epoch: 1 | total time: 124.65m | eta: 164.6m
step 01884/04357 (43.24%) | loss: 2.840067 | lrm: 1.00 | dt: 3981.20ms | tok/sec: 263,381 | bf16_mfu: 47.38 | epoch: 1 | total time: 124.71m | eta: 164.6m
step 01885/04357 (43.26%) | loss: 2.834672 | lrm: 1.00 | dt: 3983.47ms | tok/sec: 263,232 | bf16_mfu: 47.35 | epoch: 1 | total time: 124.78m | eta: 164.5m
step 01886/04357 (43.29%) | loss: 2.836500 | lrm: 1.00 | dt: 3977.33ms | tok/sec: 263,637 | bf16_mfu: 47.43 | epoch: 1 | total time: 124.85m | eta: 164.4m
step 01887/04357 (43.31%) | loss: 2.827840 | lrm: 1.00 | dt: 3990.51ms | tok/sec: 262,767 | bf16_mfu: 47.27 | epoch: 1 | total time: 124.91m | eta: 164.4m
step 01888/04357 (43.33%) | loss: 2.836947 | lrm: 1.00 | dt: 3991.06ms | tok/sec: 262,731 | bf16_mfu: 47.26 | epoch: 1 | total time: 124.98m | eta: 164.3m
step 01889/04357 (43.36%) | loss: 2.831405 | lrm: 1.00 | dt: 3973.36ms | tok/sec: 263,901 | bf16_mfu: 47.47 | epoch: 1 | total time: 125.04m | eta: 164.2m
step 01890/04357 (43.38%) | loss: 2.818702 | lrm: 1.00 | dt: 3976.60ms | tok/sec: 263,686 | bf16_mfu: 47.43 | epoch: 1 | total time: 125.11m | eta: 164.2m
step 01891/04357 (43.40%) | loss: 2.828134 | lrm: 1.00 | dt: 3986.34ms | tok/sec: 263,042 | bf16_mfu: 47.32 | epoch: 1 | total time: 125.18m | eta: 164.1m
step 01892/04357 (43.42%) | loss: 2.835660 | lrm: 1.00 | dt: 3981.56ms | tok/sec: 263,358 | bf16_mfu: 47.38 | epoch: 1 | total time: 125.24m | eta: 164.0m
step 01893/04357 (43.45%) | loss: 2.845739 | lrm: 1.00 | dt: 3980.42ms | tok/sec: 263,433 | bf16_mfu: 47.39 | epoch: 1 | total time: 125.31m | eta: 164.0m
step 01894/04357 (43.47%) | loss: 2.840580 | lrm: 1.00 | dt: 3976.77ms | tok/sec: 263,675 | bf16_mfu: 47.43 | epoch: 1 | total time: 125.38m | eta: 163.9m
step 01895/04357 (43.49%) | loss: 2.841611 | lrm: 1.00 | dt: 3983.11ms | tok/sec: 263,255 | bf16_mfu: 47.36 | epoch: 1 | total time: 125.44m | eta: 163.8m
step 01896/04357 (43.52%) | loss: 2.830531 | lrm: 1.00 | dt: 3977.08ms | tok/sec: 263,654 | bf16_mfu: 47.43 | epoch: 1 | total time: 125.51m | eta: 163.8m
step 01897/04357 (43.54%) | loss: 2.838799 | lrm: 1.00 | dt: 3986.72ms | tok/sec: 263,017 | bf16_mfu: 47.31 | epoch: 1 | total time: 125.58m | eta: 163.7m
step 01898/04357 (43.56%) | loss: 2.833544 | lrm: 1.00 | dt: 3978.78ms | tok/sec: 263,542 | bf16_mfu: 47.41 | epoch: 1 | total time: 125.64m | eta: 163.6m
step 01899/04357 (43.59%) | loss: 2.842507 | lrm: 1.00 | dt: 3975.85ms | tok/sec: 263,736 | bf16_mfu: 47.44 | epoch: 1 | total time: 125.71m | eta: 163.6m
step 01900/04357 (43.61%) | loss: 2.841455 | lrm: 1.00 | dt: 3983.11ms | tok/sec: 263,255 | bf16_mfu: 47.36 | epoch: 1 | total time: 125.77m | eta: 163.5m
step 01901/04357 (43.63%) | loss: 2.828451 | lrm: 1.00 | dt: 3971.72ms | tok/sec: 264,010 | bf16_mfu: 47.49 | epoch: 1 | total time: 125.84m | eta: 163.4m
step 01902/04357 (43.65%) | loss: 2.832704 | lrm: 1.00 | dt: 3971.48ms | tok/sec: 264,026 | bf16_mfu: 47.50 | epoch: 1 | total time: 125.91m | eta: 163.4m
step 01903/04357 (43.68%) | loss: 2.833883 | lrm: 1.00 | dt: 3974.51ms | tok/sec: 263,824 | bf16_mfu: 47.46 | epoch: 1 | total time: 125.97m | eta: 163.3m
step 01904/04357 (43.70%) | loss: 2.838457 | lrm: 1.00 | dt: 3971.09ms | tok/sec: 264,052 | bf16_mfu: 47.50 | epoch: 1 | total time: 126.04m | eta: 163.2m
step 01905/04357 (43.72%) | loss: 2.845577 | lrm: 1.00 | dt: 3972.25ms | tok/sec: 263,975 | bf16_mfu: 47.49 | epoch: 1 | total time: 126.11m | eta: 163.2m
step 01906/04357 (43.75%) | loss: 2.858344 | lrm: 1.00 | dt: 3969.92ms | tok/sec: 264,130 | bf16_mfu: 47.51 | epoch: 1 | total time: 126.17m | eta: 163.1m
step 01907/04357 (43.77%) | loss: 2.849504 | lrm: 1.00 | dt: 3968.49ms | tok/sec: 264,225 | bf16_mfu: 47.53 | epoch: 1 | total time: 126.24m | eta: 163.0m
step 01908/04357 (43.79%) | loss: 2.836475 | lrm: 1.00 | dt: 3968.70ms | tok/sec: 264,211 | bf16_mfu: 47.53 | epoch: 1 | total time: 126.30m | eta: 163.0m
step 01909/04357 (43.81%) | loss: 2.832177 | lrm: 1.00 | dt: 3980.07ms | tok/sec: 263,456 | bf16_mfu: 47.39 | epoch: 1 | total time: 126.37m | eta: 162.9m
step 01910/04357 (43.84%) | loss: 2.834705 | lrm: 1.00 | dt: 3968.46ms | tok/sec: 264,227 | bf16_mfu: 47.53 | epoch: 1 | total time: 126.44m | eta: 162.8m
step 01911/04357 (43.86%) | loss: 2.834949 | lrm: 1.00 | dt: 3969.37ms | tok/sec: 264,166 | bf16_mfu: 47.52 | epoch: 1 | total time: 126.50m | eta: 162.8m
step 01912/04357 (43.88%) | loss: 2.838031 | lrm: 1.00 | dt: 3970.24ms | tok/sec: 264,108 | bf16_mfu: 47.51 | epoch: 1 | total time: 126.57m | eta: 162.7m
step 01913/04357 (43.91%) | loss: 2.835513 | lrm: 1.00 | dt: 3976.56ms | tok/sec: 263,689 | bf16_mfu: 47.44 | epoch: 1 | total time: 126.64m | eta: 162.6m
step 01914/04357 (43.93%) | loss: 2.853522 | lrm: 1.00 | dt: 3973.95ms | tok/sec: 263,862 | bf16_mfu: 47.47 | epoch: 1 | total time: 126.70m | eta: 162.6m
step 01915/04357 (43.95%) | loss: 2.878290 | lrm: 1.00 | dt: 3971.95ms | tok/sec: 263,995 | bf16_mfu: 47.49 | epoch: 1 | total time: 126.77m | eta: 162.5m
step 01916/04357 (43.98%) | loss: 2.881031 | lrm: 1.00 | dt: 3969.84ms | tok/sec: 264,135 | bf16_mfu: 47.52 | epoch: 1 | total time: 126.83m | eta: 162.4m
step 01917/04357 (44.00%) | loss: 2.880674 | lrm: 1.00 | dt: 3974.55ms | tok/sec: 263,822 | bf16_mfu: 47.46 | epoch: 1 | total time: 126.90m | eta: 162.4m
step 01918/04357 (44.02%) | loss: 2.873891 | lrm: 1.00 | dt: 3972.56ms | tok/sec: 263,954 | bf16_mfu: 47.48 | epoch: 1 | total time: 126.97m | eta: 162.3m
step 01919/04357 (44.04%) | loss: 2.871120 | lrm: 1.00 | dt: 3971.98ms | tok/sec: 263,993 | bf16_mfu: 47.49 | epoch: 1 | total time: 127.03m | eta: 162.2m
step 01920/04357 (44.07%) | loss: 2.862760 | lrm: 1.00 | dt: 3995.32ms | tok/sec: 262,451 | bf16_mfu: 47.21 | epoch: 1 | total time: 127.10m | eta: 162.2m
step 01921/04357 (44.09%) | loss: 2.870865 | lrm: 1.00 | dt: 3965.61ms | tok/sec: 264,417 | bf16_mfu: 47.57 | epoch: 1 | total time: 127.17m | eta: 162.1m
step 01922/04357 (44.11%) | loss: 2.870022 | lrm: 1.00 | dt: 3974.11ms | tok/sec: 263,851 | bf16_mfu: 47.46 | epoch: 1 | total time: 127.23m | eta: 162.0m
step 01923/04357 (44.14%) | loss: 2.885246 | lrm: 1.00 | dt: 3972.77ms | tok/sec: 263,940 | bf16_mfu: 47.48 | epoch: 1 | total time: 127.30m | eta: 162.0m
step 01924/04357 (44.16%) | loss: 2.887007 | lrm: 1.00 | dt: 3971.44ms | tok/sec: 264,029 | bf16_mfu: 47.50 | epoch: 1 | total time: 127.36m | eta: 161.9m
step 01925/04357 (44.18%) | loss: 2.877307 | lrm: 1.00 | dt: 3969.36ms | tok/sec: 264,167 | bf16_mfu: 47.52 | epoch: 1 | total time: 127.43m | eta: 161.8m
step 01926/04357 (44.20%) | loss: 2.881544 | lrm: 1.00 | dt: 3973.04ms | tok/sec: 263,922 | bf16_mfu: 47.48 | epoch: 1 | total time: 127.50m | eta: 161.8m
step 01927/04357 (44.23%) | loss: 2.874469 | lrm: 1.00 | dt: 3968.48ms | tok/sec: 264,226 | bf16_mfu: 47.53 | epoch: 1 | total time: 127.56m | eta: 161.7m
step 01928/04357 (44.25%) | loss: 2.865503 | lrm: 1.00 | dt: 3976.73ms | tok/sec: 263,678 | bf16_mfu: 47.43 | epoch: 1 | total time: 127.63m | eta: 161.6m
step 01929/04357 (44.27%) | loss: 2.862444 | lrm: 1.00 | dt: 3973.34ms | tok/sec: 263,902 | bf16_mfu: 47.47 | epoch: 1 | total time: 127.69m | eta: 161.6m
step 01930/04357 (44.30%) | loss: 2.858269 | lrm: 1.00 | dt: 3971.31ms | tok/sec: 264,038 | bf16_mfu: 47.50 | epoch: 1 | total time: 127.76m | eta: 161.5m
step 01931/04357 (44.32%) | loss: 2.867541 | lrm: 1.00 | dt: 3973.42ms | tok/sec: 263,897 | bf16_mfu: 47.47 | epoch: 1 | total time: 127.83m | eta: 161.4m
step 01932/04357 (44.34%) | loss: 2.865924 | lrm: 1.00 | dt: 3986.37ms | tok/sec: 263,040 | bf16_mfu: 47.32 | epoch: 1 | total time: 127.89m | eta: 161.4m
step 01933/04357 (44.37%) | loss: 2.872277 | lrm: 1.00 | dt: 3974.29ms | tok/sec: 263,839 | bf16_mfu: 47.46 | epoch: 1 | total time: 127.96m | eta: 161.3m
step 01934/04357 (44.39%) | loss: 2.871590 | lrm: 1.00 | dt: 3970.02ms | tok/sec: 264,123 | bf16_mfu: 47.51 | epoch: 1 | total time: 128.03m | eta: 161.2m
step 01935/04357 (44.41%) | loss: 2.868666 | lrm: 1.00 | dt: 3974.44ms | tok/sec: 263,829 | bf16_mfu: 47.46 | epoch: 1 | total time: 128.09m | eta: 161.2m
step 01936/04357 (44.43%) | loss: 2.885585 | lrm: 1.00 | dt: 3972.25ms | tok/sec: 263,975 | bf16_mfu: 47.49 | epoch: 1 | total time: 128.16m | eta: 161.1m
step 01937/04357 (44.46%) | loss: 2.888225 | lrm: 1.00 | dt: 3973.98ms | tok/sec: 263,860 | bf16_mfu: 47.47 | epoch: 1 | total time: 128.22m | eta: 161.0m
step 01938/04357 (44.48%) | loss: 2.871203 | lrm: 1.00 | dt: 3975.82ms | tok/sec: 263,738 | bf16_mfu: 47.44 | epoch: 1 | total time: 128.29m | eta: 161.0m
step 01939/04357 (44.50%) | loss: 2.898276 | lrm: 1.00 | dt: 3985.07ms | tok/sec: 263,125 | bf16_mfu: 47.33 | epoch: 1 | total time: 128.36m | eta: 160.9m
step 01940/04357 (44.53%) | loss: 2.893378 | lrm: 1.00 | dt: 3974.93ms | tok/sec: 263,797 | bf16_mfu: 47.45 | epoch: 1 | total time: 128.42m | eta: 160.8m
step 01941/04357 (44.55%) | loss: 2.878211 | lrm: 1.00 | dt: 3972.10ms | tok/sec: 263,985 | bf16_mfu: 47.49 | epoch: 1 | total time: 128.49m | eta: 160.8m
step 01942/04357 (44.57%) | loss: 2.881430 | lrm: 1.00 | dt: 3967.36ms | tok/sec: 264,300 | bf16_mfu: 47.55 | epoch: 1 | total time: 128.56m | eta: 160.7m
step 01943/04357 (44.59%) | loss: 2.868262 | lrm: 1.00 | dt: 3971.95ms | tok/sec: 263,995 | bf16_mfu: 47.49 | epoch: 1 | total time: 128.62m | eta: 160.6m
step 01944/04357 (44.62%) | loss: 2.872036 | lrm: 1.00 | dt: 3978.78ms | tok/sec: 263,541 | bf16_mfu: 47.41 | epoch: 1 | total time: 128.69m | eta: 160.6m
step 01945/04357 (44.64%) | loss: 2.866609 | lrm: 1.00 | dt: 3989.02ms | tok/sec: 262,865 | bf16_mfu: 47.29 | epoch: 1 | total time: 128.76m | eta: 160.5m
step 01946/04357 (44.66%) | loss: 2.851175 | lrm: 1.00 | dt: 3980.56ms | tok/sec: 263,424 | bf16_mfu: 47.39 | epoch: 1 | total time: 128.82m | eta: 160.4m
step 01947/04357 (44.69%) | loss: 2.845323 | lrm: 1.00 | dt: 3980.19ms | tok/sec: 263,448 | bf16_mfu: 47.39 | epoch: 1 | total time: 128.89m | eta: 160.4m
step 01948/04357 (44.71%) | loss: 2.840641 | lrm: 1.00 | dt: 3973.91ms | tok/sec: 263,864 | bf16_mfu: 47.47 | epoch: 1 | total time: 128.95m | eta: 160.3m
step 01949/04357 (44.73%) | loss: 2.847554 | lrm: 1.00 | dt: 3973.55ms | tok/sec: 263,888 | bf16_mfu: 47.47 | epoch: 1 | total time: 129.02m | eta: 160.2m
step 01950/04357 (44.76%) | loss: 2.838379 | lrm: 1.00 | dt: 3991.14ms | tok/sec: 262,726 | bf16_mfu: 47.26 | epoch: 1 | total time: 129.09m | eta: 160.2m
step 01951/04357 (44.78%) | loss: 2.837212 | lrm: 1.00 | dt: 3983.76ms | tok/sec: 263,212 | bf16_mfu: 47.35 | epoch: 1 | total time: 129.15m | eta: 160.1m
step 01952/04357 (44.80%) | loss: 2.829856 | lrm: 1.00 | dt: 3989.14ms | tok/sec: 262,857 | bf16_mfu: 47.29 | epoch: 1 | total time: 129.22m | eta: 160.0m
step 01953/04357 (44.82%) | loss: 2.830278 | lrm: 1.00 | dt: 3990.09ms | tok/sec: 262,794 | bf16_mfu: 47.27 | epoch: 1 | total time: 129.29m | eta: 160.0m
step 01954/04357 (44.85%) | loss: 2.850469 | lrm: 1.00 | dt: 3985.95ms | tok/sec: 263,067 | bf16_mfu: 47.32 | epoch: 1 | total time: 129.35m | eta: 159.9m
step 01955/04357 (44.87%) | loss: 2.857739 | lrm: 1.00 | dt: 3985.31ms | tok/sec: 263,110 | bf16_mfu: 47.33 | epoch: 1 | total time: 129.42m | eta: 159.8m
step 01956/04357 (44.89%) | loss: 2.855364 | lrm: 1.00 | dt: 3988.62ms | tok/sec: 262,891 | bf16_mfu: 47.29 | epoch: 1 | total time: 129.49m | eta: 159.8m
step 01957/04357 (44.92%) | loss: 2.847158 | lrm: 1.00 | dt: 3980.56ms | tok/sec: 263,424 | bf16_mfu: 47.39 | epoch: 1 | total time: 129.55m | eta: 159.7m
step 01958/04357 (44.94%) | loss: 2.851090 | lrm: 1.00 | dt: 3978.41ms | tok/sec: 263,566 | bf16_mfu: 47.41 | epoch: 1 | total time: 129.62m | eta: 159.6m
step 01959/04357 (44.96%) | loss: 2.852999 | lrm: 1.00 | dt: 3982.14ms | tok/sec: 263,319 | bf16_mfu: 47.37 | epoch: 1 | total time: 129.68m | eta: 159.6m
step 01960/04357 (44.99%) | loss: 2.848058 | lrm: 1.00 | dt: 3982.40ms | tok/sec: 263,302 | bf16_mfu: 47.37 | epoch: 1 | total time: 129.75m | eta: 159.5m
step 01961/04357 (45.01%) | loss: 2.851265 | lrm: 1.00 | dt: 3983.86ms | tok/sec: 263,205 | bf16_mfu: 47.35 | epoch: 1 | total time: 129.82m | eta: 159.4m
step 01962/04357 (45.03%) | loss: 2.859907 | lrm: 1.00 | dt: 3981.37ms | tok/sec: 263,370 | bf16_mfu: 47.38 | epoch: 1 | total time: 129.88m | eta: 159.4m
step 01963/04357 (45.05%) | loss: 2.853454 | lrm: 1.00 | dt: 3983.40ms | tok/sec: 263,236 | bf16_mfu: 47.35 | epoch: 1 | total time: 129.95m | eta: 159.3m
step 01964/04357 (45.08%) | loss: 2.845621 | lrm: 1.00 | dt: 3989.17ms | tok/sec: 262,855 | bf16_mfu: 47.29 | epoch: 1 | total time: 130.02m | eta: 159.2m
step 01965/04357 (45.10%) | loss: 2.843565 | lrm: 1.00 | dt: 3978.11ms | tok/sec: 263,586 | bf16_mfu: 47.42 | epoch: 1 | total time: 130.08m | eta: 159.2m
step 01966/04357 (45.12%) | loss: 2.830054 | lrm: 1.00 | dt: 3994.50ms | tok/sec: 262,505 | bf16_mfu: 47.22 | epoch: 1 | total time: 130.15m | eta: 159.1m
step 01967/04357 (45.15%) | loss: 2.833477 | lrm: 1.00 | dt: 3979.77ms | tok/sec: 263,476 | bf16_mfu: 47.40 | epoch: 1 | total time: 130.22m | eta: 159.0m
step 01968/04357 (45.17%) | loss: 2.831971 | lrm: 1.00 | dt: 3989.15ms | tok/sec: 262,856 | bf16_mfu: 47.29 | epoch: 1 | total time: 130.28m | eta: 159.0m
step 01969/04357 (45.19%) | loss: 2.838643 | lrm: 1.00 | dt: 3981.76ms | tok/sec: 263,345 | bf16_mfu: 47.37 | epoch: 1 | total time: 130.35m | eta: 158.9m
step 01970/04357 (45.21%) | loss: 2.827217 | lrm: 1.00 | dt: 3981.68ms | tok/sec: 263,349 | bf16_mfu: 47.37 | epoch: 1 | total time: 130.41m | eta: 158.8m
step 01971/04357 (45.24%) | loss: 2.816470 | lrm: 1.00 | dt: 3983.95ms | tok/sec: 263,199 | bf16_mfu: 47.35 | epoch: 1 | total time: 130.48m | eta: 158.8m
step 01972/04357 (45.26%) | loss: 2.809125 | lrm: 1.00 | dt: 3982.59ms | tok/sec: 263,289 | bf16_mfu: 47.36 | epoch: 1 | total time: 130.55m | eta: 158.7m
step 01973/04357 (45.28%) | loss: 2.816743 | lrm: 1.00 | dt: 3982.87ms | tok/sec: 263,271 | bf16_mfu: 47.36 | epoch: 1 | total time: 130.61m | eta: 158.6m
step 01974/04357 (45.31%) | loss: 2.816160 | lrm: 1.00 | dt: 3986.33ms | tok/sec: 263,042 | bf16_mfu: 47.32 | epoch: 1 | total time: 130.68m | eta: 158.6m
step 01975/04357 (45.33%) | loss: 2.821394 | lrm: 1.00 | dt: 3995.23ms | tok/sec: 262,457 | bf16_mfu: 47.21 | epoch: 1 | total time: 130.75m | eta: 158.5m
step 01976/04357 (45.35%) | loss: 2.820389 | lrm: 1.00 | dt: 3979.82ms | tok/sec: 263,473 | bf16_mfu: 47.40 | epoch: 1 | total time: 130.81m | eta: 158.4m
step 01977/04357 (45.38%) | loss: 2.819288 | lrm: 1.00 | dt: 3984.00ms | tok/sec: 263,196 | bf16_mfu: 47.35 | epoch: 1 | total time: 130.88m | eta: 158.4m
step 01978/04357 (45.40%) | loss: 2.815387 | lrm: 1.00 | dt: 3992.75ms | tok/sec: 262,620 | bf16_mfu: 47.24 | epoch: 1 | total time: 130.95m | eta: 158.3m
step 01979/04357 (45.42%) | loss: 2.814933 | lrm: 1.00 | dt: 3975.88ms | tok/sec: 263,734 | bf16_mfu: 47.44 | epoch: 1 | total time: 131.01m | eta: 158.2m
step 01980/04357 (45.44%) | loss: 2.819226 | lrm: 1.00 | dt: 3976.16ms | tok/sec: 263,715 | bf16_mfu: 47.44 | epoch: 1 | total time: 131.08m | eta: 158.2m
step 01981/04357 (45.47%) | loss: 2.836404 | lrm: 1.00 | dt: 3917.85ms | tok/sec: 267,640 | bf16_mfu: 48.15 | epoch: 1 | total time: 131.14m | eta: 158.1m
step 01982/04357 (45.49%) | loss: 2.854837 | lrm: 1.00 | dt: 3929.86ms | tok/sec: 266,822 | bf16_mfu: 48.00 | epoch: 1 | total time: 131.21m | eta: 158.0m
step 01983/04357 (45.51%) | loss: 2.849023 | lrm: 1.00 | dt: 3935.23ms | tok/sec: 266,458 | bf16_mfu: 47.93 | epoch: 1 | total time: 131.28m | eta: 158.0m
step 01984/04357 (45.54%) | loss: 2.852323 | lrm: 1.00 | dt: 3951.94ms | tok/sec: 265,331 | bf16_mfu: 47.73 | epoch: 1 | total time: 131.34m | eta: 157.9m
step 01985/04357 (45.56%) | loss: 2.857144 | lrm: 1.00 | dt: 3949.73ms | tok/sec: 265,480 | bf16_mfu: 47.76 | epoch: 1 | total time: 131.41m | eta: 157.8m
step 01986/04357 (45.58%) | loss: 2.860799 | lrm: 1.00 | dt: 3955.43ms | tok/sec: 265,097 | bf16_mfu: 47.69 | epoch: 1 | total time: 131.47m | eta: 157.8m
step 01987/04357 (45.60%) | loss: 2.845020 | lrm: 1.00 | dt: 3964.45ms | tok/sec: 264,494 | bf16_mfu: 47.58 | epoch: 1 | total time: 131.54m | eta: 157.7m
step 01988/04357 (45.63%) | loss: 2.847408 | lrm: 1.00 | dt: 3961.79ms | tok/sec: 264,672 | bf16_mfu: 47.61 | epoch: 1 | total time: 131.60m | eta: 157.6m
step 01989/04357 (45.65%) | loss: 2.844647 | lrm: 1.00 | dt: 3970.05ms | tok/sec: 264,121 | bf16_mfu: 47.51 | epoch: 1 | total time: 131.67m | eta: 157.6m
step 01990/04357 (45.67%) | loss: 2.843995 | lrm: 1.00 | dt: 3976.51ms | tok/sec: 263,692 | bf16_mfu: 47.44 | epoch: 1 | total time: 131.74m | eta: 157.5m
step 01991/04357 (45.70%) | loss: 2.846493 | lrm: 1.00 | dt: 3971.96ms | tok/sec: 263,994 | bf16_mfu: 47.49 | epoch: 1 | total time: 131.80m | eta: 157.4m
step 01992/04357 (45.72%) | loss: 2.826987 | lrm: 1.00 | dt: 3976.26ms | tok/sec: 263,709 | bf16_mfu: 47.44 | epoch: 1 | total time: 131.87m | eta: 157.4m
step 01993/04357 (45.74%) | loss: 2.826306 | lrm: 1.00 | dt: 3982.30ms | tok/sec: 263,309 | bf16_mfu: 47.37 | epoch: 1 | total time: 131.94m | eta: 157.3m
step 01994/04357 (45.77%) | loss: 2.823225 | lrm: 1.00 | dt: 3986.70ms | tok/sec: 263,018 | bf16_mfu: 47.31 | epoch: 1 | total time: 132.00m | eta: 157.2m
step 01995/04357 (45.79%) | loss: 2.829389 | lrm: 1.00 | dt: 3993.04ms | tok/sec: 262,600 | bf16_mfu: 47.24 | epoch: 1 | total time: 132.07m | eta: 157.2m
step 01996/04357 (45.81%) | loss: 2.833051 | lrm: 1.00 | dt: 3979.61ms | tok/sec: 263,486 | bf16_mfu: 47.40 | epoch: 1 | total time: 132.14m | eta: 157.1m
step 01997/04357 (45.83%) | loss: 2.836679 | lrm: 1.00 | dt: 3989.16ms | tok/sec: 262,856 | bf16_mfu: 47.29 | epoch: 1 | total time: 132.20m | eta: 157.0m
step 01998/04357 (45.86%) | loss: 2.832910 | lrm: 1.00 | dt: 3977.03ms | tok/sec: 263,658 | bf16_mfu: 47.43 | epoch: 1 | total time: 132.27m | eta: 157.0m
step 01999/04357 (45.88%) | loss: 2.831285 | lrm: 1.00 | dt: 3990.12ms | tok/sec: 262,793 | bf16_mfu: 47.27 | epoch: 1 | total time: 132.33m | eta: 156.9m
Step 02000 | Validation bpb: 0.865030
Evaluating: hellaswag_zeroshot (0-shot, type: multiple_choice)... accuracy: 0.4040 | centered: 0.2053 | time: 5.21s
Evaluating: jeopardy (10-shot, type: language_modeling)... accuracy: 0.0380 | centered: 0.0380 | time: 3.79s
Evaluating: bigbench_qa_wikidata (10-shot, type: language_modeling)... accuracy: 0.4040 | centered: 0.4040 | time: 3.60s
Evaluating: arc_easy (10-shot, type: multiple_choice)... accuracy: 0.5980 | centered: 0.4640 | time: 4.24s
Evaluating: arc_challenge (10-shot, type: multiple_choice)... accuracy: 0.3140 | centered: 0.0853 | time: 4.00s
Evaluating: copa (0-shot, type: multiple_choice)... accuracy: 0.6600 | centered: 0.3200 | time: 0.74s
Evaluating: commonsense_qa (10-shot, type: multiple_choice)... accuracy: 0.2480 | centered: 0.0600 | time: 4.08s
Evaluating: piqa (10-shot, type: multiple_choice)... accuracy: 0.6620 | centered: 0.3240 | time: 4.28s
Evaluating: openbook_qa (0-shot, type: multiple_choice)... accuracy: 0.3400 | centered: 0.1200 | time: 3.50s
Evaluating: lambada_openai (0-shot, type: language_modeling)... accuracy: 0.3160 | centered: 0.3160 | time: 3.67s
Evaluating: hellaswag (10-shot, type: multiple_choice)... accuracy: 0.3940 | centered: 0.1920 | time: 5.81s
Evaluating: winograd (0-shot, type: schema)... accuracy: 0.5751 | centered: 0.1502 | time: 1.84s
Evaluating: winogrande (0-shot, type: schema)... accuracy: 0.5320 | centered: 0.0640 | time: 3.29s
Evaluating: bigbench_dyck_languages (10-shot, type: language_modeling)... accuracy: 0.0720 | centered: 0.0720 | time: 4.09s
Evaluating: agi_eval_lsat_ar (3-shot, type: multiple_choice)... accuracy: 0.2478 | centered: 0.0598 | time: 2.54s
Evaluating: bigbench_cs_algorithms (10-shot, type: language_modeling)... accuracy: 0.4360 | centered: 0.4360 | time: 3.76s
Evaluating: bigbench_operators (10-shot, type: language_modeling)... accuracy: 0.1238 | centered: 0.1238 | time: 1.62s
Evaluating: bigbench_repeat_copy_logic (10-shot, type: language_modeling)... accuracy: 0.0000 | centered: 0.0000 | time: 0.24s
Evaluating: squad (10-shot, type: language_modeling)... accuracy: 0.1840 | centered: 0.1840 | time: 4.64s
Evaluating: coqa (0-shot, type: language_modeling)... accuracy: 0.1820 | centered: 0.1820 | time: 4.04s
Evaluating: boolq (10-shot, type: multiple_choice)... accuracy: 0.5120 | centered: -0.2842 | time: 5.46s
Evaluating: bigbench_language_identification (10-shot, type: multiple_choice)... accuracy: 0.2540 | centered: 0.1793 | time: 9.30s
Step 02000 | CORE metric: 0.1680
<|bos|>The capital of France is Paris, which is the largest city in the world. It is the largest city
<|bos|>The chemical symbol of gold is Au. It is a metal that is found in nature in the form of gold
<|bos|>If yesterday was Friday, then tomorrow will be Saturday. The day after the 2020 election, the day after the 
step 02000/04357 (45.90%) | loss: 2.836462 | lrm: 1.00 | dt: 3896.89ms | tok/sec: 269,080 | bf16_mfu: 48.41 | epoch: 1 | total time: 132.40m | eta: 156.8m
step 02001/04357 (45.93%) | loss: 2.847721 | lrm: 1.00 | dt: 3911.18ms | tok/sec: 268,097 | bf16_mfu: 48.23 | epoch: 1 | total time: 132.46m | eta: 156.7m
step 02002/04357 (45.95%) | loss: 2.848354 | lrm: 1.00 | dt: 3927.66ms | tok/sec: 266,971 | bf16_mfu: 48.03 | epoch: 1 | total time: 132.53m | eta: 156.7m
step 02003/04357 (45.97%) | loss: 2.853610 | lrm: 1.00 | dt: 3931.28ms | tok/sec: 266,726 | bf16_mfu: 47.98 | epoch: 1 | total time: 132.60m | eta: 156.6m
step 02004/04357 (45.99%) | loss: 2.844473 | lrm: 1.00 | dt: 3935.26ms | tok/sec: 266,456 | bf16_mfu: 47.93 | epoch: 1 | total time: 132.66m | eta: 156.5m
step 02005/04357 (46.02%) | loss: 2.851878 | lrm: 1.00 | dt: 3953.31ms | tok/sec: 265,240 | bf16_mfu: 47.71 | epoch: 1 | total time: 132.73m | eta: 156.5m
step 02006/04357 (46.04%) | loss: 2.844949 | lrm: 1.00 | dt: 3959.42ms | tok/sec: 264,830 | bf16_mfu: 47.64 | epoch: 1 | total time: 132.79m | eta: 156.4m
step 02007/04357 (46.06%) | loss: 2.845137 | lrm: 1.00 | dt: 3955.35ms | tok/sec: 265,102 | bf16_mfu: 47.69 | epoch: 1 | total time: 132.86m | eta: 156.3m
step 02008/04357 (46.09%) | loss: 2.841853 | lrm: 1.00 | dt: 3961.87ms | tok/sec: 264,666 | bf16_mfu: 47.61 | epoch: 1 | total time: 132.93m | eta: 156.3m
step 02009/04357 (46.11%) | loss: 2.842314 | lrm: 1.00 | dt: 3966.22ms | tok/sec: 264,376 | bf16_mfu: 47.56 | epoch: 1 | total time: 132.99m | eta: 156.2m
step 02010/04357 (46.13%) | loss: 2.846536 | lrm: 1.00 | dt: 3969.67ms | tok/sec: 264,147 | bf16_mfu: 47.52 | epoch: 1 | total time: 133.06m | eta: 156.1m
step 02011/04357 (46.16%) | loss: 2.853816 | lrm: 1.00 | dt: 3970.78ms | tok/sec: 264,073 | bf16_mfu: 47.50 | epoch: 1 | total time: 133.12m | eta: 156.1m
step 02012/04357 (46.18%) | loss: 2.847669 | lrm: 1.00 | dt: 3968.98ms | tok/sec: 264,192 | bf16_mfu: 47.53 | epoch: 1 | total time: 133.19m | eta: 156.0m
step 02013/04357 (46.20%) | loss: 2.854697 | lrm: 1.00 | dt: 3970.78ms | tok/sec: 264,072 | bf16_mfu: 47.50 | epoch: 1 | total time: 133.26m | eta: 155.9m
step 02014/04357 (46.22%) | loss: 2.848346 | lrm: 1.00 | dt: 3968.92ms | tok/sec: 264,196 | bf16_mfu: 47.53 | epoch: 1 | total time: 133.32m | eta: 155.9m
step 02015/04357 (46.25%) | loss: 2.852523 | lrm: 1.00 | dt: 3974.92ms | tok/sec: 263,798 | bf16_mfu: 47.46 | epoch: 1 | total time: 133.39m | eta: 155.8m
step 02016/04357 (46.27%) | loss: 2.859029 | lrm: 1.00 | dt: 3970.82ms | tok/sec: 264,070 | bf16_mfu: 47.50 | epoch: 1 | total time: 133.45m | eta: 155.7m
step 02017/04357 (46.29%) | loss: 2.839957 | lrm: 1.00 | dt: 3969.96ms | tok/sec: 264,127 | bf16_mfu: 47.51 | epoch: 1 | total time: 133.52m | eta: 155.7m
step 02018/04357 (46.32%) | loss: 2.848498 | lrm: 1.00 | dt: 3970.80ms | tok/sec: 264,071 | bf16_mfu: 47.50 | epoch: 1 | total time: 133.59m | eta: 155.6m
step 02019/04357 (46.34%) | loss: 2.866156 | lrm: 1.00 | dt: 3973.18ms | tok/sec: 263,913 | bf16_mfu: 47.48 | epoch: 1 | total time: 133.65m | eta: 155.5m
step 02020/04357 (46.36%) | loss: 2.865838 | lrm: 1.00 | dt: 3973.20ms | tok/sec: 263,912 | bf16_mfu: 47.48 | epoch: 1 | total time: 133.72m | eta: 155.5m
step 02021/04357 (46.39%) | loss: 2.861312 | lrm: 1.00 | dt: 3981.87ms | tok/sec: 263,337 | bf16_mfu: 47.37 | epoch: 1 | total time: 133.79m | eta: 155.4m
step 02022/04357 (46.41%) | loss: 2.869764 | lrm: 1.00 | dt: 3981.97ms | tok/sec: 263,331 | bf16_mfu: 47.37 | epoch: 1 | total time: 133.85m | eta: 155.3m
step 02023/04357 (46.43%) | loss: 2.866151 | lrm: 1.00 | dt: 3982.62ms | tok/sec: 263,288 | bf16_mfu: 47.36 | epoch: 1 | total time: 133.92m | eta: 155.3m
step 02024/04357 (46.45%) | loss: 2.843296 | lrm: 1.00 | dt: 3980.37ms | tok/sec: 263,436 | bf16_mfu: 47.39 | epoch: 1 | total time: 133.98m | eta: 155.2m
step 02025/04357 (46.48%) | loss: 2.841377 | lrm: 1.00 | dt: 3982.95ms | tok/sec: 263,266 | bf16_mfu: 47.36 | epoch: 1 | total time: 134.05m | eta: 155.1m
step 02026/04357 (46.50%) | loss: 2.833751 | lrm: 1.00 | dt: 3978.90ms | tok/sec: 263,533 | bf16_mfu: 47.41 | epoch: 1 | total time: 134.12m | eta: 155.1m
step 02027/04357 (46.52%) | loss: 2.837742 | lrm: 1.00 | dt: 3993.22ms | tok/sec: 262,588 | bf16_mfu: 47.24 | epoch: 1 | total time: 134.18m | eta: 155.0m
step 02028/04357 (46.55%) | loss: 2.831216 | lrm: 1.00 | dt: 3988.85ms | tok/sec: 262,876 | bf16_mfu: 47.29 | epoch: 1 | total time: 134.25m | eta: 154.9m
step 02029/04357 (46.57%) | loss: 2.843997 | lrm: 1.00 | dt: 3989.99ms | tok/sec: 262,801 | bf16_mfu: 47.28 | epoch: 1 | total time: 134.32m | eta: 154.9m
step 02030/04357 (46.59%) | loss: 2.832563 | lrm: 1.00 | dt: 3987.53ms | tok/sec: 262,964 | bf16_mfu: 47.31 | epoch: 1 | total time: 134.38m | eta: 154.8m
step 02031/04357 (46.61%) | loss: 2.847015 | lrm: 1.00 | dt: 3982.61ms | tok/sec: 263,288 | bf16_mfu: 47.36 | epoch: 1 | total time: 134.45m | eta: 154.7m
step 02032/04357 (46.64%) | loss: 2.847836 | lrm: 1.00 | dt: 3986.69ms | tok/sec: 263,019 | bf16_mfu: 47.31 | epoch: 1 | total time: 134.52m | eta: 154.7m
step 02033/04357 (46.66%) | loss: 2.855106 | lrm: 1.00 | dt: 3988.39ms | tok/sec: 262,907 | bf16_mfu: 47.29 | epoch: 1 | total time: 134.58m | eta: 154.6m
step 02034/04357 (46.68%) | loss: 2.864370 | lrm: 1.00 | dt: 3986.16ms | tok/sec: 263,054 | bf16_mfu: 47.32 | epoch: 1 | total time: 134.65m | eta: 154.5m
step 02035/04357 (46.71%) | loss: 2.854163 | lrm: 1.00 | dt: 3993.15ms | tok/sec: 262,593 | bf16_mfu: 47.24 | epoch: 1 | total time: 134.72m | eta: 154.5m
step 02036/04357 (46.73%) | loss: 2.848772 | lrm: 1.00 | dt: 3977.27ms | tok/sec: 263,641 | bf16_mfu: 47.43 | epoch: 1 | total time: 134.78m | eta: 154.4m
step 02037/04357 (46.75%) | loss: 2.834358 | lrm: 1.00 | dt: 3972.25ms | tok/sec: 263,975 | bf16_mfu: 47.49 | epoch: 1 | total time: 134.85m | eta: 154.3m
step 02038/04357 (46.78%) | loss: 2.828807 | lrm: 1.00 | dt: 3987.74ms | tok/sec: 262,949 | bf16_mfu: 47.30 | epoch: 1 | total time: 134.91m | eta: 154.3m
step 02039/04357 (46.80%) | loss: 2.819227 | lrm: 1.00 | dt: 3992.56ms | tok/sec: 262,632 | bf16_mfu: 47.25 | epoch: 1 | total time: 134.98m | eta: 154.2m
step 02040/04357 (46.82%) | loss: 2.836778 | lrm: 1.00 | dt: 3978.12ms | tok/sec: 263,586 | bf16_mfu: 47.42 | epoch: 1 | total time: 135.05m | eta: 154.1m
step 02041/04357 (46.84%) | loss: 2.843303 | lrm: 1.00 | dt: 3981.97ms | tok/sec: 263,330 | bf16_mfu: 47.37 | epoch: 1 | total time: 135.11m | eta: 154.1m
step 02042/04357 (46.87%) | loss: 2.844130 | lrm: 1.00 | dt: 3980.65ms | tok/sec: 263,418 | bf16_mfu: 47.39 | epoch: 1 | total time: 135.18m | eta: 154.0m
step 02043/04357 (46.89%) | loss: 2.847495 | lrm: 1.00 | dt: 3982.36ms | tok/sec: 263,305 | bf16_mfu: 47.37 | epoch: 1 | total time: 135.25m | eta: 153.9m
step 02044/04357 (46.91%) | loss: 2.856853 | lrm: 1.00 | dt: 3983.51ms | tok/sec: 263,228 | bf16_mfu: 47.35 | epoch: 1 | total time: 135.31m | eta: 153.9m
step 02045/04357 (46.94%) | loss: 2.854697 | lrm: 1.00 | dt: 3988.20ms | tok/sec: 262,919 | bf16_mfu: 47.30 | epoch: 1 | total time: 135.38m | eta: 153.8m
step 02046/04357 (46.96%) | loss: 2.865888 | lrm: 1.00 | dt: 3994.52ms | tok/sec: 262,503 | bf16_mfu: 47.22 | epoch: 1 | total time: 135.45m | eta: 153.7m
step 02047/04357 (46.98%) | loss: 2.863385 | lrm: 1.00 | dt: 3987.08ms | tok/sec: 262,993 | bf16_mfu: 47.31 | epoch: 1 | total time: 135.51m | eta: 153.7m
step 02048/04357 (47.00%) | loss: 2.857618 | lrm: 1.00 | dt: 3979.77ms | tok/sec: 263,476 | bf16_mfu: 47.40 | epoch: 1 | total time: 135.58m | eta: 153.6m
step 02049/04357 (47.03%) | loss: 2.867302 | lrm: 1.00 | dt: 3989.76ms | tok/sec: 262,816 | bf16_mfu: 47.28 | epoch: 1 | total time: 135.65m | eta: 153.5m
step 02050/04357 (47.05%) | loss: 2.850630 | lrm: 1.00 | dt: 3977.90ms | tok/sec: 263,600 | bf16_mfu: 47.42 | epoch: 1 | total time: 135.71m | eta: 153.5m
step 02051/04357 (47.07%) | loss: 2.850120 | lrm: 1.00 | dt: 3987.08ms | tok/sec: 262,993 | bf16_mfu: 47.31 | epoch: 1 | total time: 135.78m | eta: 153.4m
step 02052/04357 (47.10%) | loss: 2.845834 | lrm: 1.00 | dt: 3976.56ms | tok/sec: 263,688 | bf16_mfu: 47.44 | epoch: 1 | total time: 135.84m | eta: 153.3m
step 02053/04357 (47.12%) | loss: 2.844560 | lrm: 1.00 | dt: 3989.90ms | tok/sec: 262,807 | bf16_mfu: 47.28 | epoch: 1 | total time: 135.91m | eta: 153.3m
step 02054/04357 (47.14%) | loss: 2.852635 | lrm: 1.00 | dt: 3986.18ms | tok/sec: 263,052 | bf16_mfu: 47.32 | epoch: 1 | total time: 135.98m | eta: 153.2m
step 02055/04357 (47.17%) | loss: 2.851230 | lrm: 1.00 | dt: 3976.43ms | tok/sec: 263,697 | bf16_mfu: 47.44 | epoch: 1 | total time: 136.04m | eta: 153.1m
step 02056/04357 (47.19%) | loss: 2.848072 | lrm: 1.00 | dt: 3989.96ms | tok/sec: 262,803 | bf16_mfu: 47.28 | epoch: 1 | total time: 136.11m | eta: 153.1m
step 02057/04357 (47.21%) | loss: 2.853463 | lrm: 1.00 | dt: 3982.44ms | tok/sec: 263,299 | bf16_mfu: 47.37 | epoch: 1 | total time: 136.18m | eta: 153.0m
step 02058/04357 (47.23%) | loss: 2.852328 | lrm: 1.00 | dt: 3994.72ms | tok/sec: 262,490 | bf16_mfu: 47.22 | epoch: 1 | total time: 136.24m | eta: 152.9m
step 02059/04357 (47.26%) | loss: 2.867094 | lrm: 1.00 | dt: 3981.15ms | tok/sec: 263,385 | bf16_mfu: 47.38 | epoch: 1 | total time: 136.31m | eta: 152.9m
step 02060/04357 (47.28%) | loss: 2.866054 | lrm: 1.00 | dt: 3982.41ms | tok/sec: 263,301 | bf16_mfu: 47.37 | epoch: 1 | total time: 136.38m | eta: 152.8m
step 02061/04357 (47.30%) | loss: 2.853152 | lrm: 1.00 | dt: 3997.69ms | tok/sec: 262,295 | bf16_mfu: 47.18 | epoch: 1 | total time: 136.44m | eta: 152.7m
step 02062/04357 (47.33%) | loss: 2.849150 | lrm: 1.00 | dt: 3976.78ms | tok/sec: 263,674 | bf16_mfu: 47.43 | epoch: 1 | total time: 136.51m | eta: 152.7m
step 02063/04357 (47.35%) | loss: 2.848257 | lrm: 1.00 | dt: 3988.06ms | tok/sec: 262,928 | bf16_mfu: 47.30 | epoch: 1 | total time: 136.58m | eta: 152.6m
step 02064/04357 (47.37%) | loss: 2.845544 | lrm: 1.00 | dt: 3982.85ms | tok/sec: 263,272 | bf16_mfu: 47.36 | epoch: 1 | total time: 136.64m | eta: 152.5m
step 02065/04357 (47.39%) | loss: 2.857417 | lrm: 1.00 | dt: 3996.73ms | tok/sec: 262,358 | bf16_mfu: 47.20 | epoch: 1 | total time: 136.71m | eta: 152.5m
step 02066/04357 (47.42%) | loss: 2.862090 | lrm: 1.00 | dt: 3992.06ms | tok/sec: 262,665 | bf16_mfu: 47.25 | epoch: 1 | total time: 136.77m | eta: 152.4m
step 02067/04357 (47.44%) | loss: 2.857761 | lrm: 1.00 | dt: 3992.27ms | tok/sec: 262,651 | bf16_mfu: 47.25 | epoch: 1 | total time: 136.84m | eta: 152.3m
step 02068/04357 (47.46%) | loss: 2.867280 | lrm: 1.00 | dt: 3999.61ms | tok/sec: 262,169 | bf16_mfu: 47.16 | epoch: 1 | total time: 136.91m | eta: 152.3m
step 02069/04357 (47.49%) | loss: 2.874019 | lrm: 1.00 | dt: 3985.80ms | tok/sec: 263,078 | bf16_mfu: 47.33 | epoch: 1 | total time: 136.97m | eta: 152.2m
step 02070/04357 (47.51%) | loss: 2.872929 | lrm: 1.00 | dt: 3986.86ms | tok/sec: 263,007 | bf16_mfu: 47.31 | epoch: 1 | total time: 137.04m | eta: 152.1m
step 02071/04357 (47.53%) | loss: 2.864529 | lrm: 1.00 | dt: 3996.71ms | tok/sec: 262,359 | bf16_mfu: 47.20 | epoch: 1 | total time: 137.11m | eta: 152.1m
step 02072/04357 (47.56%) | loss: 2.859256 | lrm: 1.00 | dt: 3987.47ms | tok/sec: 262,967 | bf16_mfu: 47.31 | epoch: 1 | total time: 137.17m | eta: 152.0m
step 02073/04357 (47.58%) | loss: 2.853171 | lrm: 1.00 | dt: 3983.47ms | tok/sec: 263,231 | bf16_mfu: 47.35 | epoch: 1 | total time: 137.24m | eta: 151.9m
step 02074/04357 (47.60%) | loss: 2.861366 | lrm: 1.00 | dt: 3980.01ms | tok/sec: 263,460 | bf16_mfu: 47.39 | epoch: 1 | total time: 137.31m | eta: 151.9m
step 02075/04357 (47.62%) | loss: 2.854397 | lrm: 1.00 | dt: 3988.68ms | tok/sec: 262,887 | bf16_mfu: 47.29 | epoch: 1 | total time: 137.37m | eta: 151.8m
step 02076/04357 (47.65%) | loss: 2.841179 | lrm: 1.00 | dt: 3990.20ms | tok/sec: 262,787 | bf16_mfu: 47.27 | epoch: 1 | total time: 137.44m | eta: 151.7m
step 02077/04357 (47.67%) | loss: 2.840536 | lrm: 1.00 | dt: 3979.16ms | tok/sec: 263,517 | bf16_mfu: 47.40 | epoch: 1 | total time: 137.51m | eta: 151.7m
step 02078/04357 (47.69%) | loss: 2.842706 | lrm: 1.00 | dt: 3988.58ms | tok/sec: 262,894 | bf16_mfu: 47.29 | epoch: 1 | total time: 137.57m | eta: 151.6m
step 02079/04357 (47.72%) | loss: 2.850248 | lrm: 1.00 | dt: 4002.66ms | tok/sec: 261,969 | bf16_mfu: 47.13 | epoch: 1 | total time: 137.64m | eta: 151.5m
step 02080/04357 (47.74%) | loss: 2.853229 | lrm: 1.00 | dt: 3986.81ms | tok/sec: 263,011 | bf16_mfu: 47.31 | epoch: 1 | total time: 137.71m | eta: 151.5m
step 02081/04357 (47.76%) | loss: 2.855371 | lrm: 1.00 | dt: 3987.37ms | tok/sec: 262,974 | bf16_mfu: 47.31 | epoch: 1 | total time: 137.77m | eta: 151.4m
step 02082/04357 (47.79%) | loss: 2.850352 | lrm: 1.00 | dt: 3981.60ms | tok/sec: 263,355 | bf16_mfu: 47.38 | epoch: 1 | total time: 137.84m | eta: 151.3m
step 02083/04357 (47.81%) | loss: 2.845941 | lrm: 1.00 | dt: 3981.37ms | tok/sec: 263,370 | bf16_mfu: 47.38 | epoch: 1 | total time: 137.90m | eta: 151.3m
step 02084/04357 (47.83%) | loss: 2.841045 | lrm: 1.00 | dt: 3989.73ms | tok/sec: 262,818 | bf16_mfu: 47.28 | epoch: 1 | total time: 137.97m | eta: 151.2m
step 02085/04357 (47.85%) | loss: 2.847818 | lrm: 1.00 | dt: 3989.89ms | tok/sec: 262,808 | bf16_mfu: 47.28 | epoch: 1 | total time: 138.04m | eta: 151.1m
step 02086/04357 (47.88%) | loss: 2.844147 | lrm: 1.00 | dt: 3985.88ms | tok/sec: 263,072 | bf16_mfu: 47.32 | epoch: 1 | total time: 138.10m | eta: 151.1m
step 02087/04357 (47.90%) | loss: 2.840598 | lrm: 1.00 | dt: 3984.49ms | tok/sec: 263,164 | bf16_mfu: 47.34 | epoch: 1 | total time: 138.17m | eta: 151.0m
step 02088/04357 (47.92%) | loss: 2.837669 | lrm: 1.00 | dt: 3985.40ms | tok/sec: 263,104 | bf16_mfu: 47.33 | epoch: 1 | total time: 138.24m | eta: 150.9m
step 02089/04357 (47.95%) | loss: 2.841437 | lrm: 1.00 | dt: 3991.51ms | tok/sec: 262,701 | bf16_mfu: 47.26 | epoch: 1 | total time: 138.30m | eta: 150.9m
step 02090/04357 (47.97%) | loss: 2.847383 | lrm: 1.00 | dt: 3990.51ms | tok/sec: 262,767 | bf16_mfu: 47.27 | epoch: 1 | total time: 138.37m | eta: 150.8m
step 02091/04357 (47.99%) | loss: 2.851750 | lrm: 1.00 | dt: 3995.93ms | tok/sec: 262,410 | bf16_mfu: 47.21 | epoch: 1 | total time: 138.44m | eta: 150.7m
step 02092/04357 (48.01%) | loss: 2.845260 | lrm: 1.00 | dt: 3989.02ms | tok/sec: 262,865 | bf16_mfu: 47.29 | epoch: 1 | total time: 138.50m | eta: 150.7m
step 02093/04357 (48.04%) | loss: 2.846667 | lrm: 1.00 | dt: 3995.91ms | tok/sec: 262,412 | bf16_mfu: 47.21 | epoch: 1 | total time: 138.57m | eta: 150.6m
step 02094/04357 (48.06%) | loss: 2.847578 | lrm: 1.00 | dt: 3983.56ms | tok/sec: 263,225 | bf16_mfu: 47.35 | epoch: 1 | total time: 138.64m | eta: 150.5m
step 02095/04357 (48.08%) | loss: 2.850037 | lrm: 1.00 | dt: 3987.90ms | tok/sec: 262,939 | bf16_mfu: 47.30 | epoch: 1 | total time: 138.70m | eta: 150.5m
step 02096/04357 (48.11%) | loss: 2.852482 | lrm: 1.00 | dt: 3992.31ms | tok/sec: 262,648 | bf16_mfu: 47.25 | epoch: 1 | total time: 138.77m | eta: 150.4m
step 02097/04357 (48.13%) | loss: 2.851308 | lrm: 1.00 | dt: 3992.05ms | tok/sec: 262,666 | bf16_mfu: 47.25 | epoch: 1 | total time: 138.84m | eta: 150.3m
step 02098/04357 (48.15%) | loss: 2.853021 | lrm: 1.00 | dt: 3983.11ms | tok/sec: 263,255 | bf16_mfu: 47.36 | epoch: 1 | total time: 138.90m | eta: 150.3m
step 02099/04357 (48.18%) | loss: 2.847558 | lrm: 1.00 | dt: 3987.96ms | tok/sec: 262,935 | bf16_mfu: 47.30 | epoch: 1 | total time: 138.97m | eta: 150.2m
step 02100/04357 (48.20%) | loss: 2.848593 | lrm: 1.00 | dt: 3977.50ms | tok/sec: 263,627 | bf16_mfu: 47.42 | epoch: 1 | total time: 139.03m | eta: 150.1m
step 02101/04357 (48.22%) | loss: 2.851506 | lrm: 1.00 | dt: 3988.66ms | tok/sec: 262,889 | bf16_mfu: 47.29 | epoch: 1 | total time: 139.10m | eta: 150.1m
step 02102/04357 (48.24%) | loss: 2.851665 | lrm: 1.00 | dt: 3991.27ms | tok/sec: 262,717 | bf16_mfu: 47.26 | epoch: 1 | total time: 139.17m | eta: 150.0m
step 02103/04357 (48.27%) | loss: 2.845612 | lrm: 1.00 | dt: 3992.76ms | tok/sec: 262,619 | bf16_mfu: 47.24 | epoch: 1 | total time: 139.23m | eta: 149.9m
step 02104/04357 (48.29%) | loss: 2.847823 | lrm: 1.00 | dt: 3990.36ms | tok/sec: 262,777 | bf16_mfu: 47.27 | epoch: 1 | total time: 139.30m | eta: 149.9m
step 02105/04357 (48.31%) | loss: 2.840993 | lrm: 1.00 | dt: 3990.89ms | tok/sec: 262,742 | bf16_mfu: 47.27 | epoch: 1 | total time: 139.37m | eta: 149.8m
step 02106/04357 (48.34%) | loss: 2.837025 | lrm: 1.00 | dt: 3994.64ms | tok/sec: 262,495 | bf16_mfu: 47.22 | epoch: 1 | total time: 139.43m | eta: 149.7m
step 02107/04357 (48.36%) | loss: 2.850557 | lrm: 1.00 | dt: 3976.13ms | tok/sec: 263,718 | bf16_mfu: 47.44 | epoch: 1 | total time: 139.50m | eta: 149.7m
step 02108/04357 (48.38%) | loss: 2.852615 | lrm: 1.00 | dt: 3986.46ms | tok/sec: 263,034 | bf16_mfu: 47.32 | epoch: 1 | total time: 139.57m | eta: 149.6m
step 02109/04357 (48.40%) | loss: 2.858717 | lrm: 1.00 | dt: 3980.49ms | tok/sec: 263,428 | bf16_mfu: 47.39 | epoch: 1 | total time: 139.63m | eta: 149.5m
step 02110/04357 (48.43%) | loss: 2.872048 | lrm: 1.00 | dt: 3980.81ms | tok/sec: 263,407 | bf16_mfu: 47.38 | epoch: 1 | total time: 139.70m | eta: 149.5m
step 02111/04357 (48.45%) | loss: 2.879548 | lrm: 1.00 | dt: 3984.36ms | tok/sec: 263,172 | bf16_mfu: 47.34 | epoch: 1 | total time: 139.77m | eta: 149.4m
step 02112/04357 (48.47%) | loss: 2.879110 | lrm: 1.00 | dt: 3986.60ms | tok/sec: 263,025 | bf16_mfu: 47.32 | epoch: 1 | total time: 139.83m | eta: 149.3m
step 02113/04357 (48.50%) | loss: 2.864552 | lrm: 1.00 | dt: 3985.46ms | tok/sec: 263,100 | bf16_mfu: 47.33 | epoch: 1 | total time: 139.90m | eta: 149.3m
step 02114/04357 (48.52%) | loss: 2.853157 | lrm: 1.00 | dt: 3999.89ms | tok/sec: 262,151 | bf16_mfu: 47.16 | epoch: 1 | total time: 139.97m | eta: 149.2m
step 02115/04357 (48.54%) | loss: 2.837315 | lrm: 1.00 | dt: 3975.96ms | tok/sec: 263,728 | bf16_mfu: 47.44 | epoch: 1 | total time: 140.03m | eta: 149.1m
step 02116/04357 (48.57%) | loss: 2.830822 | lrm: 1.00 | dt: 3981.80ms | tok/sec: 263,342 | bf16_mfu: 47.37 | epoch: 1 | total time: 140.10m | eta: 149.1m
step 02117/04357 (48.59%) | loss: 2.824691 | lrm: 1.00 | dt: 3981.49ms | tok/sec: 263,362 | bf16_mfu: 47.38 | epoch: 1 | total time: 140.16m | eta: 149.0m
step 02118/04357 (48.61%) | loss: 2.818375 | lrm: 1.00 | dt: 3989.10ms | tok/sec: 262,860 | bf16_mfu: 47.29 | epoch: 1 | total time: 140.23m | eta: 148.9m
step 02119/04357 (48.63%) | loss: 2.811990 | lrm: 1.00 | dt: 3988.57ms | tok/sec: 262,895 | bf16_mfu: 47.29 | epoch: 1 | total time: 140.30m | eta: 148.9m
step 02120/04357 (48.66%) | loss: 2.818413 | lrm: 1.00 | dt: 3997.44ms | tok/sec: 262,312 | bf16_mfu: 47.19 | epoch: 1 | total time: 140.36m | eta: 148.8m
step 02121/04357 (48.68%) | loss: 2.826608 | lrm: 1.00 | dt: 3991.33ms | tok/sec: 262,713 | bf16_mfu: 47.26 | epoch: 1 | total time: 140.43m | eta: 148.7m
step 02122/04357 (48.70%) | loss: 2.839533 | lrm: 1.00 | dt: 3990.15ms | tok/sec: 262,790 | bf16_mfu: 47.27 | epoch: 1 | total time: 140.50m | eta: 148.7m
step 02123/04357 (48.73%) | loss: 2.831395 | lrm: 1.00 | dt: 3979.17ms | tok/sec: 263,516 | bf16_mfu: 47.40 | epoch: 1 | total time: 140.56m | eta: 148.6m
step 02124/04357 (48.75%) | loss: 2.846304 | lrm: 1.00 | dt: 3992.68ms | tok/sec: 262,624 | bf16_mfu: 47.24 | epoch: 1 | total time: 140.63m | eta: 148.5m
step 02125/04357 (48.77%) | loss: 2.843662 | lrm: 1.00 | dt: 3991.76ms | tok/sec: 262,684 | bf16_mfu: 47.25 | epoch: 1 | total time: 140.70m | eta: 148.5m
step 02126/04357 (48.80%) | loss: 2.845718 | lrm: 1.00 | dt: 3992.05ms | tok/sec: 262,666 | bf16_mfu: 47.25 | epoch: 1 | total time: 140.76m | eta: 148.4m
step 02127/04357 (48.82%) | loss: 2.848773 | lrm: 1.00 | dt: 3982.22ms | tok/sec: 263,314 | bf16_mfu: 47.37 | epoch: 1 | total time: 140.83m | eta: 148.3m
step 02128/04357 (48.84%) | loss: 2.854321 | lrm: 1.00 | dt: 3982.40ms | tok/sec: 263,302 | bf16_mfu: 47.37 | epoch: 1 | total time: 140.90m | eta: 148.3m
step 02129/04357 (48.86%) | loss: 2.850779 | lrm: 1.00 | dt: 3988.83ms | tok/sec: 262,878 | bf16_mfu: 47.29 | epoch: 1 | total time: 140.96m | eta: 148.2m
step 02130/04357 (48.89%) | loss: 2.850970 | lrm: 1.00 | dt: 3977.92ms | tok/sec: 263,598 | bf16_mfu: 47.42 | epoch: 1 | total time: 141.03m | eta: 148.1m
step 02131/04357 (48.91%) | loss: 2.855461 | lrm: 1.00 | dt: 3988.71ms | tok/sec: 262,886 | bf16_mfu: 47.29 | epoch: 1 | total time: 141.09m | eta: 148.1m
step 02132/04357 (48.93%) | loss: 2.860609 | lrm: 1.00 | dt: 3989.84ms | tok/sec: 262,811 | bf16_mfu: 47.28 | epoch: 1 | total time: 141.16m | eta: 148.0m
step 02133/04357 (48.96%) | loss: 2.856542 | lrm: 1.00 | dt: 3983.77ms | tok/sec: 263,211 | bf16_mfu: 47.35 | epoch: 1 | total time: 141.23m | eta: 147.9m
step 02134/04357 (48.98%) | loss: 2.864856 | lrm: 1.00 | dt: 3992.30ms | tok/sec: 262,649 | bf16_mfu: 47.25 | epoch: 1 | total time: 141.29m | eta: 147.9m
step 02135/04357 (49.00%) | loss: 2.867472 | lrm: 1.00 | dt: 3984.45ms | tok/sec: 263,167 | bf16_mfu: 47.34 | epoch: 1 | total time: 141.36m | eta: 147.8m
step 02136/04357 (49.02%) | loss: 2.864697 | lrm: 1.00 | dt: 3981.95ms | tok/sec: 263,332 | bf16_mfu: 47.37 | epoch: 1 | total time: 141.43m | eta: 147.7m
step 02137/04357 (49.05%) | loss: 2.857308 | lrm: 1.00 | dt: 3987.70ms | tok/sec: 262,952 | bf16_mfu: 47.30 | epoch: 1 | total time: 141.49m | eta: 147.7m
step 02138/04357 (49.07%) | loss: 2.857885 | lrm: 1.00 | dt: 3976.23ms | tok/sec: 263,711 | bf16_mfu: 47.44 | epoch: 1 | total time: 141.56m | eta: 147.6m
step 02139/04357 (49.09%) | loss: 2.863424 | lrm: 1.00 | dt: 3990.68ms | tok/sec: 262,756 | bf16_mfu: 47.27 | epoch: 1 | total time: 141.63m | eta: 147.5m
step 02140/04357 (49.12%) | loss: 2.857189 | lrm: 1.00 | dt: 3989.79ms | tok/sec: 262,814 | bf16_mfu: 47.28 | epoch: 1 | total time: 141.69m | eta: 147.5m
step 02141/04357 (49.14%) | loss: 2.842186 | lrm: 1.00 | dt: 3987.73ms | tok/sec: 262,950 | bf16_mfu: 47.30 | epoch: 1 | total time: 141.76m | eta: 147.4m
step 02142/04357 (49.16%) | loss: 2.840490 | lrm: 1.00 | dt: 3991.10ms | tok/sec: 262,728 | bf16_mfu: 47.26 | epoch: 1 | total time: 141.83m | eta: 147.3m
step 02143/04357 (49.19%) | loss: 2.834408 | lrm: 1.00 | dt: 3987.25ms | tok/sec: 262,982 | bf16_mfu: 47.31 | epoch: 1 | total time: 141.89m | eta: 147.3m
step 02144/04357 (49.21%) | loss: 2.832582 | lrm: 1.00 | dt: 3992.04ms | tok/sec: 262,666 | bf16_mfu: 47.25 | epoch: 1 | total time: 141.96m | eta: 147.2m
step 02145/04357 (49.23%) | loss: 2.840472 | lrm: 1.00 | dt: 3990.00ms | tok/sec: 262,801 | bf16_mfu: 47.28 | epoch: 1 | total time: 142.03m | eta: 147.1m
step 02146/04357 (49.25%) | loss: 2.832777 | lrm: 1.00 | dt: 3989.09ms | tok/sec: 262,860 | bf16_mfu: 47.29 | epoch: 1 | total time: 142.09m | eta: 147.1m
step 02147/04357 (49.28%) | loss: 2.828170 | lrm: 1.00 | dt: 3987.41ms | tok/sec: 262,971 | bf16_mfu: 47.31 | epoch: 1 | total time: 142.16m | eta: 147.0m
step 02148/04357 (49.30%) | loss: 2.819385 | lrm: 1.00 | dt: 4006.54ms | tok/sec: 261,716 | bf16_mfu: 47.08 | epoch: 1 | total time: 142.22m | eta: 146.9m
step 02149/04357 (49.32%) | loss: 2.817298 | lrm: 1.00 | dt: 3984.57ms | tok/sec: 263,158 | bf16_mfu: 47.34 | epoch: 1 | total time: 142.29m | eta: 146.9m
step 02150/04357 (49.35%) | loss: 2.813168 | lrm: 1.00 | dt: 3985.52ms | tok/sec: 263,096 | bf16_mfu: 47.33 | epoch: 1 | total time: 142.36m | eta: 146.8m
step 02151/04357 (49.37%) | loss: 2.809431 | lrm: 1.00 | dt: 3992.78ms | tok/sec: 262,618 | bf16_mfu: 47.24 | epoch: 1 | total time: 142.42m | eta: 146.7m
step 02152/04357 (49.39%) | loss: 2.801225 | lrm: 1.00 | dt: 3995.87ms | tok/sec: 262,414 | bf16_mfu: 47.21 | epoch: 1 | total time: 142.49m | eta: 146.7m
step 02153/04357 (49.41%) | loss: 2.797728 | lrm: 1.00 | dt: 3989.28ms | tok/sec: 262,848 | bf16_mfu: 47.28 | epoch: 1 | total time: 142.56m | eta: 146.6m
step 02154/04357 (49.44%) | loss: 2.803053 | lrm: 1.00 | dt: 3993.61ms | tok/sec: 262,563 | bf16_mfu: 47.23 | epoch: 1 | total time: 142.62m | eta: 146.5m
step 02155/04357 (49.46%) | loss: 2.805085 | lrm: 1.00 | dt: 3994.96ms | tok/sec: 262,474 | bf16_mfu: 47.22 | epoch: 1 | total time: 142.69m | eta: 146.5m
step 02156/04357 (49.48%) | loss: 2.809463 | lrm: 1.00 | dt: 3991.55ms | tok/sec: 262,698 | bf16_mfu: 47.26 | epoch: 1 | total time: 142.76m | eta: 146.4m
step 02157/04357 (49.51%) | loss: 2.816999 | lrm: 1.00 | dt: 3989.20ms | tok/sec: 262,853 | bf16_mfu: 47.29 | epoch: 1 | total time: 142.82m | eta: 146.3m
step 02158/04357 (49.53%) | loss: 2.824464 | lrm: 1.00 | dt: 3987.18ms | tok/sec: 262,987 | bf16_mfu: 47.31 | epoch: 1 | total time: 142.89m | eta: 146.3m
step 02159/04357 (49.55%) | loss: 2.831373 | lrm: 1.00 | dt: 4008.62ms | tok/sec: 261,580 | bf16_mfu: 47.06 | epoch: 1 | total time: 142.96m | eta: 146.2m
step 02160/04357 (49.58%) | loss: 2.834768 | lrm: 1.00 | dt: 3980.02ms | tok/sec: 263,460 | bf16_mfu: 47.39 | epoch: 1 | total time: 143.02m | eta: 146.1m
step 02161/04357 (49.60%) | loss: 2.836145 | lrm: 1.00 | dt: 3987.87ms | tok/sec: 262,941 | bf16_mfu: 47.30 | epoch: 1 | total time: 143.09m | eta: 146.1m
step 02162/04357 (49.62%) | loss: 2.825195 | lrm: 1.00 | dt: 3993.45ms | tok/sec: 262,574 | bf16_mfu: 47.23 | epoch: 1 | total time: 143.16m | eta: 146.0m
step 02163/04357 (49.64%) | loss: 2.819115 | lrm: 1.00 | dt: 3992.75ms | tok/sec: 262,619 | bf16_mfu: 47.24 | epoch: 1 | total time: 143.22m | eta: 146.0m
step 02164/04357 (49.67%) | loss: 2.811960 | lrm: 1.00 | dt: 4775.35ms | tok/sec: 219,581 | bf16_mfu: 39.50 | epoch: 1 | total time: 143.30m | eta: 145.9m
step 02165/04357 (49.69%) | loss: 2.811700 | lrm: 1.00 | dt: 3973.04ms | tok/sec: 263,922 | bf16_mfu: 47.48 | epoch: 1 | total time: 143.37m | eta: 145.8m
step 02166/04357 (49.71%) | loss: 2.810657 | lrm: 1.00 | dt: 3983.92ms | tok/sec: 263,201 | bf16_mfu: 47.35 | epoch: 1 | total time: 143.43m | eta: 145.8m
step 02167/04357 (49.74%) | loss: 2.811837 | lrm: 1.00 | dt: 3979.87ms | tok/sec: 263,469 | bf16_mfu: 47.40 | epoch: 1 | total time: 143.50m | eta: 145.7m
step 02168/04357 (49.76%) | loss: 2.814220 | lrm: 1.00 | dt: 3989.54ms | tok/sec: 262,831 | bf16_mfu: 47.28 | epoch: 1 | total time: 143.57m | eta: 145.6m
step 02169/04357 (49.78%) | loss: 2.815818 | lrm: 1.00 | dt: 3988.25ms | tok/sec: 262,916 | bf16_mfu: 47.30 | epoch: 1 | total time: 143.63m | eta: 145.6m
step 02170/04357 (49.80%) | loss: 2.811816 | lrm: 1.00 | dt: 3979.76ms | tok/sec: 263,477 | bf16_mfu: 47.40 | epoch: 1 | total time: 143.70m | eta: 145.5m
step 02171/04357 (49.83%) | loss: 2.819756 | lrm: 1.00 | dt: 3991.55ms | tok/sec: 262,698 | bf16_mfu: 47.26 | epoch: 1 | total time: 143.77m | eta: 145.4m
step 02172/04357 (49.85%) | loss: 2.830423 | lrm: 1.00 | dt: 3973.67ms | tok/sec: 263,880 | bf16_mfu: 47.47 | epoch: 1 | total time: 143.83m | eta: 145.4m
step 02173/04357 (49.87%) | loss: 2.832397 | lrm: 1.00 | dt: 3993.18ms | tok/sec: 262,591 | bf16_mfu: 47.24 | epoch: 1 | total time: 143.90m | eta: 145.3m
step 02174/04357 (49.90%) | loss: 2.834193 | lrm: 1.00 | dt: 3986.26ms | tok/sec: 263,047 | bf16_mfu: 47.32 | epoch: 1 | total time: 143.97m | eta: 145.2m
step 02175/04357 (49.92%) | loss: 2.837503 | lrm: 1.00 | dt: 3988.48ms | tok/sec: 262,901 | bf16_mfu: 47.29 | epoch: 1 | total time: 144.03m | eta: 145.2m
step 02176/04357 (49.94%) | loss: 2.837508 | lrm: 1.00 | dt: 3985.66ms | tok/sec: 263,087 | bf16_mfu: 47.33 | epoch: 1 | total time: 144.10m | eta: 145.1m
step 02177/04357 (49.97%) | loss: 2.839569 | lrm: 1.00 | dt: 3973.95ms | tok/sec: 263,862 | bf16_mfu: 47.47 | epoch: 1 | total time: 144.17m | eta: 145.0m
step 02178/04357 (49.99%) | loss: 2.840873 | lrm: 1.00 | dt: 3989.30ms | tok/sec: 262,846 | bf16_mfu: 47.28 | epoch: 1 | total time: 144.23m | eta: 145.0m
step 02179/04357 (50.01%) | loss: 2.836949 | lrm: 1.00 | dt: 3990.61ms | tok/sec: 262,760 | bf16_mfu: 47.27 | epoch: 1 | total time: 144.30m | eta: 144.9m
step 02180/04357 (50.03%) | loss: 2.827208 | lrm: 1.00 | dt: 3971.22ms | tok/sec: 264,043 | bf16_mfu: 47.50 | epoch: 1 | total time: 144.36m | eta: 144.8m
step 02181/04357 (50.06%) | loss: 2.828848 | lrm: 1.00 | dt: 3981.97ms | tok/sec: 263,330 | bf16_mfu: 47.37 | epoch: 1 | total time: 144.43m | eta: 144.8m
step 02182/04357 (50.08%) | loss: 2.827940 | lrm: 1.00 | dt: 3982.33ms | tok/sec: 263,307 | bf16_mfu: 47.37 | epoch: 1 | total time: 144.50m | eta: 144.7m
step 02183/04357 (50.10%) | loss: 2.827263 | lrm: 1.00 | dt: 3980.02ms | tok/sec: 263,460 | bf16_mfu: 47.39 | epoch: 1 | total time: 144.56m | eta: 144.6m
step 02184/04357 (50.13%) | loss: 2.813524 | lrm: 1.00 | dt: 3980.23ms | tok/sec: 263,445 | bf16_mfu: 47.39 | epoch: 1 | total time: 144.63m | eta: 144.6m
step 02185/04357 (50.15%) | loss: 2.829372 | lrm: 1.00 | dt: 3977.05ms | tok/sec: 263,657 | bf16_mfu: 47.43 | epoch: 1 | total time: 144.70m | eta: 144.5m
step 02186/04357 (50.17%) | loss: 2.825785 | lrm: 1.00 | dt: 3988.19ms | tok/sec: 262,919 | bf16_mfu: 47.30 | epoch: 1 | total time: 144.76m | eta: 144.4m
step 02187/04357 (50.20%) | loss: 2.833552 | lrm: 1.00 | dt: 3990.09ms | tok/sec: 262,794 | bf16_mfu: 47.27 | epoch: 1 | total time: 144.83m | eta: 144.4m
step 02188/04357 (50.22%) | loss: 2.829018 | lrm: 1.00 | dt: 3989.85ms | tok/sec: 262,811 | bf16_mfu: 47.28 | epoch: 1 | total time: 144.90m | eta: 144.3m
step 02189/04357 (50.24%) | loss: 2.824728 | lrm: 1.00 | dt: 3977.36ms | tok/sec: 263,635 | bf16_mfu: 47.43 | epoch: 1 | total time: 144.96m | eta: 144.2m
step 02190/04357 (50.26%) | loss: 2.833682 | lrm: 0.99 | dt: 3982.04ms | tok/sec: 263,326 | bf16_mfu: 47.37 | epoch: 1 | total time: 145.03m | eta: 144.2m
step 02191/04357 (50.29%) | loss: 2.832438 | lrm: 0.99 | dt: 3977.28ms | tok/sec: 263,641 | bf16_mfu: 47.43 | epoch: 1 | total time: 145.09m | eta: 144.1m
step 02192/04357 (50.31%) | loss: 2.820028 | lrm: 0.99 | dt: 3978.88ms | tok/sec: 263,535 | bf16_mfu: 47.41 | epoch: 1 | total time: 145.16m | eta: 144.0m
step 02193/04357 (50.33%) | loss: 2.820762 | lrm: 0.99 | dt: 3987.50ms | tok/sec: 262,966 | bf16_mfu: 47.31 | epoch: 1 | total time: 145.23m | eta: 144.0m
step 02194/04357 (50.36%) | loss: 2.822911 | lrm: 0.99 | dt: 3986.36ms | tok/sec: 263,041 | bf16_mfu: 47.32 | epoch: 1 | total time: 145.29m | eta: 143.9m
step 02195/04357 (50.38%) | loss: 2.824551 | lrm: 0.99 | dt: 3985.68ms | tok/sec: 263,085 | bf16_mfu: 47.33 | epoch: 1 | total time: 145.36m | eta: 143.8m
step 02196/04357 (50.40%) | loss: 2.828904 | lrm: 0.99 | dt: 3998.83ms | tok/sec: 262,220 | bf16_mfu: 47.17 | epoch: 1 | total time: 145.43m | eta: 143.8m
step 02197/04357 (50.42%) | loss: 2.824936 | lrm: 0.99 | dt: 3977.27ms | tok/sec: 263,642 | bf16_mfu: 47.43 | epoch: 1 | total time: 145.49m | eta: 143.7m
step 02198/04357 (50.45%) | loss: 2.817690 | lrm: 0.99 | dt: 3985.56ms | tok/sec: 263,093 | bf16_mfu: 47.33 | epoch: 1 | total time: 145.56m | eta: 143.6m
step 02199/04357 (50.47%) | loss: 2.829472 | lrm: 0.99 | dt: 3977.82ms | tok/sec: 263,605 | bf16_mfu: 47.42 | epoch: 1 | total time: 145.63m | eta: 143.6m
step 02200/04357 (50.49%) | loss: 2.827002 | lrm: 0.99 | dt: 3985.55ms | tok/sec: 263,094 | bf16_mfu: 47.33 | epoch: 1 | total time: 145.69m | eta: 143.5m
step 02201/04357 (50.52%) | loss: 2.824222 | lrm: 0.99 | dt: 3996.59ms | tok/sec: 262,367 | bf16_mfu: 47.20 | epoch: 1 | total time: 145.76m | eta: 143.4m
step 02202/04357 (50.54%) | loss: 2.822074 | lrm: 0.99 | dt: 3985.36ms | tok/sec: 263,107 | bf16_mfu: 47.33 | epoch: 1 | total time: 145.83m | eta: 143.4m
step 02203/04357 (50.56%) | loss: 2.822879 | lrm: 0.99 | dt: 3988.96ms | tok/sec: 262,869 | bf16_mfu: 47.29 | epoch: 1 | total time: 145.89m | eta: 143.3m
step 02204/04357 (50.59%) | loss: 2.827165 | lrm: 0.99 | dt: 3985.91ms | tok/sec: 263,070 | bf16_mfu: 47.32 | epoch: 1 | total time: 145.96m | eta: 143.2m
step 02205/04357 (50.61%) | loss: 2.819388 | lrm: 0.99 | dt: 3970.87ms | tok/sec: 264,066 | bf16_mfu: 47.50 | epoch: 1 | total time: 146.02m | eta: 143.2m
step 02206/04357 (50.63%) | loss: 2.825390 | lrm: 0.99 | dt: 3992.13ms | tok/sec: 262,660 | bf16_mfu: 47.25 | epoch: 1 | total time: 146.09m | eta: 143.1m
step 02207/04357 (50.65%) | loss: 2.824247 | lrm: 0.99 | dt: 3989.75ms | tok/sec: 262,817 | bf16_mfu: 47.28 | epoch: 1 | total time: 146.16m | eta: 143.0m
step 02208/04357 (50.68%) | loss: 2.816902 | lrm: 0.99 | dt: 3988.22ms | tok/sec: 262,918 | bf16_mfu: 47.30 | epoch: 1 | total time: 146.22m | eta: 143.0m
step 02209/04357 (50.70%) | loss: 2.805361 | lrm: 0.99 | dt: 3994.03ms | tok/sec: 262,536 | bf16_mfu: 47.23 | epoch: 1 | total time: 146.29m | eta: 142.9m
step 02210/04357 (50.72%) | loss: 2.809825 | lrm: 0.99 | dt: 3982.50ms | tok/sec: 263,295 | bf16_mfu: 47.36 | epoch: 1 | total time: 146.36m | eta: 142.8m
step 02211/04357 (50.75%) | loss: 2.814684 | lrm: 0.99 | dt: 3997.10ms | tok/sec: 262,333 | bf16_mfu: 47.19 | epoch: 1 | total time: 146.42m | eta: 142.8m
step 02212/04357 (50.77%) | loss: 2.812232 | lrm: 0.98 | dt: 3980.10ms | tok/sec: 263,454 | bf16_mfu: 47.39 | epoch: 1 | total time: 146.49m | eta: 142.7m
step 02213/04357 (50.79%) | loss: 2.814695 | lrm: 0.98 | dt: 3988.40ms | tok/sec: 262,906 | bf16_mfu: 47.29 | epoch: 1 | total time: 146.56m | eta: 142.6m
step 02214/04357 (50.81%) | loss: 2.809051 | lrm: 0.98 | dt: 3981.83ms | tok/sec: 263,339 | bf16_mfu: 47.37 | epoch: 1 | total time: 146.62m | eta: 142.6m
step 02215/04357 (50.84%) | loss: 2.801998 | lrm: 0.98 | dt: 3981.49ms | tok/sec: 263,362 | bf16_mfu: 47.38 | epoch: 1 | total time: 146.69m | eta: 142.5m
step 02216/04357 (50.86%) | loss: 2.801839 | lrm: 0.98 | dt: 3990.19ms | tok/sec: 262,788 | bf16_mfu: 47.27 | epoch: 1 | total time: 146.76m | eta: 142.4m
step 02217/04357 (50.88%) | loss: 2.801286 | lrm: 0.98 | dt: 3995.35ms | tok/sec: 262,449 | bf16_mfu: 47.21 | epoch: 1 | total time: 146.82m | eta: 142.4m
step 02218/04357 (50.91%) | loss: 2.807648 | lrm: 0.98 | dt: 3993.16ms | tok/sec: 262,592 | bf16_mfu: 47.24 | epoch: 1 | total time: 146.89m | eta: 142.3m
step 02219/04357 (50.93%) | loss: 2.815481 | lrm: 0.98 | dt: 3988.61ms | tok/sec: 262,892 | bf16_mfu: 47.29 | epoch: 1 | total time: 146.96m | eta: 142.2m
step 02220/04357 (50.95%) | loss: 2.803005 | lrm: 0.98 | dt: 3981.82ms | tok/sec: 263,340 | bf16_mfu: 47.37 | epoch: 1 | total time: 147.02m | eta: 142.2m
step 02221/04357 (50.98%) | loss: 2.804602 | lrm: 0.98 | dt: 3985.38ms | tok/sec: 263,105 | bf16_mfu: 47.33 | epoch: 1 | total time: 147.09m | eta: 142.1m
step 02222/04357 (51.00%) | loss: 2.794526 | lrm: 0.98 | dt: 3988.74ms | tok/sec: 262,884 | bf16_mfu: 47.29 | epoch: 1 | total time: 147.15m | eta: 142.0m
step 02223/04357 (51.02%) | loss: 2.799842 | lrm: 0.98 | dt: 3993.68ms | tok/sec: 262,559 | bf16_mfu: 47.23 | epoch: 1 | total time: 147.22m | eta: 142.0m
step 02224/04357 (51.04%) | loss: 2.807854 | lrm: 0.98 | dt: 3994.45ms | tok/sec: 262,508 | bf16_mfu: 47.22 | epoch: 1 | total time: 147.29m | eta: 141.9m
step 02225/04357 (51.07%) | loss: 2.795517 | lrm: 0.98 | dt: 3983.28ms | tok/sec: 263,244 | bf16_mfu: 47.36 | epoch: 1 | total time: 147.35m | eta: 141.8m
step 02226/04357 (51.09%) | loss: 2.796885 | lrm: 0.98 | dt: 3986.79ms | tok/sec: 263,012 | bf16_mfu: 47.31 | epoch: 1 | total time: 147.42m | eta: 141.8m
step 02227/04357 (51.11%) | loss: 2.805994 | lrm: 0.98 | dt: 3984.53ms | tok/sec: 263,161 | bf16_mfu: 47.34 | epoch: 1 | total time: 147.49m | eta: 141.7m
step 02228/04357 (51.14%) | loss: 2.791647 | lrm: 0.98 | dt: 3992.11ms | tok/sec: 262,662 | bf16_mfu: 47.25 | epoch: 1 | total time: 147.55m | eta: 141.6m
step 02229/04357 (51.16%) | loss: 2.800539 | lrm: 0.98 | dt: 3991.41ms | tok/sec: 262,708 | bf16_mfu: 47.26 | epoch: 1 | total time: 147.62m | eta: 141.6m
step 02230/04357 (51.18%) | loss: 2.794727 | lrm: 0.98 | dt: 3988.40ms | tok/sec: 262,906 | bf16_mfu: 47.29 | epoch: 1 | total time: 147.69m | eta: 141.5m
step 02231/04357 (51.20%) | loss: 2.797484 | lrm: 0.98 | dt: 3994.35ms | tok/sec: 262,514 | bf16_mfu: 47.22 | epoch: 1 | total time: 147.75m | eta: 141.4m
step 02232/04357 (51.23%) | loss: 2.817934 | lrm: 0.98 | dt: 3984.43ms | tok/sec: 263,168 | bf16_mfu: 47.34 | epoch: 1 | total time: 147.82m | eta: 141.4m
step 02233/04357 (51.25%) | loss: 2.811344 | lrm: 0.98 | dt: 3987.22ms | tok/sec: 262,984 | bf16_mfu: 47.31 | epoch: 1 | total time: 147.89m | eta: 141.3m
step 02234/04357 (51.27%) | loss: 2.814213 | lrm: 0.97 | dt: 3985.55ms | tok/sec: 263,094 | bf16_mfu: 47.33 | epoch: 1 | total time: 147.95m | eta: 141.2m
step 02235/04357 (51.30%) | loss: 2.819689 | lrm: 0.97 | dt: 3990.86ms | tok/sec: 262,744 | bf16_mfu: 47.27 | epoch: 1 | total time: 148.02m | eta: 141.2m
step 02236/04357 (51.32%) | loss: 2.807608 | lrm: 0.97 | dt: 3989.14ms | tok/sec: 262,857 | bf16_mfu: 47.29 | epoch: 1 | total time: 148.09m | eta: 141.1m
step 02237/04357 (51.34%) | loss: 2.813804 | lrm: 0.97 | dt: 3990.07ms | tok/sec: 262,796 | bf16_mfu: 47.27 | epoch: 1 | total time: 148.15m | eta: 141.0m
step 02238/04357 (51.37%) | loss: 2.809151 | lrm: 0.97 | dt: 3986.71ms | tok/sec: 263,017 | bf16_mfu: 47.31 | epoch: 1 | total time: 148.22m | eta: 141.0m
step 02239/04357 (51.39%) | loss: 2.802576 | lrm: 0.97 | dt: 3994.73ms | tok/sec: 262,489 | bf16_mfu: 47.22 | epoch: 1 | total time: 148.28m | eta: 140.9m
step 02240/04357 (51.41%) | loss: 2.810767 | lrm: 0.97 | dt: 3993.27ms | tok/sec: 262,585 | bf16_mfu: 47.24 | epoch: 1 | total time: 148.35m | eta: 140.8m
step 02241/04357 (51.43%) | loss: 2.811716 | lrm: 0.97 | dt: 3980.89ms | tok/sec: 263,402 | bf16_mfu: 47.38 | epoch: 1 | total time: 148.42m | eta: 140.8m
step 02242/04357 (51.46%) | loss: 2.796550 | lrm: 0.97 | dt: 3984.70ms | tok/sec: 263,150 | bf16_mfu: 47.34 | epoch: 1 | total time: 148.48m | eta: 140.7m
step 02243/04357 (51.48%) | loss: 2.800150 | lrm: 0.97 | dt: 3984.31ms | tok/sec: 263,176 | bf16_mfu: 47.34 | epoch: 1 | total time: 148.55m | eta: 140.6m
step 02244/04357 (51.50%) | loss: 2.801621 | lrm: 0.97 | dt: 3978.35ms | tok/sec: 263,570 | bf16_mfu: 47.41 | epoch: 1 | total time: 148.62m | eta: 140.6m
step 02245/04357 (51.53%) | loss: 2.821303 | lrm: 0.97 | dt: 3992.24ms | tok/sec: 262,653 | bf16_mfu: 47.25 | epoch: 1 | total time: 148.68m | eta: 140.5m
step 02246/04357 (51.55%) | loss: 2.813329 | lrm: 0.97 | dt: 3988.07ms | tok/sec: 262,927 | bf16_mfu: 47.30 | epoch: 1 | total time: 148.75m | eta: 140.4m
step 02247/04357 (51.57%) | loss: 2.816374 | lrm: 0.97 | dt: 3987.31ms | tok/sec: 262,978 | bf16_mfu: 47.31 | epoch: 1 | total time: 148.82m | eta: 140.4m
step 02248/04357 (51.60%) | loss: 2.804515 | lrm: 0.97 | dt: 3982.58ms | tok/sec: 263,290 | bf16_mfu: 47.36 | epoch: 1 | total time: 148.88m | eta: 140.3m
step 02249/04357 (51.62%) | loss: 2.800151 | lrm: 0.97 | dt: 3985.40ms | tok/sec: 263,104 | bf16_mfu: 47.33 | epoch: 1 | total time: 148.95m | eta: 140.2m
Step 02250 | Validation bpb: 0.858078
step 02250/04357 (51.64%) | loss: 2.805700 | lrm: 0.97 | dt: 4005.83ms | tok/sec: 261,762 | bf16_mfu: 47.09 | epoch: 1 | total time: 149.02m | eta: 140.2m
step 02251/04357 (51.66%) | loss: 2.812891 | lrm: 0.97 | dt: 3988.56ms | tok/sec: 262,895 | bf16_mfu: 47.29 | epoch: 1 | total time: 149.08m | eta: 140.1m
step 02252/04357 (51.69%) | loss: 2.806712 | lrm: 0.97 | dt: 3981.13ms | tok/sec: 263,386 | bf16_mfu: 47.38 | epoch: 1 | total time: 149.15m | eta: 140.0m
step 02253/04357 (51.71%) | loss: 2.812070 | lrm: 0.97 | dt: 3980.35ms | tok/sec: 263,437 | bf16_mfu: 47.39 | epoch: 1 | total time: 149.22m | eta: 140.0m
step 02254/04357 (51.73%) | loss: 2.811792 | lrm: 0.97 | dt: 3990.16ms | tok/sec: 262,790 | bf16_mfu: 47.27 | epoch: 1 | total time: 149.28m | eta: 139.9m
step 02255/04357 (51.76%) | loss: 2.830593 | lrm: 0.97 | dt: 3990.62ms | tok/sec: 262,759 | bf16_mfu: 47.27 | epoch: 1 | total time: 149.35m | eta: 139.8m
step 02256/04357 (51.78%) | loss: 2.837693 | lrm: 0.96 | dt: 3993.04ms | tok/sec: 262,601 | bf16_mfu: 47.24 | epoch: 1 | total time: 149.41m | eta: 139.8m
step 02257/04357 (51.80%) | loss: 2.826765 | lrm: 0.96 | dt: 3997.45ms | tok/sec: 262,311 | bf16_mfu: 47.19 | epoch: 1 | total time: 149.48m | eta: 139.7m
step 02258/04357 (51.82%) | loss: 2.828120 | lrm: 0.96 | dt: 3992.08ms | tok/sec: 262,664 | bf16_mfu: 47.25 | epoch: 1 | total time: 149.55m | eta: 139.6m
step 02259/04357 (51.85%) | loss: 2.826010 | lrm: 0.96 | dt: 3992.19ms | tok/sec: 262,656 | bf16_mfu: 47.25 | epoch: 1 | total time: 149.61m | eta: 139.6m
step 02260/04357 (51.87%) | loss: 2.829583 | lrm: 0.96 | dt: 3993.71ms | tok/sec: 262,557 | bf16_mfu: 47.23 | epoch: 1 | total time: 149.68m | eta: 139.5m
step 02261/04357 (51.89%) | loss: 2.825276 | lrm: 0.96 | dt: 3993.90ms | tok/sec: 262,544 | bf16_mfu: 47.23 | epoch: 1 | total time: 149.75m | eta: 139.4m
step 02262/04357 (51.92%) | loss: 2.823723 | lrm: 0.96 | dt: 3993.42ms | tok/sec: 262,575 | bf16_mfu: 47.24 | epoch: 1 | total time: 149.81m | eta: 139.4m
step 02263/04357 (51.94%) | loss: 2.828170 | lrm: 0.96 | dt: 3992.52ms | tok/sec: 262,635 | bf16_mfu: 47.25 | epoch: 1 | total time: 149.88m | eta: 139.3m
step 02264/04357 (51.96%) | loss: 2.824490 | lrm: 0.96 | dt: 3991.54ms | tok/sec: 262,699 | bf16_mfu: 47.26 | epoch: 1 | total time: 149.95m | eta: 139.2m
step 02265/04357 (51.99%) | loss: 2.824693 | lrm: 0.96 | dt: 3993.17ms | tok/sec: 262,592 | bf16_mfu: 47.24 | epoch: 1 | total time: 150.01m | eta: 139.2m
step 02266/04357 (52.01%) | loss: 2.822274 | lrm: 0.96 | dt: 3998.83ms | tok/sec: 262,220 | bf16_mfu: 47.17 | epoch: 1 | total time: 150.08m | eta: 139.1m
step 02267/04357 (52.03%) | loss: 2.818754 | lrm: 0.96 | dt: 3997.86ms | tok/sec: 262,284 | bf16_mfu: 47.18 | epoch: 1 | total time: 150.15m | eta: 139.0m
step 02268/04357 (52.05%) | loss: 2.810466 | lrm: 0.96 | dt: 3994.36ms | tok/sec: 262,513 | bf16_mfu: 47.22 | epoch: 1 | total time: 150.21m | eta: 139.0m
step 02269/04357 (52.08%) | loss: 2.799252 | lrm: 0.96 | dt: 3991.52ms | tok/sec: 262,700 | bf16_mfu: 47.26 | epoch: 1 | total time: 150.28m | eta: 138.9m
step 02270/04357 (52.10%) | loss: 2.795144 | lrm: 0.96 | dt: 3993.31ms | tok/sec: 262,582 | bf16_mfu: 47.24 | epoch: 1 | total time: 150.35m | eta: 138.8m
step 02271/04357 (52.12%) | loss: 2.808700 | lrm: 0.96 | dt: 3993.91ms | tok/sec: 262,543 | bf16_mfu: 47.23 | epoch: 1 | total time: 150.41m | eta: 138.8m
step 02272/04357 (52.15%) | loss: 2.818151 | lrm: 0.96 | dt: 3992.41ms | tok/sec: 262,642 | bf16_mfu: 47.25 | epoch: 1 | total time: 150.48m | eta: 138.7m
step 02273/04357 (52.17%) | loss: 2.809310 | lrm: 0.96 | dt: 3990.84ms | tok/sec: 262,745 | bf16_mfu: 47.27 | epoch: 1 | total time: 150.55m | eta: 138.6m
step 02274/04357 (52.19%) | loss: 2.807350 | lrm: 0.96 | dt: 3990.78ms | tok/sec: 262,749 | bf16_mfu: 47.27 | epoch: 1 | total time: 150.61m | eta: 138.6m
step 02275/04357 (52.21%) | loss: 2.816042 | lrm: 0.96 | dt: 3994.63ms | tok/sec: 262,496 | bf16_mfu: 47.22 | epoch: 1 | total time: 150.68m | eta: 138.5m
step 02276/04357 (52.24%) | loss: 2.829025 | lrm: 0.96 | dt: 3992.90ms | tok/sec: 262,610 | bf16_mfu: 47.24 | epoch: 1 | total time: 150.75m | eta: 138.4m
step 02277/04357 (52.26%) | loss: 2.840256 | lrm: 0.96 | dt: 3994.04ms | tok/sec: 262,534 | bf16_mfu: 47.23 | epoch: 1 | total time: 150.81m | eta: 138.4m
step 02278/04357 (52.28%) | loss: 2.838331 | lrm: 0.95 | dt: 3988.95ms | tok/sec: 262,870 | bf16_mfu: 47.29 | epoch: 1 | total time: 150.88m | eta: 138.3m
step 02279/04357 (52.31%) | loss: 2.838480 | lrm: 0.95 | dt: 3996.03ms | tok/sec: 262,404 | bf16_mfu: 47.20 | epoch: 1 | total time: 150.95m | eta: 138.2m
step 02280/04357 (52.33%) | loss: 2.842950 | lrm: 0.95 | dt: 3991.78ms | tok/sec: 262,684 | bf16_mfu: 47.25 | epoch: 1 | total time: 151.01m | eta: 138.2m
step 02281/04357 (52.35%) | loss: 2.843439 | lrm: 0.95 | dt: 3998.76ms | tok/sec: 262,225 | bf16_mfu: 47.17 | epoch: 1 | total time: 151.08m | eta: 138.1m
step 02282/04357 (52.38%) | loss: 2.830844 | lrm: 0.95 | dt: 3997.67ms | tok/sec: 262,297 | bf16_mfu: 47.19 | epoch: 1 | total time: 151.15m | eta: 138.0m
step 02283/04357 (52.40%) | loss: 2.836060 | lrm: 0.95 | dt: 3995.22ms | tok/sec: 262,457 | bf16_mfu: 47.21 | epoch: 1 | total time: 151.21m | eta: 138.0m
step 02284/04357 (52.42%) | loss: 2.830554 | lrm: 0.95 | dt: 3990.69ms | tok/sec: 262,755 | bf16_mfu: 47.27 | epoch: 1 | total time: 151.28m | eta: 137.9m
step 02285/04357 (52.44%) | loss: 2.831041 | lrm: 0.95 | dt: 3994.53ms | tok/sec: 262,503 | bf16_mfu: 47.22 | epoch: 1 | total time: 151.34m | eta: 137.8m
step 02286/04357 (52.47%) | loss: 2.836845 | lrm: 0.95 | dt: 4005.51ms | tok/sec: 261,783 | bf16_mfu: 47.09 | epoch: 1 | total time: 151.41m | eta: 137.8m
step 02287/04357 (52.49%) | loss: 2.834111 | lrm: 0.95 | dt: 3996.70ms | tok/sec: 262,360 | bf16_mfu: 47.20 | epoch: 1 | total time: 151.48m | eta: 137.7m
step 02288/04357 (52.51%) | loss: 2.840317 | lrm: 0.95 | dt: 3994.10ms | tok/sec: 262,530 | bf16_mfu: 47.23 | epoch: 1 | total time: 151.54m | eta: 137.6m
step 02289/04357 (52.54%) | loss: 2.849747 | lrm: 0.95 | dt: 3988.98ms | tok/sec: 262,868 | bf16_mfu: 47.29 | epoch: 1 | total time: 151.61m | eta: 137.6m
step 02290/04357 (52.56%) | loss: 2.840256 | lrm: 0.95 | dt: 3991.05ms | tok/sec: 262,732 | bf16_mfu: 47.26 | epoch: 1 | total time: 151.68m | eta: 137.5m
step 02291/04357 (52.58%) | loss: 2.838366 | lrm: 0.95 | dt: 3993.85ms | tok/sec: 262,547 | bf16_mfu: 47.23 | epoch: 1 | total time: 151.74m | eta: 137.4m
step 02292/04357 (52.61%) | loss: 2.834149 | lrm: 0.95 | dt: 3990.44ms | tok/sec: 262,771 | bf16_mfu: 47.27 | epoch: 1 | total time: 151.81m | eta: 137.4m
step 02293/04357 (52.63%) | loss: 2.845346 | lrm: 0.95 | dt: 3990.65ms | tok/sec: 262,758 | bf16_mfu: 47.27 | epoch: 1 | total time: 151.88m | eta: 137.3m
step 02294/04357 (52.65%) | loss: 2.847064 | lrm: 0.95 | dt: 3994.10ms | tok/sec: 262,531 | bf16_mfu: 47.23 | epoch: 1 | total time: 151.94m | eta: 137.2m
step 02295/04357 (52.67%) | loss: 2.848110 | lrm: 0.95 | dt: 4004.30ms | tok/sec: 261,862 | bf16_mfu: 47.11 | epoch: 1 | total time: 152.01m | eta: 137.2m
step 02296/04357 (52.70%) | loss: 2.855824 | lrm: 0.95 | dt: 4009.14ms | tok/sec: 261,546 | bf16_mfu: 47.05 | epoch: 1 | total time: 152.08m | eta: 137.1m
step 02297/04357 (52.72%) | loss: 2.848214 | lrm: 0.95 | dt: 3995.95ms | tok/sec: 262,409 | bf16_mfu: 47.21 | epoch: 1 | total time: 152.14m | eta: 137.0m
step 02298/04357 (52.74%) | loss: 2.856904 | lrm: 0.95 | dt: 4005.45ms | tok/sec: 261,787 | bf16_mfu: 47.09 | epoch: 1 | total time: 152.21m | eta: 137.0m
step 02299/04357 (52.77%) | loss: 2.852364 | lrm: 0.94 | dt: 3995.45ms | tok/sec: 262,442 | bf16_mfu: 47.21 | epoch: 1 | total time: 152.28m | eta: 136.9m
step 02300/04357 (52.79%) | loss: 2.845514 | lrm: 0.94 | dt: 3992.91ms | tok/sec: 262,609 | bf16_mfu: 47.24 | epoch: 1 | total time: 152.34m | eta: 136.8m
step 02301/04357 (52.81%) | loss: 2.833442 | lrm: 0.94 | dt: 3997.85ms | tok/sec: 262,285 | bf16_mfu: 47.18 | epoch: 1 | total time: 152.41m | eta: 136.8m
step 02302/04357 (52.83%) | loss: 2.831686 | lrm: 0.94 | dt: 4005.21ms | tok/sec: 261,803 | bf16_mfu: 47.10 | epoch: 1 | total time: 152.48m | eta: 136.7m
step 02303/04357 (52.86%) | loss: 2.823244 | lrm: 0.94 | dt: 3994.68ms | tok/sec: 262,493 | bf16_mfu: 47.22 | epoch: 1 | total time: 152.54m | eta: 136.6m
step 02304/04357 (52.88%) | loss: 2.815333 | lrm: 0.94 | dt: 3993.44ms | tok/sec: 262,574 | bf16_mfu: 47.23 | epoch: 1 | total time: 152.61m | eta: 136.6m
step 02305/04357 (52.90%) | loss: 2.813496 | lrm: 0.94 | dt: 3995.75ms | tok/sec: 262,423 | bf16_mfu: 47.21 | epoch: 1 | total time: 152.68m | eta: 136.5m
step 02306/04357 (52.93%) | loss: 2.818455 | lrm: 0.94 | dt: 3994.90ms | tok/sec: 262,478 | bf16_mfu: 47.22 | epoch: 1 | total time: 152.74m | eta: 136.4m
step 02307/04357 (52.95%) | loss: 2.815759 | lrm: 0.94 | dt: 4008.28ms | tok/sec: 261,602 | bf16_mfu: 47.06 | epoch: 1 | total time: 152.81m | eta: 136.4m
step 02308/04357 (52.97%) | loss: 2.808488 | lrm: 0.94 | dt: 3992.26ms | tok/sec: 262,651 | bf16_mfu: 47.25 | epoch: 1 | total time: 152.88m | eta: 136.3m
step 02309/04357 (53.00%) | loss: 2.814934 | lrm: 0.94 | dt: 3995.44ms | tok/sec: 262,443 | bf16_mfu: 47.21 | epoch: 1 | total time: 152.94m | eta: 136.2m
step 02310/04357 (53.02%) | loss: 2.807353 | lrm: 0.94 | dt: 3992.22ms | tok/sec: 262,654 | bf16_mfu: 47.25 | epoch: 1 | total time: 153.01m | eta: 136.2m
step 02311/04357 (53.04%) | loss: 2.812174 | lrm: 0.94 | dt: 4002.67ms | tok/sec: 261,969 | bf16_mfu: 47.13 | epoch: 1 | total time: 153.08m | eta: 136.1m
step 02312/04357 (53.06%) | loss: 2.817066 | lrm: 0.94 | dt: 3998.37ms | tok/sec: 262,250 | bf16_mfu: 47.18 | epoch: 1 | total time: 153.14m | eta: 136.0m
step 02313/04357 (53.09%) | loss: 2.822100 | lrm: 0.94 | dt: 4000.75ms | tok/sec: 262,095 | bf16_mfu: 47.15 | epoch: 1 | total time: 153.21m | eta: 136.0m
step 02314/04357 (53.11%) | loss: 2.818109 | lrm: 0.94 | dt: 3994.72ms | tok/sec: 262,490 | bf16_mfu: 47.22 | epoch: 1 | total time: 153.28m | eta: 135.9m
step 02315/04357 (53.13%) | loss: 2.830982 | lrm: 0.94 | dt: 3995.14ms | tok/sec: 262,462 | bf16_mfu: 47.21 | epoch: 1 | total time: 153.34m | eta: 135.8m
step 02316/04357 (53.16%) | loss: 2.831110 | lrm: 0.94 | dt: 3991.33ms | tok/sec: 262,713 | bf16_mfu: 47.26 | epoch: 1 | total time: 153.41m | eta: 135.8m
step 02317/04357 (53.18%) | loss: 2.822914 | lrm: 0.94 | dt: 3994.37ms | tok/sec: 262,513 | bf16_mfu: 47.22 | epoch: 1 | total time: 153.48m | eta: 135.7m
step 02318/04357 (53.20%) | loss: 2.819024 | lrm: 0.94 | dt: 4004.43ms | tok/sec: 261,853 | bf16_mfu: 47.11 | epoch: 1 | total time: 153.54m | eta: 135.6m
step 02319/04357 (53.22%) | loss: 2.815137 | lrm: 0.94 | dt: 3997.88ms | tok/sec: 262,282 | bf16_mfu: 47.18 | epoch: 1 | total time: 153.61m | eta: 135.6m
step 02320/04357 (53.25%) | loss: 2.818190 | lrm: 0.94 | dt: 3994.83ms | tok/sec: 262,482 | bf16_mfu: 47.22 | epoch: 1 | total time: 153.68m | eta: 135.5m
step 02321/04357 (53.27%) | loss: 2.799224 | lrm: 0.93 | dt: 3990.50ms | tok/sec: 262,767 | bf16_mfu: 47.27 | epoch: 1 | total time: 153.74m | eta: 135.4m
step 02322/04357 (53.29%) | loss: 2.799065 | lrm: 0.93 | dt: 3993.63ms | tok/sec: 262,562 | bf16_mfu: 47.23 | epoch: 1 | total time: 153.81m | eta: 135.4m
step 02323/04357 (53.32%) | loss: 2.797181 | lrm: 0.93 | dt: 4003.71ms | tok/sec: 261,901 | bf16_mfu: 47.11 | epoch: 1 | total time: 153.88m | eta: 135.3m
step 02324/04357 (53.34%) | loss: 2.792936 | lrm: 0.93 | dt: 3991.79ms | tok/sec: 262,683 | bf16_mfu: 47.25 | epoch: 1 | total time: 153.94m | eta: 135.2m
step 02325/04357 (53.36%) | loss: 2.797917 | lrm: 0.93 | dt: 3994.19ms | tok/sec: 262,525 | bf16_mfu: 47.23 | epoch: 1 | total time: 154.01m | eta: 135.2m
step 02326/04357 (53.39%) | loss: 2.801741 | lrm: 0.93 | dt: 3987.12ms | tok/sec: 262,990 | bf16_mfu: 47.31 | epoch: 1 | total time: 154.08m | eta: 135.1m
step 02327/04357 (53.41%) | loss: 2.810297 | lrm: 0.93 | dt: 4003.75ms | tok/sec: 261,898 | bf16_mfu: 47.11 | epoch: 1 | total time: 154.14m | eta: 135.0m
step 02328/04357 (53.43%) | loss: 2.811419 | lrm: 0.93 | dt: 3996.42ms | tok/sec: 262,378 | bf16_mfu: 47.20 | epoch: 1 | total time: 154.21m | eta: 135.0m
step 02329/04357 (53.45%) | loss: 2.812479 | lrm: 0.93 | dt: 3999.64ms | tok/sec: 262,167 | bf16_mfu: 47.16 | epoch: 1 | total time: 154.28m | eta: 134.9m
step 02330/04357 (53.48%) | loss: 2.805820 | lrm: 0.93 | dt: 4007.96ms | tok/sec: 261,623 | bf16_mfu: 47.06 | epoch: 1 | total time: 154.34m | eta: 134.9m
step 02331/04357 (53.50%) | loss: 2.799854 | lrm: 0.93 | dt: 3991.67ms | tok/sec: 262,690 | bf16_mfu: 47.26 | epoch: 1 | total time: 154.41m | eta: 134.8m
step 02332/04357 (53.52%) | loss: 2.815261 | lrm: 0.93 | dt: 3999.73ms | tok/sec: 262,161 | bf16_mfu: 47.16 | epoch: 1 | total time: 154.48m | eta: 134.7m
step 02333/04357 (53.55%) | loss: 2.809737 | lrm: 0.93 | dt: 4003.34ms | tok/sec: 261,924 | bf16_mfu: 47.12 | epoch: 1 | total time: 154.54m | eta: 134.7m
step 02334/04357 (53.57%) | loss: 2.815895 | lrm: 0.93 | dt: 3989.38ms | tok/sec: 262,841 | bf16_mfu: 47.28 | epoch: 1 | total time: 154.61m | eta: 134.6m
step 02335/04357 (53.59%) | loss: 2.821160 | lrm: 0.93 | dt: 3995.68ms | tok/sec: 262,427 | bf16_mfu: 47.21 | epoch: 1 | total time: 154.68m | eta: 134.5m
step 02336/04357 (53.61%) | loss: 2.813028 | lrm: 0.93 | dt: 4003.28ms | tok/sec: 261,928 | bf16_mfu: 47.12 | epoch: 1 | total time: 154.74m | eta: 134.5m
step 02337/04357 (53.64%) | loss: 2.821541 | lrm: 0.93 | dt: 3996.84ms | tok/sec: 262,351 | bf16_mfu: 47.19 | epoch: 1 | total time: 154.81m | eta: 134.4m
step 02338/04357 (53.66%) | loss: 2.827113 | lrm: 0.93 | dt: 3993.41ms | tok/sec: 262,576 | bf16_mfu: 47.24 | epoch: 1 | total time: 154.88m | eta: 134.3m
step 02339/04357 (53.68%) | loss: 2.823318 | lrm: 0.93 | dt: 3991.47ms | tok/sec: 262,704 | bf16_mfu: 47.26 | epoch: 1 | total time: 154.94m | eta: 134.3m
step 02340/04357 (53.71%) | loss: 2.825031 | lrm: 0.93 | dt: 3998.42ms | tok/sec: 262,247 | bf16_mfu: 47.18 | epoch: 1 | total time: 155.01m | eta: 134.2m
step 02341/04357 (53.73%) | loss: 2.830225 | lrm: 0.93 | dt: 4002.90ms | tok/sec: 261,953 | bf16_mfu: 47.12 | epoch: 1 | total time: 155.08m | eta: 134.1m
step 02342/04357 (53.75%) | loss: 2.831082 | lrm: 0.93 | dt: 4007.25ms | tok/sec: 261,669 | bf16_mfu: 47.07 | epoch: 1 | total time: 155.14m | eta: 134.1m
step 02343/04357 (53.78%) | loss: 2.828079 | lrm: 0.92 | dt: 3991.53ms | tok/sec: 262,700 | bf16_mfu: 47.26 | epoch: 1 | total time: 155.21m | eta: 134.0m
step 02344/04357 (53.80%) | loss: 2.834494 | lrm: 0.92 | dt: 4004.17ms | tok/sec: 261,870 | bf16_mfu: 47.11 | epoch: 1 | total time: 155.28m | eta: 133.9m
step 02345/04357 (53.82%) | loss: 2.824834 | lrm: 0.92 | dt: 3996.38ms | tok/sec: 262,381 | bf16_mfu: 47.20 | epoch: 1 | total time: 155.34m | eta: 133.9m
step 02346/04357 (53.84%) | loss: 2.817712 | lrm: 0.92 | dt: 3998.82ms | tok/sec: 262,221 | bf16_mfu: 47.17 | epoch: 1 | total time: 155.41m | eta: 133.8m
step 02347/04357 (53.87%) | loss: 2.805976 | lrm: 0.92 | dt: 4005.64ms | tok/sec: 261,775 | bf16_mfu: 47.09 | epoch: 1 | total time: 155.48m | eta: 133.7m
step 02348/04357 (53.89%) | loss: 2.815795 | lrm: 0.92 | dt: 3994.93ms | tok/sec: 262,476 | bf16_mfu: 47.22 | epoch: 1 | total time: 155.54m | eta: 133.7m
step 02349/04357 (53.91%) | loss: 2.809334 | lrm: 0.92 | dt: 3990.81ms | tok/sec: 262,747 | bf16_mfu: 47.27 | epoch: 1 | total time: 155.61m | eta: 133.6m
step 02350/04357 (53.94%) | loss: 2.806393 | lrm: 0.92 | dt: 3992.92ms | tok/sec: 262,608 | bf16_mfu: 47.24 | epoch: 1 | total time: 155.68m | eta: 133.5m
step 02351/04357 (53.96%) | loss: 2.795732 | lrm: 0.92 | dt: 3993.34ms | tok/sec: 262,580 | bf16_mfu: 47.24 | epoch: 1 | total time: 155.74m | eta: 133.5m
step 02352/04357 (53.98%) | loss: 2.790789 | lrm: 0.92 | dt: 4004.17ms | tok/sec: 261,870 | bf16_mfu: 47.11 | epoch: 1 | total time: 155.81m | eta: 133.4m
step 02353/04357 (54.01%) | loss: 2.794836 | lrm: 0.92 | dt: 3996.22ms | tok/sec: 262,392 | bf16_mfu: 47.20 | epoch: 1 | total time: 155.88m | eta: 133.3m
step 02354/04357 (54.03%) | loss: 2.798654 | lrm: 0.92 | dt: 3996.04ms | tok/sec: 262,403 | bf16_mfu: 47.20 | epoch: 1 | total time: 155.94m | eta: 133.3m
step 02355/04357 (54.05%) | loss: 2.800388 | lrm: 0.92 | dt: 3993.94ms | tok/sec: 262,541 | bf16_mfu: 47.23 | epoch: 1 | total time: 156.01m | eta: 133.2m
step 02356/04357 (54.07%) | loss: 2.800711 | lrm: 0.92 | dt: 4010.89ms | tok/sec: 261,432 | bf16_mfu: 47.03 | epoch: 1 | total time: 156.08m | eta: 133.1m
step 02357/04357 (54.10%) | loss: 2.800299 | lrm: 0.92 | dt: 4011.71ms | tok/sec: 261,378 | bf16_mfu: 47.02 | epoch: 1 | total time: 156.14m | eta: 133.1m
step 02358/04357 (54.12%) | loss: 2.791722 | lrm: 0.92 | dt: 4006.35ms | tok/sec: 261,728 | bf16_mfu: 47.08 | epoch: 1 | total time: 156.21m | eta: 133.0m
step 02359/04357 (54.14%) | loss: 2.784682 | lrm: 0.92 | dt: 3992.93ms | tok/sec: 262,608 | bf16_mfu: 47.24 | epoch: 1 | total time: 156.28m | eta: 132.9m
step 02360/04357 (54.17%) | loss: 2.787485 | lrm: 0.92 | dt: 4004.61ms | tok/sec: 261,842 | bf16_mfu: 47.10 | epoch: 1 | total time: 156.34m | eta: 132.9m
step 02361/04357 (54.19%) | loss: 2.781817 | lrm: 0.92 | dt: 3994.72ms | tok/sec: 262,490 | bf16_mfu: 47.22 | epoch: 1 | total time: 156.41m | eta: 132.8m
step 02362/04357 (54.21%) | loss: 2.793844 | lrm: 0.92 | dt: 4002.93ms | tok/sec: 261,952 | bf16_mfu: 47.12 | epoch: 1 | total time: 156.48m | eta: 132.7m
step 02363/04357 (54.23%) | loss: 2.801565 | lrm: 0.92 | dt: 3996.08ms | tok/sec: 262,401 | bf16_mfu: 47.20 | epoch: 1 | total time: 156.54m | eta: 132.7m
step 02364/04357 (54.26%) | loss: 2.799732 | lrm: 0.92 | dt: 3994.08ms | tok/sec: 262,532 | bf16_mfu: 47.23 | epoch: 1 | total time: 156.61m | eta: 132.6m
step 02365/04357 (54.28%) | loss: 2.794510 | lrm: 0.91 | dt: 3994.04ms | tok/sec: 262,535 | bf16_mfu: 47.23 | epoch: 1 | total time: 156.68m | eta: 132.5m
step 02366/04357 (54.30%) | loss: 2.793891 | lrm: 0.91 | dt: 3994.33ms | tok/sec: 262,516 | bf16_mfu: 47.22 | epoch: 1 | total time: 156.74m | eta: 132.5m
step 02367/04357 (54.33%) | loss: 2.801276 | lrm: 0.91 | dt: 4006.01ms | tok/sec: 261,750 | bf16_mfu: 47.09 | epoch: 1 | total time: 156.81m | eta: 132.4m
step 02368/04357 (54.35%) | loss: 2.804828 | lrm: 0.91 | dt: 3991.13ms | tok/sec: 262,726 | bf16_mfu: 47.26 | epoch: 1 | total time: 156.87m | eta: 132.3m
step 02369/04357 (54.37%) | loss: 2.818404 | lrm: 0.91 | dt: 3994.75ms | tok/sec: 262,488 | bf16_mfu: 47.22 | epoch: 1 | total time: 156.94m | eta: 132.3m
step 02370/04357 (54.40%) | loss: 2.803565 | lrm: 0.91 | dt: 3994.69ms | tok/sec: 262,492 | bf16_mfu: 47.22 | epoch: 1 | total time: 157.01m | eta: 132.2m
step 02371/04357 (54.42%) | loss: 2.810071 | lrm: 0.91 | dt: 3988.15ms | tok/sec: 262,922 | bf16_mfu: 47.30 | epoch: 1 | total time: 157.07m | eta: 132.1m
step 02372/04357 (54.44%) | loss: 2.812233 | lrm: 0.91 | dt: 3992.74ms | tok/sec: 262,620 | bf16_mfu: 47.24 | epoch: 1 | total time: 157.14m | eta: 132.1m
step 02373/04357 (54.46%) | loss: 2.805037 | lrm: 0.91 | dt: 4009.41ms | tok/sec: 261,528 | bf16_mfu: 47.05 | epoch: 1 | total time: 157.21m | eta: 132.0m
step 02374/04357 (54.49%) | loss: 2.805084 | lrm: 0.91 | dt: 3993.45ms | tok/sec: 262,573 | bf16_mfu: 47.23 | epoch: 1 | total time: 157.27m | eta: 131.9m
step 02375/04357 (54.51%) | loss: 2.807500 | lrm: 0.91 | dt: 4005.88ms | tok/sec: 261,759 | bf16_mfu: 47.09 | epoch: 1 | total time: 157.34m | eta: 131.9m
step 02376/04357 (54.53%) | loss: 2.813519 | lrm: 0.91 | dt: 4006.27ms | tok/sec: 261,734 | bf16_mfu: 47.08 | epoch: 1 | total time: 157.41m | eta: 131.8m
step 02377/04357 (54.56%) | loss: 2.803520 | lrm: 0.91 | dt: 3995.41ms | tok/sec: 262,444 | bf16_mfu: 47.21 | epoch: 1 | total time: 157.47m | eta: 131.7m
step 02378/04357 (54.58%) | loss: 2.805977 | lrm: 0.91 | dt: 3995.19ms | tok/sec: 262,459 | bf16_mfu: 47.21 | epoch: 1 | total time: 157.54m | eta: 131.7m
step 02379/04357 (54.60%) | loss: 2.808338 | lrm: 0.91 | dt: 3995.13ms | tok/sec: 262,463 | bf16_mfu: 47.21 | epoch: 1 | total time: 157.61m | eta: 131.6m
step 02380/04357 (54.62%) | loss: 2.807970 | lrm: 0.91 | dt: 4001.17ms | tok/sec: 262,067 | bf16_mfu: 47.14 | epoch: 1 | total time: 157.67m | eta: 131.5m
step 02381/04357 (54.65%) | loss: 2.814154 | lrm: 0.91 | dt: 4002.49ms | tok/sec: 261,980 | bf16_mfu: 47.13 | epoch: 1 | total time: 157.74m | eta: 131.5m
step 02382/04357 (54.67%) | loss: 2.810888 | lrm: 0.91 | dt: 4007.50ms | tok/sec: 261,653 | bf16_mfu: 47.07 | epoch: 1 | total time: 157.81m | eta: 131.4m
step 02383/04357 (54.69%) | loss: 2.815328 | lrm: 0.91 | dt: 3997.49ms | tok/sec: 262,308 | bf16_mfu: 47.19 | epoch: 1 | total time: 157.87m | eta: 131.3m
step 02384/04357 (54.72%) | loss: 2.803819 | lrm: 0.91 | dt: 3989.94ms | tok/sec: 262,805 | bf16_mfu: 47.28 | epoch: 1 | total time: 157.94m | eta: 131.3m
step 02385/04357 (54.74%) | loss: 2.815078 | lrm: 0.91 | dt: 3994.42ms | tok/sec: 262,509 | bf16_mfu: 47.22 | epoch: 1 | total time: 158.01m | eta: 131.2m
step 02386/04357 (54.76%) | loss: 2.822087 | lrm: 0.90 | dt: 4000.01ms | tok/sec: 262,143 | bf16_mfu: 47.16 | epoch: 1 | total time: 158.07m | eta: 131.1m
step 02387/04357 (54.79%) | loss: 2.822651 | lrm: 0.90 | dt: 3994.78ms | tok/sec: 262,486 | bf16_mfu: 47.22 | epoch: 1 | total time: 158.14m | eta: 131.1m
step 02388/04357 (54.81%) | loss: 2.813086 | lrm: 0.90 | dt: 4005.33ms | tok/sec: 261,795 | bf16_mfu: 47.09 | epoch: 1 | total time: 158.21m | eta: 131.0m
step 02389/04357 (54.83%) | loss: 2.806000 | lrm: 0.90 | dt: 3991.73ms | tok/sec: 262,687 | bf16_mfu: 47.26 | epoch: 1 | total time: 158.27m | eta: 130.9m
step 02390/04357 (54.85%) | loss: 2.797463 | lrm: 0.90 | dt: 3991.85ms | tok/sec: 262,678 | bf16_mfu: 47.25 | epoch: 1 | total time: 158.34m | eta: 130.9m
step 02391/04357 (54.88%) | loss: 2.798523 | lrm: 0.90 | dt: 3994.20ms | tok/sec: 262,524 | bf16_mfu: 47.23 | epoch: 1 | total time: 158.41m | eta: 130.8m
step 02392/04357 (54.90%) | loss: 2.803900 | lrm: 0.90 | dt: 3992.63ms | tok/sec: 262,627 | bf16_mfu: 47.24 | epoch: 1 | total time: 158.47m | eta: 130.7m
step 02393/04357 (54.92%) | loss: 2.796471 | lrm: 0.90 | dt: 3993.53ms | tok/sec: 262,569 | bf16_mfu: 47.23 | epoch: 1 | total time: 158.54m | eta: 130.7m
step 02394/04357 (54.95%) | loss: 2.794259 | lrm: 0.90 | dt: 3993.74ms | tok/sec: 262,554 | bf16_mfu: 47.23 | epoch: 1 | total time: 158.61m | eta: 130.6m
step 02395/04357 (54.97%) | loss: 2.775133 | lrm: 0.90 | dt: 4006.15ms | tok/sec: 261,741 | bf16_mfu: 47.09 | epoch: 1 | total time: 158.67m | eta: 130.5m
step 02396/04357 (54.99%) | loss: 2.772724 | lrm: 0.90 | dt: 3995.45ms | tok/sec: 262,442 | bf16_mfu: 47.21 | epoch: 1 | total time: 158.74m | eta: 130.5m
step 02397/04357 (55.01%) | loss: 2.772284 | lrm: 0.90 | dt: 3994.70ms | tok/sec: 262,491 | bf16_mfu: 47.22 | epoch: 1 | total time: 158.81m | eta: 130.4m
step 02398/04357 (55.04%) | loss: 2.764353 | lrm: 0.90 | dt: 3992.96ms | tok/sec: 262,606 | bf16_mfu: 47.24 | epoch: 1 | total time: 158.87m | eta: 130.3m
step 02399/04357 (55.06%) | loss: 2.764619 | lrm: 0.90 | dt: 3993.35ms | tok/sec: 262,580 | bf16_mfu: 47.24 | epoch: 1 | total time: 158.94m | eta: 130.3m
step 02400/04357 (55.08%) | loss: 2.762897 | lrm: 0.90 | dt: 4008.14ms | tok/sec: 261,611 | bf16_mfu: 47.06 | epoch: 1 | total time: 159.01m | eta: 130.2m
step 02401/04357 (55.11%) | loss: 2.771780 | lrm: 0.90 | dt: 3991.77ms | tok/sec: 262,684 | bf16_mfu: 47.25 | epoch: 1 | total time: 159.07m | eta: 130.1m
step 02402/04357 (55.13%) | loss: 2.771638 | lrm: 0.90 | dt: 4007.38ms | tok/sec: 261,661 | bf16_mfu: 47.07 | epoch: 1 | total time: 159.14m | eta: 130.1m
step 02403/04357 (55.15%) | loss: 2.772538 | lrm: 0.90 | dt: 3998.06ms | tok/sec: 262,270 | bf16_mfu: 47.18 | epoch: 1 | total time: 159.21m | eta: 130.0m
step 02404/04357 (55.18%) | loss: 2.761673 | lrm: 0.90 | dt: 3988.63ms | tok/sec: 262,891 | bf16_mfu: 47.29 | epoch: 1 | total time: 159.27m | eta: 129.9m
step 02405/04357 (55.20%) | loss: 2.763411 | lrm: 0.90 | dt: 3993.72ms | tok/sec: 262,555 | bf16_mfu: 47.23 | epoch: 1 | total time: 159.34m | eta: 129.9m
step 02406/04357 (55.22%) | loss: 2.773429 | lrm: 0.90 | dt: 4004.41ms | tok/sec: 261,855 | bf16_mfu: 47.11 | epoch: 1 | total time: 159.41m | eta: 129.8m
step 02407/04357 (55.24%) | loss: 2.782655 | lrm: 0.90 | dt: 3997.96ms | tok/sec: 262,277 | bf16_mfu: 47.18 | epoch: 1 | total time: 159.47m | eta: 129.7m
step 02408/04357 (55.27%) | loss: 2.775985 | lrm: 0.89 | dt: 3992.99ms | tok/sec: 262,604 | bf16_mfu: 47.24 | epoch: 1 | total time: 159.54m | eta: 129.7m
step 02409/04357 (55.29%) | loss: 2.783058 | lrm: 0.89 | dt: 3994.00ms | tok/sec: 262,537 | bf16_mfu: 47.23 | epoch: 1 | total time: 159.61m | eta: 129.6m
step 02410/04357 (55.31%) | loss: 2.783972 | lrm: 0.89 | dt: 4009.64ms | tok/sec: 261,513 | bf16_mfu: 47.04 | epoch: 1 | total time: 159.67m | eta: 129.5m
step 02411/04357 (55.34%) | loss: 2.782750 | lrm: 0.89 | dt: 3994.63ms | tok/sec: 262,496 | bf16_mfu: 47.22 | epoch: 1 | total time: 159.74m | eta: 129.5m
step 02412/04357 (55.36%) | loss: 2.777365 | lrm: 0.89 | dt: 4005.63ms | tok/sec: 261,775 | bf16_mfu: 47.09 | epoch: 1 | total time: 159.81m | eta: 129.4m
step 02413/04357 (55.38%) | loss: 2.765401 | lrm: 0.89 | dt: 3995.81ms | tok/sec: 262,419 | bf16_mfu: 47.21 | epoch: 1 | total time: 159.87m | eta: 129.3m
step 02414/04357 (55.41%) | loss: 2.766147 | lrm: 0.89 | dt: 3993.23ms | tok/sec: 262,588 | bf16_mfu: 47.24 | epoch: 1 | total time: 159.94m | eta: 129.3m
step 02415/04357 (55.43%) | loss: 2.770106 | lrm: 0.89 | dt: 3995.91ms | tok/sec: 262,412 | bf16_mfu: 47.21 | epoch: 1 | total time: 160.01m | eta: 129.2m
step 02416/04357 (55.45%) | loss: 2.776474 | lrm: 0.89 | dt: 4004.96ms | tok/sec: 261,819 | bf16_mfu: 47.10 | epoch: 1 | total time: 160.07m | eta: 129.1m
step 02417/04357 (55.47%) | loss: 2.783045 | lrm: 0.89 | dt: 3993.68ms | tok/sec: 262,558 | bf16_mfu: 47.23 | epoch: 1 | total time: 160.14m | eta: 129.1m
step 02418/04357 (55.50%) | loss: 2.791449 | lrm: 0.89 | dt: 4006.68ms | tok/sec: 261,706 | bf16_mfu: 47.08 | epoch: 1 | total time: 160.21m | eta: 129.0m
step 02419/04357 (55.52%) | loss: 2.792048 | lrm: 0.89 | dt: 3994.26ms | tok/sec: 262,520 | bf16_mfu: 47.23 | epoch: 1 | total time: 160.27m | eta: 128.9m
step 02420/04357 (55.54%) | loss: 2.797667 | lrm: 0.89 | dt: 4009.57ms | tok/sec: 261,518 | bf16_mfu: 47.04 | epoch: 1 | total time: 160.34m | eta: 128.9m
step 02421/04357 (55.57%) | loss: 2.793810 | lrm: 0.89 | dt: 3995.19ms | tok/sec: 262,459 | bf16_mfu: 47.21 | epoch: 1 | total time: 160.41m | eta: 128.8m
step 02422/04357 (55.59%) | loss: 2.800030 | lrm: 0.89 | dt: 4005.42ms | tok/sec: 261,789 | bf16_mfu: 47.09 | epoch: 1 | total time: 160.47m | eta: 128.7m
step 02423/04357 (55.61%) | loss: 2.806154 | lrm: 0.89 | dt: 3996.62ms | tok/sec: 262,365 | bf16_mfu: 47.20 | epoch: 1 | total time: 160.54m | eta: 128.7m
step 02424/04357 (55.63%) | loss: 2.805080 | lrm: 0.89 | dt: 4008.65ms | tok/sec: 261,578 | bf16_mfu: 47.06 | epoch: 1 | total time: 160.61m | eta: 128.6m
step 02425/04357 (55.66%) | loss: 2.822321 | lrm: 0.89 | dt: 3995.03ms | tok/sec: 262,470 | bf16_mfu: 47.22 | epoch: 1 | total time: 160.67m | eta: 128.5m
step 02426/04357 (55.68%) | loss: 2.825254 | lrm: 0.89 | dt: 3996.55ms | tok/sec: 262,370 | bf16_mfu: 47.20 | epoch: 1 | total time: 160.74m | eta: 128.5m
step 02427/04357 (55.70%) | loss: 2.816033 | lrm: 0.89 | dt: 3995.83ms | tok/sec: 262,417 | bf16_mfu: 47.21 | epoch: 1 | total time: 160.81m | eta: 128.4m
step 02428/04357 (55.73%) | loss: 2.802694 | lrm: 0.89 | dt: 3985.83ms | tok/sec: 263,075 | bf16_mfu: 47.33 | epoch: 1 | total time: 160.87m | eta: 128.3m
step 02429/04357 (55.75%) | loss: 2.804753 | lrm: 0.89 | dt: 3992.87ms | tok/sec: 262,611 | bf16_mfu: 47.24 | epoch: 1 | total time: 160.94m | eta: 128.3m
step 02430/04357 (55.77%) | loss: 2.804364 | lrm: 0.88 | dt: 3996.28ms | tok/sec: 262,387 | bf16_mfu: 47.20 | epoch: 1 | total time: 161.01m | eta: 128.2m
step 02431/04357 (55.80%) | loss: 2.796713 | lrm: 0.88 | dt: 4001.09ms | tok/sec: 262,072 | bf16_mfu: 47.14 | epoch: 1 | total time: 161.07m | eta: 128.1m
step 02432/04357 (55.82%) | loss: 2.791293 | lrm: 0.88 | dt: 3994.85ms | tok/sec: 262,482 | bf16_mfu: 47.22 | epoch: 1 | total time: 161.14m | eta: 128.1m
step 02433/04357 (55.84%) | loss: 2.786265 | lrm: 0.88 | dt: 3992.71ms | tok/sec: 262,622 | bf16_mfu: 47.24 | epoch: 1 | total time: 161.21m | eta: 128.0m
step 02434/04357 (55.86%) | loss: 2.792561 | lrm: 0.88 | dt: 3993.62ms | tok/sec: 262,562 | bf16_mfu: 47.23 | epoch: 1 | total time: 161.27m | eta: 127.9m
step 02435/04357 (55.89%) | loss: 2.798730 | lrm: 0.88 | dt: 3993.60ms | tok/sec: 262,563 | bf16_mfu: 47.23 | epoch: 1 | total time: 161.34m | eta: 127.9m
step 02436/04357 (55.91%) | loss: 2.786329 | lrm: 0.88 | dt: 3990.61ms | tok/sec: 262,761 | bf16_mfu: 47.27 | epoch: 1 | total time: 161.41m | eta: 127.8m
step 02437/04357 (55.93%) | loss: 2.799871 | lrm: 0.88 | dt: 4008.96ms | tok/sec: 261,558 | bf16_mfu: 47.05 | epoch: 1 | total time: 161.47m | eta: 127.7m
step 02438/04357 (55.96%) | loss: 2.801640 | lrm: 0.88 | dt: 3996.37ms | tok/sec: 262,382 | bf16_mfu: 47.20 | epoch: 1 | total time: 161.54m | eta: 127.7m
step 02439/04357 (55.98%) | loss: 2.805749 | lrm: 0.88 | dt: 3995.53ms | tok/sec: 262,437 | bf16_mfu: 47.21 | epoch: 1 | total time: 161.61m | eta: 127.6m
step 02440/04357 (56.00%) | loss: 2.804139 | lrm: 0.88 | dt: 4008.38ms | tok/sec: 261,596 | bf16_mfu: 47.06 | epoch: 1 | total time: 161.67m | eta: 127.5m
step 02441/04357 (56.02%) | loss: 2.809235 | lrm: 0.88 | dt: 3992.94ms | tok/sec: 262,607 | bf16_mfu: 47.24 | epoch: 1 | total time: 161.74m | eta: 127.5m
step 02442/04357 (56.05%) | loss: 2.801682 | lrm: 0.88 | dt: 3994.32ms | tok/sec: 262,516 | bf16_mfu: 47.22 | epoch: 1 | total time: 161.81m | eta: 127.4m
step 02443/04357 (56.07%) | loss: 2.807239 | lrm: 0.88 | dt: 4009.30ms | tok/sec: 261,535 | bf16_mfu: 47.05 | epoch: 1 | total time: 161.87m | eta: 127.3m
step 02444/04357 (56.09%) | loss: 2.810844 | lrm: 0.88 | dt: 3992.57ms | tok/sec: 262,631 | bf16_mfu: 47.25 | epoch: 1 | total time: 161.94m | eta: 127.3m
step 02445/04357 (56.12%) | loss: 2.809801 | lrm: 0.88 | dt: 3996.04ms | tok/sec: 262,403 | bf16_mfu: 47.20 | epoch: 1 | total time: 162.01m | eta: 127.2m
step 02446/04357 (56.14%) | loss: 2.821913 | lrm: 0.88 | dt: 4004.08ms | tok/sec: 261,877 | bf16_mfu: 47.11 | epoch: 1 | total time: 162.07m | eta: 127.1m
step 02447/04357 (56.16%) | loss: 2.818866 | lrm: 0.88 | dt: 3996.78ms | tok/sec: 262,355 | bf16_mfu: 47.20 | epoch: 1 | total time: 162.14m | eta: 127.1m
step 02448/04357 (56.19%) | loss: 2.810438 | lrm: 0.88 | dt: 3996.02ms | tok/sec: 262,404 | bf16_mfu: 47.20 | epoch: 1 | total time: 162.21m | eta: 127.0m
step 02449/04357 (56.21%) | loss: 2.814956 | lrm: 0.88 | dt: 4002.03ms | tok/sec: 262,010 | bf16_mfu: 47.13 | epoch: 1 | total time: 162.27m | eta: 126.9m
step 02450/04357 (56.23%) | loss: 2.822456 | lrm: 0.88 | dt: 3993.45ms | tok/sec: 262,573 | bf16_mfu: 47.23 | epoch: 1 | total time: 162.34m | eta: 126.9m
step 02451/04357 (56.25%) | loss: 2.812129 | lrm: 0.88 | dt: 3996.39ms | tok/sec: 262,380 | bf16_mfu: 47.20 | epoch: 1 | total time: 162.40m | eta: 126.8m
step 02452/04357 (56.28%) | loss: 2.813161 | lrm: 0.87 | dt: 4008.46ms | tok/sec: 261,590 | bf16_mfu: 47.06 | epoch: 1 | total time: 162.47m | eta: 126.7m
step 02453/04357 (56.30%) | loss: 2.813220 | lrm: 0.87 | dt: 3993.18ms | tok/sec: 262,591 | bf16_mfu: 47.24 | epoch: 1 | total time: 162.54m | eta: 126.7m
step 02454/04357 (56.32%) | loss: 2.813654 | lrm: 0.87 | dt: 3994.84ms | tok/sec: 262,482 | bf16_mfu: 47.22 | epoch: 1 | total time: 162.60m | eta: 126.6m
step 02455/04357 (56.35%) | loss: 2.811529 | lrm: 0.87 | dt: 3999.89ms | tok/sec: 262,151 | bf16_mfu: 47.16 | epoch: 1 | total time: 162.67m | eta: 126.5m
step 02456/04357 (56.37%) | loss: 2.817348 | lrm: 0.87 | dt: 3994.20ms | tok/sec: 262,524 | bf16_mfu: 47.23 | epoch: 1 | total time: 162.74m | eta: 126.5m
step 02457/04357 (56.39%) | loss: 2.818163 | lrm: 0.87 | dt: 3994.72ms | tok/sec: 262,490 | bf16_mfu: 47.22 | epoch: 1 | total time: 162.80m | eta: 126.4m
step 02458/04357 (56.41%) | loss: 2.815901 | lrm: 0.87 | dt: 4006.03ms | tok/sec: 261,749 | bf16_mfu: 47.09 | epoch: 1 | total time: 162.87m | eta: 126.3m
step 02459/04357 (56.44%) | loss: 2.799107 | lrm: 0.87 | dt: 3997.48ms | tok/sec: 262,309 | bf16_mfu: 47.19 | epoch: 1 | total time: 162.94m | eta: 126.3m
step 02460/04357 (56.46%) | loss: 2.811828 | lrm: 0.87 | dt: 3996.85ms | tok/sec: 262,350 | bf16_mfu: 47.19 | epoch: 1 | total time: 163.00m | eta: 126.2m
step 02461/04357 (56.48%) | loss: 2.805954 | lrm: 0.87 | dt: 4002.62ms | tok/sec: 261,972 | bf16_mfu: 47.13 | epoch: 1 | total time: 163.07m | eta: 126.1m
step 02462/04357 (56.51%) | loss: 2.798065 | lrm: 0.87 | dt: 3995.80ms | tok/sec: 262,419 | bf16_mfu: 47.21 | epoch: 1 | total time: 163.14m | eta: 126.1m
step 02463/04357 (56.53%) | loss: 2.806166 | lrm: 0.87 | dt: 3988.22ms | tok/sec: 262,918 | bf16_mfu: 47.30 | epoch: 1 | total time: 163.20m | eta: 126.0m
step 02464/04357 (56.55%) | loss: 2.789385 | lrm: 0.87 | dt: 3994.70ms | tok/sec: 262,491 | bf16_mfu: 47.22 | epoch: 1 | total time: 163.27m | eta: 125.9m
step 02465/04357 (56.58%) | loss: 2.796690 | lrm: 0.87 | dt: 4006.44ms | tok/sec: 261,722 | bf16_mfu: 47.08 | epoch: 1 | total time: 163.34m | eta: 125.9m
step 02466/04357 (56.60%) | loss: 2.792547 | lrm: 0.87 | dt: 3994.60ms | tok/sec: 262,498 | bf16_mfu: 47.22 | epoch: 1 | total time: 163.40m | eta: 125.8m
step 02467/04357 (56.62%) | loss: 2.792920 | lrm: 0.87 | dt: 3997.15ms | tok/sec: 262,331 | bf16_mfu: 47.19 | epoch: 1 | total time: 163.47m | eta: 125.7m
step 02468/04357 (56.64%) | loss: 2.802241 | lrm: 0.87 | dt: 4000.95ms | tok/sec: 262,081 | bf16_mfu: 47.15 | epoch: 1 | total time: 163.54m | eta: 125.7m
step 02469/04357 (56.67%) | loss: 2.789192 | lrm: 0.87 | dt: 4003.54ms | tok/sec: 261,912 | bf16_mfu: 47.12 | epoch: 1 | total time: 163.60m | eta: 125.6m
step 02470/04357 (56.69%) | loss: 2.787004 | lrm: 0.87 | dt: 3990.12ms | tok/sec: 262,792 | bf16_mfu: 47.27 | epoch: 1 | total time: 163.67m | eta: 125.5m
step 02471/04357 (56.71%) | loss: 2.792235 | lrm: 0.87 | dt: 3995.48ms | tok/sec: 262,440 | bf16_mfu: 47.21 | epoch: 1 | total time: 163.74m | eta: 125.5m
step 02472/04357 (56.74%) | loss: 2.792365 | lrm: 0.87 | dt: 3990.04ms | tok/sec: 262,798 | bf16_mfu: 47.28 | epoch: 1 | total time: 163.80m | eta: 125.4m
step 02473/04357 (56.76%) | loss: 2.792428 | lrm: 0.87 | dt: 3994.65ms | tok/sec: 262,495 | bf16_mfu: 47.22 | epoch: 1 | total time: 163.87m | eta: 125.3m
step 02474/04357 (56.78%) | loss: 2.797940 | lrm: 0.86 | dt: 3995.69ms | tok/sec: 262,426 | bf16_mfu: 47.21 | epoch: 1 | total time: 163.94m | eta: 125.3m
step 02475/04357 (56.81%) | loss: 2.801358 | lrm: 0.86 | dt: 3994.32ms | tok/sec: 262,516 | bf16_mfu: 47.22 | epoch: 1 | total time: 164.00m | eta: 125.2m
step 02476/04357 (56.83%) | loss: 2.789614 | lrm: 0.86 | dt: 4005.44ms | tok/sec: 261,787 | bf16_mfu: 47.09 | epoch: 1 | total time: 164.07m | eta: 125.1m
step 02477/04357 (56.85%) | loss: 2.784715 | lrm: 0.86 | dt: 3996.35ms | tok/sec: 262,383 | bf16_mfu: 47.20 | epoch: 1 | total time: 164.14m | eta: 125.1m
step 02478/04357 (56.87%) | loss: 2.781100 | lrm: 0.86 | dt: 3992.13ms | tok/sec: 262,660 | bf16_mfu: 47.25 | epoch: 1 | total time: 164.20m | eta: 125.0m
step 02479/04357 (56.90%) | loss: 2.777182 | lrm: 0.86 | dt: 3994.94ms | tok/sec: 262,475 | bf16_mfu: 47.22 | epoch: 1 | total time: 164.27m | eta: 124.9m
step 02480/04357 (56.92%) | loss: 2.779410 | lrm: 0.86 | dt: 3990.92ms | tok/sec: 262,740 | bf16_mfu: 47.26 | epoch: 1 | total time: 164.34m | eta: 124.9m
step 02481/04357 (56.94%) | loss: 2.764601 | lrm: 0.86 | dt: 3992.23ms | tok/sec: 262,653 | bf16_mfu: 47.25 | epoch: 1 | total time: 164.40m | eta: 124.8m
step 02482/04357 (56.97%) | loss: 2.770652 | lrm: 0.86 | dt: 3992.00ms | tok/sec: 262,669 | bf16_mfu: 47.25 | epoch: 1 | total time: 164.47m | eta: 124.7m
step 02483/04357 (56.99%) | loss: 2.771091 | lrm: 0.86 | dt: 3992.06ms | tok/sec: 262,665 | bf16_mfu: 47.25 | epoch: 1 | total time: 164.54m | eta: 124.7m
step 02484/04357 (57.01%) | loss: 2.773775 | lrm: 0.86 | dt: 3994.80ms | tok/sec: 262,485 | bf16_mfu: 47.22 | epoch: 1 | total time: 164.60m | eta: 124.6m
step 02485/04357 (57.03%) | loss: 2.772141 | lrm: 0.86 | dt: 3993.08ms | tok/sec: 262,598 | bf16_mfu: 47.24 | epoch: 1 | total time: 164.67m | eta: 124.6m
step 02486/04357 (57.06%) | loss: 2.778171 | lrm: 0.86 | dt: 4013.45ms | tok/sec: 261,265 | bf16_mfu: 47.00 | epoch: 1 | total time: 164.74m | eta: 124.5m
step 02487/04357 (57.08%) | loss: 2.771582 | lrm: 0.86 | dt: 3991.07ms | tok/sec: 262,730 | bf16_mfu: 47.26 | epoch: 1 | total time: 164.80m | eta: 124.4m
step 02488/04357 (57.10%) | loss: 2.767128 | lrm: 0.86 | dt: 4008.30ms | tok/sec: 261,600 | bf16_mfu: 47.06 | epoch: 1 | total time: 164.87m | eta: 124.4m
step 02489/04357 (57.13%) | loss: 2.742550 | lrm: 0.86 | dt: 3993.09ms | tok/sec: 262,597 | bf16_mfu: 47.24 | epoch: 1 | total time: 164.94m | eta: 124.3m
step 02490/04357 (57.15%) | loss: 2.748586 | lrm: 0.86 | dt: 3996.33ms | tok/sec: 262,384 | bf16_mfu: 47.20 | epoch: 1 | total time: 165.00m | eta: 124.2m
step 02491/04357 (57.17%) | loss: 2.749586 | lrm: 0.86 | dt: 3998.36ms | tok/sec: 262,251 | bf16_mfu: 47.18 | epoch: 1 | total time: 165.07m | eta: 124.2m
step 02492/04357 (57.20%) | loss: 2.749257 | lrm: 0.86 | dt: 4000.78ms | tok/sec: 262,092 | bf16_mfu: 47.15 | epoch: 1 | total time: 165.14m | eta: 124.1m
step 02493/04357 (57.22%) | loss: 2.755213 | lrm: 0.86 | dt: 3992.12ms | tok/sec: 262,661 | bf16_mfu: 47.25 | epoch: 1 | total time: 165.20m | eta: 124.0m
step 02494/04357 (57.24%) | loss: 2.764918 | lrm: 0.86 | dt: 3994.00ms | tok/sec: 262,537 | bf16_mfu: 47.23 | epoch: 1 | total time: 165.27m | eta: 124.0m
step 02495/04357 (57.26%) | loss: 2.767794 | lrm: 0.85 | dt: 3993.01ms | tok/sec: 262,602 | bf16_mfu: 47.24 | epoch: 1 | total time: 165.34m | eta: 123.9m
step 02496/04357 (57.29%) | loss: 2.771705 | lrm: 0.85 | dt: 3993.51ms | tok/sec: 262,569 | bf16_mfu: 47.23 | epoch: 1 | total time: 165.40m | eta: 123.8m
step 02497/04357 (57.31%) | loss: 2.767096 | lrm: 0.85 | dt: 3999.11ms | tok/sec: 262,202 | bf16_mfu: 47.17 | epoch: 1 | total time: 165.47m | eta: 123.8m
step 02498/04357 (57.33%) | loss: 2.765122 | lrm: 0.85 | dt: 3987.09ms | tok/sec: 262,992 | bf16_mfu: 47.31 | epoch: 1 | total time: 165.54m | eta: 123.7m
step 02499/04357 (57.36%) | loss: 2.776742 | lrm: 0.85 | dt: 3991.47ms | tok/sec: 262,704 | bf16_mfu: 47.26 | epoch: 1 | total time: 165.60m | eta: 123.6m
Step 02500 | Validation bpb: 0.847911
step 02500/04357 (57.38%) | loss: 2.775842 | lrm: 0.85 | dt: 4006.33ms | tok/sec: 261,729 | bf16_mfu: 47.08 | epoch: 1 | total time: 165.67m | eta: 123.6m
step 02501/04357 (57.40%) | loss: 2.769433 | lrm: 0.85 | dt: 3986.29ms | tok/sec: 263,045 | bf16_mfu: 47.32 | epoch: 1 | total time: 165.74m | eta: 123.5m
step 02502/04357 (57.42%) | loss: 2.765137 | lrm: 0.85 | dt: 3990.26ms | tok/sec: 262,784 | bf16_mfu: 47.27 | epoch: 1 | total time: 165.80m | eta: 123.4m
step 02503/04357 (57.45%) | loss: 2.752217 | lrm: 0.85 | dt: 3984.23ms | tok/sec: 263,181 | bf16_mfu: 47.34 | epoch: 1 | total time: 165.87m | eta: 123.4m
step 02504/04357 (57.47%) | loss: 2.753438 | lrm: 0.85 | dt: 3982.26ms | tok/sec: 263,311 | bf16_mfu: 47.37 | epoch: 1 | total time: 165.93m | eta: 123.3m
step 02505/04357 (57.49%) | loss: 2.753706 | lrm: 0.85 | dt: 3988.22ms | tok/sec: 262,918 | bf16_mfu: 47.30 | epoch: 1 | total time: 166.00m | eta: 123.2m
step 02506/04357 (57.52%) | loss: 2.764269 | lrm: 0.85 | dt: 3988.92ms | tok/sec: 262,872 | bf16_mfu: 47.29 | epoch: 1 | total time: 166.07m | eta: 123.2m
step 02507/04357 (57.54%) | loss: 2.768740 | lrm: 0.85 | dt: 4002.89ms | tok/sec: 261,954 | bf16_mfu: 47.12 | epoch: 1 | total time: 166.13m | eta: 123.1m
step 02508/04357 (57.56%) | loss: 2.784311 | lrm: 0.85 | dt: 3994.19ms | tok/sec: 262,525 | bf16_mfu: 47.23 | epoch: 1 | total time: 166.20m | eta: 123.0m
step 02509/04357 (57.59%) | loss: 2.793001 | lrm: 0.85 | dt: 3993.05ms | tok/sec: 262,599 | bf16_mfu: 47.24 | epoch: 1 | total time: 166.27m | eta: 123.0m
step 02510/04357 (57.61%) | loss: 2.784112 | lrm: 0.85 | dt: 4007.08ms | tok/sec: 261,681 | bf16_mfu: 47.07 | epoch: 1 | total time: 166.33m | eta: 122.9m
step 02511/04357 (57.63%) | loss: 2.788646 | lrm: 0.85 | dt: 3993.86ms | tok/sec: 262,547 | bf16_mfu: 47.23 | epoch: 1 | total time: 166.40m | eta: 122.8m
step 02512/04357 (57.65%) | loss: 2.814169 | lrm: 0.85 | dt: 3991.68ms | tok/sec: 262,690 | bf16_mfu: 47.26 | epoch: 1 | total time: 166.47m | eta: 122.8m
step 02513/04357 (57.68%) | loss: 2.807961 | lrm: 0.85 | dt: 3997.41ms | tok/sec: 262,313 | bf16_mfu: 47.19 | epoch: 1 | total time: 166.53m | eta: 122.7m
step 02514/04357 (57.70%) | loss: 2.805444 | lrm: 0.85 | dt: 4003.91ms | tok/sec: 261,888 | bf16_mfu: 47.11 | epoch: 1 | total time: 166.60m | eta: 122.6m
step 02515/04357 (57.72%) | loss: 2.793830 | lrm: 0.85 | dt: 3989.69ms | tok/sec: 262,821 | bf16_mfu: 47.28 | epoch: 1 | total time: 166.67m | eta: 122.6m
step 02516/04357 (57.75%) | loss: 2.787962 | lrm: 0.85 | dt: 4016.40ms | tok/sec: 261,073 | bf16_mfu: 46.96 | epoch: 1 | total time: 166.73m | eta: 122.5m
step 02517/04357 (57.77%) | loss: 2.787788 | lrm: 0.84 | dt: 3993.81ms | tok/sec: 262,550 | bf16_mfu: 47.23 | epoch: 1 | total time: 166.80m | eta: 122.4m
step 02518/04357 (57.79%) | loss: 2.781631 | lrm: 0.84 | dt: 3990.92ms | tok/sec: 262,740 | bf16_mfu: 47.26 | epoch: 1 | total time: 166.87m | eta: 122.4m
step 02519/04357 (57.82%) | loss: 2.775050 | lrm: 0.84 | dt: 3992.85ms | tok/sec: 262,613 | bf16_mfu: 47.24 | epoch: 1 | total time: 166.93m | eta: 122.3m
step 02520/04357 (57.84%) | loss: 2.769084 | lrm: 0.84 | dt: 3991.50ms | tok/sec: 262,702 | bf16_mfu: 47.26 | epoch: 1 | total time: 167.00m | eta: 122.2m
step 02521/04357 (57.86%) | loss: 2.782307 | lrm: 0.84 | dt: 3989.04ms | tok/sec: 262,863 | bf16_mfu: 47.29 | epoch: 1 | total time: 167.07m | eta: 122.2m
step 02522/04357 (57.88%) | loss: 2.788546 | lrm: 0.84 | dt: 3993.48ms | tok/sec: 262,572 | bf16_mfu: 47.23 | epoch: 1 | total time: 167.13m | eta: 122.1m
step 02523/04357 (57.91%) | loss: 2.775886 | lrm: 0.84 | dt: 3992.19ms | tok/sec: 262,656 | bf16_mfu: 47.25 | epoch: 1 | total time: 167.20m | eta: 122.0m
step 02524/04357 (57.93%) | loss: 2.773326 | lrm: 0.84 | dt: 3991.12ms | tok/sec: 262,727 | bf16_mfu: 47.26 | epoch: 1 | total time: 167.27m | eta: 122.0m
step 02525/04357 (57.95%) | loss: 2.773027 | lrm: 0.84 | dt: 3992.89ms | tok/sec: 262,610 | bf16_mfu: 47.24 | epoch: 1 | total time: 167.33m | eta: 121.9m
step 02526/04357 (57.98%) | loss: 2.777777 | lrm: 0.84 | dt: 3995.64ms | tok/sec: 262,430 | bf16_mfu: 47.21 | epoch: 1 | total time: 167.40m | eta: 121.8m
step 02527/04357 (58.00%) | loss: 2.777587 | lrm: 0.84 | dt: 3991.93ms | tok/sec: 262,674 | bf16_mfu: 47.25 | epoch: 1 | total time: 167.47m | eta: 121.8m
step 02528/04357 (58.02%) | loss: 2.785006 | lrm: 0.84 | dt: 3992.63ms | tok/sec: 262,627 | bf16_mfu: 47.24 | epoch: 1 | total time: 167.53m | eta: 121.7m
step 02529/04357 (58.04%) | loss: 2.783915 | lrm: 0.84 | dt: 3992.72ms | tok/sec: 262,622 | bf16_mfu: 47.24 | epoch: 1 | total time: 167.60m | eta: 121.6m
step 02530/04357 (58.07%) | loss: 2.797178 | lrm: 0.84 | dt: 3993.37ms | tok/sec: 262,579 | bf16_mfu: 47.24 | epoch: 1 | total time: 167.67m | eta: 121.6m
step 02531/04357 (58.09%) | loss: 2.800456 | lrm: 0.84 | dt: 3989.85ms | tok/sec: 262,810 | bf16_mfu: 47.28 | epoch: 1 | total time: 167.73m | eta: 121.5m
step 02532/04357 (58.11%) | loss: 2.796565 | lrm: 0.84 | dt: 3995.30ms | tok/sec: 262,452 | bf16_mfu: 47.21 | epoch: 1 | total time: 167.80m | eta: 121.4m
step 02533/04357 (58.14%) | loss: 2.787929 | lrm: 0.84 | dt: 3990.43ms | tok/sec: 262,772 | bf16_mfu: 47.27 | epoch: 1 | total time: 167.87m | eta: 121.4m
step 02534/04357 (58.16%) | loss: 2.784338 | lrm: 0.84 | dt: 3993.29ms | tok/sec: 262,584 | bf16_mfu: 47.24 | epoch: 1 | total time: 167.93m | eta: 121.3m
step 02535/04357 (58.18%) | loss: 2.778359 | lrm: 0.84 | dt: 3991.24ms | tok/sec: 262,719 | bf16_mfu: 47.26 | epoch: 1 | total time: 168.00m | eta: 121.2m
step 02536/04357 (58.21%) | loss: 2.783522 | lrm: 0.84 | dt: 3994.38ms | tok/sec: 262,512 | bf16_mfu: 47.22 | epoch: 1 | total time: 168.06m | eta: 121.2m
step 02537/04357 (58.23%) | loss: 2.782948 | lrm: 0.84 | dt: 3984.07ms | tok/sec: 263,191 | bf16_mfu: 47.35 | epoch: 1 | total time: 168.13m | eta: 121.1m
step 02538/04357 (58.25%) | loss: 2.788832 | lrm: 0.84 | dt: 3981.59ms | tok/sec: 263,356 | bf16_mfu: 47.38 | epoch: 1 | total time: 168.20m | eta: 121.0m
step 02539/04357 (58.27%) | loss: 2.800275 | lrm: 0.83 | dt: 3993.03ms | tok/sec: 262,601 | bf16_mfu: 47.24 | epoch: 1 | total time: 168.26m | eta: 121.0m
step 02540/04357 (58.30%) | loss: 2.801532 | lrm: 0.83 | dt: 3988.88ms | tok/sec: 262,874 | bf16_mfu: 47.29 | epoch: 1 | total time: 168.33m | eta: 120.9m
step 02541/04357 (58.32%) | loss: 2.821161 | lrm: 0.83 | dt: 3993.33ms | tok/sec: 262,582 | bf16_mfu: 47.24 | epoch: 1 | total time: 168.40m | eta: 120.8m
step 02542/04357 (58.34%) | loss: 2.818373 | lrm: 0.83 | dt: 3990.18ms | tok/sec: 262,789 | bf16_mfu: 47.27 | epoch: 1 | total time: 168.46m | eta: 120.8m
step 02543/04357 (58.37%) | loss: 2.828783 | lrm: 0.83 | dt: 3985.82ms | tok/sec: 263,076 | bf16_mfu: 47.33 | epoch: 1 | total time: 168.53m | eta: 120.7m
step 02544/04357 (58.39%) | loss: 2.819762 | lrm: 0.83 | dt: 3984.91ms | tok/sec: 263,136 | bf16_mfu: 47.34 | epoch: 1 | total time: 168.60m | eta: 120.6m
step 02545/04357 (58.41%) | loss: 2.831349 | lrm: 0.83 | dt: 3982.40ms | tok/sec: 263,302 | bf16_mfu: 47.37 | epoch: 1 | total time: 168.66m | eta: 120.6m
step 02546/04357 (58.43%) | loss: 2.834369 | lrm: 0.83 | dt: 3979.92ms | tok/sec: 263,466 | bf16_mfu: 47.40 | epoch: 1 | total time: 168.73m | eta: 120.5m
step 02547/04357 (58.46%) | loss: 2.829728 | lrm: 0.83 | dt: 3978.04ms | tok/sec: 263,590 | bf16_mfu: 47.42 | epoch: 1 | total time: 168.80m | eta: 120.4m
step 02548/04357 (58.48%) | loss: 2.838617 | lrm: 0.83 | dt: 3988.65ms | tok/sec: 262,890 | bf16_mfu: 47.29 | epoch: 1 | total time: 168.86m | eta: 120.4m
step 02549/04357 (58.50%) | loss: 2.822111 | lrm: 0.83 | dt: 3992.79ms | tok/sec: 262,617 | bf16_mfu: 47.24 | epoch: 1 | total time: 168.93m | eta: 120.3m
step 02550/04357 (58.53%) | loss: 2.826619 | lrm: 0.83 | dt: 3987.86ms | tok/sec: 262,942 | bf16_mfu: 47.30 | epoch: 1 | total time: 168.99m | eta: 120.2m
step 02551/04357 (58.55%) | loss: 2.818266 | lrm: 0.83 | dt: 3991.52ms | tok/sec: 262,700 | bf16_mfu: 47.26 | epoch: 1 | total time: 169.06m | eta: 120.2m
step 02552/04357 (58.57%) | loss: 2.811816 | lrm: 0.83 | dt: 3991.46ms | tok/sec: 262,705 | bf16_mfu: 47.26 | epoch: 1 | total time: 169.13m | eta: 120.1m
step 02553/04357 (58.60%) | loss: 2.809692 | lrm: 0.83 | dt: 3993.99ms | tok/sec: 262,538 | bf16_mfu: 47.23 | epoch: 1 | total time: 169.19m | eta: 120.0m
step 02554/04357 (58.62%) | loss: 2.795432 | lrm: 0.83 | dt: 3989.14ms | tok/sec: 262,857 | bf16_mfu: 47.29 | epoch: 1 | total time: 169.26m | eta: 120.0m
step 02555/04357 (58.64%) | loss: 2.790046 | lrm: 0.83 | dt: 3991.72ms | tok/sec: 262,687 | bf16_mfu: 47.26 | epoch: 1 | total time: 169.33m | eta: 119.9m
step 02556/04357 (58.66%) | loss: 2.790981 | lrm: 0.83 | dt: 3994.25ms | tok/sec: 262,521 | bf16_mfu: 47.23 | epoch: 1 | total time: 169.39m | eta: 119.8m
step 02557/04357 (58.69%) | loss: 2.805717 | lrm: 0.83 | dt: 3991.34ms | tok/sec: 262,712 | bf16_mfu: 47.26 | epoch: 1 | total time: 169.46m | eta: 119.8m
step 02558/04357 (58.71%) | loss: 2.808935 | lrm: 0.83 | dt: 3994.80ms | tok/sec: 262,484 | bf16_mfu: 47.22 | epoch: 1 | total time: 169.53m | eta: 119.7m
step 02559/04357 (58.73%) | loss: 2.796125 | lrm: 0.83 | dt: 3985.17ms | tok/sec: 263,119 | bf16_mfu: 47.33 | epoch: 1 | total time: 169.59m | eta: 119.6m
step 02560/04357 (58.76%) | loss: 2.792407 | lrm: 0.83 | dt: 3980.68ms | tok/sec: 263,415 | bf16_mfu: 47.39 | epoch: 1 | total time: 169.66m | eta: 119.6m
step 02561/04357 (58.78%) | loss: 2.793754 | lrm: 0.82 | dt: 3985.87ms | tok/sec: 263,073 | bf16_mfu: 47.32 | epoch: 1 | total time: 169.73m | eta: 119.5m
step 02562/04357 (58.80%) | loss: 2.792613 | lrm: 0.82 | dt: 3988.12ms | tok/sec: 262,925 | bf16_mfu: 47.30 | epoch: 1 | total time: 169.79m | eta: 119.4m
step 02563/04357 (58.82%) | loss: 2.793171 | lrm: 0.82 | dt: 3972.56ms | tok/sec: 263,954 | bf16_mfu: 47.48 | epoch: 1 | total time: 169.86m | eta: 119.4m
step 02564/04357 (58.85%) | loss: 2.779373 | lrm: 0.82 | dt: 3996.69ms | tok/sec: 262,361 | bf16_mfu: 47.20 | epoch: 1 | total time: 169.93m | eta: 119.3m
step 02565/04357 (58.87%) | loss: 2.787927 | lrm: 0.82 | dt: 3970.19ms | tok/sec: 264,112 | bf16_mfu: 47.51 | epoch: 1 | total time: 169.99m | eta: 119.2m
step 02566/04357 (58.89%) | loss: 2.783329 | lrm: 0.82 | dt: 3978.49ms | tok/sec: 263,561 | bf16_mfu: 47.41 | epoch: 1 | total time: 170.06m | eta: 119.2m
step 02567/04357 (58.92%) | loss: 2.769851 | lrm: 0.82 | dt: 3984.72ms | tok/sec: 263,149 | bf16_mfu: 47.34 | epoch: 1 | total time: 170.12m | eta: 119.1m
step 02568/04357 (58.94%) | loss: 2.772438 | lrm: 0.82 | dt: 3970.17ms | tok/sec: 264,113 | bf16_mfu: 47.51 | epoch: 1 | total time: 170.19m | eta: 119.0m
step 02569/04357 (58.96%) | loss: 2.769774 | lrm: 0.82 | dt: 3972.55ms | tok/sec: 263,955 | bf16_mfu: 47.48 | epoch: 1 | total time: 170.26m | eta: 119.0m
step 02570/04357 (58.99%) | loss: 2.771639 | lrm: 0.82 | dt: 3970.81ms | tok/sec: 264,071 | bf16_mfu: 47.50 | epoch: 1 | total time: 170.32m | eta: 118.9m
step 02571/04357 (59.01%) | loss: 2.775949 | lrm: 0.82 | dt: 3969.26ms | tok/sec: 264,174 | bf16_mfu: 47.52 | epoch: 1 | total time: 170.39m | eta: 118.8m
step 02572/04357 (59.03%) | loss: 2.781655 | lrm: 0.82 | dt: 3969.19ms | tok/sec: 264,178 | bf16_mfu: 47.52 | epoch: 1 | total time: 170.46m | eta: 118.8m
step 02573/04357 (59.05%) | loss: 2.780881 | lrm: 0.82 | dt: 3968.88ms | tok/sec: 264,199 | bf16_mfu: 47.53 | epoch: 1 | total time: 170.52m | eta: 118.7m
step 02574/04357 (59.08%) | loss: 2.782379 | lrm: 0.82 | dt: 3971.49ms | tok/sec: 264,026 | bf16_mfu: 47.50 | epoch: 1 | total time: 170.59m | eta: 118.6m
step 02575/04357 (59.10%) | loss: 2.763744 | lrm: 0.82 | dt: 3958.06ms | tok/sec: 264,921 | bf16_mfu: 47.66 | epoch: 1 | total time: 170.65m | eta: 118.6m
step 02576/04357 (59.12%) | loss: 2.752152 | lrm: 0.82 | dt: 3969.38ms | tok/sec: 264,166 | bf16_mfu: 47.52 | epoch: 1 | total time: 170.72m | eta: 118.5m
step 02577/04357 (59.15%) | loss: 2.747397 | lrm: 0.82 | dt: 3956.47ms | tok/sec: 265,028 | bf16_mfu: 47.68 | epoch: 1 | total time: 170.79m | eta: 118.4m
step 02578/04357 (59.17%) | loss: 2.752068 | lrm: 0.82 | dt: 3969.82ms | tok/sec: 264,136 | bf16_mfu: 47.52 | epoch: 1 | total time: 170.85m | eta: 118.4m
step 02579/04357 (59.19%) | loss: 2.770054 | lrm: 0.82 | dt: 3966.04ms | tok/sec: 264,388 | bf16_mfu: 47.56 | epoch: 1 | total time: 170.92m | eta: 118.3m
step 02580/04357 (59.22%) | loss: 2.776985 | lrm: 0.82 | dt: 3960.46ms | tok/sec: 264,761 | bf16_mfu: 47.63 | epoch: 1 | total time: 170.98m | eta: 118.2m
step 02581/04357 (59.24%) | loss: 2.779833 | lrm: 0.82 | dt: 3956.67ms | tok/sec: 265,014 | bf16_mfu: 47.67 | epoch: 1 | total time: 171.05m | eta: 118.2m
step 02582/04357 (59.26%) | loss: 2.775305 | lrm: 0.81 | dt: 3955.54ms | tok/sec: 265,090 | bf16_mfu: 47.69 | epoch: 1 | total time: 171.12m | eta: 118.1m
step 02583/04357 (59.28%) | loss: 2.769263 | lrm: 0.81 | dt: 3958.26ms | tok/sec: 264,908 | bf16_mfu: 47.65 | epoch: 1 | total time: 171.18m | eta: 118.0m
step 02584/04357 (59.31%) | loss: 2.758207 | lrm: 0.81 | dt: 3955.27ms | tok/sec: 265,108 | bf16_mfu: 47.69 | epoch: 1 | total time: 171.25m | eta: 118.0m
step 02585/04357 (59.33%) | loss: 2.755370 | lrm: 0.81 | dt: 3957.01ms | tok/sec: 264,992 | bf16_mfu: 47.67 | epoch: 1 | total time: 171.31m | eta: 117.9m
step 02586/04357 (59.35%) | loss: 2.769951 | lrm: 0.81 | dt: 3955.10ms | tok/sec: 265,120 | bf16_mfu: 47.69 | epoch: 1 | total time: 171.38m | eta: 117.8m
step 02587/04357 (59.38%) | loss: 2.772896 | lrm: 0.81 | dt: 3959.80ms | tok/sec: 264,805 | bf16_mfu: 47.64 | epoch: 1 | total time: 171.45m | eta: 117.8m
step 02588/04357 (59.40%) | loss: 2.783330 | lrm: 0.81 | dt: 3956.97ms | tok/sec: 264,994 | bf16_mfu: 47.67 | epoch: 1 | total time: 171.51m | eta: 117.7m
step 02589/04357 (59.42%) | loss: 2.772782 | lrm: 0.81 | dt: 3949.88ms | tok/sec: 265,470 | bf16_mfu: 47.76 | epoch: 1 | total time: 171.58m | eta: 117.6m
step 02590/04357 (59.44%) | loss: 2.771959 | lrm: 0.81 | dt: 3951.31ms | tok/sec: 265,374 | bf16_mfu: 47.74 | epoch: 1 | total time: 171.64m | eta: 117.6m
step 02591/04357 (59.47%) | loss: 2.779745 | lrm: 0.81 | dt: 3949.92ms | tok/sec: 265,467 | bf16_mfu: 47.76 | epoch: 1 | total time: 171.71m | eta: 117.5m
step 02592/04357 (59.49%) | loss: 2.788418 | lrm: 0.81 | dt: 3957.69ms | tok/sec: 264,946 | bf16_mfu: 47.66 | epoch: 1 | total time: 171.78m | eta: 117.4m
step 02593/04357 (59.51%) | loss: 2.787388 | lrm: 0.81 | dt: 3950.30ms | tok/sec: 265,442 | bf16_mfu: 47.75 | epoch: 1 | total time: 171.84m | eta: 117.4m
step 02594/04357 (59.54%) | loss: 2.785936 | lrm: 0.81 | dt: 3948.69ms | tok/sec: 265,550 | bf16_mfu: 47.77 | epoch: 1 | total time: 171.91m | eta: 117.3m
step 02595/04357 (59.56%) | loss: 2.784026 | lrm: 0.81 | dt: 3946.94ms | tok/sec: 265,668 | bf16_mfu: 47.79 | epoch: 1 | total time: 171.97m | eta: 117.2m
step 02596/04357 (59.58%) | loss: 2.785114 | lrm: 0.81 | dt: 3950.24ms | tok/sec: 265,445 | bf16_mfu: 47.75 | epoch: 1 | total time: 172.04m | eta: 117.2m
step 02597/04357 (59.61%) | loss: 2.774818 | lrm: 0.81 | dt: 3943.77ms | tok/sec: 265,881 | bf16_mfu: 47.83 | epoch: 1 | total time: 172.10m | eta: 117.1m
step 02598/04357 (59.63%) | loss: 2.772090 | lrm: 0.81 | dt: 3960.31ms | tok/sec: 264,771 | bf16_mfu: 47.63 | epoch: 1 | total time: 172.17m | eta: 117.0m
step 02599/04357 (59.65%) | loss: 2.778037 | lrm: 0.81 | dt: 3964.59ms | tok/sec: 264,485 | bf16_mfu: 47.58 | epoch: 1 | total time: 172.24m | eta: 117.0m
step 02600/04357 (59.67%) | loss: 2.763249 | lrm: 0.81 | dt: 3950.03ms | tok/sec: 265,460 | bf16_mfu: 47.75 | epoch: 1 | total time: 172.30m | eta: 116.9m
step 02601/04357 (59.70%) | loss: 2.752637 | lrm: 0.81 | dt: 3953.56ms | tok/sec: 265,223 | bf16_mfu: 47.71 | epoch: 1 | total time: 172.37m | eta: 116.8m
step 02602/04357 (59.72%) | loss: 2.760421 | lrm: 0.81 | dt: 3950.69ms | tok/sec: 265,416 | bf16_mfu: 47.75 | epoch: 1 | total time: 172.43m | eta: 116.8m
step 02603/04357 (59.74%) | loss: 2.761627 | lrm: 0.81 | dt: 3954.73ms | tok/sec: 265,144 | bf16_mfu: 47.70 | epoch: 1 | total time: 172.50m | eta: 116.7m
step 02604/04357 (59.77%) | loss: 2.758121 | lrm: 0.80 | dt: 3951.21ms | tok/sec: 265,381 | bf16_mfu: 47.74 | epoch: 1 | total time: 172.57m | eta: 116.6m
step 02605/04357 (59.79%) | loss: 2.762328 | lrm: 0.80 | dt: 3943.35ms | tok/sec: 265,909 | bf16_mfu: 47.83 | epoch: 1 | total time: 172.63m | eta: 116.6m
step 02606/04357 (59.81%) | loss: 2.764638 | lrm: 0.80 | dt: 3947.26ms | tok/sec: 265,646 | bf16_mfu: 47.79 | epoch: 1 | total time: 172.70m | eta: 116.5m
step 02607/04357 (59.83%) | loss: 2.756624 | lrm: 0.80 | dt: 3947.74ms | tok/sec: 265,614 | bf16_mfu: 47.78 | epoch: 1 | total time: 172.76m | eta: 116.4m
step 02608/04357 (59.86%) | loss: 2.753063 | lrm: 0.80 | dt: 3949.82ms | tok/sec: 265,474 | bf16_mfu: 47.76 | epoch: 1 | total time: 172.83m | eta: 116.4m
step 02609/04357 (59.88%) | loss: 2.750706 | lrm: 0.80 | dt: 3951.72ms | tok/sec: 265,346 | bf16_mfu: 47.73 | epoch: 1 | total time: 172.89m | eta: 116.3m
step 02610/04357 (59.90%) | loss: 2.752363 | lrm: 0.80 | dt: 3948.62ms | tok/sec: 265,555 | bf16_mfu: 47.77 | epoch: 1 | total time: 172.96m | eta: 116.2m
step 02611/04357 (59.93%) | loss: 2.755514 | lrm: 0.80 | dt: 3950.21ms | tok/sec: 265,448 | bf16_mfu: 47.75 | epoch: 1 | total time: 173.03m | eta: 116.1m
step 02612/04357 (59.95%) | loss: 2.760862 | lrm: 0.80 | dt: 3946.74ms | tok/sec: 265,681 | bf16_mfu: 47.79 | epoch: 1 | total time: 173.09m | eta: 116.1m
step 02613/04357 (59.97%) | loss: 2.771411 | lrm: 0.80 | dt: 3941.03ms | tok/sec: 266,066 | bf16_mfu: 47.86 | epoch: 1 | total time: 173.16m | eta: 116.0m
step 02614/04357 (60.00%) | loss: 2.773649 | lrm: 0.80 | dt: 3950.60ms | tok/sec: 265,421 | bf16_mfu: 47.75 | epoch: 1 | total time: 173.22m | eta: 115.9m
step 02615/04357 (60.02%) | loss: 2.784423 | lrm: 0.80 | dt: 3951.00ms | tok/sec: 265,395 | bf16_mfu: 47.74 | epoch: 1 | total time: 173.29m | eta: 115.9m
step 02616/04357 (60.04%) | loss: 2.777979 | lrm: 0.80 | dt: 3958.39ms | tok/sec: 264,899 | bf16_mfu: 47.65 | epoch: 1 | total time: 173.36m | eta: 115.8m
step 02617/04357 (60.06%) | loss: 2.768621 | lrm: 0.80 | dt: 3947.61ms | tok/sec: 265,623 | bf16_mfu: 47.78 | epoch: 1 | total time: 173.42m | eta: 115.7m
step 02618/04357 (60.09%) | loss: 2.772117 | lrm: 0.80 | dt: 3948.78ms | tok/sec: 265,544 | bf16_mfu: 47.77 | epoch: 1 | total time: 173.49m | eta: 115.7m
step 02619/04357 (60.11%) | loss: 2.763190 | lrm: 0.80 | dt: 3944.64ms | tok/sec: 265,822 | bf16_mfu: 47.82 | epoch: 1 | total time: 173.55m | eta: 115.6m
step 02620/04357 (60.13%) | loss: 2.758082 | lrm: 0.80 | dt: 3944.81ms | tok/sec: 265,811 | bf16_mfu: 47.82 | epoch: 1 | total time: 173.62m | eta: 115.5m
step 02621/04357 (60.16%) | loss: 2.750736 | lrm: 0.80 | dt: 3951.57ms | tok/sec: 265,357 | bf16_mfu: 47.74 | epoch: 1 | total time: 173.68m | eta: 115.5m
step 02622/04357 (60.18%) | loss: 2.754183 | lrm: 0.80 | dt: 3949.40ms | tok/sec: 265,502 | bf16_mfu: 47.76 | epoch: 1 | total time: 173.75m | eta: 115.4m
step 02623/04357 (60.20%) | loss: 2.763767 | lrm: 0.80 | dt: 3949.53ms | tok/sec: 265,494 | bf16_mfu: 47.76 | epoch: 1 | total time: 173.82m | eta: 115.3m
step 02624/04357 (60.22%) | loss: 2.767599 | lrm: 0.80 | dt: 3939.78ms | tok/sec: 266,151 | bf16_mfu: 47.88 | epoch: 1 | total time: 173.88m | eta: 115.3m
step 02625/04357 (60.25%) | loss: 2.761990 | lrm: 0.80 | dt: 3938.69ms | tok/sec: 266,224 | bf16_mfu: 47.89 | epoch: 1 | total time: 173.95m | eta: 115.2m
step 02626/04357 (60.27%) | loss: 2.759608 | lrm: 0.79 | dt: 3954.47ms | tok/sec: 265,162 | bf16_mfu: 47.70 | epoch: 1 | total time: 174.01m | eta: 115.1m
step 02627/04357 (60.29%) | loss: 2.762373 | lrm: 0.79 | dt: 3947.44ms | tok/sec: 265,634 | bf16_mfu: 47.79 | epoch: 1 | total time: 174.08m | eta: 115.1m
step 02628/04357 (60.32%) | loss: 2.749682 | lrm: 0.79 | dt: 3958.81ms | tok/sec: 264,871 | bf16_mfu: 47.65 | epoch: 1 | total time: 174.15m | eta: 115.0m
step 02629/04357 (60.34%) | loss: 2.759033 | lrm: 0.79 | dt: 3972.65ms | tok/sec: 263,948 | bf16_mfu: 47.48 | epoch: 1 | total time: 174.21m | eta: 114.9m
step 02630/04357 (60.36%) | loss: 2.753671 | lrm: 0.79 | dt: 3967.87ms | tok/sec: 264,266 | bf16_mfu: 47.54 | epoch: 1 | total time: 174.28m | eta: 114.9m
step 02631/04357 (60.39%) | loss: 2.752518 | lrm: 0.79 | dt: 3934.73ms | tok/sec: 266,492 | bf16_mfu: 47.94 | epoch: 1 | total time: 174.34m | eta: 114.8m
step 02632/04357 (60.41%) | loss: 2.749659 | lrm: 0.79 | dt: 3951.72ms | tok/sec: 265,347 | bf16_mfu: 47.73 | epoch: 1 | total time: 174.41m | eta: 114.7m
step 02633/04357 (60.43%) | loss: 2.753392 | lrm: 0.79 | dt: 3936.29ms | tok/sec: 266,386 | bf16_mfu: 47.92 | epoch: 1 | total time: 174.47m | eta: 114.7m
step 02634/04357 (60.45%) | loss: 2.759057 | lrm: 0.79 | dt: 3946.86ms | tok/sec: 265,673 | bf16_mfu: 47.79 | epoch: 1 | total time: 174.54m | eta: 114.6m
step 02635/04357 (60.48%) | loss: 2.764123 | lrm: 0.79 | dt: 3939.36ms | tok/sec: 266,178 | bf16_mfu: 47.88 | epoch: 1 | total time: 174.61m | eta: 114.5m
step 02636/04357 (60.50%) | loss: 2.766675 | lrm: 0.79 | dt: 3942.72ms | tok/sec: 265,952 | bf16_mfu: 47.84 | epoch: 1 | total time: 174.67m | eta: 114.5m
step 02637/04357 (60.52%) | loss: 2.776039 | lrm: 0.79 | dt: 3941.94ms | tok/sec: 266,004 | bf16_mfu: 47.85 | epoch: 1 | total time: 174.74m | eta: 114.4m
step 02638/04357 (60.55%) | loss: 2.785885 | lrm: 0.79 | dt: 3937.52ms | tok/sec: 266,303 | bf16_mfu: 47.91 | epoch: 1 | total time: 174.80m | eta: 114.3m
step 02639/04357 (60.57%) | loss: 2.779955 | lrm: 0.79 | dt: 3939.73ms | tok/sec: 266,154 | bf16_mfu: 47.88 | epoch: 1 | total time: 174.87m | eta: 114.3m
step 02640/04357 (60.59%) | loss: 2.773741 | lrm: 0.79 | dt: 3946.36ms | tok/sec: 265,707 | bf16_mfu: 47.80 | epoch: 1 | total time: 174.93m | eta: 114.2m
step 02641/04357 (60.62%) | loss: 2.761362 | lrm: 0.79 | dt: 3950.32ms | tok/sec: 265,440 | bf16_mfu: 47.75 | epoch: 1 | total time: 175.00m | eta: 114.1m
step 02642/04357 (60.64%) | loss: 2.780403 | lrm: 0.79 | dt: 3939.42ms | tok/sec: 266,175 | bf16_mfu: 47.88 | epoch: 1 | total time: 175.07m | eta: 114.1m
step 02643/04357 (60.66%) | loss: 2.772057 | lrm: 0.79 | dt: 3936.42ms | tok/sec: 266,377 | bf16_mfu: 47.92 | epoch: 1 | total time: 175.13m | eta: 114.0m
step 02644/04357 (60.68%) | loss: 2.776385 | lrm: 0.79 | dt: 3934.76ms | tok/sec: 266,490 | bf16_mfu: 47.94 | epoch: 1 | total time: 175.20m | eta: 113.9m
step 02645/04357 (60.71%) | loss: 2.766156 | lrm: 0.79 | dt: 3940.91ms | tok/sec: 266,074 | bf16_mfu: 47.86 | epoch: 1 | total time: 175.26m | eta: 113.9m
step 02646/04357 (60.73%) | loss: 2.773852 | lrm: 0.79 | dt: 3938.49ms | tok/sec: 266,237 | bf16_mfu: 47.89 | epoch: 1 | total time: 175.33m | eta: 113.8m
step 02647/04357 (60.75%) | loss: 2.754564 | lrm: 0.79 | dt: 3945.01ms | tok/sec: 265,798 | bf16_mfu: 47.81 | epoch: 1 | total time: 175.39m | eta: 113.7m
step 02648/04357 (60.78%) | loss: 2.758704 | lrm: 0.78 | dt: 3943.88ms | tok/sec: 265,874 | bf16_mfu: 47.83 | epoch: 1 | total time: 175.46m | eta: 113.7m
step 02649/04357 (60.80%) | loss: 2.763979 | lrm: 0.78 | dt: 3941.75ms | tok/sec: 266,017 | bf16_mfu: 47.85 | epoch: 1 | total time: 175.53m | eta: 113.6m
step 02650/04357 (60.82%) | loss: 2.759283 | lrm: 0.78 | dt: 3940.38ms | tok/sec: 266,110 | bf16_mfu: 47.87 | epoch: 1 | total time: 175.59m | eta: 113.5m
step 02651/04357 (60.84%) | loss: 2.760585 | lrm: 0.78 | dt: 3934.86ms | tok/sec: 266,483 | bf16_mfu: 47.94 | epoch: 1 | total time: 175.66m | eta: 113.5m
step 02652/04357 (60.87%) | loss: 2.754449 | lrm: 0.78 | dt: 3933.72ms | tok/sec: 266,560 | bf16_mfu: 47.95 | epoch: 1 | total time: 175.72m | eta: 113.4m
step 02653/04357 (60.89%) | loss: 2.755876 | lrm: 0.78 | dt: 3946.74ms | tok/sec: 265,681 | bf16_mfu: 47.79 | epoch: 1 | total time: 175.79m | eta: 113.3m
step 02654/04357 (60.91%) | loss: 2.766197 | lrm: 0.78 | dt: 3948.99ms | tok/sec: 265,530 | bf16_mfu: 47.77 | epoch: 1 | total time: 175.85m | eta: 113.3m
step 02655/04357 (60.94%) | loss: 2.766471 | lrm: 0.78 | dt: 3938.81ms | tok/sec: 266,216 | bf16_mfu: 47.89 | epoch: 1 | total time: 175.92m | eta: 113.2m
step 02656/04357 (60.96%) | loss: 2.759609 | lrm: 0.78 | dt: 3933.66ms | tok/sec: 266,565 | bf16_mfu: 47.95 | epoch: 1 | total time: 175.99m | eta: 113.1m
step 02657/04357 (60.98%) | loss: 2.762989 | lrm: 0.78 | dt: 3939.50ms | tok/sec: 266,169 | bf16_mfu: 47.88 | epoch: 1 | total time: 176.05m | eta: 113.1m
step 02658/04357 (61.01%) | loss: 2.760172 | lrm: 0.78 | dt: 3941.49ms | tok/sec: 266,035 | bf16_mfu: 47.86 | epoch: 1 | total time: 176.12m | eta: 113.0m
step 02659/04357 (61.03%) | loss: 2.742288 | lrm: 0.78 | dt: 3934.68ms | tok/sec: 266,495 | bf16_mfu: 47.94 | epoch: 1 | total time: 176.18m | eta: 112.9m
step 02660/04357 (61.05%) | loss: 2.750258 | lrm: 0.78 | dt: 3935.79ms | tok/sec: 266,420 | bf16_mfu: 47.93 | epoch: 1 | total time: 176.25m | eta: 112.9m
step 02661/04357 (61.07%) | loss: 2.757489 | lrm: 0.78 | dt: 3933.38ms | tok/sec: 266,583 | bf16_mfu: 47.96 | epoch: 1 | total time: 176.31m | eta: 112.8m
step 02662/04357 (61.10%) | loss: 2.746723 | lrm: 0.78 | dt: 3944.33ms | tok/sec: 265,844 | bf16_mfu: 47.82 | epoch: 1 | total time: 176.38m | eta: 112.7m
step 02663/04357 (61.12%) | loss: 2.748892 | lrm: 0.78 | dt: 3943.52ms | tok/sec: 265,898 | bf16_mfu: 47.83 | epoch: 1 | total time: 176.44m | eta: 112.7m
step 02664/04357 (61.14%) | loss: 2.760613 | lrm: 0.78 | dt: 3935.88ms | tok/sec: 266,414 | bf16_mfu: 47.93 | epoch: 1 | total time: 176.51m | eta: 112.6m
step 02665/04357 (61.17%) | loss: 2.768429 | lrm: 0.78 | dt: 3937.88ms | tok/sec: 266,279 | bf16_mfu: 47.90 | epoch: 1 | total time: 176.58m | eta: 112.5m
step 02666/04357 (61.19%) | loss: 2.773336 | lrm: 0.78 | dt: 3940.66ms | tok/sec: 266,091 | bf16_mfu: 47.87 | epoch: 1 | total time: 176.64m | eta: 112.5m
step 02667/04357 (61.21%) | loss: 2.777220 | lrm: 0.78 | dt: 3933.98ms | tok/sec: 266,543 | bf16_mfu: 47.95 | epoch: 1 | total time: 176.71m | eta: 112.4m
step 02668/04357 (61.23%) | loss: 2.779886 | lrm: 0.78 | dt: 3937.90ms | tok/sec: 266,278 | bf16_mfu: 47.90 | epoch: 1 | total time: 176.77m | eta: 112.3m
step 02669/04357 (61.26%) | loss: 2.769461 | lrm: 0.78 | dt: 3935.94ms | tok/sec: 266,410 | bf16_mfu: 47.92 | epoch: 1 | total time: 176.84m | eta: 112.3m
step 02670/04357 (61.28%) | loss: 2.763144 | lrm: 0.77 | dt: 3940.79ms | tok/sec: 266,082 | bf16_mfu: 47.87 | epoch: 1 | total time: 176.90m | eta: 112.2m
step 02671/04357 (61.30%) | loss: 2.764142 | lrm: 0.77 | dt: 3943.08ms | tok/sec: 265,928 | bf16_mfu: 47.84 | epoch: 1 | total time: 176.97m | eta: 112.1m
step 02672/04357 (61.33%) | loss: 2.761682 | lrm: 0.77 | dt: 3938.65ms | tok/sec: 266,227 | bf16_mfu: 47.89 | epoch: 1 | total time: 177.04m | eta: 112.1m
step 02673/04357 (61.35%) | loss: 2.757835 | lrm: 0.77 | dt: 3942.78ms | tok/sec: 265,948 | bf16_mfu: 47.84 | epoch: 1 | total time: 177.10m | eta: 112.0m
step 02674/04357 (61.37%) | loss: 2.765013 | lrm: 0.77 | dt: 3939.25ms | tok/sec: 266,186 | bf16_mfu: 47.88 | epoch: 1 | total time: 177.17m | eta: 111.9m
step 02675/04357 (61.40%) | loss: 2.748614 | lrm: 0.77 | dt: 3932.53ms | tok/sec: 266,641 | bf16_mfu: 47.97 | epoch: 1 | total time: 177.23m | eta: 111.9m
step 02676/04357 (61.42%) | loss: 2.747853 | lrm: 0.77 | dt: 3935.02ms | tok/sec: 266,473 | bf16_mfu: 47.94 | epoch: 1 | total time: 177.30m | eta: 111.8m
step 02677/04357 (61.44%) | loss: 2.753650 | lrm: 0.77 | dt: 3947.73ms | tok/sec: 265,614 | bf16_mfu: 47.78 | epoch: 1 | total time: 177.36m | eta: 111.7m
step 02678/04357 (61.46%) | loss: 2.764557 | lrm: 0.77 | dt: 3950.91ms | tok/sec: 265,401 | bf16_mfu: 47.74 | epoch: 1 | total time: 177.43m | eta: 111.7m
step 02679/04357 (61.49%) | loss: 2.758794 | lrm: 0.77 | dt: 3986.89ms | tok/sec: 263,005 | bf16_mfu: 47.31 | epoch: 1 | total time: 177.50m | eta: 111.6m
step 02680/04357 (61.51%) | loss: 2.752256 | lrm: 0.77 | dt: 4008.43ms | tok/sec: 261,592 | bf16_mfu: 47.06 | epoch: 1 | total time: 177.56m | eta: 111.5m
step 02681/04357 (61.53%) | loss: 2.762797 | lrm: 0.77 | dt: 3936.26ms | tok/sec: 266,388 | bf16_mfu: 47.92 | epoch: 1 | total time: 177.63m | eta: 111.5m
step 02682/04357 (61.56%) | loss: 2.762291 | lrm: 0.77 | dt: 3935.71ms | tok/sec: 266,426 | bf16_mfu: 47.93 | epoch: 1 | total time: 177.69m | eta: 111.4m
step 02683/04357 (61.58%) | loss: 2.760740 | lrm: 0.77 | dt: 3947.82ms | tok/sec: 265,608 | bf16_mfu: 47.78 | epoch: 1 | total time: 177.76m | eta: 111.3m
step 02684/04357 (61.60%) | loss: 2.762171 | lrm: 0.77 | dt: 3936.68ms | tok/sec: 266,360 | bf16_mfu: 47.92 | epoch: 1 | total time: 177.83m | eta: 111.3m
step 02685/04357 (61.62%) | loss: 2.756999 | lrm: 0.77 | dt: 3944.30ms | tok/sec: 265,845 | bf16_mfu: 47.82 | epoch: 1 | total time: 177.89m | eta: 111.2m
step 02686/04357 (61.65%) | loss: 2.765805 | lrm: 0.77 | dt: 3937.13ms | tok/sec: 266,329 | bf16_mfu: 47.91 | epoch: 1 | total time: 177.96m | eta: 111.1m
step 02687/04357 (61.67%) | loss: 2.772850 | lrm: 0.77 | dt: 3937.43ms | tok/sec: 266,309 | bf16_mfu: 47.91 | epoch: 1 | total time: 178.02m | eta: 111.1m
step 02688/04357 (61.69%) | loss: 2.773791 | lrm: 0.77 | dt: 3935.66ms | tok/sec: 266,429 | bf16_mfu: 47.93 | epoch: 1 | total time: 178.09m | eta: 111.0m
step 02689/04357 (61.72%) | loss: 2.765140 | lrm: 0.77 | dt: 3938.88ms | tok/sec: 266,211 | bf16_mfu: 47.89 | epoch: 1 | total time: 178.15m | eta: 110.9m
step 02690/04357 (61.74%) | loss: 2.768068 | lrm: 0.77 | dt: 3937.56ms | tok/sec: 266,300 | bf16_mfu: 47.91 | epoch: 1 | total time: 178.22m | eta: 110.9m
step 02691/04357 (61.76%) | loss: 2.773389 | lrm: 0.76 | dt: 3934.04ms | tok/sec: 266,539 | bf16_mfu: 47.95 | epoch: 1 | total time: 178.28m | eta: 110.8m
step 02692/04357 (61.79%) | loss: 2.761364 | lrm: 0.76 | dt: 3941.54ms | tok/sec: 266,032 | bf16_mfu: 47.86 | epoch: 1 | total time: 178.35m | eta: 110.7m
step 02693/04357 (61.81%) | loss: 2.755957 | lrm: 0.76 | dt: 3938.77ms | tok/sec: 266,219 | bf16_mfu: 47.89 | epoch: 1 | total time: 178.42m | eta: 110.7m
step 02694/04357 (61.83%) | loss: 2.761563 | lrm: 0.76 | dt: 3935.74ms | tok/sec: 266,424 | bf16_mfu: 47.93 | epoch: 1 | total time: 178.48m | eta: 110.6m
step 02695/04357 (61.85%) | loss: 2.748573 | lrm: 0.76 | dt: 3937.72ms | tok/sec: 266,290 | bf16_mfu: 47.90 | epoch: 1 | total time: 178.55m | eta: 110.5m
step 02696/04357 (61.88%) | loss: 2.748370 | lrm: 0.76 | dt: 3936.69ms | tok/sec: 266,359 | bf16_mfu: 47.92 | epoch: 1 | total time: 178.61m | eta: 110.5m
step 02697/04357 (61.90%) | loss: 2.742017 | lrm: 0.76 | dt: 3933.92ms | tok/sec: 266,547 | bf16_mfu: 47.95 | epoch: 1 | total time: 178.68m | eta: 110.4m
step 02698/04357 (61.92%) | loss: 2.727817 | lrm: 0.76 | dt: 3944.64ms | tok/sec: 265,822 | bf16_mfu: 47.82 | epoch: 1 | total time: 178.74m | eta: 110.3m
step 02699/04357 (61.95%) | loss: 2.729362 | lrm: 0.76 | dt: 3937.76ms | tok/sec: 266,287 | bf16_mfu: 47.90 | epoch: 1 | total time: 178.81m | eta: 110.3m
step 02700/04357 (61.97%) | loss: 2.729832 | lrm: 0.76 | dt: 3938.43ms | tok/sec: 266,242 | bf16_mfu: 47.89 | epoch: 1 | total time: 178.88m | eta: 110.2m
step 02701/04357 (61.99%) | loss: 2.726618 | lrm: 0.76 | dt: 3935.76ms | tok/sec: 266,422 | bf16_mfu: 47.93 | epoch: 1 | total time: 178.94m | eta: 110.1m
step 02702/04357 (62.02%) | loss: 2.734357 | lrm: 0.76 | dt: 3945.73ms | tok/sec: 265,749 | bf16_mfu: 47.81 | epoch: 1 | total time: 179.01m | eta: 110.1m
step 02703/04357 (62.04%) | loss: 2.732227 | lrm: 0.76 | dt: 3936.82ms | tok/sec: 266,350 | bf16_mfu: 47.91 | epoch: 1 | total time: 179.07m | eta: 110.0m
step 02704/04357 (62.06%) | loss: 2.746576 | lrm: 0.76 | dt: 3933.57ms | tok/sec: 266,571 | bf16_mfu: 47.95 | epoch: 1 | total time: 179.14m | eta: 109.9m
step 02705/04357 (62.08%) | loss: 2.757135 | lrm: 0.76 | dt: 3947.32ms | tok/sec: 265,642 | bf16_mfu: 47.79 | epoch: 1 | total time: 179.20m | eta: 109.8m
step 02706/04357 (62.11%) | loss: 2.751000 | lrm: 0.76 | dt: 3954.97ms | tok/sec: 265,128 | bf16_mfu: 47.69 | epoch: 1 | total time: 179.27m | eta: 109.8m
step 02707/04357 (62.13%) | loss: 2.750883 | lrm: 0.76 | dt: 3936.44ms | tok/sec: 266,376 | bf16_mfu: 47.92 | epoch: 1 | total time: 179.34m | eta: 109.7m
step 02708/04357 (62.15%) | loss: 2.741143 | lrm: 0.76 | dt: 3940.98ms | tok/sec: 266,069 | bf16_mfu: 47.86 | epoch: 1 | total time: 179.40m | eta: 109.6m
step 02709/04357 (62.18%) | loss: 2.749812 | lrm: 0.76 | dt: 3936.39ms | tok/sec: 266,380 | bf16_mfu: 47.92 | epoch: 1 | total time: 179.47m | eta: 109.6m
step 02710/04357 (62.20%) | loss: 2.750154 | lrm: 0.76 | dt: 3938.79ms | tok/sec: 266,217 | bf16_mfu: 47.89 | epoch: 1 | total time: 179.53m | eta: 109.5m
step 02711/04357 (62.22%) | loss: 2.744753 | lrm: 0.76 | dt: 3940.11ms | tok/sec: 266,128 | bf16_mfu: 47.87 | epoch: 1 | total time: 179.60m | eta: 109.4m
step 02712/04357 (62.24%) | loss: 2.743550 | lrm: 0.76 | dt: 3938.21ms | tok/sec: 266,257 | bf16_mfu: 47.90 | epoch: 1 | total time: 179.66m | eta: 109.4m
step 02713/04357 (62.27%) | loss: 2.739691 | lrm: 0.75 | dt: 3946.37ms | tok/sec: 265,706 | bf16_mfu: 47.80 | epoch: 1 | total time: 179.73m | eta: 109.3m
step 02714/04357 (62.29%) | loss: 2.735346 | lrm: 0.75 | dt: 3937.51ms | tok/sec: 266,304 | bf16_mfu: 47.91 | epoch: 1 | total time: 179.80m | eta: 109.2m
step 02715/04357 (62.31%) | loss: 2.731467 | lrm: 0.75 | dt: 3934.07ms | tok/sec: 266,537 | bf16_mfu: 47.95 | epoch: 1 | total time: 179.86m | eta: 109.2m
step 02716/04357 (62.34%) | loss: 2.717924 | lrm: 0.75 | dt: 3934.55ms | tok/sec: 266,505 | bf16_mfu: 47.94 | epoch: 1 | total time: 179.93m | eta: 109.1m
step 02717/04357 (62.36%) | loss: 2.728095 | lrm: 0.75 | dt: 3934.01ms | tok/sec: 266,541 | bf16_mfu: 47.95 | epoch: 1 | total time: 179.99m | eta: 109.0m
step 02718/04357 (62.38%) | loss: 2.731977 | lrm: 0.75 | dt: 3939.52ms | tok/sec: 266,168 | bf16_mfu: 47.88 | epoch: 1 | total time: 180.06m | eta: 109.0m
step 02719/04357 (62.41%) | loss: 2.742096 | lrm: 0.75 | dt: 3930.97ms | tok/sec: 266,747 | bf16_mfu: 47.99 | epoch: 1 | total time: 180.12m | eta: 108.9m
step 02720/04357 (62.43%) | loss: 2.737978 | lrm: 0.75 | dt: 3935.83ms | tok/sec: 266,418 | bf16_mfu: 47.93 | epoch: 1 | total time: 180.19m | eta: 108.8m
step 02721/04357 (62.45%) | loss: 2.740744 | lrm: 0.75 | dt: 3940.15ms | tok/sec: 266,126 | bf16_mfu: 47.87 | epoch: 1 | total time: 180.25m | eta: 108.8m
step 02722/04357 (62.47%) | loss: 2.737733 | lrm: 0.75 | dt: 3930.16ms | tok/sec: 266,802 | bf16_mfu: 48.00 | epoch: 1 | total time: 180.32m | eta: 108.7m
step 02723/04357 (62.50%) | loss: 2.748033 | lrm: 0.75 | dt: 3935.15ms | tok/sec: 266,464 | bf16_mfu: 47.93 | epoch: 1 | total time: 180.39m | eta: 108.6m
step 02724/04357 (62.52%) | loss: 2.752522 | lrm: 0.75 | dt: 3940.16ms | tok/sec: 266,124 | bf16_mfu: 47.87 | epoch: 1 | total time: 180.45m | eta: 108.6m
step 02725/04357 (62.54%) | loss: 2.745975 | lrm: 0.75 | dt: 3934.05ms | tok/sec: 266,538 | bf16_mfu: 47.95 | epoch: 1 | total time: 180.52m | eta: 108.5m
step 02726/04357 (62.57%) | loss: 2.743255 | lrm: 0.75 | dt: 3938.31ms | tok/sec: 266,250 | bf16_mfu: 47.90 | epoch: 1 | total time: 180.58m | eta: 108.4m
step 02727/04357 (62.59%) | loss: 2.752759 | lrm: 0.75 | dt: 3932.41ms | tok/sec: 266,649 | bf16_mfu: 47.97 | epoch: 1 | total time: 180.65m | eta: 108.4m
step 02728/04357 (62.61%) | loss: 2.751481 | lrm: 0.75 | dt: 3961.23ms | tok/sec: 264,709 | bf16_mfu: 47.62 | epoch: 1 | total time: 180.71m | eta: 108.3m
step 02729/04357 (62.63%) | loss: 2.746807 | lrm: 0.75 | dt: 3971.34ms | tok/sec: 264,036 | bf16_mfu: 47.50 | epoch: 1 | total time: 180.78m | eta: 108.2m
step 02730/04357 (62.66%) | loss: 2.744749 | lrm: 0.75 | dt: 3961.29ms | tok/sec: 264,706 | bf16_mfu: 47.62 | epoch: 1 | total time: 180.85m | eta: 108.2m
step 02731/04357 (62.68%) | loss: 2.748383 | lrm: 0.75 | dt: 3932.79ms | tok/sec: 266,623 | bf16_mfu: 47.96 | epoch: 1 | total time: 180.91m | eta: 108.1m
step 02732/04357 (62.70%) | loss: 2.745550 | lrm: 0.75 | dt: 3950.31ms | tok/sec: 265,441 | bf16_mfu: 47.75 | epoch: 1 | total time: 180.98m | eta: 108.0m
step 02733/04357 (62.73%) | loss: 2.754649 | lrm: 0.75 | dt: 3940.11ms | tok/sec: 266,128 | bf16_mfu: 47.87 | epoch: 1 | total time: 181.04m | eta: 108.0m
step 02734/04357 (62.75%) | loss: 2.758723 | lrm: 0.75 | dt: 3944.31ms | tok/sec: 265,845 | bf16_mfu: 47.82 | epoch: 1 | total time: 181.11m | eta: 107.9m
step 02735/04357 (62.77%) | loss: 2.764202 | lrm: 0.74 | dt: 3944.39ms | tok/sec: 265,839 | bf16_mfu: 47.82 | epoch: 1 | total time: 181.17m | eta: 107.8m
step 02736/04357 (62.80%) | loss: 2.787502 | lrm: 0.74 | dt: 3939.31ms | tok/sec: 266,182 | bf16_mfu: 47.88 | epoch: 1 | total time: 181.24m | eta: 107.8m
step 02737/04357 (62.82%) | loss: 2.781001 | lrm: 0.74 | dt: 3935.86ms | tok/sec: 266,415 | bf16_mfu: 47.93 | epoch: 1 | total time: 181.31m | eta: 107.7m
step 02738/04357 (62.84%) | loss: 2.787339 | lrm: 0.74 | dt: 3937.30ms | tok/sec: 266,318 | bf16_mfu: 47.91 | epoch: 1 | total time: 181.37m | eta: 107.6m
step 02739/04357 (62.86%) | loss: 2.800280 | lrm: 0.74 | dt: 3938.68ms | tok/sec: 266,225 | bf16_mfu: 47.89 | epoch: 1 | total time: 181.44m | eta: 107.6m
step 02740/04357 (62.89%) | loss: 2.797492 | lrm: 0.74 | dt: 3931.66ms | tok/sec: 266,700 | bf16_mfu: 47.98 | epoch: 1 | total time: 181.50m | eta: 107.5m
step 02741/04357 (62.91%) | loss: 2.791598 | lrm: 0.74 | dt: 3934.53ms | tok/sec: 266,505 | bf16_mfu: 47.94 | epoch: 1 | total time: 181.57m | eta: 107.4m
step 02742/04357 (62.93%) | loss: 2.801232 | lrm: 0.74 | dt: 3947.01ms | tok/sec: 265,663 | bf16_mfu: 47.79 | epoch: 1 | total time: 181.63m | eta: 107.4m
step 02743/04357 (62.96%) | loss: 2.784591 | lrm: 0.74 | dt: 3948.56ms | tok/sec: 265,559 | bf16_mfu: 47.77 | epoch: 1 | total time: 181.70m | eta: 107.3m
step 02744/04357 (62.98%) | loss: 2.764636 | lrm: 0.74 | dt: 3937.79ms | tok/sec: 266,285 | bf16_mfu: 47.90 | epoch: 1 | total time: 181.77m | eta: 107.2m
step 02745/04357 (63.00%) | loss: 2.768509 | lrm: 0.74 | dt: 3940.13ms | tok/sec: 266,127 | bf16_mfu: 47.87 | epoch: 1 | total time: 181.83m | eta: 107.2m
step 02746/04357 (63.03%) | loss: 2.769561 | lrm: 0.74 | dt: 3936.67ms | tok/sec: 266,361 | bf16_mfu: 47.92 | epoch: 1 | total time: 181.90m | eta: 107.1m
step 02747/04357 (63.05%) | loss: 2.765956 | lrm: 0.74 | dt: 3935.76ms | tok/sec: 266,422 | bf16_mfu: 47.93 | epoch: 1 | total time: 181.96m | eta: 107.0m
step 02748/04357 (63.07%) | loss: 2.774350 | lrm: 0.74 | dt: 3938.17ms | tok/sec: 266,259 | bf16_mfu: 47.90 | epoch: 1 | total time: 182.03m | eta: 107.0m
step 02749/04357 (63.09%) | loss: 2.772768 | lrm: 0.74 | dt: 3938.38ms | tok/sec: 266,245 | bf16_mfu: 47.90 | epoch: 1 | total time: 182.09m | eta: 106.9m
Step 02750 | Validation bpb: 0.838326
step 02750/04357 (63.12%) | loss: 2.773770 | lrm: 0.74 | dt: 3955.15ms | tok/sec: 265,116 | bf16_mfu: 47.69 | epoch: 1 | total time: 182.16m | eta: 106.8m
step 02751/04357 (63.14%) | loss: 2.776275 | lrm: 0.74 | dt: 3927.24ms | tok/sec: 267,000 | bf16_mfu: 48.03 | epoch: 1 | total time: 182.22m | eta: 106.8m
step 02752/04357 (63.16%) | loss: 2.767608 | lrm: 0.74 | dt: 3943.77ms | tok/sec: 265,881 | bf16_mfu: 47.83 | epoch: 1 | total time: 182.29m | eta: 106.7m
step 02753/04357 (63.19%) | loss: 2.767891 | lrm: 0.74 | dt: 3935.45ms | tok/sec: 266,443 | bf16_mfu: 47.93 | epoch: 1 | total time: 182.36m | eta: 106.6m
step 02754/04357 (63.21%) | loss: 2.762441 | lrm: 0.74 | dt: 3932.42ms | tok/sec: 266,648 | bf16_mfu: 47.97 | epoch: 1 | total time: 182.42m | eta: 106.6m
step 02755/04357 (63.23%) | loss: 2.756044 | lrm: 0.74 | dt: 3933.00ms | tok/sec: 266,609 | bf16_mfu: 47.96 | epoch: 1 | total time: 182.49m | eta: 106.5m
step 02756/04357 (63.25%) | loss: 2.758500 | lrm: 0.74 | dt: 3943.46ms | tok/sec: 265,902 | bf16_mfu: 47.83 | epoch: 1 | total time: 182.55m | eta: 106.4m
step 02757/04357 (63.28%) | loss: 2.755804 | lrm: 0.73 | dt: 3932.58ms | tok/sec: 266,637 | bf16_mfu: 47.97 | epoch: 1 | total time: 182.62m | eta: 106.4m
step 02758/04357 (63.30%) | loss: 2.749498 | lrm: 0.73 | dt: 3938.93ms | tok/sec: 266,208 | bf16_mfu: 47.89 | epoch: 1 | total time: 182.68m | eta: 106.3m
step 02759/04357 (63.32%) | loss: 2.736421 | lrm: 0.73 | dt: 3951.67ms | tok/sec: 265,349 | bf16_mfu: 47.73 | epoch: 1 | total time: 182.75m | eta: 106.2m
step 02760/04357 (63.35%) | loss: 2.741926 | lrm: 0.73 | dt: 3938.18ms | tok/sec: 266,258 | bf16_mfu: 47.90 | epoch: 1 | total time: 182.82m | eta: 106.2m
step 02761/04357 (63.37%) | loss: 2.755394 | lrm: 0.73 | dt: 3939.55ms | tok/sec: 266,166 | bf16_mfu: 47.88 | epoch: 1 | total time: 182.88m | eta: 106.1m
step 02762/04357 (63.39%) | loss: 2.746203 | lrm: 0.73 | dt: 3948.05ms | tok/sec: 265,593 | bf16_mfu: 47.78 | epoch: 1 | total time: 182.95m | eta: 106.0m
step 02763/04357 (63.42%) | loss: 2.756071 | lrm: 0.73 | dt: 3942.15ms | tok/sec: 265,990 | bf16_mfu: 47.85 | epoch: 1 | total time: 183.01m | eta: 106.0m
step 02764/04357 (63.44%) | loss: 2.751168 | lrm: 0.73 | dt: 3934.49ms | tok/sec: 266,508 | bf16_mfu: 47.94 | epoch: 1 | total time: 183.08m | eta: 105.9m
step 02765/04357 (63.46%) | loss: 2.749298 | lrm: 0.73 | dt: 3936.46ms | tok/sec: 266,375 | bf16_mfu: 47.92 | epoch: 1 | total time: 183.14m | eta: 105.8m
step 02766/04357 (63.48%) | loss: 2.761183 | lrm: 0.73 | dt: 3940.07ms | tok/sec: 266,130 | bf16_mfu: 47.87 | epoch: 1 | total time: 183.21m | eta: 105.8m
step 02767/04357 (63.51%) | loss: 2.750770 | lrm: 0.73 | dt: 3943.79ms | tok/sec: 265,880 | bf16_mfu: 47.83 | epoch: 1 | total time: 183.28m | eta: 105.7m
step 02768/04357 (63.53%) | loss: 2.760297 | lrm: 0.73 | dt: 3940.62ms | tok/sec: 266,093 | bf16_mfu: 47.87 | epoch: 1 | total time: 183.34m | eta: 105.6m
step 02769/04357 (63.55%) | loss: 2.759255 | lrm: 0.73 | dt: 3932.58ms | tok/sec: 266,637 | bf16_mfu: 47.97 | epoch: 1 | total time: 183.41m | eta: 105.6m
step 02770/04357 (63.58%) | loss: 2.742628 | lrm: 0.73 | dt: 3940.43ms | tok/sec: 266,107 | bf16_mfu: 47.87 | epoch: 1 | total time: 183.47m | eta: 105.5m
step 02771/04357 (63.60%) | loss: 2.742978 | lrm: 0.73 | dt: 3930.78ms | tok/sec: 266,759 | bf16_mfu: 47.99 | epoch: 1 | total time: 183.54m | eta: 105.4m
step 02772/04357 (63.62%) | loss: 2.733141 | lrm: 0.73 | dt: 3935.18ms | tok/sec: 266,461 | bf16_mfu: 47.93 | epoch: 1 | total time: 183.60m | eta: 105.4m
step 02773/04357 (63.64%) | loss: 2.742808 | lrm: 0.73 | dt: 3928.03ms | tok/sec: 266,947 | bf16_mfu: 48.02 | epoch: 1 | total time: 183.67m | eta: 105.3m
step 02774/04357 (63.67%) | loss: 2.744836 | lrm: 0.73 | dt: 3949.05ms | tok/sec: 265,525 | bf16_mfu: 47.77 | epoch: 1 | total time: 183.73m | eta: 105.2m
step 02775/04357 (63.69%) | loss: 2.735283 | lrm: 0.73 | dt: 3940.19ms | tok/sec: 266,123 | bf16_mfu: 47.87 | epoch: 1 | total time: 183.80m | eta: 105.2m
step 02776/04357 (63.71%) | loss: 2.732211 | lrm: 0.73 | dt: 3940.57ms | tok/sec: 266,097 | bf16_mfu: 47.87 | epoch: 1 | total time: 183.87m | eta: 105.1m
step 02777/04357 (63.74%) | loss: 2.733953 | lrm: 0.73 | dt: 3940.13ms | tok/sec: 266,126 | bf16_mfu: 47.87 | epoch: 1 | total time: 183.93m | eta: 105.0m
step 02778/04357 (63.76%) | loss: 2.732006 | lrm: 0.72 | dt: 3941.38ms | tok/sec: 266,043 | bf16_mfu: 47.86 | epoch: 1 | total time: 184.00m | eta: 105.0m
step 02779/04357 (63.78%) | loss: 2.734236 | lrm: 0.72 | dt: 3939.49ms | tok/sec: 266,170 | bf16_mfu: 47.88 | epoch: 1 | total time: 184.06m | eta: 104.9m
step 02780/04357 (63.81%) | loss: 2.738178 | lrm: 0.72 | dt: 3946.46ms | tok/sec: 265,700 | bf16_mfu: 47.80 | epoch: 1 | total time: 184.13m | eta: 104.8m
step 02781/04357 (63.83%) | loss: 2.741486 | lrm: 0.72 | dt: 3937.16ms | tok/sec: 266,328 | bf16_mfu: 47.91 | epoch: 1 | total time: 184.19m | eta: 104.8m
step 02782/04357 (63.85%) | loss: 2.726492 | lrm: 0.72 | dt: 3936.07ms | tok/sec: 266,401 | bf16_mfu: 47.92 | epoch: 1 | total time: 184.26m | eta: 104.7m
step 02783/04357 (63.87%) | loss: 2.730188 | lrm: 0.72 | dt: 3938.47ms | tok/sec: 266,239 | bf16_mfu: 47.89 | epoch: 1 | total time: 184.33m | eta: 104.6m
step 02784/04357 (63.90%) | loss: 2.725753 | lrm: 0.72 | dt: 3934.47ms | tok/sec: 266,509 | bf16_mfu: 47.94 | epoch: 1 | total time: 184.39m | eta: 104.6m
step 02785/04357 (63.92%) | loss: 2.719008 | lrm: 0.72 | dt: 3958.39ms | tok/sec: 264,899 | bf16_mfu: 47.65 | epoch: 1 | total time: 184.46m | eta: 104.5m
step 02786/04357 (63.94%) | loss: 2.718617 | lrm: 0.72 | dt: 3943.18ms | tok/sec: 265,921 | bf16_mfu: 47.84 | epoch: 1 | total time: 184.52m | eta: 104.4m
step 02787/04357 (63.97%) | loss: 2.728283 | lrm: 0.72 | dt: 3939.32ms | tok/sec: 266,182 | bf16_mfu: 47.88 | epoch: 1 | total time: 184.59m | eta: 104.4m
step 02788/04357 (63.99%) | loss: 2.729843 | lrm: 0.72 | dt: 3937.90ms | tok/sec: 266,278 | bf16_mfu: 47.90 | epoch: 1 | total time: 184.65m | eta: 104.3m
step 02789/04357 (64.01%) | loss: 2.726828 | lrm: 0.72 | dt: 3939.44ms | tok/sec: 266,173 | bf16_mfu: 47.88 | epoch: 1 | total time: 184.72m | eta: 104.2m
step 02790/04357 (64.03%) | loss: 2.737566 | lrm: 0.72 | dt: 3943.76ms | tok/sec: 265,882 | bf16_mfu: 47.83 | epoch: 1 | total time: 184.79m | eta: 104.2m
step 02791/04357 (64.06%) | loss: 2.733511 | lrm: 0.72 | dt: 3943.08ms | tok/sec: 265,928 | bf16_mfu: 47.84 | epoch: 1 | total time: 184.85m | eta: 104.1m
step 02792/04357 (64.08%) | loss: 2.731496 | lrm: 0.72 | dt: 3939.09ms | tok/sec: 266,197 | bf16_mfu: 47.89 | epoch: 1 | total time: 184.92m | eta: 104.0m
step 02793/04357 (64.10%) | loss: 2.737989 | lrm: 0.72 | dt: 3944.01ms | tok/sec: 265,865 | bf16_mfu: 47.83 | epoch: 1 | total time: 184.98m | eta: 104.0m
step 02794/04357 (64.13%) | loss: 2.753694 | lrm: 0.72 | dt: 3941.27ms | tok/sec: 266,050 | bf16_mfu: 47.86 | epoch: 1 | total time: 185.05m | eta: 103.9m
step 02795/04357 (64.15%) | loss: 2.752010 | lrm: 0.72 | dt: 3948.12ms | tok/sec: 265,588 | bf16_mfu: 47.78 | epoch: 1 | total time: 185.11m | eta: 103.8m
step 02796/04357 (64.17%) | loss: 2.737097 | lrm: 0.72 | dt: 3968.81ms | tok/sec: 264,204 | bf16_mfu: 47.53 | epoch: 1 | total time: 185.18m | eta: 103.8m
step 02797/04357 (64.20%) | loss: 2.734335 | lrm: 0.72 | dt: 3937.49ms | tok/sec: 266,305 | bf16_mfu: 47.91 | epoch: 1 | total time: 185.25m | eta: 103.7m
step 02798/04357 (64.22%) | loss: 2.732699 | lrm: 0.72 | dt: 3942.81ms | tok/sec: 265,946 | bf16_mfu: 47.84 | epoch: 1 | total time: 185.31m | eta: 103.6m
step 02799/04357 (64.24%) | loss: 2.725072 | lrm: 0.72 | dt: 3939.92ms | tok/sec: 266,141 | bf16_mfu: 47.88 | epoch: 1 | total time: 185.38m | eta: 103.6m
step 02800/04357 (64.26%) | loss: 2.736342 | lrm: 0.71 | dt: 3945.74ms | tok/sec: 265,748 | bf16_mfu: 47.81 | epoch: 1 | total time: 185.44m | eta: 103.5m
step 02801/04357 (64.29%) | loss: 2.741907 | lrm: 0.71 | dt: 3933.84ms | tok/sec: 266,552 | bf16_mfu: 47.95 | epoch: 1 | total time: 185.51m | eta: 103.4m
step 02802/04357 (64.31%) | loss: 2.731919 | lrm: 0.71 | dt: 3933.08ms | tok/sec: 266,604 | bf16_mfu: 47.96 | epoch: 1 | total time: 185.57m | eta: 103.4m
step 02803/04357 (64.33%) | loss: 2.728610 | lrm: 0.71 | dt: 3927.52ms | tok/sec: 266,981 | bf16_mfu: 48.03 | epoch: 1 | total time: 185.64m | eta: 103.3m
step 02804/04357 (64.36%) | loss: 2.736754 | lrm: 0.71 | dt: 3942.13ms | tok/sec: 265,992 | bf16_mfu: 47.85 | epoch: 1 | total time: 185.71m | eta: 103.2m
step 02805/04357 (64.38%) | loss: 2.732642 | lrm: 0.71 | dt: 3937.13ms | tok/sec: 266,330 | bf16_mfu: 47.91 | epoch: 1 | total time: 185.77m | eta: 103.2m
step 02806/04357 (64.40%) | loss: 2.733787 | lrm: 0.71 | dt: 3939.21ms | tok/sec: 266,189 | bf16_mfu: 47.89 | epoch: 1 | total time: 185.84m | eta: 103.1m
step 02807/04357 (64.43%) | loss: 2.734850 | lrm: 0.71 | dt: 3936.35ms | tok/sec: 266,382 | bf16_mfu: 47.92 | epoch: 1 | total time: 185.90m | eta: 103.0m
step 02808/04357 (64.45%) | loss: 2.736668 | lrm: 0.71 | dt: 3939.20ms | tok/sec: 266,190 | bf16_mfu: 47.89 | epoch: 1 | total time: 185.97m | eta: 103.0m
step 02809/04357 (64.47%) | loss: 2.730167 | lrm: 0.71 | dt: 3946.02ms | tok/sec: 265,729 | bf16_mfu: 47.80 | epoch: 1 | total time: 186.03m | eta: 102.9m
step 02810/04357 (64.49%) | loss: 2.734517 | lrm: 0.71 | dt: 3940.54ms | tok/sec: 266,099 | bf16_mfu: 47.87 | epoch: 1 | total time: 186.10m | eta: 102.8m
step 02811/04357 (64.52%) | loss: 2.746544 | lrm: 0.71 | dt: 3943.71ms | tok/sec: 265,885 | bf16_mfu: 47.83 | epoch: 1 | total time: 186.17m | eta: 102.8m
step 02812/04357 (64.54%) | loss: 2.735795 | lrm: 0.71 | dt: 3943.86ms | tok/sec: 265,875 | bf16_mfu: 47.83 | epoch: 1 | total time: 186.23m | eta: 102.7m
step 02813/04357 (64.56%) | loss: 2.743574 | lrm: 0.71 | dt: 3950.30ms | tok/sec: 265,441 | bf16_mfu: 47.75 | epoch: 1 | total time: 186.30m | eta: 102.6m
step 02814/04357 (64.59%) | loss: 2.745231 | lrm: 0.71 | dt: 3941.19ms | tok/sec: 266,055 | bf16_mfu: 47.86 | epoch: 1 | total time: 186.36m | eta: 102.6m
step 02815/04357 (64.61%) | loss: 2.760546 | lrm: 0.71 | dt: 3937.47ms | tok/sec: 266,307 | bf16_mfu: 47.91 | epoch: 1 | total time: 186.43m | eta: 102.5m
step 02816/04357 (64.63%) | loss: 2.750165 | lrm: 0.71 | dt: 3940.07ms | tok/sec: 266,131 | bf16_mfu: 47.87 | epoch: 1 | total time: 186.49m | eta: 102.4m
step 02817/04357 (64.65%) | loss: 2.743068 | lrm: 0.71 | dt: 3935.84ms | tok/sec: 266,417 | bf16_mfu: 47.93 | epoch: 1 | total time: 186.56m | eta: 102.4m
step 02818/04357 (64.68%) | loss: 2.739795 | lrm: 0.71 | dt: 3939.53ms | tok/sec: 266,167 | bf16_mfu: 47.88 | epoch: 1 | total time: 186.62m | eta: 102.3m
step 02819/04357 (64.70%) | loss: 2.746387 | lrm: 0.71 | dt: 3944.31ms | tok/sec: 265,845 | bf16_mfu: 47.82 | epoch: 1 | total time: 186.69m | eta: 102.2m
step 02820/04357 (64.72%) | loss: 2.754632 | lrm: 0.71 | dt: 3938.85ms | tok/sec: 266,214 | bf16_mfu: 47.89 | epoch: 1 | total time: 186.76m | eta: 102.2m
step 02821/04357 (64.75%) | loss: 2.752922 | lrm: 0.71 | dt: 3940.76ms | tok/sec: 266,084 | bf16_mfu: 47.87 | epoch: 1 | total time: 186.82m | eta: 102.1m
step 02822/04357 (64.77%) | loss: 2.762851 | lrm: 0.70 | dt: 3937.19ms | tok/sec: 266,326 | bf16_mfu: 47.91 | epoch: 1 | total time: 186.89m | eta: 102.0m
step 02823/04357 (64.79%) | loss: 2.754907 | lrm: 0.70 | dt: 3938.17ms | tok/sec: 266,260 | bf16_mfu: 47.90 | epoch: 1 | total time: 186.95m | eta: 102.0m
step 02824/04357 (64.82%) | loss: 2.760733 | lrm: 0.70 | dt: 3943.51ms | tok/sec: 265,899 | bf16_mfu: 47.83 | epoch: 1 | total time: 187.02m | eta: 101.9m
step 02825/04357 (64.84%) | loss: 2.769147 | lrm: 0.70 | dt: 3934.67ms | tok/sec: 266,496 | bf16_mfu: 47.94 | epoch: 1 | total time: 187.08m | eta: 101.8m
step 02826/04357 (64.86%) | loss: 2.765654 | lrm: 0.70 | dt: 3935.98ms | tok/sec: 266,408 | bf16_mfu: 47.92 | epoch: 1 | total time: 187.15m | eta: 101.7m
step 02827/04357 (64.88%) | loss: 2.762305 | lrm: 0.70 | dt: 3944.81ms | tok/sec: 265,811 | bf16_mfu: 47.82 | epoch: 1 | total time: 187.22m | eta: 101.7m
step 02828/04357 (64.91%) | loss: 2.764800 | lrm: 0.70 | dt: 3938.92ms | tok/sec: 266,209 | bf16_mfu: 47.89 | epoch: 1 | total time: 187.28m | eta: 101.6m
step 02829/04357 (64.93%) | loss: 2.769153 | lrm: 0.70 | dt: 3936.79ms | tok/sec: 266,353 | bf16_mfu: 47.91 | epoch: 1 | total time: 187.35m | eta: 101.5m
step 02830/04357 (64.95%) | loss: 2.759174 | lrm: 0.70 | dt: 3939.33ms | tok/sec: 266,181 | bf16_mfu: 47.88 | epoch: 1 | total time: 187.41m | eta: 101.5m
step 02831/04357 (64.98%) | loss: 2.756287 | lrm: 0.70 | dt: 3941.90ms | tok/sec: 266,007 | bf16_mfu: 47.85 | epoch: 1 | total time: 187.48m | eta: 101.4m
step 02832/04357 (65.00%) | loss: 2.757337 | lrm: 0.70 | dt: 3941.70ms | tok/sec: 266,020 | bf16_mfu: 47.85 | epoch: 1 | total time: 187.54m | eta: 101.3m
step 02833/04357 (65.02%) | loss: 2.767840 | lrm: 0.70 | dt: 3939.20ms | tok/sec: 266,189 | bf16_mfu: 47.89 | epoch: 1 | total time: 187.61m | eta: 101.3m
step 02834/04357 (65.04%) | loss: 2.768427 | lrm: 0.70 | dt: 3947.48ms | tok/sec: 265,631 | bf16_mfu: 47.78 | epoch: 1 | total time: 187.68m | eta: 101.2m
step 02835/04357 (65.07%) | loss: 2.761799 | lrm: 0.70 | dt: 3940.02ms | tok/sec: 266,134 | bf16_mfu: 47.88 | epoch: 1 | total time: 187.74m | eta: 101.1m
step 02836/04357 (65.09%) | loss: 2.774888 | lrm: 0.70 | dt: 3943.76ms | tok/sec: 265,882 | bf16_mfu: 47.83 | epoch: 1 | total time: 187.81m | eta: 101.1m
step 02837/04357 (65.11%) | loss: 2.761352 | lrm: 0.70 | dt: 3950.01ms | tok/sec: 265,461 | bf16_mfu: 47.75 | epoch: 1 | total time: 187.87m | eta: 101.0m
step 02838/04357 (65.14%) | loss: 2.745979 | lrm: 0.70 | dt: 3953.41ms | tok/sec: 265,233 | bf16_mfu: 47.71 | epoch: 1 | total time: 187.94m | eta: 100.9m
step 02839/04357 (65.16%) | loss: 2.746870 | lrm: 0.70 | dt: 3943.67ms | tok/sec: 265,888 | bf16_mfu: 47.83 | epoch: 1 | total time: 188.00m | eta: 100.9m
step 02840/04357 (65.18%) | loss: 2.749465 | lrm: 0.70 | dt: 3941.26ms | tok/sec: 266,050 | bf16_mfu: 47.86 | epoch: 1 | total time: 188.07m | eta: 100.8m
step 02841/04357 (65.21%) | loss: 2.744646 | lrm: 0.70 | dt: 3937.71ms | tok/sec: 266,290 | bf16_mfu: 47.90 | epoch: 1 | total time: 188.14m | eta: 100.7m
step 02842/04357 (65.23%) | loss: 2.758720 | lrm: 0.70 | dt: 3941.77ms | tok/sec: 266,016 | bf16_mfu: 47.85 | epoch: 1 | total time: 188.20m | eta: 100.7m
step 02843/04357 (65.25%) | loss: 2.752663 | lrm: 0.70 | dt: 3949.87ms | tok/sec: 265,470 | bf16_mfu: 47.76 | epoch: 1 | total time: 188.27m | eta: 100.6m
step 02844/04357 (65.27%) | loss: 2.768510 | lrm: 0.69 | dt: 3936.07ms | tok/sec: 266,401 | bf16_mfu: 47.92 | epoch: 1 | total time: 188.33m | eta: 100.5m
step 02845/04357 (65.30%) | loss: 2.777277 | lrm: 0.69 | dt: 3940.94ms | tok/sec: 266,072 | bf16_mfu: 47.86 | epoch: 1 | total time: 188.40m | eta: 100.5m
step 02846/04357 (65.32%) | loss: 2.762904 | lrm: 0.69 | dt: 3945.57ms | tok/sec: 265,760 | bf16_mfu: 47.81 | epoch: 1 | total time: 188.46m | eta: 100.4m
step 02847/04357 (65.34%) | loss: 2.760572 | lrm: 0.69 | dt: 3945.50ms | tok/sec: 265,764 | bf16_mfu: 47.81 | epoch: 1 | total time: 188.53m | eta: 100.3m
step 02848/04357 (65.37%) | loss: 2.758888 | lrm: 0.69 | dt: 3948.78ms | tok/sec: 265,544 | bf16_mfu: 47.77 | epoch: 1 | total time: 188.60m | eta: 100.3m
step 02849/04357 (65.39%) | loss: 2.767689 | lrm: 0.69 | dt: 3935.66ms | tok/sec: 266,429 | bf16_mfu: 47.93 | epoch: 1 | total time: 188.66m | eta: 100.2m
step 02850/04357 (65.41%) | loss: 2.774297 | lrm: 0.69 | dt: 3943.64ms | tok/sec: 265,890 | bf16_mfu: 47.83 | epoch: 1 | total time: 188.73m | eta: 100.1m
step 02851/04357 (65.43%) | loss: 2.766813 | lrm: 0.69 | dt: 3964.66ms | tok/sec: 264,480 | bf16_mfu: 47.58 | epoch: 1 | total time: 188.79m | eta: 100.1m
step 02852/04357 (65.46%) | loss: 2.758388 | lrm: 0.69 | dt: 3972.81ms | tok/sec: 263,937 | bf16_mfu: 47.48 | epoch: 1 | total time: 188.86m | eta: 100.0m
step 02853/04357 (65.48%) | loss: 2.744918 | lrm: 0.69 | dt: 3958.00ms | tok/sec: 264,925 | bf16_mfu: 47.66 | epoch: 1 | total time: 188.93m | eta: 99.9m
step 02854/04357 (65.50%) | loss: 2.753637 | lrm: 0.69 | dt: 3943.16ms | tok/sec: 265,922 | bf16_mfu: 47.84 | epoch: 1 | total time: 188.99m | eta: 99.9m
step 02855/04357 (65.53%) | loss: 2.758973 | lrm: 0.69 | dt: 3947.94ms | tok/sec: 265,600 | bf16_mfu: 47.78 | epoch: 1 | total time: 189.06m | eta: 99.8m
step 02856/04357 (65.55%) | loss: 2.744570 | lrm: 0.69 | dt: 3943.10ms | tok/sec: 265,926 | bf16_mfu: 47.84 | epoch: 1 | total time: 189.12m | eta: 99.7m
step 02857/04357 (65.57%) | loss: 2.748633 | lrm: 0.69 | dt: 3940.55ms | tok/sec: 266,098 | bf16_mfu: 47.87 | epoch: 1 | total time: 189.19m | eta: 99.7m
step 02858/04357 (65.60%) | loss: 2.741632 | lrm: 0.69 | dt: 3941.42ms | tok/sec: 266,040 | bf16_mfu: 47.86 | epoch: 1 | total time: 189.25m | eta: 99.6m
step 02859/04357 (65.62%) | loss: 2.729863 | lrm: 0.69 | dt: 3943.86ms | tok/sec: 265,875 | bf16_mfu: 47.83 | epoch: 1 | total time: 189.32m | eta: 99.5m
step 02860/04357 (65.64%) | loss: 2.736608 | lrm: 0.69 | dt: 3941.24ms | tok/sec: 266,052 | bf16_mfu: 47.86 | epoch: 1 | total time: 189.39m | eta: 99.5m
step 02861/04357 (65.66%) | loss: 2.748423 | lrm: 0.69 | dt: 3928.55ms | tok/sec: 266,911 | bf16_mfu: 48.02 | epoch: 1 | total time: 189.45m | eta: 99.4m
step 02862/04357 (65.69%) | loss: 2.738564 | lrm: 0.69 | dt: 3933.41ms | tok/sec: 266,581 | bf16_mfu: 47.96 | epoch: 1 | total time: 189.52m | eta: 99.3m
step 02863/04357 (65.71%) | loss: 2.750367 | lrm: 0.69 | dt: 3942.03ms | tok/sec: 265,998 | bf16_mfu: 47.85 | epoch: 1 | total time: 189.58m | eta: 99.3m
step 02864/04357 (65.73%) | loss: 2.746338 | lrm: 0.69 | dt: 3946.51ms | tok/sec: 265,697 | bf16_mfu: 47.80 | epoch: 1 | total time: 189.65m | eta: 99.2m
step 02865/04357 (65.76%) | loss: 2.752880 | lrm: 0.69 | dt: 3939.17ms | tok/sec: 266,192 | bf16_mfu: 47.89 | epoch: 1 | total time: 189.71m | eta: 99.1m
step 02866/04357 (65.78%) | loss: 2.753018 | lrm: 0.68 | dt: 3954.10ms | tok/sec: 265,187 | bf16_mfu: 47.70 | epoch: 1 | total time: 189.78m | eta: 99.1m
step 02867/04357 (65.80%) | loss: 2.761943 | lrm: 0.68 | dt: 3961.64ms | tok/sec: 264,682 | bf16_mfu: 47.61 | epoch: 1 | total time: 189.85m | eta: 99.0m
step 02868/04357 (65.83%) | loss: 2.759164 | lrm: 0.68 | dt: 3934.82ms | tok/sec: 266,486 | bf16_mfu: 47.94 | epoch: 1 | total time: 189.91m | eta: 98.9m
step 02869/04357 (65.85%) | loss: 2.764737 | lrm: 0.68 | dt: 3940.06ms | tok/sec: 266,131 | bf16_mfu: 47.87 | epoch: 1 | total time: 189.98m | eta: 98.9m
step 02870/04357 (65.87%) | loss: 2.764872 | lrm: 0.68 | dt: 3935.39ms | tok/sec: 266,447 | bf16_mfu: 47.93 | epoch: 1 | total time: 190.04m | eta: 98.8m
step 02871/04357 (65.89%) | loss: 2.747717 | lrm: 0.68 | dt: 3936.77ms | tok/sec: 266,354 | bf16_mfu: 47.91 | epoch: 1 | total time: 190.11m | eta: 98.7m
step 02872/04357 (65.92%) | loss: 2.750413 | lrm: 0.68 | dt: 3937.36ms | tok/sec: 266,314 | bf16_mfu: 47.91 | epoch: 1 | total time: 190.17m | eta: 98.7m
step 02873/04357 (65.94%) | loss: 2.745770 | lrm: 0.68 | dt: 3945.78ms | tok/sec: 265,746 | bf16_mfu: 47.81 | epoch: 1 | total time: 190.24m | eta: 98.6m
step 02874/04357 (65.96%) | loss: 2.752232 | lrm: 0.68 | dt: 3943.50ms | tok/sec: 265,899 | bf16_mfu: 47.83 | epoch: 1 | total time: 190.31m | eta: 98.5m
step 02875/04357 (65.99%) | loss: 2.761112 | lrm: 0.68 | dt: 3936.02ms | tok/sec: 266,405 | bf16_mfu: 47.92 | epoch: 1 | total time: 190.37m | eta: 98.5m
step 02876/04357 (66.01%) | loss: 2.764899 | lrm: 0.68 | dt: 3939.32ms | tok/sec: 266,182 | bf16_mfu: 47.88 | epoch: 1 | total time: 190.44m | eta: 98.4m
step 02877/04357 (66.03%) | loss: 2.767978 | lrm: 0.68 | dt: 3942.79ms | tok/sec: 265,947 | bf16_mfu: 47.84 | epoch: 1 | total time: 190.50m | eta: 98.3m
step 02878/04357 (66.05%) | loss: 2.770936 | lrm: 0.68 | dt: 3942.13ms | tok/sec: 265,992 | bf16_mfu: 47.85 | epoch: 1 | total time: 190.57m | eta: 98.3m
step 02879/04357 (66.08%) | loss: 2.765823 | lrm: 0.68 | dt: 3934.27ms | tok/sec: 266,523 | bf16_mfu: 47.95 | epoch: 1 | total time: 190.63m | eta: 98.2m
step 02880/04357 (66.10%) | loss: 2.760858 | lrm: 0.68 | dt: 3944.23ms | tok/sec: 265,850 | bf16_mfu: 47.82 | epoch: 1 | total time: 190.70m | eta: 98.1m
step 02881/04357 (66.12%) | loss: 2.776843 | lrm: 0.68 | dt: 3932.83ms | tok/sec: 266,621 | bf16_mfu: 47.96 | epoch: 1 | total time: 190.76m | eta: 98.1m
step 02882/04357 (66.15%) | loss: 2.780288 | lrm: 0.68 | dt: 3938.43ms | tok/sec: 266,242 | bf16_mfu: 47.89 | epoch: 1 | total time: 190.83m | eta: 98.0m
step 02883/04357 (66.17%) | loss: 2.763149 | lrm: 0.68 | dt: 3935.39ms | tok/sec: 266,447 | bf16_mfu: 47.93 | epoch: 1 | total time: 190.90m | eta: 97.9m
step 02884/04357 (66.19%) | loss: 2.757768 | lrm: 0.68 | dt: 3943.66ms | tok/sec: 265,889 | bf16_mfu: 47.83 | epoch: 1 | total time: 190.96m | eta: 97.9m
step 02885/04357 (66.22%) | loss: 2.758665 | lrm: 0.68 | dt: 3941.12ms | tok/sec: 266,060 | bf16_mfu: 47.86 | epoch: 1 | total time: 191.03m | eta: 97.8m
step 02886/04357 (66.24%) | loss: 2.754639 | lrm: 0.68 | dt: 3942.76ms | tok/sec: 265,949 | bf16_mfu: 47.84 | epoch: 1 | total time: 191.09m | eta: 97.7m
step 02887/04357 (66.26%) | loss: 2.756726 | lrm: 0.67 | dt: 3940.40ms | tok/sec: 266,109 | bf16_mfu: 47.87 | epoch: 1 | total time: 191.16m | eta: 97.7m
step 02888/04357 (66.28%) | loss: 2.760418 | lrm: 0.67 | dt: 3942.62ms | tok/sec: 265,959 | bf16_mfu: 47.84 | epoch: 1 | total time: 191.22m | eta: 97.6m
step 02889/04357 (66.31%) | loss: 2.762091 | lrm: 0.67 | dt: 3936.28ms | tok/sec: 266,387 | bf16_mfu: 47.92 | epoch: 1 | total time: 191.29m | eta: 97.5m
step 02890/04357 (66.33%) | loss: 2.735572 | lrm: 0.67 | dt: 3936.24ms | tok/sec: 266,390 | bf16_mfu: 47.92 | epoch: 1 | total time: 191.36m | eta: 97.5m
step 02891/04357 (66.35%) | loss: 2.733074 | lrm: 0.67 | dt: 3935.45ms | tok/sec: 266,443 | bf16_mfu: 47.93 | epoch: 1 | total time: 191.42m | eta: 97.4m
step 02892/04357 (66.38%) | loss: 2.739358 | lrm: 0.67 | dt: 3940.56ms | tok/sec: 266,098 | bf16_mfu: 47.87 | epoch: 1 | total time: 191.49m | eta: 97.3m
step 02893/04357 (66.40%) | loss: 2.742053 | lrm: 0.67 | dt: 3951.03ms | tok/sec: 265,392 | bf16_mfu: 47.74 | epoch: 1 | total time: 191.55m | eta: 97.3m
step 02894/04357 (66.42%) | loss: 2.740578 | lrm: 0.67 | dt: 3945.58ms | tok/sec: 265,759 | bf16_mfu: 47.81 | epoch: 1 | total time: 191.62m | eta: 97.2m
step 02895/04357 (66.44%) | loss: 2.753067 | lrm: 0.67 | dt: 3943.18ms | tok/sec: 265,921 | bf16_mfu: 47.84 | epoch: 1 | total time: 191.68m | eta: 97.1m
step 02896/04357 (66.47%) | loss: 2.759178 | lrm: 0.67 | dt: 3940.76ms | tok/sec: 266,084 | bf16_mfu: 47.87 | epoch: 1 | total time: 191.75m | eta: 97.1m
step 02897/04357 (66.49%) | loss: 2.749647 | lrm: 0.67 | dt: 3941.47ms | tok/sec: 266,036 | bf16_mfu: 47.86 | epoch: 1 | total time: 191.82m | eta: 97.0m
step 02898/04357 (66.51%) | loss: 2.745015 | lrm: 0.67 | dt: 3941.38ms | tok/sec: 266,042 | bf16_mfu: 47.86 | epoch: 1 | total time: 191.88m | eta: 96.9m
step 02899/04357 (66.54%) | loss: 2.734179 | lrm: 0.67 | dt: 3939.27ms | tok/sec: 266,185 | bf16_mfu: 47.88 | epoch: 1 | total time: 191.95m | eta: 96.9m
step 02900/04357 (66.56%) | loss: 2.735522 | lrm: 0.67 | dt: 3960.17ms | tok/sec: 264,780 | bf16_mfu: 47.63 | epoch: 1 | total time: 192.01m | eta: 96.8m
step 02901/04357 (66.58%) | loss: 2.719932 | lrm: 0.67 | dt: 3981.73ms | tok/sec: 263,347 | bf16_mfu: 47.37 | epoch: 1 | total time: 192.08m | eta: 96.7m
step 02902/04357 (66.61%) | loss: 2.720681 | lrm: 0.67 | dt: 3951.54ms | tok/sec: 265,358 | bf16_mfu: 47.74 | epoch: 1 | total time: 192.15m | eta: 96.7m
step 02903/04357 (66.63%) | loss: 2.735673 | lrm: 0.67 | dt: 3936.99ms | tok/sec: 266,339 | bf16_mfu: 47.91 | epoch: 1 | total time: 192.21m | eta: 96.6m
step 02904/04357 (66.65%) | loss: 2.732115 | lrm: 0.67 | dt: 3939.50ms | tok/sec: 266,170 | bf16_mfu: 47.88 | epoch: 1 | total time: 192.28m | eta: 96.5m
step 02905/04357 (66.67%) | loss: 2.737922 | lrm: 0.67 | dt: 3942.33ms | tok/sec: 265,978 | bf16_mfu: 47.85 | epoch: 1 | total time: 192.34m | eta: 96.5m
step 02906/04357 (66.70%) | loss: 2.749629 | lrm: 0.67 | dt: 3944.99ms | tok/sec: 265,799 | bf16_mfu: 47.82 | epoch: 1 | total time: 192.41m | eta: 96.4m
step 02907/04357 (66.72%) | loss: 2.765694 | lrm: 0.67 | dt: 3951.16ms | tok/sec: 265,384 | bf16_mfu: 47.74 | epoch: 1 | total time: 192.47m | eta: 96.3m
step 02908/04357 (66.74%) | loss: 2.754085 | lrm: 0.67 | dt: 3951.17ms | tok/sec: 265,383 | bf16_mfu: 47.74 | epoch: 1 | total time: 192.54m | eta: 96.3m
step 02909/04357 (66.77%) | loss: 2.760086 | lrm: 0.66 | dt: 3939.51ms | tok/sec: 266,168 | bf16_mfu: 47.88 | epoch: 1 | total time: 192.61m | eta: 96.2m
step 02910/04357 (66.79%) | loss: 2.761892 | lrm: 0.66 | dt: 3942.29ms | tok/sec: 265,981 | bf16_mfu: 47.85 | epoch: 1 | total time: 192.67m | eta: 96.1m
step 02911/04357 (66.81%) | loss: 2.740256 | lrm: 0.66 | dt: 3941.69ms | tok/sec: 266,021 | bf16_mfu: 47.86 | epoch: 1 | total time: 192.74m | eta: 96.1m
step 02912/04357 (66.83%) | loss: 2.743153 | lrm: 0.66 | dt: 3943.97ms | tok/sec: 265,868 | bf16_mfu: 47.83 | epoch: 1 | total time: 192.80m | eta: 96.0m
step 02913/04357 (66.86%) | loss: 2.746058 | lrm: 0.66 | dt: 3936.07ms | tok/sec: 266,402 | bf16_mfu: 47.92 | epoch: 1 | total time: 192.87m | eta: 95.9m
step 02914/04357 (66.88%) | loss: 2.740184 | lrm: 0.66 | dt: 3941.76ms | tok/sec: 266,017 | bf16_mfu: 47.85 | epoch: 1 | total time: 192.93m | eta: 95.9m
step 02915/04357 (66.90%) | loss: 2.736068 | lrm: 0.66 | dt: 3938.27ms | tok/sec: 266,253 | bf16_mfu: 47.90 | epoch: 1 | total time: 193.00m | eta: 95.8m
step 02916/04357 (66.93%) | loss: 2.727551 | lrm: 0.66 | dt: 3937.36ms | tok/sec: 266,314 | bf16_mfu: 47.91 | epoch: 1 | total time: 193.07m | eta: 95.7m
step 02917/04357 (66.95%) | loss: 2.727373 | lrm: 0.66 | dt: 3934.71ms | tok/sec: 266,493 | bf16_mfu: 47.94 | epoch: 1 | total time: 193.13m | eta: 95.7m
step 02918/04357 (66.97%) | loss: 2.722005 | lrm: 0.66 | dt: 3944.97ms | tok/sec: 265,800 | bf16_mfu: 47.82 | epoch: 1 | total time: 193.20m | eta: 95.6m
step 02919/04357 (67.00%) | loss: 2.717623 | lrm: 0.66 | dt: 3950.94ms | tok/sec: 265,399 | bf16_mfu: 47.74 | epoch: 1 | total time: 193.26m | eta: 95.5m
step 02920/04357 (67.02%) | loss: 2.716396 | lrm: 0.66 | dt: 3954.93ms | tok/sec: 265,131 | bf16_mfu: 47.69 | epoch: 1 | total time: 193.33m | eta: 95.5m
step 02921/04357 (67.04%) | loss: 2.712323 | lrm: 0.66 | dt: 3938.68ms | tok/sec: 266,225 | bf16_mfu: 47.89 | epoch: 1 | total time: 193.39m | eta: 95.4m
step 02922/04357 (67.06%) | loss: 2.702421 | lrm: 0.66 | dt: 3932.86ms | tok/sec: 266,619 | bf16_mfu: 47.96 | epoch: 1 | total time: 193.46m | eta: 95.3m
step 02923/04357 (67.09%) | loss: 2.720362 | lrm: 0.66 | dt: 3955.19ms | tok/sec: 265,114 | bf16_mfu: 47.69 | epoch: 1 | total time: 193.53m | eta: 95.3m
step 02924/04357 (67.11%) | loss: 2.733429 | lrm: 0.66 | dt: 3939.04ms | tok/sec: 266,201 | bf16_mfu: 47.89 | epoch: 1 | total time: 193.59m | eta: 95.2m
step 02925/04357 (67.13%) | loss: 2.737667 | lrm: 0.66 | dt: 3934.57ms | tok/sec: 266,503 | bf16_mfu: 47.94 | epoch: 1 | total time: 193.66m | eta: 95.1m
step 02926/04357 (67.16%) | loss: 2.735612 | lrm: 0.66 | dt: 3943.51ms | tok/sec: 265,899 | bf16_mfu: 47.83 | epoch: 1 | total time: 193.72m | eta: 95.1m
step 02927/04357 (67.18%) | loss: 2.734069 | lrm: 0.66 | dt: 3940.48ms | tok/sec: 266,103 | bf16_mfu: 47.87 | epoch: 1 | total time: 193.79m | eta: 95.0m
step 02928/04357 (67.20%) | loss: 2.743708 | lrm: 0.66 | dt: 3935.64ms | tok/sec: 266,430 | bf16_mfu: 47.93 | epoch: 1 | total time: 193.85m | eta: 94.9m
step 02929/04357 (67.23%) | loss: 2.734667 | lrm: 0.66 | dt: 3941.68ms | tok/sec: 266,022 | bf16_mfu: 47.86 | epoch: 1 | total time: 193.92m | eta: 94.9m
step 02930/04357 (67.25%) | loss: 2.731566 | lrm: 0.66 | dt: 3937.09ms | tok/sec: 266,332 | bf16_mfu: 47.91 | epoch: 1 | total time: 193.98m | eta: 94.8m
step 02931/04357 (67.27%) | loss: 2.729065 | lrm: 0.65 | dt: 3936.27ms | tok/sec: 266,388 | bf16_mfu: 47.92 | epoch: 1 | total time: 194.05m | eta: 94.7m
step 02932/04357 (67.29%) | loss: 2.722664 | lrm: 0.65 | dt: 3942.40ms | tok/sec: 265,974 | bf16_mfu: 47.85 | epoch: 1 | total time: 194.12m | eta: 94.7m
step 02933/04357 (67.32%) | loss: 2.712618 | lrm: 0.65 | dt: 3938.37ms | tok/sec: 266,246 | bf16_mfu: 47.90 | epoch: 1 | total time: 194.18m | eta: 94.6m
step 02934/04357 (67.34%) | loss: 2.704809 | lrm: 0.65 | dt: 3945.48ms | tok/sec: 265,766 | bf16_mfu: 47.81 | epoch: 1 | total time: 194.25m | eta: 94.5m
step 02935/04357 (67.36%) | loss: 2.714457 | lrm: 0.65 | dt: 3960.03ms | tok/sec: 264,789 | bf16_mfu: 47.63 | epoch: 1 | total time: 194.31m | eta: 94.5m
step 02936/04357 (67.39%) | loss: 2.704626 | lrm: 0.65 | dt: 3943.51ms | tok/sec: 265,899 | bf16_mfu: 47.83 | epoch: 1 | total time: 194.38m | eta: 94.4m
step 02937/04357 (67.41%) | loss: 2.707937 | lrm: 0.65 | dt: 3938.91ms | tok/sec: 266,209 | bf16_mfu: 47.89 | epoch: 1 | total time: 194.44m | eta: 94.3m
step 02938/04357 (67.43%) | loss: 2.710669 | lrm: 0.65 | dt: 3945.82ms | tok/sec: 265,743 | bf16_mfu: 47.81 | epoch: 1 | total time: 194.51m | eta: 94.3m
step 02939/04357 (67.45%) | loss: 2.715810 | lrm: 0.65 | dt: 3942.40ms | tok/sec: 265,974 | bf16_mfu: 47.85 | epoch: 1 | total time: 194.58m | eta: 94.2m
step 02940/04357 (67.48%) | loss: 2.715302 | lrm: 0.65 | dt: 3927.92ms | tok/sec: 266,954 | bf16_mfu: 48.02 | epoch: 1 | total time: 194.64m | eta: 94.1m
step 02941/04357 (67.50%) | loss: 2.715162 | lrm: 0.65 | dt: 3939.66ms | tok/sec: 266,159 | bf16_mfu: 47.88 | epoch: 1 | total time: 194.71m | eta: 94.1m
step 02942/04357 (67.52%) | loss: 2.721606 | lrm: 0.65 | dt: 3935.62ms | tok/sec: 266,432 | bf16_mfu: 47.93 | epoch: 1 | total time: 194.77m | eta: 94.0m
step 02943/04357 (67.55%) | loss: 2.722787 | lrm: 0.65 | dt: 3941.24ms | tok/sec: 266,051 | bf16_mfu: 47.86 | epoch: 1 | total time: 194.84m | eta: 93.9m
step 02944/04357 (67.57%) | loss: 2.727318 | lrm: 0.65 | dt: 3943.65ms | tok/sec: 265,889 | bf16_mfu: 47.83 | epoch: 1 | total time: 194.90m | eta: 93.9m
step 02945/04357 (67.59%) | loss: 2.732261 | lrm: 0.65 | dt: 3942.43ms | tok/sec: 265,971 | bf16_mfu: 47.85 | epoch: 1 | total time: 194.97m | eta: 93.8m
step 02946/04357 (67.62%) | loss: 2.742522 | lrm: 0.65 | dt: 3942.95ms | tok/sec: 265,936 | bf16_mfu: 47.84 | epoch: 1 | total time: 195.04m | eta: 93.7m
step 02947/04357 (67.64%) | loss: 2.743011 | lrm: 0.65 | dt: 3938.62ms | tok/sec: 266,229 | bf16_mfu: 47.89 | epoch: 1 | total time: 195.10m | eta: 93.7m
step 02948/04357 (67.66%) | loss: 2.750199 | lrm: 0.65 | dt: 3937.98ms | tok/sec: 266,272 | bf16_mfu: 47.90 | epoch: 1 | total time: 195.17m | eta: 93.6m
step 02949/04357 (67.68%) | loss: 2.745475 | lrm: 0.65 | dt: 3959.16ms | tok/sec: 264,848 | bf16_mfu: 47.64 | epoch: 1 | total time: 195.23m | eta: 93.5m
step 02950/04357 (67.71%) | loss: 2.743784 | lrm: 0.65 | dt: 3975.93ms | tok/sec: 263,730 | bf16_mfu: 47.44 | epoch: 1 | total time: 195.30m | eta: 93.5m
step 02951/04357 (67.73%) | loss: 2.758269 | lrm: 0.65 | dt: 3959.52ms | tok/sec: 264,824 | bf16_mfu: 47.64 | epoch: 1 | total time: 195.37m | eta: 93.4m
step 02952/04357 (67.75%) | loss: 2.755866 | lrm: 0.65 | dt: 3940.01ms | tok/sec: 266,135 | bf16_mfu: 47.88 | epoch: 1 | total time: 195.43m | eta: 93.3m
step 02953/04357 (67.78%) | loss: 2.760330 | lrm: 0.64 | dt: 3954.63ms | tok/sec: 265,151 | bf16_mfu: 47.70 | epoch: 1 | total time: 195.50m | eta: 93.3m
step 02954/04357 (67.80%) | loss: 2.755106 | lrm: 0.64 | dt: 3946.97ms | tok/sec: 265,665 | bf16_mfu: 47.79 | epoch: 1 | total time: 195.56m | eta: 93.2m
step 02955/04357 (67.82%) | loss: 2.741051 | lrm: 0.64 | dt: 3935.76ms | tok/sec: 266,422 | bf16_mfu: 47.93 | epoch: 1 | total time: 195.63m | eta: 93.1m
step 02956/04357 (67.84%) | loss: 2.746006 | lrm: 0.64 | dt: 3939.48ms | tok/sec: 266,171 | bf16_mfu: 47.88 | epoch: 1 | total time: 195.69m | eta: 93.1m
step 02957/04357 (67.87%) | loss: 2.742249 | lrm: 0.64 | dt: 3939.92ms | tok/sec: 266,141 | bf16_mfu: 47.88 | epoch: 1 | total time: 195.76m | eta: 93.0m
step 02958/04357 (67.89%) | loss: 2.737750 | lrm: 0.64 | dt: 3931.97ms | tok/sec: 266,679 | bf16_mfu: 47.97 | epoch: 1 | total time: 195.83m | eta: 92.9m
step 02959/04357 (67.91%) | loss: 2.708882 | lrm: 0.64 | dt: 3940.40ms | tok/sec: 266,109 | bf16_mfu: 47.87 | epoch: 1 | total time: 195.89m | eta: 92.9m
step 02960/04357 (67.94%) | loss: 2.718360 | lrm: 0.64 | dt: 3934.14ms | tok/sec: 266,532 | bf16_mfu: 47.95 | epoch: 1 | total time: 195.96m | eta: 92.8m
step 02961/04357 (67.96%) | loss: 2.723580 | lrm: 0.64 | dt: 3945.34ms | tok/sec: 265,775 | bf16_mfu: 47.81 | epoch: 1 | total time: 196.02m | eta: 92.7m
step 02962/04357 (67.98%) | loss: 2.726902 | lrm: 0.64 | dt: 3950.14ms | tok/sec: 265,453 | bf16_mfu: 47.75 | epoch: 1 | total time: 196.09m | eta: 92.7m
step 02963/04357 (68.01%) | loss: 2.730159 | lrm: 0.64 | dt: 3938.42ms | tok/sec: 266,242 | bf16_mfu: 47.89 | epoch: 1 | total time: 196.15m | eta: 92.6m
step 02964/04357 (68.03%) | loss: 2.730752 | lrm: 0.64 | dt: 3937.59ms | tok/sec: 266,298 | bf16_mfu: 47.90 | epoch: 1 | total time: 196.22m | eta: 92.5m
step 02965/04357 (68.05%) | loss: 2.744649 | lrm: 0.64 | dt: 3942.69ms | tok/sec: 265,954 | bf16_mfu: 47.84 | epoch: 1 | total time: 196.28m | eta: 92.5m
step 02966/04357 (68.07%) | loss: 2.735987 | lrm: 0.64 | dt: 3947.82ms | tok/sec: 265,608 | bf16_mfu: 47.78 | epoch: 1 | total time: 196.35m | eta: 92.4m
step 02967/04357 (68.10%) | loss: 2.735258 | lrm: 0.64 | dt: 3951.58ms | tok/sec: 265,356 | bf16_mfu: 47.74 | epoch: 1 | total time: 196.42m | eta: 92.3m
step 02968/04357 (68.12%) | loss: 2.736634 | lrm: 0.64 | dt: 3940.89ms | tok/sec: 266,075 | bf16_mfu: 47.86 | epoch: 1 | total time: 196.48m | eta: 92.3m
step 02969/04357 (68.14%) | loss: 2.731311 | lrm: 0.64 | dt: 3945.10ms | tok/sec: 265,791 | bf16_mfu: 47.81 | epoch: 1 | total time: 196.55m | eta: 92.2m
step 02970/04357 (68.17%) | loss: 2.736652 | lrm: 0.64 | dt: 3938.24ms | tok/sec: 266,254 | bf16_mfu: 47.90 | epoch: 1 | total time: 196.61m | eta: 92.1m
step 02971/04357 (68.19%) | loss: 2.734065 | lrm: 0.64 | dt: 3945.71ms | tok/sec: 265,750 | bf16_mfu: 47.81 | epoch: 1 | total time: 196.68m | eta: 92.1m
step 02972/04357 (68.21%) | loss: 2.722518 | lrm: 0.64 | dt: 3939.08ms | tok/sec: 266,198 | bf16_mfu: 47.89 | epoch: 1 | total time: 196.75m | eta: 92.0m
step 02973/04357 (68.24%) | loss: 2.724568 | lrm: 0.64 | dt: 3946.30ms | tok/sec: 265,711 | bf16_mfu: 47.80 | epoch: 1 | total time: 196.81m | eta: 91.9m
step 02974/04357 (68.26%) | loss: 2.726942 | lrm: 0.63 | dt: 3937.78ms | tok/sec: 266,285 | bf16_mfu: 47.90 | epoch: 1 | total time: 196.88m | eta: 91.9m
step 02975/04357 (68.28%) | loss: 2.730819 | lrm: 0.63 | dt: 3945.05ms | tok/sec: 265,795 | bf16_mfu: 47.81 | epoch: 1 | total time: 196.94m | eta: 91.8m
step 02976/04357 (68.30%) | loss: 2.740781 | lrm: 0.63 | dt: 3938.06ms | tok/sec: 266,266 | bf16_mfu: 47.90 | epoch: 1 | total time: 197.01m | eta: 91.7m
step 02977/04357 (68.33%) | loss: 2.741915 | lrm: 0.63 | dt: 3944.92ms | tok/sec: 265,804 | bf16_mfu: 47.82 | epoch: 1 | total time: 197.07m | eta: 91.7m
step 02978/04357 (68.35%) | loss: 2.744700 | lrm: 0.63 | dt: 3949.80ms | tok/sec: 265,475 | bf16_mfu: 47.76 | epoch: 1 | total time: 197.14m | eta: 91.6m
step 02979/04357 (68.37%) | loss: 2.740268 | lrm: 0.63 | dt: 3938.14ms | tok/sec: 266,262 | bf16_mfu: 47.90 | epoch: 1 | total time: 197.21m | eta: 91.5m
step 02980/04357 (68.40%) | loss: 2.735309 | lrm: 0.63 | dt: 3940.25ms | tok/sec: 266,119 | bf16_mfu: 47.87 | epoch: 1 | total time: 197.27m | eta: 91.5m
step 02981/04357 (68.42%) | loss: 2.734440 | lrm: 0.63 | dt: 3939.36ms | tok/sec: 266,179 | bf16_mfu: 47.88 | epoch: 1 | total time: 197.34m | eta: 91.4m
step 02982/04357 (68.44%) | loss: 2.727140 | lrm: 0.63 | dt: 3962.31ms | tok/sec: 264,637 | bf16_mfu: 47.61 | epoch: 1 | total time: 197.40m | eta: 91.3m
step 02983/04357 (68.46%) | loss: 2.728570 | lrm: 0.63 | dt: 3962.07ms | tok/sec: 264,653 | bf16_mfu: 47.61 | epoch: 1 | total time: 197.47m | eta: 91.3m
step 02984/04357 (68.49%) | loss: 2.742086 | lrm: 0.63 | dt: 3938.06ms | tok/sec: 266,267 | bf16_mfu: 47.90 | epoch: 1 | total time: 197.53m | eta: 91.2m
step 02985/04357 (68.51%) | loss: 2.741360 | lrm: 0.63 | dt: 3933.52ms | tok/sec: 266,574 | bf16_mfu: 47.95 | epoch: 1 | total time: 197.60m | eta: 91.1m
step 02986/04357 (68.53%) | loss: 2.748628 | lrm: 0.63 | dt: 3933.29ms | tok/sec: 266,590 | bf16_mfu: 47.96 | epoch: 1 | total time: 197.67m | eta: 91.1m
step 02987/04357 (68.56%) | loss: 2.753280 | lrm: 0.63 | dt: 3943.47ms | tok/sec: 265,901 | bf16_mfu: 47.83 | epoch: 1 | total time: 197.73m | eta: 91.0m
step 02988/04357 (68.58%) | loss: 2.757297 | lrm: 0.63 | dt: 3942.06ms | tok/sec: 265,996 | bf16_mfu: 47.85 | epoch: 1 | total time: 197.80m | eta: 90.9m
step 02989/04357 (68.60%) | loss: 2.743897 | lrm: 0.63 | dt: 3941.40ms | tok/sec: 266,041 | bf16_mfu: 47.86 | epoch: 1 | total time: 197.86m | eta: 90.9m
step 02990/04357 (68.63%) | loss: 2.726776 | lrm: 0.63 | dt: 3943.92ms | tok/sec: 265,871 | bf16_mfu: 47.83 | epoch: 1 | total time: 197.93m | eta: 90.8m
step 02991/04357 (68.65%) | loss: 2.724555 | lrm: 0.63 | dt: 3938.51ms | tok/sec: 266,237 | bf16_mfu: 47.89 | epoch: 1 | total time: 197.99m | eta: 90.7m
step 02992/04357 (68.67%) | loss: 2.727019 | lrm: 0.63 | dt: 3940.50ms | tok/sec: 266,102 | bf16_mfu: 47.87 | epoch: 1 | total time: 198.06m | eta: 90.7m
step 02993/04357 (68.69%) | loss: 2.721626 | lrm: 0.63 | dt: 3941.00ms | tok/sec: 266,068 | bf16_mfu: 47.86 | epoch: 1 | total time: 198.13m | eta: 90.6m
step 02994/04357 (68.72%) | loss: 2.727098 | lrm: 0.63 | dt: 3941.72ms | tok/sec: 266,020 | bf16_mfu: 47.85 | epoch: 1 | total time: 198.19m | eta: 90.5m
step 02995/04357 (68.74%) | loss: 2.739164 | lrm: 0.63 | dt: 3945.72ms | tok/sec: 265,749 | bf16_mfu: 47.81 | epoch: 1 | total time: 198.26m | eta: 90.5m
step 02996/04357 (68.76%) | loss: 2.740185 | lrm: 0.62 | dt: 3952.65ms | tok/sec: 265,284 | bf16_mfu: 47.72 | epoch: 1 | total time: 198.32m | eta: 90.4m
step 02997/04357 (68.79%) | loss: 2.743706 | lrm: 0.62 | dt: 3972.87ms | tok/sec: 263,934 | bf16_mfu: 47.48 | epoch: 1 | total time: 198.39m | eta: 90.3m
step 02998/04357 (68.81%) | loss: 2.757693 | lrm: 0.62 | dt: 3954.05ms | tok/sec: 265,190 | bf16_mfu: 47.71 | epoch: 1 | total time: 198.45m | eta: 90.3m
step 02999/04357 (68.83%) | loss: 2.751399 | lrm: 0.62 | dt: 3948.69ms | tok/sec: 265,550 | bf16_mfu: 47.77 | epoch: 1 | total time: 198.52m | eta: 90.2m
Step 03000 | Validation bpb: 0.829521
step 03000/04357 (68.85%) | loss: 2.754735 | lrm: 0.62 | dt: 3955.55ms | tok/sec: 265,089 | bf16_mfu: 47.69 | epoch: 1 | total time: 198.59m | eta: 90.1m
step 03001/04357 (68.88%) | loss: 2.735607 | lrm: 0.62 | dt: 3939.55ms | tok/sec: 266,166 | bf16_mfu: 47.88 | epoch: 1 | total time: 198.65m | eta: 90.1m
step 03002/04357 (68.90%) | loss: 2.732285 | lrm: 0.62 | dt: 3940.21ms | tok/sec: 266,122 | bf16_mfu: 47.87 | epoch: 1 | total time: 198.72m | eta: 90.0m
step 03003/04357 (68.92%) | loss: 2.732730 | lrm: 0.62 | dt: 3935.95ms | tok/sec: 266,409 | bf16_mfu: 47.92 | epoch: 1 | total time: 198.78m | eta: 89.9m
step 03004/04357 (68.95%) | loss: 2.742441 | lrm: 0.62 | dt: 3936.56ms | tok/sec: 266,368 | bf16_mfu: 47.92 | epoch: 1 | total time: 198.85m | eta: 89.9m
step 03005/04357 (68.97%) | loss: 2.751709 | lrm: 0.62 | dt: 3932.32ms | tok/sec: 266,656 | bf16_mfu: 47.97 | epoch: 1 | total time: 198.91m | eta: 89.8m
step 03006/04357 (68.99%) | loss: 2.752837 | lrm: 0.62 | dt: 3950.71ms | tok/sec: 265,414 | bf16_mfu: 47.75 | epoch: 1 | total time: 198.98m | eta: 89.7m
step 03007/04357 (69.02%) | loss: 2.750581 | lrm: 0.62 | dt: 3970.74ms | tok/sec: 264,075 | bf16_mfu: 47.50 | epoch: 1 | total time: 199.05m | eta: 89.7m
step 03008/04357 (69.04%) | loss: 2.735524 | lrm: 0.62 | dt: 3955.35ms | tok/sec: 265,103 | bf16_mfu: 47.69 | epoch: 1 | total time: 199.11m | eta: 89.6m
step 03009/04357 (69.06%) | loss: 2.736130 | lrm: 0.62 | dt: 3934.20ms | tok/sec: 266,528 | bf16_mfu: 47.95 | epoch: 1 | total time: 199.18m | eta: 89.5m
step 03010/04357 (69.08%) | loss: 2.731876 | lrm: 0.62 | dt: 3944.41ms | tok/sec: 265,838 | bf16_mfu: 47.82 | epoch: 1 | total time: 199.24m | eta: 89.5m
step 03011/04357 (69.11%) | loss: 2.740944 | lrm: 0.62 | dt: 3948.84ms | tok/sec: 265,539 | bf16_mfu: 47.77 | epoch: 1 | total time: 199.31m | eta: 89.4m
step 03012/04357 (69.13%) | loss: 2.741621 | lrm: 0.62 | dt: 3944.26ms | tok/sec: 265,848 | bf16_mfu: 47.82 | epoch: 1 | total time: 199.38m | eta: 89.3m
step 03013/04357 (69.15%) | loss: 2.745090 | lrm: 0.62 | dt: 3938.88ms | tok/sec: 266,211 | bf16_mfu: 47.89 | epoch: 1 | total time: 199.44m | eta: 89.3m
step 03014/04357 (69.18%) | loss: 2.752188 | lrm: 0.62 | dt: 3938.46ms | tok/sec: 266,240 | bf16_mfu: 47.89 | epoch: 1 | total time: 199.51m | eta: 89.2m
step 03015/04357 (69.20%) | loss: 2.746574 | lrm: 0.62 | dt: 3944.22ms | tok/sec: 265,851 | bf16_mfu: 47.82 | epoch: 1 | total time: 199.57m | eta: 89.1m
step 03016/04357 (69.22%) | loss: 2.755271 | lrm: 0.62 | dt: 3947.77ms | tok/sec: 265,612 | bf16_mfu: 47.78 | epoch: 1 | total time: 199.64m | eta: 89.1m
step 03017/04357 (69.24%) | loss: 2.740027 | lrm: 0.62 | dt: 3937.92ms | tok/sec: 266,276 | bf16_mfu: 47.90 | epoch: 1 | total time: 199.70m | eta: 89.0m
step 03018/04357 (69.27%) | loss: 2.736106 | lrm: 0.61 | dt: 3965.48ms | tok/sec: 264,425 | bf16_mfu: 47.57 | epoch: 1 | total time: 199.77m | eta: 88.9m
step 03019/04357 (69.29%) | loss: 2.733917 | lrm: 0.61 | dt: 3950.02ms | tok/sec: 265,460 | bf16_mfu: 47.75 | epoch: 1 | total time: 199.84m | eta: 88.9m
step 03020/04357 (69.31%) | loss: 2.731439 | lrm: 0.61 | dt: 3938.68ms | tok/sec: 266,224 | bf16_mfu: 47.89 | epoch: 1 | total time: 199.90m | eta: 88.8m
step 03021/04357 (69.34%) | loss: 2.716123 | lrm: 0.61 | dt: 3939.15ms | tok/sec: 266,193 | bf16_mfu: 47.89 | epoch: 1 | total time: 199.97m | eta: 88.7m
step 03022/04357 (69.36%) | loss: 2.708270 | lrm: 0.61 | dt: 3942.60ms | tok/sec: 265,960 | bf16_mfu: 47.84 | epoch: 1 | total time: 200.03m | eta: 88.7m
step 03023/04357 (69.38%) | loss: 2.725221 | lrm: 0.61 | dt: 3936.45ms | tok/sec: 266,375 | bf16_mfu: 47.92 | epoch: 1 | total time: 200.10m | eta: 88.6m
step 03024/04357 (69.41%) | loss: 2.717459 | lrm: 0.61 | dt: 3940.46ms | tok/sec: 266,105 | bf16_mfu: 47.87 | epoch: 1 | total time: 200.16m | eta: 88.5m
step 03025/04357 (69.43%) | loss: 2.706898 | lrm: 0.61 | dt: 3941.91ms | tok/sec: 266,007 | bf16_mfu: 47.85 | epoch: 1 | total time: 200.23m | eta: 88.5m
step 03026/04357 (69.45%) | loss: 2.726788 | lrm: 0.61 | dt: 3946.13ms | tok/sec: 265,722 | bf16_mfu: 47.80 | epoch: 1 | total time: 200.30m | eta: 88.4m
step 03027/04357 (69.47%) | loss: 2.724880 | lrm: 0.61 | dt: 3938.85ms | tok/sec: 266,213 | bf16_mfu: 47.89 | epoch: 1 | total time: 200.36m | eta: 88.3m
step 03028/04357 (69.50%) | loss: 2.711094 | lrm: 0.61 | dt: 3940.59ms | tok/sec: 266,096 | bf16_mfu: 47.87 | epoch: 1 | total time: 200.43m | eta: 88.3m
step 03029/04357 (69.52%) | loss: 2.722881 | lrm: 0.61 | dt: 3942.53ms | tok/sec: 265,965 | bf16_mfu: 47.84 | epoch: 1 | total time: 200.49m | eta: 88.2m
step 03030/04357 (69.54%) | loss: 2.723388 | lrm: 0.61 | dt: 3942.08ms | tok/sec: 265,995 | bf16_mfu: 47.85 | epoch: 1 | total time: 200.56m | eta: 88.1m
step 03031/04357 (69.57%) | loss: 2.725034 | lrm: 0.61 | dt: 3942.40ms | tok/sec: 265,973 | bf16_mfu: 47.85 | epoch: 1 | total time: 200.62m | eta: 88.1m
step 03032/04357 (69.59%) | loss: 2.729369 | lrm: 0.61 | dt: 3937.82ms | tok/sec: 266,283 | bf16_mfu: 47.90 | epoch: 1 | total time: 200.69m | eta: 88.0m
step 03033/04357 (69.61%) | loss: 2.738329 | lrm: 0.61 | dt: 3937.98ms | tok/sec: 266,272 | bf16_mfu: 47.90 | epoch: 1 | total time: 200.76m | eta: 87.9m
step 03034/04357 (69.64%) | loss: 2.731128 | lrm: 0.61 | dt: 3934.49ms | tok/sec: 266,508 | bf16_mfu: 47.94 | epoch: 1 | total time: 200.82m | eta: 87.9m
step 03035/04357 (69.66%) | loss: 2.739724 | lrm: 0.61 | dt: 3934.61ms | tok/sec: 266,500 | bf16_mfu: 47.94 | epoch: 1 | total time: 200.89m | eta: 87.8m
step 03036/04357 (69.68%) | loss: 2.735664 | lrm: 0.61 | dt: 3959.05ms | tok/sec: 264,855 | bf16_mfu: 47.65 | epoch: 1 | total time: 200.95m | eta: 87.7m
step 03037/04357 (69.70%) | loss: 2.735872 | lrm: 0.61 | dt: 3946.42ms | tok/sec: 265,703 | bf16_mfu: 47.80 | epoch: 1 | total time: 201.02m | eta: 87.7m
step 03038/04357 (69.73%) | loss: 2.723058 | lrm: 0.61 | dt: 3937.92ms | tok/sec: 266,276 | bf16_mfu: 47.90 | epoch: 1 | total time: 201.08m | eta: 87.6m
step 03039/04357 (69.75%) | loss: 2.728281 | lrm: 0.61 | dt: 3934.37ms | tok/sec: 266,516 | bf16_mfu: 47.94 | epoch: 1 | total time: 201.15m | eta: 87.5m
step 03040/04357 (69.77%) | loss: 2.723711 | lrm: 0.60 | dt: 3939.88ms | tok/sec: 266,144 | bf16_mfu: 47.88 | epoch: 1 | total time: 201.21m | eta: 87.5m
step 03041/04357 (69.80%) | loss: 2.724262 | lrm: 0.60 | dt: 3940.60ms | tok/sec: 266,095 | bf16_mfu: 47.87 | epoch: 1 | total time: 201.28m | eta: 87.4m
step 03042/04357 (69.82%) | loss: 2.715973 | lrm: 0.60 | dt: 3935.39ms | tok/sec: 266,448 | bf16_mfu: 47.93 | epoch: 1 | total time: 201.35m | eta: 87.3m
step 03043/04357 (69.84%) | loss: 2.712228 | lrm: 0.60 | dt: 3933.44ms | tok/sec: 266,580 | bf16_mfu: 47.96 | epoch: 1 | total time: 201.41m | eta: 87.3m
step 03044/04357 (69.86%) | loss: 2.700634 | lrm: 0.60 | dt: 3943.60ms | tok/sec: 265,893 | bf16_mfu: 47.83 | epoch: 1 | total time: 201.48m | eta: 87.2m
step 03045/04357 (69.89%) | loss: 2.702474 | lrm: 0.60 | dt: 3948.21ms | tok/sec: 265,582 | bf16_mfu: 47.78 | epoch: 1 | total time: 201.54m | eta: 87.1m
step 03046/04357 (69.91%) | loss: 2.702061 | lrm: 0.60 | dt: 3941.87ms | tok/sec: 266,009 | bf16_mfu: 47.85 | epoch: 1 | total time: 201.61m | eta: 87.1m
step 03047/04357 (69.93%) | loss: 2.716836 | lrm: 0.60 | dt: 3935.78ms | tok/sec: 266,421 | bf16_mfu: 47.93 | epoch: 1 | total time: 201.67m | eta: 87.0m
step 03048/04357 (69.96%) | loss: 2.711014 | lrm: 0.60 | dt: 3965.12ms | tok/sec: 264,450 | bf16_mfu: 47.57 | epoch: 1 | total time: 201.74m | eta: 86.9m
step 03049/04357 (69.98%) | loss: 2.706938 | lrm: 0.60 | dt: 3952.41ms | tok/sec: 265,300 | bf16_mfu: 47.73 | epoch: 1 | total time: 201.81m | eta: 86.9m
step 03050/04357 (70.00%) | loss: 2.698500 | lrm: 0.60 | dt: 3944.99ms | tok/sec: 265,799 | bf16_mfu: 47.82 | epoch: 1 | total time: 201.87m | eta: 86.8m
step 03051/04357 (70.03%) | loss: 2.692545 | lrm: 0.60 | dt: 3941.02ms | tok/sec: 266,067 | bf16_mfu: 47.86 | epoch: 1 | total time: 201.94m | eta: 86.7m
step 03052/04357 (70.05%) | loss: 2.699935 | lrm: 0.60 | dt: 3944.13ms | tok/sec: 265,857 | bf16_mfu: 47.83 | epoch: 1 | total time: 202.00m | eta: 86.7m
step 03053/04357 (70.07%) | loss: 2.704595 | lrm: 0.60 | dt: 3949.71ms | tok/sec: 265,481 | bf16_mfu: 47.76 | epoch: 1 | total time: 202.07m | eta: 86.6m
step 03054/04357 (70.09%) | loss: 2.706217 | lrm: 0.60 | dt: 3943.35ms | tok/sec: 265,909 | bf16_mfu: 47.83 | epoch: 1 | total time: 202.14m | eta: 86.5m
step 03055/04357 (70.12%) | loss: 2.704783 | lrm: 0.60 | dt: 3945.69ms | tok/sec: 265,752 | bf16_mfu: 47.81 | epoch: 1 | total time: 202.20m | eta: 86.5m
step 03056/04357 (70.14%) | loss: 2.696754 | lrm: 0.60 | dt: 3937.44ms | tok/sec: 266,308 | bf16_mfu: 47.91 | epoch: 1 | total time: 202.27m | eta: 86.4m
step 03057/04357 (70.16%) | loss: 2.704554 | lrm: 0.60 | dt: 3945.09ms | tok/sec: 265,792 | bf16_mfu: 47.81 | epoch: 1 | total time: 202.33m | eta: 86.3m
step 03058/04357 (70.19%) | loss: 2.706746 | lrm: 0.60 | dt: 3950.85ms | tok/sec: 265,405 | bf16_mfu: 47.74 | epoch: 1 | total time: 202.40m | eta: 86.3m
step 03059/04357 (70.21%) | loss: 2.707814 | lrm: 0.60 | dt: 3941.09ms | tok/sec: 266,062 | bf16_mfu: 47.86 | epoch: 1 | total time: 202.46m | eta: 86.2m
step 03060/04357 (70.23%) | loss: 2.706028 | lrm: 0.60 | dt: 3938.21ms | tok/sec: 266,256 | bf16_mfu: 47.90 | epoch: 1 | total time: 202.53m | eta: 86.1m
step 03061/04357 (70.25%) | loss: 2.696403 | lrm: 0.60 | dt: 3939.48ms | tok/sec: 266,171 | bf16_mfu: 47.88 | epoch: 1 | total time: 202.60m | eta: 86.1m
step 03062/04357 (70.28%) | loss: 2.703718 | lrm: 0.59 | dt: 3936.45ms | tok/sec: 266,376 | bf16_mfu: 47.92 | epoch: 1 | total time: 202.66m | eta: 86.0m
step 03063/04357 (70.30%) | loss: 2.708458 | lrm: 0.59 | dt: 3946.91ms | tok/sec: 265,670 | bf16_mfu: 47.79 | epoch: 1 | total time: 202.73m | eta: 85.9m
step 03064/04357 (70.32%) | loss: 2.719383 | lrm: 0.59 | dt: 3938.36ms | tok/sec: 266,246 | bf16_mfu: 47.90 | epoch: 1 | total time: 202.79m | eta: 85.9m
step 03065/04357 (70.35%) | loss: 2.713536 | lrm: 0.59 | dt: 3944.08ms | tok/sec: 265,860 | bf16_mfu: 47.83 | epoch: 1 | total time: 202.86m | eta: 85.8m
step 03066/04357 (70.37%) | loss: 2.717798 | lrm: 0.59 | dt: 3940.89ms | tok/sec: 266,075 | bf16_mfu: 47.86 | epoch: 1 | total time: 202.92m | eta: 85.7m
step 03067/04357 (70.39%) | loss: 2.716164 | lrm: 0.59 | dt: 3937.66ms | tok/sec: 266,294 | bf16_mfu: 47.90 | epoch: 1 | total time: 202.99m | eta: 85.7m
step 03068/04357 (70.42%) | loss: 2.712629 | lrm: 0.59 | dt: 3940.67ms | tok/sec: 266,090 | bf16_mfu: 47.87 | epoch: 1 | total time: 203.05m | eta: 85.6m
step 03069/04357 (70.44%) | loss: 2.707002 | lrm: 0.59 | dt: 3943.44ms | tok/sec: 265,904 | bf16_mfu: 47.83 | epoch: 1 | total time: 203.12m | eta: 85.5m
step 03070/04357 (70.46%) | loss: 2.705986 | lrm: 0.59 | dt: 3940.40ms | tok/sec: 266,109 | bf16_mfu: 47.87 | epoch: 1 | total time: 203.19m | eta: 85.5m
step 03071/04357 (70.48%) | loss: 2.703558 | lrm: 0.59 | dt: 3943.91ms | tok/sec: 265,871 | bf16_mfu: 47.83 | epoch: 1 | total time: 203.25m | eta: 85.4m
step 03072/04357 (70.51%) | loss: 2.717395 | lrm: 0.59 | dt: 3947.39ms | tok/sec: 265,637 | bf16_mfu: 47.79 | epoch: 1 | total time: 203.32m | eta: 85.3m
step 03073/04357 (70.53%) | loss: 2.709881 | lrm: 0.59 | dt: 3938.61ms | tok/sec: 266,230 | bf16_mfu: 47.89 | epoch: 1 | total time: 203.38m | eta: 85.3m
step 03074/04357 (70.55%) | loss: 2.718424 | lrm: 0.59 | dt: 3937.38ms | tok/sec: 266,313 | bf16_mfu: 47.91 | epoch: 1 | total time: 203.45m | eta: 85.2m
step 03075/04357 (70.58%) | loss: 2.703158 | lrm: 0.59 | dt: 3943.89ms | tok/sec: 265,873 | bf16_mfu: 47.83 | epoch: 1 | total time: 203.51m | eta: 85.1m
step 03076/04357 (70.60%) | loss: 2.697445 | lrm: 0.59 | dt: 3945.22ms | tok/sec: 265,784 | bf16_mfu: 47.81 | epoch: 1 | total time: 203.58m | eta: 85.1m
step 03077/04357 (70.62%) | loss: 2.703227 | lrm: 0.59 | dt: 3938.75ms | tok/sec: 266,220 | bf16_mfu: 47.89 | epoch: 1 | total time: 203.65m | eta: 85.0m
step 03078/04357 (70.64%) | loss: 2.702220 | lrm: 0.59 | dt: 3937.35ms | tok/sec: 266,315 | bf16_mfu: 47.91 | epoch: 1 | total time: 203.71m | eta: 84.9m
step 03079/04357 (70.67%) | loss: 2.704881 | lrm: 0.59 | dt: 3946.38ms | tok/sec: 265,706 | bf16_mfu: 47.80 | epoch: 1 | total time: 203.78m | eta: 84.9m
step 03080/04357 (70.69%) | loss: 2.697083 | lrm: 0.59 | dt: 3934.09ms | tok/sec: 266,536 | bf16_mfu: 47.95 | epoch: 1 | total time: 203.84m | eta: 84.8m
step 03081/04357 (70.71%) | loss: 2.682040 | lrm: 0.59 | dt: 3946.38ms | tok/sec: 265,706 | bf16_mfu: 47.80 | epoch: 1 | total time: 203.91m | eta: 84.7m
step 03082/04357 (70.74%) | loss: 2.686558 | lrm: 0.59 | dt: 3948.86ms | tok/sec: 265,538 | bf16_mfu: 47.77 | epoch: 1 | total time: 203.97m | eta: 84.7m
step 03083/04357 (70.76%) | loss: 2.679284 | lrm: 0.58 | dt: 3942.26ms | tok/sec: 265,983 | bf16_mfu: 47.85 | epoch: 1 | total time: 204.04m | eta: 84.6m
step 03084/04357 (70.78%) | loss: 2.683939 | lrm: 0.58 | dt: 3944.72ms | tok/sec: 265,817 | bf16_mfu: 47.82 | epoch: 1 | total time: 204.11m | eta: 84.5m
step 03085/04357 (70.81%) | loss: 2.694898 | lrm: 0.58 | dt: 3946.49ms | tok/sec: 265,698 | bf16_mfu: 47.80 | epoch: 1 | total time: 204.17m | eta: 84.5m
step 03086/04357 (70.83%) | loss: 2.700855 | lrm: 0.58 | dt: 3938.53ms | tok/sec: 266,235 | bf16_mfu: 47.89 | epoch: 1 | total time: 204.24m | eta: 84.4m
step 03087/04357 (70.85%) | loss: 2.711105 | lrm: 0.58 | dt: 3949.09ms | tok/sec: 265,523 | bf16_mfu: 47.77 | epoch: 1 | total time: 204.30m | eta: 84.3m
step 03088/04357 (70.87%) | loss: 2.714918 | lrm: 0.58 | dt: 3945.82ms | tok/sec: 265,743 | bf16_mfu: 47.81 | epoch: 1 | total time: 204.37m | eta: 84.3m
step 03089/04357 (70.90%) | loss: 2.724786 | lrm: 0.58 | dt: 3936.47ms | tok/sec: 266,374 | bf16_mfu: 47.92 | epoch: 1 | total time: 204.43m | eta: 84.2m
step 03090/04357 (70.92%) | loss: 2.720299 | lrm: 0.58 | dt: 3941.19ms | tok/sec: 266,055 | bf16_mfu: 47.86 | epoch: 1 | total time: 204.50m | eta: 84.1m
step 03091/04357 (70.94%) | loss: 2.715395 | lrm: 0.58 | dt: 3945.96ms | tok/sec: 265,733 | bf16_mfu: 47.80 | epoch: 1 | total time: 204.57m | eta: 84.1m
step 03092/04357 (70.97%) | loss: 2.717756 | lrm: 0.58 | dt: 3949.31ms | tok/sec: 265,508 | bf16_mfu: 47.76 | epoch: 1 | total time: 204.63m | eta: 84.0m
step 03093/04357 (70.99%) | loss: 2.725750 | lrm: 0.58 | dt: 3939.22ms | tok/sec: 266,188 | bf16_mfu: 47.89 | epoch: 1 | total time: 204.70m | eta: 83.9m
step 03094/04357 (71.01%) | loss: 2.721078 | lrm: 0.58 | dt: 3944.64ms | tok/sec: 265,823 | bf16_mfu: 47.82 | epoch: 1 | total time: 204.76m | eta: 83.9m
step 03095/04357 (71.04%) | loss: 2.728867 | lrm: 0.58 | dt: 3945.67ms | tok/sec: 265,753 | bf16_mfu: 47.81 | epoch: 1 | total time: 204.83m | eta: 83.8m
step 03096/04357 (71.06%) | loss: 2.742265 | lrm: 0.58 | dt: 3934.03ms | tok/sec: 266,539 | bf16_mfu: 47.95 | epoch: 1 | total time: 204.89m | eta: 83.7m
step 03097/04357 (71.08%) | loss: 2.752889 | lrm: 0.58 | dt: 3938.77ms | tok/sec: 266,219 | bf16_mfu: 47.89 | epoch: 1 | total time: 204.96m | eta: 83.7m
step 03098/04357 (71.10%) | loss: 2.746709 | lrm: 0.58 | dt: 3947.18ms | tok/sec: 265,652 | bf16_mfu: 47.79 | epoch: 1 | total time: 205.03m | eta: 83.6m
step 03099/04357 (71.13%) | loss: 2.739066 | lrm: 0.58 | dt: 3969.21ms | tok/sec: 264,177 | bf16_mfu: 47.52 | epoch: 1 | total time: 205.09m | eta: 83.5m
step 03100/04357 (71.15%) | loss: 2.753548 | lrm: 0.58 | dt: 3968.50ms | tok/sec: 264,224 | bf16_mfu: 47.53 | epoch: 1 | total time: 205.16m | eta: 83.5m
step 03101/04357 (71.17%) | loss: 2.759479 | lrm: 0.58 | dt: 3952.33ms | tok/sec: 265,305 | bf16_mfu: 47.73 | epoch: 1 | total time: 205.22m | eta: 83.4m
step 03102/04357 (71.20%) | loss: 2.753789 | lrm: 0.58 | dt: 3940.38ms | tok/sec: 266,110 | bf16_mfu: 47.87 | epoch: 1 | total time: 205.29m | eta: 83.3m
step 03103/04357 (71.22%) | loss: 2.737339 | lrm: 0.58 | dt: 3939.99ms | tok/sec: 266,136 | bf16_mfu: 47.88 | epoch: 1 | total time: 205.36m | eta: 83.3m
step 03104/04357 (71.24%) | loss: 2.730841 | lrm: 0.58 | dt: 3941.50ms | tok/sec: 266,034 | bf16_mfu: 47.86 | epoch: 1 | total time: 205.42m | eta: 83.2m
step 03105/04357 (71.26%) | loss: 2.714596 | lrm: 0.57 | dt: 3969.45ms | tok/sec: 264,161 | bf16_mfu: 47.52 | epoch: 1 | total time: 205.49m | eta: 83.1m
step 03106/04357 (71.29%) | loss: 2.721045 | lrm: 0.57 | dt: 3944.29ms | tok/sec: 265,846 | bf16_mfu: 47.82 | epoch: 1 | total time: 205.55m | eta: 83.1m
step 03107/04357 (71.31%) | loss: 2.719157 | lrm: 0.57 | dt: 3941.80ms | tok/sec: 266,014 | bf16_mfu: 47.85 | epoch: 1 | total time: 205.62m | eta: 83.0m
step 03108/04357 (71.33%) | loss: 2.727851 | lrm: 0.57 | dt: 3937.49ms | tok/sec: 266,305 | bf16_mfu: 47.91 | epoch: 1 | total time: 205.68m | eta: 82.9m
step 03109/04357 (71.36%) | loss: 2.733937 | lrm: 0.57 | dt: 3959.70ms | tok/sec: 264,811 | bf16_mfu: 47.64 | epoch: 1 | total time: 205.75m | eta: 82.9m
step 03110/04357 (71.38%) | loss: 2.733665 | lrm: 0.57 | dt: 3964.42ms | tok/sec: 264,496 | bf16_mfu: 47.58 | epoch: 1 | total time: 205.82m | eta: 82.8m
step 03111/04357 (71.40%) | loss: 2.730483 | lrm: 0.57 | dt: 3938.03ms | tok/sec: 266,269 | bf16_mfu: 47.90 | epoch: 1 | total time: 205.88m | eta: 82.7m
step 03112/04357 (71.43%) | loss: 2.735942 | lrm: 0.57 | dt: 3934.12ms | tok/sec: 266,533 | bf16_mfu: 47.95 | epoch: 1 | total time: 205.95m | eta: 82.7m
step 03113/04357 (71.45%) | loss: 2.742964 | lrm: 0.57 | dt: 3947.65ms | tok/sec: 265,620 | bf16_mfu: 47.78 | epoch: 1 | total time: 206.01m | eta: 82.6m
step 03114/04357 (71.47%) | loss: 2.746320 | lrm: 0.57 | dt: 3943.44ms | tok/sec: 265,903 | bf16_mfu: 47.83 | epoch: 1 | total time: 206.08m | eta: 82.5m
step 03115/04357 (71.49%) | loss: 2.751552 | lrm: 0.57 | dt: 3935.75ms | tok/sec: 266,423 | bf16_mfu: 47.93 | epoch: 1 | total time: 206.15m | eta: 82.5m
step 03116/04357 (71.52%) | loss: 2.740203 | lrm: 0.57 | dt: 3941.81ms | tok/sec: 266,013 | bf16_mfu: 47.85 | epoch: 1 | total time: 206.21m | eta: 82.4m
step 03117/04357 (71.54%) | loss: 2.749682 | lrm: 0.57 | dt: 3940.87ms | tok/sec: 266,077 | bf16_mfu: 47.87 | epoch: 1 | total time: 206.28m | eta: 82.3m
step 03118/04357 (71.56%) | loss: 2.747886 | lrm: 0.57 | dt: 3946.26ms | tok/sec: 265,713 | bf16_mfu: 47.80 | epoch: 1 | total time: 206.34m | eta: 82.3m
step 03119/04357 (71.59%) | loss: 2.747198 | lrm: 0.57 | dt: 3934.39ms | tok/sec: 266,515 | bf16_mfu: 47.94 | epoch: 1 | total time: 206.41m | eta: 82.2m
step 03120/04357 (71.61%) | loss: 2.739732 | lrm: 0.57 | dt: 3941.63ms | tok/sec: 266,026 | bf16_mfu: 47.86 | epoch: 1 | total time: 206.47m | eta: 82.1m
step 03121/04357 (71.63%) | loss: 2.732190 | lrm: 0.57 | dt: 3935.76ms | tok/sec: 266,422 | bf16_mfu: 47.93 | epoch: 1 | total time: 206.54m | eta: 82.1m
step 03122/04357 (71.65%) | loss: 2.731492 | lrm: 0.57 | dt: 3947.27ms | tok/sec: 265,645 | bf16_mfu: 47.79 | epoch: 1 | total time: 206.60m | eta: 82.0m
step 03123/04357 (71.68%) | loss: 2.735034 | lrm: 0.57 | dt: 3942.08ms | tok/sec: 265,995 | bf16_mfu: 47.85 | epoch: 1 | total time: 206.67m | eta: 81.9m
step 03124/04357 (71.70%) | loss: 2.742121 | lrm: 0.57 | dt: 3942.97ms | tok/sec: 265,935 | bf16_mfu: 47.84 | epoch: 1 | total time: 206.74m | eta: 81.9m
step 03125/04357 (71.72%) | loss: 2.716985 | lrm: 0.57 | dt: 3943.63ms | tok/sec: 265,890 | bf16_mfu: 47.83 | epoch: 1 | total time: 206.80m | eta: 81.8m
step 03126/04357 (71.75%) | loss: 2.711694 | lrm: 0.57 | dt: 3941.74ms | tok/sec: 266,018 | bf16_mfu: 47.85 | epoch: 1 | total time: 206.87m | eta: 81.7m
step 03127/04357 (71.77%) | loss: 2.724010 | lrm: 0.56 | dt: 3939.55ms | tok/sec: 266,166 | bf16_mfu: 47.88 | epoch: 1 | total time: 206.93m | eta: 81.7m
step 03128/04357 (71.79%) | loss: 2.729700 | lrm: 0.56 | dt: 3944.58ms | tok/sec: 265,826 | bf16_mfu: 47.82 | epoch: 1 | total time: 207.00m | eta: 81.6m
step 03129/04357 (71.82%) | loss: 2.721182 | lrm: 0.56 | dt: 3949.60ms | tok/sec: 265,489 | bf16_mfu: 47.76 | epoch: 1 | total time: 207.06m | eta: 81.5m
step 03130/04357 (71.84%) | loss: 2.726265 | lrm: 0.56 | dt: 3940.28ms | tok/sec: 266,116 | bf16_mfu: 47.87 | epoch: 1 | total time: 207.13m | eta: 81.5m
step 03131/04357 (71.86%) | loss: 2.723917 | lrm: 0.56 | dt: 3938.73ms | tok/sec: 266,221 | bf16_mfu: 47.89 | epoch: 1 | total time: 207.20m | eta: 81.4m
step 03132/04357 (71.88%) | loss: 2.706074 | lrm: 0.56 | dt: 3937.49ms | tok/sec: 266,306 | bf16_mfu: 47.91 | epoch: 1 | total time: 207.26m | eta: 81.3m
step 03133/04357 (71.91%) | loss: 2.715595 | lrm: 0.56 | dt: 3940.00ms | tok/sec: 266,136 | bf16_mfu: 47.88 | epoch: 1 | total time: 207.33m | eta: 81.3m
step 03134/04357 (71.93%) | loss: 2.721326 | lrm: 0.56 | dt: 3945.35ms | tok/sec: 265,775 | bf16_mfu: 47.81 | epoch: 1 | total time: 207.39m | eta: 81.2m
step 03135/04357 (71.95%) | loss: 2.717085 | lrm: 0.56 | dt: 3939.76ms | tok/sec: 266,152 | bf16_mfu: 47.88 | epoch: 1 | total time: 207.46m | eta: 81.1m
step 03136/04357 (71.98%) | loss: 2.724521 | lrm: 0.56 | dt: 3944.27ms | tok/sec: 265,847 | bf16_mfu: 47.82 | epoch: 1 | total time: 207.52m | eta: 81.1m
step 03137/04357 (72.00%) | loss: 2.738139 | lrm: 0.56 | dt: 3946.58ms | tok/sec: 265,692 | bf16_mfu: 47.80 | epoch: 1 | total time: 207.59m | eta: 81.0m
step 03138/04357 (72.02%) | loss: 2.715779 | lrm: 0.56 | dt: 3955.00ms | tok/sec: 265,126 | bf16_mfu: 47.69 | epoch: 1 | total time: 207.66m | eta: 80.9m
step 03139/04357 (72.04%) | loss: 2.708100 | lrm: 0.56 | dt: 3947.25ms | tok/sec: 265,647 | bf16_mfu: 47.79 | epoch: 1 | total time: 207.72m | eta: 80.9m
step 03140/04357 (72.07%) | loss: 2.705176 | lrm: 0.56 | dt: 3943.60ms | tok/sec: 265,892 | bf16_mfu: 47.83 | epoch: 1 | total time: 207.79m | eta: 80.8m
step 03141/04357 (72.09%) | loss: 2.707271 | lrm: 0.56 | dt: 3960.93ms | tok/sec: 264,729 | bf16_mfu: 47.62 | epoch: 1 | total time: 207.85m | eta: 80.7m
step 03142/04357 (72.11%) | loss: 2.690565 | lrm: 0.56 | dt: 3941.05ms | tok/sec: 266,065 | bf16_mfu: 47.86 | epoch: 1 | total time: 207.92m | eta: 80.7m
step 03143/04357 (72.14%) | loss: 2.676216 | lrm: 0.56 | dt: 3943.08ms | tok/sec: 265,927 | bf16_mfu: 47.84 | epoch: 1 | total time: 207.99m | eta: 80.6m
step 03144/04357 (72.16%) | loss: 2.670525 | lrm: 0.56 | dt: 3950.09ms | tok/sec: 265,456 | bf16_mfu: 47.75 | epoch: 1 | total time: 208.05m | eta: 80.5m
step 03145/04357 (72.18%) | loss: 2.674583 | lrm: 0.56 | dt: 3967.77ms | tok/sec: 264,273 | bf16_mfu: 47.54 | epoch: 1 | total time: 208.12m | eta: 80.5m
step 03146/04357 (72.21%) | loss: 2.679922 | lrm: 0.56 | dt: 3956.18ms | tok/sec: 265,047 | bf16_mfu: 47.68 | epoch: 1 | total time: 208.18m | eta: 80.4m
step 03147/04357 (72.23%) | loss: 2.692891 | lrm: 0.56 | dt: 3937.53ms | tok/sec: 266,302 | bf16_mfu: 47.91 | epoch: 1 | total time: 208.25m | eta: 80.3m
step 03148/04357 (72.25%) | loss: 2.682004 | lrm: 0.56 | dt: 3945.24ms | tok/sec: 265,782 | bf16_mfu: 47.81 | epoch: 1 | total time: 208.31m | eta: 80.3m
step 03149/04357 (72.27%) | loss: 2.669895 | lrm: 0.55 | dt: 3941.07ms | tok/sec: 266,064 | bf16_mfu: 47.86 | epoch: 1 | total time: 208.38m | eta: 80.2m
step 03150/04357 (72.30%) | loss: 2.672866 | lrm: 0.55 | dt: 3944.47ms | tok/sec: 265,834 | bf16_mfu: 47.82 | epoch: 1 | total time: 208.45m | eta: 80.1m
step 03151/04357 (72.32%) | loss: 2.681341 | lrm: 0.55 | dt: 3936.67ms | tok/sec: 266,360 | bf16_mfu: 47.92 | epoch: 1 | total time: 208.51m | eta: 80.1m
step 03152/04357 (72.34%) | loss: 2.696396 | lrm: 0.55 | dt: 3945.90ms | tok/sec: 265,737 | bf16_mfu: 47.80 | epoch: 1 | total time: 208.58m | eta: 80.0m
step 03153/04357 (72.37%) | loss: 2.693959 | lrm: 0.55 | dt: 3939.83ms | tok/sec: 266,147 | bf16_mfu: 47.88 | epoch: 1 | total time: 208.64m | eta: 79.9m
step 03154/04357 (72.39%) | loss: 2.702598 | lrm: 0.55 | dt: 3940.30ms | tok/sec: 266,115 | bf16_mfu: 47.87 | epoch: 1 | total time: 208.71m | eta: 79.9m
step 03155/04357 (72.41%) | loss: 2.703981 | lrm: 0.55 | dt: 3941.38ms | tok/sec: 266,042 | bf16_mfu: 47.86 | epoch: 1 | total time: 208.77m | eta: 79.8m
step 03156/04357 (72.44%) | loss: 2.719840 | lrm: 0.55 | dt: 3942.30ms | tok/sec: 265,980 | bf16_mfu: 47.85 | epoch: 1 | total time: 208.84m | eta: 79.7m
step 03157/04357 (72.46%) | loss: 2.721854 | lrm: 0.55 | dt: 3947.90ms | tok/sec: 265,603 | bf16_mfu: 47.78 | epoch: 1 | total time: 208.91m | eta: 79.7m
step 03158/04357 (72.48%) | loss: 2.727450 | lrm: 0.55 | dt: 3940.54ms | tok/sec: 266,099 | bf16_mfu: 47.87 | epoch: 1 | total time: 208.97m | eta: 79.6m
step 03159/04357 (72.50%) | loss: 2.727100 | lrm: 0.55 | dt: 3943.02ms | tok/sec: 265,932 | bf16_mfu: 47.84 | epoch: 1 | total time: 209.04m | eta: 79.5m
step 03160/04357 (72.53%) | loss: 2.719735 | lrm: 0.55 | dt: 3949.94ms | tok/sec: 265,466 | bf16_mfu: 47.76 | epoch: 1 | total time: 209.10m | eta: 79.5m
step 03161/04357 (72.55%) | loss: 2.700035 | lrm: 0.55 | dt: 3950.81ms | tok/sec: 265,407 | bf16_mfu: 47.74 | epoch: 1 | total time: 209.17m | eta: 79.4m
step 03162/04357 (72.57%) | loss: 2.710281 | lrm: 0.55 | dt: 3943.41ms | tok/sec: 265,905 | bf16_mfu: 47.83 | epoch: 1 | total time: 209.23m | eta: 79.3m
step 03163/04357 (72.60%) | loss: 2.719410 | lrm: 0.55 | dt: 3945.67ms | tok/sec: 265,753 | bf16_mfu: 47.81 | epoch: 1 | total time: 209.30m | eta: 79.3m
step 03164/04357 (72.62%) | loss: 2.707103 | lrm: 0.55 | dt: 3937.95ms | tok/sec: 266,274 | bf16_mfu: 47.90 | epoch: 1 | total time: 209.37m | eta: 79.2m
step 03165/04357 (72.64%) | loss: 2.716315 | lrm: 0.55 | dt: 3942.73ms | tok/sec: 265,951 | bf16_mfu: 47.84 | epoch: 1 | total time: 209.43m | eta: 79.1m
step 03166/04357 (72.66%) | loss: 2.716174 | lrm: 0.55 | dt: 3938.69ms | tok/sec: 266,224 | bf16_mfu: 47.89 | epoch: 1 | total time: 209.50m | eta: 79.1m
step 03167/04357 (72.69%) | loss: 2.725402 | lrm: 0.55 | dt: 3947.21ms | tok/sec: 265,650 | bf16_mfu: 47.79 | epoch: 1 | total time: 209.56m | eta: 79.0m
step 03168/04357 (72.71%) | loss: 2.733464 | lrm: 0.55 | dt: 3950.06ms | tok/sec: 265,458 | bf16_mfu: 47.75 | epoch: 1 | total time: 209.63m | eta: 78.9m
step 03169/04357 (72.73%) | loss: 2.740982 | lrm: 0.55 | dt: 3940.53ms | tok/sec: 266,100 | bf16_mfu: 47.87 | epoch: 1 | total time: 209.69m | eta: 78.9m
step 03170/04357 (72.76%) | loss: 2.736415 | lrm: 0.54 | dt: 3943.15ms | tok/sec: 265,923 | bf16_mfu: 47.84 | epoch: 1 | total time: 209.76m | eta: 78.8m
step 03171/04357 (72.78%) | loss: 2.739353 | lrm: 0.54 | dt: 3940.82ms | tok/sec: 266,080 | bf16_mfu: 47.87 | epoch: 1 | total time: 209.83m | eta: 78.7m
step 03172/04357 (72.80%) | loss: 2.732948 | lrm: 0.54 | dt: 3934.87ms | tok/sec: 266,483 | bf16_mfu: 47.94 | epoch: 1 | total time: 209.89m | eta: 78.7m
step 03173/04357 (72.83%) | loss: 2.723301 | lrm: 0.54 | dt: 3956.22ms | tok/sec: 265,045 | bf16_mfu: 47.68 | epoch: 1 | total time: 209.96m | eta: 78.6m
step 03174/04357 (72.85%) | loss: 2.746940 | lrm: 0.54 | dt: 3955.47ms | tok/sec: 265,094 | bf16_mfu: 47.69 | epoch: 1 | total time: 210.02m | eta: 78.5m
step 03175/04357 (72.87%) | loss: 2.745869 | lrm: 0.54 | dt: 3939.17ms | tok/sec: 266,191 | bf16_mfu: 47.89 | epoch: 1 | total time: 210.09m | eta: 78.5m
step 03176/04357 (72.89%) | loss: 2.758680 | lrm: 0.54 | dt: 3943.72ms | tok/sec: 265,884 | bf16_mfu: 47.83 | epoch: 1 | total time: 210.15m | eta: 78.4m
step 03177/04357 (72.92%) | loss: 2.756472 | lrm: 0.54 | dt: 3951.64ms | tok/sec: 265,352 | bf16_mfu: 47.73 | epoch: 1 | total time: 210.22m | eta: 78.3m
step 03178/04357 (72.94%) | loss: 2.755706 | lrm: 0.54 | dt: 3939.78ms | tok/sec: 266,150 | bf16_mfu: 47.88 | epoch: 1 | total time: 210.29m | eta: 78.3m
step 03179/04357 (72.96%) | loss: 2.747034 | lrm: 0.54 | dt: 3944.52ms | tok/sec: 265,830 | bf16_mfu: 47.82 | epoch: 1 | total time: 210.35m | eta: 78.2m
step 03180/04357 (72.99%) | loss: 2.735575 | lrm: 0.54 | dt: 3943.23ms | tok/sec: 265,918 | bf16_mfu: 47.84 | epoch: 1 | total time: 210.42m | eta: 78.1m
step 03181/04357 (73.01%) | loss: 2.730804 | lrm: 0.54 | dt: 3942.22ms | tok/sec: 265,986 | bf16_mfu: 47.85 | epoch: 1 | total time: 210.48m | eta: 78.1m
step 03182/04357 (73.03%) | loss: 2.723208 | lrm: 0.54 | dt: 3934.36ms | tok/sec: 266,517 | bf16_mfu: 47.94 | epoch: 1 | total time: 210.55m | eta: 78.0m
step 03183/04357 (73.05%) | loss: 2.702342 | lrm: 0.54 | dt: 3939.25ms | tok/sec: 266,186 | bf16_mfu: 47.88 | epoch: 1 | total time: 210.61m | eta: 77.9m
step 03184/04357 (73.08%) | loss: 2.707709 | lrm: 0.54 | dt: 3943.38ms | tok/sec: 265,907 | bf16_mfu: 47.83 | epoch: 1 | total time: 210.68m | eta: 77.9m
step 03185/04357 (73.10%) | loss: 2.719605 | lrm: 0.54 | dt: 3939.85ms | tok/sec: 266,145 | bf16_mfu: 47.88 | epoch: 1 | total time: 210.75m | eta: 77.8m
step 03186/04357 (73.12%) | loss: 2.719741 | lrm: 0.54 | dt: 3937.24ms | tok/sec: 266,322 | bf16_mfu: 47.91 | epoch: 1 | total time: 210.81m | eta: 77.7m
step 03187/04357 (73.15%) | loss: 2.728486 | lrm: 0.54 | dt: 3940.41ms | tok/sec: 266,108 | bf16_mfu: 47.87 | epoch: 1 | total time: 210.88m | eta: 77.7m
step 03188/04357 (73.17%) | loss: 2.741752 | lrm: 0.54 | dt: 3972.87ms | tok/sec: 263,933 | bf16_mfu: 47.48 | epoch: 1 | total time: 210.94m | eta: 77.6m
step 03189/04357 (73.19%) | loss: 2.746543 | lrm: 0.54 | dt: 3970.97ms | tok/sec: 264,060 | bf16_mfu: 47.50 | epoch: 1 | total time: 211.01m | eta: 77.5m
step 03190/04357 (73.22%) | loss: 2.748608 | lrm: 0.54 | dt: 3936.35ms | tok/sec: 266,382 | bf16_mfu: 47.92 | epoch: 1 | total time: 211.08m | eta: 77.5m
step 03191/04357 (73.24%) | loss: 2.744471 | lrm: 0.54 | dt: 3947.29ms | tok/sec: 265,644 | bf16_mfu: 47.79 | epoch: 1 | total time: 211.14m | eta: 77.4m
step 03192/04357 (73.26%) | loss: 2.723869 | lrm: 0.53 | dt: 3941.73ms | tok/sec: 266,019 | bf16_mfu: 47.85 | epoch: 1 | total time: 211.21m | eta: 77.3m
step 03193/04357 (73.28%) | loss: 2.726571 | lrm: 0.53 | dt: 3939.11ms | tok/sec: 266,195 | bf16_mfu: 47.89 | epoch: 1 | total time: 211.27m | eta: 77.3m
step 03194/04357 (73.31%) | loss: 2.730122 | lrm: 0.53 | dt: 3947.97ms | tok/sec: 265,598 | bf16_mfu: 47.78 | epoch: 1 | total time: 211.34m | eta: 77.2m
step 03195/04357 (73.33%) | loss: 2.730503 | lrm: 0.53 | dt: 3941.44ms | tok/sec: 266,038 | bf16_mfu: 47.86 | epoch: 1 | total time: 211.40m | eta: 77.1m
step 03196/04357 (73.35%) | loss: 2.727486 | lrm: 0.53 | dt: 3944.03ms | tok/sec: 265,864 | bf16_mfu: 47.83 | epoch: 1 | total time: 211.47m | eta: 77.1m
step 03197/04357 (73.38%) | loss: 2.728162 | lrm: 0.53 | dt: 3951.88ms | tok/sec: 265,335 | bf16_mfu: 47.73 | epoch: 1 | total time: 211.54m | eta: 77.0m
step 03198/04357 (73.40%) | loss: 2.729684 | lrm: 0.53 | dt: 3942.00ms | tok/sec: 266,000 | bf16_mfu: 47.85 | epoch: 1 | total time: 211.60m | eta: 76.9m
step 03199/04357 (73.42%) | loss: 2.728876 | lrm: 0.53 | dt: 3932.75ms | tok/sec: 266,626 | bf16_mfu: 47.96 | epoch: 1 | total time: 211.67m | eta: 76.9m
step 03200/04357 (73.45%) | loss: 2.732223 | lrm: 0.53 | dt: 3942.82ms | tok/sec: 265,945 | bf16_mfu: 47.84 | epoch: 1 | total time: 211.73m | eta: 76.8m
step 03201/04357 (73.47%) | loss: 2.722279 | lrm: 0.53 | dt: 3940.65ms | tok/sec: 266,091 | bf16_mfu: 47.87 | epoch: 1 | total time: 211.80m | eta: 76.7m
step 03202/04357 (73.49%) | loss: 2.732859 | lrm: 0.53 | dt: 3944.40ms | tok/sec: 265,839 | bf16_mfu: 47.82 | epoch: 1 | total time: 211.86m | eta: 76.7m
step 03203/04357 (73.51%) | loss: 2.723063 | lrm: 0.53 | dt: 3950.61ms | tok/sec: 265,421 | bf16_mfu: 47.75 | epoch: 1 | total time: 211.93m | eta: 76.6m
step 03204/04357 (73.54%) | loss: 2.730118 | lrm: 0.53 | dt: 3940.45ms | tok/sec: 266,105 | bf16_mfu: 47.87 | epoch: 1 | total time: 212.00m | eta: 76.5m
step 03205/04357 (73.56%) | loss: 2.732818 | lrm: 0.53 | dt: 3944.99ms | tok/sec: 265,799 | bf16_mfu: 47.82 | epoch: 1 | total time: 212.06m | eta: 76.5m
step 03206/04357 (73.58%) | loss: 2.729216 | lrm: 0.53 | dt: 3947.94ms | tok/sec: 265,601 | bf16_mfu: 47.78 | epoch: 1 | total time: 212.13m | eta: 76.4m
step 03207/04357 (73.61%) | loss: 2.732966 | lrm: 0.53 | dt: 3964.71ms | tok/sec: 264,477 | bf16_mfu: 47.58 | epoch: 1 | total time: 212.19m | eta: 76.3m
step 03208/04357 (73.63%) | loss: 2.717384 | lrm: 0.53 | dt: 3940.52ms | tok/sec: 266,101 | bf16_mfu: 47.87 | epoch: 1 | total time: 212.26m | eta: 76.3m
step 03209/04357 (73.65%) | loss: 2.714738 | lrm: 0.53 | dt: 3951.93ms | tok/sec: 265,332 | bf16_mfu: 47.73 | epoch: 1 | total time: 212.32m | eta: 76.2m
step 03210/04357 (73.67%) | loss: 2.721804 | lrm: 0.53 | dt: 3942.69ms | tok/sec: 265,954 | bf16_mfu: 47.84 | epoch: 1 | total time: 212.39m | eta: 76.1m
step 03211/04357 (73.70%) | loss: 2.702049 | lrm: 0.53 | dt: 3943.11ms | tok/sec: 265,926 | bf16_mfu: 47.84 | epoch: 1 | total time: 212.46m | eta: 76.1m
step 03212/04357 (73.72%) | loss: 2.695793 | lrm: 0.53 | dt: 3943.92ms | tok/sec: 265,871 | bf16_mfu: 47.83 | epoch: 1 | total time: 212.52m | eta: 76.0m
step 03213/04357 (73.74%) | loss: 2.697588 | lrm: 0.53 | dt: 3939.43ms | tok/sec: 266,174 | bf16_mfu: 47.88 | epoch: 1 | total time: 212.59m | eta: 75.9m
step 03214/04357 (73.77%) | loss: 2.696715 | lrm: 0.52 | dt: 3943.17ms | tok/sec: 265,921 | bf16_mfu: 47.84 | epoch: 1 | total time: 212.65m | eta: 75.9m
step 03215/04357 (73.79%) | loss: 2.688933 | lrm: 0.52 | dt: 3943.32ms | tok/sec: 265,911 | bf16_mfu: 47.84 | epoch: 1 | total time: 212.72m | eta: 75.8m
step 03216/04357 (73.81%) | loss: 2.703092 | lrm: 0.52 | dt: 3951.17ms | tok/sec: 265,383 | bf16_mfu: 47.74 | epoch: 1 | total time: 212.78m | eta: 75.7m
step 03217/04357 (73.84%) | loss: 2.705076 | lrm: 0.52 | dt: 3952.62ms | tok/sec: 265,286 | bf16_mfu: 47.72 | epoch: 1 | total time: 212.85m | eta: 75.7m
step 03218/04357 (73.86%) | loss: 2.701444 | lrm: 0.52 | dt: 3942.44ms | tok/sec: 265,971 | bf16_mfu: 47.85 | epoch: 1 | total time: 212.92m | eta: 75.6m
step 03219/04357 (73.88%) | loss: 2.707187 | lrm: 0.52 | dt: 3940.13ms | tok/sec: 266,127 | bf16_mfu: 47.87 | epoch: 1 | total time: 212.98m | eta: 75.5m
step 03220/04357 (73.90%) | loss: 2.710965 | lrm: 0.52 | dt: 3959.98ms | tok/sec: 264,793 | bf16_mfu: 47.63 | epoch: 1 | total time: 213.05m | eta: 75.5m
step 03221/04357 (73.93%) | loss: 2.699988 | lrm: 0.52 | dt: 3945.16ms | tok/sec: 265,787 | bf16_mfu: 47.81 | epoch: 1 | total time: 213.11m | eta: 75.4m
step 03222/04357 (73.95%) | loss: 2.714087 | lrm: 0.52 | dt: 3950.88ms | tok/sec: 265,403 | bf16_mfu: 47.74 | epoch: 1 | total time: 213.18m | eta: 75.3m
step 03223/04357 (73.97%) | loss: 2.715016 | lrm: 0.52 | dt: 3941.55ms | tok/sec: 266,031 | bf16_mfu: 47.86 | epoch: 1 | total time: 213.25m | eta: 75.3m
step 03224/04357 (74.00%) | loss: 2.713491 | lrm: 0.52 | dt: 3942.51ms | tok/sec: 265,966 | bf16_mfu: 47.85 | epoch: 1 | total time: 213.31m | eta: 75.2m
step 03225/04357 (74.02%) | loss: 2.718769 | lrm: 0.52 | dt: 3940.59ms | tok/sec: 266,096 | bf16_mfu: 47.87 | epoch: 1 | total time: 213.38m | eta: 75.1m
step 03226/04357 (74.04%) | loss: 2.716598 | lrm: 0.52 | dt: 3944.80ms | tok/sec: 265,812 | bf16_mfu: 47.82 | epoch: 1 | total time: 213.44m | eta: 75.1m
step 03227/04357 (74.06%) | loss: 2.715653 | lrm: 0.52 | dt: 3949.56ms | tok/sec: 265,491 | bf16_mfu: 47.76 | epoch: 1 | total time: 213.51m | eta: 75.0m
step 03228/04357 (74.09%) | loss: 2.727351 | lrm: 0.52 | dt: 3942.70ms | tok/sec: 265,953 | bf16_mfu: 47.84 | epoch: 1 | total time: 213.57m | eta: 74.9m
step 03229/04357 (74.11%) | loss: 2.733097 | lrm: 0.52 | dt: 3944.43ms | tok/sec: 265,837 | bf16_mfu: 47.82 | epoch: 1 | total time: 213.64m | eta: 74.9m
step 03230/04357 (74.13%) | loss: 2.735028 | lrm: 0.52 | dt: 3949.85ms | tok/sec: 265,472 | bf16_mfu: 47.76 | epoch: 1 | total time: 213.71m | eta: 74.8m
step 03231/04357 (74.16%) | loss: 2.733135 | lrm: 0.52 | dt: 3951.43ms | tok/sec: 265,366 | bf16_mfu: 47.74 | epoch: 1 | total time: 213.77m | eta: 74.7m
step 03232/04357 (74.18%) | loss: 2.718207 | lrm: 0.52 | dt: 3941.35ms | tok/sec: 266,044 | bf16_mfu: 47.86 | epoch: 1 | total time: 213.84m | eta: 74.7m
step 03233/04357 (74.20%) | loss: 2.706267 | lrm: 0.52 | dt: 3946.46ms | tok/sec: 265,700 | bf16_mfu: 47.80 | epoch: 1 | total time: 213.90m | eta: 74.6m
step 03234/04357 (74.23%) | loss: 2.704407 | lrm: 0.52 | dt: 3974.88ms | tok/sec: 263,800 | bf16_mfu: 47.46 | epoch: 1 | total time: 213.97m | eta: 74.5m
step 03235/04357 (74.25%) | loss: 2.699920 | lrm: 0.52 | dt: 3967.86ms | tok/sec: 264,267 | bf16_mfu: 47.54 | epoch: 1 | total time: 214.04m | eta: 74.5m
step 03236/04357 (74.27%) | loss: 2.707851 | lrm: 0.51 | dt: 3950.44ms | tok/sec: 265,432 | bf16_mfu: 47.75 | epoch: 1 | total time: 214.10m | eta: 74.4m
step 03237/04357 (74.29%) | loss: 2.707444 | lrm: 0.51 | dt: 3948.94ms | tok/sec: 265,533 | bf16_mfu: 47.77 | epoch: 1 | total time: 214.17m | eta: 74.3m
step 03238/04357 (74.32%) | loss: 2.705485 | lrm: 0.51 | dt: 3943.95ms | tok/sec: 265,869 | bf16_mfu: 47.83 | epoch: 1 | total time: 214.23m | eta: 74.3m
step 03239/04357 (74.34%) | loss: 2.705954 | lrm: 0.51 | dt: 3943.85ms | tok/sec: 265,876 | bf16_mfu: 47.83 | epoch: 1 | total time: 214.30m | eta: 74.2m
step 03240/04357 (74.36%) | loss: 2.715529 | lrm: 0.51 | dt: 3960.01ms | tok/sec: 264,791 | bf16_mfu: 47.63 | epoch: 1 | total time: 214.36m | eta: 74.1m
step 03241/04357 (74.39%) | loss: 2.704805 | lrm: 0.51 | dt: 3952.57ms | tok/sec: 265,289 | bf16_mfu: 47.72 | epoch: 1 | total time: 214.43m | eta: 74.1m
step 03242/04357 (74.41%) | loss: 2.709649 | lrm: 0.51 | dt: 3944.86ms | tok/sec: 265,807 | bf16_mfu: 47.82 | epoch: 1 | total time: 214.50m | eta: 74.0m
step 03243/04357 (74.43%) | loss: 2.717019 | lrm: 0.51 | dt: 3946.65ms | tok/sec: 265,687 | bf16_mfu: 47.80 | epoch: 1 | total time: 214.56m | eta: 73.9m
step 03244/04357 (74.45%) | loss: 2.726961 | lrm: 0.51 | dt: 3947.48ms | tok/sec: 265,632 | bf16_mfu: 47.78 | epoch: 1 | total time: 214.63m | eta: 73.9m
step 03245/04357 (74.48%) | loss: 2.715978 | lrm: 0.51 | dt: 3944.88ms | tok/sec: 265,807 | bf16_mfu: 47.82 | epoch: 1 | total time: 214.69m | eta: 73.8m
step 03246/04357 (74.50%) | loss: 2.702704 | lrm: 0.51 | dt: 3939.63ms | tok/sec: 266,160 | bf16_mfu: 47.88 | epoch: 1 | total time: 214.76m | eta: 73.7m
step 03247/04357 (74.52%) | loss: 2.701899 | lrm: 0.51 | dt: 3938.44ms | tok/sec: 266,241 | bf16_mfu: 47.89 | epoch: 1 | total time: 214.82m | eta: 73.7m
step 03248/04357 (74.55%) | loss: 2.705473 | lrm: 0.51 | dt: 3944.73ms | tok/sec: 265,817 | bf16_mfu: 47.82 | epoch: 1 | total time: 214.89m | eta: 73.6m
step 03249/04357 (74.57%) | loss: 2.724545 | lrm: 0.51 | dt: 3949.02ms | tok/sec: 265,528 | bf16_mfu: 47.77 | epoch: 1 | total time: 214.96m | eta: 73.5m
Step 03250 | Validation bpb: 0.820981
step 03250/04357 (74.59%) | loss: 2.729654 | lrm: 0.51 | dt: 3953.32ms | tok/sec: 265,239 | bf16_mfu: 47.71 | epoch: 1 | total time: 215.02m | eta: 73.5m
step 03251/04357 (74.62%) | loss: 2.728030 | lrm: 0.51 | dt: 3930.84ms | tok/sec: 266,756 | bf16_mfu: 47.99 | epoch: 1 | total time: 215.09m | eta: 73.4m
step 03252/04357 (74.64%) | loss: 2.722177 | lrm: 0.51 | dt: 3935.69ms | tok/sec: 266,427 | bf16_mfu: 47.93 | epoch: 1 | total time: 215.15m | eta: 73.3m
step 03253/04357 (74.66%) | loss: 2.717550 | lrm: 0.51 | dt: 3946.76ms | tok/sec: 265,680 | bf16_mfu: 47.79 | epoch: 1 | total time: 215.22m | eta: 73.3m
step 03254/04357 (74.68%) | loss: 2.709269 | lrm: 0.51 | dt: 3940.28ms | tok/sec: 266,116 | bf16_mfu: 47.87 | epoch: 1 | total time: 215.28m | eta: 73.2m
step 03255/04357 (74.71%) | loss: 2.706143 | lrm: 0.51 | dt: 3943.67ms | tok/sec: 265,888 | bf16_mfu: 47.83 | epoch: 1 | total time: 215.35m | eta: 73.1m
step 03256/04357 (74.73%) | loss: 2.698914 | lrm: 0.51 | dt: 3938.46ms | tok/sec: 266,240 | bf16_mfu: 47.89 | epoch: 1 | total time: 215.42m | eta: 73.1m
step 03257/04357 (74.75%) | loss: 2.698853 | lrm: 0.51 | dt: 3931.48ms | tok/sec: 266,713 | bf16_mfu: 47.98 | epoch: 1 | total time: 215.48m | eta: 73.0m
step 03258/04357 (74.78%) | loss: 2.700750 | lrm: 0.50 | dt: 3943.78ms | tok/sec: 265,880 | bf16_mfu: 47.83 | epoch: 1 | total time: 215.55m | eta: 72.9m
step 03259/04357 (74.80%) | loss: 2.695781 | lrm: 0.50 | dt: 3951.28ms | tok/sec: 265,376 | bf16_mfu: 47.74 | epoch: 1 | total time: 215.61m | eta: 72.9m
step 03260/04357 (74.82%) | loss: 2.689748 | lrm: 0.50 | dt: 3940.07ms | tok/sec: 266,131 | bf16_mfu: 47.87 | epoch: 1 | total time: 215.68m | eta: 72.8m
step 03261/04357 (74.85%) | loss: 2.683051 | lrm: 0.50 | dt: 3944.14ms | tok/sec: 265,856 | bf16_mfu: 47.83 | epoch: 1 | total time: 215.74m | eta: 72.7m
step 03262/04357 (74.87%) | loss: 2.673664 | lrm: 0.50 | dt: 3940.33ms | tok/sec: 266,113 | bf16_mfu: 47.87 | epoch: 1 | total time: 215.81m | eta: 72.7m
step 03263/04357 (74.89%) | loss: 2.668288 | lrm: 0.50 | dt: 3930.57ms | tok/sec: 266,774 | bf16_mfu: 47.99 | epoch: 1 | total time: 215.88m | eta: 72.6m
step 03264/04357 (74.91%) | loss: 2.677702 | lrm: 0.50 | dt: 3933.32ms | tok/sec: 266,587 | bf16_mfu: 47.96 | epoch: 1 | total time: 215.94m | eta: 72.5m
step 03265/04357 (74.94%) | loss: 2.677689 | lrm: 0.50 | dt: 3944.21ms | tok/sec: 265,851 | bf16_mfu: 47.82 | epoch: 1 | total time: 216.01m | eta: 72.5m
step 03266/04357 (74.96%) | loss: 2.681560 | lrm: 0.50 | dt: 3936.74ms | tok/sec: 266,356 | bf16_mfu: 47.92 | epoch: 1 | total time: 216.07m | eta: 72.4m
step 03267/04357 (74.98%) | loss: 2.687191 | lrm: 0.50 | dt: 3945.11ms | tok/sec: 265,791 | bf16_mfu: 47.81 | epoch: 1 | total time: 216.14m | eta: 72.3m
step 03268/04357 (75.01%) | loss: 2.692680 | lrm: 0.50 | dt: 3940.94ms | tok/sec: 266,072 | bf16_mfu: 47.86 | epoch: 1 | total time: 216.20m | eta: 72.3m
step 03269/04357 (75.03%) | loss: 2.702981 | lrm: 0.50 | dt: 3944.00ms | tok/sec: 265,866 | bf16_mfu: 47.83 | epoch: 1 | total time: 216.27m | eta: 72.2m
step 03270/04357 (75.05%) | loss: 2.691483 | lrm: 0.50 | dt: 3943.00ms | tok/sec: 265,933 | bf16_mfu: 47.84 | epoch: 1 | total time: 216.34m | eta: 72.1m
step 03271/04357 (75.07%) | loss: 2.692210 | lrm: 0.50 | dt: 3940.66ms | tok/sec: 266,091 | bf16_mfu: 47.87 | epoch: 1 | total time: 216.40m | eta: 72.1m
step 03272/04357 (75.10%) | loss: 2.699234 | lrm: 0.50 | dt: 3948.88ms | tok/sec: 265,537 | bf16_mfu: 47.77 | epoch: 1 | total time: 216.47m | eta: 72.0m
step 03273/04357 (75.12%) | loss: 2.702253 | lrm: 0.50 | dt: 3938.22ms | tok/sec: 266,256 | bf16_mfu: 47.90 | epoch: 1 | total time: 216.53m | eta: 71.9m
step 03274/04357 (75.14%) | loss: 2.699138 | lrm: 0.50 | dt: 3944.49ms | tok/sec: 265,832 | bf16_mfu: 47.82 | epoch: 1 | total time: 216.60m | eta: 71.9m
step 03275/04357 (75.17%) | loss: 2.696768 | lrm: 0.50 | dt: 3956.85ms | tok/sec: 265,002 | bf16_mfu: 47.67 | epoch: 1 | total time: 216.66m | eta: 71.8m
step 03276/04357 (75.19%) | loss: 2.695422 | lrm: 0.50 | dt: 3931.73ms | tok/sec: 266,695 | bf16_mfu: 47.98 | epoch: 1 | total time: 216.73m | eta: 71.7m
step 03277/04357 (75.21%) | loss: 2.711025 | lrm: 0.50 | dt: 3938.65ms | tok/sec: 266,227 | bf16_mfu: 47.89 | epoch: 1 | total time: 216.80m | eta: 71.7m
step 03278/04357 (75.24%) | loss: 2.719156 | lrm: 0.50 | dt: 3943.65ms | tok/sec: 265,889 | bf16_mfu: 47.83 | epoch: 1 | total time: 216.86m | eta: 71.6m
step 03279/04357 (75.26%) | loss: 2.733138 | lrm: 0.49 | dt: 3936.06ms | tok/sec: 266,402 | bf16_mfu: 47.92 | epoch: 1 | total time: 216.93m | eta: 71.5m
step 03280/04357 (75.28%) | loss: 2.743674 | lrm: 0.49 | dt: 3943.60ms | tok/sec: 265,893 | bf16_mfu: 47.83 | epoch: 1 | total time: 216.99m | eta: 71.5m
step 03281/04357 (75.30%) | loss: 2.734916 | lrm: 0.49 | dt: 3940.07ms | tok/sec: 266,131 | bf16_mfu: 47.87 | epoch: 1 | total time: 217.06m | eta: 71.4m
step 03282/04357 (75.33%) | loss: 2.730001 | lrm: 0.49 | dt: 3942.65ms | tok/sec: 265,957 | bf16_mfu: 47.84 | epoch: 1 | total time: 217.12m | eta: 71.3m
step 03283/04357 (75.35%) | loss: 2.725251 | lrm: 0.49 | dt: 3958.40ms | tok/sec: 264,898 | bf16_mfu: 47.65 | epoch: 1 | total time: 217.19m | eta: 71.3m
step 03284/04357 (75.37%) | loss: 2.724100 | lrm: 0.49 | dt: 3937.48ms | tok/sec: 266,306 | bf16_mfu: 47.91 | epoch: 1 | total time: 217.26m | eta: 71.2m
step 03285/04357 (75.40%) | loss: 2.722712 | lrm: 0.49 | dt: 3968.98ms | tok/sec: 264,193 | bf16_mfu: 47.53 | epoch: 1 | total time: 217.32m | eta: 71.1m
step 03286/04357 (75.42%) | loss: 2.722435 | lrm: 0.49 | dt: 3968.77ms | tok/sec: 264,206 | bf16_mfu: 47.53 | epoch: 1 | total time: 217.39m | eta: 71.1m
step 03287/04357 (75.44%) | loss: 2.732686 | lrm: 0.49 | dt: 3947.99ms | tok/sec: 265,597 | bf16_mfu: 47.78 | epoch: 1 | total time: 217.45m | eta: 71.0m
step 03288/04357 (75.46%) | loss: 2.724924 | lrm: 0.49 | dt: 3931.71ms | tok/sec: 266,696 | bf16_mfu: 47.98 | epoch: 1 | total time: 217.52m | eta: 70.9m
step 03289/04357 (75.49%) | loss: 2.713496 | lrm: 0.49 | dt: 3944.56ms | tok/sec: 265,828 | bf16_mfu: 47.82 | epoch: 1 | total time: 217.59m | eta: 70.9m
step 03290/04357 (75.51%) | loss: 2.706786 | lrm: 0.49 | dt: 3942.86ms | tok/sec: 265,943 | bf16_mfu: 47.84 | epoch: 1 | total time: 217.65m | eta: 70.8m
step 03291/04357 (75.53%) | loss: 2.720926 | lrm: 0.49 | dt: 3946.71ms | tok/sec: 265,683 | bf16_mfu: 47.79 | epoch: 1 | total time: 217.72m | eta: 70.7m
step 03292/04357 (75.56%) | loss: 2.696839 | lrm: 0.49 | dt: 3932.77ms | tok/sec: 266,625 | bf16_mfu: 47.96 | epoch: 1 | total time: 217.78m | eta: 70.7m
step 03293/04357 (75.58%) | loss: 2.710729 | lrm: 0.49 | dt: 3943.07ms | tok/sec: 265,929 | bf16_mfu: 47.84 | epoch: 1 | total time: 217.85m | eta: 70.6m
step 03294/04357 (75.60%) | loss: 2.708675 | lrm: 0.49 | dt: 3940.64ms | tok/sec: 266,092 | bf16_mfu: 47.87 | epoch: 1 | total time: 217.91m | eta: 70.5m
step 03295/04357 (75.63%) | loss: 2.701292 | lrm: 0.49 | dt: 3944.22ms | tok/sec: 265,851 | bf16_mfu: 47.82 | epoch: 1 | total time: 217.98m | eta: 70.5m
step 03296/04357 (75.65%) | loss: 2.706206 | lrm: 0.49 | dt: 3940.70ms | tok/sec: 266,088 | bf16_mfu: 47.87 | epoch: 1 | total time: 218.04m | eta: 70.4m
step 03297/04357 (75.67%) | loss: 2.708161 | lrm: 0.49 | dt: 3944.26ms | tok/sec: 265,848 | bf16_mfu: 47.82 | epoch: 1 | total time: 218.11m | eta: 70.3m
step 03298/04357 (75.69%) | loss: 2.703225 | lrm: 0.49 | dt: 3942.32ms | tok/sec: 265,979 | bf16_mfu: 47.85 | epoch: 1 | total time: 218.18m | eta: 70.3m
step 03299/04357 (75.72%) | loss: 2.719194 | lrm: 0.49 | dt: 3944.23ms | tok/sec: 265,850 | bf16_mfu: 47.82 | epoch: 1 | total time: 218.24m | eta: 70.2m
step 03300/04357 (75.74%) | loss: 2.704413 | lrm: 0.49 | dt: 3942.55ms | tok/sec: 265,964 | bf16_mfu: 47.84 | epoch: 1 | total time: 218.31m | eta: 70.1m
step 03301/04357 (75.76%) | loss: 2.686664 | lrm: 0.48 | dt: 3952.95ms | tok/sec: 265,264 | bf16_mfu: 47.72 | epoch: 1 | total time: 218.37m | eta: 70.1m
step 03302/04357 (75.79%) | loss: 2.677569 | lrm: 0.48 | dt: 3945.22ms | tok/sec: 265,783 | bf16_mfu: 47.81 | epoch: 1 | total time: 218.44m | eta: 70.0m
step 03303/04357 (75.81%) | loss: 2.682694 | lrm: 0.48 | dt: 3938.73ms | tok/sec: 266,221 | bf16_mfu: 47.89 | epoch: 1 | total time: 218.51m | eta: 69.9m
step 03304/04357 (75.83%) | loss: 2.680754 | lrm: 0.48 | dt: 3947.01ms | tok/sec: 265,663 | bf16_mfu: 47.79 | epoch: 1 | total time: 218.57m | eta: 69.9m
step 03305/04357 (75.85%) | loss: 2.681176 | lrm: 0.48 | dt: 3948.15ms | tok/sec: 265,586 | bf16_mfu: 47.78 | epoch: 1 | total time: 218.64m | eta: 69.8m
step 03306/04357 (75.88%) | loss: 2.682503 | lrm: 0.48 | dt: 3942.04ms | tok/sec: 265,998 | bf16_mfu: 47.85 | epoch: 1 | total time: 218.70m | eta: 69.7m
step 03307/04357 (75.90%) | loss: 2.699061 | lrm: 0.48 | dt: 3947.46ms | tok/sec: 265,633 | bf16_mfu: 47.79 | epoch: 1 | total time: 218.77m | eta: 69.7m
step 03308/04357 (75.92%) | loss: 2.702652 | lrm: 0.48 | dt: 3966.19ms | tok/sec: 264,378 | bf16_mfu: 47.56 | epoch: 1 | total time: 218.83m | eta: 69.6m
step 03309/04357 (75.95%) | loss: 2.693220 | lrm: 0.48 | dt: 3960.55ms | tok/sec: 264,755 | bf16_mfu: 47.63 | epoch: 1 | total time: 218.90m | eta: 69.5m
step 03310/04357 (75.97%) | loss: 2.700359 | lrm: 0.48 | dt: 3935.92ms | tok/sec: 266,412 | bf16_mfu: 47.93 | epoch: 1 | total time: 218.97m | eta: 69.5m
step 03311/04357 (75.99%) | loss: 2.694980 | lrm: 0.48 | dt: 3947.26ms | tok/sec: 265,646 | bf16_mfu: 47.79 | epoch: 1 | total time: 219.03m | eta: 69.4m
step 03312/04357 (76.02%) | loss: 2.689529 | lrm: 0.48 | dt: 3938.24ms | tok/sec: 266,254 | bf16_mfu: 47.90 | epoch: 1 | total time: 219.10m | eta: 69.3m
step 03313/04357 (76.04%) | loss: 2.697172 | lrm: 0.48 | dt: 3945.15ms | tok/sec: 265,788 | bf16_mfu: 47.81 | epoch: 1 | total time: 219.16m | eta: 69.3m
step 03314/04357 (76.06%) | loss: 2.697876 | lrm: 0.48 | dt: 3950.06ms | tok/sec: 265,458 | bf16_mfu: 47.75 | epoch: 1 | total time: 219.23m | eta: 69.2m
step 03315/04357 (76.08%) | loss: 2.680802 | lrm: 0.48 | dt: 3942.62ms | tok/sec: 265,958 | bf16_mfu: 47.84 | epoch: 1 | total time: 219.29m | eta: 69.1m
step 03316/04357 (76.11%) | loss: 2.699163 | lrm: 0.48 | dt: 3952.53ms | tok/sec: 265,292 | bf16_mfu: 47.72 | epoch: 1 | total time: 219.36m | eta: 69.1m
step 03317/04357 (76.13%) | loss: 2.694204 | lrm: 0.48 | dt: 3950.77ms | tok/sec: 265,410 | bf16_mfu: 47.75 | epoch: 1 | total time: 219.43m | eta: 69.0m
step 03318/04357 (76.15%) | loss: 2.696623 | lrm: 0.48 | dt: 3939.85ms | tok/sec: 266,146 | bf16_mfu: 47.88 | epoch: 1 | total time: 219.49m | eta: 68.9m
step 03319/04357 (76.18%) | loss: 2.684264 | lrm: 0.48 | dt: 3946.21ms | tok/sec: 265,717 | bf16_mfu: 47.80 | epoch: 1 | total time: 219.56m | eta: 68.9m
step 03320/04357 (76.20%) | loss: 2.675095 | lrm: 0.48 | dt: 3940.88ms | tok/sec: 266,076 | bf16_mfu: 47.86 | epoch: 1 | total time: 219.62m | eta: 68.8m
step 03321/04357 (76.22%) | loss: 2.679361 | lrm: 0.48 | dt: 3942.33ms | tok/sec: 265,978 | bf16_mfu: 47.85 | epoch: 1 | total time: 219.69m | eta: 68.7m
step 03322/04357 (76.25%) | loss: 2.667135 | lrm: 0.48 | dt: 3940.69ms | tok/sec: 266,089 | bf16_mfu: 47.87 | epoch: 1 | total time: 219.75m | eta: 68.7m
step 03323/04357 (76.27%) | loss: 2.671796 | lrm: 0.47 | dt: 3965.00ms | tok/sec: 264,457 | bf16_mfu: 47.57 | epoch: 1 | total time: 219.82m | eta: 68.6m
step 03324/04357 (76.29%) | loss: 2.667186 | lrm: 0.47 | dt: 3949.52ms | tok/sec: 265,494 | bf16_mfu: 47.76 | epoch: 1 | total time: 219.89m | eta: 68.5m
step 03325/04357 (76.31%) | loss: 2.660388 | lrm: 0.47 | dt: 3941.77ms | tok/sec: 266,016 | bf16_mfu: 47.85 | epoch: 1 | total time: 219.95m | eta: 68.5m
step 03326/04357 (76.34%) | loss: 2.653394 | lrm: 0.47 | dt: 3943.95ms | tok/sec: 265,869 | bf16_mfu: 47.83 | epoch: 1 | total time: 220.02m | eta: 68.4m
step 03327/04357 (76.36%) | loss: 2.655612 | lrm: 0.47 | dt: 3940.21ms | tok/sec: 266,121 | bf16_mfu: 47.87 | epoch: 1 | total time: 220.08m | eta: 68.3m
step 03328/04357 (76.38%) | loss: 2.659944 | lrm: 0.47 | dt: 3942.10ms | tok/sec: 265,994 | bf16_mfu: 47.85 | epoch: 1 | total time: 220.15m | eta: 68.3m
step 03329/04357 (76.41%) | loss: 2.670038 | lrm: 0.47 | dt: 3942.05ms | tok/sec: 265,997 | bf16_mfu: 47.85 | epoch: 1 | total time: 220.22m | eta: 68.2m
step 03330/04357 (76.43%) | loss: 2.671473 | lrm: 0.47 | dt: 3943.26ms | tok/sec: 265,916 | bf16_mfu: 47.84 | epoch: 1 | total time: 220.28m | eta: 68.1m
step 03331/04357 (76.45%) | loss: 2.668151 | lrm: 0.47 | dt: 3948.57ms | tok/sec: 265,558 | bf16_mfu: 47.77 | epoch: 1 | total time: 220.35m | eta: 68.1m
step 03332/04357 (76.47%) | loss: 2.650103 | lrm: 0.47 | dt: 3942.46ms | tok/sec: 265,969 | bf16_mfu: 47.85 | epoch: 1 | total time: 220.41m | eta: 68.0m
step 03333/04357 (76.50%) | loss: 2.640713 | lrm: 0.47 | dt: 3969.10ms | tok/sec: 264,184 | bf16_mfu: 47.52 | epoch: 1 | total time: 220.48m | eta: 67.9m
step 03334/04357 (76.52%) | loss: 2.645902 | lrm: 0.47 | dt: 3957.09ms | tok/sec: 264,986 | bf16_mfu: 47.67 | epoch: 1 | total time: 220.54m | eta: 67.9m
step 03335/04357 (76.54%) | loss: 2.651847 | lrm: 0.47 | dt: 3941.29ms | tok/sec: 266,048 | bf16_mfu: 47.86 | epoch: 1 | total time: 220.61m | eta: 67.8m
step 03336/04357 (76.57%) | loss: 2.647745 | lrm: 0.47 | dt: 3949.36ms | tok/sec: 265,505 | bf16_mfu: 47.76 | epoch: 1 | total time: 220.68m | eta: 67.7m
step 03337/04357 (76.59%) | loss: 2.666186 | lrm: 0.47 | dt: 3939.94ms | tok/sec: 266,139 | bf16_mfu: 47.88 | epoch: 1 | total time: 220.74m | eta: 67.7m
step 03338/04357 (76.61%) | loss: 2.663658 | lrm: 0.47 | dt: 3935.81ms | tok/sec: 266,419 | bf16_mfu: 47.93 | epoch: 1 | total time: 220.81m | eta: 67.6m
step 03339/04357 (76.64%) | loss: 2.661893 | lrm: 0.47 | dt: 3941.74ms | tok/sec: 266,018 | bf16_mfu: 47.85 | epoch: 1 | total time: 220.87m | eta: 67.5m
step 03340/04357 (76.66%) | loss: 2.660787 | lrm: 0.47 | dt: 3957.93ms | tok/sec: 264,930 | bf16_mfu: 47.66 | epoch: 1 | total time: 220.94m | eta: 67.5m
step 03341/04357 (76.68%) | loss: 2.655745 | lrm: 0.47 | dt: 3943.87ms | tok/sec: 265,874 | bf16_mfu: 47.83 | epoch: 1 | total time: 221.00m | eta: 67.4m
step 03342/04357 (76.70%) | loss: 2.657967 | lrm: 0.47 | dt: 3941.71ms | tok/sec: 266,020 | bf16_mfu: 47.85 | epoch: 1 | total time: 221.07m | eta: 67.3m
step 03343/04357 (76.73%) | loss: 2.658543 | lrm: 0.47 | dt: 3945.34ms | tok/sec: 265,775 | bf16_mfu: 47.81 | epoch: 1 | total time: 221.14m | eta: 67.3m
step 03344/04357 (76.75%) | loss: 2.652088 | lrm: 0.47 | dt: 3945.14ms | tok/sec: 265,789 | bf16_mfu: 47.81 | epoch: 1 | total time: 221.20m | eta: 67.2m
step 03345/04357 (76.77%) | loss: 2.655534 | lrm: 0.46 | dt: 3940.79ms | tok/sec: 266,082 | bf16_mfu: 47.87 | epoch: 1 | total time: 221.27m | eta: 67.1m
step 03346/04357 (76.80%) | loss: 2.663953 | lrm: 0.46 | dt: 3944.83ms | tok/sec: 265,809 | bf16_mfu: 47.82 | epoch: 1 | total time: 221.33m | eta: 67.1m
step 03347/04357 (76.82%) | loss: 2.655957 | lrm: 0.46 | dt: 3948.29ms | tok/sec: 265,577 | bf16_mfu: 47.78 | epoch: 1 | total time: 221.40m | eta: 67.0m
step 03348/04357 (76.84%) | loss: 2.663599 | lrm: 0.46 | dt: 3953.29ms | tok/sec: 265,241 | bf16_mfu: 47.71 | epoch: 1 | total time: 221.47m | eta: 66.9m
step 03349/04357 (76.86%) | loss: 2.660701 | lrm: 0.46 | dt: 3939.47ms | tok/sec: 266,171 | bf16_mfu: 47.88 | epoch: 1 | total time: 221.53m | eta: 66.9m
step 03350/04357 (76.89%) | loss: 2.662303 | lrm: 0.46 | dt: 3942.46ms | tok/sec: 265,969 | bf16_mfu: 47.85 | epoch: 1 | total time: 221.60m | eta: 66.8m
step 03351/04357 (76.91%) | loss: 2.652802 | lrm: 0.46 | dt: 3941.45ms | tok/sec: 266,038 | bf16_mfu: 47.86 | epoch: 1 | total time: 221.66m | eta: 66.7m
step 03352/04357 (76.93%) | loss: 2.661491 | lrm: 0.46 | dt: 3942.63ms | tok/sec: 265,958 | bf16_mfu: 47.84 | epoch: 1 | total time: 221.73m | eta: 66.7m
step 03353/04357 (76.96%) | loss: 2.656197 | lrm: 0.46 | dt: 3941.81ms | tok/sec: 266,014 | bf16_mfu: 47.85 | epoch: 1 | total time: 221.79m | eta: 66.6m
step 03354/04357 (76.98%) | loss: 2.670587 | lrm: 0.46 | dt: 3934.54ms | tok/sec: 266,505 | bf16_mfu: 47.94 | epoch: 1 | total time: 221.86m | eta: 66.5m
step 03355/04357 (77.00%) | loss: 2.667454 | lrm: 0.46 | dt: 3939.44ms | tok/sec: 266,174 | bf16_mfu: 47.88 | epoch: 1 | total time: 221.92m | eta: 66.5m
step 03356/04357 (77.03%) | loss: 2.662343 | lrm: 0.46 | dt: 3939.31ms | tok/sec: 266,182 | bf16_mfu: 47.88 | epoch: 1 | total time: 221.99m | eta: 66.4m
step 03357/04357 (77.05%) | loss: 2.669447 | lrm: 0.46 | dt: 3944.65ms | tok/sec: 265,822 | bf16_mfu: 47.82 | epoch: 1 | total time: 222.06m | eta: 66.3m
step 03358/04357 (77.07%) | loss: 2.665015 | lrm: 0.46 | dt: 3941.78ms | tok/sec: 266,015 | bf16_mfu: 47.85 | epoch: 1 | total time: 222.12m | eta: 66.3m
step 03359/04357 (77.09%) | loss: 2.664923 | lrm: 0.46 | dt: 3939.70ms | tok/sec: 266,156 | bf16_mfu: 47.88 | epoch: 1 | total time: 222.19m | eta: 66.2m
step 03360/04357 (77.12%) | loss: 2.666015 | lrm: 0.46 | dt: 3951.35ms | tok/sec: 265,371 | bf16_mfu: 47.74 | epoch: 1 | total time: 222.25m | eta: 66.1m
step 03361/04357 (77.14%) | loss: 2.662490 | lrm: 0.46 | dt: 3943.19ms | tok/sec: 265,920 | bf16_mfu: 47.84 | epoch: 1 | total time: 222.32m | eta: 66.1m
step 03362/04357 (77.16%) | loss: 2.668621 | lrm: 0.46 | dt: 3941.47ms | tok/sec: 266,036 | bf16_mfu: 47.86 | epoch: 1 | total time: 222.38m | eta: 66.0m
step 03363/04357 (77.19%) | loss: 2.666929 | lrm: 0.46 | dt: 3952.83ms | tok/sec: 265,272 | bf16_mfu: 47.72 | epoch: 1 | total time: 222.45m | eta: 65.9m
step 03364/04357 (77.21%) | loss: 2.668833 | lrm: 0.46 | dt: 3941.96ms | tok/sec: 266,003 | bf16_mfu: 47.85 | epoch: 1 | total time: 222.52m | eta: 65.9m
step 03365/04357 (77.23%) | loss: 2.667205 | lrm: 0.46 | dt: 3942.07ms | tok/sec: 265,996 | bf16_mfu: 47.85 | epoch: 1 | total time: 222.58m | eta: 65.8m
step 03366/04357 (77.25%) | loss: 2.662211 | lrm: 0.46 | dt: 3940.19ms | tok/sec: 266,123 | bf16_mfu: 47.87 | epoch: 1 | total time: 222.65m | eta: 65.7m
step 03367/04357 (77.28%) | loss: 2.649602 | lrm: 0.45 | dt: 3944.32ms | tok/sec: 265,844 | bf16_mfu: 47.82 | epoch: 1 | total time: 222.71m | eta: 65.7m
step 03368/04357 (77.30%) | loss: 2.657882 | lrm: 0.45 | dt: 3940.51ms | tok/sec: 266,101 | bf16_mfu: 47.87 | epoch: 1 | total time: 222.78m | eta: 65.6m
step 03369/04357 (77.32%) | loss: 2.663977 | lrm: 0.45 | dt: 3942.22ms | tok/sec: 265,985 | bf16_mfu: 47.85 | epoch: 1 | total time: 222.84m | eta: 65.5m
step 03370/04357 (77.35%) | loss: 2.668877 | lrm: 0.45 | dt: 3947.51ms | tok/sec: 265,629 | bf16_mfu: 47.78 | epoch: 1 | total time: 222.91m | eta: 65.5m
step 03371/04357 (77.37%) | loss: 2.678780 | lrm: 0.45 | dt: 3942.13ms | tok/sec: 265,992 | bf16_mfu: 47.85 | epoch: 1 | total time: 222.98m | eta: 65.4m
step 03372/04357 (77.39%) | loss: 2.696121 | lrm: 0.45 | dt: 3961.22ms | tok/sec: 264,710 | bf16_mfu: 47.62 | epoch: 1 | total time: 223.04m | eta: 65.3m
step 03373/04357 (77.42%) | loss: 2.697115 | lrm: 0.45 | dt: 3949.80ms | tok/sec: 265,476 | bf16_mfu: 47.76 | epoch: 1 | total time: 223.11m | eta: 65.3m
step 03374/04357 (77.44%) | loss: 2.698413 | lrm: 0.45 | dt: 3942.14ms | tok/sec: 265,991 | bf16_mfu: 47.85 | epoch: 1 | total time: 223.17m | eta: 65.2m
step 03375/04357 (77.46%) | loss: 2.703718 | lrm: 0.45 | dt: 3941.74ms | tok/sec: 266,018 | bf16_mfu: 47.85 | epoch: 1 | total time: 223.24m | eta: 65.1m
step 03376/04357 (77.48%) | loss: 2.703638 | lrm: 0.45 | dt: 3951.62ms | tok/sec: 265,353 | bf16_mfu: 47.73 | epoch: 1 | total time: 223.31m | eta: 65.1m
step 03377/04357 (77.51%) | loss: 2.689493 | lrm: 0.45 | dt: 3971.05ms | tok/sec: 264,055 | bf16_mfu: 47.50 | epoch: 1 | total time: 223.37m | eta: 65.0m
step 03378/04357 (77.53%) | loss: 2.688998 | lrm: 0.45 | dt: 3958.00ms | tok/sec: 264,926 | bf16_mfu: 47.66 | epoch: 1 | total time: 223.44m | eta: 64.9m
step 03379/04357 (77.55%) | loss: 2.694856 | lrm: 0.45 | dt: 3941.57ms | tok/sec: 266,030 | bf16_mfu: 47.86 | epoch: 1 | total time: 223.50m | eta: 64.9m
step 03380/04357 (77.58%) | loss: 2.711671 | lrm: 0.45 | dt: 3941.75ms | tok/sec: 266,017 | bf16_mfu: 47.85 | epoch: 1 | total time: 223.57m | eta: 64.8m
step 03381/04357 (77.60%) | loss: 2.698913 | lrm: 0.45 | dt: 3943.59ms | tok/sec: 265,893 | bf16_mfu: 47.83 | epoch: 1 | total time: 223.63m | eta: 64.7m
step 03382/04357 (77.62%) | loss: 2.683671 | lrm: 0.45 | dt: 3942.69ms | tok/sec: 265,954 | bf16_mfu: 47.84 | epoch: 1 | total time: 223.70m | eta: 64.7m
step 03383/04357 (77.65%) | loss: 2.685894 | lrm: 0.45 | dt: 3942.93ms | tok/sec: 265,938 | bf16_mfu: 47.84 | epoch: 1 | total time: 223.77m | eta: 64.6m
step 03384/04357 (77.67%) | loss: 2.697261 | lrm: 0.45 | dt: 3945.47ms | tok/sec: 265,767 | bf16_mfu: 47.81 | epoch: 1 | total time: 223.83m | eta: 64.5m
step 03385/04357 (77.69%) | loss: 2.702500 | lrm: 0.45 | dt: 3934.90ms | tok/sec: 266,481 | bf16_mfu: 47.94 | epoch: 1 | total time: 223.90m | eta: 64.5m
step 03386/04357 (77.71%) | loss: 2.694990 | lrm: 0.45 | dt: 3935.66ms | tok/sec: 266,429 | bf16_mfu: 47.93 | epoch: 1 | total time: 223.96m | eta: 64.4m
step 03387/04357 (77.74%) | loss: 2.687586 | lrm: 0.45 | dt: 3950.55ms | tok/sec: 265,425 | bf16_mfu: 47.75 | epoch: 1 | total time: 224.03m | eta: 64.3m
step 03388/04357 (77.76%) | loss: 2.689632 | lrm: 0.44 | dt: 3942.54ms | tok/sec: 265,964 | bf16_mfu: 47.84 | epoch: 1 | total time: 224.09m | eta: 64.3m
step 03389/04357 (77.78%) | loss: 2.691169 | lrm: 0.44 | dt: 3940.02ms | tok/sec: 266,134 | bf16_mfu: 47.88 | epoch: 1 | total time: 224.16m | eta: 64.2m
step 03390/04357 (77.81%) | loss: 2.694495 | lrm: 0.44 | dt: 3946.25ms | tok/sec: 265,714 | bf16_mfu: 47.80 | epoch: 1 | total time: 224.23m | eta: 64.1m
step 03391/04357 (77.83%) | loss: 2.690044 | lrm: 0.44 | dt: 3938.74ms | tok/sec: 266,220 | bf16_mfu: 47.89 | epoch: 1 | total time: 224.29m | eta: 64.1m
step 03392/04357 (77.85%) | loss: 2.685045 | lrm: 0.44 | dt: 3943.75ms | tok/sec: 265,883 | bf16_mfu: 47.83 | epoch: 1 | total time: 224.36m | eta: 64.0m
step 03393/04357 (77.87%) | loss: 2.692505 | lrm: 0.44 | dt: 3942.55ms | tok/sec: 265,963 | bf16_mfu: 47.84 | epoch: 1 | total time: 224.42m | eta: 64.0m
step 03394/04357 (77.90%) | loss: 2.706803 | lrm: 0.44 | dt: 3935.96ms | tok/sec: 266,409 | bf16_mfu: 47.92 | epoch: 1 | total time: 224.49m | eta: 63.9m
step 03395/04357 (77.92%) | loss: 2.700507 | lrm: 0.44 | dt: 3937.93ms | tok/sec: 266,275 | bf16_mfu: 47.90 | epoch: 1 | total time: 224.55m | eta: 63.8m
step 03396/04357 (77.94%) | loss: 2.703947 | lrm: 0.44 | dt: 3944.46ms | tok/sec: 265,835 | bf16_mfu: 47.82 | epoch: 1 | total time: 224.62m | eta: 63.8m
step 03397/04357 (77.97%) | loss: 2.687718 | lrm: 0.44 | dt: 3947.84ms | tok/sec: 265,607 | bf16_mfu: 47.78 | epoch: 1 | total time: 224.69m | eta: 63.7m
step 03398/04357 (77.99%) | loss: 2.689244 | lrm: 0.44 | dt: 3939.74ms | tok/sec: 266,153 | bf16_mfu: 47.88 | epoch: 1 | total time: 224.75m | eta: 63.6m
step 03399/04357 (78.01%) | loss: 2.684646 | lrm: 0.44 | dt: 3933.66ms | tok/sec: 266,564 | bf16_mfu: 47.95 | epoch: 1 | total time: 224.82m | eta: 63.6m
step 03400/04357 (78.04%) | loss: 2.699650 | lrm: 0.44 | dt: 3941.61ms | tok/sec: 266,027 | bf16_mfu: 47.86 | epoch: 1 | total time: 224.88m | eta: 63.5m
step 03401/04357 (78.06%) | loss: 2.701792 | lrm: 0.44 | dt: 3942.90ms | tok/sec: 265,940 | bf16_mfu: 47.84 | epoch: 1 | total time: 224.95m | eta: 63.4m
step 03402/04357 (78.08%) | loss: 2.694996 | lrm: 0.44 | dt: 3940.37ms | tok/sec: 266,111 | bf16_mfu: 47.87 | epoch: 1 | total time: 225.01m | eta: 63.4m
step 03403/04357 (78.10%) | loss: 2.701385 | lrm: 0.44 | dt: 3943.96ms | tok/sec: 265,868 | bf16_mfu: 47.83 | epoch: 1 | total time: 225.08m | eta: 63.3m
step 03404/04357 (78.13%) | loss: 2.715459 | lrm: 0.44 | dt: 3941.87ms | tok/sec: 266,009 | bf16_mfu: 47.85 | epoch: 1 | total time: 225.15m | eta: 63.2m
step 03405/04357 (78.15%) | loss: 2.716755 | lrm: 0.44 | dt: 3941.28ms | tok/sec: 266,049 | bf16_mfu: 47.86 | epoch: 1 | total time: 225.21m | eta: 63.2m
step 03406/04357 (78.17%) | loss: 2.714796 | lrm: 0.44 | dt: 3943.47ms | tok/sec: 265,901 | bf16_mfu: 47.83 | epoch: 1 | total time: 225.28m | eta: 63.1m
step 03407/04357 (78.20%) | loss: 2.708841 | lrm: 0.44 | dt: 3973.52ms | tok/sec: 263,890 | bf16_mfu: 47.47 | epoch: 1 | total time: 225.34m | eta: 63.0m
step 03408/04357 (78.22%) | loss: 2.707469 | lrm: 0.44 | dt: 3940.05ms | tok/sec: 266,132 | bf16_mfu: 47.88 | epoch: 1 | total time: 225.41m | eta: 63.0m
step 03409/04357 (78.24%) | loss: 2.709334 | lrm: 0.44 | dt: 3941.34ms | tok/sec: 266,045 | bf16_mfu: 47.86 | epoch: 1 | total time: 225.47m | eta: 62.9m
step 03410/04357 (78.26%) | loss: 2.704073 | lrm: 0.43 | dt: 3939.85ms | tok/sec: 266,146 | bf16_mfu: 47.88 | epoch: 1 | total time: 225.54m | eta: 62.8m
step 03411/04357 (78.29%) | loss: 2.710516 | lrm: 0.43 | dt: 3942.63ms | tok/sec: 265,958 | bf16_mfu: 47.84 | epoch: 1 | total time: 225.61m | eta: 62.8m
step 03412/04357 (78.31%) | loss: 2.714945 | lrm: 0.43 | dt: 3941.19ms | tok/sec: 266,055 | bf16_mfu: 47.86 | epoch: 1 | total time: 225.67m | eta: 62.7m
step 03413/04357 (78.33%) | loss: 2.708350 | lrm: 0.43 | dt: 3939.88ms | tok/sec: 266,143 | bf16_mfu: 47.88 | epoch: 1 | total time: 225.74m | eta: 62.6m
step 03414/04357 (78.36%) | loss: 2.706346 | lrm: 0.43 | dt: 3949.44ms | tok/sec: 265,499 | bf16_mfu: 47.76 | epoch: 1 | total time: 225.80m | eta: 62.6m
step 03415/04357 (78.38%) | loss: 2.704799 | lrm: 0.43 | dt: 3940.36ms | tok/sec: 266,111 | bf16_mfu: 47.87 | epoch: 1 | total time: 225.87m | eta: 62.5m
step 03416/04357 (78.40%) | loss: 2.701942 | lrm: 0.43 | dt: 3944.06ms | tok/sec: 265,861 | bf16_mfu: 47.83 | epoch: 1 | total time: 225.93m | eta: 62.4m
step 03417/04357 (78.43%) | loss: 2.706753 | lrm: 0.43 | dt: 3952.35ms | tok/sec: 265,304 | bf16_mfu: 47.73 | epoch: 1 | total time: 226.00m | eta: 62.4m
step 03418/04357 (78.45%) | loss: 2.688208 | lrm: 0.43 | dt: 3941.14ms | tok/sec: 266,059 | bf16_mfu: 47.86 | epoch: 1 | total time: 226.07m | eta: 62.3m
step 03419/04357 (78.47%) | loss: 2.686016 | lrm: 0.43 | dt: 3941.99ms | tok/sec: 266,001 | bf16_mfu: 47.85 | epoch: 1 | total time: 226.13m | eta: 62.2m
step 03420/04357 (78.49%) | loss: 2.679198 | lrm: 0.43 | dt: 3954.28ms | tok/sec: 265,174 | bf16_mfu: 47.70 | epoch: 1 | total time: 226.20m | eta: 62.2m
step 03421/04357 (78.52%) | loss: 2.682781 | lrm: 0.43 | dt: 3943.26ms | tok/sec: 265,915 | bf16_mfu: 47.84 | epoch: 1 | total time: 226.26m | eta: 62.1m
step 03422/04357 (78.54%) | loss: 2.680301 | lrm: 0.43 | dt: 3937.89ms | tok/sec: 266,278 | bf16_mfu: 47.90 | epoch: 1 | total time: 226.33m | eta: 62.0m
step 03423/04357 (78.56%) | loss: 2.672708 | lrm: 0.43 | dt: 3965.28ms | tok/sec: 264,439 | bf16_mfu: 47.57 | epoch: 1 | total time: 226.40m | eta: 62.0m
step 03424/04357 (78.59%) | loss: 2.672206 | lrm: 0.43 | dt: 3965.97ms | tok/sec: 264,393 | bf16_mfu: 47.56 | epoch: 1 | total time: 226.46m | eta: 61.9m
step 03425/04357 (78.61%) | loss: 2.673755 | lrm: 0.43 | dt: 3947.16ms | tok/sec: 265,653 | bf16_mfu: 47.79 | epoch: 1 | total time: 226.53m | eta: 61.8m
step 03426/04357 (78.63%) | loss: 2.676841 | lrm: 0.43 | dt: 3945.79ms | tok/sec: 265,745 | bf16_mfu: 47.81 | epoch: 1 | total time: 226.59m | eta: 61.8m
step 03427/04357 (78.66%) | loss: 2.685016 | lrm: 0.43 | dt: 3950.96ms | tok/sec: 265,397 | bf16_mfu: 47.74 | epoch: 1 | total time: 226.66m | eta: 61.7m
step 03428/04357 (78.68%) | loss: 2.681144 | lrm: 0.43 | dt: 3947.25ms | tok/sec: 265,647 | bf16_mfu: 47.79 | epoch: 1 | total time: 226.72m | eta: 61.6m
step 03429/04357 (78.70%) | loss: 2.689661 | lrm: 0.43 | dt: 3947.27ms | tok/sec: 265,645 | bf16_mfu: 47.79 | epoch: 1 | total time: 226.79m | eta: 61.6m
step 03430/04357 (78.72%) | loss: 2.686270 | lrm: 0.43 | dt: 3960.34ms | tok/sec: 264,769 | bf16_mfu: 47.63 | epoch: 1 | total time: 226.86m | eta: 61.5m
step 03431/04357 (78.75%) | loss: 2.692512 | lrm: 0.43 | dt: 3940.54ms | tok/sec: 266,099 | bf16_mfu: 47.87 | epoch: 1 | total time: 226.92m | eta: 61.4m
step 03432/04357 (78.77%) | loss: 2.699297 | lrm: 0.42 | dt: 3944.83ms | tok/sec: 265,809 | bf16_mfu: 47.82 | epoch: 1 | total time: 226.99m | eta: 61.4m
step 03433/04357 (78.79%) | loss: 2.692393 | lrm: 0.42 | dt: 3935.83ms | tok/sec: 266,417 | bf16_mfu: 47.93 | epoch: 1 | total time: 227.05m | eta: 61.3m
step 03434/04357 (78.82%) | loss: 2.683951 | lrm: 0.42 | dt: 3942.30ms | tok/sec: 265,981 | bf16_mfu: 47.85 | epoch: 1 | total time: 227.12m | eta: 61.2m
step 03435/04357 (78.84%) | loss: 2.694608 | lrm: 0.42 | dt: 3945.74ms | tok/sec: 265,748 | bf16_mfu: 47.81 | epoch: 1 | total time: 227.18m | eta: 61.2m
step 03436/04357 (78.86%) | loss: 2.695395 | lrm: 0.42 | dt: 3940.78ms | tok/sec: 266,083 | bf16_mfu: 47.87 | epoch: 1 | total time: 227.25m | eta: 61.1m
step 03437/04357 (78.88%) | loss: 2.697081 | lrm: 0.42 | dt: 3949.66ms | tok/sec: 265,485 | bf16_mfu: 47.76 | epoch: 1 | total time: 227.32m | eta: 61.0m
step 03438/04357 (78.91%) | loss: 2.688998 | lrm: 0.42 | dt: 3939.19ms | tok/sec: 266,190 | bf16_mfu: 47.89 | epoch: 1 | total time: 227.38m | eta: 61.0m
step 03439/04357 (78.93%) | loss: 2.675251 | lrm: 0.42 | dt: 3944.61ms | tok/sec: 265,825 | bf16_mfu: 47.82 | epoch: 1 | total time: 227.45m | eta: 60.9m
step 03440/04357 (78.95%) | loss: 2.675996 | lrm: 0.42 | dt: 3950.54ms | tok/sec: 265,426 | bf16_mfu: 47.75 | epoch: 1 | total time: 227.51m | eta: 60.8m
step 03441/04357 (78.98%) | loss: 2.683788 | lrm: 0.42 | dt: 3941.81ms | tok/sec: 266,013 | bf16_mfu: 47.85 | epoch: 1 | total time: 227.58m | eta: 60.8m
step 03442/04357 (79.00%) | loss: 2.685302 | lrm: 0.42 | dt: 3967.36ms | tok/sec: 264,300 | bf16_mfu: 47.55 | epoch: 1 | total time: 227.65m | eta: 60.7m
step 03443/04357 (79.02%) | loss: 2.680277 | lrm: 0.42 | dt: 3952.78ms | tok/sec: 265,275 | bf16_mfu: 47.72 | epoch: 1 | total time: 227.71m | eta: 60.6m
step 03444/04357 (79.05%) | loss: 2.672377 | lrm: 0.42 | dt: 3937.04ms | tok/sec: 266,336 | bf16_mfu: 47.91 | epoch: 1 | total time: 227.78m | eta: 60.6m
step 03445/04357 (79.07%) | loss: 2.674477 | lrm: 0.42 | dt: 3946.94ms | tok/sec: 265,668 | bf16_mfu: 47.79 | epoch: 1 | total time: 227.84m | eta: 60.5m
step 03446/04357 (79.09%) | loss: 2.669473 | lrm: 0.42 | dt: 3942.74ms | tok/sec: 265,951 | bf16_mfu: 47.84 | epoch: 1 | total time: 227.91m | eta: 60.4m
step 03447/04357 (79.11%) | loss: 2.675198 | lrm: 0.42 | dt: 3952.35ms | tok/sec: 265,304 | bf16_mfu: 47.73 | epoch: 1 | total time: 227.97m | eta: 60.4m
step 03448/04357 (79.14%) | loss: 2.689644 | lrm: 0.42 | dt: 3948.22ms | tok/sec: 265,582 | bf16_mfu: 47.78 | epoch: 1 | total time: 228.04m | eta: 60.3m
step 03449/04357 (79.16%) | loss: 2.687680 | lrm: 0.42 | dt: 3941.01ms | tok/sec: 266,067 | bf16_mfu: 47.86 | epoch: 1 | total time: 228.11m | eta: 60.2m
step 03450/04357 (79.18%) | loss: 2.687732 | lrm: 0.42 | dt: 3934.74ms | tok/sec: 266,492 | bf16_mfu: 47.94 | epoch: 1 | total time: 228.17m | eta: 60.2m
step 03451/04357 (79.21%) | loss: 2.694496 | lrm: 0.42 | dt: 3950.91ms | tok/sec: 265,400 | bf16_mfu: 47.74 | epoch: 1 | total time: 228.24m | eta: 60.1m
step 03452/04357 (79.23%) | loss: 2.692136 | lrm: 0.42 | dt: 3940.96ms | tok/sec: 266,071 | bf16_mfu: 47.86 | epoch: 1 | total time: 228.30m | eta: 60.0m
step 03453/04357 (79.25%) | loss: 2.677837 | lrm: 0.42 | dt: 3935.14ms | tok/sec: 266,464 | bf16_mfu: 47.93 | epoch: 1 | total time: 228.37m | eta: 60.0m
step 03454/04357 (79.27%) | loss: 2.686805 | lrm: 0.41 | dt: 3953.34ms | tok/sec: 265,238 | bf16_mfu: 47.71 | epoch: 1 | total time: 228.43m | eta: 59.9m
step 03455/04357 (79.30%) | loss: 2.699346 | lrm: 0.41 | dt: 3946.09ms | tok/sec: 265,725 | bf16_mfu: 47.80 | epoch: 1 | total time: 228.50m | eta: 59.8m
step 03456/04357 (79.32%) | loss: 2.711591 | lrm: 0.41 | dt: 3948.54ms | tok/sec: 265,560 | bf16_mfu: 47.77 | epoch: 1 | total time: 228.57m | eta: 59.8m
step 03457/04357 (79.34%) | loss: 2.708723 | lrm: 0.41 | dt: 3942.29ms | tok/sec: 265,981 | bf16_mfu: 47.85 | epoch: 1 | total time: 228.63m | eta: 59.7m
step 03458/04357 (79.37%) | loss: 2.712345 | lrm: 0.41 | dt: 3938.26ms | tok/sec: 266,253 | bf16_mfu: 47.90 | epoch: 1 | total time: 228.70m | eta: 59.6m
step 03459/04357 (79.39%) | loss: 2.719800 | lrm: 0.41 | dt: 3942.74ms | tok/sec: 265,950 | bf16_mfu: 47.84 | epoch: 1 | total time: 228.76m | eta: 59.6m
step 03460/04357 (79.41%) | loss: 2.713633 | lrm: 0.41 | dt: 3941.77ms | tok/sec: 266,016 | bf16_mfu: 47.85 | epoch: 1 | total time: 228.83m | eta: 59.5m
step 03461/04357 (79.44%) | loss: 2.710391 | lrm: 0.41 | dt: 3951.03ms | tok/sec: 265,393 | bf16_mfu: 47.74 | epoch: 1 | total time: 228.89m | eta: 59.4m
step 03462/04357 (79.46%) | loss: 2.703438 | lrm: 0.41 | dt: 3956.08ms | tok/sec: 265,054 | bf16_mfu: 47.68 | epoch: 1 | total time: 228.96m | eta: 59.4m
step 03463/04357 (79.48%) | loss: 2.704974 | lrm: 0.41 | dt: 3946.92ms | tok/sec: 265,669 | bf16_mfu: 47.79 | epoch: 1 | total time: 229.03m | eta: 59.3m
step 03464/04357 (79.50%) | loss: 2.690322 | lrm: 0.41 | dt: 3938.59ms | tok/sec: 266,231 | bf16_mfu: 47.89 | epoch: 1 | total time: 229.09m | eta: 59.2m
step 03465/04357 (79.53%) | loss: 2.690943 | lrm: 0.41 | dt: 3948.03ms | tok/sec: 265,594 | bf16_mfu: 47.78 | epoch: 1 | total time: 229.16m | eta: 59.2m
step 03466/04357 (79.55%) | loss: 2.692222 | lrm: 0.41 | dt: 3947.73ms | tok/sec: 265,614 | bf16_mfu: 47.78 | epoch: 1 | total time: 229.22m | eta: 59.1m
step 03467/04357 (79.57%) | loss: 2.674750 | lrm: 0.41 | dt: 3952.76ms | tok/sec: 265,277 | bf16_mfu: 47.72 | epoch: 1 | total time: 229.29m | eta: 59.0m
step 03468/04357 (79.60%) | loss: 2.664076 | lrm: 0.41 | dt: 3943.94ms | tok/sec: 265,870 | bf16_mfu: 47.83 | epoch: 1 | total time: 229.36m | eta: 59.0m
step 03469/04357 (79.62%) | loss: 2.661814 | lrm: 0.41 | dt: 3942.55ms | tok/sec: 265,964 | bf16_mfu: 47.84 | epoch: 1 | total time: 229.42m | eta: 58.9m
step 03470/04357 (79.64%) | loss: 2.674302 | lrm: 0.41 | dt: 3943.09ms | tok/sec: 265,927 | bf16_mfu: 47.84 | epoch: 1 | total time: 229.49m | eta: 58.8m
step 03471/04357 (79.66%) | loss: 2.669466 | lrm: 0.41 | dt: 3981.37ms | tok/sec: 263,370 | bf16_mfu: 47.38 | epoch: 1 | total time: 229.55m | eta: 58.8m
step 03472/04357 (79.69%) | loss: 2.666335 | lrm: 0.41 | dt: 3962.90ms | tok/sec: 264,597 | bf16_mfu: 47.60 | epoch: 1 | total time: 229.62m | eta: 58.7m
step 03473/04357 (79.71%) | loss: 2.669264 | lrm: 0.41 | dt: 3940.26ms | tok/sec: 266,118 | bf16_mfu: 47.87 | epoch: 1 | total time: 229.68m | eta: 58.6m
step 03474/04357 (79.73%) | loss: 2.678206 | lrm: 0.41 | dt: 3942.22ms | tok/sec: 265,985 | bf16_mfu: 47.85 | epoch: 1 | total time: 229.75m | eta: 58.6m
step 03475/04357 (79.76%) | loss: 2.678439 | lrm: 0.40 | dt: 3941.97ms | tok/sec: 266,003 | bf16_mfu: 47.85 | epoch: 1 | total time: 229.82m | eta: 58.5m
step 03476/04357 (79.78%) | loss: 2.673133 | lrm: 0.40 | dt: 3940.78ms | tok/sec: 266,083 | bf16_mfu: 47.87 | epoch: 1 | total time: 229.88m | eta: 58.4m
step 03477/04357 (79.80%) | loss: 2.665201 | lrm: 0.40 | dt: 3944.26ms | tok/sec: 265,848 | bf16_mfu: 47.82 | epoch: 1 | total time: 229.95m | eta: 58.4m
step 03478/04357 (79.83%) | loss: 2.663886 | lrm: 0.40 | dt: 3960.82ms | tok/sec: 264,737 | bf16_mfu: 47.62 | epoch: 1 | total time: 230.01m | eta: 58.3m
step 03479/04357 (79.85%) | loss: 2.663585 | lrm: 0.40 | dt: 3948.49ms | tok/sec: 265,563 | bf16_mfu: 47.77 | epoch: 1 | total time: 230.08m | eta: 58.2m
step 03480/04357 (79.87%) | loss: 2.661748 | lrm: 0.40 | dt: 3945.62ms | tok/sec: 265,756 | bf16_mfu: 47.81 | epoch: 1 | total time: 230.14m | eta: 58.2m
step 03481/04357 (79.89%) | loss: 2.666128 | lrm: 0.40 | dt: 3942.80ms | tok/sec: 265,947 | bf16_mfu: 47.84 | epoch: 1 | total time: 230.21m | eta: 58.1m
step 03482/04357 (79.92%) | loss: 2.676501 | lrm: 0.40 | dt: 3952.27ms | tok/sec: 265,310 | bf16_mfu: 47.73 | epoch: 1 | total time: 230.28m | eta: 58.0m
step 03483/04357 (79.94%) | loss: 2.671918 | lrm: 0.40 | dt: 3953.84ms | tok/sec: 265,204 | bf16_mfu: 47.71 | epoch: 1 | total time: 230.34m | eta: 58.0m
step 03484/04357 (79.96%) | loss: 2.663150 | lrm: 0.40 | dt: 3944.04ms | tok/sec: 265,863 | bf16_mfu: 47.83 | epoch: 1 | total time: 230.41m | eta: 57.9m
step 03485/04357 (79.99%) | loss: 2.684870 | lrm: 0.40 | dt: 3943.91ms | tok/sec: 265,872 | bf16_mfu: 47.83 | epoch: 1 | total time: 230.47m | eta: 57.8m
step 03486/04357 (80.01%) | loss: 2.687001 | lrm: 0.40 | dt: 3941.60ms | tok/sec: 266,028 | bf16_mfu: 47.86 | epoch: 1 | total time: 230.54m | eta: 57.8m
step 03487/04357 (80.03%) | loss: 2.684993 | lrm: 0.40 | dt: 3943.48ms | tok/sec: 265,901 | bf16_mfu: 47.83 | epoch: 1 | total time: 230.61m | eta: 57.7m
step 03488/04357 (80.06%) | loss: 2.691378 | lrm: 0.40 | dt: 3950.46ms | tok/sec: 265,431 | bf16_mfu: 47.75 | epoch: 1 | total time: 230.67m | eta: 57.6m
step 03489/04357 (80.08%) | loss: 2.683697 | lrm: 0.40 | dt: 3947.58ms | tok/sec: 265,624 | bf16_mfu: 47.78 | epoch: 1 | total time: 230.74m | eta: 57.6m
step 03490/04357 (80.10%) | loss: 2.694844 | lrm: 0.40 | dt: 3947.65ms | tok/sec: 265,620 | bf16_mfu: 47.78 | epoch: 1 | total time: 230.80m | eta: 57.5m
step 03491/04357 (80.12%) | loss: 2.694748 | lrm: 0.40 | dt: 3941.69ms | tok/sec: 266,021 | bf16_mfu: 47.86 | epoch: 1 | total time: 230.87m | eta: 57.4m
step 03492/04357 (80.15%) | loss: 2.702635 | lrm: 0.40 | dt: 3943.07ms | tok/sec: 265,928 | bf16_mfu: 47.84 | epoch: 1 | total time: 230.93m | eta: 57.4m
step 03493/04357 (80.17%) | loss: 2.703094 | lrm: 0.40 | dt: 3941.84ms | tok/sec: 266,011 | bf16_mfu: 47.85 | epoch: 1 | total time: 231.00m | eta: 57.3m
step 03494/04357 (80.19%) | loss: 2.700223 | lrm: 0.40 | dt: 3940.73ms | tok/sec: 266,086 | bf16_mfu: 47.87 | epoch: 1 | total time: 231.07m | eta: 57.2m
step 03495/04357 (80.22%) | loss: 2.678065 | lrm: 0.40 | dt: 3949.02ms | tok/sec: 265,528 | bf16_mfu: 47.77 | epoch: 1 | total time: 231.13m | eta: 57.2m
step 03496/04357 (80.24%) | loss: 2.670977 | lrm: 0.40 | dt: 3949.63ms | tok/sec: 265,487 | bf16_mfu: 47.76 | epoch: 1 | total time: 231.20m | eta: 57.1m
step 03497/04357 (80.26%) | loss: 2.671117 | lrm: 0.39 | dt: 3951.42ms | tok/sec: 265,367 | bf16_mfu: 47.74 | epoch: 1 | total time: 231.26m | eta: 57.0m
step 03498/04357 (80.28%) | loss: 2.658346 | lrm: 0.39 | dt: 3951.54ms | tok/sec: 265,358 | bf16_mfu: 47.74 | epoch: 1 | total time: 231.33m | eta: 57.0m
step 03499/04357 (80.31%) | loss: 2.664703 | lrm: 0.39 | dt: 3953.56ms | tok/sec: 265,223 | bf16_mfu: 47.71 | epoch: 1 | total time: 231.39m | eta: 56.9m
Step 03500 | Validation bpb: 0.812873
step 03500/04357 (80.33%) | loss: 2.659906 | lrm: 0.39 | dt: 3965.46ms | tok/sec: 264,427 | bf16_mfu: 47.57 | epoch: 1 | total time: 231.46m | eta: 56.8m
step 03501/04357 (80.35%) | loss: 2.656894 | lrm: 0.39 | dt: 3936.20ms | tok/sec: 266,392 | bf16_mfu: 47.92 | epoch: 1 | total time: 231.53m | eta: 56.8m
step 03502/04357 (80.38%) | loss: 2.678082 | lrm: 0.39 | dt: 3940.71ms | tok/sec: 266,088 | bf16_mfu: 47.87 | epoch: 1 | total time: 231.59m | eta: 56.7m
step 03503/04357 (80.40%) | loss: 2.673573 | lrm: 0.39 | dt: 3940.26ms | tok/sec: 266,118 | bf16_mfu: 47.87 | epoch: 1 | total time: 231.66m | eta: 56.6m
step 03504/04357 (80.42%) | loss: 2.671593 | lrm: 0.39 | dt: 3940.15ms | tok/sec: 266,125 | bf16_mfu: 47.87 | epoch: 1 | total time: 231.72m | eta: 56.6m
step 03505/04357 (80.45%) | loss: 2.661750 | lrm: 0.39 | dt: 3943.45ms | tok/sec: 265,902 | bf16_mfu: 47.83 | epoch: 1 | total time: 231.79m | eta: 56.5m
step 03506/04357 (80.47%) | loss: 2.664974 | lrm: 0.39 | dt: 3940.39ms | tok/sec: 266,109 | bf16_mfu: 47.87 | epoch: 1 | total time: 231.85m | eta: 56.4m
step 03507/04357 (80.49%) | loss: 2.677135 | lrm: 0.39 | dt: 3944.87ms | tok/sec: 265,807 | bf16_mfu: 47.82 | epoch: 1 | total time: 231.92m | eta: 56.4m
step 03508/04357 (80.51%) | loss: 2.684284 | lrm: 0.39 | dt: 3949.85ms | tok/sec: 265,472 | bf16_mfu: 47.76 | epoch: 1 | total time: 231.99m | eta: 56.3m
step 03509/04357 (80.54%) | loss: 2.688233 | lrm: 0.39 | dt: 3952.68ms | tok/sec: 265,282 | bf16_mfu: 47.72 | epoch: 1 | total time: 232.05m | eta: 56.2m
step 03510/04357 (80.56%) | loss: 2.681970 | lrm: 0.39 | dt: 3950.96ms | tok/sec: 265,397 | bf16_mfu: 47.74 | epoch: 1 | total time: 232.12m | eta: 56.2m
step 03511/04357 (80.58%) | loss: 2.673658 | lrm: 0.39 | dt: 3952.64ms | tok/sec: 265,285 | bf16_mfu: 47.72 | epoch: 1 | total time: 232.18m | eta: 56.1m
step 03512/04357 (80.61%) | loss: 2.678732 | lrm: 0.39 | dt: 3946.04ms | tok/sec: 265,728 | bf16_mfu: 47.80 | epoch: 1 | total time: 232.25m | eta: 56.0m
step 03513/04357 (80.63%) | loss: 2.677041 | lrm: 0.39 | dt: 3954.31ms | tok/sec: 265,173 | bf16_mfu: 47.70 | epoch: 1 | total time: 232.32m | eta: 56.0m
step 03514/04357 (80.65%) | loss: 2.680242 | lrm: 0.39 | dt: 3948.75ms | tok/sec: 265,546 | bf16_mfu: 47.77 | epoch: 1 | total time: 232.38m | eta: 55.9m
step 03515/04357 (80.67%) | loss: 2.693146 | lrm: 0.39 | dt: 3942.86ms | tok/sec: 265,942 | bf16_mfu: 47.84 | epoch: 1 | total time: 232.45m | eta: 55.8m
step 03516/04357 (80.70%) | loss: 2.688428 | lrm: 0.39 | dt: 3950.71ms | tok/sec: 265,414 | bf16_mfu: 47.75 | epoch: 1 | total time: 232.51m | eta: 55.8m
step 03517/04357 (80.72%) | loss: 2.675343 | lrm: 0.39 | dt: 3940.68ms | tok/sec: 266,090 | bf16_mfu: 47.87 | epoch: 1 | total time: 232.58m | eta: 55.7m
step 03518/04357 (80.74%) | loss: 2.671516 | lrm: 0.39 | dt: 3971.75ms | tok/sec: 264,008 | bf16_mfu: 47.49 | epoch: 1 | total time: 232.64m | eta: 55.6m
step 03519/04357 (80.77%) | loss: 2.677617 | lrm: 0.38 | dt: 3965.89ms | tok/sec: 264,398 | bf16_mfu: 47.56 | epoch: 1 | total time: 232.71m | eta: 55.6m
step 03520/04357 (80.79%) | loss: 2.669683 | lrm: 0.38 | dt: 3941.58ms | tok/sec: 266,029 | bf16_mfu: 47.86 | epoch: 1 | total time: 232.78m | eta: 55.5m
step 03521/04357 (80.81%) | loss: 2.667269 | lrm: 0.38 | dt: 3946.69ms | tok/sec: 265,684 | bf16_mfu: 47.79 | epoch: 1 | total time: 232.84m | eta: 55.4m
step 03522/04357 (80.84%) | loss: 2.661656 | lrm: 0.38 | dt: 3951.52ms | tok/sec: 265,360 | bf16_mfu: 47.74 | epoch: 1 | total time: 232.91m | eta: 55.4m
step 03523/04357 (80.86%) | loss: 2.654565 | lrm: 0.38 | dt: 3977.22ms | tok/sec: 263,645 | bf16_mfu: 47.43 | epoch: 1 | total time: 232.97m | eta: 55.3m
step 03524/04357 (80.88%) | loss: 2.658284 | lrm: 0.38 | dt: 3962.98ms | tok/sec: 264,592 | bf16_mfu: 47.60 | epoch: 1 | total time: 233.04m | eta: 55.2m
step 03525/04357 (80.90%) | loss: 2.654110 | lrm: 0.38 | dt: 3936.68ms | tok/sec: 266,360 | bf16_mfu: 47.92 | epoch: 1 | total time: 233.11m | eta: 55.2m
step 03526/04357 (80.93%) | loss: 2.649655 | lrm: 0.38 | dt: 3947.98ms | tok/sec: 265,597 | bf16_mfu: 47.78 | epoch: 1 | total time: 233.17m | eta: 55.1m
step 03527/04357 (80.95%) | loss: 2.650224 | lrm: 0.38 | dt: 3943.70ms | tok/sec: 265,886 | bf16_mfu: 47.83 | epoch: 1 | total time: 233.24m | eta: 55.0m
step 03528/04357 (80.97%) | loss: 2.643663 | lrm: 0.38 | dt: 3941.23ms | tok/sec: 266,052 | bf16_mfu: 47.86 | epoch: 1 | total time: 233.30m | eta: 55.0m
step 03529/04357 (81.00%) | loss: 2.647589 | lrm: 0.38 | dt: 3944.56ms | tok/sec: 265,828 | bf16_mfu: 47.82 | epoch: 1 | total time: 233.37m | eta: 54.9m
step 03530/04357 (81.02%) | loss: 2.655946 | lrm: 0.38 | dt: 3951.72ms | tok/sec: 265,346 | bf16_mfu: 47.73 | epoch: 1 | total time: 233.44m | eta: 54.8m
step 03531/04357 (81.04%) | loss: 2.664697 | lrm: 0.38 | dt: 3943.32ms | tok/sec: 265,911 | bf16_mfu: 47.84 | epoch: 1 | total time: 233.50m | eta: 54.8m
step 03532/04357 (81.06%) | loss: 2.674113 | lrm: 0.38 | dt: 3939.99ms | tok/sec: 266,136 | bf16_mfu: 47.88 | epoch: 1 | total time: 233.57m | eta: 54.7m
step 03533/04357 (81.09%) | loss: 2.668074 | lrm: 0.38 | dt: 3951.09ms | tok/sec: 265,389 | bf16_mfu: 47.74 | epoch: 1 | total time: 233.63m | eta: 54.6m
step 03534/04357 (81.11%) | loss: 2.668338 | lrm: 0.38 | dt: 3952.80ms | tok/sec: 265,273 | bf16_mfu: 47.72 | epoch: 1 | total time: 233.70m | eta: 54.6m
step 03535/04357 (81.13%) | loss: 2.641370 | lrm: 0.38 | dt: 3951.18ms | tok/sec: 265,382 | bf16_mfu: 47.74 | epoch: 1 | total time: 233.76m | eta: 54.5m
step 03536/04357 (81.16%) | loss: 2.653013 | lrm: 0.38 | dt: 3951.24ms | tok/sec: 265,378 | bf16_mfu: 47.74 | epoch: 1 | total time: 233.83m | eta: 54.4m
step 03537/04357 (81.18%) | loss: 2.665753 | lrm: 0.38 | dt: 3943.98ms | tok/sec: 265,867 | bf16_mfu: 47.83 | epoch: 1 | total time: 233.90m | eta: 54.4m
step 03538/04357 (81.20%) | loss: 2.661598 | lrm: 0.38 | dt: 3947.40ms | tok/sec: 265,637 | bf16_mfu: 47.79 | epoch: 1 | total time: 233.96m | eta: 54.3m
step 03539/04357 (81.23%) | loss: 2.660187 | lrm: 0.38 | dt: 3944.06ms | tok/sec: 265,861 | bf16_mfu: 47.83 | epoch: 1 | total time: 234.03m | eta: 54.2m
step 03540/04357 (81.25%) | loss: 2.658911 | lrm: 0.38 | dt: 3949.78ms | tok/sec: 265,476 | bf16_mfu: 47.76 | epoch: 1 | total time: 234.09m | eta: 54.2m
step 03541/04357 (81.27%) | loss: 2.648735 | lrm: 0.37 | dt: 3951.50ms | tok/sec: 265,361 | bf16_mfu: 47.74 | epoch: 1 | total time: 234.16m | eta: 54.1m
step 03542/04357 (81.29%) | loss: 2.654831 | lrm: 0.37 | dt: 3952.03ms | tok/sec: 265,325 | bf16_mfu: 47.73 | epoch: 1 | total time: 234.22m | eta: 54.0m
step 03543/04357 (81.32%) | loss: 2.659791 | lrm: 0.37 | dt: 3938.69ms | tok/sec: 266,224 | bf16_mfu: 47.89 | epoch: 1 | total time: 234.29m | eta: 54.0m
step 03544/04357 (81.34%) | loss: 2.658272 | lrm: 0.37 | dt: 3959.03ms | tok/sec: 264,856 | bf16_mfu: 47.65 | epoch: 1 | total time: 234.36m | eta: 53.9m
step 03545/04357 (81.36%) | loss: 2.652299 | lrm: 0.37 | dt: 3953.04ms | tok/sec: 265,258 | bf16_mfu: 47.72 | epoch: 1 | total time: 234.42m | eta: 53.8m
step 03546/04357 (81.39%) | loss: 2.651284 | lrm: 0.37 | dt: 3943.40ms | tok/sec: 265,906 | bf16_mfu: 47.83 | epoch: 1 | total time: 234.49m | eta: 53.8m
step 03547/04357 (81.41%) | loss: 2.647401 | lrm: 0.37 | dt: 3948.09ms | tok/sec: 265,591 | bf16_mfu: 47.78 | epoch: 1 | total time: 234.55m | eta: 53.7m
step 03548/04357 (81.43%) | loss: 2.646421 | lrm: 0.37 | dt: 3943.43ms | tok/sec: 265,904 | bf16_mfu: 47.83 | epoch: 1 | total time: 234.62m | eta: 53.6m
step 03549/04357 (81.46%) | loss: 2.637717 | lrm: 0.37 | dt: 3946.82ms | tok/sec: 265,676 | bf16_mfu: 47.79 | epoch: 1 | total time: 234.69m | eta: 53.6m
step 03550/04357 (81.48%) | loss: 2.642403 | lrm: 0.37 | dt: 3947.77ms | tok/sec: 265,611 | bf16_mfu: 47.78 | epoch: 1 | total time: 234.75m | eta: 53.5m
step 03551/04357 (81.50%) | loss: 2.650850 | lrm: 0.37 | dt: 3935.24ms | tok/sec: 266,457 | bf16_mfu: 47.93 | epoch: 1 | total time: 234.82m | eta: 53.4m
step 03552/04357 (81.52%) | loss: 2.640022 | lrm: 0.37 | dt: 3951.32ms | tok/sec: 265,373 | bf16_mfu: 47.74 | epoch: 1 | total time: 234.88m | eta: 53.4m
step 03553/04357 (81.55%) | loss: 2.633138 | lrm: 0.37 | dt: 3946.27ms | tok/sec: 265,713 | bf16_mfu: 47.80 | epoch: 1 | total time: 234.95m | eta: 53.3m
step 03554/04357 (81.57%) | loss: 2.633630 | lrm: 0.37 | dt: 3960.97ms | tok/sec: 264,727 | bf16_mfu: 47.62 | epoch: 1 | total time: 235.01m | eta: 53.2m
step 03555/04357 (81.59%) | loss: 2.629983 | lrm: 0.37 | dt: 3948.32ms | tok/sec: 265,575 | bf16_mfu: 47.77 | epoch: 1 | total time: 235.08m | eta: 53.2m
step 03556/04357 (81.62%) | loss: 2.633882 | lrm: 0.37 | dt: 3933.98ms | tok/sec: 266,543 | bf16_mfu: 47.95 | epoch: 1 | total time: 235.15m | eta: 53.1m
step 03557/04357 (81.64%) | loss: 2.633328 | lrm: 0.37 | dt: 3948.52ms | tok/sec: 265,561 | bf16_mfu: 47.77 | epoch: 1 | total time: 235.21m | eta: 53.1m
step 03558/04357 (81.66%) | loss: 2.636441 | lrm: 0.37 | dt: 3943.41ms | tok/sec: 265,905 | bf16_mfu: 47.83 | epoch: 1 | total time: 235.28m | eta: 53.0m
step 03559/04357 (81.68%) | loss: 2.656528 | lrm: 0.37 | dt: 3939.18ms | tok/sec: 266,191 | bf16_mfu: 47.89 | epoch: 1 | total time: 235.34m | eta: 52.9m
step 03560/04357 (81.71%) | loss: 2.647109 | lrm: 0.37 | dt: 3947.84ms | tok/sec: 265,607 | bf16_mfu: 47.78 | epoch: 1 | total time: 235.41m | eta: 52.9m
step 03561/04357 (81.73%) | loss: 2.651396 | lrm: 0.37 | dt: 3938.65ms | tok/sec: 266,227 | bf16_mfu: 47.89 | epoch: 1 | total time: 235.47m | eta: 52.8m
step 03562/04357 (81.75%) | loss: 2.646418 | lrm: 0.37 | dt: 3935.81ms | tok/sec: 266,419 | bf16_mfu: 47.93 | epoch: 1 | total time: 235.54m | eta: 52.7m
step 03563/04357 (81.78%) | loss: 2.646806 | lrm: 0.36 | dt: 3947.46ms | tok/sec: 265,633 | bf16_mfu: 47.79 | epoch: 1 | total time: 235.61m | eta: 52.7m
step 03564/04357 (81.80%) | loss: 2.644705 | lrm: 0.36 | dt: 3940.26ms | tok/sec: 266,118 | bf16_mfu: 47.87 | epoch: 1 | total time: 235.67m | eta: 52.6m
step 03565/04357 (81.82%) | loss: 2.641496 | lrm: 0.36 | dt: 3944.16ms | tok/sec: 265,855 | bf16_mfu: 47.83 | epoch: 1 | total time: 235.74m | eta: 52.5m
step 03566/04357 (81.85%) | loss: 2.636646 | lrm: 0.36 | dt: 3937.46ms | tok/sec: 266,307 | bf16_mfu: 47.91 | epoch: 1 | total time: 235.80m | eta: 52.5m
step 03567/04357 (81.87%) | loss: 2.637712 | lrm: 0.36 | dt: 3946.69ms | tok/sec: 265,684 | bf16_mfu: 47.79 | epoch: 1 | total time: 235.87m | eta: 52.4m
step 03568/04357 (81.89%) | loss: 2.644362 | lrm: 0.36 | dt: 3939.30ms | tok/sec: 266,183 | bf16_mfu: 47.88 | epoch: 1 | total time: 235.93m | eta: 52.3m
step 03569/04357 (81.91%) | loss: 2.648357 | lrm: 0.36 | dt: 3931.30ms | tok/sec: 266,725 | bf16_mfu: 47.98 | epoch: 1 | total time: 236.00m | eta: 52.3m
step 03570/04357 (81.94%) | loss: 2.651759 | lrm: 0.36 | dt: 3931.11ms | tok/sec: 266,738 | bf16_mfu: 47.98 | epoch: 1 | total time: 236.07m | eta: 52.2m
step 03571/04357 (81.96%) | loss: 2.648983 | lrm: 0.36 | dt: 3940.80ms | tok/sec: 266,082 | bf16_mfu: 47.87 | epoch: 1 | total time: 236.13m | eta: 52.1m
step 03572/04357 (81.98%) | loss: 2.642535 | lrm: 0.36 | dt: 3939.70ms | tok/sec: 266,156 | bf16_mfu: 47.88 | epoch: 1 | total time: 236.20m | eta: 52.1m
step 03573/04357 (82.01%) | loss: 2.640260 | lrm: 0.36 | dt: 3930.89ms | tok/sec: 266,752 | bf16_mfu: 47.99 | epoch: 1 | total time: 236.26m | eta: 52.0m
step 03574/04357 (82.03%) | loss: 2.647562 | lrm: 0.36 | dt: 3935.09ms | tok/sec: 266,467 | bf16_mfu: 47.94 | epoch: 1 | total time: 236.33m | eta: 51.9m
step 03575/04357 (82.05%) | loss: 2.641215 | lrm: 0.36 | dt: 3943.49ms | tok/sec: 265,900 | bf16_mfu: 47.83 | epoch: 1 | total time: 236.39m | eta: 51.9m
step 03576/04357 (82.07%) | loss: 2.651040 | lrm: 0.36 | dt: 3951.92ms | tok/sec: 265,333 | bf16_mfu: 47.73 | epoch: 1 | total time: 236.46m | eta: 51.8m
step 03577/04357 (82.10%) | loss: 2.648518 | lrm: 0.36 | dt: 3941.24ms | tok/sec: 266,052 | bf16_mfu: 47.86 | epoch: 1 | total time: 236.52m | eta: 51.7m
step 03578/04357 (82.12%) | loss: 2.660261 | lrm: 0.36 | dt: 3937.42ms | tok/sec: 266,310 | bf16_mfu: 47.91 | epoch: 1 | total time: 236.59m | eta: 51.7m
step 03579/04357 (82.14%) | loss: 2.657530 | lrm: 0.36 | dt: 3939.45ms | tok/sec: 266,172 | bf16_mfu: 47.88 | epoch: 1 | total time: 236.66m | eta: 51.6m
step 03580/04357 (82.17%) | loss: 2.654231 | lrm: 0.36 | dt: 3936.34ms | tok/sec: 266,383 | bf16_mfu: 47.92 | epoch: 1 | total time: 236.72m | eta: 51.5m
step 03581/04357 (82.19%) | loss: 2.650438 | lrm: 0.36 | dt: 3937.73ms | tok/sec: 266,289 | bf16_mfu: 47.90 | epoch: 1 | total time: 236.79m | eta: 51.5m
step 03582/04357 (82.21%) | loss: 2.663261 | lrm: 0.36 | dt: 3937.88ms | tok/sec: 266,279 | bf16_mfu: 47.90 | epoch: 1 | total time: 236.85m | eta: 51.4m
step 03583/04357 (82.24%) | loss: 2.661761 | lrm: 0.36 | dt: 3937.78ms | tok/sec: 266,286 | bf16_mfu: 47.90 | epoch: 1 | total time: 236.92m | eta: 51.3m
step 03584/04357 (82.26%) | loss: 2.645487 | lrm: 0.35 | dt: 3941.74ms | tok/sec: 266,018 | bf16_mfu: 47.85 | epoch: 1 | total time: 236.98m | eta: 51.3m
step 03585/04357 (82.28%) | loss: 2.637998 | lrm: 0.35 | dt: 3935.03ms | tok/sec: 266,472 | bf16_mfu: 47.94 | epoch: 1 | total time: 237.05m | eta: 51.2m
step 03586/04357 (82.30%) | loss: 2.644921 | lrm: 0.35 | dt: 3938.72ms | tok/sec: 266,222 | bf16_mfu: 47.89 | epoch: 1 | total time: 237.12m | eta: 51.1m
step 03587/04357 (82.33%) | loss: 2.668742 | lrm: 0.35 | dt: 3936.80ms | tok/sec: 266,352 | bf16_mfu: 47.91 | epoch: 1 | total time: 237.18m | eta: 51.1m
step 03588/04357 (82.35%) | loss: 2.667035 | lrm: 0.35 | dt: 3958.60ms | tok/sec: 264,885 | bf16_mfu: 47.65 | epoch: 1 | total time: 237.25m | eta: 51.0m
step 03589/04357 (82.37%) | loss: 2.654988 | lrm: 0.35 | dt: 3934.50ms | tok/sec: 266,507 | bf16_mfu: 47.94 | epoch: 1 | total time: 237.31m | eta: 50.9m
step 03590/04357 (82.40%) | loss: 2.631042 | lrm: 0.35 | dt: 3950.44ms | tok/sec: 265,432 | bf16_mfu: 47.75 | epoch: 1 | total time: 237.38m | eta: 50.9m
step 03591/04357 (82.42%) | loss: 2.627866 | lrm: 0.35 | dt: 3934.90ms | tok/sec: 266,480 | bf16_mfu: 47.94 | epoch: 1 | total time: 237.44m | eta: 50.8m
step 03592/04357 (82.44%) | loss: 2.639323 | lrm: 0.35 | dt: 3945.17ms | tok/sec: 265,787 | bf16_mfu: 47.81 | epoch: 1 | total time: 237.51m | eta: 50.7m
step 03593/04357 (82.46%) | loss: 2.654724 | lrm: 0.35 | dt: 3938.88ms | tok/sec: 266,211 | bf16_mfu: 47.89 | epoch: 1 | total time: 237.58m | eta: 50.7m
step 03594/04357 (82.49%) | loss: 2.652467 | lrm: 0.35 | dt: 3944.43ms | tok/sec: 265,837 | bf16_mfu: 47.82 | epoch: 1 | total time: 237.64m | eta: 50.6m
step 03595/04357 (82.51%) | loss: 2.645960 | lrm: 0.35 | dt: 3954.85ms | tok/sec: 265,136 | bf16_mfu: 47.70 | epoch: 1 | total time: 237.71m | eta: 50.5m
step 03596/04357 (82.53%) | loss: 2.645846 | lrm: 0.35 | dt: 3940.13ms | tok/sec: 266,126 | bf16_mfu: 47.87 | epoch: 1 | total time: 237.77m | eta: 50.5m
step 03597/04357 (82.56%) | loss: 2.647226 | lrm: 0.35 | dt: 3943.44ms | tok/sec: 265,904 | bf16_mfu: 47.83 | epoch: 1 | total time: 237.84m | eta: 50.4m
step 03598/04357 (82.58%) | loss: 2.657046 | lrm: 0.35 | dt: 3938.15ms | tok/sec: 266,261 | bf16_mfu: 47.90 | epoch: 1 | total time: 237.90m | eta: 50.3m
step 03599/04357 (82.60%) | loss: 2.667989 | lrm: 0.35 | dt: 3933.17ms | tok/sec: 266,598 | bf16_mfu: 47.96 | epoch: 1 | total time: 237.97m | eta: 50.3m
step 03600/04357 (82.63%) | loss: 2.655183 | lrm: 0.35 | dt: 3942.95ms | tok/sec: 265,937 | bf16_mfu: 47.84 | epoch: 1 | total time: 238.04m | eta: 50.2m
step 03601/04357 (82.65%) | loss: 2.644170 | lrm: 0.35 | dt: 3942.06ms | tok/sec: 265,997 | bf16_mfu: 47.85 | epoch: 1 | total time: 238.10m | eta: 50.1m
step 03602/04357 (82.67%) | loss: 2.639576 | lrm: 0.35 | dt: 3931.27ms | tok/sec: 266,726 | bf16_mfu: 47.98 | epoch: 1 | total time: 238.17m | eta: 50.1m
step 03603/04357 (82.69%) | loss: 2.647012 | lrm: 0.35 | dt: 3948.88ms | tok/sec: 265,537 | bf16_mfu: 47.77 | epoch: 1 | total time: 238.23m | eta: 50.0m
step 03604/04357 (82.72%) | loss: 2.663392 | lrm: 0.35 | dt: 3934.96ms | tok/sec: 266,476 | bf16_mfu: 47.94 | epoch: 1 | total time: 238.30m | eta: 49.9m
step 03605/04357 (82.74%) | loss: 2.665690 | lrm: 0.35 | dt: 3942.98ms | tok/sec: 265,934 | bf16_mfu: 47.84 | epoch: 1 | total time: 238.36m | eta: 49.9m
step 03606/04357 (82.76%) | loss: 2.663436 | lrm: 0.34 | dt: 3945.95ms | tok/sec: 265,734 | bf16_mfu: 47.80 | epoch: 1 | total time: 238.43m | eta: 49.8m
step 03607/04357 (82.79%) | loss: 2.664454 | lrm: 0.34 | dt: 3940.42ms | tok/sec: 266,107 | bf16_mfu: 47.87 | epoch: 1 | total time: 238.50m | eta: 49.7m
step 03608/04357 (82.81%) | loss: 2.664633 | lrm: 0.34 | dt: 3939.39ms | tok/sec: 266,177 | bf16_mfu: 47.88 | epoch: 1 | total time: 238.56m | eta: 49.7m
step 03609/04357 (82.83%) | loss: 2.660104 | lrm: 0.34 | dt: 3933.24ms | tok/sec: 266,593 | bf16_mfu: 47.96 | epoch: 1 | total time: 238.63m | eta: 49.6m
step 03610/04357 (82.86%) | loss: 2.668892 | lrm: 0.34 | dt: 3942.19ms | tok/sec: 265,988 | bf16_mfu: 47.85 | epoch: 1 | total time: 238.69m | eta: 49.5m
step 03611/04357 (82.88%) | loss: 2.670451 | lrm: 0.34 | dt: 3935.29ms | tok/sec: 266,454 | bf16_mfu: 47.93 | epoch: 1 | total time: 238.76m | eta: 49.5m
step 03612/04357 (82.90%) | loss: 2.663018 | lrm: 0.34 | dt: 3948.27ms | tok/sec: 265,578 | bf16_mfu: 47.78 | epoch: 1 | total time: 238.82m | eta: 49.4m
step 03613/04357 (82.92%) | loss: 2.659084 | lrm: 0.34 | dt: 3967.68ms | tok/sec: 264,279 | bf16_mfu: 47.54 | epoch: 1 | total time: 238.89m | eta: 49.3m
step 03614/04357 (82.95%) | loss: 2.649706 | lrm: 0.34 | dt: 3946.70ms | tok/sec: 265,683 | bf16_mfu: 47.79 | epoch: 1 | total time: 238.96m | eta: 49.3m
step 03615/04357 (82.97%) | loss: 2.649165 | lrm: 0.34 | dt: 3941.29ms | tok/sec: 266,048 | bf16_mfu: 47.86 | epoch: 1 | total time: 239.02m | eta: 49.2m
step 03616/04357 (82.99%) | loss: 2.651007 | lrm: 0.34 | dt: 3936.63ms | tok/sec: 266,364 | bf16_mfu: 47.92 | epoch: 1 | total time: 239.09m | eta: 49.1m
step 03617/04357 (83.02%) | loss: 2.666026 | lrm: 0.34 | dt: 3942.31ms | tok/sec: 265,980 | bf16_mfu: 47.85 | epoch: 1 | total time: 239.15m | eta: 49.1m
step 03618/04357 (83.04%) | loss: 2.657850 | lrm: 0.34 | dt: 3941.68ms | tok/sec: 266,022 | bf16_mfu: 47.86 | epoch: 1 | total time: 239.22m | eta: 49.0m
step 03619/04357 (83.06%) | loss: 2.648906 | lrm: 0.34 | dt: 3933.76ms | tok/sec: 266,557 | bf16_mfu: 47.95 | epoch: 1 | total time: 239.28m | eta: 48.9m
step 03620/04357 (83.08%) | loss: 2.643116 | lrm: 0.34 | dt: 3962.23ms | tok/sec: 264,642 | bf16_mfu: 47.61 | epoch: 1 | total time: 239.35m | eta: 48.9m
step 03621/04357 (83.11%) | loss: 2.646892 | lrm: 0.34 | dt: 3952.07ms | tok/sec: 265,323 | bf16_mfu: 47.73 | epoch: 1 | total time: 239.42m | eta: 48.8m
step 03622/04357 (83.13%) | loss: 2.659084 | lrm: 0.34 | dt: 3940.47ms | tok/sec: 266,104 | bf16_mfu: 47.87 | epoch: 1 | total time: 239.48m | eta: 48.7m
step 03623/04357 (83.15%) | loss: 2.653932 | lrm: 0.34 | dt: 3940.89ms | tok/sec: 266,076 | bf16_mfu: 47.86 | epoch: 1 | total time: 239.55m | eta: 48.7m
step 03624/04357 (83.18%) | loss: 2.636691 | lrm: 0.34 | dt: 3939.16ms | tok/sec: 266,192 | bf16_mfu: 47.89 | epoch: 1 | total time: 239.61m | eta: 48.6m
step 03625/04357 (83.20%) | loss: 2.649684 | lrm: 0.34 | dt: 3943.93ms | tok/sec: 265,871 | bf16_mfu: 47.83 | epoch: 1 | total time: 239.68m | eta: 48.5m
step 03626/04357 (83.22%) | loss: 2.648860 | lrm: 0.34 | dt: 3939.11ms | tok/sec: 266,196 | bf16_mfu: 47.89 | epoch: 1 | total time: 239.74m | eta: 48.5m
step 03627/04357 (83.25%) | loss: 2.645057 | lrm: 0.34 | dt: 3934.35ms | tok/sec: 266,518 | bf16_mfu: 47.94 | epoch: 1 | total time: 239.81m | eta: 48.4m
step 03628/04357 (83.27%) | loss: 2.641186 | lrm: 0.33 | dt: 3941.06ms | tok/sec: 266,064 | bf16_mfu: 47.86 | epoch: 1 | total time: 239.88m | eta: 48.3m
step 03629/04357 (83.29%) | loss: 2.650325 | lrm: 0.33 | dt: 3944.45ms | tok/sec: 265,835 | bf16_mfu: 47.82 | epoch: 1 | total time: 239.94m | eta: 48.3m
step 03630/04357 (83.31%) | loss: 2.647955 | lrm: 0.33 | dt: 3937.73ms | tok/sec: 266,289 | bf16_mfu: 47.90 | epoch: 1 | total time: 240.01m | eta: 48.2m
step 03631/04357 (83.34%) | loss: 2.652453 | lrm: 0.33 | dt: 3945.44ms | tok/sec: 265,768 | bf16_mfu: 47.81 | epoch: 1 | total time: 240.07m | eta: 48.1m
step 03632/04357 (83.36%) | loss: 2.642318 | lrm: 0.33 | dt: 3939.94ms | tok/sec: 266,139 | bf16_mfu: 47.88 | epoch: 1 | total time: 240.14m | eta: 48.1m
step 03633/04357 (83.38%) | loss: 2.670299 | lrm: 0.33 | dt: 3942.78ms | tok/sec: 265,948 | bf16_mfu: 47.84 | epoch: 1 | total time: 240.20m | eta: 48.0m
step 03634/04357 (83.41%) | loss: 2.668346 | lrm: 0.33 | dt: 3940.22ms | tok/sec: 266,120 | bf16_mfu: 47.87 | epoch: 1 | total time: 240.27m | eta: 47.9m
step 03635/04357 (83.43%) | loss: 2.663054 | lrm: 0.33 | dt: 3935.43ms | tok/sec: 266,445 | bf16_mfu: 47.93 | epoch: 1 | total time: 240.34m | eta: 47.9m
step 03636/04357 (83.45%) | loss: 2.662616 | lrm: 0.33 | dt: 3941.87ms | tok/sec: 266,009 | bf16_mfu: 47.85 | epoch: 1 | total time: 240.40m | eta: 47.8m
step 03637/04357 (83.47%) | loss: 2.657324 | lrm: 0.33 | dt: 3940.86ms | tok/sec: 266,077 | bf16_mfu: 47.87 | epoch: 1 | total time: 240.47m | eta: 47.7m
step 03638/04357 (83.50%) | loss: 2.660943 | lrm: 0.33 | dt: 3944.62ms | tok/sec: 265,824 | bf16_mfu: 47.82 | epoch: 1 | total time: 240.53m | eta: 47.7m
step 03639/04357 (83.52%) | loss: 2.661713 | lrm: 0.33 | dt: 3941.82ms | tok/sec: 266,013 | bf16_mfu: 47.85 | epoch: 1 | total time: 240.60m | eta: 47.6m
step 03640/04357 (83.54%) | loss: 2.663967 | lrm: 0.33 | dt: 3938.52ms | tok/sec: 266,235 | bf16_mfu: 47.89 | epoch: 1 | total time: 240.66m | eta: 47.5m
step 03641/04357 (83.57%) | loss: 2.669909 | lrm: 0.33 | dt: 3943.81ms | tok/sec: 265,878 | bf16_mfu: 47.83 | epoch: 1 | total time: 240.73m | eta: 47.5m
step 03642/04357 (83.59%) | loss: 2.673573 | lrm: 0.33 | dt: 3942.40ms | tok/sec: 265,973 | bf16_mfu: 47.85 | epoch: 1 | total time: 240.80m | eta: 47.4m
step 03643/04357 (83.61%) | loss: 2.678176 | lrm: 0.33 | dt: 3941.13ms | tok/sec: 266,059 | bf16_mfu: 47.86 | epoch: 1 | total time: 240.86m | eta: 47.3m
step 03644/04357 (83.64%) | loss: 2.666745 | lrm: 0.33 | dt: 3946.94ms | tok/sec: 265,667 | bf16_mfu: 47.79 | epoch: 1 | total time: 240.93m | eta: 47.3m
step 03645/04357 (83.66%) | loss: 2.658987 | lrm: 0.33 | dt: 3942.90ms | tok/sec: 265,940 | bf16_mfu: 47.84 | epoch: 1 | total time: 240.99m | eta: 47.2m
step 03646/04357 (83.68%) | loss: 2.657101 | lrm: 0.33 | dt: 3941.45ms | tok/sec: 266,038 | bf16_mfu: 47.86 | epoch: 1 | total time: 241.06m | eta: 47.1m
step 03647/04357 (83.70%) | loss: 2.648082 | lrm: 0.33 | dt: 3942.27ms | tok/sec: 265,982 | bf16_mfu: 47.85 | epoch: 1 | total time: 241.12m | eta: 47.1m
step 03648/04357 (83.73%) | loss: 2.649608 | lrm: 0.33 | dt: 3943.47ms | tok/sec: 265,901 | bf16_mfu: 47.83 | epoch: 1 | total time: 241.19m | eta: 47.0m
step 03649/04357 (83.75%) | loss: 2.652014 | lrm: 0.33 | dt: 3937.61ms | tok/sec: 266,297 | bf16_mfu: 47.90 | epoch: 1 | total time: 241.26m | eta: 46.9m
step 03650/04357 (83.77%) | loss: 2.651582 | lrm: 0.32 | dt: 3937.52ms | tok/sec: 266,303 | bf16_mfu: 47.91 | epoch: 1 | total time: 241.32m | eta: 46.9m
step 03651/04357 (83.80%) | loss: 2.666734 | lrm: 0.32 | dt: 3931.69ms | tok/sec: 266,698 | bf16_mfu: 47.98 | epoch: 1 | total time: 241.39m | eta: 46.8m
step 03652/04357 (83.82%) | loss: 2.671207 | lrm: 0.32 | dt: 3963.85ms | tok/sec: 264,534 | bf16_mfu: 47.59 | epoch: 1 | total time: 241.45m | eta: 46.7m
step 03653/04357 (83.84%) | loss: 2.673044 | lrm: 0.32 | dt: 3944.02ms | tok/sec: 265,864 | bf16_mfu: 47.83 | epoch: 1 | total time: 241.52m | eta: 46.7m
step 03654/04357 (83.87%) | loss: 2.658192 | lrm: 0.32 | dt: 3950.86ms | tok/sec: 265,404 | bf16_mfu: 47.74 | epoch: 1 | total time: 241.58m | eta: 46.6m
step 03655/04357 (83.89%) | loss: 2.647634 | lrm: 0.32 | dt: 3977.83ms | tok/sec: 263,604 | bf16_mfu: 47.42 | epoch: 1 | total time: 241.65m | eta: 46.5m
step 03656/04357 (83.91%) | loss: 2.654055 | lrm: 0.32 | dt: 3958.64ms | tok/sec: 264,882 | bf16_mfu: 47.65 | epoch: 1 | total time: 241.72m | eta: 46.5m
step 03657/04357 (83.93%) | loss: 2.665404 | lrm: 0.32 | dt: 3944.01ms | tok/sec: 265,865 | bf16_mfu: 47.83 | epoch: 1 | total time: 241.78m | eta: 46.4m
step 03658/04357 (83.96%) | loss: 2.659716 | lrm: 0.32 | dt: 3941.57ms | tok/sec: 266,030 | bf16_mfu: 47.86 | epoch: 1 | total time: 241.85m | eta: 46.3m
step 03659/04357 (83.98%) | loss: 2.665506 | lrm: 0.32 | dt: 3943.74ms | tok/sec: 265,883 | bf16_mfu: 47.83 | epoch: 1 | total time: 241.91m | eta: 46.3m
step 03660/04357 (84.00%) | loss: 2.673718 | lrm: 0.32 | dt: 3934.11ms | tok/sec: 266,534 | bf16_mfu: 47.95 | epoch: 1 | total time: 241.98m | eta: 46.2m
step 03661/04357 (84.03%) | loss: 2.677435 | lrm: 0.32 | dt: 3936.05ms | tok/sec: 266,403 | bf16_mfu: 47.92 | epoch: 1 | total time: 242.04m | eta: 46.1m
step 03662/04357 (84.05%) | loss: 2.672766 | lrm: 0.32 | dt: 3939.09ms | tok/sec: 266,197 | bf16_mfu: 47.89 | epoch: 1 | total time: 242.11m | eta: 46.1m
step 03663/04357 (84.07%) | loss: 2.668671 | lrm: 0.32 | dt: 3956.78ms | tok/sec: 265,007 | bf16_mfu: 47.67 | epoch: 1 | total time: 242.18m | eta: 46.0m
step 03664/04357 (84.09%) | loss: 2.667395 | lrm: 0.32 | dt: 3939.83ms | tok/sec: 266,147 | bf16_mfu: 47.88 | epoch: 1 | total time: 242.24m | eta: 45.9m
step 03665/04357 (84.12%) | loss: 2.667427 | lrm: 0.32 | dt: 3938.43ms | tok/sec: 266,242 | bf16_mfu: 47.89 | epoch: 1 | total time: 242.31m | eta: 45.9m
step 03666/04357 (84.14%) | loss: 2.658803 | lrm: 0.32 | dt: 3938.08ms | tok/sec: 266,265 | bf16_mfu: 47.90 | epoch: 1 | total time: 242.37m | eta: 45.8m
step 03667/04357 (84.16%) | loss: 2.661933 | lrm: 0.32 | dt: 3946.80ms | tok/sec: 265,677 | bf16_mfu: 47.79 | epoch: 1 | total time: 242.44m | eta: 45.7m
step 03668/04357 (84.19%) | loss: 2.663974 | lrm: 0.32 | dt: 3942.17ms | tok/sec: 265,989 | bf16_mfu: 47.85 | epoch: 1 | total time: 242.50m | eta: 45.7m
step 03669/04357 (84.21%) | loss: 2.656198 | lrm: 0.32 | dt: 3941.59ms | tok/sec: 266,029 | bf16_mfu: 47.86 | epoch: 1 | total time: 242.57m | eta: 45.6m
step 03670/04357 (84.23%) | loss: 2.658291 | lrm: 0.32 | dt: 3943.39ms | tok/sec: 265,907 | bf16_mfu: 47.83 | epoch: 1 | total time: 242.64m | eta: 45.5m
step 03671/04357 (84.26%) | loss: 2.661631 | lrm: 0.31 | dt: 3941.97ms | tok/sec: 266,002 | bf16_mfu: 47.85 | epoch: 1 | total time: 242.70m | eta: 45.5m
step 03672/04357 (84.28%) | loss: 2.661736 | lrm: 0.31 | dt: 3939.16ms | tok/sec: 266,192 | bf16_mfu: 47.89 | epoch: 1 | total time: 242.77m | eta: 45.4m
step 03673/04357 (84.30%) | loss: 2.652276 | lrm: 0.31 | dt: 3942.95ms | tok/sec: 265,936 | bf16_mfu: 47.84 | epoch: 1 | total time: 242.83m | eta: 45.3m
step 03674/04357 (84.32%) | loss: 2.638244 | lrm: 0.31 | dt: 3942.14ms | tok/sec: 265,991 | bf16_mfu: 47.85 | epoch: 1 | total time: 242.90m | eta: 45.3m
step 03675/04357 (84.35%) | loss: 2.641982 | lrm: 0.31 | dt: 3933.14ms | tok/sec: 266,600 | bf16_mfu: 47.96 | epoch: 1 | total time: 242.96m | eta: 45.2m
step 03676/04357 (84.37%) | loss: 2.649370 | lrm: 0.31 | dt: 3943.70ms | tok/sec: 265,886 | bf16_mfu: 47.83 | epoch: 1 | total time: 243.03m | eta: 45.1m
step 03677/04357 (84.39%) | loss: 2.654295 | lrm: 0.31 | dt: 3935.41ms | tok/sec: 266,446 | bf16_mfu: 47.93 | epoch: 1 | total time: 243.10m | eta: 45.1m
step 03678/04357 (84.42%) | loss: 2.650548 | lrm: 0.31 | dt: 3934.12ms | tok/sec: 266,533 | bf16_mfu: 47.95 | epoch: 1 | total time: 243.16m | eta: 45.0m
step 03679/04357 (84.44%) | loss: 2.650000 | lrm: 0.31 | dt: 3942.84ms | tok/sec: 265,944 | bf16_mfu: 47.84 | epoch: 1 | total time: 243.23m | eta: 44.9m
step 03680/04357 (84.46%) | loss: 2.644675 | lrm: 0.31 | dt: 3952.33ms | tok/sec: 265,305 | bf16_mfu: 47.73 | epoch: 1 | total time: 243.29m | eta: 44.9m
step 03681/04357 (84.48%) | loss: 2.640592 | lrm: 0.31 | dt: 3935.75ms | tok/sec: 266,423 | bf16_mfu: 47.93 | epoch: 1 | total time: 243.36m | eta: 44.8m
step 03682/04357 (84.51%) | loss: 2.644140 | lrm: 0.31 | dt: 3946.53ms | tok/sec: 265,695 | bf16_mfu: 47.80 | epoch: 1 | total time: 243.42m | eta: 44.7m
step 03683/04357 (84.53%) | loss: 2.635747 | lrm: 0.31 | dt: 3951.04ms | tok/sec: 265,392 | bf16_mfu: 47.74 | epoch: 1 | total time: 243.49m | eta: 44.7m
step 03684/04357 (84.55%) | loss: 2.638405 | lrm: 0.31 | dt: 3944.41ms | tok/sec: 265,838 | bf16_mfu: 47.82 | epoch: 1 | total time: 243.56m | eta: 44.6m
step 03685/04357 (84.58%) | loss: 2.644280 | lrm: 0.31 | dt: 3937.37ms | tok/sec: 266,313 | bf16_mfu: 47.91 | epoch: 1 | total time: 243.62m | eta: 44.5m
step 03686/04357 (84.60%) | loss: 2.638231 | lrm: 0.31 | dt: 3955.66ms | tok/sec: 265,082 | bf16_mfu: 47.69 | epoch: 1 | total time: 243.69m | eta: 44.5m
step 03687/04357 (84.62%) | loss: 2.618583 | lrm: 0.31 | dt: 3956.52ms | tok/sec: 265,024 | bf16_mfu: 47.68 | epoch: 1 | total time: 243.75m | eta: 44.4m
step 03688/04357 (84.65%) | loss: 2.614756 | lrm: 0.31 | dt: 3962.58ms | tok/sec: 264,619 | bf16_mfu: 47.60 | epoch: 1 | total time: 243.82m | eta: 44.3m
step 03689/04357 (84.67%) | loss: 2.613338 | lrm: 0.31 | dt: 3938.45ms | tok/sec: 266,240 | bf16_mfu: 47.89 | epoch: 1 | total time: 243.88m | eta: 44.3m
step 03690/04357 (84.69%) | loss: 2.628591 | lrm: 0.31 | dt: 3951.85ms | tok/sec: 265,338 | bf16_mfu: 47.73 | epoch: 1 | total time: 243.95m | eta: 44.2m
step 03691/04357 (84.71%) | loss: 2.632838 | lrm: 0.31 | dt: 3945.11ms | tok/sec: 265,791 | bf16_mfu: 47.81 | epoch: 1 | total time: 244.02m | eta: 44.1m
step 03692/04357 (84.74%) | loss: 2.627560 | lrm: 0.31 | dt: 3938.91ms | tok/sec: 266,209 | bf16_mfu: 47.89 | epoch: 1 | total time: 244.08m | eta: 44.1m
step 03693/04357 (84.76%) | loss: 2.640365 | lrm: 0.30 | dt: 3942.83ms | tok/sec: 265,945 | bf16_mfu: 47.84 | epoch: 1 | total time: 244.15m | eta: 44.0m
step 03694/04357 (84.78%) | loss: 2.644145 | lrm: 0.30 | dt: 3939.87ms | tok/sec: 266,144 | bf16_mfu: 47.88 | epoch: 1 | total time: 244.21m | eta: 44.0m
step 03695/04357 (84.81%) | loss: 2.645191 | lrm: 0.30 | dt: 3941.59ms | tok/sec: 266,028 | bf16_mfu: 47.86 | epoch: 1 | total time: 244.28m | eta: 43.9m
step 03696/04357 (84.83%) | loss: 2.658337 | lrm: 0.30 | dt: 3942.62ms | tok/sec: 265,959 | bf16_mfu: 47.84 | epoch: 1 | total time: 244.34m | eta: 43.8m
step 03697/04357 (84.85%) | loss: 2.659458 | lrm: 0.30 | dt: 3943.80ms | tok/sec: 265,879 | bf16_mfu: 47.83 | epoch: 1 | total time: 244.41m | eta: 43.8m
step 03698/04357 (84.87%) | loss: 2.663596 | lrm: 0.30 | dt: 3936.76ms | tok/sec: 266,355 | bf16_mfu: 47.92 | epoch: 1 | total time: 244.48m | eta: 43.7m
step 03699/04357 (84.90%) | loss: 2.668168 | lrm: 0.30 | dt: 3946.93ms | tok/sec: 265,669 | bf16_mfu: 47.79 | epoch: 1 | total time: 244.54m | eta: 43.6m
step 03700/04357 (84.92%) | loss: 2.678374 | lrm: 0.30 | dt: 3953.54ms | tok/sec: 265,224 | bf16_mfu: 47.71 | epoch: 1 | total time: 244.61m | eta: 43.6m
step 03701/04357 (84.94%) | loss: 2.669436 | lrm: 0.30 | dt: 3968.51ms | tok/sec: 264,224 | bf16_mfu: 47.53 | epoch: 1 | total time: 244.67m | eta: 43.5m
step 03702/04357 (84.97%) | loss: 2.677803 | lrm: 0.30 | dt: 3945.27ms | tok/sec: 265,780 | bf16_mfu: 47.81 | epoch: 1 | total time: 244.74m | eta: 43.4m
step 03703/04357 (84.99%) | loss: 2.687032 | lrm: 0.30 | dt: 3941.82ms | tok/sec: 266,013 | bf16_mfu: 47.85 | epoch: 1 | total time: 244.81m | eta: 43.4m
step 03704/04357 (85.01%) | loss: 2.690175 | lrm: 0.30 | dt: 3950.20ms | tok/sec: 265,449 | bf16_mfu: 47.75 | epoch: 1 | total time: 244.87m | eta: 43.3m
step 03705/04357 (85.04%) | loss: 2.696646 | lrm: 0.30 | dt: 3939.90ms | tok/sec: 266,142 | bf16_mfu: 47.88 | epoch: 1 | total time: 244.94m | eta: 43.2m
step 03706/04357 (85.06%) | loss: 2.692367 | lrm: 0.30 | dt: 3943.36ms | tok/sec: 265,909 | bf16_mfu: 47.83 | epoch: 1 | total time: 245.00m | eta: 43.2m
step 03707/04357 (85.08%) | loss: 2.691423 | lrm: 0.30 | dt: 3941.15ms | tok/sec: 266,058 | bf16_mfu: 47.86 | epoch: 1 | total time: 245.07m | eta: 43.1m
step 03708/04357 (85.10%) | loss: 2.682584 | lrm: 0.30 | dt: 3945.06ms | tok/sec: 265,794 | bf16_mfu: 47.81 | epoch: 1 | total time: 245.13m | eta: 43.0m
step 03709/04357 (85.13%) | loss: 2.675674 | lrm: 0.30 | dt: 3944.81ms | tok/sec: 265,811 | bf16_mfu: 47.82 | epoch: 1 | total time: 245.20m | eta: 43.0m
step 03710/04357 (85.15%) | loss: 2.671657 | lrm: 0.30 | dt: 3947.23ms | tok/sec: 265,648 | bf16_mfu: 47.79 | epoch: 1 | total time: 245.27m | eta: 42.9m
step 03711/04357 (85.17%) | loss: 2.671828 | lrm: 0.30 | dt: 3942.16ms | tok/sec: 265,990 | bf16_mfu: 47.85 | epoch: 1 | total time: 245.33m | eta: 42.8m
step 03712/04357 (85.20%) | loss: 2.667916 | lrm: 0.30 | dt: 3943.92ms | tok/sec: 265,871 | bf16_mfu: 47.83 | epoch: 1 | total time: 245.40m | eta: 42.8m
step 03713/04357 (85.22%) | loss: 2.665742 | lrm: 0.30 | dt: 3952.67ms | tok/sec: 265,282 | bf16_mfu: 47.72 | epoch: 1 | total time: 245.46m | eta: 42.7m
step 03714/04357 (85.24%) | loss: 2.663165 | lrm: 0.30 | dt: 3941.77ms | tok/sec: 266,016 | bf16_mfu: 47.85 | epoch: 1 | total time: 245.53m | eta: 42.6m
step 03715/04357 (85.27%) | loss: 2.639286 | lrm: 0.29 | dt: 3941.66ms | tok/sec: 266,023 | bf16_mfu: 47.86 | epoch: 1 | total time: 245.59m | eta: 42.6m
step 03716/04357 (85.29%) | loss: 2.638115 | lrm: 0.29 | dt: 3950.47ms | tok/sec: 265,430 | bf16_mfu: 47.75 | epoch: 1 | total time: 245.66m | eta: 42.5m
step 03717/04357 (85.31%) | loss: 2.635826 | lrm: 0.29 | dt: 3940.46ms | tok/sec: 266,105 | bf16_mfu: 47.87 | epoch: 1 | total time: 245.73m | eta: 42.4m
step 03718/04357 (85.33%) | loss: 2.638069 | lrm: 0.29 | dt: 3944.69ms | tok/sec: 265,819 | bf16_mfu: 47.82 | epoch: 1 | total time: 245.79m | eta: 42.4m
step 03719/04357 (85.36%) | loss: 2.630170 | lrm: 0.29 | dt: 3942.38ms | tok/sec: 265,975 | bf16_mfu: 47.85 | epoch: 1 | total time: 245.86m | eta: 42.3m
step 03720/04357 (85.38%) | loss: 2.636785 | lrm: 0.29 | dt: 3949.05ms | tok/sec: 265,526 | bf16_mfu: 47.77 | epoch: 1 | total time: 245.92m | eta: 42.2m
step 03721/04357 (85.40%) | loss: 2.644032 | lrm: 0.29 | dt: 3943.60ms | tok/sec: 265,892 | bf16_mfu: 47.83 | epoch: 1 | total time: 245.99m | eta: 42.2m
step 03722/04357 (85.43%) | loss: 2.647780 | lrm: 0.29 | dt: 3939.50ms | tok/sec: 266,169 | bf16_mfu: 47.88 | epoch: 1 | total time: 246.05m | eta: 42.1m
step 03723/04357 (85.45%) | loss: 2.654839 | lrm: 0.29 | dt: 3947.83ms | tok/sec: 265,608 | bf16_mfu: 47.78 | epoch: 1 | total time: 246.12m | eta: 42.0m
step 03724/04357 (85.47%) | loss: 2.646427 | lrm: 0.29 | dt: 3969.75ms | tok/sec: 264,141 | bf16_mfu: 47.52 | epoch: 1 | total time: 246.19m | eta: 42.0m
step 03725/04357 (85.49%) | loss: 2.653171 | lrm: 0.29 | dt: 3944.49ms | tok/sec: 265,833 | bf16_mfu: 47.82 | epoch: 1 | total time: 246.25m | eta: 41.9m
step 03726/04357 (85.52%) | loss: 2.667338 | lrm: 0.29 | dt: 3939.06ms | tok/sec: 266,199 | bf16_mfu: 47.89 | epoch: 1 | total time: 246.32m | eta: 41.8m
step 03727/04357 (85.54%) | loss: 2.662668 | lrm: 0.29 | dt: 3939.44ms | tok/sec: 266,173 | bf16_mfu: 47.88 | epoch: 1 | total time: 246.38m | eta: 41.8m
step 03728/04357 (85.56%) | loss: 2.654655 | lrm: 0.29 | dt: 3944.54ms | tok/sec: 265,829 | bf16_mfu: 47.82 | epoch: 1 | total time: 246.45m | eta: 41.7m
step 03729/04357 (85.59%) | loss: 2.650051 | lrm: 0.29 | dt: 3937.89ms | tok/sec: 266,278 | bf16_mfu: 47.90 | epoch: 1 | total time: 246.51m | eta: 41.6m
step 03730/04357 (85.61%) | loss: 2.659944 | lrm: 0.29 | dt: 3941.28ms | tok/sec: 266,049 | bf16_mfu: 47.86 | epoch: 1 | total time: 246.58m | eta: 41.6m
step 03731/04357 (85.63%) | loss: 2.650131 | lrm: 0.29 | dt: 3941.00ms | tok/sec: 266,068 | bf16_mfu: 47.86 | epoch: 1 | total time: 246.65m | eta: 41.5m
step 03732/04357 (85.66%) | loss: 2.652396 | lrm: 0.29 | dt: 3941.27ms | tok/sec: 266,050 | bf16_mfu: 47.86 | epoch: 1 | total time: 246.71m | eta: 41.4m
step 03733/04357 (85.68%) | loss: 2.645026 | lrm: 0.29 | dt: 3952.14ms | tok/sec: 265,318 | bf16_mfu: 47.73 | epoch: 1 | total time: 246.78m | eta: 41.4m
step 03734/04357 (85.70%) | loss: 2.638439 | lrm: 0.29 | dt: 3941.89ms | tok/sec: 266,008 | bf16_mfu: 47.85 | epoch: 1 | total time: 246.84m | eta: 41.3m
step 03735/04357 (85.72%) | loss: 2.652386 | lrm: 0.29 | dt: 3942.72ms | tok/sec: 265,952 | bf16_mfu: 47.84 | epoch: 1 | total time: 246.91m | eta: 41.2m
step 03736/04357 (85.75%) | loss: 2.650595 | lrm: 0.29 | dt: 3948.76ms | tok/sec: 265,545 | bf16_mfu: 47.77 | epoch: 1 | total time: 246.98m | eta: 41.2m
step 03737/04357 (85.77%) | loss: 2.644804 | lrm: 0.28 | dt: 3936.16ms | tok/sec: 266,395 | bf16_mfu: 47.92 | epoch: 1 | total time: 247.04m | eta: 41.1m
step 03738/04357 (85.79%) | loss: 2.648350 | lrm: 0.28 | dt: 3937.20ms | tok/sec: 266,325 | bf16_mfu: 47.91 | epoch: 1 | total time: 247.11m | eta: 41.0m
step 03739/04357 (85.82%) | loss: 2.647669 | lrm: 0.28 | dt: 3943.79ms | tok/sec: 265,880 | bf16_mfu: 47.83 | epoch: 1 | total time: 247.17m | eta: 41.0m
step 03740/04357 (85.84%) | loss: 2.658441 | lrm: 0.28 | dt: 3949.12ms | tok/sec: 265,521 | bf16_mfu: 47.77 | epoch: 1 | total time: 247.24m | eta: 40.9m
step 03741/04357 (85.86%) | loss: 2.654650 | lrm: 0.28 | dt: 3939.94ms | tok/sec: 266,140 | bf16_mfu: 47.88 | epoch: 1 | total time: 247.30m | eta: 40.8m
step 03742/04357 (85.88%) | loss: 2.656966 | lrm: 0.28 | dt: 3935.21ms | tok/sec: 266,460 | bf16_mfu: 47.93 | epoch: 1 | total time: 247.37m | eta: 40.8m
step 03743/04357 (85.91%) | loss: 2.652734 | lrm: 0.28 | dt: 3941.86ms | tok/sec: 266,010 | bf16_mfu: 47.85 | epoch: 1 | total time: 247.43m | eta: 40.7m
step 03744/04357 (85.93%) | loss: 2.643219 | lrm: 0.28 | dt: 3951.17ms | tok/sec: 265,383 | bf16_mfu: 47.74 | epoch: 1 | total time: 247.50m | eta: 40.6m
step 03745/04357 (85.95%) | loss: 2.644827 | lrm: 0.28 | dt: 3933.23ms | tok/sec: 266,594 | bf16_mfu: 47.96 | epoch: 1 | total time: 247.57m | eta: 40.6m
step 03746/04357 (85.98%) | loss: 2.647223 | lrm: 0.28 | dt: 3963.87ms | tok/sec: 264,533 | bf16_mfu: 47.59 | epoch: 1 | total time: 247.63m | eta: 40.5m
step 03747/04357 (86.00%) | loss: 2.637029 | lrm: 0.28 | dt: 3967.94ms | tok/sec: 264,261 | bf16_mfu: 47.54 | epoch: 1 | total time: 247.70m | eta: 40.4m
step 03748/04357 (86.02%) | loss: 2.650424 | lrm: 0.28 | dt: 3948.27ms | tok/sec: 265,578 | bf16_mfu: 47.78 | epoch: 1 | total time: 247.76m | eta: 40.4m
step 03749/04357 (86.05%) | loss: 2.654415 | lrm: 0.28 | dt: 3947.61ms | tok/sec: 265,622 | bf16_mfu: 47.78 | epoch: 1 | total time: 247.83m | eta: 40.3m
Step 03750 | Validation bpb: 0.805363
step 03750/04357 (86.07%) | loss: 2.642869 | lrm: 0.28 | dt: 3962.52ms | tok/sec: 264,623 | bf16_mfu: 47.60 | epoch: 1 | total time: 247.90m | eta: 40.2m
step 03751/04357 (86.09%) | loss: 2.632026 | lrm: 0.28 | dt: 3936.03ms | tok/sec: 266,404 | bf16_mfu: 47.92 | epoch: 1 | total time: 247.96m | eta: 40.2m
step 03752/04357 (86.11%) | loss: 2.633826 | lrm: 0.28 | dt: 3930.20ms | tok/sec: 266,799 | bf16_mfu: 48.00 | epoch: 1 | total time: 248.03m | eta: 40.1m
step 03753/04357 (86.14%) | loss: 2.627498 | lrm: 0.28 | dt: 3954.35ms | tok/sec: 265,170 | bf16_mfu: 47.70 | epoch: 1 | total time: 248.09m | eta: 40.0m
step 03754/04357 (86.16%) | loss: 2.634580 | lrm: 0.28 | dt: 3975.73ms | tok/sec: 263,744 | bf16_mfu: 47.45 | epoch: 1 | total time: 248.16m | eta: 40.0m
step 03755/04357 (86.18%) | loss: 2.633046 | lrm: 0.28 | dt: 3951.65ms | tok/sec: 265,351 | bf16_mfu: 47.73 | epoch: 1 | total time: 248.23m | eta: 39.9m
step 03756/04357 (86.21%) | loss: 2.632995 | lrm: 0.28 | dt: 3942.43ms | tok/sec: 265,972 | bf16_mfu: 47.85 | epoch: 1 | total time: 248.29m | eta: 39.8m
step 03757/04357 (86.23%) | loss: 2.636704 | lrm: 0.28 | dt: 3945.58ms | tok/sec: 265,759 | bf16_mfu: 47.81 | epoch: 1 | total time: 248.36m | eta: 39.8m
step 03758/04357 (86.25%) | loss: 2.635881 | lrm: 0.28 | dt: 3934.64ms | tok/sec: 266,498 | bf16_mfu: 47.94 | epoch: 1 | total time: 248.42m | eta: 39.7m
step 03759/04357 (86.27%) | loss: 2.639557 | lrm: 0.27 | dt: 3947.60ms | tok/sec: 265,623 | bf16_mfu: 47.78 | epoch: 1 | total time: 248.49m | eta: 39.6m
step 03760/04357 (86.30%) | loss: 2.639550 | lrm: 0.27 | dt: 3938.44ms | tok/sec: 266,241 | bf16_mfu: 47.89 | epoch: 1 | total time: 248.55m | eta: 39.6m
step 03761/04357 (86.32%) | loss: 2.634216 | lrm: 0.27 | dt: 3939.52ms | tok/sec: 266,168 | bf16_mfu: 47.88 | epoch: 1 | total time: 248.62m | eta: 39.5m
step 03762/04357 (86.34%) | loss: 2.626966 | lrm: 0.27 | dt: 3939.68ms | tok/sec: 266,157 | bf16_mfu: 47.88 | epoch: 1 | total time: 248.68m | eta: 39.4m
step 03763/04357 (86.37%) | loss: 2.622594 | lrm: 0.27 | dt: 3948.16ms | tok/sec: 265,585 | bf16_mfu: 47.78 | epoch: 1 | total time: 248.75m | eta: 39.4m
step 03764/04357 (86.39%) | loss: 2.622404 | lrm: 0.27 | dt: 3959.44ms | tok/sec: 264,829 | bf16_mfu: 47.64 | epoch: 1 | total time: 248.82m | eta: 39.3m
step 03765/04357 (86.41%) | loss: 2.642083 | lrm: 0.27 | dt: 3939.66ms | tok/sec: 266,159 | bf16_mfu: 47.88 | epoch: 1 | total time: 248.88m | eta: 39.2m
step 03766/04357 (86.44%) | loss: 2.648100 | lrm: 0.27 | dt: 3940.52ms | tok/sec: 266,100 | bf16_mfu: 47.87 | epoch: 1 | total time: 248.95m | eta: 39.2m
step 03767/04357 (86.46%) | loss: 2.660704 | lrm: 0.27 | dt: 3942.41ms | tok/sec: 265,973 | bf16_mfu: 47.85 | epoch: 1 | total time: 249.01m | eta: 39.1m
step 03768/04357 (86.48%) | loss: 2.675101 | lrm: 0.27 | dt: 3940.52ms | tok/sec: 266,100 | bf16_mfu: 47.87 | epoch: 1 | total time: 249.08m | eta: 39.0m
step 03769/04357 (86.50%) | loss: 2.651655 | lrm: 0.27 | dt: 3942.98ms | tok/sec: 265,934 | bf16_mfu: 47.84 | epoch: 1 | total time: 249.15m | eta: 39.0m
step 03770/04357 (86.53%) | loss: 2.646424 | lrm: 0.27 | dt: 3945.24ms | tok/sec: 265,782 | bf16_mfu: 47.81 | epoch: 1 | total time: 249.21m | eta: 38.9m
step 03771/04357 (86.55%) | loss: 2.644302 | lrm: 0.27 | dt: 3935.09ms | tok/sec: 266,468 | bf16_mfu: 47.94 | epoch: 1 | total time: 249.28m | eta: 38.8m
step 03772/04357 (86.57%) | loss: 2.640122 | lrm: 0.27 | dt: 3942.26ms | tok/sec: 265,983 | bf16_mfu: 47.85 | epoch: 1 | total time: 249.34m | eta: 38.8m
step 03773/04357 (86.60%) | loss: 2.640142 | lrm: 0.27 | dt: 3948.60ms | tok/sec: 265,556 | bf16_mfu: 47.77 | epoch: 1 | total time: 249.41m | eta: 38.7m
step 03774/04357 (86.62%) | loss: 2.645283 | lrm: 0.27 | dt: 3936.29ms | tok/sec: 266,386 | bf16_mfu: 47.92 | epoch: 1 | total time: 249.47m | eta: 38.6m
step 03775/04357 (86.64%) | loss: 2.642604 | lrm: 0.27 | dt: 3938.53ms | tok/sec: 266,235 | bf16_mfu: 47.89 | epoch: 1 | total time: 249.54m | eta: 38.6m
step 03776/04357 (86.67%) | loss: 2.661693 | lrm: 0.27 | dt: 3945.15ms | tok/sec: 265,788 | bf16_mfu: 47.81 | epoch: 1 | total time: 249.61m | eta: 38.5m
step 03777/04357 (86.69%) | loss: 2.655034 | lrm: 0.27 | dt: 3951.21ms | tok/sec: 265,381 | bf16_mfu: 47.74 | epoch: 1 | total time: 249.67m | eta: 38.4m
step 03778/04357 (86.71%) | loss: 2.652595 | lrm: 0.27 | dt: 3948.93ms | tok/sec: 265,534 | bf16_mfu: 47.77 | epoch: 1 | total time: 249.74m | eta: 38.4m
step 03779/04357 (86.73%) | loss: 2.643066 | lrm: 0.27 | dt: 3941.02ms | tok/sec: 266,067 | bf16_mfu: 47.86 | epoch: 1 | total time: 249.80m | eta: 38.3m
step 03780/04357 (86.76%) | loss: 2.661888 | lrm: 0.26 | dt: 3944.62ms | tok/sec: 265,824 | bf16_mfu: 47.82 | epoch: 1 | total time: 249.87m | eta: 38.2m
step 03781/04357 (86.78%) | loss: 2.660850 | lrm: 0.26 | dt: 3940.86ms | tok/sec: 266,077 | bf16_mfu: 47.87 | epoch: 1 | total time: 249.93m | eta: 38.2m
step 03782/04357 (86.80%) | loss: 2.655349 | lrm: 0.26 | dt: 3939.94ms | tok/sec: 266,140 | bf16_mfu: 47.88 | epoch: 1 | total time: 250.00m | eta: 38.1m
step 03783/04357 (86.83%) | loss: 2.657426 | lrm: 0.26 | dt: 3954.57ms | tok/sec: 265,155 | bf16_mfu: 47.70 | epoch: 1 | total time: 250.07m | eta: 38.0m
step 03784/04357 (86.85%) | loss: 2.659079 | lrm: 0.26 | dt: 3944.50ms | tok/sec: 265,832 | bf16_mfu: 47.82 | epoch: 1 | total time: 250.13m | eta: 38.0m
step 03785/04357 (86.87%) | loss: 2.662085 | lrm: 0.26 | dt: 3939.74ms | tok/sec: 266,153 | bf16_mfu: 47.88 | epoch: 1 | total time: 250.20m | eta: 37.9m
step 03786/04357 (86.89%) | loss: 2.650417 | lrm: 0.26 | dt: 3939.72ms | tok/sec: 266,154 | bf16_mfu: 47.88 | epoch: 1 | total time: 250.26m | eta: 37.8m
step 03787/04357 (86.92%) | loss: 2.654174 | lrm: 0.26 | dt: 3944.72ms | tok/sec: 265,817 | bf16_mfu: 47.82 | epoch: 1 | total time: 250.33m | eta: 37.8m
step 03788/04357 (86.94%) | loss: 2.649480 | lrm: 0.26 | dt: 3939.78ms | tok/sec: 266,150 | bf16_mfu: 47.88 | epoch: 1 | total time: 250.39m | eta: 37.7m
step 03789/04357 (86.96%) | loss: 2.646797 | lrm: 0.26 | dt: 3949.69ms | tok/sec: 265,483 | bf16_mfu: 47.76 | epoch: 1 | total time: 250.46m | eta: 37.6m
step 03790/04357 (86.99%) | loss: 2.654378 | lrm: 0.26 | dt: 3945.59ms | tok/sec: 265,759 | bf16_mfu: 47.81 | epoch: 1 | total time: 250.53m | eta: 37.6m
step 03791/04357 (87.01%) | loss: 2.642751 | lrm: 0.26 | dt: 3951.42ms | tok/sec: 265,366 | bf16_mfu: 47.74 | epoch: 1 | total time: 250.59m | eta: 37.5m
step 03792/04357 (87.03%) | loss: 2.651120 | lrm: 0.26 | dt: 3941.91ms | tok/sec: 266,006 | bf16_mfu: 47.85 | epoch: 1 | total time: 250.66m | eta: 37.4m
step 03793/04357 (87.06%) | loss: 2.644909 | lrm: 0.26 | dt: 3940.92ms | tok/sec: 266,074 | bf16_mfu: 47.86 | epoch: 1 | total time: 250.72m | eta: 37.4m
step 03794/04357 (87.08%) | loss: 2.640156 | lrm: 0.26 | dt: 3938.62ms | tok/sec: 266,229 | bf16_mfu: 47.89 | epoch: 1 | total time: 250.79m | eta: 37.3m
step 03795/04357 (87.10%) | loss: 2.629393 | lrm: 0.26 | dt: 3937.56ms | tok/sec: 266,300 | bf16_mfu: 47.91 | epoch: 1 | total time: 250.85m | eta: 37.2m
step 03796/04357 (87.12%) | loss: 2.636388 | lrm: 0.26 | dt: 3941.07ms | tok/sec: 266,064 | bf16_mfu: 47.86 | epoch: 1 | total time: 250.92m | eta: 37.2m
step 03797/04357 (87.15%) | loss: 2.648608 | lrm: 0.26 | dt: 3994.06ms | tok/sec: 262,533 | bf16_mfu: 47.23 | epoch: 1 | total time: 250.99m | eta: 37.1m
step 03798/04357 (87.17%) | loss: 2.654253 | lrm: 0.26 | dt: 3988.73ms | tok/sec: 262,884 | bf16_mfu: 47.29 | epoch: 1 | total time: 251.05m | eta: 37.0m
step 03799/04357 (87.19%) | loss: 2.664500 | lrm: 0.26 | dt: 3956.67ms | tok/sec: 265,014 | bf16_mfu: 47.67 | epoch: 1 | total time: 251.12m | eta: 37.0m
step 03800/04357 (87.22%) | loss: 2.670498 | lrm: 0.26 | dt: 3943.45ms | tok/sec: 265,902 | bf16_mfu: 47.83 | epoch: 1 | total time: 251.18m | eta: 36.9m
step 03801/04357 (87.24%) | loss: 2.656651 | lrm: 0.26 | dt: 3942.53ms | tok/sec: 265,965 | bf16_mfu: 47.84 | epoch: 1 | total time: 251.25m | eta: 36.8m
step 03802/04357 (87.26%) | loss: 2.663130 | lrm: 0.25 | dt: 3937.43ms | tok/sec: 266,309 | bf16_mfu: 47.91 | epoch: 1 | total time: 251.32m | eta: 36.8m
step 03803/04357 (87.28%) | loss: 2.654400 | lrm: 0.25 | dt: 3951.94ms | tok/sec: 265,331 | bf16_mfu: 47.73 | epoch: 1 | total time: 251.38m | eta: 36.7m
step 03804/04357 (87.31%) | loss: 2.646451 | lrm: 0.25 | dt: 3939.32ms | tok/sec: 266,181 | bf16_mfu: 47.88 | epoch: 1 | total time: 251.45m | eta: 36.7m
step 03805/04357 (87.33%) | loss: 2.642462 | lrm: 0.25 | dt: 3944.50ms | tok/sec: 265,832 | bf16_mfu: 47.82 | epoch: 1 | total time: 251.51m | eta: 36.6m
step 03806/04357 (87.35%) | loss: 2.628114 | lrm: 0.25 | dt: 3940.02ms | tok/sec: 266,134 | bf16_mfu: 47.88 | epoch: 1 | total time: 251.58m | eta: 36.5m
step 03807/04357 (87.38%) | loss: 2.642642 | lrm: 0.25 | dt: 3939.67ms | tok/sec: 266,158 | bf16_mfu: 47.88 | epoch: 1 | total time: 251.64m | eta: 36.5m
step 03808/04357 (87.40%) | loss: 2.646236 | lrm: 0.25 | dt: 3941.02ms | tok/sec: 266,067 | bf16_mfu: 47.86 | epoch: 1 | total time: 251.71m | eta: 36.4m
step 03809/04357 (87.42%) | loss: 2.642204 | lrm: 0.25 | dt: 3939.76ms | tok/sec: 266,152 | bf16_mfu: 47.88 | epoch: 1 | total time: 251.78m | eta: 36.3m
step 03810/04357 (87.45%) | loss: 2.642996 | lrm: 0.25 | dt: 3950.61ms | tok/sec: 265,421 | bf16_mfu: 47.75 | epoch: 1 | total time: 251.84m | eta: 36.3m
step 03811/04357 (87.47%) | loss: 2.637262 | lrm: 0.25 | dt: 3938.20ms | tok/sec: 266,257 | bf16_mfu: 47.90 | epoch: 1 | total time: 251.91m | eta: 36.2m
step 03812/04357 (87.49%) | loss: 2.632921 | lrm: 0.25 | dt: 3944.34ms | tok/sec: 265,843 | bf16_mfu: 47.82 | epoch: 1 | total time: 251.97m | eta: 36.1m
step 03813/04357 (87.51%) | loss: 2.625045 | lrm: 0.25 | dt: 3942.07ms | tok/sec: 265,996 | bf16_mfu: 47.85 | epoch: 1 | total time: 252.04m | eta: 36.1m
step 03814/04357 (87.54%) | loss: 2.618450 | lrm: 0.25 | dt: 3942.45ms | tok/sec: 265,970 | bf16_mfu: 47.85 | epoch: 1 | total time: 252.10m | eta: 36.0m
step 03815/04357 (87.56%) | loss: 2.604051 | lrm: 0.25 | dt: 3949.63ms | tok/sec: 265,487 | bf16_mfu: 47.76 | epoch: 1 | total time: 252.17m | eta: 35.9m
step 03816/04357 (87.58%) | loss: 2.599710 | lrm: 0.25 | dt: 3937.43ms | tok/sec: 266,309 | bf16_mfu: 47.91 | epoch: 1 | total time: 252.24m | eta: 35.9m
step 03817/04357 (87.61%) | loss: 2.601861 | lrm: 0.25 | dt: 3946.10ms | tok/sec: 265,724 | bf16_mfu: 47.80 | epoch: 1 | total time: 252.30m | eta: 35.8m
step 03818/04357 (87.63%) | loss: 2.602918 | lrm: 0.25 | dt: 3947.54ms | tok/sec: 265,627 | bf16_mfu: 47.78 | epoch: 1 | total time: 252.37m | eta: 35.7m
step 03819/04357 (87.65%) | loss: 2.610675 | lrm: 0.25 | dt: 3936.34ms | tok/sec: 266,383 | bf16_mfu: 47.92 | epoch: 1 | total time: 252.43m | eta: 35.7m
step 03820/04357 (87.68%) | loss: 2.615555 | lrm: 0.25 | dt: 3945.58ms | tok/sec: 265,759 | bf16_mfu: 47.81 | epoch: 1 | total time: 252.50m | eta: 35.6m
step 03821/04357 (87.70%) | loss: 2.614154 | lrm: 0.25 | dt: 3933.72ms | tok/sec: 266,561 | bf16_mfu: 47.95 | epoch: 1 | total time: 252.56m | eta: 35.5m
step 03822/04357 (87.72%) | loss: 2.622898 | lrm: 0.25 | dt: 3942.70ms | tok/sec: 265,954 | bf16_mfu: 47.84 | epoch: 1 | total time: 252.63m | eta: 35.5m
step 03823/04357 (87.74%) | loss: 2.615839 | lrm: 0.25 | dt: 3942.11ms | tok/sec: 265,993 | bf16_mfu: 47.85 | epoch: 1 | total time: 252.70m | eta: 35.4m
step 03824/04357 (87.77%) | loss: 2.614604 | lrm: 0.24 | dt: 3940.51ms | tok/sec: 266,101 | bf16_mfu: 47.87 | epoch: 1 | total time: 252.76m | eta: 35.3m
step 03825/04357 (87.79%) | loss: 2.621018 | lrm: 0.24 | dt: 3941.10ms | tok/sec: 266,061 | bf16_mfu: 47.86 | epoch: 1 | total time: 252.83m | eta: 35.3m
step 03826/04357 (87.81%) | loss: 2.618509 | lrm: 0.24 | dt: 3949.26ms | tok/sec: 265,511 | bf16_mfu: 47.76 | epoch: 1 | total time: 252.89m | eta: 35.2m
step 03827/04357 (87.84%) | loss: 2.615390 | lrm: 0.24 | dt: 3943.95ms | tok/sec: 265,869 | bf16_mfu: 47.83 | epoch: 1 | total time: 252.96m | eta: 35.1m
step 03828/04357 (87.86%) | loss: 2.605903 | lrm: 0.24 | dt: 3982.35ms | tok/sec: 263,306 | bf16_mfu: 47.37 | epoch: 1 | total time: 253.02m | eta: 35.1m
step 03829/04357 (87.88%) | loss: 2.608451 | lrm: 0.24 | dt: 3934.61ms | tok/sec: 266,500 | bf16_mfu: 47.94 | epoch: 1 | total time: 253.09m | eta: 35.0m
step 03830/04357 (87.90%) | loss: 2.615796 | lrm: 0.24 | dt: 3943.27ms | tok/sec: 265,915 | bf16_mfu: 47.84 | epoch: 1 | total time: 253.16m | eta: 34.9m
step 03831/04357 (87.93%) | loss: 2.616326 | lrm: 0.24 | dt: 3943.17ms | tok/sec: 265,922 | bf16_mfu: 47.84 | epoch: 1 | total time: 253.22m | eta: 34.9m
step 03832/04357 (87.95%) | loss: 2.624832 | lrm: 0.24 | dt: 3942.07ms | tok/sec: 265,996 | bf16_mfu: 47.85 | epoch: 1 | total time: 253.29m | eta: 34.8m
step 03833/04357 (87.97%) | loss: 2.613597 | lrm: 0.24 | dt: 3953.53ms | tok/sec: 265,225 | bf16_mfu: 47.71 | epoch: 1 | total time: 253.35m | eta: 34.7m
step 03834/04357 (88.00%) | loss: 2.623953 | lrm: 0.24 | dt: 3956.80ms | tok/sec: 265,005 | bf16_mfu: 47.67 | epoch: 1 | total time: 253.42m | eta: 34.7m
step 03835/04357 (88.02%) | loss: 2.611560 | lrm: 0.24 | dt: 3947.32ms | tok/sec: 265,642 | bf16_mfu: 47.79 | epoch: 1 | total time: 253.49m | eta: 34.6m
step 03836/04357 (88.04%) | loss: 2.625016 | lrm: 0.24 | dt: 3939.10ms | tok/sec: 266,196 | bf16_mfu: 47.89 | epoch: 1 | total time: 253.55m | eta: 34.5m
step 03837/04357 (88.07%) | loss: 2.620976 | lrm: 0.24 | dt: 3942.96ms | tok/sec: 265,936 | bf16_mfu: 47.84 | epoch: 1 | total time: 253.62m | eta: 34.5m
step 03838/04357 (88.09%) | loss: 2.610498 | lrm: 0.24 | dt: 3940.72ms | tok/sec: 266,087 | bf16_mfu: 47.87 | epoch: 1 | total time: 253.68m | eta: 34.4m
step 03839/04357 (88.11%) | loss: 2.618592 | lrm: 0.24 | dt: 3942.09ms | tok/sec: 265,995 | bf16_mfu: 47.85 | epoch: 1 | total time: 253.75m | eta: 34.3m
step 03840/04357 (88.13%) | loss: 2.606811 | lrm: 0.24 | dt: 3950.66ms | tok/sec: 265,417 | bf16_mfu: 47.75 | epoch: 1 | total time: 253.81m | eta: 34.3m
step 03841/04357 (88.16%) | loss: 2.624700 | lrm: 0.24 | dt: 3942.30ms | tok/sec: 265,980 | bf16_mfu: 47.85 | epoch: 1 | total time: 253.88m | eta: 34.2m
step 03842/04357 (88.18%) | loss: 2.627091 | lrm: 0.24 | dt: 3941.85ms | tok/sec: 266,011 | bf16_mfu: 47.85 | epoch: 1 | total time: 253.95m | eta: 34.1m
step 03843/04357 (88.20%) | loss: 2.621897 | lrm: 0.24 | dt: 3945.72ms | tok/sec: 265,750 | bf16_mfu: 47.81 | epoch: 1 | total time: 254.01m | eta: 34.1m
step 03844/04357 (88.23%) | loss: 2.607879 | lrm: 0.24 | dt: 3939.91ms | tok/sec: 266,142 | bf16_mfu: 47.88 | epoch: 1 | total time: 254.08m | eta: 34.0m
step 03845/04357 (88.25%) | loss: 2.615753 | lrm: 0.24 | dt: 3968.09ms | tok/sec: 264,251 | bf16_mfu: 47.54 | epoch: 1 | total time: 254.14m | eta: 33.9m
step 03846/04357 (88.27%) | loss: 2.616825 | lrm: 0.23 | dt: 3975.10ms | tok/sec: 263,786 | bf16_mfu: 47.45 | epoch: 1 | total time: 254.21m | eta: 33.9m
step 03847/04357 (88.29%) | loss: 2.611260 | lrm: 0.23 | dt: 3972.54ms | tok/sec: 263,956 | bf16_mfu: 47.48 | epoch: 1 | total time: 254.28m | eta: 33.8m
step 03848/04357 (88.32%) | loss: 2.618412 | lrm: 0.23 | dt: 3943.08ms | tok/sec: 265,927 | bf16_mfu: 47.84 | epoch: 1 | total time: 254.34m | eta: 33.7m
step 03849/04357 (88.34%) | loss: 2.619836 | lrm: 0.23 | dt: 3951.53ms | tok/sec: 265,359 | bf16_mfu: 47.74 | epoch: 1 | total time: 254.41m | eta: 33.7m
step 03850/04357 (88.36%) | loss: 2.610691 | lrm: 0.23 | dt: 3941.11ms | tok/sec: 266,060 | bf16_mfu: 47.86 | epoch: 1 | total time: 254.47m | eta: 33.6m
step 03851/04357 (88.39%) | loss: 2.617887 | lrm: 0.23 | dt: 3942.86ms | tok/sec: 265,942 | bf16_mfu: 47.84 | epoch: 1 | total time: 254.54m | eta: 33.5m
step 03852/04357 (88.41%) | loss: 2.613151 | lrm: 0.23 | dt: 3951.78ms | tok/sec: 265,342 | bf16_mfu: 47.73 | epoch: 1 | total time: 254.60m | eta: 33.5m
step 03853/04357 (88.43%) | loss: 2.616710 | lrm: 0.23 | dt: 3941.11ms | tok/sec: 266,060 | bf16_mfu: 47.86 | epoch: 1 | total time: 254.67m | eta: 33.4m
step 03854/04357 (88.46%) | loss: 2.622732 | lrm: 0.23 | dt: 3938.85ms | tok/sec: 266,213 | bf16_mfu: 47.89 | epoch: 1 | total time: 254.74m | eta: 33.3m
step 03855/04357 (88.48%) | loss: 2.631570 | lrm: 0.23 | dt: 3948.99ms | tok/sec: 265,530 | bf16_mfu: 47.77 | epoch: 1 | total time: 254.80m | eta: 33.3m
step 03856/04357 (88.50%) | loss: 2.642241 | lrm: 0.23 | dt: 3951.89ms | tok/sec: 265,335 | bf16_mfu: 47.73 | epoch: 1 | total time: 254.87m | eta: 33.2m
step 03857/04357 (88.52%) | loss: 2.626502 | lrm: 0.23 | dt: 3951.29ms | tok/sec: 265,375 | bf16_mfu: 47.74 | epoch: 1 | total time: 254.93m | eta: 33.1m
step 03858/04357 (88.55%) | loss: 2.627973 | lrm: 0.23 | dt: 3941.64ms | tok/sec: 266,025 | bf16_mfu: 47.86 | epoch: 1 | total time: 255.00m | eta: 33.1m
step 03859/04357 (88.57%) | loss: 2.633818 | lrm: 0.23 | dt: 3941.27ms | tok/sec: 266,049 | bf16_mfu: 47.86 | epoch: 1 | total time: 255.06m | eta: 33.0m
step 03860/04357 (88.59%) | loss: 2.631738 | lrm: 0.23 | dt: 3951.67ms | tok/sec: 265,349 | bf16_mfu: 47.73 | epoch: 1 | total time: 255.13m | eta: 32.9m
step 03861/04357 (88.62%) | loss: 2.642961 | lrm: 0.23 | dt: 3942.45ms | tok/sec: 265,970 | bf16_mfu: 47.85 | epoch: 1 | total time: 255.20m | eta: 32.9m
step 03862/04357 (88.64%) | loss: 2.634007 | lrm: 0.23 | dt: 3950.95ms | tok/sec: 265,398 | bf16_mfu: 47.74 | epoch: 1 | total time: 255.26m | eta: 32.8m
step 03863/04357 (88.66%) | loss: 2.645241 | lrm: 0.23 | dt: 3941.23ms | tok/sec: 266,052 | bf16_mfu: 47.86 | epoch: 1 | total time: 255.33m | eta: 32.7m
step 03864/04357 (88.68%) | loss: 2.649011 | lrm: 0.23 | dt: 3947.84ms | tok/sec: 265,607 | bf16_mfu: 47.78 | epoch: 1 | total time: 255.39m | eta: 32.7m
step 03865/04357 (88.71%) | loss: 2.641019 | lrm: 0.23 | dt: 3942.86ms | tok/sec: 265,943 | bf16_mfu: 47.84 | epoch: 1 | total time: 255.46m | eta: 32.6m
step 03866/04357 (88.73%) | loss: 2.653658 | lrm: 0.23 | dt: 3937.92ms | tok/sec: 266,276 | bf16_mfu: 47.90 | epoch: 1 | total time: 255.52m | eta: 32.5m
step 03867/04357 (88.75%) | loss: 2.649660 | lrm: 0.22 | dt: 3954.67ms | tok/sec: 265,148 | bf16_mfu: 47.70 | epoch: 1 | total time: 255.59m | eta: 32.5m
step 03868/04357 (88.78%) | loss: 2.639652 | lrm: 0.22 | dt: 3950.97ms | tok/sec: 265,397 | bf16_mfu: 47.74 | epoch: 1 | total time: 255.66m | eta: 32.4m
step 03869/04357 (88.80%) | loss: 2.634952 | lrm: 0.22 | dt: 3944.06ms | tok/sec: 265,862 | bf16_mfu: 47.83 | epoch: 1 | total time: 255.72m | eta: 32.3m
step 03870/04357 (88.82%) | loss: 2.633748 | lrm: 0.22 | dt: 3943.88ms | tok/sec: 265,874 | bf16_mfu: 47.83 | epoch: 1 | total time: 255.79m | eta: 32.3m
step 03871/04357 (88.85%) | loss: 2.620510 | lrm: 0.22 | dt: 3949.70ms | tok/sec: 265,482 | bf16_mfu: 47.76 | epoch: 1 | total time: 255.85m | eta: 32.2m
step 03872/04357 (88.87%) | loss: 2.619840 | lrm: 0.22 | dt: 3951.44ms | tok/sec: 265,365 | bf16_mfu: 47.74 | epoch: 1 | total time: 255.92m | eta: 32.1m
step 03873/04357 (88.89%) | loss: 2.611676 | lrm: 0.22 | dt: 3943.96ms | tok/sec: 265,868 | bf16_mfu: 47.83 | epoch: 1 | total time: 255.99m | eta: 32.1m
step 03874/04357 (88.91%) | loss: 2.618771 | lrm: 0.22 | dt: 3966.62ms | tok/sec: 264,350 | bf16_mfu: 47.55 | epoch: 1 | total time: 256.05m | eta: 32.0m
step 03875/04357 (88.94%) | loss: 2.628164 | lrm: 0.22 | dt: 3936.38ms | tok/sec: 266,380 | bf16_mfu: 47.92 | epoch: 1 | total time: 256.12m | eta: 31.9m
step 03876/04357 (88.96%) | loss: 2.625539 | lrm: 0.22 | dt: 3950.62ms | tok/sec: 265,420 | bf16_mfu: 47.75 | epoch: 1 | total time: 256.18m | eta: 31.9m
step 03877/04357 (88.98%) | loss: 2.625341 | lrm: 0.22 | dt: 3950.75ms | tok/sec: 265,411 | bf16_mfu: 47.75 | epoch: 1 | total time: 256.25m | eta: 31.8m
step 03878/04357 (89.01%) | loss: 2.637086 | lrm: 0.22 | dt: 3941.81ms | tok/sec: 266,013 | bf16_mfu: 47.85 | epoch: 1 | total time: 256.31m | eta: 31.7m
step 03879/04357 (89.03%) | loss: 2.642003 | lrm: 0.22 | dt: 3942.79ms | tok/sec: 265,947 | bf16_mfu: 47.84 | epoch: 1 | total time: 256.38m | eta: 31.7m
step 03880/04357 (89.05%) | loss: 2.648378 | lrm: 0.22 | dt: 3945.71ms | tok/sec: 265,751 | bf16_mfu: 47.81 | epoch: 1 | total time: 256.45m | eta: 31.6m
step 03881/04357 (89.08%) | loss: 2.650260 | lrm: 0.22 | dt: 3941.31ms | tok/sec: 266,047 | bf16_mfu: 47.86 | epoch: 1 | total time: 256.51m | eta: 31.5m
step 03882/04357 (89.10%) | loss: 2.642519 | lrm: 0.22 | dt: 3939.60ms | tok/sec: 266,163 | bf16_mfu: 47.88 | epoch: 1 | total time: 256.58m | eta: 31.5m
step 03883/04357 (89.12%) | loss: 2.628109 | lrm: 0.22 | dt: 3942.32ms | tok/sec: 265,979 | bf16_mfu: 47.85 | epoch: 1 | total time: 256.64m | eta: 31.4m
step 03884/04357 (89.14%) | loss: 2.628999 | lrm: 0.22 | dt: 3952.49ms | tok/sec: 265,295 | bf16_mfu: 47.72 | epoch: 1 | total time: 256.71m | eta: 31.3m
step 03885/04357 (89.17%) | loss: 2.642315 | lrm: 0.22 | dt: 3949.41ms | tok/sec: 265,501 | bf16_mfu: 47.76 | epoch: 1 | total time: 256.77m | eta: 31.3m
step 03886/04357 (89.19%) | loss: 2.651256 | lrm: 0.22 | dt: 3942.77ms | tok/sec: 265,949 | bf16_mfu: 47.84 | epoch: 1 | total time: 256.84m | eta: 31.2m
step 03887/04357 (89.21%) | loss: 2.647585 | lrm: 0.22 | dt: 3942.66ms | tok/sec: 265,956 | bf16_mfu: 47.84 | epoch: 1 | total time: 256.91m | eta: 31.1m
step 03888/04357 (89.24%) | loss: 2.655826 | lrm: 0.22 | dt: 3945.79ms | tok/sec: 265,745 | bf16_mfu: 47.81 | epoch: 1 | total time: 256.97m | eta: 31.1m
step 03889/04357 (89.26%) | loss: 2.658516 | lrm: 0.21 | dt: 3950.83ms | tok/sec: 265,406 | bf16_mfu: 47.74 | epoch: 1 | total time: 257.04m | eta: 31.0m
step 03890/04357 (89.28%) | loss: 2.648685 | lrm: 0.21 | dt: 3944.29ms | tok/sec: 265,846 | bf16_mfu: 47.82 | epoch: 1 | total time: 257.10m | eta: 30.9m
step 03891/04357 (89.30%) | loss: 2.648431 | lrm: 0.21 | dt: 3941.21ms | tok/sec: 266,054 | bf16_mfu: 47.86 | epoch: 1 | total time: 257.17m | eta: 30.9m
step 03892/04357 (89.33%) | loss: 2.638120 | lrm: 0.21 | dt: 3951.66ms | tok/sec: 265,350 | bf16_mfu: 47.73 | epoch: 1 | total time: 257.23m | eta: 30.8m
step 03893/04357 (89.35%) | loss: 2.635789 | lrm: 0.21 | dt: 3943.58ms | tok/sec: 265,894 | bf16_mfu: 47.83 | epoch: 1 | total time: 257.30m | eta: 30.7m
step 03894/04357 (89.37%) | loss: 2.639409 | lrm: 0.21 | dt: 3966.78ms | tok/sec: 264,339 | bf16_mfu: 47.55 | epoch: 1 | total time: 257.37m | eta: 30.7m
step 03895/04357 (89.40%) | loss: 2.635644 | lrm: 0.21 | dt: 3972.38ms | tok/sec: 263,966 | bf16_mfu: 47.49 | epoch: 1 | total time: 257.43m | eta: 30.6m
step 03896/04357 (89.42%) | loss: 2.632750 | lrm: 0.21 | dt: 3956.89ms | tok/sec: 264,999 | bf16_mfu: 47.67 | epoch: 1 | total time: 257.50m | eta: 30.5m
step 03897/04357 (89.44%) | loss: 2.645056 | lrm: 0.21 | dt: 3939.88ms | tok/sec: 266,144 | bf16_mfu: 47.88 | epoch: 1 | total time: 257.56m | eta: 30.5m
step 03898/04357 (89.47%) | loss: 2.633839 | lrm: 0.21 | dt: 3948.22ms | tok/sec: 265,581 | bf16_mfu: 47.78 | epoch: 1 | total time: 257.63m | eta: 30.4m
step 03899/04357 (89.49%) | loss: 2.646598 | lrm: 0.21 | dt: 3942.38ms | tok/sec: 265,975 | bf16_mfu: 47.85 | epoch: 1 | total time: 257.70m | eta: 30.3m
step 03900/04357 (89.51%) | loss: 2.641871 | lrm: 0.21 | dt: 3942.95ms | tok/sec: 265,936 | bf16_mfu: 47.84 | epoch: 1 | total time: 257.76m | eta: 30.3m
step 03901/04357 (89.53%) | loss: 2.639069 | lrm: 0.21 | dt: 3948.73ms | tok/sec: 265,547 | bf16_mfu: 47.77 | epoch: 1 | total time: 257.83m | eta: 30.2m
step 03902/04357 (89.56%) | loss: 2.644032 | lrm: 0.21 | dt: 3941.33ms | tok/sec: 266,046 | bf16_mfu: 47.86 | epoch: 1 | total time: 257.89m | eta: 30.1m
step 03903/04357 (89.58%) | loss: 2.650412 | lrm: 0.21 | dt: 3943.51ms | tok/sec: 265,898 | bf16_mfu: 47.83 | epoch: 1 | total time: 257.96m | eta: 30.1m
step 03904/04357 (89.60%) | loss: 2.652904 | lrm: 0.21 | dt: 3965.41ms | tok/sec: 264,430 | bf16_mfu: 47.57 | epoch: 1 | total time: 258.03m | eta: 30.0m
step 03905/04357 (89.63%) | loss: 2.658335 | lrm: 0.21 | dt: 3967.21ms | tok/sec: 264,310 | bf16_mfu: 47.55 | epoch: 1 | total time: 258.09m | eta: 30.0m
step 03906/04357 (89.65%) | loss: 2.645394 | lrm: 0.21 | dt: 3940.44ms | tok/sec: 266,106 | bf16_mfu: 47.87 | epoch: 1 | total time: 258.16m | eta: 29.9m
step 03907/04357 (89.67%) | loss: 2.648071 | lrm: 0.21 | dt: 3942.79ms | tok/sec: 265,948 | bf16_mfu: 47.84 | epoch: 1 | total time: 258.22m | eta: 29.8m
step 03908/04357 (89.69%) | loss: 2.649301 | lrm: 0.21 | dt: 3943.85ms | tok/sec: 265,876 | bf16_mfu: 47.83 | epoch: 1 | total time: 258.29m | eta: 29.8m
step 03909/04357 (89.72%) | loss: 2.653513 | lrm: 0.21 | dt: 3939.83ms | tok/sec: 266,147 | bf16_mfu: 47.88 | epoch: 1 | total time: 258.35m | eta: 29.7m
step 03910/04357 (89.74%) | loss: 2.655996 | lrm: 0.21 | dt: 3959.78ms | tok/sec: 264,806 | bf16_mfu: 47.64 | epoch: 1 | total time: 258.42m | eta: 29.6m
step 03911/04357 (89.76%) | loss: 2.645942 | lrm: 0.20 | dt: 3944.89ms | tok/sec: 265,805 | bf16_mfu: 47.82 | epoch: 1 | total time: 258.49m | eta: 29.6m
step 03912/04357 (89.79%) | loss: 2.653090 | lrm: 0.20 | dt: 3939.96ms | tok/sec: 266,139 | bf16_mfu: 47.88 | epoch: 1 | total time: 258.55m | eta: 29.5m
step 03913/04357 (89.81%) | loss: 2.661852 | lrm: 0.20 | dt: 3951.40ms | tok/sec: 265,368 | bf16_mfu: 47.74 | epoch: 1 | total time: 258.62m | eta: 29.4m
step 03914/04357 (89.83%) | loss: 2.657501 | lrm: 0.20 | dt: 3945.42ms | tok/sec: 265,770 | bf16_mfu: 47.81 | epoch: 1 | total time: 258.68m | eta: 29.4m
step 03915/04357 (89.86%) | loss: 2.652729 | lrm: 0.20 | dt: 3958.31ms | tok/sec: 264,904 | bf16_mfu: 47.65 | epoch: 1 | total time: 258.75m | eta: 29.3m
step 03916/04357 (89.88%) | loss: 2.646414 | lrm: 0.20 | dt: 3941.07ms | tok/sec: 266,063 | bf16_mfu: 47.86 | epoch: 1 | total time: 258.81m | eta: 29.2m
step 03917/04357 (89.90%) | loss: 2.642219 | lrm: 0.20 | dt: 3951.53ms | tok/sec: 265,359 | bf16_mfu: 47.74 | epoch: 1 | total time: 258.88m | eta: 29.2m
step 03918/04357 (89.92%) | loss: 2.640927 | lrm: 0.20 | dt: 3940.49ms | tok/sec: 266,103 | bf16_mfu: 47.87 | epoch: 1 | total time: 258.95m | eta: 29.1m
step 03919/04357 (89.95%) | loss: 2.636161 | lrm: 0.20 | dt: 3940.75ms | tok/sec: 266,085 | bf16_mfu: 47.87 | epoch: 1 | total time: 259.01m | eta: 29.0m
step 03920/04357 (89.97%) | loss: 2.646324 | lrm: 0.20 | dt: 3942.06ms | tok/sec: 265,997 | bf16_mfu: 47.85 | epoch: 1 | total time: 259.08m | eta: 29.0m
step 03921/04357 (89.99%) | loss: 2.645187 | lrm: 0.20 | dt: 3943.14ms | tok/sec: 265,923 | bf16_mfu: 47.84 | epoch: 1 | total time: 259.14m | eta: 28.9m
step 03922/04357 (90.02%) | loss: 2.641304 | lrm: 0.20 | dt: 3940.70ms | tok/sec: 266,088 | bf16_mfu: 47.87 | epoch: 1 | total time: 259.21m | eta: 28.8m
step 03923/04357 (90.04%) | loss: 2.643195 | lrm: 0.20 | dt: 3944.01ms | tok/sec: 265,865 | bf16_mfu: 47.83 | epoch: 1 | total time: 259.27m | eta: 28.8m
step 03924/04357 (90.06%) | loss: 2.634084 | lrm: 0.20 | dt: 3941.87ms | tok/sec: 266,009 | bf16_mfu: 47.85 | epoch: 1 | total time: 259.34m | eta: 28.7m
step 03925/04357 (90.08%) | loss: 2.628327 | lrm: 0.20 | dt: 3948.23ms | tok/sec: 265,581 | bf16_mfu: 47.78 | epoch: 1 | total time: 259.41m | eta: 28.6m
step 03926/04357 (90.11%) | loss: 2.621967 | lrm: 0.20 | dt: 3955.58ms | tok/sec: 265,087 | bf16_mfu: 47.69 | epoch: 1 | total time: 259.47m | eta: 28.6m
step 03927/04357 (90.13%) | loss: 2.619114 | lrm: 0.20 | dt: 3943.85ms | tok/sec: 265,875 | bf16_mfu: 47.83 | epoch: 1 | total time: 259.54m | eta: 28.5m
step 03928/04357 (90.15%) | loss: 2.608265 | lrm: 0.20 | dt: 3950.29ms | tok/sec: 265,442 | bf16_mfu: 47.75 | epoch: 1 | total time: 259.60m | eta: 28.4m
step 03929/04357 (90.18%) | loss: 2.605238 | lrm: 0.20 | dt: 3943.31ms | tok/sec: 265,912 | bf16_mfu: 47.84 | epoch: 1 | total time: 259.67m | eta: 28.4m
step 03930/04357 (90.20%) | loss: 2.612909 | lrm: 0.20 | dt: 3943.71ms | tok/sec: 265,885 | bf16_mfu: 47.83 | epoch: 1 | total time: 259.74m | eta: 28.3m
step 03931/04357 (90.22%) | loss: 2.603175 | lrm: 0.20 | dt: 3970.24ms | tok/sec: 264,109 | bf16_mfu: 47.51 | epoch: 1 | total time: 259.80m | eta: 28.2m
step 03932/04357 (90.25%) | loss: 2.616387 | lrm: 0.20 | dt: 3951.21ms | tok/sec: 265,381 | bf16_mfu: 47.74 | epoch: 1 | total time: 259.87m | eta: 28.2m
step 03933/04357 (90.27%) | loss: 2.630003 | lrm: 0.19 | dt: 3942.15ms | tok/sec: 265,991 | bf16_mfu: 47.85 | epoch: 1 | total time: 259.93m | eta: 28.1m
step 03934/04357 (90.29%) | loss: 2.638529 | lrm: 0.19 | dt: 3950.69ms | tok/sec: 265,415 | bf16_mfu: 47.75 | epoch: 1 | total time: 260.00m | eta: 28.0m
step 03935/04357 (90.31%) | loss: 2.642812 | lrm: 0.19 | dt: 3937.28ms | tok/sec: 266,319 | bf16_mfu: 47.91 | epoch: 1 | total time: 260.06m | eta: 28.0m
step 03936/04357 (90.34%) | loss: 2.639200 | lrm: 0.19 | dt: 3938.45ms | tok/sec: 266,240 | bf16_mfu: 47.89 | epoch: 1 | total time: 260.13m | eta: 27.9m
step 03937/04357 (90.36%) | loss: 2.634606 | lrm: 0.19 | dt: 3943.55ms | tok/sec: 265,896 | bf16_mfu: 47.83 | epoch: 1 | total time: 260.20m | eta: 27.8m
step 03938/04357 (90.38%) | loss: 2.626219 | lrm: 0.19 | dt: 3942.35ms | tok/sec: 265,977 | bf16_mfu: 47.85 | epoch: 1 | total time: 260.26m | eta: 27.8m
step 03939/04357 (90.41%) | loss: 2.621233 | lrm: 0.19 | dt: 3940.91ms | tok/sec: 266,074 | bf16_mfu: 47.86 | epoch: 1 | total time: 260.33m | eta: 27.7m
step 03940/04357 (90.43%) | loss: 2.622508 | lrm: 0.19 | dt: 3980.48ms | tok/sec: 263,429 | bf16_mfu: 47.39 | epoch: 1 | total time: 260.39m | eta: 27.6m
step 03941/04357 (90.45%) | loss: 2.619583 | lrm: 0.19 | dt: 4003.95ms | tok/sec: 261,885 | bf16_mfu: 47.11 | epoch: 1 | total time: 260.46m | eta: 27.6m
step 03942/04357 (90.48%) | loss: 2.601617 | lrm: 0.19 | dt: 3966.00ms | tok/sec: 264,391 | bf16_mfu: 47.56 | epoch: 1 | total time: 260.53m | eta: 27.5m
step 03943/04357 (90.50%) | loss: 2.610588 | lrm: 0.19 | dt: 3938.12ms | tok/sec: 266,263 | bf16_mfu: 47.90 | epoch: 1 | total time: 260.59m | eta: 27.4m
step 03944/04357 (90.52%) | loss: 2.611640 | lrm: 0.19 | dt: 3934.54ms | tok/sec: 266,505 | bf16_mfu: 47.94 | epoch: 1 | total time: 260.66m | eta: 27.4m
step 03945/04357 (90.54%) | loss: 2.627430 | lrm: 0.19 | dt: 3942.82ms | tok/sec: 265,945 | bf16_mfu: 47.84 | epoch: 1 | total time: 260.72m | eta: 27.3m
step 03946/04357 (90.57%) | loss: 2.615356 | lrm: 0.19 | dt: 3947.44ms | tok/sec: 265,634 | bf16_mfu: 47.79 | epoch: 1 | total time: 260.79m | eta: 27.2m
step 03947/04357 (90.59%) | loss: 2.602483 | lrm: 0.19 | dt: 3960.15ms | tok/sec: 264,781 | bf16_mfu: 47.63 | epoch: 1 | total time: 260.85m | eta: 27.2m
step 03948/04357 (90.61%) | loss: 2.611950 | lrm: 0.19 | dt: 3942.56ms | tok/sec: 265,963 | bf16_mfu: 47.84 | epoch: 1 | total time: 260.92m | eta: 27.1m
step 03949/04357 (90.64%) | loss: 2.601982 | lrm: 0.19 | dt: 3945.05ms | tok/sec: 265,795 | bf16_mfu: 47.81 | epoch: 1 | total time: 260.99m | eta: 27.0m
step 03950/04357 (90.66%) | loss: 2.604736 | lrm: 0.19 | dt: 3949.11ms | tok/sec: 265,522 | bf16_mfu: 47.77 | epoch: 1 | total time: 261.05m | eta: 27.0m
step 03951/04357 (90.68%) | loss: 2.615659 | lrm: 0.19 | dt: 3950.76ms | tok/sec: 265,411 | bf16_mfu: 47.75 | epoch: 1 | total time: 261.12m | eta: 26.9m
step 03952/04357 (90.70%) | loss: 2.612073 | lrm: 0.19 | dt: 3942.32ms | tok/sec: 265,979 | bf16_mfu: 47.85 | epoch: 1 | total time: 261.18m | eta: 26.8m
step 03953/04357 (90.73%) | loss: 2.618896 | lrm: 0.19 | dt: 3944.64ms | tok/sec: 265,823 | bf16_mfu: 47.82 | epoch: 1 | total time: 261.25m | eta: 26.8m
step 03954/04357 (90.75%) | loss: 2.630631 | lrm: 0.19 | dt: 3938.24ms | tok/sec: 266,254 | bf16_mfu: 47.90 | epoch: 1 | total time: 261.32m | eta: 26.7m
step 03955/04357 (90.77%) | loss: 2.619388 | lrm: 0.18 | dt: 3940.68ms | tok/sec: 266,090 | bf16_mfu: 47.87 | epoch: 1 | total time: 261.38m | eta: 26.6m
step 03956/04357 (90.80%) | loss: 2.626221 | lrm: 0.18 | dt: 3936.95ms | tok/sec: 266,342 | bf16_mfu: 47.91 | epoch: 1 | total time: 261.45m | eta: 26.6m
step 03957/04357 (90.82%) | loss: 2.632276 | lrm: 0.18 | dt: 3945.22ms | tok/sec: 265,784 | bf16_mfu: 47.81 | epoch: 1 | total time: 261.51m | eta: 26.5m
step 03958/04357 (90.84%) | loss: 2.630732 | lrm: 0.18 | dt: 3947.46ms | tok/sec: 265,632 | bf16_mfu: 47.79 | epoch: 1 | total time: 261.58m | eta: 26.4m
step 03959/04357 (90.87%) | loss: 2.618684 | lrm: 0.18 | dt: 3967.83ms | tok/sec: 264,269 | bf16_mfu: 47.54 | epoch: 1 | total time: 261.64m | eta: 26.4m
step 03960/04357 (90.89%) | loss: 2.616294 | lrm: 0.18 | dt: 3952.12ms | tok/sec: 265,319 | bf16_mfu: 47.73 | epoch: 1 | total time: 261.71m | eta: 26.3m
step 03961/04357 (90.91%) | loss: 2.616888 | lrm: 0.18 | dt: 3944.09ms | tok/sec: 265,860 | bf16_mfu: 47.83 | epoch: 1 | total time: 261.78m | eta: 26.2m
step 03962/04357 (90.93%) | loss: 2.623277 | lrm: 0.18 | dt: 3948.11ms | tok/sec: 265,589 | bf16_mfu: 47.78 | epoch: 1 | total time: 261.84m | eta: 26.2m
step 03963/04357 (90.96%) | loss: 2.624111 | lrm: 0.18 | dt: 3944.57ms | tok/sec: 265,827 | bf16_mfu: 47.82 | epoch: 1 | total time: 261.91m | eta: 26.1m
step 03964/04357 (90.98%) | loss: 2.628965 | lrm: 0.18 | dt: 3943.57ms | tok/sec: 265,894 | bf16_mfu: 47.83 | epoch: 1 | total time: 261.97m | eta: 26.0m
step 03965/04357 (91.00%) | loss: 2.641210 | lrm: 0.18 | dt: 3952.42ms | tok/sec: 265,299 | bf16_mfu: 47.73 | epoch: 1 | total time: 262.04m | eta: 26.0m
step 03966/04357 (91.03%) | loss: 2.630149 | lrm: 0.18 | dt: 3949.81ms | tok/sec: 265,474 | bf16_mfu: 47.76 | epoch: 1 | total time: 262.10m | eta: 25.9m
step 03967/04357 (91.05%) | loss: 2.641811 | lrm: 0.18 | dt: 3942.44ms | tok/sec: 265,971 | bf16_mfu: 47.85 | epoch: 1 | total time: 262.17m | eta: 25.8m
step 03968/04357 (91.07%) | loss: 2.627698 | lrm: 0.18 | dt: 3944.22ms | tok/sec: 265,851 | bf16_mfu: 47.82 | epoch: 1 | total time: 262.24m | eta: 25.8m
step 03969/04357 (91.09%) | loss: 2.631088 | lrm: 0.18 | dt: 3949.02ms | tok/sec: 265,528 | bf16_mfu: 47.77 | epoch: 1 | total time: 262.30m | eta: 25.7m
step 03970/04357 (91.12%) | loss: 2.633671 | lrm: 0.18 | dt: 3953.57ms | tok/sec: 265,222 | bf16_mfu: 47.71 | epoch: 1 | total time: 262.37m | eta: 25.6m
step 03971/04357 (91.14%) | loss: 2.635998 | lrm: 0.18 | dt: 3942.02ms | tok/sec: 265,999 | bf16_mfu: 47.85 | epoch: 1 | total time: 262.43m | eta: 25.6m
step 03972/04357 (91.16%) | loss: 2.625665 | lrm: 0.18 | dt: 3949.57ms | tok/sec: 265,491 | bf16_mfu: 47.76 | epoch: 1 | total time: 262.50m | eta: 25.5m
step 03973/04357 (91.19%) | loss: 2.622294 | lrm: 0.18 | dt: 3947.29ms | tok/sec: 265,644 | bf16_mfu: 47.79 | epoch: 1 | total time: 262.57m | eta: 25.4m
step 03974/04357 (91.21%) | loss: 2.621297 | lrm: 0.18 | dt: 3952.47ms | tok/sec: 265,296 | bf16_mfu: 47.72 | epoch: 1 | total time: 262.63m | eta: 25.4m
step 03975/04357 (91.23%) | loss: 2.635995 | lrm: 0.18 | dt: 3954.48ms | tok/sec: 265,161 | bf16_mfu: 47.70 | epoch: 1 | total time: 262.70m | eta: 25.3m
step 03976/04357 (91.26%) | loss: 2.641672 | lrm: 0.17 | dt: 3945.11ms | tok/sec: 265,791 | bf16_mfu: 47.81 | epoch: 1 | total time: 262.76m | eta: 25.2m
step 03977/04357 (91.28%) | loss: 2.637618 | lrm: 0.17 | dt: 3965.24ms | tok/sec: 264,441 | bf16_mfu: 47.57 | epoch: 1 | total time: 262.83m | eta: 25.2m
step 03978/04357 (91.30%) | loss: 2.639075 | lrm: 0.17 | dt: 3956.77ms | tok/sec: 265,007 | bf16_mfu: 47.67 | epoch: 1 | total time: 262.89m | eta: 25.1m
step 03979/04357 (91.32%) | loss: 2.645586 | lrm: 0.17 | dt: 4022.25ms | tok/sec: 260,694 | bf16_mfu: 46.90 | epoch: 1 | total time: 262.96m | eta: 25.0m
step 03980/04357 (91.35%) | loss: 2.648461 | lrm: 0.17 | dt: 3978.85ms | tok/sec: 263,537 | bf16_mfu: 47.41 | epoch: 1 | total time: 263.03m | eta: 25.0m
step 03981/04357 (91.37%) | loss: 2.645216 | lrm: 0.17 | dt: 3949.78ms | tok/sec: 265,477 | bf16_mfu: 47.76 | epoch: 1 | total time: 263.09m | eta: 24.9m
step 03982/04357 (91.39%) | loss: 2.639108 | lrm: 0.17 | dt: 3971.95ms | tok/sec: 263,995 | bf16_mfu: 47.49 | epoch: 1 | total time: 263.16m | eta: 24.8m
step 03983/04357 (91.42%) | loss: 2.645020 | lrm: 0.17 | dt: 3952.17ms | tok/sec: 265,316 | bf16_mfu: 47.73 | epoch: 1 | total time: 263.23m | eta: 24.8m
step 03984/04357 (91.44%) | loss: 2.647431 | lrm: 0.17 | dt: 3947.44ms | tok/sec: 265,634 | bf16_mfu: 47.79 | epoch: 1 | total time: 263.29m | eta: 24.7m
step 03985/04357 (91.46%) | loss: 2.642798 | lrm: 0.17 | dt: 3950.68ms | tok/sec: 265,416 | bf16_mfu: 47.75 | epoch: 1 | total time: 263.36m | eta: 24.6m
step 03986/04357 (91.48%) | loss: 2.649408 | lrm: 0.17 | dt: 3949.51ms | tok/sec: 265,495 | bf16_mfu: 47.76 | epoch: 1 | total time: 263.42m | eta: 24.6m
step 03987/04357 (91.51%) | loss: 2.644425 | lrm: 0.17 | dt: 3953.83ms | tok/sec: 265,205 | bf16_mfu: 47.71 | epoch: 1 | total time: 263.49m | eta: 24.5m
step 03988/04357 (91.53%) | loss: 2.636391 | lrm: 0.17 | dt: 3964.70ms | tok/sec: 264,477 | bf16_mfu: 47.58 | epoch: 1 | total time: 263.56m | eta: 24.4m
step 03989/04357 (91.55%) | loss: 2.630979 | lrm: 0.17 | dt: 3956.37ms | tok/sec: 265,035 | bf16_mfu: 47.68 | epoch: 1 | total time: 263.62m | eta: 24.4m
step 03990/04357 (91.58%) | loss: 2.622546 | lrm: 0.17 | dt: 3945.71ms | tok/sec: 265,750 | bf16_mfu: 47.81 | epoch: 1 | total time: 263.69m | eta: 24.3m
step 03991/04357 (91.60%) | loss: 2.632858 | lrm: 0.17 | dt: 3953.68ms | tok/sec: 265,215 | bf16_mfu: 47.71 | epoch: 1 | total time: 263.75m | eta: 24.2m
step 03992/04357 (91.62%) | loss: 2.623838 | lrm: 0.17 | dt: 3969.50ms | tok/sec: 264,158 | bf16_mfu: 47.52 | epoch: 1 | total time: 263.82m | eta: 24.2m
step 03993/04357 (91.65%) | loss: 2.625646 | lrm: 0.17 | dt: 3990.67ms | tok/sec: 262,757 | bf16_mfu: 47.27 | epoch: 1 | total time: 263.89m | eta: 24.1m
step 03994/04357 (91.67%) | loss: 2.628197 | lrm: 0.17 | dt: 3967.36ms | tok/sec: 264,300 | bf16_mfu: 47.55 | epoch: 1 | total time: 263.95m | eta: 24.0m
step 03995/04357 (91.69%) | loss: 2.627333 | lrm: 0.17 | dt: 3976.72ms | tok/sec: 263,678 | bf16_mfu: 47.43 | epoch: 1 | total time: 264.02m | eta: 24.0m
step 03996/04357 (91.71%) | loss: 2.618542 | lrm: 0.17 | dt: 3947.27ms | tok/sec: 265,646 | bf16_mfu: 47.79 | epoch: 1 | total time: 264.08m | eta: 23.9m
step 03997/04357 (91.74%) | loss: 2.623068 | lrm: 0.17 | dt: 3946.88ms | tok/sec: 265,672 | bf16_mfu: 47.79 | epoch: 1 | total time: 264.15m | eta: 23.9m
step 03998/04357 (91.76%) | loss: 2.617003 | lrm: 0.16 | dt: 3950.25ms | tok/sec: 265,445 | bf16_mfu: 47.75 | epoch: 1 | total time: 264.22m | eta: 23.8m
step 03999/04357 (91.78%) | loss: 2.624057 | lrm: 0.16 | dt: 3957.25ms | tok/sec: 264,975 | bf16_mfu: 47.67 | epoch: 1 | total time: 264.28m | eta: 23.7m
Step 04000 | Validation bpb: 0.798761
Evaluating: hellaswag_zeroshot (0-shot, type: multiple_choice)... accuracy: 0.4620 | centered: 0.2827 | time: 3.49s
Evaluating: jeopardy (10-shot, type: language_modeling)... accuracy: 0.0900 | centered: 0.0900 | time: 3.49s
Evaluating: bigbench_qa_wikidata (10-shot, type: language_modeling)... accuracy: 0.4820 | centered: 0.4820 | time: 3.43s
Evaluating: arc_easy (10-shot, type: multiple_choice)... accuracy: 0.6260 | centered: 0.5013 | time: 3.84s
Evaluating: arc_challenge (10-shot, type: multiple_choice)... accuracy: 0.3380 | centered: 0.1173 | time: 3.83s
Evaluating: copa (0-shot, type: multiple_choice)... accuracy: 0.6600 | centered: 0.3200 | time: 0.66s
Evaluating: commonsense_qa (10-shot, type: multiple_choice)... accuracy: 0.2700 | centered: 0.0875 | time: 3.90s
Evaluating: piqa (10-shot, type: multiple_choice)... accuracy: 0.7080 | centered: 0.4160 | time: 3.58s
Evaluating: openbook_qa (0-shot, type: multiple_choice)... accuracy: 0.3600 | centered: 0.1467 | time: 3.35s
Evaluating: lambada_openai (0-shot, type: language_modeling)... accuracy: 0.3840 | centered: 0.3840 | time: 3.37s
Evaluating: hellaswag (10-shot, type: multiple_choice)... accuracy: 0.4500 | centered: 0.2667 | time: 5.64s
Evaluating: winograd (0-shot, type: schema)... accuracy: 0.6740 | centered: 0.3480 | time: 1.80s
Evaluating: winogrande (0-shot, type: schema)... accuracy: 0.5480 | centered: 0.0960 | time: 3.27s
Evaluating: bigbench_dyck_languages (10-shot, type: language_modeling)... accuracy: 0.1080 | centered: 0.1080 | time: 3.54s
Evaluating: agi_eval_lsat_ar (3-shot, type: multiple_choice)... accuracy: 0.2217 | centered: 0.0272 | time: 2.52s
Evaluating: bigbench_cs_algorithms (10-shot, type: language_modeling)... accuracy: 0.4320 | centered: 0.4320 | time: 3.50s
Evaluating: bigbench_operators (10-shot, type: language_modeling)... accuracy: 0.1238 | centered: 0.1238 | time: 1.46s
Evaluating: bigbench_repeat_copy_logic (10-shot, type: language_modeling)... accuracy: 0.0312 | centered: 0.0312 | time: 0.23s
Evaluating: squad (10-shot, type: language_modeling)... accuracy: 0.3060 | centered: 0.3060 | time: 4.32s
Evaluating: coqa (0-shot, type: language_modeling)... accuracy: 0.2040 | centered: 0.2040 | time: 3.55s
Evaluating: boolq (10-shot, type: multiple_choice)... accuracy: 0.5060 | centered: -0.3000 | time: 5.32s
Evaluating: bigbench_language_identification (10-shot, type: multiple_choice)... accuracy: 0.2440 | centered: 0.1683 | time: 9.16s
Step 04000 | CORE metric: 0.2109
<|bos|>The capital of France is Paris. It is the largest city in France and the capital of France. It
<|bos|>The chemical symbol of gold is Au. It is a soft, silvery metal that is highly malleable
<|bos|>If yesterday was Friday, then tomorrow will be Saturday. And if today was Saturday, then tomorrow will be Sunday. And if
step 04000/04357 (91.81%) | loss: 2.638225 | lrm: 0.16 | dt: 3848.04ms | tok/sec: 272,496 | bf16_mfu: 49.02 | epoch: 1 | total time: 264.35m | eta: 23.7m
step 04001/04357 (91.83%) | loss: 2.631852 | lrm: 0.16 | dt: 3943.13ms | tok/sec: 265,925 | bf16_mfu: 47.84 | epoch: 1 | total time: 264.41m | eta: 23.6m
step 04002/04357 (91.85%) | loss: 2.628258 | lrm: 0.16 | dt: 3867.95ms | tok/sec: 271,093 | bf16_mfu: 48.77 | epoch: 1 | total time: 264.48m | eta: 23.5m
step 04003/04357 (91.88%) | loss: 2.638524 | lrm: 0.16 | dt: 3906.30ms | tok/sec: 268,432 | bf16_mfu: 48.29 | epoch: 1 | total time: 264.54m | eta: 23.5m
step 04004/04357 (91.90%) | loss: 2.634043 | lrm: 0.16 | dt: 3902.74ms | tok/sec: 268,677 | bf16_mfu: 48.33 | epoch: 1 | total time: 264.61m | eta: 23.4m
step 04005/04357 (91.92%) | loss: 2.636989 | lrm: 0.16 | dt: 3910.18ms | tok/sec: 268,165 | bf16_mfu: 48.24 | epoch: 1 | total time: 264.67m | eta: 23.3m
step 04006/04357 (91.94%) | loss: 2.625377 | lrm: 0.16 | dt: 3908.43ms | tok/sec: 268,285 | bf16_mfu: 48.26 | epoch: 1 | total time: 264.74m | eta: 23.3m
step 04007/04357 (91.97%) | loss: 2.631195 | lrm: 0.16 | dt: 3901.73ms | tok/sec: 268,746 | bf16_mfu: 48.35 | epoch: 1 | total time: 264.80m | eta: 23.2m
step 04008/04357 (91.99%) | loss: 2.634954 | lrm: 0.16 | dt: 3891.95ms | tok/sec: 269,421 | bf16_mfu: 48.47 | epoch: 1 | total time: 264.87m | eta: 23.1m
step 04009/04357 (92.01%) | loss: 2.637069 | lrm: 0.16 | dt: 3905.28ms | tok/sec: 268,501 | bf16_mfu: 48.30 | epoch: 1 | total time: 264.93m | eta: 23.1m
step 04010/04357 (92.04%) | loss: 2.630805 | lrm: 0.16 | dt: 3912.57ms | tok/sec: 268,001 | bf16_mfu: 48.21 | epoch: 1 | total time: 265.00m | eta: 23.0m
step 04011/04357 (92.06%) | loss: 2.628144 | lrm: 0.16 | dt: 3908.30ms | tok/sec: 268,294 | bf16_mfu: 48.26 | epoch: 1 | total time: 265.06m | eta: 22.9m
step 04012/04357 (92.08%) | loss: 2.636732 | lrm: 0.16 | dt: 3912.79ms | tok/sec: 267,986 | bf16_mfu: 48.21 | epoch: 1 | total time: 265.13m | eta: 22.9m
step 04013/04357 (92.10%) | loss: 2.640473 | lrm: 0.16 | dt: 3913.73ms | tok/sec: 267,922 | bf16_mfu: 48.20 | epoch: 1 | total time: 265.19m | eta: 22.8m
step 04014/04357 (92.13%) | loss: 2.649490 | lrm: 0.16 | dt: 3906.89ms | tok/sec: 268,391 | bf16_mfu: 48.28 | epoch: 1 | total time: 265.26m | eta: 22.7m
step 04015/04357 (92.15%) | loss: 2.643087 | lrm: 0.16 | dt: 3937.06ms | tok/sec: 266,334 | bf16_mfu: 47.91 | epoch: 1 | total time: 265.32m | eta: 22.7m
step 04016/04357 (92.17%) | loss: 2.634605 | lrm: 0.16 | dt: 3915.20ms | tok/sec: 267,821 | bf16_mfu: 48.18 | epoch: 1 | total time: 265.39m | eta: 22.6m
step 04017/04357 (92.20%) | loss: 2.627445 | lrm: 0.16 | dt: 3914.48ms | tok/sec: 267,871 | bf16_mfu: 48.19 | epoch: 1 | total time: 265.45m | eta: 22.5m
step 04018/04357 (92.22%) | loss: 2.619777 | lrm: 0.16 | dt: 3928.37ms | tok/sec: 266,923 | bf16_mfu: 48.02 | epoch: 1 | total time: 265.52m | eta: 22.5m
step 04019/04357 (92.24%) | loss: 2.622299 | lrm: 0.16 | dt: 3920.48ms | tok/sec: 267,461 | bf16_mfu: 48.11 | epoch: 1 | total time: 265.58m | eta: 22.4m
step 04020/04357 (92.27%) | loss: 2.619591 | lrm: 0.15 | dt: 3931.40ms | tok/sec: 266,718 | bf16_mfu: 47.98 | epoch: 1 | total time: 265.65m | eta: 22.3m
step 04021/04357 (92.29%) | loss: 2.621561 | lrm: 0.15 | dt: 3932.43ms | tok/sec: 266,648 | bf16_mfu: 47.97 | epoch: 1 | total time: 265.72m | eta: 22.3m
step 04022/04357 (92.31%) | loss: 2.620650 | lrm: 0.15 | dt: 3939.17ms | tok/sec: 266,191 | bf16_mfu: 47.89 | epoch: 1 | total time: 265.78m | eta: 22.2m
step 04023/04357 (92.33%) | loss: 2.631843 | lrm: 0.15 | dt: 3935.17ms | tok/sec: 266,462 | bf16_mfu: 47.93 | epoch: 1 | total time: 265.85m | eta: 22.1m
step 04024/04357 (92.36%) | loss: 2.627028 | lrm: 0.15 | dt: 3932.01ms | tok/sec: 266,677 | bf16_mfu: 47.97 | epoch: 1 | total time: 265.91m | eta: 22.1m
step 04025/04357 (92.38%) | loss: 2.618530 | lrm: 0.15 | dt: 3936.67ms | tok/sec: 266,361 | bf16_mfu: 47.92 | epoch: 1 | total time: 265.98m | eta: 22.0m
step 04026/04357 (92.40%) | loss: 2.607168 | lrm: 0.15 | dt: 3938.10ms | tok/sec: 266,264 | bf16_mfu: 47.90 | epoch: 1 | total time: 266.04m | eta: 21.9m
step 04027/04357 (92.43%) | loss: 2.616628 | lrm: 0.15 | dt: 3934.39ms | tok/sec: 266,515 | bf16_mfu: 47.94 | epoch: 1 | total time: 266.11m | eta: 21.9m
step 04028/04357 (92.45%) | loss: 2.623284 | lrm: 0.15 | dt: 3934.64ms | tok/sec: 266,498 | bf16_mfu: 47.94 | epoch: 1 | total time: 266.17m | eta: 21.8m
step 04029/04357 (92.47%) | loss: 2.643996 | lrm: 0.15 | dt: 3938.34ms | tok/sec: 266,247 | bf16_mfu: 47.90 | epoch: 1 | total time: 266.24m | eta: 21.7m
step 04030/04357 (92.49%) | loss: 2.652936 | lrm: 0.15 | dt: 3930.69ms | tok/sec: 266,766 | bf16_mfu: 47.99 | epoch: 1 | total time: 266.31m | eta: 21.7m
step 04031/04357 (92.52%) | loss: 2.646148 | lrm: 0.15 | dt: 3943.56ms | tok/sec: 265,895 | bf16_mfu: 47.83 | epoch: 1 | total time: 266.37m | eta: 21.6m
step 04032/04357 (92.54%) | loss: 2.650481 | lrm: 0.15 | dt: 3942.89ms | tok/sec: 265,940 | bf16_mfu: 47.84 | epoch: 1 | total time: 266.44m | eta: 21.5m
step 04033/04357 (92.56%) | loss: 2.655708 | lrm: 0.15 | dt: 3944.22ms | tok/sec: 265,851 | bf16_mfu: 47.82 | epoch: 1 | total time: 266.50m | eta: 21.5m
step 04034/04357 (92.59%) | loss: 2.654282 | lrm: 0.15 | dt: 3942.28ms | tok/sec: 265,982 | bf16_mfu: 47.85 | epoch: 1 | total time: 266.57m | eta: 21.4m
step 04035/04357 (92.61%) | loss: 2.657450 | lrm: 0.15 | dt: 3959.71ms | tok/sec: 264,811 | bf16_mfu: 47.64 | epoch: 1 | total time: 266.63m | eta: 21.3m
step 04036/04357 (92.63%) | loss: 2.643206 | lrm: 0.15 | dt: 3945.02ms | tok/sec: 265,797 | bf16_mfu: 47.81 | epoch: 1 | total time: 266.70m | eta: 21.3m
step 04037/04357 (92.66%) | loss: 2.636847 | lrm: 0.15 | dt: 3944.12ms | tok/sec: 265,858 | bf16_mfu: 47.83 | epoch: 1 | total time: 266.77m | eta: 21.2m
step 04038/04357 (92.68%) | loss: 2.621181 | lrm: 0.15 | dt: 3951.31ms | tok/sec: 265,373 | bf16_mfu: 47.74 | epoch: 1 | total time: 266.83m | eta: 21.1m
step 04039/04357 (92.70%) | loss: 2.619747 | lrm: 0.15 | dt: 3961.19ms | tok/sec: 264,712 | bf16_mfu: 47.62 | epoch: 1 | total time: 266.90m | eta: 21.1m
step 04040/04357 (92.72%) | loss: 2.619046 | lrm: 0.15 | dt: 3986.06ms | tok/sec: 263,060 | bf16_mfu: 47.32 | epoch: 1 | total time: 266.96m | eta: 21.0m
step 04041/04357 (92.75%) | loss: 2.628288 | lrm: 0.15 | dt: 3943.06ms | tok/sec: 265,929 | bf16_mfu: 47.84 | epoch: 1 | total time: 267.03m | eta: 20.9m
step 04042/04357 (92.77%) | loss: 2.633950 | lrm: 0.14 | dt: 3948.71ms | tok/sec: 265,548 | bf16_mfu: 47.77 | epoch: 1 | total time: 267.10m | eta: 20.9m
step 04043/04357 (92.79%) | loss: 2.633248 | lrm: 0.14 | dt: 3950.16ms | tok/sec: 265,451 | bf16_mfu: 47.75 | epoch: 1 | total time: 267.16m | eta: 20.8m
step 04044/04357 (92.82%) | loss: 2.633069 | lrm: 0.14 | dt: 3967.53ms | tok/sec: 264,289 | bf16_mfu: 47.54 | epoch: 1 | total time: 267.23m | eta: 20.7m
step 04045/04357 (92.84%) | loss: 2.624264 | lrm: 0.14 | dt: 3943.25ms | tok/sec: 265,916 | bf16_mfu: 47.84 | epoch: 1 | total time: 267.29m | eta: 20.7m
step 04046/04357 (92.86%) | loss: 2.630065 | lrm: 0.14 | dt: 3950.88ms | tok/sec: 265,402 | bf16_mfu: 47.74 | epoch: 1 | total time: 267.36m | eta: 20.6m
step 04047/04357 (92.89%) | loss: 2.640693 | lrm: 0.14 | dt: 3946.58ms | tok/sec: 265,692 | bf16_mfu: 47.80 | epoch: 1 | total time: 267.42m | eta: 20.5m
step 04048/04357 (92.91%) | loss: 2.646677 | lrm: 0.14 | dt: 3998.78ms | tok/sec: 262,224 | bf16_mfu: 47.17 | epoch: 1 | total time: 267.49m | eta: 20.5m
step 04049/04357 (92.93%) | loss: 2.647238 | lrm: 0.14 | dt: 3965.53ms | tok/sec: 264,422 | bf16_mfu: 47.57 | epoch: 1 | total time: 267.56m | eta: 20.4m
step 04050/04357 (92.95%) | loss: 2.647865 | lrm: 0.14 | dt: 3950.13ms | tok/sec: 265,453 | bf16_mfu: 47.75 | epoch: 1 | total time: 267.62m | eta: 20.3m
step 04051/04357 (92.98%) | loss: 2.644178 | lrm: 0.14 | dt: 3943.67ms | tok/sec: 265,888 | bf16_mfu: 47.83 | epoch: 1 | total time: 267.69m | eta: 20.3m
step 04052/04357 (93.00%) | loss: 2.652857 | lrm: 0.14 | dt: 3951.42ms | tok/sec: 265,366 | bf16_mfu: 47.74 | epoch: 1 | total time: 267.76m | eta: 20.2m
step 04053/04357 (93.02%) | loss: 2.645028 | lrm: 0.14 | dt: 3953.79ms | tok/sec: 265,208 | bf16_mfu: 47.71 | epoch: 1 | total time: 267.82m | eta: 20.1m
step 04054/04357 (93.05%) | loss: 2.642257 | lrm: 0.14 | dt: 3950.55ms | tok/sec: 265,425 | bf16_mfu: 47.75 | epoch: 1 | total time: 267.89m | eta: 20.1m
step 04055/04357 (93.07%) | loss: 2.639954 | lrm: 0.14 | dt: 3983.12ms | tok/sec: 263,255 | bf16_mfu: 47.36 | epoch: 1 | total time: 267.95m | eta: 20.0m
step 04056/04357 (93.09%) | loss: 2.631665 | lrm: 0.14 | dt: 3957.29ms | tok/sec: 264,972 | bf16_mfu: 47.67 | epoch: 1 | total time: 268.02m | eta: 19.9m
step 04057/04357 (93.11%) | loss: 2.639548 | lrm: 0.14 | dt: 3947.80ms | tok/sec: 265,610 | bf16_mfu: 47.78 | epoch: 1 | total time: 268.09m | eta: 19.9m
step 04058/04357 (93.14%) | loss: 2.638294 | lrm: 0.14 | dt: 3951.12ms | tok/sec: 265,386 | bf16_mfu: 47.74 | epoch: 1 | total time: 268.15m | eta: 19.8m
step 04059/04357 (93.16%) | loss: 2.632448 | lrm: 0.14 | dt: 3951.14ms | tok/sec: 265,385 | bf16_mfu: 47.74 | epoch: 1 | total time: 268.22m | eta: 19.7m
step 04060/04357 (93.18%) | loss: 2.620613 | lrm: 0.14 | dt: 3945.97ms | tok/sec: 265,733 | bf16_mfu: 47.80 | epoch: 1 | total time: 268.28m | eta: 19.7m
step 04061/04357 (93.21%) | loss: 2.621682 | lrm: 0.14 | dt: 3949.34ms | tok/sec: 265,506 | bf16_mfu: 47.76 | epoch: 1 | total time: 268.35m | eta: 19.6m
step 04062/04357 (93.23%) | loss: 2.616737 | lrm: 0.14 | dt: 3954.79ms | tok/sec: 265,140 | bf16_mfu: 47.70 | epoch: 1 | total time: 268.41m | eta: 19.5m
step 04063/04357 (93.25%) | loss: 2.627584 | lrm: 0.13 | dt: 3955.45ms | tok/sec: 265,096 | bf16_mfu: 47.69 | epoch: 1 | total time: 268.48m | eta: 19.5m
step 04064/04357 (93.28%) | loss: 2.630949 | lrm: 0.13 | dt: 3949.92ms | tok/sec: 265,467 | bf16_mfu: 47.76 | epoch: 1 | total time: 268.55m | eta: 19.4m
step 04065/04357 (93.30%) | loss: 2.633101 | lrm: 0.13 | dt: 3941.79ms | tok/sec: 266,015 | bf16_mfu: 47.85 | epoch: 1 | total time: 268.61m | eta: 19.3m
step 04066/04357 (93.32%) | loss: 2.635064 | lrm: 0.13 | dt: 3953.30ms | tok/sec: 265,240 | bf16_mfu: 47.71 | epoch: 1 | total time: 268.68m | eta: 19.3m
step 04067/04357 (93.34%) | loss: 2.632167 | lrm: 0.13 | dt: 3951.88ms | tok/sec: 265,336 | bf16_mfu: 47.73 | epoch: 1 | total time: 268.74m | eta: 19.2m
step 04068/04357 (93.37%) | loss: 2.622961 | lrm: 0.13 | dt: 3950.03ms | tok/sec: 265,460 | bf16_mfu: 47.75 | epoch: 1 | total time: 268.81m | eta: 19.1m
step 04069/04357 (93.39%) | loss: 2.622629 | lrm: 0.13 | dt: 3951.00ms | tok/sec: 265,394 | bf16_mfu: 47.74 | epoch: 1 | total time: 268.88m | eta: 19.1m
step 04070/04357 (93.41%) | loss: 2.621700 | lrm: 0.13 | dt: 3956.98ms | tok/sec: 264,994 | bf16_mfu: 47.67 | epoch: 1 | total time: 268.94m | eta: 19.0m
step 04071/04357 (93.44%) | loss: 2.618368 | lrm: 0.13 | dt: 3993.61ms | tok/sec: 262,563 | bf16_mfu: 47.23 | epoch: 1 | total time: 269.01m | eta: 18.9m
step 04072/04357 (93.46%) | loss: 2.627484 | lrm: 0.13 | dt: 3942.60ms | tok/sec: 265,960 | bf16_mfu: 47.84 | epoch: 1 | total time: 269.07m | eta: 18.9m
step 04073/04357 (93.48%) | loss: 2.617971 | lrm: 0.13 | dt: 3955.71ms | tok/sec: 265,079 | bf16_mfu: 47.69 | epoch: 1 | total time: 269.14m | eta: 18.8m
step 04074/04357 (93.50%) | loss: 2.628645 | lrm: 0.13 | dt: 3950.20ms | tok/sec: 265,448 | bf16_mfu: 47.75 | epoch: 1 | total time: 269.21m | eta: 18.7m
step 04075/04357 (93.53%) | loss: 2.630049 | lrm: 0.13 | dt: 3949.48ms | tok/sec: 265,496 | bf16_mfu: 47.76 | epoch: 1 | total time: 269.27m | eta: 18.7m
step 04076/04357 (93.55%) | loss: 2.614154 | lrm: 0.13 | dt: 3947.95ms | tok/sec: 265,600 | bf16_mfu: 47.78 | epoch: 1 | total time: 269.34m | eta: 18.6m
step 04077/04357 (93.57%) | loss: 2.632378 | lrm: 0.13 | dt: 3948.41ms | tok/sec: 265,569 | bf16_mfu: 47.77 | epoch: 1 | total time: 269.40m | eta: 18.5m
step 04078/04357 (93.60%) | loss: 2.626599 | lrm: 0.13 | dt: 3956.87ms | tok/sec: 265,001 | bf16_mfu: 47.67 | epoch: 1 | total time: 269.47m | eta: 18.5m
step 04079/04357 (93.62%) | loss: 2.610385 | lrm: 0.13 | dt: 3949.02ms | tok/sec: 265,528 | bf16_mfu: 47.77 | epoch: 1 | total time: 269.53m | eta: 18.4m
step 04080/04357 (93.64%) | loss: 2.621322 | lrm: 0.13 | dt: 3946.75ms | tok/sec: 265,681 | bf16_mfu: 47.79 | epoch: 1 | total time: 269.60m | eta: 18.3m
step 04081/04357 (93.67%) | loss: 2.609051 | lrm: 0.13 | dt: 3962.78ms | tok/sec: 264,606 | bf16_mfu: 47.60 | epoch: 1 | total time: 269.67m | eta: 18.3m
step 04082/04357 (93.69%) | loss: 2.612669 | lrm: 0.13 | dt: 3964.92ms | tok/sec: 264,463 | bf16_mfu: 47.57 | epoch: 1 | total time: 269.73m | eta: 18.2m
step 04083/04357 (93.71%) | loss: 2.613378 | lrm: 0.13 | dt: 3963.84ms | tok/sec: 264,535 | bf16_mfu: 47.59 | epoch: 1 | total time: 269.80m | eta: 18.1m
step 04084/04357 (93.73%) | loss: 2.617962 | lrm: 0.13 | dt: 3985.70ms | tok/sec: 263,084 | bf16_mfu: 47.33 | epoch: 1 | total time: 269.86m | eta: 18.1m
step 04085/04357 (93.76%) | loss: 2.619670 | lrm: 0.12 | dt: 3971.41ms | tok/sec: 264,030 | bf16_mfu: 47.50 | epoch: 1 | total time: 269.93m | eta: 18.0m
step 04086/04357 (93.78%) | loss: 2.613463 | lrm: 0.12 | dt: 3953.93ms | tok/sec: 265,198 | bf16_mfu: 47.71 | epoch: 1 | total time: 270.00m | eta: 18.0m
step 04087/04357 (93.80%) | loss: 2.624022 | lrm: 0.12 | dt: 3946.49ms | tok/sec: 265,698 | bf16_mfu: 47.80 | epoch: 1 | total time: 270.06m | eta: 17.9m
step 04088/04357 (93.83%) | loss: 2.631446 | lrm: 0.12 | dt: 3945.52ms | tok/sec: 265,763 | bf16_mfu: 47.81 | epoch: 1 | total time: 270.13m | eta: 17.8m
step 04089/04357 (93.85%) | loss: 2.622422 | lrm: 0.12 | dt: 3956.11ms | tok/sec: 265,051 | bf16_mfu: 47.68 | epoch: 1 | total time: 270.19m | eta: 17.8m
step 04090/04357 (93.87%) | loss: 2.625616 | lrm: 0.12 | dt: 3954.38ms | tok/sec: 265,168 | bf16_mfu: 47.70 | epoch: 1 | total time: 270.26m | eta: 17.7m
step 04091/04357 (93.89%) | loss: 2.620289 | lrm: 0.12 | dt: 3954.05ms | tok/sec: 265,190 | bf16_mfu: 47.71 | epoch: 1 | total time: 270.33m | eta: 17.6m
step 04092/04357 (93.92%) | loss: 2.627701 | lrm: 0.12 | dt: 3954.77ms | tok/sec: 265,141 | bf16_mfu: 47.70 | epoch: 1 | total time: 270.39m | eta: 17.6m
step 04093/04357 (93.94%) | loss: 2.618131 | lrm: 0.12 | dt: 3956.64ms | tok/sec: 265,016 | bf16_mfu: 47.67 | epoch: 1 | total time: 270.46m | eta: 17.5m
step 04094/04357 (93.96%) | loss: 2.617554 | lrm: 0.12 | dt: 3954.38ms | tok/sec: 265,167 | bf16_mfu: 47.70 | epoch: 1 | total time: 270.52m | eta: 17.4m
step 04095/04357 (93.99%) | loss: 2.605586 | lrm: 0.12 | dt: 3943.60ms | tok/sec: 265,893 | bf16_mfu: 47.83 | epoch: 1 | total time: 270.59m | eta: 17.4m
step 04096/04357 (94.01%) | loss: 2.619621 | lrm: 0.12 | dt: 3947.18ms | tok/sec: 265,652 | bf16_mfu: 47.79 | epoch: 1 | total time: 270.66m | eta: 17.3m
step 04097/04357 (94.03%) | loss: 2.612560 | lrm: 0.12 | dt: 3951.73ms | tok/sec: 265,345 | bf16_mfu: 47.73 | epoch: 1 | total time: 270.72m | eta: 17.2m
step 04098/04357 (94.06%) | loss: 2.613490 | lrm: 0.12 | dt: 3949.49ms | tok/sec: 265,496 | bf16_mfu: 47.76 | epoch: 1 | total time: 270.79m | eta: 17.2m
step 04099/04357 (94.08%) | loss: 2.637753 | lrm: 0.12 | dt: 3942.47ms | tok/sec: 265,969 | bf16_mfu: 47.85 | epoch: 1 | total time: 270.85m | eta: 17.1m
step 04100/04357 (94.10%) | loss: 2.630852 | lrm: 0.12 | dt: 3940.05ms | tok/sec: 266,132 | bf16_mfu: 47.88 | epoch: 1 | total time: 270.92m | eta: 17.0m
step 04101/04357 (94.12%) | loss: 2.629449 | lrm: 0.12 | dt: 3952.84ms | tok/sec: 265,271 | bf16_mfu: 47.72 | epoch: 1 | total time: 270.98m | eta: 17.0m
step 04102/04357 (94.15%) | loss: 2.637109 | lrm: 0.12 | dt: 3943.83ms | tok/sec: 265,877 | bf16_mfu: 47.83 | epoch: 1 | total time: 271.05m | eta: 16.9m
step 04103/04357 (94.17%) | loss: 2.626968 | lrm: 0.12 | dt: 3947.11ms | tok/sec: 265,656 | bf16_mfu: 47.79 | epoch: 1 | total time: 271.12m | eta: 16.8m
step 04104/04357 (94.19%) | loss: 2.631186 | lrm: 0.12 | dt: 3979.12ms | tok/sec: 263,519 | bf16_mfu: 47.41 | epoch: 1 | total time: 271.18m | eta: 16.8m
step 04105/04357 (94.22%) | loss: 2.643318 | lrm: 0.12 | dt: 3949.64ms | tok/sec: 265,486 | bf16_mfu: 47.76 | epoch: 1 | total time: 271.25m | eta: 16.7m
step 04106/04357 (94.24%) | loss: 2.642440 | lrm: 0.12 | dt: 3946.08ms | tok/sec: 265,725 | bf16_mfu: 47.80 | epoch: 1 | total time: 271.31m | eta: 16.6m
step 04107/04357 (94.26%) | loss: 2.637746 | lrm: 0.11 | dt: 3939.16ms | tok/sec: 266,192 | bf16_mfu: 47.89 | epoch: 1 | total time: 271.38m | eta: 16.6m
step 04108/04357 (94.29%) | loss: 2.628480 | lrm: 0.11 | dt: 4001.50ms | tok/sec: 262,045 | bf16_mfu: 47.14 | epoch: 1 | total time: 271.45m | eta: 16.5m
step 04109/04357 (94.31%) | loss: 2.647977 | lrm: 0.11 | dt: 3954.75ms | tok/sec: 265,143 | bf16_mfu: 47.70 | epoch: 1 | total time: 271.51m | eta: 16.4m
step 04110/04357 (94.33%) | loss: 2.653565 | lrm: 0.11 | dt: 3948.66ms | tok/sec: 265,552 | bf16_mfu: 47.77 | epoch: 1 | total time: 271.58m | eta: 16.4m
step 04111/04357 (94.35%) | loss: 2.640584 | lrm: 0.11 | dt: 3946.99ms | tok/sec: 265,664 | bf16_mfu: 47.79 | epoch: 1 | total time: 271.64m | eta: 16.3m
step 04112/04357 (94.38%) | loss: 2.639474 | lrm: 0.11 | dt: 3946.03ms | tok/sec: 265,729 | bf16_mfu: 47.80 | epoch: 1 | total time: 271.71m | eta: 16.2m
step 04113/04357 (94.40%) | loss: 2.646631 | lrm: 0.11 | dt: 3951.52ms | tok/sec: 265,360 | bf16_mfu: 47.74 | epoch: 1 | total time: 271.78m | eta: 16.2m
step 04114/04357 (94.42%) | loss: 2.640282 | lrm: 0.11 | dt: 3954.09ms | tok/sec: 265,187 | bf16_mfu: 47.71 | epoch: 1 | total time: 271.84m | eta: 16.1m
step 04115/04357 (94.45%) | loss: 2.640958 | lrm: 0.11 | dt: 3948.54ms | tok/sec: 265,560 | bf16_mfu: 47.77 | epoch: 1 | total time: 271.91m | eta: 16.0m
step 04116/04357 (94.47%) | loss: 2.643449 | lrm: 0.11 | dt: 3961.24ms | tok/sec: 264,709 | bf16_mfu: 47.62 | epoch: 1 | total time: 271.97m | eta: 16.0m
step 04117/04357 (94.49%) | loss: 2.644905 | lrm: 0.11 | dt: 3944.60ms | tok/sec: 265,825 | bf16_mfu: 47.82 | epoch: 1 | total time: 272.04m | eta: 15.9m
step 04118/04357 (94.51%) | loss: 2.645367 | lrm: 0.11 | dt: 3989.65ms | tok/sec: 262,823 | bf16_mfu: 47.28 | epoch: 1 | total time: 272.11m | eta: 15.8m
step 04119/04357 (94.54%) | loss: 2.631433 | lrm: 0.11 | dt: 3949.37ms | tok/sec: 265,504 | bf16_mfu: 47.76 | epoch: 1 | total time: 272.17m | eta: 15.8m
step 04120/04357 (94.56%) | loss: 2.640364 | lrm: 0.11 | dt: 3969.13ms | tok/sec: 264,182 | bf16_mfu: 47.52 | epoch: 1 | total time: 272.24m | eta: 15.7m
step 04121/04357 (94.58%) | loss: 2.646187 | lrm: 0.11 | dt: 3938.25ms | tok/sec: 266,254 | bf16_mfu: 47.90 | epoch: 1 | total time: 272.30m | eta: 15.6m
step 04122/04357 (94.61%) | loss: 2.635321 | lrm: 0.11 | dt: 3950.82ms | tok/sec: 265,406 | bf16_mfu: 47.74 | epoch: 1 | total time: 272.37m | eta: 15.6m
step 04123/04357 (94.63%) | loss: 2.629635 | lrm: 0.11 | dt: 3945.25ms | tok/sec: 265,782 | bf16_mfu: 47.81 | epoch: 1 | total time: 272.43m | eta: 15.5m
step 04124/04357 (94.65%) | loss: 2.620370 | lrm: 0.11 | dt: 3957.54ms | tok/sec: 264,956 | bf16_mfu: 47.66 | epoch: 1 | total time: 272.50m | eta: 15.4m
step 04125/04357 (94.68%) | loss: 2.627660 | lrm: 0.11 | dt: 3945.85ms | tok/sec: 265,741 | bf16_mfu: 47.80 | epoch: 1 | total time: 272.57m | eta: 15.4m
step 04126/04357 (94.70%) | loss: 2.617510 | lrm: 0.11 | dt: 3953.58ms | tok/sec: 265,221 | bf16_mfu: 47.71 | epoch: 1 | total time: 272.63m | eta: 15.3m
step 04127/04357 (94.72%) | loss: 2.615436 | lrm: 0.11 | dt: 3964.18ms | tok/sec: 264,512 | bf16_mfu: 47.58 | epoch: 1 | total time: 272.70m | eta: 15.2m
step 04128/04357 (94.74%) | loss: 2.620854 | lrm: 0.11 | dt: 3946.63ms | tok/sec: 265,688 | bf16_mfu: 47.80 | epoch: 1 | total time: 272.76m | eta: 15.2m
step 04129/04357 (94.77%) | loss: 2.608323 | lrm: 0.10 | dt: 3976.93ms | tok/sec: 263,664 | bf16_mfu: 47.43 | epoch: 1 | total time: 272.83m | eta: 15.1m
step 04130/04357 (94.79%) | loss: 2.597092 | lrm: 0.10 | dt: 3959.99ms | tok/sec: 264,792 | bf16_mfu: 47.63 | epoch: 1 | total time: 272.90m | eta: 15.0m
step 04131/04357 (94.81%) | loss: 2.598937 | lrm: 0.10 | dt: 3951.96ms | tok/sec: 265,330 | bf16_mfu: 47.73 | epoch: 1 | total time: 272.96m | eta: 15.0m
step 04132/04357 (94.84%) | loss: 2.605745 | lrm: 0.10 | dt: 3955.83ms | tok/sec: 265,071 | bf16_mfu: 47.68 | epoch: 1 | total time: 273.03m | eta: 14.9m
step 04133/04357 (94.86%) | loss: 2.618622 | lrm: 0.10 | dt: 3957.96ms | tok/sec: 264,928 | bf16_mfu: 47.66 | epoch: 1 | total time: 273.09m | eta: 14.8m
step 04134/04357 (94.88%) | loss: 2.616459 | lrm: 0.10 | dt: 3953.76ms | tok/sec: 265,210 | bf16_mfu: 47.71 | epoch: 1 | total time: 273.16m | eta: 14.8m
step 04135/04357 (94.90%) | loss: 2.605053 | lrm: 0.10 | dt: 3952.33ms | tok/sec: 265,305 | bf16_mfu: 47.73 | epoch: 1 | total time: 273.23m | eta: 14.7m
step 04136/04357 (94.93%) | loss: 2.601543 | lrm: 0.10 | dt: 3945.26ms | tok/sec: 265,780 | bf16_mfu: 47.81 | epoch: 1 | total time: 273.29m | eta: 14.6m
step 04137/04357 (94.95%) | loss: 2.597745 | lrm: 0.10 | dt: 3971.02ms | tok/sec: 264,057 | bf16_mfu: 47.50 | epoch: 1 | total time: 273.36m | eta: 14.6m
step 04138/04357 (94.97%) | loss: 2.600834 | lrm: 0.10 | dt: 3986.38ms | tok/sec: 263,039 | bf16_mfu: 47.32 | epoch: 1 | total time: 273.42m | eta: 14.5m
step 04139/04357 (95.00%) | loss: 2.594552 | lrm: 0.10 | dt: 3975.92ms | tok/sec: 263,731 | bf16_mfu: 47.44 | epoch: 1 | total time: 273.49m | eta: 14.4m
step 04140/04357 (95.02%) | loss: 2.595723 | lrm: 0.10 | dt: 4001.48ms | tok/sec: 262,046 | bf16_mfu: 47.14 | epoch: 1 | total time: 273.56m | eta: 14.4m
step 04141/04357 (95.04%) | loss: 2.580562 | lrm: 0.10 | dt: 3951.92ms | tok/sec: 265,333 | bf16_mfu: 47.73 | epoch: 1 | total time: 273.62m | eta: 14.3m
step 04142/04357 (95.07%) | loss: 2.577131 | lrm: 0.10 | dt: 3969.34ms | tok/sec: 264,168 | bf16_mfu: 47.52 | epoch: 1 | total time: 273.69m | eta: 14.2m
step 04143/04357 (95.09%) | loss: 2.598776 | lrm: 0.10 | dt: 3965.76ms | tok/sec: 264,407 | bf16_mfu: 47.56 | epoch: 1 | total time: 273.76m | eta: 14.2m
step 04144/04357 (95.11%) | loss: 2.594920 | lrm: 0.10 | dt: 3973.49ms | tok/sec: 263,893 | bf16_mfu: 47.47 | epoch: 1 | total time: 273.82m | eta: 14.1m
step 04145/04357 (95.13%) | loss: 2.576653 | lrm: 0.10 | dt: 3953.76ms | tok/sec: 265,209 | bf16_mfu: 47.71 | epoch: 1 | total time: 273.89m | eta: 14.0m
step 04146/04357 (95.16%) | loss: 2.576219 | lrm: 0.10 | dt: 3953.57ms | tok/sec: 265,222 | bf16_mfu: 47.71 | epoch: 1 | total time: 273.95m | eta: 14.0m
step 04147/04357 (95.18%) | loss: 2.574674 | lrm: 0.10 | dt: 3963.26ms | tok/sec: 264,574 | bf16_mfu: 47.59 | epoch: 1 | total time: 274.02m | eta: 13.9m
step 04148/04357 (95.20%) | loss: 2.571040 | lrm: 0.10 | dt: 3947.90ms | tok/sec: 265,603 | bf16_mfu: 47.78 | epoch: 1 | total time: 274.08m | eta: 13.8m
step 04149/04357 (95.23%) | loss: 2.572287 | lrm: 0.10 | dt: 3952.20ms | tok/sec: 265,314 | bf16_mfu: 47.73 | epoch: 1 | total time: 274.15m | eta: 13.8m
step 04150/04357 (95.25%) | loss: 2.573174 | lrm: 0.10 | dt: 4009.00ms | tok/sec: 261,555 | bf16_mfu: 47.05 | epoch: 1 | total time: 274.22m | eta: 13.7m
step 04151/04357 (95.27%) | loss: 2.574794 | lrm: 0.09 | dt: 3947.98ms | tok/sec: 265,598 | bf16_mfu: 47.78 | epoch: 1 | total time: 274.28m | eta: 13.6m
step 04152/04357 (95.29%) | loss: 2.585592 | lrm: 0.09 | dt: 3955.30ms | tok/sec: 265,106 | bf16_mfu: 47.69 | epoch: 1 | total time: 274.35m | eta: 13.6m
step 04153/04357 (95.32%) | loss: 2.599651 | lrm: 0.09 | dt: 4001.30ms | tok/sec: 262,059 | bf16_mfu: 47.14 | epoch: 1 | total time: 274.42m | eta: 13.5m
step 04154/04357 (95.34%) | loss: 2.610491 | lrm: 0.09 | dt: 3989.96ms | tok/sec: 262,803 | bf16_mfu: 47.28 | epoch: 1 | total time: 274.48m | eta: 13.4m
step 04155/04357 (95.36%) | loss: 2.607965 | lrm: 0.09 | dt: 3946.12ms | tok/sec: 265,723 | bf16_mfu: 47.80 | epoch: 1 | total time: 274.55m | eta: 13.4m
step 04156/04357 (95.39%) | loss: 2.608983 | lrm: 0.09 | dt: 4007.48ms | tok/sec: 261,654 | bf16_mfu: 47.07 | epoch: 1 | total time: 274.62m | eta: 13.3m
step 04157/04357 (95.41%) | loss: 2.595673 | lrm: 0.09 | dt: 3959.41ms | tok/sec: 264,831 | bf16_mfu: 47.64 | epoch: 1 | total time: 274.68m | eta: 13.2m
step 04158/04357 (95.43%) | loss: 2.596742 | lrm: 0.09 | dt: 3979.33ms | tok/sec: 263,505 | bf16_mfu: 47.40 | epoch: 1 | total time: 274.75m | eta: 13.2m
step 04159/04357 (95.46%) | loss: 2.595874 | lrm: 0.09 | dt: 3973.23ms | tok/sec: 263,910 | bf16_mfu: 47.48 | epoch: 1 | total time: 274.81m | eta: 13.1m
step 04160/04357 (95.48%) | loss: 2.609364 | lrm: 0.09 | dt: 3949.14ms | tok/sec: 265,519 | bf16_mfu: 47.76 | epoch: 1 | total time: 274.88m | eta: 13.0m
step 04161/04357 (95.50%) | loss: 2.601740 | lrm: 0.09 | dt: 4004.52ms | tok/sec: 261,848 | bf16_mfu: 47.10 | epoch: 1 | total time: 274.95m | eta: 13.0m
step 04162/04357 (95.52%) | loss: 2.601195 | lrm: 0.09 | dt: 3945.12ms | tok/sec: 265,790 | bf16_mfu: 47.81 | epoch: 1 | total time: 275.01m | eta: 12.9m
step 04163/04357 (95.55%) | loss: 2.595743 | lrm: 0.09 | dt: 3978.91ms | tok/sec: 263,533 | bf16_mfu: 47.41 | epoch: 1 | total time: 275.08m | eta: 12.8m
step 04164/04357 (95.57%) | loss: 2.609540 | lrm: 0.09 | dt: 3954.73ms | tok/sec: 265,144 | bf16_mfu: 47.70 | epoch: 1 | total time: 275.14m | eta: 12.8m
step 04165/04357 (95.59%) | loss: 2.611743 | lrm: 0.09 | dt: 3948.64ms | tok/sec: 265,553 | bf16_mfu: 47.77 | epoch: 1 | total time: 275.21m | eta: 12.7m
step 04166/04357 (95.62%) | loss: 2.616698 | lrm: 0.09 | dt: 3974.48ms | tok/sec: 263,827 | bf16_mfu: 47.46 | epoch: 1 | total time: 275.28m | eta: 12.7m
step 04167/04357 (95.64%) | loss: 2.611779 | lrm: 0.09 | dt: 3972.95ms | tok/sec: 263,928 | bf16_mfu: 47.48 | epoch: 1 | total time: 275.34m | eta: 12.6m
step 04168/04357 (95.66%) | loss: 2.615972 | lrm: 0.09 | dt: 3957.83ms | tok/sec: 264,937 | bf16_mfu: 47.66 | epoch: 1 | total time: 275.41m | eta: 12.5m
step 04169/04357 (95.69%) | loss: 2.627560 | lrm: 0.09 | dt: 3970.09ms | tok/sec: 264,119 | bf16_mfu: 47.51 | epoch: 1 | total time: 275.47m | eta: 12.5m
step 04170/04357 (95.71%) | loss: 2.630737 | lrm: 0.09 | dt: 3952.22ms | tok/sec: 265,313 | bf16_mfu: 47.73 | epoch: 1 | total time: 275.54m | eta: 12.4m
step 04171/04357 (95.73%) | loss: 2.644739 | lrm: 0.09 | dt: 3952.51ms | tok/sec: 265,293 | bf16_mfu: 47.72 | epoch: 1 | total time: 275.61m | eta: 12.3m
step 04172/04357 (95.75%) | loss: 2.648579 | lrm: 0.08 | dt: 3944.90ms | tok/sec: 265,805 | bf16_mfu: 47.82 | epoch: 1 | total time: 275.67m | eta: 12.3m
step 04173/04357 (95.78%) | loss: 2.656983 | lrm: 0.08 | dt: 3968.16ms | tok/sec: 264,247 | bf16_mfu: 47.54 | epoch: 1 | total time: 275.74m | eta: 12.2m
step 04174/04357 (95.80%) | loss: 2.650183 | lrm: 0.08 | dt: 3954.41ms | tok/sec: 265,166 | bf16_mfu: 47.70 | epoch: 1 | total time: 275.80m | eta: 12.1m
step 04175/04357 (95.82%) | loss: 2.655146 | lrm: 0.08 | dt: 3950.19ms | tok/sec: 265,449 | bf16_mfu: 47.75 | epoch: 1 | total time: 275.87m | eta: 12.1m
step 04176/04357 (95.85%) | loss: 2.658399 | lrm: 0.08 | dt: 4026.37ms | tok/sec: 260,427 | bf16_mfu: 46.85 | epoch: 1 | total time: 275.94m | eta: 12.0m
step 04177/04357 (95.87%) | loss: 2.654372 | lrm: 0.08 | dt: 3978.01ms | tok/sec: 263,593 | bf16_mfu: 47.42 | epoch: 1 | total time: 276.00m | eta: 11.9m
step 04178/04357 (95.89%) | loss: 2.653029 | lrm: 0.08 | dt: 3956.94ms | tok/sec: 264,996 | bf16_mfu: 47.67 | epoch: 1 | total time: 276.07m | eta: 11.9m
step 04179/04357 (95.91%) | loss: 2.646146 | lrm: 0.08 | dt: 3957.65ms | tok/sec: 264,949 | bf16_mfu: 47.66 | epoch: 1 | total time: 276.14m | eta: 11.8m
step 04180/04357 (95.94%) | loss: 2.625378 | lrm: 0.08 | dt: 3944.17ms | tok/sec: 265,854 | bf16_mfu: 47.83 | epoch: 1 | total time: 276.20m | eta: 11.7m
step 04181/04357 (95.96%) | loss: 2.627943 | lrm: 0.08 | dt: 3975.98ms | tok/sec: 263,728 | bf16_mfu: 47.44 | epoch: 1 | total time: 276.27m | eta: 11.7m
step 04182/04357 (95.98%) | loss: 2.624028 | lrm: 0.08 | dt: 3945.58ms | tok/sec: 265,759 | bf16_mfu: 47.81 | epoch: 1 | total time: 276.33m | eta: 11.6m
step 04183/04357 (96.01%) | loss: 2.626824 | lrm: 0.08 | dt: 3943.16ms | tok/sec: 265,922 | bf16_mfu: 47.84 | epoch: 1 | total time: 276.40m | eta: 11.5m
step 04184/04357 (96.03%) | loss: 2.641676 | lrm: 0.08 | dt: 4024.01ms | tok/sec: 260,579 | bf16_mfu: 46.88 | epoch: 1 | total time: 276.47m | eta: 11.5m
step 04185/04357 (96.05%) | loss: 2.654517 | lrm: 0.08 | dt: 3950.05ms | tok/sec: 265,459 | bf16_mfu: 47.75 | epoch: 1 | total time: 276.53m | eta: 11.4m
step 04186/04357 (96.08%) | loss: 2.645922 | lrm: 0.08 | dt: 3953.46ms | tok/sec: 265,230 | bf16_mfu: 47.71 | epoch: 1 | total time: 276.60m | eta: 11.3m
step 04187/04357 (96.10%) | loss: 2.652656 | lrm: 0.08 | dt: 3955.64ms | tok/sec: 265,083 | bf16_mfu: 47.69 | epoch: 1 | total time: 276.66m | eta: 11.3m
step 04188/04357 (96.12%) | loss: 2.651538 | lrm: 0.08 | dt: 3945.69ms | tok/sec: 265,752 | bf16_mfu: 47.81 | epoch: 1 | total time: 276.73m | eta: 11.2m
step 04189/04357 (96.14%) | loss: 2.665694 | lrm: 0.08 | dt: 3942.48ms | tok/sec: 265,968 | bf16_mfu: 47.85 | epoch: 1 | total time: 276.79m | eta: 11.1m
step 04190/04357 (96.17%) | loss: 2.648822 | lrm: 0.08 | dt: 3996.36ms | tok/sec: 262,382 | bf16_mfu: 47.20 | epoch: 1 | total time: 276.86m | eta: 11.1m
step 04191/04357 (96.19%) | loss: 2.647440 | lrm: 0.08 | dt: 3947.83ms | tok/sec: 265,608 | bf16_mfu: 47.78 | epoch: 1 | total time: 276.93m | eta: 11.0m
step 04192/04357 (96.21%) | loss: 2.641072 | lrm: 0.08 | dt: 3949.45ms | tok/sec: 265,499 | bf16_mfu: 47.76 | epoch: 1 | total time: 276.99m | eta: 10.9m
step 04193/04357 (96.24%) | loss: 2.638114 | lrm: 0.08 | dt: 3958.22ms | tok/sec: 264,911 | bf16_mfu: 47.66 | epoch: 1 | total time: 277.06m | eta: 10.9m
step 04194/04357 (96.26%) | loss: 2.626204 | lrm: 0.07 | dt: 3955.35ms | tok/sec: 265,103 | bf16_mfu: 47.69 | epoch: 1 | total time: 277.13m | eta: 10.8m
step 04195/04357 (96.28%) | loss: 2.640265 | lrm: 0.07 | dt: 3959.76ms | tok/sec: 264,807 | bf16_mfu: 47.64 | epoch: 1 | total time: 277.19m | eta: 10.7m
step 04196/04357 (96.30%) | loss: 2.648717 | lrm: 0.07 | dt: 3990.27ms | tok/sec: 262,783 | bf16_mfu: 47.27 | epoch: 1 | total time: 277.26m | eta: 10.7m
step 04197/04357 (96.33%) | loss: 2.652204 | lrm: 0.07 | dt: 4010.25ms | tok/sec: 261,473 | bf16_mfu: 47.04 | epoch: 1 | total time: 277.32m | eta: 10.6m
step 04198/04357 (96.35%) | loss: 2.642224 | lrm: 0.07 | dt: 3970.08ms | tok/sec: 264,119 | bf16_mfu: 47.51 | epoch: 1 | total time: 277.39m | eta: 10.5m
step 04199/04357 (96.37%) | loss: 2.647787 | lrm: 0.07 | dt: 3980.13ms | tok/sec: 263,452 | bf16_mfu: 47.39 | epoch: 1 | total time: 277.46m | eta: 10.5m
step 04200/04357 (96.40%) | loss: 2.644973 | lrm: 0.07 | dt: 3973.89ms | tok/sec: 263,866 | bf16_mfu: 47.47 | epoch: 1 | total time: 277.52m | eta: 10.4m
step 04201/04357 (96.42%) | loss: 2.648041 | lrm: 0.07 | dt: 3947.23ms | tok/sec: 265,648 | bf16_mfu: 47.79 | epoch: 1 | total time: 277.59m | eta: 10.3m
step 04202/04357 (96.44%) | loss: 2.638840 | lrm: 0.07 | dt: 3952.63ms | tok/sec: 265,285 | bf16_mfu: 47.72 | epoch: 1 | total time: 277.65m | eta: 10.3m
step 04203/04357 (96.47%) | loss: 2.637978 | lrm: 0.07 | dt: 4023.28ms | tok/sec: 260,627 | bf16_mfu: 46.88 | epoch: 1 | total time: 277.72m | eta: 10.2m
step 04204/04357 (96.49%) | loss: 2.621367 | lrm: 0.07 | dt: 3940.64ms | tok/sec: 266,092 | bf16_mfu: 47.87 | epoch: 1 | total time: 277.79m | eta: 10.1m
step 04205/04357 (96.51%) | loss: 2.618306 | lrm: 0.07 | dt: 3961.39ms | tok/sec: 264,699 | bf16_mfu: 47.62 | epoch: 1 | total time: 277.85m | eta: 10.1m
step 04206/04357 (96.53%) | loss: 2.617962 | lrm: 0.07 | dt: 3977.65ms | tok/sec: 263,617 | bf16_mfu: 47.42 | epoch: 1 | total time: 277.92m | eta: 10.0m
step 04207/04357 (96.56%) | loss: 2.626982 | lrm: 0.07 | dt: 3942.96ms | tok/sec: 265,936 | bf16_mfu: 47.84 | epoch: 1 | total time: 277.99m | eta: 9.9m
step 04208/04357 (96.58%) | loss: 2.640090 | lrm: 0.07 | dt: 3948.07ms | tok/sec: 265,591 | bf16_mfu: 47.78 | epoch: 1 | total time: 278.05m | eta: 9.9m
step 04209/04357 (96.60%) | loss: 2.637137 | lrm: 0.07 | dt: 3944.43ms | tok/sec: 265,837 | bf16_mfu: 47.82 | epoch: 1 | total time: 278.12m | eta: 9.8m
step 04210/04357 (96.63%) | loss: 2.639996 | lrm: 0.07 | dt: 3954.16ms | tok/sec: 265,183 | bf16_mfu: 47.70 | epoch: 1 | total time: 278.18m | eta: 9.7m
step 04211/04357 (96.65%) | loss: 2.654040 | lrm: 0.07 | dt: 3951.80ms | tok/sec: 265,341 | bf16_mfu: 47.73 | epoch: 1 | total time: 278.25m | eta: 9.7m
step 04212/04357 (96.67%) | loss: 2.640219 | lrm: 0.07 | dt: 3948.22ms | tok/sec: 265,582 | bf16_mfu: 47.78 | epoch: 1 | total time: 278.31m | eta: 9.6m
step 04213/04357 (96.69%) | loss: 2.631041 | lrm: 0.07 | dt: 3940.55ms | tok/sec: 266,098 | bf16_mfu: 47.87 | epoch: 1 | total time: 278.38m | eta: 9.5m
step 04214/04357 (96.72%) | loss: 2.634476 | lrm: 0.07 | dt: 4021.97ms | tok/sec: 260,712 | bf16_mfu: 46.90 | epoch: 1 | total time: 278.45m | eta: 9.5m
step 04215/04357 (96.74%) | loss: 2.636657 | lrm: 0.07 | dt: 3956.91ms | tok/sec: 264,998 | bf16_mfu: 47.67 | epoch: 1 | total time: 278.51m | eta: 9.4m
step 04216/04357 (96.76%) | loss: 2.643210 | lrm: 0.06 | dt: 4013.34ms | tok/sec: 261,272 | bf16_mfu: 47.00 | epoch: 1 | total time: 278.58m | eta: 9.3m
step 04217/04357 (96.79%) | loss: 2.637495 | lrm: 0.06 | dt: 3938.25ms | tok/sec: 266,254 | bf16_mfu: 47.90 | epoch: 1 | total time: 278.65m | eta: 9.3m
step 04218/04357 (96.81%) | loss: 2.649429 | lrm: 0.06 | dt: 3941.74ms | tok/sec: 266,018 | bf16_mfu: 47.85 | epoch: 1 | total time: 278.71m | eta: 9.2m
step 04219/04357 (96.83%) | loss: 2.624644 | lrm: 0.06 | dt: 3944.88ms | tok/sec: 265,806 | bf16_mfu: 47.82 | epoch: 1 | total time: 278.78m | eta: 9.1m
step 04220/04357 (96.86%) | loss: 2.634106 | lrm: 0.06 | dt: 3948.03ms | tok/sec: 265,594 | bf16_mfu: 47.78 | epoch: 1 | total time: 278.84m | eta: 9.1m
step 04221/04357 (96.88%) | loss: 2.627852 | lrm: 0.06 | dt: 3951.19ms | tok/sec: 265,382 | bf16_mfu: 47.74 | epoch: 1 | total time: 278.91m | eta: 9.0m
step 04222/04357 (96.90%) | loss: 2.630504 | lrm: 0.06 | dt: 3954.96ms | tok/sec: 265,129 | bf16_mfu: 47.69 | epoch: 1 | total time: 278.97m | eta: 8.9m
step 04223/04357 (96.92%) | loss: 2.632238 | lrm: 0.06 | dt: 3945.29ms | tok/sec: 265,778 | bf16_mfu: 47.81 | epoch: 1 | total time: 279.04m | eta: 8.9m
step 04224/04357 (96.95%) | loss: 2.632206 | lrm: 0.06 | dt: 3948.84ms | tok/sec: 265,540 | bf16_mfu: 47.77 | epoch: 1 | total time: 279.11m | eta: 8.8m
step 04225/04357 (96.97%) | loss: 2.624091 | lrm: 0.06 | dt: 4016.13ms | tok/sec: 261,091 | bf16_mfu: 46.97 | epoch: 1 | total time: 279.17m | eta: 8.7m
step 04226/04357 (96.99%) | loss: 2.617136 | lrm: 0.06 | dt: 3946.02ms | tok/sec: 265,729 | bf16_mfu: 47.80 | epoch: 1 | total time: 279.24m | eta: 8.7m
step 04227/04357 (97.02%) | loss: 2.604789 | lrm: 0.06 | dt: 3942.38ms | tok/sec: 265,975 | bf16_mfu: 47.85 | epoch: 1 | total time: 279.30m | eta: 8.6m
step 04228/04357 (97.04%) | loss: 2.589238 | lrm: 0.06 | dt: 3940.29ms | tok/sec: 266,116 | bf16_mfu: 47.87 | epoch: 1 | total time: 279.37m | eta: 8.5m
step 04229/04357 (97.06%) | loss: 2.579278 | lrm: 0.06 | dt: 3960.65ms | tok/sec: 264,748 | bf16_mfu: 47.63 | epoch: 1 | total time: 279.44m | eta: 8.5m
step 04230/04357 (97.09%) | loss: 2.581198 | lrm: 0.06 | dt: 3954.21ms | tok/sec: 265,179 | bf16_mfu: 47.70 | epoch: 1 | total time: 279.50m | eta: 8.4m
step 04231/04357 (97.11%) | loss: 2.584392 | lrm: 0.06 | dt: 3940.47ms | tok/sec: 266,104 | bf16_mfu: 47.87 | epoch: 1 | total time: 279.57m | eta: 8.3m
step 04232/04357 (97.13%) | loss: 2.586047 | lrm: 0.06 | dt: 4016.75ms | tok/sec: 261,051 | bf16_mfu: 46.96 | epoch: 1 | total time: 279.64m | eta: 8.3m
step 04233/04357 (97.15%) | loss: 2.599453 | lrm: 0.06 | dt: 3946.16ms | tok/sec: 265,720 | bf16_mfu: 47.80 | epoch: 1 | total time: 279.70m | eta: 8.2m
step 04234/04357 (97.18%) | loss: 2.607115 | lrm: 0.06 | dt: 3995.03ms | tok/sec: 262,470 | bf16_mfu: 47.22 | epoch: 1 | total time: 279.77m | eta: 8.1m
step 04235/04357 (97.20%) | loss: 2.606033 | lrm: 0.06 | dt: 3946.71ms | tok/sec: 265,683 | bf16_mfu: 47.79 | epoch: 1 | total time: 279.83m | eta: 8.1m
step 04236/04357 (97.22%) | loss: 2.610847 | lrm: 0.06 | dt: 3963.06ms | tok/sec: 264,587 | bf16_mfu: 47.60 | epoch: 1 | total time: 279.90m | eta: 8.0m
step 04237/04357 (97.25%) | loss: 2.606319 | lrm: 0.06 | dt: 3964.80ms | tok/sec: 264,471 | bf16_mfu: 47.58 | epoch: 1 | total time: 279.97m | eta: 7.9m
step 04238/04357 (97.27%) | loss: 2.616229 | lrm: 0.05 | dt: 3940.97ms | tok/sec: 266,070 | bf16_mfu: 47.86 | epoch: 1 | total time: 280.03m | eta: 7.9m
step 04239/04357 (97.29%) | loss: 2.632364 | lrm: 0.05 | dt: 3949.54ms | tok/sec: 265,493 | bf16_mfu: 47.76 | epoch: 1 | total time: 280.10m | eta: 7.8m
step 04240/04357 (97.31%) | loss: 2.638428 | lrm: 0.05 | dt: 3949.15ms | tok/sec: 265,519 | bf16_mfu: 47.76 | epoch: 1 | total time: 280.16m | eta: 7.7m
step 04241/04357 (97.34%) | loss: 2.642087 | lrm: 0.05 | dt: 3956.04ms | tok/sec: 265,056 | bf16_mfu: 47.68 | epoch: 1 | total time: 280.23m | eta: 7.7m
step 04242/04357 (97.36%) | loss: 2.657522 | lrm: 0.05 | dt: 3967.66ms | tok/sec: 264,280 | bf16_mfu: 47.54 | epoch: 1 | total time: 280.29m | eta: 7.6m
step 04243/04357 (97.38%) | loss: 2.655835 | lrm: 0.05 | dt: 3942.95ms | tok/sec: 265,937 | bf16_mfu: 47.84 | epoch: 1 | total time: 280.36m | eta: 7.6m
step 04244/04357 (97.41%) | loss: 2.648681 | lrm: 0.05 | dt: 3951.64ms | tok/sec: 265,352 | bf16_mfu: 47.73 | epoch: 1 | total time: 280.43m | eta: 7.5m
step 04245/04357 (97.43%) | loss: 2.660423 | lrm: 0.05 | dt: 3952.55ms | tok/sec: 265,290 | bf16_mfu: 47.72 | epoch: 1 | total time: 280.49m | eta: 7.4m
step 04246/04357 (97.45%) | loss: 2.647801 | lrm: 0.05 | dt: 3954.92ms | tok/sec: 265,132 | bf16_mfu: 47.70 | epoch: 1 | total time: 280.56m | eta: 7.4m
step 04247/04357 (97.48%) | loss: 2.651060 | lrm: 0.05 | dt: 3954.87ms | tok/sec: 265,135 | bf16_mfu: 47.70 | epoch: 1 | total time: 280.62m | eta: 7.3m
step 04248/04357 (97.50%) | loss: 2.644188 | lrm: 0.05 | dt: 3950.42ms | tok/sec: 265,434 | bf16_mfu: 47.75 | epoch: 1 | total time: 280.69m | eta: 7.2m
step 04249/04357 (97.52%) | loss: 2.640289 | lrm: 0.05 | dt: 3958.03ms | tok/sec: 264,923 | bf16_mfu: 47.66 | epoch: 1 | total time: 280.76m | eta: 7.2m
Step 04250 | Validation bpb: 0.793815
step 04250/04357 (97.54%) | loss: 2.621254 | lrm: 0.05 | dt: 3965.03ms | tok/sec: 264,456 | bf16_mfu: 47.57 | epoch: 1 | total time: 280.82m | eta: 7.1m
step 04251/04357 (97.57%) | loss: 2.625749 | lrm: 0.05 | dt: 3945.24ms | tok/sec: 265,782 | bf16_mfu: 47.81 | epoch: 1 | total time: 280.89m | eta: 7.0m
step 04252/04357 (97.59%) | loss: 2.624822 | lrm: 0.05 | dt: 3952.11ms | tok/sec: 265,320 | bf16_mfu: 47.73 | epoch: 1 | total time: 280.95m | eta: 7.0m
step 04253/04357 (97.61%) | loss: 2.633727 | lrm: 0.05 | dt: 3946.39ms | tok/sec: 265,705 | bf16_mfu: 47.80 | epoch: 1 | total time: 281.02m | eta: 6.9m
step 04254/04357 (97.64%) | loss: 2.637910 | lrm: 0.05 | dt: 3956.73ms | tok/sec: 265,010 | bf16_mfu: 47.67 | epoch: 1 | total time: 281.09m | eta: 6.8m
step 04255/04357 (97.66%) | loss: 2.632672 | lrm: 0.05 | dt: 4012.98ms | tok/sec: 261,296 | bf16_mfu: 47.00 | epoch: 1 | total time: 281.15m | eta: 6.8m
step 04256/04357 (97.68%) | loss: 2.609365 | lrm: 0.05 | dt: 3945.17ms | tok/sec: 265,787 | bf16_mfu: 47.81 | epoch: 1 | total time: 281.22m | eta: 6.7m
step 04257/04357 (97.70%) | loss: 2.610108 | lrm: 0.05 | dt: 3949.29ms | tok/sec: 265,509 | bf16_mfu: 47.76 | epoch: 1 | total time: 281.28m | eta: 6.6m
step 04258/04357 (97.73%) | loss: 2.608932 | lrm: 0.05 | dt: 3951.91ms | tok/sec: 265,334 | bf16_mfu: 47.73 | epoch: 1 | total time: 281.35m | eta: 6.6m
step 04259/04357 (97.75%) | loss: 2.606472 | lrm: 0.04 | dt: 3950.14ms | tok/sec: 265,452 | bf16_mfu: 47.75 | epoch: 1 | total time: 281.42m | eta: 6.5m
step 04260/04357 (97.77%) | loss: 2.599407 | lrm: 0.04 | dt: 3947.64ms | tok/sec: 265,620 | bf16_mfu: 47.78 | epoch: 1 | total time: 281.48m | eta: 6.4m
step 04261/04357 (97.80%) | loss: 2.597595 | lrm: 0.04 | dt: 3962.51ms | tok/sec: 264,624 | bf16_mfu: 47.60 | epoch: 1 | total time: 281.55m | eta: 6.4m
step 04262/04357 (97.82%) | loss: 2.592534 | lrm: 0.04 | dt: 3975.92ms | tok/sec: 263,731 | bf16_mfu: 47.44 | epoch: 1 | total time: 281.61m | eta: 6.3m
step 04263/04357 (97.84%) | loss: 2.591133 | lrm: 0.04 | dt: 3955.76ms | tok/sec: 265,075 | bf16_mfu: 47.68 | epoch: 1 | total time: 281.68m | eta: 6.2m
step 04264/04357 (97.87%) | loss: 2.597700 | lrm: 0.04 | dt: 4008.47ms | tok/sec: 261,589 | bf16_mfu: 47.06 | epoch: 1 | total time: 281.75m | eta: 6.2m
step 04265/04357 (97.89%) | loss: 2.600080 | lrm: 0.04 | dt: 3988.61ms | tok/sec: 262,892 | bf16_mfu: 47.29 | epoch: 1 | total time: 281.81m | eta: 6.1m
step 04266/04357 (97.91%) | loss: 2.603656 | lrm: 0.04 | dt: 3984.77ms | tok/sec: 263,146 | bf16_mfu: 47.34 | epoch: 1 | total time: 281.88m | eta: 6.0m
step 04267/04357 (97.93%) | loss: 2.602227 | lrm: 0.04 | dt: 3986.34ms | tok/sec: 263,041 | bf16_mfu: 47.32 | epoch: 1 | total time: 281.95m | eta: 6.0m
step 04268/04357 (97.96%) | loss: 2.587734 | lrm: 0.04 | dt: 3974.22ms | tok/sec: 263,844 | bf16_mfu: 47.46 | epoch: 1 | total time: 282.01m | eta: 5.9m
step 04269/04357 (97.98%) | loss: 2.594819 | lrm: 0.04 | dt: 3953.24ms | tok/sec: 265,244 | bf16_mfu: 47.72 | epoch: 1 | total time: 282.08m | eta: 5.8m
step 04270/04357 (98.00%) | loss: 2.594659 | lrm: 0.04 | dt: 3943.83ms | tok/sec: 265,877 | bf16_mfu: 47.83 | epoch: 1 | total time: 282.14m | eta: 5.8m
step 04271/04357 (98.03%) | loss: 2.597924 | lrm: 0.04 | dt: 3959.94ms | tok/sec: 264,795 | bf16_mfu: 47.63 | epoch: 1 | total time: 282.21m | eta: 5.7m
step 04272/04357 (98.05%) | loss: 2.588243 | lrm: 0.04 | dt: 3951.56ms | tok/sec: 265,357 | bf16_mfu: 47.74 | epoch: 1 | total time: 282.28m | eta: 5.6m
step 04273/04357 (98.07%) | loss: 2.587183 | lrm: 0.04 | dt: 3976.34ms | tok/sec: 263,703 | bf16_mfu: 47.44 | epoch: 1 | total time: 282.34m | eta: 5.6m
step 04274/04357 (98.10%) | loss: 2.598349 | lrm: 0.04 | dt: 3951.30ms | tok/sec: 265,374 | bf16_mfu: 47.74 | epoch: 1 | total time: 282.41m | eta: 5.5m
step 04275/04357 (98.12%) | loss: 2.608787 | lrm: 0.04 | dt: 3967.29ms | tok/sec: 264,305 | bf16_mfu: 47.55 | epoch: 1 | total time: 282.47m | eta: 5.4m
step 04276/04357 (98.14%) | loss: 2.619088 | lrm: 0.04 | dt: 3957.61ms | tok/sec: 264,951 | bf16_mfu: 47.66 | epoch: 1 | total time: 282.54m | eta: 5.4m
step 04277/04357 (98.16%) | loss: 2.630347 | lrm: 0.04 | dt: 3965.53ms | tok/sec: 264,422 | bf16_mfu: 47.57 | epoch: 1 | total time: 282.61m | eta: 5.3m
step 04278/04357 (98.19%) | loss: 2.612964 | lrm: 0.04 | dt: 3986.30ms | tok/sec: 263,044 | bf16_mfu: 47.32 | epoch: 1 | total time: 282.67m | eta: 5.2m
step 04279/04357 (98.21%) | loss: 2.611081 | lrm: 0.04 | dt: 3964.06ms | tok/sec: 264,520 | bf16_mfu: 47.59 | epoch: 1 | total time: 282.74m | eta: 5.2m
step 04280/04357 (98.23%) | loss: 2.604072 | lrm: 0.04 | dt: 3967.89ms | tok/sec: 264,265 | bf16_mfu: 47.54 | epoch: 1 | total time: 282.80m | eta: 5.1m
step 04281/04357 (98.26%) | loss: 2.626240 | lrm: 0.03 | dt: 3954.34ms | tok/sec: 265,170 | bf16_mfu: 47.70 | epoch: 1 | total time: 282.87m | eta: 5.0m
step 04282/04357 (98.28%) | loss: 2.619821 | lrm: 0.03 | dt: 4028.54ms | tok/sec: 260,287 | bf16_mfu: 46.82 | epoch: 1 | total time: 282.94m | eta: 5.0m
step 04283/04357 (98.30%) | loss: 2.605279 | lrm: 0.03 | dt: 3949.05ms | tok/sec: 265,526 | bf16_mfu: 47.77 | epoch: 1 | total time: 283.00m | eta: 4.9m
step 04284/04357 (98.32%) | loss: 2.610744 | lrm: 0.03 | dt: 3945.75ms | tok/sec: 265,748 | bf16_mfu: 47.81 | epoch: 1 | total time: 283.07m | eta: 4.8m
step 04285/04357 (98.35%) | loss: 2.605373 | lrm: 0.03 | dt: 3957.47ms | tok/sec: 264,960 | bf16_mfu: 47.66 | epoch: 1 | total time: 283.13m | eta: 4.8m
step 04286/04357 (98.37%) | loss: 2.600473 | lrm: 0.03 | dt: 3943.18ms | tok/sec: 265,921 | bf16_mfu: 47.84 | epoch: 1 | total time: 283.20m | eta: 4.7m
step 04287/04357 (98.39%) | loss: 2.603927 | lrm: 0.03 | dt: 3968.89ms | tok/sec: 264,198 | bf16_mfu: 47.53 | epoch: 1 | total time: 283.27m | eta: 4.6m
step 04288/04357 (98.42%) | loss: 2.607810 | lrm: 0.03 | dt: 4000.34ms | tok/sec: 262,121 | bf16_mfu: 47.15 | epoch: 1 | total time: 283.33m | eta: 4.6m
step 04289/04357 (98.44%) | loss: 2.610349 | lrm: 0.03 | dt: 4015.95ms | tok/sec: 261,103 | bf16_mfu: 46.97 | epoch: 1 | total time: 283.40m | eta: 4.5m
step 04290/04357 (98.46%) | loss: 2.619844 | lrm: 0.03 | dt: 3959.49ms | tok/sec: 264,826 | bf16_mfu: 47.64 | epoch: 1 | total time: 283.47m | eta: 4.4m
step 04291/04357 (98.49%) | loss: 2.611887 | lrm: 0.03 | dt: 3951.50ms | tok/sec: 265,361 | bf16_mfu: 47.74 | epoch: 1 | total time: 283.53m | eta: 4.4m
step 04292/04357 (98.51%) | loss: 2.609430 | lrm: 0.03 | dt: 3957.89ms | tok/sec: 264,932 | bf16_mfu: 47.66 | epoch: 1 | total time: 283.60m | eta: 4.3m
step 04293/04357 (98.53%) | loss: 2.601383 | lrm: 0.03 | dt: 3944.48ms | tok/sec: 265,833 | bf16_mfu: 47.82 | epoch: 1 | total time: 283.66m | eta: 4.2m
step 04294/04357 (98.55%) | loss: 2.615256 | lrm: 0.03 | dt: 3952.25ms | tok/sec: 265,311 | bf16_mfu: 47.73 | epoch: 1 | total time: 283.73m | eta: 4.2m
step 04295/04357 (98.58%) | loss: 2.610333 | lrm: 0.03 | dt: 3960.97ms | tok/sec: 264,727 | bf16_mfu: 47.62 | epoch: 1 | total time: 283.80m | eta: 4.1m
step 04296/04357 (98.60%) | loss: 2.611244 | lrm: 0.03 | dt: 3936.85ms | tok/sec: 266,348 | bf16_mfu: 47.91 | epoch: 1 | total time: 283.86m | eta: 4.0m
step 04297/04357 (98.62%) | loss: 2.606547 | lrm: 0.03 | dt: 3987.37ms | tok/sec: 262,974 | bf16_mfu: 47.31 | epoch: 1 | total time: 283.93m | eta: 4.0m
step 04298/04357 (98.65%) | loss: 2.599452 | lrm: 0.03 | dt: 4011.84ms | tok/sec: 261,370 | bf16_mfu: 47.02 | epoch: 1 | total time: 283.99m | eta: 3.9m
step 04299/04357 (98.67%) | loss: 2.603033 | lrm: 0.03 | dt: 3942.79ms | tok/sec: 265,947 | bf16_mfu: 47.84 | epoch: 1 | total time: 284.06m | eta: 3.8m
step 04300/04357 (98.69%) | loss: 2.609771 | lrm: 0.03 | dt: 3959.53ms | tok/sec: 264,823 | bf16_mfu: 47.64 | epoch: 1 | total time: 284.13m | eta: 3.8m
step 04301/04357 (98.71%) | loss: 2.570546 | lrm: 0.03 | dt: 3960.52ms | tok/sec: 264,757 | bf16_mfu: 47.63 | epoch: 1 | total time: 284.19m | eta: 3.7m
step 04302/04357 (98.74%) | loss: 2.565467 | lrm: 0.03 | dt: 3967.53ms | tok/sec: 264,289 | bf16_mfu: 47.54 | epoch: 1 | total time: 284.26m | eta: 3.6m
step 04303/04357 (98.76%) | loss: 2.560547 | lrm: 0.02 | dt: 3951.27ms | tok/sec: 265,377 | bf16_mfu: 47.74 | epoch: 1 | total time: 284.32m | eta: 3.6m
step 04304/04357 (98.78%) | loss: 2.562269 | lrm: 0.02 | dt: 3948.18ms | tok/sec: 265,584 | bf16_mfu: 47.78 | epoch: 1 | total time: 284.39m | eta: 3.5m
step 04305/04357 (98.81%) | loss: 2.562050 | lrm: 0.02 | dt: 3967.93ms | tok/sec: 264,262 | bf16_mfu: 47.54 | epoch: 1 | total time: 284.46m | eta: 3.4m
step 04306/04357 (98.83%) | loss: 2.551202 | lrm: 0.02 | dt: 3950.99ms | tok/sec: 265,395 | bf16_mfu: 47.74 | epoch: 1 | total time: 284.52m | eta: 3.4m
step 04307/04357 (98.85%) | loss: 2.561100 | lrm: 0.02 | dt: 3952.50ms | tok/sec: 265,294 | bf16_mfu: 47.72 | epoch: 1 | total time: 284.59m | eta: 3.3m
step 04308/04357 (98.88%) | loss: 2.576290 | lrm: 0.02 | dt: 3967.07ms | tok/sec: 264,320 | bf16_mfu: 47.55 | epoch: 1 | total time: 284.65m | eta: 3.2m
step 04309/04357 (98.90%) | loss: 2.576226 | lrm: 0.02 | dt: 3940.01ms | tok/sec: 266,135 | bf16_mfu: 47.88 | epoch: 1 | total time: 284.72m | eta: 3.2m
step 04310/04357 (98.92%) | loss: 2.583991 | lrm: 0.02 | dt: 3950.07ms | tok/sec: 265,457 | bf16_mfu: 47.75 | epoch: 1 | total time: 284.79m | eta: 3.1m
step 04311/04357 (98.94%) | loss: 2.584379 | lrm: 0.02 | dt: 3958.04ms | tok/sec: 264,922 | bf16_mfu: 47.66 | epoch: 1 | total time: 284.85m | eta: 3.0m
step 04312/04357 (98.97%) | loss: 2.601218 | lrm: 0.02 | dt: 3948.50ms | tok/sec: 265,562 | bf16_mfu: 47.77 | epoch: 1 | total time: 284.92m | eta: 3.0m
step 04313/04357 (98.99%) | loss: 2.592469 | lrm: 0.02 | dt: 3941.38ms | tok/sec: 266,043 | bf16_mfu: 47.86 | epoch: 1 | total time: 284.98m | eta: 2.9m
step 04314/04357 (99.01%) | loss: 2.588463 | lrm: 0.02 | dt: 3951.30ms | tok/sec: 265,374 | bf16_mfu: 47.74 | epoch: 1 | total time: 285.05m | eta: 2.8m
step 04315/04357 (99.04%) | loss: 2.588653 | lrm: 0.02 | dt: 3951.49ms | tok/sec: 265,362 | bf16_mfu: 47.74 | epoch: 1 | total time: 285.11m | eta: 2.8m
step 04316/04357 (99.06%) | loss: 2.606190 | lrm: 0.02 | dt: 3955.08ms | tok/sec: 265,121 | bf16_mfu: 47.69 | epoch: 1 | total time: 285.18m | eta: 2.7m
step 04317/04357 (99.08%) | loss: 2.609883 | lrm: 0.02 | dt: 3985.65ms | tok/sec: 263,087 | bf16_mfu: 47.33 | epoch: 1 | total time: 285.25m | eta: 2.6m
step 04318/04357 (99.10%) | loss: 2.605166 | lrm: 0.02 | dt: 3998.41ms | tok/sec: 262,247 | bf16_mfu: 47.18 | epoch: 1 | total time: 285.31m | eta: 2.6m
step 04319/04357 (99.13%) | loss: 2.604339 | lrm: 0.02 | dt: 3999.17ms | tok/sec: 262,198 | bf16_mfu: 47.17 | epoch: 1 | total time: 285.38m | eta: 2.5m
step 04320/04357 (99.15%) | loss: 2.603776 | lrm: 0.02 | dt: 3969.40ms | tok/sec: 264,165 | bf16_mfu: 47.52 | epoch: 1 | total time: 285.45m | eta: 2.5m
step 04321/04357 (99.17%) | loss: 2.598399 | lrm: 0.02 | dt: 3946.98ms | tok/sec: 265,665 | bf16_mfu: 47.79 | epoch: 1 | total time: 285.51m | eta: 2.4m
step 04322/04357 (99.20%) | loss: 2.590473 | lrm: 0.02 | dt: 3945.36ms | tok/sec: 265,774 | bf16_mfu: 47.81 | epoch: 1 | total time: 285.58m | eta: 2.3m
step 04323/04357 (99.22%) | loss: 2.591656 | lrm: 0.02 | dt: 3974.97ms | tok/sec: 263,794 | bf16_mfu: 47.45 | epoch: 1 | total time: 285.64m | eta: 2.3m
step 04324/04357 (99.24%) | loss: 2.597693 | lrm: 0.02 | dt: 3998.00ms | tok/sec: 262,275 | bf16_mfu: 47.18 | epoch: 1 | total time: 285.71m | eta: 2.2m
step 04325/04357 (99.27%) | loss: 2.599049 | lrm: 0.01 | dt: 3949.99ms | tok/sec: 265,462 | bf16_mfu: 47.75 | epoch: 1 | total time: 285.78m | eta: 2.1m
step 04326/04357 (99.29%) | loss: 2.605130 | lrm: 0.01 | dt: 3948.19ms | tok/sec: 265,584 | bf16_mfu: 47.78 | epoch: 1 | total time: 285.84m | eta: 2.1m
step 04327/04357 (99.31%) | loss: 2.615891 | lrm: 0.01 | dt: 3958.29ms | tok/sec: 264,906 | bf16_mfu: 47.65 | epoch: 1 | total time: 285.91m | eta: 2.0m
step 04328/04357 (99.33%) | loss: 2.616714 | lrm: 0.01 | dt: 4000.48ms | tok/sec: 262,112 | bf16_mfu: 47.15 | epoch: 1 | total time: 285.98m | eta: 1.9m
step 04329/04357 (99.36%) | loss: 2.599495 | lrm: 0.01 | dt: 3949.03ms | tok/sec: 265,527 | bf16_mfu: 47.77 | epoch: 1 | total time: 286.04m | eta: 1.9m
step 04330/04357 (99.38%) | loss: 2.594435 | lrm: 0.01 | dt: 3949.47ms | tok/sec: 265,497 | bf16_mfu: 47.76 | epoch: 1 | total time: 286.11m | eta: 1.8m
step 04331/04357 (99.40%) | loss: 2.590294 | lrm: 0.01 | dt: 3952.41ms | tok/sec: 265,300 | bf16_mfu: 47.73 | epoch: 1 | total time: 286.17m | eta: 1.7m
step 04332/04357 (99.43%) | loss: 2.601158 | lrm: 0.01 | dt: 3947.55ms | tok/sec: 265,626 | bf16_mfu: 47.78 | epoch: 1 | total time: 286.24m | eta: 1.7m
step 04333/04357 (99.45%) | loss: 2.602275 | lrm: 0.01 | dt: 3980.77ms | tok/sec: 263,410 | bf16_mfu: 47.39 | epoch: 1 | total time: 286.30m | eta: 1.6m
step 04334/04357 (99.47%) | loss: 2.605559 | lrm: 0.01 | dt: 3953.78ms | tok/sec: 265,208 | bf16_mfu: 47.71 | epoch: 1 | total time: 286.37m | eta: 1.5m
step 04335/04357 (99.50%) | loss: 2.602294 | lrm: 0.01 | dt: 3949.95ms | tok/sec: 265,465 | bf16_mfu: 47.76 | epoch: 1 | total time: 286.44m | eta: 1.5m
step 04336/04357 (99.52%) | loss: 2.607976 | lrm: 0.01 | dt: 3956.13ms | tok/sec: 265,051 | bf16_mfu: 47.68 | epoch: 1 | total time: 286.50m | eta: 1.4m
step 04337/04357 (99.54%) | loss: 2.620708 | lrm: 0.01 | dt: 3952.42ms | tok/sec: 265,300 | bf16_mfu: 47.73 | epoch: 1 | total time: 286.57m | eta: 1.3m
step 04338/04357 (99.56%) | loss: 2.616964 | lrm: 0.01 | dt: 3950.54ms | tok/sec: 265,425 | bf16_mfu: 47.75 | epoch: 1 | total time: 286.63m | eta: 1.3m
step 04339/04357 (99.59%) | loss: 2.610423 | lrm: 0.01 | dt: 3954.29ms | tok/sec: 265,174 | bf16_mfu: 47.70 | epoch: 1 | total time: 286.70m | eta: 1.2m
step 04340/04357 (99.61%) | loss: 2.617651 | lrm: 0.01 | dt: 3947.02ms | tok/sec: 265,662 | bf16_mfu: 47.79 | epoch: 1 | total time: 286.77m | eta: 1.1m
step 04341/04357 (99.63%) | loss: 2.627366 | lrm: 0.01 | dt: 3957.95ms | tok/sec: 264,929 | bf16_mfu: 47.66 | epoch: 1 | total time: 286.83m | eta: 1.1m
step 04342/04357 (99.66%) | loss: 2.624065 | lrm: 0.01 | dt: 3955.18ms | tok/sec: 265,114 | bf16_mfu: 47.69 | epoch: 1 | total time: 286.90m | eta: 1.0m
step 04343/04357 (99.68%) | loss: 2.620016 | lrm: 0.01 | dt: 3975.61ms | tok/sec: 263,752 | bf16_mfu: 47.45 | epoch: 1 | total time: 286.96m | eta: 0.9m
step 04344/04357 (99.70%) | loss: 2.630992 | lrm: 0.01 | dt: 3966.29ms | tok/sec: 264,372 | bf16_mfu: 47.56 | epoch: 1 | total time: 287.03m | eta: 0.9m
step 04345/04357 (99.72%) | loss: 2.641234 | lrm: 0.01 | dt: 3959.17ms | tok/sec: 264,847 | bf16_mfu: 47.64 | epoch: 1 | total time: 287.10m | eta: 0.8m
step 04346/04357 (99.75%) | loss: 2.638022 | lrm: 0.01 | dt: 3969.53ms | tok/sec: 264,155 | bf16_mfu: 47.52 | epoch: 1 | total time: 287.16m | eta: 0.7m
step 04347/04357 (99.77%) | loss: 2.620112 | lrm: 0.00 | dt: 3994.06ms | tok/sec: 262,533 | bf16_mfu: 47.23 | epoch: 1 | total time: 287.23m | eta: 0.7m
step 04348/04357 (99.79%) | loss: 2.617194 | lrm: 0.00 | dt: 3976.06ms | tok/sec: 263,722 | bf16_mfu: 47.44 | epoch: 1 | total time: 287.30m | eta: 0.6m
step 04349/04357 (99.82%) | loss: 2.626754 | lrm: 0.00 | dt: 3996.70ms | tok/sec: 262,360 | bf16_mfu: 47.20 | epoch: 1 | total time: 287.36m | eta: 0.5m
step 04350/04357 (99.84%) | loss: 2.627652 | lrm: 0.00 | dt: 3951.39ms | tok/sec: 265,368 | bf16_mfu: 47.74 | epoch: 1 | total time: 287.43m | eta: 0.5m
step 04351/04357 (99.86%) | loss: 2.627871 | lrm: 0.00 | dt: 3954.47ms | tok/sec: 265,162 | bf16_mfu: 47.70 | epoch: 1 | total time: 287.49m | eta: 0.4m
step 04352/04357 (99.89%) | loss: 2.631951 | lrm: 0.00 | dt: 3951.09ms | tok/sec: 265,388 | bf16_mfu: 47.74 | epoch: 1 | total time: 287.56m | eta: 0.3m
step 04353/04357 (99.91%) | loss: 2.626370 | lrm: 0.00 | dt: 3989.87ms | tok/sec: 262,809 | bf16_mfu: 47.28 | epoch: 1 | total time: 287.63m | eta: 0.3m
step 04354/04357 (99.93%) | loss: 2.609342 | lrm: 0.00 | dt: 3997.57ms | tok/sec: 262,303 | bf16_mfu: 47.19 | epoch: 1 | total time: 287.69m | eta: 0.2m
step 04355/04357 (99.95%) | loss: 2.598946 | lrm: 0.00 | dt: 3972.86ms | tok/sec: 263,934 | bf16_mfu: 47.48 | epoch: 1 | total time: 287.76m | eta: 0.1m
step 04356/04357 (99.98%) | loss: 2.595428 | lrm: 0.00 | dt: 3957.26ms | tok/sec: 264,975 | bf16_mfu: 47.67 | epoch: 1 | total time: 287.82m | eta: 0.1m
Step 04357 | Validation bpb: 0.792941
Evaluating: hellaswag_zeroshot (0-shot, type: multiple_choice)... accuracy: 0.4600 | centered: 0.2800 | time: 3.51s
Evaluating: jeopardy (10-shot, type: language_modeling)... accuracy: 0.1040 | centered: 0.1040 | time: 3.48s
Evaluating: bigbench_qa_wikidata (10-shot, type: language_modeling)... accuracy: 0.4880 | centered: 0.4880 | time: 3.43s
Evaluating: arc_easy (10-shot, type: multiple_choice)... accuracy: 0.6420 | centered: 0.5227 | time: 3.80s
Evaluating: arc_challenge (10-shot, type: multiple_choice)... accuracy: 0.3480 | centered: 0.1307 | time: 3.86s
Evaluating: copa (0-shot, type: multiple_choice)... accuracy: 0.6600 | centered: 0.3200 | time: 0.67s
Evaluating: commonsense_qa (10-shot, type: multiple_choice)... accuracy: 0.2660 | centered: 0.0825 | time: 3.93s
Evaluating: piqa (10-shot, type: multiple_choice)... accuracy: 0.7140 | centered: 0.4280 | time: 3.59s
Evaluating: openbook_qa (0-shot, type: multiple_choice)... accuracy: 0.3660 | centered: 0.1547 | time: 3.34s
Evaluating: lambada_openai (0-shot, type: language_modeling)... accuracy: 0.3840 | centered: 0.3840 | time: 3.38s
Evaluating: hellaswag (10-shot, type: multiple_choice)... accuracy: 0.4540 | centered: 0.2720 | time: 5.81s
Evaluating: winograd (0-shot, type: schema)... accuracy: 0.6667 | centered: 0.3333 | time: 1.79s
Evaluating: winogrande (0-shot, type: schema)... accuracy: 0.5440 | centered: 0.0880 | time: 3.28s
Evaluating: bigbench_dyck_languages (10-shot, type: language_modeling)... accuracy: 0.0860 | centered: 0.0860 | time: 3.59s
Evaluating: agi_eval_lsat_ar (3-shot, type: multiple_choice)... accuracy: 0.2652 | centered: 0.0815 | time: 2.51s
Evaluating: bigbench_cs_algorithms (10-shot, type: language_modeling)... accuracy: 0.4360 | centered: 0.4360 | time: 3.51s
Evaluating: bigbench_operators (10-shot, type: language_modeling)... accuracy: 0.1429 | centered: 0.1429 | time: 1.47s
Evaluating: bigbench_repeat_copy_logic (10-shot, type: language_modeling)... accuracy: 0.0312 | centered: 0.0312 | time: 0.23s
Evaluating: squad (10-shot, type: language_modeling)... accuracy: 0.3180 | centered: 0.3180 | time: 4.39s
Evaluating: coqa (0-shot, type: language_modeling)... accuracy: 0.2060 | centered: 0.2060 | time: 3.56s
Evaluating: boolq (10-shot, type: multiple_choice)... accuracy: 0.5040 | centered: -0.3053 | time: 5.31s
Evaluating: bigbench_language_identification (10-shot, type: multiple_choice)... accuracy: 0.2440 | centered: 0.1683 | time: 9.14s
Step 04357 | CORE metric: 0.2160
<|bos|>The capital of France is Paris, which is the largest city in France. It is the capital of France
<|bos|>The chemical symbol of gold is Au. It is a soft, malleable, ductile metal. It
<|bos|>If yesterday was Friday, then tomorrow will be Saturday. If today was Saturday, then tomorrow will be Sunday. If today was
Peak memory usage: 42625.36MiB
Total training time: 287.82m
Minimum validation bpb: 0.792941
========================================
Subspace Momentum baseline completed at: Tue Mar 10 21:48:51 EDT 2026
========================================
