========================================
Job ID: 504214
Node: andreas-h100-1
GPUs: 2
Config: Trace Norm - Option 5 (Spectral Sharpen)
Start Time: Tue Mar 10 03:06:00 PM EDT 2026
========================================
Tue Mar 10 15:06:00 2026       
+-----------------------------------------------------------------------------------------+
| NVIDIA-SMI 575.57.08              Driver Version: 575.57.08      CUDA Version: 12.9     |
|-----------------------------------------+------------------------+----------------------+
| GPU  Name                 Persistence-M | Bus-Id          Disp.A | Volatile Uncorr. ECC |
| Fan  Temp   Perf          Pwr:Usage/Cap |           Memory-Usage | GPU-Util  Compute M. |
|                                         |                        |               MIG M. |
|=========================================+========================+======================|
|   0  NVIDIA H100 NVL                On  |   00000000:01:00.0 Off |                    0 |
| N/A   40C    P0             64W /  400W |       0MiB /  95830MiB |      0%      Default |
|                                         |                        |             Disabled |
+-----------------------------------------+------------------------+----------------------+
|   1  NVIDIA H100 NVL                On  |   00000000:E1:00.0 Off |                    0 |
| N/A   42C    P0             65W /  400W |       0MiB /  95830MiB |      0%      Default |
|                                         |                        |             Disabled |
+-----------------------------------------+------------------------+----------------------+
                                                                                         
+-----------------------------------------------------------------------------------------+
| Processes:                                                                              |
|  GPU   GI   CI              PID   Type   Process name                        GPU Memory |
|        ID   ID                                                               Usage      |
|=========================================================================================|
|  No running processes found                                                             |
+-----------------------------------------------------------------------------------------+

                                                       █████                █████
                                                      ░░███                ░░███
     ████████    ██████   ████████    ██████   ██████  ░███████    ██████  ███████
    ░░███░░███  ░░░░░███ ░░███░░███  ███░░███ ███░░███ ░███░░███  ░░░░░███░░░███░
     ░███ ░███   ███████  ░███ ░███ ░███ ░███░███ ░░░  ░███ ░███   ███████  ░███
     ░███ ░███  ███░░███  ░███ ░███ ░███ ░███░███  ███ ░███ ░███  ███░░███  ░███ ███
     ████ █████░░████████ ████ █████░░██████ ░░██████  ████ █████░░███████  ░░█████
    ░░░░ ░░░░░  ░░░░░░░░ ░░░░ ░░░░░  ░░░░░░   ░░░░░░  ░░░░ ░░░░░  ░░░░░░░░   ░░░░░
    Newton-Schulz mode: baseline (5 iterations, 15 matmuls)

Newton-Schulz mode: baseline (5 iterations, 15 matmuls)
Autodetected device type: cuda
GPU: NVIDIA H100 NVL | Peak FLOPS (BF16): 8.35e+14
Using Flash Attention 3 (Hopper GPU detected)
Vocab size: 32,768
Model config:
{
  "sequence_len": 2048,
  "vocab_size": 32768,
  "n_layer": 20,
  "n_head": 10,
  "n_kv_head": 10,
  "n_embd": 1280,
  "window_pattern": "SSSL"
}
FP8 training enabled (tensorwise scaling) - converted 121 layers
[Option 5] Spectral sharpening (K=50, alpha=1.05): 80 layers
SV entropy tracking layers: ['transformer.h.0.attn.c_q.weight', 'transformer.h.0.mlp.c_fc.weight', 'transformer.h.10.attn.c_q.weight', 'transformer.h.10.mlp.c_fc.weight', 'transformer.h.19.attn.c_q.weight', 'transformer.h.19.mlp.c_fc.weight']
Parameter counts:
wte                     : 41,943,040
value_embeds            : 419,430,400
lm_head                 : 41,943,040
transformer_matrices    : 393,219,200
scalars                 : 40
total                   : 896,535,720
Estimated FLOPs per token: 3.004189e+09
Auto-computed optimal batch size: 1,048,576 tokens
Scaling LRs by 1.4142 for batch size 1,048,576 (reference: 524,288)
Scaling weight decay from 0.200000 to 0.071563 for depth 20
Scaling the LR for the AdamW parameters ∝1/√(1280/768) = 0.774597
Calculated number of iterations from target data:param ratio: 4,357
Total number of training tokens: 4,568,645,632
Tokens : Scaling params ratio: 10.50
Total training FLOPs estimate: 1.372508e+19
Total batch size 1,048,576 => gradient accumulation steps: 16
Logging initial spectral stats (step 0)...
Logged initial spectral stats for 130 layers, entropy for 6 layers
Step 00000 | Validation bpb: 3.172610
step 00000/04357 (0.00%) | loss: 10.398407 | lrm: 1.00 | dt: 40202.53ms | tok/sec: 26,082 | bf16_mfu: 4.69 | epoch: 1 | total time: 0.00m
step 00001/04357 (0.02%) | loss: 10.891294 | lrm: 1.00 | dt: 3883.85ms | tok/sec: 269,983 | bf16_mfu: 48.57 | epoch: 1 | total time: 0.00m
step 00002/04357 (0.05%) | loss: 10.772454 | lrm: 1.00 | dt: 3901.52ms | tok/sec: 268,761 | bf16_mfu: 48.35 | epoch: 1 | total time: 0.00m
step 00003/04357 (0.07%) | loss: 10.244754 | lrm: 1.00 | dt: 3924.41ms | tok/sec: 267,193 | bf16_mfu: 48.07 | epoch: 1 | total time: 0.00m
step 00004/04357 (0.09%) | loss: 9.604254 | lrm: 1.00 | dt: 3943.90ms | tok/sec: 265,873 | bf16_mfu: 47.83 | epoch: 1 | total time: 0.00m
step 00005/04357 (0.11%) | loss: 9.065847 | lrm: 1.00 | dt: 3958.62ms | tok/sec: 264,884 | bf16_mfu: 47.65 | epoch: 1 | total time: 0.00m
step 00006/04357 (0.14%) | loss: 8.654376 | lrm: 1.00 | dt: 3978.83ms | tok/sec: 263,538 | bf16_mfu: 47.41 | epoch: 1 | total time: 0.00m
step 00007/04357 (0.16%) | loss: 8.309764 | lrm: 1.00 | dt: 4004.54ms | tok/sec: 261,846 | bf16_mfu: 47.10 | epoch: 1 | total time: 0.00m
step 00008/04357 (0.18%) | loss: 8.034572 | lrm: 1.00 | dt: 4015.30ms | tok/sec: 261,145 | bf16_mfu: 46.98 | epoch: 1 | total time: 0.00m
step 00009/04357 (0.21%) | loss: 7.795608 | lrm: 1.00 | dt: 4031.47ms | tok/sec: 260,097 | bf16_mfu: 46.79 | epoch: 1 | total time: 0.00m
step 00010/04357 (0.23%) | loss: 7.579371 | lrm: 1.00 | dt: 4043.65ms | tok/sec: 259,314 | bf16_mfu: 46.65 | epoch: 1 | total time: 0.00m
step 00011/04357 (0.25%) | loss: 7.399417 | lrm: 1.00 | dt: 4053.02ms | tok/sec: 258,714 | bf16_mfu: 46.54 | epoch: 1 | total time: 0.07m | eta: 293.6m
step 00012/04357 (0.28%) | loss: 7.230929 | lrm: 1.00 | dt: 4057.73ms | tok/sec: 258,414 | bf16_mfu: 46.49 | epoch: 1 | total time: 0.14m | eta: 293.7m
step 00013/04357 (0.30%) | loss: 7.085021 | lrm: 1.00 | dt: 4062.51ms | tok/sec: 258,110 | bf16_mfu: 46.43 | epoch: 1 | total time: 0.20m | eta: 293.8m
step 00014/04357 (0.32%) | loss: 6.970002 | lrm: 1.00 | dt: 4069.03ms | tok/sec: 257,697 | bf16_mfu: 46.36 | epoch: 1 | total time: 0.27m | eta: 293.9m
step 00015/04357 (0.34%) | loss: 6.853645 | lrm: 1.00 | dt: 4082.44ms | tok/sec: 256,850 | bf16_mfu: 46.21 | epoch: 1 | total time: 0.34m | eta: 294.2m
step 00016/04357 (0.37%) | loss: 6.766576 | lrm: 1.00 | dt: 4070.39ms | tok/sec: 257,610 | bf16_mfu: 46.34 | epoch: 1 | total time: 0.41m | eta: 294.2m
step 00017/04357 (0.39%) | loss: 6.675492 | lrm: 1.00 | dt: 4079.08ms | tok/sec: 257,061 | bf16_mfu: 46.24 | epoch: 1 | total time: 0.47m | eta: 294.2m
step 00018/04357 (0.41%) | loss: 6.584104 | lrm: 1.00 | dt: 4096.08ms | tok/sec: 255,995 | bf16_mfu: 46.05 | epoch: 1 | total time: 0.54m | eta: 294.4m
step 00019/04357 (0.44%) | loss: 6.513032 | lrm: 1.00 | dt: 4092.67ms | tok/sec: 256,208 | bf16_mfu: 46.09 | epoch: 1 | total time: 0.61m | eta: 294.5m
step 00020/04357 (0.46%) | loss: 6.441128 | lrm: 1.00 | dt: 4094.17ms | tok/sec: 256,114 | bf16_mfu: 46.07 | epoch: 1 | total time: 0.68m | eta: 294.6m
step 00021/04357 (0.48%) | loss: 6.381916 | lrm: 1.00 | dt: 4094.89ms | tok/sec: 256,069 | bf16_mfu: 46.06 | epoch: 1 | total time: 0.75m | eta: 294.7m
step 00022/04357 (0.50%) | loss: 6.333266 | lrm: 1.00 | dt: 4100.35ms | tok/sec: 255,728 | bf16_mfu: 46.00 | epoch: 1 | total time: 0.82m | eta: 294.7m
step 00023/04357 (0.53%) | loss: 6.285287 | lrm: 1.00 | dt: 4108.14ms | tok/sec: 255,243 | bf16_mfu: 45.92 | epoch: 1 | total time: 0.88m | eta: 294.8m
step 00024/04357 (0.55%) | loss: 6.226666 | lrm: 1.00 | dt: 4102.07ms | tok/sec: 255,621 | bf16_mfu: 45.98 | epoch: 1 | total time: 0.95m | eta: 294.9m
step 00025/04357 (0.57%) | loss: 6.190689 | lrm: 1.00 | dt: 4103.54ms | tok/sec: 255,529 | bf16_mfu: 45.97 | epoch: 1 | total time: 1.02m | eta: 294.9m
step 00026/04357 (0.60%) | loss: 6.153400 | lrm: 1.00 | dt: 4113.04ms | tok/sec: 254,939 | bf16_mfu: 45.86 | epoch: 1 | total time: 1.09m | eta: 295.0m
step 00027/04357 (0.62%) | loss: 6.121914 | lrm: 1.00 | dt: 4105.30ms | tok/sec: 255,420 | bf16_mfu: 45.95 | epoch: 1 | total time: 1.16m | eta: 295.0m
step 00028/04357 (0.64%) | loss: 6.090036 | lrm: 1.00 | dt: 4097.15ms | tok/sec: 255,928 | bf16_mfu: 46.04 | epoch: 1 | total time: 1.23m | eta: 294.9m
step 00029/04357 (0.67%) | loss: 6.066654 | lrm: 1.00 | dt: 4103.49ms | tok/sec: 255,532 | bf16_mfu: 45.97 | epoch: 1 | total time: 1.29m | eta: 294.9m
step 00030/04357 (0.69%) | loss: 6.046475 | lrm: 1.00 | dt: 4113.73ms | tok/sec: 254,896 | bf16_mfu: 45.85 | epoch: 1 | total time: 1.36m | eta: 295.0m
step 00031/04357 (0.71%) | loss: 6.023225 | lrm: 1.00 | dt: 4105.59ms | tok/sec: 255,402 | bf16_mfu: 45.94 | epoch: 1 | total time: 1.43m | eta: 294.9m
step 00032/04357 (0.73%) | loss: 6.006465 | lrm: 1.00 | dt: 4111.86ms | tok/sec: 255,012 | bf16_mfu: 45.87 | epoch: 1 | total time: 1.50m | eta: 294.9m
step 00033/04357 (0.76%) | loss: 5.983191 | lrm: 1.00 | dt: 4116.72ms | tok/sec: 254,711 | bf16_mfu: 45.82 | epoch: 1 | total time: 1.57m | eta: 294.9m
step 00034/04357 (0.78%) | loss: 5.949733 | lrm: 1.00 | dt: 4105.71ms | tok/sec: 255,394 | bf16_mfu: 45.94 | epoch: 1 | total time: 1.64m | eta: 294.9m
step 00035/04357 (0.80%) | loss: 5.936237 | lrm: 1.00 | dt: 4119.95ms | tok/sec: 254,511 | bf16_mfu: 45.78 | epoch: 1 | total time: 1.71m | eta: 294.9m
step 00036/04357 (0.83%) | loss: 5.921074 | lrm: 1.00 | dt: 4113.51ms | tok/sec: 254,910 | bf16_mfu: 45.86 | epoch: 1 | total time: 1.77m | eta: 294.9m
step 00037/04357 (0.85%) | loss: 5.895756 | lrm: 1.00 | dt: 4113.13ms | tok/sec: 254,933 | bf16_mfu: 45.86 | epoch: 1 | total time: 1.84m | eta: 294.9m
step 00038/04357 (0.87%) | loss: 5.875634 | lrm: 1.00 | dt: 4115.56ms | tok/sec: 254,783 | bf16_mfu: 45.83 | epoch: 1 | total time: 1.91m | eta: 294.9m
step 00039/04357 (0.90%) | loss: 5.856887 | lrm: 1.00 | dt: 4120.74ms | tok/sec: 254,463 | bf16_mfu: 45.78 | epoch: 1 | total time: 1.98m | eta: 294.9m
step 00040/04357 (0.92%) | loss: 5.834990 | lrm: 1.00 | dt: 4116.99ms | tok/sec: 254,694 | bf16_mfu: 45.82 | epoch: 1 | total time: 2.05m | eta: 294.8m
step 00041/04357 (0.94%) | loss: 5.817945 | lrm: 1.00 | dt: 4106.18ms | tok/sec: 255,365 | bf16_mfu: 45.94 | epoch: 1 | total time: 2.12m | eta: 294.8m
step 00042/04357 (0.96%) | loss: 5.792822 | lrm: 1.00 | dt: 4112.38ms | tok/sec: 254,980 | bf16_mfu: 45.87 | epoch: 1 | total time: 2.19m | eta: 294.8m
step 00043/04357 (0.99%) | loss: 5.773388 | lrm: 1.00 | dt: 4111.96ms | tok/sec: 255,006 | bf16_mfu: 45.87 | epoch: 1 | total time: 2.25m | eta: 294.7m
step 00044/04357 (1.01%) | loss: 5.757525 | lrm: 1.00 | dt: 4118.68ms | tok/sec: 254,590 | bf16_mfu: 45.80 | epoch: 1 | total time: 2.32m | eta: 294.7m
step 00045/04357 (1.03%) | loss: 5.725481 | lrm: 1.00 | dt: 4107.77ms | tok/sec: 255,266 | bf16_mfu: 45.92 | epoch: 1 | total time: 2.39m | eta: 294.6m
step 00046/04357 (1.06%) | loss: 5.714564 | lrm: 1.00 | dt: 4118.75ms | tok/sec: 254,585 | bf16_mfu: 45.80 | epoch: 1 | total time: 2.46m | eta: 294.6m
step 00047/04357 (1.08%) | loss: 5.689961 | lrm: 1.00 | dt: 4111.06ms | tok/sec: 255,062 | bf16_mfu: 45.88 | epoch: 1 | total time: 2.53m | eta: 294.6m
step 00048/04357 (1.10%) | loss: 5.670372 | lrm: 1.00 | dt: 4111.97ms | tok/sec: 255,005 | bf16_mfu: 45.87 | epoch: 1 | total time: 2.60m | eta: 294.5m
step 00049/04357 (1.12%) | loss: 5.644939 | lrm: 1.00 | dt: 4110.35ms | tok/sec: 255,106 | bf16_mfu: 45.89 | epoch: 1 | total time: 2.67m | eta: 294.5m
step 00050/04357 (1.15%) | loss: 5.635403 | lrm: 1.00 | dt: 11341.65ms | tok/sec: 92,453 | bf16_mfu: 16.63 | epoch: 1 | total time: 2.85m | eta: 307.4m
step 00051/04357 (1.17%) | loss: 5.611902 | lrm: 1.00 | dt: 4082.70ms | tok/sec: 256,834 | bf16_mfu: 46.20 | epoch: 1 | total time: 2.92m | eta: 307.0m
step 00052/04357 (1.19%) | loss: 5.591118 | lrm: 1.00 | dt: 4069.71ms | tok/sec: 257,653 | bf16_mfu: 46.35 | epoch: 1 | total time: 2.99m | eta: 306.5m
step 00053/04357 (1.22%) | loss: 5.557809 | lrm: 1.00 | dt: 4072.39ms | tok/sec: 257,483 | bf16_mfu: 46.32 | epoch: 1 | total time: 3.06m | eta: 306.1m
step 00054/04357 (1.24%) | loss: 5.525297 | lrm: 1.00 | dt: 4066.89ms | tok/sec: 257,832 | bf16_mfu: 46.38 | epoch: 1 | total time: 3.13m | eta: 305.7m
step 00055/04357 (1.26%) | loss: 5.509999 | lrm: 1.00 | dt: 4081.98ms | tok/sec: 256,879 | bf16_mfu: 46.21 | epoch: 1 | total time: 3.19m | eta: 305.4m
step 00056/04357 (1.29%) | loss: 5.491802 | lrm: 1.00 | dt: 4088.45ms | tok/sec: 256,472 | bf16_mfu: 46.14 | epoch: 1 | total time: 3.26m | eta: 305.0m
step 00057/04357 (1.31%) | loss: 5.456347 | lrm: 1.00 | dt: 4086.62ms | tok/sec: 256,587 | bf16_mfu: 46.16 | epoch: 1 | total time: 3.33m | eta: 304.7m
step 00058/04357 (1.33%) | loss: 5.432543 | lrm: 1.00 | dt: 4084.91ms | tok/sec: 256,694 | bf16_mfu: 46.18 | epoch: 1 | total time: 3.40m | eta: 304.4m
step 00059/04357 (1.35%) | loss: 5.410944 | lrm: 1.00 | dt: 4103.56ms | tok/sec: 255,528 | bf16_mfu: 45.97 | epoch: 1 | total time: 3.47m | eta: 304.1m
step 00060/04357 (1.38%) | loss: 5.381807 | lrm: 1.00 | dt: 4086.32ms | tok/sec: 256,606 | bf16_mfu: 46.16 | epoch: 1 | total time: 3.54m | eta: 303.8m
step 00061/04357 (1.40%) | loss: 5.366035 | lrm: 1.00 | dt: 4100.41ms | tok/sec: 255,724 | bf16_mfu: 46.00 | epoch: 1 | total time: 3.60m | eta: 303.5m
step 00062/04357 (1.42%) | loss: 5.343791 | lrm: 1.00 | dt: 4098.14ms | tok/sec: 255,866 | bf16_mfu: 46.03 | epoch: 1 | total time: 3.67m | eta: 303.3m
step 00063/04357 (1.45%) | loss: 5.330172 | lrm: 1.00 | dt: 4100.42ms | tok/sec: 255,723 | bf16_mfu: 46.00 | epoch: 1 | total time: 3.74m | eta: 303.0m
step 00064/04357 (1.47%) | loss: 5.309832 | lrm: 1.00 | dt: 4095.33ms | tok/sec: 256,042 | bf16_mfu: 46.06 | epoch: 1 | total time: 3.81m | eta: 302.8m
step 00065/04357 (1.49%) | loss: 5.290878 | lrm: 1.00 | dt: 4096.42ms | tok/sec: 255,973 | bf16_mfu: 46.05 | epoch: 1 | total time: 3.88m | eta: 302.5m
step 00066/04357 (1.51%) | loss: 5.277778 | lrm: 1.00 | dt: 4111.18ms | tok/sec: 255,054 | bf16_mfu: 45.88 | epoch: 1 | total time: 3.95m | eta: 302.3m
step 00067/04357 (1.54%) | loss: 5.254165 | lrm: 1.00 | dt: 4112.36ms | tok/sec: 254,981 | bf16_mfu: 45.87 | epoch: 1 | total time: 4.01m | eta: 302.1m
step 00068/04357 (1.56%) | loss: 5.245486 | lrm: 1.00 | dt: 4114.57ms | tok/sec: 254,844 | bf16_mfu: 45.84 | epoch: 1 | total time: 4.08m | eta: 301.9m
step 00069/04357 (1.58%) | loss: 5.222046 | lrm: 1.00 | dt: 4111.25ms | tok/sec: 255,050 | bf16_mfu: 45.88 | epoch: 1 | total time: 4.15m | eta: 301.7m
step 00070/04357 (1.61%) | loss: 5.212080 | lrm: 1.00 | dt: 4105.92ms | tok/sec: 255,381 | bf16_mfu: 45.94 | epoch: 1 | total time: 4.22m | eta: 301.5m
step 00071/04357 (1.63%) | loss: 5.193169 | lrm: 1.00 | dt: 4102.05ms | tok/sec: 255,622 | bf16_mfu: 45.98 | epoch: 1 | total time: 4.29m | eta: 301.3m
step 00072/04357 (1.65%) | loss: 5.176770 | lrm: 1.00 | dt: 4106.11ms | tok/sec: 255,369 | bf16_mfu: 45.94 | epoch: 1 | total time: 4.36m | eta: 301.1m
step 00073/04357 (1.68%) | loss: 5.164531 | lrm: 1.00 | dt: 4114.28ms | tok/sec: 254,862 | bf16_mfu: 45.85 | epoch: 1 | total time: 4.42m | eta: 300.9m
step 00074/04357 (1.70%) | loss: 5.134642 | lrm: 1.00 | dt: 4110.57ms | tok/sec: 255,092 | bf16_mfu: 45.89 | epoch: 1 | total time: 4.49m | eta: 300.7m
step 00075/04357 (1.72%) | loss: 5.114354 | lrm: 1.00 | dt: 4111.93ms | tok/sec: 255,007 | bf16_mfu: 45.87 | epoch: 1 | total time: 4.56m | eta: 300.5m
step 00076/04357 (1.74%) | loss: 5.096339 | lrm: 1.00 | dt: 4113.85ms | tok/sec: 254,888 | bf16_mfu: 45.85 | epoch: 1 | total time: 4.63m | eta: 300.3m
step 00077/04357 (1.77%) | loss: 5.074596 | lrm: 1.00 | dt: 4114.22ms | tok/sec: 254,866 | bf16_mfu: 45.85 | epoch: 1 | total time: 4.70m | eta: 300.2m
step 00078/04357 (1.79%) | loss: 5.054053 | lrm: 1.00 | dt: 4107.85ms | tok/sec: 255,261 | bf16_mfu: 45.92 | epoch: 1 | total time: 4.77m | eta: 300.0m
step 00079/04357 (1.81%) | loss: 5.029450 | lrm: 1.00 | dt: 4104.03ms | tok/sec: 255,499 | bf16_mfu: 45.96 | epoch: 1 | total time: 4.84m | eta: 299.8m
step 00080/04357 (1.84%) | loss: 5.004689 | lrm: 1.00 | dt: 4105.65ms | tok/sec: 255,398 | bf16_mfu: 45.94 | epoch: 1 | total time: 4.90m | eta: 299.6m
step 00081/04357 (1.86%) | loss: 4.971244 | lrm: 1.00 | dt: 4107.41ms | tok/sec: 255,289 | bf16_mfu: 45.92 | epoch: 1 | total time: 4.97m | eta: 299.5m
step 00082/04357 (1.88%) | loss: 4.956137 | lrm: 1.00 | dt: 4107.11ms | tok/sec: 255,307 | bf16_mfu: 45.93 | epoch: 1 | total time: 5.04m | eta: 299.3m
step 00083/04357 (1.90%) | loss: 4.929831 | lrm: 1.00 | dt: 4098.57ms | tok/sec: 255,839 | bf16_mfu: 46.02 | epoch: 1 | total time: 5.11m | eta: 299.1m
step 00084/04357 (1.93%) | loss: 4.937024 | lrm: 1.00 | dt: 4112.88ms | tok/sec: 254,949 | bf16_mfu: 45.86 | epoch: 1 | total time: 5.18m | eta: 299.0m
step 00085/04357 (1.95%) | loss: 4.922722 | lrm: 1.00 | dt: 4115.55ms | tok/sec: 254,784 | bf16_mfu: 45.83 | epoch: 1 | total time: 5.25m | eta: 298.8m
step 00086/04357 (1.97%) | loss: 4.916475 | lrm: 1.00 | dt: 4106.48ms | tok/sec: 255,346 | bf16_mfu: 45.93 | epoch: 1 | total time: 5.31m | eta: 298.7m
step 00087/04357 (2.00%) | loss: 4.895233 | lrm: 1.00 | dt: 4117.15ms | tok/sec: 254,684 | bf16_mfu: 45.82 | epoch: 1 | total time: 5.38m | eta: 298.5m
step 00088/04357 (2.02%) | loss: 4.885889 | lrm: 1.00 | dt: 4105.57ms | tok/sec: 255,402 | bf16_mfu: 45.94 | epoch: 1 | total time: 5.45m | eta: 298.4m
step 00089/04357 (2.04%) | loss: 4.881742 | lrm: 1.00 | dt: 4098.92ms | tok/sec: 255,817 | bf16_mfu: 46.02 | epoch: 1 | total time: 5.52m | eta: 298.2m
step 00090/04357 (2.07%) | loss: 4.864773 | lrm: 1.00 | dt: 4105.05ms | tok/sec: 255,435 | bf16_mfu: 45.95 | epoch: 1 | total time: 5.59m | eta: 298.1m
step 00091/04357 (2.09%) | loss: 4.844028 | lrm: 1.00 | dt: 4071.07ms | tok/sec: 257,567 | bf16_mfu: 46.33 | epoch: 1 | total time: 5.66m | eta: 297.9m
step 00092/04357 (2.11%) | loss: 4.809538 | lrm: 1.00 | dt: 4108.11ms | tok/sec: 255,245 | bf16_mfu: 45.92 | epoch: 1 | total time: 5.73m | eta: 297.8m
step 00093/04357 (2.13%) | loss: 4.792425 | lrm: 1.00 | dt: 4112.85ms | tok/sec: 254,950 | bf16_mfu: 45.86 | epoch: 1 | total time: 5.79m | eta: 297.6m
step 00094/04357 (2.16%) | loss: 4.770463 | lrm: 1.00 | dt: 4107.67ms | tok/sec: 255,272 | bf16_mfu: 45.92 | epoch: 1 | total time: 5.86m | eta: 297.5m
step 00095/04357 (2.18%) | loss: 4.764735 | lrm: 1.00 | dt: 4112.58ms | tok/sec: 254,968 | bf16_mfu: 45.87 | epoch: 1 | total time: 5.93m | eta: 297.4m
step 00096/04357 (2.20%) | loss: 4.734439 | lrm: 1.00 | dt: 4106.78ms | tok/sec: 255,327 | bf16_mfu: 45.93 | epoch: 1 | total time: 6.00m | eta: 297.2m
step 00097/04357 (2.23%) | loss: 4.702803 | lrm: 1.00 | dt: 4094.57ms | tok/sec: 256,089 | bf16_mfu: 46.07 | epoch: 1 | total time: 6.07m | eta: 297.1m
step 00098/04357 (2.25%) | loss: 4.696514 | lrm: 1.00 | dt: 4094.76ms | tok/sec: 256,077 | bf16_mfu: 46.07 | epoch: 1 | total time: 6.14m | eta: 296.9m
step 00099/04357 (2.27%) | loss: 4.685653 | lrm: 1.00 | dt: 4105.73ms | tok/sec: 255,393 | bf16_mfu: 45.94 | epoch: 1 | total time: 6.20m | eta: 296.8m
step 00100/04357 (2.30%) | loss: 4.670159 | lrm: 1.00 | dt: 11298.48ms | tok/sec: 92,806 | bf16_mfu: 16.70 | epoch: 1 | total time: 6.39m | eta: 302.4m
step 00101/04357 (2.32%) | loss: 4.658076 | lrm: 1.00 | dt: 4035.61ms | tok/sec: 259,830 | bf16_mfu: 46.74 | epoch: 1 | total time: 6.46m | eta: 302.1m
step 00102/04357 (2.34%) | loss: 4.650561 | lrm: 1.00 | dt: 4057.94ms | tok/sec: 258,400 | bf16_mfu: 46.48 | epoch: 1 | total time: 6.53m | eta: 301.9m
step 00103/04357 (2.36%) | loss: 4.629160 | lrm: 1.00 | dt: 4062.61ms | tok/sec: 258,104 | bf16_mfu: 46.43 | epoch: 1 | total time: 6.59m | eta: 301.7m
step 00104/04357 (2.39%) | loss: 4.615964 | lrm: 1.00 | dt: 4063.75ms | tok/sec: 258,031 | bf16_mfu: 46.42 | epoch: 1 | total time: 6.66m | eta: 301.4m
step 00105/04357 (2.41%) | loss: 4.595955 | lrm: 1.00 | dt: 4074.53ms | tok/sec: 257,348 | bf16_mfu: 46.29 | epoch: 1 | total time: 6.73m | eta: 301.2m
step 00106/04357 (2.43%) | loss: 4.577012 | lrm: 1.00 | dt: 4075.27ms | tok/sec: 257,302 | bf16_mfu: 46.29 | epoch: 1 | total time: 6.80m | eta: 301.0m
step 00107/04357 (2.46%) | loss: 4.556980 | lrm: 1.00 | dt: 4076.01ms | tok/sec: 257,255 | bf16_mfu: 46.28 | epoch: 1 | total time: 6.87m | eta: 300.8m
step 00108/04357 (2.48%) | loss: 4.556556 | lrm: 1.00 | dt: 4072.47ms | tok/sec: 257,478 | bf16_mfu: 46.32 | epoch: 1 | total time: 6.93m | eta: 300.6m
step 00109/04357 (2.50%) | loss: 4.541798 | lrm: 1.00 | dt: 4069.98ms | tok/sec: 257,636 | bf16_mfu: 46.35 | epoch: 1 | total time: 7.00m | eta: 300.5m
step 00110/04357 (2.52%) | loss: 4.527662 | lrm: 1.00 | dt: 4094.39ms | tok/sec: 256,100 | bf16_mfu: 46.07 | epoch: 1 | total time: 7.07m | eta: 300.3m
step 00111/04357 (2.55%) | loss: 4.502375 | lrm: 1.00 | dt: 4090.98ms | tok/sec: 256,313 | bf16_mfu: 46.11 | epoch: 1 | total time: 7.14m | eta: 300.1m
step 00112/04357 (2.57%) | loss: 4.488499 | lrm: 1.00 | dt: 4088.26ms | tok/sec: 256,484 | bf16_mfu: 46.14 | epoch: 1 | total time: 7.21m | eta: 299.9m
step 00113/04357 (2.59%) | loss: 4.481153 | lrm: 1.00 | dt: 4082.84ms | tok/sec: 256,824 | bf16_mfu: 46.20 | epoch: 1 | total time: 7.27m | eta: 299.7m
step 00114/04357 (2.62%) | loss: 4.450745 | lrm: 1.00 | dt: 4085.93ms | tok/sec: 256,630 | bf16_mfu: 46.17 | epoch: 1 | total time: 7.34m | eta: 299.6m
step 00115/04357 (2.64%) | loss: 4.455914 | lrm: 1.00 | dt: 4106.28ms | tok/sec: 255,359 | bf16_mfu: 45.94 | epoch: 1 | total time: 7.41m | eta: 299.4m
step 00116/04357 (2.66%) | loss: 4.436192 | lrm: 1.00 | dt: 4089.42ms | tok/sec: 256,411 | bf16_mfu: 46.13 | epoch: 1 | total time: 7.48m | eta: 299.2m
step 00117/04357 (2.69%) | loss: 4.411619 | lrm: 1.00 | dt: 4087.81ms | tok/sec: 256,512 | bf16_mfu: 46.14 | epoch: 1 | total time: 7.55m | eta: 299.1m
step 00118/04357 (2.71%) | loss: 4.401394 | lrm: 1.00 | dt: 4095.96ms | tok/sec: 256,002 | bf16_mfu: 46.05 | epoch: 1 | total time: 7.62m | eta: 298.9m
step 00119/04357 (2.73%) | loss: 4.383974 | lrm: 1.00 | dt: 4091.83ms | tok/sec: 256,260 | bf16_mfu: 46.10 | epoch: 1 | total time: 7.68m | eta: 298.8m
step 00120/04357 (2.75%) | loss: 4.375586 | lrm: 1.00 | dt: 4096.57ms | tok/sec: 255,964 | bf16_mfu: 46.05 | epoch: 1 | total time: 7.75m | eta: 298.6m
step 00121/04357 (2.78%) | loss: 4.360858 | lrm: 1.00 | dt: 4089.96ms | tok/sec: 256,377 | bf16_mfu: 46.12 | epoch: 1 | total time: 7.82m | eta: 298.4m
step 00122/04357 (2.80%) | loss: 4.341833 | lrm: 1.00 | dt: 4090.28ms | tok/sec: 256,357 | bf16_mfu: 46.12 | epoch: 1 | total time: 7.89m | eta: 298.3m
step 00123/04357 (2.82%) | loss: 4.336791 | lrm: 1.00 | dt: 4103.12ms | tok/sec: 255,555 | bf16_mfu: 45.97 | epoch: 1 | total time: 7.96m | eta: 298.1m
step 00124/04357 (2.85%) | loss: 4.318038 | lrm: 1.00 | dt: 4095.78ms | tok/sec: 256,013 | bf16_mfu: 46.05 | epoch: 1 | total time: 8.03m | eta: 298.0m
step 00125/04357 (2.87%) | loss: 4.299386 | lrm: 1.00 | dt: 4086.33ms | tok/sec: 256,606 | bf16_mfu: 46.16 | epoch: 1 | total time: 8.09m | eta: 297.8m
step 00126/04357 (2.89%) | loss: 4.283565 | lrm: 1.00 | dt: 4096.20ms | tok/sec: 255,987 | bf16_mfu: 46.05 | epoch: 1 | total time: 8.16m | eta: 297.7m
step 00127/04357 (2.91%) | loss: 4.282411 | lrm: 1.00 | dt: 4092.65ms | tok/sec: 256,209 | bf16_mfu: 46.09 | epoch: 1 | total time: 8.23m | eta: 297.5m
step 00128/04357 (2.94%) | loss: 4.270406 | lrm: 1.00 | dt: 4101.70ms | tok/sec: 255,644 | bf16_mfu: 45.99 | epoch: 1 | total time: 8.30m | eta: 297.4m
step 00129/04357 (2.96%) | loss: 4.258349 | lrm: 1.00 | dt: 4090.64ms | tok/sec: 256,335 | bf16_mfu: 46.11 | epoch: 1 | total time: 8.37m | eta: 297.3m
step 00130/04357 (2.98%) | loss: 4.243943 | lrm: 1.00 | dt: 4098.95ms | tok/sec: 255,815 | bf16_mfu: 46.02 | epoch: 1 | total time: 8.43m | eta: 297.1m
step 00131/04357 (3.01%) | loss: 4.228343 | lrm: 1.00 | dt: 4103.19ms | tok/sec: 255,551 | bf16_mfu: 45.97 | epoch: 1 | total time: 8.50m | eta: 297.0m
step 00132/04357 (3.03%) | loss: 4.218283 | lrm: 1.00 | dt: 4092.88ms | tok/sec: 256,195 | bf16_mfu: 46.09 | epoch: 1 | total time: 8.57m | eta: 296.8m
step 00133/04357 (3.05%) | loss: 4.206429 | lrm: 1.00 | dt: 4092.20ms | tok/sec: 256,237 | bf16_mfu: 46.09 | epoch: 1 | total time: 8.64m | eta: 296.7m
step 00134/04357 (3.08%) | loss: 4.197718 | lrm: 1.00 | dt: 4095.12ms | tok/sec: 256,055 | bf16_mfu: 46.06 | epoch: 1 | total time: 8.71m | eta: 296.6m
step 00135/04357 (3.10%) | loss: 4.153170 | lrm: 1.00 | dt: 4099.68ms | tok/sec: 255,770 | bf16_mfu: 46.01 | epoch: 1 | total time: 8.78m | eta: 296.4m
step 00136/04357 (3.12%) | loss: 4.136669 | lrm: 1.00 | dt: 4104.48ms | tok/sec: 255,470 | bf16_mfu: 45.96 | epoch: 1 | total time: 8.84m | eta: 296.3m
step 00137/04357 (3.14%) | loss: 4.141024 | lrm: 1.00 | dt: 4094.14ms | tok/sec: 256,116 | bf16_mfu: 46.07 | epoch: 1 | total time: 8.91m | eta: 296.2m
step 00138/04357 (3.17%) | loss: 4.136693 | lrm: 1.00 | dt: 4094.31ms | tok/sec: 256,105 | bf16_mfu: 46.07 | epoch: 1 | total time: 8.98m | eta: 296.0m
step 00139/04357 (3.19%) | loss: 4.119613 | lrm: 1.00 | dt: 4085.41ms | tok/sec: 256,663 | bf16_mfu: 46.17 | epoch: 1 | total time: 9.05m | eta: 295.9m
step 00140/04357 (3.21%) | loss: 4.104289 | lrm: 1.00 | dt: 4101.20ms | tok/sec: 255,675 | bf16_mfu: 45.99 | epoch: 1 | total time: 9.12m | eta: 295.8m
step 00141/04357 (3.24%) | loss: 4.089431 | lrm: 1.00 | dt: 4106.01ms | tok/sec: 255,376 | bf16_mfu: 45.94 | epoch: 1 | total time: 9.19m | eta: 295.6m
step 00142/04357 (3.26%) | loss: 4.090608 | lrm: 1.00 | dt: 4107.30ms | tok/sec: 255,295 | bf16_mfu: 45.93 | epoch: 1 | total time: 9.25m | eta: 295.5m
step 00143/04357 (3.28%) | loss: 4.068322 | lrm: 1.00 | dt: 4094.80ms | tok/sec: 256,074 | bf16_mfu: 46.07 | epoch: 1 | total time: 9.32m | eta: 295.4m
step 00144/04357 (3.31%) | loss: 4.061284 | lrm: 1.00 | dt: 4095.39ms | tok/sec: 256,038 | bf16_mfu: 46.06 | epoch: 1 | total time: 9.39m | eta: 295.2m
step 00145/04357 (3.33%) | loss: 4.032683 | lrm: 1.00 | dt: 4109.03ms | tok/sec: 255,188 | bf16_mfu: 45.91 | epoch: 1 | total time: 9.46m | eta: 295.1m
step 00146/04357 (3.35%) | loss: 4.036519 | lrm: 1.00 | dt: 4089.64ms | tok/sec: 256,398 | bf16_mfu: 46.12 | epoch: 1 | total time: 9.53m | eta: 295.0m
step 00147/04357 (3.37%) | loss: 4.026704 | lrm: 1.00 | dt: 4088.36ms | tok/sec: 256,478 | bf16_mfu: 46.14 | epoch: 1 | total time: 9.60m | eta: 294.9m
step 00148/04357 (3.40%) | loss: 4.034513 | lrm: 1.00 | dt: 4100.07ms | tok/sec: 255,745 | bf16_mfu: 46.01 | epoch: 1 | total time: 9.66m | eta: 294.7m
step 00149/04357 (3.42%) | loss: 4.016017 | lrm: 1.00 | dt: 4089.82ms | tok/sec: 256,386 | bf16_mfu: 46.12 | epoch: 1 | total time: 9.73m | eta: 294.6m
step 00150/04357 (3.44%) | loss: 4.001435 | lrm: 1.00 | dt: 11328.15ms | tok/sec: 92,563 | bf16_mfu: 16.65 | epoch: 1 | total time: 9.92m | eta: 298.1m
step 00151/04357 (3.47%) | loss: 3.986575 | lrm: 1.00 | dt: 4022.92ms | tok/sec: 260,650 | bf16_mfu: 46.89 | epoch: 1 | total time: 9.99m | eta: 297.9m
step 00152/04357 (3.49%) | loss: 3.977061 | lrm: 1.00 | dt: 4049.85ms | tok/sec: 258,917 | bf16_mfu: 46.58 | epoch: 1 | total time: 10.06m | eta: 297.8m
step 00153/04357 (3.51%) | loss: 3.960379 | lrm: 1.00 | dt: 4053.45ms | tok/sec: 258,687 | bf16_mfu: 46.54 | epoch: 1 | total time: 10.12m | eta: 297.6m
step 00154/04357 (3.53%) | loss: 3.958638 | lrm: 1.00 | dt: 4084.71ms | tok/sec: 256,707 | bf16_mfu: 46.18 | epoch: 1 | total time: 10.19m | eta: 297.5m
step 00155/04357 (3.56%) | loss: 3.956661 | lrm: 1.00 | dt: 4071.00ms | tok/sec: 257,572 | bf16_mfu: 46.34 | epoch: 1 | total time: 10.26m | eta: 297.3m
step 00156/04357 (3.58%) | loss: 3.965084 | lrm: 1.00 | dt: 4076.30ms | tok/sec: 257,236 | bf16_mfu: 46.27 | epoch: 1 | total time: 10.33m | eta: 297.1m
step 00157/04357 (3.60%) | loss: 3.959827 | lrm: 1.00 | dt: 4076.55ms | tok/sec: 257,221 | bf16_mfu: 46.27 | epoch: 1 | total time: 10.39m | eta: 297.0m
step 00158/04357 (3.63%) | loss: 3.949045 | lrm: 1.00 | dt: 4092.51ms | tok/sec: 256,218 | bf16_mfu: 46.09 | epoch: 1 | total time: 10.46m | eta: 296.9m
step 00159/04357 (3.65%) | loss: 3.932869 | lrm: 1.00 | dt: 4093.65ms | tok/sec: 256,146 | bf16_mfu: 46.08 | epoch: 1 | total time: 10.53m | eta: 296.7m
step 00160/04357 (3.67%) | loss: 3.921783 | lrm: 1.00 | dt: 4093.82ms | tok/sec: 256,136 | bf16_mfu: 46.08 | epoch: 1 | total time: 10.60m | eta: 296.6m
step 00161/04357 (3.70%) | loss: 3.914864 | lrm: 1.00 | dt: 4095.10ms | tok/sec: 256,056 | bf16_mfu: 46.06 | epoch: 1 | total time: 10.67m | eta: 296.4m
step 00162/04357 (3.72%) | loss: 3.909871 | lrm: 1.00 | dt: 4087.11ms | tok/sec: 256,556 | bf16_mfu: 46.15 | epoch: 1 | total time: 10.74m | eta: 296.3m
step 00163/04357 (3.74%) | loss: 3.880032 | lrm: 1.00 | dt: 4068.54ms | tok/sec: 257,727 | bf16_mfu: 46.36 | epoch: 1 | total time: 10.80m | eta: 296.1m
step 00164/04357 (3.76%) | loss: 3.892519 | lrm: 1.00 | dt: 4088.13ms | tok/sec: 256,493 | bf16_mfu: 46.14 | epoch: 1 | total time: 10.87m | eta: 296.0m
step 00165/04357 (3.79%) | loss: 3.891361 | lrm: 1.00 | dt: 4090.90ms | tok/sec: 256,318 | bf16_mfu: 46.11 | epoch: 1 | total time: 10.94m | eta: 295.9m
step 00166/04357 (3.81%) | loss: 3.892685 | lrm: 1.00 | dt: 4095.82ms | tok/sec: 256,011 | bf16_mfu: 46.05 | epoch: 1 | total time: 11.01m | eta: 295.7m
step 00167/04357 (3.83%) | loss: 3.867548 | lrm: 1.00 | dt: 4088.11ms | tok/sec: 256,493 | bf16_mfu: 46.14 | epoch: 1 | total time: 11.08m | eta: 295.6m
step 00168/04357 (3.86%) | loss: 3.860323 | lrm: 1.00 | dt: 4094.01ms | tok/sec: 256,124 | bf16_mfu: 46.07 | epoch: 1 | total time: 11.14m | eta: 295.5m
step 00169/04357 (3.88%) | loss: 3.846099 | lrm: 1.00 | dt: 4098.36ms | tok/sec: 255,852 | bf16_mfu: 46.03 | epoch: 1 | total time: 11.21m | eta: 295.3m
step 00170/04357 (3.90%) | loss: 3.834858 | lrm: 1.00 | dt: 4101.21ms | tok/sec: 255,674 | bf16_mfu: 45.99 | epoch: 1 | total time: 11.28m | eta: 295.2m
step 00171/04357 (3.92%) | loss: 3.826659 | lrm: 1.00 | dt: 4092.17ms | tok/sec: 256,239 | bf16_mfu: 46.10 | epoch: 1 | total time: 11.35m | eta: 295.1m
step 00172/04357 (3.95%) | loss: 3.818603 | lrm: 1.00 | dt: 4093.91ms | tok/sec: 256,130 | bf16_mfu: 46.08 | epoch: 1 | total time: 11.42m | eta: 295.0m
step 00173/04357 (3.97%) | loss: 3.803352 | lrm: 1.00 | dt: 4090.42ms | tok/sec: 256,349 | bf16_mfu: 46.12 | epoch: 1 | total time: 11.49m | eta: 294.8m
step 00174/04357 (3.99%) | loss: 3.801294 | lrm: 1.00 | dt: 4101.41ms | tok/sec: 255,662 | bf16_mfu: 45.99 | epoch: 1 | total time: 11.55m | eta: 294.7m
step 00175/04357 (4.02%) | loss: 3.796957 | lrm: 1.00 | dt: 4096.21ms | tok/sec: 255,986 | bf16_mfu: 46.05 | epoch: 1 | total time: 11.62m | eta: 294.6m
step 00176/04357 (4.04%) | loss: 3.794409 | lrm: 1.00 | dt: 4103.88ms | tok/sec: 255,508 | bf16_mfu: 45.96 | epoch: 1 | total time: 11.69m | eta: 294.5m
step 00177/04357 (4.06%) | loss: 3.782523 | lrm: 1.00 | dt: 4095.66ms | tok/sec: 256,021 | bf16_mfu: 46.06 | epoch: 1 | total time: 11.76m | eta: 294.3m
step 00178/04357 (4.09%) | loss: 3.780336 | lrm: 1.00 | dt: 4091.30ms | tok/sec: 256,294 | bf16_mfu: 46.11 | epoch: 1 | total time: 11.83m | eta: 294.2m
step 00179/04357 (4.11%) | loss: 3.785438 | lrm: 1.00 | dt: 4091.92ms | tok/sec: 256,255 | bf16_mfu: 46.10 | epoch: 1 | total time: 11.90m | eta: 294.1m
step 00180/04357 (4.13%) | loss: 3.771396 | lrm: 1.00 | dt: 4088.08ms | tok/sec: 256,496 | bf16_mfu: 46.14 | epoch: 1 | total time: 11.96m | eta: 294.0m
step 00181/04357 (4.15%) | loss: 3.763608 | lrm: 1.00 | dt: 4097.80ms | tok/sec: 255,887 | bf16_mfu: 46.03 | epoch: 1 | total time: 12.03m | eta: 293.8m
step 00182/04357 (4.18%) | loss: 3.753114 | lrm: 1.00 | dt: 4083.87ms | tok/sec: 256,760 | bf16_mfu: 46.19 | epoch: 1 | total time: 12.10m | eta: 293.7m
step 00183/04357 (4.20%) | loss: 3.744949 | lrm: 1.00 | dt: 4085.04ms | tok/sec: 256,686 | bf16_mfu: 46.18 | epoch: 1 | total time: 12.17m | eta: 293.6m
step 00184/04357 (4.22%) | loss: 3.742150 | lrm: 1.00 | dt: 4103.20ms | tok/sec: 255,550 | bf16_mfu: 45.97 | epoch: 1 | total time: 12.24m | eta: 293.5m
step 00185/04357 (4.25%) | loss: 3.751477 | lrm: 1.00 | dt: 4103.26ms | tok/sec: 255,547 | bf16_mfu: 45.97 | epoch: 1 | total time: 12.30m | eta: 293.3m
step 00186/04357 (4.27%) | loss: 3.740449 | lrm: 1.00 | dt: 4098.20ms | tok/sec: 255,862 | bf16_mfu: 46.03 | epoch: 1 | total time: 12.37m | eta: 293.2m
step 00187/04357 (4.29%) | loss: 3.727715 | lrm: 1.00 | dt: 4089.16ms | tok/sec: 256,428 | bf16_mfu: 46.13 | epoch: 1 | total time: 12.44m | eta: 293.1m
step 00188/04357 (4.31%) | loss: 3.727729 | lrm: 1.00 | dt: 4099.20ms | tok/sec: 255,800 | bf16_mfu: 46.02 | epoch: 1 | total time: 12.51m | eta: 293.0m
step 00189/04357 (4.34%) | loss: 3.707076 | lrm: 1.00 | dt: 4087.12ms | tok/sec: 256,556 | bf16_mfu: 46.15 | epoch: 1 | total time: 12.58m | eta: 292.9m
step 00190/04357 (4.36%) | loss: 3.724502 | lrm: 1.00 | dt: 4095.32ms | tok/sec: 256,042 | bf16_mfu: 46.06 | epoch: 1 | total time: 12.65m | eta: 292.8m
step 00191/04357 (4.38%) | loss: 3.709167 | lrm: 1.00 | dt: 4084.56ms | tok/sec: 256,716 | bf16_mfu: 46.18 | epoch: 1 | total time: 12.71m | eta: 292.6m
step 00192/04357 (4.41%) | loss: 3.715336 | lrm: 1.00 | dt: 4091.02ms | tok/sec: 256,311 | bf16_mfu: 46.11 | epoch: 1 | total time: 12.78m | eta: 292.5m
step 00193/04357 (4.43%) | loss: 3.714728 | lrm: 1.00 | dt: 4096.09ms | tok/sec: 255,994 | bf16_mfu: 46.05 | epoch: 1 | total time: 12.85m | eta: 292.4m
step 00194/04357 (4.45%) | loss: 3.719987 | lrm: 1.00 | dt: 4091.71ms | tok/sec: 256,268 | bf16_mfu: 46.10 | epoch: 1 | total time: 12.92m | eta: 292.3m
step 00195/04357 (4.48%) | loss: 3.702470 | lrm: 1.00 | dt: 4085.69ms | tok/sec: 256,645 | bf16_mfu: 46.17 | epoch: 1 | total time: 12.99m | eta: 292.2m
step 00196/04357 (4.50%) | loss: 3.694576 | lrm: 1.00 | dt: 4086.98ms | tok/sec: 256,564 | bf16_mfu: 46.15 | epoch: 1 | total time: 13.05m | eta: 292.1m
step 00197/04357 (4.52%) | loss: 3.699041 | lrm: 1.00 | dt: 4082.95ms | tok/sec: 256,818 | bf16_mfu: 46.20 | epoch: 1 | total time: 13.12m | eta: 291.9m
step 00198/04357 (4.54%) | loss: 3.688367 | lrm: 1.00 | dt: 4083.96ms | tok/sec: 256,754 | bf16_mfu: 46.19 | epoch: 1 | total time: 13.19m | eta: 291.8m
step 00199/04357 (4.57%) | loss: 3.669105 | lrm: 1.00 | dt: 4083.64ms | tok/sec: 256,774 | bf16_mfu: 46.19 | epoch: 1 | total time: 13.26m | eta: 291.7m
step 00200/04357 (4.59%) | loss: 3.658723 | lrm: 1.00 | dt: 11314.29ms | tok/sec: 92,677 | bf16_mfu: 16.67 | epoch: 1 | total time: 13.45m | eta: 294.2m
step 00201/04357 (4.61%) | loss: 3.671302 | lrm: 1.00 | dt: 4002.94ms | tok/sec: 261,951 | bf16_mfu: 47.12 | epoch: 1 | total time: 13.51m | eta: 294.1m
step 00202/04357 (4.64%) | loss: 3.664415 | lrm: 1.00 | dt: 4042.90ms | tok/sec: 259,362 | bf16_mfu: 46.66 | epoch: 1 | total time: 13.58m | eta: 293.9m
step 00203/04357 (4.66%) | loss: 3.657807 | lrm: 1.00 | dt: 4040.42ms | tok/sec: 259,521 | bf16_mfu: 46.69 | epoch: 1 | total time: 13.65m | eta: 293.8m
step 00204/04357 (4.68%) | loss: 3.659240 | lrm: 1.00 | dt: 4059.64ms | tok/sec: 258,292 | bf16_mfu: 46.46 | epoch: 1 | total time: 13.72m | eta: 293.6m
step 00205/04357 (4.71%) | loss: 3.650603 | lrm: 1.00 | dt: 4047.71ms | tok/sec: 259,053 | bf16_mfu: 46.60 | epoch: 1 | total time: 13.78m | eta: 293.5m
step 00206/04357 (4.73%) | loss: 3.636322 | lrm: 1.00 | dt: 4056.19ms | tok/sec: 258,512 | bf16_mfu: 46.50 | epoch: 1 | total time: 13.85m | eta: 293.4m
step 00207/04357 (4.75%) | loss: 3.639952 | lrm: 1.00 | dt: 4052.59ms | tok/sec: 258,742 | bf16_mfu: 46.55 | epoch: 1 | total time: 13.92m | eta: 293.2m
step 00208/04357 (4.77%) | loss: 3.639064 | lrm: 1.00 | dt: 4055.84ms | tok/sec: 258,534 | bf16_mfu: 46.51 | epoch: 1 | total time: 13.99m | eta: 293.1m
step 00209/04357 (4.80%) | loss: 3.642001 | lrm: 1.00 | dt: 4062.46ms | tok/sec: 258,113 | bf16_mfu: 46.43 | epoch: 1 | total time: 14.05m | eta: 293.0m
step 00210/04357 (4.82%) | loss: 3.635544 | lrm: 1.00 | dt: 4061.34ms | tok/sec: 258,184 | bf16_mfu: 46.45 | epoch: 1 | total time: 14.12m | eta: 292.8m
step 00211/04357 (4.84%) | loss: 3.624354 | lrm: 1.00 | dt: 4059.46ms | tok/sec: 258,304 | bf16_mfu: 46.47 | epoch: 1 | total time: 14.19m | eta: 292.7m
step 00212/04357 (4.87%) | loss: 3.619667 | lrm: 1.00 | dt: 4066.75ms | tok/sec: 257,841 | bf16_mfu: 46.38 | epoch: 1 | total time: 14.26m | eta: 292.6m
step 00213/04357 (4.89%) | loss: 3.607031 | lrm: 1.00 | dt: 4078.46ms | tok/sec: 257,100 | bf16_mfu: 46.25 | epoch: 1 | total time: 14.33m | eta: 292.4m
step 00214/04357 (4.91%) | loss: 3.596968 | lrm: 1.00 | dt: 4071.49ms | tok/sec: 257,540 | bf16_mfu: 46.33 | epoch: 1 | total time: 14.39m | eta: 292.3m
step 00215/04357 (4.93%) | loss: 3.597052 | lrm: 1.00 | dt: 4063.79ms | tok/sec: 258,028 | bf16_mfu: 46.42 | epoch: 1 | total time: 14.46m | eta: 292.2m
step 00216/04357 (4.96%) | loss: 3.590210 | lrm: 1.00 | dt: 4075.58ms | tok/sec: 257,282 | bf16_mfu: 46.28 | epoch: 1 | total time: 14.53m | eta: 292.1m
step 00217/04357 (4.98%) | loss: 3.598526 | lrm: 1.00 | dt: 4067.83ms | tok/sec: 257,772 | bf16_mfu: 46.37 | epoch: 1 | total time: 14.60m | eta: 291.9m
step 00218/04357 (5.00%) | loss: 3.581368 | lrm: 1.00 | dt: 4068.03ms | tok/sec: 257,760 | bf16_mfu: 46.37 | epoch: 1 | total time: 14.66m | eta: 291.8m
step 00219/04357 (5.03%) | loss: 3.588962 | lrm: 1.00 | dt: 4061.52ms | tok/sec: 258,173 | bf16_mfu: 46.44 | epoch: 1 | total time: 14.73m | eta: 291.7m
step 00220/04357 (5.05%) | loss: 3.582289 | lrm: 1.00 | dt: 4065.11ms | tok/sec: 257,945 | bf16_mfu: 46.40 | epoch: 1 | total time: 14.80m | eta: 291.6m
step 00221/04357 (5.07%) | loss: 3.586233 | lrm: 1.00 | dt: 4074.47ms | tok/sec: 257,352 | bf16_mfu: 46.30 | epoch: 1 | total time: 14.87m | eta: 291.4m
step 00222/04357 (5.10%) | loss: 3.577639 | lrm: 1.00 | dt: 4078.01ms | tok/sec: 257,129 | bf16_mfu: 46.26 | epoch: 1 | total time: 14.94m | eta: 291.3m
step 00223/04357 (5.12%) | loss: 3.583265 | lrm: 1.00 | dt: 4067.37ms | tok/sec: 257,801 | bf16_mfu: 46.38 | epoch: 1 | total time: 15.00m | eta: 291.2m
step 00224/04357 (5.14%) | loss: 3.563242 | lrm: 1.00 | dt: 4073.27ms | tok/sec: 257,428 | bf16_mfu: 46.31 | epoch: 1 | total time: 15.07m | eta: 291.1m
step 00225/04357 (5.16%) | loss: 3.570821 | lrm: 1.00 | dt: 4065.60ms | tok/sec: 257,914 | bf16_mfu: 46.40 | epoch: 1 | total time: 15.14m | eta: 291.0m
step 00226/04357 (5.19%) | loss: 3.564162 | lrm: 1.00 | dt: 4072.27ms | tok/sec: 257,491 | bf16_mfu: 46.32 | epoch: 1 | total time: 15.21m | eta: 290.8m
step 00227/04357 (5.21%) | loss: 3.565858 | lrm: 1.00 | dt: 4067.89ms | tok/sec: 257,768 | bf16_mfu: 46.37 | epoch: 1 | total time: 15.28m | eta: 290.7m
step 00228/04357 (5.23%) | loss: 3.540376 | lrm: 1.00 | dt: 4066.50ms | tok/sec: 257,857 | bf16_mfu: 46.39 | epoch: 1 | total time: 15.34m | eta: 290.6m
step 00229/04357 (5.26%) | loss: 3.545618 | lrm: 1.00 | dt: 4063.05ms | tok/sec: 258,075 | bf16_mfu: 46.43 | epoch: 1 | total time: 15.41m | eta: 290.5m
step 00230/04357 (5.28%) | loss: 3.550300 | lrm: 1.00 | dt: 4069.64ms | tok/sec: 257,657 | bf16_mfu: 46.35 | epoch: 1 | total time: 15.48m | eta: 290.4m
step 00231/04357 (5.30%) | loss: 3.555558 | lrm: 1.00 | dt: 4074.52ms | tok/sec: 257,349 | bf16_mfu: 46.30 | epoch: 1 | total time: 15.55m | eta: 290.2m
step 00232/04357 (5.32%) | loss: 3.553287 | lrm: 1.00 | dt: 4065.61ms | tok/sec: 257,913 | bf16_mfu: 46.40 | epoch: 1 | total time: 15.61m | eta: 290.1m
step 00233/04357 (5.35%) | loss: 3.527305 | lrm: 1.00 | dt: 4078.42ms | tok/sec: 257,103 | bf16_mfu: 46.25 | epoch: 1 | total time: 15.68m | eta: 290.0m
step 00234/04357 (5.37%) | loss: 3.522498 | lrm: 1.00 | dt: 4062.92ms | tok/sec: 258,084 | bf16_mfu: 46.43 | epoch: 1 | total time: 15.75m | eta: 289.9m
step 00235/04357 (5.39%) | loss: 3.519166 | lrm: 1.00 | dt: 4077.56ms | tok/sec: 257,157 | bf16_mfu: 46.26 | epoch: 1 | total time: 15.82m | eta: 289.8m
step 00236/04357 (5.42%) | loss: 3.510217 | lrm: 1.00 | dt: 4070.90ms | tok/sec: 257,578 | bf16_mfu: 46.34 | epoch: 1 | total time: 15.89m | eta: 289.7m
step 00237/04357 (5.44%) | loss: 3.508526 | lrm: 1.00 | dt: 4074.43ms | tok/sec: 257,355 | bf16_mfu: 46.30 | epoch: 1 | total time: 15.95m | eta: 289.6m
step 00238/04357 (5.46%) | loss: 3.509284 | lrm: 1.00 | dt: 4063.82ms | tok/sec: 258,027 | bf16_mfu: 46.42 | epoch: 1 | total time: 16.02m | eta: 289.4m
step 00239/04357 (5.49%) | loss: 3.508485 | lrm: 1.00 | dt: 4072.17ms | tok/sec: 257,498 | bf16_mfu: 46.32 | epoch: 1 | total time: 16.09m | eta: 289.3m
step 00240/04357 (5.51%) | loss: 3.498592 | lrm: 1.00 | dt: 4069.44ms | tok/sec: 257,670 | bf16_mfu: 46.35 | epoch: 1 | total time: 16.16m | eta: 289.2m
step 00241/04357 (5.53%) | loss: 3.503671 | lrm: 1.00 | dt: 4075.60ms | tok/sec: 257,281 | bf16_mfu: 46.28 | epoch: 1 | total time: 16.23m | eta: 289.1m
step 00242/04357 (5.55%) | loss: 3.504376 | lrm: 1.00 | dt: 4063.40ms | tok/sec: 258,054 | bf16_mfu: 46.42 | epoch: 1 | total time: 16.29m | eta: 289.0m
step 00243/04357 (5.58%) | loss: 3.510266 | lrm: 1.00 | dt: 4068.19ms | tok/sec: 257,750 | bf16_mfu: 46.37 | epoch: 1 | total time: 16.36m | eta: 288.9m
step 00244/04357 (5.60%) | loss: 3.526801 | lrm: 1.00 | dt: 4058.03ms | tok/sec: 258,395 | bf16_mfu: 46.48 | epoch: 1 | total time: 16.43m | eta: 288.8m
step 00245/04357 (5.62%) | loss: 3.516835 | lrm: 1.00 | dt: 4065.79ms | tok/sec: 257,902 | bf16_mfu: 46.39 | epoch: 1 | total time: 16.50m | eta: 288.6m
step 00246/04357 (5.65%) | loss: 3.506437 | lrm: 1.00 | dt: 4057.64ms | tok/sec: 258,420 | bf16_mfu: 46.49 | epoch: 1 | total time: 16.56m | eta: 288.5m
step 00247/04357 (5.67%) | loss: 3.509480 | lrm: 1.00 | dt: 4065.72ms | tok/sec: 257,906 | bf16_mfu: 46.40 | epoch: 1 | total time: 16.63m | eta: 288.4m
step 00248/04357 (5.69%) | loss: 3.498925 | lrm: 1.00 | dt: 4060.11ms | tok/sec: 258,263 | bf16_mfu: 46.46 | epoch: 1 | total time: 16.70m | eta: 288.3m
step 00249/04357 (5.71%) | loss: 3.501498 | lrm: 1.00 | dt: 4066.13ms | tok/sec: 257,880 | bf16_mfu: 46.39 | epoch: 1 | total time: 16.77m | eta: 288.2m
Step 00250 | Validation bpb: 1.056445
step 00250/04357 (5.74%) | loss: 3.490369 | lrm: 1.00 | dt: 22744.07ms | tok/sec: 46,103 | bf16_mfu: 8.29 | epoch: 1 | total time: 17.15m | eta: 293.4m
step 00251/04357 (5.76%) | loss: 3.487385 | lrm: 1.00 | dt: 3940.30ms | tok/sec: 266,115 | bf16_mfu: 47.87 | epoch: 1 | total time: 17.21m | eta: 293.2m
step 00252/04357 (5.78%) | loss: 3.487448 | lrm: 1.00 | dt: 3967.21ms | tok/sec: 264,310 | bf16_mfu: 47.55 | epoch: 1 | total time: 17.28m | eta: 293.1m
step 00253/04357 (5.81%) | loss: 3.494347 | lrm: 1.00 | dt: 3986.37ms | tok/sec: 263,040 | bf16_mfu: 47.32 | epoch: 1 | total time: 17.34m | eta: 292.9m
step 00254/04357 (5.83%) | loss: 3.497384 | lrm: 1.00 | dt: 4000.32ms | tok/sec: 262,122 | bf16_mfu: 47.15 | epoch: 1 | total time: 17.41m | eta: 292.8m
step 00255/04357 (5.85%) | loss: 3.494761 | lrm: 1.00 | dt: 4011.60ms | tok/sec: 261,386 | bf16_mfu: 47.02 | epoch: 1 | total time: 17.48m | eta: 292.6m
step 00256/04357 (5.88%) | loss: 3.493333 | lrm: 1.00 | dt: 4027.52ms | tok/sec: 260,352 | bf16_mfu: 46.84 | epoch: 1 | total time: 17.54m | eta: 292.5m
step 00257/04357 (5.90%) | loss: 3.479207 | lrm: 1.00 | dt: 4028.91ms | tok/sec: 260,262 | bf16_mfu: 46.82 | epoch: 1 | total time: 17.61m | eta: 292.3m
step 00258/04357 (5.92%) | loss: 3.468322 | lrm: 1.00 | dt: 4037.64ms | tok/sec: 259,700 | bf16_mfu: 46.72 | epoch: 1 | total time: 17.68m | eta: 292.2m
step 00259/04357 (5.94%) | loss: 3.473902 | lrm: 1.00 | dt: 4042.57ms | tok/sec: 259,383 | bf16_mfu: 46.66 | epoch: 1 | total time: 17.75m | eta: 292.1m
step 00260/04357 (5.97%) | loss: 3.466211 | lrm: 1.00 | dt: 4049.50ms | tok/sec: 258,939 | bf16_mfu: 46.58 | epoch: 1 | total time: 17.81m | eta: 291.9m
step 00261/04357 (5.99%) | loss: 3.466127 | lrm: 1.00 | dt: 4048.33ms | tok/sec: 259,014 | bf16_mfu: 46.59 | epoch: 1 | total time: 17.88m | eta: 291.8m
step 00262/04357 (6.01%) | loss: 3.477788 | lrm: 1.00 | dt: 4057.22ms | tok/sec: 258,446 | bf16_mfu: 46.49 | epoch: 1 | total time: 17.95m | eta: 291.7m
step 00263/04357 (6.04%) | loss: 3.479615 | lrm: 1.00 | dt: 4067.70ms | tok/sec: 257,781 | bf16_mfu: 46.37 | epoch: 1 | total time: 18.02m | eta: 291.5m
step 00264/04357 (6.06%) | loss: 3.462993 | lrm: 1.00 | dt: 4063.35ms | tok/sec: 258,057 | bf16_mfu: 46.42 | epoch: 1 | total time: 18.08m | eta: 291.4m
step 00265/04357 (6.08%) | loss: 3.457847 | lrm: 1.00 | dt: 4060.55ms | tok/sec: 258,235 | bf16_mfu: 46.45 | epoch: 1 | total time: 18.15m | eta: 291.3m
step 00266/04357 (6.11%) | loss: 3.446798 | lrm: 1.00 | dt: 4059.56ms | tok/sec: 258,297 | bf16_mfu: 46.47 | epoch: 1 | total time: 18.22m | eta: 291.2m
step 00267/04357 (6.13%) | loss: 3.449216 | lrm: 1.00 | dt: 4071.43ms | tok/sec: 257,545 | bf16_mfu: 46.33 | epoch: 1 | total time: 18.29m | eta: 291.0m
step 00268/04357 (6.15%) | loss: 3.450841 | lrm: 1.00 | dt: 4069.07ms | tok/sec: 257,694 | bf16_mfu: 46.36 | epoch: 1 | total time: 18.36m | eta: 290.9m
step 00269/04357 (6.17%) | loss: 3.450588 | lrm: 1.00 | dt: 4056.13ms | tok/sec: 258,516 | bf16_mfu: 46.50 | epoch: 1 | total time: 18.42m | eta: 290.8m
step 00270/04357 (6.20%) | loss: 3.440108 | lrm: 1.00 | dt: 4073.63ms | tok/sec: 257,405 | bf16_mfu: 46.31 | epoch: 1 | total time: 18.49m | eta: 290.7m
step 00271/04357 (6.22%) | loss: 3.446395 | lrm: 1.00 | dt: 4078.28ms | tok/sec: 257,112 | bf16_mfu: 46.25 | epoch: 1 | total time: 18.56m | eta: 290.5m
step 00272/04357 (6.24%) | loss: 3.449978 | lrm: 1.00 | dt: 4071.84ms | tok/sec: 257,519 | bf16_mfu: 46.33 | epoch: 1 | total time: 18.63m | eta: 290.4m
step 00273/04357 (6.27%) | loss: 3.427420 | lrm: 1.00 | dt: 4065.86ms | tok/sec: 257,897 | bf16_mfu: 46.39 | epoch: 1 | total time: 18.69m | eta: 290.3m
step 00274/04357 (6.29%) | loss: 3.437525 | lrm: 1.00 | dt: 4070.76ms | tok/sec: 257,587 | bf16_mfu: 46.34 | epoch: 1 | total time: 18.76m | eta: 290.2m
step 00275/04357 (6.31%) | loss: 3.437386 | lrm: 1.00 | dt: 4073.70ms | tok/sec: 257,401 | bf16_mfu: 46.30 | epoch: 1 | total time: 18.83m | eta: 290.1m
step 00276/04357 (6.33%) | loss: 3.426791 | lrm: 1.00 | dt: 4071.85ms | tok/sec: 257,518 | bf16_mfu: 46.33 | epoch: 1 | total time: 18.90m | eta: 289.9m
step 00277/04357 (6.36%) | loss: 3.426931 | lrm: 1.00 | dt: 4080.57ms | tok/sec: 256,968 | bf16_mfu: 46.23 | epoch: 1 | total time: 18.97m | eta: 289.8m
step 00278/04357 (6.38%) | loss: 3.408961 | lrm: 1.00 | dt: 4062.02ms | tok/sec: 258,141 | bf16_mfu: 46.44 | epoch: 1 | total time: 19.03m | eta: 289.7m
step 00279/04357 (6.40%) | loss: 3.405221 | lrm: 1.00 | dt: 4085.94ms | tok/sec: 256,630 | bf16_mfu: 46.17 | epoch: 1 | total time: 19.10m | eta: 289.6m
step 00280/04357 (6.43%) | loss: 3.400047 | lrm: 1.00 | dt: 4059.30ms | tok/sec: 258,314 | bf16_mfu: 46.47 | epoch: 1 | total time: 19.17m | eta: 289.5m
step 00281/04357 (6.45%) | loss: 3.386207 | lrm: 1.00 | dt: 4075.79ms | tok/sec: 257,269 | bf16_mfu: 46.28 | epoch: 1 | total time: 19.24m | eta: 289.3m
step 00282/04357 (6.47%) | loss: 3.382277 | lrm: 1.00 | dt: 4070.99ms | tok/sec: 257,572 | bf16_mfu: 46.34 | epoch: 1 | total time: 19.31m | eta: 289.2m
step 00283/04357 (6.50%) | loss: 3.366846 | lrm: 1.00 | dt: 4070.76ms | tok/sec: 257,587 | bf16_mfu: 46.34 | epoch: 1 | total time: 19.37m | eta: 289.1m
step 00284/04357 (6.52%) | loss: 3.383367 | lrm: 1.00 | dt: 4073.16ms | tok/sec: 257,435 | bf16_mfu: 46.31 | epoch: 1 | total time: 19.44m | eta: 289.0m
step 00285/04357 (6.54%) | loss: 3.390260 | lrm: 1.00 | dt: 4067.55ms | tok/sec: 257,790 | bf16_mfu: 46.37 | epoch: 1 | total time: 19.51m | eta: 288.9m
step 00286/04357 (6.56%) | loss: 3.376385 | lrm: 1.00 | dt: 4058.30ms | tok/sec: 258,378 | bf16_mfu: 46.48 | epoch: 1 | total time: 19.58m | eta: 288.8m
step 00287/04357 (6.59%) | loss: 3.382579 | lrm: 1.00 | dt: 4062.20ms | tok/sec: 258,130 | bf16_mfu: 46.44 | epoch: 1 | total time: 19.64m | eta: 288.6m
step 00288/04357 (6.61%) | loss: 3.383696 | lrm: 1.00 | dt: 4056.04ms | tok/sec: 258,522 | bf16_mfu: 46.51 | epoch: 1 | total time: 19.71m | eta: 288.5m
step 00289/04357 (6.63%) | loss: 3.380123 | lrm: 1.00 | dt: 4058.50ms | tok/sec: 258,365 | bf16_mfu: 46.48 | epoch: 1 | total time: 19.78m | eta: 288.4m
step 00290/04357 (6.66%) | loss: 3.383303 | lrm: 1.00 | dt: 4059.82ms | tok/sec: 258,281 | bf16_mfu: 46.46 | epoch: 1 | total time: 19.85m | eta: 288.3m
step 00291/04357 (6.68%) | loss: 3.390920 | lrm: 1.00 | dt: 4057.51ms | tok/sec: 258,428 | bf16_mfu: 46.49 | epoch: 1 | total time: 19.92m | eta: 288.2m
step 00292/04357 (6.70%) | loss: 3.387305 | lrm: 1.00 | dt: 4054.54ms | tok/sec: 258,617 | bf16_mfu: 46.52 | epoch: 1 | total time: 19.98m | eta: 288.0m
step 00293/04357 (6.72%) | loss: 3.396980 | lrm: 1.00 | dt: 4065.43ms | tok/sec: 257,924 | bf16_mfu: 46.40 | epoch: 1 | total time: 20.05m | eta: 287.9m
step 00294/04357 (6.75%) | loss: 3.391159 | lrm: 1.00 | dt: 4054.19ms | tok/sec: 258,639 | bf16_mfu: 46.53 | epoch: 1 | total time: 20.12m | eta: 287.8m
step 00295/04357 (6.77%) | loss: 3.383791 | lrm: 1.00 | dt: 4062.94ms | tok/sec: 258,082 | bf16_mfu: 46.43 | epoch: 1 | total time: 20.19m | eta: 287.7m
step 00296/04357 (6.79%) | loss: 3.373570 | lrm: 1.00 | dt: 4064.23ms | tok/sec: 258,001 | bf16_mfu: 46.41 | epoch: 1 | total time: 20.25m | eta: 287.6m
step 00297/04357 (6.82%) | loss: 3.358018 | lrm: 1.00 | dt: 4058.24ms | tok/sec: 258,381 | bf16_mfu: 46.48 | epoch: 1 | total time: 20.32m | eta: 287.5m
step 00298/04357 (6.84%) | loss: 3.354861 | lrm: 1.00 | dt: 4072.12ms | tok/sec: 257,501 | bf16_mfu: 46.32 | epoch: 1 | total time: 20.39m | eta: 287.4m
step 00299/04357 (6.86%) | loss: 3.372527 | lrm: 1.00 | dt: 4063.91ms | tok/sec: 258,021 | bf16_mfu: 46.42 | epoch: 1 | total time: 20.46m | eta: 287.2m
step 00300/04357 (6.89%) | loss: 3.375677 | lrm: 1.00 | dt: 11275.46ms | tok/sec: 92,996 | bf16_mfu: 16.73 | epoch: 1 | total time: 20.64m | eta: 288.8m
step 00301/04357 (6.91%) | loss: 3.374756 | lrm: 1.00 | dt: 3984.65ms | tok/sec: 263,154 | bf16_mfu: 47.34 | epoch: 1 | total time: 20.71m | eta: 288.7m
step 00302/04357 (6.93%) | loss: 3.371701 | lrm: 1.00 | dt: 4013.25ms | tok/sec: 261,278 | bf16_mfu: 47.00 | epoch: 1 | total time: 20.78m | eta: 288.5m
step 00303/04357 (6.95%) | loss: 3.368794 | lrm: 1.00 | dt: 4015.96ms | tok/sec: 261,102 | bf16_mfu: 46.97 | epoch: 1 | total time: 20.84m | eta: 288.4m
step 00304/04357 (6.98%) | loss: 3.371668 | lrm: 1.00 | dt: 4023.59ms | tok/sec: 260,607 | bf16_mfu: 46.88 | epoch: 1 | total time: 20.91m | eta: 288.3m
step 00305/04357 (7.00%) | loss: 3.375769 | lrm: 1.00 | dt: 4034.56ms | tok/sec: 259,898 | bf16_mfu: 46.75 | epoch: 1 | total time: 20.98m | eta: 288.2m
step 00306/04357 (7.02%) | loss: 3.368442 | lrm: 1.00 | dt: 4002.83ms | tok/sec: 261,958 | bf16_mfu: 47.12 | epoch: 1 | total time: 21.05m | eta: 288.0m
step 00307/04357 (7.05%) | loss: 3.357916 | lrm: 1.00 | dt: 4025.58ms | tok/sec: 260,478 | bf16_mfu: 46.86 | epoch: 1 | total time: 21.11m | eta: 287.9m
step 00308/04357 (7.07%) | loss: 3.360015 | lrm: 1.00 | dt: 4033.74ms | tok/sec: 259,951 | bf16_mfu: 46.76 | epoch: 1 | total time: 21.18m | eta: 287.8m
step 00309/04357 (7.09%) | loss: 3.345665 | lrm: 1.00 | dt: 4035.01ms | tok/sec: 259,869 | bf16_mfu: 46.75 | epoch: 1 | total time: 21.25m | eta: 287.7m
step 00310/04357 (7.11%) | loss: 3.346223 | lrm: 1.00 | dt: 4039.44ms | tok/sec: 259,584 | bf16_mfu: 46.70 | epoch: 1 | total time: 21.31m | eta: 287.5m
step 00311/04357 (7.14%) | loss: 3.348737 | lrm: 1.00 | dt: 4043.74ms | tok/sec: 259,308 | bf16_mfu: 46.65 | epoch: 1 | total time: 21.38m | eta: 287.4m
step 00312/04357 (7.16%) | loss: 3.352371 | lrm: 1.00 | dt: 4034.02ms | tok/sec: 259,933 | bf16_mfu: 46.76 | epoch: 1 | total time: 21.45m | eta: 287.3m
step 00313/04357 (7.18%) | loss: 3.362701 | lrm: 1.00 | dt: 4032.67ms | tok/sec: 260,020 | bf16_mfu: 46.78 | epoch: 1 | total time: 21.52m | eta: 287.2m
step 00314/04357 (7.21%) | loss: 3.358120 | lrm: 1.00 | dt: 4035.11ms | tok/sec: 259,863 | bf16_mfu: 46.75 | epoch: 1 | total time: 21.58m | eta: 287.1m
step 00315/04357 (7.23%) | loss: 3.362704 | lrm: 1.00 | dt: 4024.92ms | tok/sec: 260,520 | bf16_mfu: 46.87 | epoch: 1 | total time: 21.65m | eta: 286.9m
step 00316/04357 (7.25%) | loss: 3.361633 | lrm: 1.00 | dt: 4036.59ms | tok/sec: 259,767 | bf16_mfu: 46.73 | epoch: 1 | total time: 21.72m | eta: 286.8m
step 00317/04357 (7.28%) | loss: 3.352867 | lrm: 1.00 | dt: 4033.42ms | tok/sec: 259,972 | bf16_mfu: 46.77 | epoch: 1 | total time: 21.79m | eta: 286.7m
step 00318/04357 (7.30%) | loss: 3.357280 | lrm: 1.00 | dt: 4028.36ms | tok/sec: 260,298 | bf16_mfu: 46.83 | epoch: 1 | total time: 21.85m | eta: 286.6m
step 00319/04357 (7.32%) | loss: 3.348672 | lrm: 1.00 | dt: 4027.70ms | tok/sec: 260,341 | bf16_mfu: 46.83 | epoch: 1 | total time: 21.92m | eta: 286.4m
step 00320/04357 (7.34%) | loss: 3.345424 | lrm: 1.00 | dt: 4033.85ms | tok/sec: 259,944 | bf16_mfu: 46.76 | epoch: 1 | total time: 21.99m | eta: 286.3m
step 00321/04357 (7.37%) | loss: 3.340220 | lrm: 1.00 | dt: 4027.87ms | tok/sec: 260,330 | bf16_mfu: 46.83 | epoch: 1 | total time: 22.05m | eta: 286.2m
step 00322/04357 (7.39%) | loss: 3.344317 | lrm: 1.00 | dt: 4039.53ms | tok/sec: 259,578 | bf16_mfu: 46.70 | epoch: 1 | total time: 22.12m | eta: 286.1m
step 00323/04357 (7.41%) | loss: 3.330978 | lrm: 1.00 | dt: 4023.75ms | tok/sec: 260,596 | bf16_mfu: 46.88 | epoch: 1 | total time: 22.19m | eta: 286.0m
step 00324/04357 (7.44%) | loss: 3.316371 | lrm: 1.00 | dt: 4031.23ms | tok/sec: 260,112 | bf16_mfu: 46.79 | epoch: 1 | total time: 22.26m | eta: 285.8m
step 00325/04357 (7.46%) | loss: 3.304259 | lrm: 1.00 | dt: 4039.12ms | tok/sec: 259,605 | bf16_mfu: 46.70 | epoch: 1 | total time: 22.32m | eta: 285.7m
step 00326/04357 (7.48%) | loss: 3.312292 | lrm: 1.00 | dt: 4037.15ms | tok/sec: 259,731 | bf16_mfu: 46.72 | epoch: 1 | total time: 22.39m | eta: 285.6m
step 00327/04357 (7.51%) | loss: 3.297843 | lrm: 1.00 | dt: 4026.20ms | tok/sec: 260,438 | bf16_mfu: 46.85 | epoch: 1 | total time: 22.46m | eta: 285.5m
step 00328/04357 (7.53%) | loss: 3.301904 | lrm: 1.00 | dt: 4034.29ms | tok/sec: 259,915 | bf16_mfu: 46.76 | epoch: 1 | total time: 22.52m | eta: 285.4m
step 00329/04357 (7.55%) | loss: 3.315075 | lrm: 1.00 | dt: 4031.49ms | tok/sec: 260,096 | bf16_mfu: 46.79 | epoch: 1 | total time: 22.59m | eta: 285.3m
step 00330/04357 (7.57%) | loss: 3.318173 | lrm: 1.00 | dt: 4033.62ms | tok/sec: 259,959 | bf16_mfu: 46.76 | epoch: 1 | total time: 22.66m | eta: 285.1m
step 00331/04357 (7.60%) | loss: 3.320093 | lrm: 1.00 | dt: 4030.45ms | tok/sec: 260,163 | bf16_mfu: 46.80 | epoch: 1 | total time: 22.73m | eta: 285.0m
step 00332/04357 (7.62%) | loss: 3.315292 | lrm: 1.00 | dt: 4035.36ms | tok/sec: 259,846 | bf16_mfu: 46.74 | epoch: 1 | total time: 22.79m | eta: 284.9m
step 00333/04357 (7.64%) | loss: 3.317949 | lrm: 1.00 | dt: 4023.59ms | tok/sec: 260,607 | bf16_mfu: 46.88 | epoch: 1 | total time: 22.86m | eta: 284.8m
step 00334/04357 (7.67%) | loss: 3.322239 | lrm: 1.00 | dt: 4032.64ms | tok/sec: 260,022 | bf16_mfu: 46.78 | epoch: 1 | total time: 22.93m | eta: 284.7m
step 00335/04357 (7.69%) | loss: 3.323133 | lrm: 1.00 | dt: 4029.92ms | tok/sec: 260,197 | bf16_mfu: 46.81 | epoch: 1 | total time: 22.99m | eta: 284.6m
step 00336/04357 (7.71%) | loss: 3.324271 | lrm: 1.00 | dt: 4039.25ms | tok/sec: 259,596 | bf16_mfu: 46.70 | epoch: 1 | total time: 23.06m | eta: 284.5m
step 00337/04357 (7.73%) | loss: 3.334647 | lrm: 1.00 | dt: 4034.28ms | tok/sec: 259,916 | bf16_mfu: 46.76 | epoch: 1 | total time: 23.13m | eta: 284.3m
step 00338/04357 (7.76%) | loss: 3.323086 | lrm: 1.00 | dt: 4031.38ms | tok/sec: 260,103 | bf16_mfu: 46.79 | epoch: 1 | total time: 23.20m | eta: 284.2m
step 00339/04357 (7.78%) | loss: 3.307874 | lrm: 1.00 | dt: 4027.49ms | tok/sec: 260,354 | bf16_mfu: 46.84 | epoch: 1 | total time: 23.26m | eta: 284.1m
step 00340/04357 (7.80%) | loss: 3.303294 | lrm: 1.00 | dt: 4035.72ms | tok/sec: 259,823 | bf16_mfu: 46.74 | epoch: 1 | total time: 23.33m | eta: 284.0m
step 00341/04357 (7.83%) | loss: 3.304216 | lrm: 1.00 | dt: 4028.48ms | tok/sec: 260,290 | bf16_mfu: 46.82 | epoch: 1 | total time: 23.40m | eta: 283.9m
step 00342/04357 (7.85%) | loss: 3.296430 | lrm: 1.00 | dt: 4040.25ms | tok/sec: 259,532 | bf16_mfu: 46.69 | epoch: 1 | total time: 23.47m | eta: 283.8m
step 00343/04357 (7.87%) | loss: 3.292863 | lrm: 1.00 | dt: 4026.16ms | tok/sec: 260,440 | bf16_mfu: 46.85 | epoch: 1 | total time: 23.53m | eta: 283.7m
step 00344/04357 (7.90%) | loss: 3.299882 | lrm: 1.00 | dt: 4038.98ms | tok/sec: 259,614 | bf16_mfu: 46.70 | epoch: 1 | total time: 23.60m | eta: 283.6m
step 00345/04357 (7.92%) | loss: 3.306578 | lrm: 1.00 | dt: 4030.11ms | tok/sec: 260,185 | bf16_mfu: 46.81 | epoch: 1 | total time: 23.67m | eta: 283.4m
step 00346/04357 (7.94%) | loss: 3.311388 | lrm: 1.00 | dt: 4033.56ms | tok/sec: 259,962 | bf16_mfu: 46.77 | epoch: 1 | total time: 23.73m | eta: 283.3m
step 00347/04357 (7.96%) | loss: 3.314443 | lrm: 1.00 | dt: 4029.00ms | tok/sec: 260,257 | bf16_mfu: 46.82 | epoch: 1 | total time: 23.80m | eta: 283.2m
step 00348/04357 (7.99%) | loss: 3.304587 | lrm: 1.00 | dt: 4028.93ms | tok/sec: 260,261 | bf16_mfu: 46.82 | epoch: 1 | total time: 23.87m | eta: 283.1m
step 00349/04357 (8.01%) | loss: 3.295485 | lrm: 1.00 | dt: 4037.65ms | tok/sec: 259,699 | bf16_mfu: 46.72 | epoch: 1 | total time: 23.94m | eta: 283.0m
step 00350/04357 (8.03%) | loss: 3.304017 | lrm: 1.00 | dt: 11269.85ms | tok/sec: 93,042 | bf16_mfu: 16.74 | epoch: 1 | total time: 24.12m | eta: 284.3m
step 00351/04357 (8.06%) | loss: 3.293911 | lrm: 1.00 | dt: 3952.32ms | tok/sec: 265,306 | bf16_mfu: 47.73 | epoch: 1 | total time: 24.19m | eta: 284.2m
step 00352/04357 (8.08%) | loss: 3.286055 | lrm: 1.00 | dt: 3994.81ms | tok/sec: 262,484 | bf16_mfu: 47.22 | epoch: 1 | total time: 24.26m | eta: 284.1m
step 00353/04357 (8.10%) | loss: 3.293786 | lrm: 1.00 | dt: 4007.01ms | tok/sec: 261,685 | bf16_mfu: 47.07 | epoch: 1 | total time: 24.32m | eta: 283.9m
step 00354/04357 (8.12%) | loss: 3.289763 | lrm: 1.00 | dt: 4001.83ms | tok/sec: 262,023 | bf16_mfu: 47.14 | epoch: 1 | total time: 24.39m | eta: 283.8m
step 00355/04357 (8.15%) | loss: 3.288861 | lrm: 1.00 | dt: 4014.58ms | tok/sec: 261,191 | bf16_mfu: 46.99 | epoch: 1 | total time: 24.46m | eta: 283.7m
step 00356/04357 (8.17%) | loss: 3.293147 | lrm: 1.00 | dt: 4008.94ms | tok/sec: 261,559 | bf16_mfu: 47.05 | epoch: 1 | total time: 24.52m | eta: 283.6m
step 00357/04357 (8.19%) | loss: 3.306794 | lrm: 1.00 | dt: 4011.78ms | tok/sec: 261,374 | bf16_mfu: 47.02 | epoch: 1 | total time: 24.59m | eta: 283.5m
step 00358/04357 (8.22%) | loss: 3.287126 | lrm: 1.00 | dt: 4013.21ms | tok/sec: 261,280 | bf16_mfu: 47.00 | epoch: 1 | total time: 24.66m | eta: 283.3m
step 00359/04357 (8.24%) | loss: 3.301261 | lrm: 1.00 | dt: 4017.00ms | tok/sec: 261,034 | bf16_mfu: 46.96 | epoch: 1 | total time: 24.72m | eta: 283.2m
step 00360/04357 (8.26%) | loss: 3.298164 | lrm: 1.00 | dt: 4020.43ms | tok/sec: 260,811 | bf16_mfu: 46.92 | epoch: 1 | total time: 24.79m | eta: 283.1m
step 00361/04357 (8.29%) | loss: 3.296764 | lrm: 1.00 | dt: 4022.41ms | tok/sec: 260,683 | bf16_mfu: 46.89 | epoch: 1 | total time: 24.86m | eta: 283.0m
step 00362/04357 (8.31%) | loss: 3.294829 | lrm: 1.00 | dt: 4030.86ms | tok/sec: 260,136 | bf16_mfu: 46.80 | epoch: 1 | total time: 24.93m | eta: 282.9m
step 00363/04357 (8.33%) | loss: 3.284848 | lrm: 1.00 | dt: 4013.73ms | tok/sec: 261,247 | bf16_mfu: 47.00 | epoch: 1 | total time: 24.99m | eta: 282.8m
step 00364/04357 (8.35%) | loss: 3.296909 | lrm: 1.00 | dt: 4031.85ms | tok/sec: 260,072 | bf16_mfu: 46.78 | epoch: 1 | total time: 25.06m | eta: 282.7m
step 00365/04357 (8.38%) | loss: 3.284218 | lrm: 1.00 | dt: 4028.24ms | tok/sec: 260,306 | bf16_mfu: 46.83 | epoch: 1 | total time: 25.13m | eta: 282.5m
step 00366/04357 (8.40%) | loss: 3.284751 | lrm: 1.00 | dt: 4031.13ms | tok/sec: 260,119 | bf16_mfu: 46.79 | epoch: 1 | total time: 25.19m | eta: 282.4m
step 00367/04357 (8.42%) | loss: 3.276595 | lrm: 1.00 | dt: 4024.87ms | tok/sec: 260,524 | bf16_mfu: 46.87 | epoch: 1 | total time: 25.26m | eta: 282.3m
step 00368/04357 (8.45%) | loss: 3.283612 | lrm: 1.00 | dt: 4023.92ms | tok/sec: 260,585 | bf16_mfu: 46.88 | epoch: 1 | total time: 25.33m | eta: 282.2m
step 00369/04357 (8.47%) | loss: 3.283044 | lrm: 1.00 | dt: 4033.92ms | tok/sec: 259,940 | bf16_mfu: 46.76 | epoch: 1 | total time: 25.40m | eta: 282.1m
step 00370/04357 (8.49%) | loss: 3.283190 | lrm: 1.00 | dt: 4029.73ms | tok/sec: 260,210 | bf16_mfu: 46.81 | epoch: 1 | total time: 25.46m | eta: 282.0m
step 00371/04357 (8.52%) | loss: 3.282411 | lrm: 1.00 | dt: 4029.04ms | tok/sec: 260,254 | bf16_mfu: 46.82 | epoch: 1 | total time: 25.53m | eta: 281.9m
step 00372/04357 (8.54%) | loss: 3.264146 | lrm: 1.00 | dt: 4039.01ms | tok/sec: 259,612 | bf16_mfu: 46.70 | epoch: 1 | total time: 25.60m | eta: 281.8m
step 00373/04357 (8.56%) | loss: 3.247757 | lrm: 1.00 | dt: 4030.66ms | tok/sec: 260,149 | bf16_mfu: 46.80 | epoch: 1 | total time: 25.66m | eta: 281.7m
step 00374/04357 (8.58%) | loss: 3.246827 | lrm: 1.00 | dt: 4030.78ms | tok/sec: 260,142 | bf16_mfu: 46.80 | epoch: 1 | total time: 25.73m | eta: 281.6m
step 00375/04357 (8.61%) | loss: 3.244903 | lrm: 1.00 | dt: 4037.26ms | tok/sec: 259,724 | bf16_mfu: 46.72 | epoch: 1 | total time: 25.80m | eta: 281.4m
step 00376/04357 (8.63%) | loss: 3.245531 | lrm: 1.00 | dt: 4025.40ms | tok/sec: 260,489 | bf16_mfu: 46.86 | epoch: 1 | total time: 25.87m | eta: 281.3m
step 00377/04357 (8.65%) | loss: 3.263140 | lrm: 1.00 | dt: 4039.82ms | tok/sec: 259,559 | bf16_mfu: 46.69 | epoch: 1 | total time: 25.93m | eta: 281.2m
step 00378/04357 (8.68%) | loss: 3.276451 | lrm: 1.00 | dt: 4021.47ms | tok/sec: 260,744 | bf16_mfu: 46.91 | epoch: 1 | total time: 26.00m | eta: 281.1m
step 00379/04357 (8.70%) | loss: 3.270321 | lrm: 1.00 | dt: 4032.71ms | tok/sec: 260,017 | bf16_mfu: 46.78 | epoch: 1 | total time: 26.07m | eta: 281.0m
step 00380/04357 (8.72%) | loss: 3.253705 | lrm: 1.00 | dt: 4033.59ms | tok/sec: 259,961 | bf16_mfu: 46.76 | epoch: 1 | total time: 26.13m | eta: 280.9m
step 00381/04357 (8.74%) | loss: 3.248055 | lrm: 1.00 | dt: 4033.86ms | tok/sec: 259,943 | bf16_mfu: 46.76 | epoch: 1 | total time: 26.20m | eta: 280.8m
step 00382/04357 (8.77%) | loss: 3.259106 | lrm: 1.00 | dt: 4030.63ms | tok/sec: 260,152 | bf16_mfu: 46.80 | epoch: 1 | total time: 26.27m | eta: 280.7m
step 00383/04357 (8.79%) | loss: 3.266873 | lrm: 1.00 | dt: 4026.15ms | tok/sec: 260,441 | bf16_mfu: 46.85 | epoch: 1 | total time: 26.34m | eta: 280.6m
step 00384/04357 (8.81%) | loss: 3.265841 | lrm: 1.00 | dt: 4040.59ms | tok/sec: 259,510 | bf16_mfu: 46.68 | epoch: 1 | total time: 26.40m | eta: 280.5m
step 00385/04357 (8.84%) | loss: 3.260457 | lrm: 1.00 | dt: 4027.59ms | tok/sec: 260,348 | bf16_mfu: 46.83 | epoch: 1 | total time: 26.47m | eta: 280.4m
step 00386/04357 (8.86%) | loss: 3.250495 | lrm: 1.00 | dt: 4038.58ms | tok/sec: 259,639 | bf16_mfu: 46.71 | epoch: 1 | total time: 26.54m | eta: 280.3m
step 00387/04357 (8.88%) | loss: 3.246168 | lrm: 1.00 | dt: 4028.50ms | tok/sec: 260,289 | bf16_mfu: 46.82 | epoch: 1 | total time: 26.60m | eta: 280.2m
step 00388/04357 (8.91%) | loss: 3.241291 | lrm: 1.00 | dt: 4020.50ms | tok/sec: 260,807 | bf16_mfu: 46.92 | epoch: 1 | total time: 26.67m | eta: 280.1m
step 00389/04357 (8.93%) | loss: 3.236568 | lrm: 1.00 | dt: 4033.61ms | tok/sec: 259,959 | bf16_mfu: 46.76 | epoch: 1 | total time: 26.74m | eta: 279.9m
step 00390/04357 (8.95%) | loss: 3.236606 | lrm: 1.00 | dt: 4033.73ms | tok/sec: 259,951 | bf16_mfu: 46.76 | epoch: 1 | total time: 26.81m | eta: 279.8m
step 00391/04357 (8.97%) | loss: 3.250377 | lrm: 1.00 | dt: 4034.62ms | tok/sec: 259,894 | bf16_mfu: 46.75 | epoch: 1 | total time: 26.87m | eta: 279.7m
step 00392/04357 (9.00%) | loss: 3.242608 | lrm: 1.00 | dt: 4028.61ms | tok/sec: 260,282 | bf16_mfu: 46.82 | epoch: 1 | total time: 26.94m | eta: 279.6m
step 00393/04357 (9.02%) | loss: 3.248121 | lrm: 1.00 | dt: 4028.86ms | tok/sec: 260,266 | bf16_mfu: 46.82 | epoch: 1 | total time: 27.01m | eta: 279.5m
step 00394/04357 (9.04%) | loss: 3.249490 | lrm: 1.00 | dt: 4032.21ms | tok/sec: 260,049 | bf16_mfu: 46.78 | epoch: 1 | total time: 27.07m | eta: 279.4m
step 00395/04357 (9.07%) | loss: 3.252813 | lrm: 1.00 | dt: 4035.11ms | tok/sec: 259,863 | bf16_mfu: 46.75 | epoch: 1 | total time: 27.14m | eta: 279.3m
step 00396/04357 (9.09%) | loss: 3.256659 | lrm: 1.00 | dt: 4031.17ms | tok/sec: 260,116 | bf16_mfu: 46.79 | epoch: 1 | total time: 27.21m | eta: 279.2m
step 00397/04357 (9.11%) | loss: 3.248569 | lrm: 1.00 | dt: 4029.43ms | tok/sec: 260,229 | bf16_mfu: 46.81 | epoch: 1 | total time: 27.28m | eta: 279.1m
step 00398/04357 (9.13%) | loss: 3.257804 | lrm: 1.00 | dt: 4028.87ms | tok/sec: 260,265 | bf16_mfu: 46.82 | epoch: 1 | total time: 27.34m | eta: 279.0m
step 00399/04357 (9.16%) | loss: 3.261464 | lrm: 1.00 | dt: 4041.32ms | tok/sec: 259,463 | bf16_mfu: 46.68 | epoch: 1 | total time: 27.41m | eta: 278.9m
step 00400/04357 (9.18%) | loss: 3.265244 | lrm: 1.00 | dt: 11247.97ms | tok/sec: 93,223 | bf16_mfu: 16.77 | epoch: 1 | total time: 27.60m | eta: 280.0m
step 00401/04357 (9.20%) | loss: 3.261502 | lrm: 1.00 | dt: 3955.00ms | tok/sec: 265,126 | bf16_mfu: 47.69 | epoch: 1 | total time: 27.66m | eta: 279.9m
step 00402/04357 (9.23%) | loss: 3.246036 | lrm: 1.00 | dt: 3995.96ms | tok/sec: 262,408 | bf16_mfu: 47.21 | epoch: 1 | total time: 27.73m | eta: 279.8m
step 00403/04357 (9.25%) | loss: 3.249942 | lrm: 1.00 | dt: 3998.31ms | tok/sec: 262,254 | bf16_mfu: 47.18 | epoch: 1 | total time: 27.80m | eta: 279.7m
step 00404/04357 (9.27%) | loss: 3.270365 | lrm: 1.00 | dt: 4012.37ms | tok/sec: 261,335 | bf16_mfu: 47.01 | epoch: 1 | total time: 27.86m | eta: 279.6m
step 00405/04357 (9.30%) | loss: 3.263085 | lrm: 1.00 | dt: 4010.19ms | tok/sec: 261,477 | bf16_mfu: 47.04 | epoch: 1 | total time: 27.93m | eta: 279.5m
step 00406/04357 (9.32%) | loss: 3.263749 | lrm: 1.00 | dt: 4018.44ms | tok/sec: 260,941 | bf16_mfu: 46.94 | epoch: 1 | total time: 28.00m | eta: 279.3m
step 00407/04357 (9.34%) | loss: 3.250018 | lrm: 1.00 | dt: 4007.18ms | tok/sec: 261,674 | bf16_mfu: 47.07 | epoch: 1 | total time: 28.07m | eta: 279.2m
step 00408/04357 (9.36%) | loss: 3.246569 | lrm: 1.00 | dt: 4012.66ms | tok/sec: 261,316 | bf16_mfu: 47.01 | epoch: 1 | total time: 28.13m | eta: 279.1m
step 00409/04357 (9.39%) | loss: 3.236584 | lrm: 1.00 | dt: 4009.71ms | tok/sec: 261,509 | bf16_mfu: 47.04 | epoch: 1 | total time: 28.20m | eta: 279.0m
step 00410/04357 (9.41%) | loss: 3.229498 | lrm: 1.00 | dt: 4011.46ms | tok/sec: 261,395 | bf16_mfu: 47.02 | epoch: 1 | total time: 28.27m | eta: 278.9m
step 00411/04357 (9.43%) | loss: 3.226750 | lrm: 1.00 | dt: 4016.42ms | tok/sec: 261,072 | bf16_mfu: 46.96 | epoch: 1 | total time: 28.33m | eta: 278.8m
step 00412/04357 (9.46%) | loss: 3.219962 | lrm: 1.00 | dt: 4015.33ms | tok/sec: 261,143 | bf16_mfu: 46.98 | epoch: 1 | total time: 28.40m | eta: 278.7m
step 00413/04357 (9.48%) | loss: 3.235322 | lrm: 1.00 | dt: 4029.16ms | tok/sec: 260,246 | bf16_mfu: 46.82 | epoch: 1 | total time: 28.47m | eta: 278.6m
step 00414/04357 (9.50%) | loss: 3.225051 | lrm: 1.00 | dt: 4013.88ms | tok/sec: 261,237 | bf16_mfu: 46.99 | epoch: 1 | total time: 28.53m | eta: 278.5m
step 00415/04357 (9.52%) | loss: 3.217584 | lrm: 1.00 | dt: 4030.16ms | tok/sec: 260,182 | bf16_mfu: 46.80 | epoch: 1 | total time: 28.60m | eta: 278.4m
step 00416/04357 (9.55%) | loss: 3.219297 | lrm: 1.00 | dt: 4016.57ms | tok/sec: 261,062 | bf16_mfu: 46.96 | epoch: 1 | total time: 28.67m | eta: 278.3m
step 00417/04357 (9.57%) | loss: 3.237945 | lrm: 1.00 | dt: 4026.44ms | tok/sec: 260,422 | bf16_mfu: 46.85 | epoch: 1 | total time: 28.73m | eta: 278.2m
step 00418/04357 (9.59%) | loss: 3.230663 | lrm: 1.00 | dt: 4018.86ms | tok/sec: 260,914 | bf16_mfu: 46.94 | epoch: 1 | total time: 28.80m | eta: 278.1m
step 00419/04357 (9.62%) | loss: 3.230735 | lrm: 1.00 | dt: 4017.76ms | tok/sec: 260,985 | bf16_mfu: 46.95 | epoch: 1 | total time: 28.87m | eta: 278.0m
step 00420/04357 (9.64%) | loss: 3.232349 | lrm: 1.00 | dt: 4022.50ms | tok/sec: 260,677 | bf16_mfu: 46.89 | epoch: 1 | total time: 28.94m | eta: 277.9m
step 00421/04357 (9.66%) | loss: 3.230005 | lrm: 1.00 | dt: 4035.38ms | tok/sec: 259,845 | bf16_mfu: 46.74 | epoch: 1 | total time: 29.00m | eta: 277.8m
step 00422/04357 (9.69%) | loss: 3.225215 | lrm: 1.00 | dt: 4008.43ms | tok/sec: 261,592 | bf16_mfu: 47.06 | epoch: 1 | total time: 29.07m | eta: 277.6m
step 00423/04357 (9.71%) | loss: 3.223465 | lrm: 1.00 | dt: 4031.03ms | tok/sec: 260,126 | bf16_mfu: 46.79 | epoch: 1 | total time: 29.14m | eta: 277.5m
step 00424/04357 (9.73%) | loss: 3.213709 | lrm: 1.00 | dt: 4031.20ms | tok/sec: 260,114 | bf16_mfu: 46.79 | epoch: 1 | total time: 29.20m | eta: 277.4m
step 00425/04357 (9.75%) | loss: 3.205732 | lrm: 1.00 | dt: 4026.65ms | tok/sec: 260,408 | bf16_mfu: 46.85 | epoch: 1 | total time: 29.27m | eta: 277.3m
step 00426/04357 (9.78%) | loss: 3.199230 | lrm: 1.00 | dt: 4016.05ms | tok/sec: 261,096 | bf16_mfu: 46.97 | epoch: 1 | total time: 29.34m | eta: 277.2m
step 00427/04357 (9.80%) | loss: 3.204301 | lrm: 1.00 | dt: 4037.69ms | tok/sec: 259,697 | bf16_mfu: 46.72 | epoch: 1 | total time: 29.41m | eta: 277.1m
step 00428/04357 (9.82%) | loss: 3.203406 | lrm: 1.00 | dt: 4031.63ms | tok/sec: 260,087 | bf16_mfu: 46.79 | epoch: 1 | total time: 29.47m | eta: 277.0m
step 00429/04357 (9.85%) | loss: 3.187794 | lrm: 1.00 | dt: 4027.07ms | tok/sec: 260,381 | bf16_mfu: 46.84 | epoch: 1 | total time: 29.54m | eta: 276.9m
step 00430/04357 (9.87%) | loss: 3.191733 | lrm: 1.00 | dt: 4036.86ms | tok/sec: 259,750 | bf16_mfu: 46.73 | epoch: 1 | total time: 29.61m | eta: 276.8m
step 00431/04357 (9.89%) | loss: 3.191501 | lrm: 1.00 | dt: 4031.57ms | tok/sec: 260,091 | bf16_mfu: 46.79 | epoch: 1 | total time: 29.67m | eta: 276.7m
step 00432/04357 (9.92%) | loss: 3.191742 | lrm: 1.00 | dt: 4035.96ms | tok/sec: 259,808 | bf16_mfu: 46.74 | epoch: 1 | total time: 29.74m | eta: 276.6m
step 00433/04357 (9.94%) | loss: 3.194323 | lrm: 1.00 | dt: 4027.35ms | tok/sec: 260,364 | bf16_mfu: 46.84 | epoch: 1 | total time: 29.81m | eta: 276.5m
step 00434/04357 (9.96%) | loss: 3.196004 | lrm: 1.00 | dt: 4034.13ms | tok/sec: 259,926 | bf16_mfu: 46.76 | epoch: 1 | total time: 29.88m | eta: 276.4m
step 00435/04357 (9.98%) | loss: 3.201263 | lrm: 1.00 | dt: 4035.10ms | tok/sec: 259,863 | bf16_mfu: 46.75 | epoch: 1 | total time: 29.94m | eta: 276.3m
step 00436/04357 (10.01%) | loss: 3.186383 | lrm: 1.00 | dt: 4028.48ms | tok/sec: 260,290 | bf16_mfu: 46.82 | epoch: 1 | total time: 30.01m | eta: 276.2m
step 00437/04357 (10.03%) | loss: 3.186088 | lrm: 1.00 | dt: 4028.86ms | tok/sec: 260,266 | bf16_mfu: 46.82 | epoch: 1 | total time: 30.08m | eta: 276.1m
step 00438/04357 (10.05%) | loss: 3.194618 | lrm: 1.00 | dt: 4019.91ms | tok/sec: 260,845 | bf16_mfu: 46.92 | epoch: 1 | total time: 30.14m | eta: 276.0m
step 00439/04357 (10.08%) | loss: 3.199986 | lrm: 1.00 | dt: 4023.81ms | tok/sec: 260,592 | bf16_mfu: 46.88 | epoch: 1 | total time: 30.21m | eta: 275.9m
step 00440/04357 (10.10%) | loss: 3.196973 | lrm: 1.00 | dt: 4035.51ms | tok/sec: 259,837 | bf16_mfu: 46.74 | epoch: 1 | total time: 30.28m | eta: 275.8m
step 00441/04357 (10.12%) | loss: 3.200719 | lrm: 1.00 | dt: 4028.86ms | tok/sec: 260,266 | bf16_mfu: 46.82 | epoch: 1 | total time: 30.35m | eta: 275.7m
step 00442/04357 (10.14%) | loss: 3.201717 | lrm: 1.00 | dt: 4034.73ms | tok/sec: 259,887 | bf16_mfu: 46.75 | epoch: 1 | total time: 30.41m | eta: 275.6m
step 00443/04357 (10.17%) | loss: 3.196310 | lrm: 1.00 | dt: 4030.41ms | tok/sec: 260,165 | bf16_mfu: 46.80 | epoch: 1 | total time: 30.48m | eta: 275.5m
step 00444/04357 (10.19%) | loss: 3.197470 | lrm: 1.00 | dt: 4030.95ms | tok/sec: 260,131 | bf16_mfu: 46.80 | epoch: 1 | total time: 30.55m | eta: 275.4m
step 00445/04357 (10.21%) | loss: 3.206841 | lrm: 1.00 | dt: 4028.95ms | tok/sec: 260,260 | bf16_mfu: 46.82 | epoch: 1 | total time: 30.61m | eta: 275.3m
step 00446/04357 (10.24%) | loss: 3.200957 | lrm: 1.00 | dt: 4022.25ms | tok/sec: 260,693 | bf16_mfu: 46.90 | epoch: 1 | total time: 30.68m | eta: 275.2m
step 00447/04357 (10.26%) | loss: 3.208514 | lrm: 1.00 | dt: 4030.22ms | tok/sec: 260,178 | bf16_mfu: 46.80 | epoch: 1 | total time: 30.75m | eta: 275.1m
step 00448/04357 (10.28%) | loss: 3.198389 | lrm: 1.00 | dt: 4033.65ms | tok/sec: 259,957 | bf16_mfu: 46.76 | epoch: 1 | total time: 30.82m | eta: 275.0m
step 00449/04357 (10.31%) | loss: 3.201111 | lrm: 1.00 | dt: 4028.21ms | tok/sec: 260,308 | bf16_mfu: 46.83 | epoch: 1 | total time: 30.88m | eta: 274.9m
step 00450/04357 (10.33%) | loss: 3.210230 | lrm: 1.00 | dt: 11255.65ms | tok/sec: 93,159 | bf16_mfu: 16.76 | epoch: 1 | total time: 31.07m | eta: 275.9m
step 00451/04357 (10.35%) | loss: 3.214562 | lrm: 1.00 | dt: 3943.99ms | tok/sec: 265,866 | bf16_mfu: 47.83 | epoch: 1 | total time: 31.14m | eta: 275.8m
step 00452/04357 (10.37%) | loss: 3.219454 | lrm: 1.00 | dt: 3988.35ms | tok/sec: 262,909 | bf16_mfu: 47.30 | epoch: 1 | total time: 31.20m | eta: 275.7m
step 00453/04357 (10.40%) | loss: 3.216432 | lrm: 1.00 | dt: 3990.05ms | tok/sec: 262,797 | bf16_mfu: 47.28 | epoch: 1 | total time: 31.27m | eta: 275.6m
step 00454/04357 (10.42%) | loss: 3.216217 | lrm: 1.00 | dt: 3993.17ms | tok/sec: 262,592 | bf16_mfu: 47.24 | epoch: 1 | total time: 31.34m | eta: 275.5m
step 00455/04357 (10.44%) | loss: 3.224057 | lrm: 1.00 | dt: 4000.07ms | tok/sec: 262,139 | bf16_mfu: 47.16 | epoch: 1 | total time: 31.40m | eta: 275.4m
step 00456/04357 (10.47%) | loss: 3.230832 | lrm: 1.00 | dt: 4005.55ms | tok/sec: 261,780 | bf16_mfu: 47.09 | epoch: 1 | total time: 31.47m | eta: 275.3m
step 00457/04357 (10.49%) | loss: 3.215446 | lrm: 1.00 | dt: 4015.71ms | tok/sec: 261,118 | bf16_mfu: 46.97 | epoch: 1 | total time: 31.54m | eta: 275.2m
step 00458/04357 (10.51%) | loss: 3.210447 | lrm: 1.00 | dt: 4008.97ms | tok/sec: 261,557 | bf16_mfu: 47.05 | epoch: 1 | total time: 31.60m | eta: 275.0m
step 00459/04357 (10.53%) | loss: 3.195996 | lrm: 1.00 | dt: 4014.63ms | tok/sec: 261,188 | bf16_mfu: 46.99 | epoch: 1 | total time: 31.67m | eta: 274.9m
step 00460/04357 (10.56%) | loss: 3.202499 | lrm: 1.00 | dt: 4013.75ms | tok/sec: 261,246 | bf16_mfu: 47.00 | epoch: 1 | total time: 31.74m | eta: 274.8m
step 00461/04357 (10.58%) | loss: 3.194061 | lrm: 1.00 | dt: 4013.32ms | tok/sec: 261,274 | bf16_mfu: 47.00 | epoch: 1 | total time: 31.80m | eta: 274.7m
step 00462/04357 (10.60%) | loss: 3.193641 | lrm: 1.00 | dt: 4013.38ms | tok/sec: 261,270 | bf16_mfu: 47.00 | epoch: 1 | total time: 31.87m | eta: 274.6m
step 00463/04357 (10.63%) | loss: 3.180443 | lrm: 1.00 | dt: 4013.65ms | tok/sec: 261,252 | bf16_mfu: 47.00 | epoch: 1 | total time: 31.94m | eta: 274.5m
step 00464/04357 (10.65%) | loss: 3.164954 | lrm: 1.00 | dt: 4028.54ms | tok/sec: 260,286 | bf16_mfu: 46.82 | epoch: 1 | total time: 32.00m | eta: 274.4m
step 00465/04357 (10.67%) | loss: 3.172337 | lrm: 1.00 | dt: 4015.22ms | tok/sec: 261,150 | bf16_mfu: 46.98 | epoch: 1 | total time: 32.07m | eta: 274.3m
step 00466/04357 (10.70%) | loss: 3.176260 | lrm: 1.00 | dt: 4026.04ms | tok/sec: 260,448 | bf16_mfu: 46.85 | epoch: 1 | total time: 32.14m | eta: 274.2m
step 00467/04357 (10.72%) | loss: 3.156573 | lrm: 1.00 | dt: 4016.44ms | tok/sec: 261,070 | bf16_mfu: 46.96 | epoch: 1 | total time: 32.21m | eta: 274.1m
step 00468/04357 (10.74%) | loss: 3.156964 | lrm: 1.00 | dt: 4028.26ms | tok/sec: 260,304 | bf16_mfu: 46.83 | epoch: 1 | total time: 32.27m | eta: 274.0m
step 00469/04357 (10.76%) | loss: 3.162240 | lrm: 1.00 | dt: 4011.32ms | tok/sec: 261,404 | bf16_mfu: 47.02 | epoch: 1 | total time: 32.34m | eta: 273.9m
step 00470/04357 (10.79%) | loss: 3.164618 | lrm: 1.00 | dt: 4016.59ms | tok/sec: 261,061 | bf16_mfu: 46.96 | epoch: 1 | total time: 32.41m | eta: 273.8m
step 00471/04357 (10.81%) | loss: 3.162498 | lrm: 1.00 | dt: 4012.54ms | tok/sec: 261,325 | bf16_mfu: 47.01 | epoch: 1 | total time: 32.47m | eta: 273.7m
step 00472/04357 (10.83%) | loss: 3.166085 | lrm: 1.00 | dt: 4013.54ms | tok/sec: 261,259 | bf16_mfu: 47.00 | epoch: 1 | total time: 32.54m | eta: 273.6m
step 00473/04357 (10.86%) | loss: 3.165158 | lrm: 1.00 | dt: 4019.98ms | tok/sec: 260,840 | bf16_mfu: 46.92 | epoch: 1 | total time: 32.61m | eta: 273.5m
step 00474/04357 (10.88%) | loss: 3.179888 | lrm: 1.00 | dt: 4024.27ms | tok/sec: 260,562 | bf16_mfu: 46.87 | epoch: 1 | total time: 32.67m | eta: 273.4m
step 00475/04357 (10.90%) | loss: 3.174846 | lrm: 1.00 | dt: 4031.63ms | tok/sec: 260,087 | bf16_mfu: 46.79 | epoch: 1 | total time: 32.74m | eta: 273.3m
step 00476/04357 (10.92%) | loss: 3.163509 | lrm: 1.00 | dt: 4013.31ms | tok/sec: 261,274 | bf16_mfu: 47.00 | epoch: 1 | total time: 32.81m | eta: 273.2m
step 00477/04357 (10.95%) | loss: 3.156244 | lrm: 1.00 | dt: 4027.17ms | tok/sec: 260,375 | bf16_mfu: 46.84 | epoch: 1 | total time: 32.88m | eta: 273.1m
step 00478/04357 (10.97%) | loss: 3.153668 | lrm: 1.00 | dt: 4018.65ms | tok/sec: 260,927 | bf16_mfu: 46.94 | epoch: 1 | total time: 32.94m | eta: 273.0m
step 00479/04357 (10.99%) | loss: 3.152094 | lrm: 1.00 | dt: 4009.96ms | tok/sec: 261,492 | bf16_mfu: 47.04 | epoch: 1 | total time: 33.01m | eta: 272.9m
step 00480/04357 (11.02%) | loss: 3.149950 | lrm: 1.00 | dt: 4010.48ms | tok/sec: 261,459 | bf16_mfu: 47.03 | epoch: 1 | total time: 33.08m | eta: 272.8m
step 00481/04357 (11.04%) | loss: 3.164978 | lrm: 1.00 | dt: 4011.68ms | tok/sec: 261,380 | bf16_mfu: 47.02 | epoch: 1 | total time: 33.14m | eta: 272.7m
step 00482/04357 (11.06%) | loss: 3.155667 | lrm: 1.00 | dt: 4027.81ms | tok/sec: 260,334 | bf16_mfu: 46.83 | epoch: 1 | total time: 33.21m | eta: 272.6m
step 00483/04357 (11.09%) | loss: 3.159482 | lrm: 1.00 | dt: 4014.55ms | tok/sec: 261,194 | bf16_mfu: 46.99 | epoch: 1 | total time: 33.28m | eta: 272.6m
step 00484/04357 (11.11%) | loss: 3.154157 | lrm: 1.00 | dt: 4014.30ms | tok/sec: 261,210 | bf16_mfu: 46.99 | epoch: 1 | total time: 33.34m | eta: 272.5m
step 00485/04357 (11.13%) | loss: 3.164733 | lrm: 1.00 | dt: 4032.21ms | tok/sec: 260,050 | bf16_mfu: 46.78 | epoch: 1 | total time: 33.41m | eta: 272.4m
step 00486/04357 (11.15%) | loss: 3.155242 | lrm: 1.00 | dt: 4018.28ms | tok/sec: 260,951 | bf16_mfu: 46.94 | epoch: 1 | total time: 33.48m | eta: 272.3m
step 00487/04357 (11.18%) | loss: 3.158979 | lrm: 1.00 | dt: 4026.74ms | tok/sec: 260,403 | bf16_mfu: 46.84 | epoch: 1 | total time: 33.55m | eta: 272.2m
step 00488/04357 (11.20%) | loss: 3.156495 | lrm: 1.00 | dt: 4014.68ms | tok/sec: 261,185 | bf16_mfu: 46.99 | epoch: 1 | total time: 33.61m | eta: 272.1m
step 00489/04357 (11.22%) | loss: 3.148528 | lrm: 1.00 | dt: 4027.28ms | tok/sec: 260,368 | bf16_mfu: 46.84 | epoch: 1 | total time: 33.68m | eta: 272.0m
step 00490/04357 (11.25%) | loss: 3.152710 | lrm: 1.00 | dt: 4016.34ms | tok/sec: 261,077 | bf16_mfu: 46.97 | epoch: 1 | total time: 33.75m | eta: 271.9m
step 00491/04357 (11.27%) | loss: 3.156172 | lrm: 1.00 | dt: 4034.15ms | tok/sec: 259,924 | bf16_mfu: 46.76 | epoch: 1 | total time: 33.81m | eta: 271.8m
step 00492/04357 (11.29%) | loss: 3.155040 | lrm: 1.00 | dt: 4016.93ms | tok/sec: 261,039 | bf16_mfu: 46.96 | epoch: 1 | total time: 33.88m | eta: 271.7m
step 00493/04357 (11.32%) | loss: 3.143007 | lrm: 1.00 | dt: 4025.56ms | tok/sec: 260,479 | bf16_mfu: 46.86 | epoch: 1 | total time: 33.95m | eta: 271.6m
step 00494/04357 (11.34%) | loss: 3.146902 | lrm: 1.00 | dt: 4031.78ms | tok/sec: 260,077 | bf16_mfu: 46.79 | epoch: 1 | total time: 34.02m | eta: 271.5m
step 00495/04357 (11.36%) | loss: 3.147440 | lrm: 1.00 | dt: 4022.67ms | tok/sec: 260,666 | bf16_mfu: 46.89 | epoch: 1 | total time: 34.08m | eta: 271.4m
step 00496/04357 (11.38%) | loss: 3.142833 | lrm: 1.00 | dt: 4018.49ms | tok/sec: 260,937 | bf16_mfu: 46.94 | epoch: 1 | total time: 34.15m | eta: 271.3m
step 00497/04357 (11.41%) | loss: 3.148168 | lrm: 1.00 | dt: 4017.80ms | tok/sec: 260,982 | bf16_mfu: 46.95 | epoch: 1 | total time: 34.22m | eta: 271.2m
step 00498/04357 (11.43%) | loss: 3.143218 | lrm: 1.00 | dt: 4025.97ms | tok/sec: 260,453 | bf16_mfu: 46.85 | epoch: 1 | total time: 34.28m | eta: 271.1m
step 00499/04357 (11.45%) | loss: 3.148568 | lrm: 1.00 | dt: 4018.13ms | tok/sec: 260,961 | bf16_mfu: 46.94 | epoch: 1 | total time: 34.35m | eta: 271.0m
Step 00500 | Validation bpb: 0.959237
step 00500/04357 (11.48%) | loss: 3.152330 | lrm: 1.00 | dt: 22746.78ms | tok/sec: 46,097 | bf16_mfu: 8.29 | epoch: 1 | total time: 34.73m | eta: 273.4m
step 00501/04357 (11.50%) | loss: 3.157981 | lrm: 1.00 | dt: 3922.40ms | tok/sec: 267,330 | bf16_mfu: 48.09 | epoch: 1 | total time: 34.79m | eta: 273.3m
step 00502/04357 (11.52%) | loss: 3.154120 | lrm: 1.00 | dt: 3927.40ms | tok/sec: 266,989 | bf16_mfu: 48.03 | epoch: 1 | total time: 34.86m | eta: 273.1m
step 00503/04357 (11.54%) | loss: 3.159893 | lrm: 1.00 | dt: 3934.11ms | tok/sec: 266,534 | bf16_mfu: 47.95 | epoch: 1 | total time: 34.93m | eta: 273.0m
step 00504/04357 (11.57%) | loss: 3.156560 | lrm: 1.00 | dt: 3956.44ms | tok/sec: 265,030 | bf16_mfu: 47.68 | epoch: 1 | total time: 34.99m | eta: 272.9m
step 00505/04357 (11.59%) | loss: 3.151888 | lrm: 1.00 | dt: 3950.84ms | tok/sec: 265,405 | bf16_mfu: 47.74 | epoch: 1 | total time: 35.06m | eta: 272.8m
step 00506/04357 (11.61%) | loss: 3.157311 | lrm: 1.00 | dt: 3966.59ms | tok/sec: 264,352 | bf16_mfu: 47.55 | epoch: 1 | total time: 35.12m | eta: 272.7m
step 00507/04357 (11.64%) | loss: 3.155179 | lrm: 1.00 | dt: 3984.06ms | tok/sec: 263,192 | bf16_mfu: 47.35 | epoch: 1 | total time: 35.19m | eta: 272.6m
step 00508/04357 (11.66%) | loss: 3.155222 | lrm: 1.00 | dt: 3992.64ms | tok/sec: 262,627 | bf16_mfu: 47.24 | epoch: 1 | total time: 35.26m | eta: 272.5m
step 00509/04357 (11.68%) | loss: 3.155407 | lrm: 1.00 | dt: 3987.05ms | tok/sec: 262,995 | bf16_mfu: 47.31 | epoch: 1 | total time: 35.32m | eta: 272.4m
step 00510/04357 (11.71%) | loss: 3.145280 | lrm: 1.00 | dt: 3993.77ms | tok/sec: 262,552 | bf16_mfu: 47.23 | epoch: 1 | total time: 35.39m | eta: 272.3m
step 00511/04357 (11.73%) | loss: 3.163024 | lrm: 1.00 | dt: 4000.15ms | tok/sec: 262,134 | bf16_mfu: 47.16 | epoch: 1 | total time: 35.46m | eta: 272.2m
step 00512/04357 (11.75%) | loss: 3.166707 | lrm: 1.00 | dt: 4005.25ms | tok/sec: 261,800 | bf16_mfu: 47.10 | epoch: 1 | total time: 35.52m | eta: 272.1m
step 00513/04357 (11.77%) | loss: 3.180643 | lrm: 1.00 | dt: 4005.08ms | tok/sec: 261,811 | bf16_mfu: 47.10 | epoch: 1 | total time: 35.59m | eta: 272.0m
step 00514/04357 (11.80%) | loss: 3.186721 | lrm: 1.00 | dt: 4002.21ms | tok/sec: 261,999 | bf16_mfu: 47.13 | epoch: 1 | total time: 35.66m | eta: 271.9m
step 00515/04357 (11.82%) | loss: 3.181483 | lrm: 1.00 | dt: 4008.38ms | tok/sec: 261,596 | bf16_mfu: 47.06 | epoch: 1 | total time: 35.72m | eta: 271.8m
step 00516/04357 (11.84%) | loss: 3.183420 | lrm: 1.00 | dt: 4014.36ms | tok/sec: 261,206 | bf16_mfu: 46.99 | epoch: 1 | total time: 35.79m | eta: 271.7m
step 00517/04357 (11.87%) | loss: 3.187010 | lrm: 1.00 | dt: 4009.17ms | tok/sec: 261,544 | bf16_mfu: 47.05 | epoch: 1 | total time: 35.86m | eta: 271.6m
step 00518/04357 (11.89%) | loss: 3.154244 | lrm: 1.00 | dt: 4011.25ms | tok/sec: 261,408 | bf16_mfu: 47.03 | epoch: 1 | total time: 35.92m | eta: 271.5m
step 00519/04357 (11.91%) | loss: 3.151837 | lrm: 1.00 | dt: 4011.33ms | tok/sec: 261,403 | bf16_mfu: 47.02 | epoch: 1 | total time: 35.99m | eta: 271.4m
step 00520/04357 (11.93%) | loss: 3.153052 | lrm: 1.00 | dt: 4016.91ms | tok/sec: 261,040 | bf16_mfu: 46.96 | epoch: 1 | total time: 36.06m | eta: 271.3m
step 00521/04357 (11.96%) | loss: 3.154862 | lrm: 1.00 | dt: 4012.67ms | tok/sec: 261,316 | bf16_mfu: 47.01 | epoch: 1 | total time: 36.12m | eta: 271.2m
step 00522/04357 (11.98%) | loss: 3.151400 | lrm: 1.00 | dt: 4011.76ms | tok/sec: 261,375 | bf16_mfu: 47.02 | epoch: 1 | total time: 36.19m | eta: 271.1m
step 00523/04357 (12.00%) | loss: 3.145777 | lrm: 1.00 | dt: 4013.15ms | tok/sec: 261,284 | bf16_mfu: 47.00 | epoch: 1 | total time: 36.26m | eta: 271.0m
step 00524/04357 (12.03%) | loss: 3.147549 | lrm: 1.00 | dt: 4020.28ms | tok/sec: 260,821 | bf16_mfu: 46.92 | epoch: 1 | total time: 36.33m | eta: 270.9m
step 00525/04357 (12.05%) | loss: 3.142333 | lrm: 1.00 | dt: 4023.59ms | tok/sec: 260,607 | bf16_mfu: 46.88 | epoch: 1 | total time: 36.39m | eta: 270.8m
step 00526/04357 (12.07%) | loss: 3.140747 | lrm: 1.00 | dt: 4015.02ms | tok/sec: 261,163 | bf16_mfu: 46.98 | epoch: 1 | total time: 36.46m | eta: 270.7m
step 00527/04357 (12.10%) | loss: 3.146084 | lrm: 1.00 | dt: 4012.22ms | tok/sec: 261,345 | bf16_mfu: 47.01 | epoch: 1 | total time: 36.53m | eta: 270.6m
step 00528/04357 (12.12%) | loss: 3.146748 | lrm: 1.00 | dt: 4013.29ms | tok/sec: 261,276 | bf16_mfu: 47.00 | epoch: 1 | total time: 36.59m | eta: 270.5m
step 00529/04357 (12.14%) | loss: 3.148835 | lrm: 1.00 | dt: 4019.73ms | tok/sec: 260,857 | bf16_mfu: 46.93 | epoch: 1 | total time: 36.66m | eta: 270.4m
step 00530/04357 (12.16%) | loss: 3.147726 | lrm: 1.00 | dt: 4020.69ms | tok/sec: 260,795 | bf16_mfu: 46.91 | epoch: 1 | total time: 36.73m | eta: 270.3m
step 00531/04357 (12.19%) | loss: 3.147396 | lrm: 1.00 | dt: 4023.73ms | tok/sec: 260,597 | bf16_mfu: 46.88 | epoch: 1 | total time: 36.79m | eta: 270.2m
step 00532/04357 (12.21%) | loss: 3.148010 | lrm: 1.00 | dt: 4019.65ms | tok/sec: 260,862 | bf16_mfu: 46.93 | epoch: 1 | total time: 36.86m | eta: 270.1m
step 00533/04357 (12.23%) | loss: 3.154672 | lrm: 1.00 | dt: 4016.76ms | tok/sec: 261,050 | bf16_mfu: 46.96 | epoch: 1 | total time: 36.93m | eta: 270.0m
step 00534/04357 (12.26%) | loss: 3.155655 | lrm: 1.00 | dt: 4016.89ms | tok/sec: 261,042 | bf16_mfu: 46.96 | epoch: 1 | total time: 36.99m | eta: 269.9m
step 00535/04357 (12.28%) | loss: 3.154951 | lrm: 1.00 | dt: 4025.46ms | tok/sec: 260,485 | bf16_mfu: 46.86 | epoch: 1 | total time: 37.06m | eta: 269.8m
step 00536/04357 (12.30%) | loss: 3.153463 | lrm: 1.00 | dt: 4022.84ms | tok/sec: 260,655 | bf16_mfu: 46.89 | epoch: 1 | total time: 37.13m | eta: 269.7m
step 00537/04357 (12.32%) | loss: 3.151585 | lrm: 1.00 | dt: 4022.82ms | tok/sec: 260,657 | bf16_mfu: 46.89 | epoch: 1 | total time: 37.20m | eta: 269.6m
step 00538/04357 (12.35%) | loss: 3.142689 | lrm: 1.00 | dt: 4009.40ms | tok/sec: 261,529 | bf16_mfu: 47.05 | epoch: 1 | total time: 37.26m | eta: 269.5m
step 00539/04357 (12.37%) | loss: 3.144025 | lrm: 1.00 | dt: 4014.46ms | tok/sec: 261,199 | bf16_mfu: 46.99 | epoch: 1 | total time: 37.33m | eta: 269.4m
step 00540/04357 (12.39%) | loss: 3.141406 | lrm: 1.00 | dt: 4021.25ms | tok/sec: 260,758 | bf16_mfu: 46.91 | epoch: 1 | total time: 37.40m | eta: 269.3m
step 00541/04357 (12.42%) | loss: 3.147272 | lrm: 1.00 | dt: 4031.25ms | tok/sec: 260,111 | bf16_mfu: 46.79 | epoch: 1 | total time: 37.46m | eta: 269.2m
step 00542/04357 (12.44%) | loss: 3.152425 | lrm: 1.00 | dt: 4022.93ms | tok/sec: 260,649 | bf16_mfu: 46.89 | epoch: 1 | total time: 37.53m | eta: 269.1m
step 00543/04357 (12.46%) | loss: 3.144941 | lrm: 1.00 | dt: 4014.79ms | tok/sec: 261,178 | bf16_mfu: 46.98 | epoch: 1 | total time: 37.60m | eta: 269.0m
step 00544/04357 (12.49%) | loss: 3.124237 | lrm: 1.00 | dt: 4024.89ms | tok/sec: 260,522 | bf16_mfu: 46.87 | epoch: 1 | total time: 37.67m | eta: 268.9m
step 00545/04357 (12.51%) | loss: 3.126546 | lrm: 1.00 | dt: 4014.03ms | tok/sec: 261,227 | bf16_mfu: 46.99 | epoch: 1 | total time: 37.73m | eta: 268.8m
step 00546/04357 (12.53%) | loss: 3.134641 | lrm: 1.00 | dt: 4015.17ms | tok/sec: 261,153 | bf16_mfu: 46.98 | epoch: 1 | total time: 37.80m | eta: 268.8m
step 00547/04357 (12.55%) | loss: 3.129796 | lrm: 1.00 | dt: 4008.25ms | tok/sec: 261,604 | bf16_mfu: 47.06 | epoch: 1 | total time: 37.87m | eta: 268.7m
step 00548/04357 (12.58%) | loss: 3.137879 | lrm: 1.00 | dt: 4023.07ms | tok/sec: 260,640 | bf16_mfu: 46.89 | epoch: 1 | total time: 37.93m | eta: 268.6m
step 00549/04357 (12.60%) | loss: 3.143126 | lrm: 1.00 | dt: 4021.80ms | tok/sec: 260,722 | bf16_mfu: 46.90 | epoch: 1 | total time: 38.00m | eta: 268.5m
step 00550/04357 (12.62%) | loss: 3.125611 | lrm: 1.00 | dt: 11236.56ms | tok/sec: 93,318 | bf16_mfu: 16.79 | epoch: 1 | total time: 38.19m | eta: 269.2m
step 00551/04357 (12.65%) | loss: 3.119412 | lrm: 1.00 | dt: 3951.22ms | tok/sec: 265,380 | bf16_mfu: 47.74 | epoch: 1 | total time: 38.25m | eta: 269.1m
step 00552/04357 (12.67%) | loss: 3.121716 | lrm: 1.00 | dt: 3974.91ms | tok/sec: 263,798 | bf16_mfu: 47.46 | epoch: 1 | total time: 38.32m | eta: 269.0m
step 00553/04357 (12.69%) | loss: 3.125748 | lrm: 1.00 | dt: 3989.55ms | tok/sec: 262,830 | bf16_mfu: 47.28 | epoch: 1 | total time: 38.39m | eta: 268.9m
step 00554/04357 (12.72%) | loss: 3.133019 | lrm: 1.00 | dt: 3990.07ms | tok/sec: 262,796 | bf16_mfu: 47.27 | epoch: 1 | total time: 38.45m | eta: 268.8m
step 00555/04357 (12.74%) | loss: 3.129849 | lrm: 1.00 | dt: 3991.74ms | tok/sec: 262,686 | bf16_mfu: 47.26 | epoch: 1 | total time: 38.52m | eta: 268.7m
step 00556/04357 (12.76%) | loss: 3.138270 | lrm: 1.00 | dt: 3994.22ms | tok/sec: 262,523 | bf16_mfu: 47.23 | epoch: 1 | total time: 38.59m | eta: 268.6m
step 00557/04357 (12.78%) | loss: 3.133815 | lrm: 1.00 | dt: 3997.35ms | tok/sec: 262,317 | bf16_mfu: 47.19 | epoch: 1 | total time: 38.65m | eta: 268.5m
step 00558/04357 (12.81%) | loss: 3.150842 | lrm: 1.00 | dt: 4003.10ms | tok/sec: 261,940 | bf16_mfu: 47.12 | epoch: 1 | total time: 38.72m | eta: 268.4m
step 00559/04357 (12.83%) | loss: 3.139109 | lrm: 1.00 | dt: 4001.38ms | tok/sec: 262,053 | bf16_mfu: 47.14 | epoch: 1 | total time: 38.79m | eta: 268.3m
step 00560/04357 (12.85%) | loss: 3.149093 | lrm: 1.00 | dt: 4002.11ms | tok/sec: 262,005 | bf16_mfu: 47.13 | epoch: 1 | total time: 38.85m | eta: 268.2m
step 00561/04357 (12.88%) | loss: 3.145754 | lrm: 1.00 | dt: 4002.09ms | tok/sec: 262,006 | bf16_mfu: 47.13 | epoch: 1 | total time: 38.92m | eta: 268.1m
step 00562/04357 (12.90%) | loss: 3.151314 | lrm: 1.00 | dt: 4003.99ms | tok/sec: 261,882 | bf16_mfu: 47.11 | epoch: 1 | total time: 38.99m | eta: 268.0m
step 00563/04357 (12.92%) | loss: 3.160731 | lrm: 1.00 | dt: 4010.19ms | tok/sec: 261,477 | bf16_mfu: 47.04 | epoch: 1 | total time: 39.05m | eta: 267.9m
step 00564/04357 (12.94%) | loss: 3.161516 | lrm: 1.00 | dt: 4011.85ms | tok/sec: 261,369 | bf16_mfu: 47.02 | epoch: 1 | total time: 39.12m | eta: 267.8m
step 00565/04357 (12.97%) | loss: 3.161180 | lrm: 1.00 | dt: 4011.43ms | tok/sec: 261,397 | bf16_mfu: 47.02 | epoch: 1 | total time: 39.19m | eta: 267.7m
step 00566/04357 (12.99%) | loss: 3.162057 | lrm: 1.00 | dt: 4014.74ms | tok/sec: 261,181 | bf16_mfu: 46.98 | epoch: 1 | total time: 39.25m | eta: 267.6m
step 00567/04357 (13.01%) | loss: 3.152252 | lrm: 1.00 | dt: 4011.36ms | tok/sec: 261,401 | bf16_mfu: 47.02 | epoch: 1 | total time: 39.32m | eta: 267.5m
step 00568/04357 (13.04%) | loss: 3.142947 | lrm: 1.00 | dt: 4010.37ms | tok/sec: 261,466 | bf16_mfu: 47.04 | epoch: 1 | total time: 39.39m | eta: 267.4m
step 00569/04357 (13.06%) | loss: 3.143228 | lrm: 1.00 | dt: 4009.63ms | tok/sec: 261,514 | bf16_mfu: 47.04 | epoch: 1 | total time: 39.45m | eta: 267.4m
step 00570/04357 (13.08%) | loss: 3.154659 | lrm: 1.00 | dt: 4016.54ms | tok/sec: 261,064 | bf16_mfu: 46.96 | epoch: 1 | total time: 39.52m | eta: 267.3m
step 00571/04357 (13.11%) | loss: 3.166794 | lrm: 1.00 | dt: 4009.60ms | tok/sec: 261,516 | bf16_mfu: 47.04 | epoch: 1 | total time: 39.59m | eta: 267.2m
step 00572/04357 (13.13%) | loss: 3.149063 | lrm: 1.00 | dt: 4011.21ms | tok/sec: 261,411 | bf16_mfu: 47.03 | epoch: 1 | total time: 39.65m | eta: 267.1m
step 00573/04357 (13.15%) | loss: 3.141478 | lrm: 1.00 | dt: 4004.12ms | tok/sec: 261,874 | bf16_mfu: 47.11 | epoch: 1 | total time: 39.72m | eta: 267.0m
step 00574/04357 (13.17%) | loss: 3.127699 | lrm: 1.00 | dt: 4008.35ms | tok/sec: 261,597 | bf16_mfu: 47.06 | epoch: 1 | total time: 39.79m | eta: 266.9m
step 00575/04357 (13.20%) | loss: 3.123641 | lrm: 1.00 | dt: 4013.91ms | tok/sec: 261,235 | bf16_mfu: 46.99 | epoch: 1 | total time: 39.85m | eta: 266.8m
step 00576/04357 (13.22%) | loss: 3.127301 | lrm: 1.00 | dt: 4009.14ms | tok/sec: 261,546 | bf16_mfu: 47.05 | epoch: 1 | total time: 39.92m | eta: 266.7m
step 00577/04357 (13.24%) | loss: 3.124055 | lrm: 1.00 | dt: 4012.50ms | tok/sec: 261,327 | bf16_mfu: 47.01 | epoch: 1 | total time: 39.99m | eta: 266.6m
step 00578/04357 (13.27%) | loss: 3.122533 | lrm: 1.00 | dt: 4015.51ms | tok/sec: 261,131 | bf16_mfu: 46.98 | epoch: 1 | total time: 40.06m | eta: 266.5m
step 00579/04357 (13.29%) | loss: 3.127383 | lrm: 1.00 | dt: 4012.81ms | tok/sec: 261,307 | bf16_mfu: 47.01 | epoch: 1 | total time: 40.12m | eta: 266.4m
step 00580/04357 (13.31%) | loss: 3.132683 | lrm: 1.00 | dt: 4011.30ms | tok/sec: 261,405 | bf16_mfu: 47.02 | epoch: 1 | total time: 40.19m | eta: 266.3m
step 00581/04357 (13.33%) | loss: 3.133122 | lrm: 1.00 | dt: 4008.08ms | tok/sec: 261,615 | bf16_mfu: 47.06 | epoch: 1 | total time: 40.26m | eta: 266.2m
step 00582/04357 (13.36%) | loss: 3.127781 | lrm: 1.00 | dt: 4013.01ms | tok/sec: 261,294 | bf16_mfu: 47.00 | epoch: 1 | total time: 40.32m | eta: 266.1m
step 00583/04357 (13.38%) | loss: 3.135046 | lrm: 1.00 | dt: 4016.76ms | tok/sec: 261,050 | bf16_mfu: 46.96 | epoch: 1 | total time: 40.39m | eta: 266.0m
step 00584/04357 (13.40%) | loss: 3.134552 | lrm: 1.00 | dt: 4007.48ms | tok/sec: 261,654 | bf16_mfu: 47.07 | epoch: 1 | total time: 40.46m | eta: 265.9m
step 00585/04357 (13.43%) | loss: 3.131519 | lrm: 1.00 | dt: 4013.01ms | tok/sec: 261,293 | bf16_mfu: 47.00 | epoch: 1 | total time: 40.52m | eta: 265.8m
step 00586/04357 (13.45%) | loss: 3.127128 | lrm: 1.00 | dt: 4015.24ms | tok/sec: 261,148 | bf16_mfu: 46.98 | epoch: 1 | total time: 40.59m | eta: 265.7m
step 00587/04357 (13.47%) | loss: 3.113677 | lrm: 1.00 | dt: 4013.36ms | tok/sec: 261,271 | bf16_mfu: 47.00 | epoch: 1 | total time: 40.66m | eta: 265.6m
step 00588/04357 (13.50%) | loss: 3.099847 | lrm: 1.00 | dt: 4013.94ms | tok/sec: 261,233 | bf16_mfu: 46.99 | epoch: 1 | total time: 40.72m | eta: 265.5m
step 00589/04357 (13.52%) | loss: 3.098833 | lrm: 1.00 | dt: 4006.72ms | tok/sec: 261,704 | bf16_mfu: 47.08 | epoch: 1 | total time: 40.79m | eta: 265.5m
step 00590/04357 (13.54%) | loss: 3.098729 | lrm: 1.00 | dt: 4012.70ms | tok/sec: 261,314 | bf16_mfu: 47.01 | epoch: 1 | total time: 40.86m | eta: 265.4m
step 00591/04357 (13.56%) | loss: 3.111707 | lrm: 1.00 | dt: 4018.98ms | tok/sec: 260,905 | bf16_mfu: 46.93 | epoch: 1 | total time: 40.92m | eta: 265.3m
step 00592/04357 (13.59%) | loss: 3.121843 | lrm: 1.00 | dt: 4018.99ms | tok/sec: 260,905 | bf16_mfu: 46.93 | epoch: 1 | total time: 40.99m | eta: 265.2m
step 00593/04357 (13.61%) | loss: 3.123789 | lrm: 1.00 | dt: 4017.68ms | tok/sec: 260,990 | bf16_mfu: 46.95 | epoch: 1 | total time: 41.06m | eta: 265.1m
step 00594/04357 (13.63%) | loss: 3.106974 | lrm: 1.00 | dt: 4023.67ms | tok/sec: 260,601 | bf16_mfu: 46.88 | epoch: 1 | total time: 41.13m | eta: 265.0m
step 00595/04357 (13.66%) | loss: 3.090362 | lrm: 1.00 | dt: 4019.00ms | tok/sec: 260,904 | bf16_mfu: 46.93 | epoch: 1 | total time: 41.19m | eta: 264.9m
step 00596/04357 (13.68%) | loss: 3.081280 | lrm: 1.00 | dt: 4009.03ms | tok/sec: 261,553 | bf16_mfu: 47.05 | epoch: 1 | total time: 41.26m | eta: 264.8m
step 00597/04357 (13.70%) | loss: 3.084866 | lrm: 1.00 | dt: 4014.86ms | tok/sec: 261,173 | bf16_mfu: 46.98 | epoch: 1 | total time: 41.33m | eta: 264.7m
step 00598/04357 (13.73%) | loss: 3.101637 | lrm: 1.00 | dt: 4011.39ms | tok/sec: 261,399 | bf16_mfu: 47.02 | epoch: 1 | total time: 41.39m | eta: 264.6m
step 00599/04357 (13.75%) | loss: 3.105021 | lrm: 1.00 | dt: 4012.51ms | tok/sec: 261,326 | bf16_mfu: 47.01 | epoch: 1 | total time: 41.46m | eta: 264.5m
step 00600/04357 (13.77%) | loss: 3.096143 | lrm: 1.00 | dt: 11264.61ms | tok/sec: 93,085 | bf16_mfu: 16.75 | epoch: 1 | total time: 41.65m | eta: 265.2m
step 00601/04357 (13.79%) | loss: 3.108344 | lrm: 1.00 | dt: 3934.50ms | tok/sec: 266,508 | bf16_mfu: 47.94 | epoch: 1 | total time: 41.71m | eta: 265.1m
step 00602/04357 (13.82%) | loss: 3.097221 | lrm: 1.00 | dt: 3976.62ms | tok/sec: 263,685 | bf16_mfu: 47.43 | epoch: 1 | total time: 41.78m | eta: 265.0m
step 00603/04357 (13.84%) | loss: 3.093951 | lrm: 1.00 | dt: 3977.80ms | tok/sec: 263,606 | bf16_mfu: 47.42 | epoch: 1 | total time: 41.85m | eta: 264.9m
step 00604/04357 (13.86%) | loss: 3.091995 | lrm: 1.00 | dt: 3984.51ms | tok/sec: 263,163 | bf16_mfu: 47.34 | epoch: 1 | total time: 41.91m | eta: 264.8m
step 00605/04357 (13.89%) | loss: 3.104690 | lrm: 1.00 | dt: 3991.89ms | tok/sec: 262,676 | bf16_mfu: 47.25 | epoch: 1 | total time: 41.98m | eta: 264.7m
step 00606/04357 (13.91%) | loss: 3.101237 | lrm: 1.00 | dt: 3999.07ms | tok/sec: 262,205 | bf16_mfu: 47.17 | epoch: 1 | total time: 42.05m | eta: 264.6m
step 00607/04357 (13.93%) | loss: 3.117967 | lrm: 1.00 | dt: 4003.89ms | tok/sec: 261,889 | bf16_mfu: 47.11 | epoch: 1 | total time: 42.11m | eta: 264.5m
step 00608/04357 (13.95%) | loss: 3.124530 | lrm: 1.00 | dt: 4007.82ms | tok/sec: 261,632 | bf16_mfu: 47.07 | epoch: 1 | total time: 42.18m | eta: 264.4m
step 00609/04357 (13.98%) | loss: 3.126719 | lrm: 1.00 | dt: 4008.14ms | tok/sec: 261,611 | bf16_mfu: 47.06 | epoch: 1 | total time: 42.25m | eta: 264.3m
step 00610/04357 (14.00%) | loss: 3.125569 | lrm: 1.00 | dt: 4023.69ms | tok/sec: 260,600 | bf16_mfu: 46.88 | epoch: 1 | total time: 42.31m | eta: 264.2m
step 00611/04357 (14.02%) | loss: 3.115761 | lrm: 1.00 | dt: 4028.14ms | tok/sec: 260,312 | bf16_mfu: 46.83 | epoch: 1 | total time: 42.38m | eta: 264.2m
step 00612/04357 (14.05%) | loss: 3.105065 | lrm: 1.00 | dt: 4011.43ms | tok/sec: 261,397 | bf16_mfu: 47.02 | epoch: 1 | total time: 42.45m | eta: 264.1m
step 00613/04357 (14.07%) | loss: 3.107819 | lrm: 1.00 | dt: 4013.00ms | tok/sec: 261,294 | bf16_mfu: 47.00 | epoch: 1 | total time: 42.51m | eta: 264.0m
step 00614/04357 (14.09%) | loss: 3.106481 | lrm: 1.00 | dt: 4014.30ms | tok/sec: 261,210 | bf16_mfu: 46.99 | epoch: 1 | total time: 42.58m | eta: 263.9m
step 00615/04357 (14.12%) | loss: 3.102812 | lrm: 1.00 | dt: 4015.27ms | tok/sec: 261,147 | bf16_mfu: 46.98 | epoch: 1 | total time: 42.65m | eta: 263.8m
step 00616/04357 (14.14%) | loss: 3.091120 | lrm: 1.00 | dt: 4026.46ms | tok/sec: 260,421 | bf16_mfu: 46.85 | epoch: 1 | total time: 42.71m | eta: 263.7m
step 00617/04357 (14.16%) | loss: 3.096069 | lrm: 1.00 | dt: 4014.73ms | tok/sec: 261,182 | bf16_mfu: 46.98 | epoch: 1 | total time: 42.78m | eta: 263.6m
step 00618/04357 (14.18%) | loss: 3.090759 | lrm: 1.00 | dt: 4014.43ms | tok/sec: 261,201 | bf16_mfu: 46.99 | epoch: 1 | total time: 42.85m | eta: 263.5m
step 00619/04357 (14.21%) | loss: 3.100381 | lrm: 1.00 | dt: 4025.07ms | tok/sec: 260,511 | bf16_mfu: 46.86 | epoch: 1 | total time: 42.92m | eta: 263.4m
step 00620/04357 (14.23%) | loss: 3.088882 | lrm: 1.00 | dt: 4012.45ms | tok/sec: 261,330 | bf16_mfu: 47.01 | epoch: 1 | total time: 42.98m | eta: 263.3m
step 00621/04357 (14.25%) | loss: 3.085887 | lrm: 1.00 | dt: 4015.69ms | tok/sec: 261,120 | bf16_mfu: 46.97 | epoch: 1 | total time: 43.05m | eta: 263.2m
step 00622/04357 (14.28%) | loss: 3.082034 | lrm: 1.00 | dt: 4024.24ms | tok/sec: 260,564 | bf16_mfu: 46.87 | epoch: 1 | total time: 43.12m | eta: 263.1m
step 00623/04357 (14.30%) | loss: 3.079126 | lrm: 1.00 | dt: 4016.84ms | tok/sec: 261,044 | bf16_mfu: 46.96 | epoch: 1 | total time: 43.18m | eta: 263.0m
step 00624/04357 (14.32%) | loss: 3.064607 | lrm: 1.00 | dt: 4027.45ms | tok/sec: 260,357 | bf16_mfu: 46.84 | epoch: 1 | total time: 43.25m | eta: 263.0m
step 00625/04357 (14.34%) | loss: 3.042219 | lrm: 1.00 | dt: 4014.39ms | tok/sec: 261,204 | bf16_mfu: 46.99 | epoch: 1 | total time: 43.32m | eta: 262.9m
step 00626/04357 (14.37%) | loss: 3.046243 | lrm: 1.00 | dt: 4011.61ms | tok/sec: 261,385 | bf16_mfu: 47.02 | epoch: 1 | total time: 43.38m | eta: 262.8m
step 00627/04357 (14.39%) | loss: 3.053011 | lrm: 1.00 | dt: 4033.90ms | tok/sec: 259,941 | bf16_mfu: 46.76 | epoch: 1 | total time: 43.45m | eta: 262.7m
step 00628/04357 (14.41%) | loss: 3.055147 | lrm: 1.00 | dt: 4021.43ms | tok/sec: 260,747 | bf16_mfu: 46.91 | epoch: 1 | total time: 43.52m | eta: 262.6m
step 00629/04357 (14.44%) | loss: 3.066011 | lrm: 1.00 | dt: 4026.02ms | tok/sec: 260,449 | bf16_mfu: 46.85 | epoch: 1 | total time: 43.59m | eta: 262.5m
step 00630/04357 (14.46%) | loss: 3.073070 | lrm: 1.00 | dt: 4025.56ms | tok/sec: 260,479 | bf16_mfu: 46.86 | epoch: 1 | total time: 43.65m | eta: 262.4m
step 00631/04357 (14.48%) | loss: 3.055317 | lrm: 1.00 | dt: 4014.74ms | tok/sec: 261,181 | bf16_mfu: 46.98 | epoch: 1 | total time: 43.72m | eta: 262.3m
step 00632/04357 (14.51%) | loss: 3.057744 | lrm: 1.00 | dt: 4015.22ms | tok/sec: 261,150 | bf16_mfu: 46.98 | epoch: 1 | total time: 43.79m | eta: 262.2m
step 00633/04357 (14.53%) | loss: 3.057648 | lrm: 1.00 | dt: 4008.83ms | tok/sec: 261,566 | bf16_mfu: 47.05 | epoch: 1 | total time: 43.85m | eta: 262.1m
step 00634/04357 (14.55%) | loss: 3.064973 | lrm: 1.00 | dt: 4027.21ms | tok/sec: 260,372 | bf16_mfu: 46.84 | epoch: 1 | total time: 43.92m | eta: 262.0m
step 00635/04357 (14.57%) | loss: 3.062440 | lrm: 1.00 | dt: 4020.88ms | tok/sec: 260,782 | bf16_mfu: 46.91 | epoch: 1 | total time: 43.99m | eta: 262.0m
step 00636/04357 (14.60%) | loss: 3.064212 | lrm: 1.00 | dt: 4026.47ms | tok/sec: 260,420 | bf16_mfu: 46.85 | epoch: 1 | total time: 44.05m | eta: 261.9m
step 00637/04357 (14.62%) | loss: 3.057816 | lrm: 1.00 | dt: 4012.27ms | tok/sec: 261,342 | bf16_mfu: 47.01 | epoch: 1 | total time: 44.12m | eta: 261.8m
step 00638/04357 (14.64%) | loss: 3.066079 | lrm: 1.00 | dt: 4030.91ms | tok/sec: 260,133 | bf16_mfu: 46.80 | epoch: 1 | total time: 44.19m | eta: 261.7m
step 00639/04357 (14.67%) | loss: 3.060656 | lrm: 1.00 | dt: 4013.05ms | tok/sec: 261,291 | bf16_mfu: 47.00 | epoch: 1 | total time: 44.26m | eta: 261.6m
step 00640/04357 (14.69%) | loss: 3.067293 | lrm: 1.00 | dt: 4012.81ms | tok/sec: 261,307 | bf16_mfu: 47.01 | epoch: 1 | total time: 44.32m | eta: 261.5m
step 00641/04357 (14.71%) | loss: 3.070217 | lrm: 1.00 | dt: 4025.99ms | tok/sec: 260,451 | bf16_mfu: 46.85 | epoch: 1 | total time: 44.39m | eta: 261.4m
step 00642/04357 (14.73%) | loss: 3.059839 | lrm: 1.00 | dt: 4019.48ms | tok/sec: 260,873 | bf16_mfu: 46.93 | epoch: 1 | total time: 44.46m | eta: 261.3m
step 00643/04357 (14.76%) | loss: 3.074257 | lrm: 1.00 | dt: 4009.54ms | tok/sec: 261,520 | bf16_mfu: 47.05 | epoch: 1 | total time: 44.52m | eta: 261.2m
step 00644/04357 (14.78%) | loss: 3.062606 | lrm: 1.00 | dt: 4009.72ms | tok/sec: 261,508 | bf16_mfu: 47.04 | epoch: 1 | total time: 44.59m | eta: 261.1m
step 00645/04357 (14.80%) | loss: 3.070266 | lrm: 1.00 | dt: 4013.43ms | tok/sec: 261,267 | bf16_mfu: 47.00 | epoch: 1 | total time: 44.66m | eta: 261.0m
step 00646/04357 (14.83%) | loss: 3.067258 | lrm: 1.00 | dt: 4009.60ms | tok/sec: 261,516 | bf16_mfu: 47.04 | epoch: 1 | total time: 44.72m | eta: 261.0m
step 00647/04357 (14.85%) | loss: 3.072700 | lrm: 1.00 | dt: 4015.99ms | tok/sec: 261,100 | bf16_mfu: 46.97 | epoch: 1 | total time: 44.79m | eta: 260.9m
step 00648/04357 (14.87%) | loss: 3.081453 | lrm: 1.00 | dt: 4007.52ms | tok/sec: 261,652 | bf16_mfu: 47.07 | epoch: 1 | total time: 44.86m | eta: 260.8m
step 00649/04357 (14.90%) | loss: 3.078051 | lrm: 1.00 | dt: 4013.66ms | tok/sec: 261,251 | bf16_mfu: 47.00 | epoch: 1 | total time: 44.92m | eta: 260.7m
step 00650/04357 (14.92%) | loss: 3.073345 | lrm: 1.00 | dt: 11259.09ms | tok/sec: 93,131 | bf16_mfu: 16.75 | epoch: 1 | total time: 45.11m | eta: 261.3m
step 00651/04357 (14.94%) | loss: 3.081113 | lrm: 1.00 | dt: 3940.92ms | tok/sec: 266,073 | bf16_mfu: 47.86 | epoch: 1 | total time: 45.18m | eta: 261.2m
step 00652/04357 (14.96%) | loss: 3.074122 | lrm: 1.00 | dt: 3976.53ms | tok/sec: 263,690 | bf16_mfu: 47.44 | epoch: 1 | total time: 45.24m | eta: 261.1m
step 00653/04357 (14.99%) | loss: 3.065766 | lrm: 1.00 | dt: 3972.87ms | tok/sec: 263,934 | bf16_mfu: 47.48 | epoch: 1 | total time: 45.31m | eta: 261.0m
step 00654/04357 (15.01%) | loss: 3.062894 | lrm: 1.00 | dt: 3994.85ms | tok/sec: 262,482 | bf16_mfu: 47.22 | epoch: 1 | total time: 45.38m | eta: 260.9m
step 00655/04357 (15.03%) | loss: 3.060209 | lrm: 1.00 | dt: 3990.38ms | tok/sec: 262,775 | bf16_mfu: 47.27 | epoch: 1 | total time: 45.44m | eta: 260.8m
step 00656/04357 (15.06%) | loss: 3.067638 | lrm: 1.00 | dt: 3997.99ms | tok/sec: 262,275 | bf16_mfu: 47.18 | epoch: 1 | total time: 45.51m | eta: 260.7m
step 00657/04357 (15.08%) | loss: 3.071347 | lrm: 1.00 | dt: 3991.97ms | tok/sec: 262,671 | bf16_mfu: 47.25 | epoch: 1 | total time: 45.58m | eta: 260.6m
step 00658/04357 (15.10%) | loss: 3.062701 | lrm: 1.00 | dt: 3996.21ms | tok/sec: 262,392 | bf16_mfu: 47.20 | epoch: 1 | total time: 45.64m | eta: 260.5m
step 00659/04357 (15.13%) | loss: 3.063435 | lrm: 1.00 | dt: 4004.27ms | tok/sec: 261,864 | bf16_mfu: 47.11 | epoch: 1 | total time: 45.71m | eta: 260.5m
step 00660/04357 (15.15%) | loss: 3.061138 | lrm: 1.00 | dt: 4004.37ms | tok/sec: 261,857 | bf16_mfu: 47.11 | epoch: 1 | total time: 45.78m | eta: 260.4m
step 00661/04357 (15.17%) | loss: 3.062919 | lrm: 1.00 | dt: 4005.48ms | tok/sec: 261,785 | bf16_mfu: 47.09 | epoch: 1 | total time: 45.84m | eta: 260.3m
step 00662/04357 (15.19%) | loss: 3.057389 | lrm: 1.00 | dt: 4002.65ms | tok/sec: 261,970 | bf16_mfu: 47.13 | epoch: 1 | total time: 45.91m | eta: 260.2m
step 00663/04357 (15.22%) | loss: 3.048082 | lrm: 1.00 | dt: 4009.18ms | tok/sec: 261,544 | bf16_mfu: 47.05 | epoch: 1 | total time: 45.98m | eta: 260.1m
step 00664/04357 (15.24%) | loss: 3.063084 | lrm: 1.00 | dt: 4008.74ms | tok/sec: 261,572 | bf16_mfu: 47.05 | epoch: 1 | total time: 46.04m | eta: 260.0m
step 00665/04357 (15.26%) | loss: 3.079087 | lrm: 1.00 | dt: 3997.17ms | tok/sec: 262,329 | bf16_mfu: 47.19 | epoch: 1 | total time: 46.11m | eta: 259.9m
step 00666/04357 (15.29%) | loss: 3.070067 | lrm: 1.00 | dt: 4015.18ms | tok/sec: 261,152 | bf16_mfu: 46.98 | epoch: 1 | total time: 46.18m | eta: 259.8m
step 00667/04357 (15.31%) | loss: 3.068503 | lrm: 1.00 | dt: 4011.97ms | tok/sec: 261,362 | bf16_mfu: 47.02 | epoch: 1 | total time: 46.24m | eta: 259.7m
step 00668/04357 (15.33%) | loss: 3.065375 | lrm: 1.00 | dt: 4008.90ms | tok/sec: 261,562 | bf16_mfu: 47.05 | epoch: 1 | total time: 46.31m | eta: 259.6m
step 00669/04357 (15.35%) | loss: 3.060447 | lrm: 1.00 | dt: 4011.70ms | tok/sec: 261,379 | bf16_mfu: 47.02 | epoch: 1 | total time: 46.38m | eta: 259.5m
step 00670/04357 (15.38%) | loss: 3.060163 | lrm: 1.00 | dt: 4014.79ms | tok/sec: 261,178 | bf16_mfu: 46.98 | epoch: 1 | total time: 46.44m | eta: 259.5m
step 00671/04357 (15.40%) | loss: 3.070903 | lrm: 1.00 | dt: 4011.14ms | tok/sec: 261,415 | bf16_mfu: 47.03 | epoch: 1 | total time: 46.51m | eta: 259.4m
step 00672/04357 (15.42%) | loss: 3.072378 | lrm: 1.00 | dt: 4014.89ms | tok/sec: 261,171 | bf16_mfu: 46.98 | epoch: 1 | total time: 46.58m | eta: 259.3m
step 00673/04357 (15.45%) | loss: 3.068254 | lrm: 1.00 | dt: 4011.72ms | tok/sec: 261,378 | bf16_mfu: 47.02 | epoch: 1 | total time: 46.65m | eta: 259.2m
step 00674/04357 (15.47%) | loss: 3.066577 | lrm: 1.00 | dt: 4007.25ms | tok/sec: 261,669 | bf16_mfu: 47.07 | epoch: 1 | total time: 46.71m | eta: 259.1m
step 00675/04357 (15.49%) | loss: 3.075559 | lrm: 1.00 | dt: 4016.01ms | tok/sec: 261,098 | bf16_mfu: 46.97 | epoch: 1 | total time: 46.78m | eta: 259.0m
step 00676/04357 (15.52%) | loss: 3.078019 | lrm: 1.00 | dt: 4009.56ms | tok/sec: 261,518 | bf16_mfu: 47.05 | epoch: 1 | total time: 46.85m | eta: 258.9m
step 00677/04357 (15.54%) | loss: 3.066496 | lrm: 1.00 | dt: 4015.76ms | tok/sec: 261,115 | bf16_mfu: 46.97 | epoch: 1 | total time: 46.91m | eta: 258.8m
step 00678/04357 (15.56%) | loss: 3.066803 | lrm: 1.00 | dt: 4010.98ms | tok/sec: 261,426 | bf16_mfu: 47.03 | epoch: 1 | total time: 46.98m | eta: 258.7m
step 00679/04357 (15.58%) | loss: 3.062903 | lrm: 1.00 | dt: 4008.62ms | tok/sec: 261,580 | bf16_mfu: 47.06 | epoch: 1 | total time: 47.05m | eta: 258.6m
step 00680/04357 (15.61%) | loss: 3.064039 | lrm: 1.00 | dt: 4014.64ms | tok/sec: 261,188 | bf16_mfu: 46.99 | epoch: 1 | total time: 47.11m | eta: 258.6m
step 00681/04357 (15.63%) | loss: 3.060408 | lrm: 1.00 | dt: 4011.49ms | tok/sec: 261,393 | bf16_mfu: 47.02 | epoch: 1 | total time: 47.18m | eta: 258.5m
step 00682/04357 (15.65%) | loss: 3.059371 | lrm: 1.00 | dt: 4006.00ms | tok/sec: 261,751 | bf16_mfu: 47.09 | epoch: 1 | total time: 47.25m | eta: 258.4m
step 00683/04357 (15.68%) | loss: 3.064321 | lrm: 1.00 | dt: 4022.22ms | tok/sec: 260,695 | bf16_mfu: 46.90 | epoch: 1 | total time: 47.31m | eta: 258.3m
step 00684/04357 (15.70%) | loss: 3.083443 | lrm: 1.00 | dt: 4009.49ms | tok/sec: 261,523 | bf16_mfu: 47.05 | epoch: 1 | total time: 47.38m | eta: 258.2m
step 00685/04357 (15.72%) | loss: 3.083097 | lrm: 1.00 | dt: 4011.61ms | tok/sec: 261,385 | bf16_mfu: 47.02 | epoch: 1 | total time: 47.45m | eta: 258.1m
step 00686/04357 (15.74%) | loss: 3.082247 | lrm: 1.00 | dt: 4008.38ms | tok/sec: 261,595 | bf16_mfu: 47.06 | epoch: 1 | total time: 47.51m | eta: 258.0m
step 00687/04357 (15.77%) | loss: 3.080702 | lrm: 1.00 | dt: 4016.00ms | tok/sec: 261,099 | bf16_mfu: 46.97 | epoch: 1 | total time: 47.58m | eta: 257.9m
step 00688/04357 (15.79%) | loss: 3.081972 | lrm: 1.00 | dt: 4012.37ms | tok/sec: 261,335 | bf16_mfu: 47.01 | epoch: 1 | total time: 47.65m | eta: 257.8m
step 00689/04357 (15.81%) | loss: 3.085242 | lrm: 1.00 | dt: 4006.38ms | tok/sec: 261,726 | bf16_mfu: 47.08 | epoch: 1 | total time: 47.72m | eta: 257.8m
step 00690/04357 (15.84%) | loss: 3.082686 | lrm: 1.00 | dt: 4012.79ms | tok/sec: 261,308 | bf16_mfu: 47.01 | epoch: 1 | total time: 47.78m | eta: 257.7m
step 00691/04357 (15.86%) | loss: 3.093633 | lrm: 1.00 | dt: 4011.51ms | tok/sec: 261,392 | bf16_mfu: 47.02 | epoch: 1 | total time: 47.85m | eta: 257.6m
step 00692/04357 (15.88%) | loss: 3.083817 | lrm: 1.00 | dt: 4008.68ms | tok/sec: 261,576 | bf16_mfu: 47.06 | epoch: 1 | total time: 47.92m | eta: 257.5m
step 00693/04357 (15.91%) | loss: 3.077076 | lrm: 1.00 | dt: 4017.54ms | tok/sec: 260,999 | bf16_mfu: 46.95 | epoch: 1 | total time: 47.98m | eta: 257.4m
step 00694/04357 (15.93%) | loss: 3.085867 | lrm: 1.00 | dt: 4011.04ms | tok/sec: 261,422 | bf16_mfu: 47.03 | epoch: 1 | total time: 48.05m | eta: 257.3m
step 00695/04357 (15.95%) | loss: 3.084957 | lrm: 1.00 | dt: 4009.76ms | tok/sec: 261,505 | bf16_mfu: 47.04 | epoch: 1 | total time: 48.12m | eta: 257.2m
step 00696/04357 (15.97%) | loss: 3.091063 | lrm: 1.00 | dt: 4012.14ms | tok/sec: 261,351 | bf16_mfu: 47.01 | epoch: 1 | total time: 48.18m | eta: 257.1m
step 00697/04357 (16.00%) | loss: 3.096437 | lrm: 1.00 | dt: 4010.11ms | tok/sec: 261,483 | bf16_mfu: 47.04 | epoch: 1 | total time: 48.25m | eta: 257.1m
step 00698/04357 (16.02%) | loss: 3.079209 | lrm: 1.00 | dt: 4013.19ms | tok/sec: 261,282 | bf16_mfu: 47.00 | epoch: 1 | total time: 48.32m | eta: 257.0m
step 00699/04357 (16.04%) | loss: 3.065787 | lrm: 1.00 | dt: 4009.25ms | tok/sec: 261,539 | bf16_mfu: 47.05 | epoch: 1 | total time: 48.38m | eta: 256.9m
step 00700/04357 (16.07%) | loss: 3.065197 | lrm: 1.00 | dt: 11253.72ms | tok/sec: 93,175 | bf16_mfu: 16.76 | epoch: 1 | total time: 48.57m | eta: 257.4m
step 00701/04357 (16.09%) | loss: 3.046611 | lrm: 1.00 | dt: 3934.16ms | tok/sec: 266,531 | bf16_mfu: 47.95 | epoch: 1 | total time: 48.64m | eta: 257.3m
step 00702/04357 (16.11%) | loss: 3.047080 | lrm: 1.00 | dt: 3973.99ms | tok/sec: 263,859 | bf16_mfu: 47.47 | epoch: 1 | total time: 48.70m | eta: 257.2m
step 00703/04357 (16.13%) | loss: 3.040743 | lrm: 1.00 | dt: 3978.60ms | tok/sec: 263,554 | bf16_mfu: 47.41 | epoch: 1 | total time: 48.77m | eta: 257.1m
step 00704/04357 (16.16%) | loss: 3.042256 | lrm: 1.00 | dt: 3982.35ms | tok/sec: 263,305 | bf16_mfu: 47.37 | epoch: 1 | total time: 48.84m | eta: 257.1m
step 00705/04357 (16.18%) | loss: 3.047844 | lrm: 1.00 | dt: 3981.47ms | tok/sec: 263,363 | bf16_mfu: 47.38 | epoch: 1 | total time: 48.90m | eta: 257.0m
step 00706/04357 (16.20%) | loss: 3.036460 | lrm: 1.00 | dt: 3989.51ms | tok/sec: 262,833 | bf16_mfu: 47.28 | epoch: 1 | total time: 48.97m | eta: 256.9m
step 00707/04357 (16.23%) | loss: 3.042994 | lrm: 1.00 | dt: 3997.15ms | tok/sec: 262,330 | bf16_mfu: 47.19 | epoch: 1 | total time: 49.04m | eta: 256.8m
step 00708/04357 (16.25%) | loss: 3.048674 | lrm: 1.00 | dt: 3990.82ms | tok/sec: 262,746 | bf16_mfu: 47.27 | epoch: 1 | total time: 49.10m | eta: 256.7m
step 00709/04357 (16.27%) | loss: 3.068352 | lrm: 1.00 | dt: 3997.24ms | tok/sec: 262,324 | bf16_mfu: 47.19 | epoch: 1 | total time: 49.17m | eta: 256.6m
step 00710/04357 (16.30%) | loss: 3.073608 | lrm: 1.00 | dt: 3994.52ms | tok/sec: 262,503 | bf16_mfu: 47.22 | epoch: 1 | total time: 49.23m | eta: 256.5m
step 00711/04357 (16.32%) | loss: 3.067741 | lrm: 1.00 | dt: 3993.07ms | tok/sec: 262,599 | bf16_mfu: 47.24 | epoch: 1 | total time: 49.30m | eta: 256.4m
step 00712/04357 (16.34%) | loss: 3.054877 | lrm: 1.00 | dt: 4004.79ms | tok/sec: 261,830 | bf16_mfu: 47.10 | epoch: 1 | total time: 49.37m | eta: 256.3m
step 00713/04357 (16.36%) | loss: 3.051827 | lrm: 1.00 | dt: 4012.31ms | tok/sec: 261,339 | bf16_mfu: 47.01 | epoch: 1 | total time: 49.44m | eta: 256.2m
step 00714/04357 (16.39%) | loss: 3.056314 | lrm: 1.00 | dt: 4000.78ms | tok/sec: 262,092 | bf16_mfu: 47.15 | epoch: 1 | total time: 49.50m | eta: 256.2m
step 00715/04357 (16.41%) | loss: 3.058593 | lrm: 1.00 | dt: 4011.41ms | tok/sec: 261,398 | bf16_mfu: 47.02 | epoch: 1 | total time: 49.57m | eta: 256.1m
step 00716/04357 (16.43%) | loss: 3.047858 | lrm: 1.00 | dt: 4002.56ms | tok/sec: 261,976 | bf16_mfu: 47.13 | epoch: 1 | total time: 49.64m | eta: 256.0m
step 00717/04357 (16.46%) | loss: 3.043435 | lrm: 1.00 | dt: 3989.39ms | tok/sec: 262,841 | bf16_mfu: 47.28 | epoch: 1 | total time: 49.70m | eta: 255.9m
step 00718/04357 (16.48%) | loss: 3.041470 | lrm: 1.00 | dt: 4007.00ms | tok/sec: 261,685 | bf16_mfu: 47.08 | epoch: 1 | total time: 49.77m | eta: 255.8m
step 00719/04357 (16.50%) | loss: 3.038741 | lrm: 1.00 | dt: 4015.45ms | tok/sec: 261,135 | bf16_mfu: 46.98 | epoch: 1 | total time: 49.84m | eta: 255.7m
step 00720/04357 (16.53%) | loss: 3.039670 | lrm: 1.00 | dt: 4007.58ms | tok/sec: 261,648 | bf16_mfu: 47.07 | epoch: 1 | total time: 49.90m | eta: 255.6m
step 00721/04357 (16.55%) | loss: 3.031283 | lrm: 1.00 | dt: 4009.84ms | tok/sec: 261,500 | bf16_mfu: 47.04 | epoch: 1 | total time: 49.97m | eta: 255.5m
step 00722/04357 (16.57%) | loss: 3.036480 | lrm: 1.00 | dt: 4019.14ms | tok/sec: 260,895 | bf16_mfu: 46.93 | epoch: 1 | total time: 50.04m | eta: 255.5m
step 00723/04357 (16.59%) | loss: 3.032083 | lrm: 1.00 | dt: 4001.28ms | tok/sec: 262,059 | bf16_mfu: 47.14 | epoch: 1 | total time: 50.10m | eta: 255.4m
step 00724/04357 (16.62%) | loss: 3.035731 | lrm: 1.00 | dt: 4010.30ms | tok/sec: 261,470 | bf16_mfu: 47.04 | epoch: 1 | total time: 50.17m | eta: 255.3m
step 00725/04357 (16.64%) | loss: 3.049418 | lrm: 1.00 | dt: 4021.13ms | tok/sec: 260,766 | bf16_mfu: 46.91 | epoch: 1 | total time: 50.24m | eta: 255.2m
step 00726/04357 (16.66%) | loss: 3.047130 | lrm: 1.00 | dt: 4010.25ms | tok/sec: 261,474 | bf16_mfu: 47.04 | epoch: 1 | total time: 50.30m | eta: 255.1m
step 00727/04357 (16.69%) | loss: 3.048682 | lrm: 1.00 | dt: 4012.18ms | tok/sec: 261,348 | bf16_mfu: 47.01 | epoch: 1 | total time: 50.37m | eta: 255.0m
step 00728/04357 (16.71%) | loss: 3.063653 | lrm: 1.00 | dt: 4009.53ms | tok/sec: 261,520 | bf16_mfu: 47.05 | epoch: 1 | total time: 50.44m | eta: 254.9m
step 00729/04357 (16.73%) | loss: 3.056347 | lrm: 1.00 | dt: 4005.99ms | tok/sec: 261,752 | bf16_mfu: 47.09 | epoch: 1 | total time: 50.50m | eta: 254.8m
step 00730/04357 (16.75%) | loss: 3.065827 | lrm: 1.00 | dt: 4016.87ms | tok/sec: 261,042 | bf16_mfu: 46.96 | epoch: 1 | total time: 50.57m | eta: 254.8m
step 00731/04357 (16.78%) | loss: 3.055913 | lrm: 1.00 | dt: 4010.24ms | tok/sec: 261,474 | bf16_mfu: 47.04 | epoch: 1 | total time: 50.64m | eta: 254.7m
step 00732/04357 (16.80%) | loss: 3.044071 | lrm: 1.00 | dt: 4015.65ms | tok/sec: 261,122 | bf16_mfu: 46.97 | epoch: 1 | total time: 50.70m | eta: 254.6m
step 00733/04357 (16.82%) | loss: 3.051788 | lrm: 1.00 | dt: 4008.44ms | tok/sec: 261,591 | bf16_mfu: 47.06 | epoch: 1 | total time: 50.77m | eta: 254.5m
step 00734/04357 (16.85%) | loss: 3.052557 | lrm: 1.00 | dt: 4013.52ms | tok/sec: 261,260 | bf16_mfu: 47.00 | epoch: 1 | total time: 50.84m | eta: 254.4m
step 00735/04357 (16.87%) | loss: 3.049733 | lrm: 1.00 | dt: 4009.78ms | tok/sec: 261,504 | bf16_mfu: 47.04 | epoch: 1 | total time: 50.91m | eta: 254.3m
step 00736/04357 (16.89%) | loss: 3.037009 | lrm: 1.00 | dt: 3997.59ms | tok/sec: 262,301 | bf16_mfu: 47.19 | epoch: 1 | total time: 50.97m | eta: 254.2m
step 00737/04357 (16.92%) | loss: 3.042983 | lrm: 1.00 | dt: 4010.01ms | tok/sec: 261,489 | bf16_mfu: 47.04 | epoch: 1 | total time: 51.04m | eta: 254.1m
step 00738/04357 (16.94%) | loss: 3.048533 | lrm: 1.00 | dt: 4008.37ms | tok/sec: 261,596 | bf16_mfu: 47.06 | epoch: 1 | total time: 51.11m | eta: 254.1m
step 00739/04357 (16.96%) | loss: 3.048281 | lrm: 1.00 | dt: 4005.72ms | tok/sec: 261,769 | bf16_mfu: 47.09 | epoch: 1 | total time: 51.17m | eta: 254.0m
step 00740/04357 (16.98%) | loss: 3.045315 | lrm: 1.00 | dt: 4018.37ms | tok/sec: 260,945 | bf16_mfu: 46.94 | epoch: 1 | total time: 51.24m | eta: 253.9m
step 00741/04357 (17.01%) | loss: 3.047224 | lrm: 1.00 | dt: 4013.37ms | tok/sec: 261,270 | bf16_mfu: 47.00 | epoch: 1 | total time: 51.31m | eta: 253.8m
step 00742/04357 (17.03%) | loss: 3.047830 | lrm: 1.00 | dt: 4012.28ms | tok/sec: 261,341 | bf16_mfu: 47.01 | epoch: 1 | total time: 51.37m | eta: 253.7m
step 00743/04357 (17.05%) | loss: 3.038644 | lrm: 1.00 | dt: 4014.58ms | tok/sec: 261,191 | bf16_mfu: 46.99 | epoch: 1 | total time: 51.44m | eta: 253.6m
step 00744/04357 (17.08%) | loss: 3.038796 | lrm: 1.00 | dt: 4002.66ms | tok/sec: 261,970 | bf16_mfu: 47.13 | epoch: 1 | total time: 51.51m | eta: 253.5m
step 00745/04357 (17.10%) | loss: 3.037251 | lrm: 1.00 | dt: 4005.64ms | tok/sec: 261,774 | bf16_mfu: 47.09 | epoch: 1 | total time: 51.57m | eta: 253.4m
step 00746/04357 (17.12%) | loss: 3.062278 | lrm: 1.00 | dt: 4012.04ms | tok/sec: 261,357 | bf16_mfu: 47.02 | epoch: 1 | total time: 51.64m | eta: 253.4m
step 00747/04357 (17.14%) | loss: 3.070688 | lrm: 1.00 | dt: 4007.75ms | tok/sec: 261,636 | bf16_mfu: 47.07 | epoch: 1 | total time: 51.71m | eta: 253.3m
step 00748/04357 (17.17%) | loss: 3.070242 | lrm: 1.00 | dt: 4005.59ms | tok/sec: 261,778 | bf16_mfu: 47.09 | epoch: 1 | total time: 51.77m | eta: 253.2m
step 00749/04357 (17.19%) | loss: 3.062305 | lrm: 1.00 | dt: 4012.07ms | tok/sec: 261,355 | bf16_mfu: 47.02 | epoch: 1 | total time: 51.84m | eta: 253.1m
Step 00750 | Validation bpb: 0.923855
step 00750/04357 (17.21%) | loss: 3.045664 | lrm: 1.00 | dt: 22762.67ms | tok/sec: 46,065 | bf16_mfu: 8.29 | epoch: 1 | total time: 52.22m | eta: 254.5m
step 00751/04357 (17.24%) | loss: 3.049738 | lrm: 1.00 | dt: 3905.69ms | tok/sec: 268,474 | bf16_mfu: 48.30 | epoch: 1 | total time: 52.29m | eta: 254.4m
step 00752/04357 (17.26%) | loss: 3.047104 | lrm: 1.00 | dt: 3915.57ms | tok/sec: 267,796 | bf16_mfu: 48.17 | epoch: 1 | total time: 52.35m | eta: 254.3m
step 00753/04357 (17.28%) | loss: 3.053638 | lrm: 1.00 | dt: 3931.74ms | tok/sec: 266,695 | bf16_mfu: 47.98 | epoch: 1 | total time: 52.42m | eta: 254.2m
step 00754/04357 (17.31%) | loss: 3.059635 | lrm: 1.00 | dt: 3933.62ms | tok/sec: 266,567 | bf16_mfu: 47.95 | epoch: 1 | total time: 52.48m | eta: 254.2m
step 00755/04357 (17.33%) | loss: 3.056740 | lrm: 1.00 | dt: 3947.30ms | tok/sec: 265,644 | bf16_mfu: 47.79 | epoch: 1 | total time: 52.55m | eta: 254.1m
step 00756/04357 (17.35%) | loss: 3.048532 | lrm: 1.00 | dt: 3961.39ms | tok/sec: 264,699 | bf16_mfu: 47.62 | epoch: 1 | total time: 52.61m | eta: 254.0m
step 00757/04357 (17.37%) | loss: 3.048757 | lrm: 1.00 | dt: 3969.45ms | tok/sec: 264,161 | bf16_mfu: 47.52 | epoch: 1 | total time: 52.68m | eta: 253.9m
step 00758/04357 (17.40%) | loss: 3.054153 | lrm: 1.00 | dt: 3970.55ms | tok/sec: 264,088 | bf16_mfu: 47.51 | epoch: 1 | total time: 52.75m | eta: 253.8m
step 00759/04357 (17.42%) | loss: 3.049213 | lrm: 1.00 | dt: 3977.13ms | tok/sec: 263,651 | bf16_mfu: 47.43 | epoch: 1 | total time: 52.81m | eta: 253.7m
step 00760/04357 (17.44%) | loss: 3.076604 | lrm: 1.00 | dt: 3987.62ms | tok/sec: 262,958 | bf16_mfu: 47.30 | epoch: 1 | total time: 52.88m | eta: 253.6m
step 00761/04357 (17.47%) | loss: 3.070318 | lrm: 1.00 | dt: 3982.72ms | tok/sec: 263,281 | bf16_mfu: 47.36 | epoch: 1 | total time: 52.94m | eta: 253.5m
step 00762/04357 (17.49%) | loss: 3.067692 | lrm: 1.00 | dt: 3989.71ms | tok/sec: 262,820 | bf16_mfu: 47.28 | epoch: 1 | total time: 53.01m | eta: 253.4m
step 00763/04357 (17.51%) | loss: 3.061657 | lrm: 1.00 | dt: 3988.96ms | tok/sec: 262,869 | bf16_mfu: 47.29 | epoch: 1 | total time: 53.08m | eta: 253.3m
step 00764/04357 (17.54%) | loss: 3.066221 | lrm: 1.00 | dt: 4002.02ms | tok/sec: 262,011 | bf16_mfu: 47.13 | epoch: 1 | total time: 53.14m | eta: 253.2m
step 00765/04357 (17.56%) | loss: 3.064358 | lrm: 1.00 | dt: 3989.02ms | tok/sec: 262,865 | bf16_mfu: 47.29 | epoch: 1 | total time: 53.21m | eta: 253.2m
step 00766/04357 (17.58%) | loss: 3.056514 | lrm: 1.00 | dt: 3995.42ms | tok/sec: 262,444 | bf16_mfu: 47.21 | epoch: 1 | total time: 53.28m | eta: 253.1m
step 00767/04357 (17.60%) | loss: 3.049200 | lrm: 1.00 | dt: 4000.85ms | tok/sec: 262,088 | bf16_mfu: 47.15 | epoch: 1 | total time: 53.34m | eta: 253.0m
step 00768/04357 (17.63%) | loss: 3.039845 | lrm: 1.00 | dt: 4005.98ms | tok/sec: 261,752 | bf16_mfu: 47.09 | epoch: 1 | total time: 53.41m | eta: 252.9m
step 00769/04357 (17.65%) | loss: 3.026865 | lrm: 1.00 | dt: 4004.52ms | tok/sec: 261,847 | bf16_mfu: 47.10 | epoch: 1 | total time: 53.48m | eta: 252.8m
step 00770/04357 (17.67%) | loss: 3.039073 | lrm: 1.00 | dt: 3999.00ms | tok/sec: 262,209 | bf16_mfu: 47.17 | epoch: 1 | total time: 53.54m | eta: 252.7m
step 00771/04357 (17.70%) | loss: 3.033682 | lrm: 1.00 | dt: 4000.91ms | tok/sec: 262,084 | bf16_mfu: 47.15 | epoch: 1 | total time: 53.61m | eta: 252.6m
step 00772/04357 (17.72%) | loss: 3.036990 | lrm: 1.00 | dt: 4007.29ms | tok/sec: 261,667 | bf16_mfu: 47.07 | epoch: 1 | total time: 53.68m | eta: 252.5m
step 00773/04357 (17.74%) | loss: 3.043457 | lrm: 1.00 | dt: 4019.23ms | tok/sec: 260,889 | bf16_mfu: 46.93 | epoch: 1 | total time: 53.74m | eta: 252.5m
step 00774/04357 (17.76%) | loss: 3.052017 | lrm: 1.00 | dt: 4004.85ms | tok/sec: 261,826 | bf16_mfu: 47.10 | epoch: 1 | total time: 53.81m | eta: 252.4m
step 00775/04357 (17.79%) | loss: 3.041023 | lrm: 1.00 | dt: 4001.77ms | tok/sec: 262,027 | bf16_mfu: 47.14 | epoch: 1 | total time: 53.88m | eta: 252.3m
step 00776/04357 (17.81%) | loss: 3.039653 | lrm: 1.00 | dt: 4010.05ms | tok/sec: 261,487 | bf16_mfu: 47.04 | epoch: 1 | total time: 53.95m | eta: 252.2m
step 00777/04357 (17.83%) | loss: 3.034224 | lrm: 1.00 | dt: 4008.53ms | tok/sec: 261,586 | bf16_mfu: 47.06 | epoch: 1 | total time: 54.01m | eta: 252.1m
step 00778/04357 (17.86%) | loss: 3.037194 | lrm: 1.00 | dt: 4012.82ms | tok/sec: 261,306 | bf16_mfu: 47.01 | epoch: 1 | total time: 54.08m | eta: 252.0m
step 00779/04357 (17.88%) | loss: 3.036656 | lrm: 1.00 | dt: 4005.74ms | tok/sec: 261,768 | bf16_mfu: 47.09 | epoch: 1 | total time: 54.15m | eta: 251.9m
step 00780/04357 (17.90%) | loss: 3.044108 | lrm: 1.00 | dt: 4019.84ms | tok/sec: 260,849 | bf16_mfu: 46.92 | epoch: 1 | total time: 54.21m | eta: 251.8m
step 00781/04357 (17.93%) | loss: 3.036596 | lrm: 1.00 | dt: 4011.07ms | tok/sec: 261,420 | bf16_mfu: 47.03 | epoch: 1 | total time: 54.28m | eta: 251.8m
step 00782/04357 (17.95%) | loss: 3.033017 | lrm: 1.00 | dt: 4014.91ms | tok/sec: 261,170 | bf16_mfu: 46.98 | epoch: 1 | total time: 54.35m | eta: 251.7m
step 00783/04357 (17.97%) | loss: 3.036181 | lrm: 1.00 | dt: 4007.91ms | tok/sec: 261,626 | bf16_mfu: 47.06 | epoch: 1 | total time: 54.41m | eta: 251.6m
step 00784/04357 (17.99%) | loss: 3.031011 | lrm: 1.00 | dt: 4006.28ms | tok/sec: 261,732 | bf16_mfu: 47.08 | epoch: 1 | total time: 54.48m | eta: 251.5m
step 00785/04357 (18.02%) | loss: 3.033438 | lrm: 1.00 | dt: 4011.71ms | tok/sec: 261,378 | bf16_mfu: 47.02 | epoch: 1 | total time: 54.55m | eta: 251.4m
step 00786/04357 (18.04%) | loss: 3.021850 | lrm: 1.00 | dt: 4014.92ms | tok/sec: 261,170 | bf16_mfu: 46.98 | epoch: 1 | total time: 54.61m | eta: 251.3m
step 00787/04357 (18.06%) | loss: 3.030738 | lrm: 1.00 | dt: 4007.30ms | tok/sec: 261,666 | bf16_mfu: 47.07 | epoch: 1 | total time: 54.68m | eta: 251.2m
step 00788/04357 (18.09%) | loss: 3.026054 | lrm: 1.00 | dt: 4008.13ms | tok/sec: 261,612 | bf16_mfu: 47.06 | epoch: 1 | total time: 54.75m | eta: 251.1m
step 00789/04357 (18.11%) | loss: 3.029984 | lrm: 1.00 | dt: 4018.48ms | tok/sec: 260,938 | bf16_mfu: 46.94 | epoch: 1 | total time: 54.81m | eta: 251.1m
step 00790/04357 (18.13%) | loss: 3.029773 | lrm: 1.00 | dt: 4009.69ms | tok/sec: 261,510 | bf16_mfu: 47.04 | epoch: 1 | total time: 54.88m | eta: 251.0m
step 00791/04357 (18.15%) | loss: 3.017383 | lrm: 1.00 | dt: 4007.07ms | tok/sec: 261,681 | bf16_mfu: 47.07 | epoch: 1 | total time: 54.95m | eta: 250.9m
step 00792/04357 (18.18%) | loss: 3.024620 | lrm: 1.00 | dt: 4016.31ms | tok/sec: 261,079 | bf16_mfu: 46.97 | epoch: 1 | total time: 55.01m | eta: 250.8m
step 00793/04357 (18.20%) | loss: 3.050244 | lrm: 1.00 | dt: 4011.18ms | tok/sec: 261,413 | bf16_mfu: 47.03 | epoch: 1 | total time: 55.08m | eta: 250.7m
step 00794/04357 (18.22%) | loss: 3.041282 | lrm: 1.00 | dt: 4012.51ms | tok/sec: 261,326 | bf16_mfu: 47.01 | epoch: 1 | total time: 55.15m | eta: 250.6m
step 00795/04357 (18.25%) | loss: 3.038442 | lrm: 1.00 | dt: 4008.92ms | tok/sec: 261,561 | bf16_mfu: 47.05 | epoch: 1 | total time: 55.22m | eta: 250.5m
step 00796/04357 (18.27%) | loss: 3.040789 | lrm: 1.00 | dt: 4014.64ms | tok/sec: 261,188 | bf16_mfu: 46.99 | epoch: 1 | total time: 55.28m | eta: 250.5m
step 00797/04357 (18.29%) | loss: 3.048201 | lrm: 1.00 | dt: 4013.97ms | tok/sec: 261,231 | bf16_mfu: 46.99 | epoch: 1 | total time: 55.35m | eta: 250.4m
step 00798/04357 (18.32%) | loss: 3.041550 | lrm: 1.00 | dt: 4010.23ms | tok/sec: 261,475 | bf16_mfu: 47.04 | epoch: 1 | total time: 55.42m | eta: 250.3m
step 00799/04357 (18.34%) | loss: 3.025196 | lrm: 1.00 | dt: 4014.79ms | tok/sec: 261,177 | bf16_mfu: 46.98 | epoch: 1 | total time: 55.48m | eta: 250.2m
step 00800/04357 (18.36%) | loss: 3.018024 | lrm: 1.00 | dt: 11282.56ms | tok/sec: 92,937 | bf16_mfu: 16.72 | epoch: 1 | total time: 55.67m | eta: 250.7m
step 00801/04357 (18.38%) | loss: 3.021515 | lrm: 1.00 | dt: 3929.28ms | tok/sec: 266,862 | bf16_mfu: 48.01 | epoch: 1 | total time: 55.74m | eta: 250.6m
step 00802/04357 (18.41%) | loss: 3.025967 | lrm: 1.00 | dt: 3973.77ms | tok/sec: 263,874 | bf16_mfu: 47.47 | epoch: 1 | total time: 55.80m | eta: 250.5m
step 00803/04357 (18.43%) | loss: 3.017223 | lrm: 1.00 | dt: 3979.50ms | tok/sec: 263,494 | bf16_mfu: 47.40 | epoch: 1 | total time: 55.87m | eta: 250.4m
step 00804/04357 (18.45%) | loss: 3.011905 | lrm: 1.00 | dt: 3978.19ms | tok/sec: 263,581 | bf16_mfu: 47.42 | epoch: 1 | total time: 55.94m | eta: 250.3m
step 00805/04357 (18.48%) | loss: 3.008239 | lrm: 1.00 | dt: 3983.25ms | tok/sec: 263,246 | bf16_mfu: 47.36 | epoch: 1 | total time: 56.00m | eta: 250.2m
step 00806/04357 (18.50%) | loss: 3.008398 | lrm: 1.00 | dt: 3988.90ms | tok/sec: 262,873 | bf16_mfu: 47.29 | epoch: 1 | total time: 56.07m | eta: 250.1m
step 00807/04357 (18.52%) | loss: 3.002984 | lrm: 1.00 | dt: 3998.50ms | tok/sec: 262,242 | bf16_mfu: 47.18 | epoch: 1 | total time: 56.13m | eta: 250.0m
step 00808/04357 (18.54%) | loss: 3.008493 | lrm: 1.00 | dt: 3996.69ms | tok/sec: 262,360 | bf16_mfu: 47.20 | epoch: 1 | total time: 56.20m | eta: 249.9m
step 00809/04357 (18.57%) | loss: 3.005256 | lrm: 1.00 | dt: 3984.56ms | tok/sec: 263,159 | bf16_mfu: 47.34 | epoch: 1 | total time: 56.27m | eta: 249.9m
step 00810/04357 (18.59%) | loss: 2.992853 | lrm: 1.00 | dt: 3994.25ms | tok/sec: 262,521 | bf16_mfu: 47.23 | epoch: 1 | total time: 56.33m | eta: 249.8m
step 00811/04357 (18.61%) | loss: 3.002290 | lrm: 1.00 | dt: 3996.52ms | tok/sec: 262,372 | bf16_mfu: 47.20 | epoch: 1 | total time: 56.40m | eta: 249.7m
step 00812/04357 (18.64%) | loss: 3.008063 | lrm: 1.00 | dt: 3991.50ms | tok/sec: 262,702 | bf16_mfu: 47.26 | epoch: 1 | total time: 56.47m | eta: 249.6m
step 00813/04357 (18.66%) | loss: 3.012432 | lrm: 1.00 | dt: 4000.48ms | tok/sec: 262,112 | bf16_mfu: 47.15 | epoch: 1 | total time: 56.53m | eta: 249.5m
step 00814/04357 (18.68%) | loss: 3.003234 | lrm: 1.00 | dt: 3991.36ms | tok/sec: 262,711 | bf16_mfu: 47.26 | epoch: 1 | total time: 56.60m | eta: 249.4m
step 00815/04357 (18.71%) | loss: 3.001322 | lrm: 1.00 | dt: 4014.58ms | tok/sec: 261,191 | bf16_mfu: 46.99 | epoch: 1 | total time: 56.67m | eta: 249.3m
step 00816/04357 (18.73%) | loss: 3.013312 | lrm: 1.00 | dt: 4002.24ms | tok/sec: 261,997 | bf16_mfu: 47.13 | epoch: 1 | total time: 56.73m | eta: 249.3m
step 00817/04357 (18.75%) | loss: 3.011415 | lrm: 1.00 | dt: 4003.37ms | tok/sec: 261,923 | bf16_mfu: 47.12 | epoch: 1 | total time: 56.80m | eta: 249.2m
step 00818/04357 (18.77%) | loss: 3.012303 | lrm: 1.00 | dt: 4011.31ms | tok/sec: 261,405 | bf16_mfu: 47.02 | epoch: 1 | total time: 56.87m | eta: 249.1m
step 00819/04357 (18.80%) | loss: 3.018566 | lrm: 1.00 | dt: 4002.78ms | tok/sec: 261,961 | bf16_mfu: 47.12 | epoch: 1 | total time: 56.93m | eta: 249.0m
step 00820/04357 (18.82%) | loss: 3.022379 | lrm: 1.00 | dt: 4007.72ms | tok/sec: 261,639 | bf16_mfu: 47.07 | epoch: 1 | total time: 57.00m | eta: 248.9m
step 00821/04357 (18.84%) | loss: 3.024493 | lrm: 1.00 | dt: 4005.44ms | tok/sec: 261,787 | bf16_mfu: 47.09 | epoch: 1 | total time: 57.07m | eta: 248.8m
step 00822/04357 (18.87%) | loss: 3.027589 | lrm: 1.00 | dt: 4006.49ms | tok/sec: 261,719 | bf16_mfu: 47.08 | epoch: 1 | total time: 57.13m | eta: 248.7m
step 00823/04357 (18.89%) | loss: 3.020654 | lrm: 1.00 | dt: 4012.31ms | tok/sec: 261,339 | bf16_mfu: 47.01 | epoch: 1 | total time: 57.20m | eta: 248.6m
step 00824/04357 (18.91%) | loss: 3.014704 | lrm: 1.00 | dt: 4007.57ms | tok/sec: 261,649 | bf16_mfu: 47.07 | epoch: 1 | total time: 57.27m | eta: 248.6m
step 00825/04357 (18.94%) | loss: 3.012054 | lrm: 1.00 | dt: 4010.57ms | tok/sec: 261,452 | bf16_mfu: 47.03 | epoch: 1 | total time: 57.34m | eta: 248.5m
step 00826/04357 (18.96%) | loss: 3.019608 | lrm: 1.00 | dt: 4007.46ms | tok/sec: 261,655 | bf16_mfu: 47.07 | epoch: 1 | total time: 57.40m | eta: 248.4m
step 00827/04357 (18.98%) | loss: 3.020765 | lrm: 1.00 | dt: 4015.67ms | tok/sec: 261,120 | bf16_mfu: 46.97 | epoch: 1 | total time: 57.47m | eta: 248.3m
step 00828/04357 (19.00%) | loss: 3.012269 | lrm: 1.00 | dt: 4009.23ms | tok/sec: 261,540 | bf16_mfu: 47.05 | epoch: 1 | total time: 57.54m | eta: 248.2m
step 00829/04357 (19.03%) | loss: 3.020886 | lrm: 1.00 | dt: 4004.95ms | tok/sec: 261,819 | bf16_mfu: 47.10 | epoch: 1 | total time: 57.60m | eta: 248.1m
step 00830/04357 (19.05%) | loss: 3.010795 | lrm: 1.00 | dt: 4002.96ms | tok/sec: 261,949 | bf16_mfu: 47.12 | epoch: 1 | total time: 57.67m | eta: 248.0m
step 00831/04357 (19.07%) | loss: 3.001148 | lrm: 1.00 | dt: 4008.56ms | tok/sec: 261,584 | bf16_mfu: 47.06 | epoch: 1 | total time: 57.74m | eta: 248.0m
step 00832/04357 (19.10%) | loss: 3.003265 | lrm: 1.00 | dt: 4007.66ms | tok/sec: 261,642 | bf16_mfu: 47.07 | epoch: 1 | total time: 57.80m | eta: 247.9m
step 00833/04357 (19.12%) | loss: 3.010794 | lrm: 1.00 | dt: 4008.07ms | tok/sec: 261,616 | bf16_mfu: 47.06 | epoch: 1 | total time: 57.87m | eta: 247.8m
step 00834/04357 (19.14%) | loss: 3.003601 | lrm: 1.00 | dt: 4012.44ms | tok/sec: 261,331 | bf16_mfu: 47.01 | epoch: 1 | total time: 57.94m | eta: 247.7m
step 00835/04357 (19.16%) | loss: 3.000319 | lrm: 1.00 | dt: 4003.84ms | tok/sec: 261,892 | bf16_mfu: 47.11 | epoch: 1 | total time: 58.00m | eta: 247.6m
step 00836/04357 (19.19%) | loss: 2.984124 | lrm: 1.00 | dt: 4015.55ms | tok/sec: 261,128 | bf16_mfu: 46.97 | epoch: 1 | total time: 58.07m | eta: 247.5m
step 00837/04357 (19.21%) | loss: 2.986075 | lrm: 1.00 | dt: 4006.25ms | tok/sec: 261,735 | bf16_mfu: 47.08 | epoch: 1 | total time: 58.14m | eta: 247.5m
step 00838/04357 (19.23%) | loss: 2.985233 | lrm: 1.00 | dt: 4019.66ms | tok/sec: 260,862 | bf16_mfu: 46.93 | epoch: 1 | total time: 58.20m | eta: 247.4m
step 00839/04357 (19.26%) | loss: 2.986408 | lrm: 1.00 | dt: 4017.81ms | tok/sec: 260,981 | bf16_mfu: 46.95 | epoch: 1 | total time: 58.27m | eta: 247.3m
step 00840/04357 (19.28%) | loss: 2.997134 | lrm: 1.00 | dt: 4010.01ms | tok/sec: 261,489 | bf16_mfu: 47.04 | epoch: 1 | total time: 58.34m | eta: 247.2m
step 00841/04357 (19.30%) | loss: 2.999209 | lrm: 1.00 | dt: 4005.47ms | tok/sec: 261,786 | bf16_mfu: 47.09 | epoch: 1 | total time: 58.40m | eta: 247.1m
step 00842/04357 (19.33%) | loss: 3.006219 | lrm: 1.00 | dt: 4011.88ms | tok/sec: 261,367 | bf16_mfu: 47.02 | epoch: 1 | total time: 58.47m | eta: 247.0m
step 00843/04357 (19.35%) | loss: 2.994861 | lrm: 1.00 | dt: 4018.94ms | tok/sec: 260,908 | bf16_mfu: 46.94 | epoch: 1 | total time: 58.54m | eta: 246.9m
step 00844/04357 (19.37%) | loss: 3.006021 | lrm: 1.00 | dt: 4008.43ms | tok/sec: 261,592 | bf16_mfu: 47.06 | epoch: 1 | total time: 58.61m | eta: 246.9m
step 00845/04357 (19.39%) | loss: 2.997521 | lrm: 1.00 | dt: 4011.44ms | tok/sec: 261,396 | bf16_mfu: 47.02 | epoch: 1 | total time: 58.67m | eta: 246.8m
step 00846/04357 (19.42%) | loss: 3.000980 | lrm: 1.00 | dt: 4010.45ms | tok/sec: 261,460 | bf16_mfu: 47.03 | epoch: 1 | total time: 58.74m | eta: 246.7m
step 00847/04357 (19.44%) | loss: 3.008001 | lrm: 1.00 | dt: 4014.39ms | tok/sec: 261,204 | bf16_mfu: 46.99 | epoch: 1 | total time: 58.81m | eta: 246.6m
step 00848/04357 (19.46%) | loss: 3.004030 | lrm: 1.00 | dt: 4008.69ms | tok/sec: 261,575 | bf16_mfu: 47.06 | epoch: 1 | total time: 58.87m | eta: 246.5m
step 00849/04357 (19.49%) | loss: 2.992966 | lrm: 1.00 | dt: 4008.38ms | tok/sec: 261,595 | bf16_mfu: 47.06 | epoch: 1 | total time: 58.94m | eta: 246.4m
step 00850/04357 (19.51%) | loss: 2.990436 | lrm: 1.00 | dt: 11270.06ms | tok/sec: 93,040 | bf16_mfu: 16.74 | epoch: 1 | total time: 59.13m | eta: 246.9m
step 00851/04357 (19.53%) | loss: 2.985104 | lrm: 1.00 | dt: 3928.17ms | tok/sec: 266,937 | bf16_mfu: 48.02 | epoch: 1 | total time: 59.19m | eta: 246.8m
step 00852/04357 (19.55%) | loss: 2.982141 | lrm: 1.00 | dt: 3960.75ms | tok/sec: 264,741 | bf16_mfu: 47.62 | epoch: 1 | total time: 59.26m | eta: 246.7m
step 00853/04357 (19.58%) | loss: 2.982741 | lrm: 1.00 | dt: 3979.22ms | tok/sec: 263,512 | bf16_mfu: 47.40 | epoch: 1 | total time: 59.33m | eta: 246.6m
step 00854/04357 (19.60%) | loss: 2.983082 | lrm: 1.00 | dt: 3970.30ms | tok/sec: 264,105 | bf16_mfu: 47.51 | epoch: 1 | total time: 59.39m | eta: 246.5m
step 00855/04357 (19.62%) | loss: 2.983680 | lrm: 1.00 | dt: 3976.96ms | tok/sec: 263,662 | bf16_mfu: 47.43 | epoch: 1 | total time: 59.46m | eta: 246.4m
step 00856/04357 (19.65%) | loss: 2.986861 | lrm: 1.00 | dt: 3985.13ms | tok/sec: 263,122 | bf16_mfu: 47.33 | epoch: 1 | total time: 59.52m | eta: 246.3m
step 00857/04357 (19.67%) | loss: 2.987984 | lrm: 1.00 | dt: 3978.28ms | tok/sec: 263,575 | bf16_mfu: 47.41 | epoch: 1 | total time: 59.59m | eta: 246.2m
step 00858/04357 (19.69%) | loss: 2.990729 | lrm: 1.00 | dt: 3995.55ms | tok/sec: 262,435 | bf16_mfu: 47.21 | epoch: 1 | total time: 59.66m | eta: 246.2m
step 00859/04357 (19.72%) | loss: 2.979844 | lrm: 1.00 | dt: 3989.77ms | tok/sec: 262,816 | bf16_mfu: 47.28 | epoch: 1 | total time: 59.72m | eta: 246.1m
step 00860/04357 (19.74%) | loss: 2.974675 | lrm: 1.00 | dt: 3989.71ms | tok/sec: 262,820 | bf16_mfu: 47.28 | epoch: 1 | total time: 59.79m | eta: 246.0m
step 00861/04357 (19.76%) | loss: 2.974345 | lrm: 1.00 | dt: 3990.41ms | tok/sec: 262,774 | bf16_mfu: 47.27 | epoch: 1 | total time: 59.86m | eta: 245.9m
step 00862/04357 (19.78%) | loss: 2.987194 | lrm: 1.00 | dt: 3988.03ms | tok/sec: 262,931 | bf16_mfu: 47.30 | epoch: 1 | total time: 59.92m | eta: 245.8m
step 00863/04357 (19.81%) | loss: 2.983049 | lrm: 1.00 | dt: 3986.88ms | tok/sec: 263,006 | bf16_mfu: 47.31 | epoch: 1 | total time: 59.99m | eta: 245.7m
step 00864/04357 (19.83%) | loss: 2.969246 | lrm: 1.00 | dt: 3987.44ms | tok/sec: 262,969 | bf16_mfu: 47.31 | epoch: 1 | total time: 60.06m | eta: 245.6m
step 00865/04357 (19.85%) | loss: 2.965387 | lrm: 1.00 | dt: 3999.88ms | tok/sec: 262,151 | bf16_mfu: 47.16 | epoch: 1 | total time: 60.12m | eta: 245.6m
step 00866/04357 (19.88%) | loss: 2.970635 | lrm: 1.00 | dt: 3994.78ms | tok/sec: 262,486 | bf16_mfu: 47.22 | epoch: 1 | total time: 60.19m | eta: 245.5m
step 00867/04357 (19.90%) | loss: 2.978734 | lrm: 1.00 | dt: 3996.64ms | tok/sec: 262,364 | bf16_mfu: 47.20 | epoch: 1 | total time: 60.26m | eta: 245.4m
step 00868/04357 (19.92%) | loss: 2.976884 | lrm: 1.00 | dt: 3999.72ms | tok/sec: 262,162 | bf16_mfu: 47.16 | epoch: 1 | total time: 60.32m | eta: 245.3m
step 00869/04357 (19.94%) | loss: 2.982810 | lrm: 1.00 | dt: 3993.56ms | tok/sec: 262,566 | bf16_mfu: 47.23 | epoch: 1 | total time: 60.39m | eta: 245.2m
step 00870/04357 (19.97%) | loss: 2.987446 | lrm: 1.00 | dt: 3990.93ms | tok/sec: 262,740 | bf16_mfu: 47.26 | epoch: 1 | total time: 60.46m | eta: 245.1m
step 00871/04357 (19.99%) | loss: 2.994769 | lrm: 1.00 | dt: 4005.72ms | tok/sec: 261,769 | bf16_mfu: 47.09 | epoch: 1 | total time: 60.52m | eta: 245.0m
step 00872/04357 (20.01%) | loss: 2.994447 | lrm: 1.00 | dt: 4002.22ms | tok/sec: 261,998 | bf16_mfu: 47.13 | epoch: 1 | total time: 60.59m | eta: 245.0m
step 00873/04357 (20.04%) | loss: 2.998691 | lrm: 1.00 | dt: 3989.47ms | tok/sec: 262,836 | bf16_mfu: 47.28 | epoch: 1 | total time: 60.66m | eta: 244.9m
step 00874/04357 (20.06%) | loss: 3.009750 | lrm: 1.00 | dt: 3997.20ms | tok/sec: 262,327 | bf16_mfu: 47.19 | epoch: 1 | total time: 60.72m | eta: 244.8m
step 00875/04357 (20.08%) | loss: 3.000883 | lrm: 1.00 | dt: 3998.30ms | tok/sec: 262,255 | bf16_mfu: 47.18 | epoch: 1 | total time: 60.79m | eta: 244.7m
step 00876/04357 (20.11%) | loss: 3.000361 | lrm: 1.00 | dt: 3993.72ms | tok/sec: 262,556 | bf16_mfu: 47.23 | epoch: 1 | total time: 60.86m | eta: 244.6m
step 00877/04357 (20.13%) | loss: 2.994201 | lrm: 1.00 | dt: 3995.76ms | tok/sec: 262,422 | bf16_mfu: 47.21 | epoch: 1 | total time: 60.92m | eta: 244.5m
step 00878/04357 (20.15%) | loss: 3.006595 | lrm: 1.00 | dt: 4006.07ms | tok/sec: 261,747 | bf16_mfu: 47.09 | epoch: 1 | total time: 60.99m | eta: 244.4m
step 00879/04357 (20.17%) | loss: 3.011234 | lrm: 1.00 | dt: 4004.08ms | tok/sec: 261,876 | bf16_mfu: 47.11 | epoch: 1 | total time: 61.06m | eta: 244.4m
step 00880/04357 (20.20%) | loss: 3.004652 | lrm: 1.00 | dt: 3998.07ms | tok/sec: 262,270 | bf16_mfu: 47.18 | epoch: 1 | total time: 61.12m | eta: 244.3m
step 00881/04357 (20.22%) | loss: 3.001342 | lrm: 1.00 | dt: 3996.86ms | tok/sec: 262,350 | bf16_mfu: 47.19 | epoch: 1 | total time: 61.19m | eta: 244.2m
step 00882/04357 (20.24%) | loss: 3.012206 | lrm: 1.00 | dt: 4009.95ms | tok/sec: 261,493 | bf16_mfu: 47.04 | epoch: 1 | total time: 61.26m | eta: 244.1m
step 00883/04357 (20.27%) | loss: 3.011752 | lrm: 1.00 | dt: 4005.42ms | tok/sec: 261,789 | bf16_mfu: 47.09 | epoch: 1 | total time: 61.32m | eta: 244.0m
step 00884/04357 (20.29%) | loss: 3.003031 | lrm: 1.00 | dt: 4005.04ms | tok/sec: 261,814 | bf16_mfu: 47.10 | epoch: 1 | total time: 61.39m | eta: 243.9m
step 00885/04357 (20.31%) | loss: 2.995281 | lrm: 1.00 | dt: 4000.84ms | tok/sec: 262,088 | bf16_mfu: 47.15 | epoch: 1 | total time: 61.46m | eta: 243.9m
step 00886/04357 (20.34%) | loss: 3.004040 | lrm: 1.00 | dt: 3990.36ms | tok/sec: 262,777 | bf16_mfu: 47.27 | epoch: 1 | total time: 61.52m | eta: 243.8m
step 00887/04357 (20.36%) | loss: 2.996850 | lrm: 1.00 | dt: 3993.97ms | tok/sec: 262,539 | bf16_mfu: 47.23 | epoch: 1 | total time: 61.59m | eta: 243.7m
step 00888/04357 (20.38%) | loss: 3.008978 | lrm: 1.00 | dt: 3992.43ms | tok/sec: 262,640 | bf16_mfu: 47.25 | epoch: 1 | total time: 61.66m | eta: 243.6m
step 00889/04357 (20.40%) | loss: 2.999046 | lrm: 1.00 | dt: 3999.42ms | tok/sec: 262,181 | bf16_mfu: 47.16 | epoch: 1 | total time: 61.72m | eta: 243.5m
step 00890/04357 (20.43%) | loss: 3.012167 | lrm: 1.00 | dt: 3998.80ms | tok/sec: 262,222 | bf16_mfu: 47.17 | epoch: 1 | total time: 61.79m | eta: 243.4m
step 00891/04357 (20.45%) | loss: 3.021578 | lrm: 1.00 | dt: 4003.08ms | tok/sec: 261,942 | bf16_mfu: 47.12 | epoch: 1 | total time: 61.86m | eta: 243.3m
step 00892/04357 (20.47%) | loss: 3.016021 | lrm: 1.00 | dt: 4001.04ms | tok/sec: 262,076 | bf16_mfu: 47.15 | epoch: 1 | total time: 61.92m | eta: 243.3m
step 00893/04357 (20.50%) | loss: 3.006931 | lrm: 1.00 | dt: 3999.96ms | tok/sec: 262,146 | bf16_mfu: 47.16 | epoch: 1 | total time: 61.99m | eta: 243.2m
step 00894/04357 (20.52%) | loss: 3.008285 | lrm: 1.00 | dt: 3996.69ms | tok/sec: 262,361 | bf16_mfu: 47.20 | epoch: 1 | total time: 62.06m | eta: 243.1m
step 00895/04357 (20.54%) | loss: 3.004360 | lrm: 1.00 | dt: 4001.79ms | tok/sec: 262,026 | bf16_mfu: 47.14 | epoch: 1 | total time: 62.12m | eta: 243.0m
step 00896/04357 (20.56%) | loss: 3.012373 | lrm: 1.00 | dt: 4005.19ms | tok/sec: 261,804 | bf16_mfu: 47.10 | epoch: 1 | total time: 62.19m | eta: 242.9m
step 00897/04357 (20.59%) | loss: 3.013083 | lrm: 1.00 | dt: 3997.83ms | tok/sec: 262,286 | bf16_mfu: 47.18 | epoch: 1 | total time: 62.26m | eta: 242.8m
step 00898/04357 (20.61%) | loss: 3.028196 | lrm: 1.00 | dt: 3996.28ms | tok/sec: 262,387 | bf16_mfu: 47.20 | epoch: 1 | total time: 62.32m | eta: 242.8m
step 00899/04357 (20.63%) | loss: 3.024852 | lrm: 1.00 | dt: 4001.75ms | tok/sec: 262,029 | bf16_mfu: 47.14 | epoch: 1 | total time: 62.39m | eta: 242.7m
step 00900/04357 (20.66%) | loss: 3.017889 | lrm: 1.00 | dt: 11263.86ms | tok/sec: 93,092 | bf16_mfu: 16.75 | epoch: 1 | total time: 62.58m | eta: 243.1m
step 00901/04357 (20.68%) | loss: 3.025609 | lrm: 1.00 | dt: 3921.96ms | tok/sec: 267,360 | bf16_mfu: 48.10 | epoch: 1 | total time: 62.64m | eta: 243.0m
step 00902/04357 (20.70%) | loss: 3.020597 | lrm: 1.00 | dt: 3959.59ms | tok/sec: 264,819 | bf16_mfu: 47.64 | epoch: 1 | total time: 62.71m | eta: 242.9m
step 00903/04357 (20.73%) | loss: 3.027348 | lrm: 1.00 | dt: 3962.65ms | tok/sec: 264,615 | bf16_mfu: 47.60 | epoch: 1 | total time: 62.77m | eta: 242.8m
step 00904/04357 (20.75%) | loss: 3.036601 | lrm: 1.00 | dt: 3967.91ms | tok/sec: 264,263 | bf16_mfu: 47.54 | epoch: 1 | total time: 62.84m | eta: 242.7m
step 00905/04357 (20.77%) | loss: 3.031690 | lrm: 1.00 | dt: 3972.04ms | tok/sec: 263,989 | bf16_mfu: 47.49 | epoch: 1 | total time: 62.91m | eta: 242.6m
step 00906/04357 (20.79%) | loss: 3.027194 | lrm: 1.00 | dt: 3972.23ms | tok/sec: 263,976 | bf16_mfu: 47.49 | epoch: 1 | total time: 62.97m | eta: 242.5m
step 00907/04357 (20.82%) | loss: 3.025255 | lrm: 1.00 | dt: 3981.56ms | tok/sec: 263,357 | bf16_mfu: 47.38 | epoch: 1 | total time: 63.04m | eta: 242.5m
step 00908/04357 (20.84%) | loss: 3.027429 | lrm: 1.00 | dt: 3988.49ms | tok/sec: 262,900 | bf16_mfu: 47.29 | epoch: 1 | total time: 63.11m | eta: 242.4m
step 00909/04357 (20.86%) | loss: 3.032591 | lrm: 1.00 | dt: 3989.08ms | tok/sec: 262,861 | bf16_mfu: 47.29 | epoch: 1 | total time: 63.17m | eta: 242.3m
step 00910/04357 (20.89%) | loss: 3.024122 | lrm: 1.00 | dt: 3985.03ms | tok/sec: 263,128 | bf16_mfu: 47.33 | epoch: 1 | total time: 63.24m | eta: 242.2m
step 00911/04357 (20.91%) | loss: 3.026694 | lrm: 1.00 | dt: 3985.67ms | tok/sec: 263,086 | bf16_mfu: 47.33 | epoch: 1 | total time: 63.30m | eta: 242.1m
step 00912/04357 (20.93%) | loss: 3.031375 | lrm: 1.00 | dt: 3987.16ms | tok/sec: 262,987 | bf16_mfu: 47.31 | epoch: 1 | total time: 63.37m | eta: 242.0m
step 00913/04357 (20.95%) | loss: 3.028121 | lrm: 1.00 | dt: 3978.60ms | tok/sec: 263,553 | bf16_mfu: 47.41 | epoch: 1 | total time: 63.44m | eta: 241.9m
step 00914/04357 (20.98%) | loss: 3.012259 | lrm: 1.00 | dt: 3986.18ms | tok/sec: 263,052 | bf16_mfu: 47.32 | epoch: 1 | total time: 63.50m | eta: 241.9m
step 00915/04357 (21.00%) | loss: 3.006469 | lrm: 1.00 | dt: 3988.77ms | tok/sec: 262,881 | bf16_mfu: 47.29 | epoch: 1 | total time: 63.57m | eta: 241.8m
step 00916/04357 (21.02%) | loss: 3.001888 | lrm: 1.00 | dt: 3994.72ms | tok/sec: 262,490 | bf16_mfu: 47.22 | epoch: 1 | total time: 63.64m | eta: 241.7m
step 00917/04357 (21.05%) | loss: 2.994863 | lrm: 1.00 | dt: 3988.18ms | tok/sec: 262,921 | bf16_mfu: 47.30 | epoch: 1 | total time: 63.70m | eta: 241.6m
step 00918/04357 (21.07%) | loss: 2.994703 | lrm: 1.00 | dt: 3982.18ms | tok/sec: 263,317 | bf16_mfu: 47.37 | epoch: 1 | total time: 63.77m | eta: 241.5m
step 00919/04357 (21.09%) | loss: 2.998499 | lrm: 1.00 | dt: 3990.75ms | tok/sec: 262,751 | bf16_mfu: 47.27 | epoch: 1 | total time: 63.84m | eta: 241.4m
step 00920/04357 (21.12%) | loss: 2.984097 | lrm: 1.00 | dt: 3993.21ms | tok/sec: 262,589 | bf16_mfu: 47.24 | epoch: 1 | total time: 63.90m | eta: 241.4m
step 00921/04357 (21.14%) | loss: 2.983131 | lrm: 1.00 | dt: 3992.39ms | tok/sec: 262,643 | bf16_mfu: 47.25 | epoch: 1 | total time: 63.97m | eta: 241.3m
step 00922/04357 (21.16%) | loss: 2.973745 | lrm: 1.00 | dt: 3995.57ms | tok/sec: 262,434 | bf16_mfu: 47.21 | epoch: 1 | total time: 64.04m | eta: 241.2m
step 00923/04357 (21.18%) | loss: 2.981233 | lrm: 1.00 | dt: 4005.64ms | tok/sec: 261,774 | bf16_mfu: 47.09 | epoch: 1 | total time: 64.10m | eta: 241.1m
step 00924/04357 (21.21%) | loss: 2.968159 | lrm: 1.00 | dt: 3996.35ms | tok/sec: 262,383 | bf16_mfu: 47.20 | epoch: 1 | total time: 64.17m | eta: 241.0m
step 00925/04357 (21.23%) | loss: 2.969743 | lrm: 1.00 | dt: 3994.41ms | tok/sec: 262,510 | bf16_mfu: 47.22 | epoch: 1 | total time: 64.24m | eta: 240.9m
step 00926/04357 (21.25%) | loss: 2.969067 | lrm: 1.00 | dt: 4000.97ms | tok/sec: 262,080 | bf16_mfu: 47.15 | epoch: 1 | total time: 64.30m | eta: 240.9m
step 00927/04357 (21.28%) | loss: 2.971460 | lrm: 1.00 | dt: 3999.60ms | tok/sec: 262,170 | bf16_mfu: 47.16 | epoch: 1 | total time: 64.37m | eta: 240.8m
step 00928/04357 (21.30%) | loss: 2.975095 | lrm: 1.00 | dt: 4009.78ms | tok/sec: 261,504 | bf16_mfu: 47.04 | epoch: 1 | total time: 64.44m | eta: 240.7m
step 00929/04357 (21.32%) | loss: 2.977873 | lrm: 1.00 | dt: 4004.65ms | tok/sec: 261,839 | bf16_mfu: 47.10 | epoch: 1 | total time: 64.50m | eta: 240.6m
step 00930/04357 (21.34%) | loss: 2.971141 | lrm: 1.00 | dt: 3994.27ms | tok/sec: 262,520 | bf16_mfu: 47.23 | epoch: 1 | total time: 64.57m | eta: 240.5m
step 00931/04357 (21.37%) | loss: 2.969366 | lrm: 1.00 | dt: 4003.41ms | tok/sec: 261,920 | bf16_mfu: 47.12 | epoch: 1 | total time: 64.64m | eta: 240.4m
step 00932/04357 (21.39%) | loss: 2.977032 | lrm: 1.00 | dt: 4000.40ms | tok/sec: 262,118 | bf16_mfu: 47.15 | epoch: 1 | total time: 64.70m | eta: 240.4m
step 00933/04357 (21.41%) | loss: 2.987665 | lrm: 1.00 | dt: 3994.29ms | tok/sec: 262,518 | bf16_mfu: 47.22 | epoch: 1 | total time: 64.77m | eta: 240.3m
step 00934/04357 (21.44%) | loss: 2.987153 | lrm: 1.00 | dt: 4002.01ms | tok/sec: 262,012 | bf16_mfu: 47.13 | epoch: 1 | total time: 64.84m | eta: 240.2m
step 00935/04357 (21.46%) | loss: 2.986842 | lrm: 1.00 | dt: 4004.97ms | tok/sec: 261,818 | bf16_mfu: 47.10 | epoch: 1 | total time: 64.90m | eta: 240.1m
step 00936/04357 (21.48%) | loss: 2.973992 | lrm: 1.00 | dt: 4003.06ms | tok/sec: 261,943 | bf16_mfu: 47.12 | epoch: 1 | total time: 64.97m | eta: 240.0m
step 00937/04357 (21.51%) | loss: 2.974783 | lrm: 1.00 | dt: 4004.94ms | tok/sec: 261,820 | bf16_mfu: 47.10 | epoch: 1 | total time: 65.04m | eta: 239.9m
step 00938/04357 (21.53%) | loss: 2.982074 | lrm: 1.00 | dt: 4005.79ms | tok/sec: 261,764 | bf16_mfu: 47.09 | epoch: 1 | total time: 65.10m | eta: 239.9m
step 00939/04357 (21.55%) | loss: 2.978331 | lrm: 1.00 | dt: 3995.88ms | tok/sec: 262,414 | bf16_mfu: 47.21 | epoch: 1 | total time: 65.17m | eta: 239.8m
step 00940/04357 (21.57%) | loss: 2.973864 | lrm: 1.00 | dt: 4000.20ms | tok/sec: 262,131 | bf16_mfu: 47.16 | epoch: 1 | total time: 65.24m | eta: 239.7m
step 00941/04357 (21.60%) | loss: 2.969067 | lrm: 1.00 | dt: 4002.57ms | tok/sec: 261,975 | bf16_mfu: 47.13 | epoch: 1 | total time: 65.30m | eta: 239.6m
step 00942/04357 (21.62%) | loss: 2.963760 | lrm: 1.00 | dt: 3994.60ms | tok/sec: 262,498 | bf16_mfu: 47.22 | epoch: 1 | total time: 65.37m | eta: 239.5m
step 00943/04357 (21.64%) | loss: 2.947039 | lrm: 1.00 | dt: 4004.16ms | tok/sec: 261,871 | bf16_mfu: 47.11 | epoch: 1 | total time: 65.44m | eta: 239.4m
step 00944/04357 (21.67%) | loss: 2.947531 | lrm: 1.00 | dt: 4006.85ms | tok/sec: 261,696 | bf16_mfu: 47.08 | epoch: 1 | total time: 65.50m | eta: 239.4m
step 00945/04357 (21.69%) | loss: 2.951564 | lrm: 1.00 | dt: 3999.04ms | tok/sec: 262,207 | bf16_mfu: 47.17 | epoch: 1 | total time: 65.57m | eta: 239.3m
step 00946/04357 (21.71%) | loss: 2.950494 | lrm: 1.00 | dt: 3992.50ms | tok/sec: 262,636 | bf16_mfu: 47.25 | epoch: 1 | total time: 65.64m | eta: 239.2m
step 00947/04357 (21.74%) | loss: 2.952809 | lrm: 1.00 | dt: 4000.73ms | tok/sec: 262,096 | bf16_mfu: 47.15 | epoch: 1 | total time: 65.70m | eta: 239.1m
step 00948/04357 (21.76%) | loss: 2.968127 | lrm: 1.00 | dt: 3996.75ms | tok/sec: 262,356 | bf16_mfu: 47.20 | epoch: 1 | total time: 65.77m | eta: 239.0m
step 00949/04357 (21.78%) | loss: 2.958919 | lrm: 1.00 | dt: 4004.04ms | tok/sec: 261,879 | bf16_mfu: 47.11 | epoch: 1 | total time: 65.84m | eta: 238.9m
step 00950/04357 (21.80%) | loss: 2.960845 | lrm: 1.00 | dt: 11265.99ms | tok/sec: 93,074 | bf16_mfu: 16.74 | epoch: 1 | total time: 66.02m | eta: 239.3m
step 00951/04357 (21.83%) | loss: 2.969715 | lrm: 1.00 | dt: 3928.73ms | tok/sec: 266,899 | bf16_mfu: 48.01 | epoch: 1 | total time: 66.09m | eta: 239.2m
step 00952/04357 (21.85%) | loss: 2.960336 | lrm: 1.00 | dt: 3965.22ms | tok/sec: 264,443 | bf16_mfu: 47.57 | epoch: 1 | total time: 66.16m | eta: 239.1m
step 00953/04357 (21.87%) | loss: 2.960191 | lrm: 1.00 | dt: 3973.72ms | tok/sec: 263,877 | bf16_mfu: 47.47 | epoch: 1 | total time: 66.22m | eta: 239.0m
step 00954/04357 (21.90%) | loss: 2.953428 | lrm: 1.00 | dt: 3974.77ms | tok/sec: 263,807 | bf16_mfu: 47.46 | epoch: 1 | total time: 66.29m | eta: 239.0m
step 00955/04357 (21.92%) | loss: 2.954889 | lrm: 1.00 | dt: 3977.08ms | tok/sec: 263,654 | bf16_mfu: 47.43 | epoch: 1 | total time: 66.35m | eta: 238.9m
step 00956/04357 (21.94%) | loss: 2.952252 | lrm: 1.00 | dt: 3981.32ms | tok/sec: 263,374 | bf16_mfu: 47.38 | epoch: 1 | total time: 66.42m | eta: 238.8m
step 00957/04357 (21.96%) | loss: 2.945937 | lrm: 1.00 | dt: 3983.09ms | tok/sec: 263,257 | bf16_mfu: 47.36 | epoch: 1 | total time: 66.49m | eta: 238.7m
step 00958/04357 (21.99%) | loss: 2.957932 | lrm: 1.00 | dt: 3987.13ms | tok/sec: 262,989 | bf16_mfu: 47.31 | epoch: 1 | total time: 66.55m | eta: 238.6m
step 00959/04357 (22.01%) | loss: 2.952949 | lrm: 1.00 | dt: 3991.73ms | tok/sec: 262,687 | bf16_mfu: 47.26 | epoch: 1 | total time: 66.62m | eta: 238.5m
step 00960/04357 (22.03%) | loss: 2.966656 | lrm: 1.00 | dt: 3983.89ms | tok/sec: 263,203 | bf16_mfu: 47.35 | epoch: 1 | total time: 66.69m | eta: 238.5m
step 00961/04357 (22.06%) | loss: 2.964227 | lrm: 1.00 | dt: 3998.67ms | tok/sec: 262,231 | bf16_mfu: 47.17 | epoch: 1 | total time: 66.75m | eta: 238.4m
step 00962/04357 (22.08%) | loss: 2.961598 | lrm: 1.00 | dt: 4003.80ms | tok/sec: 261,895 | bf16_mfu: 47.11 | epoch: 1 | total time: 66.82m | eta: 238.3m
step 00963/04357 (22.10%) | loss: 2.951281 | lrm: 1.00 | dt: 4000.04ms | tok/sec: 262,141 | bf16_mfu: 47.16 | epoch: 1 | total time: 66.89m | eta: 238.2m
step 00964/04357 (22.13%) | loss: 2.958248 | lrm: 1.00 | dt: 3998.91ms | tok/sec: 262,215 | bf16_mfu: 47.17 | epoch: 1 | total time: 66.95m | eta: 238.1m
step 00965/04357 (22.15%) | loss: 2.964406 | lrm: 1.00 | dt: 3991.43ms | tok/sec: 262,706 | bf16_mfu: 47.26 | epoch: 1 | total time: 67.02m | eta: 238.0m
step 00966/04357 (22.17%) | loss: 2.963763 | lrm: 1.00 | dt: 4008.24ms | tok/sec: 261,605 | bf16_mfu: 47.06 | epoch: 1 | total time: 67.09m | eta: 238.0m
step 00967/04357 (22.19%) | loss: 2.949745 | lrm: 1.00 | dt: 3995.32ms | tok/sec: 262,450 | bf16_mfu: 47.21 | epoch: 1 | total time: 67.15m | eta: 237.9m
step 00968/04357 (22.22%) | loss: 2.968716 | lrm: 1.00 | dt: 3997.70ms | tok/sec: 262,294 | bf16_mfu: 47.18 | epoch: 1 | total time: 67.22m | eta: 237.8m
step 00969/04357 (22.24%) | loss: 2.966543 | lrm: 1.00 | dt: 3996.23ms | tok/sec: 262,391 | bf16_mfu: 47.20 | epoch: 1 | total time: 67.29m | eta: 237.7m
step 00970/04357 (22.26%) | loss: 2.971832 | lrm: 1.00 | dt: 4001.04ms | tok/sec: 262,076 | bf16_mfu: 47.15 | epoch: 1 | total time: 67.35m | eta: 237.6m
step 00971/04357 (22.29%) | loss: 2.975385 | lrm: 1.00 | dt: 4006.56ms | tok/sec: 261,714 | bf16_mfu: 47.08 | epoch: 1 | total time: 67.42m | eta: 237.5m
step 00972/04357 (22.31%) | loss: 2.966860 | lrm: 1.00 | dt: 4014.27ms | tok/sec: 261,212 | bf16_mfu: 46.99 | epoch: 1 | total time: 67.49m | eta: 237.5m
step 00973/04357 (22.33%) | loss: 2.962217 | lrm: 1.00 | dt: 4011.34ms | tok/sec: 261,402 | bf16_mfu: 47.02 | epoch: 1 | total time: 67.55m | eta: 237.4m
step 00974/04357 (22.35%) | loss: 2.961204 | lrm: 1.00 | dt: 4006.14ms | tok/sec: 261,742 | bf16_mfu: 47.09 | epoch: 1 | total time: 67.62m | eta: 237.3m
step 00975/04357 (22.38%) | loss: 2.965107 | lrm: 1.00 | dt: 4000.03ms | tok/sec: 262,141 | bf16_mfu: 47.16 | epoch: 1 | total time: 67.69m | eta: 237.2m
step 00976/04357 (22.40%) | loss: 2.951846 | lrm: 1.00 | dt: 4006.97ms | tok/sec: 261,688 | bf16_mfu: 47.08 | epoch: 1 | total time: 67.75m | eta: 237.1m
step 00977/04357 (22.42%) | loss: 2.960958 | lrm: 1.00 | dt: 4002.62ms | tok/sec: 261,972 | bf16_mfu: 47.13 | epoch: 1 | total time: 67.82m | eta: 237.1m
step 00978/04357 (22.45%) | loss: 2.962742 | lrm: 1.00 | dt: 4014.01ms | tok/sec: 261,229 | bf16_mfu: 46.99 | epoch: 1 | total time: 67.89m | eta: 237.0m
step 00979/04357 (22.47%) | loss: 2.945981 | lrm: 1.00 | dt: 4011.07ms | tok/sec: 261,420 | bf16_mfu: 47.03 | epoch: 1 | total time: 67.95m | eta: 236.9m
step 00980/04357 (22.49%) | loss: 2.952745 | lrm: 1.00 | dt: 3999.32ms | tok/sec: 262,188 | bf16_mfu: 47.17 | epoch: 1 | total time: 68.02m | eta: 236.8m
step 00981/04357 (22.52%) | loss: 2.966021 | lrm: 1.00 | dt: 4009.73ms | tok/sec: 261,507 | bf16_mfu: 47.04 | epoch: 1 | total time: 68.09m | eta: 236.7m
step 00982/04357 (22.54%) | loss: 2.973649 | lrm: 1.00 | dt: 4021.97ms | tok/sec: 260,712 | bf16_mfu: 46.90 | epoch: 1 | total time: 68.15m | eta: 236.6m
step 00983/04357 (22.56%) | loss: 2.969002 | lrm: 1.00 | dt: 3995.45ms | tok/sec: 262,442 | bf16_mfu: 47.21 | epoch: 1 | total time: 68.22m | eta: 236.6m
step 00984/04357 (22.58%) | loss: 2.969531 | lrm: 1.00 | dt: 4015.01ms | tok/sec: 261,163 | bf16_mfu: 46.98 | epoch: 1 | total time: 68.29m | eta: 236.5m
step 00985/04357 (22.61%) | loss: 2.971400 | lrm: 1.00 | dt: 4012.87ms | tok/sec: 261,303 | bf16_mfu: 47.01 | epoch: 1 | total time: 68.35m | eta: 236.4m
step 00986/04357 (22.63%) | loss: 2.983432 | lrm: 1.00 | dt: 4009.00ms | tok/sec: 261,555 | bf16_mfu: 47.05 | epoch: 1 | total time: 68.42m | eta: 236.3m
step 00987/04357 (22.65%) | loss: 2.973254 | lrm: 1.00 | dt: 4013.87ms | tok/sec: 261,238 | bf16_mfu: 46.99 | epoch: 1 | total time: 68.49m | eta: 236.2m
step 00988/04357 (22.68%) | loss: 2.967267 | lrm: 1.00 | dt: 4011.59ms | tok/sec: 261,386 | bf16_mfu: 47.02 | epoch: 1 | total time: 68.56m | eta: 236.2m
step 00989/04357 (22.70%) | loss: 2.966431 | lrm: 1.00 | dt: 4005.77ms | tok/sec: 261,766 | bf16_mfu: 47.09 | epoch: 1 | total time: 68.62m | eta: 236.1m
step 00990/04357 (22.72%) | loss: 2.958281 | lrm: 1.00 | dt: 4017.86ms | tok/sec: 260,979 | bf16_mfu: 46.95 | epoch: 1 | total time: 68.69m | eta: 236.0m
step 00991/04357 (22.75%) | loss: 2.967251 | lrm: 1.00 | dt: 4003.55ms | tok/sec: 261,911 | bf16_mfu: 47.12 | epoch: 1 | total time: 68.76m | eta: 235.9m
step 00992/04357 (22.77%) | loss: 2.960540 | lrm: 1.00 | dt: 4000.64ms | tok/sec: 262,102 | bf16_mfu: 47.15 | epoch: 1 | total time: 68.82m | eta: 235.8m
step 00993/04357 (22.79%) | loss: 2.965102 | lrm: 1.00 | dt: 4010.89ms | tok/sec: 261,432 | bf16_mfu: 47.03 | epoch: 1 | total time: 68.89m | eta: 235.8m
step 00994/04357 (22.81%) | loss: 2.963059 | lrm: 1.00 | dt: 4032.35ms | tok/sec: 260,040 | bf16_mfu: 46.78 | epoch: 1 | total time: 68.96m | eta: 235.7m
step 00995/04357 (22.84%) | loss: 2.947006 | lrm: 1.00 | dt: 4017.97ms | tok/sec: 260,971 | bf16_mfu: 46.95 | epoch: 1 | total time: 69.02m | eta: 235.6m
step 00996/04357 (22.86%) | loss: 2.949233 | lrm: 1.00 | dt: 4004.67ms | tok/sec: 261,837 | bf16_mfu: 47.10 | epoch: 1 | total time: 69.09m | eta: 235.5m
step 00997/04357 (22.88%) | loss: 2.939702 | lrm: 1.00 | dt: 4007.11ms | tok/sec: 261,678 | bf16_mfu: 47.07 | epoch: 1 | total time: 69.16m | eta: 235.4m
step 00998/04357 (22.91%) | loss: 2.940766 | lrm: 1.00 | dt: 3998.30ms | tok/sec: 262,255 | bf16_mfu: 47.18 | epoch: 1 | total time: 69.22m | eta: 235.3m
step 00999/04357 (22.93%) | loss: 2.949003 | lrm: 1.00 | dt: 3995.89ms | tok/sec: 262,413 | bf16_mfu: 47.21 | epoch: 1 | total time: 69.29m | eta: 235.3m
Step 01000 | Validation bpb: 0.903896
step 01000/04357 (22.95%) | loss: 2.943089 | lrm: 1.00 | dt: 22789.46ms | tok/sec: 46,011 | bf16_mfu: 8.28 | epoch: 1 | total time: 69.67m | eta: 236.2m
step 01001/04357 (22.97%) | loss: 2.954785 | lrm: 1.00 | dt: 3883.90ms | tok/sec: 269,979 | bf16_mfu: 48.57 | epoch: 1 | total time: 69.73m | eta: 236.2m
step 01002/04357 (23.00%) | loss: 2.947503 | lrm: 1.00 | dt: 3906.57ms | tok/sec: 268,413 | bf16_mfu: 48.29 | epoch: 1 | total time: 69.80m | eta: 236.1m
step 01003/04357 (23.02%) | loss: 2.949660 | lrm: 1.00 | dt: 3914.28ms | tok/sec: 267,884 | bf16_mfu: 48.19 | epoch: 1 | total time: 69.87m | eta: 236.0m
step 01004/04357 (23.04%) | loss: 2.951128 | lrm: 1.00 | dt: 3917.87ms | tok/sec: 267,639 | bf16_mfu: 48.15 | epoch: 1 | total time: 69.93m | eta: 235.9m
step 01005/04357 (23.07%) | loss: 2.949179 | lrm: 1.00 | dt: 3924.32ms | tok/sec: 267,199 | bf16_mfu: 48.07 | epoch: 1 | total time: 70.00m | eta: 235.8m
step 01006/04357 (23.09%) | loss: 2.943661 | lrm: 1.00 | dt: 3939.78ms | tok/sec: 266,150 | bf16_mfu: 47.88 | epoch: 1 | total time: 70.06m | eta: 235.7m
step 01007/04357 (23.11%) | loss: 2.933008 | lrm: 1.00 | dt: 3935.90ms | tok/sec: 266,413 | bf16_mfu: 47.93 | epoch: 1 | total time: 70.13m | eta: 235.6m
step 01008/04357 (23.14%) | loss: 2.931624 | lrm: 1.00 | dt: 3948.35ms | tok/sec: 265,573 | bf16_mfu: 47.77 | epoch: 1 | total time: 70.19m | eta: 235.5m
step 01009/04357 (23.16%) | loss: 2.933832 | lrm: 1.00 | dt: 3951.63ms | tok/sec: 265,352 | bf16_mfu: 47.73 | epoch: 1 | total time: 70.26m | eta: 235.5m
step 01010/04357 (23.18%) | loss: 2.934412 | lrm: 1.00 | dt: 3949.24ms | tok/sec: 265,513 | bf16_mfu: 47.76 | epoch: 1 | total time: 70.32m | eta: 235.4m
step 01011/04357 (23.20%) | loss: 2.934690 | lrm: 1.00 | dt: 3970.20ms | tok/sec: 264,111 | bf16_mfu: 47.51 | epoch: 1 | total time: 70.39m | eta: 235.3m
step 01012/04357 (23.23%) | loss: 2.934885 | lrm: 1.00 | dt: 3962.63ms | tok/sec: 264,616 | bf16_mfu: 47.60 | epoch: 1 | total time: 70.46m | eta: 235.2m
step 01013/04357 (23.25%) | loss: 2.946438 | lrm: 1.00 | dt: 3969.74ms | tok/sec: 264,142 | bf16_mfu: 47.52 | epoch: 1 | total time: 70.52m | eta: 235.1m
step 01014/04357 (23.27%) | loss: 2.949706 | lrm: 1.00 | dt: 3959.62ms | tok/sec: 264,817 | bf16_mfu: 47.64 | epoch: 1 | total time: 70.59m | eta: 235.0m
step 01015/04357 (23.30%) | loss: 2.942287 | lrm: 1.00 | dt: 3974.40ms | tok/sec: 263,832 | bf16_mfu: 47.46 | epoch: 1 | total time: 70.66m | eta: 235.0m
step 01016/04357 (23.32%) | loss: 2.951585 | lrm: 1.00 | dt: 3973.29ms | tok/sec: 263,906 | bf16_mfu: 47.47 | epoch: 1 | total time: 70.72m | eta: 234.9m
step 01017/04357 (23.34%) | loss: 2.957637 | lrm: 1.00 | dt: 3972.62ms | tok/sec: 263,950 | bf16_mfu: 47.48 | epoch: 1 | total time: 70.79m | eta: 234.8m
step 01018/04357 (23.36%) | loss: 2.959450 | lrm: 1.00 | dt: 3977.34ms | tok/sec: 263,637 | bf16_mfu: 47.43 | epoch: 1 | total time: 70.85m | eta: 234.7m
step 01019/04357 (23.39%) | loss: 2.958303 | lrm: 1.00 | dt: 3982.71ms | tok/sec: 263,281 | bf16_mfu: 47.36 | epoch: 1 | total time: 70.92m | eta: 234.6m
step 01020/04357 (23.41%) | loss: 2.965633 | lrm: 1.00 | dt: 3997.79ms | tok/sec: 262,289 | bf16_mfu: 47.18 | epoch: 1 | total time: 70.99m | eta: 234.5m
step 01021/04357 (23.43%) | loss: 2.976187 | lrm: 1.00 | dt: 3989.57ms | tok/sec: 262,829 | bf16_mfu: 47.28 | epoch: 1 | total time: 71.05m | eta: 234.5m
step 01022/04357 (23.46%) | loss: 2.977377 | lrm: 1.00 | dt: 3979.78ms | tok/sec: 263,476 | bf16_mfu: 47.40 | epoch: 1 | total time: 71.12m | eta: 234.4m
step 01023/04357 (23.48%) | loss: 2.972501 | lrm: 1.00 | dt: 3990.27ms | tok/sec: 262,783 | bf16_mfu: 47.27 | epoch: 1 | total time: 71.19m | eta: 234.3m
step 01024/04357 (23.50%) | loss: 2.973177 | lrm: 1.00 | dt: 3992.53ms | tok/sec: 262,634 | bf16_mfu: 47.25 | epoch: 1 | total time: 71.25m | eta: 234.2m
step 01025/04357 (23.53%) | loss: 2.973582 | lrm: 1.00 | dt: 3994.04ms | tok/sec: 262,535 | bf16_mfu: 47.23 | epoch: 1 | total time: 71.32m | eta: 234.1m
step 01026/04357 (23.55%) | loss: 2.968408 | lrm: 1.00 | dt: 3986.92ms | tok/sec: 263,004 | bf16_mfu: 47.31 | epoch: 1 | total time: 71.39m | eta: 234.0m
step 01027/04357 (23.57%) | loss: 2.963926 | lrm: 1.00 | dt: 3998.05ms | tok/sec: 262,271 | bf16_mfu: 47.18 | epoch: 1 | total time: 71.45m | eta: 234.0m
step 01028/04357 (23.59%) | loss: 2.963337 | lrm: 1.00 | dt: 3996.44ms | tok/sec: 262,377 | bf16_mfu: 47.20 | epoch: 1 | total time: 71.52m | eta: 233.9m
step 01029/04357 (23.62%) | loss: 2.945012 | lrm: 1.00 | dt: 3990.16ms | tok/sec: 262,790 | bf16_mfu: 47.27 | epoch: 1 | total time: 71.59m | eta: 233.8m
step 01030/04357 (23.64%) | loss: 2.941333 | lrm: 1.00 | dt: 3994.07ms | tok/sec: 262,533 | bf16_mfu: 47.23 | epoch: 1 | total time: 71.65m | eta: 233.7m
step 01031/04357 (23.66%) | loss: 2.947334 | lrm: 1.00 | dt: 3991.65ms | tok/sec: 262,692 | bf16_mfu: 47.26 | epoch: 1 | total time: 71.72m | eta: 233.6m
step 01032/04357 (23.69%) | loss: 2.943610 | lrm: 1.00 | dt: 3993.68ms | tok/sec: 262,558 | bf16_mfu: 47.23 | epoch: 1 | total time: 71.79m | eta: 233.5m
step 01033/04357 (23.71%) | loss: 2.941326 | lrm: 1.00 | dt: 4001.92ms | tok/sec: 262,018 | bf16_mfu: 47.13 | epoch: 1 | total time: 71.85m | eta: 233.5m
step 01034/04357 (23.73%) | loss: 2.935964 | lrm: 1.00 | dt: 3984.66ms | tok/sec: 263,153 | bf16_mfu: 47.34 | epoch: 1 | total time: 71.92m | eta: 233.4m
step 01035/04357 (23.75%) | loss: 2.933378 | lrm: 1.00 | dt: 4004.80ms | tok/sec: 261,829 | bf16_mfu: 47.10 | epoch: 1 | total time: 71.99m | eta: 233.3m
